version_group_id,language_id,ability_id,name,description
17,1,1,あくしゅう,くさくて　あいてが\nひるむ　ことがある。
17,1,2,あめふらし,せんとうに　でると\nあめを　ふらす。
17,1,3,かそく,ちょっとずつ\nすばやく　なっていく。
17,1,4,カブトアーマー,あいての　こうげきが\nきゅうしょに　あたらない。
17,1,5,がんじょう,いちげきで\nたおされない。
17,1,6,しめりけ,だれも　ばくはつが\nできなくなる。
17,1,7,じゅうなん,まひ　じょうたいに\nならない。
17,1,8,すながくれ,すなあらしで\nかいひりつが　あがる。
17,1,9,せいでんき,さわった　あいてを\nまひさせる　ことがある。
17,1,10,ちくでん,でんきを　うけると\nかいふくする。
17,1,11,ちょすい,みずを　うけると\nかいふくする。
17,1,12,どんかん,メロメロや　ちょうはつ\nじょうたいに　ならない。
17,1,13,ノーてんき,てんきの　えいきょうが\nなくなる。
17,1,14,ふくがん,わざの　めいちゅうりつが\nあがる。
17,1,15,ふみん,ねむり　じょうたいに\nならない。
17,1,16,へんしょく,うけた　わざの　タイプに\nへんかする。
17,1,17,めんえき,どく　じょうたいに\nならない。
17,1,18,もらいび,ほのおを　うけると\nほのおわざが　つよくなる。
17,1,19,りんぷん,わざの　ついかこうかを\nうけない。
17,1,20,マイペース,こんらん　じょうたいに\nならない。
17,1,21,きゅうばん,いれかえさせる　わざや\nどうぐが　きかない。
17,1,22,いかく,あいての　こうげきを\nさげる。
17,1,23,かげふみ,あいての　かげをふみ\nにげられなくする。
17,1,24,さめはだ,ふれた　あいてを\nキズつける。
17,1,25,ふしぎなまもり,こうかばつぐん　しか\nあたらない。
17,1,26,ふゆう,じめんタイプの　わざを\nうけない。
17,1,27,ほうし,ふれると　どく　まひ\nねむりに　することがある。
17,1,28,シンクロ,どく　まひ　やけどを\nあいてに　うつす。
17,1,29,クリアボディ,あいてに　のうりょくを\nさげられない。
17,1,30,しぜんかいふく,じょうたい　いじょうが\nひっこむと　なおる。
17,1,31,ひらいしん,でんきを　よびこんで\nとくこうを　あげる。
17,1,32,てんのめぐみ,わざの　ついかこうかが\nでやすい。
17,1,33,すいすい,あめのとき　すばやさが\nあがる。
17,1,34,ようりょくそ,はれのとき　すばやさが\nあがる。
17,1,35,はっこう,やせいの　ポケモンに\nそうぐう　しやすくなる。
17,1,36,トレース,あいてと　おなじ\nとくせいに　なる。
17,1,37,ちからもち,ぶつり　こうげきの\nいりょくが　あがる。
17,1,38,どくのトゲ,ふれた　あいてに　どくを\nおわせる　ことがある。
17,1,39,せいしんりょく,ひるまない。\n
17,1,40,マグマのよろい,こおり　じょうたいに\nならない。
17,1,41,みずのベール,やけど　じょうたいに\nならない。
17,1,42,じりょく,はがねの　ポケモンを\nにげられなくする。
17,1,43,ぼうおん,おとの　わざを\nうけない。
17,1,44,あめうけざら,あめのとき　すこしずつ\nＨＰを　かいふくする。
17,1,45,すなおこし,せんとうで　すなあらしを\nおこす。
17,1,46,プレッシャー,あいての　つかう　わざの\nＰＰを　おおく　へらす。
17,1,47,あついしぼう,ほのおと　こおりタイプの\nわざに　つよい。
17,1,48,はやおき,おきるのが　はやくなる。\n
17,1,49,ほのおのからだ,ふれた　あいてを　やけど\nさせることがある。
17,1,50,にげあし,やせいの　ポケモンから\nかならず　にげられる。
17,1,51,するどいめ,めいちゅうりつを\nさげられない。
17,1,52,かいりきバサミ,あいてに　こうげきを\nさげられない。
17,1,53,ものひろい,どうぐを　ひろってくる\nことが　ある。
17,1,54,なまけ,こうげきが　れんぞくで\nだせない。
17,1,55,はりきり,こうげきは　たかいが\nはずれやすい。
17,1,56,メロメロボディ,ふれると　メロメロに\nすることがある。
17,1,57,プラス,プラスかマイナスがいると\nとくこうが　あがる。
17,1,58,マイナス,プラスかマイナスがいると\nとくこうが　あがる。
17,1,59,てんきや,てんきで　ポワルンが\nへんかする。
17,1,60,ねんちゃく,ねんちゃくして\nどうぐを　まもる。
17,1,61,だっぴ,じょうたい　いじょうを\nなおす　ことがある。
17,1,62,こんじょう,じょうたい　いじょうで\nこうげきが　あがる。
17,1,63,ふしぎなうろこ,じょうたい　いじょうで\nぼうぎょが　あがる。
17,1,64,ヘドロえき,すいとった　あいての\nＨＰを　へらす。
17,1,65,しんりょく,ピンチのとき　くさの\nいりょくが　あがる。
17,1,66,もうか,ピンチのとき　ほのおの\nいりょくが　あがる。
17,1,67,げきりゅう,ピンチのとき　みずの\nいりょくが　あがる。
17,1,68,むしのしらせ,ピンチのとき　むしの\nいりょくが　あがる。
17,1,69,いしあたま,ぶつかっても\nはんどうを　うけない。
17,1,70,ひでり,せんとうに　でると\nひざしが　つよくなる。
17,1,71,ありじごく,せんとうで　あいてを\nにげられなくする。
17,1,72,やるき,ねむり　じょうたいに\nならない。
17,1,73,しろいけむり,あいてに　のうりょくを\nさげられない。
17,1,74,ヨガパワー,ぶつり　こうげきの\nいりょくが　あがる。
17,1,75,シェルアーマー,あいての　こうげきが\nきゅうしょに　あたらない。
17,1,76,エアロック,てんきの　えいきょうが\nなくなる。
17,1,77,ちどりあし,こんらん　していると\nかいひ　しやすくなる。
17,1,78,でんきエンジン,でんきを　うけると\nすばやさが　あがる。
17,1,79,とうそうしん,あいてと　せいべつが\nおなじだと　つよくなる。
17,1,80,ふくつのこころ,ひるむ　たびに\nすばやさが　あがる。
17,1,81,ゆきがくれ,てんきが　あられのとき\nかいひりつが　あがる。
17,1,82,くいしんぼう,きのみを　いつもより\nはやく　つかう。
17,1,83,いかりのつぼ,きゅうしょに　うけると\nこうげきが　あがる。
17,1,84,かるわざ,どうぐが　なくなると\nすばやさが　あがる。
17,1,85,たいねつ,ほのお　わざの\nいりょくを　よわめる。
17,1,86,たんじゅん,のうりょく　へんかが\nいつもより　はげしい。
17,1,87,かんそうはだ,あついと　ＨＰが　へる。\nみずで　ＨＰを　かいふく。
17,1,88,ダウンロード,あいての　のうりょくを\nみて　つよさを　かえる。
17,1,89,てつのこぶし,パンチを　つかう　わざの\nいりょくが　あがる。
17,1,90,ポイズンヒール,どくじょうたいに　なると\nＨＰを　かいふくする。
17,1,91,てきおうりょく,タイプが　おなじ　わざの\nいりょくが　あがる。
17,1,92,スキルリンク,れんぞく　わざを\nたくさん　だせる。
17,1,93,うるおいボディ,じょうたい　いじょうが\nあめの　とき　なおる。
17,1,94,サンパワー,はれると　ＨＰが　へるが\nとくこうが　あがる。
17,1,95,はやあし,じょうたい　いじょうで\nすばやさが　あがる。
17,1,96,ノーマルスキン,だしたわざが　すべて\nノーマルタイプに　なる。
17,1,97,スナイパー,きゅうしょに　あてたとき\nいりょくが　あがる。
17,1,98,マジックガード,こうげき　いがいでは\nダメージを　うけない。
17,1,99,ノーガード,おたがいの　わざが\nかならず　あたる。
17,1,100,あとだし,あいてより　すばやくても\nこうどうが　おそくなる。
17,1,101,テクニシャン,よわい　わざの\nいりょくが　あがる。
17,1,102,リーフガード,じょうたい　いじょうに\nはれのとき　ならない。
17,1,103,ぶきよう,もっている　どうぐを\nつかうことが　できない。
17,1,104,かたやぶり,とくせいに　かんけいなく\nあいてに　わざを　だせる。
17,1,105,きょううん,あいての　きゅうしょに\nこうげきが　あたりやすい。
17,1,106,ゆうばく,ひんしの　ときに　ふれた\nあいてに　ダメージ。
17,1,107,きけんよち,あいての　もつ　きけんな\nわざを　さっちする。
17,1,108,よちむ,あいての　もつ　わざを\nよみとることが　できる。
17,1,109,てんねん,あいての　のうりょくの\nへんかを　むしする。
17,1,110,いろめがね,こうかいまひとつ　のとき\nわざを　つよめる。
17,1,111,フィルター,こうかばつぐん　のとき\nいりょくを　よわめる。
17,1,112,スロースタート,こうげきと　すばやさが\nしばらく　はんぶんになる。
17,1,113,きもったま,ゴーストタイプに\nノーマルわざが　あたる。
17,1,114,よびみず,みずを　よびこんで\nとくこうを　あげる。
17,1,115,アイスボディ,あられのとき　HPを\nすこしずつ　かいふく。
17,1,116,ハードロック,こうかばつぐん　のとき\nいりょくを　よわめる。
17,1,117,ゆきふらし,せんとうに　でると\nあられを　ふらす。
17,1,118,みつあつめ,あまいミツを　あつめて\nくることが　ある。
17,1,119,おみとおし,あいての　もちものを\nしることが　できる。
17,1,120,すてみ,はんどうで　ダメージを\nうけるわざが　つよくなる。
17,1,121,マルチタイプ,もっている　プレートで\nタイプが　かわる。
17,1,122,フラワーギフト,はれのとき　じぶんと\nみかたが　つよくなる。
17,1,123,ナイトメア,ねむっている　あいての\nＨＰを　へらす。
17,1,124,わるいてぐせ,さわられた　あいてから\nどうぐを　ぬすむ。
17,1,125,ちからずく,ちからが　つよくなるが\nついかこうかが　なくなる。
17,1,126,あまのじゃく,のうりょくの　へんかが\nぎゃくてんする。
17,1,127,きんちょうかん,あいてを　きんちょうさせ\nきのみを　たべさせない。
17,1,128,まけんき,のうりょくが　さがると\nこうげきが　あがる。
17,1,129,よわき,ＨＰが　はんぶんになると\nのうりょくが　さがる。
17,1,130,のろわれボディ,こうげきされると　たまに\nかなしばりにする。
17,1,131,いやしのこころ,じょうたい　いじょうの\nみかたを　たまに　なおす。
17,1,132,フレンドガード,みかたの　ダメージを\nへらすことができる。
17,1,133,くだけるよろい,ぶつりわざで　ぼうぎょが\nさがり　すばやさがあがる。
17,1,134,ヘヴィメタル,じぶんの　おもさが\n２ばいに　なる。
17,1,135,ライトメタル,じぶんの　おもさが\nはんぶんに　なる。
17,1,136,マルチスケイル,ＨＰが　まんたんのときに\nダメージが　すくなくなる。
17,1,137,どくぼうそう,どくのとき　ぶつりの\nいりょくが　あがる。
17,1,138,ねつぼうそう,やけどのとき　とくしゅの\nいりょくが　あがる。
17,1,139,しゅうかく,つかった　きのみを\nなんかいも　つくりだす。
17,1,140,テレパシー,みかたの　こうげきを\nよみとって　うけない。
17,1,141,ムラっけ,のうりょくが　あがったり\nさがったりする。
17,1,142,ぼうじん,ちりや　こなを\nふせぐ。
17,1,143,どくしゅ,さわるだけで　あいてを\nどくにすることがある。
17,1,144,さいせいりょく,ひっこめると ＨＰが\nすこし　かいふくする。
17,1,145,はとむね,ぼうぎょを　さげる\nこうげきを　うけない。
17,1,146,すなかき,すなあらしで\nすばやさが　あがる。
17,1,147,ミラクルスキン,へんかわざを　うけにくい\nからだに　なっている。
17,1,148,アナライズ,いちばん　さいごに\nわざをだすと　つよくなる。
17,1,149,イリュージョン,うしろの　ポケモンに\nなりきって　でてくる。
17,1,150,かわりもの,めのまえの　ポケモンに\nへんしん　してしまう。
17,1,151,すりぬけ,あいての　かべを\nすりぬけて　こうげき。
17,1,152,ミイラ,あいてに　さわられると\nあいてを　ミイラにする。
17,1,153,じしんかじょう,あいてを　たおすと\nこうげきが　あがる。
17,1,154,せいぎのこころ,あくを　うけると\nこうげきが　あがる。
17,1,155,びびり,びびって　すばやさが\nあがる　タイプがある。
17,1,156,マジックミラー,へんかわざを　かえす\nことが　できる。
17,1,157,そうしょく,くさの　わざを　うけると\nこうげきが　あがる。
17,1,158,いたずらごころ,へんかわざを　せんせいで\nだすことが　できる。
17,1,159,すなのちから,すなあらしで　いりょくが\nあがる　わざがある。
17,1,160,てつのトゲ,ふれた　あいてを\nキズつける。
17,1,161,ダルマモード,ピンチに　なると\nすがたが　へんかする。
17,1,162,しょうりのほし,じぶんや　みかたの\nめいちゅうが　あがる。
17,1,163,ターボブレイズ,とくせいに　かんけいなく\nあいてに　わざを　だせる。
17,1,164,テラボルテージ,とくせいに　かんけいなく\nあいてに　わざを　だせる。
17,1,165,アロマベール,みかたへの　メンタル\nこうげきを　ふせぐ。
17,1,166,フラワーベール,みかたの　くさポケモンは\nのうりょくが　さがらない。
17,1,167,ほおぶくろ,きのみを　たべると\nＨＰも　かいふくする。
17,1,168,へんげんじざい,だした　わざと　おなじ\nタイプに　へんかする。
17,1,169,ファーコート,ぶつりわざの　ダメージが\nはんぶんになる。
17,1,170,マジシャン,わざを　あてた　あいての\nどうぐを　うばってしまう。
17,1,171,ぼうだん,たまや　ばくだんに\nあたらない。
17,1,172,かちき,のうりょくが　さがると\nとくこうが　あがる。
17,1,173,がんじょうあご,あごが　がんじょうで\nかむ　ちからが　つよい。
17,1,174,フリーズスキン,ノーマルタイプの　わざが\nこおりタイプになる。
17,1,175,スイートベール,みかたの　ポケモンは\nねむらなくなる。
17,1,176,バトルスイッチ,せんとうモードで\nすがたが　かわる。
17,1,177,はやてのつばさ,ひこうタイプの　わざが\nせんせいで　だせる。
17,1,178,メガランチャー,はどうの　わざの\nいりょくが　たかい。
17,1,179,くさのけがわ,グラスフィールドのとき\nぼうぎょが　あがる。
17,1,180,きょうせい,みかたに　どうぐを\nわたせるように　なる。
17,1,181,かたいツメ,せっしょくする　わざの\nいりょくが　あがる。
17,1,182,フェアリースキン,ノーマルタイプの　わざが\nフェアリータイプになる。
17,1,183,ぬめぬめ,ふれた　あいての\nすばやさを　さげる。
17,1,184,スカイスキン,ノーマルタイプの　わざが\nひこうタイプになる。
17,1,185,おやこあい,おやこ　２ひきで\nこうげきする。
17,1,186,ダークオーラ,ぜんいんの　あくタイプの\nわざが　つよくなる。
17,1,187,フェアリーオーラ,ぜんいんの　フェアリー\nわざが　つよくなる。
17,1,188,オーラブレイク,オーラの　こうかが\nぎゃくに　なる。
17,2,1,Stench,The stench may cause\nthe target to flinch.
17,2,2,Drizzle,The Pokémon makes it rain\nwhen it enters a battle.
17,2,3,Speed Boost,Its Speed stat is\ngradually boosted.
17,2,4,Battle Armor,Protects the Pokémon\nfrom critical hits.
17,2,5,Sturdy,It cannot be knocked\nout with one hit.
17,2,6,Damp,Prevents the use of\nself-destructing moves.
17,2,7,Limber,Protects the Pokémon\nfrom paralysis.
17,2,8,Sand Veil,Boosts the Pokémon’s\nevasion in a sandstorm.
17,2,9,Static,Contact with the Pokémon\nmay cause paralysis.
17,2,10,Volt Absorb,Restores HP if hit by an\nElectric-type move.
17,2,11,Water Absorb,Restores HP if hit by a\nWater-type move.
17,2,12,Oblivious,Keeps the Pokémon from being\ninfatuated or falling for taunts.
17,2,13,Cloud Nine,Eliminates the effects of\nweather.
17,2,14,Compound Eyes,Boosts the Pokémon’s accuracy.
17,2,15,Insomnia,Prevents the Pokémon\nfrom falling asleep.
17,2,16,Color Change,The Pokémon’s type becomes\nthe type of the move used on it.
17,2,17,Immunity,Prevents the Pokémon\nfrom getting poisoned.
17,2,18,Flash Fire,Powers up the Pokémon’s Fire-\ntype moves if it’s hit by one.
17,2,19,Shield Dust,Blocks the additional effects\nof attacks taken.
17,2,20,Own Tempo,Prevents the Pokémon\nfrom becoming confused.
17,2,21,Suction Cups,Negates all moves and items\nthat force switching out.
17,2,22,Intimidate,Lowers the opposing Pokémon’s\nAttack stat.
17,2,23,Shadow Tag,Prevents opposing Pokémon\nfrom escaping.
17,2,24,Rough Skin,Inflicts damage to the\nattacker on contact.
17,2,25,Wonder Guard,Only supereffective\nmoves will hit.
17,2,26,Levitate,Gives full immunity to all\nGround-type moves.
17,2,27,Effect Spore,Contact may poison or\ncause paralysis or sleep.
17,2,28,Synchronize,"Passes poison, paralyze, or burn\nto the Pokémon that inflicted it."
17,2,29,Clear Body,Prevents other Pokémon\nfrom lowering its stats.
17,2,30,Natural Cure,All status conditions heal when\nthe Pokémon switches out.
17,2,31,Lightning Rod,Draws in all Electric-type moves\nto boost its Sp. Atk stat.
17,2,32,Serene Grace,Boosts the likelihood of\nadditional effects occurring.
17,2,33,Swift Swim,Boosts the Pokémon’s\nSpeed stat in rain.
17,2,34,Chlorophyll,Boosts the Pokémon’s\nSpeed stat in sunshine.
17,2,35,Illuminate,Raises the likelihood of\nmeeting wild Pokémon.
17,2,36,Trace,The Pokémon copies an\nopposing Pokémon’s Ability.
17,2,37,Huge Power,Boosts the Pokémon’s\nAttack stat.
17,2,38,Poison Point,Contact with the Pokémon\nmay poison the attacker.
17,2,39,Inner Focus,Protects the Pokémon\nfrom flinching.
17,2,40,Magma Armor,Prevents the Pokémon\nfrom becoming frozen.
17,2,41,Water Veil,Prevents the Pokémon\nfrom getting a burn.
17,2,42,Magnet Pull,Prevents Steel-type\nPokémon from escaping.
17,2,43,Soundproof,Gives full immunity to all\nsound-based moves.
17,2,44,Rain Dish,The Pokémon gradually\nregains HP in rain.
17,2,45,Sand Stream,The Pokémon summons a\nsandstorm in battle.
17,2,46,Pressure,The Pokémon raises opposing\nPokémon’s PP usage.
17,2,47,Thick Fat,Boosts resistance to Fire-\nand Ice-type moves.
17,2,48,Early Bird,The Pokémon awakens\nquickly from sleep.
17,2,49,Flame Body,Contact with the Pokémon\nmay burn the attacker.
17,2,50,Run Away,Enables a sure getaway\nfrom wild Pokémon.
17,2,51,Keen Eye,Prevents other Pokémon\nfrom lowering accuracy.
17,2,52,Hyper Cutter,Prevents other Pokémon\nfrom lowering its Attack stat.
17,2,53,Pickup,The Pokémon may\npick up items.
17,2,54,Truant,The Pokémon can’t attack\non consecutive turns.
17,2,55,Hustle,"Boosts the Attack stat,\nbut lowers accuracy."
17,2,56,Cute Charm,Contact with the Pokémon\nmay cause infatuation.
17,2,57,Plus,Boosts the Sp. Atk stat if another\nPokémon has Plus or Minus.
17,2,58,Minus,Boosts the Sp. Atk stat if another\nPokémon has Plus or Minus.
17,2,59,Forecast,Castform transforms with\nthe weather.
17,2,60,Sticky Hold,Protects the Pokémon\nfrom item theft.
17,2,61,Shed Skin,The Pokémon may heal its\nown status conditions.
17,2,62,Guts,Boosts the Attack stat if the\nPokémon has a status condition.
17,2,63,Marvel Scale,Boosts the Defense stat if the\nPokémon has a status condition.
17,2,64,Liquid Ooze,Damages attackers\nusing any draining move.
17,2,65,Overgrow,Powers up Grass-type moves\nwhen the Pokémon is in trouble.
17,2,66,Blaze,Powers up Fire-type moves when\nthe Pokémon is in trouble.
17,2,67,Torrent,Powers up Water-type moves\nwhen the Pokémon is in trouble.
17,2,68,Swarm,Powers up Bug-type moves when\nthe Pokémon is in trouble.
17,2,69,Rock Head,Protects the Pokémon\nfrom recoil damage.
17,2,70,Drought,Turns the sunlight harsh when\nthe Pokémon enters a battle.
17,2,71,Arena Trap,Prevents opposing Pokémon\nfrom fleeing.
17,2,72,Vital Spirit,Prevents the Pokémon\nfrom falling asleep.
17,2,73,White Smoke,Prevents other Pokémon\nfrom lowering its stats.
17,2,74,Pure Power,Boosts the Pokémon’s\nAttack stat.
17,2,75,Shell Armor,Protects the Pokémon\nfrom critical hits.
17,2,76,Air Lock,Eliminates the effects of\nweather.
17,2,77,Tangled Feet,Raises evasion if the\nPokémon is confused.
17,2,78,Motor Drive,Boosts the Speed stat when it’s\nhit by an Electric-type move.
17,2,79,Rivalry,Deals more damage to Pokémon\nof the same gender.
17,2,80,Steadfast,Boosts the Speed stat each time\nthe Pokémon flinches.
17,2,81,Snow Cloak,Boosts evasion in a\nhailstorm.
17,2,82,Gluttony,Makes the Pokémon use a held\nBerry earlier than usual.
17,2,83,Anger Point,Maxes the Attack stat after\nthe Pokémon takes a critical hit.
17,2,84,Unburden,Boosts the Speed stat if its\nheld item is used or lost.
17,2,85,Heatproof,Weakens the power of\nFire-type moves.
17,2,86,Simple,The Pokémon is prone to\nwild stat changes.
17,2,87,Dry Skin,Reduces HP if it’s hot.\nWater restores HP.
17,2,88,Download,Adjusts power based on an\nopposing Pokémon’s stats.
17,2,89,Iron Fist,Powers up punching moves.
17,2,90,Poison Heal,Restores HP if the\nPokémon is poisoned.
17,2,91,Adaptability,Powers up moves of the\nsame type as the Pokémon.
17,2,92,Skill Link,Increases the number of times\nmulti-strike moves hit.
17,2,93,Hydration,Heals status conditions if\nit’s raining.
17,2,94,Solar Power,"Boosts the Sp. Atk stat in sunny\nweather, but HP decreases."
17,2,95,Quick Feet,Boosts the Speed stat if the\nPokémon has a status condition.
17,2,96,Normalize,All the Pokémon’s moves\nbecome Normal type.
17,2,97,Sniper,Powers up moves if they\nbecome critical hits.
17,2,98,Magic Guard,The Pokémon only takes\ndamage from attacks.
17,2,99,No Guard,Ensures attacks by or\nagainst the Pokémon land.
17,2,100,Stall,The Pokémon moves after\nall other Pokémon do.
17,2,101,Technician,Powers up the Pokémon’s\nweaker moves.
17,2,102,Leaf Guard,Prevents status conditions\nin sunny weather.
17,2,103,Klutz,The Pokémon can’t use\nany held items.
17,2,104,Mold Breaker,Moves can be used on the target\nregardless of its Abilities.
17,2,105,Super Luck,Boosts the critical-hit\nratios of moves.
17,2,106,Aftermath,Damages the attacker\nlanding the finishing hit.
17,2,107,Anticipation,Senses an opposing Pokémon’s\ndangerous moves.
17,2,108,Forewarn,Determines what moves\nan opposing Pokémon has.
17,2,109,Unaware,Ignores the opposing\nPokémon’s stat changes.
17,2,110,Tinted Lens,Powers up “not very\neffective” moves.
17,2,111,Filter,Reduces damage from\nsupereffective attacks.
17,2,112,Slow Start,Temporarily halves the Pokémon’s\nAttack and Speed stats.
17,2,113,Scrappy,Makes Normal- and Fighting-type\nmoves hit Ghost-type Pokémon.
17,2,114,Storm Drain,Draws in all Water-type moves\nto boost its Sp. Atk stat.
17,2,115,Ice Body,The Pokémon gradually\nregains HP in a hailstorm.
17,2,116,Solid Rock,Reduces damage from\nsupereffective attacks.
17,2,117,Snow Warning,The Pokémon summons a\nhailstorm when it enters a battle.
17,2,118,Honey Gather,The Pokémon may gather\nHoney from somewhere.
17,2,119,Frisk,The Pokémon can check an\nopposing Pokémon’s held item.
17,2,120,Reckless,Powers up moves that\nhave recoil damage.
17,2,121,Multitype,Changes the Pokémon’s type\nto match the Plate it holds.
17,2,122,Flower Gift,Powers up party Pokémon\nwhen it is sunny.
17,2,123,Bad Dreams,Reduces the HP of sleeping\nopposing Pokémon.
17,2,124,Pickpocket,Steals an item from an attacker\nthat made direct contact.
17,2,125,Sheer Force,Removes additional effects to\nincrease move damage.
17,2,126,Contrary,Makes stat changes have\nan opposite effect.
17,2,127,Unnerve,Unnerves opposing Pokémon and\nmakes them unable to eat Berries.
17,2,128,Defiant,Boosts the Pokémon’s Attack stat\nwhen its stats are lowered.
17,2,129,Defeatist,Lowers stats when HP\nbecomes half or less.
17,2,130,Cursed Body,May disable a move used\non the Pokémon.
17,2,131,Healer,Sometimes heals an\nally’s status condition.
17,2,132,Friend Guard,Reduces damage done\nto allies.
17,2,133,Weak Armor,Physical attacks lower its Defense\nstat and raise its Speed stat.
17,2,134,Heavy Metal,Doubles the Pokémon’s weight.
17,2,135,Light Metal,Halves the Pokémon’s weight.
17,2,136,Multiscale,Reduces damage the Pokémon\ntakes when its HP is full.
17,2,137,Toxic Boost,Powers up physical attacks when\nthe Pokémon is poisoned.
17,2,138,Flare Boost,Powers up special attacks when\nthe Pokémon is burned.
17,2,139,Harvest,May create another\nBerry after one is used.
17,2,140,Telepathy,Anticipates an ally’s\nattack and dodges it.
17,2,141,Moody,Raises one stat and\nlowers another.
17,2,142,Overcoat,"Protects the Pokémon from things\nlike sand, hail, and powder."
17,2,143,Poison Touch,May poison a target when the\nPokémon makes contact.
17,2,144,Regenerator,Restores a little HP when\nwithdrawn from battle.
17,2,145,Big Pecks,Protects the Pokémon from\nDefense-lowering attacks.
17,2,146,Sand Rush,Boosts the Pokémon’s\nSpeed stat in a sandstorm.
17,2,147,Wonder Skin,Makes status moves\nmore likely to miss.
17,2,148,Analytic,Boosts move power when the\nPokémon moves after the target.
17,2,149,Illusion,Comes out disguised as the\nPokémon in the party’s last spot.
17,2,150,Imposter,The Pokémon transforms itself\ninto the Pokémon it’s facing.
17,2,151,Infiltrator,Passes through the opposing\nPokémon’s barrier and strikes.
17,2,152,Mummy,Contact with the Pokémon\nspreads this Ability.
17,2,153,Moxie,Boosts the Attack stat after\nknocking out any Pokémon.
17,2,154,Justified,Boosts the Attack stat when\nit’s hit by a Dark-type move.
17,2,155,Rattled,Some move types scare\nit and boost its Speed stat.
17,2,156,Magic Bounce,Reflects status moves.
17,2,157,Sap Sipper,Boosts the Attack stat when hit\nby a Grass-type move.
17,2,158,Prankster,Gives priority to a\nstatus move.
17,2,159,Sand Force,Boosts certain moves’\npower in a sandstorm.
17,2,160,Iron Barbs,Inflicts damage to the\nattacker on contact.
17,2,161,Zen Mode,Changes the Pokémon’s\nshape when HP is half or less.
17,2,162,Victory Star,Boosts the accuracy of its\nallies and itself.
17,2,163,Turboblaze,Moves can be used on the target\nregardless of its Abilities.
17,2,164,Teravolt,Moves can be used on the target\nregardless of its Abilities.
17,2,165,Aroma Veil,Protects allies from attacks that\nlimit their move choices.
17,2,166,Flower Veil,Prevents lowering of ally\nGrass-type Pokémon’s stats.
17,2,167,Cheek Pouch,Restores HP as well when\nthe Pokémon eats a Berry.
17,2,168,Protean,Changes the Pokémon’s type to\nthe type of the move it’s using.
17,2,169,Fur Coat,Halves damage from\nphysical moves.
17,2,170,Magician,The Pokémon steals the held item\nof a Pokémon it hits with a move.
17,2,171,Bulletproof,Protects the Pokémon from\nsome ball and bomb moves.
17,2,172,Competitive,Boosts the Sp. Atk stat when\na stat is lowered.
17,2,173,Strong Jaw,The Pokémon’s strong jaw gives\nit tremendous biting power.
17,2,174,Refrigerate,Normal-type moves become\nIce-type moves.
17,2,175,Sweet Veil,Prevents itself and ally Pokémon\nfrom falling asleep.
17,2,176,Stance Change,The Pokémon changes form\ndepending on how it battles.
17,2,177,Gale Wings,Gives priority to Flying-type\nmoves.
17,2,178,Mega Launcher,Powers up aura and pulse moves.
17,2,179,Grass Pelt,Boosts the Defense stat\nin Grassy Terrain.
17,2,180,Symbiosis,The Pokémon can pass\nan item to an ally.
17,2,181,Tough Claws,Powers up moves that\nmake direct contact.
17,2,182,Pixilate,Normal-type moves become\nFairy-type moves.
17,2,183,Gooey,Contact with the Pokémon\nlowers the attacker’s Speed stat.
17,2,184,Aerilate,Normal-type moves become\nFlying-type moves.
17,2,185,Parental Bond,Parent and child\nattack together.
17,2,186,Dark Aura,Powers up each Pokémon’s\nDark-type moves.
17,2,187,Fairy Aura,Powers up each Pokémon’s\nFairy-type moves.
17,2,188,Aura Break,The effects of “Aura” Abilities\nare reversed.
17,3,1,Puanteur,La puanteur peut effrayer\nl’adversaire.
17,3,2,Crachin,Le Pokémon invoque la pluie\nquand il entre au combat.
17,3,3,Turbo,La Vitesse du Pokémon\naugmente progressivement.
17,3,4,Armurbaston,Le Pokémon est protégé des\ncoups critiques.
17,3,5,Fermeté,Protège des capacités mettant\nK.O. en un coup.
17,3,6,Moiteur,Empêche les combattants de\ns’autodétruire.
17,3,7,Échauffement,Protège le Pokémon de la\nparalysie.
17,3,8,Voile Sable,Augmente l’Esquive lors des\ntempêtes de sable.
17,3,9,Statik,Un contact avec le Pokémon\npeut paralyser.
17,3,10,Absorb Volt,Récupère des PV si touché par\nune capacité Électrik.
17,3,11,Absorb Eau,Récupère des PV si touché par\nune capacité Eau.
17,3,12,Benêt,Immunise le Pokémon contre\nl’attraction ou la provocation.
17,3,13,Ciel Gris,Annule les effets du climat.
17,3,14,Œil Composé,Augmente la Précision du\nPokémon.
17,3,15,Insomnia,Empêche le Pokémon de\ns’endormir.
17,3,16,Déguisement,Le Pokémon adopte le type de\nla capacité ennemie.
17,3,17,Vaccin,Empêche le Pokémon d’être\nempoisonné.
17,3,18,Torche,Booste les capacités Feu si\ntouché par attaque Feu.
17,3,19,Écran Poudre,Annule les effets cumulés d’une\nattaque ennemie.
17,3,20,Tempo Perso,Empêche la confusion.
17,3,21,Ventouse,Annule les capacités ou objets\nqui font changer de Pokémon.
17,3,22,Intimidation,Baisse l’Attaque ennemie.
17,3,23,Marque Ombre,Empêche le Pokémon ennemi de\nquitter le combat.
17,3,24,Peau Dure,Blesse l’attaquant au\nmoindre contact.
17,3,25,Garde Mystik,Seules les capacités « super\nefficaces » l’atteignent.
17,3,26,Lévitation,Immunise contre toutes les\ncapacités de type Sol.
17,3,27,Pose Spore,"Peut paralyser, empoisonner,\nendormir au contact."
17,3,28,Synchro,"Transmet brûlure, paralysie ou\npoison au Pokémon qui l’a infligé."
17,3,29,Corps Sain,Empêche les stats du Pokémon\nde baisser.
17,3,30,Médic Nature,Quitter le combat soigne les\nproblèmes de statut.
17,3,31,Paratonnerre,Attire et neutralise les attaques\nÉlectrik et monte l’Atq. Spé.
17,3,32,Sérénité,Augmente la fréquence du cumul\nd’effets.
17,3,33,Glissade,Augmente la Vitesse du\nPokémon s’il pleut.
17,3,34,Chlorophylle,Augmente la Vitesse du\nPokémon s’il y a du soleil.
17,3,35,Lumiattirance,Augmente les rencontres avec\nles Pokémon sauvages.
17,3,36,Calque,Imite le talent de l’ennemi.
17,3,37,Coloforce,Augmente l’Attaque du Pokémon.
17,3,38,Point Poison,Peut empoisonner l’attaquant\ns’il y a contact.
17,3,39,Attention,Empêche le Pokémon d’avoir\npeur.
17,3,40,Armumagma,Protège le Pokémon contre le\ngel.
17,3,41,Ignifu-Voile,Protège le Pokémon des\nbrûlures.
17,3,42,Magnépiège,Empêche les Pokémon Acier\nde fuir.
17,3,43,Anti-Bruit,Protège de toutes les capacités\nsonores.
17,3,44,Cuvette,Récupère progressivement des\nPV par temps de pluie.
17,3,45,Sable Volant,Le Pokémon invoque une\ntempête de sable.
17,3,46,Pression,Force l’ennemi à dépenser plus\nde PP.
17,3,47,Isograisse,Augmente la résistance aux\ncapacités Feu et Glace.
17,3,48,Matinal,Le Pokémon se réveille plus\nrapidement.
17,3,49,Corps Ardent,Peut brûler l’attaquant s’il y a\ncontact.
17,3,50,Fuite,Permet de fuir n’importe quel\nPokémon sauvage.
17,3,51,Regard Vif,Empêche le Pokémon de perdre\nen Précision.
17,3,52,Hyper Cutter,Empêche la réduction de\nl’Attaque.
17,3,53,Ramassage,Permet parfois au Pokémon de\nramasser des objets.
17,3,54,Absentéisme,Le Pokémon n’agit qu’un\ntour sur deux.
17,3,55,Agitation,Améliore l’Attaque mais diminue\nla Précision.
17,3,56,Joli Sourire,Séduit parfois l’attaquant au\ncontact.
17,3,57,Plus,Augmente l’Attaque Spéciale si\nun Pokémon a Minus ou Plus.
17,3,58,Minus,Augmente l’Attaque Spéciale si\nun Pokémon a Minus ou Plus.
17,3,59,Météo,Morphéo change de forme selon\nle climat.
17,3,60,Glue,Fait s’agripper à l’objet pour\nen empêcher le vol.
17,3,61,Mue,Le Pokémon soigne parfois ses\nproblèmes de statut.
17,3,62,Cran,Augmente l’Attaque s’il y a un\nproblème de statut.
17,3,63,Écaille Spéciale,Augmente la Défense s’il y a\nun problème de statut.
17,3,64,Suintement,Blesse l’attaquant qui draine\nl’énergie du Pokémon.
17,3,65,Engrais,Booste les capacités Plante en\ncas de besoin.
17,3,66,Brasier,Booste les capacités Feu en\ncas de besoin.
17,3,67,Torrent,Booste les capacités Eau en\ncas de besoin.
17,3,68,Essaim,Booste les capacités Insecte en\ncas de besoin.
17,3,69,Tête de Roc,Protège le Pokémon des dégâts\nde contrecoups.
17,3,70,Sécheresse,Le soleil se met à briller quand\nce Pokémon rejoint le combat.
17,3,71,Piège,Empêche l’ennemi de s’enfuir.
17,3,72,Esprit Vital,Empêche le Pokémon de\ns’endormir.
17,3,73,Écran Fumée,Empêche les stats du Pokémon\nde baisser.
17,3,74,Force Pure,Augmente l’Attaque du Pokémon.
17,3,75,Coque Armure,Le Pokémon est protégé des\ncoups critiques.
17,3,76,Air Lock,Annule les effets du climat.
17,3,77,Pieds Confus,Augmente l’Esquive si le\nPokémon est confus.
17,3,78,Motorisé,Augmente la Vitesse si touché\npar une capacité Électrik.
17,3,79,Rivalité,Devient plus fort si l’ennemi est\ndu même sexe.
17,3,80,Impassible,Augmente la Vitesse quand le\nPokémon a peur.
17,3,81,Rideau Neige,Augmente l’Esquive durant les\ntempêtes de grêle.
17,3,82,Gloutonnerie,Permet d’utiliser plus rapidement\nune Baie tenue.
17,3,83,Colérique,Monte l’Attaque au max après\navoir reçu un coup critique.
17,3,84,Délestage,Augmente la Vitesse si l’objet\ntenu est utilisé ou perdu.
17,3,85,Ignifugé,Réduit la puissance des\ncapacités de type Feu.
17,3,86,Simple,Le Pokémon est sujet à des\nvariations de stats.
17,3,87,Peau Sèche,Perd des PV à la chaleur.\nL’eau les restaure.
17,3,88,Télécharge,Ajuste la puissance selon\nl’ennemi.
17,3,89,Poing de Fer,Augmente la puissance des\ncapacités coups de poing.
17,3,90,Soin Poison,Restaure des PV si le Pokémon\nest empoisonné.
17,3,91,Adaptabilité,Augmente la puissance des\ncapacités de même type.
17,3,92,Multi-Coups,Augmente la fréquence des\nattaques multiples.
17,3,93,Hydratation,Soigne les problèmes de statut\ns’il pleut.
17,3,94,Force Soleil,Augmente l’Attaque Spéciale\nmais baisse les PV au soleil.
17,3,95,Pied Véloce,Augmente la Vitesse en cas de\nproblème de statut.
17,3,96,Normalise,Toutes les capacités sont de\ntype Normal.
17,3,97,Sniper,Augmente la puissance des\ncoups critiques.
17,3,98,Garde Magik,Seule une attaque directe peut\nblesser le Pokémon.
17,3,99,Annule Garde,Les capacités du Pokémon et de\nl’ennemi frappent à coup sûr.
17,3,100,Frein,"Agit toujours après les autres\nPokémon, même plus lents."
17,3,101,Technicien,Augmente la puissance des\ncapacités les plus faibles.
17,3,102,Feuille Garde,Empêche les problèmes de statut\nau soleil.
17,3,103,Maladresse,Le Pokémon ne peut utiliser\naucun objet tenu.
17,3,104,Brise Moule,Les talents adverses ne bloquent\npas ses capacités.
17,3,105,Chanceux,Augmente la fréquence des\ncoups critiques.
17,3,106,Boom Final,Blesse l’attaquant qui porte\nle coup de grâce.
17,3,107,Anticipation,Prévoit les capacités ennemies\ndangereuses.
17,3,108,Prédiction,Découvre la capacité ennemie la\nplus puissante.
17,3,109,Inconscient,Ignore les changements de stats\nde l’ennemi.
17,3,110,Lentiteintée,Améliore les capacités « pas très\nefficaces ».
17,3,111,Filtre,Réduit les dégâts des capacités\n« super efficaces » subies.
17,3,112,Début Calme,Divise temporairement Vitesse\net Attaque par 2.
17,3,113,Querelleur,Les capacités Normal et Combat\ntouchent les Pokémon Spectre.
17,3,114,Lavabo,"Attire et neutralise les attaques\nEau, et monte l’Attaque Spéciale."
17,3,115,Corps Gel,Régénère ses PV lors des\ntempêtes de grêle.
17,3,116,Solide Roc,Réduit les dégâts des capacités\n« super efficaces » subies.
17,3,117,Alerte Neige,Déclenche une tempête de\ngrêle pendant le combat.
17,3,118,Cherche Miel,Le Pokémon peut parfois trouver\ndu Miel.
17,3,119,Fouille,Permet de connaître l’objet tenu\npar l’ennemi.
17,3,120,Téméraire,Booste les capacités ayant des\ndégâts de contrecoups.
17,3,121,Multi-Type,Modifie le type en fonction de la\nPlaque tenue.
17,3,122,Don Floral,Rend les Pokémon de l’équipe\nplus puissants au soleil.
17,3,123,Mauvais Rêve,Réduit les PV d’un ennemi\nendormi.
17,3,124,Pickpocket,Vole l’objet de l’attaquant si son\nattaque touche.
17,3,125,Sans Limite,Frappe plus fort mais annule les\neffets cumulés.
17,3,126,Contestation,Inverse les variations de stats.
17,3,127,Tension,L’ennemi stresse et ne peut plus\nmanger de Baies.
17,3,128,Acharné,Monte l’Attaque quand une stat\nest baissée par l’adversaire.
17,3,129,Défaitiste,Baisse les stats quand les PV\ntombent à la moitié.
17,3,130,Corps Maudit,Peut empêcher l’ennemi de\nréutiliser une attaque.
17,3,131,Cœur Soin,Guérit parfois le statut des alliés\nalentour.
17,3,132,Garde Amie,Diminue les dégâts subis par les\nalliés.
17,3,133,Armurouillée,"Un coup physique baisse la\nDéfense, monte la Vitesse."
17,3,134,Heavy Metal,Double le poids du Pokémon.
17,3,135,Light Metal,Divise par 2 le poids du\nPokémon.
17,3,136,Multiécaille,Reçoit moins de dégâts si les PV\nsont au maximum.
17,3,137,Rage Poison,Booste les attaques physiques\nsi le statut est poison.
17,3,138,Rage Brûlure,Booste les attaques spéciales si\nle statut est brûlure.
17,3,139,Récolte,Les Baies utilisées peuvent\nrepousser.
17,3,140,Télépathe,Anticipe et évite les attaques de\nses alliés.
17,3,141,Lunatique,Monte une stat tout en en\nbaissant une autre.
17,3,142,Envelocape,"Protège du sable, de la grêle\nou de la poudre."
17,3,143,Toxitouche,Peut empoisonner l’ennemi par\nsimple contact.
17,3,144,Régé-Force,Restaure un peu de PV si le\nPokémon est retiré.
17,3,145,Cœur de Coq,Empêche les attaques adverses\nde baisser la Défense.
17,3,146,Baigne Sable,Augmente la Vitesse lors des\ntempêtes de sable.
17,3,147,Peau Miracle,Résiste mieux aux attaques\nde statut.
17,3,148,Analyste,Booste les capacités s’il attaque\nen dernier.
17,3,149,Illusion,Prend l’apparence du dernier\nPokémon de l’équipe.
17,3,150,Imposteur,Adopte l’apparence du Pokémon\nadverse.
17,3,151,Infiltration,Traverse les barrières de\nl’ennemi pour attaquer.
17,3,152,Momie,Momifie le talent de l’ennemi qui\nle touche.
17,3,153,Impudence,Monte l’Attaque quand il met un\nennemi K.O.
17,3,154,Cœur Noble,Monte l’Attaque si une attaque\nTénèbres le touche.
17,3,155,Phobique,Sa peur de certains types\naugmente sa Vitesse.
17,3,156,Miroir Magik,Renvoie les attaques de statut.
17,3,157,Herbivore,Neutralise les attaques Plante et\naugmente l’Attaque.
17,3,158,Farceur,Utilise les attaques de statut en\npremier.
17,3,159,Force Sable,Renforce des capacités en cas\nde tempête de sable.
17,3,160,Épine de Fer,Blesse l’attaquant au moindre\ncontact.
17,3,161,Mode Transe,Transforme le Pokémon dans les\nmoments délicats.
17,3,162,Victorieux,Monte la Précision des Pokémon\nde l’équipe.
17,3,163,TurboBrasier,Les talents adverses ne bloquent\npas ses capacités.
17,3,164,Téra-Voltage,Les talents adverses ne bloquent\npas ses capacités.
17,3,165,Aroma-Voile,Protège l’équipe des attaques\nlimitant le choix des capacités.
17,3,166,Flora-Voile,Empêche les alliés de type Plante\nde subir des diminutions de stats.
17,3,167,Bajoues,Rend des PV lorsque le Pokémon\nconsomme une Baie.
17,3,168,Protéen,Le Pokémon prend le type de sa\ndernière capacité lancée.
17,3,169,Toison Épaisse,Divise les dégâts des attaques\nphysiques par deux.
17,3,170,Magicien,Les capacités volent aussi l’objet\ntenu par la cible.
17,3,171,Pare-Balles,"Protège de certaines capacités\nprojetant des bombes, balles…"
17,3,172,Battant,Monte l’Attaque quand une stat\nest baissée par l’adversaire.
17,3,173,Prognathe,"Grâce à une puissante mâchoire,\nles morsures sont plus fortes."
17,3,174,Peau Gelée,Les capacités de type Normal\ndeviennent de type Glace.
17,3,175,Gluco-Voile,Les Pokémon de l’équipe ne\npeuvent pas s’endormir.
17,3,176,Déclic Tactique,Change de forme selon la façon\ndont le Pokémon se bat.
17,3,177,Ailes Bourrasque,Les attaques de type Vol sont\nprioritaires.
17,3,178,Méga Blaster,Augmente la puissance de\ncertaines capacités de type aura.
17,3,179,Toison Herbue,Augmente la Défense si\nChamp Herbu est actif.
17,3,180,Symbiose,Permet aux alliés d’utiliser\nl’objet porté par ce Pokémon.
17,3,181,Griffe Dure,Augmente la puissance des\nattaques directes.
17,3,182,Peau Féérique,Les capacités de type Normal\ndeviennent de type Fée.
17,3,183,Poisseux,Diminue la Vitesse de l’attaquant\nqui le touche.
17,3,184,Peau Céleste,Les capacités de type Normal\ndeviennent de type Vol.
17,3,185,Amour Filial,Attaque en famille.
17,3,186,Aura Ténébreuse,Renforce les attaques de type\nTénèbres de tous les Pokémon.
17,3,187,Aura Féérique,Renforce les attaques de type\nFée de tous les Pokémon.
17,3,188,Aura Inversée,L’effet des auras est inversé.
17,4,1,Duftnote,Lässt den Gegner durch Gestank\nzurückschrecken.
17,4,2,Niesel,Ruft im Kampf Regen herbei.
17,4,3,Temposchub,Erhöht Initiative nach und nach.
17,4,4,Kampfpanzer,Wehrt gegnerische Volltreffer ab.
17,4,5,Robustheit,Bietet Schutz gegen K.O.-Treffer.
17,4,6,Feuchtigkeit,"Hält alle Pokémon davon ab,\nzu explodieren."
17,4,7,Flexibilität,Verhindert Paralyse.
17,4,8,Sandschleier,Erhöht in Sandstürmen\nden Fluchtwert.
17,4,9,Statik,Kann bei Berührung paralysieren.
17,4,10,Voltabsorber,Treffer durch Elektro-Attacken\nregenerieren KP.
17,4,11,H2O-Absorber,Treffer durch Wasser-Attacken\nregenerieren KP.
17,4,12,Dösigkeit,"Verhindert, dass das Pokémon\nbetört oder provoziert wird."
17,4,13,Wolke Sieben,Hebt Wetter-Effekte auf.
17,4,14,Facettenauge,Steigert die Genauigkeit\nvon Attacken.
17,4,15,Insomnia,Verhindert Einschlafen.
17,4,16,Farbwechsel,Ändert seinen Typ zu dem\nder Attacke des Angreifers.
17,4,17,Immunität,Verhindert Vergiftungen.
17,4,18,Feuerfänger,"Verstärkt Feuer-Attacken, wenn\nvon Feuer-Attacken getroffen."
17,4,19,Puderabwehr,Blockiert Zusatz-Effekte\ngegnerischer Angriffe.
17,4,20,Tempomacher,Verhindert Verwirrung.
17,4,21,Saugnapf,"Blockt Attacken und Items,\ndie Pokémon austauschen."
17,4,22,Bedroher,Senkt Angriff des Gegners.
17,4,23,Wegsperre,Hindert Gegner an der Flucht.
17,4,24,Rauhaut,Verletzt Angreifer bei Berührung.
17,4,25,Wunderwache,Nur sehr effektive Treffer\nrichten Schaden an.
17,4,26,Schwebe,Volle Immunität gegen\nalle Boden-Attacken.
17,4,27,Sporenwirt,"Kann bei Kontakt Paralyse,\nVergiftung oder Schlaf auslösen."
17,4,28,Synchro,"Brand, Gift oder Paralyse ereilen\nauch den Verursacher."
17,4,29,Neutraltorso,"Hindert Angreifer daran,\nStatuswerte zu senken."
17,4,30,Innere Kraft,Heilt bei Austausch\nStatusprobleme.
17,4,31,Blitzfänger,Absorbiert Elektro-Attacken\nund steigert den Spezial-Angriff.
17,4,32,Edelmut,Erhöht Chance auf Zusatz-Effekte.
17,4,33,Wassertempo,Steigert bei Regen die Initiative.
17,4,34,Chlorophyll,Steigert bei Sonnenschein\ndie Initiative.
17,4,35,Erleuchtung,"Erhöht die Wahrscheinlichkeit,\nwilden Pokémon zu begegnen."
17,4,36,Fährte,Das Pokémon kopiert\ndie Fähigkeit des Gegners.
17,4,37,Kraftkoloss,Stärkt physische Attacken.
17,4,38,Giftdorn,Vergiftet den Angreifer\neventuell bei Berührung.
17,4,39,Konzentrator,Verhindert Zurückschrecken.
17,4,40,Magmapanzer,Verhindert Einfrieren.
17,4,41,Aquahülle,Verhindert Verbrennungen.
17,4,42,Magnetfalle,Hindert Stahl-Pokémon\nan der Flucht.
17,4,43,Lärmschutz,Volle Immunität gegen\nalle Lärm-Attacken.
17,4,44,Regengenuss,Stellt bei Regen langsam\nund stetig KP wieder her.
17,4,45,Sandsturm,Erzeugt im Kampf Sandstürme.
17,4,46,Erzwinger,Steigert den AP-Verbrauch\ndes Gegners.
17,4,47,Speckschicht,Stark gegen Attacken der Typen\nFeuer und Eis.
17,4,48,Frühwecker,"Bewirkt, dass das Pokémon\nschneller wieder aufwacht."
17,4,49,Flammkörper,Fügt dem Angreifer bei Berührung\neventuell Verbrennungen zu.
17,4,50,Angsthase,Die Flucht vor wilden Pokémon\ngelingt immer.
17,4,51,Adlerauge,"Hindert Angreifer daran,\ndie Genauigkeit zu senken."
17,4,52,Scherenmacht,"Hindert Angreifer daran,\nden Angriffs-Wert zu senken."
17,4,53,Mitnahme,Hebt gelegentlich Items auf.
17,4,54,Schnarchnase,Greift nur alle zwei Runden an.
17,4,55,Übereifer,"Erhöht den Angriffs-Wert,\naber senkt die Genauigkeit."
17,4,56,Charmebolzen,Kann bei Kontakt betörend\nwirken.
17,4,57,Plus,"Erhöht den Spezial-Angriff, wenn\nPlus oder Minus vertreten sind."
17,4,58,Minus,"Erhöht den Spezial-Angriff, wenn\nPlus oder Minus vertreten sind."
17,4,59,Prognose,Formeo verändert seine Form\nabhängig vom Wetter.
17,4,60,Wertehalter,Verhindert durch Klebe-Effekt\nItem-Diebstähle.
17,4,61,Expidermis,Das Pokémon heilt eventuell\nseine Statusprobleme.
17,4,62,Adrenalin,Steigert bei Statusproblemen\nden Angriffs-Wert.
17,4,63,Notschutz,Steigert bei Statusproblemen\ndie Verteidigung.
17,4,64,Kloakensoße,"Schadet Angreifern,\ndie Saug-Attacken einsetzen."
17,4,65,Notdünger,Erhöht in Notfällen die Stärke\nvon Pflanzen-Attacken.
17,4,66,Großbrand,Erhöht in Notfällen die Stärke\nvon Feuer-Attacken.
17,4,67,Sturzbach,Erhöht in Notfällen die Stärke\nvon Wasser-Attacken.
17,4,68,Hexaplaga,Erhöht in Notfällen die Stärke\nvon Käfer-Attacken.
17,4,69,Steinhaupt,"Verhindert Schaden, der durch\nRückstoß entsteht."
17,4,70,Dürre,Erzeugt im Kampf gleißendes\nSonnenlicht.
17,4,71,Ausweglos,Hindert den Gegner im Kampf\nan der Flucht.
17,4,72,Munterkeit,Verhindert Einschlafen.
17,4,73,Pulverrauch,"Hindert Angreifer daran,\nStatuswerte zu senken."
17,4,74,Mentalkraft,Stärkt physische Attacken.
17,4,75,Panzerhaut,Wehrt gegnerische Volltreffer ab.
17,4,76,Klimaschutz,Hebt Wetter-Effekte auf.
17,4,77,Fußangel,"Erhöht den Fluchtwert,\nwenn das Pokémon verwirrt ist."
17,4,78,Starthilfe,Erhöht nach einem Treffer durch\neine Elektro-Attacke die Initiative.
17,4,79,Rivalität,"Erhöht den Schaden, wenn das\nZiel dasselbe Geschlecht hat."
17,4,80,Felsenfest,"Erhöht die Initiative, sobald\ndas Pokémon zurückschreckt."
17,4,81,Schneemantel,Erhöht bei Hagel den Fluchtwert.
17,4,82,Völlerei,Ermutigt zum frühzeitigen Einsatz\nvon Beeren.
17,4,83,Kurzschluss,Maximiert nach Einstecken eines\nVolltreffers den Angriffs-Wert.
17,4,84,Entlastung,"Erhöht Initiative, wenn ein Item\nverwendet oder verloren wird."
17,4,85,Hitzeschutz,Senkt die Stärke von\nFeuer-Attacken.
17,4,86,Wankelmut,Das Pokémon ist anfällig\nfür Statusveränderungen.
17,4,87,Trockenheit,Bei heißem Wetter verliert das\nPokémon KP. Wasser heilt KP.
17,4,88,Download,Passt Kraft entsprechend den\ngegnerischen Statuswerten an.
17,4,89,Eisenfaust,Steigert die Effektivität von\nBox- und Hieb-Attacken.
17,4,90,Aufheber,Heilt bei Vergiftungen KP.
17,4,91,Anpassung,Erhöht die Stärke von Attacken\ndesselben Typs.
17,4,92,Wertelink,Ermöglicht längere Trefferserien\nmit Serien-Attacken.
17,4,93,Hydration,Heilt bei Regen Statusprobleme.
17,4,94,Solarkraft,"Führt bei Sonne zu KP-Verlusten,\nerhöht aber den Spezial-Angriff."
17,4,95,Rasanz,Erhöht bei Statusproblemen\ndie Initiative.
17,4,96,Regulierung,Alle Attacken des Pokémon\nwerden zu Normal-Attacken.
17,4,97,Superschütze,Steigert den Schaden\nvon Volltreffern.
17,4,98,Magieschild,Das Pokémon nimmt nur durch\nOffensiv-Attacken Schaden.
17,4,99,Schildlos,Alle Attacken des oder auf\ndas Pokémon gelingen.
17,4,100,Zeitspiel,Handelt auch mit Initiative-Vorteil\nstets nach dem Gegner.
17,4,101,Techniker,Steigert die Effektivität von\nschwächeren Attacken.
17,4,102,Floraschild,Verhindert bei Sonnenschein\nStatusprobleme.
17,4,103,Tollpatsch,Das Pokémon kann keine\ngetragenen Items verwenden.
17,4,104,Überbrückung,Attacken können ungeachtet der\nFähigkeiten verwendet werden.
17,4,105,Glückspilz,"Erhöht die Wahrscheinlichkeit,\neinen Volltreffer zu landen."
17,4,106,Finalschlag,"Fügt einem Angreifer, der das\nPokémon besiegt, Schaden zu."
17,4,107,Vorahnung,Ahnt gefährliche Attacken\ndes Gegners voraus.
17,4,108,Vorwarnung,Gibt Auskunft über das Attacken-\nRepertoire des Gegners.
17,4,109,Unkenntnis,Ignoriert Statusveränderungen\ndes Zieles.
17,4,110,Aufwertung,Verstärkt nicht sehr effektive\nAttacken.
17,4,111,Filter,Senkt die Stärke sehr effektiver\nAttacken.
17,4,112,Saumselig,Halbiert zeitweilig den Angriff\nund die Initiative.
17,4,113,Rauflust,Normal- und Kampf-Attacken\ntreffen Pokémon vom Typ Geist.
17,4,114,Sturmsog,Absorbiert Wasser-Attacken\nund steigert den Spezial-Angriff.
17,4,115,Eishaut,Regeneriert bei Hagel\nnach und nach KP.
17,4,116,Felskern,Senkt die Stärke sehr effektiver\nAttacken.
17,4,117,Hagelalarm,Das Pokémon beschwört im\nKampf Hagelstürme herauf.
17,4,118,Honigmaul,Das Pokémon sammelt\ngelegentlich Honig auf.
17,4,119,Schnüffler,Gibt Auskunft über gegnerische\nItems.
17,4,120,Achtlos,Verstärkt Attacken mit\nRückstoß-Schaden.
17,4,121,Variabilität,Passt seinen Typ der\ngetragenen Tafel an.
17,4,122,Pflanzengabe,Steigert bei Sonne die Effektivität\nvon allen Team-Pokémon.
17,4,123,Alptraum,Senkt die KP eines\nschlafenden Gegners.
17,4,124,Langfinger,"Stiehlt Angreifern Items,\nwenn es von ihnen berührt wird."
17,4,125,Rohe Gewalt,"Bewirkt einen Kraftschub,\naber hebt Zusatz-Effekte auf."
17,4,126,Umkehrung,Statusveränderungen werden\numgekehrt.
17,4,127,Anspannung,Hindert den Gegner durch Stress\nam Beerenkonsum.
17,4,128,Siegeswille,"Senkt der Gegner die Status-\nwerte, steigt der Angriffs-Wert."
17,4,129,Schwächling,Bei halbierter KP-Anzahl\nsinken die Statuswerte.
17,4,130,Tastfluch,Blockiert gelegentlich Attacken.
17,4,131,Heilherz,Befreit Mitstreiter gelegentlich\nvon Statusproblemen.
17,4,132,Freundeshut,Verringert den Schaden\nan Mitstreitern.
17,4,133,Bruchrüstung,Phys. Treffer senken Verteidigung\nund steigern Initiative.
17,4,134,Schwermetall,Verdoppelt das eigene Gewicht.
17,4,135,Leichtmetall,Halbiert das eigene Gewicht.
17,4,136,Multischuppe,Verringert den erlittenen Schaden\nbei vollen KP.
17,4,137,Giftwahn,Erhöht bei Vergiftung die Stärke\nvon physischen Attacken.
17,4,138,Hitzewahn,Verstärkt bei Verbrennungen\ndie Stärke von Spezial-Attacken.
17,4,139,Reiche Ernte,Aufgebrauchte Beeren können\nmehrmals nachwachsen.
17,4,140,Telepathie,Erkennt und pariert Attacken\nvon Mitstreitern.
17,4,141,Gefühlswippe,Erhöht einen Statuswert\nund senkt einen anderen.
17,4,142,Wetterfest,Nimmt keinen Schaden\ndurch Wetterbedingungen.
17,4,143,Giftgriff,Kann das Ziel durch\nbloßes Berühren vergiften.
17,4,144,Belebekraft,Heilt beim Austauschen\neine geringe Menge an KP.
17,4,145,Brustbieter,"Hindert Angreifer daran,\ndie Verteidigung zu senken."
17,4,146,Sandscharrer,Erhöht in Sandstürmen\ndie Initiative.
17,4,147,Wunderhaut,Wehrt mit robustem Körper\nviele Status-Attacken ab.
17,4,148,Analyse,"Greift das Pokémon zuletzt an,\nist es stärker."
17,4,149,Trugbild,Bestreitet Kämpfe in der Gestalt\ndes Listenletzten.
17,4,150,Doppelgänger,Kämpft als Kopie seines\nGegenübers.
17,4,151,Schwebedurch,Überwindet gegnerische Schilde\nund greift an.
17,4,152,Mumie,"Berührt man das Pokémon,\nübernimmt man seine Fähigkeit."
17,4,153,Hochmut,"Besiegt es ein Pokémon,\nsteigt sein Angriffs-Wert."
17,4,154,Redlichkeit,Angriff steigt nach Einstecken\neiner Unlicht-Attacke.
17,4,155,Hasenfuß,Aus Angst vor manchen Attacken\nsteigt die Initiative.
17,4,156,Magiespiegel,Lenkt Status-Attacken\nauf den Angreifer um.
17,4,157,Vegetarier,Absorbiert Pflanzen-Attacken\nund steigert den Angriff.
17,4,158,Strolch,Ermöglicht einen Erstschlag\nmit Status-Attacken.
17,4,159,Sandgewalt,Manche Attacken wirken\nin Sandstürmen besser.
17,4,160,Eisenstachel,Angreifer nehmen durch\nbloßes Berühren Schaden.
17,4,161,Trance-Modus,"Wechselt seine Gestalt,\nwenn es eng wird."
17,4,162,Triumphstern,Erhöht Genauigkeit bei\nallen Pokémon im Team.
17,4,163,Turbobrand,Attacken können ungeachtet der\nFähigkeit verwendet werden.
17,4,164,Teravolt,Attacken können ungeachtet der\nFähigkeit verwendet werden.
17,4,165,Dufthülle,Schützt alle Pokémon im Team\nvor manchen mentalen Angriffen.
17,4,166,Blütenhülle,Schützt Pflanzen-Pokémon\nvor gesenkten Statuswerten.
17,4,167,Backentaschen,Heilt beim Konsum\nvon Beeren KP.
17,4,168,Wandlungskunst,Das Pokémon nimmt bei Einsatz\neiner Attacke deren Typ an.
17,4,169,Fellkleid,Halbiert den Schaden durch\nphysische Attacken.
17,4,170,Zauberer,"Stiehlt Items von Pokémon, die\ndurch Attacken getroffen wurden."
17,4,171,Kugelsicher,Schützt das Pokémon vor\ngeworfenen Bomben und Kugeln.
17,4,172,Unbeugsamkeit,"Erhöht den Spezial-Angriff, wenn\nein Statuswert gesenkt wurde."
17,4,173,Titankiefer,Der kräftige Kiefer des Pokémon\nverleiht ihm einen starken Biss.
17,4,174,Frostschicht,Attacken vom Typ Normal\nnehmen den Typ Eis an.
17,4,175,Zuckerhülle,Alle Pokémon im Team können\nnicht einschlafen.
17,4,176,Taktikwechsel,Das Pokémon nimmt je nach\nKampftaktik eine andere Form an.
17,4,177,Orkanschwingen,"Ermöglicht es dem Pokémon, mit\nFlug-Attacken zuerst anzugreifen."
17,4,178,Megawumme,"Erhöht die Stärke einiger Wellen-,\nAura- und Puls-Attacken."
17,4,179,Pflanzenpelz,"Erhöht die Verteidigung,\nwenn Grasfeld aktiv ist."
17,4,180,Nutznießer,Das Pokémon kann sein Item an\neinen Mitstreiter weitergeben.
17,4,181,Krallenwucht,Erhöht die Stärke von direkten\nAngriffen.
17,4,182,Feenschicht,Attacken vom Typ Normal\nnehmen den Typ Fee an.
17,4,183,Viskosität,Die Initiative von Angreifern sinkt\ndurch bloßes Berühren.
17,4,184,Zenithaut,Attacken vom Typ Normal\nnehmen den Typ Flug an.
17,4,185,Familienbande,Zwei Generationen setzen\ngemeinsam zum Angriff an.
17,4,186,Dunkelaura,Erhöht die Stärke von allen\nAttacken des Typs Unlicht.
17,4,187,Feenaura,Erhöht die Stärke von allen\nAttacken des Typs Fee.
17,4,188,Aura-Umkehr,Kehrt die Wirkung von Auren um.
17,5,1,Tanfo,A volte il cattivo odore\nfa tentennare i nemici.
17,5,2,Piovischio,"Quando scende in campo,\nil Pokémon attira la pioggia."
17,5,3,Acceleratore,La statistica Velocità aumenta\ngradualmente.
17,5,4,Lottascudo,Evita che il Pokémon subisca\nbrutti colpi.
17,5,5,Vigore,Evita che il Pokémon vada KO\nin un sol colpo.
17,5,6,Umidità,Impedisce le mosse\nautodistruttive.
17,5,7,Scioltezza,Il Pokémon è protetto contro\nla paralisi.
17,5,8,Sabbiavelo,L’elusione aumenta durante\nle tempeste di sabbia.
17,5,9,Statico,Il contatto fisico con il Pokémon\npuò causare paralisi.
17,5,10,Assorbivolt,Ridà PS se il Pokémon subisce\nuna mossa di tipo Elettro.
17,5,11,Assorbacqua,Ridà PS se il Pokémon subisce\nuna mossa di tipo Acqua.
17,5,12,Indifferenza,Protegge il Pokémon da\ninfatuazioni e provocazioni.
17,5,13,Antimeteo,Neutralizza gli effetti delle\ncondizioni atmosferiche.
17,5,14,Insettocchi,Aumenta la precisione\ndel Pokémon.
17,5,15,Insonnia,Impedisce al Pokémon\ndi addormentarsi.
17,5,16,Cambiacolore,Il Pokémon acquisisce il tipo\ndella mossa subita.
17,5,17,Immunità,Impedisce al Pokémon di\nvenire avvelenato.
17,5,18,Fuocardore,Potenzia le proprie mosse Fuoco\nse se ne subisce una.
17,5,19,Polvoscudo,Annulla gli effetti secondari\ndelle mosse subite.
17,5,20,Mente Locale,Impedisce al Pokémon\ndi venire confuso.
17,5,21,Ventose,Resiste a strumenti e mosse\ndi sostituzione.
17,5,22,Prepotenza,Riduce la statistica Attacco\ndel nemico.
17,5,23,Pedinombra,Impedisce la fuga al nemico.
17,5,24,Cartavetro,Il nemico che manda a segno una\nmossa fisica viene danneggiato.
17,5,25,Magidifesa,Rende vulnerabili solo alle\nmosse superefficaci.
17,5,26,Levitazione,Conferisce immunità dagli attacchi\ndi tipo Terra.
17,5,27,Spargispora,"Al contatto può causare\navvelenamento, paralisi o sonno."
17,5,28,Sincronismo,"Avvelena, paralizza o scotta il\nnemico che infligge lo stato."
17,5,29,Corpochiaro,Le statistiche del Pokémon\nnon possono essere ridotte.
17,5,30,Alternacura,Cura i problemi di stato quando\nil Pokémon viene sostituito.
17,5,31,Parafulmine,Neutralizza mosse di tipo Elettro\nper aumentare l’Attacco Speciale.
17,5,32,Leggiadro,Gli effetti secondari delle mosse\nsono più probabili.
17,5,33,Nuotovelox,"Se piove, la statistica Velocità\naumenta."
17,5,34,Clorofilla,"Se c’è il sole, la statistica\nVelocità aumenta."
17,5,35,Risplendi,È più probabile incontrare\nPokémon selvatici.
17,5,36,Traccia,Copia l’abilità del nemico.
17,5,37,Macroforza,Migliora la statistica Attacco\ndel Pokémon.
17,5,38,Velenopunto,Può avvelenare chi manda\na segno una mossa fisica.
17,5,39,Fuocodentro,Evita che il Pokémon tentenni.
17,5,40,Magmascudo,Evita che il Pokémon\nvenga congelato.
17,5,41,Idrovelo,Evita che il Pokémon\nresti scottato.
17,5,42,Magnetismo,Impedisce la fuga ai Pokémon\ndi tipo Acciaio.
17,5,43,Antisuono,Fornisce immunità alle mosse\nbasate sul suono.
17,5,44,Copripioggia,Il Pokémon recupera PS\nquando piove.
17,5,45,Sabbiafiume,Causa una tempesta di sabbia\ndurante la lotta.
17,5,46,Pressione,Il nemico usa più PP.
17,5,47,Grassospesso,Aumenta la resistenza alle mosse\ndi tipo Fuoco e Ghiaccio.
17,5,48,Sveglialampo,Il Pokémon si risveglia\nrapidamente dal sonno.
17,5,49,Corpodifuoco,"Al contatto subito, chi sferra\nl’attacco può venire scottato."
17,5,50,Fugafacile,Garantisce la fuga dai\nPokémon selvatici.
17,5,51,Sguardofermo,Evita che la precisione\ndiminuisca.
17,5,52,Ipertaglio,Evita che la statistica Attacco\nvenga ridotta.
17,5,53,Raccolta,Aumenta la probabilità di trovare\nstrumenti.
17,5,54,Pigrone,Il Pokémon attacca un turno sì\ne uno no.
17,5,55,Tuttafretta,"Aumenta l’Attacco, ma riduce\nla precisione."
17,5,56,Incantevole,"Al contatto subito, chi sferra\nl’attacco può infatuarsi."
17,5,57,Più,Aumenta l’Attacco Speciale se ci\nsono Pokémon con Meno o Più.
17,5,58,Meno,Aumenta l’Attacco Speciale se ci\nsono Pokémon con Meno o Più.
17,5,59,Previsioni,La forma di Castform cambia in\nbase alle condizioni atmosferiche.
17,5,60,Antifurto,Protegge il Pokémon dal furto\ndi strumenti.
17,5,61,Muta,Può curare i problemi di stato\ndel Pokémon.
17,5,62,Dentistretti,Aumenta l’Attacco in caso di\nproblemi di stato.
17,5,63,Pelledura,Aumenta la Difesa in caso di\nproblemi di stato.
17,5,64,Melma,Danneggia i Pokémon che usano\nmosse ruba-PS.
17,5,65,Erbaiuto,"Quando si è in difficoltà, potenzia\nle mosse di tipo Erba."
17,5,66,Aiutofuoco,"Quando si è in difficoltà, potenzia\nle mosse di tipo Fuoco."
17,5,67,Acquaiuto,"Quando si è in difficoltà, potenzia\nle mosse di tipo Acqua."
17,5,68,Aiutinsetto,"Quando si è in difficoltà, potenzia\nle mosse di tipo Coleottero."
17,5,69,Testadura,Protegge il Pokémon dai\ncontraccolpi.
17,5,70,Siccità,Il sole brilla intensamente quando\nil Pokémon entra in campo.
17,5,71,Trappoarena,Impedisce la fuga al nemico.
17,5,72,Spiritovivo,Impedisce al Pokémon\ndi addormentarsi.
17,5,73,Fumochiaro,Le statistiche del Pokémon\nnon possono essere ridotte.
17,5,74,Forzapura,Migliora la statistica Attacco\ndel Pokémon.
17,5,75,Guscioscudo,Evita che il Pokémon subisca\nbrutti colpi.
17,5,76,Riparo,Neutralizza gli effetti delle\ncondizioni atmosferiche.
17,5,77,Intricopiedi,Aumenta l’elusione se\nil Pokémon è confuso.
17,5,78,Elettrorapid,Le mosse di tipo Elettro subite\nfanno aumentare la Velocità.
17,5,79,Antagonismo,Rende più forti contro nemici\ndello stesso sesso.
17,5,80,Cuordeciso,Aumenta la Velocità se\nil Pokémon tentenna.
17,5,81,Mantelneve,Aumenta l’elusione quando\ngrandina.
17,5,82,Voracità,Favorisce l’uso anticipato di\nuna bacca tenuta dal Pokémon.
17,5,83,Grancollera,Massimizza l’Attacco se si\nsubisce un brutto colpo.
17,5,84,Agiltecnica,Aumenta la Velocità dopo aver\nusato o perso uno strumento.
17,5,85,Antifuoco,Indebolisce l’effetto di mosse\ndi tipo Fuoco.
17,5,86,Disinvoltura,Le statistiche possono cambiare\nsenza preavviso.
17,5,87,Pellearsa,"Riduce i PS se fa caldo.\nIn presenza di acqua, ridà PS."
17,5,88,Download,Regola la potenza in base\nal nemico.
17,5,89,Ferropugno,Potenzia le mosse che\nutilizzano pugni.
17,5,90,Velencura,Ridà PS se il Pokémon\nè avvelenato.
17,5,91,Adattabilità,Potenzia le mosse dello stesso\ntipo del Pokémon.
17,5,92,Abillegame,Aumenta la frequenza di mosse\nmulticolpo.
17,5,93,Idratazione,Cura i problemi di stato se piove.
17,5,94,Solarpotere,"Se c’è il sole aumenta l’Attacco\nSpeciale, ma riduce i PS."
17,5,95,Piedisvelti,Aumenta la Velocità se c’è\nun problema di stato.
17,5,96,Normalità,Le mosse del Pokémon\ndiventano di tipo Normale.
17,5,97,Cecchino,Aumenta i danni inflitti\ndai brutti colpi.
17,5,98,Magicscudo,Il Pokémon subisce danni solo\nda attacchi diretti.
17,5,99,Nullodifesa,Le mosse del Pokémon e del\nnemico vanno sempre a segno.
17,5,100,Rallentatore,"I nemici attaccano sempre per\nprimi, anche se sono più lenti."
17,5,101,Tecnico,Potenzia le mosse più deboli\ndel Pokémon.
17,5,102,Fogliamanto,Evita problemi di stato quando\nc’è il sole.
17,5,103,Impaccio,Il Pokémon non può usare\nlo strumento che ha.
17,5,104,Rompiforma,Neutralizza le abilità che\nbloccano le mosse.
17,5,105,Supersorte,Aumenta la probabilità di\ninfliggere brutti colpi.
17,5,106,Scoppio,Arreca danni al Pokémon che\nsferra il colpo finale.
17,5,107,Presagio,Rivela se il nemico ha mosse\npericolose.
17,5,108,Premonizione,Scopre la mossa più potente\ndel nemico.
17,5,109,Imprudenza,Ignora le modifiche alle\nstatistiche del nemico.
17,5,110,Lentifumé,Potenzia le mosse non molto\nefficaci.
17,5,111,Filtro,Riduce la potenza delle mosse\nsuperefficaci.
17,5,112,Lentoinizio,Dimezza per un po’ l’Attacco e\nla Velocità.
17,5,113,Nervisaldi,I Pokémon di tipo Spettro sono\ncolpiti da mosse Normale e Lotta.
17,5,114,Acquascolo,Neutralizza mosse di tipo Acqua\nper aumentare l’Attacco Speciale.
17,5,115,Corpogelo,Il Pokémon recupera PS quando\ngrandina.
17,5,116,Solidroccia,Riduce la potenza delle mosse\nsuperefficaci.
17,5,117,Scendineve,Il Pokémon provoca una\ngrandinata durante la lotta.
17,5,118,Mielincetta,Il Pokémon può raccogliere\nMiele.
17,5,119,Indagine,Il Pokémon scopre che\nstrumento ha il nemico.
17,5,120,Temerarietà,Potenzia le mosse che provocano\ncontraccolpi.
17,5,121,Multitipo,Cambia il tipo del Pokémon\na seconda della lastra che ha.
17,5,122,Regalfiore,"Se c’è il sole, potenzia\ni Pokémon alleati."
17,5,123,Sogniamari,Riduce i PS dei nemici\naddormentati.
17,5,124,Arraffalesto,"Al contatto subito, ruba lo\nstrumento di chi lo ha attaccato."
17,5,125,Forzabruta,Aumenta i danni annullando altri\neffetti delle mosse.
17,5,126,Inversione,Le modifiche alle statistiche\nhanno effetto inverso.
17,5,127,Agitazione,Il nemico viene intimidito e non\npuò mangiare bacche.
17,5,128,Agonismo,L’Attacco aumenta quando un\nnemico fa calare le statistiche.
17,5,129,Sconforto,Le statistiche scendono se i PS\ncalano a metà o meno.
17,5,130,Corpofunesto,A volte inibisce l’ultima mossa\nusata dal nemico.
17,5,131,Curacuore,A volte cura i problemi di stato\ndegli alleati.
17,5,132,Amicoscudo,Riduce il danno subito dagli\nalleati.
17,5,133,Sottilguscio,Riduce la Difesa e aumenta la\nVelocità se il Pokémon è colpito.
17,5,134,Metalpesante,Raddoppia il peso del Pokémon.
17,5,135,Metalleggero,Dimezza il peso del Pokémon.
17,5,136,Multisquame,Riduce il danno subito se i PS\nsono al massimo.
17,5,137,Velenimpeto,Aumenta l’Attacco se il Pokémon\nè avvelenato.
17,5,138,Bruciaimpeto,Aumenta l’Attacco Speciale se\nil Pokémon è scottato.
17,5,139,Coglibacche,Può ricreare una bacca utilizzata.
17,5,140,Telepatia,Prevede ed evita gli attacchi\ndegli alleati.
17,5,141,Altalena,Aumenta una statistica e ne\nriduce un’altra.
17,5,142,Copricapo,"Protegge il Pokémon da polvere,\nsabbia e grandine."
17,5,143,Velentocco,Può avvelenare il nemico al solo\ncontatto fisico.
17,5,144,Rigenergia,Il Pokémon recupera un po’ di PS\nquando viene sostituito.
17,5,145,Pettinfuori,Evita che la Difesa diminuisca.
17,5,146,Remasabbia,La Velocità aumenta nelle\ntempeste di sabbia.
17,5,147,Splendicute,Resiste più facilmente ai\ncambiamenti di stato.
17,5,148,Ponderazione,"Se agisce per ultimo, la potenza\ndella mossa sale."
17,5,149,Illusione,Entra con le sembianze\ndell’ultimo Pokémon in squadra.
17,5,150,Sosia,Si trasforma nel Pokémon che ha\ndavanti.
17,5,151,Intrapasso,Attacca evitando le barriere\ndel nemico.
17,5,152,Mummia,L’abilità del nemico cambia\nin Mummia dopo il contatto.
17,5,153,Arroganza,Aumenta l’Attacco quando\nmanda un nemico KO.
17,5,154,Giustizia,L’Attacco aumenta se si è\ncolpiti da una mossa di tipo Buio.
17,5,155,Paura,"Per paura di certi tipi di mosse,\nla Velocità sale."
17,5,156,Magispecchio,Riflette al mittente le mosse\ndi stato.
17,5,157,Mangiaerba,Neutralizza le mosse di tipo Erba\nsubite per aumentare l’Attacco.
17,5,158,Burla,Dà priorità a mosse che alterano\nlo stato.
17,5,159,Silicoforza,Potenzia alcune mosse nelle\ntempeste di sabbia.
17,5,160,Spineferrate,"Se chi attacca mette a segno una\nmossa fisica, viene danneggiato."
17,5,161,Stato Zen,"Se il Pokémon è in difficoltà,\nne cambia l’aspetto."
17,5,162,Vittorstella,Aumenta la precisione di chi la\npossiede e quella degli alleati.
17,5,163,Piroturbina,Neutralizza le abilità che\nbloccano le mosse.
17,5,164,Teravolt,Neutralizza le abilità che\nbloccano le mosse.
17,5,165,Aromavelo,Protegge sé e gli alleati da mosse\nche limitano la scelta di attacchi.
17,5,166,Fiorvelo,Evita il calo delle statistiche\ndegli alleati di tipo Erba.
17,5,167,Guancegonfie,Fa recuperare PS quando\nil Pokémon mangia una bacca.
17,5,168,Mutatipo,Cambia il tipo del Pokémon in\nquello della mossa usata.
17,5,169,Foltopelo,Dimezza il danno degli attacchi\nfisici subiti.
17,5,170,Prestigiatore,Ruba lo strumento del Pokémon\nsu cui è stata usata una mossa.
17,5,171,Antiproiettile,Protegge da alcune mosse\na base di proiettili e bombe.
17,5,172,Tenacia,L’Attacco aumenta quando un\nnemico fa calare le statistiche.
17,5,173,Ferromascella,La robusta mascella del Pokémon\npermette morsi molto potenti.
17,5,174,Pellegelo,Le mosse di tipo Normale\ndiventano di tipo Ghiaccio.
17,5,175,Dolcevelo,Impedisce a sé e agli alleati\ndi addormentarsi.
17,5,176,Accendilotta,L’aspetto del Pokémon cambia\nin base alla modalità di lotta.
17,5,177,Aliraffica,Dà priorità alle mosse di tipo\nVolante.
17,5,178,Megalancio,Potenzia le mosse “pulsar”\ne altre come Ondasana.
17,5,179,Peloderba,Aumenta la Difesa durante\nl’effetto di Campo Erboso.
17,5,180,Simbiosi,Il Pokémon può passare il suo\nstrumento a un alleato.
17,5,181,Unghiedure,Potenzia le mosse che causano\nun contatto fisico.
17,5,182,Pellefolletto,Le mosse di tipo Normale\ndiventano di tipo Folletto.
17,5,183,Viscosità,Riduce la Velocità del Pokémon\ncon cui entra in contatto.
17,5,184,Pellecielo,Le mosse di tipo Normale\ndiventano di tipo Volante.
17,5,185,Amorefiliale,Il Pokémon e il suo piccolo\nattaccano insieme.
17,5,186,Auratetra,Potenzia le mosse di tipo Buio\ndi tutti i Pokémon.
17,5,187,Aurafolletto,Potenzia le mosse di tipo Folletto\ndi tutti i Pokémon.
17,5,188,Frangiaura,Inverte gli effetti di tutte\nle aure.
17,6,1,Hedor,Es posible que el rival retroceda\npor el mal olor.
17,6,2,Llovizna,Hace que llueva cuando entra en\ncombate.
17,6,3,Impulso,Aumenta la Velocidad\ngradualmente.
17,6,4,Armadura Batalla,Bloquea golpes críticos.
17,6,5,Robustez,Evita que el rival pueda debilitarle\nde un solo golpe.
17,6,6,Humedad,Evita que un Pokémon pueda\nautodestruirse.
17,6,7,Flexibilidad,Evita ser paralizado.
17,6,8,Velo Arena,Aumenta la Evasión en las\ntormentas de arena.
17,6,9,Elec. Estática,Puede paralizar al mínimo\ncontacto.
17,6,10,Absorbe Elec,Recupera PS al recibir ataques de\ntipo Eléctrico.
17,6,11,Absorbe Agua,Recupera PS al recibir ataques de\ntipo Agua.
17,6,12,Despiste,Evita que el Pokémon sea\natraído o provocado.
17,6,13,Aclimatación,Anula los efectos del tiempo\natmosférico.
17,6,14,Ojo Compuesto,Aumenta la Precisión del\nPokémon.
17,6,15,Insomnio,Evita el quedarse dormido.
17,6,16,Cambio Color,Adopta el tipo del último\nmovimiento del que sea blanco.
17,6,17,Inmunidad,Evita el envenenamiento.
17,6,18,Absorbe Fuego,Potencia movimientos de tipo\nFuego si ha sufrido antes alguno.
17,6,19,Polvo Escudo,Anula el efecto secundario del\nataque sufrido.
17,6,20,Ritmo Propio,Evita ser confundido.
17,6,21,Ventosas,Anula movimientos y objetos que\nfuerzan el relevo.
17,6,22,Intimidación,Baja el Ataque del rival.
17,6,23,Sombra Trampa,Evita que el enemigo huya.
17,6,24,Piel Tosca,Hiere al tacto.
17,6,25,Superguarda,Solo le hacen daño los\nmovimientos supereficaces.
17,6,26,Levitación,Proporciona inmunidad frente a\nlos ataques de tipo Tierra.
17,6,27,Efecto Espora,"Puede dormir, envenenar o\nparalizar al contacto."
17,6,28,Sincronía,"Contagia envenenamiento,\nparálisis o quemaduras."
17,6,29,Cuerpo Puro,Evita que bajen las\ncaracterísticas.
17,6,30,Cura Natural,Cura problemas de estado al\ncambiar de Pokémon.
17,6,31,Pararrayos,Atrae y neutraliza movimientos de\ntipo Eléctrico y sube el At. Esp.
17,6,32,Dicha,Aumenta la probabilidad de que\nhaya efectos secundarios.
17,6,33,Nado Rápido,Sube la Velocidad cuando hay\nlluvia.
17,6,34,Clorofila,Sube la Velocidad cuando hay\nsol.
17,6,35,Iluminación,Aumenta la probabilidad de\nencontrar Pokémon.
17,6,36,Rastro,Copia la habilidad del rival.
17,6,37,Potencia,Aumenta el Ataque.
17,6,38,Punto Tóxico,Puede envenenar al mínimo\ncontacto.
17,6,39,Foco Interno,Evita el retroceso.
17,6,40,Escudo Magma,Evita la congelación.
17,6,41,Velo Agua,Evita las quemaduras.
17,6,42,Imán,Impide huir a los Pokémon de\ntipo Acero.
17,6,43,Insonorizar,Evita ataques de sonido.
17,6,44,Cura Lluvia,Recupera PS de forma gradual\ncuando llueve.
17,6,45,Chorro Arena,Crea una tormenta de arena en\nel combate.
17,6,46,Presión,Hace que los PP del rival se\nacaben antes.
17,6,47,Sebo,Atenúa los ataques de tipo Fuego\ny Hielo.
17,6,48,Madrugar,El Pokémon se despierta\nrápidamente.
17,6,49,Cuerpo Llama,Puede quemar al mínimo\ncontacto.
17,6,50,Fuga,Permite escapar de todos los\nPokémon salvajes.
17,6,51,Vista Lince,Evita que disminuya la Precisión.
17,6,52,Corte Fuerte,Evita que disminuya el Ataque.
17,6,53,Recogida,El Pokémon puede encontrar\nobjetos.
17,6,54,Ausente,El Pokémon no atacará en turnos\nconsecutivos.
17,6,55,Entusiasmo,"Aumenta el Ataque, pero reduce\nla Precisión."
17,6,56,Gran Encanto,Tocar al Pokémon puede causar\nenamoramiento.
17,6,57,Más,Potencia el At. Esp. si algún otro\nPokémon tiene Más o Menos.
17,6,58,Menos,Potencia el At. Esp. si algún otro\nPokémon tiene Más o Menos.
17,6,59,Predicción,Se transforma según el tiempo\natmosférico.
17,6,60,Viscosidad,Protege al Pokémon del robo\nde objetos.
17,6,61,Mudar,Cura los problemas de estado\nmudando la piel.
17,6,62,Agallas,Sube el Ataque si sufre un\nproblema de estado.
17,6,63,Escama Especial,Sube la Defensa si sufre un\nproblema de estado.
17,6,64,Lodo Líquido,Hiere a los Pokémon que drenan\nPS.
17,6,65,Espesura,Potencia los ataques de tipo\nPlanta en un apuro.
17,6,66,Mar Llamas,Potencia los ataques de tipo\nFuego en un apuro.
17,6,67,Torrente,Potencia los ataques de tipo\nAgua en un apuro.
17,6,68,Enjambre,Potencia los ataques de tipo\nBicho en un apuro.
17,6,69,Cabeza Roca,Impide que el Pokémon se dañe\ncon sus movimientos.
17,6,70,Sequía,El sol sale si el Pokémon entra en\ncombate.
17,6,71,Trampa Arena,Evita que el rival huya.
17,6,72,Espíritu Vital,Evita el quedarse dormido.
17,6,73,Humo Blanco,Evita que bajen las\ncaracterísticas.
17,6,74,Energía Pura,Aumenta el Ataque.
17,6,75,Caparazón,Bloquea los golpes críticos.
17,6,76,Bucle Aire,Anula los efectos del tiempo\natmosférico.
17,6,77,Tumbos,Sube la Evasión si el Pokémon\nestá confuso.
17,6,78,Electromotor,Sube la Velocidad si le alcanza\nun ataque eléctrico.
17,6,79,Rivalidad,"Si el objetivo es del mismo sexo,\ninflige más daño."
17,6,80,Impasible,Cada vez que retrocede sube su\nVelocidad.
17,6,81,Manto Níveo,Sube la Evasión durante una\ntormenta de granizo.
17,6,82,Gula,Fomenta el uso rápido de la baya\nque porte.
17,6,83,Irascible,Sube el Ataque al máximo tras un\ngolpe crítico.
17,6,84,Liviano,Sube la Velocidad si usa o pierde\nel objeto que lleve.
17,6,85,Ignífugo,Atenúa los movimientos de tipo\nFuego.
17,6,86,Simple,Aumenta los cambios en las\ncaracterísticas.
17,6,87,Piel Seca,Pierde PS si hace calor. Los\nrecupera con agua.
17,6,88,Descarga,Adapta su fuerza para cada rival.
17,6,89,Puño Férreo,Aumenta la fuerza de los\npuñetazos.
17,6,90,Antídoto,Recupera PS si el Pokémon ha\nsido envenenado.
17,6,91,Adaptable,Potencia los movimientos del\nmismo tipo del Pokémon.
17,6,92,Encadenado,Aumenta la frecuencia de\nlos movimientos múltiples.
17,6,93,Hidratación,Cura los problemas de estado si\nestá lloviendo.
17,6,94,Poder Solar,"Si hace sol, baja los PS, pero\npotencia el At. Esp."
17,6,95,Pies Rápidos,Potencia la Velocidad si hay\nproblemas de estado.
17,6,96,Normalidad,Todos los movimientos se vuelven\nde tipo Normal.
17,6,97,Francotirador,Potencia los movimientos si se\nvuelven críticos.
17,6,98,Muro Mágico,Solo dañan al Pokémon los\nataques directos.
17,6,99,Indefenso,El movimiento del Pokémon y el\ndel rival acertarán.
17,6,100,Rezagado,El Pokémon se mueve tras todos\nlos demás.
17,6,101,Experto,Potencia los movimientos más\ndébiles del Pokémon.
17,6,102,Defensa Hoja,Evita los problemas de estado si\nhace sol.
17,6,103,Zoquete,El Pokémon no puede usar\nobjetos equipados.
17,6,104,Rompemoldes,Usa movimientos sin que importen\nlas habilidades del objetivo.
17,6,105,Afortunado,Aumenta la probabilidad de dar\ngolpes críticos.
17,6,106,Resquicio,Daña al agresor que le ha dado el\ngolpe de gracia.
17,6,107,Anticipación,Prevé los movimientos peligrosos\ndel rival.
17,6,108,Alerta,Determina el movimiento más\npotente del rival.
17,6,109,Ignorante,No tiene en cuenta las mejoras\nen las características del rival.
17,6,110,Cromolente,Potencia los movimientos que no\nson muy eficaces.
17,6,111,Filtro,Mitiga los movimientos\nsupereficaces.
17,6,112,Inicio Lento,Baja a la mitad el Ataque y la\nVelocidad durante un rato.
17,6,113,Intrépido,Movimientos tipo Normal y Lucha\ngolpean a Pokémon Fantasma.
17,6,114,Colector,Atrae y neutraliza los movimientos\nde tipo Agua y sube el At. Esp.
17,6,115,Gélido,Recupera algunos PS cuando hay\ntormentas de granizo.
17,6,116,Roca Sólida,Mitiga los movimientos\nsupereficaces.
17,6,117,Nevada,El Pokémon invoca una tormenta\nde granizo.
17,6,118,Recogemiel,El Pokémon recoge Miel de\ndonde puede.
17,6,119,Cacheo,El Pokémon puede ver el objeto\nque lleva el rival.
17,6,120,Audaz,Potencia los movimientos que\ndañan al usuario.
17,6,121,Multitipo,Cambia el tipo al de la tabla que\nlleve.
17,6,122,Don Floral,Potencia los Pokémon del equipo\nsi está soleado.
17,6,123,Mal Sueño,Reduce los PS de cualquier rival\nque esté dormido.
17,6,124,Hurto,"Al ser golpeado, roba\nel objeto del objetivo."
17,6,125,Potencia Bruta,Sube la potencia y anula los\nefectos secundarios.
17,6,126,Respondón,Invierte los cambios en las\ncaracterísticas.
17,6,127,Nerviosismo,Pone nervioso al rival y le impide\nusar bayas.
17,6,128,Competitivo,Sube el Ataque cuando el rival le\nbaja las características.
17,6,129,Flaqueza,Baja las características al llegar a\nla mitad los PS.
17,6,130,Cuerpo Maldito,Puede anular el movimiento\nusado en su contra.
17,6,131,Alma Cura,A veces cura los cambios\nde estado de un aliado.
17,6,132,Compiescolta,Reduce el daño que sufren los\naliados.
17,6,133,Armadura Frágil,Un ataque físico baja la Defensa\ny sube la Velocidad.
17,6,134,Metal Pesado,Duplica el peso del Pokémon.
17,6,135,Metal Liviano,Reduce a la mitad el peso del\nPokémon.
17,6,136,Compensación,Reduce el daño sufrido si los PS\nestán al máximo.
17,6,137,Ímpetu Tóxico,Aumenta la potencia física si está\nenvenenado.
17,6,138,Ímpetu Ardiente,Potencia los ataques especiales\ncuando el Pokémon se quema.
17,6,139,Cosecha,Permite reutilizar varias veces una\nmisma baya.
17,6,140,Telepatía,Elude los ataques de aliados en\nbatalla.
17,6,141,Veleta,"Sube una característica mucho,\npero baja otra."
17,6,142,Funda,"Protege del polvo, la arena y\nel granizo."
17,6,143,Toque Tóxico,Puede envenenar al objetivo con\nsolo tocarlo.
17,6,144,Regeneración,Recupera unos pocos PS al\ncambiar de Pokémon.
17,6,145,Sacapecho,Protege de los ataques que bajan\nla Defensa.
17,6,146,Ímpetu Arena,Aumenta la Velocidad durante las\ntormentas de arena.
17,6,147,Piel Milagro,Dificulta que le afecten los\nataques de estado.
17,6,148,Cálculo Final,Potencia el movimiento si es el\núltimo en atacar.
17,6,149,Ilusión,Se convierte en el último\nPokémon del equipo.
17,6,150,Impostor,Se transforma en el Pokémon que\ntiene enfrente.
17,6,151,Allanamiento,Ataca rodeando la barrera del\nrival.
17,6,152,Momia,Contagia Momia al rival que lo\ntoque.
17,6,153,Autoestima,Potencia el Ataque al debilitar a\nun objetivo.
17,6,154,Justiciero,Sube el Ataque al recibir uno de\ntipo Siniestro.
17,6,155,Cobardía,El miedo a algunos ataques sube\nsu Velocidad.
17,6,156,Espejo Mágico,Permite devolver los ataques de\nestado.
17,6,157,Herbívoro,Neutraliza los movimientos de\ntipo Planta y sube el Ataque.
17,6,158,Bromista,Permite lanzar ataques de estado\nen primer lugar.
17,6,159,Poder Arena,Potencia algunos movimientos\ndurante las tormentas de arena.
17,6,160,Punta Acero,Hiere al hacer contacto.
17,6,161,Modo Daruma,Cambia de forma en un apuro.
17,6,162,Tinovictoria,Sube la Precisión de todo el\nequipo.
17,6,163,Turbollama,Usa movimientos sin que importen\nlas habilidades.
17,6,164,Terravoltaje,Usa movimientos sin que importen\nlas habilidades.
17,6,165,Velo Aroma,Protege al equipo de ataques\nque impiden elegir movimientos.
17,6,166,Velo Flor,Evita que bajen las características\nde Pokémon tipo Planta aliados.
17,6,167,Carrillo,Recupera PS al comer bayas.
17,6,168,Mutatipo,Cambia su tipo al del movimiento\nque acaba de usar.
17,6,169,Pelaje Recio,Reduce a la mitad el daño\nrecibido por ataques físicos.
17,6,170,Prestidigitador,Roba el objeto del Pokémon al\nque alcance con un movimiento.
17,6,171,Antibalas,No le afectan las bombas ni\nalgunos proyectiles.
17,6,172,Tenacidad,Aumenta su At. Esp. cuando\ndisminuyen otras características.
17,6,173,Mandíbula Fuerte,Su robusta mandíbula le confiere\nuna potente mordedura.
17,6,174,Piel Helada,Convierte movimientos de tipo\nNormal en tipo Hielo.
17,6,175,Velo Dulce,Evita que tu equipo Pokémon\nse duerma.
17,6,176,Cambio Táctico,Cambia de forma según su estilo\nde combate.
17,6,177,Alas Vendaval,Da prioridad a los movimientos de\ntipo Volador.
17,6,178,Megadisparador,Aumenta la potencia de algunos\nmovimientos de pulsos y auras.
17,6,179,Manto Frondoso,Aumenta la Defensa mientras dura\nel efecto de Campo de Hierba.
17,6,180,Simbiosis,El Pokémon puede pasar su\nobjeto a un aliado.
17,6,181,Garra Dura,Aumenta la potencia de los\nmovimientos de contacto directo.
17,6,182,Piel Feérica,Convierte movimientos de tipo\nNormal en tipo Hada.
17,6,183,Baba,Baja la Velocidad del Pokémon\ncon el que entra en contacto.
17,6,184,Piel Celeste,Convierte movimientos de tipo\nNormal en tipo Volador.
17,6,185,Amor Filial,Ataque en familia.
17,6,186,Aura Oscura,Aumenta la potencia de todos los\nmovimientos de tipo Siniestro.
17,6,187,Aura Feérica,Aumenta la potencia de todos los\nmovimientos de tipo Hada.
17,6,188,Rompeaura,Invierte los efectos que causan\nlas auras.
17,7,1,악취,악취 때문에 상대가\n풀죽을 때가 있다.
17,7,2,잔비,배틀에 나가면\n비를 내린다.
17,7,3,가속,조금씩\n스피드가 높아진다.
17,7,4,전투무장,상대의 공격이\n급소에 맞지 않는다.
17,7,5,옹골참,일격으로\n쓰러지지 않는다.
17,7,6,습기,누구도 폭발\n할 수 없게 된다.
17,7,7,유연,마비 상태가\n되지 않는다.
17,7,8,모래숨기,모래바람으로\n회피율이 올라간다.
17,7,9,정전기,접촉한 상대를\n마비시킬 때가 있다.
17,7,10,축전,전기를 받으면\n회복한다.
17,7,11,저수,물을 받으면\n회복한다.
17,7,12,둔감,헤롱헤롱이나 도발 상태가\n되지 않는다.
17,7,13,날씨부정,날씨의 영향이\n없어진다.
17,7,14,복안,기술의 명중률이\n올라간다.
17,7,15,불면,잠듦 상태가\n되지 않는다.
17,7,16,변색,받은 기술의 타입으로\n변화한다.
17,7,17,면역,독 상태가\n되지 않는다.
17,7,18,타오르는불꽃,불꽃을 받으면\n불꽃 기술이 강해진다.
17,7,19,인분,기술의 추가 효과를\n받지 않는다.
17,7,20,마이페이스,혼란 상태가\n되지 않는다.
17,7,21,흡반,교체시키는 기술이나 도구의\n효과를 받지 않는다.
17,7,22,위협,상대의 공격을\n떨어뜨린다.
17,7,23,그림자밟기,상대의 그림자를 밟아\n도망칠 수 없게 한다.
17,7,24,까칠한피부,접촉한 상대에게\n상처를 입힌다.
17,7,25,불가사의부적,효과가 굉장한 기술밖에\n맞지 않는다.
17,7,26,부유,땅타입의 기술을\n받지 않는다.
17,7,27,포자,"스치면 독, 마비, 잠듦\n상태가 될 때가 있다."
17,7,28,싱크로,"독, 마비, 화상을\n상대에게 옮긴다."
17,7,29,클리어바디,상대가 능력을\n떨어뜨릴 수 없다.
17,7,30,자연회복,배틀에서 일단 물러나면\n상태 이상이 회복된다.
17,7,31,피뢰침,전기를 끌어모아\n특수공격을 올린다.
17,7,32,하늘의은총,기술의 추가 효과가\n나오기 쉽다.
17,7,33,쓱쓱,비가 올 때 스피드가\n올라간다.
17,7,34,엽록소,맑을 때 스피드가\n올라간다.
17,7,35,발광,야생 포켓몬과\n만나기 쉬워진다.
17,7,36,트레이스,상대와 같은\n특성이 된다.
17,7,37,천하장사,물리공격의\n위력이 올라간다.
17,7,38,독가시,접촉한 상대를\n중독시킬 때가 있다.
17,7,39,정신력,풀죽지 않는다.
17,7,40,마그마의무장,얼음 상태가\n되지 않는다.
17,7,41,수의베일,화상 상태가\n되지 않는다.
17,7,42,자력,강철의 포켓몬을\n도망칠 수 없게 한다.
17,7,43,방음,소리 기술을\n받지 않는다.
17,7,44,젖은접시,비가 올 때 조금씩\nHP를 회복한다.
17,7,45,모래날림,배틀에서 모래바람을\n일으킨다.
17,7,46,프레셔,상대가 사용하는 기술의\nPP를 많이 줄인다.
17,7,47,두꺼운지방,불꽃과 얼음타입의\n기술에 강하다.
17,7,48,일찍기상,잠듦 상태에서\n빨리 깨어난다.
17,7,49,불꽃몸,접촉한 상대에게\n화상을 입힐 때가 있다.
17,7,50,도주,야생 포켓몬으로부터\n반드시 도망칠 수 있다.
17,7,51,날카로운눈,명중률이\n떨어지지 않는다.
17,7,52,괴력집게,상대가 공격을\n떨어뜨리지 못한다.
17,7,53,픽업,도구를 주워올\n때가 있다.
17,7,54,게으름,연속으로\n공격할 수 없다.
17,7,55,의욕,공격은 높지만\n빗나가기 쉽다.
17,7,56,헤롱헤롱바디,스치면 헤롱헤롱 상태가\n될 때가 있다.
17,7,57,플러스,플러스나 마이너스가 있으면\n특수공격이 올라간다.
17,7,58,마이너스,플러스나 마이너스가 있으면\n특수공격이 올라간다.
17,7,59,기분파,날씨에 따라\n캐스퐁이 변화한다.
17,7,60,점착,달라붙어서\n도구를 지킨다.
17,7,61,탈피,상태 이상을\n회복할 때가 있다.
17,7,62,근성,상태 이상이 되면\n공격이 올라간다.
17,7,63,이상한비늘,상태 이상이 되면\n방어가 올라간다.
17,7,64,해감액,흡수한 상대의\nHP를 줄인다.
17,7,65,심록,위급할 때 풀타입의\n위력이 올라간다.
17,7,66,맹화,위급할 때 불꽃타입의\n위력이 올라간다.
17,7,67,급류,위급할 때 물타입의\n위력이 올라간다.
17,7,68,벌레의알림,위급할 때 벌레타입의\n위력이 올라간다.
17,7,69,돌머리,부딪쳐도\n반동을 받지 않는다.
17,7,70,가뭄,배틀에 나가면\n햇살이 강해진다.
17,7,71,개미지옥,배틀에서 상대를\n도망칠 수 없게 한다.
17,7,72,의기양양,잠듦 상태가\n되지 않는다.
17,7,73,하얀연기,상대가 능력을\n떨어뜨릴 수 없다.
17,7,74,순수한힘,물리공격의\n위력이 올라간다.
17,7,75,조가비갑옷,상대의 공격이\n급소에 맞지 않는다.
17,7,76,에어록,날씨의 영향이\n없어진다.
17,7,77,갈지자걸음,혼란에 빠져있으면\n회피하기 쉬워진다.
17,7,78,전기엔진,전기를 받으면\n스피드가 올라간다.
17,7,79,투쟁심,상대와 성별이\n같으면 강해진다.
17,7,80,불굴의마음,풀죽을 때마다\n스피드가 올라간다.
17,7,81,눈숨기,날씨가 싸라기눈일 때\n회피율이 올라간다.
17,7,82,먹보,나무열매를 여느 때보다\n빨리 사용한다.
17,7,83,분노의경혈,급소에 맞으면\n공격이 올라간다.
17,7,84,곡예,도구가 없어지면\n스피드가 올라간다.
17,7,85,내열,불꽃 기술의\n위력을 약하게 한다.
17,7,86,단순,능력 변화가\n여느 때보다 심하다.
17,7,87,건조피부,더우면 HP가 줄어든다.\n물로 HP를 회복한다.
17,7,88,다운로드,상대의 능력을 보고\n능력치를 바꾼다.
17,7,89,철주먹,펀치를 사용하는 기술의\n위력이 올라간다.
17,7,90,포이즌힐,독 상태가 되면\nHP를 회복한다.
17,7,91,적응력,타입이 같은 기술의\n위력이 올라간다.
17,7,92,스킬링크,연속 기술을\n많이 쓸 수 있다.
17,7,93,촉촉바디,비가 오면\n상태 이상이 회복된다.
17,7,94,선파워,맑으면 HP가 줄지만\n특수공격이 올라간다.
17,7,95,속보,상태 이상이 되면\n스피드가 올라간다.
17,7,96,노말스킨,쓴 기술이 모두\n노말타입이 된다.
17,7,97,스나이퍼,급소에 맞혔을 때\n위력이 올라간다.
17,7,98,매직가드,공격 이외에는\n데미지를 입지 않는다.
17,7,99,노가드,서로의 기술이\n반드시 맞는다.
17,7,100,시간벌기,상대보다 재빨라도\n행동이 느려진다.
17,7,101,테크니션,약한 기술의\n위력이 올라간다.
17,7,102,리프가드,맑을 때는\n상태 이상이 되지 않는다.
17,7,103,서투름,지니고 있는 도구를\n쓸 수 없다.
17,7,104,틀깨기,특성에 관계없이 상대에게\n기술을 쓸 수 있다.
17,7,105,대운,상대의 급소에\n공격이 맞기 쉽다.
17,7,106,유폭,기절할 때 스친\n상대에게 데미지를 준다.
17,7,107,위험예지,상대가 지닌 위험한\n기술을 감지한다.
17,7,108,예지몽,상대가 지닌 기술을\n꿰뚫어볼 수 있다.
17,7,109,천진,상대의 능력\n변화를 무시한다.
17,7,110,색안경,효과가 별로인 기술이\n강해진다.
17,7,111,필터,효과가 굉장한 기술의\n위력을 약하게 한다.
17,7,112,슬로스타트,공격과 스피드가\n잠시 동안 절반이 된다.
17,7,113,배짱,고스트타입에\n노말 기술이 맞는다.
17,7,114,마중물,물을 끌어모아\n특수공격을 올린다.
17,7,115,아이스바디,싸라기눈일 때 HP를\n조금씩 회복한다.
17,7,116,하드록,효과가 굉장한 기술의\n위력을 약하게 한다.
17,7,117,눈퍼뜨리기,배틀에 나가면\n싸라기눈을 내리게 한다.
17,7,118,꿀모으기,달콤한꿀을 모아서\n올 때가 있다.
17,7,119,통찰,상대가 지닌 물건을\n알 수 있다.
17,7,120,이판사판,반동 데미지를\n받는 기술이 강해진다.
17,7,121,멀티타입,지니고 있는 플레이트에\n따라 타입이 바뀐다.
17,7,122,플라워기프트,맑을 때 자신과\n같은 편이 강해진다.
17,7,123,나이트메어,잠들어 있는 상대의\nHP를 줄인다.
17,7,124,나쁜손버릇,닿은 상대로부터\n도구를 훔친다.
17,7,125,우격다짐,힘이 강해지지만\n추가 효과가 없어진다.
17,7,126,심술꾸러기,능력의 변화가\n역전된다.
17,7,127,긴장감,상대를 긴장시켜 나무열매를\n먹지 못하게 한다.
17,7,128,오기,능력이 떨어지면\n공격이 올라간다.
17,7,129,무기력,HP가 절반이 되면\n능력이 떨어진다.
17,7,130,저주받은바디,공격받으면 가끔 상대를\n사슬묶기 상태로 만든다.
17,7,131,치유의마음,같은 편의 상태 이상을\n가끔 회복시킨다.
17,7,132,프렌드가드,같은 편의 데미지를\n줄일 수 있다.
17,7,133,깨어진갑옷,물리 기술을 받으면 방어가\n떨어지고 스피드가 올라간다.
17,7,134,헤비메탈,자신의 무게가\n2배가 된다.
17,7,135,라이트메탈,자신의 무게가\n절반이 된다.
17,7,136,멀티스케일,HP가 꽉 찼을 때\n데미지가 줄어든다.
17,7,137,독폭주,독 상태일 때 물리공격의\n위력이 올라간다.
17,7,138,열폭주,화상 상태일 때 특수공격의\n위력이 올라간다.
17,7,139,수확,사용한 나무열매를\n몇 번이고 만들어 낸다.
17,7,140,텔레파시,같은 편의 공격의 낌새를\n읽고 기술을 받지 않는다.
17,7,141,변덕쟁이,능력이\n오르락내리락한다.
17,7,142,방진,먼지나 가루를\n막는다.
17,7,143,독수,접촉하기만 해도 상대를\n독 상태로 만들 때가 있다.
17,7,144,재생력,볼에 넣으면 HP가\n조금 회복된다.
17,7,145,부풀린가슴,방어를 떨어뜨리는\n공격을 받지 않는다.
17,7,146,모래헤치기,모래바람으로\n스피드가 올라간다.
17,7,147,미라클스킨,변화 기술을 받기 어려운\n몸으로 되어 있다.
17,7,148,애널라이즈,제일 마지막에\n기술을 쓰면 강해진다.
17,7,149,일루전,뒤의 포켓몬으로\n둔갑하여 나온다.
17,7,150,괴짜,눈앞의 포켓몬으로\n변신해버린다.
17,7,151,틈새포착,상대의 벽을\n뚫고 공격한다.
17,7,152,미라,상대의 기술을 받으면\n상대를 미라로 만든다.
17,7,153,자기과신,상대를 쓰러뜨리면\n공격이 올라간다.
17,7,154,정의의마음,악 기술을 받으면\n공격이 올라간다.
17,7,155,주눅,주눅이 들어 스피드가\n올라가는 타입이 있다.
17,7,156,매직미러,변화 기술을\n되받아칠 수 있다.
17,7,157,초식,풀 기술을 받으면\n공격이 올라간다.
17,7,158,짓궂은마음,변화 기술을 먼저\n쓸 수 있다.
17,7,159,모래의힘,모래바람으로 위력이\n올라가는 기술이 있다.
17,7,160,철가시,접촉한 상대에게\n상처를 입힌다.
17,7,161,달마모드,위급할 때\n모습이 변화한다.
17,7,162,승리의별,자신과 같은 편의\n명중률이 올라간다.
17,7,163,터보블레이즈,특성에 관계없이 상대에게\n기술을 쓸 수 있다.
17,7,164,테라볼티지,특성에 관계없이 상대에게\n기술을 쓸 수 있다.
17,7,165,아로마베일,같은 편으로 향하는\n멘탈 공격을 막는다.
17,7,166,플라워베일,같은 편의 풀타입 포켓몬은\n능력이 떨어지지 않는다.
17,7,167,볼주머니,나무열매를 먹으면\nHP도 회복한다.
17,7,168,변환자재,사용한 기술과 같은\n타입으로 변화한다.
17,7,169,퍼코트,물리 기술의 데미지가\n절반이 된다.
17,7,170,매지션,기술을 맞은 상대의\n도구를 빼앗아 버린다.
17,7,171,방탄,구슬이나 폭탄에\n맞지 않는다.
17,7,172,승기,능력이 떨어지면\n특수공격이 올라간다.
17,7,173,옹골찬턱,턱이 튼튼하여\n무는 힘이 강하다.
17,7,174,프리즈스킨,노말타입의 기술이\n얼음타입이 된다.
17,7,175,스위트베일,같은 편의 포켓몬이\n잠들지 않게 된다.
17,7,176,배틀스위치,배틀모드에서\n모습이 바뀐다.
17,7,177,질풍날개,비행타입의 기술이\n먼저 나오게 된다.
17,7,178,메가런처,파동 기술의\n위력이 크다.
17,7,179,풀모피,그래스필드일 때\n방어가 올라간다.
17,7,180,공생,같은 편에게 도구를\n건넬 수 있게 된다.
17,7,181,단단한발톱,접촉하는 기술의\n위력이 올라간다.
17,7,182,페어리스킨,노말타입의 기술이\n페어리타입이 된다.
17,7,183,미끈미끈,접촉한 상대의\n스피드를 떨어뜨린다.
17,7,184,스카이스킨,노말타입의 기술이\n비행타입이 된다.
17,7,185,부자유친,부모와 자식 2마리가\n공격한다.
17,7,186,다크오라,전원의 악타입\n기술이 강해진다.
17,7,187,페어리오라,전원의 페어리타입\n기술이 강해진다.
17,7,188,오라브레이크,오라의 효과가\n반대가 된다.
17,8,1,あくしゅう,臭くて　相手が\nひるむ　ことがある。
17,8,2,あめふらし,戦闘に　でると\n雨を　降らす。
17,8,3,かそく,ちょっとずつ\n素早く　なっていく。
17,8,4,カブトアーマー,相手の　攻撃が\n急所に　当たらない。
17,8,5,がんじょう,一撃で　倒されない。\n
17,8,6,しめりけ,だれも　爆発が\nできなくなる。
17,8,7,じゅうなん,まひ状態に\nならない。
17,8,8,すながくれ,砂あらしで\n回避率が　あがる。
17,8,9,せいでんき,触った　相手を\nまひさせる　ことがある。
17,8,10,ちくでん,でんきを　受けると\n回復する。
17,8,11,ちょすい,みずを　受けると\n回復する。
17,8,12,どんかん,メロメロや　ちょうはつ\n状態に　ならない。
17,8,13,ノーてんき,天気の　影響が\nなくなる。
17,8,14,ふくがん,技の　命中率が\nあがる。
17,8,15,ふみん,ねむり状態に\nならない。
17,8,16,へんしょく,受けた　技の　タイプに\n変化する。
17,8,17,めんえき,どく状態に\nならない。
17,8,18,もらいび,ほのおを　受けると\nほのお技が　強くなる。
17,8,19,りんぷん,技の　追加効果を\n受けない。
17,8,20,マイペース,混乱状態に\nならない。
17,8,21,きゅうばん,入れ替えさせる　技や\n道具が　効かない。
17,8,22,いかく,相手の　攻撃を\nさげる。
17,8,23,かげふみ,相手の　影をふみ\n逃げられなくする。
17,8,24,さめはだ,触れた　相手を\nキズつける。
17,8,25,ふしぎなまもり,効果バツグン　しか\n当たらない。
17,8,26,ふゆう,じめんタイプの　技を\n受けない。
17,8,27,ほうし,触れると　どく　まひ\nねむりに　することがある。
17,8,28,シンクロ,どく　まひ　やけどを\n相手に　うつす。
17,8,29,クリアボディ,相手に　能力を\nさげられない。
17,8,30,しぜんかいふく,状態異常が\nひっこむと　治る。
17,8,31,ひらいしん,でんきを　呼び込んで\n特攻を　あげる。
17,8,32,てんのめぐみ,技の　追加効果が\nでやすい。
17,8,33,すいすい,雨のとき　素早さが\nあがる。
17,8,34,ようりょくそ,晴れのとき　素早さが\nあがる。
17,8,35,はっこう,野生の　ポケモンに\n遭遇しやすくなる。
17,8,36,トレース,相手と　同じ\n特性に　なる。
17,8,37,ちからもち,物理攻撃の\n威力が　あがる。
17,8,38,どくのトゲ,触れた　相手に　どくを\nおわせる　ことがある。
17,8,39,せいしんりょく,ひるまない。\n
17,8,40,マグマのよろい,こおり状態に\nならない。
17,8,41,みずのベール,やけど状態に\nならない。
17,8,42,じりょく,はがねの　ポケモンを\n逃げられなくする。
17,8,43,ぼうおん,音の　技を\n受けない。
17,8,44,あめうけざら,雨のとき　少しずつ\nＨＰを　回復する。
17,8,45,すなおこし,戦闘で　砂あらしを\nおこす。
17,8,46,プレッシャー,相手の　使う　技の\nＰＰを　多く　減らす。
17,8,47,あついしぼう,ほのおと　こおりタイプの\n技に　強い。
17,8,48,はやおき,起きるのが　早くなる。\n
17,8,49,ほのおのからだ,触れた　相手を　やけど\nさせることがある。
17,8,50,にげあし,野生の　ポケモンから\n必ず　逃げられる。
17,8,51,するどいめ,命中率を\nさげられない。
17,8,52,かいりきバサミ,相手に　攻撃を\nさげられない。
17,8,53,ものひろい,道具を　拾ってくる\nことが　ある。
17,8,54,なまけ,攻撃が　連続で\nだせない。
17,8,55,はりきり,攻撃は　たかいが\nはずれやすい。
17,8,56,メロメロボディ,触れると　メロメロに\nすることがある。
17,8,57,プラス,プラスかマイナスがいると\n特攻が　あがる。
17,8,58,マイナス,プラスかマイナスがいると\n特攻が　あがる。
17,8,59,てんきや,天気で　ポワルンが\n変化する。
17,8,60,ねんちゃく,ねんちゃくして\n道具を　守る。
17,8,61,だっぴ,状態異常を\n治すことが　ある。
17,8,62,こんじょう,状態異常で\n攻撃が　あがる。
17,8,63,ふしぎなうろこ,状態異常で\n防御が　あがる。
17,8,64,ヘドロえき,吸いとった　相手の\nＨＰを　減らす。
17,8,65,しんりょく,ピンチのとき　くさの\n威力が　あがる。
17,8,66,もうか,ピンチのとき　ほのおの\n威力が　あがる。
17,8,67,げきりゅう,ピンチのとき　みずの\n威力が　あがる。
17,8,68,むしのしらせ,ピンチのとき　むしの\n威力が　あがる。
17,8,69,いしあたま,ぶつかっても\n反動を　受けない。
17,8,70,ひでり,戦闘に　でると\n日差しが　強くなる。
17,8,71,ありじごく,戦闘で　相手を\n逃げられなくする。
17,8,72,やるき,ねむり状態に\nならない。
17,8,73,しろいけむり,相手に　能力を\nさげられない。
17,8,74,ヨガパワー,物理攻撃の\n威力が　あがる。
17,8,75,シェルアーマー,相手の　攻撃が\n急所に　当たらない。
17,8,76,エアロック,天気の　影響が\nなくなる。
17,8,77,ちどりあし,混乱していると\n回避しやすくなる。
17,8,78,でんきエンジン,でんきを　受けると\n素早さが　あがる。
17,8,79,とうそうしん,相手と　性別が\n同じだと　強くなる。
17,8,80,ふくつのこころ,ひるむ　たびに\n素早さが　あがる。
17,8,81,ゆきがくれ,天気が　あられのとき\n回避率が　あがる。
17,8,82,くいしんぼう,きのみを　いつもより\n早く　使う。
17,8,83,いかりのつぼ,急所に　受けると\n攻撃が　あがる。
17,8,84,かるわざ,道具が　なくなると\n素早さが　あがる。
17,8,85,たいねつ,ほのお技の\n威力を　弱める。
17,8,86,たんじゅん,能力　変化が\nいつもより　はげしい。
17,8,87,かんそうはだ,あついと　ＨＰが　減る。\nみずで　ＨＰを　回復。
17,8,88,ダウンロード,相手の　能力を　みて\n強さを　変える。
17,8,89,てつのこぶし,パンチを　使う　技の\n威力が　あがる。
17,8,90,ポイズンヒール,どく状態に　なると\nＨＰを　回復する。
17,8,91,てきおうりょく,タイプが　同じ　技の\n威力が　あがる。
17,8,92,スキルリンク,連続技を\nたくさん　だせる。
17,8,93,うるおいボディ,状態異常が\n雨の　とき　治る。
17,8,94,サンパワー,晴れると　ＨＰが　減るが\n特攻が　あがる。
17,8,95,はやあし,状態異常で\n素早さが　あがる。
17,8,96,ノーマルスキン,だした技が　すべて\nノーマルタイプに　なる。
17,8,97,スナイパー,急所に　当てたとき\n威力が　あがる。
17,8,98,マジックガード,攻撃　以外では\nダメージを　受けない。
17,8,99,ノーガード,お互いの　技が\n必ず　当たる。
17,8,100,あとだし,相手より　素早くても\n行動が　遅くなる。
17,8,101,テクニシャン,弱い　技の\n威力が　あがる。
17,8,102,リーフガード,晴れのとき\n状態異常に　ならない。
17,8,103,ぶきよう,持っている　道具を\n使うことが　できない。
17,8,104,かたやぶり,特性に　関係なく\n相手に　技を　だせる。
17,8,105,きょううん,相手の　急所に\n攻撃が　当たりやすい。
17,8,106,ゆうばく,ひんしの　ときに　触れた\n相手に　ダメージ。
17,8,107,きけんよち,相手の　持つ　危険な\n技を　察知する。
17,8,108,よちむ,相手の　持つ　技を\n読み取ることが　できる。
17,8,109,てんねん,相手の　能力の\n変化を　無視する。
17,8,110,いろめがね,効果いまひとつ　のとき\n技を　強める。
17,8,111,フィルター,効果バツグン　のとき\n威力を　弱める。
17,8,112,スロースタート,攻撃と　素早さが\nしばらく　半分になる。
17,8,113,きもったま,ゴーストタイプに\nノーマル技が　当たる。
17,8,114,よびみず,みずを　呼び込んで\n特攻を　あげる。
17,8,115,アイスボディ,あられのとき　ＨＰを\n少しずつ　回復。
17,8,116,ハードロック,効果バツグン　のとき\n威力を　弱める。
17,8,117,ゆきふらし,戦闘に　でると\nあられを　降らす。
17,8,118,みつあつめ,あまいミツを　集めて\nくることが　ある。
17,8,119,おみとおし,相手の　持ち物を\n知ることが　できる。
17,8,120,すてみ,反動で　ダメージを\n受ける技が　強くなる。
17,8,121,マルチタイプ,持っている　プレートで\nタイプが　変わる。
17,8,122,フラワーギフト,晴れのとき　自分と\n味方が　強くなる。
17,8,123,ナイトメア,ねむっている　相手の\nＨＰを　減らす。
17,8,124,わるいてぐせ,触られた　相手から\n道具を　盗む。
17,8,125,ちからずく,力が　強くなるが\n追加効果が　なくなる。
17,8,126,あまのじゃく,能力の　変化が\n逆転する。
17,8,127,きんちょうかん,相手を　緊張させ\nきのみを　食べさせない。
17,8,128,まけんき,能力が　さがると\n攻撃が　あがる。
17,8,129,よわき,ＨＰが　半分になると\n能力が　さがる。
17,8,130,のろわれボディ,攻撃されると　たまに\nかなしばりにする。
17,8,131,いやしのこころ,状態異常の\n味方を　たまに　治す。
17,8,132,フレンドガード,味方の　ダメージを\n減らすことができる。
17,8,133,くだけるよろい,物理技で　防御がさがり\n素早さが　あがる。
17,8,134,ヘヴィメタル,自分の　重さが\n２倍に　なる。
17,8,135,ライトメタル,自分の　重さが\n半分に　なる。
17,8,136,マルチスケイル,ＨＰが　満タンのときに\nダメージが　少なくなる。
17,8,137,どくぼうそう,どくのとき　物理の\n威力が　あがる。
17,8,138,ねつぼうそう,やけどのとき　特殊の\n威力が　あがる。
17,8,139,しゅうかく,使った　きのみを\n何回も　つくりだす。
17,8,140,テレパシー,味方の　攻撃を\n読み取って　受けない。
17,8,141,ムラっけ,能力が　あがったり\nさがったりする。
17,8,142,ぼうじん,ちりや　粉を\n防ぐ。
17,8,143,どくしゅ,触るだけで　相手を\nどくにすることがある。
17,8,144,さいせいりょく,ひっこめると ＨＰが\n少し　回復する。
17,8,145,はとむね,防御を　さげる\n攻撃を　受けない。
17,8,146,すなかき,砂あらしで\n素早さが　あがる。
17,8,147,ミラクルスキン,変化技を　受けにくい\n体に　なっている。
17,8,148,アナライズ,一番　最後に\n技をだすと　強くなる。
17,8,149,イリュージョン,後ろの　ポケモンに\nなりきって　でてくる。
17,8,150,かわりもの,目の前の　ポケモンに\n変身してしまう。
17,8,151,すりぬけ,相手の　かべを\nすりぬけて　攻撃。
17,8,152,ミイラ,相手に　触られると\n相手を　ミイラにする。
17,8,153,じしんかじょう,相手を　倒すと\n攻撃が　あがる。
17,8,154,せいぎのこころ,あくを　受けると\n攻撃が　あがる。
17,8,155,びびり,びびって　素早さが\nあがる　タイプがある。
17,8,156,マジックミラー,変化技を　返す\nことが　できる。
17,8,157,そうしょく,くさの　技を　受けると\n攻撃が　あがる。
17,8,158,いたずらごころ,変化技を　先制で\nだすことが　できる。
17,8,159,すなのちから,砂あらしで　威力が\nあがる　技がある。
17,8,160,てつのトゲ,触れた　相手を\nキズつける。
17,8,161,ダルマモード,ピンチに　なると\n姿が　変化する。
17,8,162,しょうりのほし,自分や　味方の\n命中が　あがる。
17,8,163,ターボブレイズ,特性に　関係なく\n相手に　技を　だせる。
17,8,164,テラボルテージ,特性に　関係なく\n相手に　技を　だせる。
17,8,165,アロマベール,味方への　メンタル\n攻撃を　防ぐ。
17,8,166,フラワーベール,味方の　草ポケモンは\n能力が　さがらない。
17,8,167,ほおぶくろ,きのみを　食べると\nＨＰも　回復する。
17,8,168,へんげんじざい,だした　技と　同じ\nタイプに　変化する。
17,8,169,ファーコート,物理技の　ダメージが\n半分になる。
17,8,170,マジシャン,技を　当てた　相手の\n道具を　奪ってしまう。
17,8,171,ぼうだん,たまや　ばくだんに\n当たらない。
17,8,172,かちき,能力が　さがると\n特攻が　あがる。
17,8,173,がんじょうあご,あごが　頑丈で\nかむ　力が　強い。
17,8,174,フリーズスキン,ノーマルタイプの　技が\nこおりタイプに　なる。
17,8,175,スイートベール,味方の　ポケモンは\n眠らなくなる。
17,8,176,バトルスイッチ,戦闘モードで\n姿が　変わる。
17,8,177,はやてのつばさ,ひこうタイプの　技が\n先制で　だせる。
17,8,178,メガランチャー,はどうの　技の\n威力が　高い。
17,8,179,くさのけがわ,グラスフィールドの時\n防御が　あがる。
17,8,180,きょうせい,味方に　道具を\n渡せるように　なる。
17,8,181,かたいツメ,接触する　技の\n威力が　あがる。
17,8,182,フェアリースキン,ノーマルタイプの　技が\nフェアリータイプになる。
17,8,183,ぬめぬめ,触れた　相手の\n素早さを　さげる。
17,8,184,スカイスキン,ノーマルタイプの　技が\nひこうタイプになる。
17,8,185,おやこあい,親子　２匹で\n攻撃する。
17,8,186,ダークオーラ,全員の　あくタイプの\n技が　強くなる。
17,8,187,フェアリーオーラ,全員の　フェアリー\n技が　強くなる。
17,8,188,オーラブレイク,オーラの　効果が\n逆に　なる。
18,1,1,あくしゅう,くさくて　あいてが\nひるむ　ことがある。
18,1,2,あめふらし,せんとうに　でると\nあめを　ふらす。
18,1,3,かそく,ちょっとずつ\nすばやく　なっていく。
18,1,4,カブトアーマー,あいての　こうげきが\nきゅうしょに　あたらない。
18,1,5,がんじょう,いちげきで\nたおされない。
18,1,6,しめりけ,だれも　ばくはつが\nできなくなる。
18,1,7,じゅうなん,まひ　じょうたいに\nならない。
18,1,8,すながくれ,すなあらしで\nかいひりつが　あがる。
18,1,9,せいでんき,さわった　あいてを\nまひさせる　ことがある。
18,1,10,ちくでん,でんきを　うけると\nかいふくする。
18,1,11,ちょすい,みずを　うけると\nかいふくする。
18,1,12,どんかん,メロメロや　ちょうはつ\nじょうたいに　ならない。
18,1,13,ノーてんき,てんきの　えいきょうが\nなくなる。
18,1,14,ふくがん,わざの　めいちゅうりつが\nあがる。
18,1,15,ふみん,ねむり　じょうたいに\nならない。
18,1,16,へんしょく,うけた　わざの　タイプに\nへんかする。
18,1,17,めんえき,どく　じょうたいに\nならない。
18,1,18,もらいび,ほのおを　うけると\nほのおわざが　つよくなる。
18,1,19,りんぷん,わざの　ついかこうかを\nうけない。
18,1,20,マイペース,こんらん　じょうたいに\nならない。
18,1,21,きゅうばん,いれかえさせる　わざや\nどうぐが　きかない。
18,1,22,いかく,あいての　こうげきを\nさげる。
18,1,23,かげふみ,あいての　かげをふみ\nにげられなくする。
18,1,24,さめはだ,ふれた　あいてを\nキズつける。
18,1,25,ふしぎなまもり,こうかばつぐん　しか\nあたらない。
18,1,26,ふゆう,じめんタイプの　わざを\nうけない。
18,1,27,ほうし,ふれると　どく　まひ\nねむりに　することがある。
18,1,28,シンクロ,どく　まひ　やけどを\nあいてに　うつす。
18,1,29,クリアボディ,あいてに　のうりょくを\nさげられない。
18,1,30,しぜんかいふく,じょうたい　いじょうが\nひっこむと　なおる。
18,1,31,ひらいしん,でんきを　よびこんで\nとくこうを　あげる。
18,1,32,てんのめぐみ,わざの　ついかこうかが\nでやすい。
18,1,33,すいすい,あめのとき　すばやさが\nあがる。
18,1,34,ようりょくそ,はれのとき　すばやさが\nあがる。
18,1,35,はっこう,やせいの　ポケモンに\nそうぐう　しやすくなる。
18,1,36,トレース,あいてと　おなじ\nとくせいに　なる。
18,1,37,ちからもち,ぶつり　こうげきの\nいりょくが　あがる。
18,1,38,どくのトゲ,ふれた　あいてに　どくを\nおわせる　ことがある。
18,1,39,せいしんりょく,ひるまない。\n
18,1,40,マグマのよろい,こおり　じょうたいに\nならない。
18,1,41,みずのベール,やけど　じょうたいに\nならない。
18,1,42,じりょく,はがねの　ポケモンを\nにげられなくする。
18,1,43,ぼうおん,おとの　わざを\nうけない。
18,1,44,あめうけざら,あめのとき　すこしずつ\nＨＰを　かいふくする。
18,1,45,すなおこし,せんとうで　すなあらしを\nおこす。
18,1,46,プレッシャー,あいての　つかう　わざの\nＰＰを　おおく　へらす。
18,1,47,あついしぼう,ほのおと　こおりタイプの\nわざに　つよい。
18,1,48,はやおき,おきるのが　はやくなる。\n
18,1,49,ほのおのからだ,ふれた　あいてを　やけど\nさせることがある。
18,1,50,にげあし,やせいの　ポケモンから\nかならず　にげられる。
18,1,51,するどいめ,めいちゅうりつを\nさげられない。
18,1,52,かいりきバサミ,あいてに　こうげきを\nさげられない。
18,1,53,ものひろい,どうぐを　ひろってくる\nことが　ある。
18,1,54,なまけ,こうげきが　れんぞくで\nだせない。
18,1,55,はりきり,こうげきは　たかいが\nはずれやすい。
18,1,56,メロメロボディ,ふれると　メロメロに\nすることがある。
18,1,57,プラス,プラスかマイナスがいると\nとくこうが　あがる。
18,1,58,マイナス,プラスかマイナスがいると\nとくこうが　あがる。
18,1,59,てんきや,てんきで　ポワルンが\nへんかする。
18,1,60,ねんちゃく,ねんちゃくして\nどうぐを　まもる。
18,1,61,だっぴ,じょうたい　いじょうを\nなおす　ことがある。
18,1,62,こんじょう,じょうたい　いじょうで\nこうげきが　あがる。
18,1,63,ふしぎなうろこ,じょうたい　いじょうで\nぼうぎょが　あがる。
18,1,64,ヘドロえき,すいとった　あいての\nＨＰを　へらす。
18,1,65,しんりょく,ピンチのとき　くさの\nいりょくが　あがる。
18,1,66,もうか,ピンチのとき　ほのおの\nいりょくが　あがる。
18,1,67,げきりゅう,ピンチのとき　みずの\nいりょくが　あがる。
18,1,68,むしのしらせ,ピンチのとき　むしの\nいりょくが　あがる。
18,1,69,いしあたま,ぶつかっても\nはんどうを　うけない。
18,1,70,ひでり,せんとうに　でると\nひざしが　つよくなる。
18,1,71,ありじごく,せんとうで　あいてを\nにげられなくする。
18,1,72,やるき,ねむり　じょうたいに\nならない。
18,1,73,しろいけむり,あいてに　のうりょくを\nさげられない。
18,1,74,ヨガパワー,ぶつり　こうげきの\nいりょくが　あがる。
18,1,75,シェルアーマー,あいての　こうげきが\nきゅうしょに　あたらない。
18,1,76,エアロック,てんきの　えいきょうが\nなくなる。
18,1,77,ちどりあし,こんらん　していると\nかいひ　しやすくなる。
18,1,78,でんきエンジン,でんきを　うけると\nすばやさが　あがる。
18,1,79,とうそうしん,あいてと　せいべつが\nおなじだと　つよくなる。
18,1,80,ふくつのこころ,ひるむ　たびに\nすばやさが　あがる。
18,1,81,ゆきがくれ,てんきが　あられのとき\nかいひりつが　あがる。
18,1,82,くいしんぼう,きのみを　いつもより\nはやく　つかう。
18,1,83,いかりのつぼ,きゅうしょに　うけると\nこうげきが　あがる。
18,1,84,かるわざ,どうぐが　なくなると\nすばやさが　あがる。
18,1,85,たいねつ,ほのおタイプの　こうげきの\nいりょくを　よわめる。
18,1,86,たんじゅん,のうりょく　へんかが\nいつもより　はげしい。
18,1,87,かんそうはだ,あついと　ＨＰが　へる。\nみずで　ＨＰを　かいふく。
18,1,88,ダウンロード,あいての　のうりょくを\nみて　つよさを　かえる。
18,1,89,てつのこぶし,パンチを　つかう　わざの\nいりょくが　あがる。
18,1,90,ポイズンヒール,どくじょうたいに　なると\nＨＰを　かいふくする。
18,1,91,てきおうりょく,タイプが　おなじ　わざの\nいりょくが　あがる。
18,1,92,スキルリンク,れんぞく　わざを\nたくさん　だせる。
18,1,93,うるおいボディ,じょうたい　いじょうが\nあめの　とき　なおる。
18,1,94,サンパワー,はれると　ＨＰが　へるが\nとくこうが　あがる。
18,1,95,はやあし,じょうたい　いじょうで\nすばやさが　あがる。
18,1,96,ノーマルスキン,だしたわざが　すべて\nノーマルタイプに　なる。
18,1,97,スナイパー,きゅうしょに　あてたとき\nいりょくが　あがる。
18,1,98,マジックガード,こうげき　いがいでは\nダメージを　うけない。
18,1,99,ノーガード,おたがいの　わざが\nかならず　あたる。
18,1,100,あとだし,あいてより　すばやくても\nこうどうが　おそくなる。
18,1,101,テクニシャン,よわい　わざの\nいりょくが　あがる。
18,1,102,リーフガード,じょうたい　いじょうに\nはれのとき　ならない。
18,1,103,ぶきよう,もっている　どうぐを\nつかうことが　できない。
18,1,104,かたやぶり,とくせいに　かんけいなく\nあいてに　わざを　だせる。
18,1,105,きょううん,あいての　きゅうしょに\nこうげきが　あたりやすい。
18,1,106,ゆうばく,ひんしの　ときに　ふれた\nあいてに　ダメージ。
18,1,107,きけんよち,あいての　もつ　きけんな\nわざを　さっちする。
18,1,108,よちむ,あいての　もつ　わざを\nよみとることが　できる。
18,1,109,てんねん,あいての　のうりょくの\nへんかを　むしする。
18,1,110,いろめがね,こうかいまひとつ　のとき\nわざを　つよめる。
18,1,111,フィルター,こうかばつぐん　のとき\nいりょくを　よわめる。
18,1,112,スロースタート,こうげきと　すばやさが\nしばらく　はんぶんになる。
18,1,113,きもったま,ゴーストタイプに\nノーマルわざが　あたる。
18,1,114,よびみず,みずを　よびこんで\nとくこうを　あげる。
18,1,115,アイスボディ,あられのとき　HPを\nすこしずつ　かいふく。
18,1,116,ハードロック,こうかばつぐん　のとき\nいりょくを　よわめる。
18,1,117,ゆきふらし,せんとうに　でると\nあられを　ふらす。
18,1,118,みつあつめ,あまいミツを　あつめて\nくることが　ある。
18,1,119,おみとおし,あいての　もちものを\nしることが　できる。
18,1,120,すてみ,はんどうで　ダメージを\nうけるわざが　つよくなる。
18,1,121,マルチタイプ,もっている　プレートで\nタイプが　かわる。
18,1,122,フラワーギフト,はれのとき　じぶんと\nみかたが　つよくなる。
18,1,123,ナイトメア,ねむっている　あいての\nＨＰを　へらす。
18,1,124,わるいてぐせ,さわられた　あいてから\nどうぐを　ぬすむ。
18,1,125,ちからずく,ちからが　つよくなるが\nついかこうかが　なくなる。
18,1,126,あまのじゃく,のうりょくの　へんかが\nぎゃくてんする。
18,1,127,きんちょうかん,あいてを　きんちょうさせ\nきのみを　たべさせない。
18,1,128,まけんき,のうりょくが　さがると\nこうげきが　あがる。
18,1,129,よわき,ＨＰが　はんぶんになると\nのうりょくが　さがる。
18,1,130,のろわれボディ,こうげきされると　たまに\nかなしばりにする。
18,1,131,いやしのこころ,じょうたい　いじょうの\nみかたを　たまに　なおす。
18,1,132,フレンドガード,みかたの　ダメージを\nへらすことができる。
18,1,133,くだけるよろい,ぶつりわざで　ぼうぎょが\nさがり　すばやさがあがる。
18,1,134,ヘヴィメタル,じぶんの　おもさが\n２ばいに　なる。
18,1,135,ライトメタル,じぶんの　おもさが\nはんぶんに　なる。
18,1,136,マルチスケイル,ＨＰが　まんたんのときに\nダメージが　すくなくなる。
18,1,137,どくぼうそう,どくのとき　ぶつりの\nいりょくが　あがる。
18,1,138,ねつぼうそう,やけどのとき　とくしゅの\nいりょくが　あがる。
18,1,139,しゅうかく,つかった　きのみを\nなんかいも　つくりだす。
18,1,140,テレパシー,みかたの　こうげきを\nよみとって　うけない。
18,1,141,ムラっけ,のうりょくが　あがったり\nさがったりする。
18,1,142,ぼうじん,ちりや　こなを\nふせぐ。
18,1,143,どくしゅ,さわるだけで　あいてを\nどくにすることがある。
18,1,144,さいせいりょく,ひっこめると ＨＰが\nすこし　かいふくする。
18,1,145,はとむね,ぼうぎょを　さげる\nこうげきを　うけない。
18,1,146,すなかき,すなあらしで\nすばやさが　あがる。
18,1,147,ミラクルスキン,へんかわざを　うけにくい\nからだに　なっている。
18,1,148,アナライズ,いちばん　さいごに\nわざをだすと　つよくなる。
18,1,149,イリュージョン,うしろの　ポケモンに\nなりきって　でてくる。
18,1,150,かわりもの,めのまえの　ポケモンに\nへんしん　してしまう。
18,1,151,すりぬけ,あいての　かべを\nすりぬけて　こうげき。
18,1,152,ミイラ,あいてに　さわられると\nあいてを　ミイラにする。
18,1,153,じしんかじょう,あいてを　たおすと\nこうげきが　あがる。
18,1,154,せいぎのこころ,あくを　うけると\nこうげきが　あがる。
18,1,155,びびり,びびって　すばやさが\nあがる　タイプがある。
18,1,156,マジックミラー,へんかわざを　かえす\nことが　できる。
18,1,157,そうしょく,くさの　わざを　うけると\nこうげきが　あがる。
18,1,158,いたずらごころ,へんかわざを　せんせいで\nだすことが　できる。
18,1,159,すなのちから,すなあらしで　いりょくが\nあがる　わざがある。
18,1,160,てつのトゲ,ふれた　あいてを\nキズつける。
18,1,161,ダルマモード,ピンチに　なると\nすがたが　へんかする。
18,1,162,しょうりのほし,じぶんや　みかたの\nめいちゅうが　あがる。
18,1,163,ターボブレイズ,とくせいに　かんけいなく\nあいてに　わざを　だせる。
18,1,164,テラボルテージ,とくせいに　かんけいなく\nあいてに　わざを　だせる。
18,1,165,アロマベール,みかたへの　メンタル\nこうげきを　ふせぐ。
18,1,166,フラワーベール,みかたの　くさポケモンは\nのうりょくが　さがらない。
18,1,167,ほおぶくろ,きのみを　たべると\nＨＰも　かいふくする。
18,1,168,へんげんじざい,だした　わざと　おなじ\nタイプに　へんかする。
18,1,169,ファーコート,ぶつりわざの　ダメージが\nはんぶんになる。
18,1,170,マジシャン,わざを　あてた　あいての\nどうぐを　うばってしまう。
18,1,171,ぼうだん,たまや　ばくだんに\nあたらない。
18,1,172,かちき,のうりょくが　さがると\nとくこうが　あがる。
18,1,173,がんじょうあご,あごが　がんじょうで\nかむ　ちからが　つよい。
18,1,174,フリーズスキン,ノーマルタイプの　わざが\nこおりタイプになる。
18,1,175,スイートベール,みかたの　ポケモンは\nねむらなくなる。
18,1,176,バトルスイッチ,せんとうモードで\nすがたが　かわる。
18,1,177,はやてのつばさ,ひこうタイプの　わざが\nせんせいで　だせる。
18,1,178,メガランチャー,はどうの　わざの\nいりょくが　たかい。
18,1,179,くさのけがわ,グラスフィールドのとき\nぼうぎょが　あがる。
18,1,180,きょうせい,みかたに　どうぐを\nわたせるように　なる。
18,1,181,かたいツメ,せっしょくする　わざの\nいりょくが　あがる。
18,1,182,フェアリースキン,ノーマルタイプの　わざが\nフェアリータイプになる。
18,1,183,ぬめぬめ,ふれた　あいての\nすばやさを　さげる。
18,1,184,スカイスキン,ノーマルタイプの　わざが\nひこうタイプになる。
18,1,185,おやこあい,おやこ　２ひきで\nこうげきする。
18,1,186,ダークオーラ,ぜんいんの　あくタイプの\nわざが　つよくなる。
18,1,187,フェアリーオーラ,ぜんいんの　フェアリー\nわざが　つよくなる。
18,1,188,オーラブレイク,オーラの　こうかが\nぎゃくに　なる。
18,1,189,はじまりのうみ,ほのおタイプの　こうげきを\nうけない　てんきにする。
18,1,190,おわりのだいち,みずタイプの　こうげきを\nうけない　てんきに　する。
18,1,191,デルタストリーム,ひこうの　じゃくてんが\nなくなる　てんきにする。
18,2,1,Stench,The stench may cause\nthe target to flinch.
18,2,2,Drizzle,The Pokémon makes it rain\nwhen it enters a battle.
18,2,3,Speed Boost,Its Speed stat is\ngradually boosted.
18,2,4,Battle Armor,Protects the Pokémon\nfrom critical hits.
18,2,5,Sturdy,It cannot be knocked\nout with one hit.
18,2,6,Damp,Prevents the use of\nself-destructing moves.
18,2,7,Limber,Protects the Pokémon\nfrom paralysis.
18,2,8,Sand Veil,Boosts the Pokémon’s\nevasion in a sandstorm.
18,2,9,Static,Contact with the Pokémon\nmay cause paralysis.
18,2,10,Volt Absorb,Restores HP if hit by an\nElectric-type move.
18,2,11,Water Absorb,Restores HP if hit by a\nWater-type move.
18,2,12,Oblivious,Keeps the Pokémon from being\ninfatuated or falling for taunts.
18,2,13,Cloud Nine,Eliminates the effects of weather.
18,2,14,Compound Eyes,Boosts the Pokémon’s accuracy.
18,2,15,Insomnia,Prevents the Pokémon\nfrom falling asleep.
18,2,16,Color Change,The Pokémon’s type becomes\nthe type of the move used on it.
18,2,17,Immunity,Prevents the Pokémon\nfrom getting poisoned.
18,2,18,Flash Fire,Powers up the Pokémon’s\nFire-type moves if it’s hit by one.
18,2,19,Shield Dust,Blocks the additional effects\nof attacks taken.
18,2,20,Own Tempo,Prevents the Pokémon\nfrom becoming confused.
18,2,21,Suction Cups,Negates all moves and items\nthat force switching out.
18,2,22,Intimidate,Lowers the opposing Pokémon’s\nAttack stat.
18,2,23,Shadow Tag,Prevents opposing Pokémon\nfrom escaping.
18,2,24,Rough Skin,Inflicts damage to the\nattacker on contact.
18,2,25,Wonder Guard,Only supereffective\nmoves will hit.
18,2,26,Levitate,Gives full immunity to all\nGround-type moves.
18,2,27,Effect Spore,Contact may poison or\ncause paralysis or sleep.
18,2,28,Synchronize,"Passes poison, paralyze, or burn\nto the Pokémon that inflicted it."
18,2,29,Clear Body,Prevents other Pokémon\nfrom lowering its stats.
18,2,30,Natural Cure,All status conditions heal when\nthe Pokémon switches out.
18,2,31,Lightning Rod,Draws in all Electric-type moves\nto boost its Sp. Atk stat.
18,2,32,Serene Grace,Boosts the likelihood of\nadditional effects occurring.
18,2,33,Swift Swim,Boosts the Pokémon’s\nSpeed stat in rain.
18,2,34,Chlorophyll,Boosts the Pokémon’s\nSpeed stat in sunshine.
18,2,35,Illuminate,Raises the likelihood of\nmeeting wild Pokémon.
18,2,36,Trace,The Pokémon copies an\nopposing Pokémon’s Ability.
18,2,37,Huge Power,Boosts the Pokémon’s\nAttack stat.
18,2,38,Poison Point,Contact with the Pokémon\nmay poison the attacker.
18,2,39,Inner Focus,Protects the Pokémon\nfrom flinching.
18,2,40,Magma Armor,Prevents the Pokémon\nfrom becoming frozen.
18,2,41,Water Veil,Prevents the Pokémon\nfrom getting a burn.
18,2,42,Magnet Pull,Prevents Steel-type\nPokémon from escaping.
18,2,43,Soundproof,Gives full immunity to all\nsound-based moves.
18,2,44,Rain Dish,The Pokémon gradually\nregains HP in rain.
18,2,45,Sand Stream,The Pokémon summons a\nsandstorm in battle.
18,2,46,Pressure,The Pokémon raises opposing\nPokémon’s PP usage.
18,2,47,Thick Fat,Boosts resistance to Fire-\nand Ice-type moves.
18,2,48,Early Bird,The Pokémon awakens\nquickly from sleep.
18,2,49,Flame Body,Contact with the Pokémon\nmay burn the attacker.
18,2,50,Run Away,Enables a sure getaway\nfrom wild Pokémon.
18,2,51,Keen Eye,Prevents other Pokémon\nfrom lowering accuracy.
18,2,52,Hyper Cutter,Prevents other Pokémon\nfrom lowering its Attack stat.
18,2,53,Pickup,The Pokémon may\npick up items.
18,2,54,Truant,The Pokémon can’t attack\non consecutive turns.
18,2,55,Hustle,"Boosts the Attack stat,\nbut lowers accuracy."
18,2,56,Cute Charm,Contact with the Pokémon\nmay cause infatuation.
18,2,57,Plus,Boosts the Sp. Atk stat if another\nPokémon has Plus or Minus.
18,2,58,Minus,Boosts the Sp. Atk stat if another\nPokémon has Plus or Minus.
18,2,59,Forecast,Castform transforms with\nthe weather.
18,2,60,Sticky Hold,Protects the Pokémon\nfrom item theft.
18,2,61,Shed Skin,The Pokémon may heal its\nown status conditions.
18,2,62,Guts,Boosts the Attack stat if the\nPokémon has a status condition.
18,2,63,Marvel Scale,Boosts the Defense stat if the\nPokémon has a status condition.
18,2,64,Liquid Ooze,Damages attackers\nusing any draining move.
18,2,65,Overgrow,Powers up Grass-type moves\nwhen the Pokémon is in trouble.
18,2,66,Blaze,Powers up Fire-type moves when\nthe Pokémon is in trouble.
18,2,67,Torrent,Powers up Water-type moves\nwhen the Pokémon is in trouble.
18,2,68,Swarm,Powers up Bug-type moves when\nthe Pokémon is in trouble.
18,2,69,Rock Head,Protects the Pokémon\nfrom recoil damage.
18,2,70,Drought,Turns the sunlight harsh when\nthe Pokémon enters a battle.
18,2,71,Arena Trap,Prevents opposing Pokémon\nfrom fleeing.
18,2,72,Vital Spirit,Prevents the Pokémon\nfrom falling asleep.
18,2,73,White Smoke,Prevents other Pokémon\nfrom lowering its stats.
18,2,74,Pure Power,Boosts the Pokémon’s\nAttack stat.
18,2,75,Shell Armor,Protects the Pokémon\nfrom critical hits.
18,2,76,Air Lock,Eliminates the effects of weather.
18,2,77,Tangled Feet,Raises evasion if the\nPokémon is confused.
18,2,78,Motor Drive,Boosts the Speed stat when it’s\nhit by an Electric-type move.
18,2,79,Rivalry,Deals more damage to Pokémon\nof the same gender.
18,2,80,Steadfast,Boosts the Speed stat each time\nthe Pokémon flinches.
18,2,81,Snow Cloak,Boosts evasion in a hailstorm.
18,2,82,Gluttony,Makes the Pokémon use a held\nBerry earlier than usual.
18,2,83,Anger Point,Maxes the Attack stat after\nthe Pokémon takes a critical hit.
18,2,84,Unburden,Boosts the Speed stat if its\nheld item is used or lost.
18,2,85,Heatproof,Weakens the power of\nFire-type moves.
18,2,86,Simple,The Pokémon is prone to\nwild stat changes.
18,2,87,Dry Skin,Reduces HP if it’s hot.\nWater restores HP.
18,2,88,Download,Adjusts power based on an\nopposing Pokémon’s stats.
18,2,89,Iron Fist,Powers up punching moves.
18,2,90,Poison Heal,Restores HP if the\nPokémon is poisoned.
18,2,91,Adaptability,Powers up moves of the\nsame type as the Pokémon.
18,2,92,Skill Link,Increases the number of times\nmulti-strike moves hit.
18,2,93,Hydration,Heals status conditions if\nit’s raining.
18,2,94,Solar Power,"Boosts the Sp. Atk stat in sunny\nweather, but HP decreases."
18,2,95,Quick Feet,Boosts the Speed stat if the\nPokémon has a status condition.
18,2,96,Normalize,All the Pokémon’s moves\nbecome Normal type.
18,2,97,Sniper,Powers up moves if they\nbecome critical hits.
18,2,98,Magic Guard,The Pokémon only takes\ndamage from attacks.
18,2,99,No Guard,Ensures that attacks by or\nagainst the Pokémon will land.
18,2,100,Stall,The Pokémon moves after\nall other Pokémon do.
18,2,101,Technician,Powers up the Pokémon’s\nweaker moves.
18,2,102,Leaf Guard,Prevents status conditions\nin sunny weather.
18,2,103,Klutz,The Pokémon can’t use\nany held items.
18,2,104,Mold Breaker,Moves can be used on the target\nregardless of its Abilities.
18,2,105,Super Luck,Boosts the critical-hit\nratios of moves.
18,2,106,Aftermath,Damages the attacker\nlanding the finishing hit.
18,2,107,Anticipation,Senses an opposing Pokémon’s\ndangerous moves.
18,2,108,Forewarn,Determines what moves\nan opposing Pokémon has.
18,2,109,Unaware,Ignores the opposing\nPokémon’s stat changes.
18,2,110,Tinted Lens,Powers up “not very\neffective” moves.
18,2,111,Filter,Reduces damage from\nsupereffective attacks.
18,2,112,Slow Start,Temporarily halves the Pokémon’s\nAttack and Speed stats.
18,2,113,Scrappy,Makes Normal- and Fighting-type\nmoves hit Ghost-type Pokémon.
18,2,114,Storm Drain,Draws in all Water-type moves\nto boost its Sp. Atk stat.
18,2,115,Ice Body,The Pokémon gradually\nregains HP in a hailstorm.
18,2,116,Solid Rock,Reduces damage from\nsupereffective attacks.
18,2,117,Snow Warning,The Pokémon summons a\nhailstorm when it enters a battle.
18,2,118,Honey Gather,The Pokémon may gather\nHoney from somewhere.
18,2,119,Frisk,The Pokémon can check an\nopposing Pokémon’s held item.
18,2,120,Reckless,Powers up moves that\nhave recoil damage.
18,2,121,Multitype,Changes the Pokémon’s type\nto match the Plate it holds.
18,2,122,Flower Gift,Powers up party Pokémon\nwhen it is sunny.
18,2,123,Bad Dreams,Reduces the HP of sleeping\nopposing Pokémon.
18,2,124,Pickpocket,Steals an item from an attacker\nthat made direct contact.
18,2,125,Sheer Force,Removes additional effects to\nincrease move damage.
18,2,126,Contrary,Makes stat changes have\nan opposite effect.
18,2,127,Unnerve,Unnerves opposing Pokémon and\nmakes them unable to eat Berries.
18,2,128,Defiant,Boosts the Pokémon’s Attack stat\nwhen its stats are lowered.
18,2,129,Defeatist,Lowers stats when HP\nbecomes half or less.
18,2,130,Cursed Body,May disable a move used\non the Pokémon.
18,2,131,Healer,Sometimes heals an\nally’s status condition.
18,2,132,Friend Guard,Reduces damage done to allies.
18,2,133,Weak Armor,Physical attacks lower its Defense\nstat and raise its Speed stat.
18,2,134,Heavy Metal,Doubles the Pokémon’s weight.
18,2,135,Light Metal,Halves the Pokémon’s weight.
18,2,136,Multiscale,Reduces the damage taken by the\nPokémon when its HP is full.
18,2,137,Toxic Boost,Powers up physical attacks when\nthe Pokémon is poisoned.
18,2,138,Flare Boost,Powers up special attacks when\nthe Pokémon is burned.
18,2,139,Harvest,May create another\nBerry after one is used.
18,2,140,Telepathy,Anticipates an ally’s\nattack and dodges it.
18,2,141,Moody,Raises one stat and\nlowers another.
18,2,142,Overcoat,"Protects the Pokémon from things\nlike sand, hail, and powder."
18,2,143,Poison Touch,May poison a target when the\nPokémon makes contact.
18,2,144,Regenerator,Restores a little HP when\nwithdrawn from battle.
18,2,145,Big Pecks,Protects the Pokémon from\nDefense-lowering attacks.
18,2,146,Sand Rush,Boosts the Pokémon’s\nSpeed stat in a sandstorm.
18,2,147,Wonder Skin,Makes status moves\nmore likely to miss.
18,2,148,Analytic,Boosts move power when the\nPokémon moves after the target.
18,2,149,Illusion,Comes out disguised as the\nPokémon in the party’s last spot.
18,2,150,Imposter,The Pokémon transforms itself\ninto the Pokémon it’s facing.
18,2,151,Infiltrator,Passes through the opposing\nPokémon’s barrier and strikes.
18,2,152,Mummy,Contact with the Pokémon\nspreads this Ability.
18,2,153,Moxie,Boosts the Attack stat after\nknocking out any Pokémon.
18,2,154,Justified,Boosts the Attack stat when\nit’s hit by a Dark-type move.
18,2,155,Rattled,Some move types scare\nit and boost its Speed stat.
18,2,156,Magic Bounce,Reflects status moves.
18,2,157,Sap Sipper,Boosts the Attack stat when hit\nby a Grass-type move.
18,2,158,Prankster,Gives priority to a status move.
18,2,159,Sand Force,Boosts certain moves’\npower in a sandstorm.
18,2,160,Iron Barbs,Inflicts damage to the\nattacker on contact.
18,2,161,Zen Mode,Changes the Pokémon’s\nshape when HP is half or less.
18,2,162,Victory Star,Boosts the accuracy of its\nallies and itself.
18,2,163,Turboblaze,Moves can be used on the target\nregardless of its Abilities.
18,2,164,Teravolt,Moves can be used on the target\nregardless of its Abilities.
18,2,165,Aroma Veil,Protects allies from attacks that\nlimit their move choices.
18,2,166,Flower Veil,Prevents lowering of ally\nGrass-type Pokémon’s stats.
18,2,167,Cheek Pouch,Restores HP as well when\nthe Pokémon eats a Berry.
18,2,168,Protean,Changes the Pokémon’s type to\nthe type of the move it’s using.
18,2,169,Fur Coat,Halves damage from\nphysical moves.
18,2,170,Magician,The Pokémon steals the held item\nof a Pokémon it hits with a move.
18,2,171,Bulletproof,Protects the Pokémon from\nsome ball and bomb moves.
18,2,172,Competitive,Boosts the Sp. Atk stat when\na stat is lowered.
18,2,173,Strong Jaw,The Pokémon’s strong jaw gives\nit tremendous biting power.
18,2,174,Refrigerate,Normal-type moves become\nIce-type moves.
18,2,175,Sweet Veil,Prevents itself and ally Pokémon\nfrom falling asleep.
18,2,176,Stance Change,The Pokémon changes form\ndepending on how it battles.
18,2,177,Gale Wings,Gives priority to\nFlying-type moves.
18,2,178,Mega Launcher,Powers up aura and pulse moves.
18,2,179,Grass Pelt,Boosts the Defense stat\nin Grassy Terrain.
18,2,180,Symbiosis,The Pokémon can pass\nan item to an ally.
18,2,181,Tough Claws,Powers up moves that\nmake direct contact.
18,2,182,Pixilate,Normal-type moves become\nFairy-type moves.
18,2,183,Gooey,Contact with the Pokémon\nlowers the attacker’s Speed stat.
18,2,184,Aerilate,Normal-type moves become\nFlying-type moves.
18,2,185,Parental Bond,Parent and child attack together.
18,2,186,Dark Aura,Powers up each Pokémon’s\nDark-type moves.
18,2,187,Fairy Aura,Powers up each Pokémon’s\nFairy-type moves.
18,2,188,Aura Break,The effects of “Aura” Abilities\nare reversed.
18,2,189,Primordial Sea,Affects weather and nullifies any\nFire-type attacks.
18,2,190,Desolate Land,Affects weather and nullifies any\nWater-type attacks.
18,2,191,Delta Stream,Affects weather and eliminates all\nof the Flying type’s weaknesses.
18,3,1,Puanteur,La puanteur peut effrayer\nl’adversaire.
18,3,2,Crachin,Le Pokémon invoque la pluie\nquand il entre au combat.
18,3,3,Turbo,La Vitesse du Pokémon\naugmente progressivement.
18,3,4,Armurbaston,Le Pokémon est protégé des\ncoups critiques.
18,3,5,Fermeté,Protège des capacités mettant\nK.O. en un coup.
18,3,6,Moiteur,Empêche les combattants de\ns’autodétruire.
18,3,7,Échauffement,Protège le Pokémon de la\nparalysie.
18,3,8,Voile Sable,Augmente l’Esquive lors des\ntempêtes de sable.
18,3,9,Statik,Un contact avec le Pokémon\npeut paralyser.
18,3,10,Absorb Volt,Récupère des PV si touché par\nune capacité Électrik.
18,3,11,Absorb Eau,Récupère des PV si touché par\nune capacité Eau.
18,3,12,Benêt,Immunise le Pokémon contre\nl’attraction ou la provocation.
18,3,13,Ciel Gris,Annule les effets du climat.
18,3,14,Œil Composé,Augmente la Précision du\nPokémon.
18,3,15,Insomnia,Empêche le Pokémon de\ns’endormir.
18,3,16,Déguisement,Le Pokémon adopte le type de\nla capacité ennemie.
18,3,17,Vaccin,Empêche le Pokémon d’être\nempoisonné.
18,3,18,Torche,Booste les capacités Feu si\ntouché par attaque Feu.
18,3,19,Écran Poudre,Annule les effets cumulés d’une\nattaque ennemie.
18,3,20,Tempo Perso,Empêche la confusion.
18,3,21,Ventouse,Annule les capacités ou objets\nqui font changer de Pokémon.
18,3,22,Intimidation,Baisse l’Attaque ennemie.
18,3,23,Marque Ombre,Empêche le Pokémon ennemi de\nquitter le combat.
18,3,24,Peau Dure,Blesse l’attaquant au moindre\ncontact.
18,3,25,Garde Mystik,Seules les capacités « super\nefficaces » l’atteignent.
18,3,26,Lévitation,Immunise contre toutes les\ncapacités de type Sol.
18,3,27,Pose Spore,"Peut paralyser, empoisonner,\nendormir au contact."
18,3,28,Synchro,"Transmet brûlure, paralysie ou\npoison au Pokémon qui l’a infligé."
18,3,29,Corps Sain,Empêche les stats du Pokémon\nde baisser.
18,3,30,Médic Nature,Quitter le combat soigne les\nproblèmes de statut.
18,3,31,Paratonnerre,Attire et neutralise les attaques\nÉlectrik et monte l’Atq. Spé.
18,3,32,Sérénité,Augmente la fréquence du cumul\nd’effets.
18,3,33,Glissade,Augmente la Vitesse du\nPokémon s’il pleut.
18,3,34,Chlorophylle,Augmente la Vitesse du\nPokémon s’il y a du soleil.
18,3,35,Lumiattirance,Augmente les rencontres avec\nles Pokémon sauvages.
18,3,36,Calque,Imite le talent de l’ennemi.
18,3,37,Coloforce,Augmente l’Attaque du Pokémon.
18,3,38,Point Poison,Peut empoisonner l’attaquant\ns’il y a contact.
18,3,39,Attention,Empêche le Pokémon d’avoir\npeur.
18,3,40,Armumagma,Protège le Pokémon contre le\ngel.
18,3,41,Ignifu-Voile,Protège le Pokémon des\nbrûlures.
18,3,42,Magnépiège,Empêche les Pokémon Acier\nde fuir.
18,3,43,Anti-Bruit,Protège de toutes les capacités\nsonores.
18,3,44,Cuvette,Récupère progressivement des\nPV par temps de pluie.
18,3,45,Sable Volant,Le Pokémon invoque une\ntempête de sable.
18,3,46,Pression,Force l’ennemi à dépenser plus\nde PP.
18,3,47,Isograisse,Augmente la résistance aux\ncapacités Feu et Glace.
18,3,48,Matinal,Le Pokémon se réveille plus\nrapidement.
18,3,49,Corps Ardent,Peut brûler l’attaquant s’il y a\ncontact.
18,3,50,Fuite,Permet de fuir n’importe quel\nPokémon sauvage.
18,3,51,Regard Vif,Empêche le Pokémon de perdre\nen Précision.
18,3,52,Hyper Cutter,Empêche la réduction de\nl’Attaque.
18,3,53,Ramassage,Permet parfois au Pokémon de\nramasser des objets.
18,3,54,Absentéisme,Le Pokémon n’agit qu’un\ntour sur deux.
18,3,55,Agitation,Améliore l’Attaque mais diminue\nla Précision.
18,3,56,Joli Sourire,Séduit parfois l’attaquant au\ncontact.
18,3,57,Plus,Augmente l’Atq. Spé. si un autre\nPokémon a Minus ou Plus.
18,3,58,Minus,Augmente l’Atq. Spé. si un autre\nPokémon a Minus ou Plus.
18,3,59,Météo,Morphéo change de forme selon\nle climat.
18,3,60,Glue,Fait s’agripper à l’objet pour\nen empêcher le vol.
18,3,61,Mue,Le Pokémon soigne parfois ses\nproblèmes de statut.
18,3,62,Cran,Augmente l’Attaque s’il y a un\nproblème de statut.
18,3,63,Écaille Spéciale,Augmente la Défense s’il y a\nun problème de statut.
18,3,64,Suintement,Blesse l’attaquant qui draine\nl’énergie du Pokémon.
18,3,65,Engrais,Booste les capacités Plante en\ncas de besoin.
18,3,66,Brasier,Booste les capacités Feu en\ncas de besoin.
18,3,67,Torrent,Booste les capacités Eau en\ncas de besoin.
18,3,68,Essaim,Booste les capacités Insecte en\ncas de besoin.
18,3,69,Tête de Roc,Protège le Pokémon des dégâts\nde contrecoups.
18,3,70,Sécheresse,Le soleil se met à briller quand\nce Pokémon rejoint le combat.
18,3,71,Piège,Empêche l’ennemi de s’enfuir.
18,3,72,Esprit Vital,Empêche le Pokémon de\ns’endormir.
18,3,73,Écran Fumée,Empêche les stats du Pokémon\nde baisser.
18,3,74,Force Pure,Augmente l’Attaque du Pokémon.
18,3,75,Coque Armure,Le Pokémon est protégé des\ncoups critiques.
18,3,76,Air Lock,Annule les effets du climat.
18,3,77,Pieds Confus,Augmente l’Esquive si le\nPokémon est confus.
18,3,78,Motorisé,Augmente la Vitesse si touché\npar une capacité Électrik.
18,3,79,Rivalité,Devient plus fort si l’ennemi est\ndu même sexe.
18,3,80,Impassible,Augmente la Vitesse quand le\nPokémon a peur.
18,3,81,Rideau Neige,Augmente l’Esquive durant les\ntempêtes de grêle.
18,3,82,Gloutonnerie,Permet d’utiliser plus rapidement\nune Baie tenue.
18,3,83,Colérique,Monte l’Attaque au max après\navoir reçu un coup critique.
18,3,84,Délestage,Augmente la Vitesse si l’objet\ntenu est utilisé ou perdu.
18,3,85,Ignifugé,Réduit la puissance des attaques\nde type Feu.
18,3,86,Simple,Le Pokémon est sujet à des\nvariations de stats.
18,3,87,Peau Sèche,Perd des PV à la chaleur.\nL’eau les restaure.
18,3,88,Télécharge,Ajuste la puissance selon\nl’ennemi.
18,3,89,Poing de Fer,Augmente la puissance des\ncapacités coups de poing.
18,3,90,Soin Poison,Restaure des PV si le Pokémon\nest empoisonné.
18,3,91,Adaptabilité,Augmente la puissance des\ncapacités de même type.
18,3,92,Multi-Coups,Augmente la fréquence des\nattaques multiples.
18,3,93,Hydratation,Soigne les problèmes de statut\ns’il pleut.
18,3,94,Force Soleil,Augmente l’Attaque Spéciale\nmais baisse les PV au soleil.
18,3,95,Pied Véloce,Augmente la Vitesse en cas de\nproblème de statut.
18,3,96,Normalise,Toutes les capacités sont de\ntype Normal.
18,3,97,Sniper,Augmente la puissance des\ncoups critiques.
18,3,98,Garde Magik,Seule une attaque directe peut\nblesser le Pokémon.
18,3,99,Annule Garde,Les capacités du Pokémon et de\nl’ennemi touchent à coup sûr.
18,3,100,Frein,"Agit toujours après les autres\nPokémon, même plus lents."
18,3,101,Technicien,Augmente la puissance des\ncapacités les plus faibles.
18,3,102,Feuille Garde,Empêche les problèmes de statut\nau soleil.
18,3,103,Maladresse,Le Pokémon ne peut utiliser\naucun objet tenu.
18,3,104,Brise Moule,Les talents adverses ne bloquent\npas ses capacités.
18,3,105,Chanceux,Augmente la fréquence des\ncoups critiques.
18,3,106,Boom Final,Blesse l’attaquant qui porte\nle coup de grâce.
18,3,107,Anticipation,Prévoit les capacités ennemies\ndangereuses.
18,3,108,Prédiction,Découvre la capacité ennemie la\nplus puissante.
18,3,109,Inconscient,Ignore les changements de stats\nde l’ennemi.
18,3,110,Lentiteintée,Améliore les capacités « pas très\nefficaces ».
18,3,111,Filtre,Réduit les dégâts des capacités\n« super efficaces » subies.
18,3,112,Début Calme,Divise temporairement Vitesse\net Attaque par 2.
18,3,113,Querelleur,Les capacités Normal et Combat\ntouchent les Pokémon Spectre.
18,3,114,Lavabo,"Attire et neutralise les attaques\nEau, et monte l’Attaque Spéciale."
18,3,115,Corps Gel,Régénère ses PV lors des\ntempêtes de grêle.
18,3,116,Solide Roc,Réduit les dégâts des capacités\n« super efficaces » subies.
18,3,117,Alerte Neige,Déclenche une tempête de\ngrêle pendant le combat.
18,3,118,Cherche Miel,Le Pokémon peut parfois trouver\ndu Miel.
18,3,119,Fouille,Permet de connaître l’objet tenu\npar l’ennemi.
18,3,120,Téméraire,Booste les capacités ayant des\ndégâts de contrecoups.
18,3,121,Multi-Type,Modifie le type en fonction de la\nPlaque tenue.
18,3,122,Don Floral,Rend les Pokémon de l’équipe\nplus puissants au soleil.
18,3,123,Mauvais Rêve,Réduit les PV d’un ennemi\nendormi.
18,3,124,Pickpocket,Vole l’objet de l’attaquant si son\nattaque touche.
18,3,125,Sans Limite,Frappe plus fort mais annule les\neffets cumulés.
18,3,126,Contestation,Inverse les variations de stats.
18,3,127,Tension,L’ennemi stresse et ne peut plus\nmanger de Baies.
18,3,128,Acharné,Monte l’Attaque quand\nles stats baissent.
18,3,129,Défaitiste,Baisse les stats quand les PV\ntombent à la moitié.
18,3,130,Corps Maudit,Peut empêcher l’ennemi de\nréutiliser une attaque.
18,3,131,Cœur Soin,Guérit parfois le statut des alliés\nalentour.
18,3,132,Garde Amie,Diminue les dégâts subis par les\nalliés.
18,3,133,Armurouillée,"Un coup physique baisse la\nDéfense, monte la Vitesse."
18,3,134,Heavy Metal,Double le poids du Pokémon.
18,3,135,Light Metal,Divise par deux le poids du\nPokémon.
18,3,136,Multiécaille,Reçoit moins de dégâts si les PV\nsont au maximum.
18,3,137,Rage Poison,Booste les attaques physiques\nsi le Pokémon est empoisonné.
18,3,138,Rage Brûlure,Booste les attaques spéciales si\nle Pokémon est brûlé.
18,3,139,Récolte,Permet de réutiliser une même\nBaie plusieurs fois.
18,3,140,Télépathe,Anticipe et évite les attaques de\nses alliés.
18,3,141,Lunatique,Monte une stat tout en\nen baissant une autre.
18,3,142,Envelocape,"Protège du sable, de la grêle\nou de la poudre."
18,3,143,Toxitouche,Peut empoisonner l’ennemi par\nsimple contact.
18,3,144,Régé-Force,Restaure un peu de PV si le\nPokémon est retiré.
18,3,145,Cœur de Coq,Empêche les attaques adverses\nde baisser la Défense.
18,3,146,Baigne Sable,Augmente la Vitesse lors des\ntempêtes de sable.
18,3,147,Peau Miracle,Résiste mieux aux attaques\nde statut.
18,3,148,Analyste,Booste les capacités s’il attaque\nen dernier.
18,3,149,Illusion,Prend l’apparence du dernier\nPokémon de l’équipe.
18,3,150,Imposteur,Adopte l’apparence du Pokémon\nadverse.
18,3,151,Infiltration,Traverse les barrières de\nl’ennemi pour attaquer.
18,3,152,Momie,Momifie le talent de l’ennemi qui\nle touche.
18,3,153,Impudence,Monte l’Attaque quand il met un\nennemi K.O.
18,3,154,Cœur Noble,Monte l’Attaque si une attaque\nTénèbres le touche.
18,3,155,Phobique,Sa peur de certains types\naugmente sa Vitesse.
18,3,156,Miroir Magik,Renvoie les attaques de statut.
18,3,157,Herbivore,Neutralise les attaques Plante et\naugmente l’Attaque.
18,3,158,Farceur,Utilise les attaques de statut en\npremier.
18,3,159,Force Sable,Renforce des capacités en cas\nde tempête de sable.
18,3,160,Épine de Fer,Blesse l’attaquant au moindre\ncontact.
18,3,161,Mode Transe,Transforme le Pokémon dans les\nmoments délicats.
18,3,162,Victorieux,Monte la Précision des Pokémon\nde l’équipe.
18,3,163,TurboBrasier,Les talents adverses ne bloquent\npas ses capacités.
18,3,164,Téra-Voltage,Les talents adverses ne bloquent\npas ses capacités.
18,3,165,Aroma-Voile,Protège l’équipe des attaques\nlimitant le choix des capacités.
18,3,166,Flora-Voile,Empêche les alliés de type Plante\nde subir des diminutions de stats.
18,3,167,Bajoues,Rend des PV lorsque le Pokémon\nconsomme une Baie.
18,3,168,Protéen,Le Pokémon prend le type de sa\ndernière capacité lancée.
18,3,169,Toison Épaisse,Divise les dégâts des attaques\nphysiques par deux.
18,3,170,Magicien,Les capacités volent aussi l’objet\ntenu par la cible.
18,3,171,Pare-Balles,"Protège de certaines capacités\nprojetant des bombes, balles…"
18,3,172,Battant,Monte l’Attaque quand\nles stats baissent.
18,3,173,Prognathe,"Grâce à une puissante mâchoire,\nles morsures sont plus fortes."
18,3,174,Peau Gelée,Les capacités de type Normal\ndeviennent de type Glace.
18,3,175,Gluco-Voile,Les Pokémon de l’équipe ne\npeuvent pas s’endormir.
18,3,176,Déclic Tactique,Change de forme selon la façon\ndont le Pokémon se bat.
18,3,177,Ailes Bourrasque,Les attaques de type Vol sont\nprioritaires.
18,3,178,Méga Blaster,Augmente la puissance de\ncertaines capacités de type aura.
18,3,179,Toison Herbue,Augmente la Défense si\nChamp Herbu est actif.
18,3,180,Symbiose,Permet aux alliés d’utiliser\nl’objet porté par ce Pokémon.
18,3,181,Griffe Dure,Augmente la puissance des\nattaques directes.
18,3,182,Peau Féérique,Les capacités de type Normal\ndeviennent de type Fée.
18,3,183,Poisseux,Diminue la Vitesse de l’attaquant\nqui le touche.
18,3,184,Peau Céleste,Les capacités de type Normal\ndeviennent de type Vol.
18,3,185,Amour Filial,Attaque en famille.
18,3,186,Aura Ténébreuse,Renforce les attaques de type\nTénèbres de tous les Pokémon.
18,3,187,Aura Féérique,Renforce les attaques de type\nFée de tous les Pokémon.
18,3,188,Aura Inversée,L’effet des auras est inversé.
18,3,189,Mer Primaire,Altère les conditions météo et\nrend inefficaces les attaques Feu.
18,3,190,Terre Finale,Altère les conditions météo et\nrend inefficaces les attaques Eau.
18,3,191,Souffle Delta,Altère les conditions météo et\nannule les faiblesses du type Vol.
18,4,1,Duftnote,Lässt den Gegner durch Gestank\nzurückschrecken.
18,4,2,Niesel,Ruft im Kampf Regen herbei.
18,4,3,Temposchub,Erhöht Initiative nach und nach.
18,4,4,Kampfpanzer,Wehrt gegnerische Volltreffer ab.
18,4,5,Robustheit,Bietet Schutz gegen K.O.-Treffer.
18,4,6,Feuchtigkeit,"Hält alle Pokémon davon ab,\nzu explodieren."
18,4,7,Flexibilität,Verhindert Paralyse.
18,4,8,Sandschleier,Erhöht in Sandstürmen\nden Fluchtwert.
18,4,9,Statik,Kann bei Berührung paralysieren.
18,4,10,Voltabsorber,Treffer durch Elektro-Attacken\nregenerieren KP.
18,4,11,H2O-Absorber,Treffer durch Wasser-Attacken\nregenerieren KP.
18,4,12,Dösigkeit,"Verhindert, dass das Pokémon\nbetört oder provoziert wird."
18,4,13,Wolke Sieben,Hebt Wetter-Effekte auf.
18,4,14,Facettenauge,Steigert die Genauigkeit\nvon Attacken.
18,4,15,Insomnia,Verhindert Einschlafen.
18,4,16,Farbwechsel,Ändert seinen Typ zu dem\nder Attacke des Angreifers.
18,4,17,Immunität,Verhindert Vergiftungen.
18,4,18,Feuerfänger,"Verstärkt Feuer-Attacken, wenn\nvon Feuer-Attacken getroffen."
18,4,19,Puderabwehr,Blockiert Zusatz-Effekte\ngegnerischer Angriffe.
18,4,20,Tempomacher,Verhindert Verwirrung.
18,4,21,Saugnapf,"Blockt Attacken und Items,\ndie Pokémon austauschen."
18,4,22,Bedroher,Senkt Angriff des Gegners.
18,4,23,Wegsperre,Hindert Gegner an der Flucht.
18,4,24,Rauhaut,Verletzt Angreifer bei Berührung.
18,4,25,Wunderwache,Nur sehr effektive Treffer\nrichten Schaden an.
18,4,26,Schwebe,Volle Immunität gegen\nalle Boden-Attacken.
18,4,27,Sporenwirt,"Kann bei Kontakt Paralyse,\nVergiftung oder Schlaf auslösen."
18,4,28,Synchro,"Brand, Gift oder Paralyse ereilen\nauch den Verursacher."
18,4,29,Neutraltorso,"Hindert Angreifer daran,\nStatuswerte zu senken."
18,4,30,Innere Kraft,Heilt bei Austausch\nStatusprobleme.
18,4,31,Blitzfänger,Absorbiert Elektro-Attacken\nund steigert den Spezial-Angriff.
18,4,32,Edelmut,Erhöht Chance auf Zusatz-Effekte.
18,4,33,Wassertempo,Steigert bei Regen die Initiative.
18,4,34,Chlorophyll,Steigert bei Sonnenschein\ndie Initiative.
18,4,35,Erleuchtung,"Erhöht die Wahrscheinlichkeit,\nwilden Pokémon zu begegnen."
18,4,36,Fährte,Das Pokémon kopiert\ndie Fähigkeit des Gegners.
18,4,37,Kraftkoloss,Stärkt physische Attacken.
18,4,38,Giftdorn,Vergiftet den Angreifer\neventuell bei Berührung.
18,4,39,Konzentrator,Verhindert Zurückschrecken.
18,4,40,Magmapanzer,Verhindert Einfrieren.
18,4,41,Aquahülle,Verhindert Verbrennungen.
18,4,42,Magnetfalle,Hindert Stahl-Pokémon\nan der Flucht.
18,4,43,Lärmschutz,Volle Immunität gegen\nalle Lärm-Attacken.
18,4,44,Regengenuss,Stellt bei Regen langsam\nund stetig KP wieder her.
18,4,45,Sandsturm,Erzeugt im Kampf Sandstürme.
18,4,46,Erzwinger,Steigert den AP-Verbrauch\ndes Gegners.
18,4,47,Speckschicht,Stark gegen Attacken der Typen\nFeuer und Eis.
18,4,48,Frühwecker,"Bewirkt, dass das Pokémon\nschneller wieder aufwacht."
18,4,49,Flammkörper,Fügt dem Angreifer bei Berührung\neventuell Verbrennungen zu.
18,4,50,Angsthase,Die Flucht vor wilden Pokémon\ngelingt immer.
18,4,51,Adlerauge,"Hindert Angreifer daran,\ndie Genauigkeit zu senken."
18,4,52,Scherenmacht,"Hindert Angreifer daran,\nden Angriffs-Wert zu senken."
18,4,53,Mitnahme,Hebt gelegentlich Items auf.
18,4,54,Schnarchnase,Greift nur alle zwei Runden an.
18,4,55,Übereifer,"Erhöht den Angriffs-Wert,\naber senkt die Genauigkeit."
18,4,56,Charmebolzen,Kann bei Kontakt betörend\nwirken.
18,4,57,Plus,"Erhöht den Spezial-Angriff, wenn\nPlus oder Minus vertreten ist."
18,4,58,Minus,"Erhöht den Spezial-Angriff, wenn\nPlus oder Minus vertreten ist."
18,4,59,Prognose,Formeo verändert seine Form\nabhängig vom Wetter.
18,4,60,Wertehalter,Verhindert durch Klebe-Effekt\nItem-Diebstähle.
18,4,61,Expidermis,Das Pokémon heilt eventuell\nseine Statusprobleme.
18,4,62,Adrenalin,Steigert bei Statusproblemen\nden Angriffs-Wert.
18,4,63,Notschutz,Steigert bei Statusproblemen\ndie Verteidigung.
18,4,64,Kloakensoße,"Schadet Angreifern,\ndie Saug-Attacken einsetzen."
18,4,65,Notdünger,Erhöht in Notfällen die Stärke\nvon Pflanzen-Attacken.
18,4,66,Großbrand,Erhöht in Notfällen die Stärke\nvon Feuer-Attacken.
18,4,67,Sturzbach,Erhöht in Notfällen die Stärke\nvon Wasser-Attacken.
18,4,68,Hexaplaga,Erhöht in Notfällen die Stärke\nvon Käfer-Attacken.
18,4,69,Steinhaupt,"Verhindert Schaden, der durch\nRückstoß entstehen würde."
18,4,70,Dürre,Erzeugt im Kampf gleißendes\nSonnenlicht.
18,4,71,Ausweglos,Hindert den Gegner im Kampf\nan der Flucht.
18,4,72,Munterkeit,Verhindert Einschlafen.
18,4,73,Pulverrauch,"Hindert Angreifer daran,\nStatuswerte zu senken."
18,4,74,Mentalkraft,Stärkt physische Attacken.
18,4,75,Panzerhaut,Wehrt gegnerische Volltreffer ab.
18,4,76,Klimaschutz,Hebt Wetter-Effekte auf.
18,4,77,Fußangel,"Erhöht den Fluchtwert,\nwenn das Pokémon verwirrt ist."
18,4,78,Starthilfe,Erhöht nach einem Treffer durch\neine Elektro-Attacke die Initiative.
18,4,79,Rivalität,"Erhöht den Schaden, wenn das\nZiel dasselbe Geschlecht hat."
18,4,80,Felsenfest,"Erhöht die Initiative, sobald\ndas Pokémon zurückschreckt."
18,4,81,Schneemantel,Erhöht bei Hagel den Fluchtwert.
18,4,82,Völlerei,Ermutigt zum frühzeitigen Einsatz\nvon Beeren.
18,4,83,Kurzschluss,Maximiert nach Einstecken eines\nVolltreffers den Angriffs-Wert.
18,4,84,Entlastung,"Erhöht Initiative, wenn ein Item\nverwendet oder verloren wird."
18,4,85,Hitzeschutz,Senkt die Stärke von\nFeuer-Attacken.
18,4,86,Wankelmut,Verdoppelt den Effekt eigener\nStatusveränderungen.
18,4,87,Trockenheit,Bei heißem Wetter verliert das\nPokémon KP. Wasser heilt KP.
18,4,88,Download,Passt Kraft entsprechend den\ngegnerischen Statuswerten an.
18,4,89,Eisenfaust,Steigert die Effektivität von\nBox- und Hieb-Attacken.
18,4,90,Aufheber,Heilt bei Vergiftungen KP.
18,4,91,Anpassung,Erhöht die Stärke von Attacken\ndesselben Typs.
18,4,92,Wertelink,Ermöglicht längere Trefferserien\nmit Serien-Attacken.
18,4,93,Hydration,Heilt bei Regen Statusprobleme.
18,4,94,Solarkraft,"Führt bei Sonne zu KP-Verlusten,\nerhöht aber den Spezial-Angriff."
18,4,95,Rasanz,Erhöht bei Statusproblemen\ndie Initiative.
18,4,96,Regulierung,Alle Attacken des Pokémon\nwerden zu Normal-Attacken.
18,4,97,Superschütze,Steigert den Schaden\nvon Volltreffern.
18,4,98,Magieschild,Das Pokémon nimmt nur durch\nOffensiv-Attacken Schaden.
18,4,99,Schildlos,Alle Attacken des oder auf\ndas Pokémon gelingen.
18,4,100,Zeitspiel,Handelt auch mit Initiative-Vorteil\nstets nach dem Gegner.
18,4,101,Techniker,Steigert die Effektivität von\nschwächeren Attacken.
18,4,102,Floraschild,Verhindert bei Sonnenschein\nStatusprobleme.
18,4,103,Tollpatsch,Das Pokémon kann keine\ngetragenen Items verwenden.
18,4,104,Überbrückung,Attacken können ungeachtet der\nFähigkeiten verwendet werden.
18,4,105,Glückspilz,"Erhöht die Wahrscheinlichkeit,\neinen Volltreffer zu landen."
18,4,106,Finalschlag,"Fügt einem Angreifer, der das\nPokémon besiegt, Schaden zu."
18,4,107,Vorahnung,Ahnt gefährliche Attacken\ndes Gegners voraus.
18,4,108,Vorwarnung,Gibt Auskunft über das Attacken-\nRepertoire des Gegners.
18,4,109,Unkenntnis,Ignoriert Statusveränderungen\ndes Zieles.
18,4,110,Aufwertung,Verstärkt nicht sehr effektive\nAttacken.
18,4,111,Filter,Senkt die Stärke sehr effektiver\nAttacken.
18,4,112,Saumselig,Halbiert zeitweilig den Angriff\nund die Initiative.
18,4,113,Rauflust,Normal- und Kampf-Attacken\ntreffen Pokémon vom Typ Geist.
18,4,114,Sturmsog,Absorbiert Wasser-Attacken\nund steigert den Spezial-Angriff.
18,4,115,Eishaut,Regeneriert bei Hagel\nnach und nach KP.
18,4,116,Felskern,Senkt die Stärke sehr effektiver\nAttacken.
18,4,117,Hagelalarm,Das Pokémon beschwört im\nKampf Hagelstürme herauf.
18,4,118,Honigmaul,Das Pokémon sammelt\ngelegentlich Honig auf.
18,4,119,Schnüffler,Gibt Auskunft über gegnerische\nItems.
18,4,120,Achtlos,Verstärkt Attacken mit\nRückstoß-Schaden.
18,4,121,Variabilität,Passt seinen Typ der\ngetragenen Tafel an.
18,4,122,Pflanzengabe,Steigert bei Sonne die Effektivität\naller Team-Pokémon.
18,4,123,Alptraum,Senkt die KP eines\nschlafenden Gegners.
18,4,124,Langfinger,"Stiehlt Angreifern Items,\nwenn es von ihnen berührt wird."
18,4,125,Rohe Gewalt,"Bewirkt einen Kraftschub,\naber hebt Zusatz-Effekte auf."
18,4,126,Umkehrung,Statusveränderungen werden\numgekehrt.
18,4,127,Anspannung,Hindert den Gegner durch Stress\nam Beerenkonsum.
18,4,128,Siegeswille,"Senkt der Gegner die Status-\nwerte, steigt der Angriffs-Wert."
18,4,129,Schwächling,Bei halbierter KP-Anzahl\nsinken die Statuswerte.
18,4,130,Tastfluch,Blockiert gelegentlich Attacken.
18,4,131,Heilherz,Befreit Mitstreiter gelegentlich\nvon Statusproblemen.
18,4,132,Freundeshut,Verringert den Schaden\nan Mitstreitern.
18,4,133,Bruchrüstung,Phys. Treffer senken Verteidigung\nund steigern Initiative.
18,4,134,Schwermetall,Verdoppelt das eigene Gewicht.
18,4,135,Leichtmetall,Halbiert das eigene Gewicht.
18,4,136,Multischuppe,Verringert den erlittenen Schaden\nbei vollen KP.
18,4,137,Giftwahn,Erhöht bei Vergiftung die Stärke\nvon physischen Attacken.
18,4,138,Hitzewahn,Verstärkt bei Verbrennungen\ndie Stärke von Spezial-Attacken.
18,4,139,Reiche Ernte,Dieselbe Beere kann mehrmals\nverwendet werden.
18,4,140,Telepathie,Erkennt und pariert Attacken\nvon Mitstreitern.
18,4,141,Gefühlswippe,Erhöht einen Statuswert\nund senkt einen anderen.
18,4,142,Wetterfest,Nimmt keinen Schaden\ndurch Wetterbedingungen.
18,4,143,Giftgriff,Kann das Ziel durch\nbloßes Berühren vergiften.
18,4,144,Belebekraft,Heilt beim Austauschen\neine geringe Menge an KP.
18,4,145,Brustbieter,"Hindert Angreifer daran,\ndie Verteidigung zu senken."
18,4,146,Sandscharrer,Erhöht in Sandstürmen\ndie Initiative.
18,4,147,Wunderhaut,Wehrt mit robustem Körper\nviele Status-Attacken ab.
18,4,148,Analyse,"Greift das Pokémon zuletzt an,\nist es stärker."
18,4,149,Trugbild,Bestreitet Kämpfe in der Gestalt\ndes Listenletzten.
18,4,150,Doppelgänger,Kämpft als Kopie seines\nGegenübers.
18,4,151,Schwebedurch,Überwindet gegnerische Schilde\nund greift an.
18,4,152,Mumie,"Berührt man das Pokémon,\nübernimmt man seine Fähigkeit."
18,4,153,Hochmut,"Besiegt es ein Pokémon,\nsteigt sein Angriffs-Wert."
18,4,154,Redlichkeit,Angriff steigt nach Einstecken\neiner Unlicht-Attacke.
18,4,155,Hasenfuß,Aus Angst vor manchen Attacken\nsteigt die Initiative.
18,4,156,Magiespiegel,Lenkt Status-Attacken\nauf den Angreifer um.
18,4,157,Vegetarier,Absorbiert Pflanzen-Attacken\nund steigert den Angriff.
18,4,158,Strolch,Ermöglicht einen Erstschlag\nmit Status-Attacken.
18,4,159,Sandgewalt,Manche Attacken wirken\nin Sandstürmen besser.
18,4,160,Eisenstachel,Angreifer nehmen durch\nbloßes Berühren Schaden.
18,4,161,Trance-Modus,"Wechselt seine Gestalt,\nwenn es eng wird."
18,4,162,Triumphstern,Erhöht Genauigkeit aller\nPokémon im Team.
18,4,163,Turbobrand,Attacken können ungeachtet der\nFähigkeit verwendet werden.
18,4,164,Teravolt,Attacken können ungeachtet der\nFähigkeit verwendet werden.
18,4,165,Dufthülle,Schützt alle Pokémon im Team\nvor manchen mentalen Angriffen.
18,4,166,Blütenhülle,Schützt Pflanzen-Pokémon\nvor gesenkten Statuswerten.
18,4,167,Backentaschen,Heilt beim Konsum\nvon Beeren KP.
18,4,168,Wandlungskunst,Das Pokémon nimmt bei Einsatz\neiner Attacke deren Typ an.
18,4,169,Fellkleid,Halbiert den Schaden durch\nphysische Attacken.
18,4,170,Zauberer,"Stiehlt Items von Pokémon, die\ndurch Attacken getroffen wurden."
18,4,171,Kugelsicher,Schützt das Pokémon vor\ngeworfenen Bomben und Kugeln.
18,4,172,Unbeugsamkeit,"Erhöht den Spezial-Angriff, wenn\nein Statuswert gesenkt wurde."
18,4,173,Titankiefer,Der kräftige Kiefer des Pokémon\nverleiht ihm einen starken Biss.
18,4,174,Frostschicht,Attacken vom Typ Normal\nnehmen den Typ Eis an.
18,4,175,Zuckerhülle,Alle Pokémon im Team können\nnicht einschlafen.
18,4,176,Taktikwechsel,Das Pokémon nimmt je nach\nKampftaktik eine andere Form an.
18,4,177,Orkanschwingen,"Ermöglicht es dem Pokémon, mit\nFlug-Attacken zuerst anzugreifen."
18,4,178,Megawumme,"Erhöht die Stärke einiger Wellen-,\nAura- und Puls-Attacken."
18,4,179,Pflanzenpelz,"Erhöht die Verteidigung,\nwenn Grasfeld aktiv ist."
18,4,180,Nutznießer,Das Pokémon kann sein Item an\neinen Mitstreiter weitergeben.
18,4,181,Krallenwucht,Erhöht die Stärke von direkten\nAngriffen.
18,4,182,Feenschicht,Attacken vom Typ Normal\nnehmen den Typ Fee an.
18,4,183,Viskosität,Die Initiative von Angreifern sinkt\ndurch bloßes Berühren.
18,4,184,Zenithaut,Attacken vom Typ Normal\nnehmen den Typ Flug an.
18,4,185,Familienbande,Zwei Generationen setzen\ngemeinsam zum Angriff an.
18,4,186,Dunkelaura,Erhöht die Stärke aller Attacken\ndes Typs Unlicht.
18,4,187,Feenaura,Erhöht die Stärke aller Attacken\ndes Typs Fee.
18,4,188,Aura-Umkehr,Kehrt die Wirkung von Auren um.
18,4,189,Urmeer,Ändert das Wetter. Unterbindet\ndirekte Feuer-Attacken.
18,4,190,Endland,Ändert das Wetter. Unterbindet\ndirekte Wasser-Attacken.
18,4,191,Delta-Wind,Ändert das Wetter. Schwächen\ndes Typs Flug werden beseitigt.
18,5,1,Tanfo,A volte il cattivo odore\nfa tentennare i nemici.
18,5,2,Piovischio,"Quando scende in campo,\nil Pokémon attira la pioggia."
18,5,3,Acceleratore,La statistica Velocità aumenta\ngradualmente.
18,5,4,Lottascudo,Evita che il Pokémon subisca\nbrutti colpi.
18,5,5,Vigore,Evita che il Pokémon vada KO\nin un sol colpo.
18,5,6,Umidità,Impedisce le mosse\nautodistruttive.
18,5,7,Scioltezza,Il Pokémon è protetto contro\nla paralisi.
18,5,8,Sabbiavelo,L’elusione aumenta durante\nle tempeste di sabbia.
18,5,9,Statico,Il contatto fisico con il Pokémon\npuò causare paralisi.
18,5,10,Assorbivolt,Ridà PS se il Pokémon subisce\nuna mossa di tipo Elettro.
18,5,11,Assorbacqua,Ridà PS se il Pokémon subisce\nuna mossa di tipo Acqua.
18,5,12,Indifferenza,Protegge il Pokémon da\ninfatuazioni e provocazioni.
18,5,13,Antimeteo,Neutralizza gli effetti delle\ncondizioni atmosferiche.
18,5,14,Insettocchi,Aumenta la precisione\ndel Pokémon.
18,5,15,Insonnia,Impedisce al Pokémon\ndi addormentarsi.
18,5,16,Cambiacolore,Il Pokémon acquisisce il tipo\ndella mossa subita.
18,5,17,Immunità,Impedisce al Pokémon di\nvenire avvelenato.
18,5,18,Fuocardore,Potenzia le proprie mosse Fuoco\nse se ne subisce una.
18,5,19,Polvoscudo,Annulla gli effetti secondari\ndelle mosse subite.
18,5,20,Mente Locale,Impedisce al Pokémon\ndi venire confuso.
18,5,21,Ventose,Resiste a strumenti e mosse\ndi sostituzione.
18,5,22,Prepotenza,Riduce la statistica Attacco\ndel nemico.
18,5,23,Pedinombra,Impedisce la fuga al nemico.
18,5,24,Cartavetro,"Se chi attacca mette a segno una    \nmossa fisica, viene danneggiato."
18,5,25,Magidifesa,Rende vulnerabili solo alle\nmosse superefficaci.
18,5,26,Levitazione,Conferisce immunità agli attacchi \ndi tipo Terra.
18,5,27,Spargispora,"Al contatto può causare\navvelenamento, paralisi o sonno."
18,5,28,Sincronismo,"Avvelena, paralizza o scotta il\nnemico che infligge lo stato."
18,5,29,Corpochiaro,Le statistiche del Pokémon\nnon possono essere ridotte.
18,5,30,Alternacura,Cura i problemi di stato quando\nil Pokémon viene sostituito.
18,5,31,Parafulmine,Neutralizza mosse di tipo Elettro\nper aumentare l’Attacco Speciale. 
18,5,32,Leggiadro,Gli effetti secondari delle mosse\nsono più probabili.
18,5,33,Nuotovelox,"Se piove, la statistica Velocità\naumenta."
18,5,34,Clorofilla,"Se c’è il sole, la statistica\nVelocità aumenta."
18,5,35,Risplendi,È più probabile incontrare\nPokémon selvatici.
18,5,36,Traccia,Copia l’abilità del nemico.
18,5,37,Macroforza,Migliora la statistica Attacco\ndel Pokémon.
18,5,38,Velenopunto,Può avvelenare chi manda\na segno una mossa fisica.
18,5,39,Fuocodentro,Evita che il Pokémon tentenni.
18,5,40,Magmascudo,Evita che il Pokémon\nvenga congelato.
18,5,41,Idrovelo,Evita che il Pokémon\nresti scottato.
18,5,42,Magnetismo,Impedisce la fuga ai Pokémon\ndi tipo Acciaio.
18,5,43,Antisuono,Fornisce immunità alle mosse\nbasate sul suono.
18,5,44,Copripioggia,Il Pokémon recupera PS\nquando piove.
18,5,45,Sabbiafiume,Causa una tempesta di sabbia\ndurante la lotta.
18,5,46,Pressione,Il nemico usa più PP.
18,5,47,Grassospesso,Aumenta la resistenza alle mosse\ndi tipo Fuoco e Ghiaccio.
18,5,48,Sveglialampo,Il Pokémon si risveglia\nrapidamente dal sonno.
18,5,49,Corpodifuoco,"Al contatto subito, chi sferra\nl’attacco può venire scottato."
18,5,50,Fugafacile,Garantisce la fuga dai\nPokémon selvatici.
18,5,51,Sguardofermo,Evita che la precisione\ndiminuisca.
18,5,52,Ipertaglio,Evita che la statistica Attacco\nvenga ridotta.
18,5,53,Raccolta,Aumenta la probabilità di trovare\nstrumenti.
18,5,54,Pigrone,Il Pokémon attacca un turno sì\ne uno no.
18,5,55,Tuttafretta,"Aumenta l’Attacco, ma riduce\nla precisione."
18,5,56,Incantevole,"Al contatto subito, chi sferra\nl’attacco può infatuarsi."
18,5,57,Più,Aumenta l’Attacco Speciale se ci\nsono Pokémon con Meno o Più.
18,5,58,Meno,Aumenta l’Attacco Speciale se ci\nsono Pokémon con Meno o Più.
18,5,59,Previsioni,La forma di Castform cambia in \nbase alle condizioni atmosferiche. 
18,5,60,Antifurto,Protegge il Pokémon dal furto\ndi strumenti.
18,5,61,Muta,Può curare i problemi di stato\ndel Pokémon.
18,5,62,Dentistretti,Aumenta l’Attacco in caso di\nproblemi di stato.
18,5,63,Pelledura,Aumenta la Difesa in caso di\nproblemi di stato.
18,5,64,Melma,Danneggia i Pokémon che usano\nmosse ruba-PS.
18,5,65,Erbaiuto,"Quando si è in difficoltà, potenzia  \nle mosse di tipo Erba."
18,5,66,Aiutofuoco,"Quando si è in difficoltà, potenzia  \nle mosse di tipo Fuoco."
18,5,67,Acquaiuto,"Quando si è in difficoltà, potenzia  \nle mosse di tipo Acqua."
18,5,68,Aiutinsetto,"Quando si è in difficoltà, potenzia  \nle mosse di tipo Coleottero."
18,5,69,Testadura,Protegge il Pokémon dai\ncontraccolpi.
18,5,70,Siccità,Il sole brilla intensamente quando \nil Pokémon entra in campo.
18,5,71,Trappoarena,Impedisce la fuga al nemico.
18,5,72,Spiritovivo,Impedisce al Pokémon\ndi addormentarsi.
18,5,73,Fumochiaro,Le statistiche del Pokémon\nnon possono essere ridotte.
18,5,74,Forzapura,Migliora la statistica Attacco\ndel Pokémon.
18,5,75,Guscioscudo,Evita che il Pokémon subisca\nbrutti colpi.
18,5,76,Riparo,Neutralizza gli effetti delle\ncondizioni atmosferiche.
18,5,77,Intricopiedi,Aumenta l’elusione se\nil Pokémon è confuso.
18,5,78,Elettrorapid,Le mosse di tipo Elettro subite\nfanno aumentare la Velocità.
18,5,79,Antagonismo,Rende più forti contro nemici\ndello stesso sesso.
18,5,80,Cuordeciso,Aumenta la Velocità se\nil Pokémon tentenna.
18,5,81,Mantelneve,Aumenta l’elusione quando\ngrandina.
18,5,82,Voracità,Favorisce l’uso anticipato di\nuna bacca tenuta dal Pokémon.
18,5,83,Grancollera,Massimizza l’Attacco se si\nsubisce un brutto colpo.
18,5,84,Agiltecnica,Aumenta la Velocità dopo aver\nusato o perso uno strumento.
18,5,85,Antifuoco,Indebolisce l’effetto di mosse\ndi tipo Fuoco.
18,5,86,Disinvoltura,Le modifiche alle statistiche sono\npiù accentuate.
18,5,87,Pellearsa,"Riduce i PS se fa caldo.\nIn presenza di acqua, ridà PS."
18,5,88,Download,Regola la potenza in base\nal nemico.
18,5,89,Ferropugno,Potenzia le mosse che\nutilizzano pugni.
18,5,90,Velencura,Ridà PS se il Pokémon\nè avvelenato.
18,5,91,Adattabilità,Potenzia le mosse dello stesso\ntipo del Pokémon.
18,5,92,Abillegame,Aumenta la frequenza di mosse\nmulticolpo.
18,5,93,Idratazione,Cura i problemi di stato se piove.
18,5,94,Solarpotere,"Se c’è il sole aumenta l’Attacco\nSpeciale, ma riduce i PS."
18,5,95,Piedisvelti,Aumenta la Velocità se c’è\nun problema di stato.
18,5,96,Normalità,Le mosse del Pokémon\ndiventano di tipo Normale.
18,5,97,Cecchino,Aumenta i danni inflitti\ndai brutti colpi.
18,5,98,Magicscudo,Il Pokémon subisce danni solo\nda attacchi diretti.
18,5,99,Nullodifesa,Le mosse del Pokémon e del\nnemico vanno sempre a segno.
18,5,100,Rallentatore,"I nemici attaccano sempre per\nprimi, anche se sono più lenti."
18,5,101,Tecnico,Potenzia le mosse più deboli\ndel Pokémon.
18,5,102,Fogliamanto,Evita problemi di stato quando\nc’è il sole.
18,5,103,Impaccio,Il Pokémon non può usare\nlo strumento che ha.
18,5,104,Rompiforma,Neutralizza le abilità che\nbloccano le mosse.
18,5,105,Supersorte,Aumenta la probabilità di\ninfliggere brutti colpi.
18,5,106,Scoppio,Arreca danni al Pokémon che\nsferra il colpo finale.
18,5,107,Presagio,Rivela se il nemico ha mosse\npericolose.
18,5,108,Premonizione,Scopre la mossa più potente\ndel nemico.
18,5,109,Imprudenza,Ignora le modifiche alle\nstatistiche del nemico.
18,5,110,Lentifumé,Potenzia le mosse non molto\nefficaci.
18,5,111,Filtro,Riduce la potenza delle mosse\nsuperefficaci.
18,5,112,Lentoinizio,Dimezza per un po’ l’Attacco e\nla Velocità.
18,5,113,Nervisaldi,I Pokémon di tipo Spettro sono\ncolpiti da mosse Normale e Lotta. 
18,5,114,Acquascolo,Neutralizza mosse di tipo Acqua\nper aumentare l’Attacco Speciale. 
18,5,115,Corpogelo,Il Pokémon recupera PS quando\ngrandina.
18,5,116,Solidroccia,Riduce la potenza delle mosse\nsuperefficaci.
18,5,117,Scendineve,Il Pokémon provoca una\ngrandinata durante la lotta.
18,5,118,Mielincetta,Il Pokémon può raccogliere\nMiele.
18,5,119,Indagine,Il Pokémon scopre che\nstrumento ha il nemico.
18,5,120,Temerarietà,Potenzia le mosse che provocano \ncontraccolpi.
18,5,121,Multitipo,Cambia il tipo del Pokémon\na seconda della lastra che ha.
18,5,122,Regalfiore,"Se c’è il sole, potenzia chi la usa\ne gli alleati."
18,5,123,Sogniamari,Riduce i PS dei nemici\naddormentati.
18,5,124,Arraffalesto,"Al contatto subito, ruba lo\nstrumento di chi lo ha attaccato."
18,5,125,Forzabruta,Aumenta i danni annullando altri\neffetti delle mosse.
18,5,126,Inversione,Le modifiche alle statistiche\nhanno effetto inverso.
18,5,127,Agitazione,Il nemico viene intimidito e non\npuò mangiare bacche.
18,5,128,Agonismo,L’Attacco aumenta quando un\nnemico fa calare le statistiche.
18,5,129,Sconforto,Le statistiche scendono se i PS\ncalano a metà o meno.
18,5,130,Corpofunesto,A volte inibisce l’ultima mossa\nusata dal nemico.
18,5,131,Curacuore,A volte cura i problemi di stato\ndegli alleati.
18,5,132,Amicoscudo,Riduce il danno subito dagli\nalleati.
18,5,133,Sottilguscio,Riduce la Difesa e aumenta la\nVelocità se il Pokémon è colpito.
18,5,134,Metalpesante,Raddoppia il peso del Pokémon.
18,5,135,Metalleggero,Dimezza il peso del Pokémon.
18,5,136,Multisquame,Riduce il danno subito se i PS\nsono al massimo.
18,5,137,Velenimpeto,Aumenta l’Attacco se il Pokémon\nè avvelenato.
18,5,138,Bruciaimpeto,Aumenta l’Attacco Speciale se\nil Pokémon è scottato.
18,5,139,Coglibacche,Può ricreare una bacca utilizzata.
18,5,140,Telepatia,Prevede ed evita gli attacchi\ndegli alleati.
18,5,141,Altalena,Aumenta una statistica e ne\nriduce un’altra.
18,5,142,Copricapo,"Protegge il Pokémon da polvere,\nsabbia e grandine."
18,5,143,Velentocco,Può avvelenare il nemico al solo\ncontatto fisico.
18,5,144,Rigenergia,Il Pokémon recupera un po’\ndi PS quando viene sostituito. 
18,5,145,Pettinfuori,Evita che la Difesa diminuisca.
18,5,146,Remasabbia,La Velocità aumenta nelle\ntempeste di sabbia.
18,5,147,Splendicute,Resiste più facilmente ai\ncambiamenti di stato.
18,5,148,Ponderazione,"Se agisce per ultimo, la potenza\ndella mossa sale."
18,5,149,Illusione,Entra con le sembianze\ndell’ultimo Pokémon in squadra.
18,5,150,Sosia,Si trasforma nel Pokémon che ha\ndavanti.
18,5,151,Intrapasso,Attacca evitando le barriere\ndel nemico.
18,5,152,Mummia,L’abilità del nemico cambia\nin Mummia dopo il contatto.
18,5,153,Arroganza,Aumenta l’Attacco quando\nmanda un nemico KO.
18,5,154,Giustizia,L’Attacco aumenta se si è\ncolpiti da una mossa di tipo Buio.
18,5,155,Paura,"Per paura di certi tipi di mosse,\nla Velocità sale."
18,5,156,Magispecchio,Riflette al mittente le mosse\ndi stato.
18,5,157,Mangiaerba,Neutralizza le mosse di tipo Erba\nsubite per aumentare l’Attacco.
18,5,158,Burla,Dà priorità a mosse che alterano\nlo stato.
18,5,159,Silicoforza,Potenzia alcune mosse nelle\ntempeste di sabbia.
18,5,160,Spineferrate,"Se chi attacca mette a segno una    \nmossa fisica, viene danneggiato."
18,5,161,Stato Zen,"Se il Pokémon è in difficoltà,\nne cambia l’aspetto."
18,5,162,Vittorstella,Aumenta la precisione di chi la\npossiede e quella degli alleati.
18,5,163,Piroturbina,Neutralizza le abilità che\nbloccano le mosse.
18,5,164,Teravolt,Neutralizza le abilità che\nbloccano le mosse.
18,5,165,Aromavelo,Protegge sé e gli alleati da mosse \nche limitano la scelta di attacchi.
18,5,166,Fiorvelo,Evita il calo delle statistiche\ndegli alleati di tipo Erba.
18,5,167,Guancegonfie,Fa recuperare PS quando\nil Pokémon mangia una bacca.
18,5,168,Mutatipo,Cambia il tipo del Pokémon in\nquello della mossa usata.
18,5,169,Foltopelo,Dimezza il danno degli attacchi\nfisici subiti.
18,5,170,Prestigiatore,Ruba lo strumento del Pokémon\nsu cui è stata usata una mossa.
18,5,171,Antiproiettile,Protegge da alcune mosse\na base di proiettili e bombe.
18,5,172,Tenacia,L’Attacco aumenta quando un\nnemico fa calare le statistiche.
18,5,173,Ferromascella,La robusta mascella del Pokémon  \npermette morsi molto potenti.
18,5,174,Pellegelo,Le mosse di tipo Normale\ndiventano di tipo Ghiaccio.
18,5,175,Dolcevelo,Impedisce a sé e agli alleati\ndi addormentarsi.
18,5,176,Accendilotta,L’aspetto del Pokémon cambia\nin base alla modalità di lotta.
18,5,177,Aliraffica,Dà priorità alle mosse di tipo\nVolante.
18,5,178,Megalancio,Potenzia le mosse “pulsar”\ne altre come Ondasana.
18,5,179,Peloderba,Aumenta la Difesa durante\nl’effetto di Campo Erboso.
18,5,180,Simbiosi,Il Pokémon può passare il suo\nstrumento a un alleato.
18,5,181,Unghiedure,Potenzia le mosse che causano\nun contatto fisico.
18,5,182,Pellefolletto,Le mosse di tipo Normale\ndiventano di tipo Folletto.
18,5,183,Viscosità,Riduce la Velocità del Pokémon\ncon cui entra in contatto.
18,5,184,Pellecielo,Le mosse di tipo Normale\ndiventano di tipo Volante.
18,5,185,Amorefiliale,Il Pokémon e il suo piccolo\nattaccano insieme.
18,5,186,Auratetra,Potenzia le mosse di tipo Buio\ndi tutti i Pokémon.
18,5,187,Aurafolletto,Potenzia le mosse di tipo Folletto \ndi tutti i Pokémon.
18,5,188,Frangiaura,Inverte gli effetti di tutte\nle aure.
18,5,189,Mare Primordiale,Crea un clima che rende inefficaci  \ngli attacchi di tipo Fuoco.
18,5,190,Terra Estrema,Crea un clima che rende inefficaci  \ngli attacchi di tipo Acqua.
18,5,191,Flusso Delta,Crea un clima che annulla i punti\ndeboli del tipo Volante.
18,6,1,Hedor,Es posible que el rival retroceda\npor el mal olor.
18,6,2,Llovizna,Hace que llueva cuando entra en\ncombate.
18,6,3,Impulso,Aumenta la Velocidad\ngradualmente.
18,6,4,Armadura Batalla,Bloquea los golpes críticos.
18,6,5,Robustez,Evita que el rival pueda debilitarle\nde un solo golpe.
18,6,6,Humedad,Evita que un Pokémon pueda\nautodestruirse.
18,6,7,Flexibilidad,Evita ser paralizado.
18,6,8,Velo Arena,Aumenta la Evasión en las\ntormentas de arena.
18,6,9,Elec. Estática,Puede paralizar al mínimo\ncontacto.
18,6,10,Absorbe Elec,Recupera PS al recibir ataques de\ntipo Eléctrico.
18,6,11,Absorbe Agua,Recupera PS al recibir ataques de\ntipo Agua.
18,6,12,Despiste,Evita que el Pokémon sea\natraído o provocado.
18,6,13,Aclimatación,Anula los efectos del tiempo\natmosférico.
18,6,14,Ojo Compuesto,Aumenta la Precisión del\nPokémon.
18,6,15,Insomnio,Evita el quedarse dormido.
18,6,16,Cambio Color,Adopta el tipo del último\nmovimiento del que se es blanco.
18,6,17,Inmunidad,Evita el envenenamiento.
18,6,18,Absorbe Fuego,Potencia movimientos de tipo\nFuego si ha sufrido antes alguno.
18,6,19,Polvo Escudo,Anula el efecto secundario del\nataque sufrido.
18,6,20,Ritmo Propio,Evita ser confundido.
18,6,21,Ventosas,Anula movimientos y objetos que\nfuerzan el relevo.
18,6,22,Intimidación,Baja el Ataque del rival.
18,6,23,Sombra Trampa,Evita que el enemigo huya.
18,6,24,Piel Tosca,Hiere al hacer contacto.
18,6,25,Superguarda,Solo le hacen daño los\nmovimientos supereficaces.
18,6,26,Levitación,Proporciona inmunidad frente a\nlos ataques de tipo Tierra.
18,6,27,Efecto Espora,"Puede dormir, envenenar o\nparalizar al contacto."
18,6,28,Sincronía,"Contagia envenenamiento,\nparálisis o quemaduras."
18,6,29,Cuerpo Puro,Evita que bajen las\ncaracterísticas.
18,6,30,Cura Natural,Cura problemas de estado al\ncambiar de Pokémon.
18,6,31,Pararrayos,Atrae y neutraliza movimientos de\ntipo Eléctrico y sube el At. Esp.
18,6,32,Dicha,Aumenta la probabilidad de que\nhaya efectos secundarios.
18,6,33,Nado Rápido,Sube la Velocidad cuando hay\nlluvia.
18,6,34,Clorofila,Sube la Velocidad cuando hay\nsol.
18,6,35,Iluminación,Aumenta la probabilidad de\nencontrar Pokémon.
18,6,36,Rastro,Copia la habilidad del rival.
18,6,37,Potencia,Aumenta el Ataque.
18,6,38,Punto Tóxico,Puede envenenar al mínimo\ncontacto.
18,6,39,Foco Interno,Evita el retroceso.
18,6,40,Escudo Magma,Evita la congelación.
18,6,41,Velo Agua,Evita las quemaduras.
18,6,42,Imán,Impide huir a los Pokémon de\ntipo Acero.
18,6,43,Insonorizar,Evita ataques de sonido.
18,6,44,Cura Lluvia,Recupera PS de forma gradual\ncuando llueve.
18,6,45,Chorro Arena,Crea una tormenta de arena en\nel combate.
18,6,46,Presión,Hace que los PP del rival se\nacaben antes.
18,6,47,Sebo,Atenúa los ataques de tipo Fuego\ny Hielo.
18,6,48,Madrugar,El Pokémon se despierta\nrápidamente.
18,6,49,Cuerpo Llama,Puede quemar al mínimo\ncontacto.
18,6,50,Fuga,Permite escapar de todos los\nPokémon salvajes.
18,6,51,Vista Lince,Evita que disminuya la Precisión.
18,6,52,Corte Fuerte,Evita que disminuya el Ataque.
18,6,53,Recogida,El Pokémon puede encontrar\nobjetos.
18,6,54,Ausente,El Pokémon no atacará en turnos\nconsecutivos.
18,6,55,Entusiasmo,"Aumenta el Ataque, pero reduce\nla Precisión."
18,6,56,Gran Encanto,Tocar al Pokémon puede causar\nenamoramiento.
18,6,57,Más,Potencia el At. Esp. si algún otro\nPokémon tiene Más o Menos.
18,6,58,Menos,Potencia el At. Esp. si algún otro\nPokémon tiene Más o Menos.
18,6,59,Predicción,Se transforma según el tiempo\natmosférico.
18,6,60,Viscosidad,Protege al Pokémon del robo\nde objetos.
18,6,61,Mudar,Cura los problemas de estado\nmudando la piel.
18,6,62,Agallas,Sube el Ataque si sufre un\nproblema de estado.
18,6,63,Escama Especial,Sube la Defensa si sufre un\nproblema de estado.
18,6,64,Lodo Líquido,Hiere a los Pokémon que drenan\nPS.
18,6,65,Espesura,Potencia los ataques de tipo\nPlanta en un apuro.
18,6,66,Mar Llamas,Potencia los ataques de tipo\nFuego en un apuro.
18,6,67,Torrente,Potencia los ataques de tipo\nAgua en un apuro.
18,6,68,Enjambre,Potencia los ataques de tipo\nBicho en un apuro.
18,6,69,Cabeza Roca,Impide que el Pokémon se dañe\ncon sus movimientos.
18,6,70,Sequía,El sol sale si el Pokémon entra en\ncombate.
18,6,71,Trampa Arena,Evita que el rival huya.
18,6,72,Espíritu Vital,Evita el quedarse dormido.
18,6,73,Humo Blanco,Evita que bajen las\ncaracterísticas.
18,6,74,Energía Pura,Aumenta el Ataque.
18,6,75,Caparazón,Bloquea los golpes críticos.
18,6,76,Bucle Aire,Anula los efectos del tiempo\natmosférico.
18,6,77,Tumbos,Sube la Evasión si el Pokémon\nestá confuso.
18,6,78,Electromotor,Sube la Velocidad si le alcanza\nun ataque eléctrico.
18,6,79,Rivalidad,"Si el objetivo es del mismo sexo,\ninflige más daño."
18,6,80,Impasible,Cada vez que retrocede sube su\nVelocidad.
18,6,81,Manto Níveo,Sube la Evasión durante una\ntormenta de granizo.
18,6,82,Gula,Fomenta el uso rápido de la baya\nque porte.
18,6,83,Irascible,Sube el Ataque al máximo tras un\ngolpe crítico.
18,6,84,Liviano,Sube la Velocidad si usa o pierde\nel objeto que lleve.
18,6,85,Ignífugo,Disminuye la potencia de los\nataques de tipo Fuego.
18,6,86,Simple,Aumenta los cambios en las\ncaracterísticas.
18,6,87,Piel Seca,Pierde PS si hace calor. Los\nrecupera con agua.
18,6,88,Descarga,Adapta su fuerza para cada rival.
18,6,89,Puño Férreo,Aumenta la fuerza de los\npuñetazos.
18,6,90,Antídoto,Recupera PS si el Pokémon ha\nsido envenenado.
18,6,91,Adaptable,Potencia los movimientos del\nmismo tipo del Pokémon.
18,6,92,Encadenado,Aumenta la frecuencia de\nlos movimientos múltiples.
18,6,93,Hidratación,Cura los problemas de estado si\nestá lloviendo.
18,6,94,Poder Solar,"Si hace sol, baja los PS, pero\npotencia el At. Esp."
18,6,95,Pies Rápidos,Potencia la Velocidad si hay\nproblemas de estado.
18,6,96,Normalidad,Todos los movimientos se vuelven\nde tipo Normal.
18,6,97,Francotirador,Potencia los movimientos si se\nvuelven críticos.
18,6,98,Muro Mágico,Solo dañan al Pokémon los\nataques directos.
18,6,99,Indefenso,El movimiento del Pokémon y el\ndel rival acertarán.
18,6,100,Rezagado,El Pokémon se mueve tras todos\nlos demás.
18,6,101,Experto,Potencia los movimientos más\ndébiles del Pokémon.
18,6,102,Defensa Hoja,Evita los problemas de estado si\nhace sol.
18,6,103,Zoquete,El Pokémon no puede usar\nobjetos equipados.
18,6,104,Rompemoldes,Usa movimientos sin que importen\nlas habilidades del objetivo.
18,6,105,Afortunado,Aumenta la probabilidad de dar\ngolpes críticos.
18,6,106,Resquicio,Daña al agresor que le ha dado el\ngolpe de gracia.
18,6,107,Anticipación,Prevé los movimientos peligrosos\ndel rival.
18,6,108,Alerta,Determina el movimiento más\npotente del rival.
18,6,109,Ignorante,No tiene en cuenta las mejoras\nen las características del rival.
18,6,110,Cromolente,Potencia los movimientos que no\nson muy eficaces.
18,6,111,Filtro,Mitiga los movimientos\nsupereficaces.
18,6,112,Inicio Lento,Baja a la mitad el Ataque y la\nVelocidad durante un rato.
18,6,113,Intrépido,Movimientos tipo Normal y Lucha\ngolpean a Pokémon Fantasma.
18,6,114,Colector,Atrae y neutraliza los movimientos\nde tipo Agua y sube el At. Esp.
18,6,115,Gélido,Recupera algunos PS cuando hay\ntormentas de granizo.
18,6,116,Roca Sólida,Mitiga los movimientos\nsupereficaces.
18,6,117,Nevada,El Pokémon invoca una tormenta\nde granizo.
18,6,118,Recogemiel,El Pokémon recoge Miel de\ndonde puede.
18,6,119,Cacheo,El Pokémon puede ver el objeto\nque lleva el rival.
18,6,120,Audaz,Potencia los movimientos que\ndañan al usuario.
18,6,121,Multitipo,Cambia el tipo al de la tabla que\nlleve.
18,6,122,Don Floral,Potencia a todos los Pokémon\ndel equipo si está soleado.
18,6,123,Mal Sueño,Reduce los PS de cualquier rival\nque esté dormido.
18,6,124,Hurto,"Al ser golpeado, roba\nel objeto del objetivo."
18,6,125,Potencia Bruta,Sube la potencia y anula los\nefectos secundarios.
18,6,126,Respondón,Invierte los cambios en las\ncaracterísticas.
18,6,127,Nerviosismo,Pone nervioso al rival y le impide\nusar bayas.
18,6,128,Competitivo,Sube el Ataque cuando el rival le\nbaja las características.
18,6,129,Flaqueza,Baja las características al llegar a\nla mitad los PS.
18,6,130,Cuerpo Maldito,Puede anular el movimiento\nusado en su contra.
18,6,131,Alma Cura,A veces cura los cambios\nde estado de un aliado.
18,6,132,Compiescolta,Reduce el daño que sufren los\naliados.
18,6,133,Armadura Frágil,Un ataque físico baja la Defensa\ny sube la Velocidad.
18,6,134,Metal Pesado,Duplica el peso del Pokémon.
18,6,135,Metal Liviano,Reduce a la mitad el peso del\nPokémon.
18,6,136,Compensación,Reduce el daño sufrido si los PS\nestán al máximo.
18,6,137,Ímpetu Tóxico,Aumenta la potencia física si está\nenvenenado.
18,6,138,Ímpetu Ardiente,Potencia los ataques especiales\ncuando el Pokémon se quema.
18,6,139,Cosecha,Permite reutilizar varias veces una\nmisma baya.
18,6,140,Telepatía,Elude los ataques de aliados en\nbatalla.
18,6,141,Veleta,"Sube una característica mucho,\npero baja otra."
18,6,142,Funda,"Protege del polvo, la arena y\nel granizo."
18,6,143,Toque Tóxico,Puede envenenar al objetivo con\nsolo tocarlo.
18,6,144,Regeneración,Recupera unos pocos PS al\ncambiar de Pokémon.
18,6,145,Sacapecho,Protege de los ataques que bajan\nla Defensa.
18,6,146,Ímpetu Arena,Aumenta la Velocidad durante las\ntormentas de arena.
18,6,147,Piel Milagro,Dificulta que le afecten los\nataques de estado.
18,6,148,Cálculo Final,Potencia el movimiento si es el\núltimo en atacar.
18,6,149,Ilusión,Se convierte en el último\nPokémon del equipo.
18,6,150,Impostor,Se transforma en el Pokémon que\ntiene enfrente.
18,6,151,Allanamiento,Ataca rodeando la barrera del\nrival.
18,6,152,Momia,Contagia Momia al rival que lo\ntoque.
18,6,153,Autoestima,Potencia el Ataque al debilitar a\nun objetivo.
18,6,154,Justiciero,Sube el Ataque al recibir uno de\ntipo Siniestro.
18,6,155,Cobardía,El miedo a algunos ataques sube\nsu Velocidad.
18,6,156,Espejo Mágico,Permite devolver los ataques de\nestado.
18,6,157,Herbívoro,Neutraliza los movimientos de\ntipo Planta y sube el Ataque.
18,6,158,Bromista,Permite lanzar ataques de estado\nen primer lugar.
18,6,159,Poder Arena,Potencia algunos movimientos\ndurante las tormentas de arena.
18,6,160,Punta Acero,Hiere al hacer contacto.
18,6,161,Modo Daruma,Cambia de forma en un apuro.
18,6,162,Tinovictoria,Sube la Precisión de todo el\nequipo.
18,6,163,Turbollama,Usa movimientos sin que importen\nlas habilidades del objetivo.
18,6,164,Terravoltaje,Usa movimientos sin que importen\nlas habilidades del objetivo.
18,6,165,Velo Aroma,Protege al equipo de ataques\nque impiden elegir movimientos.
18,6,166,Velo Flor,Evita que bajen las características\nde Pokémon tipo Planta aliados.
18,6,167,Carrillo,Recupera PS al comer bayas.
18,6,168,Mutatipo,Cambia su tipo al del movimiento\nque acaba de usar.
18,6,169,Pelaje Recio,Reduce a la mitad el daño\nrecibido por ataques físicos.
18,6,170,Prestidigitador,Roba el objeto del Pokémon al\nque alcance con un movimiento.
18,6,171,Antibalas,No le afectan las bombas ni\nalgunos proyectiles.
18,6,172,Tenacidad,Aumenta su At. Esp. cuando\ndisminuyen otras características.
18,6,173,Mandíbula Fuerte,Su robusta mandíbula le confiere\nuna potente mordedura.
18,6,174,Piel Helada,Convierte movimientos de tipo\nNormal en tipo Hielo.
18,6,175,Velo Dulce,Evita que tu equipo Pokémon\nse duerma.
18,6,176,Cambio Táctico,Cambia de forma según su estilo\nde combate.
18,6,177,Alas Vendaval,Da prioridad a los movimientos de\ntipo Volador.
18,6,178,Megadisparador,Aumenta la potencia de algunos\nmovimientos de pulsos y auras.
18,6,179,Manto Frondoso,Aumenta la Defensa mientras dura\nel efecto de Campo de Hierba.
18,6,180,Simbiosis,El Pokémon puede pasar su\nobjeto a un aliado.
18,6,181,Garra Dura,Aumenta la potencia de los\nmovimientos de contacto directo.
18,6,182,Piel Feérica,Convierte movimientos de tipo\nNormal en tipo Hada.
18,6,183,Baba,Baja la Velocidad del Pokémon\ncon el que entra en contacto.
18,6,184,Piel Celeste,Convierte movimientos de tipo\nNormal en tipo Volador.
18,6,185,Amor Filial,Ataque en familia.
18,6,186,Aura Oscura,Aumenta la potencia de todos los\nmovimientos de tipo Siniestro.
18,6,187,Aura Feérica,Aumenta la potencia de todos los\nmovimientos de tipo Hada.
18,6,188,Rompeaura,Invierte los efectos que causan\nlas auras.
18,6,189,Mar del Albor,Altera el clima para anular los\nataques de tipo Fuego.
18,6,190,Tierra del Ocaso,Altera el clima para anular los\nataques de tipo Agua.
18,6,191,Ráfaga Delta,Altera el clima para anular las\nvulnerabilidades del tipo Volador.
18,7,1,악취,악취 때문에 상대가\n풀죽을 때가 있다.
18,7,2,잔비,배틀에 나가면\n비를 내린다.
18,7,3,가속,조금씩\n스피드가 높아진다.
18,7,4,전투무장,상대의 공격이\n급소에 맞지 않는다.
18,7,5,옹골참,일격으로\n쓰러지지 않는다.
18,7,6,습기,누구도 폭발\n할 수 없게 된다.
18,7,7,유연,마비 상태가\n되지 않는다.
18,7,8,모래숨기,모래바람으로\n회피율이 올라간다.
18,7,9,정전기,접촉한 상대를\n마비시킬 때가 있다.
18,7,10,축전,전기를 받으면\n회복한다.
18,7,11,저수,물을 받으면\n회복한다.
18,7,12,둔감,헤롱헤롱이나 도발 상태가\n되지 않는다.
18,7,13,날씨부정,날씨의 영향이\n없어진다.
18,7,14,복안,기술의 명중률이\n올라간다.
18,7,15,불면,잠듦 상태가\n되지 않는다.
18,7,16,변색,받은 기술의 타입으로\n변화한다.
18,7,17,면역,독 상태가\n되지 않는다.
18,7,18,타오르는불꽃,불꽃을 받으면\n불꽃 기술이 강해진다.
18,7,19,인분,기술의 추가 효과를\n받지 않는다.
18,7,20,마이페이스,혼란 상태가\n되지 않는다.
18,7,21,흡반,교체시키는 기술이나 도구의\n효과를 받지 않는다.
18,7,22,위협,상대의 공격을\n떨어뜨린다.
18,7,23,그림자밟기,상대의 그림자를 밟아\n도망칠 수 없게 한다.
18,7,24,까칠한피부,접촉한 상대에게\n상처를 입힌다.
18,7,25,불가사의부적,효과가 굉장한 기술밖에\n맞지 않는다.
18,7,26,부유,땅타입의 기술을\n받지 않는다.
18,7,27,포자,"스치면 독, 마비, 잠듦\n상태가 될 때가 있다."
18,7,28,싱크로,"독, 마비, 화상을\n상대에게 옮긴다."
18,7,29,클리어바디,상대가 능력을\n떨어뜨릴 수 없다.
18,7,30,자연회복,배틀에서 일단 물러나면\n상태 이상이 회복된다.
18,7,31,피뢰침,전기를 끌어모아\n특수공격을 올린다.
18,7,32,하늘의은총,기술의 추가 효과가\n나오기 쉽다.
18,7,33,쓱쓱,비가 올 때 스피드가\n올라간다.
18,7,34,엽록소,맑을 때 스피드가\n올라간다.
18,7,35,발광,야생 포켓몬과\n만나기 쉬워진다.
18,7,36,트레이스,상대와 같은\n특성이 된다.
18,7,37,천하장사,물리공격의\n위력이 올라간다.
18,7,38,독가시,접촉한 상대를\n중독시킬 때가 있다.
18,7,39,정신력,풀죽지 않는다.
18,7,40,마그마의무장,얼음 상태가\n되지 않는다.
18,7,41,수의베일,화상 상태가\n되지 않는다.
18,7,42,자력,강철의 포켓몬을\n도망칠 수 없게 한다.
18,7,43,방음,소리 기술을\n받지 않는다.
18,7,44,젖은접시,비가 올 때 조금씩\nHP를 회복한다.
18,7,45,모래날림,배틀에서 모래바람을\n일으킨다.
18,7,46,프레셔,상대가 사용하는 기술의\nPP를 많이 줄인다.
18,7,47,두꺼운지방,불꽃과 얼음타입의\n기술에 강하다.
18,7,48,일찍기상,잠듦 상태에서\n빨리 깨어난다.
18,7,49,불꽃몸,접촉한 상대에게\n화상을 입힐 때가 있다.
18,7,50,도주,야생 포켓몬으로부터\n반드시 도망칠 수 있다.
18,7,51,날카로운눈,명중률이\n떨어지지 않는다.
18,7,52,괴력집게,상대가 공격을\n떨어뜨리지 못한다.
18,7,53,픽업,도구를 주워올\n때가 있다.
18,7,54,게으름,연속으로\n공격할 수 없다.
18,7,55,의욕,공격은 높지만\n빗나가기 쉽다.
18,7,56,헤롱헤롱바디,스치면 헤롱헤롱 상태가\n될 때가 있다.
18,7,57,플러스,플러스나 마이너스가 있으면\n특수공격이 올라간다.
18,7,58,마이너스,플러스나 마이너스가 있으면\n특수공격이 올라간다.
18,7,59,기분파,날씨에 따라\n캐스퐁이 변화한다.
18,7,60,점착,달라붙어서\n도구를 지킨다.
18,7,61,탈피,상태 이상을\n회복할 때가 있다.
18,7,62,근성,상태 이상이 되면\n공격이 올라간다.
18,7,63,이상한비늘,상태 이상이 되면\n방어가 올라간다.
18,7,64,해감액,흡수한 상대의\nHP를 줄인다.
18,7,65,심록,위급할 때 풀타입의\n위력이 올라간다.
18,7,66,맹화,위급할 때 불꽃타입의\n위력이 올라간다.
18,7,67,급류,위급할 때 물타입의\n위력이 올라간다.
18,7,68,벌레의알림,위급할 때 벌레타입의\n위력이 올라간다.
18,7,69,돌머리,부딪쳐도\n반동을 받지 않는다.
18,7,70,가뭄,배틀에 나가면\n햇살이 강해진다.
18,7,71,개미지옥,배틀에서 상대를\n도망칠 수 없게 한다.
18,7,72,의기양양,잠듦 상태가\n되지 않는다.
18,7,73,하얀연기,상대가 능력을\n떨어뜨릴 수 없다.
18,7,74,순수한힘,물리공격의\n위력이 올라간다.
18,7,75,조가비갑옷,상대의 공격이\n급소에 맞지 않는다.
18,7,76,에어록,날씨의 영향이\n없어진다.
18,7,77,갈지자걸음,혼란에 빠져 있으면\n회피하기 쉬워진다.
18,7,78,전기엔진,전기를 받으면\n스피드가 올라간다.
18,7,79,투쟁심,상대와 성별이\n같으면 강해진다.
18,7,80,불굴의마음,풀죽을 때마다\n스피드가 올라간다.
18,7,81,눈숨기,날씨가 싸라기눈일 때\n회피율이 올라간다.
18,7,82,먹보,나무열매를 여느 때보다\n빨리 사용한다.
18,7,83,분노의경혈,급소에 맞으면\n공격이 올라간다.
18,7,84,곡예,도구가 없어지면\n스피드가 올라간다.
18,7,85,내열,불꽃타입 공격의\n위력을 약하게 한다.
18,7,86,단순,능력 변화가\n여느 때보다 심하다.
18,7,87,건조피부,더우면 HP가 줄어든다.\n물로 HP를 회복한다.
18,7,88,다운로드,상대의 능력을 보고\n능력치를 바꾼다.
18,7,89,철주먹,펀치를 사용하는 기술의\n위력이 올라간다.
18,7,90,포이즌힐,독 상태가 되면\nHP를 회복한다.
18,7,91,적응력,타입이 같은 기술의\n위력이 올라간다.
18,7,92,스킬링크,연속 기술을\n많이 쓸 수 있다.
18,7,93,촉촉바디,비가 오면\n상태 이상이 회복된다.
18,7,94,선파워,맑으면 HP가 줄지만\n특수공격이 올라간다.
18,7,95,속보,상태 이상이 되면\n스피드가 올라간다.
18,7,96,노말스킨,쓴 기술이 모두\n노말타입이 된다.
18,7,97,스나이퍼,급소에 맞혔을 때\n위력이 올라간다.
18,7,98,매직가드,공격 이외에는\n데미지를 입지 않는다.
18,7,99,노가드,서로의 기술이\n반드시 맞는다.
18,7,100,시간벌기,상대보다 재빨라도\n행동이 느려진다.
18,7,101,테크니션,약한 기술의\n위력이 올라간다.
18,7,102,리프가드,맑을 때는\n상태 이상이 되지 않는다.
18,7,103,서투름,지니고 있는 도구를\n쓸 수 없다.
18,7,104,틀깨기,특성에 관계없이 상대에게\n기술을 쓸 수 있다.
18,7,105,대운,상대의 급소에\n공격이 맞기 쉽다.
18,7,106,유폭,기절할 때 스친\n상대에게 데미지를 준다.
18,7,107,위험예지,상대가 지닌 위험한\n기술을 감지한다.
18,7,108,예지몽,상대가 지닌 기술을\n꿰뚫어볼 수 있다.
18,7,109,천진,상대의 능력\n변화를 무시한다.
18,7,110,색안경,효과가 별로인 기술이\n강해진다.
18,7,111,필터,효과가 굉장한 기술의\n위력을 약하게 한다.
18,7,112,슬로스타트,공격과 스피드가\n잠시 동안 절반이 된다.
18,7,113,배짱,고스트타입에\n노말 기술이 맞는다.
18,7,114,마중물,물을 끌어모아\n특수공격을 올린다.
18,7,115,아이스바디,싸라기눈일 때 HP를\n조금씩 회복한다.
18,7,116,하드록,효과가 굉장한 기술의\n위력을 약하게 한다.
18,7,117,눈퍼뜨리기,배틀에 나가면\n싸라기눈을 내리게 한다.
18,7,118,꿀모으기,달콤한꿀을 모아서\n올 때가 있다.
18,7,119,통찰,상대가 지닌 물건을\n알 수 있다.
18,7,120,이판사판,반동 데미지를\n받는 기술이 강해진다.
18,7,121,멀티타입,지니고 있는 플레이트에\n따라 타입이 바뀐다.
18,7,122,플라워기프트,맑을 때 자신과\n같은 편이 강해진다.
18,7,123,나이트메어,잠들어 있는 상대의\nHP를 줄인다.
18,7,124,나쁜손버릇,닿은 상대로부터\n도구를 훔친다.
18,7,125,우격다짐,힘이 강해지지만\n추가 효과가 없어진다.
18,7,126,심술꾸러기,능력의 변화가\n역전된다.
18,7,127,긴장감,상대를 긴장시켜 나무열매를\n먹지 못하게 한다.
18,7,128,오기,능력이 떨어지면\n공격이 올라간다.
18,7,129,무기력,HP가 절반이 되면\n능력이 떨어진다.
18,7,130,저주받은바디,공격받으면 가끔 상대를\n사슬묶기 상태로 만든다.
18,7,131,치유의마음,같은 편의 상태 이상을\n가끔 회복시킨다.
18,7,132,프렌드가드,같은 편의 데미지를\n줄일 수 있다.
18,7,133,깨어진갑옷,물리 기술을 받으면 방어가\n떨어지고 스피드가 올라간다.
18,7,134,헤비메탈,자신의 무게가\n2배가 된다.
18,7,135,라이트메탈,자신의 무게가\n절반이 된다.
18,7,136,멀티스케일,HP가 꽉 찼을 때\n데미지가 줄어든다.
18,7,137,독폭주,독 상태일 때 물리공격의\n위력이 올라간다.
18,7,138,열폭주,화상 상태일 때 특수공격의\n위력이 올라간다.
18,7,139,수확,사용한 나무열매를\n몇 번이고 만들어 낸다.
18,7,140,텔레파시,같은 편의 공격의 낌새를\n읽고 기술을 받지 않는다.
18,7,141,변덕쟁이,능력이\n오르락내리락한다.
18,7,142,방진,먼지나 가루를\n막는다.
18,7,143,독수,접촉하기만 해도 상대를\n독 상태로 만들 때가 있다.
18,7,144,재생력,볼에 넣으면 HP가\n조금 회복된다.
18,7,145,부풀린가슴,방어를 떨어뜨리는\n공격을 받지 않는다.
18,7,146,모래헤치기,모래바람으로\n스피드가 올라간다.
18,7,147,미라클스킨,변화 기술을 받기 어려운\n몸으로 되어 있다.
18,7,148,애널라이즈,제일 마지막에\n기술을 쓰면 강해진다.
18,7,149,일루전,뒤의 포켓몬으로\n둔갑하여 나온다.
18,7,150,괴짜,눈앞의 포켓몬으로\n변신해버린다.
18,7,151,틈새포착,상대의 벽을\n뚫고 공격한다.
18,7,152,미라,상대의 기술을 받으면\n상대를 미라로 만든다.
18,7,153,자기과신,상대를 쓰러뜨리면\n공격이 올라간다.
18,7,154,정의의마음,악 기술을 받으면\n공격이 올라간다.
18,7,155,주눅,주눅이 들어 스피드가\n올라가는 타입이 있다.
18,7,156,매직미러,변화 기술을\n되받아칠 수 있다.
18,7,157,초식,풀 기술을 받으면\n공격이 올라간다.
18,7,158,짓궂은마음,변화 기술을 먼저\n쓸 수 있다.
18,7,159,모래의힘,모래바람으로 위력이\n올라가는 기술이 있다.
18,7,160,철가시,접촉한 상대에게\n상처를 입힌다.
18,7,161,달마모드,위급할 때\n모습이 변화한다.
18,7,162,승리의별,자신과 같은 편의\n명중률이 올라간다.
18,7,163,터보블레이즈,특성에 관계없이 상대에게\n기술을 쓸 수 있다.
18,7,164,테라볼티지,특성에 관계없이 상대에게\n기술을 쓸 수 있다.
18,7,165,아로마베일,같은 편으로 향하는\n멘탈 공격을 막는다.
18,7,166,플라워베일,같은 편의 풀타입 포켓몬은\n능력이 떨어지지 않는다.
18,7,167,볼주머니,나무열매를 먹으면\nHP도 회복한다.
18,7,168,변환자재,사용한 기술과 같은\n타입으로 변화한다.
18,7,169,퍼코트,물리 기술의 데미지가\n절반이 된다.
18,7,170,매지션,기술을 맞은 상대의\n도구를 빼앗아 버린다.
18,7,171,방탄,구슬이나 폭탄에\n맞지 않는다.
18,7,172,승기,능력이 떨어지면\n특수공격이 올라간다.
18,7,173,옹골찬턱,턱이 튼튼하여\n무는 힘이 강하다.
18,7,174,프리즈스킨,노말타입의 기술이\n얼음타입이 된다.
18,7,175,스위트베일,같은 편의 포켓몬이\n잠들지 않게 된다.
18,7,176,배틀스위치,배틀모드에서\n모습이 바뀐다.
18,7,177,질풍날개,비행타입의 기술이\n먼저 나오게 된다.
18,7,178,메가런처,파동 기술의\n위력이 크다.
18,7,179,풀모피,그래스필드일 때\n방어가 올라간다.
18,7,180,공생,같은 편에게 도구를\n건넬 수 있게 된다.
18,7,181,단단한발톱,접촉하는 기술의\n위력이 올라간다.
18,7,182,페어리스킨,노말타입의 기술이\n페어리타입이 된다.
18,7,183,미끈미끈,접촉한 상대의\n스피드를 떨어뜨린다.
18,7,184,스카이스킨,노말타입의 기술이\n비행타입이 된다.
18,7,185,부자유친,부모와 자식 2마리가\n공격한다.
18,7,186,다크오라,전원의 악타입\n기술이 강해진다.
18,7,187,페어리오라,전원의 페어리타입\n기술이 강해진다.
18,7,188,오라브레이크,오라의 효과가\n반대가 된다.
18,7,189,시작의바다,불꽃타입의 공격을\n받지 않는 날씨로 만든다.
18,7,190,끝의대지,물타입의 공격을\n받지 않는 날씨로 만든다.
18,7,191,델타스트림,비행타입의 약점이\n없어지는 날씨로 만든다.
18,8,1,あくしゅう,臭くて　相手が\nひるむ　ことがある。
18,8,2,あめふらし,戦闘に　でると\n雨を　降らす。
18,8,3,かそく,ちょっとずつ\n素早く　なっていく。
18,8,4,カブトアーマー,相手の　攻撃が\n急所に　当たらない。
18,8,5,がんじょう,一撃で　倒されない。\n
18,8,6,しめりけ,だれも　爆発が\nできなくなる。
18,8,7,じゅうなん,まひ状態に\nならない。
18,8,8,すながくれ,砂あらしで\n回避率が　あがる。
18,8,9,せいでんき,触った　相手を\nまひさせる　ことがある。
18,8,10,ちくでん,でんきを　受けると\n回復する。
18,8,11,ちょすい,みずを　受けると\n回復する。
18,8,12,どんかん,メロメロや　ちょうはつ\n状態に　ならない。
18,8,13,ノーてんき,天気の　影響が\nなくなる。
18,8,14,ふくがん,技の　命中率が\nあがる。
18,8,15,ふみん,ねむり状態に\nならない。
18,8,16,へんしょく,受けた　技の　タイプに\n変化する。
18,8,17,めんえき,どく状態に\nならない。
18,8,18,もらいび,ほのおを　受けると\nほのお技が　強くなる。
18,8,19,りんぷん,技の　追加効果を\n受けない。
18,8,20,マイペース,混乱状態に\nならない。
18,8,21,きゅうばん,入れ替えさせる　技や\n道具が　効かない。
18,8,22,いかく,相手の　攻撃を\nさげる。
18,8,23,かげふみ,相手の　影をふみ\n逃げられなくする。
18,8,24,さめはだ,触れた　相手を\nキズつける。
18,8,25,ふしぎなまもり,効果バツグン　しか\n当たらない。
18,8,26,ふゆう,じめんタイプの　技を\n受けない。
18,8,27,ほうし,触れると　どく　まひ\nねむりに　することがある。
18,8,28,シンクロ,どく　まひ　やけどを\n相手に　うつす。
18,8,29,クリアボディ,相手に　能力を\nさげられない。
18,8,30,しぜんかいふく,状態異常が\nひっこむと　治る。
18,8,31,ひらいしん,でんきを　呼び込んで\n特攻を　あげる。
18,8,32,てんのめぐみ,技の　追加効果が\nでやすい。
18,8,33,すいすい,雨のとき　素早さが\nあがる。
18,8,34,ようりょくそ,晴れのとき　素早さが\nあがる。
18,8,35,はっこう,野生の　ポケモンに\n遭遇しやすくなる。
18,8,36,トレース,相手と　同じ\n特性に　なる。
18,8,37,ちからもち,物理攻撃の\n威力が　あがる。
18,8,38,どくのトゲ,触れた　相手に　どくを\nおわせる　ことがある。
18,8,39,せいしんりょく,ひるまない。\n
18,8,40,マグマのよろい,こおり状態に\nならない。
18,8,41,みずのベール,やけど状態に\nならない。
18,8,42,じりょく,はがねの　ポケモンを\n逃げられなくする。
18,8,43,ぼうおん,音の　技を\n受けない。
18,8,44,あめうけざら,雨のとき　少しずつ\nＨＰを　回復する。
18,8,45,すなおこし,戦闘で　砂あらしを\nおこす。
18,8,46,プレッシャー,相手の　使う　技の\nＰＰを　多く　減らす。
18,8,47,あついしぼう,ほのおと　こおりタイプの\n技に　強い。
18,8,48,はやおき,起きるのが　早くなる。\n
18,8,49,ほのおのからだ,触れた　相手を　やけど\nさせることがある。
18,8,50,にげあし,野生の　ポケモンから\n必ず　逃げられる。
18,8,51,するどいめ,命中率を\nさげられない。
18,8,52,かいりきバサミ,相手に　攻撃を\nさげられない。
18,8,53,ものひろい,道具を　拾ってくる\nことが　ある。
18,8,54,なまけ,攻撃が　連続で\nだせない。
18,8,55,はりきり,攻撃は　たかいが\nはずれやすい。
18,8,56,メロメロボディ,触れると　メロメロに\nすることがある。
18,8,57,プラス,プラスかマイナスがいると\n特攻が　あがる。
18,8,58,マイナス,プラスかマイナスがいると\n特攻が　あがる。
18,8,59,てんきや,天気で　ポワルンが\n変化する。
18,8,60,ねんちゃく,ねんちゃくして\n道具を　守る。
18,8,61,だっぴ,状態異常を\n治すことが　ある。
18,8,62,こんじょう,状態異常で\n攻撃が　あがる。
18,8,63,ふしぎなうろこ,状態異常で\n防御が　あがる。
18,8,64,ヘドロえき,吸いとった　相手の\nＨＰを　減らす。
18,8,65,しんりょく,ピンチのとき　くさの\n威力が　あがる。
18,8,66,もうか,ピンチのとき　ほのおの\n威力が　あがる。
18,8,67,げきりゅう,ピンチのとき　みずの\n威力が　あがる。
18,8,68,むしのしらせ,ピンチのとき　むしの\n威力が　あがる。
18,8,69,いしあたま,ぶつかっても\n反動を　受けない。
18,8,70,ひでり,戦闘に　でると\n日差しが　強くなる。
18,8,71,ありじごく,戦闘で　相手を\n逃げられなくする。
18,8,72,やるき,ねむり状態に\nならない。
18,8,73,しろいけむり,相手に　能力を\nさげられない。
18,8,74,ヨガパワー,物理攻撃の\n威力が　あがる。
18,8,75,シェルアーマー,相手の　攻撃が\n急所に　当たらない。
18,8,76,エアロック,天気の　影響が\nなくなる。
18,8,77,ちどりあし,混乱していると\n回避しやすくなる。
18,8,78,でんきエンジン,でんきを　受けると\n素早さが　あがる。
18,8,79,とうそうしん,相手と　性別が\n同じだと　強くなる。
18,8,80,ふくつのこころ,ひるむ　たびに\n素早さが　あがる。
18,8,81,ゆきがくれ,天気が　あられのとき\n回避率が　あがる。
18,8,82,くいしんぼう,きのみを　いつもより\n早く　使う。
18,8,83,いかりのつぼ,急所に　受けると\n攻撃が　あがる。
18,8,84,かるわざ,道具が　なくなると\n素早さが　あがる。
18,8,85,たいねつ,ほのおタイプの　攻撃の\n威力を　弱める。
18,8,86,たんじゅん,能力　変化が\nいつもより　はげしい。
18,8,87,かんそうはだ,あついと　ＨＰが　減る。\nみずで　ＨＰを　回復。
18,8,88,ダウンロード,相手の　能力を　みて\n強さを　変える。
18,8,89,てつのこぶし,パンチを　使う　技の\n威力が　あがる。
18,8,90,ポイズンヒール,どく状態に　なると\nＨＰを　回復する。
18,8,91,てきおうりょく,タイプが　同じ　技の\n威力が　あがる。
18,8,92,スキルリンク,連続技を\nたくさん　だせる。
18,8,93,うるおいボディ,状態異常が\n雨の　とき　治る。
18,8,94,サンパワー,晴れると　ＨＰが　減るが\n特攻が　あがる。
18,8,95,はやあし,状態異常で\n素早さが　あがる。
18,8,96,ノーマルスキン,だした技が　すべて\nノーマルタイプに　なる。
18,8,97,スナイパー,急所に　当てたとき\n威力が　あがる。
18,8,98,マジックガード,攻撃　以外では\nダメージを　受けない。
18,8,99,ノーガード,お互いの　技が\n必ず　当たる。
18,8,100,あとだし,相手より　素早くても\n行動が　遅くなる。
18,8,101,テクニシャン,弱い　技の\n威力が　あがる。
18,8,102,リーフガード,晴れのとき\n状態異常に　ならない。
18,8,103,ぶきよう,持っている　道具を\n使うことが　できない。
18,8,104,かたやぶり,特性に　関係なく\n相手に　技を　だせる。
18,8,105,きょううん,相手の　急所に\n攻撃が　当たりやすい。
18,8,106,ゆうばく,ひんしの　ときに　触れた\n相手に　ダメージ。
18,8,107,きけんよち,相手の　持つ　危険な\n技を　察知する。
18,8,108,よちむ,相手の　持つ　技を\n読み取ることが　できる。
18,8,109,てんねん,相手の　能力の\n変化を　無視する。
18,8,110,いろめがね,効果いまひとつ　のとき\n技を　強める。
18,8,111,フィルター,効果バツグン　のとき\n威力を　弱める。
18,8,112,スロースタート,攻撃と　素早さが\nしばらく　半分になる。
18,8,113,きもったま,ゴーストタイプに\nノーマル技が　当たる。
18,8,114,よびみず,みずを　呼び込んで\n特攻を　あげる。
18,8,115,アイスボディ,あられのとき　ＨＰを\n少しずつ　回復。
18,8,116,ハードロック,効果バツグン　のとき\n威力を　弱める。
18,8,117,ゆきふらし,戦闘に　でると\nあられを　降らす。
18,8,118,みつあつめ,あまいミツを　集めて\nくることが　ある。
18,8,119,おみとおし,相手の　持ち物を\n知ることが　できる。
18,8,120,すてみ,反動で　ダメージを\n受ける技が　強くなる。
18,8,121,マルチタイプ,持っている　プレートで\nタイプが　変わる。
18,8,122,フラワーギフト,晴れのとき　自分と\n味方が　強くなる。
18,8,123,ナイトメア,ねむっている　相手の\nＨＰを　減らす。
18,8,124,わるいてぐせ,触られた　相手から\n道具を　盗む。
18,8,125,ちからずく,力が　強くなるが\n追加効果が　なくなる。
18,8,126,あまのじゃく,能力の　変化が\n逆転する。
18,8,127,きんちょうかん,相手を　緊張させ\nきのみを　食べさせない。
18,8,128,まけんき,能力が　さがると\n攻撃が　あがる。
18,8,129,よわき,ＨＰが　半分になると\n能力が　さがる。
18,8,130,のろわれボディ,攻撃されると　たまに\nかなしばりにする。
18,8,131,いやしのこころ,状態異常の\n味方を　たまに　治す。
18,8,132,フレンドガード,味方の　ダメージを\n減らすことができる。
18,8,133,くだけるよろい,物理技で　防御がさがり\n素早さが　あがる。
18,8,134,ヘヴィメタル,自分の　重さが\n２倍に　なる。
18,8,135,ライトメタル,自分の　重さが\n半分に　なる。
18,8,136,マルチスケイル,ＨＰが　満タンのときに\nダメージが　少なくなる。
18,8,137,どくぼうそう,どくのとき　物理の\n威力が　あがる。
18,8,138,ねつぼうそう,やけどのとき　特殊の\n威力が　あがる。
18,8,139,しゅうかく,使った　きのみを\n何回も　つくりだす。
18,8,140,テレパシー,味方の　攻撃を\n読み取って　受けない。
18,8,141,ムラっけ,能力が　あがったり\nさがったりする。
18,8,142,ぼうじん,ちりや　粉を\n防ぐ。
18,8,143,どくしゅ,触るだけで　相手を\nどくにすることがある。
18,8,144,さいせいりょく,ひっこめると ＨＰが\n少し　回復する。
18,8,145,はとむね,防御を　さげる\n攻撃を　受けない。
18,8,146,すなかき,砂あらしで\n素早さが　あがる。
18,8,147,ミラクルスキン,変化技を　受けにくい\n体に　なっている。
18,8,148,アナライズ,一番　最後に\n技をだすと　強くなる。
18,8,149,イリュージョン,後ろの　ポケモンに\nなりきって　でてくる。
18,8,150,かわりもの,目の前の　ポケモンに\n変身してしまう。
18,8,151,すりぬけ,相手の　かべを\nすりぬけて　攻撃。
18,8,152,ミイラ,相手に　触られると\n相手を　ミイラにする。
18,8,153,じしんかじょう,相手を　倒すと\n攻撃が　あがる。
18,8,154,せいぎのこころ,あくを　受けると\n攻撃が　あがる。
18,8,155,びびり,びびって　素早さが\nあがる　タイプがある。
18,8,156,マジックミラー,変化技を　返す\nことが　できる。
18,8,157,そうしょく,くさの　技を　受けると\n攻撃が　あがる。
18,8,158,いたずらごころ,変化技を　先制で\nだすことが　できる。
18,8,159,すなのちから,砂あらしで　威力が\nあがる　技がある。
18,8,160,てつのトゲ,触れた　相手を\nキズつける。
18,8,161,ダルマモード,ピンチに　なると\n姿が　変化する。
18,8,162,しょうりのほし,自分や　味方の\n命中が　あがる。
18,8,163,ターボブレイズ,特性に　関係なく\n相手に　技を　だせる。
18,8,164,テラボルテージ,特性に　関係なく\n相手に　技を　だせる。
18,8,165,アロマベール,味方への　メンタル\n攻撃を　防ぐ。
18,8,166,フラワーベール,味方の　草ポケモンは\n能力が　さがらない。
18,8,167,ほおぶくろ,きのみを　食べると\nＨＰも　回復する。
18,8,168,へんげんじざい,だした　技と　同じ\nタイプに　変化する。
18,8,169,ファーコート,物理技の　ダメージが\n半分になる。
18,8,170,マジシャン,技を　当てた　相手の\n道具を　奪ってしまう。
18,8,171,ぼうだん,たまや　ばくだんに\n当たらない。
18,8,172,かちき,能力が　さがると\n特攻が　あがる。
18,8,173,がんじょうあご,あごが　頑丈で\nかむ　力が　強い。
18,8,174,フリーズスキン,ノーマルタイプの　技が\nこおりタイプに　なる。
18,8,175,スイートベール,味方の　ポケモンは\n眠らなくなる。
18,8,176,バトルスイッチ,戦闘モードで\n姿が　変わる。
18,8,177,はやてのつばさ,ひこうタイプの　技が\n先制で　だせる。
18,8,178,メガランチャー,はどうの　技の\n威力が　高い。
18,8,179,くさのけがわ,グラスフィールドの時\n防御が　あがる。
18,8,180,きょうせい,味方に　道具を\n渡せるように　なる。
18,8,181,かたいツメ,接触する　技の\n威力が　あがる。
18,8,182,フェアリースキン,ノーマルタイプの　技が\nフェアリータイプになる。
18,8,183,ぬめぬめ,触れた　相手の\n素早さを　さげる。
18,8,184,スカイスキン,ノーマルタイプの　技が\nひこうタイプになる。
18,8,185,おやこあい,親子　２匹で\n攻撃する。
18,8,186,ダークオーラ,全員の　あくタイプの\n技が　強くなる。
18,8,187,フェアリーオーラ,全員の　フェアリー\n技が　強くなる。
18,8,188,オーラブレイク,オーラの　効果が\n逆に　なる。
18,8,189,はじまりのうみ,ほのおタイプの　攻撃を\n受けない　天気にする。
18,8,190,おわりのだいち,みずタイプの　攻撃を\n受けない　天気にする。
18,8,191,デルタストリーム,ひこうタイプの　弱点が\nなくなる　天気にする。
