version_group_id,language_id,ability_id,name,description
12,1,1,あくしゅう,やせいの　ポケモンが\nよりつき　にくくなる。
12,1,2,あめふらし,せんとうに　でると\nあめを　ふらす。
12,1,3,かそく,ちょっとずつ\nすばやく　なっていく。
12,1,4,カブトアーマー,あいての　こうげきが\nきゅうしょに　あたらない。
12,1,5,がんじょう,いちげきひっさつが\nきかない。
12,1,6,しめりけ,だれも　じばくが\nできなくなる。
12,1,7,じゅうなん,まひ　じょうたいに\nならない。
12,1,8,すながくれ,すなあらしで\nかいひりつが　あがる。
12,1,9,せいでんき,さわった　あいてを\nまひさせる　ことがある。
12,1,10,ちくでん,でんきを　うけると\nかいふくする。
12,1,11,ちょすい,みずを　うけると\nかいふくする。
12,1,12,どんかん,メロメロ　じょうたいに\nならない。
12,1,13,ノーてんき,てんきの　えいきょうが\nなくなる。
12,1,14,ふくがん,わざの　めいちゅうりつが\nあがる。
12,1,15,ふみん,ねむり　じょうたいに\nならない。
12,1,16,へんしょく,うけた　わざの　タイプに\nへんかする。
12,1,17,めんえき,どく　じょうたいに\nならない。
12,1,18,もらいび,ほのおを　うけると\nほのおわざが　つよくなる。
12,1,19,りんぷん,わざの　ついかこうかを\nうけない。
12,1,20,マイペース,こんらん　じょうたいに\nならない。
12,1,21,きゅうばん,いれかえさせる　わざが\nきかない。
12,1,22,いかく,あいての　こうげきを\nさげる。
12,1,23,かげふみ,あいての　かげをふみ\nにげられなくする。
12,1,24,さめはだ,ふれた　あいてを\nキズつける。
12,1,25,ふしぎなまもり,こうかばつぐん　しか\nあたらない。
12,1,26,ふゆう,じめんタイプの　わざを\nうけない。
12,1,27,ほうし,ふれると　どく　まひ\nねむりに　することがある。
12,1,28,シンクロ,どく　まひ　やけどを\nあいてに　うつす。
12,1,29,クリアボディ,あいてに　のうりょくを\nさげられない。
12,1,30,しぜんかいふく,じょうたい　いじょうが\nひっこむと　なおる。
12,1,31,ひらいしん,でんきタイプの　わざを\nすべて　うける。
12,1,32,てんのめぐみ,わざの　ついかこうかが\nでやすい。
12,1,33,すいすい,あめのとき　すばやさが\nあがる。
12,1,34,ようりょくそ,はれのとき　すばやさが\nあがる。
12,1,35,はっこう,やせいの　ポケモンに\nそうぐう　しやすくなる。
12,1,36,トレース,あいてと　おなじ\nとくせいに　なる。
12,1,37,ちからもち,ぶつり　こうげきの\nいりょくが　あがる。
12,1,38,どくのトゲ,ふれた　あいてに　どくを\nおわせる　ことがある。
12,1,39,せいしんりょく,ひるまない。\n
12,1,40,マグマのよろい,こおり　じょうたいに\nならない。
12,1,41,みずのベール,やけど　じょうたいに\nならない。
12,1,42,じりょく,はがねタイプの　ポケモンを\nにげられなくする。
12,1,43,ぼうおん,おとの　わざを\nうけない。
12,1,44,あめうけざら,あめのとき　すこしずつ\nＨＰを　かいふくする。
12,1,45,すなおこし,せんとうで　すなあらしを\nおこす。
12,1,46,プレッシャー,あいての　つかう　わざの\nＰＰを　おおく　へらす。
12,1,47,あついしぼう,ほのおと　こおりタイプの\nわざに　つよい。
12,1,48,はやおき,おきるのが　はやくなる。\n
12,1,49,ほのおのからだ,ふれた　あいてを　やけど\nさせることがある。
12,1,50,にげあし,やせいの　ポケモンから\nかならず　にげられる。
12,1,51,するどいめ,あいてに　めいちゅうりつを\nさげられない。
12,1,52,かいりきバサミ,あいてに　こうげきを\nさげられない。
12,1,53,ものひろい,どうぐを　ひろってくる\nことが　ある。
12,1,54,なまけ,こうげきが　れんぞくで\nだせない。
12,1,55,はりきり,こうげきは　たかいが\nはずれやすい。
12,1,56,メロメロボディ,ふれると　メロメロに\nすることがある。
12,1,57,プラス,マイナスが　いると\nとくこうが　あがる。
12,1,58,マイナス,プラスが　いると\nとくこうが　あがる。
12,1,59,てんきや,てんきで　ポワルンが\nへんかする。
12,1,60,ねんちゃく,どうぐを　とられない。\n
12,1,61,だっぴ,じょうたい　いじょうを\nなおす　ことがある。
12,1,62,こんじょう,じょうたい　いじょうで\nこうげきが　あがる。
12,1,63,ふしぎなうろこ,じょうたい　いじょうで\nぼうぎょが　あがる。
12,1,64,ヘドロえき,すいとった　あいての\nＨＰを　へらす
12,1,65,しんりょく,ピンチのとき　くさの\nいりょくが　あがる。
12,1,66,もうか,ピンチのとき　ほのおの\nいりょくが　あがる。
12,1,67,げきりゅう,ピンチのとき　みずの\nいりょくが　あがる。
12,1,68,むしのしらせ,ピンチのとき　むしの\nいりょくが　あがる。
12,1,69,いしあたま,ぶつかっても\nはんどうを　うけない。
12,1,70,ひでり,せんとうに　でると\nにほんばれに　なる。
12,1,71,ありじごく,せんとうで　あいてを\nにげられなくする。
12,1,72,やるき,ねむり　じょうたいに\nならない。
12,1,73,しろいけむり,あいてに　のうりょくを\nさげられない。
12,1,74,ヨガパワー,ぶつり　こうげきの\nいりょくが　あがる。
12,1,75,シェルアーマー,あいての　こうげきが\nきゅうしょに　あたらない。
12,1,76,エアロック,てんきの　えいきょうが\nなくなる。
12,1,77,ちどりあし,こんらん　していると\nかいひ　しやすくなる。
12,1,78,でんきエンジン,でんきを　うけると\nすばやさが　あがる。
12,1,79,とうそうしん,せいべつが　おなじだと\nこうげきが　あがる。
12,1,80,ふくつのこころ,ひるむ　たびに\nすばやさが　あがる。
12,1,81,ゆきがくれ,てんきが　あられのとき\nかいひりつが　あがる。
12,1,82,くいしんぼう,きのみを　いつもより\nはやく　つかう。
12,1,83,いかりのつぼ,きゅうしょに　うけると\nこうげきが　あがる。
12,1,84,かるわざ,どうぐが　なくなると\nすばやさが　あがる。
12,1,85,たいねつ,ほのお　わざの\nいりょくを　よわめる。
12,1,86,たんじゅん,のうりょく　へんかが\nいつもより　はげしい。
12,1,87,かんそうはだ,あついと　ＨＰが　へる。\nみずで　ＨＰを　かいふく。
12,1,88,ダウンロード,あいての　のうりょくを\nみて　つよさを　かえる。
12,1,89,てつのこぶし,パンチを　つかう　わざの\nいりょくが　あがる。
12,1,90,ポイズンヒール,どくじょうたいに　なると\nＨＰを　かいふくする。
12,1,91,てきおうりょく,タイプが　おなじ　わざの\nいりょくが　あがる。
12,1,92,スキルリンク,れんぞく　わざを\nたくさん　だせる。
12,1,93,うるおいボディ,じょうたい　いじょうが\nあめの　とき　なおる。
12,1,94,サンパワー,はれると　ＨＰが　へるが\nとくこうが　あがる。
12,1,95,はやあし,じょうたい　いじょうで\nすばやさが　あがる。
12,1,96,ノーマルスキン,だしたわざが　すべて\nノーマルタイプに　なる。
12,1,97,スナイパー,きゅうしょに　あてたとき\nいりょくが　あがる。
12,1,98,マジックガード,こうげき　いがいでは\nダメージを　うけない。
12,1,99,ノーガード,おたがいの　わざが\nかならず　あたる。
12,1,100,あとだし,あいてより　すばやくても\nこうどうが　おそくなる。
12,1,101,テクニシャン,よわい　わざの\nいりょくが　あがる。
12,1,102,リーフガード,じょうたい　いじょうに\nはれのとき　ならない。
12,1,103,ぶきよう,もっている　どうぐを\nつかうことが　できない。
12,1,104,かたやぶり,とくせいに　かんけいなく\nあいてに　わざを　だせる。
12,1,105,きょううん,あいての　きゅうしょに\nこうげきが　あたりやすい。
12,1,106,ゆうばく,ひんしの　ときに　ふれた\nあいてに　ダメージ。
12,1,107,きけんよち,あいての　もつ　きけんな\nわざを　さっちする。
12,1,108,よちむ,あいての　もつ　わざを\nよみとることが　できる。
12,1,109,てんねん,あいての　のうりょくの\nへんかを　むしする。
12,1,110,いろめがね,こうかいまひとつ　のとき\nわざを　つよめる。
12,1,111,フィルター,こうかばつぐん　のとき\nいりょくを　よわめる。
12,1,112,スロースタート,こうげきと　すばやさが\nしばらく　はんぶんになる。
12,1,113,きもったま,ゴーストタイプに　わざが\nあたるようになる。
12,1,114,よびみず,みずタイプの　わざを\nすべて　うける。
12,1,115,アイスボディ,てんきが　あられのとき\nＨＰを　かいふくする。
12,1,116,ハードロック,こうかばつぐん　のとき\nいりょくを　よわめる。
12,1,117,ゆきふらし,せんとうに　でると\nあられを　ふらす。
12,1,118,みつあつめ,あまいミツを　あつめて\nくることが　ある。
12,1,119,おみとおし,あいての　もちものを\nしることが　できる。
12,1,120,すてみ,はんどうで　ダメージを\nうけるわざが　つよくなる。
12,1,121,マルチタイプ,もっている　プレートで\nタイプが　かわる。
12,1,122,フラワーギフト,はれのとき　じぶんと\nみかたが　つよくなる。
12,1,123,ナイトメア,ねむっている　あいての\nＨＰを　へらす。
12,2,1,Stench,The stench helps keep\nwild Pokémon away.
12,2,2,Drizzle,The Pokémon makes it rain\nif it appears in battle.
12,2,3,Speed Boost,The Pokémon’s Speed stat\nis gradually boosted.
12,2,4,Battle Armor,The Pokémon is protected\nagainst critical hits.
12,2,5,Sturdy,The Pokémon is protected\nagainst 1-hit KO attacks.
12,2,6,Damp,Prevents combatants from\nself destructing.
12,2,7,Limber,The Pokémon is protected\nfrom paralysis.
12,2,8,Sand Veil,Boosts the Pokémon’s\nevasion in a sandstorm.
12,2,9,Static,Contact with the Pokémon\nmay cause paralysis.
12,2,10,Volt Absorb,Restores HP if hit by an\nElectric-type move.
12,2,11,Water Absorb,Restores HP if hit by a\nWater-type move.
12,2,12,Oblivious,Prevents the Pokémon\nfrom becoming infatuated.
12,2,13,Cloud Nine,Eliminates the effects of\nweather.
12,2,14,Compoundeyes,The Pokémon’s accuracy is\nboosted.
12,2,15,Insomnia,Prevents the Pokémon\nfrom falling asleep.
12,2,16,Color Change,Changes the Pokémon’s\ntype to the foe’s move.
12,2,17,Immunity,Prevents the Pokémon\nfrom getting poisoned.
12,2,18,Flash Fire,Powers up Fire-type moves\nif hit by a fire move.
12,2,19,Shield Dust,Blocks the added effects\nof attacks taken.
12,2,20,Own Tempo,Prevents the Pokémon\nfrom becoming confused.
12,2,21,Suction Cups,Negates moves that\nforce switching out.
12,2,22,Intimidate,Lowers the foe’s Attack\nstat.
12,2,23,Shadow Tag,Prevents the foe from\nescaping.
12,2,24,Rough Skin,Inflicts damage to the\nfoe on contact.
12,2,25,Wonder Guard,Only supereffective\nmoves will hit.
12,2,26,Levitate,Gives full immunity to all\nGround-type moves.
12,2,27,Effect Spore,"Contact may paralyze,\npoison, or cause sleep."
12,2,28,Synchronize,"Passes on a burn, poison,\nor paralysis to the foe."
12,2,29,Clear Body,Prevents the Pokémon’s\nstats from being lowered.
12,2,30,Natural Cure,All status problems are\nhealed upon switching out.
12,2,31,Lightningrod,The Pokémon draws in all\nElectric-type moves.
12,2,32,Serene Grace,Boosts the likelihood of\nadded effects appearing.
12,2,33,Swift Swim,Boosts the Pokémon’s\nSpeed in rain.
12,2,34,Chlorophyll,Boosts the Pokémon’s\nSpeed in sunshine.
12,2,35,Illuminate,Raises the likelihood of\nmeeting wild Pokémon.
12,2,36,Trace,The Pokémon copies the\nfoe’s ability.
12,2,37,Huge Power,Raises the Pokémon’s\nAttack stat.
12,2,38,Poison Point,Contact with the Pokémon\nmay poison the foe.
12,2,39,Inner Focus,The Pokémon is protected\nfrom flinching.
12,2,40,Magma Armor,Prevents the Pokémon\nfrom becoming frozen.
12,2,41,Water Veil,Prevents the Pokémon\nfrom getting a burn.
12,2,42,Magnet Pull,Prevents Steel-type\nPokémon from escaping.
12,2,43,Soundproof,Gives full immunity to all\nsound-based moves.
12,2,44,Rain Dish,The Pokémon gradually\nrecovers HP in rain.
12,2,45,Sand Stream,The Pokémon summons a\nsandstorm in battle.
12,2,46,Pressure,The Pokémon raises the\nfoe’s PP usage.
12,2,47,Thick Fat,Raises resistance to Fire-\nand Ice-type moves.
12,2,48,Early Bird,The Pokémon awakens\nquickly from sleep.
12,2,49,Flame Body,Contact with the Pokémon\nmay burn the foe.
12,2,50,Run Away,Enables sure getaway from\nwild Pokémon.
12,2,51,Keen Eye,Prevents the Pokémon\nfrom losing accuracy.
12,2,52,Hyper Cutter,Prevents the Attack stat\nfrom being lowered.
12,2,53,Pickup,The Pokémon may pick up\nitems.
12,2,54,Truant,The Pokémon can’t attack\non consecutive turns.
12,2,55,Hustle,"Boosts the Attack stat,\nbut lowers accuracy."
12,2,56,Cute Charm,Contact with the Pokémon\nmay cause infatuation.
12,2,57,Plus,Boosts Sp. Atk if another\nPokémon has Minus.
12,2,58,Minus,Boosts Sp. Atk if another\nPokémon has Plus.
12,2,59,Forecast,CASTFORM transforms with\nthe weather.
12,2,60,Sticky Hold,Protects the Pokémon\nfrom item theft.
12,2,61,Shed Skin,The Pokémon may heal its\nown status problems.
12,2,62,Guts,Boosts Attack if there is\na status problem.
12,2,63,Marvel Scale,Boosts Defense if there is\na status problem.
12,2,64,Liquid Ooze,Inflicts damage on foes\nusing any draining move.
12,2,65,Overgrow,Powers up Grass-type\nmoves in a pinch.
12,2,66,Blaze,Powers up Fire-type\nmoves in a pinch.
12,2,67,Torrent,Powers up Water-type\nmoves in a pinch.
12,2,68,Swarm,Powers up Bug-type\nmoves in a pinch.
12,2,69,Rock Head,Protects the Pokémon\nfrom recoil damage.
12,2,70,Drought,The Pokémon makes it\nsunny if it is in battle.
12,2,71,Arena Trap,Prevents the foe from\nfleeing.
12,2,72,Vital Spirit,Prevents the Pokémon\nfrom falling asleep.
12,2,73,White Smoke,Prevents the Pokémon’s\nstats from being lowered.
12,2,74,Pure Power,Boosts the power of\nphysical attacks.
12,2,75,Shell Armor,The Pokémon is protected\nagainst critical hits.
12,2,76,Air Lock,Eliminates the effects of\nweather.
12,2,77,Tangled Feet,Raises evasion if the\nPokémon is confused.
12,2,78,Motor Drive,Raises Speed if hit by an\nElectric-type move.
12,2,79,Rivalry,Raises Attack if the foe\nis of the same gender.
12,2,80,Steadfast,Raises Speed each time\nthe Pokémon flinches.
12,2,81,Snow Cloak,Raises evasion in a\nhailstorm.
12,2,82,Gluttony,Encourages the early use\nof a held Berry.
12,2,83,Anger Point,Raises Attack upon taking\na critical hit.
12,2,84,Unburden,Raises Speed if a held\nitem is used.
12,2,85,Heatproof,Weakens the power of\nFire-type moves.
12,2,86,Simple,The Pokémon is prone to\nwild stat changes.
12,2,87,Dry Skin,Reduces HP if it is hot.\nWater restores HP.
12,2,88,Download,Adjusts power according\nto the foe’s ability.
12,2,89,Iron Fist,Boosts the power of\npunching moves.
12,2,90,Poison Heal,Restores HP if the\nPokémon is poisoned.
12,2,91,Adaptability,Powers up moves of the\nsame type.
12,2,92,Skill Link,Increases the frequency\nof multi-strike moves.
12,2,93,Hydration,Heals status problems if\nit is raining.
12,2,94,Solar Power,"Boosts Sp. Atk, but\nlowers HP in sunshine."
12,2,95,Quick Feet,Boosts Speed if there is a\nstatus problem.
12,2,96,Normalize,All the Pokémon’s moves\nbecome the Normal type.
12,2,97,Sniper,Powers up moves if they\nbecome critical hits.
12,2,98,Magic Guard,The Pokémon only takes\ndamage from attacks.
12,2,99,No Guard,Ensures the Pokémon and\nits foe’s attacks land.
12,2,100,Stall,The Pokémon moves after\neven slower foes.
12,2,101,Technician,Powers up the Pokémon’s\nweaker moves.
12,2,102,Leaf Guard,Prevents status problems\nin sunny weather.
12,2,103,Klutz,The Pokémon can’t use\nany held items.
12,2,104,Mold Breaker,Moves can be used\nregardless of abilities.
12,2,105,Super Luck,Heightens the critical-hit\nratios of moves.
12,2,106,Aftermath,Damages the foe landing\nthe finishing hit.
12,2,107,Anticipation,Senses the foe’s\ndangerous moves.
12,2,108,Forewarn,Determines what moves\nthe foe has.
12,2,109,Unaware,Ignores any change in\nability by the foe.
12,2,110,Tinted Lens,Powers up “not very\neffective” moves.
12,2,111,Filter,Powers down super-\neffective moves.
12,2,112,Slow Start,Temporarily halves Attack\nand Speed.
12,2,113,Scrappy,Enables moves to hit\nGhost-type foes.
12,2,114,Storm Drain,The Pokémon draws in all\nWater-type moves.
12,2,115,Ice Body,The Pokémon regains HP in\na hailstorm.
12,2,116,Solid Rock,Powers down super-\neffective moves.
12,2,117,Snow Warning,The Pokémon summons a\nhailstorm in battle.
12,2,118,Honey Gather,The Pokémon may gather\nHoney from somewhere.
12,2,119,Frisk,The Pokémon can check\nthe foe’s held item.
12,2,120,Reckless,Powers up moves that\nhave recoil damage.
12,2,121,Multitype,Changes type to match\nthe held Plate.
12,2,122,Flower Gift,Powers up party Pokémon\nwhen it is sunny.
12,2,123,Bad Dreams,Reduces a sleeping foe’s\nHP.
12,3,1,Puanteur,La puanteur peut repous-\nser les Pokémon sauvages.
12,3,2,Crachin,Le Pokémon invoque la pluie\nquand il entre au combat.
12,3,3,Turbo,La Vitesse du Pokémon\naugmente progressivement.
12,3,4,Armurbaston,Le Pokémon est protégé\ndes coups critiques.
12,3,5,Fermeté,Le Pokémon est protégé\ndes K.O. en un coup.
12,3,6,Moiteur,Empêche les combattants\nde s’autodétruire.
12,3,7,Echauffement,Protège le Pokémon de\nla paralysie.
12,3,8,Voile Sable,Augmente l’esquive lors\ndes tempêtes de sable.
12,3,9,Statik,Un contact avec le\nPokémon peut paralyser.
12,3,10,Absorb Volt,Récupère des PV si touché\npar une capacité Electrik.
12,3,11,Absorb Eau,Récupère des PV si touché\npar une capacité Eau.
12,3,12,Benêt,Empêche le Pokémon de\ntomber amoureux.
12,3,13,Ciel Gris,Annule les effets du\nclimat.
12,3,14,Oeil Composé,Augmente la précision du\nPokémon.
12,3,15,Insomnia,Empêche le Pokémon de\ns’endormir.
12,3,16,Déguisement,Le Pokémon adopte le type\nde la capacité ennemie.
12,3,17,Vaccin,Empêche le Pokémon d’être\nempoisonné.
12,3,18,Torche,Booste capacités Feu si\ntouché par attaques Feu.
12,3,19,Ecran Poudre,Annule les effets cumulés\nd’une attaque ennemie.
12,3,20,Tempo Perso,Empêche la confusion.
12,3,21,Ventouse,Annule les cap. forçant\nà changer de Pokémon.
12,3,22,Intimidation,Baisse l’Attaque ennemie.
12,3,23,Marque Ombre,Empêche le Pokémon ennemi\nde quitter le combat.
12,3,24,Peau Dure,Le Pokémon blesse\nl’ennemi qui le touche.
12,3,25,Garde Mystik,Seules capacités “super\nefficaces” l’atteignent.
12,3,26,Lévitation,Immunise contre toutes\nles capacités de type Sol.
12,3,27,Pose Spore,"Peut paralyser, empoison-\nner, endormir au contact."
12,3,28,Synchro,"Transmet brûlure, poison\nou paralysie à l’ennemi."
12,3,29,Corps Sain,Peut empêcher les stats\ndu Pokémon de baisser.
12,3,30,Médic Nature,Quitter le combat soigne\nles problèmes de statut.
12,3,31,Paratonnerre,Le Pokémon attire les\ncapacités Electrik.
12,3,32,Sérénité,Augmente la fréquence\ndu cumul d’effets.
12,3,33,Glissade,Augmente la Vitesse du\nPokémon s’il pleut.
12,3,34,Chlorophyle,Augmente la Vitesse du\nPokémon s’il y a du soleil.
12,3,35,Lumiatirance,Augmente les rencontres\navec Pokémon sauvages.
12,3,36,Calque,Imite la capacité spéciale\nde l’ennemi.
12,3,37,Coloforce,Augmente l’Attaque du\nPokémon.
12,3,38,Point Poison,Peut empoisonner l’ennemi\ns’il y a contact.
12,3,39,Attention,Empêche le Pokémon\nd’avoir peur.
12,3,40,Armumagma,Protège le Pokémon\ncontre le gel.
12,3,41,Ignifu-Voile,Protège le Pokémon\ndes brûlures.
12,3,42,Magnépiège,Empêche les Pokémon Acier\nde fuir.
12,3,43,Anti-Bruit,Protège de toutes les\ncapacités sonores.
12,3,44,Cuvette,Récupère progressivement\ndes PV par temps de pluie.
12,3,45,Sable Volant,Le Pokémon invoque une\ntempête de sable.
12,3,46,Pression,Force l’ennemi à\ndépenser plus de PP.
12,3,47,Isograisse,Augmente la résistance\naux cap. Feu et Glace.
12,3,48,Matinal,Le Pokémon se réveille\nplus rapidement.
12,3,49,Corps Ardent,Peut brûler l’ennemi s’il y\na contact.
12,3,50,Fuite,Permet de fuir n’importe\nquel Pokémon sauvage.
12,3,51,Regard Vif,Empêche le Pokémon de\nperdre en précision.
12,3,52,Hyper Cutter,Empêche la réduction de\nl’Attaque.
12,3,53,Ramassage,Permet parfois au Pokémon\nde ramasser des objets.
12,3,54,Absentéisme,Le Pokémon ne frappe\nqu’un tour sur deux.
12,3,55,Agitation,Améliore l’Attaque mais\ndiminue la précision.
12,3,56,Joli Sourire,Séduit parfois l’ennemi\nau contact.
12,3,57,Plus,Améliore l’Atq. Spé. si un\nautre Pokémon a Minus.
12,3,58,Minus,Améliore l’Atq. Spé. si un\nautre Pokémon a Plus.
12,3,59,Météo,MORPHEO change de forme\nselon le climat.
12,3,60,Glue,Protège le Pokémon\ncontre le vol d’objets.
12,3,61,Mue,Le Pokémon soigne parfois\nses problèmes de statut.
12,3,62,Cran,Augmente l’Attaque s’il y\na un problème de statut.
12,3,63,Ecaille Spé.,Augmente la Défense s’il y\na un problème de statut.
12,3,64,Suintement,Blesse l’ennemi qui draine\nl’énergie du Pokémon.
12,3,65,Engrais,Booste les capacités\nPlante en cas de besoin.
12,3,66,Brasier,Booste les capacités\nFeu en cas de besoin.
12,3,67,Torrent,Booste les capacités\nEau en cas de besoin.
12,3,68,Essaim,Booste les capacités\nInsecte en cas de besoin.
12,3,69,Tête de Roc,Protège le Pokémon des\ndégâts de contrecoups.
12,3,70,Sécheresse,Invoque le soleil quand il\nest au combat.
12,3,71,Piège,Empêche l’ennemi de\ns’enfuir.
12,3,72,Esprit Vital,Empêche le Pokémon\nde s’endormir.
12,3,73,Ecran Fumée,Empêche la réduction des\nstats du Pokémon.
12,3,74,Force Pure,Augmente la puissance des\nattaques physiques.
12,3,75,Coque Armure,Protège le Pokémon contre\nles coups critiques.
12,3,76,Air Lock,Annule les effets du\nclimat.
12,3,77,Pieds Confus,Augmente l’esquive si le\nPokémon est confus.
12,3,78,Motorisé,Augmente la Vit. si touché\npar une cap. Electrik.
12,3,79,Rivalité,Augmente l’Attaque si\nl’ennemi est du même sexe.
12,3,80,Impassible,Augmente la Vitesse quand\nle Pokémon a peur.
12,3,81,Rideau Neige,Augmente l’esquive durant\nles tempêtes de grêle.
12,3,82,Gloutonnerie,Encourage l’utilisation\nd’une Baie tenue.
12,3,83,Colérique,Monte l’Attaque au max.\naprès un coup critique.
12,3,84,Délestage,Augmente la Vit. si l’objet\ntenu est utilisé ou perdu.
12,3,85,Ignifuge,Réduit la puissance des\ncapacités de type Feu.
12,3,86,Simple,Le Pokémon est sujet à\ndes variations de stats.
12,3,87,Peau Sèche,Perd des PV à la chaleur.\nL’eau les restaure.
12,3,88,Télécharge,Ajuste la puissance selon\nl’ennemi.
12,3,89,Poing de Fer,Augmente la puissance des\ncapacités coups de poing.
12,3,90,Soin Poison,Restaure des PV si le\nPokémon est empoisonné.
12,3,91,Adaptabilité,Augmente la puissance des\ncapacités de même type.
12,3,92,Multi-Coups,Augmente la fréquence des\nattaques multiples.
12,3,93,Hydratation,Soigne les problèmes de\nstatut s’il pleut.
12,3,94,Force Soleil,Augmente l’Atq. Spé. mais\nbaisse les PV au soleil.
12,3,95,Pied Véloce,Augmente la Vitesse s’il y\na un problème de statut.
12,3,96,Normalise,Toutes les capacités sont\nde type Normal.
12,3,97,Sniper,Booste les capacités qui\nsont des coups critiques.
12,3,98,Garde Magik,Seule une attaque directe\npeut blesser le Pokémon.
12,3,99,Annule Garde,Attaques du Pokémon et\nde l’ennemi réussissent.
12,3,100,Frein,"Attaque toujours après \nl’ennemi, même plus lent."
12,3,101,Technicien,Augmente la puissance des\ncapacités les plus faibles.
12,3,102,Feuil. Garde,Empêche les problèmes\nde statut au soleil.
12,3,103,Maladresse,Le Pokémon ne peut\nutiliser aucun objet tenu.
12,3,104,Brise Moule,Cap. utilisables quelles\nque soient les cap. spé.
12,3,105,Chanceux,Augmente la fréquence\ndes coups critiques.
12,3,106,Boom Final,Blesse l’ennemi qui \nporte le coup de grâce.
12,3,107,Anticipation,Prévoit les capacités\nennemies dangereuses.
12,3,108,Prédiction,Découvre la capacité\nennemie la plus puissante.
12,3,109,Inconscient,Ignore les changements de\nstats de l’ennemi.
12,3,110,Lentiteintée,Améliore les capacités\n“pas très efficaces”.
12,3,111,Filtre,Affaiblit les capacités\n“super efficaces”.
12,3,112,Début Calme,Divise temporairement\nVitesse et Attaque par 2.
12,3,113,Querelleur,Les capacités touchent\nles Pokémon Spectre.
12,3,114,Lavabo,Attire les attaques Eau\nvisant un Pokémon.
12,3,115,Corps Gel,Récupère des PV lors des\ntempêtes de grêle.
12,3,116,Solide Roc,Affaiblit les capacités\n“super efficaces”.
12,3,117,Alerte Neige,Déclenche une tempête de\ngrêle pendant le combat.
12,3,118,Cherche Miel,Le Pokémon peut parfois\ntrouver du miel.
12,3,119,Fouille,Permet de connaître\nl’objet tenu par l’ennemi.
12,3,120,Téméraire,Booste les cap. ayant des\ndégâts de contrecoups.
12,3,121,Multi-Type,Modifie le type en fonction\nde la Plaque tenue.
12,3,122,Don Floral,Pokémon de l’équipe plus\npuissants au soleil.
12,3,123,Mauvais Rêve,Réduit les PV d’un ennemi\nendormi.
12,4,1,Duftnote,"Hilft, wilde Pokémon\nfernzuhalten."
12,4,2,Niesel,Ruft im Kampf\nRegen herbei.
12,4,3,Temposchub,Erhöht Initiative nach\nund nach.
12,4,4,Kampfpanzer,Wehrt Volltreffer ab.
12,4,5,Robustheit,Schutz gegen\n1-Treffer-K.O.-Attacken.
12,4,6,Feuchtigkeit,Verhindert Selbstzer-\nstörung der Kämpfenden.
12,4,7,Flexibilität,Verhindert Paralyse.
12,4,8,Sandschleier,Erhöht Fluchtwert im\nSandsturm.
12,4,9,Statik,Kann bei Berührung\nparalysieren.
12,4,10,Voltabsorber,Wandelt Elektrizität in\nKP um.
12,4,11,H2O-Absorber,Wandelt Wasser in KP um.
12,4,12,Dösigkeit,Verhindert Anziehung.
12,4,13,Wolke Sieben,Keine Wetter-Effekte.
12,4,14,Facettenauge,Steigert Genauigkeit.
12,4,15,Insomnia,Verhindert Einschlafen.
12,4,16,Farbwechsel,Typ des Anwenders wird zu\ndem der gegnerischen Att.
12,4,17,Immunität,Verhindert Vergiftungen.
12,4,18,Feuerfänger,"Verstärkt Feuer-A., wenn\nv. Feuer-A. getroffen."
12,4,19,Puderabwehr,Blockiert Zusatz-Effekte\ngegnerischer Attacken.
12,4,20,Tempomacher,Verhindert Verwirrung.
12,4,21,Saugnapf,"Negiert Attacken, die PKMN\naustauschen würden."
12,4,22,Bedroher,Senkt Angriff des\nGegners.
12,4,23,Wegsperre,Hindert Gegner an Flucht.
12,4,24,Rauhaut,Verletzt bei Berührung.
12,4,25,Wunderwache,Nur sehr effektive Treffer\nschaden.
12,4,26,Schwebe,Volle Immunität gegen\nalle Boden-Attacken.
12,4,27,Sporenwirt,"Bei Kontakt evtl Paraly.,\nVergiftg. oder Schlaf."
12,4,28,Synchro,"Gibt Verbrennung, Ver-\ngiftung u. Paraly. an Geg."
12,4,29,Neutraltorso,Verhindert Absenken\nder Statuswerte evtl.
12,4,30,Innere Kraft,Heilt bei Austausch\nStatusprobleme.
12,4,31,Blitzfänger,Zieht Elektro-Attacken\nan.
12,4,32,Edelmut,Verstärkt\nZusatz-Effekte.
12,4,33,Wassertempo,Steigert Initiative bei\nRegen.
12,4,34,Chlorophyll,Steigert Initiative bei\nSonnenschein.
12,4,35,Erleuchtung,Mehr Pokémon-\nBegegnungen.
12,4,36,Fährte,Das Pokémon kopiert \nFähigkeit des Gegners.
12,4,37,Kraftkoloss,Steigert den Angriffs-\nWert eines Pokémon.
12,4,38,Giftdorn,Vergiftet den Gegner\neventuell bei Berührung.
12,4,39,Konzentrator,Verhindert\nZurückschrecken.
12,4,40,Magmapanzer,Verhindert Einfrieren.
12,4,41,Aquahülle,Verhindert\nVerbrennungen.
12,4,42,Magnetfalle,Verhindert Flucht von\nStahl-Pokémon.
12,4,43,Lärmschutz,Immun gegen Lärm-\nAttacken.
12,4,44,Regengenuss,Langsame Wiederherstellg.\nvon KP bei Regen.
12,4,45,Sandsturm,Erzeugt einen Sandsturm.
12,4,46,Erzwinger,Steigert den Verbrauch\nder AP des Gegners.
12,4,47,Speckschicht,Schutz vor Hitze\nund Kälte.
12,4,48,Frühwecker,Schnelles Aufwachen.
12,4,49,Flammkörper,Kann bei Kontakt zu\nVerbrennung führen.
12,4,50,Angsthase,Erleichtert das\nEntkommen.
12,4,51,Adlerauge,Verhindert Verlust der\nGenauigkeit.
12,4,52,Scherenmacht,Verhindert Angriff-Reduz.
12,4,53,Mitnahme,Kann Items aufnehmen.
12,4,54,Schnarchnase,Greift nur in jedem\n2. Zug an.
12,4,55,Übereifer,"Erhöht Angriffs-Wert,\nsenkt Genauigkeit."
12,4,56,Charmebolzen,Kann bei Kontakt\nbetörend wirken.
12,4,57,Plus,"Steigert Spezial-Angriff,\nwenn ein PKMN Minus hat."
12,4,58,Minus,"Steigert Spezial-Angriff,\nwenn ein PKMN Plus hat."
12,4,59,Prognose,FORMEO verändert seine\nForm abhängig vom Wetter.
12,4,60,Wertehalter,Verhindert Item-\nDiebstahl.
12,4,61,Expidermis,PKMN heilt eventuell\nseine Statusprobleme.
12,4,62,Adrenalin,Steigert Angriff bei\nStatusveränderungen.
12,4,63,Notschutz,Steigert Verteidigung bei\nStatusveränderungen.
12,4,64,Kloakensoße,"Schadet Gegnern, die\nSaug-Attacken einsetzen."
12,4,65,Notdünger,Stärkt Pflanzen-Attacken\nin Not.
12,4,66,Großbrand,Stärkt Feuer-Attacken\nin Not.
12,4,67,Sturzbach,Stärkt Wasser-Attacken\nin Not.
12,4,68,Hexaplaga,Stärkt Käfer-Attacken\nin Not.
12,4,69,Steinhaupt,"Verhindert Schaden, der\ndurch Rückstoß entsteht."
12,4,70,Dürre,Erzeugt Sonne im Kampf.
12,4,71,Auswegslos,Verhindert Flucht\ndes Gegners.
12,4,72,Munterkeit,Verhindert Einschlafen.
12,4,73,Pulverrauch,Verhindert das Absenken\nder Statuswerte.
12,4,74,Mentalkraft,Steigert Kraft physischer\nAttacken.
12,4,75,Panzerhaut,Wehrt Volltreffer ab.
12,4,76,Klimaschutz,Eliminiert die Wirkung\ndes Wetters.
12,4,77,Fußangel,"Erhöht Fluchtwert, wenn\ndas Pokémon verwirrt ist."
12,4,78,Starthilfe,Erhöht Initiative nach\neiner Elektro-Attacke.
12,4,79,Rivalität,"Erhöht Angriff, wenn Gegn.\ndasselbe Geschlecht hat."
12,4,80,Felsenfest,"Erhöht Initiative, sobald\nPokémon zurückschreckt."
12,4,81,Schneemantel,Erhöht Fluchtwert\nwährend Hagelschauer.
12,4,82,Völlerei,Ermutigt zum frühzeitigen\nVerwenden einer Beere.
12,4,83,Kurzschluss,Maximiert Angriff nach Ein-\nstecken e. Volltreffers.
12,4,84,Entlastung,"Erhöht Init., wenn 1 Item\nverwendet/verloren wird."
12,4,85,Hitzeschutz,Senkt die Kraft von\nFeuer-Attacken.
12,4,86,Wankelmut,Das Pokémon ist anfällig\nfür Statusveränderungen.
12,4,87,Trockenheit,Heißes Wetter reduziert\nKP. Wasser steigert KP.
12,4,88,Download,Passt Kraft entsprechend\nder gegn. Statuswerte an.
12,4,89,Eisenfaust,Steigert die Effektivität\nvon Box-Attacken.
12,4,90,Aufheber,"Steigert KP, wenn das\nPokémon vergiftet ist."
12,4,91,Anpassung,Steigert Attacken\ndesselben Typs.
12,4,92,Wertelink,Erhöht die Häufigkeit von\nMehrfach-Attacken.
12,4,93,Hydration,Heilt Statusprobleme\nbei Regen.
12,4,94,Solarkraft,"Steigert Spezial-Angriff\nbei Sonne, senkt aber KP."
12,4,95,Rasanz,Erhöht Initiative bei\nStatusproblemen.
12,4,96,Regulierung,Alle Attacken des Pokémon\nwerden zu Normal-Att.
12,4,97,Superschütze,Steigert Attacken nach\nVolltreffern.
12,4,98,Magieschild,Das PKMN nimmt nur durch\ndirekte Attacken Schaden.
12,4,99,Schildlos,Attacken des Pokémon und\ndes Gegners treffen.
12,4,100,Zeitspiel,Das Pokémon bewegt sich \nnach weniger agilen Gegn.
12,4,101,Techniker,Steigert Effektivität von\nschwächeren Attacken.
12,4,102,Floraschild,Heilt Statusprobleme\nbei Sonne.
12,4,103,Tollpatsch,Das Pokémon kann\nkeine Items verwenden.
12,4,104,Überbrückung,Att. können unabhängig d.\nFähigkeit verw. werden.
12,4,105,Glückspilz,Erhöht die Chance auf\neinen Volltreffer.
12,4,106,Finalschlag,"Schadet dem Gegn., der\nfinale Attacke landet."
12,4,107,Vorahnung,Ahnt gefährliche Attacken\ndes Gegners voraus.
12,4,108,Vorwarnung,Gibt Auskunft über die\nstärkste gegn. Attacke.
12,4,109,Unkenntnis,Ignoriert Wechsel der\nStatuswerte des Gegners.
12,4,110,Aufwertung,Steigert “weniger\neffektive” Attacken.
12,4,111,Filter,Senkt die Stärke sehr\neffektiver Attacken.
12,4,112,Saumselig,Halbiert zeitweilig Angriff\nund Initiative.
12,4,113,Rauflust,Ermöglicht es mit Attacken\nGeist-Gegner zu treffen.
12,4,114,Sturmsog,"Zieht offens. Wasser-Att.\nan, die auf 1 PKMN zielen."
12,4,115,Eishaut,Das Pokémon regeneriert\nwährend Hagelsturm KP.
12,4,116,Felskern,Senkt die Stärke sehr\neffektiver Attacken.
12,4,117,Hagelalarm,Pokémon beschwört einen\nHagelsturm herauf.
12,4,118,Honigmaul,Pokémon kann Honig\nsammeln.
12,4,119,Schnüffler,Gibt Auskunft über\ngegnerische Items.
12,4,120,Achtlos,Steigert Attacken mit\nRückstoß-Schaden.
12,4,121,Variabilität,Passt seinen Typ der\ngetragenen Tafel an.
12,4,122,Pflanzengabe,Steigert Effektivität von\nTeam-Pokémon bei Sonne.
12,4,123,Alptraum,Senkt die KP eines\nschlafenden Gegners.
12,5,1,Tanfo,Questo tanfo tiene lontani\ni Pokémon selvatici.
12,5,2,Piovischio,"Se scende in campo, il\nPokémon attira la pioggia."
12,5,3,Acceleratore,Graduale aumento della\nVelocità del Pokémon.
12,5,4,Lottascudo,Evita che il Pokémon\nsubisca brutti colpi.
12,5,5,Vigore,Il Pokémon non subisce\nKO in un attacco.
12,5,6,Umidità,Impedisce a chi è in campo\ndi autodistruggersi.
12,5,7,Scioltezza,Il Pokémon è protetto\ncontro la paralisi.
12,5,8,Sabbiavelo,Elusione del Pokémon sale\nin una tempesta di sabbia.
12,5,9,Statico,Il contatto con il Pokémon\npuò causare paralisi.
12,5,10,Assorbivolt,Ridà PS se si subisce\nuna mossa di tipo Elettro.
12,5,11,Assorbacqua,Ridà PS se si subisce\nuna mossa di tipo Acqua.
12,5,12,Indifferenza,Impedisce al Pokémon di\ninfatuarsi.
12,5,13,Antimeteo,Neutralizza gli effetti\nmeteo.
12,5,14,Insettocchi,Aumenta la precisione\ndel Pokémon.
12,5,15,Insonnia,Impedisce al Pokémon\ndi addormentarsi.
12,5,16,Cambiacolore,Cambia il tipo del Pokémon\nin base all’attacco nemico.
12,5,17,Immunità,Impedisce al Pokémon di\nvenire avvelenato.
12,5,18,Fuocardore,Potenzia le mosse fuoco se\ncolpiti da mosse fuoco.
12,5,19,Polvoscudo,Blocca effetti aggiuntivi\ndegli attacchi subiti.
12,5,20,Mente Locale,Impedisce al Pokémon\ndi subire la confusione.
12,5,21,Ventose,Resiste alle mosse che\nobbligano la sostituzione.
12,5,22,Prepotenza,Riduce l’Attacco del\nnemico.
12,5,23,Pedinombra,Impedisce la fuga al\nnemico.
12,5,24,Cartavetro,Danneggia il nemico\nal contatto.
12,5,25,Magidifesa,Solo le mosse superefficaci\nhanno effetto.
12,5,26,Levitazione,Protegge totalmente dagli\nattacchi di tipo Terra.
12,5,27,Spargispora,"Al contatto può causare\nVLN, PAR o DRM."
12,5,28,Sincronismo,"Trasmette scottatura,\nveleno o paralisi al nemico."
12,5,29,Corpochiaro,Può evitare la riduzione\ndelle statistiche.
12,5,30,Alternacura,Cura i problemi di stato\ndel Pokémon se sostituito.
12,5,31,Parafulmine,Il Pokémon attira tutte\nle mosse di tipo Elettro.
12,5,32,Leggiadro,Effetti aggiuntivi più\nprobabili.
12,5,33,Nuotovelox,Dà al Pokémon più\nVelocità nella pioggia.
12,5,34,Clorofilla,Aumenta Velocità del\nPokémon se c’è il sole.
12,5,35,Risplendi,Più probabile incontrare\nPokémon selvatici.
12,5,36,Traccia,Copia l’abilità del nemico.
12,5,37,Macroforza,Migliora l’Attacco\ndel Pokémon.
12,5,38,Velenopunto,Il contatto col Pokémon\npuò avvelenare il nemico.
12,5,39,Fuocodentro,Impedisce al Pokémon\ndi tentennare.
12,5,40,Magmascudo,Impedisce al Pokémon di\nrimanere congelato.
12,5,41,Idrovelo,Impedisce al Pokémon di\nrimanere scottato.
12,5,42,Magnetismo,Impedisce la fuga ai\nPokémon di tipo Acciaio.
12,5,43,Antisuono,Protegge totalmente da\nmosse sonore.
12,5,44,Copripioggia,Il Pokémon recupera PS\nquando piove.
12,5,45,Sabbiafiume,Causa una tempesta di\nsabbia durante la lotta.
12,5,46,Pressione,Il nemico usa più PP.
12,5,47,Grassospesso,Protegge meglio da mosse\ndi tipo Fuoco e Ghiaccio.
12,5,48,Sveglialampo,Il Pokémon si risveglia\nrapidamente dal sonno.
12,5,49,Corpodifuoco,Il contatto con il Pokémon\npuò scottare il nemico.
12,5,50,Fugafacile,Garantisce la fuga dai\nPokémon selvatici.
12,5,51,Sguardofermo,Evita che cali la precisio-\nne del Pokémon.
12,5,52,Ipertaglio,Evita la riduzione\ndell’Attacco.
12,5,53,Raccolta,Il Pokémon può\ntrovare strumenti.
12,5,54,Pigrone,Il Pokémon può attaccare\nun turno sì e uno no.
12,5,55,Tuttafretta,"Aumenta l’Attacco, ma\nriduce la precisione."
12,5,56,Incantevole,"Al contatto, il nemico\npuò infatuarsi."
12,5,57,Più,Aumenta l’Att. Sp. se un\naltro Pokémon ha Meno.
12,5,58,Meno,Aumenta l’Att. Sp. se un\naltro Pokémon ha Più.
12,5,59,Previsioni,L’aspetto di CASTFORM\ncambia in base al tempo.
12,5,60,Antifurto,Protegge il Pokémon\ndal furto di strumenti.
12,5,61,Muta,Può guarire i problemi di\nstato del Pokémon.
12,5,62,Dentistretti,Aumenta l’Attacco in caso\ndi problemi di stato.
12,5,63,Pelledura,Aumenta la Difesa in caso\ndi problemi di stato.
12,5,64,Melma,Danni al nemico che usa\nmosse assorbi-energia.
12,5,65,Erbaiuto,In difficoltà potenzia\nle mosse di tipo Erba.
12,5,66,Aiutofuoco,In difficoltà potenzia\nle mosse di tipo Fuoco.
12,5,67,Acquaiuto,In difficoltà potenzia\nle mosse di tipo Acqua.
12,5,68,Aiutinsetto,In difficoltà potenzia le\nmosse di tipo Coleottero.
12,5,69,Testadura,Protegge il Pokémon dai\ncontraccolpi.
12,5,70,Siccità,Il Pokémon fa uscire\nil sole nella lotta.
12,5,71,Trappoarena,Impedisce la fuga al\nnemico.
12,5,72,Spiritovivo,Impedisce al Pokémon\ndi addormentarsi.
12,5,73,Fumochiaro,Impedisce la riduzione\ndelle statistiche.
12,5,74,Forzapura,Aumenta la potenza degli\nattacchi fisici.
12,5,75,Guscioscudo,Il Pokémon è protetto\ndai brutti colpi.
12,5,76,Riparo,Neutralizza gli effetti\nmeteo.
12,5,77,Intricopiedi,Aumenta l’elusione se\nil Pokémon è confuso.
12,5,78,Elettrorapid,Aumenta Velocità se colpi-\nto da mosse elettriche.
12,5,79,Antagonismo,Aumenta Attacco se il ne-\nmico è dello stesso sesso.
12,5,80,Cuordeciso,Aumenta la Velocità quando\nil Pokémon tentenna.
12,5,81,Mantelneve,Aumenta l’elusione\nquando grandina.
12,5,82,Voracità,Favorisce l’uso rapido\ndi una Bacca tenuta.
12,5,83,Grancollera,Massimizza l’Attacco\ndopo un brutto colpo.
12,5,84,Agiltecnica,Sale Veloc. se strum. te-\nnuto si perde o consuma.
12,5,85,Antifuoco,Indebolisce l’effetto del-\nle mosse di tipo Fuoco.
12,5,86,Disinvoltura,Le statistiche possono\ncambiare all’impazzata.
12,5,87,Pellearsa,Riduce PS se fa caldo.\nL’acqua ridà PS.
12,5,88,Download,Regola la potenza in base\nal nemico.
12,5,89,Ferropugno,Potenzia le mosse\ntirapugni.
12,5,90,Velencura,Ridà PS se il Pokémon\nè avvelenato.
12,5,91,Adattabilità,Potenzia le mosse del\ntipo del Pokémon.
12,5,92,Abillegame,Aumenta la frequenza di\nmosse multicolpo.
12,5,93,Idratazione,Cura i problemi di stato\nse piove.
12,5,94,Solarpotere,Aumenta l’Att. Sp. ma\nriduce i PS se c’è il sole.
12,5,95,Piedisvelti,Aumenta la Velocità se\nc’è un problema di stato.
12,5,96,Normalità,Tutte le mosse del Pokémon\ndiventano di tipo Normale.
12,5,97,Cecchino,Potenzia le mosse se\ndiventano brutti colpi.
12,5,98,Magicscudo,Il Pokémon subisce danni\nsolo da attacchi diretti.
12,5,99,Nullodifesa,Gli attacchi dei Pokémon in\nlotta vanno a buon fine.
12,5,100,Rallentatore,Anche i nemici più lenti\nattaccano per primi.
12,5,101,Tecnico,Potenzia le mosse più\ndeboli del Pokémon.
12,5,102,Fogliamanto,Evita problemi di stato\nquando c’è il sole.
12,5,103,Impaccio,Il Pokémon non può usare\nlo strumento che tiene.
12,5,104,Rompiforma,Le mosse si usano a\nprescindere dalle abilità.
12,5,105,Supersorte,Maggiore probabilità di\ninfliggere brutti colpi.
12,5,106,Scoppio,Arreca danno al nemico\nche sferra il colpo finale.
12,5,107,Presagio,Rivela se il nemico ha\nmosse pericolose.
12,5,108,Premonizione,Scopre la mossa più\npotente del nemico.
12,5,109,Imprudenza,Ignora i cambiamenti delle\nstatistiche del nemico.
12,5,110,Lentifumé,Potenzia le mosse\n“non molto efficaci”.
12,5,111,Filtro,Riduce la potenza delle\nmosse superefficaci.
12,5,112,Lentoinizio,Dimezza per un po’\nl’Attacco e la Velocità.
12,5,113,Nervisaldi,Le mosse colpiscono anche\ni nemici di tipo Spettro.
12,5,114,Acquascolo,Attira le mosse di tipo\nAcqua mirate a un Pokémon.
12,5,115,Corpogelo,Il Pokémon recupera PS\nquando grandina.
12,5,116,Solidroccia,Riduce la potenza delle\nmosse superefficaci.
12,5,117,Scendineve,Il Pokémon provoca una\ngrandinata in battaglia.
12,5,118,Mielincetta,Il Pokémon può raccoglie-\nre Miele.
12,5,119,Indagine,Il Pokémon può sapere che \nstrumento ha il nemico.
12,5,120,Temerarietà,Potenzia le mosse che\nprovocano contraccolpi. 
12,5,121,Multitipo,Cambia tipo a seconda\ndella Lastra che tiene.
12,5,122,Regalfiore,Potenzia i Pokémon della\nsquadra se c’è il sole.
12,5,123,Sogniamari,Riduce i PS di un nemico\naddormentato.
12,6,1,Hedor,El olor ayuda a mantener\nlejos Pokémon salvajes.
12,6,2,Llovizna,Hace que llueva si el\nPokémon entra en combate.
12,6,3,Impulso,Aumenta la Velocidad\ngradualmente.
12,6,4,Armad. Bat.,Bloquea golpes críticos.
12,6,5,Robustez,Anula golpes fulminantes.
12,6,6,Humedad,Evita la autodestrucción.
12,6,7,Flexibilidad,Evita la parálisis.
12,6,8,Velo Arena,Aumenta la evasión en\nlas tormentas de arena.
12,6,9,Elec. Estát.,Puede paralizar al\nmínimo contacto.
12,6,10,Absor. Elec.,Recupera PS al recibir \nataques de tipo Eléctrico.
12,6,11,Absor. Agua,Recupera PS al recibir \nataques de tipo Agua.
12,6,12,Despiste,Evita que el Pokémon\nse enamore.
12,6,13,Aclimatación,Anula los efectos del\ntiempo atmosférico.
12,6,14,Ojocompuesto,Aumenta la precisión.
12,6,15,Insomnio,Evita el quedarse dormido.
12,6,16,Cambio Color,Cambia el tipo al del\nmovimiento rival.
12,6,17,Inmunidad,Evita el envenenamiento.
12,6,18,Absor. Fuego,Potencia movs. tipo Fuego\ntras ataques tipo Fuego.
12,6,19,Polvo Escudo,Anula efectos secundarios\nde los ataques sufridos.
12,6,20,Ritmo Propio,Evita la confusión.
12,6,21,Ventosas,Anula movimientos que\nfuerzan el relevo.
12,6,22,Intimidación,Baja el Ataque del rival.
12,6,23,Sombratrampa,Evita que el enemigo huya.
12,6,24,Piel Tosca,Hiere al tacto.
12,6,25,Superguarda,Solo le dañan movimientos\nmuy eficaces.
12,6,26,Levitación,Es inmune frente a los\nataques de tipo Tierra.
12,6,27,Efec. Espora,"Puede dormir, envenenar\no paralizar al contacto."
12,6,28,Sincronía,"Pasa envenenamiento,\nparálisis y quemaduras."
12,6,29,Cuerpo Puro,Puede evitar que bajen\nlas características.
12,6,30,Cura Natural,Cura problemas de estado\nal cambiar de Pokémon.
12,6,31,Pararrayos,Frena los ataques\nde tipo Eléctrico.
12,6,32,Dicha,Aumenta la probabilidad\nde efectos secundarios.
12,6,33,Nado Rápido,Sube la Velocidad cuando\nhay lluvia.
12,6,34,Clorofila,Sube la Velocidad cuando\nhay sol.
12,6,35,Iluminación,Aumenta la probabilidad\nde encontrar Pokémon.
12,6,36,Rastro,El Pokémon copia la\nhabilidad del rival.
12,6,37,Potencia,Aumenta el Ataque.
12,6,38,Punto Tóxico,Puede envenenar al\nmínimo contacto.
12,6,39,Foco Interno,Evita el retroceso.
12,6,40,Escudo Magma,Evita la congelación.
12,6,41,Velo Agua,Evita las quemaduras.
12,6,42,Imán,Atrapa Pokémon de\ntipo Acero.
12,6,43,Insonorizar,Evita ataques de sonido.
12,6,44,Cura Lluvia,El Pokémon gana PS\ngradualmente si llueve.
12,6,45,Chorro Arena,Crea una tormenta de\narena durante el combate.
12,6,46,Presión,Hace que los PP del rival\nse acaben antes.
12,6,47,Sebo,Protege de los ataques\nde tipo Fuego y Hielo.
12,6,48,Madrugar,El Pokémon se despierta\nrápidamente.
12,6,49,Cuerpo Llama,Puede quemar al mínimo\ncontacto.
12,6,50,Fuga,Permite escapar fácilmente\nde los Pokémon salvajes.
12,6,51,Vista Lince,Evita que disminuya\nla precisión.
12,6,52,Corte Fuerte,Evita que disminuya\nel Ataque.
12,6,53,Recogida,El Pokémon puede\nencontrar objetos.
12,6,54,Ausente,El Pokémon no atacará\nen 2 turnos consecutivos.
12,6,55,Entusiasmo,"Aumenta el Ataque, pero\nreduce la precisión."
12,6,56,Gran Encanto,Tocar al Pokémon puede\ncausar enamoramiento.
12,6,57,Más,Potencia At. Esp. si otro\ntiene la habilidad Menos.
12,6,58,Menos,Potencia At. Esp. si otro\ntiene la habilidad Más.
12,6,59,Predicción,Cambia con el tiempo\natmosférico.
12,6,60,Viscosidad,Impide el robo de objetos.
12,6,61,Mudar,Cura los problemas de\nestado mudando la piel.
12,6,62,Agallas,Sube el Ataque si sufre\nun problema de estado.
12,6,63,Escama Esp.,Sube la Defensa si sufre\nun problema de estado.
12,6,64,Lodo Líquido,Hiere a los enemigos que\nabsorben PS.
12,6,65,Espesura,Potencia los ataques de\ntipo Planta en un apuro.
12,6,66,Mar Llamas,Potencia los ataques de\ntipo Fuego en un apuro.
12,6,67,Torrente,Potencia los ataques de\ntipo Agua en un apuro.
12,6,68,Enjambre,Potencia los ataques de\ntipo Bicho en un apuro.
12,6,69,Cabeza Roca,Impide que el Pokémon\nse dañe con sus movs.
12,6,70,Sequía,Hace que salga el sol si el\nPokémon entra en combate.
12,6,71,Trampa Arena,Evita que el rival huya.
12,6,72,Espír. Vital,Evita quedarse dormido.
12,6,73,Humo Blanco,Evita que se reduzcan\nlas características.
12,6,74,Energía Pura,Potencia los ataques\nfísicos.
12,6,75,Caparazón,Bloquea golpes críticos.
12,6,76,Bucle Aire,Anula los efectos del\ntiempo atmosférico.
12,6,77,Tumbos,Sube la evasión si el\nPokémon está confuso.
12,6,78,Electromotor,Sube la Velocidad si se\nsufre un ataque eléctrico.
12,6,79,Rivalidad,Sube el Ataque si el rival\nes del mismo sexo.
12,6,80,Impasible,Sube la Velocidad cada vez\nque el Pokémon retrocede.
12,6,81,Manto Níveo,Sube la evasión durante\nuna tormenta de granizo.\n
12,6,82,Gula,Fomenta el uso rápido de\nla baya que porta.
12,6,83,Irascible,Potencia el Ataque tras\nrecibir un golpe crítico.
12,6,84,Liviano,Sube la Veloc. al perder\nun objeto equipado.
12,6,85,Ignífugo,Debilita la fuerza de los\nmovimientos de tipo Fuego.
12,6,86,Simple,Cambia las características\nde forma más audaz.
12,6,87,Piel Seca,Pierde PS si hace calor.\nLos recupera con agua.
12,6,88,Descarga,Ajusta su fuerza según las\ncaracterísticas del rival.
12,6,89,Puño Férreo,Aumenta la fuerza de los\npuñetazos.
12,6,90,Antídoto,Recupera PS si el Pokémon\nha sido envenenado.
12,6,91,Adaptable,Potencia los movimientos\ndel mismo tipo.
12,6,92,Encadenado,Aumenta la frecuencia de\nlos movimientos múltiples.
12,6,93,Hidratación,Cura los problemas de\nestado si está lloviendo.
12,6,94,Poder Solar,"Si hace sol, reduce los PS\npero potencia el At. Esp."
12,6,95,Pies Rápidos,Potencia la Velocidad si\nhay problemas de estado.
12,6,96,Normalidad,Todos los movimientos se\nvuelven de tipo Normal.
12,6,97,Francotirad.,Potencia los movimientos\nque se vuelven críticos.
12,6,98,Muro Mágico,Solo los ataques directos\ndañan al Pokémon.
12,6,99,Indefenso,El ataque del Pokémon y\nel del rival acertarán.
12,6,100,Rezagado,El Pokémon se mueve\ntras el rival más lento.
12,6,101,Experto,Potencia los movimientos\nmás débiles del Pokémon.
12,6,102,Defensa Hoja,Evita los problemas de\nestado si hace sol.
12,6,103,Zoquete,El Pokémon no puede\nusar ningún objeto.
12,6,104,Rompemoldes,No importan las habilidades\npara usar movimientos.
12,6,105,Afortunado,Aumenta la probabilidad de\nasestar golpes críticos.
12,6,106,Resquicio,Daña al rival que le ha\ndado el golpe de gracia.
12,6,107,Anticipación,Prevé los movimientos\npeligrosos del adversario.
12,6,108,Alerta,Determina el movimiento\nmás potente del rival.
12,6,109,Ignorante,Ignora los cambios en las\ncaracterísticas del rival.
12,6,110,Cromolente,Potencia los movimientos\n“poco eficaces”.
12,6,111,Filtro,Mitiga los movimientos\nsuperefectivos.
12,6,112,Inicio Lento,Reduce a la mitad Ataque y\nVelocidad por un tiempo.
12,6,113,Intrépido,Permite golpear a los\nrivales de tipo Fantasma.
12,6,114,Colector,Atrae ataques de tipo\nAgua lanzados a un PKMN.
12,6,115,Gélido,El Pokémon recupera PS en\nlas tormentas de granizo.
12,6,116,Roca Sólida,Mitiga los movimientos\nsuperefectivos.
12,6,117,Nevada,El Pokémon invoca una\ntormenta de granizo.
12,6,118,Recogemiel,El Pokémon recoge miel\nde donde puede.
12,6,119,Cacheo,El Pokémon puede ver el\nobjeto que lleva el rival.
12,6,120,Audaz,Potencia los movimientos\nque dañan al usuario.
12,6,121,Multitipo,Cambia el tipo al de la\ntabla que lleva.
12,6,122,Don Floral,Potencia los Pokémon del\nequipo si está soleado.
12,6,123,Mal Sueño,Reduce los PS de un rival\nmientras duerme.
12,7,1,악취,야생 포켓몬이\n접근하기 어려워진다.
12,7,2,잔비,배틀에 나가면\n비를 내린다.
12,7,3,가속,조금씩\n스피드가 높아진다.
12,7,4,전투무장,상대의 공격이\n급소에 맞지 않는다.
12,7,5,옹골참,일격 필살기가\n통하지 않는다.
12,7,6,습기,누구도 자폭\n할 수 없게 된다.
12,7,7,유연,마비 상태가\n되지 않는다.
12,7,8,모래숨기,모래바람으로\n회피율이 올라간다.
12,7,9,정전기,접촉한 상대를\n마비시킬 때가 있다.
12,7,10,축전,전기를 받으면\n회복한다.
12,7,11,저수,물을 받으면\n회복한다.
12,7,12,둔감,헤롱헤롱 상태가\n되지 않는다.
12,7,13,날씨부정,날씨의 영향이\n없어진다.
12,7,14,복안,기술의 명중률이\n올라간다.
12,7,15,불면,잠듦 상태가\n되지 않는다.
12,7,16,변색,받은 기술의 타입으로\n변화한다.
12,7,17,면역,독 상태가\n되지 않는다.
12,7,18,타오르는불꽃,불꽃을 받으면\n불꽃 기술이 강해진다.
12,7,19,인분,기술의 추가 효과를\n받지 않는다.
12,7,20,마이페이스,혼란 상태가\n되지 않는다.
12,7,21,흡반,교체시킨 기술이\n효과를 발휘하지 못한다.
12,7,22,위협,상대의 공격을\n떨어뜨린다.
12,7,23,그림자밟기,상대의 그림자를 밟아\n도망칠 수 없게 한다.
12,7,24,까칠한피부,접촉한 상대에게\n상처를 입힌다.
12,7,25,불가사의부적,효과가 굉장한 기술밖에\n맞지 않는다.
12,7,26,부유,땅타입의 기술을\n받지 않는다.
12,7,27,포자,"스치면 독, 마비, 잠듦\n상태가 될 때가 있다."
12,7,28,싱크로,"독, 마비, 화상을\n상대에게 옮긴다."
12,7,29,클리어바디,상대가 능력을\n떨어뜨릴 수 없다.
12,7,30,자연회복,배틀에서 일단 물러나면\n상태 이상이 회복된다.
12,7,31,피뢰침,전기타입의 기술을\n모두 자신이 맞는다.
12,7,32,하늘의은총,기술의 추가 효과가\n나오기 쉽다.
12,7,33,쓱쓱,비가 올 때 스피드가\n올라간다.
12,7,34,엽록소,맑을 때 스피드가\n올라간다.
12,7,35,발광,야생 포켓몬과\n만나기 쉬워진다.
12,7,36,트레이스,상대와 같은\n특성이 된다.
12,7,37,천하장사,물리 공격의\n위력이 올라간다.
12,7,38,독가시,접촉한 상대를\n중독 시킬 때가 있다.
12,7,39,정신력,풀죽지 않는다.\n
12,7,40,마그마의무장,얼음 상태가\n되지 않는다.
12,7,41,수의베일,화상 상태가\n되지 않는다.
12,7,42,자력,강철타입의 포켓몬을\n도망칠 수 없게 한다.
12,7,43,방음,소리 기술을\n받지 않는다.
12,7,44,젖은접시,비가 올 때 조금씩\nHP를 회복한다.
12,7,45,모래날림,배틀에서 모래바람을\n일으킨다.
12,7,46,프레셔,상대가 사용하는 기술의\nPP를 많이 줄인다.
12,7,47,두꺼운지방,불꽃과 얼음타입의\n기술에 강하다.
12,7,48,일찍기상,잠듦 상태에서\n빨리 깨어난다.
12,7,49,불꽃몸,접촉한 상대에게\n화상을 입힐 때가 있다.
12,7,50,도주,야생 포켓몬으로부터\n반드시 도망칠 수 있다.
12,7,51,날카로운눈,상대가 명중률을\n떨어뜨리지 못한다.
12,7,52,괴력집게,상대가 공격을\n떨어뜨리지 못한다.
12,7,53,픽업,도구를 주워올\n때가 있다.
12,7,54,게으름,연속으로\n공격할 수 없다.
12,7,55,의욕,공격은 높지만\n빗나가기 쉽다.
12,7,56,헤롱헤롱바디,스치면 헤롱헤롱 상태가\n될 때가 있다.
12,7,57,플러스,마이너스가 있으면\n특수공격이 올라간다.
12,7,58,마이너스,플러스가 있으면\n특수공격이 올라간다.
12,7,59,기분파,날씨에 따라\n캐스퐁이 변화한다.
12,7,60,점착,도구를 빼앗기지 않는다.\n
12,7,61,탈피,상태 이상을\n회복할 때가 있다.
12,7,62,근성,상태 이상이 되면\n공격이 올라간다.
12,7,63,이상한비늘,상태 이상이 되면\n방어가 올라간다.
12,7,64,해감액,흡수한 상대의\nHP를 줄인다.
12,7,65,심록,위급할 때 풀타입의\n위력이 올라간다.
12,7,66,맹화,위급할 때 불꽃타입의\n위력이 올라간다.
12,7,67,급류,위급할 때 물타입의\n위력이 올라간다.
12,7,68,벌레의알림,위급할 때 벌레타입의\n위력이 올라간다.
12,7,69,돌머리,부딪쳐도\n반동을 받지 않는다.
12,7,70,가뭄,배틀에 나가면\n쾌청이 된다.
12,7,71,개미지옥,배틀에서 상대를\n도망칠 수 없게 한다.
12,7,72,의기양양,잠듦 상태가\n되지 않는다.
12,7,73,하얀연기,상대가 능력을\n떨어뜨릴 수 없다.
12,7,74,순수한힘,물리 공격의\n위력이 올라간다.
12,7,75,조가비갑옷,상대의 공격이\n급소에 맞지 않는다.
12,7,76,에어록,날씨의 영향이\n없어진다.
12,7,77,갈지자걸음,혼란에 빠져있으면\n회피하기 쉬워진다.
12,7,78,전기엔진,전기를 받으면\n스피드가 올라간다.
12,7,79,투쟁심,성별이 같으면\n공격이 올라간다.
12,7,80,불굴의마음,풀죽을 때마다\n스피드가 올라간다.
12,7,81,눈숨기,날씨가 싸라기눈일 때\n회피율이 올라간다.
12,7,82,먹보,나무열매를 여느 때보다\n빨리 사용한다.
12,7,83,분노의경혈,급소에 맞으면\n공격이 올라간다.
12,7,84,곡예,도구가 없어지면\n스피드가 올라간다.
12,7,85,내열,불꽃 기술의\n위력을 약하게 한다.
12,7,86,단순,능력 변화가\n여느 때보다 심하다.
12,7,87,건조피부,더우면 HP가 줄어든다.\n물로 HP를 회복한다.
12,7,88,다운로드,상대의 능력을\n보고 능력치를 바꾼다.
12,7,89,철주먹,펀치를 사용하는 기술의\n위력이 올라간다.
12,7,90,포이즌힐,독 상태가 되면\nHP를 회복한다.
12,7,91,적응력,타입이 같은 기술의\n위력이 올라간다.
12,7,92,스킬링크,연속 기술을\n많이 쓸 수 있다.
12,7,93,촉촉바디,비가 오면\n상태 이상이 회복된다.
12,7,94,선파워,맑으면 HP가 줄지만\n특수공격이 올라간다.
12,7,95,속보,상태 이상이 되면\n스피드가 올라간다.
12,7,96,노말스킨,쓴 기술이 모두\n노말타입이 된다.
12,7,97,스나이퍼,급소에 맞혔을 때\n위력이 올라간다.
12,7,98,매직가드,공격 이외에는\n데미지를 입지 않는다.
12,7,99,노가드,서로의 기술이\n반드시 맞는다.
12,7,100,시간벌기,상대보다 재빨라도\n행동이 느려진다.
12,7,101,테크니션,약한 기술의\n위력이 올라간다.
12,7,102,리프가드,맑을 때는\n상태 이상이 되지 않는다.
12,7,103,서투름,지니고 있는 도구를\n쓸 수 없다.
12,7,104,틀깨기,특성에 관계없이 상대에게\n기술을 쓸 수 있다.
12,7,105,대운,상대의 급소에\n공격이 맞기 쉽다.
12,7,106,유폭,기절할 때 스친\n상대에게 데미지를 준다.
12,7,107,위험예지,상대가 지닌 위험한\n기술을 감지한다.
12,7,108,예지몽,상대가 지닌 기술을\n꿰뚫어볼 수 있다.
12,7,109,천진,상대의 능력\n변화를 무시한다.
12,7,110,색안경,효과가 별로인 기술이\n강해진다.
12,7,111,필터,효과가 굉장한 기술의\n위력을 약하게 한다.
12,7,112,슬로스타트,공격과 스피드가\n잠시 동안 절반이 된다.
12,7,113,배짱,고스트타입에\n기술이 맞게 된다.
12,7,114,마중물,물타입의 기술을\n모두 자신이 맞는다.
12,7,115,아이스바디,날씨가 싸라기눈일 때\nHP를 회복한다.
12,7,116,하드록,효과가 굉장한 기술의\n위력을 약하게 한다.
12,7,117,눈퍼뜨리기,배틀에 나가면\n싸라기눈을 내리게 한다.
12,7,118,꿀모으기,달콤한꿀을 모아서\n올 때가 있다.
12,7,119,통찰,상대가 지닌 물건을\n알 수 있다.
12,7,120,이판사판,반동 데미지를\n받는 기술이 강해진다.
12,7,121,멀티타입,지니고 있는 플레이트에\n따라 타입이 바뀐다.
12,7,122,플라워기프트,맑을 때 자신과\n같은 편이 강해진다.
12,7,123,나이트메어,잠들어 있는 상대의\nHP를 줄인다.
13,1,1,あくしゅう,やせいの　ポケモンが\nよりつき　にくくなる。
13,1,2,あめふらし,せんとうに　でると\nあめを　ふらす。
13,1,3,かそく,ちょっとずつ\nすばやく　なっていく。
13,1,4,カブトアーマー,あいての　こうげきが\nきゅうしょに　あたらない。
13,1,5,がんじょう,いちげきひっさつが\nきかない。
13,1,6,しめりけ,だれも　じばくが\nできなくなる。
13,1,7,じゅうなん,まひ　じょうたいに\nならない。
13,1,8,すながくれ,すなあらしで\nかいひりつが　あがる。
13,1,9,せいでんき,さわった　あいてを\nまひさせる　ことがある。
13,1,10,ちくでん,でんきを　うけると\nかいふくする。
13,1,11,ちょすい,みずを　うけると\nかいふくする。
13,1,12,どんかん,メロメロ　じょうたいに\nならない。
13,1,13,ノーてんき,てんきの　えいきょうが\nなくなる。
13,1,14,ふくがん,わざの　めいちゅうりつが\nあがる。
13,1,15,ふみん,ねむり　じょうたいに\nならない。
13,1,16,へんしょく,うけた　わざの　タイプに\nへんかする。
13,1,17,めんえき,どく　じょうたいに\nならない。
13,1,18,もらいび,ほのおを　うけると\nほのおわざが　つよくなる。
13,1,19,りんぷん,わざの　ついかこうかを\nうけない。
13,1,20,マイペース,こんらん　じょうたいに\nならない。
13,1,21,きゅうばん,いれかえさせる　わざが\nきかない。
13,1,22,いかく,あいての　こうげきを\nさげる。
13,1,23,かげふみ,あいての　かげをふみ\nにげられなくする。
13,1,24,さめはだ,ふれた　あいてを\nキズつける。
13,1,25,ふしぎなまもり,こうかばつぐん　しか\nあたらない。
13,1,26,ふゆう,じめんタイプの　わざを\nうけない。
13,1,27,ほうし,ふれると　どく　まひ\nねむりに　することがある。
13,1,28,シンクロ,どく　まひ　やけどを\nあいてに　うつす。
13,1,29,クリアボディ,あいてに　のうりょくを\nさげられない。
13,1,30,しぜんかいふく,じょうたい　いじょうが\nひっこむと　なおる。
13,1,31,ひらいしん,でんきタイプの　わざを\nすべて　うける。
13,1,32,てんのめぐみ,わざの　ついかこうかが\nでやすい。
13,1,33,すいすい,あめのとき　すばやさが\nあがる。
13,1,34,ようりょくそ,はれのとき　すばやさが\nあがる。
13,1,35,はっこう,やせいの　ポケモンに\nそうぐう　しやすくなる。
13,1,36,トレース,あいてと　おなじ\nとくせいに　なる。
13,1,37,ちからもち,ぶつり　こうげきの\nいりょくが　あがる。
13,1,38,どくのトゲ,ふれた　あいてに　どくを\nおわせる　ことがある。
13,1,39,せいしんりょく,ひるまない。\n
13,1,40,マグマのよろい,こおり　じょうたいに\nならない。
13,1,41,みずのベール,やけど　じょうたいに\nならない。
13,1,42,じりょく,はがねタイプの　ポケモンを\nにげられなくする。
13,1,43,ぼうおん,おとの　わざを\nうけない。
13,1,44,あめうけざら,あめのとき　すこしずつ\nＨＰを　かいふくする。
13,1,45,すなおこし,せんとうで　すなあらしを\nおこす。
13,1,46,プレッシャー,あいての　つかう　わざの\nＰＰを　おおく　へらす。
13,1,47,あついしぼう,ほのおと　こおりタイプの\nわざに　つよい。
13,1,48,はやおき,おきるのが　はやくなる。\n
13,1,49,ほのおのからだ,ふれた　あいてを　やけど\nさせることがある。
13,1,50,にげあし,やせいの　ポケモンから\nかならず　にげられる。
13,1,51,するどいめ,あいてに　めいちゅうりつを\nさげられない。
13,1,52,かいりきバサミ,あいてに　こうげきを\nさげられない。
13,1,53,ものひろい,どうぐを　ひろってくる\nことが　ある。
13,1,54,なまけ,こうげきが　れんぞくで\nだせない。
13,1,55,はりきり,こうげきは　たかいが\nはずれやすい。
13,1,56,メロメロボディ,ふれると　メロメロに\nすることがある。
13,1,57,プラス,マイナスが　いると\nとくこうが　あがる。
13,1,58,マイナス,プラスが　いると\nとくこうが　あがる。
13,1,59,てんきや,てんきで　ポワルンが\nへんかする。
13,1,60,ねんちゃく,どうぐを　とられない。\n
13,1,61,だっぴ,じょうたい　いじょうを\nなおす　ことがある。
13,1,62,こんじょう,じょうたい　いじょうで\nこうげきが　あがる。
13,1,63,ふしぎなうろこ,じょうたい　いじょうで\nぼうぎょが　あがる。
13,1,64,ヘドロえき,すいとった　あいての\nＨＰを　へらす
13,1,65,しんりょく,ピンチのとき　くさの\nいりょくが　あがる。
13,1,66,もうか,ピンチのとき　ほのおの\nいりょくが　あがる。
13,1,67,げきりゅう,ピンチのとき　みずの\nいりょくが　あがる。
13,1,68,むしのしらせ,ピンチのとき　むしの\nいりょくが　あがる。
13,1,69,いしあたま,ぶつかっても\nはんどうを　うけない。
13,1,70,ひでり,せんとうに　でると\nにほんばれに　なる。
13,1,71,ありじごく,せんとうで　あいてを\nにげられなくする。
13,1,72,やるき,ねむり　じょうたいに\nならない。
13,1,73,しろいけむり,あいてに　のうりょくを\nさげられない。
13,1,74,ヨガパワー,ぶつり　こうげきの\nいりょくが　あがる。
13,1,75,シェルアーマー,あいての　こうげきが\nきゅうしょに　あたらない。
13,1,76,エアロック,てんきの　えいきょうが\nなくなる。
13,1,77,ちどりあし,こんらん　していると\nかいひ　しやすくなる。
13,1,78,でんきエンジン,でんきを　うけると\nすばやさが　あがる。
13,1,79,とうそうしん,せいべつが　おなじだと\nこうげきが　あがる。
13,1,80,ふくつのこころ,ひるむ　たびに\nすばやさが　あがる。
13,1,81,ゆきがくれ,てんきが　あられのとき\x0001\nかいひりつが　あがる。
13,1,82,くいしんぼう,きのみを　いつもより\nはやく　つかう。
13,1,83,いかりのつぼ,きゅうしょに　うけると\nこうげきが　あがる。
13,1,84,かるわざ,どうぐが　なくなると\nすばやさが　あがる。
13,1,85,たいねつ,ほのお　わざの\nいりょくを　よわめる。
13,1,86,たんじゅん,のうりょく　へんかが\nいつもより　はげしい。
13,1,87,かんそうはだ,あついと　ＨＰが　へる。\nみずで　ＨＰを　かいふく。
13,1,88,ダウンロード,あいての　のうりょくを\nみて　つよさを　かえる。
13,1,89,てつのこぶし,パンチを　つかう　わざの\nいりょくが　あがる。
13,1,90,ポイズンヒール,どくじょうたいに　なると\nＨＰを　かいふくする。
13,1,91,てきおうりょく,タイプが　おなじ　わざの\nいりょくが　あがる。
13,1,92,スキルリンク,れんぞく　わざを\nたくさん　だせる。
13,1,93,うるおいボディ,じょうたい　いじょうが\nあめの　とき　なおる。
13,1,94,サンパワー,はれると　ＨＰが　へるが\nとくこうが　あがる。
13,1,95,はやあし,じょうたい　いじょうで\nすばやさが　あがる。
13,1,96,ノーマルスキン,だしたわざが　すべて\nノーマルタイプに　なる。
13,1,97,スナイパー,きゅうしょに　あてたとき\nいりょくが　あがる。
13,1,98,マジックガード,こうげき　いがいでは\nダメージを　うけない。
13,1,99,ノーガード,おたがいの　わざが\nかならず　あたる。
13,1,100,あとだし,あいてより　すばやくても\nこうどうが　おそくなる。
13,1,101,テクニシャン,よわい　わざの\nいりょくが　あがる。
13,1,102,リーフガード,じょうたい　いじょうに\nはれのとき　ならない。
13,1,103,ぶきよう,もっている　どうぐを\nつかうことが　できない。
13,1,104,かたやぶり,とくせいに　かんけいなく\nあいてに　わざを　だせる。
13,1,105,きょううん,あいての　きゅうしょに\nこうげきが　あたりやすい。
13,1,106,ゆうばく,ひんしの　ときに　ふれた\nあいてに　ダメージ。
13,1,107,きけんよち,あいての　もつ　きけんな\nわざを　さっちする。
13,1,108,よちむ,あいての　もつ　わざを\nよみとることが　できる。
13,1,109,てんねん,あいての　のうりょくの\nへんかを　むしする。
13,1,110,いろめがね,こうかいまひとつ　のとき\nわざを　つよめる。
13,1,111,フィルター,こうかばつぐん　のとき\nいりょくを　よわめる。
13,1,112,スロースタート,こうげきと　すばやさが\nしばらく　はんぶんになる。
13,1,113,きもったま,ゴーストタイプに　わざが\nあたるようになる。
13,1,114,よびみず,みずタイプの　わざを\nすべて　うける。
13,1,115,アイスボディ,てんきが　あられのとき\nＨＰを　かいふくする。
13,1,116,ハードロック,こうかばつぐん　のとき\nいりょくを　よわめる。
13,1,117,ゆきふらし,せんとうに　でると\nあられを　ふらす。
13,1,118,みつあつめ,あまいミツを　あつめて\nくることが　ある。
13,1,119,おみとおし,あいての　もちものを\nしることが　できる。
13,1,120,すてみ,はんどうで　ダメージを\nうけるわざが　つよくなる。
13,1,121,マルチタイプ,もっている　プレートで\nタイプが　かわる。
13,1,122,フラワーギフト,はれのとき　じぶんと\nみかたが　つよくなる。
13,1,123,ナイトメア,ねむっている　あいての\nＨＰを　へらす。
13,2,1,Stench,The stench helps keep\nwild Pokémon away.
13,2,2,Drizzle,The Pokémon makes it rain\nif it appears in battle.
13,2,3,Speed Boost,The Pokémon’s Speed stat\nis gradually boosted.
13,2,4,Battle Armor,The Pokémon is protected\nagainst critical hits.
13,2,5,Sturdy,The Pokémon is protected\nagainst 1-hit KO attacks.
13,2,6,Damp,Prevents combatants from\nself destructing.
13,2,7,Limber,The Pokémon is protected\nfrom paralysis.
13,2,8,Sand Veil,Boosts the Pokémon’s\nevasion in a sandstorm.
13,2,9,Static,Contact with the Pokémon\nmay cause paralysis.
13,2,10,Volt Absorb,Restores HP if hit by an\nElectric-type move.
13,2,11,Water Absorb,Restores HP if hit by a\nWater-type move.
13,2,12,Oblivious,Prevents the Pokémon\nfrom becoming infatuated.
13,2,13,Cloud Nine,Eliminates the effects of\nweather.
13,2,14,Compoundeyes,The Pokémon’s accuracy is\nboosted.
13,2,15,Insomnia,Prevents the Pokémon\nfrom falling asleep.
13,2,16,Color Change,Changes the Pokémon’s\ntype to the foe’s move.
13,2,17,Immunity,Prevents the Pokémon\nfrom getting poisoned.
13,2,18,Flash Fire,Powers up Fire-type moves\nif hit by a fire move.
13,2,19,Shield Dust,Blocks the added effects\nof attacks taken.
13,2,20,Own Tempo,Prevents the Pokémon\nfrom becoming confused.
13,2,21,Suction Cups,Negates moves that\nforce switching out.
13,2,22,Intimidate,Lowers the foe’s Attack\nstat.
13,2,23,Shadow Tag,Prevents the foe from\nescaping.
13,2,24,Rough Skin,Inflicts damage to the\nfoe on contact.
13,2,25,Wonder Guard,Only supereffective\nmoves will hit.
13,2,26,Levitate,Gives full immunity to all\nGround-type moves.
13,2,27,Effect Spore,"Contact may paralyze,\npoison, or cause sleep."
13,2,28,Synchronize,"Passes on a burn, poison,\nor paralysis to the foe."
13,2,29,Clear Body,Prevents the Pokémon’s\nstats from being lowered.
13,2,30,Natural Cure,All status problems are\nhealed upon switching out.
13,2,31,Lightningrod,The Pokémon draws in all\nElectric-type moves.
13,2,32,Serene Grace,Boosts the likelihood of\nadded effects appearing.
13,2,33,Swift Swim,Boosts the Pokémon’s\nSpeed in rain.
13,2,34,Chlorophyll,Boosts the Pokémon’s\nSpeed in sunshine.
13,2,35,Illuminate,Raises the likelihood of\nmeeting wild Pokémon.
13,2,36,Trace,The Pokémon copies the\nfoe’s ability.
13,2,37,Huge Power,Raises the Pokémon’s\nAttack stat.
13,2,38,Poison Point,Contact with the Pokémon\nmay poison the foe.
13,2,39,Inner Focus,The Pokémon is protected\nfrom flinching.
13,2,40,Magma Armor,Prevents the Pokémon\nfrom becoming frozen.
13,2,41,Water Veil,Prevents the Pokémon\nfrom getting a burn.
13,2,42,Magnet Pull,Prevents Steel-type\nPokémon from escaping.
13,2,43,Soundproof,Gives full immunity to all\nsound-based moves.
13,2,44,Rain Dish,The Pokémon gradually\nrecovers HP in rain.
13,2,45,Sand Stream,The Pokémon summons a\nsandstorm in battle.
13,2,46,Pressure,The Pokémon raises the\nfoe’s PP usage.
13,2,47,Thick Fat,Raises resistance to Fire-\nand Ice-type moves.
13,2,48,Early Bird,The Pokémon awakens\nquickly from sleep.
13,2,49,Flame Body,Contact with the Pokémon\nmay burn the foe.
13,2,50,Run Away,Enables sure getaway from\nwild Pokémon.
13,2,51,Keen Eye,Prevents the Pokémon\nfrom losing accuracy.
13,2,52,Hyper Cutter,Prevents the Attack stat\nfrom being lowered.
13,2,53,Pickup,The Pokémon may pick up\nitems.
13,2,54,Truant,The Pokémon can’t attack\non consecutive turns.
13,2,55,Hustle,"Boosts the Attack stat,\nbut lowers accuracy."
13,2,56,Cute Charm,Contact with the Pokémon\nmay cause infatuation.
13,2,57,Plus,Boosts Sp. Atk if another\nPokémon has Minus.
13,2,58,Minus,Boosts Sp. Atk if another\nPokémon has Plus.
13,2,59,Forecast,CASTFORM transforms with\nthe weather.
13,2,60,Sticky Hold,Protects the Pokémon\nfrom item theft.
13,2,61,Shed Skin,The Pokémon may heal its\nown status problems.
13,2,62,Guts,Boosts Attack if there is\na status problem.
13,2,63,Marvel Scale,Boosts Defense if there is\na status problem.
13,2,64,Liquid Ooze,Inflicts damage on foes\nusing any draining move.
13,2,65,Overgrow,Powers up Grass-type\nmoves in a pinch.
13,2,66,Blaze,Powers up Fire-type\nmoves in a pinch.
13,2,67,Torrent,Powers up Water-type\nmoves in a pinch.
13,2,68,Swarm,Powers up Bug-type\nmoves in a pinch.
13,2,69,Rock Head,Protects the Pokémon\nfrom recoil damage.
13,2,70,Drought,The Pokémon makes it\nsunny if it is in battle.
13,2,71,Arena Trap,Prevents the foe from\nfleeing.
13,2,72,Vital Spirit,Prevents the Pokémon\nfrom falling asleep.
13,2,73,White Smoke,Prevents the Pokémon’s\nstats from being lowered.
13,2,74,Pure Power,Boosts the power of\nphysical attacks.
13,2,75,Shell Armor,The Pokémon is protected\nagainst critical hits.
13,2,76,Air Lock,Eliminates the effects of\nweather.
13,2,77,Tangled Feet,Raises evasion if the\nPokémon is confused.
13,2,78,Motor Drive,Raises Speed if hit by an\nElectric-type move.
13,2,79,Rivalry,Raises Attack if the foe\nis of the same gender.
13,2,80,Steadfast,Raises Speed each time\nthe Pokémon flinches.
13,2,81,Snow Cloak,Raises evasion in a\nhailstorm.
13,2,82,Gluttony,Encourages the early use\nof a held Berry.
13,2,83,Anger Point,Raises Attack upon taking\na critical hit.
13,2,84,Unburden,Raises Speed if a held\nitem is used.
13,2,85,Heatproof,Weakens the power of\nFire-type moves.
13,2,86,Simple,The Pokémon is prone to\nwild stat changes.
13,2,87,Dry Skin,Reduces HP if it is hot.\nWater restores HP.
13,2,88,Download,Adjusts power according\nto the foe’s ability.
13,2,89,Iron Fist,Boosts the power of\npunching moves.
13,2,90,Poison Heal,Restores HP if the\nPokémon is poisoned.
13,2,91,Adaptability,Powers up moves of the\nsame type.
13,2,92,Skill Link,Increases the frequency\nof multi-strike moves.
13,2,93,Hydration,Heals status problems if\nit is raining.
13,2,94,Solar Power,"Boosts Sp. Atk, but\nlowers HP in sunshine."
13,2,95,Quick Feet,Boosts Speed if there is a\nstatus problem.
13,2,96,Normalize,All the Pokémon’s moves\nbecome the Normal type.
13,2,97,Sniper,Powers up moves if they\nbecome critical hits.
13,2,98,Magic Guard,The Pokémon only takes\ndamage from attacks.
13,2,99,No Guard,Ensures the Pokémon and\nits foe’s attacks land.
13,2,100,Stall,The Pokémon moves after\neven slower foes.
13,2,101,Technician,Powers up the Pokémon’s\nweaker moves.
13,2,102,Leaf Guard,Prevents status problems\nin sunny weather.
13,2,103,Klutz,The Pokémon can’t use\nany held items.
13,2,104,Mold Breaker,Moves can be used\nregardless of abilities.
13,2,105,Super Luck,Heightens the critical-hit\nratios of moves.
13,2,106,Aftermath,Damages the foe landing\nthe finishing hit.
13,2,107,Anticipation,Senses the foe’s\ndangerous moves.
13,2,108,Forewarn,Determines what moves\nthe foe has.
13,2,109,Unaware,Ignores any change in\nability by the foe.
13,2,110,Tinted Lens,Powers up “not very\neffective” moves.
13,2,111,Filter,Powers down super-\neffective moves.
13,2,112,Slow Start,Temporarily halves Attack\nand Speed.
13,2,113,Scrappy,Enables moves to hit\nGhost-type foes.
13,2,114,Storm Drain,The Pokémon draws in all\nWater-type moves.
13,2,115,Ice Body,The Pokémon regains HP in\na hailstorm.
13,2,116,Solid Rock,Powers down super-\neffective moves.
13,2,117,Snow Warning,The Pokémon summons a\nhailstorm in battle.
13,2,118,Honey Gather,The Pokémon may gather\nHoney from somewhere.
13,2,119,Frisk,The Pokémon can check\nthe foe’s held item.
13,2,120,Reckless,Powers up moves that\nhave recoil damage.
13,2,121,Multitype,Changes type to match\nthe held Plate.
13,2,122,Flower Gift,Powers up party Pokémon\nwhen it is sunny.
13,2,123,Bad Dreams,Reduces a sleeping foe’s\nHP.
13,3,1,Puanteur,La puanteur peut repous-\nser les Pokémon sauvages.
13,3,2,Crachin,Le Pokémon invoque la pluie\nquand il entre au combat.
13,3,3,Turbo,La Vitesse du Pokémon\naugmente progressivement.
13,3,4,Armurbaston,Le Pokémon est protégé\ndes coups critiques.
13,3,5,Fermeté,Protège des capacités\nmettant K.O. en un coup.
13,3,6,Moiteur,Empêche les combattants\nde s’autodétruire.
13,3,7,Echauffement,Protège le Pokémon de\nla paralysie.
13,3,8,Voile Sable,Augmente l’esquive lors\ndes tempêtes de sable.
13,3,9,Statik,Un contact avec le\nPokémon peut paralyser.
13,3,10,Absorb Volt,Récupère des PV si touché\npar une capacité Electrik.
13,3,11,Absorb Eau,Récupère des PV si touché\npar une capacité Eau.
13,3,12,Benêt,Empêche le Pokémon de\ntomber amoureux.
13,3,13,Ciel Gris,Annule les effets du\nclimat.
13,3,14,Oeil Composé,Augmente la précision du\nPokémon.
13,3,15,Insomnia,Empêche le Pokémon de\ns’endormir.
13,3,16,Déguisement,Le Pokémon adopte le type\nde la capacité ennemie.
13,3,17,Vaccin,Empêche le Pokémon d’être\nempoisonné.
13,3,18,Torche,Booste capacités Feu si\ntouché par attaques Feu.
13,3,19,Ecran Poudre,Annule les effets cumulés\nd’une attaque ennemie.
13,3,20,Tempo Perso,Empêche la confusion.
13,3,21,Ventouse,Annule les cap. forçant\nà changer de Pokémon.
13,3,22,Intimidation,Baisse l’Attaque ennemie.
13,3,23,Marque Ombre,Empêche le Pokémon ennemi\nde quitter le combat.
13,3,24,Peau Dure,Le Pokémon blesse\nl’ennemi qui le touche.
13,3,25,Garde Mystik,Seules capacités “super\nefficaces” l’atteignent.
13,3,26,Lévitation,Immunise contre toutes\nles capacités de type Sol.
13,3,27,Pose Spore,"Peut paralyser, empoison-\nner, endormir au contact."
13,3,28,Synchro,"Transmet brûlure, poison\nou paralysie à l’ennemi."
13,3,29,Corps Sain,Peut empêcher les stats\ndu Pokémon de baisser.
13,3,30,Médic Nature,Quitter le combat soigne\nles problèmes de statut.
13,3,31,Paratonnerre,Le Pokémon attire les\ncapacités Electrik.
13,3,32,Sérénité,Augmente la fréquence\ndu cumul d’effets.
13,3,33,Glissade,Augmente la Vitesse du\nPokémon s’il pleut.
13,3,34,Chlorophyle,Augmente la Vitesse du\nPokémon s’il y a du soleil.
13,3,35,Lumiatirance,Augmente les rencontres\navec Pokémon sauvages.
13,3,36,Calque,Imite la capacité spéciale\nde l’ennemi.
13,3,37,Coloforce,Augmente l’Attaque du\nPokémon.
13,3,38,Point Poison,Peut empoisonner l’ennemi\ns’il y a contact.
13,3,39,Attention,Empêche le Pokémon\nd’avoir peur.
13,3,40,Armumagma,Protège le Pokémon\ncontre le gel.
13,3,41,Ignifu-Voile,Protège le Pokémon\ndes brûlures.
13,3,42,Magnépiège,Empêche les Pokémon Acier\nde fuir.
13,3,43,Anti-Bruit,Protège de toutes les\ncapacités sonores.
13,3,44,Cuvette,Récupère progressivement\ndes PV par temps de pluie.
13,3,45,Sable Volant,Le Pokémon invoque une\ntempête de sable.
13,3,46,Pression,Force l’ennemi à\ndépenser plus de PP.
13,3,47,Isograisse,Augmente la résistance\naux cap. Feu et Glace.
13,3,48,Matinal,Le Pokémon se réveille\nplus rapidement.
13,3,49,Corps Ardent,Peut brûler l’ennemi s’il y\na contact.
13,3,50,Fuite,Permet de fuir n’importe\nquel Pokémon sauvage.
13,3,51,Regard Vif,Empêche le Pokémon de\nperdre en précision.
13,3,52,Hyper Cutter,Empêche la réduction de\nl’Attaque.
13,3,53,Ramassage,Permet parfois au Pokémon\nde ramasser des objets.
13,3,54,Absentéisme,Le Pokémon ne frappe\nqu’un tour sur deux.
13,3,55,Agitation,Améliore l’Attaque mais\ndiminue la précision.
13,3,56,Joli Sourire,Séduit parfois l’ennemi\nau contact.
13,3,57,Plus,Améliore l’Atq. Spé. si un\nautre Pokémon a Minus.
13,3,58,Minus,Améliore l’Atq. Spé. si un\nautre Pokémon a Plus.
13,3,59,Météo,MORPHEO change de forme\nselon le climat.
13,3,60,Glue,Protège le Pokémon\ncontre le vol d’objets.
13,3,61,Mue,Le Pokémon soigne parfois\nses problèmes de statut.
13,3,62,Cran,Augmente l’Attaque s’il y\na un problème de statut.
13,3,63,Ecaille Spé.,Augmente la Défense s’il y\na un problème de statut.
13,3,64,Suintement,Blesse l’ennemi qui draine\nl’énergie du Pokémon.
13,3,65,Engrais,Booste les capacités\nPlante en cas de besoin.
13,3,66,Brasier,Booste les capacités\nFeu en cas de besoin.
13,3,67,Torrent,Booste les capacités\nEau en cas de besoin.
13,3,68,Essaim,Booste les capacités\nInsecte en cas de besoin.
13,3,69,Tête de Roc,Protège le Pokémon des\ndégâts de contrecoups.
13,3,70,Sécheresse,Invoque le soleil quand il\nest au combat.
13,3,71,Piège,Empêche l’ennemi de\ns’enfuir.
13,3,72,Esprit Vital,Empêche le Pokémon\nde s’endormir.
13,3,73,Ecran Fumée,Empêche la réduction des\nstats du Pokémon.
13,3,74,Force Pure,Augmente la puissance des\nattaques physiques.
13,3,75,Coque Armure,Protège le Pokémon contre\nles coups critiques.
13,3,76,Air Lock,Annule les effets du\nclimat.
13,3,77,Pieds Confus,Augmente l’esquive si le\nPokémon est confus.
13,3,78,Motorisé,Augmente la Vit. si touché\npar une cap. Electrik.
13,3,79,Rivalité,Augmente l’Attaque si\nl’ennemi est du même sexe.
13,3,80,Impassible,Augmente la Vitesse quand\nle Pokémon a peur.
13,3,81,Rideau Neige,Augmente l’esquive durant\nles tempêtes de grêle.
13,3,82,Gloutonnerie,Encourage l’utilisation\nd’une Baie tenue.
13,3,83,Colérique,Monte l’Attaque au max.\naprès un coup critique.
13,3,84,Délestage,Augmente la Vit. si l’objet\ntenu est utilisé ou perdu.
13,3,85,Ignifuge,Réduit la puissance des\ncapacités de type Feu.
13,3,86,Simple,Le Pokémon est sujet à\ndes variations de stats.
13,3,87,Peau Sèche,Perd des PV à la chaleur.\nL’eau les restaure.
13,3,88,Télécharge,Ajuste la puissance selon\nl’ennemi.
13,3,89,Poing de Fer,Augmente la puissance des\ncapacités coups de poing.
13,3,90,Soin Poison,Restaure des PV si le\nPokémon est empoisonné.
13,3,91,Adaptabilité,Augmente la puissance des\ncapacités de même type.
13,3,92,Multi-Coups,Augmente la fréquence des\nattaques multiples.
13,3,93,Hydratation,Soigne les problèmes de\nstatut s’il pleut.
13,3,94,Force Soleil,Augmente l’Atq. Spé. mais\nbaisse les PV au soleil.
13,3,95,Pied Véloce,Augmente la Vitesse s’il y\na un problème de statut.
13,3,96,Normalise,Toutes les capacités sont\nde type Normal.
13,3,97,Sniper,Booste les capacités qui\nsont des coups critiques.
13,3,98,Garde Magik,Seule une attaque directe\npeut blesser le Pokémon.
13,3,99,Annule Garde,Attaques du Pokémon et\nde l’ennemi réussissent.
13,3,100,Frein,"Attaque toujours après \nl’ennemi, même plus lent."
13,3,101,Technicien,Augmente la puissance des\ncapacités les plus faibles.
13,3,102,Feuil. Garde,Empêche les problèmes\nde statut au soleil.
13,3,103,Maladresse,Le Pokémon ne peut\nutiliser aucun objet tenu.
13,3,104,Brise Moule,Cap. utilisables quelles\nque soient les cap. spé.
13,3,105,Chanceux,Augmente la fréquence\ndes coups critiques.
13,3,106,Boom Final,Blesse l’ennemi qui \nporte le coup de grâce.
13,3,107,Anticipation,Prévoit les capacités\nennemies dangereuses.
13,3,108,Prédiction,Découvre la capacité\nennemie la plus puissante.
13,3,109,Inconscient,Ignore les changements de\nstats de l’ennemi.
13,3,110,Lentiteintée,Améliore les capacités\n“pas très efficaces”.
13,3,111,Filtre,Affaiblit les capacités\n“super efficaces”.
13,3,112,Début Calme,Divise temporairement\nVitesse et Attaque par 2.
13,3,113,Querelleur,Les capacités touchent\nles Pokémon Spectre.
13,3,114,Lavabo,Attire les attaques Eau\nvisant un Pokémon.
13,3,115,Corps Gel,Récupère des PV lors des\ntempêtes de grêle.
13,3,116,Solide Roc,Affaiblit les capacités\n“super efficaces”.
13,3,117,Alerte Neige,Déclenche une tempête de\ngrêle pendant le combat.
13,3,118,Cherche Miel,Le Pokémon peut parfois\ntrouver du Miel.
13,3,119,Fouille,Permet de connaître\nl’objet tenu par l’ennemi.
13,3,120,Téméraire,Booste les cap. ayant des\ndégâts de contrecoups.
13,3,121,Multi-Type,Modifie le type en fonction\nde la Plaque tenue.
13,3,122,Don Floral,Pokémon de l’équipe plus\npuissants au soleil.
13,3,123,Mauvais Rêve,Réduit les PV d’un ennemi\nendormi.
13,4,1,Duftnote,"Hilft, wilde Pokémon\nfernzuhalten."
13,4,2,Niesel,Ruft im Kampf\nRegen herbei.
13,4,3,Temposchub,Erhöht Initiative nach\nund nach.
13,4,4,Kampfpanzer,Wehrt Volltreffer ab.
13,4,5,Robustheit,Schutz gegen\nK.O.-Treffer-Angriffe.
13,4,6,Feuchtigkeit,Verhindert Selbstzer-\nstörung der Kämpfenden.
13,4,7,Flexibilität,Verhindert Paralyse.
13,4,8,Sandschleier,Erhöht Fluchtwert im\nSandsturm.
13,4,9,Statik,Kann bei Berührung\nparalysieren.
13,4,10,Voltabsorber,Wandelt Elektrizität in\nKP um.
13,4,11,H2O-Absorber,Wandelt Wasser in KP um.
13,4,12,Dösigkeit,Verhindert Anziehung.
13,4,13,Wolke Sieben,Keine Wetter-Effekte.
13,4,14,Facettenauge,Steigert Genauigkeit.
13,4,15,Insomnia,Verhindert Einschlafen.
13,4,16,Farbwechsel,Typ des Anwenders wird zu\ndem der gegnerischen Att.
13,4,17,Immunität,Verhindert Vergiftungen.
13,4,18,Feuerfänger,"Verstärkt Feuer-A., wenn\nv. Feuer-A. getroffen."
13,4,19,Puderabwehr,Blockiert Zusatz-Effekte\ngegnerischer Angriffe.
13,4,20,Tempomacher,Verhindert Verwirrung.
13,4,21,Saugnapf,"Negiert Attacken, die PKMN\naustauschen würden."
13,4,22,Bedroher,Senkt Angriff des\nGegners.
13,4,23,Wegsperre,Hindert Gegner an Flucht.
13,4,24,Rauhaut,Verletzt bei Berührung.
13,4,25,Wunderwache,Nur sehr effektive Treffer\nschaden.
13,4,26,Schwebe,Volle Immunität gegen\nalle Boden-Attacken.
13,4,27,Sporenwirt,"Bei Kontakt evtl. Paraly.,\nVergiftg. oder Schlaf."
13,4,28,Synchro,"Gibt Verbrennung, Ver-\ngiftung u. Paraly. an Geg."
13,4,29,Neutraltorso,Verhindert Absenken\nder Statuswerte evtl.
13,4,30,Innere Kraft,Heilt bei Austausch\nStatusprobleme.
13,4,31,Blitzfänger,Zieht Elektro-Attacken\nan.
13,4,32,Edelmut,Verstärkt\nZusatz-Effekte.
13,4,33,Wassertempo,Steigert Initiative bei\nRegen.
13,4,34,Chlorophyll,Steigert Initiative bei\nSonnenschein.
13,4,35,Erleuchtung,Mehr Pokémon-\nBegegnungen.
13,4,36,Fährte,Das Pokémon kopiert \nFähigkeit des Gegners.
13,4,37,Kraftkoloss,Steigert den Angriffs-\nWert eines Pokémon.
13,4,38,Giftdorn,Vergiftet den Gegner\neventuell bei Berührung.
13,4,39,Konzentrator,Verhindert\nZurückschrecken.
13,4,40,Magmapanzer,Verhindert Einfrieren.
13,4,41,Aquahülle,Verhindert\nVerbrennungen.
13,4,42,Magnetfalle,Verhindert Flucht von\nStahl-Pokémon.
13,4,43,Lärmschutz,Immun gegen Lärm-\nAttacken.
13,4,44,Regengenuss,Langsame Wiederherstellg.\nvon KP bei Regen.
13,4,45,Sandsturm,Erzeugt einen Sandsturm.
13,4,46,Erzwinger,Steigert den Verbrauch\nder AP des Gegners.
13,4,47,Speckschicht,Schutz vor Hitze\nund Kälte.
13,4,48,Frühwecker,Schnelles Aufwachen.
13,4,49,Flammkörper,Kann bei Kontakt zu\nVerbrennung führen.
13,4,50,Angsthase,Erleichtert das\nEntkommen.
13,4,51,Adlerauge,Verhindert Verlust der\nGenauigkeit.
13,4,52,Scherenmacht,Verhindert Angriff-Reduz.
13,4,53,Mitnahme,Kann Items aufnehmen.
13,4,54,Schnarchnase,Greift nur in jedem\n2. Zug an.
13,4,55,Übereifer,"Erhöht Angriffs-Wert,\nsenkt Genauigkeit."
13,4,56,Charmebolzen,Kann bei Kontakt\nbetörend wirken.
13,4,57,Plus,"Steigert Spezial-Angriff,\nwenn ein PKMN Minus hat."
13,4,58,Minus,"Steigert Spezial-Angriff,\nwenn ein PKMN Plus hat."
13,4,59,Prognose,FORMEO verändert seine\nForm abhängig vom Wetter.
13,4,60,Wertehalter,Verhindert Item-\nDiebstahl.
13,4,61,Expidermis,PKMN heilt eventuell\nseine Statusprobleme.
13,4,62,Adrenalin,Steigert Angriff bei\nStatusproblemen.
13,4,63,Notschutz,Steigert Verteidigung bei\nStatusproblemen.
13,4,64,Kloakensoße,"Schadet Gegnern, die\nSaug-Attacken einsetzen."
13,4,65,Notdünger,Stärkt Pflanzen-Attacken\nin Not.
13,4,66,Großbrand,Stärkt Feuer-Attacken\nin Not.
13,4,67,Sturzbach,Stärkt Wasser-Attacken\nin Not.
13,4,68,Hexaplaga,Stärkt Käfer-Attacken\nin Not.
13,4,69,Steinhaupt,"Verhindert Schaden, der\ndurch Rückstoß entsteht."
13,4,70,Dürre,Erzeugt Sonne im Kampf.
13,4,71,Auswegslos,Verhindert Flucht\ndes Gegners.
13,4,72,Munterkeit,Verhindert Einschlafen.
13,4,73,Pulverrauch,Verhindert das Absenken\nder Statuswerte.
13,4,74,Mentalkraft,Steigert Kraft physischer\nAngriffe.
13,4,75,Panzerhaut,Wehrt Volltreffer ab.
13,4,76,Klimaschutz,Eliminiert die Wirkung\ndes Wetters.
13,4,77,Fußangel,"Erhöht Fluchtwert, wenn\ndas Pokémon verwirrt ist."
13,4,78,Starthilfe,Erhöht Initiative nach\neiner Elektro-Attacke.
13,4,79,Rivalität,"Erhöht Angriff, wenn Gegn.\ndasselbe Geschlecht hat."
13,4,80,Felsenfest,"Erhöht Initiative, sobald\nPokémon zurückschreckt."
13,4,81,Schneemantel,Erhöht Fluchtwert\nwährend Hagelschauer.
13,4,82,Völlerei,Ermutigt zum frühzeitigen\nVerwenden einer Beere.
13,4,83,Kurzschluss,Maximiert Angriff nach Ein-\nstecken e. Volltreffers.
13,4,84,Entlastung,"Erhöht Init., wenn 1 Item\nverwendet/verloren wird."
13,4,85,Hitzeschutz,Senkt die Kraft von\nFeuer-Attacken.
13,4,86,Wankelmut,Das Pokémon ist anfällig\nfür Statusveränderungen.
13,4,87,Trockenheit,Heißes Wetter reduziert\nKP. Wasser steigert KP.
13,4,88,Download,Passt Kraft entsprechend\nder gegn. Statuswerte an.
13,4,89,Eisenfaust,Steigert die Effektivität\nvon Box-Attacken.
13,4,90,Aufheber,"Steigert KP, wenn das\nPokémon vergiftet ist."
13,4,91,Anpassung,Steigert Attacken\ndesselben Typs.
13,4,92,Wertelink,Erhöht die Häufigkeit von\nMehrfach-Attacken.
13,4,93,Hydration,Heilt Statusprobleme\nbei Regen.
13,4,94,Solarkraft,"Steigert Spezial-Angriff\nbei Sonne, senkt aber KP."
13,4,95,Rasanz,Erhöht Initiative bei\nStatusproblemen.
13,4,96,Regulierung,Alle Attacken des Pokémon\nwerden zu Normal-Att.
13,4,97,Superschütze,Steigert Attacken nach\nVolltreffern.
13,4,98,Magieschild,Das PKMN nimmt nur durch\ndirekte Attacken Schaden.
13,4,99,Schildlos,Angriffe des Pokémon und\ndes Gegners treffen.
13,4,100,Zeitspiel,Das Pokémon bewegt sich \nnach weniger agilen Gegn.
13,4,101,Techniker,Steigert Effektivität von\nschwächeren Attacken.
13,4,102,Floraschild,Heilt Statusprobleme\nbei Sonne.
13,4,103,Tollpatsch,Das Pokémon kann keine\ngetrag. Items verwenden.
13,4,104,Überbrückung,Att. können unabhängig d.\nFähigkeit verw. werden.
13,4,105,Glückspilz,Erhöht die Chance auf\neinen Volltreffer.
13,4,106,Finalschlag,"Schadet dem Gegn., der\nfinale Attacke landet."
13,4,107,Vorahnung,Ahnt gefährliche Attacken\ndes Gegners voraus.
13,4,108,Vorwarnung,Gibt Auskunft über die\nstärkste gegn. Attacke.
13,4,109,Unkenntnis,Ignoriert Wechsel der\nStatuswerte des Gegners.
13,4,110,Aufwertung,Steigert “weniger\neffektive” Attacken.
13,4,111,Filter,Senkt die Stärke sehr\neffektiver Attacken.
13,4,112,Saumselig,Halbiert zeitweilig Angriff\nund Initiative.
13,4,113,Rauflust,Ermöglicht es mit Attacken\nGeist-Gegner zu treffen.
13,4,114,Sturmsog,"Zieht offens. Wasser-Att.\nan, die auf 1 PKMN zielen."
13,4,115,Eishaut,Das Pokémon regeneriert\nwährend Hagelsturm KP.
13,4,116,Felskern,Senkt die Stärke sehr\neffektiver Attacken.
13,4,117,Hagelalarm,Pokémon beschwört einen\nHagelsturm herauf.
13,4,118,Honigmaul,Pokémon kann Honig\nsammeln.
13,4,119,Schnüffler,Gibt Auskunft über\ngegnerische Items.
13,4,120,Achtlos,Steigert Attacken mit\nRückstoß-Schaden.
13,4,121,Variabilität,Passt seinen Typ der\ngetragenen Tafel an.
13,4,122,Pflanzengabe,Steigert Effektivität von\nTeam-Pokémon bei Sonne.
13,4,123,Alptraum,Senkt die KP eines\nschlafenden Gegners.
13,5,1,Tanfo,Questo tanfo tiene lontani\ni Pokémon selvatici.
13,5,2,Piovischio,"Se scende in campo, il\nPokémon attira la pioggia."
13,5,3,Acceleratore,Graduale aumento della\nVelocità del Pokémon.
13,5,4,Lottascudo,Evita che il Pokémon\nsubisca brutti colpi.
13,5,5,Vigore,Protegge dalle mosse che\ncausano KO in un colpo.
13,5,6,Umidità,Impedisce a chi è in campo\ndi autodistruggersi.
13,5,7,Scioltezza,Il Pokémon è protetto\ncontro la paralisi.
13,5,8,Sabbiavelo,Elusione del Pokémon sale\nin una tempesta di sabbia.
13,5,9,Statico,Il contatto con il Pokémon\npuò causare paralisi.
13,5,10,Assorbivolt,Ridà PS se si subisce\nuna mossa di tipo Elettro.
13,5,11,Assorbacqua,Ridà PS se si subisce\nuna mossa di tipo Acqua.
13,5,12,Indifferenza,Impedisce al Pokémon di\ninfatuarsi.
13,5,13,Antimeteo,Neutralizza gli effetti\nmeteo.
13,5,14,Insettocchi,Aumenta la precisione\ndel Pokémon.
13,5,15,Insonnia,Impedisce al Pokémon\ndi addormentarsi.
13,5,16,Cambiacolore,Cambia il tipo del Pokémon\nin base all’attacco nemico.
13,5,17,Immunità,Impedisce al Pokémon di\nvenire avvelenato.
13,5,18,Fuocardore,Potenzia le mosse fuoco se\ncolpiti da mosse fuoco.
13,5,19,Polvoscudo,Blocca effetti aggiuntivi\ndegli attacchi subiti.
13,5,20,Mente Locale,Impedisce al Pokémon\ndi subire la confusione.
13,5,21,Ventose,Resiste alle mosse che\nobbligano la sostituzione.
13,5,22,Prepotenza,Riduce l’Attacco del\nnemico.
13,5,23,Pedinombra,Impedisce la fuga al\nnemico.
13,5,24,Cartavetro,Danneggia il nemico\nal contatto.
13,5,25,Magidifesa,Solo le mosse superefficaci\nhanno effetto.
13,5,26,Levitazione,Protegge totalmente dagli\nattacchi di tipo Terra.
13,5,27,Spargispora,"Al contatto può causare\nVLN, PAR o DRM."
13,5,28,Sincronismo,"Trasmette scottatura,\nveleno o paralisi al nemico."
13,5,29,Corpochiaro,Può evitare la riduzione\ndelle statistiche.
13,5,30,Alternacura,Cura i problemi di stato\ndel Pokémon se sostituito.
13,5,31,Parafulmine,Il Pokémon attira tutte\nle mosse di tipo Elettro.
13,5,32,Leggiadro,Effetti aggiuntivi più\nprobabili.
13,5,33,Nuotovelox,Dà al Pokémon più\nVelocità nella pioggia.
13,5,34,Clorofilla,Aumenta Velocità del\nPokémon se c’è il sole.
13,5,35,Risplendi,Più probabile incontrare\nPokémon selvatici.
13,5,36,Traccia,Copia l’abilità del nemico.
13,5,37,Macroforza,Migliora l’Attacco\ndel Pokémon.
13,5,38,Velenopunto,Il contatto col Pokémon\npuò avvelenare il nemico.
13,5,39,Fuocodentro,Impedisce al Pokémon\ndi tentennare.
13,5,40,Magmascudo,Impedisce al Pokémon di\nrimanere congelato.
13,5,41,Idrovelo,Impedisce al Pokémon di\nrimanere scottato.
13,5,42,Magnetismo,Impedisce la fuga ai\nPokémon di tipo Acciaio.
13,5,43,Antisuono,Protegge totalmente da\nmosse sonore.
13,5,44,Copripioggia,Il Pokémon recupera PS\nquando piove.
13,5,45,Sabbiafiume,Causa una tempesta di\nsabbia durante la lotta.
13,5,46,Pressione,Il nemico usa più PP.
13,5,47,Grassospesso,Protegge meglio da mosse\ndi tipo Fuoco e Ghiaccio.
13,5,48,Sveglialampo,Il Pokémon si risveglia\nrapidamente dal sonno.
13,5,49,Corpodifuoco,Il contatto con il Pokémon\npuò scottare il nemico.
13,5,50,Fugafacile,Garantisce la fuga dai\nPokémon selvatici.
13,5,51,Sguardofermo,Evita che cali la precisio-\nne del Pokémon.
13,5,52,Ipertaglio,Evita la riduzione\ndell’Attacco.
13,5,53,Raccolta,Il Pokémon può\ntrovare strumenti.
13,5,54,Pigrone,Il Pokémon può attaccare\nun turno sì e uno no.
13,5,55,Tuttafretta,"Aumenta l’Attacco, ma\nriduce la precisione."
13,5,56,Incantevole,"Al contatto, il nemico\npuò infatuarsi."
13,5,57,Più,Aumenta l’Att. Sp. se un\naltro Pokémon ha Meno.
13,5,58,Meno,Aumenta l’Att. Sp. se un\naltro Pokémon ha Più.
13,5,59,Previsioni,L’aspetto di CASTFORM\ncambia in base al tempo.
13,5,60,Antifurto,Protegge il Pokémon\ndal furto di strumenti.
13,5,61,Muta,Può guarire i problemi di\nstato del Pokémon.
13,5,62,Dentistretti,Aumenta l’Attacco in caso\ndi problemi di stato.
13,5,63,Pelledura,Aumenta la Difesa in caso\ndi problemi di stato.
13,5,64,Melma,Danni al nemico che usa\nmosse assorbi-energia.
13,5,65,Erbaiuto,In difficoltà potenzia\nle mosse di tipo Erba.
13,5,66,Aiutofuoco,In difficoltà potenzia\nle mosse di tipo Fuoco.
13,5,67,Acquaiuto,In difficoltà potenzia\nle mosse di tipo Acqua.
13,5,68,Aiutinsetto,In difficoltà potenzia le\nmosse di tipo Coleottero.
13,5,69,Testadura,Protegge il Pokémon dai\ncontraccolpi.
13,5,70,Siccità,Il Pokémon fa uscire\nil sole nella lotta.
13,5,71,Trappoarena,Impedisce la fuga al\nnemico.
13,5,72,Spiritovivo,Impedisce al Pokémon\ndi addormentarsi.
13,5,73,Fumochiaro,Impedisce la riduzione\ndelle statistiche.
13,5,74,Forzapura,Aumenta la potenza degli\nattacchi fisici.
13,5,75,Guscioscudo,Il Pokémon è protetto\ndai brutti colpi.
13,5,76,Riparo,Neutralizza gli effetti\nmeteo.
13,5,77,Intricopiedi,Aumenta l’elusione se\nil Pokémon è confuso.
13,5,78,Elettrorapid,Aumenta Velocità se colpi-\nto da mosse elettriche.
13,5,79,Antagonismo,Aumenta Attacco se il ne-\nmico è dello stesso sesso.
13,5,80,Cuordeciso,Aumenta la Velocità quando\nil Pokémon tentenna.
13,5,81,Mantelneve,Aumenta l’elusione\nquando grandina.
13,5,82,Voracità,Favorisce l’uso rapido\ndi una Bacca tenuta.
13,5,83,Grancollera,Massimizza l’Attacco\ndopo un brutto colpo.
13,5,84,Agiltecnica,Sale Veloc. se strum. te-\nnuto si perde o consuma.
13,5,85,Antifuoco,Indebolisce l’effetto del-\nle mosse di tipo Fuoco.
13,5,86,Disinvoltura,Le statistiche possono\ncambiare all’impazzata.
13,5,87,Pellearsa,Riduce PS se fa caldo.\nL’acqua ridà PS.
13,5,88,Download,Regola la potenza in base\nal nemico.
13,5,89,Ferropugno,Potenzia le mosse\ntirapugni.
13,5,90,Velencura,Ridà PS se il Pokémon\nè avvelenato.
13,5,91,Adattabilità,Potenzia le mosse del\ntipo del Pokémon.
13,5,92,Abillegame,Aumenta la frequenza di\nmosse multicolpo.
13,5,93,Idratazione,Cura i problemi di stato\nse piove.
13,5,94,Solarpotere,Aumenta l’Att. Sp. ma\nriduce i PS se c’è il sole.
13,5,95,Piedisvelti,Aumenta la Velocità se\nc’è un problema di stato.
13,5,96,Normalità,Tutte le mosse del Pokémon\ndiventano di tipo Normale.
13,5,97,Cecchino,Potenzia le mosse se\ndiventano brutti colpi.
13,5,98,Magicscudo,Il Pokémon subisce danni\nsolo da attacchi diretti.
13,5,99,Nullodifesa,Gli attacchi dei Pokémon in\nlotta vanno a buon fine.
13,5,100,Rallentatore,Anche i nemici più lenti\nattaccano per primi.
13,5,101,Tecnico,Potenzia le mosse più\ndeboli del Pokémon.
13,5,102,Fogliamanto,Evita problemi di stato\nquando c’è il sole.
13,5,103,Impaccio,Il Pokémon non può usare\nlo strumento che tiene.
13,5,104,Rompiforma,Le mosse si usano a\nprescindere dalle abilità.
13,5,105,Supersorte,Maggiore probabilità di\ninfliggere brutti colpi.
13,5,106,Scoppio,Arreca danno al nemico\nche sferra il colpo finale.
13,5,107,Presagio,Rivela se il nemico ha\nmosse pericolose.
13,5,108,Premonizione,Scopre la mossa più\npotente del nemico.
13,5,109,Imprudenza,Ignora i cambiamenti delle\nstatistiche del nemico.
13,5,110,Lentifumé,Potenzia le mosse\n“non molto efficaci”.
13,5,111,Filtro,Riduce la potenza delle\nmosse superefficaci.
13,5,112,Lentoinizio,Dimezza per un po’\nl’Attacco e la Velocità.
13,5,113,Nervisaldi,Le mosse colpiscono anche\ni nemici di tipo Spettro.
13,5,114,Acquascolo,Attira le mosse di tipo\nAcqua mirate a un Pokémon.
13,5,115,Corpogelo,Il Pokémon recupera PS\nquando grandina.
13,5,116,Solidroccia,Riduce la potenza delle\nmosse superefficaci.
13,5,117,Scendineve,Il Pokémon provoca una\ngrandinata in battaglia.
13,5,118,Mielincetta,Il Pokémon può raccoglie-\nre Miele.
13,5,119,Indagine,Il Pokémon può sapere che \nstrumento ha il nemico.
13,5,120,Temerarietà,Potenzia le mosse che\nprovocano contraccolpi. 
13,5,121,Multitipo,Cambia tipo a seconda\ndella Lastra che tiene.
13,5,122,Regalfiore,Potenzia i Pokémon della\nsquadra se c’è il sole.
13,5,123,Sogniamari,Riduce i PS di un nemico\naddormentato.
13,6,1,Hedor,El olor ayuda a mantener\nlejos Pokémon salvajes.
13,6,2,Llovizna,Hace que llueva si el\nPokémon entra en combate.
13,6,3,Impulso,Aumenta la Velocidad\ngradualmente.
13,6,4,Armad. Bat.,Bloquea golpes críticos.
13,6,5,Robustez,Protege de movimientos que\ndejan K.O. en un golpe.
13,6,6,Humedad,Evita la autodestrucción.
13,6,7,Flexibilidad,Evita la parálisis.
13,6,8,Velo Arena,Aumenta la evasión en\nlas tormentas de arena.
13,6,9,Elec. Estát.,Puede paralizar al\nmínimo contacto.
13,6,10,Absor. Elec.,Recupera PS al recibir \nataques de tipo Eléctrico.
13,6,11,Absor. Agua,Recupera PS al recibir \nataques de tipo Agua.
13,6,12,Despiste,Evita que el Pokémon\nse enamore.
13,6,13,Aclimatación,Anula los efectos del\ntiempo atmosférico.
13,6,14,Ojocompuesto,Aumenta la precisión.
13,6,15,Insomnio,Evita el quedarse dormido.
13,6,16,Cambio Color,Cambia el tipo al del\nmovimiento rival.
13,6,17,Inmunidad,Evita el envenenamiento.
13,6,18,Absor. Fuego,Potencia movs. tipo Fuego\ntras ataques tipo Fuego.
13,6,19,Polvo Escudo,Anula efectos secundarios\nde los ataques sufridos.
13,6,20,Ritmo Propio,Evita la confusión.
13,6,21,Ventosas,Anula movimientos que\nfuerzan el relevo.
13,6,22,Intimidación,Baja el Ataque del rival.
13,6,23,Sombratrampa,Evita que el enemigo huya.
13,6,24,Piel Tosca,Hiere al tacto.
13,6,25,Superguarda,Solo le dañan movimientos\nmuy eficaces.
13,6,26,Levitación,Es inmune frente a los\nataques de tipo Tierra.
13,6,27,Efec. Espora,"Puede dormir, envenenar\no paralizar al contacto."
13,6,28,Sincronía,"Pasa envenenamiento,\nparálisis y quemaduras."
13,6,29,Cuerpo Puro,Puede evitar que bajen\nlas características.
13,6,30,Cura Natural,Cura problemas de estado\nal cambiar de Pokémon.
13,6,31,Pararrayos,Frena los ataques\nde tipo Eléctrico.
13,6,32,Dicha,Aumenta la probabilidad\nde efectos secundarios.
13,6,33,Nado Rápido,Sube la Velocidad cuando\nhay lluvia.
13,6,34,Clorofila,Sube la Velocidad cuando\nhay sol.
13,6,35,Iluminación,Aumenta la probabilidad\nde encontrar Pokémon.
13,6,36,Rastro,El Pokémon copia la\nhabilidad del rival.
13,6,37,Potencia,Aumenta el Ataque.
13,6,38,Punto Tóxico,Puede envenenar al\nmínimo contacto.
13,6,39,Foco Interno,Evita el retroceso.
13,6,40,Escudo Magma,Evita la congelación.
13,6,41,Velo Agua,Evita las quemaduras.
13,6,42,Imán,Atrapa Pokémon de\ntipo Acero.
13,6,43,Insonorizar,Evita ataques de sonido.
13,6,44,Cura Lluvia,El Pokémon gana PS\ngradualmente si llueve.
13,6,45,Chorro Arena,Crea una tormenta de\narena durante el combate.
13,6,46,Presión,Hace que los PP del rival\nse acaben antes.
13,6,47,Sebo,Protege de los ataques\nde tipo Fuego y Hielo.
13,6,48,Madrugar,El Pokémon se despierta\nrápidamente.
13,6,49,Cuerpo Llama,Puede quemar al mínimo\ncontacto.
13,6,50,Fuga,Permite escapar fácilmente\nde los Pokémon salvajes.
13,6,51,Vista Lince,Evita que disminuya\nla precisión.
13,6,52,Corte Fuerte,Evita que disminuya\nel Ataque.
13,6,53,Recogida,El Pokémon puede\nencontrar objetos.
13,6,54,Ausente,El Pokémon no atacará\nen 2 turnos consecutivos.
13,6,55,Entusiasmo,"Aumenta el Ataque, pero\nreduce la precisión."
13,6,56,Gran Encanto,Tocar al Pokémon puede\ncausar enamoramiento.
13,6,57,Más,Potencia At. Esp. si otro\ntiene la habilidad Menos.
13,6,58,Menos,Potencia At. Esp. si otro\ntiene la habilidad Más.
13,6,59,Predicción,Cambia con el tiempo\natmosférico.
13,6,60,Viscosidad,Impide el robo de objetos.
13,6,61,Mudar,Cura los problemas de\nestado mudando la piel.
13,6,62,Agallas,Sube el Ataque si sufre\nun problema de estado.
13,6,63,Escama Esp.,Sube la Defensa si sufre\nun problema de estado.
13,6,64,Lodo Líquido,Hiere a los enemigos que\nabsorben PS.
13,6,65,Espesura,Potencia los ataques de\ntipo Planta en un apuro.
13,6,66,Mar Llamas,Potencia los ataques de\ntipo Fuego en un apuro.
13,6,67,Torrente,Potencia los ataques de\ntipo Agua en un apuro.
13,6,68,Enjambre,Potencia los ataques de\ntipo Bicho en un apuro.
13,6,69,Cabeza Roca,Impide que el Pokémon\nse dañe con sus movs.
13,6,70,Sequía,Hace que salga el sol si el\nPokémon entra en combate.
13,6,71,Trampa Arena,Evita que el rival huya.
13,6,72,Espír. Vital,Evita quedarse dormido.
13,6,73,Humo Blanco,Evita que se reduzcan\nlas características.
13,6,74,Energía Pura,Potencia los ataques\nfísicos.
13,6,75,Caparazón,Bloquea golpes críticos.
13,6,76,Bucle Aire,Anula los efectos del\ntiempo atmosférico.
13,6,77,Tumbos,Sube la evasión si el\nPokémon está confuso.
13,6,78,Electromotor,Sube la Velocidad si se\nsufre un ataque eléctrico.
13,6,79,Rivalidad,Sube el Ataque si el rival\nes del mismo sexo.
13,6,80,Impasible,Sube la Velocidad cada vez\nque el Pokémon retrocede.
13,6,81,Manto Níveo,Sube la evasión durante\nuna tormenta de granizo.\n
13,6,82,Gula,Fomenta el uso rápido de\nla baya que porta.
13,6,83,Irascible,Potencia el Ataque tras\nrecibir un golpe crítico.
13,6,84,Liviano,Sube la Veloc. al perder\nun objeto equipado.
13,6,85,Ignífugo,Debilita la fuerza de los\nmovimientos de tipo Fuego.
13,6,86,Simple,Cambia las características\nde forma más audaz.
13,6,87,Piel Seca,Pierde PS si hace calor.\nLos recupera con agua.
13,6,88,Descarga,Ajusta su fuerza según las\ncaracterísticas del rival.
13,6,89,Puño Férreo,Aumenta la fuerza de los\npuñetazos.
13,6,90,Antídoto,Recupera PS si el Pokémon\nha sido envenenado.
13,6,91,Adaptable,Potencia los movimientos\ndel mismo tipo.
13,6,92,Encadenado,Aumenta la frecuencia de\nlos movimientos múltiples.
13,6,93,Hidratación,Cura los problemas de\nestado si está lloviendo.
13,6,94,Poder Solar,"Si hace sol, reduce los PS\npero potencia el At. Esp."
13,6,95,Pies Rápidos,Potencia la Velocidad si\nhay problemas de estado.
13,6,96,Normalidad,Todos los movimientos se\nvuelven de tipo Normal.
13,6,97,Francotirad.,Potencia los movimientos\nque se vuelven críticos.
13,6,98,Muro Mágico,Solo los ataques directos\ndañan al Pokémon.
13,6,99,Indefenso,El ataque del Pokémon y\nel del rival acertarán.
13,6,100,Rezagado,El Pokémon se mueve\ntras el rival más lento.
13,6,101,Experto,Potencia los movimientos\nmás débiles del Pokémon.
13,6,102,Defensa Hoja,Evita los problemas de\nestado si hace sol.
13,6,103,Zoquete,El Pokémon no puede\nusar ningún objeto.
13,6,104,Rompemoldes,No importan las habilidades\npara usar movimientos.
13,6,105,Afortunado,Aumenta la probabilidad de\nasestar golpes críticos.
13,6,106,Resquicio,Daña al rival que le ha\ndado el golpe de gracia.
13,6,107,Anticipación,Prevé los movimientos\npeligrosos del adversario.
13,6,108,Alerta,Determina el movimiento\nmás potente del rival.
13,6,109,Ignorante,Ignora los cambios en las\ncaracterísticas del rival.
13,6,110,Cromolente,Potencia los movimientos\n“poco eficaces”.
13,6,111,Filtro,Mitiga los movimientos\nsupereficaces.
13,6,112,Inicio Lento,Reduce a la mitad Ataque y\nVelocidad por un tiempo.
13,6,113,Intrépido,Permite golpear a los\nrivales de tipo Fantasma.
13,6,114,Colector,Atrae ataques de tipo\nAgua lanzados a un PKMN.
13,6,115,Gélido,El Pokémon recupera PS en\nlas tormentas de granizo.
13,6,116,Roca Sólida,Mitiga los movimientos\nsupereficaces.
13,6,117,Nevada,El Pokémon invoca una\ntormenta de granizo.
13,6,118,Recogemiel,El Pokémon recoge miel\nde donde puede.
13,6,119,Cacheo,El Pokémon puede ver el\nobjeto que lleva el rival.
13,6,120,Audaz,Potencia los movimientos\nque dañan al usuario.
13,6,121,Multitipo,Cambia el tipo al de la\ntabla que lleva.
13,6,122,Don Floral,Potencia los Pokémon del\nequipo si está soleado.
13,6,123,Mal Sueño,Reduce los PS de un rival\nmientras duerme.
13,7,1,악취,야생 포켓몬이\n접근하기 어려워진다.
13,7,2,잔비,배틀에 나가면\n비를 내린다.
13,7,3,가속,조금씩\n스피드가 높아진다.
13,7,4,전투무장,상대의 공격이\n급소에 맞지 않는다.
13,7,5,옹골참,일격 필살기가\n통하지 않는다.
13,7,6,습기,누구도 자폭\n할 수 없게 된다.
13,7,7,유연,마비 상태가\n되지 않는다.
13,7,8,모래숨기,모래바람으로\n회피율이 올라간다.
13,7,9,정전기,접촉한 상대를\n마비시킬 때가 있다.
13,7,10,축전,전기를 받으면\n회복한다.
13,7,11,저수,물을 받으면\n회복한다.
13,7,12,둔감,헤롱헤롱 상태가\n되지 않는다.
13,7,13,날씨부정,날씨의 영향이\n없어진다.
13,7,14,복안,기술의 명중률이\n올라간다.
13,7,15,불면,잠듦 상태가\n되지 않는다.
13,7,16,변색,받은 기술의 타입으로\n변화한다.
13,7,17,면역,독 상태가\n되지 않는다.
13,7,18,타오르는불꽃,불꽃을 받으면\n불꽃 기술이 강해진다.
13,7,19,인분,기술의 추가 효과를\n받지 않는다.
13,7,20,마이페이스,혼란 상태가\n되지 않는다.
13,7,21,흡반,교체시킨 기술이\n효과를 발휘하지 못한다.
13,7,22,위협,상대의 공격을\n떨어뜨린다.
13,7,23,그림자밟기,상대의 그림자를 밟아\n도망칠 수 없게 한다.
13,7,24,까칠한피부,접촉한 상대에게\n상처를 입힌다.
13,7,25,불가사의부적,효과가 굉장한 기술밖에\n맞지 않는다.
13,7,26,부유,땅타입의 기술을\n받지 않는다.
13,7,27,포자,"스치면 독, 마비, 잠듦\n상태가 될 때가 있다."
13,7,28,싱크로,"독, 마비, 화상을\n상대에게 옮긴다."
13,7,29,클리어바디,상대가 능력을\n떨어뜨릴 수 없다.
13,7,30,자연회복,배틀에서 일단 물러나면\n상태 이상이 회복된다.
13,7,31,피뢰침,전기타입의 기술을\n모두 자신이 맞는다.
13,7,32,하늘의은총,기술의 추가 효과가\n나오기 쉽다.
13,7,33,쓱쓱,비가 올 때 스피드가\n올라간다.
13,7,34,엽록소,맑을 때 스피드가\n올라간다.
13,7,35,발광,야생 포켓몬과\n만나기 쉬워진다.
13,7,36,트레이스,상대와 같은\n특성이 된다.
13,7,37,천하장사,물리 공격의\n위력이 올라간다.
13,7,38,독가시,접촉한 상대를\n중독 시킬 때가 있다.
13,7,39,정신력,풀죽지 않는다.\n
13,7,40,마그마의무장,얼음 상태가\n되지 않는다.
13,7,41,수의베일,화상 상태가\n되지 않는다.
13,7,42,자력,강철타입의 포켓몬을\n도망칠 수 없게 한다.
13,7,43,방음,소리 기술을\n받지 않는다.
13,7,44,젖은접시,비가 올 때 조금씩\nHP를 회복한다.
13,7,45,모래날림,배틀에서 모래바람을\n일으킨다.
13,7,46,프레셔,상대가 사용하는 기술의\nPP를 많이 줄인다.
13,7,47,두꺼운지방,불꽃과 얼음타입의\n기술에 강하다.
13,7,48,일찍기상,잠듦 상태에서\n빨리 깨어난다.
13,7,49,불꽃몸,접촉한 상대에게\n화상을 입힐 때가 있다.
13,7,50,도주,야생 포켓몬으로부터\n반드시 도망칠 수 있다.
13,7,51,날카로운눈,상대가 명중률을\n떨어뜨리지 못한다.
13,7,52,괴력집게,상대가 공격을\n떨어뜨리지 못한다.
13,7,53,픽업,도구를 주워올\n때가 있다.
13,7,54,게으름,연속으로\n공격할 수 없다.
13,7,55,의욕,공격은 높지만\n빗나가기 쉽다.
13,7,56,헤롱헤롱바디,스치면 헤롱헤롱 상태가\n될 때가 있다.
13,7,57,플러스,마이너스가 있으면\n특수공격이 올라간다.
13,7,58,마이너스,플러스가 있으면\n특수공격이 올라간다.
13,7,59,기분파,날씨에 따라\n캐스퐁이 변화한다.
13,7,60,점착,도구를 빼앗기지 않는다.\n
13,7,61,탈피,상태 이상을\n회복할 때가 있다.
13,7,62,근성,상태 이상이 되면\n공격이 올라간다.
13,7,63,이상한비늘,상태 이상이 되면\n방어가 올라간다.
13,7,64,해감액,흡수한 상대의\nHP를 줄인다.
13,7,65,심록,위급할 때 풀타입의\n위력이 올라간다.
13,7,66,맹화,위급할 때 불꽃타입의\n위력이 올라간다.
13,7,67,급류,위급할 때 물타입의\n위력이 올라간다.
13,7,68,벌레의알림,위급할 때 벌레타입의\n위력이 올라간다.
13,7,69,돌머리,부딪쳐도\n반동을 받지 않는다.
13,7,70,가뭄,배틀에 나가면\n쾌청이 된다.
13,7,71,개미지옥,배틀에서 상대를\n도망칠 수 없게 한다.
13,7,72,의기양양,잠듦 상태가\n되지 않는다.
13,7,73,하얀연기,상대가 능력을\n떨어뜨릴 수 없다.
13,7,74,순수한힘,물리 공격의\n위력이 올라간다.
13,7,75,조가비갑옷,상대의 공격이\n급소에 맞지 않는다.
13,7,76,에어록,날씨의 영향이\n없어진다.
13,7,77,갈지자걸음,혼란에 빠져있으면\n회피하기 쉬워진다.
13,7,78,전기엔진,전기를 받으면\n스피드가 올라간다.
13,7,79,투쟁심,성별이 같으면\n공격이 올라간다.
13,7,80,불굴의마음,풀죽을 때마다\n스피드가 올라간다.
13,7,81,눈숨기,날씨가 싸라기눈일 때\n회피율이 올라간다.
13,7,82,먹보,나무열매를 여느 때보다\n빨리 사용한다.
13,7,83,분노의경혈,급소에 맞으면\n공격이 올라간다.
13,7,84,곡예,도구가 없어지면\n스피드가 올라간다.
13,7,85,내열,불꽃 기술의\n위력을 약하게 한다.
13,7,86,단순,능력 변화가\n여느 때보다 심하다.
13,7,87,건조피부,더우면 HP가 줄어든다.\n물로 HP를 회복한다.
13,7,88,다운로드,상대의 능력을\n보고 능력치를 바꾼다.
13,7,89,철주먹,펀치를 사용하는 기술의\n위력이 올라간다.
13,7,90,포이즌힐,독 상태가 되면\nHP를 회복한다.
13,7,91,적응력,타입이 같은 기술의\n위력이 올라간다.
13,7,92,스킬링크,연속 기술을\n많이 쓸 수 있다.
13,7,93,촉촉바디,비가 오면\n상태 이상이 회복된다.
13,7,94,선파워,맑으면 HP가 줄지만\n특수공격이 올라간다.
13,7,95,속보,상태 이상이 되면\n스피드가 올라간다.
13,7,96,노말스킨,쓴 기술이 모두\n노말타입이 된다.
13,7,97,스나이퍼,급소에 맞혔을 때\n위력이 올라간다.
13,7,98,매직가드,공격 이외에는\n데미지를 입지 않는다.
13,7,99,노가드,서로의 기술이\n반드시 맞는다.
13,7,100,시간벌기,상대보다 재빨라도\n행동이 느려진다.
13,7,101,테크니션,약한 기술의\n위력이 올라간다.
13,7,102,리프가드,맑을 때는\n상태 이상이 되지 않는다.
13,7,103,서투름,지니고 있는 도구를\n쓸 수 없다.
13,7,104,틀깨기,특성에 관계없이 상대에게\n기술을 쓸 수 있다.
13,7,105,대운,상대의 급소에\n공격이 맞기 쉽다.
13,7,106,유폭,기절할 때 스친\n상대에게 데미지를 준다.
13,7,107,위험예지,상대가 지닌 위험한\n기술을 감지한다.
13,7,108,예지몽,상대가 지닌 기술을\n꿰뚫어볼 수 있다.
13,7,109,천진,상대의 능력\n변화를 무시한다.
13,7,110,색안경,효과가 별로인 기술이\n강해진다.
13,7,111,필터,효과가 굉장한 기술의\n위력을 약하게 한다.
13,7,112,슬로스타트,공격과 스피드가\n잠시 동안 절반이 된다.
13,7,113,배짱,고스트타입에\n기술이 맞게 된다.
13,7,114,마중물,물타입의 기술을\n모두 자신이 맞는다.
13,7,115,아이스바디,날씨가 싸라기눈일 때\nHP를 회복한다.
13,7,116,하드록,효과가 굉장한 기술의\n위력을 약하게 한다.
13,7,117,눈퍼뜨리기,배틀에 나가면\n싸라기눈을 내리게 한다.
13,7,118,꿀모으기,달콤한꿀을 모아서\n올 때가 있다.
13,7,119,통찰,상대가 지닌 물건을\n알 수 있다.
13,7,120,이판사판,반동 데미지를\n받는 기술이 강해진다.
13,7,121,멀티타입,지니고 있는 플레이트에\n따라 타입이 바뀐다.
13,7,122,플라워기프트,맑을 때 자신과\n같은 편이 강해진다.
13,7,123,나이트메어,잠들어 있는 상대의\nHP를 줄인다.
14,1,1,あくしゅう,やせいの　ポケモンが\nよりつき　にくくなる。
14,1,2,あめふらし,せんとうに　でると\nあめを　ふらす。
14,1,3,かそく,ちょっとずつ\nすばやく　なっていく。
14,1,4,カブトアーマー,あいての　こうげきが\nきゅうしょに　あたらない。
14,1,5,がんじょう,いちげきひっさつが\nきかない。
14,1,6,しめりけ,だれも　じばくが\nできなくなる。
14,1,7,じゅうなん,まひ　じょうたいに\nならない。
14,1,8,すながくれ,すなあらしで\nかいひりつが　あがる。
14,1,9,せいでんき,さわった　あいてを\nまひさせる　ことがある。
14,1,10,ちくでん,でんきを　うけると\nかいふくする。
14,1,11,ちょすい,みずを　うけると\nかいふくする。
14,1,12,どんかん,メロメロ　じょうたいに\nならない。
14,1,13,ノーてんき,てんきの　えいきょうが\nなくなる。
14,1,14,ふくがん,わざの　めいちゅうりつが\nあがる。
14,1,15,ふみん,ねむり　じょうたいに\nならない。
14,1,16,へんしょく,うけた　わざの　タイプに\nへんかする。
14,1,17,めんえき,どく　じょうたいに\nならない。
14,1,18,もらいび,ほのおを　うけると\nほのおわざが　つよくなる。
14,1,19,りんぷん,わざの　ついかこうかを\nうけない。
14,1,20,マイペース,こんらん　じょうたいに\nならない。
14,1,21,きゅうばん,いれかえさせる　わざが\nきかない。
14,1,22,いかく,あいての　こうげきを\nさげる。
14,1,23,かげふみ,あいての　かげをふみ\nにげられなくする。
14,1,24,さめはだ,ふれた　あいてを\nキズつける。
14,1,25,ふしぎなまもり,こうかばつぐん　しか\nあたらない。
14,1,26,ふゆう,じめんタイプの　わざを\nうけない。
14,1,27,ほうし,ふれると　どく　まひ\nねむりに　することがある。
14,1,28,シンクロ,どく　まひ　やけどを\nあいてに　うつす。
14,1,29,クリアボディ,あいてに　のうりょくを\nさげられない。
14,1,30,しぜんかいふく,じょうたい　いじょうが\nひっこむと　なおる。
14,1,31,ひらいしん,でんきタイプの　わざを\nすべて　うける。
14,1,32,てんのめぐみ,わざの　ついかこうかが\nでやすい。
14,1,33,すいすい,あめのとき　すばやさが\nあがる。
14,1,34,ようりょくそ,はれのとき　すばやさが\nあがる。
14,1,35,はっこう,やせいの　ポケモンに\nそうぐう　しやすくなる。
14,1,36,トレース,あいてと　おなじ\nとくせいに　なる。
14,1,37,ちからもち,ぶつり　こうげきの\nいりょくが　あがる。
14,1,38,どくのトゲ,ふれた　あいてに　どくを\nおわせる　ことがある。
14,1,39,せいしんりょく,ひるまない。\n
14,1,40,マグマのよろい,こおり　じょうたいに\nならない。
14,1,41,みずのベール,やけど　じょうたいに\nならない。
14,1,42,じりょく,はがねタイプの　ポケモンを\nにげられなくする。
14,1,43,ぼうおん,おとの　わざを\nうけない。
14,1,44,あめうけざら,あめのとき　すこしずつ\nＨＰを　かいふくする。
14,1,45,すなおこし,せんとうで　すなあらしを\nおこす。
14,1,46,プレッシャー,あいての　つかう　わざの\nＰＰを　おおく　へらす。
14,1,47,あついしぼう,ほのおと　こおりタイプの\nわざに　つよい。
14,1,48,はやおき,おきるのが　はやくなる。\n
14,1,49,ほのおのからだ,ふれた　あいてを　やけど\nさせることがある。
14,1,50,にげあし,やせいの　ポケモンから\nかならず　にげられる。
14,1,51,するどいめ,あいてに　めいちゅうりつを\nさげられない。
14,1,52,かいりきバサミ,あいてに　こうげきを\nさげられない。
14,1,53,ものひろい,どうぐを　ひろってくる\nことが　ある。
14,1,54,なまけ,こうげきが　れんぞくで\nだせない。
14,1,55,はりきり,こうげきは　たかいが\nはずれやすい。
14,1,56,メロメロボディ,ふれると　メロメロに\nすることがある。
14,1,57,プラス,マイナスが　いると\nとくこうが　あがる。
14,1,58,マイナス,プラスが　いると\nとくこうが　あがる。
14,1,59,てんきや,てんきで　ポワルンが\nへんかする。
14,1,60,ねんちゃく,どうぐを　とられない。\n
14,1,61,だっぴ,じょうたい　いじょうを\nなおす　ことがある。
14,1,62,こんじょう,じょうたい　いじょうで\nこうげきが　あがる。
14,1,63,ふしぎなうろこ,じょうたい　いじょうで\nぼうぎょが　あがる。
14,1,64,ヘドロえき,すいとった　あいての\nＨＰを　へらす
14,1,65,しんりょく,ピンチのとき　くさの\nいりょくが　あがる。
14,1,66,もうか,ピンチのとき　ほのおの\nいりょくが　あがる。
14,1,67,げきりゅう,ピンチのとき　みずの\nいりょくが　あがる。
14,1,68,むしのしらせ,ピンチのとき　むしの\nいりょくが　あがる。
14,1,69,いしあたま,ぶつかっても\nはんどうを　うけない。
14,1,70,ひでり,せんとうに　でると\nにほんばれに　なる。
14,1,71,ありじごく,せんとうで　あいてを\nにげられなくする。
14,1,72,やるき,ねむり　じょうたいに\nならない。
14,1,73,しろいけむり,あいてに　のうりょくを\nさげられない。
14,1,74,ヨガパワー,ぶつり　こうげきの\nいりょくが　あがる。
14,1,75,シェルアーマー,あいての　こうげきが\nきゅうしょに　あたらない。
14,1,76,エアロック,てんきの　えいきょうが\nなくなる。
14,1,77,ちどりあし,こんらん　していると\nかいひ　しやすくなる。
14,1,78,でんきエンジン,でんきを　うけると\nすばやさが　あがる。
14,1,79,とうそうしん,せいべつが　おなじだと\nこうげきが　あがる。
14,1,80,ふくつのこころ,ひるむ　たびに\nすばやさが　あがる。
14,1,81,ゆきがくれ,てんきが　あられのとき\x0001\nかいひりつが　あがる。
14,1,82,くいしんぼう,きのみを　いつもより\nはやく　つかう。
14,1,83,いかりのつぼ,きゅうしょに　うけると\nこうげきが　あがる。
14,1,84,かるわざ,どうぐが　なくなると\nすばやさが　あがる。
14,1,85,たいねつ,ほのお　わざの\nいりょくを　よわめる。
14,1,86,たんじゅん,のうりょく　へんかが\nいつもより　はげしい。
14,1,87,かんそうはだ,あついと　ＨＰが　へる。\nみずで　ＨＰを　かいふく。
14,1,88,ダウンロード,あいての　のうりょくを\nみて　つよさを　かえる。
14,1,89,てつのこぶし,パンチを　つかう　わざの\nいりょくが　あがる。
14,1,90,ポイズンヒール,どくじょうたいに　なると\nＨＰを　かいふくする。
14,1,91,てきおうりょく,タイプが　おなじ　わざの\nいりょくが　あがる。
14,1,92,スキルリンク,れんぞく　わざを\nたくさん　だせる。
14,1,93,うるおいボディ,じょうたい　いじょうが\nあめの　とき　なおる。
14,1,94,サンパワー,はれると　ＨＰが　へるが\nとくこうが　あがる。
14,1,95,はやあし,じょうたい　いじょうで\nすばやさが　あがる。
14,1,96,ノーマルスキン,だしたわざが　すべて\nノーマルタイプに　なる。
14,1,97,スナイパー,きゅうしょに　あてたとき\nいりょくが　あがる。
14,1,98,マジックガード,こうげき　いがいでは\nダメージを　うけない。
14,1,99,ノーガード,おたがいの　わざが\nかならず　あたる。
14,1,100,あとだし,あいてより　すばやくても\nこうどうが　おそくなる。
14,1,101,テクニシャン,よわい　わざの\nいりょくが　あがる。
14,1,102,リーフガード,じょうたい　いじょうに\nはれのとき　ならない。
14,1,103,ぶきよう,もっている　どうぐを\nつかうことが　できない。
14,1,104,かたやぶり,とくせいに　かんけいなく\nあいてに　わざを　だせる。
14,1,105,きょううん,あいての　きゅうしょに\nこうげきが　あたりやすい。
14,1,106,ゆうばく,ひんしの　ときに　ふれた\nあいてに　ダメージ。
14,1,107,きけんよち,あいての　もつ　きけんな\nわざを　さっちする。
14,1,108,よちむ,あいての　もつ　わざを\nよみとることが　できる。
14,1,109,てんねん,あいての　のうりょくの\nへんかを　むしする。
14,1,110,いろめがね,こうかいまひとつ　のとき\nわざを　つよめる。
14,1,111,フィルター,こうかばつぐん　のとき\nいりょくを　よわめる。
14,1,112,スロースタート,こうげきと　すばやさが\nしばらく　はんぶんになる。
14,1,113,きもったま,ゴーストタイプに　わざが\nあたるようになる。
14,1,114,よびみず,みずタイプの　わざを\nすべて　うける。
14,1,115,アイスボディ,てんきが　あられのとき\nＨＰを　かいふくする。
14,1,116,ハードロック,こうかばつぐん　のとき\nいりょくを　よわめる。
14,1,117,ゆきふらし,せんとうに　でると\nあられを　ふらす。
14,1,118,みつあつめ,あまいミツを　あつめて\nくることが　ある。
14,1,119,おみとおし,あいての　もちものを\nしることが　できる。
14,1,120,すてみ,はんどうで　ダメージを\nうけるわざが　つよくなる。
14,1,121,マルチタイプ,もっている　プレートで\nタイプが　かわる。
14,1,122,フラワーギフト,はれのとき　じぶんと\nみかたが　つよくなる。
14,1,123,ナイトメア,ねむっている　あいての\nＨＰを　へらす。
14,2,1,Stench,The stench helps keep\nwild Pokémon away.
14,2,2,Drizzle,The Pokémon makes it rain\nif it appears in battle.
14,2,3,Speed Boost,Its Speed stat is\ngradually boosted.
14,2,4,Battle Armor,The Pokémon is protected\nagainst critical hits.
14,2,5,Sturdy,It is protected against\n1-hit KO attacks.
14,2,6,Damp,Prevents combatants\nfrom self-destructing.
14,2,7,Limber,The Pokémon is protected\nfrom paralysis.
14,2,8,Sand Veil,Boosts the Pokémon’s\nevasion in a sandstorm.
14,2,9,Static,Contact with the Pokémon\nmay cause paralysis.
14,2,10,Volt Absorb,Restores HP if hit by an\nElectric-type move.
14,2,11,Water Absorb,Restores HP if hit by a\nWater-type move.
14,2,12,Oblivious,Prevents it from\nbecoming infatuated.
14,2,13,Cloud Nine,Eliminates the effects of\nweather.
14,2,14,Compoundeyes,The Pokémon’s accuracy\nis boosted.
14,2,15,Insomnia,Prevents the Pokémon\nfrom falling asleep.
14,2,16,Color Change,Changes the Pokémon’s\ntype to the foe’s move.
14,2,17,Immunity,Prevents the Pokémon\nfrom getting poisoned.
14,2,18,Flash Fire,It powers up Fire-type\nmoves if it’s hit by one.
14,2,19,Shield Dust,Blocks the added effects\nof attacks taken.
14,2,20,Own Tempo,Prevents the Pokémon\nfrom becoming confused.
14,2,21,Suction Cups,Negates foes’ moves that\nforce switching out.
14,2,22,Intimidate,Lowers the foe’s\nAttack stat.
14,2,23,Shadow Tag,Prevents the foe from\nescaping.
14,2,24,Rough Skin,Inflicts damage to the\nfoe on contact.
14,2,25,Wonder Guard,Only supereffective\nmoves will hit.
14,2,26,Levitate,Gives full immunity to all\nGround-type moves.
14,2,27,Effect Spore,"Contact may paralyze,\npoison, or cause sleep."
14,2,28,Synchronize,"Passes a burn, poison,\nor paralysis to the foe."
14,2,29,Clear Body,Prevents its stats from\nbeing lowered.
14,2,30,Natural Cure,All status problems heal\nwhen it switches out.
14,2,31,Lightningrod,The Pokémon draws in all\nElectric-type moves.
14,2,32,Serene Grace,Boosts the likelihood of\nadded effects appearing.
14,2,33,Swift Swim,Boosts the Pokémon’s\nSpeed in rain.
14,2,34,Chlorophyll,Boosts the Pokémon’s\nSpeed in sunshine.
14,2,35,Illuminate,Raises the likelihood of\nmeeting wild Pokémon.
14,2,36,Trace,The Pokémon copies the\nfoe’s ability.
14,2,37,Huge Power,Raises the Pokémon’s\nAttack stat.
14,2,38,Poison Point,Contact with the Pokémon\nmay poison the foe.
14,2,39,Inner Focus,The Pokémon is protected\nfrom flinching.
14,2,40,Magma Armor,Prevents the Pokémon\nfrom becoming frozen.
14,2,41,Water Veil,Prevents the Pokémon\nfrom getting a burn.
14,2,42,Magnet Pull,Prevents Steel-type\nPokémon from escaping.
14,2,43,Soundproof,Gives full immunity to all\nsound-based moves.
14,2,44,Rain Dish,The Pokémon gradually\nrecovers HP in rain.
14,2,45,Sand Stream,The Pokémon summons a\nsandstorm in battle.
14,2,46,Pressure,The Pokémon raises the\nfoe’s PP usage.
14,2,47,Thick Fat,Ups resistance to Fire-\nand Ice-type moves.
14,2,48,Early Bird,The Pokémon awakens\nquickly from sleep.
14,2,49,Flame Body,Contact with the Pokémon\nmay burn the foe.
14,2,50,Run Away,Enables sure getaway\nfrom wild Pokémon.
14,2,51,Keen Eye,Prevents the Pokémon\nfrom losing accuracy.
14,2,52,Hyper Cutter,Prevents the Attack\nstat from being lowered.
14,2,53,Pickup,The Pokémon may\npick up items.
14,2,54,Truant,Pokémon can’t attack\non consecutive turns.
14,2,55,Hustle,"Boosts the Attack stat,\nbut lowers accuracy."
14,2,56,Cute Charm,Contact with the Pokémon\nmay cause infatuation.
14,2,57,Plus,Ups Sp. Atk if another\nPokémon has Minus.
14,2,58,Minus,Ups Sp. Atk if another\nPokémon has Plus.
14,2,59,Forecast,CASTFORM transforms with\nthe weather.
14,2,60,Sticky Hold,Protects the Pokémon\nfrom item theft.
14,2,61,Shed Skin,The Pokémon may heal its\nown status problems.
14,2,62,Guts,Boosts Attack if there is\na status problem.
14,2,63,Marvel Scale,Ups Defense if there is\na status problem.
14,2,64,Liquid Ooze,Inflicts damage on foes\nusing any draining move.
14,2,65,Overgrow,Powers up Grass-type\nmoves in a pinch.
14,2,66,Blaze,Powers up Fire-type\nmoves in a pinch.
14,2,67,Torrent,Powers up Water-type\nmoves in a pinch.
14,2,68,Swarm,Powers up Bug-type\nmoves in a pinch.
14,2,69,Rock Head,Protects the Pokémon\nfrom recoil damage.
14,2,70,Drought,The Pokémon makes it\nsunny if it is in battle.
14,2,71,Arena Trap,Prevents the foe from\nfleeing.
14,2,72,Vital Spirit,Prevents the Pokémon\nfrom falling asleep.
14,2,73,White Smoke,Prevents its stats from\nbeing lowered.
14,2,74,Pure Power,Boosts the power of\nphysical attacks.
14,2,75,Shell Armor,The Pokémon is protected\nagainst critical hits.
14,2,76,Air Lock,Eliminates the effects of\nweather.
14,2,77,Tangled Feet,Raises evasion if the\nPokémon is confused.
14,2,78,Motor Drive,Raises Speed if hit by an\nElectric-type move.
14,2,79,Rivalry,Raises Attack if the foe\nis of the same gender.
14,2,80,Steadfast,Raises Speed each time\nthe Pokémon flinches.
14,2,81,Snow Cloak,Raises evasion in a\nhailstorm.
14,2,82,Gluttony,Encourages the early use\nof a held Berry.
14,2,83,Anger Point,Raises Attack upon\ntaking a critical hit.
14,2,84,Unburden,Raises Speed if a held\nitem is used.
14,2,85,Heatproof,Weakens the power of\nFire-type moves.
14,2,86,Simple,The Pokémon is prone to\nwild stat changes.
14,2,87,Dry Skin,Reduces HP if it is hot.\nWater restores HP.
14,2,88,Download,Adjusts power according\nto the foe’s ability.
14,2,89,Iron Fist,Boosts the power of\npunching moves.
14,2,90,Poison Heal,Restores HP if the\nPokémon is poisoned.
14,2,91,Adaptability,Powers up moves of the\nsame type.
14,2,92,Skill Link,Increases the frequency\nof multi-strike moves.
14,2,93,Hydration,Heals status problems if\nit is raining.
14,2,94,Solar Power,"Boosts Sp. Atk, but\nlowers HP in sunshine."
14,2,95,Quick Feet,Boosts Speed if there is\na status problem.
14,2,96,Normalize,All the Pokémon’s moves\nbecome the Normal type.
14,2,97,Sniper,Powers up moves if they\nbecome critical hits.
14,2,98,Magic Guard,The Pokémon only takes\ndamage from attacks.
14,2,99,No Guard,Ensures both Pokémon’s\nand foe’s attacks land.
14,2,100,Stall,The Pokémon moves after\neven slower foes.
14,2,101,Technician,Powers up the Pokémon’s\nweaker moves.
14,2,102,Leaf Guard,Prevents problems with\nstatus in sunny weather.
14,2,103,Klutz,The Pokémon can’t use\nany held items.
14,2,104,Mold Breaker,Moves can be used\nregardless of abilities.
14,2,105,Super Luck,Heightens the critical-\nhit ratios of moves.
14,2,106,Aftermath,Damages the foe landing\nthe finishing hit.
14,2,107,Anticipation,Senses the foe’s\ndangerous moves.
14,2,108,Forewarn,Determines what moves\nthe foe has.
14,2,109,Unaware,Ignores any change in\nability by the foe.
14,2,110,Tinted Lens,Powers up “not very\neffective” moves.
14,2,111,Filter,Reduces damage from\nsupereffective attacks.
14,2,112,Slow Start,Temporarily halves\nAttack and Speed.
14,2,113,Scrappy,Enables moves to hit\nGhost-type foes.
14,2,114,Storm Drain,The Pokémon draws in all\nWater-type moves.
14,2,115,Ice Body,The Pokémon regains HP in\na hailstorm.
14,2,116,Solid Rock,Reduces damage from\nsupereffective attacks
14,2,117,Snow Warning,The Pokémon summons a\nhailstorm in battle.
14,2,118,Honey Gather,The Pokémon may gather\nHoney from somewhere.
14,2,119,Frisk,The Pokémon can check\nthe foe’s held item.
14,2,120,Reckless,Powers up moves that\nhave recoil damage.
14,2,121,Multitype,Changes type to match\nthe held Plate.
14,2,122,Flower Gift,Powers up party Pokémon\nwhen it is sunny.
14,2,123,Bad Dreams,Reduces a sleeping\nfoe’s HP.
14,3,1,Puanteur,La puanteur peut repous-\nser les Pokémon sauvages.
14,3,2,Crachin,Le Pokémon invoque la pluie\nquand il entre au combat.
14,3,3,Turbo,La Vitesse du Pokémon\naugmente progressivement.
14,3,4,Armurbaston,Le Pokémon est protégé\ndes coups critiques.
14,3,5,Fermeté,Protège des capacités\nmettant K.O. en un coup.
14,3,6,Moiteur,Empêche les combattants\nde s’autodétruire.
14,3,7,Echauffement,Protège le Pokémon de\nla paralysie.
14,3,8,Voile Sable,Augmente l’esquive lors\ndes tempêtes de sable.
14,3,9,Statik,Un contact avec le\nPokémon peut paralyser.
14,3,10,Absorb Volt,Récupère des PV si touché\npar une capacité Electrik.
14,3,11,Absorb Eau,Récupère des PV si touché\npar une capacité Eau.
14,3,12,Benêt,Empêche le Pokémon de\ntomber amoureux.
14,3,13,Ciel Gris,Annule les effets du\nclimat.
14,3,14,Oeil Composé,Augmente la précision du\nPokémon.
14,3,15,Insomnia,Empêche le Pokémon de\ns’endormir.
14,3,16,Déguisement,Le Pokémon adopte le type\nde la capacité ennemie.
14,3,17,Vaccin,Empêche le Pokémon d’être\nempoisonné.
14,3,18,Torche,Booste capacités Feu si\ntouché par attaques Feu.
14,3,19,Ecran Poudre,Annule les effets cumulés\nd’une attaque ennemie.
14,3,20,Tempo Perso,Empêche la confusion.
14,3,21,Ventouse,Annule les cap. forçant\nà changer de Pokémon.
14,3,22,Intimidation,Baisse l’Attaque ennemie.
14,3,23,Marque Ombre,Empêche le Pokémon ennemi\nde quitter le combat.
14,3,24,Peau Dure,Le Pokémon blesse\nl’ennemi qui le touche.
14,3,25,Garde Mystik,Seules capacités “super\nefficaces” l’atteignent.
14,3,26,Lévitation,Immunise contre toutes\nles capacités de type Sol.
14,3,27,Pose Spore,"Peut paralyser, empoison-\nner, endormir au contact."
14,3,28,Synchro,"Transmet brûlure, poison\nou paralysie à l’ennemi."
14,3,29,Corps Sain,Peut empêcher les stats\ndu Pokémon de baisser.
14,3,30,Médic Nature,Quitter le combat soigne\nles problèmes de statut.
14,3,31,Paratonnerre,Le Pokémon attire les\ncapacités Electrik.
14,3,32,Sérénité,Augmente la fréquence\ndu cumul d’effets.
14,3,33,Glissade,Augmente la Vitesse du\nPokémon s’il pleut.
14,3,34,Chlorophyle,Augmente la Vitesse du\nPokémon s’il y a du soleil.
14,3,35,Lumiatirance,Augmente les rencontres\navec Pokémon sauvages.
14,3,36,Calque,Imite la capacité spéciale\nde l’ennemi.
14,3,37,Coloforce,Augmente l’Attaque du\nPokémon.
14,3,38,Point Poison,Peut empoisonner l’ennemi\ns’il y a contact.
14,3,39,Attention,Empêche le Pokémon\nd’avoir peur.
14,3,40,Armumagma,Protège le Pokémon\ncontre le gel.
14,3,41,Ignifu-Voile,Protège le Pokémon\ndes brûlures.
14,3,42,Magnépiège,Empêche les Pokémon Acier\nde fuir.
14,3,43,Anti-Bruit,Protège de toutes les\ncapacités sonores.
14,3,44,Cuvette,Récupère progressivement\ndes PV par temps de pluie.
14,3,45,Sable Volant,Le Pokémon invoque une\ntempête de sable.
14,3,46,Pression,Force l’ennemi à\ndépenser plus de PP.
14,3,47,Isograisse,Augmente la résistance\naux cap. Feu et Glace.
14,3,48,Matinal,Le Pokémon se réveille\nplus rapidement.
14,3,49,Corps Ardent,Peut brûler l’ennemi s’il y\na contact.
14,3,50,Fuite,Permet de fuir n’importe\nquel Pokémon sauvage.
14,3,51,Regard Vif,Empêche le Pokémon de\nperdre en précision.
14,3,52,Hyper Cutter,Empêche la réduction de\nl’Attaque.
14,3,53,Ramassage,Permet parfois au Pokémon\nde ramasser des objets.
14,3,54,Absentéisme,Le Pokémon ne frappe\nqu’un tour sur deux.
14,3,55,Agitation,Améliore l’Attaque mais\ndiminue la précision.
14,3,56,Joli Sourire,Séduit parfois l’ennemi\nau contact.
14,3,57,Plus,Améliore l’Atq. Spé. si un\nautre Pokémon a Minus.
14,3,58,Minus,Améliore l’Atq. Spé. si un\nautre Pokémon a Plus.
14,3,59,Météo,MORPHEO change de forme\nselon le climat.
14,3,60,Glue,Protège le Pokémon\ncontre le vol d’objets.
14,3,61,Mue,Le Pokémon soigne parfois\nses problèmes de statut.
14,3,62,Cran,Augmente l’Attaque s’il y\na un problème de statut.
14,3,63,Ecaille Spé.,Augmente la Défense s’il y\na un problème de statut.
14,3,64,Suintement,Blesse l’ennemi qui draine\nl’énergie du Pokémon.
14,3,65,Engrais,Booste les capacités\nPlante en cas de besoin.
14,3,66,Brasier,Booste les capacités\nFeu en cas de besoin.
14,3,67,Torrent,Booste les capacités\nEau en cas de besoin.
14,3,68,Essaim,Booste les capacités\nInsecte en cas de besoin.
14,3,69,Tête de Roc,Protège le Pokémon des\ndégâts de contrecoups.
14,3,70,Sécheresse,Invoque le soleil quand il\nest au combat.
14,3,71,Piège,Empêche l’ennemi de\ns’enfuir.
14,3,72,Esprit Vital,Empêche le Pokémon\nde s’endormir.
14,3,73,Ecran Fumée,Empêche la réduction des\nstats du Pokémon.
14,3,74,Force Pure,Augmente la puissance des\nattaques physiques.
14,3,75,Coque Armure,Protège le Pokémon contre\nles coups critiques.
14,3,76,Air Lock,Annule les effets du\nclimat.
14,3,77,Pieds Confus,Augmente l’esquive si le\nPokémon est confus.
14,3,78,Motorisé,Augmente la Vit. si touché\npar une cap. Electrik.
14,3,79,Rivalité,Augmente l’Attaque si\nl’ennemi est du même sexe.
14,3,80,Impassible,Augmente la Vitesse quand\nle Pokémon a peur.
14,3,81,Rideau Neige,Augmente l’esquive durant\nles tempêtes de grêle.
14,3,82,Gloutonnerie,Encourage l’utilisation\nd’une Baie tenue.
14,3,83,Colérique,Monte l’Attaque au max.\naprès un coup critique.
14,3,84,Délestage,Augmente la Vit. si l’objet\ntenu est utilisé ou perdu.
14,3,85,Ignifuge,Réduit la puissance des\ncapacités de type Feu.
14,3,86,Simple,Le Pokémon est sujet à\ndes variations de stats.
14,3,87,Peau Sèche,Perd des PV à la chaleur.\nL’eau les restaure.
14,3,88,Télécharge,Ajuste la puissance selon\nl’ennemi.
14,3,89,Poing de Fer,Augmente la puissance des\ncapacités coups de poing.
14,3,90,Soin Poison,Restaure des PV si le\nPokémon est empoisonné.
14,3,91,Adaptabilité,Augmente la puissance des\ncapacités de même type.
14,3,92,Multi-Coups,Augmente la fréquence des\nattaques multiples.
14,3,93,Hydratation,Soigne les problèmes de\nstatut s’il pleut.
14,3,94,Force Soleil,Augmente l’Atq. Spé. mais\nbaisse les PV au soleil.
14,3,95,Pied Véloce,Augmente la Vitesse s’il y\na un problème de statut.
14,3,96,Normalise,Toutes les capacités sont\nde type Normal.
14,3,97,Sniper,Booste les capacités qui\nsont des coups critiques.
14,3,98,Garde Magik,Seule une attaque directe\npeut blesser le Pokémon.
14,3,99,Annule Garde,Attaques du Pokémon et\nde l’ennemi réussissent.
14,3,100,Frein,"Attaque toujours après \nl’ennemi, même plus lent."
14,3,101,Technicien,Augmente la puissance des\ncapacités les plus faibles.
14,3,102,Feuil. Garde,Empêche les problèmes\nde statut au soleil.
14,3,103,Maladresse,Le Pokémon ne peut\nutiliser aucun objet tenu.
14,3,104,Brise Moule,Cap. utilisables quelles\nque soient les cap. spé.
14,3,105,Chanceux,Augmente la fréquence\ndes coups critiques.
14,3,106,Boom Final,Blesse l’ennemi qui \nporte le coup de grâce.
14,3,107,Anticipation,Prévoit les capacités\nennemies dangereuses.
14,3,108,Prédiction,Découvre la capacité\nennemie la plus puissante.
14,3,109,Inconscient,Ignore les changements de\nstats de l’ennemi.
14,3,110,Lentiteintée,Améliore les capacités\n“pas très efficaces”.
14,3,111,Filtre,Affaiblit les capacités\n“super efficaces”.
14,3,112,Début Calme,Divise temporairement\nVitesse et Attaque par 2.
14,3,113,Querelleur,Les capacités touchent\nles Pokémon Spectre.
14,3,114,Lavabo,Attire les attaques Eau\nvisant un Pokémon.
14,3,115,Corps Gel,Récupère des PV lors des\ntempêtes de grêle.
14,3,116,Solide Roc,Affaiblit les capacités\n“super efficaces”.
14,3,117,Alerte Neige,Déclenche une tempête de\ngrêle pendant le combat.
14,3,118,Cherche Miel,Le Pokémon peut parfois\ntrouver du Miel.
14,3,119,Fouille,Permet de connaître\nl’objet tenu par l’ennemi.
14,3,120,Téméraire,Booste les cap. ayant des\ndégâts de contrecoups.
14,3,121,Multi-Type,Modifie le type en fonction\nde la Plaque tenue.
14,3,122,Don Floral,Pokémon de l’équipe plus\npuissants au soleil.
14,3,123,Mauvais Rêve,Réduit les PV d’un ennemi\nendormi.
14,4,1,Duftnote,"Hilft, wilde Pokémon\nfernzuhalten."
14,4,2,Niesel,Ruft im Kampf\nRegen herbei.
14,4,3,Temposchub,Erhöht Initiative nach\nund nach.
14,4,4,Kampfpanzer,Wehrt Volltreffer ab.
14,4,5,Robustheit,Schutz gegen\nK.O.-Treffer-Angriffe.
14,4,6,Feuchtigkeit,Verhindert Selbstzer-\nstörung der Kämpfenden.
14,4,7,Flexibilität,Verhindert Paralyse.
14,4,8,Sandschleier,Erhöht Fluchtwert im\nSandsturm.
14,4,9,Statik,Kann bei Berührung\nparalysieren.
14,4,10,Voltabsorber,Wandelt Elektrizität in\nKP um.
14,4,11,H2O-Absorber,Wandelt Wasser in KP um.
14,4,12,Dösigkeit,Verhindert Anziehung.
14,4,13,Wolke Sieben,Keine Wetter-Effekte.
14,4,14,Facettenauge,Steigert Genauigkeit.
14,4,15,Insomnia,Verhindert Einschlafen.
14,4,16,Farbwechsel,Typ des Anwenders wird zu\ndem der gegnerischen Att.
14,4,17,Immunität,Verhindert Vergiftungen.
14,4,18,Feuerfänger,"Verstärkt Feuer-A., wenn\nv. Feuer-A. getroffen."
14,4,19,Puderabwehr,Blockiert Zusatz-Effekte\ngegnerischer Angriffe.
14,4,20,Tempomacher,Verhindert Verwirrung.
14,4,21,Saugnapf,"Neg. gegn. Att., die PKMN\naustauschen würden."
14,4,22,Bedroher,Senkt Angriff des\nGegners.
14,4,23,Wegsperre,Hindert Gegner an Flucht.
14,4,24,Rauhaut,Verletzt bei Berührung.
14,4,25,Wunderwache,Nur sehr effektive Treffer\nschaden.
14,4,26,Schwebe,Volle Immunität gegen\nalle Boden-Attacken.
14,4,27,Sporenwirt,"Bei Kontakt evtl. Paraly.,\nVergiftg. oder Schlaf."
14,4,28,Synchro,"Gibt Verbrennung, Ver-\ngiftung u. Paraly. an Geg."
14,4,29,Neutraltorso,Verhindert Absenken\nder Statuswerte evtl.
14,4,30,Innere Kraft,Heilt bei Austausch\nStatusprobleme.
14,4,31,Blitzfänger,Zieht Elektro-Attacken\nan.
14,4,32,Edelmut,Erhöht Chance für\nZusatz-Effekte.
14,4,33,Wassertempo,Steigert Initiative bei\nRegen.
14,4,34,Chlorophyll,Steigert Initiative bei\nSonnenschein.
14,4,35,Erleuchtung,Mehr Pokémon-\nBegegnungen.
14,4,36,Fährte,Das Pokémon kopiert \nFähigkeit des Gegners.
14,4,37,Kraftkoloss,Steigert den Angriffs-\nWert eines Pokémon.
14,4,38,Giftdorn,Vergiftet den Gegner\neventuell bei Berührung.
14,4,39,Konzentrator,Verhindert\nZurückschrecken.
14,4,40,Magmapanzer,Verhindert Einfrieren.
14,4,41,Aquahülle,Verhindert\nVerbrennungen.
14,4,42,Magnetfalle,Verhindert Flucht von\nStahl-Pokémon.
14,4,43,Lärmschutz,Immun gegen Lärm-\nAttacken.
14,4,44,Regengenuss,Langsame Wiederherstellg.\nvon KP bei Regen.
14,4,45,Sandsturm,Erzeugt einen Sandsturm.
14,4,46,Erzwinger,Steigert den Verbrauch\nder AP des Gegners.
14,4,47,Speckschicht,Schutz vor Hitze\nund Kälte.
14,4,48,Frühwecker,Schnelles Aufwachen.
14,4,49,Flammkörper,Kann bei Kontakt zu\nVerbrennung führen.
14,4,50,Angsthase,Erleichtert das\nEntkommen.
14,4,51,Adlerauge,Verhindert Verlust der\nGenauigkeit.
14,4,52,Scherenmacht,Verhindert Angriff-Reduz.
14,4,53,Mitnahme,Kann Items aufnehmen.
14,4,54,Schnarchnase,Greift nur in jedem\n2. Zug an.
14,4,55,Übereifer,"Erhöht Angriffs-Wert,\nsenkt Genauigkeit."
14,4,56,Charmebolzen,Kann bei Kontakt\nbetörend wirken.
14,4,57,Plus,"Steigert Spezial-Angriff,\nwenn ein PKMN Minus hat."
14,4,58,Minus,"Steigert Spezial-Angriff,\nwenn ein PKMN Plus hat."
14,4,59,Prognose,FORMEO verändert seine\nForm abhängig vom Wetter.
14,4,60,Wertehalter,Verhindert Item-\nDiebstahl.
14,4,61,Expidermis,PKMN heilt eventuell\nseine Statusprobleme.
14,4,62,Adrenalin,Steigert Angriff bei\nStatusproblemen.
14,4,63,Notschutz,Steigert Verteidigung bei\nStatusproblemen.
14,4,64,Kloakensoße,"Schadet Gegnern, die\nSaug-Attacken einsetzen."
14,4,65,Notdünger,Stärkt Pflanzen-\nAttacken in Not.
14,4,66,Großbrand,Stärkt Feuer-Attacken\nin Not.
14,4,67,Sturzbach,Stärkt Wasser-Attacken\nin Not.
14,4,68,Hexaplaga,Stärkt Käfer-Attacken\nin Not.
14,4,69,Steinhaupt,"Verhindert Schaden, der\ndurch Rückstoß entsteht."
14,4,70,Dürre,Erzeugt Sonne im Kampf.
14,4,71,Auswegslos,Verhindert Flucht\ndes Gegners.
14,4,72,Munterkeit,Verhindert Einschlafen.
14,4,73,Pulverrauch,Verhindert das Absenken\nder Statuswerte.
14,4,74,Mentalkraft,Steigert Kraft physischer\nAngriffe.
14,4,75,Panzerhaut,Wehrt Volltreffer ab.
14,4,76,Klimaschutz,Eliminiert die Wirkung\ndes Wetters.
14,4,77,Fußangel,"Erhöht Fluchtwert, wenn\ndas Pokémon verwirrt ist."
14,4,78,Starthilfe,Erhöht Initiative nach\neiner Elektro-Attacke.
14,4,79,Rivalität,"Erhöht Angriff, wenn Gegn.\ndasselbe Geschlecht hat."
14,4,80,Felsenfest,"Erhöht Initiative, sobald\nPokémon zurückschreckt."
14,4,81,Schneemantel,Erhöht Fluchtwert\nwährend Hagelschauer.
14,4,82,Völlerei,Ermutigt zum frühzeitigen\nVerwenden einer Beere.
14,4,83,Kurzschluss,Maximiert Angriff n. Ein-\nstecken e. Volltreffers.
14,4,84,Entlastung,"Erhöht Init., wenn 1 Item\nverwendet/verloren wird."
14,4,85,Hitzeschutz,Senkt die Kraft von\nFeuer-Attacken.
14,4,86,Wankelmut,Das Pokémon ist anfällig\nfür Statusveränderungen.
14,4,87,Trockenheit,Heißes Wetter reduziert\nKP. Wasser steigert KP.
14,4,88,Download,Passt Kraft entsprechend\nder gegn. Statuswerte an.
14,4,89,Eisenfaust,Steigert die Effektivität\nvon Box-Attacken.
14,4,90,Aufheber,"Steigert KP, wenn das\nPokémon vergiftet ist."
14,4,91,Anpassung,Steigert Attacken\ndesselben Typs.
14,4,92,Wertelink,Erhöht die Häufigkeit von\nMehrfach-Attacken.
14,4,93,Hydration,Heilt Statusprobleme\nbei Regen.
14,4,94,Solarkraft,"Steigert Spezial-Angriff\nbei Sonne, senkt aber KP."
14,4,95,Rasanz,Erhöht Initiative bei\nStatusproblemen.
14,4,96,Regulierung,Alle Attacken des Pokémon\nwerden zu Normal-Att.
14,4,97,Superschütze,Steigert Attacken nach\nVolltreffern.
14,4,98,Magieschild,Das PKMN nimmt nur durch\ndirekte Attacken Schaden.
14,4,99,Schildlos,Angriffe des Pokémon und\ndes Gegners treffen.
14,4,100,Zeitspiel,Das Pokémon bewegt sich \nnach weniger agilen Gegn.
14,4,101,Techniker,Steigert Effektivität von\nschwächeren Attacken.
14,4,102,Floraschild,Verhindert Status-\nprobleme bei Sonne.
14,4,103,Tollpatsch,Das Pokémon kann keine\ngetrag. Items verwenden.
14,4,104,Überbrückung,Att. können unabhängig d.\nFähigkeit verw. werden.
14,4,105,Glückspilz,Erhöht die Chance auf\neinen Volltreffer.
14,4,106,Finalschlag,"Schadet dem Gegn., der\nfinale Attacke landet."
14,4,107,Vorahnung,Ahnt gefährliche Attacken\ndes Gegners voraus.
14,4,108,Vorwarnung,Gibt Auskunft über die\nstärkste gegn. Attacke.
14,4,109,Unkenntnis,Ignoriert Wechsel der\nStatuswerte des Gegners.
14,4,110,Aufwertung,Steigert nicht sehr\neffektive Attacken.
14,4,111,Filter,Senkt die Stärke sehr\neffektiver Attacken.
14,4,112,Saumselig,Halbiert zeitweilig Angriff\nund Initiative.
14,4,113,Rauflust,"Ermöglicht, mit Attacken\nGeist-Gegner zu treffen."
14,4,114,Sturmsog,"Zieht offens. Wasser-Att.\nan, die auf 1 PKMN zielen."
14,4,115,Eishaut,Das Pokémon regeneriert\nwährend Hagelsturm KP.
14,4,116,Felskern,Senkt die Stärke sehr\neffektiver Attacken.
14,4,117,Hagelalarm,Pokémon beschwört einen\nHagelsturm herauf.
14,4,118,Honigmaul,Pokémon kann Honig\nsammeln.
14,4,119,Schnüffler,Gibt Auskunft über\ngegnerische Items.
14,4,120,Achtlos,Steigert Attacken mit\nRückstoß-Schaden.
14,4,121,Variabilität,Passt seinen Typ der\ngetragenen Tafel an.
14,4,122,Pflanzengabe,Steigert Effektivität von\nTeam-Pokémon bei Sonne.
14,4,123,Alptraum,Senkt die KP eines\nschlafenden Gegners.
14,5,1,Tanfo,Questo tanfo allontana\ni Pokémon selvatici.
14,5,2,Piovischio,"Se scende in campo, il\nPokémon attira pioggia."
14,5,3,Acceleratore,Graduale aumento della\nVelocità del Pokémon.
14,5,4,Lottascudo,Evita che il Pokémon\nsubisca brutti colpi.
14,5,5,Vigore,Protegge dalle mosse che\ncausano KO in un colpo.
14,5,6,Umidità,L’autodistruzione di chi\nè in campo è impedita.
14,5,7,Scioltezza,Il Pokémon è protetto\ncontro la paralisi.
14,5,8,Sabbiavelo,Elusione del Pokémon sale\nnella tempesta di sabbia.
14,5,9,Statico,"Al contatto subito, può\ncausare paralisi."
14,5,10,Assorbivolt,Ridà PS se si subisce una\nmossa di tipo Elettro.
14,5,11,Assorbacqua,Ridà PS se si subisce\nuna mossa di tipo Acqua.
14,5,12,Indifferenza,Impedisce al Pokémon di\ninfatuarsi.
14,5,13,Antimeteo,Neutralizza gli effetti\nmeteo.
14,5,14,Insettocchi,Aumenta la precisione\ndel Pokémon.
14,5,15,Insonnia,Impedisce al Pokémon\ndi addormentarsi.
14,5,16,Cambiacolore,Cambia il tipo del Pokémon\nsecondo la mossa subita.
14,5,17,Immunità,Impedisce al Pokémon di\nvenire avvelenato.
14,5,18,Fuocardore,Potenzia le mosse fuoco\nse colpiti dalle stesse.
14,5,19,Polvoscudo,Blocca effetti aggiuntivi\ndegli attacchi subiti.
14,5,20,Mente Locale,Impedisce al Pokémon\ndi subire la confusione.
14,5,21,Ventose,Resiste alle mosse che\ncomportano sostituzione.
14,5,22,Prepotenza,Riduce l’Attacco del\nnemico.
14,5,23,Pedinombra,Impedisce la fuga al\nnemico.
14,5,24,Cartavetro,Danneggia il nemico\nal contatto subito.
14,5,25,Magidifesa,Rende vulnerabili solo\nalle mosse superefficaci.
14,5,26,Levitazione,Protegge totalmente da\nattacchi di tipo Terra.
14,5,27,Spargispora,"Al contatto può causare\nVLN, PAR o DRM."
14,5,28,Sincronismo,"Passa veleno, paralisi o\nscottatura al nemico."
14,5,29,Corpochiaro,"Evita la riduzione delle\nstatistiche, se subita."
14,5,30,Alternacura,Cura i problemi di stato\ndel Pokémon sostituito.
14,5,31,Parafulmine,Il Pokémon attira tutte\nle mosse di tipo Elettro.
14,5,32,Leggiadro,Effetti aggiuntivi più\nprobabili.
14,5,33,Nuotovelox,Dà al Pokémon più\nVelocità nella pioggia.
14,5,34,Clorofilla,Aumenta Velocità del\nPokémon se c’è il sole.
14,5,35,Risplendi,Più probabile incontrare\nPokémon selvatici.
14,5,36,Traccia,Copia l’abilità del nemico.
14,5,37,Macroforza,Migliora l’Attacco\ndel Pokémon.
14,5,38,Velenopunto,"Al contatto subito, può\navvelenare il nemico."
14,5,39,Fuocodentro,Impedisce al Pokémon\ndi tentennare.
14,5,40,Magmascudo,Impedisce al Pokémon di\nrimanere congelato.
14,5,41,Idrovelo,Impedisce al Pokémon di\nrimanere scottato.
14,5,42,Magnetismo,Impedisce la fuga ai\nPokémon di tipo Acciaio.
14,5,43,Antisuono,Protegge totalmente da\nmosse sonore.
14,5,44,Copripioggia,Il Pokémon recupera PS\nquando piove.
14,5,45,Sabbiafiume,Causa una tempesta di\nsabbia durante la lotta.
14,5,46,Pressione,Il nemico usa più PP.
14,5,47,Grassospesso,Protegge meglio da mosse\ndi tipo Fuoco e Ghiaccio.
14,5,48,Sveglialampo,Il Pokémon si risveglia\nrapidamente dal sonno.
14,5,49,Corpodifuoco,Il contatto subito può\nscottare il nemico.
14,5,50,Fugafacile,Garantisce la fuga dai\nPokémon selvatici.
14,5,51,Sguardofermo,Evita che cali la\nprecisione del Pokémon.
14,5,52,Ipertaglio,Evita la riduzione\ndell’Attacco.
14,5,53,Raccolta,Il Pokémon può\ntrovare strumenti.
14,5,54,Pigrone,Il Pokémon può attaccare\nun turno sì e uno no.
14,5,55,Tuttafretta,"Aumenta l’Attacco, ma\nriduce la precisione."
14,5,56,Incantevole,"Al contatto subito, il\nnemico può infatuarsi."
14,5,57,Più,Aumenta l’Att. Sp. se un\naltro Pokémon ha Meno.
14,5,58,Meno,Aumenta l’Att. Sp. se un\naltro Pokémon ha Più.
14,5,59,Previsioni,L’aspetto di CASTFORM\ncambia in base al tempo.
14,5,60,Antifurto,Protegge il Pokémon\ndal furto di strumenti.
14,5,61,Muta,Può guarire i problemi di\nstato del Pokémon.
14,5,62,Dentistretti,Aumenta l’Attacco in\ncaso di problemi di stato.
14,5,63,Pelledura,Aumenta la Difesa in caso\ndi problemi di stato.
14,5,64,Melma,Danni al nemico che usa\nmosse assorbi-energia.
14,5,65,Erbaiuto,In difficoltà potenzia\nle mosse di tipo Erba.
14,5,66,Aiutofuoco,In difficoltà potenzia\nle mosse di tipo Fuoco.
14,5,67,Acquaiuto,In difficoltà potenzia\nle mosse di tipo Acqua.
14,5,68,Aiutinsetto,In difficoltà potenzia le\nmosse di tipo Coleottero.
14,5,69,Testadura,Protegge il Pokémon dai\ncontraccolpi.
14,5,70,Siccità,Il Pokémon fa uscire\nil sole nella lotta.
14,5,71,Trappoarena,Impedisce la fuga al\nnemico.
14,5,72,Spiritovivo,Impedisce al Pokémon\ndi addormentarsi.
14,5,73,Fumochiaro,"Evita le riduzioni delle\nstatistiche, se subite."
14,5,74,Forzapura,Aumenta la potenza degli\nattacchi fisici.
14,5,75,Guscioscudo,Il Pokémon è protetto\ndai brutti colpi.
14,5,76,Riparo,Neutralizza gli effetti\nmeteo.
14,5,77,Intricopiedi,Aumenta l’elusione se\nil Pokémon è confuso.
14,5,78,Elettrorapid,Aumenta Velocità se col-\npito da mosse elettriche.
14,5,79,Antagonismo,Aumenta Att. se il nemico\nè dello stesso sesso.
14,5,80,Cuordeciso,Aumenta la Velocità se\nil Pokémon tentenna.
14,5,81,Mantelneve,Aumenta l’elusione\nquando grandina.
14,5,82,Voracità,Favorisce l’uso rapido\ndi una Bacca tenuta.
14,5,83,Grancollera,Massimizza l’Attacco\ndopo un brutto colpo.
14,5,84,Agiltecnica,Sale Veloc. se strum. te-\nnuto si perde o consuma.
14,5,85,Antifuoco,Indebolisce l’effetto di\nmosse di tipo Fuoco.
14,5,86,Disinvoltura,Le statistiche possono\ncambiare all’impazzata.
14,5,87,Pellearsa,Riduce PS se fa caldo.\nL’acqua ridà PS.
14,5,88,Download,Regola la potenza in base\nal nemico.
14,5,89,Ferropugno,Potenzia le mosse\ntirapugni.
14,5,90,Velencura,Ridà PS se il Pokémon\nè avvelenato.
14,5,91,Adattabilità,Potenzia le mosse del\ntipo del Pokémon.
14,5,92,Abillegame,Aumenta la frequenza di\nmosse multicolpo.
14,5,93,Idratazione,Cura i problemi di stato\nse piove.
14,5,94,Solarpotere,Aumenta l’Att. Sp. ma\nriduce i PS se c’è il sole.
14,5,95,Piedisvelti,Aumenta la Velocità se\nc’è un problema di stato.
14,5,96,Normalità,Le mosse del Pokémon di-\nventano di tipo Normale.
14,5,97,Cecchino,Potenzia le mosse se\ndiventano brutti colpi.
14,5,98,Magicscudo,Il Pokémon subisce danni\nsolo da attacchi diretti.
14,5,99,Nullodifesa,Gli attacchi dei Pokémon\nvanno a buon fine.
14,5,100,Rallentatore,Anche i nemici più lenti\nattaccano per primi.
14,5,101,Tecnico,Potenzia le mosse più\ndeboli del Pokémon.
14,5,102,Fogliamanto,Evita problemi di stato\nquando c’è il sole.
14,5,103,Impaccio,Il Pokémon non può usare\nlo strumento che tiene.
14,5,104,Rompiforma,Le mosse si usano a\nprescindere dalle abilità.
14,5,105,Supersorte,Maggiore probabilità di\ninfliggere brutti colpi.
14,5,106,Scoppio,Arreca danno al nemico\nsferrante il colpo da KO.
14,5,107,Presagio,Rivela se il nemico ha\nmosse pericolose.
14,5,108,Premonizione,Scopre la mossa più\npotente del nemico.
14,5,109,Imprudenza,Ignora gli aumenti delle\nstatistiche del nemico.
14,5,110,Lentifumé,Potenzia le mosse\n“non molto efficaci”.
14,5,111,Filtro,Riduce la potenza delle\nmosse superefficaci.
14,5,112,Lentoinizio,Dimezza per un po’\nl’Attacco e la Velocità.
14,5,113,Nervisaldi,Le mosse colpiscono pure\ni nemici di tipo Spettro.
14,5,114,Acquascolo,Il Pokémon attira tutte\nle mosse di tipo Acqua.
14,5,115,Corpogelo,Il Pokémon recupera PS\nquando grandina.
14,5,116,Solidroccia,Riduce la potenza delle\nmosse superefficaci.
14,5,117,Scendineve,Il Pokémon provoca una\ngrandinata in lotta.
14,5,118,Mielincetta,Il Pokémon può\nraccogliere Miele.
14,5,119,Indagine,Il Pokémon scopre che\nstrumento ha il nemico.
14,5,120,Temerarietà,Potenzia le mosse che\nprovocano contraccolpi.
14,5,121,Multitipo,Cambia tipo a seconda\ndella Lastra che tiene.
14,5,122,Regalfiore,Potenzia i Pokémon della\nsquadra se c’è il sole.
14,5,123,Sogniamari,Riduce i PS dei nemici\naddormentati.
14,6,1,Hedor,El olor ayuda a mantener\nlejos Pokémon salvajes.
14,6,2,Llovizna,Hace que llueva cuando\nentra en combate.
14,6,3,Impulso,Aumenta la Velocidad\ngradualmente.
14,6,4,Armad. Bat.,Bloquea golpes críticos.
14,6,5,Robustez,Protege de movimientos\nque dejan KO de 1 golpe.
14,6,6,Humedad,Evita que se\nautodestruyan.
14,6,7,Flexibilidad,Evita la parálisis.
14,6,8,Velo Arena,Aumenta la evasión en\nlas tormentas de arena.
14,6,9,Elec. Estát.,Puede paralizar al\nmínimo contacto.
14,6,10,Absor. Elec.,Recupera PS al recibir\nataques eléctricos.
14,6,11,Absor. Agua,Recupera PS al recibir \nataques de tipo Agua.
14,6,12,Despiste,Evita que el Pokémon\nse enamore.
14,6,13,Aclimatación,Anula los efectos del\ntiempo atmosférico.
14,6,14,Ojocompuesto,Aumenta la precisión.
14,6,15,Insomnio,Evita el quedarse\ndormido.
14,6,16,Cambio Color,Cambia el tipo al del\nmovimiento rival.
14,6,17,Inmunidad,Evita el envenenamiento.
14,6,18,Absor. Fuego,Potencia movs. tipo Fuego\ntras ataques tipo Fuego.
14,6,19,Polvo Escudo,Anula efecto secundario\ndel ataque sufrido.
14,6,20,Ritmo Propio,Evita la confusión.
14,6,21,Ventosas,Anula movimientos rivales\nque fuerzan el relevo.
14,6,22,Intimidación,Baja el Ataque del rival.
14,6,23,Sombratrampa,Evita que el enemigo\nhuya.
14,6,24,Piel Tosca,Hiere al tacto.
14,6,25,Superguarda,Solo le dañan movimientos\nmuy eficaces.
14,6,26,Levitación,Es inmune frente a los\nataques de tipo Tierra.
14,6,27,Efec. Espora,"Puede dormir, envenenar\no paralizar al contacto."
14,6,28,Sincronía,"Pasa envenenamiento,\nparálisis y quemaduras."
14,6,29,Cuerpo Puro,Puede evitar que bajen\nlas características.
14,6,30,Cura Natural,Cura problemas de estado\nal cambiar de Pokémon.
14,6,31,Pararrayos,Frena los ataques\nde tipo Eléctrico.
14,6,32,Dicha,Aumenta la probabilidad\nde efectos secundarios.
14,6,33,Nado Rápido,Sube la Velocidad cuando\nhay lluvia.
14,6,34,Clorofila,Sube la Velocidad cuando\nhay sol.
14,6,35,Iluminación,Aumenta la probabilidad\nde encontrar Pokémon.
14,6,36,Rastro,El Pokémon copia la\nhabilidad del rival.
14,6,37,Potencia,Aumenta el Ataque.
14,6,38,Punto Tóxico,Puede envenenar al\nmínimo contacto.
14,6,39,Foco Interno,Evita el retroceso.
14,6,40,Escudo Magma,Evita la congelación.
14,6,41,Velo Agua,Evita las quemaduras.
14,6,42,Imán,Evita que Pokémon de\ntipo Acero escapen.
14,6,43,Insonorizar,Evita ataques de sonido.
14,6,44,Cura Lluvia,El Pokémon gana PS\ngradualmente si llueve.
14,6,45,Chorro Arena,Crea una tormenta de\narena en el combate.
14,6,46,Presión,Hace que los PP del rival\nse acaben antes.
14,6,47,Sebo,Protege de los ataques\nde tipo Fuego y Hielo.
14,6,48,Madrugar,El Pokémon se despierta\nrápidamente.
14,6,49,Cuerpo Llama,Puede quemar al mínimo\ncontacto.
14,6,50,Fuga,Permite escapar de todos\nlos Pokémon salvajes.
14,6,51,Vista Lince,Evita que disminuya\nla precisión.
14,6,52,Corte Fuerte,Evita que disminuya\nel Ataque.
14,6,53,Recogida,El Pokémon puede\nencontrar objetos.
14,6,54,Ausente,El Pokémon no atacará en\nturnos consecutivos.
14,6,55,Entusiasmo,"Aumenta el Ataque, pero\nreduce la precisión."
14,6,56,Gran Encanto,Tocar al Pokémon puede\ncausar enamoramiento.
14,6,57,Más,Potencia At. Esp. si otro\ntiene la habilidad Menos.
14,6,58,Menos,Potencia At. Esp. si otro\ntiene la habilidad Más.
14,6,59,Predicción,Cambia con el tiempo\natmosférico.
14,6,60,Viscosidad,Impide el robo\nde objetos.
14,6,61,Mudar,Cura los problemas de\nestado mudando la piel.
14,6,62,Agallas,Sube el Ataque si sufre\nun problema de estado.
14,6,63,Escama Esp.,Sube la Defensa si sufre\nun problema de estado.
14,6,64,Lodo Líquido,Hiere a los enemigos que\nabsorben PS.
14,6,65,Espesura,Potencia los ataques de\ntipo Planta en un apuro.
14,6,66,Mar Llamas,Potencia los ataques de\ntipo Fuego en un apuro.
14,6,67,Torrente,Potencia los ataques de\ntipo Agua en un apuro.
14,6,68,Enjambre,Potencia los ataques de\ntipo Bicho en un apuro.
14,6,69,Cabeza Roca,Impide que el Pokémon\nse dañe con sus movs.
14,6,70,Sequía,El sol sale si el Pokémon\nentra en combate.
14,6,71,Trampa Arena,Evita que el rival huya.
14,6,72,Espír. Vital,Evita quedarse dormido.
14,6,73,Humo Blanco,Evita que se reduzcan\nlas características.
14,6,74,Energía Pura,Potencia los ataques\nfísicos.
14,6,75,Caparazón,Bloquea golpes críticos.
14,6,76,Bucle Aire,Anula los efectos del\ntiempo atmosférico.
14,6,77,Tumbos,Sube la evasión si el\nPokémon está confuso.
14,6,78,Electromotor,Sube la Velocidad si le\nda un ataque eléctrico.
14,6,79,Rivalidad,Sube el Ataque si el rival\nes del mismo sexo.
14,6,80,Impasible,Cada vez que retrocede\nsube su Velocidad.
14,6,81,Manto Níveo,Sube la evasión durante\nuna tormenta de granizo.\n
14,6,82,Gula,Fomenta el uso rápido de\nla Baya que porta.
14,6,83,Irascible,Potencia el Ataque tras\nrecibir un golpe crítico.
14,6,84,Liviano,Sube la Veloc. si usa o\npierde un objeto llevado.
14,6,85,Ignífugo,Debilita los movimientos\nde tipo Fuego.
14,6,86,Simple,Aumenta el efecto de los\ncambios en el Pokémon.
14,6,87,Piel Seca,Pierde PS si hace calor.\nLos recupera con agua.
14,6,88,Descarga,Adapta su fuerza para\ncada rival.
14,6,89,Puño Férreo,Aumenta la fuerza de los\npuñetazos.
14,6,90,Antídoto,Recupera PS si el Pokémon\nha sido envenenado.
14,6,91,Adaptable,Potencia los movimientos\ndel mismo tipo.
14,6,92,Encadenado,Aumenta la frecuencia de\nlos movimientos múltiples.
14,6,93,Hidratación,Cura los problemas de\nestado si está lloviendo.
14,6,94,Poder Solar,"Si hace sol, baja los PS\npero potencia el At. Esp."
14,6,95,Pies Rápidos,Potencia la Velocidad si\nhay problemas de estado.
14,6,96,Normalidad,Todos los movimientos se\nvuelven de tipo Normal.
14,6,97,Francotirad.,Potencia los movimientos\nsi se vuelven críticos.
14,6,98,Muro Mágico,Solo dañan al Pokémon\nlos ataques directos.
14,6,99,Indefenso,El ataque del Pokémon y\nel del rival acertarán.
14,6,100,Rezagado,El Pokémon se mueve\ntras el rival más lento.
14,6,101,Experto,Potencia los movimientos\nmás débiles del Pokémon.
14,6,102,Defensa Hoja,Evita los problemas de\nestado si hace sol.
14,6,103,Zoquete,El Pokémon no puede\nusar ningún objeto.
14,6,104,Rompemoldes,Usa movimientos sin que\nimporten las habilidades.
14,6,105,Afortunado,Aumenta la probabilidad\nde dar golpes críticos.
14,6,106,Resquicio,Daña al rival que le ha\ndado el golpe de gracia.
14,6,107,Anticipación,Prevé los movimientos\npeligrosos del rival.
14,6,108,Alerta,Determina el movimiento\nmás potente del rival.
14,6,109,Ignorante,Ignora mejoras en las\nestadísticas del enemigo.
14,6,110,Cromolente,Potencia los movimientos\n“poco eficaces”.
14,6,111,Filtro,Mitiga los movimientos\nsupereficaces.
14,6,112,Inicio Lento,Baja a la mitad Ataque y\nVelocidad por un tiempo.
14,6,113,Intrépido,Permite golpear a los\nrivales de tipo Fantasma.
14,6,114,Colector,Atrae ataques de tipo\nAgua lanzados a un PKMN.
14,6,115,Gélido,El Pokémon recupera PS\nen tormentas de granizo.
14,6,116,Roca Sólida,Mitiga los movimientos\nsupereficaces.
14,6,117,Nevada,El Pokémon invoca una\ntormenta de granizo.
14,6,118,Recogemiel,El Pokémon recoge Miel\nde donde puede.
14,6,119,Cacheo,El Pokémon puede ver el\nobjeto que lleva el rival.
14,6,120,Audaz,Potencia los movimientos\nque dañan al usuario.
14,6,121,Multitipo,Cambia el tipo al de la\nTabla que lleva.
14,6,122,Don Floral,Potencia los Pokémon del\nequipo si está soleado.
14,6,123,Mal Sueño,Reduce los PS de un rival\nmientras duerme.
14,7,1,악취,야생 포켓몬이\n접근하기 어려워진다.
14,7,2,잔비,배틀에 나가면\n비를 내린다.
14,7,3,가속,조금씩\n스피드가 높아진다.
14,7,4,전투무장,상대의 공격이\n급소에 맞지 않는다.
14,7,5,옹골참,일격 필살기가\n통하지 않는다.
14,7,6,습기,누구도 자폭\n할 수 없게 된다.
14,7,7,유연,마비 상태가\n되지 않는다.
14,7,8,모래숨기,모래바람으로\n회피율이 올라간다.
14,7,9,정전기,접촉한 상대를\n마비시킬 때가 있다.
14,7,10,축전,전기를 받으면\n회복한다.
14,7,11,저수,물을 받으면\n회복한다.
14,7,12,둔감,헤롱헤롱 상태가\n되지 않는다.
14,7,13,날씨부정,날씨의 영향이\n없어진다.
14,7,14,복안,기술의 명중률이\n올라간다.
14,7,15,불면,잠듦 상태가\n되지 않는다.
14,7,16,변색,받은 기술의 타입으로\n변화한다.
14,7,17,면역,독 상태가\n되지 않는다.
14,7,18,타오르는불꽃,불꽃을 받으면\n불꽃 기술이 강해진다.
14,7,19,인분,기술의 추가 효과를\n받지 않는다.
14,7,20,마이페이스,혼란 상태가\n되지 않는다.
14,7,21,흡반,교체시킨 기술이\n효과를 발휘하지 못한다.
14,7,22,위협,상대의 공격을\n떨어뜨린다.
14,7,23,그림자밟기,상대의 그림자를 밟아\n도망칠 수 없게 한다.
14,7,24,까칠한피부,접촉한 상대에게\n상처를 입힌다.
14,7,25,불가사의부적,효과가 굉장한 기술밖에\n맞지 않는다.
14,7,26,부유,땅타입의 기술을\n받지 않는다.
14,7,27,포자,"스치면 독, 마비, 잠듦\n상태가 될 때가 있다."
14,7,28,싱크로,"독, 마비, 화상을\n상대에게 옮긴다."
14,7,29,클리어바디,상대가 능력을\n떨어뜨릴 수 없다.
14,7,30,자연회복,배틀에서 일단 물러나면\n상태 이상이 회복된다.
14,7,31,피뢰침,전기타입의 기술을\n모두 자신이 맞는다.
14,7,32,하늘의은총,기술의 추가 효과가\n나오기 쉽다.
14,7,33,쓱쓱,비가 올 때 스피드가\n올라간다.
14,7,34,엽록소,맑을 때 스피드가\n올라간다.
14,7,35,발광,야생 포켓몬과\n만나기 쉬워진다.
14,7,36,트레이스,상대와 같은\n특성이 된다.
14,7,37,천하장사,물리 공격의\n위력이 올라간다.
14,7,38,독가시,접촉한 상대를\n중독 시킬 때가 있다.
14,7,39,정신력,풀죽지 않는다.\n
14,7,40,마그마의무장,얼음 상태가\n되지 않는다.
14,7,41,수의베일,화상 상태가\n되지 않는다.
14,7,42,자력,강철타입의 포켓몬을\n도망칠 수 없게 한다.
14,7,43,방음,소리 기술을\n받지 않는다.
14,7,44,젖은접시,비가 올 때 조금씩\nHP를 회복한다.
14,7,45,모래날림,배틀에서 모래바람을\n일으킨다.
14,7,46,프레셔,상대가 사용하는 기술의\nPP를 많이 줄인다.
14,7,47,두꺼운지방,불꽃과 얼음타입의\n기술에 강하다.
14,7,48,일찍기상,잠듦 상태에서\n빨리 깨어난다.
14,7,49,불꽃몸,접촉한 상대에게\n화상을 입힐 때가 있다.
14,7,50,도주,야생 포켓몬으로부터\n반드시 도망칠 수 있다.
14,7,51,날카로운눈,상대가 명중률을\n떨어뜨리지 못한다.
14,7,52,괴력집게,상대가 공격을\n떨어뜨리지 못한다.
14,7,53,픽업,도구를 주워올\n때가 있다.
14,7,54,게으름,연속으로\n공격할 수 없다.
14,7,55,의욕,공격은 높지만\n빗나가기 쉽다.
14,7,56,헤롱헤롱바디,스치면 헤롱헤롱 상태가\n될 때가 있다.
14,7,57,플러스,마이너스가 있으면\n특수공격이 올라간다.
14,7,58,마이너스,플러스가 있으면\n특수공격이 올라간다.
14,7,59,기분파,날씨에 따라\n캐스퐁이 변화한다.
14,7,60,점착,도구를 빼앗기지 않는다.\n
14,7,61,탈피,상태 이상을\n회복할 때가 있다.
14,7,62,근성,상태 이상이 되면\n공격이 올라간다.
14,7,63,이상한비늘,상태 이상이 되면\n방어가 올라간다.
14,7,64,해감액,흡수한 상대의\nHP를 줄인다.
14,7,65,심록,위급할 때 풀타입의\n위력이 올라간다.
14,7,66,맹화,위급할 때 불꽃타입의\n위력이 올라간다.
14,7,67,급류,위급할 때 물타입의\n위력이 올라간다.
14,7,68,벌레의알림,위급할 때 벌레타입의\n위력이 올라간다.
14,7,69,돌머리,부딪쳐도\n반동을 받지 않는다.
14,7,70,가뭄,배틀에 나가면\n쾌청이 된다.
14,7,71,개미지옥,배틀에서 상대를\n도망칠 수 없게 한다.
14,7,72,의기양양,잠듦 상태가\n되지 않는다.
14,7,73,하얀연기,상대가 능력을\n떨어뜨릴 수 없다.
14,7,74,순수한힘,물리 공격의\n위력이 올라간다.
14,7,75,조가비갑옷,상대의 공격이\n급소에 맞지 않는다.
14,7,76,에어록,날씨의 영향이\n없어진다.
14,7,77,갈지자걸음,혼란에 빠져있으면\n회피하기 쉬워진다.
14,7,78,전기엔진,전기를 받으면\n스피드가 올라간다.
14,7,79,투쟁심,성별이 같으면\n공격이 올라간다.
14,7,80,불굴의마음,풀죽을 때마다\n스피드가 올라간다.
14,7,81,눈숨기,날씨가 싸라기눈일 때\n회피율이 올라간다.
14,7,82,먹보,나무열매를 여느 때보다\n빨리 사용한다.
14,7,83,분노의경혈,급소에 맞으면\n공격이 올라간다.
14,7,84,곡예,도구가 없어지면\n스피드가 올라간다.
14,7,85,내열,불꽃 기술의\n위력을 약하게 한다.
14,7,86,단순,능력 변화가\n여느 때보다 심하다.
14,7,87,건조피부,더우면 HP가 줄어든다.\n물로 HP를 회복한다.
14,7,88,다운로드,상대의 능력을\n보고 능력치를 바꾼다.
14,7,89,철주먹,펀치를 사용하는 기술의\n위력이 올라간다.
14,7,90,포이즌힐,독 상태가 되면\nHP를 회복한다.
14,7,91,적응력,타입이 같은 기술의\n위력이 올라간다.
14,7,92,스킬링크,연속 기술을\n많이 쓸 수 있다.
14,7,93,촉촉바디,비가 오면\n상태 이상이 회복된다.
14,7,94,선파워,맑으면 HP가 줄지만\n특수공격이 올라간다.
14,7,95,속보,상태 이상이 되면\n스피드가 올라간다.
14,7,96,노말스킨,쓴 기술이 모두\n노말타입이 된다.
14,7,97,스나이퍼,급소에 맞혔을 때\n위력이 올라간다.
14,7,98,매직가드,공격 이외에는\n데미지를 입지 않는다.
14,7,99,노가드,서로의 기술이\n반드시 맞는다.
14,7,100,시간벌기,상대보다 재빨라도\n행동이 느려진다.
14,7,101,테크니션,약한 기술의\n위력이 올라간다.
14,7,102,리프가드,맑을 때는\n상태 이상이 되지 않는다.
14,7,103,서투름,지니고 있는 도구를\n쓸 수 없다.
14,7,104,틀깨기,특성에 관계없이 상대에게\n기술을 쓸 수 있다.
14,7,105,대운,상대의 급소에\n공격이 맞기 쉽다.
14,7,106,유폭,기절할 때 스친\n상대에게 데미지를 준다.
14,7,107,위험예지,상대가 지닌 위험한\n기술을 감지한다.
14,7,108,예지몽,상대가 지닌 기술을\n꿰뚫어볼 수 있다.
14,7,109,천진,상대의 능력\n변화를 무시한다.
14,7,110,색안경,효과가 별로인 기술이\n강해진다.
14,7,111,필터,효과가 굉장한 기술의\n위력을 약하게 한다.
14,7,112,슬로스타트,공격과 스피드가\n잠시 동안 절반이 된다.
14,7,113,배짱,고스트타입에\n기술이 맞게 된다.
14,7,114,마중물,물타입의 기술을\n모두 자신이 맞는다.
14,7,115,아이스바디,날씨가 싸라기눈일 때\nHP를 회복한다.
14,7,116,하드록,효과가 굉장한 기술의\n위력을 약하게 한다.
14,7,117,눈퍼뜨리기,배틀에 나가면\n싸라기눈을 내리게 한다.
14,7,118,꿀모으기,달콤한꿀을 모아서\n올 때가 있다.
14,7,119,통찰,상대가 지닌 물건을\n알 수 있다.
14,7,120,이판사판,반동 데미지를\n받는 기술이 강해진다.
14,7,121,멀티타입,지니고 있는 플레이트에\n따라 타입이 바뀐다.
14,7,122,플라워기프트,맑을 때 자신과\n같은 편이 강해진다.
14,7,123,나이트메어,잠들어 있는 상대의\nHP를 줄인다.
