version_group_id,language_id,ability_id,name,description
22,1,1,あくしゅう,くさい　においを　はなつことによって\nこうげきした　ときに　あいてを\nひるませることが　ある。
22,1,2,あめふらし,とうじょう　したときに\nてんきを　あめに　する。
22,1,3,かそく,まいターン　すばやさが　あがる。
22,1,4,カブトアーマー,かたい　こうらに　まもられて\nあいての　こうげきが\nきゅうしょに　あたらない。
22,1,5,がんじょう,あいての　わざを　うけても\nいちげきで　たおされることが　ない。\nいちげきひっさつわざも　きかない。
22,1,6,しめりけ,あたりを　しめらせることに　よって\nじばく　などの　ばくはつする　わざを\nだれも　つかえなくなる。
22,1,7,じゅうなん,じゅうなんな　からだによって\nまひ　じょうたいに　ならない。
22,1,8,すながくれ,すなあらしの　とき\nかいひりつが　あがる。
22,1,9,せいでんき,せいでんきを　からだに　まとい\nさわった　あいてを\nまひさせる　ことがある。
22,1,10,ちくでん,でんきタイプの　わざを　うけると\nダメージを　うけずに　かいふくする。
22,1,11,ちょすい,みずタイプの　わざを　うけると\nダメージを　うけずに　かいふくする。
22,1,12,どんかん,どんかん　なので\nメロメロや　ちょうはつ　じょうたいに\nならない。
22,1,13,ノーてんき,あらゆる　てんきの　えいきょうが\nなくなって　しまう。
22,1,14,ふくがん,ふくがんを　もっているため\nわざの　めいちゅうりつが　あがる。
22,1,15,ふみん,ねむれない　たいしつ　なので\nねむり　じょうたいに　ならない。
22,1,16,へんしょく,あいてから　うけた　わざの　タイプに\nじぶんの　タイプが　へんか　する。
22,1,17,めんえき,たいないに　めんえきを　もっているため\nどく　じょうたいに　ならない。
22,1,18,もらいび,ほのおタイプの　わざを　うけると\nほのおを　もらい　じぶんが　だす\nほのおタイプの　わざが　つよくなる。
22,1,19,りんぷん,りんぷんに　まもられて\nわざの　ついかこうかを　うけなくなる。
22,1,20,マイペース,マイペースなので\nこんらん　じょうたいに　ならない。
22,1,21,きゅうばん,きゅうばんで　じめんに　はりつき\nポケモンを　いれかえさせる\nわざや　どうぐが　きかなくなる。
22,1,22,いかく,とうじょう　したとき　いかくして\nあいてを　いしゅくさせ\nあいての　こうげきを　さげて　しまう。
22,1,23,かげふみ,あいての　かげを　ふみ\nにげたり　こうたい　できなくする。
22,1,24,さめはだ,こうげきを　うけたとき\nじぶんに　ふれた　あいてを\nざらざらの　はだで　キズつける。
22,1,25,ふしぎなまもり,こうかばつぐんの　わざしか\nあたらない　ふしぎな　ちから。
22,1,26,ふゆう,じめんから　うくことによって\nじめんタイプの　わざを　うけない。
22,1,27,ほうし,こうげきで　じぶんに　ふれた　あいてを\nどくや　まひや　ねむり　じょうたいに\nする　ことがある。
22,1,28,シンクロ,じぶんが　なってしまった\nどくや　まひや　やけどを\nあいてに　うつす。
22,1,29,クリアボディ,あいての　わざや　とくせいで\nのうりょくを　さげられない。
22,1,30,しぜんかいふく,てもちに　ひっこむと\nじょうたい　いじょうが　なおる。
22,1,31,ひらいしん,でんきタイプの　わざを　じぶんに\nよせつけ　ダメージを　うけずに\nとくこうが　あがる。
22,1,32,てんのめぐみ,てんのめぐみの　おかげで\nわざの　ついかこうかが　でやすい。
22,1,33,すいすい,てんきが　あめのとき\nすばやさが　あがる。
22,1,34,ようりょくそ,てんきが　はれのとき\nすばやさが　あがる。
22,1,35,はっこう,あたりを　あかるくする　ことで\nやせいの　ポケモンに\nそうぐう　しやすくなる。
22,1,36,トレース,とうじょう　したとき\nあいての　とくせいを　トレースして\nおなじ　とくせいに　なる。
22,1,37,ちからもち,ぶつり　こうげきの\nいりょくが　２ばいに　なる。
22,1,38,どくのトゲ,じぶんに　さわった　あいてを\nどく　じょうたいに　する　ことがある。
22,1,39,せいしんりょく,きたえられた　せいしんに　よって\nあいての　こうげきに　ひるまない。
22,1,40,マグマのよろい,あつい　マグマを　みにまとい\nこおり　じょうたいに　ならない。
22,1,41,みずのベール,みずのベールを　みにまとい\nやけど　じょうたいに　ならない。
22,1,42,じりょく,はがねタイプの　ポケモンを\nじりょくで　ひきつけて\nにげられなくする。
22,1,43,ぼうおん,おとを　しゃだん　することに　よって\nおとの　こうげきを　うけない。
22,1,44,あめうけざら,てんきが　あめのとき\nすこしずつ　ＨＰを　かいふくする。
22,1,45,すなおこし,とうじょう　したとき\nてんきを　すなあらしに　する。
22,1,46,プレッシャー,プレッシャーを　あたえて\nあいての　つかう　わざの　ＰＰを\nおおく　へらす。
22,1,47,あついしぼう,あつい　しぼうで　まもられているので\nほのおタイプと　こおりタイプの\nわざの　ダメージを　はんげんさせる。
22,1,48,はやおき,ねむり　じょうたいに　なっても\n２ばいの　はやさで\nめざめる　ことが　できる。
22,1,49,ほのおのからだ,じぶんに　さわった　あいてを\nやけど　じょうたいに　する　ことがある。
22,1,50,にげあし,やせいの　ポケモンから\nかならず　にげられる。
22,1,51,するどいめ,するどい　めの　おかげで\nめいちゅうりつを　さげられない。
22,1,52,かいりきバサミ,ちからじまんの　ハサミを　もっているので\nあいてに　こうげきを　さげられない。
22,1,53,ものひろい,あいての　つかった　どうぐを\nひろってくることが　ある。\nぼうけんちゅうも　ひろってくる。
22,1,54,なまけ,わざを　だすと\nつぎの　ターンは　やすんでしまう。
22,1,55,はりきり,じぶんの　こうげきが　たかくなるが\nめいちゅうりつが　さがる。
22,1,56,メロメロボディ,じぶんに　さわった　あいてを\nメロメロに　することが　ある。
22,1,57,プラス,プラスか　マイナスの　とくせいを　もつ\nポケモンが　なかまに　いると\nじぶんの　とくこうが　あがる。
22,1,58,マイナス,プラスか　マイナスの　とくせいを　もつ\nポケモンが　なかまに　いると\nじぶんの　とくこうが　あがる。
22,1,59,てんきや,てんきの　えいきょうを　うけて\nみずタイプ　ほのおタイプ　こおりタイプの\nどれかに　へんかする。
22,1,60,ねんちゃく,ねんちゃくしつの　からだに\nどうぐが　くっついているため\nあいてに　どうぐを　うばわれない。
22,1,61,だっぴ,からだの　かわを　ぬぎすてることで\nじょうたい　いじょうを\nなおすことが　ある。
22,1,62,こんじょう,じょうたい　いじょうに　なると\nこんじょうを　だして\nこうげきが　あがる。
22,1,63,ふしぎなうろこ,じょうたい　いじょうに　なると\nふしぎなうろこが　はんのうして\nぼうぎょが　あがる。
22,1,64,ヘドロえき,ヘドロえきを　すいとった　あいては\nきょうれつな　あくしゅうで\nダメージを　うけて　ＨＰを　へらす。
22,1,65,しんりょく,ＨＰが　へったとき\nくさタイプの　わざの\nいりょくが　あがる。
22,1,66,もうか,ＨＰが　へったとき\nほのおタイプの　わざの\nいりょくが　あがる。
22,1,67,げきりゅう,ＨＰが　へったとき\nみずタイプの　わざの\nいりょくが　あがる。
22,1,68,むしのしらせ,ＨＰが　へったとき\nむしタイプの　わざの\nいりょくが　あがる。
22,1,69,いしあたま,はんどうを　うける　わざを　だしても\nＨＰが　へらない。
22,1,70,ひでり,とうじょう　したときに\nてんきを　はれに　する。
22,1,71,ありじごく,せんとうで　あいてを\nにげられなくする。
22,1,72,やるき,やるきを　だすことに　よって\nねむり　じょうたいに　ならない。
22,1,73,しろいけむり,しろいけむりに　まもられて\nあいてに　のうりょくを　さげられない。
22,1,74,ヨガパワー,ヨガの　ちからで\nぶつり　こうげきの　いりょくが\n２ばいに　なる。
22,1,75,シェルアーマー,かたい　からに　まもられ\nあいての　こうげきが\nきゅうしょに　あたらない。
22,1,76,エアロック,あらゆる　てんきの　えいきょうが\nきえて　しまう。
22,1,77,ちどりあし,こんらん　じょうたいの　ときは\nかいひりつが　アップする。
22,1,78,でんきエンジン,でんきタイプの　わざを　うけると\nダメージを　うけずに\nすばやさが　あがる。
22,1,79,とうそうしん,せいべつが　おなじだと\nとうそうしんを　もやして　つよくなる\nせいべつが　ちがうと　よわくなる
22,1,80,ふくつのこころ,ひるむ　たびに\nふくつのこころを　もやして\nすばやさが　あがる。
22,1,81,ゆきがくれ,てんきが　あられのとき\nかいひりつが　あがる。
22,1,82,くいしんぼう,ＨＰが　すくなくなったら　たべる\nきのみを　ＨＰ　はんぶんの\nときに　たべてしまう。
22,1,83,いかりのつぼ,きゅうしょに　こうげきが　あたると\nいかりくるって　こうげきりょくが\nさいだいに　なる。
22,1,84,かるわざ,もっていた　どうぐが　なくなると\nすばやさが　あがる。
22,1,85,たいねつ,たいねつの　からだに　よって\nほのおタイプの　わざの\nダメージを　はんげんさせる
22,1,86,たんじゅん,のうりょく　へんかが\nいつもの　２ばいに　なる。
22,1,87,かんそうはだ,てんきが　あめのときや　みずタイプの\nわざで　ＨＰが　かいふくし　はれのときや\nほのおタイプの　わざで　へってしまう。
22,1,88,ダウンロード,あいての　ぼうぎょと　とくぼうを　くらべて\nひくい　ほうの　のうりょくに　あわせて\nじぶんの　こうげきか　とくこうを　あげる。
22,1,89,てつのこぶし,パンチを　つかう　わざの\nいりょくが　あがる。
22,1,90,ポイズンヒール,どくじょうたいに　なると\nＨＰが　へらずに　ふえていく。
22,1,91,てきおうりょく,じぶんと　おなじ　タイプの\nわざの　いりょくが　あがる。
22,1,92,スキルリンク,れんぞくわざを　つかうと　いつも\nさいこう　かいすう　だすことが　できる。
22,1,93,うるおいボディ,てんきが　あめのとき\nじょうたい　いじょうが　なおる。
22,1,94,サンパワー,てんきが　はれると\nとくこうが　あがるが\nまいターン　ＨＰが　へる。
22,1,95,はやあし,じょうたい　いじょうに　なると\nすばやさが　あがる。
22,1,96,ノーマルスキン,どんな　タイプの　わざでも\nすべて　ノーマルタイプに　なる。\nいりょくが　すこし　あがる。
22,1,97,スナイパー,こうげきを　きゅうしょに　あてると\nいりょくが　さらに　あがる。
22,1,98,マジックガード,こうげき　いがいでは\nダメージを　うけない。
22,1,99,ノーガード,ノーガード　せんぽうに　よって\nおたがいの　だす　わざが\nかならず　あたる　ようになる。
22,1,100,あとだし,わざを　だす　じゅんばんが\nかならず　さいごに　なる。
22,1,101,テクニシャン,いりょくが　ひくい　わざの\nいりょくを　たかくして　こうげきできる。
22,1,102,リーフガード,てんきが　はれのときは\nじょうたい　いじょうに　ならない。
22,1,103,ぶきよう,もっている　どうぐを\nつかうことが　できない。
22,1,104,かたやぶり,あいての　とくせいに\nじゃまされる　ことなく　あいてに\nわざを　だすことが　できる。
22,1,105,きょううん,きょううんを　もっているため\nあいての　きゅうしょに\nこうげきが　あたりやすい。
22,1,106,ゆうばく,ひんしに　なったとき\nさわった　あいてに\nダメージを　あたえる。
22,1,107,きけんよち,あいての　もつ　きけんな　わざを\nさっちする　ことができる。
22,1,108,よちむ,とうじょう　したとき\nあいての　もつ　わざを\nひとつだけ　よみとる。
22,1,109,てんねん,あいての　のうりょくの　へんかを\nむしして　こうげきが　できる。
22,1,110,いろめがね,こうかが　いまひとつの　わざを\nつうじょうの　いりょくで\nだすことが　できる。
22,1,111,フィルター,こうかばつぐんに　なってしまう\nこうげきの　いりょくを\nよわめる　ことが　できる。
22,1,112,スロースタート,５ターンの　あいだ\nこうげきと　すばやさが\nはんぶんに　なる。
22,1,113,きもったま,ゴーストタイプの　ポケモンに\nノーマルタイプと　かくとうタイプの\nわざを　あてることが　できる。
22,1,114,よびみず,みずタイプの　わざを　じぶんに　よせつけ\nダメージは　うけずに　とくこうが　あがる。
22,1,115,アイスボディ,てんきが　あられのとき　ＨＰを\nすこしずつ　かいふく　する。
22,1,116,ハードロック,こうかばつぐんに　なってしまう\nこうげきの　いりょくを\nよわめる　ことが　できる。
22,1,117,ゆきふらし,とうじょう　したときに\nてんきを　あられに　する。
22,1,118,みつあつめ,せんとうが　おわったとき\nあまいミツを　ひろうことが　ある。
22,1,119,おみとおし,とうじょう　したとき\nあいての　もちものを\nみとおすことが　できる。
22,1,120,すてみ,はんどうで　ダメージを\nうける　わざの　いりょくが　あがる。
22,1,121,マルチタイプ,もっている　プレートや\nＺクリスタルの　タイプによって\nじぶんの　タイプが　かわる。
22,1,122,フラワーギフト,てんきが　はれのとき\nじぶんと　みかたの　こうげきと\nとくぼうの　のうりょくが　あがる。
22,1,123,ナイトメア,ねむり　じょうたいの　あいてに\nダメージを　あたえる。
22,1,124,わるいてぐせ,さわられた　あいての　どうぐを\nぬすんで　しまう。
22,1,125,ちからずく,わざの　ついか　こうかは　なくなるが\nそのぶん　たかい　いりょくで\nわざを　だすことが　できる。
22,1,126,あまのじゃく,のうりょくの　へんかが　ぎゃくてんして\nあがるときに　さがり\nさがるときに　あがる。
22,1,127,きんちょうかん,あいてを　きんちょうさせて\nきのみを　たべられなく　させる。
22,1,128,まけんき,のうりょくを　さげられると\nこうげきが　ぐーんと　あがる。
22,1,129,よわき,ＨＰが　はんぶんに　なると\nよわきに　なって　こうげきと\nとくこうが　はんげんする。
22,1,130,のろわれボディ,こうげきを　うけると　あいての　わざを\nかなしばり　じょうたいに\nすることが　ある。
22,1,131,いやしのこころ,じょうたい　いじょうの　みかたを\nたまに　なおしてあげる。
22,1,132,フレンドガード,みかたの　ダメージを\nへらすことが　できる。
22,1,133,くだけるよろい,ぶつりわざで　ダメージを　うけると\nぼうぎょが　さがり\nすばやさが　ぐーんと　あがる。
22,1,134,ヘヴィメタル,じぶんの　おもさが\n２ばいに　なる。
22,1,135,ライトメタル,じぶんの　おもさが\nはんぶんに　なる。
22,1,136,マルチスケイル,ＨＰが　まんたんの　ときに\nうける　ダメージが　すくなくなる。
22,1,137,どくぼうそう,どく　じょうたいに　なったとき\nぶつりわざの　いりょくが　あがる。
22,1,138,ねつぼうそう,やけど　じょうたいに　なったとき\nとくしゅわざの　いりょくが　あがる。
22,1,139,しゅうかく,つかった　きのみを\nなんかいも　つくりだす。
22,1,140,テレパシー,みかたの　こうげきを　よみとって\nわざを　かいひする。
22,1,141,ムラっけ,まいターン　のうりょくの　どれかが\nぐーんと　あがって　どれかが　さがる。
22,1,142,ぼうじん,すなあらしや　あられなどの\nダメージを　うけない。\nこなの　わざを　うけない。
22,1,143,どくしゅ,さわる　だけで　あいてを\nどく　じょうたいに　することがある。
22,1,144,さいせいりょく,てもちに　ひっこむと\nＨＰが　すこし　かいふくする。
22,1,145,はとむね,ぼうぎょを　さげる\nこうかを　うけない。
22,1,146,すなかき,てんきが　すなあらし　のとき\nすばやさが　あがる。
22,1,147,ミラクルスキン,へんかわざを　うけにくい\nからだに　なっている。
22,1,148,アナライズ,いちばん　さいごに　わざを　だすと\nわざの　いりょくが　あがる。
22,1,149,イリュージョン,てもちの　いちばん　うしろに　いる\nポケモンに　なりきって　とうじょうして\nあいてを　ばかす。
22,1,150,かわりもの,めのまえの　ポケモンに\nへんしん　してしまう。
22,1,151,すりぬけ,あいての　かべや　みがわりを\nすりぬけて　こうげき　できる
22,1,152,ミイラ,あいてに　さわられると\nあいてを　ミイラに　してしまう。
22,1,153,じしんかじょう,あいてを　たおすと\nじしんが　ついて\nこうげきが　あがる。
22,1,154,せいぎのこころ,あくタイプの　こうげきを　うけると\nせいぎかんで　こうげきが　あがる。
22,1,155,びびり,あくタイプと　ゴーストタイプと\nむしタイプの　わざを　うけると\nびびって　すばやさが　あがる。
22,1,156,マジックミラー,あいてに　だされた　へんかわざを　うけずに\nそのまま　かえす　ことが　できる。
22,1,157,そうしょく,くさタイプの　わざを　うけると\nダメージを　うけずに\nこうげきが　あがる。
22,1,158,いたずらごころ,へんかわざを　せんせいで\nだすことが　できる。
22,1,159,すなのちから,てんきが　すなあらしの　とき\nいわタイプと　じめんタイプと\nはがねタイプの　いりょくが　あがる。
22,1,160,てつのトゲ,じぶんに　さわった　あいてに\nてつのトゲで　ダメージを　あたえる。
22,1,161,ダルマモード,ＨＰが　はんぶん　いかに　なると\nすがたが　へんかする。
22,1,162,しょうりのほし,じぶんや　みかたの\nめいちゅうりつが　あがる。
22,1,163,ターボブレイズ,あいての　とくせいに　じゃまされず\nあいてに　わざを　だすことが　できる。
22,1,164,テラボルテージ,あいての　とくせいに　じゃまされず\nあいてに　わざを　だすことが　できる。
22,1,165,アロマベール,じぶんと　みかたへの　メンタル\nこうげきを　ふせぐことが　できる。
22,1,166,フラワーベール,みかたの　くさポケモンは\nのうりょくが　さがらず\nじょうたい　いじょうにも　ならない。
22,1,167,ほおぶくろ,どんな　きのみでも\nたべると　ＨＰも　かいふくする。
22,1,168,へんげんじざい,じぶんが　だす　わざと\nおなじ　タイプに　へんかする。
22,1,169,ファーコート,あいてから　うける　ぶつりわざの\nダメージが　はんぶんに　なる。
22,1,170,マジシャン,わざを　あてた　あいての\nどうぐを　うばってしまう。
22,1,171,ぼうだん,あいての　たまや　ばくだんなどの\nわざを　ふせぐことが　できる。
22,1,172,かちき,のうりょくを　さげられると\nとくこうが　ぐーんと　あがる。
22,1,173,がんじょうあご,あごが　がんじょうで\nかむ　わざの　いりょくが\nたかくなる。
22,1,174,フリーズスキン,ノーマルタイプの　わざが\nこおりタイプになる。\nいりょくが　すこし　あがる。
22,1,175,スイートベール,みかたの　ポケモンは\nねむらなくなる。
22,1,176,バトルスイッチ,こうげきわざを　だすと　ブレードフォルムに\nわざ　キングシールドを　だすと\nシールドフォルムに　へんかする。
22,1,177,はやてのつばさ,ＨＰが　まんたん　だと\nひこうタイプの　わざを\nせんせいで　だすことが　できる。
22,1,178,メガランチャー,はどうの　わざの\nいりょくが　たかくなる。
22,1,179,くさのけがわ,グラスフィールドのとき\nぼうぎょが　あがる。
22,1,180,きょうせい,みかたが　どうぐを　つかうと\nじぶんの　もっている　どうぐを\nみかたに　わたす。
22,1,181,かたいツメ,あいてに　せっしょくする　わざの\nいりょくが　たかくなる。
22,1,182,フェアリースキン,ノーマルタイプの　わざが\nフェアリータイプになる。\nいりょくが　すこし　あがる。
22,1,183,ぬめぬめ,こうげきで　じぶんに　ふれた　あいての\nすばやさを　さげる。
22,1,184,スカイスキン,ノーマルタイプの　わざが\nひこうタイプになる。\nいりょくが　すこし　あがる。
22,1,185,おやこあい,おやこ　２ひきで　２かい\nこうげきする　ことが　できる。
22,1,186,ダークオーラ,ぜんいんの　あくタイプの\nわざが　つよくなる。
22,1,187,フェアリーオーラ,ぜんいんの　フェアリータイプの\nわざが　つよくなる。
22,1,188,オーラブレイク,オーラの　こうかを　ぎゃくてんさせて\nいりょくを　さげる。
22,1,189,はじまりのうみ,ほのおタイプの　こうげきを\nうけない　てんきにする。
22,1,190,おわりのだいち,みずタイプの　こうげきを\nうけない　てんきにする。
22,1,191,デルタストリーム,ひこうタイプの　じゃくてんが\nなくなる　てんきにする。
22,1,192,じきゅうりょく,こうげきを　うけると\nぼうぎょが　あがる。
22,1,193,にげごし,ＨＰが　はんぶんに　なると\nあわてて　にげだして\nてもちに　ひっこんで　しまう。
22,1,194,ききかいひ,ＨＰが　はんぶんに　なると\nきけんを　かいひするため\nてもちに　ひっこんで　しまう。
22,1,195,みずがため,みずタイプの　わざを　うけると\nぼうぎょが　ぐーんと　あがる。
22,1,196,ひとでなし,どく　じょうたいの\nあいてを　こうげきすると\nかならず　きゅうしょに　あたる。
22,1,197,リミットシールド,ＨＰが　はんぶんに　なると\nからが　こわれて\nこうげきてきに　なる。
22,1,198,はりこみ,こうたいで　でてきた　あいてに\n２ばいの　ダメージで　こうげき　できる。
22,1,199,すいほう,じぶんに　たいする　ほのおタイプの\nわざの　いりょくを　さげる。\nやけど　しない。
22,1,200,はがねつかい,はがねタイプの　わざの\nいりょくが　あがる。
22,1,201,ぎゃくじょう,あいての　こうげきで\nＨＰが　はんぶんに　なると\nとくこうが　あがる。
22,1,202,ゆきかき,てんきが　あられ　のとき\nすばやさが　あがる。
22,1,203,えんかく,すべての　わざを\nあいてに　せっしょく　しないで\nだすことが　できる。
22,1,204,うるおいボイス,すべての　おとわざが\nみずタイプに　なる。
22,1,205,ヒーリングシフト,かいふくわざを　せんせいで\nだすことが　できる。
22,1,206,エレキスキン,ノーマルタイプの　わざが\nでんきタイプになる。\nいりょくが　すこし　あがる。
22,1,207,サーフテール,エレキフィールド　のとき\nすばやさが　２ばいに　なる。
22,1,208,ぎょぐん,ＨＰが　おおいときは　むれて　つよくなる。\nＨＰの　のこりが　すくなくなると\nむれは　ちりぢりに　なってしまう。
22,1,209,ばけのかわ,からだを　おおう　ばけのかわで\n１かい　こうげきを　ふせぐことが　できる。
22,1,210,きずなへんげ,あいてを　たおすと　トレーナーとの\nきずなが　ふかまり　サトシゲッコウガに\nへんげする。みずしゅりけんが　つよくなる。
22,1,211,スワームチェンジ,ＨＰが　はんぶんに　なると\nセルたちが　おうえんに　かけつけ\nパーフェクトフォルムに　すがたを　かえる。
22,1,212,ふしょく,はがねタイプや　どくタイプも\nどく　じょうたいに　することが　できる。
22,1,213,ぜったいねむり,つねに　ゆめうつつの　じょうたいで\nぜったいに　めざめない。\nねむったまま　こうげきが　できる。
22,1,214,じょおうのいげん,あいてに　いあつかんを　あたえ\nこちらに　むかって　せんせいわざを\nだせない　ようにする。
22,1,215,とびだすなかみ,あいてに　たおされたとき\nＨＰの　のこりの　ぶんだけ\nあいてに　ダメージを　あたえる。
22,1,216,おどりこ,だれかが　おどりわざを　つかうと\nじぶんも　それに　つづいて\nおどりわざを　だすことが　できる。
22,1,217,バッテリー,みかたの　とくしゅわざの\nいりょくを　あげる。
22,1,218,もふもふ,あいてから　うけた　せっしょくする　わざの\nダメージを　はんげんするが　ほのおタイプの\nわざの　ダメージは　２ばいになる。
22,1,219,ビビッドボディ,あいてを　びっくり　させて\nこちらに　むかって　せんせいわざを\nだせない　ようにする。
22,1,220,ソウルハート,ポケモンが　ひんしに　なるたびに\nとくこうが　あがる。
22,1,221,カーリーヘアー,こうげきで　じぶんに　ふれた　あいての\nすばやさを　さげる。
22,1,222,レシーバー,たおされた　みかたの　とくせいを\nうけついで　おなじ　とくせいに　なる。
22,1,223,かがくのちから,たおされた　みかたの　とくせいを　うけつぎ\nおなじ　とくせいに　かわる。
22,1,224,ビーストブースト,あいてを　たおしたとき\nじぶんの　いちばん　たかい\nのうりょくが　あがる。
22,1,225,ＡＲシステム,もっている　メモリで\nじぶんの　タイプが　かわる。
22,1,226,エレキメイカー,とうじょう　したときに\nエレキフィールドを　はりめぐらせる。
22,1,227,サイコメイカー,とうじょう　したときに\nサイコフィールドを　はりめぐらせる。
22,1,228,ミストメイカー,とうじょう　したときに\nミストフィールドを　はりめぐらせる。
22,1,229,グラスメイカー,とうじょう　したときに\nグラスフィールドを　はりめぐらせる。
22,1,230,メタルプロテクト,あいての　わざや　とくせいで\nのうりょくを　さげられない。
22,1,231,ファントムガード,ＨＰが　まんたんの　ときに\nうける　ダメージが　すくなくなる。
22,1,232,プリズムアーマー,こうかばつぐんに　なってしまう\nこうげきの　いりょくを\nよわめる　ことが　できる。
22,1,233,ブレインフォース,こうかばつぐんの　こうげきで\nいりょくが　さらに　あがる。
22,1,234,ふとうのけん,とうじょう　したときに\nこうげきが　あがる。
22,1,235,ふくつのたて,とうじょう　したときに\nぼうぎょが　あがる。
22,1,236,リベロ,じぶんが　だす　わざと\nおなじ　タイプに　へんかする。
22,1,237,たまひろい,どうぐを　もっていない　ばあい\n１かいめに　なげて　しっぱい　した\nモンスターボールを　ひろってくる。
22,1,238,わたげ,こうげきを　うけると　わたげを　ばらまいて\nじぶんいがいの　ポケモン　すべての\nすばやさを　さげる。
22,1,239,スクリューおびれ,あいての　わざを　ひきうける\nとくせいや　わざの\nえいきょうを　むし　できる。
22,1,240,ミラーアーマー,じぶんが　うけた\nのうりょく　ダウンの\nこうか　だけを　はねかえす。
22,1,241,うのミサイル,なみのりか　ダイビングを　すると\nえものを　くわえてくる。　ダメージを\nうけると　えものを　はきだして　こうげき。
22,1,242,すじがねいり,あいての　わざを　ひきうける\nとくせいや　わざの\nえいきょうを　むし　できる。
22,1,243,じょうききかん,みずタイプ　ほのおタイプの\nわざを　うけると\nすばやさが　ぐぐーんと　あがる。
22,1,244,パンクロック,おとわざの　いりょくが　あがる。\nうけた　おとわざの\nダメージは　はんぶんに　なる。
22,1,245,すなはき,こうげきを　うけると\nすなあらしを　おこす。
22,1,246,こおりのりんぷん,こおりのりんぷんに　まもられて\nとくしゅこうげきで　うける\nダメージが　はんげん　する。
22,1,247,じゅくせい,じゅくせい　させることで\nきのみの　こうかが\nばいに　なる。
22,1,248,アイスフェイス,ぶつりこうげきは　あたまの　こおりが\nみがわりに　なるが　すがたも　かわる。\nこおりは　あられが　ふると　もとにもどる。
22,1,249,パワースポット,となりに　いるだけで\nわざの　いりょくが　あがる。
22,1,250,ぎたい,フィールドの　じょうたいに　あわせて\nポケモンの　タイプが　かわる。
22,1,251,バリアフリー,とうじょう　したときに　てきと　みかたの\nひかりのかべ　リフレクター\nオーロラベールの　こうかが　きえる。
22,1,252,はがねのせいしん,みかたの　はがねタイプの\nこうげきの　いりょくが　あがる。
22,1,253,ほろびのボディ,せっしょくする　わざを　うけると\nおたがい　３ターン　たつと　ひんしになる。\nこうたいすると　こうかは　なくなる。
22,1,254,さまようたましい,せっしょくする　わざで\nこうげき　してきた　ポケモンと\nとくせいを　いれかえる。
22,1,255,ごりむちゅう,こうげきは　あがるが\nさいしょに　えらんだ\nわざしか　だせなくなる。
22,1,256,かがくへんかガス,かがくへんかガスの　ポケモンが　ばにいると\nすべての　ポケモンの　とくせいの\nこうかが　きえたり　はつどう　しなくなる。
22,1,257,パステルベール,じぶんも　みかたも\nどくの　じょうたいいじょうを\nうけなくなる。
22,1,258,はらぺこスイッチ,ターンの　おわりに　まんぷくもよう\nはらぺこもよう　まんぷくもよう……と\nこうごに　すがたを　かえる。
22,1,259,クイックドロウ,あいてより　さきに\nこうどう　できることが　ある。
22,1,260,ふかしのこぶし,あいてに　せっしょくする　わざなら\nまもりの　こうかを\nむしして　こうげき　することが　できる。
22,1,261,きみょうなくすり,とうじょう　したときに\nかいがらから　くすりを　ふりまいて\nみかたの　のうりょくへんかを　もとにもどす。
22,1,262,トランジスタ,でんきタイプの　わざの\nいりょくが　あがる。
22,1,263,りゅうのあぎと,ドラゴンタイプの　わざの\nいりょくが　あがる。
22,1,264,しろのいななき,あいてを　たおすと\nつめたい　こえで　いなないて\nこうげきが　あがる。
22,1,265,くろのいななき,あいてを　たおすと\nおそろしい　こえで　いなないて\nとくこうが　あがる。
22,1,266,じんばいったい,バドレックスの　きんちょうかんと\nブリザポスの　しろのいななきの\nふたつの　とくせいを　あわせもつ。
22,1,267,じんばいったい,バドレックスの　きんちょうかんと\nレイスポスの　くろのいななきの\nふたつの　とくせいを　あわせもつ。
22,2,1,Stench,"By releasing stench when attacking, this Pokémon\nmay cause the target to flinch."
22,2,2,Drizzle,The Pokémon makes it rain when it enters a battle.
22,2,3,Speed Boost,Its Speed stat is boosted every turn.
22,2,4,Battle Armor,Hard armor protects the Pokémon from critical hits.
22,2,5,Sturdy,"It cannot be knocked out with one hit. One-hit KO\nmoves cannot knock it out, either."
22,2,6,Damp,"Prevents the use of explosive moves, such as\nSelf-Destruct, by dampening its surroundings."
22,2,7,Limber,Its limber body protects the Pokémon from paralysis.
22,2,8,Sand Veil,Boosts the Pokémon’s evasiveness in a sandstorm.
22,2,9,Static,"The Pokémon is charged with static electricity, so\ncontact with it may cause paralysis."
22,2,10,Volt Absorb,Restores HP if hit by an Electric-type move instead\nof taking damage.
22,2,11,Water Absorb,Restores HP if hit by a Water-type move instead of\ntaking damage.
22,2,12,Oblivious,"The Pokémon is oblivious, and that keeps it from\nbeing infatuated or falling for taunts."
22,2,13,Cloud Nine,Eliminates the effects of weather.
22,2,14,Compound Eyes,The Pokémon’s compound eyes boost its accuracy.
22,2,15,Insomnia,The Pokémon is suffering from insomnia and cannot\nfall asleep.
22,2,16,Color Change,The Pokémon’s type becomes the type of the move\nused on it.
22,2,17,Immunity,The immune system of the Pokémon prevents it from\ngetting poisoned.
22,2,18,Flash Fire,Powers up the Pokémon’s Fire-type moves if it’s hit\nby one.
22,2,19,Shield Dust,This Pokémon’s dust blocks the additional effects of\nattacks taken.
22,2,20,Own Tempo,"This Pokémon has its own tempo, and that prevents\nit from becoming confused."
22,2,21,Suction Cups,This Pokémon uses suction cups to stay in one spot\nto negate all moves and items that force\nswitching out.
22,2,22,Intimidate,"The Pokémon intimidates opposing Pokémon upon\nentering battle, lowering their Attack stat."
22,2,23,Shadow Tag,This Pokémon steps on the opposing Pokémon’s\nshadow to prevent it from escaping.
22,2,24,Rough Skin,This Pokémon inflicts damage with its rough skin\nto the attacker on contact.
22,2,25,Wonder Guard,Its mysterious power only lets supereffective moves\nhit the Pokémon.
22,2,26,Levitate,"By floating in the air, the Pokémon receives full\nimmunity to all Ground-type moves."
22,2,27,Effect Spore,"Contact with the Pokémon may inflict poison, sleep,\nor paralysis on its attacker."
22,2,28,Synchronize,"The attacker will receive the same status condition if\nit inflicts a burn, poison, or paralysis to the Pokémon."
22,2,29,Clear Body,Prevents other Pokémon’s moves or Abilities from\nlowering the Pokémon’s stats.
22,2,30,Natural Cure,All status conditions heal when the Pokémon\nswitches out.
22,2,31,Lightning Rod,"The Pokémon draws in all Electric-type moves.\nInstead of being hit by Electric-type moves,\nit boosts its Sp. Atk."
22,2,32,Serene Grace,Boosts the likelihood of additional effects occurring\nwhen attacking.
22,2,33,Swift Swim,Boosts the Pokémon’s Speed stat in rain.
22,2,34,Chlorophyll,Boosts the Pokémon’s Speed stat in harsh sunlight.
22,2,35,Illuminate,Raises the likelihood of meeting wild Pokémon by\nilluminating the surroundings.
22,2,36,Trace,"When it enters a battle, the Pokémon copies an\nopposing Pokémon’s Ability."
22,2,37,Huge Power,Doubles the Pokémon’s Attack stat.
22,2,38,Poison Point,Contact with the Pokémon may poison the attacker.
22,2,39,Inner Focus,"The Pokémon’s intensely focused, and that protects\nthe Pokémon from flinching."
22,2,40,Magma Armor,"The Pokémon is covered with hot magma, which\nprevents the Pokémon from becoming frozen."
22,2,41,Water Veil,"The Pokémon is covered with a water veil, which\nprevents the Pokémon from getting a burn."
22,2,42,Magnet Pull,Prevents Steel-type Pokémon from escaping using\nits magnetic force.
22,2,43,Soundproof,Soundproofing gives the Pokémon full\nimmunity to all sound-based moves.
22,2,44,Rain Dish,The Pokémon gradually regains HP in rain.
22,2,45,Sand Stream,The Pokémon summons a sandstorm when it enters\na battle.
22,2,46,Pressure,"By putting pressure on the opposing Pokémon, it\nraises their PP usage."
22,2,47,Thick Fat,"The Pokémon is protected by a layer of thick fat,\nwhich halves the damage taken from Fire- and\nIce-type moves."
22,2,48,Early Bird,The Pokémon awakens from sleep twice as fast\nas other Pokémon.
22,2,49,Flame Body,Contact with the Pokémon may burn the attacker.
22,2,50,Run Away,Enables a sure getaway from wild Pokémon.
22,2,51,Keen Eye,Keen eyes prevent other Pokémon from lowering this\nPokémon’s accuracy.
22,2,52,Hyper Cutter,The Pokémon’s proud of its powerful pincers. They\nprevent other Pokémon from lowering its Attack stat.
22,2,53,Pickup,"The Pokémon may pick up the item an opposing\nPokémon used during a battle. It may pick up items\noutside of battle, too."
22,2,54,Truant,The Pokémon can’t use a move if it had used a move\non the previous turn.
22,2,55,Hustle,"Boosts the Attack stat, but lowers accuracy."
22,2,56,Cute Charm,Contact with the Pokémon may cause infatuation.
22,2,57,Plus,Boosts the Sp. Atk stat of the Pokémon if an ally\nwith the Plus or Minus Ability is also in battle.
22,2,58,Minus,Boosts the Sp. Atk stat of the Pokémon if an ally\nwith the Plus or Minus Ability is also in battle.
22,2,59,Forecast,"The Pokémon transforms with the weather to change\nits type to Water, Fire, or Ice."
22,2,60,Sticky Hold,Items held by the Pokémon are stuck fast and\ncannot be removed by other Pokémon.
22,2,61,Shed Skin,The Pokémon may heal its own status conditions\nby shedding its skin.
22,2,62,Guts,It’s so gutsy that having a status condition boosts\nthe Pokémon’s Attack stat.
22,2,63,Marvel Scale,The Pokémon’s marvelous scales boost the Defense\nstat if it has a status condition.
22,2,64,Liquid Ooze,"The oozed liquid has a strong stench, which damages\nattackers using any draining move."
22,2,65,Overgrow,Powers up Grass-type moves when the Pokémon’s\nHP is low.
22,2,66,Blaze,Powers up Fire-type moves when the Pokémon’s HP\nis low.
22,2,67,Torrent,Powers up Water-type moves when the Pokémon’s\nHP is low.
22,2,68,Swarm,Powers up Bug-type moves when the Pokémon’s HP\nis low.
22,2,69,Rock Head,Protects the Pokémon from recoil damage.
22,2,70,Drought,Turns the sunlight harsh when the Pokémon enters\na battle.
22,2,71,Arena Trap,Prevents opposing Pokémon from fleeing.
22,2,72,Vital Spirit,"The Pokémon is full of vitality, and that prevents\nit from falling asleep."
22,2,73,White Smoke,"The Pokémon is protected by its white smoke, which\nprevents other Pokémon from lowering its stats."
22,2,74,Pure Power,"Using its pure power, the Pokémon doubles its\nAttack stat."
22,2,75,Shell Armor,A hard shell protects the Pokémon from critical hits.
22,2,76,Air Lock,Eliminates the effects of weather.
22,2,77,Tangled Feet,Raises evasiveness if the Pokémon is confused.
22,2,78,Motor Drive,Boosts its Speed stat if hit by an Electric-type move\ninstead of taking damage.
22,2,79,Rivalry,"Becomes competitive and deals more damage to\nPokémon of the same gender, but deals less to\nPokémon of the opposite gender."
22,2,80,Steadfast,The Pokémon’s determination boosts the Speed\nstat each time the Pokémon flinches.
22,2,81,Snow Cloak,Boosts evasiveness in a hailstorm.
22,2,82,Gluttony,"Makes the Pokémon eat a held Berry when its HP\ndrops to half or less, which is sooner than usual."
22,2,83,Anger Point,"The Pokémon is angered when it takes a critical hit,\nand that maxes its Attack stat."
22,2,84,Unburden,Boosts the Speed stat if the Pokémon’s held item is\nused or lost.
22,2,85,Heatproof,The heatproof body of the Pokémon halves the\ndamage from Fire-type moves that hit it.
22,2,86,Simple,The stat changes the Pokémon receives are doubled.
22,2,87,Dry Skin,"Restores HP in rain or when hit by Water-type\nmoves. Reduces HP in harsh sunlight, and increases\nthe damage received from Fire-type moves."
22,2,88,Download,Compares an opposing Pokémon’s Defense and\nSp. Def stats before raising its own Attack or\nSp. Atk stat—whichever will be more effective.
22,2,89,Iron Fist,Powers up punching moves.
22,2,90,Poison Heal,Restores HP if the Pokémon is poisoned instead of\nlosing HP.
22,2,91,Adaptability,Powers up moves of the same type as the Pokémon.
22,2,92,Skill Link,Maximizes the number of times multistrike\nmoves hit.
22,2,93,Hydration,Heals status conditions if it’s raining.
22,2,94,Solar Power,"Boosts the Sp. Atk stat in harsh sunlight, but HP\ndecreases every turn."
22,2,95,Quick Feet,Boosts the Speed stat if the Pokémon has a\nstatus condition.
22,2,96,Normalize,All the Pokémon’s moves become Normal type.\nThe power of those moves is boosted a little.
22,2,97,Sniper,Powers up moves if they become critical hits\nwhen attacking.
22,2,98,Magic Guard,The Pokémon only takes damage from attacks.
22,2,99,No Guard,The Pokémon employs no-guard tactics to ensure\nincoming and outgoing attacks always land.
22,2,100,Stall,The Pokémon moves after all other Pokémon do.
22,2,101,Technician,Powers up the Pokémon’s weaker moves.
22,2,102,Leaf Guard,Prevents status conditions in harsh sunlight.
22,2,103,Klutz,The Pokémon can’t use any held items.
22,2,104,Mold Breaker,Moves can be used on the target regardless of\nits Abilities.
22,2,105,Super Luck,The Pokémon is so lucky that the critical-hit ratios\nof its moves are boosted.
22,2,106,Aftermath,Damages the attacker if it contacts the Pokémon\nwith a finishing hit.
22,2,107,Anticipation,The Pokémon can sense an opposing Pokémon’s\ndangerous moves.
22,2,108,Forewarn,"When it enters a battle, the Pokémon can tell one of\nthe moves an opposing Pokémon has."
22,2,109,Unaware,"When attacking, the Pokémon ignores the target\nPokémon’s stat changes."
22,2,110,Tinted Lens,The Pokémon can use “not very effective” moves\nto deal regular damage.
22,2,111,Filter,Reduces the power of supereffective attacks taken.
22,2,112,Slow Start,"For five turns, the Pokémon’s Attack and Speed\nstats are halved."
22,2,113,Scrappy,The Pokémon can hit Ghost-type Pokémon with\nNormal- and Fighting-type moves.
22,2,114,Storm Drain,"Draws in all Water-type moves. Instead of being hit\nby Water-type moves, it boosts its Sp. Atk."
22,2,115,Ice Body,The Pokémon gradually regains HP in a hailstorm.
22,2,116,Solid Rock,Reduces the power of supereffective attacks taken.
22,2,117,Snow Warning,The Pokémon summons a hailstorm when it enters\na battle.
22,2,118,Honey Gather,The Pokémon may gather Honey after a battle.
22,2,119,Frisk,"When it enters a battle, the Pokémon can check an\nopposing Pokémon’s held item."
22,2,120,Reckless,Powers up moves that have recoil damage.
22,2,121,Multitype,Changes the Pokémon’s type to match the Plate or\nZ-Crystal it holds.
22,2,122,Flower Gift,Boosts the Attack and Sp. Def stats of itself\nand allies in harsh sunlight.
22,2,123,Bad Dreams,Reduces the HP of sleeping opposing Pokémon.
22,2,124,Pickpocket,Steals an item from an attacker that made\ndirect contact.
22,2,125,Sheer Force,Removes additional effects to increase the power\nof moves when attacking.
22,2,126,Contrary,Makes stat changes have an opposite effect.
22,2,127,Unnerve,Unnerves opposing Pokémon and makes them unable\nto eat Berries.
22,2,128,Defiant,Boosts the Pokémon’s Attack stat sharply when its\nstats are lowered.
22,2,129,Defeatist,Halves the Pokémon’s Attack and Sp. Atk stats\nwhen its HP becomes half or less.
22,2,130,Cursed Body,May disable a move used on the Pokémon.
22,2,131,Healer,Sometimes heals an ally’s status condition.
22,2,132,Friend Guard,Reduces damage done to allies.
22,2,133,Weak Armor,Physical attacks to the Pokémon lower its Defense\nstat but sharply raise its Speed stat.
22,2,134,Heavy Metal,Doubles the Pokémon’s weight.
22,2,135,Light Metal,Halves the Pokémon’s weight.
22,2,136,Multiscale,Reduces the amount of damage the Pokémon takes\nwhile its HP is full.
22,2,137,Toxic Boost,Powers up physical attacks when the Pokémon\nis poisoned.
22,2,138,Flare Boost,Powers up special attacks when the Pokémon\nis burned.
22,2,139,Harvest,May create another Berry after one is used.
22,2,140,Telepathy,Anticipates an ally’s attack and dodges it.
22,2,141,Moody,Raises one stat sharply and lowers another\nevery turn.
22,2,142,Overcoat,"Protects the Pokémon from things like sand, hail,\nand powder."
22,2,143,Poison Touch,May poison a target when the Pokémon\nmakes contact.
22,2,144,Regenerator,Restores a little HP when withdrawn from battle.
22,2,145,Big Pecks,Protects the Pokémon from\nDefense-lowering effects.
22,2,146,Sand Rush,Boosts the Pokémon’s Speed stat in a sandstorm.
22,2,147,Wonder Skin,Makes status moves more likely to miss.
22,2,148,Analytic,Boosts move power when the Pokémon moves last.
22,2,149,Illusion,Comes out disguised as the Pokémon in the party’s\nlast spot.
22,2,150,Imposter,The Pokémon transforms itself into the Pokémon\nit’s facing.
22,2,151,Infiltrator,"Passes through the opposing Pokémon’s barrier,\nsubstitute, and the like and strikes."
22,2,152,Mummy,Contact with the Pokémon changes the attacker’s\nAbility to Mummy.
22,2,153,Moxie,"The Pokémon shows moxie, and that boosts the\nAttack stat after knocking out any Pokémon."
22,2,154,Justified,"Being hit by a Dark-type move boosts the Attack\nstat of the Pokémon, for justice."
22,2,155,Rattled,"Dark-, Ghost-, and Bug-type moves scare the\nPokémon and boost its Speed stat."
22,2,156,Magic Bounce,Reflects status moves instead of getting hit\nby them.
22,2,157,Sap Sipper,Boosts the Attack stat if hit by a Grass-type move\ninstead of taking damage.
22,2,158,Prankster,Gives priority to a status move.
22,2,159,Sand Force,"Boosts the power of Rock-, Ground-, and Steel-type\nmoves in a sandstorm."
22,2,160,Iron Barbs,Inflicts damage on the attacker upon contact with\niron barbs.
22,2,161,Zen Mode,Changes the Pokémon’s shape when HP is half\nor less.
22,2,162,Victory Star,Boosts the accuracy of its allies and itself.
22,2,163,Turboblaze,Moves can be used on the target regardless of\nits Abilities.
22,2,164,Teravolt,Moves can be used on the target regardless of\nits Abilities.
22,2,165,Aroma Veil,Protects itself and its allies from attacks that limit\ntheir move choices.
22,2,166,Flower Veil,Ally Grass-type Pokémon are protected from\nstatus conditions and the lowering of their stats.
22,2,167,Cheek Pouch,Restores HP as well when the Pokémon eats a Berry.
22,2,168,Protean,Changes the Pokémon’s type to the type of the\nmove it’s about to use.
22,2,169,Fur Coat,Halves the damage from physical moves.
22,2,170,Magician,The Pokémon steals the held item of a Pokémon it\nhits with a move.
22,2,171,Bulletproof,Protects the Pokémon from some ball and\nbomb moves.
22,2,172,Competitive,Boosts the Sp. Atk stat sharply when a stat\nis lowered.
22,2,173,Strong Jaw,The Pokémon’s strong jaw boosts the power of its\nbiting moves.
22,2,174,Refrigerate,Normal-type moves become Ice-type moves.\nThe power of those moves is boosted a little.
22,2,175,Sweet Veil,Prevents itself and ally Pokémon from falling asleep.
22,2,176,Stance Change,The Pokémon changes its form to Blade Forme when\nit uses an attack move and changes to Shield Forme\nwhen it uses King’s Shield.
22,2,177,Gale Wings,Gives priority to Flying-type moves when\nthe Pokémon’s HP is full.
22,2,178,Mega Launcher,Powers up aura and pulse moves.
22,2,179,Grass Pelt,Boosts the Pokémon’s Defense stat on\nGrassy Terrain.
22,2,180,Symbiosis,The Pokémon passes its item to an ally that has\nused up an item.
22,2,181,Tough Claws,Powers up moves that make direct contact.
22,2,182,Pixilate,Normal-type moves become Fairy-type moves.\nThe power of those moves is boosted a little.
22,2,183,Gooey,Contact with the Pokémon lowers the attacker’s\nSpeed stat.
22,2,184,Aerilate,Normal-type moves become Flying-type moves.\nThe power of those moves is boosted a little.
22,2,185,Parental Bond,Parent and child each attacks.
22,2,186,Dark Aura,Powers up each Pokémon’s Dark-type moves.
22,2,187,Fairy Aura,Powers up each Pokémon’s Fairy-type moves.
22,2,188,Aura Break,The effects of “Aura” Abilities are reversed\nto lower the power of affected moves.
22,2,189,Primordial Sea,The Pokémon changes the weather to nullify\nFire-type attacks.
22,2,190,Desolate Land,The Pokémon changes the weather to nullify\nWater-type attacks.
22,2,191,Delta Stream,The Pokémon changes the weather to eliminate all\nof the Flying type’s weaknesses.
22,2,192,Stamina,Boosts the Defense stat when hit by an attack.
22,2,193,Wimp Out,The Pokémon cowardly switches out when its HP\nbecomes half or less.
22,2,194,Emergency Exit,"The Pokémon, sensing danger, switches out when its\nHP becomes half or less."
22,2,195,Water Compaction,Boosts the Pokémon’s Defense stat sharply when hit\nby a Water-type move.
22,2,196,Merciless,The Pokémon’s attacks become critical hits if the\ntarget is poisoned.
22,2,197,Shields Down,"When its HP becomes half or less, the Pokémon’s\nshell breaks and it becomes aggressive."
22,2,198,Stakeout,Doubles the damage dealt to the target’s\nreplacement if the target switches out.
22,2,199,Water Bubble,Lowers the power of Fire-type moves done to the\nPokémon and prevents the Pokémon from getting\na burn.
22,2,200,Steelworker,Powers up Steel-type moves.
22,2,201,Berserk,Boosts the Pokémon’s Sp. Atk stat when it takes\na hit that causes its HP to become half or less.
22,2,202,Slush Rush,Boosts the Pokémon’s Speed stat in a hailstorm.
22,2,203,Long Reach,The Pokémon uses its moves without making contact\nwith the target.
22,2,204,Liquid Voice,All sound-based moves become Water-type moves.
22,2,205,Triage,Gives priority to a healing move.
22,2,206,Galvanize,Normal-type moves become Electric-type moves.\nThe power of those moves is boosted a little.
22,2,207,Surge Surfer,Doubles the Pokémon’s Speed stat on\nElectric Terrain.
22,2,208,Schooling,"When it has a lot of HP, the Pokémon forms a\npowerful school. It stops schooling when its HP\nis low."
22,2,209,Disguise,"Once per battle, the shroud that covers the\nPokémon can protect it from an attack."
22,2,210,Battle Bond,"Defeating an opposing Pokémon strengthens the\nPokémon’s bond with its Trainer, and it becomes\nAsh-Greninja. Water Shuriken gets more powerful."
22,2,211,Power Construct,Other Cells gather to aid when its HP becomes\nhalf or less. Then the Pokémon changes\nits form to Complete Forme.
22,2,212,Corrosion,The Pokémon can poison the target even if it’s\na Steel or Poison type.
22,2,213,Comatose,It’s always drowsing and will never wake up.\nIt can attack without waking up.
22,2,214,Queenly Majesty,"Its majesty pressures the opposing Pokémon,\nmaking it unable to attack using priority moves."
22,2,215,Innards Out,Damages the attacker landing the finishing hit\nby the amount equal to its last HP.
22,2,216,Dancer,"When another Pokémon uses a dance move,\nit can use a dance move following it regardless\nof its Speed."
22,2,217,Battery,Powers up ally Pokémon’s special moves.
22,2,218,Fluffy,"Halves the damage taken from moves that make\ndirect contact, but doubles that of Fire-type moves."
22,2,219,Dazzling,"Surprises the opposing Pokémon, making it unable\nto attack using priority moves."
22,2,220,Soul-Heart,Boosts its Sp. Atk stat every time a Pokémon faints.
22,2,221,Tangling Hair,Contact with the Pokémon lowers the attacker’s\nSpeed stat.
22,2,222,Receiver,The Pokémon copies the Ability of a defeated ally.
22,2,223,Power of Alchemy,The Pokémon copies the Ability of a defeated ally.
22,2,224,Beast Boost,The Pokémon boosts its most proficient stat each\ntime it knocks out a Pokémon.
22,2,225,RKS System,Changes the Pokémon’s type to match the\nmemory disc it holds.
22,2,226,Electric Surge,Turns the ground into Electric Terrain when the\nPokémon enters a battle.
22,2,227,Psychic Surge,Turns the ground into Psychic Terrain when\nthe Pokémon enters a battle.
22,2,228,Misty Surge,Turns the ground into Misty Terrain when\nthe Pokémon enters a battle.
22,2,229,Grassy Surge,Turns the ground into Grassy Terrain when\nthe Pokémon enters a battle.
22,2,230,Full Metal Body,Prevents other Pokémon’s moves or Abilities from\nlowering the Pokémon’s stats.
22,2,231,Shadow Shield,Reduces the amount of damage the Pokémon takes\nwhile its HP is full.
22,2,232,Prism Armor,Reduces the power of supereffective attacks taken.
22,2,233,Neuroforce,Powers up moves that are super effective.
22,2,234,Intrepid Sword,Boosts the Pokémon’s Attack stat when the Pokémon\nenters a battle.
22,2,235,Dauntless Shield,Boosts the Pokémon’s Defense stat when the Pokémon\nenters a battle.
22,2,236,Libero,Changes the Pokémon’s type to the type of the\nmove it’s about to use.
22,2,237,Ball Fetch,"If the Pokémon is not holding an item, it will fetch\nthe Poké Ball from the first failed throw\nof the battle."
22,2,238,Cotton Down,"When the Pokémon is hit by an attack, it scatters\ncotton fluff around and lowers the Speed stat of\nall Pokémon except itself."
22,2,239,Propeller Tail,Ignores the effects of opposing Pokémon’s Abilities and\nmoves that draw in moves.
22,2,240,Mirror Armor,Bounces back only the stat-lowering effects that\nthe Pokémon receives.
22,2,241,Gulp Missile,"When the Pokémon uses Surf or Dive, it will come back\nwith prey. When it takes damage, it will spit out the prey\nto attack."
22,2,242,Stalwart,Ignores the effects of opposing Pokémon’s Abilities and\nmoves that draw in moves.
22,2,243,Steam Engine,Boosts the Pokémon’s Speed stat drastically if hit by a\nFire- or Water-type move.
22,2,244,Punk Rock,Boosts the power of sound-based moves.\nThe Pokémon also takes half the damage from\nthese kinds of moves.
22,2,245,Sand Spit,The Pokémon creates a sandstorm when it’s hit by\nan attack.
22,2,246,Ice Scales,"The Pokémon is protected by ice scales, which halve\nthe damage taken from special moves."
22,2,247,Ripen,Ripens Berries and doubles their effect.
22,2,248,Ice Face,"The Pokémon’s ice head can take a physical attack as\na substitute, but the attack also changes the Pokémon’s\nappearance. The ice will be restored when it hails."
22,2,249,Power Spot,Just being next to the Pokémon powers up moves.
22,2,250,Mimicry,Changes the Pokémon’s type depending on the terrain.
22,2,251,Screen Cleaner,"When the Pokémon enters a battle, the effects of\nLight Screen, Reflect, and Aurora Veil are nullified for\nboth opposing and ally Pokémon."
22,2,252,Steely Spirit,Powers up ally Pokémon’s Steel-type moves.
22,2,253,Perish Body,"When hit by a move that makes direct contact,\nthe Pokémon and the attacker will faint after three turns\nunless they switch out of battle."
22,2,254,Wandering Spirit,The Pokémon exchanges Abilities with a Pokémon\nthat hits it with a move that makes direct contact.
22,2,255,Gorilla Tactics,Boosts the Pokémon’s Attack stat but only allows\nthe use of the first selected move.
22,2,256,Neutralizing Gas,"If the Pokémon with Neutralizing Gas is in the battle,\nthe effects of all Pokémon’s Abilities will be nullified\nor will not be triggered."
22,2,257,Pastel Veil,Protects the Pokémon and its ally Pokémon from\nbeing poisoned.
22,2,258,Hunger Switch,"The Pokémon changes its form, alternating between\nits Full Belly Mode and Hangry Mode after the end of\neach turn."
22,2,259,Quick Draw,Enables the Pokémon to move first occasionally.
22,2,260,Unseen Fist,"If the Pokémon uses moves that make direct contact,\nit can attack the target even if the target protects itself."
22,2,261,Curious Medicine,"When the Pokémon enters a battle, it scatters medicine\nfrom its shell, which removes all stat changes\nfrom allies."
22,2,262,Transistor,Powers up Electric-type moves.
22,2,263,Dragon’s Maw,Powers up Dragon-type moves.
22,2,264,Chilling Neigh,"When the Pokémon knocks out a target, it utters a\nchilling neigh, which boosts its Attack stat."
22,2,265,Grim Neigh,"When the Pokémon knocks out a target, it utters a\nterrifying neigh, which boosts its Sp. Atk stat."
22,2,266,As One,This Ability combines the effects of both Calyrex’s\nUnnerve Ability and Glastrier’s Chilling Neigh Ability.
22,2,267,As One,This Ability combines the effects of both Calyrex’s\nUnnerve Ability and Spectrier’s Grim Neigh Ability.
22,3,1,Puanteur,Le Pokémon émet une odeur si nauséabonde\nqu’il peut effrayer sa cible.
22,3,2,Crachin,Le Pokémon invoque la pluie quand il entre au combat.
22,3,3,Turbo,La Vitesse du Pokémon augmente à chaque tour.
22,3,4,Armurbaston,Le Pokémon est protégé des coups critiques\npar une solide carapace.
22,3,5,Fermeté,Le Pokémon encaisse toujours au moins une attaque\ns’il a tous ses PV. Il est également immunisé contre\nles capacités pouvant mettre K.O. en un coup.
22,3,6,Moiteur,"Le Pokémon augmente l’humidité de l’air,\nce qui empêche tous les Pokémon d’utiliser\ndes capacités explosives telles que Destruction."
22,3,7,Échauffement,"Le Pokémon s’est suffisamment échauffé,\nce qui l’immunise contre la paralysie."
22,3,8,Voile Sable,Augmente l’Esquive du Pokémon lors des tempêtes\nde sable.
22,3,9,Statik,"Le Pokémon charge son corps en électricité statique,\net tout contact avec lui peut paralyser."
22,3,10,Absorbe-Volt,"Si le Pokémon est touché par une capacité Électrik,\nil ne subit aucun dégât et regagne des PV à la place."
22,3,11,Absorbe-Eau,"Si le Pokémon est touché par une capacité Eau,\nil ne subit aucun dégât et regagne des PV à la place."
22,3,12,Benêt,"Le Pokémon est un grand benêt, ce qui l’immunise\ncontre l’attraction ou la provocation."
22,3,13,Ciel Gris,Annule tous les effets liés à la météo.
22,3,14,Œil Composé,Les yeux à facettes du Pokémon augmentent\nsa Précision.
22,3,15,Insomnia,Le Pokémon est incapable de dormir.
22,3,16,Homochromie,"Lorsque le Pokémon est touché par une capacité,\nil prend le type de celle-ci."
22,3,17,Vaccin,Le Pokémon est naturellement immunisé\ncontre toute forme de poison.
22,3,18,Torche,"Lorsque le Pokémon est touché par une capacité\nde type Feu, il absorbe la chaleur pour renforcer\nses propres capacités Feu."
22,3,19,Écran Poudre,Le Pokémon dispose d’un écran naturel qui le protège\ndes effets additionnels des attaques ennemies.
22,3,20,Tempo Perso,"Le Pokémon vit sa vie à son propre rythme,\nce qui l’immunise contre la confusion."
22,3,21,Ventouse,"Le Pokémon est solidement fixé au sol, ce qui le protège\ndes capacités ou objets qui font changer de Pokémon."
22,3,22,Intimidation,"Le Pokémon rugit lorsqu’il arrive au combat,\nce qui intimide l’ennemi et baisse son Attaque."
22,3,23,Marque Ombre,Empêche les Pokémon ennemis de quitter le combat.
22,3,24,Peau Dure,Blesse l’attaquant lorsque le Pokémon subit\nune attaque directe.
22,3,25,Garde Mystik,"Une puissance mystérieuse protège le Pokémon contre\ntoutes les capacités, sauf celles « super efficaces »."
22,3,26,Lévitation,"Le Pokémon flotte, ce qui l’immunise contre\nles capacités de type Sol."
22,3,27,Pose Spore,"Peut paralyser, empoisonner ou endormir l’attaquant\nlorsque le Pokémon subit une attaque directe."
22,3,28,Synchro,"Quand le Pokémon est brûlé, paralysé ou empoisonné\npar un autre Pokémon, il partage ce statut avec celui-ci."
22,3,29,Corps Sain,Empêche les stats du Pokémon de baisser à cause\nd’une capacité ou d’un talent.
22,3,30,Médic Nature,Le Pokémon soigne ses altérations de statut\nen quittant le combat.
22,3,31,Paratonnerre,"Le Pokémon détourne sur lui les capacités\nde type Électrik et les neutralise, tout en montant\nson Attaque Spéciale."
22,3,32,Sérénité,Augmente les chances d’infliger des effets additionnels.
22,3,33,Glissade,Augmente la Vitesse du Pokémon s’il pleut.
22,3,34,Chlorophylle,Augmente la Vitesse du Pokémon s’il y a du soleil.
22,3,35,Lumiattirance,Émet une lumière spécifique qui facilite les rencontres\navec les Pokémon sauvages.
22,3,36,Calque,"Lorsque le Pokémon entre au combat, il calque\nle talent d’un ennemi pour remplacer le sien."
22,3,37,Coloforce,Double l’Attaque du Pokémon.
22,3,38,Point Poison,Peut empoisonner l’attaquant lorsque le Pokémon\nsubit une attaque directe.
22,3,39,Attention,Le Pokémon a un mental à toute épreuve qui empêche\nles capacités ennemies de lui faire peur.
22,3,40,Armumagma,Le magma qui recouvre le corps du Pokémon le protège\ncontre le gel.
22,3,41,Ignifu-Voile,Le voile qui recouvre le Pokémon le protège\ndes brûlures.
22,3,42,Magnépiège,"Attire les Pokémon Acier grâce à un champ magnétique,\nce qui les empêche de fuir."
22,3,43,Anti-Bruit,Protège le Pokémon de toutes les capacités sonores.
22,3,44,Cuvette,Le Pokémon récupère progressivement des PV\nlorsqu’il pleut.
22,3,45,Sable Volant,Le Pokémon invoque une tempête de sable\nquand il entre au combat.
22,3,46,Pression,Met la pression à l’ennemi pour le forcer\nà dépenser plus de PP.
22,3,47,Isograisse,Le Pokémon est protégé par une épaisse couche\nde graisse qui diminue de moitié les dégâts qu’il subit\ndes capacités de types Feu et Glace.
22,3,48,Matinal,Le Pokémon se réveille deux fois plus rapidement\nque les autres.
22,3,49,Corps Ardent,Peut brûler l’attaquant lorsque le Pokémon subit\nune attaque directe.
22,3,50,Fuite,Permet de fuir n’importe quel Pokémon sauvage.
22,3,51,Regard Vif,Les yeux perçants du Pokémon empêchent\nsa Précision de baisser.
22,3,52,Hyper Cutter,Le Pokémon est armé de lames tranchantes qui font\nsa fierté et empêchent son Attaque de baisser.
22,3,53,Ramassage,Permet parfois au Pokémon de ramasser les objets\nque ses ennemis ont utilisés. Il lui arrive aussi\nd’en trouver hors des combats.
22,3,54,Absentéisme,"Lorsque le Pokémon utilise une capacité,\nil passe le tour suivant à paresser."
22,3,55,Agitation,"Améliore l’Attaque du Pokémon, mais diminue\nla Précision."
22,3,56,Joli Sourire,Peut séduire l’attaquant lorsque le Pokémon subit\nune attaque directe.
22,3,57,Plus,L’Attaque Spéciale du Pokémon augmente\nsi un Pokémon allié a le talent Moins ou Plus.
22,3,58,Moins,L’Attaque Spéciale du Pokémon augmente\nsi un Pokémon allié a le talent Moins ou Plus.
22,3,59,Météo,"Le Pokémon prend le type Eau, Feu ou Glace\nen fonction de la météo."
22,3,60,Glu,"Les objets sont collés au corps gluant du Pokémon,\nce qui empêche ses adversaires de les dérober."
22,3,61,Mue,Le Pokémon soigne parfois ses altérations de statut\nen muant.
22,3,62,Cran,Augmente l’Attaque du Pokémon s’il est affecté\npar une altération de statut.
22,3,63,Écaille Spéciale,Les écailles mystérieuses du Pokémon réagissent\naux altérations de statut en augmentant sa Défense.
22,3,64,Suintement,Le Pokémon suinte un liquide toxique nauséabond\nqui blesse tous ceux qui tentent de voler ses PV.
22,3,65,Engrais,Augmente la puissance des capacités de type Plante\ndu Pokémon quand il a perdu une certaine quantité\nde PV.
22,3,66,Brasier,Augmente la puissance des capacités de type Feu\ndu Pokémon quand il a perdu une certaine quantité\nde PV.
22,3,67,Torrent,Augmente la puissance des capacités de type Eau\ndu Pokémon quand il a perdu une certaine quantité\nde PV.
22,3,68,Essaim,Augmente la puissance des capacités de type Insecte\ndu Pokémon quand il a perdu une certaine quantité\nde PV.
22,3,69,Tête de Roc,Le Pokémon peut utiliser des capacités occasionnant\nun contrecoup sans perdre de PV.
22,3,70,Sécheresse,Le soleil se met à briller quand le Pokémon\nentre au combat.
22,3,71,Piège Sable,Empêche l’ennemi de s’enfuir.
22,3,72,Esprit Vital,Empêche le Pokémon de s’endormir.
22,3,73,Écran Fumée,Un écran de fumée empêche l’ennemi de baisser\nles stats du Pokémon.
22,3,74,Force Pure,Le Pokémon utilise sa maîtrise du yoga pour doubler\nla puissance de ses capacités physiques.
22,3,75,Coque Armure,Le Pokémon est protégé des coups critiques\npar sa carapace.
22,3,76,Air Lock,Annule tous les effets de la météo.
22,3,77,Pieds Confus,Augmente l’Esquive du Pokémon s’il est confus.
22,3,78,Motorisé,"Si le Pokémon est touché par une capacité Électrik,\nil ne subit aucun dégât et sa Vitesse augmente."
22,3,79,Rivalité,"Le Pokémon déteste la concurrence et inflige plus\nde dégâts si l’ennemi est du même sexe. Par contre,\nil en inflige moins si l’ennemi est du sexe opposé."
22,3,80,Impassible,Augmente la Vitesse du Pokémon quand il a peur.
22,3,81,Rideau Neige,Augmente l’Esquive du Pokémon durant les tempêtes\nde grêle.
22,3,82,Gloutonnerie,"Si le Pokémon tient une Baie à manger en cas de PV\nbas, il la mange dès qu’il a perdu la moitié de ses PV."
22,3,83,Colérique,"Si le Pokémon subit un coup critique, il entre\ndans une colère noire qui augmente son Attaque\nau maximum."
22,3,84,Délestage,Augmente la Vitesse du Pokémon s’il perd ou utilise\nl’objet qu’il tenait au début du combat.
22,3,85,Ignifugé,Diminue de moitié les dégâts infligés au Pokémon\npar les capacités de type Feu.
22,3,86,Simple,Les variations de stats sont deux fois plus importantes\npour le Pokémon.
22,3,87,Peau Sèche,"Le Pokémon perd des PV quand le soleil brille,\nmais il en regagne lorsqu’il pleut ou s’il est touché par\nune capacité Eau. Il subit aussi plus de dégâts de Feu."
22,3,88,Télécharge,Le Pokémon compare la Défense et la Défense Spéciale\nde l’adversaire et augmente son Attaque ou son Attaque\nSpéciale en conséquence.
22,3,89,Poing de Fer,Augmente la puissance des capacités coups de poing.
22,3,90,Soin Poison,"Quand le Pokémon est empoisonné, il regagne des PV\nau lieu d’en perdre."
22,3,91,Adaptabilité,"Quand le Pokémon utilise une capacité du même type\nque lui, le bonus de puissance qu’elle reçoit est encore\nplus important que normalement."
22,3,92,Multi-Coups,Les capacités pouvant frapper plusieurs fois frappent\ntoujours le nombre maximal de coups.
22,3,93,Hydratation,Soigne les altérations de statut du Pokémon\nquand il pleut.
22,3,94,Force Soleil,"Quand le soleil brille, l’Attaque Spéciale du Pokémon\naugmente mais il perd des PV à chaque tour."
22,3,95,Pied Véloce,Augmente la Vitesse du Pokémon en cas d’altération\nde statut.
22,3,96,Normalise,"Toutes les capacités du Pokémon deviennent\nde type Normal, quel que soit leur type original.\nLeur puissance augmente légèrement."
22,3,97,Sniper,"Lorsque le Pokémon porte un coup critique, les dégâts\ninfligés augmentent encore plus que d’habitude."
22,3,98,Garde Magik,Seules les attaques peuvent blesser le Pokémon.
22,3,99,Annule Garde,"Les capacités du Pokémon touchent l’ennemi à coup sûr,\nmais les capacités de l’ennemi le touchent aussi\nà coup sûr."
22,3,100,Frein,Le Pokémon utilise toujours sa capacité en dernier.
22,3,101,Technicien,Augmente la puissance des capacités les plus faibles.
22,3,102,Feuille Garde,Protège le Pokémon contre les altérations de statut\nquand le soleil brille.
22,3,103,Maladresse,Le Pokémon ne peut utiliser aucun objet tenu.
22,3,104,Brise Moule,Le Pokémon ignore les talents adverses qui auraient\nun effet sur ses capacités.
22,3,105,Chanceux,Le Pokémon est tellement chanceux qu’il inflige\nplus fréquemment des coups critiques.
22,3,106,Boom Final,"Si le Pokémon est mis K.O. par une attaque directe,\nil inflige des dégâts à l’attaquant avant de s’évanouir."
22,3,107,Anticipation,Le Pokémon devine si l’adversaire connaît une capacité\ndangereuse pour lui.
22,3,108,Prédiction,Révèle l’une des capacités de l’ennemi\nquand le combat commence.
22,3,109,Inconscient,"Quand il attaque, le Pokémon ignore les changements\nde stats de l’ennemi."
22,3,110,Lentiteintée,Permet à une capacité « pas très efficace » d’infliger\ndes dégâts comme si elle était efficace normalement.
22,3,111,Filtre,Réduit les dégâts subis lorsque le Pokémon est touché\npar une capacité super efficace.
22,3,112,Début Calme,Divise la Vitesse et l’Attaque du Pokémon par deux\npendant les cinq premiers tours du combat.
22,3,113,Querelleur,Permet aux capacités de type Normal ou Combat\ndu Pokémon de toucher les Pokémon de type Spectre.
22,3,114,Lavabo,"Le Pokémon détourne sur lui les capacités de type Eau\net les neutralise, tout en montant son Attaque Spéciale."
22,3,115,Corps Gel,Régénère les PV du Pokémon lors des tempêtes de grêle.
22,3,116,Solide Roc,Réduit les dégâts subis lorsque le Pokémon est touché\npar une capacité super efficace.
22,3,117,Alerte Neige,Déclenche une tempête de grêle quand le Pokémon\nentre au combat.
22,3,118,Cherche Miel,Le Pokémon peut parfois trouver du Miel après\nun combat.
22,3,119,Fouille,Permet de connaître l’objet tenu par l’ennemi\nquand le combat commence.
22,3,120,Téméraire,Augmente la puissance des capacités occasionnant\nun contrecoup.
22,3,121,Multi-Type,Modifie le type du Pokémon en fonction de la plaque\nou du Cristal Z qu’il tient.
22,3,122,Don Floral,Augmente l’Attaque et la Défense Spéciale du Pokémon\net de ses alliés lorsque le soleil brille.
22,3,123,Mauvais Rêve,Inflige des dégâts aux ennemis endormis.
22,3,124,Pickpocket,Vole l’objet que tient l’attaquant quand le Pokémon\nsubit une attaque directe.
22,3,125,Sans Limite,"Les capacités ayant un effet additionnel le perdent,\nmais leur puissance augmente."
22,3,126,Contestation,"Inverse les changements de stats :\nles augmentations de stats se transforment en baisses,\net vice-versa."
22,3,127,Tension,"Fait stresser l’ennemi, ce qui l’empêche de manger\ndes Baies."
22,3,128,Acharné,Augmente beaucoup l’Attaque du Pokémon\nquand ses stats baissent.
22,3,129,Défaitiste,"Le Pokémon devient défaitiste quand ses PV tombent\nà la moitié, et son Attaque et son Attaque Spéciale\nsont divisées par deux."
22,3,130,Corps Maudit,"Quand le Pokémon est touché par une capacité,\nil inflige parfois Entrave sur celle-ci."
22,3,131,Cœur Soin,Soigne parfois une altération de statut d’un allié proche.
22,3,132,Garde-Ami,Diminue les dégâts subis par les alliés.
22,3,133,Armurouillée,"Quand le Pokémon est touché par une capacité\nphysique, sa Défense baisse mais sa Vitesse\naugmente beaucoup."
22,3,134,Heavy Metal,Double le poids du Pokémon.
22,3,135,Light Metal,Divise par deux le poids du Pokémon.
22,3,136,Multiécaille,Le Pokémon reçoit moins de dégâts quand ses PV\nsont au maximum.
22,3,137,Rage Poison,Augmente la puissance des capacités physiques\nquand le Pokémon est empoisonné.
22,3,138,Rage Brûlure,Augmente la puissance des capacités spéciales\nquand le Pokémon est brûlé.
22,3,139,Récolte,Permet de réutiliser une même Baie plusieurs fois.
22,3,140,Télépathe,Le Pokémon anticipe et évite les attaques de ses alliés.
22,3,141,Lunatique,Augmente beaucoup une stat du Pokémon\net en baisse une autre au hasard à chaque tour.
22,3,142,Envelocape,"Protège des dégâts occasionnés par les tempêtes\nde sable ou la grêle, et neutralise les attaques à base\nde poudre."
22,3,143,Toxitouche,Peut empoisonner l’ennemi par simple contact.
22,3,144,Régé-Force,Restaure un peu de PV si le Pokémon est retiré\ndu combat.
22,3,145,Cœur de Coq,Empêche les capacités adverses de baisser la Défense.
22,3,146,Baigne Sable,Augmente la Vitesse lors des tempêtes de sable.
22,3,147,Peau Miracle,Le Pokémon résiste mieux aux capacités de statut.
22,3,148,Analyste,Augmente la puissance des capacités du Pokémon\ns’il attaque en dernier.
22,3,149,Illusion,Le Pokémon prend l’apparence du dernier membre\nde l’équipe pour tromper l’adversaire.
22,3,150,Imposteur,Le Pokémon prend l’apparence du Pokémon adverse.
22,3,151,Infiltration,Traverse les barrières et les clones de l’ennemi\npour attaquer directement.
22,3,152,Momie,Remplace le talent de l’attaquant par « Momie »\nlorsque le Pokémon subit une attaque directe.
22,3,153,Impudence,"Quand le Pokémon met un ennemi K.O.,\nsa confiance en lui ne connaît plus de limite\net son Attaque augmente."
22,3,154,Cœur Noble,"Réveille la noblesse du Pokémon lorsqu’il subit\nune capacité de type Ténèbres, ce qui augmente\nson Attaque."
22,3,155,Phobique,"Si le Pokémon est touché par une capacité de type\nTénèbres, Spectre ou Insecte, sa phobie se révèle\net sa Vitesse augmente."
22,3,156,Miroir Magik,Annule les effets des capacités de statut subies\npar le Pokémon et les retourne à l’envoyeur.
22,3,157,Herbivore,Annule les attaques de type Plante subies\npar le Pokémon et augmente son Attaque.
22,3,158,Farceur,Rend les capacités de statut prioritaires.
22,3,159,Force Sable,"Augmente la puissance des capacités de types Roche,\nSol et Acier en cas de tempête de sable."
22,3,160,Épine de Fer,Inflige des dégâts à l’attaquant lorsque le Pokémon\nsubit une attaque directe.
22,3,161,Mode Transe,"Quand le Pokémon perd la moitié de ses PV,\nil se transforme."
22,3,162,Victorieux,Augmente la Précision des Pokémon de l’équipe.
22,3,163,Turbo Brasier,Le Pokémon ignore les talents adverses qui auraient\nun effet sur ses capacités.
22,3,164,Téra-Voltage,Le Pokémon ignore les talents adverses qui auraient\nun effet sur ses capacités.
22,3,165,Aroma-Voile,Protège l’équipe des effets limitant le libre arbitre.
22,3,166,Flora-Voile,Empêche les alliés de type Plante de subir des baisses\nde stats et des altérations de statut.
22,3,167,Bajoues,"Restaure des PV lorsque le Pokémon consomme\nune Baie, quelle qu’elle soit."
22,3,168,Protéen,Le Pokémon prend le type de la capacité qu’il utilise.
22,3,169,Toison Épaisse,Divise par deux les dégâts des capacités physiques\nsubies par le Pokémon.
22,3,170,Magicien,Les capacités volent aussi l’objet tenu par la cible.
22,3,171,Pare-Balles,Protège de certaines capacités lançant des projectiles\ncomme des bombes et des balles.
22,3,172,Battant,Augmente beaucoup l’Attaque Spéciale du Pokémon\nquand ses stats baissent.
22,3,173,Prognathe,Le Pokémon a une mâchoire robuste qui augmente\nla puissance de ses capacités à base de morsures.
22,3,174,Peau Gelée,Les capacités de type Normal deviennent de type Glace.\nLeur puissance augmente légèrement.
22,3,175,Gluco-Voile,Les Pokémon de l’équipe ne peuvent pas s’endormir.
22,3,176,Déclic Tactique,"Le Pokémon prend la Forme Assaut lorsqu’il utilise\nune attaque, et la Forme Parade lorsqu’il utilise\nBouclier Royal."
22,3,177,Ailes Bourrasque,"Quand les PV du Pokémon sont au maximum,\nses capacités de type Vol sont prioritaires."
22,3,178,Méga Blaster,Augmente la puissance de certaines capacités\nde type aura.
22,3,179,Toison Herbue,Augmente la Défense du Pokémon si Champ Herbu\nest actif.
22,3,180,Symbiose,"Quand les alliés utilisent l’objet qu’ils tiennent,\nle Pokémon leur donne l’objet qu’il tient\nen remplacement."
22,3,181,Griffe Dure,Augmente la puissance des attaques directes\ndu Pokémon.
22,3,182,Peau Féérique,Les capacités de type Normal deviennent de type Fée.\nLeur puissance augmente légèrement.
22,3,183,Poisseux,Baisse la Vitesse de l’attaquant lorsque le Pokémon\nsubit une attaque directe.
22,3,184,Peau Céleste,Les capacités de type Normal deviennent de type Vol.\nLeur puissance augmente légèrement.
22,3,185,Amour Filial,Permet à la mère et à son petit d’attaquer tous les deux\nen même temps.
22,3,186,Aura Ténébreuse,Augmente la puissance des attaques de type Ténèbres\nde tous les Pokémon.
22,3,187,Aura Féérique,Augmente la puissance des attaques de type Fée\nde tous les Pokémon.
22,3,188,Aura Inversée,Inverse l’effet des auras en baissant leur puissance.
22,3,189,Mer Primaire,Altère les conditions météo et rend inefficaces\nles attaques de type Feu.
22,3,190,Terre Finale,Altère les conditions météo et rend inefficaces\nles attaques de type Eau.
22,3,191,Souffle Delta,Altère les conditions météo et annule les faiblesses\ndu type Vol.
22,3,192,Endurance,Augmente la Défense du Pokémon lorsqu’il subit\nune attaque.
22,3,193,Escampette,Le Pokémon perd confiance quand ses PV tombent\nà la moitié et s’enfuit dans sa Poké Ball.
22,3,194,Repli Tactique,"Le Pokémon évite les situations inutilement\ndangereuses. Quand ses PV tombent à la moitié,\nil se réfugie dans sa Poké Ball."
22,3,195,Sable Humide,Augmente beaucoup la Défense du Pokémon\nquand il subit une capacité de type Eau.
22,3,196,Cruauté,"Lorsque le Pokémon attaque un adversaire empoisonné,\nle coup sera forcément critique."
22,3,197,Bouclier-Carcan,"Lorsque le Pokémon perd la moitié de ses PV,\nson enveloppe se brise, mais son Attaque\net son Attaque Spéciale augmentent."
22,3,198,Filature,"Lorsque le Pokémon attaque une cible qui vient d’entrer\nsur le terrain en remplacement d’un autre Pokémon,\nles dégâts infligés sont doublés."
22,3,199,Aquabulle,Réduit les dégâts des capacités de type Feu subies\npar le Pokémon. Il est également immunisé contre\nles brûlures.
22,3,200,Expert Acier,Augmente la puissance des attaques de type Acier.
22,3,201,Dracolère,Augmente l’Attaque Spéciale du Pokémon lorsqu’il\ntombe à la moitié de ses PV à cause d’une attaque.
22,3,202,Chasse-Neige,Augmente la Vitesse du Pokémon quand il grêle.
22,3,203,Longue Portée,Le Pokémon est capable d’utiliser toutes ses capacités\nsans entrer en contact direct avec sa cible.
22,3,204,Hydrata-Son,Toutes les attaques sonores du Pokémon prennent\nle type Eau.
22,3,205,Prioguérison,Toutes les capacités qui soignent le Pokémon\ndirectement deviennent prioritaires.
22,3,206,Peau Électrique,Les capacités de type Normal deviennent de type\nÉlectrik. Leur puissance augmente légèrement.
22,3,207,Surf Caudal,La Vitesse du Pokémon est doublée sur\nun Champ Électrifié.
22,3,208,Banc,"Le Pokémon se rassemble avec ses congénères\nquand ses PV sont élevés. Plus ses PV baissent,\nplus le banc s’amenuise."
22,3,209,Fantômasque,Le déguisement qui recouvre le corps du Pokémon\nest capable de le protéger d’une attaque.
22,3,210,Synergie,"En battant un ennemi, ce Pokémon renforce ses liens\navec son Dresseur. Il prend alors sa Forme Sacha\net ses Sheauriken gagnent en puissance."
22,3,211,Rassemblement,"Lorsque le Pokémon perd la moitié de ses PV,\nses Cellules se rassemblent pour l’encourager,\nce qui lui permet de prendre sa Forme Parfaite."
22,3,212,Corrosion,Permet d’empoisonner les Pokémon de type Acier\nou Poison.
22,3,213,Hypersommeil,Le Pokémon rêve en permanence et ne se réveille\njamais. Il est capable d’attaquer normalement\ntout en dormant.
22,3,214,Prestance Royale,L’adversaire est impressionné par la majesté du Pokémon\net ne peut pas le viser avec une attaque prioritaire.
22,3,215,Expuls’Organes,Le Pokémon inflige à l’adversaire l’ayant mis K.O.\ndes dégâts égaux au nombre de PV qu’il lui restait\navant le coup de grâce.
22,3,216,Danseuse,"Si n’importe quel Pokémon utilise une capacité dansante,\nce Pokémon peut se mettre aussi à danser."
22,3,217,Batterie,Augmente la puissance des capacités spéciales des alliés.
22,3,218,Boule de Poils,"Divise par deux les dégâts des attaques directes\nsubies par le Pokémon, mais double les dégâts\ndes capacités de type Feu."
22,3,219,Corps Coloré,L’adversaire est abasourdi par le Pokémon et\nne peut pas le viser avec une capacité prioritaire.
22,3,220,Animacœur,Augmente l’Attaque Spéciale du Pokémon\nlorsqu’un autre Pokémon est mis K.O.
22,3,221,Mèche Rebelle,Baisse la Vitesse de l’attaquant lorsque le Pokémon\nsubit une attaque directe.
22,3,222,Receveur,Le Pokémon reçoit le talent d’un allié mis K.O.
22,3,223,Osmose,Le Pokémon acquiert le talent d’un allié mis K.O.
22,3,224,Boost Chimère,Augmente la stat la plus élevée du Pokémon\ns’il met K.O. un autre Pokémon pendant son tour.
22,3,225,Système Alpha,Change le type du Pokémon en fonction\nde la ROM équipée.
22,3,226,Créa-Élec,Le Pokémon crée un Champ Électrifié au moment\noù il entre au combat.
22,3,227,Créa-Psy,Le Pokémon crée un Champ Psychique au moment\noù il entre au combat.
22,3,228,Créa-Brume,Le Pokémon crée un Champ Brumeux au moment\noù il entre au combat.
22,3,229,Créa-Herbe,Le Pokémon crée un Champ Herbu au moment\noù il entre au combat.
22,3,230,Métallo-Garde,Empêche les stats du Pokémon de baisser à cause\nd’une capacité ou d’un talent.
22,3,231,Spectro-Bouclier,Le Pokémon reçoit moins de dégâts quand ses PV\nsont au maximum.
22,3,232,Prisme-Armure,Réduit les dégâts subis lorsque le Pokémon\nest touché par une capacité super efficace.
22,3,233,Cérébro-Force,Augmente encore plus les dégâts infligés\npar les attaques super efficaces.
22,3,234,Lame Indomptable,Augmente l’Attaque du Pokémon quand il entre\nau combat.
22,3,235,Égide Inflexible,Augmente la Défense du Pokémon quand il entre\nau combat.
22,3,236,Libéro,Le Pokémon prend le type de la capacité qu’il utilise.
22,3,237,Ramasse Ball,"Si le Pokémon ne tient aucun objet, il ramassera\nla Poké Ball lors du premier lancer raté du combat."
22,3,238,Effilochage,"Quand le Pokémon est touché par une attaque,\nil dissémine des aigrettes qui diminuent la Vitesse\nde tout le monde, sauf la sienne."
22,3,239,Propulseur,Permet d’ignorer l’effet des capacités\nou des talents qui attirent les capacités.
22,3,240,Armure Miroir,Le Pokémon renvoie les effets réducteurs de stats\nqu’il reçoit.
22,3,241,Dégobage,"Quand le Pokémon utilise Surf ou Plongée, il revient\navec une proie. Lorsqu’il subit des dégâts par la suite,\nil attaque en recrachant sa proie."
22,3,242,Nerfs d’Acier,Permet d’ignorer l’effet des capacités ou des talents\nqui attirent les capacités.
22,3,243,Turbine,"Lorsque le Pokémon est touché par des capacités\nde type Eau ou Feu, sa Vitesse augmente énormément."
22,3,244,Punk Rock,Augmente la puissance des capacités basées sur le son.\nLe Pokémon ne subit que la moitié des dégâts\nquand il est touché par ce genre de capacités.
22,3,245,Expul’Sable,Le Pokémon déclenche une tempête de sable\nquand il subit une attaque.
22,3,246,Écailles Glacées,Le Pokémon est protégé par des écailles de glace.\nLes dégâts qu’il subit par des capacités spéciales\nsont divisés par deux.
22,3,247,Mûrissement,Le Pokémon fait mûrir la Baie qu’il tient\net double ainsi son effet.
22,3,248,Tête de Gel,"Le glaçon sur sa tête encaisse les attaques physiques\nà la place du Pokémon, mais sa destruction modifie\nson apparence. Le glaçon se reforme quand il grêle."
22,3,249,Cercle d’Énergie,Augmente la puissance des capacités des Pokémon\nqui se trouvent à proximité.
22,3,250,Mimétisme,Le Pokémon adopte le même type que le terrain\nlorsqu’un champ est actif.
22,3,251,Brise-Barrière,"Quand le Pokémon entre au combat, les effets\nde Mur Lumière, Protection et Voile Aurore\ndisparaissent pour les alliés comme pour les ennemis."
22,3,252,Boost Acier,Augmente la puissance d’Attaque des capacités\nde type Acier des Pokémon alliés.
22,3,253,Corps Condamné,"Lorsque le Pokémon est directement touché par\nune attaque, l’assaillant et lui tomberont K.O. dans trois\ntours, à moins qu’ils ne soient remplacés entre temps."
22,3,254,Âme Vagabonde,"Lorsque le Pokémon est directement touché\npar une attaque, il échange son talent avec celui\nde l’assaillant."
22,3,255,Entêtement,"Augmente l’Attaque, mais empêche d’utiliser\ntoute autre capacité que celle utilisée en premier\npar le Pokémon."
22,3,256,Gaz Inhibiteur,"Si un Pokémon avec Gaz Inhibiteur est sur le terrain,\nles effets des talents de tous les autres Pokémon\nsont annulés."
22,3,257,Voile Pastel,Protège le Pokémon et ses alliés contre toutes\nles altérations de statut liées à l’empoisonnement.
22,3,258,Déclic Fringale,"À la fin de chaque tour, le Pokémon alterne\nentre ses formes Mode Rassasié et Mode Affamé."
22,3,259,Tir Vif,Permet parfois au Pokémon d’agir en premier.
22,3,260,Poing Invisible,"Si le Pokémon utilise une attaque directe, celle-ci\npourra passer outre les protections de la cible."
22,3,261,Breuvage Suspect,"Quand il entre au combat, le Pokémon répand\nune substance qui annule les changements de stats\nde ses alliés."
22,3,262,Transistor,Augmente la puissance des attaques de type Électrik.
22,3,263,Dent de Dragon,Augmente la puissance des attaques de type Dragon.
22,3,264,Blanche Ruade,"Quand le Pokémon met un ennemi K.O., il émet\nun hennissement glaçant, ce qui augmente son Attaque."
22,3,265,Sombre Ruade,"Quand le Pokémon met un ennemi K.O., il émet\nun hennissement terrifiant qui augmente\nson Attaque Spéciale."
22,3,266,Osmose Équine,Les talents Tension de Sylveroy et Blanche Ruade\nde Blizzeval sont cumulés.
22,3,267,Osmose Équine,Les talents Tension de Sylveroy et Sombre Ruade\nde Spectreval sont cumulés.
22,4,1,Duftnote,Lässt das Ziel beim Angriff eventuell durch Gestank\nzurückschrecken.
22,4,2,Niesel,Ruft bei Kampfantritt Regen herbei.
22,4,3,Temposchub,Erhöht in jeder Runde die Initiative.
22,4,4,Kampfpanzer,Wehrt gegnerische Volltreffer mit einem harten\nPanzer ab.
22,4,5,Robustheit,Bietet Schutz gegen K.O.-Attacken. Bei vollen KP\nübersteht das Pokémon auch K.O.-Treffer.
22,4,6,Feuchtigkeit,"Befeuchtet die Umgebung und verhindert so den Einsatz\nvon Attacken wie Finale, die Explosionen auslösen."
22,4,7,Flexibilität,Der flexible Körper des Pokémon schützt es vor\nParalyse.
22,4,8,Sandschleier,Erhöht in Sandstürmen den Ausweichwert.
22,4,9,Statik,Kann bei Berührung durch statisch aufgeladenen Körper\nparalysieren.
22,4,10,Voltabsorber,"Treffer durch Elektro-Attacken verursachen keinen\nSchaden, sondern regenerieren stattdessen KP."
22,4,11,H2O-Absorber,"Treffer durch Wasser-Attacken verursachen keinen\nSchaden, sondern regenerieren stattdessen KP."
22,4,12,Dösigkeit,"Das Pokémon ist so apathisch, dass es nicht betört oder\nprovoziert werden kann."
22,4,13,Wolke Sieben,Hebt alle Wetter-Effekte auf.
22,4,14,Facettenauge,Erhöht die Genauigkeit von Attacken.
22,4,15,Insomnia,Verhindert Einschlafen.
22,4,16,Farbwechsel,Ändert seinen Typ zu dem der Attacke des Angreifers.
22,4,17,Immunität,Das starke Immunsystem des Pokémon verhindert\nVergiftungen.
22,4,18,Feuerfänger,"Verstärkt Feuer-Attacken, wenn es von Feuer-Attacken\ngetroffen wird."
22,4,19,Puderabwehr,Blockiert durch Puder die Zusatzeffekte gegnerischer\nAngriffe.
22,4,20,Tempomacher,Das Pokémon lässt sich nicht aus der Ruhe bringen und\nverhindert so Verwirrung.
22,4,21,Saugnapf,"Blockt Attacken und Items, die Pokémon austauschen,\nindem es sich mit einem Saugnapf am Boden verankert."
22,4,22,Bedroher,"Senkt den Angriff der Gegner, indem es sie gleich zu\nKampfantritt bedroht und einschüchtert."
22,4,23,Wegsperre,"Hindert Gegner an der Flucht beziehungsweise am\nAuswechseln, indem es ihnen den Weg versperrt."
22,4,24,Rauhaut,Angreifer werden durch die raue Haut des Pokémon\nbei direkten Attacken verletzt.
22,4,25,Wunderwache,"Wundersame Kräfte bewirken, dass nur sehr effektive\nTreffer bei ihm Schaden anrichten."
22,4,26,Schwebe,Verleiht volle Immunität gegen alle Boden-Attacken\ndurch Schwebezustand.
22,4,27,Sporenwirt,"Wird dieses Pokémon durch eine direkte Attacke\nangegriffen, kann das beim Gegner Paralyse,\nVergiftung oder Schlaf auslösen."
22,4,28,Synchro,"Erleidet das Pokémon Verbrennungen, Vergiftungen\noder Paralyse, ereilt das jeweilige Statusproblem\nauch den Verursacher."
22,4,29,Neutraltorso,Verhindert das Senken der Statuswerte durch Attacken\nund Fähigkeiten von Angreifern.
22,4,30,Innere Kraft,"Wird das Pokémon ausgewechselt, werden seine\nStatusprobleme geheilt."
22,4,31,Blitzfänger,"Zieht Elektro-Attacken an. Statt durch diese Schaden\nzu nehmen, erhöht es den eigenen Spezial-Angriff."
22,4,32,Edelmut,"Erhöht die Wahrscheinlichkeit, dass Zusatzeffekte von\nAttacken auftreten."
22,4,33,Wassertempo,Erhöht bei Regen die Initiative.
22,4,34,Chlorophyll,Erhöht bei Sonnenschein die Initiative.
22,4,35,Erleuchtung,"Erhellt die Umgebung und erhöht dadurch die\nWahrscheinlichkeit, wilden Pokémon zu begegnen."
22,4,36,Erfassen,Kopiert bei Kampfantritt die Fähigkeit eines Gegners.
22,4,37,Kraftkoloss,Verdoppelt die Stärke von physischen Attacken.
22,4,38,Giftdorn,Vergiftet den Angreifer bei Berührung eventuell.
22,4,39,Konzentrator,Verhindert durch erhöhte Konzentrationsfähigkeit\nZurückschrecken.
22,4,40,Magmapanzer,Dank eines Panzers aus Magma kann dieses Pokémon\nnicht eingefroren werden.
22,4,41,Aquahülle,Verhindert durch eine Hülle aus Wasser Verbrennungen.
22,4,42,Magnetfalle,Hindert Stahl-Pokémon durch Magnetismus an der\nFlucht.
22,4,43,Lärmschutz,Bietet durch Schalldämmung volle Immunität gegen\nalle Lärm-Attacken.
22,4,44,Regengenuss,Regeneriert bei Regen nach und nach KP.
22,4,45,Sandsturm,Erzeugt bei Kampfantritt Sandstürme.
22,4,46,Erzwinger,"Zwingt Gegner dazu, beim Einsatz von Attacken\nmehr AP zu verbrauchen."
22,4,47,Speckschicht,"Das Pokémon wird von einer dicken Fettschicht\ngeschützt, was den durch Feuer- und Eis-Attacken\nerlittenen Schaden halbiert."
22,4,48,Frühwecker,"Wenn es eingeschlafen ist, kann es doppelt so schnell\nwieder aufwachen wie andere Pokémon."
22,4,49,Flammkörper,Fügt dem Angreifer bei Berührung eventuell\nVerbrennungen zu.
22,4,50,Angsthase,Die Flucht vor wilden Pokémon gelingt immer.
22,4,51,Adlerauge,"Sein scharfer Blick hindert Angreifer daran,\nseine Genauigkeit zu senken."
22,4,52,Scherenmacht,"Hindert Angreifer durch mächtige Scheren daran,\nden Angriffs-Wert zu senken."
22,4,53,Mitnahme,"Hebt gelegentlich von Gegnern benutzte Items auf.\nDies geschieht nicht nur während Kämpfen, sondern\nauch unterwegs."
22,4,54,Schnarchnase,Das Pokémon muss nach Einsatz einer Attacke\neine Runde lang aussetzen.
22,4,55,Übereifer,"Erhöht den Angriffs-Wert, aber senkt die Genauigkeit."
22,4,56,Charmebolzen,"Wird dieses Pokémon durch eine direkte Attacke\nangegriffen, verliebt sich der Gegner eventuell in es."
22,4,57,Plus,"Erhöht den Spezial-Angriff, wenn das Pokémon einen\nMitstreiter mit der Fähigkeit Plus oder Minus hat."
22,4,58,Minus,"Erhöht den Spezial-Angriff, wenn das Pokémon einen\nMitstreiter mit der Fähigkeit Plus oder Minus hat."
22,4,59,Prognose,"Nimmt je nach Wetter entweder den Typ Wasser, Feuer\noder Eis an."
22,4,60,Klebekörper,"Trägt es ein Item, bleibt dieses an seinem klebrigen\nKörper haften, wodurch Item-Diebstahl verhindert wird."
22,4,61,Expidermis,"Das Pokémon befreit sich eventuell von\nStatusproblemen, indem es seine Haut abstreift."
22,4,62,Adrenalin,Bei Statusproblemen setzt es Adrenalin frei und\nerhöht so seinen Angriffs-Wert.
22,4,63,Notschutz,Bei Statusproblemen schützt es sich mit mysteriösen\nSchuppen und erhöht so seine Verteidigung.
22,4,64,Kloakensoße,"Angreifer, die durch Saug-Attacken Kloakensoße in\nsich aufgenommen haben, nehmen durch deren\nwiderwärtigen Gestank Schaden."
22,4,65,Notdünger,"Erhöht die Stärke von Pflanzen-Attacken, wenn die KP\nauf einen gewissen Wert fallen."
22,4,66,Großbrand,"Erhöht die Stärke von Feuer-Attacken, wenn die KP auf\neinen gewissen Wert fallen."
22,4,67,Sturzbach,"Erhöht die Stärke von Wasser-Attacken, wenn die KP auf\neinen gewissen Wert fallen."
22,4,68,Hexaplaga,"Erhöht die Stärke von Käfer-Attacken, wenn die KP auf\neinen gewissen Wert fallen."
22,4,69,Steinhaupt,"Verhindert Schaden, der durch Rückstoß entstehen\nwürde."
22,4,70,Dürre,Erzeugt bei Kampfantritt gleißendes Sonnenlicht.
22,4,71,Ausweglos,Hindert Gegner im Kampf an der Flucht.
22,4,72,Munterkeit,"Das Pokémon ist so munter, dass es nicht\neinschlafen kann."
22,4,73,Pulverrauch,"Indem es sich mit pulvrigem Rauch umhüllt, hindert es\nAngreifer daran, seine Statuswerte zu senken."
22,4,74,Mentalkraft,Verdoppelt mit reiner Willenskraft die Stärke seiner\nphysischen Attacken.
22,4,75,Panzerhaut,Wehrt gegnerische Volltreffer mit einem harten\nPanzer ab.
22,4,76,Klimaschutz,Hebt alle Wetter-Effekte auf.
22,4,77,Fußangel,"Erhöht den Ausweichwert, wenn das Pokémon\nverwirrt ist."
22,4,78,Starthilfe,"Treffer durch Elektro-Attacken verursachen keinen\nSchaden, sondern geben dem Pokémon eine\nStarthilfe und erhöhen so seine Initiative."
22,4,79,Rivalität,"Greift es einen Rivalen desselben Geschlechts an,\nwird es stärker. Greift es ein Ziel des anderen\nGeschlechts an, wird es schwächer."
22,4,80,Felsenfest,"Sein eiserner Wille erhöht die Initiative, wann immer\ndas Pokémon zurückschreckt."
22,4,81,Schneemantel,Erhöht bei Hagel den Ausweichwert.
22,4,82,Völlerei,"Setzt bestimmte Beeren nicht erst in einer Notlage ein,\nsondern bereits dann, wenn seine KP auf die Hälfte des\nMaximalwerts fallen."
22,4,83,Kurzschluss,Wird nach Einstecken eines Volltreffers wütend und\nmaximiert dabei seinen Angriffs-Wert.
22,4,84,Entlastung,"Wenn das von ihm getragene Item verwendet wird\noder verloren geht, erhöht dies seine Initiative."
22,4,85,Hitzeschutz,Sein Hitze abweisender Körper halbiert den durch\nFeuer-Attacken erlittenen Schaden.
22,4,86,Wankelmut,Verdoppelt die Wirkung eigener Statusveränderungen.
22,4,87,Trockenheit,Bei Sonnenschein verliert das Pokémon KP und der\nSchaden durch Feuer-Attacken steigt. Bei Regen und\nTreffern durch Wasser-Attacken regeneriert es KP.
22,4,88,Download,"Ist die Spezial-Verteidigung des Gegners höher als\nseine Verteidigung, wird der eigene Spezial-Angriff\nerhöht. Ist die Verteidigung höher, steigt der Angriff."
22,4,89,Eisenfaust,"Erhöht die Stärke von Hieb-, Punch-, Faust- und\nSchlag-Attacken."
22,4,90,Aufheber,"Das Pokémon erleidet keinen Schaden durch Vergiftung,\nsondern regeneriert KP."
22,4,91,Anpassung,"Erhöht die Stärke von Attacken, die dem Typ des\nPokémon entsprechen."
22,4,92,Wertelink,Landet mit Serien-Attacken immer die maximale Anzahl\nan Treffern.
22,4,93,Hydration,Heilt bei Regen Statusprobleme.
22,4,94,Solarkraft,"Führt bei Sonnenschein in jeder Runde zu KP-Verlusten,\nerhöht aber den Spezial-Angriff."
22,4,95,Rasanz,Erhöht bei Statusproblemen die Initiative.
22,4,96,Regulierung,Alle Attacken des Pokémon nehmen den Typ Normal\nan und ihre Stärke erhöht sich ein wenig.
22,4,97,Superschütze,Erhöht bei Volltreffern die Stärke der Attacke noch\nweiter.
22,4,98,Magieschild,Das Pokémon nimmt nur durch Offensiv-Attacken\nSchaden.
22,4,99,Schildlos,Alle Attacken des oder auf das Pokémon gelingen\naufgrund seiner deckungslosen Kampftaktik.
22,4,100,Zeitspiel,Handelt auch mit Initiative-Vorteil stets als Letztes.
22,4,101,Techniker,Erhöht die Stärke von schwächeren Attacken.
22,4,102,Floraschild,Verhindert bei Sonnenschein Statusprobleme.
22,4,103,Tollpatsch,Das Pokémon kann keine getragenen Items verwenden.
22,4,104,Überbrückung,Attacken können ungeachtet der Fähigkeiten des\nZieles verwendet werden.
22,4,105,Glückspilz,"Großes Glück erhöht die Wahrscheinlichkeit,\neinen Volltreffer zu landen."
22,4,106,Finalschlag,"Wird das Pokémon durch eine direkte Attacke besiegt,\nfügt es dem Angreifer Schaden zu."
22,4,107,Vorahnung,Kann gefährliche gegnerische Attacken erahnen.
22,4,108,Vorwarnung,Gibt bei Kampfantritt Auskunft über eine Attacke aus\ndem gegnerischen Repertoire.
22,4,109,Unkenntnis,"Greift das Pokémon an, ignoriert es sämtliche\nStatusveränderungen des Zieles."
22,4,110,Aufwertung,"Bewirkt, dass nicht sehr effektive Attacken dem Ziel\ntrotz des Typennachteils normalen Schaden zufügen."
22,4,111,Filter,"Reduziert die Stärke von sehr effektiven Attacken und\nverringert damit den Schaden, den das Pokémon durch\nsie erleidet."
22,4,112,Saumselig,Halbiert fünf Runden lang den Angriffs-Wert und die\nInitiative des Pokémon.
22,4,113,Rauflust,"Bewirkt, dass Normal- und Kampf-Attacken auch\nPokémon vom Typ Geist treffen können."
22,4,114,Sturmsog,"Zieht Wasser-Attacken an. Statt durch diese Schaden\nzu nehmen, erhöht es den eigenen Spezial-Angriff."
22,4,115,Eishaut,Regeneriert bei Hagel nach und nach KP.
22,4,116,Felskern,"Reduziert die Stärke von sehr effektiven Attacken und\nverringert damit den Schaden, den das Pokémon durch\nsie erleidet."
22,4,117,Hagelalarm,Löst bei Kampfantritt Hagel aus.
22,4,118,Honigmaul,Das Pokémon sammelt nach Kämpfen eventuell\nHonig auf.
22,4,119,Schnüffler,Kann bei Kampfantritt Auskunft über das vom Gegner\ngetragene Item geben.
22,4,120,Achtlos,Erhöht die Stärke von Attacken mit Rückstoßschaden.
22,4,121,Variabilität,Das Pokémon passt seinen Typ dem der getragenen\nTafel bzw. des getragenen Z-Kristalls an.
22,4,122,Pflanzengabe,Erhöht bei Sonnenschein den Angriff und die\nSpezial-Verteidigung aller Team-Pokémon.
22,4,123,Alptraum,Fügt schlafenden Gegnern Schaden zu.
22,4,124,Langfinger,Stiehlt das Item des Angreifers bei Berührung.
22,4,125,Rohe Gewalt,"Erhöht die Stärke von Attacken, aber hebt dafür ihre\nZusatzeffekte auf."
22,4,126,Umkehrung,"Statusveränderungen werden umgekehrt: Statuswerte,\ndie eigentlich erhöht werden sollten, sinken und\numgekehrt."
22,4,127,Anspannung,"Erzeugt bei Gegnern Stress und hindert sie so daran,\nBeeren zu konsumieren."
22,4,128,Siegeswille,"Erhöht den Angriff stark, wenn ein Statuswert\ngesenkt wurde."
22,4,129,Schwächling,"Fallen seine KP auf die Hälfte des Maximalwerts oder\nweniger, bekommt es Angst. Dadurch wird die Stärke\nseines Angriffs und Spezial-Angriffs halbiert."
22,4,130,Tastfluch,"Blockiert eventuell die Attacke, mit welcher der\nAngreifer es getroffen hat."
22,4,131,Heilherz,Befreit Mitstreiter gelegentlich von Statusproblemen.
22,4,132,Freundeshut,"Kann den Schaden, den Mitstreiter erleiden, verringern."
22,4,133,Bruchrüstung,"Senkt bei erlittenem Treffer durch eine physische\nAttacke die Verteidigung des Pokémon, aber erhöht\ndafür seine Initiative stark."
22,4,134,Schwermetall,Verdoppelt das eigene Gewicht.
22,4,135,Leichtmetall,Halbiert das eigene Gewicht.
22,4,136,Multischuppe,Verringert den erlittenen Schaden bei vollen KP.
22,4,137,Giftwahn,Erhöht bei Vergiftungen die Stärke von physischen\nAttacken.
22,4,138,Hitzewahn,Erhöht bei Verbrennungen die Stärke von\nSpezial-Attacken.
22,4,139,Reiche Ernte,Dieselbe Beere kann mehrmals verwendet werden.
22,4,140,Telepathie,Erkennt und pariert Attacken von Mitstreitern.
22,4,141,Gefühlswippe,Erhöht in jeder Runde aufs Neue einen Statuswert stark\nund senkt einen anderen.
22,4,142,Partikelschutz,Nimmt weder durch Wetterlagen wie Sandsturm oder\nHagel noch durch Pulver oder Puder Schaden.
22,4,143,Giftgriff,Kann das Ziel durch bloßes Berühren vergiften.
22,4,144,Belebekraft,"Wird das Pokémon ausgewechselt, regeneriert es eine\nkleine Menge an KP."
22,4,145,Brustbieter,"Hindert Angreifer daran, die Verteidigung des Pokémon\nzu senken."
22,4,146,Sandscharrer,Erhöht in Sandstürmen die Initiative.
22,4,147,Wunderhaut,Wehrt mit robustem Körper viele Status-Attacken ab.
22,4,148,Analyse,"Greift das Pokémon zuletzt an, erhöht sich die Stärke\nder Attacke, die es einsetzt."
22,4,149,Trugbild,"Führt den Gegner hinters Licht, indem es bei\nKampfantritt die Gestalt des Pokémon an der\nletzten Stelle im Team annimmt."
22,4,150,Doppelgänger,Kämpft als Kopie seines Gegenübers.
22,4,151,Schwebedurch,Überwindet gegnerische Schilde sowie Delegatoren\nund greift an.
22,4,152,Mumie,Überträgt bei Berührung die Fähigkeit Mumie auf den\nAngreifer.
22,4,153,Hochmut,"Besiegt es ein Pokémon, steigt sein Selbstvertrauen\nund somit auch sein Angriff."
22,4,154,Redlichkeit,"Wird es von einer Unlicht-Attacke getroffen, meldet\nsich sein Sinn für Gerechtigkeit zu Wort und sein\nAngriff steigt."
22,4,155,Hasenfuß,"Wird es von einer Unlicht-, Geister- oder Käfer-Attacke\ngetroffen, bekommt es Angst und seine Initiative steigt."
22,4,156,Magiespiegel,"Lenkt Status-Attacken auf den Angreifer um,\nohne selbst von ihnen getroffen zu werden."
22,4,157,Vegetarier,"Wird es von einer Pflanzen-Attacke getroffen, erleidet\nes keinerlei Schaden und sein Angriff steigt."
22,4,158,Strolch,Ermöglicht einen Erstschlag mit Status-Attacken.
22,4,159,Sandgewalt,"Erhöht in Sandstürmen die Stärke von Gesteins-,\nBoden- und Stahl-Attacken."
22,4,160,Eisenstachel,Fügt dem Angreifer bei Berührung mit eisernen Stacheln\nSchaden zu.
22,4,161,Trance-Modus,"Fallen seine KP auf die Hälfte des Maximalwerts oder\nweniger, wechselt es seine Gestalt."
22,4,162,Triumphstern,Erhöht die Genauigkeit aller Team-Pokémon.
22,4,163,Turbobrand,Attacken können ungeachtet der Fähigkeit des Zieles\neingesetzt werden.
22,4,164,Teravolt,Attacken können ungeachtet der Fähigkeit des Zieles\neingesetzt werden.
22,4,165,Dufthülle,Kann alle Team-Pokémon vor mentalen Angriffen\nschützen.
22,4,166,Blütenhülle,Schützt Mitstreiter vom Typ Pflanze vor dem Senken\nihrer Statuswerte sowie vor Statusproblemen.
22,4,167,Backentaschen,Regeneriert beim Konsum von Beeren ungeachtet\nder Beerensorte KP.
22,4,168,Wandlungskunst,Das Pokémon nimmt bei Einsatz einer Attacke deren\nTyp an.
22,4,169,Fellkleid,"Halbiert den Schaden, den das Pokémon durch\nphysische Attacken erleidet."
22,4,170,Zauberer,"Trifft das Pokémon ein Ziel mit einer Attacke, kann es\nihm dabei sein Item stehlen."
22,4,171,Kugelsicher,"Kann das Pokémon vor geworfenen kugelförmigen\nObjekten, wie zum Beispiel Bomben, schützen."
22,4,172,Unbeugsamkeit,"Erhöht den Spezial-Angriff stark, wenn ein Statuswert\ngesenkt wurde."
22,4,173,Titankiefer,Der kräftige Kiefer des Pokémon erhöht die Stärke\nvon Biss-Attacken.
22,4,174,Frostschicht,Attacken vom Typ Normal nehmen den Typ Eis an und\nihre Stärke erhöht sich ein wenig.
22,4,175,Zuckerhülle,Alle Team-Pokémon können nicht einschlafen.
22,4,176,Taktikwechsel,"Setzt das Pokémon eine Offensiv-Attacke ein, nimmt\nes die Klingenform an. Setzt es danach die Attacke\nKönigsschild ein, nimmt es die Schildform an."
22,4,177,Orkanschwingen,Kann bei vollen KP einen Erstschlag mit Flug-Attacken\nermöglichen.
22,4,178,Megawumme,"Erhöht die Stärke einiger Wellen-, Aura- und\nPuls-Attacken."
22,4,179,Pflanzenpelz,"Erhöht die Verteidigung, wenn Grasfeld aktiv ist."
22,4,180,Nutznießer,"Gibt Mitstreitern, die ihr Item aufgebraucht haben,\nsein eigenes Item."
22,4,181,Krallenwucht,Erhöht die Stärke von direkten Attacken.
22,4,182,Feenschicht,Attacken vom Typ Normal nehmen den Typ Fee an und\nihre Stärke erhöht sich ein wenig.
22,4,183,Viskosität,Senkt bei Berührung im Zuge eines Angriffs die\nInitiative des Angreifers.
22,4,184,Zenithaut,Attacken vom Typ Normal nehmen den Typ Flug an und\nihre Stärke erhöht sich ein wenig.
22,4,185,Familienbande,Zwei Generationen setzen jeweils ein Mal zum\nAngriff an.
22,4,186,Dunkelaura,Erhöht die Stärke aller Attacken des Typs Unlicht.
22,4,187,Feenaura,Erhöht die Stärke aller Attacken des Typs Fee.
22,4,188,Aura-Umkehr,"Kehrt die Wirkung von Auren um und senkt so die\nStärke bestimmter Attacken, anstatt sie zu erhöhen."
22,4,189,Urmeer,"Ändert das Wetter, um Feuer-Attacken wirkungslos\nzu machen."
22,4,190,Endland,"Ändert das Wetter, um Wasser-Attacken wirkungslos\nzu machen."
22,4,191,Delta-Wind,"Ändert das Wetter, um die Schwächen des Typs Flug\nzu beseitigen."
22,4,192,Zähigkeit,"Wird es von einer Attacke getroffen, steigt seine\nVerteidigung."
22,4,193,Reißaus,"Fallen seine KP auf die Hälfte des Maximalwerts oder\nweniger, zieht es sich ängstlich zurück."
22,4,194,Rückzug,"Fallen seine KP auf die Hälfte des Maximalwerts oder\nweniger, bringt es sich in Sicherheit."
22,4,195,Verklumpen,"Wird es von einer Wasser-Attacke getroffen, steigt\nseine Verteidigung stark."
22,4,196,Quälerei,Sorgt bei Angriffen auf vergiftete Ziele für\nVolltreffergarantie.
22,4,197,Limitschild,"Fallen seine KP auf die Hälfte des Maximalwerts oder\nweniger, zerbricht die Panzerung des Pokémon und es\nwird aggressiver."
22,4,198,Beschattung,Bewirkt bei Angriffen auf neu eingewechselte Ziele\ndoppelten Schaden.
22,4,199,Wasserblase,Feuer-Attacken fügen dem Pokémon weniger\nSchaden zu. Verhindert Verbrennungen.
22,4,200,Stahlprofi,Erhöht die Stärke von Stahl-Attacken.
22,4,201,Wutausbruch,"Fallen seine KP nach einem Angriff auf die Hälfte des\nMaximalwerts oder weniger, steigt sein Spezial-Angriff."
22,4,202,Schneescharrer,Erhöht bei Hagel die Initiative.
22,4,203,Langstrecke,"Ermöglicht dem Pokémon den Einsatz aller seiner\nAttacken, ohne das Ziel dabei direkt zu berühren."
22,4,204,Plätscherstimme,"Bewirkt, dass alle Lärm-Attacken des Pokémon den\nTyp Wasser annehmen."
22,4,205,Heilwandel,"Ermöglicht einen Erstschlag mit Attacken, welche die\nKP des Anwenders direkt regenerieren."
22,4,206,Elektrohaut,Attacken vom Typ Normal nehmen den Typ Elektro an\nund ihre Stärke erhöht sich ein wenig.
22,4,207,Surf-Schweif,"Verdoppelt die Initiative, wenn zuvor ein Elektrofeld\nerzeugt wurde."
22,4,208,Fischschwarm,"Verfügt es über einen hohen KP-Wert, wird es zu einem\nSchwarm und gewinnt an Stärke. Ist der KP-Wert niedrig,\nlöst sich der Schwarm wieder auf."
22,4,209,Kostümspuk,Kann ein Mal pro Kampf mit seinem gruseligen Kostüm\neinen Angriff abwehren.
22,4,210,Freundschaftsakt,"Besiegt es ein Ziel, vertieft dies die Freundschaft zu\nseinem Trainer, wodurch es die Ash-Form annimmt\nund sein Wasser-Shuriken stärker wird."
22,4,211,Scharwandel,"Fallen seine KP auf die Hälfte des Maximalwerts oder\nweniger, eilen ihm weitere Zellen zu Hilfe und es\nnimmt die Optimumform an."
22,4,212,Korrosion,Kann selbst Pokémon vom Typ Stahl oder Gift vergiften.
22,4,213,Dauerschlaf,Das Pokémon befindet sich ununterbrochen im\nHalbschlaf und wacht nie vollständig auf. Es kann\njedoch im Schlaf angreifen.
22,4,214,Majestät,"Schüchtert Gegner ein und hindert sie so daran,\nErstschlag-Attacken gegen es einzusetzen."
22,4,215,Magenkrempler,"Wird es durch eine Attacke besiegt, fügt es dem\nAngreifer Schaden in Höhe des KP-Werts zu,\nden es besaß, bevor es kampfunfähig wurde."
22,4,216,Tänzer,Kann direkt im Anschluss an die Tanz-Attacke eines\nanderen Pokémon ebenfalls eine solche einsetzen.
22,4,217,Batterie,Erhöht die Stärke der Spezial-Attacken seiner\nMitstreiter.
22,4,218,Flauschigkeit,"Halbiert den Schaden, den es durch direkte Attacken\nnimmt, aber verdoppelt dafür den durch Feuer-Attacken\nerlittenen Schaden."
22,4,219,Buntkörper,"Überrascht Gegner und hindert sie so daran,\nErstschlag-Attacken gegen es einzusetzen."
22,4,220,Seelenherz,"Erhöht jedes Mal, wenn ein Pokémon besiegt wird,\nden eigenen Spezial-Angriff."
22,4,221,Lockenkopf,Senkt bei Berührung im Zuge eines Angriffs die\nInitiative des Angreifers.
22,4,222,Receiver,"Wird einer seiner Mitstreiter besiegt, erhält es\ndessen Fähigkeit."
22,4,223,Chemiekraft,Wechselt seine Fähigkeit zu der eines kampfunfähig\ngewordenen Mitstreiters.
22,4,224,Bestien-Boost,"Erhöht in jeder Runde, in der es ein anderes Pokémon\nbesiegt, seinen höchsten Statuswert."
22,4,225,Alpha-System,Das Pokémon passt seinen Typ der getragenen Disc an.
22,4,226,Elektro-Erzeuger,Erzeugt bei Kampfantritt ein Elektrofeld.
22,4,227,Psycho-Erzeuger,Erzeugt bei Kampfantritt ein Psychofeld.
22,4,228,Nebel-Erzeuger,Erzeugt bei Kampfantritt ein Nebelfeld.
22,4,229,Gras-Erzeuger,Erzeugt bei Kampfantritt ein Grasfeld.
22,4,230,Metallprotektor,Verhindert das Senken der Statuswerte durch Attacken\nund Fähigkeiten von Angreifern.
22,4,231,Phantomschutz,Verringert den erlittenen Schaden bei vollen KP.
22,4,232,Prismarüstung,"Reduziert die Stärke von sehr effektiven Attacken und\nverringert damit den Schaden, den das Pokémon durch\nsie erleidet."
22,4,233,Zerebralmacht,Erhöht die Stärke von sehr effektiven Attacken.
22,4,234,Kühnes Schwert,Erhöht bei Kampfantritt den Angriff.
22,4,235,Wackerer Schild,Erhöht bei Kampfantritt die Verteidigung.
22,4,236,Libero,Das Pokémon nimmt bei Einsatz einer Attacke deren\nTyp an.
22,4,237,Apport,"Trägt das Pokémon kein Item bei sich, hebt es den Ball\naus dem ersten gescheiterten Fangversuch des Kampfes\nwieder auf."
22,4,238,Wollflaum,"Wird es von einem Angriff getroffen, verstreut es Teile\nseines Wollflaums, wodurch die Initiative aller anderen\nPokémon sinkt."
22,4,239,Schraubflosse,"Ignoriert die Effekte von Fähigkeiten und Attacken\nanderer Pokémon, die Attacken auf sich lenken."
22,4,240,Spiegelrüstung,"Lenkt ausschließlich Effekte, welche die Statuswerte\ndes Pokémon senken würden, auf den Angreifer um."
22,4,241,Würggeschoss,"Wenn das Pokémon Surfer oder Taucher einsetzt, fängt\nes sich dabei Beute. Erleidet es anschließend Schaden,\ngreift es an, indem es die Beute wieder ausspuckt."
22,4,242,Stahlrückgrat,"Ignoriert die Effekte von Fähigkeiten und Attacken\nanderer Pokémon, die Attacken auf sich lenken."
22,4,243,Dampfantrieb,"Wird es von einer Wasser- oder Feuer-Attacke\ngetroffen, steigt seine Initiative drastisch."
22,4,244,Punk Rock,"Erhöht die Stärke von eigenen Lärm-Attacken und\nhalbiert den Schaden, den das Pokémon selbst durch\nLärm-Attacken erleidet."
22,4,245,Sandspeier,"Löst einen Sandsturm aus, wenn das Pokémon von einer\nAttacke erfasst wird."
22,4,246,Eisflügelstaub,"Halbiert mithilfe von schützendem Eisflügelstaub den\nSchaden, den das Pokémon durch Spezial-Attacken\nerleidet."
22,4,247,Heranreifen,"Verdoppelt den Effekt von Beeren, indem es sie\nheranreifen lässt."
22,4,248,Tiefkühlkopf,Der Eisblock um seinen Kopf blockt eine physische\nAttacke ab. Dies bewirkt jedoch einen Formwechsel.\nDurch Hagel wird der Eisblock wiederhergestellt.
22,4,249,Kraftquelle,Erhöht bei direkt benachbarten Pokémon die Stärke\nvon Attacken.
22,4,250,Mimese,Der Typ des Pokémon ändert sich in Abhängigkeit vom\nZustand des Feldes.
22,4,251,Hemmungslos,"Hebt bei Kampfantritt die Wirkung von Lichtschild,\nReflektor und Auroraschleier auf Mitstreiter- und\nGegnerseite auf."
22,4,252,Stählerner Wille,Erhöht die Stärke von Stahl-Attacken auf\nMitstreiterseite.
22,4,253,Unheilskörper,"Erleidet es einen Treffer von einer direkten Attacke,\nwird es zusammen mit dem Angreifer nach drei Runden\nbesiegt. Rettung ist durch Austausch möglich."
22,4,254,Rastlose Seele,"Wird das Pokémon von einer direkten Attacke\ngetroffen, tauscht es seine Fähigkeit mit der des\nAngreifers."
22,4,255,Affenfokus,"Erhöht den Angriff, aber nur die zuerst gewählte\nAttacke kann eingesetzt werden."
22,4,256,Reaktionsgas,"Solange ein Pokémon mit der Fähigkeit Reaktionsgas\nam Kampf beteiligt ist, werden die Fähigkeiten aller\nanderen Pokémon unterdrückt oder aufgehoben."
22,4,257,Pastellhülle,Schützt das Pokémon und seine Mitstreiter vor\nVergiftung.
22,4,258,Heißhunger,Das Pokémon ändert zum Ende jeder Runde seine\nForm und wechselt somit zwischen dem Pappsatt- und\ndem Kohldampfmuster.
22,4,259,Schnellschuss,Ermöglicht dem Pokémon gelegentlich den Erstschlag.
22,4,260,Verborgene Faust,"Wenn das Pokémon eine direkte Attacke einsetzt,\ntrifft diese auch dann, wenn sich das Ziel selbst\nschützt."
22,4,261,Kuriose Arznei,"Das Pokémon versprüht bei Kampfantritt Arznei aus\nseiner Muschel, die alle Statusveränderungen auf der\nMitstreiterseite aufhebt."
22,4,262,Transistor,Erhöht die Stärke von Elektro-Attacken.
22,4,263,Drachenkiefer,Erhöht die Stärke von Drachen-Attacken.
22,4,264,Helles Wiehern,"Besiegt es ein Pokémon, stößt es ein frostiges Wiehern\naus und erhöht damit seinen Angriff."
22,4,265,Dunkles Wiehern,"Besiegt es ein Pokémon, stößt es ein furchteinflößendes\nWiehern aus und erhöht damit seinen Spezial-Angriff."
22,4,266,Reitgespann,Das Pokémon verfügt sowohl über Coronospas Fähigkeit\nAnspannung als auch über Polaross’ Fähigkeit\nHelles Wiehern.
22,4,267,Reitgespann,Das Pokémon verfügt sowohl über Coronospas Fähigkeit\nAnspannung als auch über Phantoross’ Fähigkeit\nDunkles Wiehern.
22,5,1,Tanfo,A volte il cattivo odore emesso dal Pokémon\nfa tentennare i nemici quando attacca.
22,5,2,Piovischio,"Quando il Pokémon entra in campo, attira la pioggia."
22,5,3,Acceleratore,La Velocità aumenta a ogni turno.
22,5,4,Lottascudo,Il Pokémon è protetto da una dura corazza\nche gli evita di subire brutti colpi.
22,5,5,Vigore,"Evita che il Pokémon vada KO in un sol colpo se ha\ntutti i PS, e lo rende immune alle mosse che causano\nKO immediato."
22,5,6,Umidità,"Aumenta l’umidità circostante, impedendo l’uso\ndi Autodistruzione e di altre mosse esplosive."
22,5,7,Scioltezza,Il corpo flessibile del Pokémon gli impedisce\ndi subire gli effetti della paralisi.
22,5,8,Sabbiavelo,L’elusione aumenta durante le tempeste di sabbia.
22,5,9,Statico,Il contatto fisico con il corpo percorso\ndall’elettricità statica del Pokémon può\ncausare paralisi.
22,5,10,Assorbivolt,"Se il Pokémon viene colpito da una mossa di tipo\nElettro, recupera PS anziché subire danni."
22,5,11,Assorbacqua,"Se il Pokémon viene colpito da una mossa di tipo\nAcqua, recupera PS anziché subire danni."
22,5,12,Indifferenza,L’imperturbabilità del Pokémon lo protegge\nda infatuazioni e provocazioni.
22,5,13,Antimeteo,Neutralizza gli effetti di tutte le condizioni\natmosferiche.
22,5,14,Insettocchi,La precisione del Pokémon aumenta grazie ai suoi\nocchi composti.
22,5,15,Insonnia,Il Pokémon soffre d’insonnia e non può addormentarsi.
22,5,16,Cambiacolore,Il Pokémon acquisisce il tipo della mossa subita.
22,5,17,Immunità,L’immunità naturale del Pokémon gli impedisce\ndi essere avvelenato.
22,5,18,Fuocardore,"Se il Pokémon subisce una mossa di tipo Fuoco,\nne sfrutta il calore per potenziare le proprie mosse\ndello stesso tipo."
22,5,19,Polvoscudo,Il Pokémon è protetto da uno strato di scaglie\nche annulla gli effetti aggiuntivi delle mosse subite.
22,5,20,Mente Locale,Il Pokémon affronta la vita al proprio ritmo e per\nquesto non può essere confuso.
22,5,21,Ventose,Il Pokémon resiste a strumenti e mosse che causano\nla sostituzione appiccicandosi al terreno con le ventose.
22,5,22,Prepotenza,"Quando il Pokémon entra in campo, la sua\nprepotenza intimidisce i nemici, riducendone\nl’Attacco."
22,5,23,Pedinombra,Il Pokémon calpesta l’ombra del nemico impedendogli\nla fuga o la sostituzione.
22,5,24,Cartavetro,"Se il Pokémon è colpito da un attacco diretto, grazie\nalla sua pelle ruvida infligge danni a sua volta."
22,5,25,Magidifesa,Un potere misterioso protegge il Pokémon e lo\nrende vulnerabile solo alle mosse superefficaci.
22,5,26,Levitazione,La capacità di levitare conferisce al Pokémon\nimmunità agli attacchi di tipo Terra.
22,5,27,Spargispora,"Può causare avvelenamento, paralisi o sonno\na chi manda a segno un attacco diretto."
22,5,28,Sincronismo,"Se un nemico avvelena, paralizza o scotta un\nPokémon con questa abilità, viene colpito dallo\nstesso problema di stato."
22,5,29,Corpochiaro,Impedisce la diminuzione delle statistiche causata\nda abilità o mosse di altri Pokémon.
22,5,30,Alternacura,"Quando il Pokémon viene sostituito, guarisce\ndai problemi di stato."
22,5,31,Parafulmine,Il Pokémon attira e neutralizza le mosse di tipo Elettro\ne fa aumentare il suo Attacco Speciale.
22,5,32,Leggiadro,Rende più probabili gli effetti aggiuntivi delle mosse.
22,5,33,Nuotovelox,"Se piove, la Velocità aumenta."
22,5,34,Clorofilla,"Se la luce del sole è intensa, la Velocità aumenta."
22,5,35,Risplendi,"Illumina tutto intorno, rendendo più probabile\nincontrare Pokémon selvatici."
22,5,36,Traccia,"Quando il Pokémon entra in campo, copia l’abilità\ndi un nemico."
22,5,37,Macroforza,Raddoppia l’Attacco del Pokémon.
22,5,38,Velenopunto,Può avvelenare chi manda a segno un attacco diretto.
22,5,39,Forza Interiore,La capacità di concentrazione del Pokémon evita\nche tentenni per gli attacchi del nemico.
22,5,40,Magmascudo,Il magma riveste il corpo del Pokémon\nimpedendogli di venire congelato.
22,5,41,Idrovelo,Un velo d’acqua riveste il corpo del Pokémon\nimpedendogli di venire scottato.
22,5,42,Magnetismo,La carica magnetica attrae i Pokémon di tipo\nAcciaio impedendogli la fuga o la sostituzione.
22,5,43,Antisuono,Il Pokémon è dotato di una sorta di isolamento\nacustico che lo rende immune alle mosse basate\nsul suono.
22,5,44,Copripioggia,Il Pokémon recupera PS quando piove.
22,5,45,Sabbiafiume,"Quando il Pokémon entra in campo, scatena\nuna tempesta di sabbia."
22,5,46,Pressione,"Il Pokémon mette pressione al nemico, facendogli\nconsumare più PP."
22,5,47,Grassospesso,Il Pokémon è protetto da uno spesso strato\ndi grasso che dimezza il danno causato da\nmosse di tipo Fuoco e Ghiaccio.
22,5,48,Sveglialampo,Il Pokémon impiega metà del tempo per risvegliarsi\ndal sonno rispetto agli altri.
22,5,49,Corpodifuoco,Può scottare chi manda a segno un attacco diretto.
22,5,50,Fugafacile,Garantisce la fuga dai Pokémon selvatici.
22,5,51,Sguardofermo,La vista acuta del Pokémon impedisce che la sua\nprecisione diminuisca.
22,5,52,Ipertaglio,L’Attacco del Pokémon non può diminuire\ngrazie alla morsa micidiale in cui è in grado\ndi stringere i nemici.
22,5,53,Raccolta,Il Pokémon può raccogliere lo strumento usato da\nun nemico durante la lotta. A volte potrebbe\nraccogliere strumenti anche fuori dalla lotta.
22,5,54,Pigrone,"Quando il Pokémon usa una mossa, nel turno\nsuccessivo si riposerà."
22,5,55,Tuttafretta,"L’Attacco aumenta, ma la precisione diminuisce."
22,5,56,Incantevole,Può causare infatuazione a chi manda a segno\nun attacco diretto.
22,5,57,Più,L’Attacco Speciale aumenta se ci sono alleati con\nl’abilità Meno o Più.
22,5,58,Meno,L’Attacco Speciale aumenta se ci sono alleati con\nl’abilità Meno o Più.
22,5,59,Previsioni,"Cambia il tipo del Pokémon in Acqua, Fuoco\no Ghiaccio in base alle condizioni atmosferiche."
22,5,60,Antifurto,Gli strumenti restano appiccicati al corpo adesivo\ndel Pokémon e non possono essere rubati.
22,5,61,Muta,Il Pokémon può guarire dai problemi di stato\nfacendo la muta completa della pelle.
22,5,62,Dentistretti,"Se il Pokémon è affetto da un problema di stato,\ntira fuori la grinta e aumenta il proprio Attacco."
22,5,63,Pelledura,"Se il Pokémon è affetto da un problema di stato,\nle squame sulla sua pelle si induriscono aumentando\nla sua Difesa."
22,5,64,Melma,"Il Pokémon secerne delle sostanze tossiche.\nSe un nemico manda a segno una mossa che\nassorbe i PS, subisce dei danni."
22,5,65,Erbaiuto,"Quando il Pokémon ha pochi PS, la potenza delle\nsue mosse di tipo Erba aumenta."
22,5,66,Aiutofuoco,"Quando il Pokémon ha pochi PS, la potenza delle\nsue mosse di tipo Fuoco aumenta."
22,5,67,Acquaiuto,"Quando il Pokémon ha pochi PS, la potenza delle\nsue mosse di tipo Acqua aumenta."
22,5,68,Aiutinsetto,"Quando il Pokémon ha pochi PS, la potenza delle\nsue mosse di tipo Coleottero aumenta."
22,5,69,Testadura,Protegge il Pokémon dai contraccolpi.
22,5,70,Siccità,"Quando il Pokémon entra in campo, la luce solare\ndiventa intensa."
22,5,71,Trappoarena,Impedisce la fuga al nemico.
22,5,72,Spiritovivo,Il Pokémon è talmente vivace che non può\naddormentarsi.
22,5,73,Fumochiaro,Il Pokémon è protetto da un fumo chiaro che\nimpedisce ai nemici di diminuire le sue statistiche.
22,5,74,Forzapura,L’Attacco del Pokémon raddoppia grazie\nalla sua padronanza delle tecniche yoga.
22,5,75,Guscioscudo,Il Pokémon è protetto da un guscio robusto\nche gli evita di subire brutti colpi.
22,5,76,Riparo,Neutralizza gli effetti di tutte le condizioni\natmosferiche.
22,5,77,Intricopiedi,"Se il Pokémon è confuso, la sua elusione aumenta."
22,5,78,Elettrorapid,"Se il Pokémon viene colpito da una mossa di\ntipo Elettro, la neutralizza e sfrutta la carica\nelettrica per aumentare la propria Velocità."
22,5,79,Antagonismo,"Rende più forti contro nemici dello stesso sesso,\nma più deboli contro nemici di sesso opposto."
22,5,80,Cuordeciso,"Se il Pokémon tentenna, il suo animo indomito\nsi risveglia e la sua Velocità aumenta."
22,5,81,Mantelneve,"Se grandina, l’elusione aumenta."
22,5,82,Voracità,"Il Pokémon non attende di aver perso molti PS\nper mangiare certe bacche, ma lo fa non appena\ni suoi PS scendono a metà o meno."
22,5,83,Grancollera,"Se il Pokémon subisce un brutto colpo, monta su\ntutte le furie e il suo Attacco aumenta al massimo."
22,5,84,Agiltecnica,"Se il Pokémon usa o perde uno strumento,\nla sua Velocità aumenta."
22,5,85,Antifuoco,Il corpo termoresistente del Pokémon dimezza i danni\nche subisce dalle mosse di tipo Fuoco.
22,5,86,Disinvoltura,Raddoppia le modifiche alle statistiche.
22,5,87,Pellearsa,"Il Pokémon recupera PS se piove o se subisce\nmosse di tipo Acqua, ma perde PS con la luce solare\nintensa. Subisce più danni da mosse di tipo Fuoco."
22,5,88,Download,"Il Pokémon analizza Difesa e Difesa Speciale\ndel nemico e, a seconda di qual è più bassa,\naumenta il proprio Attacco o Attacco Speciale."
22,5,89,Ferropugno,Potenzia le mosse che utilizzano pugni.
22,5,90,Velencura,"Se il Pokémon è avvelenato, recupera PS anziché\nperderli."
22,5,91,Adattabilità,Potenzia di molto le mosse dello stesso tipo\ndel Pokémon.
22,5,92,Abillegame,Le mosse multicolpo mandano a segno sempre\nil massimo dei colpi possibili.
22,5,93,Idratazione,"Se piove, il Pokémon guarisce dai problemi di stato."
22,5,94,Solarpotere,"Se la luce del sole è intensa, l’Attacco Speciale\naumenta, ma il Pokémon perde PS a ogni turno."
22,5,95,Piedisvelti,"Se il Pokémon è affetto da un problema di stato,\nla Velocità aumenta."
22,5,96,Normalità,Tutte le mosse del Pokémon diventano di tipo\nNormale e la loro potenza aumenta un po’.
22,5,97,Cecchino,Aumenta ulteriormente i danni inflitti dai brutti colpi.
22,5,98,Magicscudo,Il Pokémon subisce danni solo dagli attacchi.
22,5,99,Nullodifesa,Il Pokémon e chiunque lo attacchi abbassano\nla guardia e le loro mosse vanno sempre a segno.
22,5,100,Rallentatore,Il Pokémon agisce sempre per ultimo.
22,5,101,Tecnico,Potenzia le mosse più deboli del Pokémon.
22,5,102,Fogliamanto,"Se la luce del sole è intensa, evita i problemi\ndi stato."
22,5,103,Impaccio,Il Pokémon non può usare lo strumento che ha con sé.
22,5,104,Rompiforma,"Quando il Pokémon attacca, ignora l’abilità del\nbersaglio se questa ha effetto sulle mosse."
22,5,105,Supersorte,L’incredibile fortuna del Pokémon aumenta\nla sua probabilità di infliggere brutti colpi.
22,5,106,Scoppio,Chi manda KO questo Pokémon con un attacco\ndiretto subisce dei danni.
22,5,107,Presagio,Rivela se il nemico ha mosse pericolose.
22,5,108,Premonizione,"Quando il Pokémon entra in campo, rivela una delle\nmosse del nemico."
22,5,109,Imprudenza,"Quando il Pokémon attacca, ignora le modifiche\nalle statistiche del nemico."
22,5,110,Lentifumé,Permette alle mosse non molto efficaci di infliggere\ndanni normalmente.
22,5,111,Filtro,Riduce i danni subiti dalle mosse superefficaci.
22,5,112,Lentoinizio,Dimezza per cinque turni l’Attacco e la Velocità.
22,5,113,Nervisaldi,Permette di colpire Pokémon di tipo Spettro\ncon mosse di tipo Normale e Lotta.
22,5,114,Acquascolo,Il Pokémon attira e neutralizza le mosse di tipo Acqua\ne fa aumentare il proprio Attacco Speciale.
22,5,115,Corpogelo,"Se grandina, il Pokémon recupera PS."
22,5,116,Solidroccia,Riduce i danni subiti dalle mosse superefficaci.
22,5,117,Scendineve,"Quando il Pokémon entra in campo, provoca\nuna grandinata."
22,5,118,Mielincetta,Il Pokémon può raccogliere del Miele alla fine\ndella lotta.
22,5,119,Indagine,"Quando il Pokémon entra in campo, rivela\nlo strumento del nemico."
22,5,120,Temerarietà,Potenzia le mosse che causano contraccolpo.
22,5,121,Multitipo,Cambia il tipo del Pokémon a seconda della lastra\no del Cristallo Z che ha con sé.
22,5,122,Regalfiore,"Se la luce del sole è intensa, aumenta l’Attacco\ne la Difesa Speciale del Pokémon e dei suoi alleati."
22,5,123,Sogniamari,Infligge danni ai nemici addormentati.
22,5,124,Arraffalesto,"Se il Pokémon viene colpito da un attacco diretto,\nruba lo strumento di chi lo ha attaccato."
22,5,125,Forzabruta,"Aumenta la potenza delle mosse, ma ne annulla\ngli effetti aggiuntivi."
22,5,126,Inversione,Le modifiche alle statistiche hanno effetto inverso:\nle statistiche aumentano quando dovrebbero diminuire\ne viceversa.
22,5,127,Agitazione,Il nemico viene intimidito e non può mangiare\nbacche.
22,5,128,Agonismo,L’Attacco aumenta di molto quando le statistiche\ndiminuiscono a causa di un nemico.
22,5,129,Sconforto,"Quando i PS scendono a metà o meno, il Pokémon\nsi scoraggia e l’Attacco e l’Attacco Speciale\nvengono dimezzati."
22,5,130,Corpofunesto,Può bloccare la mossa subita dal Pokémon.
22,5,131,Curacuore,A volte cura i problemi di stato degli alleati.
22,5,132,Amicoscudo,I danni inflitti agli alleati del Pokémon\nvengono ridotti.
22,5,133,Sottilguscio,"Se il Pokémon subisce danni da mosse fisiche, la Difesa\ndiminuisce e la Velocità aumenta di molto."
22,5,134,Metalpesante,Raddoppia il peso del Pokémon.
22,5,135,Metalleggero,Dimezza il peso del Pokémon.
22,5,136,Multisquame,"Se i PS sono al massimo, riduce il danno subito."
22,5,137,Velenimpeto,"Se il Pokémon è avvelenato, la potenza delle sue mosse\nfisiche aumenta."
22,5,138,Bruciaimpeto,"Se il Pokémon è scottato, la potenza delle sue mosse\nspeciali aumenta."
22,5,139,Coglibacche,Può ricreare una bacca utilizzata.
22,5,140,Telepatia,Il Pokémon prevede ed evita gli attacchi degli alleati.
22,5,141,Altalena,"A ogni turno, aumenta di molto una statistica\ne ne riduce un’altra."
22,5,142,Copricapo,"Rende immuni ai danni da grandine e tempesta di\nsabbia, alle mosse Spora, Cottonspora, Sonnifero,\nParalizzante e alle mosse “polvere”."
22,5,143,Velentocco,Il Pokémon può avvelenare il nemico al solo contatto.
22,5,144,Rigenergia,Il Pokémon recupera un po’ di PS quando lascia\nil campo.
22,5,145,Pettinfuori,Evita che la Difesa diminuisca.
22,5,146,Remasabbia,"Se c’è una tempeste di sabbia, la Velocità aumenta."
22,5,147,Splendicute,Il Pokémon resiste più facilmente alle mosse di stato.
22,5,148,Ponderazione,"Se il Pokémon agisce per ultimo, la potenza\ndella mossa aumenta."
22,5,149,Illusione,Il Pokémon inganna il nemico entrando in campo\ncon le sembianze dell’ultimo Pokémon della propria\nsquadra.
22,5,150,Sosia,Il Pokémon si trasforma nel nemico che ha davanti.
22,5,151,Intrapasso,Il Pokémon attacca evitando le barriere e il sostituto\ndel nemico.
22,5,152,Mummia,"Al contatto con il Pokémon, l’abilità del nemico\ndiventa Mummia."
22,5,153,Arroganza,"Quando manda un nemico KO, il Pokémon si fa\nsicuro di sé e aumenta il proprio Attacco."
22,5,154,Giustizia,"Quando il Pokémon viene colpito da una mossa\ndi tipo Buio, il suo forte senso di giustizia fa sì\nche l’Attacco aumenti."
22,5,155,Paura,"Le mosse di tipo Buio, Spettro e Coleottero\nspaventano il Pokémon aumentandone la Velocità."
22,5,156,Magispecchio,Il Pokémon respinge al mittente le mosse di stato senza\nsubirne gli effetti.
22,5,157,Mangiaerba,"Se il Pokémon viene colpito da una mossa di tipo Erba,\nla neutralizza e aumenta il proprio Attacco."
22,5,158,Burla,Le mosse di stato del Pokémon acquistano\npriorità alta.
22,5,159,Silicoforza,"Potenzia le mosse di tipo Roccia, Terra e Acciaio\ndurante le tempeste di sabbia."
22,5,160,Spineferrate,"Se il Pokémon viene colpito da un attacco diretto,\ninfligge danni a sua volta con le sue spine di ferro."
22,5,161,Stato Zen,Cambia la forma del Pokémon se i PS scendono\na metà o meno.
22,5,162,Vittorstella,Aumenta la precisione di tutta la squadra.
22,5,163,Piroturbina,"Quando il Pokémon attacca, ignora l’abilità del\nbersaglio se questa ha effetto sulle mosse."
22,5,164,Teravolt,"Quando il Pokémon attacca, ignora l’abilità del\nbersaglio se questa ha effetto sulle mosse."
22,5,165,Aromavelo,Protegge tutta la squadra da effetti che ne limitano\nla libertà di scelta delle mosse.
22,5,166,Fiorvelo,Rende gli alleati di tipo Erba immuni alla diminuzione\ndelle statistiche e ai problemi di stato.
22,5,167,Guancegonfie,"Quando il Pokémon mangia una bacca, recupera anche\ndei PS."
22,5,168,Mutatipo,Cambia il tipo del Pokémon in quello della mossa\nche usa.
22,5,169,Foltopelo,Dimezza il danno subito dalle mosse fisiche.
22,5,170,Prestigiatore,"Quando chi la usa colpisce un Pokémon con una mossa,\ngli ruba lo strumento."
22,5,171,Antiproiettile,Protegge da alcune mosse a base di proiettili\ne bombe.
22,5,172,Tenacia,L’Attacco Speciale aumenta di molto quando le\nstatistiche diminuiscono a causa di un nemico.
22,5,173,Ferromascella,La robusta mascella del Pokémon permette\nmorsi molto potenti.
22,5,174,Pellegelo,Le mosse di tipo Normale diventano di tipo\nGhiaccio e la loro potenza aumenta un po’.
22,5,175,Dolcevelo,Rende il Pokémon e i suoi alleati immuni al sonno.
22,5,176,Accendilotta,Assume la Forma Spada se usa una mossa\nd’attacco e la Forma Scudo se usa Scudo Reale.
22,5,177,Aliraffica,"Se il Pokémon ha tutti i PS, le sue mosse\ndi tipo Volante acquistano priorità alta."
22,5,178,Megalancio,"Potenzia le mosse “pulsar”, Forzasfera\ne Ondasana."
22,5,179,Peloderba,"In presenza di un Campo Erboso, la Difesa\naumenta."
22,5,180,Simbiosi,"Se un alleato usa uno strumento, il Pokémon\ngli passa il proprio."
22,5,181,Unghiedure,Potenzia le mosse che causano un contatto fisico.
22,5,182,Pellefolletto,Le mosse di tipo Normale diventano di tipo Folletto\ne la loro potenza aumenta un po’.
22,5,183,Viscosità,"Se il Pokémon viene colpito da un attacco diretto,\nla Velocità di chi l’ha colpito diminuisce."
22,5,184,Pellecielo,Le mosse di tipo Normale diventano di tipo Volante\ne la loro potenza aumenta un po’.
22,5,185,Amorefiliale,Il Pokémon e il suo piccolo attaccano insieme.
22,5,186,Auratetra,Potenzia le mosse di tipo Buio di tutti i Pokémon.
22,5,187,Aurafolletto,Potenzia le mosse di tipo Folletto di tutti i Pokémon.
22,5,188,Frangiaura,Inverte gli effetti di tutte le aure riducendone\nla potenza.
22,5,189,Mare Primordiale,Crea un clima che rende inefficaci\ngli attacchi di tipo Fuoco.
22,5,190,Terra Estrema,Crea un clima che rende inefficaci\ngli attacchi di tipo Acqua.
22,5,191,Flusso Delta,Crea un clima che annulla i punti deboli\ndel tipo Volante.
22,5,192,Sopportazione,"Se il Pokémon subisce un attacco, la sua Difesa\naumenta."
22,5,193,Fuggifuggi,"Se i PS scendono a metà o meno, il Pokémon\nsi fa prendere dalla paura e abbandona la lotta\nin tutta fretta."
22,5,194,Passoindietro,"Se i PS scendono a metà o meno, il Pokémon\nabbandona la lotta per sfuggire al pericolo."
22,5,195,Idrorinforzo,"Se il Pokémon subisce una mossa di tipo Acqua,\nla sua Difesa aumenta di molto."
22,5,196,Spietatezza,Gli attacchi sferrati su un bersaglio avvelenato\nproducono sempre brutti colpi.
22,5,197,Scudosoglia,"Se i PS scendono a metà o meno, il guscio\nsi rompe e il Pokémon si prepara all’offensiva."
22,5,198,Sorveglianza,Raddoppia i danni inflitti a un bersaglio che è\nappena entrato in campo per sostituire un altro\nPokémon.
22,5,199,Bolladacqua,Riduce i danni subiti dalle mosse di tipo Fuoco\ne rende immuni alle scottature.
22,5,200,Tempracciaio,Aumenta la potenza delle mosse di tipo Acciaio.
22,5,201,Furore,"Se i PS scendono a metà o meno a causa di\nun attacco, l’Attacco Speciale aumenta."
22,5,202,Spalaneve,"Se grandina, la Velocità aumenta."
22,5,203,Distacco,Il Pokémon è in grado di usare tutte le sue mosse\nsenza entrare in contatto diretto con il bersaglio.
22,5,204,Idrovoce,Le mosse del Pokémon basate sul suono diventano\ndi tipo Acqua.
22,5,205,Primacura,Le mosse che ripristinano direttamente i PS\ndel Pokémon acquistano priorità alta.
22,5,206,Pellelettro,Le mosse di tipo Normale diventano di tipo Elettro\ne la loro potenza aumenta un po’.
22,5,207,Codasurf,"In presenza di un Campo Elettrico, la Velocità\nraddoppia."
22,5,208,Banco,"Quando ha molti PS, il Pokémon forma un banco\ncon i propri simili e si rafforza.\nQuando ne ha pochi, il banco si disperde."
22,5,209,Fantasmanto,Il panno che ricopre il Pokémon lo protegge\nda un singolo attacco.
22,5,210,Morfosintonia,"Se il Pokémon manda KO un nemico, il legame con\nl’Allenatore si rafforza, attivando la trasformazione\nin Greninja Forma Ash. Acqualame si potenzia."
22,5,211,Sciamefusione,"Se i PS del Pokémon scendono a metà o meno, le\ncellule si raggruppano e gli permettono di assumere\nla Forma Perfetta."
22,5,212,Corrosione,Il Pokémon è in grado di avvelenare il bersaglio\nanche se questo è di tipo Acciaio o Veleno.
22,5,213,Sonno Assoluto,Il Pokémon si trova in un costante stato di\ndormiveglia che gli impedisce di svegliarsi.\nPuò attaccare anche da addormentato.
22,5,214,Regalità,L’aura di regalità del Pokémon impedisce al nemico\ndi attaccarlo con mosse che hanno priorità alta.
22,5,215,Espellinterno,"Se il Pokémon viene mandato KO da un attacco,\ninfligge a chi lo ha sferrato tanti danni quanti\nerano i suoi PS prima di ricevere il colpo."
22,5,216,Sincrodanza,Permette al Pokémon di copiare immediatamente\nqualsiasi mossa basata sulla danza usata da un\naltro Pokémon in campo.
22,5,217,Batteria,Aumenta la potenza delle mosse speciali\ndegli alleati.
22,5,218,Morbidone,"Dimezza il danno causato dagli attacchi diretti\ndi un nemico, ma raddoppia quello subito dalle\nmosse di tipo Fuoco."
22,5,219,Corposgargiante,Il Pokémon sbalordisce il nemico e non gli permette\ndi attaccarlo con mosse che hanno priorità alta.
22,5,220,Cuoreanima,Aumenta l’Attacco Speciale ogni volta che\nun Pokémon va KO.
22,5,221,Boccolidoro,"Se il Pokémon viene colpito da un attacco diretto,\nla Velocità di chi l’ha colpito diminuisce."
22,5,222,Ricezione,Il Pokémon acquisisce l’abilità di un alleato\nandato KO.
22,5,223,Forza Chimica,Il Pokémon trasforma la propria abilità in quella\ndi un alleato andato KO.
22,5,224,Ultraboost,"Quando il Pokémon manda KO un altro Pokémon,\naumenta la propria statistica di punta."
22,5,225,Sistema Primevo,Il tipo del Pokémon cambia in base alla ROM\ninstallata.
22,5,226,Elettrogenesi,"Quando il Pokémon entra in campo,\nlo trasforma in un Campo Elettrico."
22,5,227,Psicogenesi,"Quando il Pokémon entra in campo,\nlo trasforma in un Campo Psichico."
22,5,228,Nebbiogenesi,"Quando il Pokémon entra in campo,\nlo trasforma in un Campo Nebbioso."
22,5,229,Erbogenesi,"Quando il Pokémon entra in campo,\nlo trasforma in un Campo Erboso."
22,5,230,Metalprotezione,Impedisce la diminuzione delle statistiche causata\nda abilità o mosse di altri Pokémon.
22,5,231,Spettroguardia,"Se i PS sono al massimo, riduce il danno subito."
22,5,232,Scudoprisma,Riduce i danni subiti dalle mosse superefficaci.
22,5,233,Cerebroforza,Potenzia le mosse superefficaci.
22,5,234,Spada Indomita,"Quando il Pokémon entra in campo, il suo Attacco\naumenta."
22,5,235,Scudo Saldo,"Quando il Pokémon entra in campo, la sua Difesa\naumenta."
22,5,236,Libero,Cambia il tipo del Pokémon in quello della mossa\nche usa.
22,5,237,Raccattapalle,"Se il Pokémon non ha uno strumento con sé,\nraccoglie la Poké Ball del primo tentativo\ndi cattura fallito."
22,5,238,Lanugine,"Se il Pokémon subisce un attacco, sparge della lanugine\nche diminuisce la Velocità di tutti i Pokémon in campo\ntranne la sua."
22,5,239,Elicopinna,Permette di ignorare gli effetti di mosse e abilità\nche attirano altre mosse.
22,5,240,Blindospecchio,Rimanda al mittente le diminuzioni alle statistiche\nsubite.
22,5,241,Inghiottimissile,"Quando usa Surf o Sub, il Pokémon cattura una preda.\nSe subisce dei danni, la sputa fuori per attaccare."
22,5,242,Volontà di Ferro,Permette di ignorare gli effetti di mosse e abilità\nche attirano altre mosse.
22,5,243,Vapormacchina,"Se il Pokémon viene colpito da una mossa di tipo Acqua\no Fuoco, la sua Velocità aumenta moltissimo."
22,5,244,Punk Rock,"Aumenta la potenza delle mosse basate sul suono.\nInoltre, dimezza i danni subiti dal Pokémon se\nviene colpito da tali mosse."
22,5,245,Sputasabbia,"Quando il Pokémon viene colpito da un attacco,\nscatena una tempesta di sabbia."
22,5,246,Geloscaglie,"Scaglie di ghiaccio proteggono il Pokémon dalle mosse\nspeciali, dimezzandone i danni subiti."
22,5,247,Maturazione,Fa maturare le bacche raddoppiandone gli effetti.
22,5,248,Gelofaccia,"Grazie al ghiaccio sulla testa, il Pokémon può incassare\ni danni causati da mosse fisiche, ma cambia forma.\nTorna al suo stato originale quando grandina."
22,5,249,Fonte Energetica,Potenzia le mosse di chi si trova nelle immediate\nvicinanze.
22,5,250,Mimetismo,Il tipo del Pokémon cambia a seconda dello stato\ndel campo.
22,5,251,Annullabarriere,"Quando il Pokémon entra in campo, annulla l’effetto\ndi Schermoluce, Riflesso e Velaurora sia per i nemici\nche per gli alleati."
22,5,252,Spiritoferreo,Potenzia gli attacchi di tipo Acciaio degli alleati.
22,5,253,Ultimotocco,"Se il Pokémon viene colpito da un attacco diretto,\ndopo tre turni va KO assieme a chi lo ha attaccato.\nSe uno dei due viene sostituito, non va KO."
22,5,254,Anima Errante,"Se il Pokémon subisce un attacco diretto, scambia\nla sua abilità con quella di chi lo ha colpito."
22,5,255,Vigorilla,Aumenta l’Attacco ma costringe il Pokémon a usare\nsolo la prima mossa selezionata.
22,5,256,Gas Reagente,"Se in campo c’è un Pokémon con Gas Reagente,\ngli effetti delle abilità di tutti gli altri Pokémon\nvengono annullati o non si attivano."
22,5,257,Pastelvelo,Protegge il Pokémon e gli alleati dai problemi di stato\ncausati dal veleno.
22,5,258,Pancialterna,"Alla fine di ogni turno cambia forma, alternando\ntra Motivo Panciapiena e Motivo Panciavuota."
22,5,259,Colpolesto,A volte permette al Pokémon di agire per primo.
22,5,260,Pugni Invisibili,"Quando il Pokémon utilizza un attacco diretto,\ngli effetti di mosse protettive vengono ignorati."
22,5,261,Stranofarmaco,"Quando il Pokémon entra in campo, sparge un farmaco\ndalla conchiglia che annulla le modifiche alle statistiche\ndegli alleati."
22,5,262,Transistor,Potenzia le mosse di tipo Elettro.
22,5,263,Dragomascelle,Potenzia le mosse di tipo Drago.
22,5,264,Nitrito Bianco,"Quando manda KO il nemico, emette un nitrito\nagghiacciante, aumentando il proprio Attacco."
22,5,265,Nitrito Nero,"Quando manda KO il nemico, emette un nitrito\nterrificante, aumentando il proprio Attacco Speciale."
22,5,266,Sintonia Equina,Il Pokémon ha una doppia abilità: Agitazione di Calyrex\ne Nitrito Bianco di Glastrier.
22,5,267,Sintonia Equina,Il Pokémon ha una doppia abilità: Agitazione di Calyrex\ne Nitrito Nero di Spectrier.
22,6,1,Hedor,Puede amedrentar al rival al atacarlo debido al mal olor\nque emana.
22,6,2,Llovizna,Hace que llueva al entrar en combate.
22,6,3,Impulso,Aumenta su Velocidad en cada turno.
22,6,4,Armadura Batalla,La robusta coraza que lo protege bloquea los golpes\ncríticos.
22,6,5,Robustez,Evita que el rival pueda debilitarlo de un solo golpe\ncuando tiene los PS al máximo.\nTambién evita los movimientos fulminantes.
22,6,6,Humedad,"Aumenta la humedad del entorno y evita que se\npuedan utilizar movimientos explosivos, tales como\nAutodestrucción."
22,6,7,Flexibilidad,Evita ser paralizado gracias a la flexibilidad de su\ncuerpo.
22,6,8,Velo Arena,Aumenta su Evasión durante las tormentas de arena.
22,6,9,Elec. Estática,La electricidad estática que lo envuelve puede paralizar\nal mínimo contacto.
22,6,10,Absorbe Elec,"Si le alcanza un movimiento de tipo Eléctrico, recupera\nPS en vez de sufrir daño."
22,6,11,Absorbe Agua,"Si le alcanza un movimiento de tipo Agua, recupera PS\nen vez de sufrir daño."
22,6,12,Despiste,Su indiferencia evita que sea provocado o caiga presa\ndel enamoramiento.
22,6,13,Aclimatación,Anula todos los efectos del tiempo atmosférico.
22,6,14,Ojo Compuesto,Aumenta la precisión de sus movimientos.
22,6,15,Insomnio,Su resistencia al sueño le impide quedarse dormido.
22,6,16,Cambio Color,Adopta el tipo del último movimiento del que es\nblanco.
22,6,17,Inmunidad,Su sistema inmunitario evita el envenenamiento.
22,6,18,Absorbe Fuego,"Si le alcanza algún movimiento de tipo Fuego, potencia\nsus propios movimientos de dicho tipo."
22,6,19,Polvo Escudo,El polvo de escamas que lo envuelve lo protege de\nlos efectos secundarios de los ataques recibidos.
22,6,20,Ritmo Propio,"Como le gusta hacer las cosas a su manera, los rivales\nno logran confundirlo."
22,6,21,Ventosas,"Sus ventosas se aferran al suelo, con lo cual anula\nmovimientos y objetos que fuerzan el relevo."
22,6,22,Intimidación,Al entrar en combate amilana al rival de tal manera\nque su Ataque disminuye.
22,6,23,Sombra Trampa,Impide que el enemigo huya o sea cambiado por otro.
22,6,24,Piel Tosca,Hiere con su piel áspera al rival que lo ataque con un\nmovimiento de contacto.
22,6,25,Superguarda,"Gracias a un poder misterioso, solo le hacen daño los\nmovimientos supereficaces."
22,6,26,Levitación,Su capacidad de flotar sobre el suelo le proporciona\ninmunidad frente a los movimientos de tipo Tierra.
22,6,27,Efecto Espora,"Puede dormir, envenenar o paralizar al Pokémon con\nel que entre en contacto al recibir un ataque."
22,6,28,Sincronía,"Contagia el envenenamiento, las quemaduras o la\nparálisis al Pokémon que le cause ese estado."
22,6,29,Cuerpo Puro,Evita que bajen sus características a causa de\nmovimientos o habilidades de otros Pokémon.
22,6,30,Cura Natural,Cura sus problemas de estado al cambiarse con otro\nPokémon.
22,6,31,Pararrayos,"Atrae y neutraliza los movimientos de tipo Eléctrico,\nque además le suben el Ataque Especial."
22,6,32,Dicha,Aumenta la probabilidad de que los movimientos\ncausen efectos secundarios.
22,6,33,Nado Rápido,Sube su Velocidad cuando llueve.
22,6,34,Clorofila,Sube su Velocidad cuando hace sol.
22,6,35,Iluminación,Aumenta la probabilidad de encontrar Pokémon al\niluminar el entorno.
22,6,36,Rastro,Al entrar en combate copia la habilidad del rival.
22,6,37,Potencia,Duplica la potencia de sus ataques físicos.
22,6,38,Punto Tóxico,Puede envenenar al mínimo contacto.
22,6,39,Foco Interno,"Gracias a su profunda concentración, no se amedrenta\nante los ataques del rival."
22,6,40,Escudo Magma,"Gracias al magma candente que lo envuelve, no puede\nser congelado."
22,6,41,Velo Agua,Evita las quemaduras gracias a la capa de agua que\nlo envuelve.
22,6,42,Imán,Su magnetismo atrae a los Pokémon de tipo Acero y\nles impide huir.
22,6,43,Insonorizar,Su aislamiento acústico lo protege de movimientos\nque usan sonido.
22,6,44,Cura Lluvia,Recupera PS de forma gradual cuando llueve.
22,6,45,Chorro Arena,Crea una tormenta de arena al entrar en combate.
22,6,46,Presión,Presiona al rival para que sus PP se acaben antes.
22,6,47,Sebo,"Gracias a la gruesa capa de grasa que lo protege,\nreduce a la mitad el daño que recibe de ataques de\ntipo Fuego o Hielo."
22,6,48,Madrugar,"Si se duerme, tardará la mitad de tiempo en\ndespertarse."
22,6,49,Cuerpo Llama,Puede quemar al mínimo contacto.
22,6,50,Fuga,Puede escaparse de todos los Pokémon salvajes.
22,6,51,Vista Lince,Su aguda vista evita que le disminuya la Precisión.
22,6,52,Corte Fuerte,Evita que el rival le baje el Ataque.
22,6,53,Recogida,"Puede recoger objetos que el rival haya usado, o bien\notros que encuentre en plena aventura."
22,6,54,Ausente,"Al ejecutar un movimiento, descansará en el turno\nsiguiente."
22,6,55,Entusiasmo,"Aumenta su Ataque, pero reduce su Precisión."
22,6,56,Gran Encanto,Puede causar enamoramiento al rival que lo toque.
22,6,57,Más,Potencia su Ataque Especial si un Pokémon aliado tiene\nla habilidad Más o Menos.
22,6,58,Menos,Potencia su Ataque Especial si un Pokémon aliado tiene\nla habilidad Más o Menos.
22,6,59,Predicción,"Cambia a tipo Agua, Fuego o Hielo en función del\ntiempo atmosférico."
22,6,60,Viscosidad,"Los objetos se quedan pegados a su cuerpo, por lo que\nno pueden robárselos."
22,6,61,Mudar,Puede curar sus problemas de estado al mudar la piel.
22,6,62,Agallas,"Si sufre un problema de estado, se viene arriba y\naumenta su Ataque."
22,6,63,Escama Especial,Sube su Defensa si sufre un problema de estado.
22,6,64,Lodo Líquido,Exuda una sustancia tóxica de intenso hedor que hiere\na quienes intentan drenarle PS.
22,6,65,Espesura,Potencia sus movimientos de tipo Planta cuando le\nquedan pocos PS.
22,6,66,Mar Llamas,Potencia sus movimientos de tipo Fuego cuando le\nquedan pocos PS.
22,6,67,Torrente,Potencia sus movimientos de tipo Agua cuando le\nquedan pocos PS.
22,6,68,Enjambre,Potencia sus movimientos de tipo Bicho cuando le\nquedan pocos PS.
22,6,69,Cabeza Roca,No puede dañarse con sus propios movimientos.
22,6,70,Sequía,"Cuando entra en combate, el tiempo pasa a ser\nsoleado."
22,6,71,Trampa Arena,Evita que el rival huya.
22,6,72,Espíritu Vital,Su determinación le impide quedarse dormido.
22,6,73,Humo Blanco,El humo blanco que lo protege evita que otros Pokémon\nle bajen las características.
22,6,74,Energía Pura,Duplica la potencia de sus ataques físicos gracias al\nyoga.
22,6,75,Caparazón,La robusta coraza que lo protege bloquea los golpes\ncríticos.
22,6,76,Bucle Aire,Neutraliza todos los efectos del tiempo atmosférico.
22,6,77,Tumbos,Sube su Evasión si está confuso.
22,6,78,Electromotor,"Si le alcanza un movimiento de tipo Eléctrico, le sube\nla Velocidad en vez de sufrir daño."
22,6,79,Rivalidad,"Si el objetivo es del mismo sexo, su competitividad le\nlleva a infligir más daño. Si es del sexo contrario, en\ncambio, el daño será menor."
22,6,80,Impasible,"Cada vez que se amedrenta sube su Velocidad, debido\na su voluntad inquebrantable."
22,6,81,Manto Níveo,Sube la Evasión cuando graniza.
22,6,82,Gula,"Cuando sus PS se ven reducidos a la mitad, engulle\nla baya que normalmente solo se comería cuando le\nquedasen pocos PS."
22,6,83,Irascible,"Si recibe un golpe crítico, monta en cólera y sube su\nAtaque hasta el máximo."
22,6,84,Liviano,Sube su Velocidad si usa o pierde el objeto que lleva.
22,6,85,Ignífugo,"Su cuerpo, resistente al calor, reduce a la mitad el daño\nrecibido por movimientos de tipo Fuego."
22,6,86,Simple,Duplica los cambios en las características.
22,6,87,Piel Seca,"Pierde PS si hace sol y los recupera si llueve o recibe\nun movimiento de tipo Agua. Los movimientos de tipo\nFuego, por su parte, le hacen más daño de lo normal."
22,6,88,Descarga,Compara la Defensa y la Defensa Especial del rival\npara ver cuál es inferior y aumenta su propio Ataque\no Ataque Especial según sea lo más eficaz.
22,6,89,Puño Férreo,Aumenta la potencia de los puñetazos.
22,6,90,Antídoto,"Si resulta envenenado, recupera PS en vez de perderlos."
22,6,91,Adaptable,Potencia aún más los movimientos cuyo tipo coincida\ncon el suyo.
22,6,92,Encadenado,Ejecuta siempre los movimientos múltiples con el\nnúmero máximo de golpes.
22,6,93,Hidratación,Cura los problemas de estado si está lloviendo.
22,6,94,Poder Solar,"Si hace sol, aumenta su Ataque Especial, pero pierde PS\nen cada turno."
22,6,95,Pies Rápidos,Aumenta la Velocidad si sufre problemas de estado.
22,6,96,Normalidad,Hace que todos sus movimientos se vuelvan de tipo\nNormal y aumenten ligeramente su potencia.
22,6,97,Francotirador,Potencia los golpes críticos que asesta aún más de lo\nnormal.
22,6,98,Muro Mágico,Solo recibe daño de ataques.
22,6,99,Indefenso,"Al quedar ambos expuestos, tanto sus movimientos\ncomo los del rival acertarán siempre."
22,6,100,Rezagado,Ejecuta su movimiento tras todos los demás.
22,6,101,Experto,Potencia sus movimientos más débiles.
22,6,102,Defensa Hoja,Evita los problemas de estado si hace sol.
22,6,103,Zoquete,No puede usar objetos equipados.
22,6,104,Rompemoldes,Las habilidades del objetivo no afectan a los\nmovimientos que emplea.
22,6,105,Afortunado,Su buena suerte aumenta la probabilidad de asestar\ngolpes críticos.
22,6,106,Detonación,Daña al agresor que le ha dado el golpe de gracia con\nun movimiento de contacto.
22,6,107,Anticipación,Prevé los movimientos peligrosos del rival.
22,6,108,Alerta,Indica el movimiento más potente del rival al entrar\nen combate.
22,6,109,Ignorante,Pasa por alto las mejoras en las características del rival\nal atacar.
22,6,110,Cromolente,"Potencia los movimientos que no son muy eficaces, que\ninfligen ahora un daño normal."
22,6,111,Filtro,Mitiga el daño que le infligen los movimientos\nsupereficaces.
22,6,112,Inicio Lento,Baja a la mitad su Ataque y su Velocidad durante cinco\nturnos.
22,6,113,Intrépido,Puede alcanzar a Pokémon de tipo Fantasma con\nmovimientos de tipo Normal o Lucha.
22,6,114,Colector,"Atrae y neutraliza los movimientos de tipo Agua, que\nademás le suben el Ataque Especial."
22,6,115,Gélido,Recupera PS de forma gradual cuando hay tormentas\nde granizo.
22,6,116,Roca Sólida,Mitiga el daño que le infligen los movimientos\nsupereficaces.
22,6,117,Nevada,Invoca una tormenta de granizo al entrar en combate.
22,6,118,Recogemiel,Puede que encuentre Miel una vez concluido el\ncombate.
22,6,119,Cacheo,Puede ver el objeto que lleva el rival al entrar en\ncombate.
22,6,120,Audaz,Potencia los movimientos que también dañan al usuario.
22,6,121,Multitipo,Cambia su tipo al de la tabla o al del Cristal Z que\nlleve.
22,6,122,Don Floral,"Si hace sol, aumenta su Ataque y su Defensa Especial,\nasí como los de sus aliados."
22,6,123,Mal Sueño,Inflige daño a cualquier rival que esté dormido.
22,6,124,Hurto,"Si el rival usa un movimiento de contacto al atacar,\nle roba el objeto."
22,6,125,Potencia Bruta,"Sube la potencia de sus movimientos en detrimento\nde los efectos secundarios, que se ven anulados."
22,6,126,Respondón,Invierte los cambios en las características: bajan\ncuando les toca subir y suben cuando les toca bajar.
22,6,127,Nerviosismo,Pone nervioso al rival y le impide usar bayas.
22,6,128,Competitivo,Sube mucho su Ataque cuando el rival le baja las\ncaracterísticas.
22,6,129,Flaqueza,Se debilita tanto cuando sus PS se ven reducidos a la\nmitad que su Ataque y su Ataque Especial bajan.
22,6,130,Cuerpo Maldito,Puede anular el movimiento usado en su contra.
22,6,131,Alma Cura,A veces cura los problemas de estado de un aliado.
22,6,132,Compiescolta,Reduce el daño que sufren los aliados.
22,6,133,Armadura Frágil,"Al recibir daño de un ataque físico, le baja la Defensa,\npero le sube mucho la Velocidad."
22,6,134,Metal Pesado,Duplica su peso.
22,6,135,Metal Liviano,Reduce a la mitad su peso.
22,6,136,Multiescamas,Reduce el daño que sufre si sus PS están al máximo.
22,6,137,Ímpetu Tóxico,Aumenta la potencia de sus ataques físicos cuando\nestá envenenado.
22,6,138,Ímpetu Ardiente,Aumenta la potencia de sus ataques especiales cuando\nsufre quemaduras.
22,6,139,Cosecha,Puede reutilizar varias veces una misma baya.
22,6,140,Telepatía,Elude los ataques de los aliados durante el combate.
22,6,141,Veleta,"Una característica le sube mucho en cada turno, pero\nle baja otra."
22,6,142,Funda,"No le afectan las tormentas de arena, el granizo y los\nmovimientos con polvos."
22,6,143,Toque Tóxico,Puede envenenar al objetivo con solo tocarlo.
22,6,144,Regeneración,Recupera unos pocos PS al ser cambiado por otro\nPokémon.
22,6,145,Sacapecho,Impide que el rival le baje la Defensa.
22,6,146,Ímpetu Arena,Aumenta su Velocidad durante las tormentas de arena.
22,6,147,Piel Milagro,Presenta una mayor resistencia ante los movimientos de\nestado.
22,6,148,Cálculo Final,Aumenta la potencia de su movimiento si es el último\nen atacar.
22,6,149,Ilusión,Adopta el aspecto del último Pokémon del equipo al\nentrar en combate para desconcertar al rival.
22,6,150,Impostor,Se transforma en el Pokémon que tiene enfrente.
22,6,151,Allanamiento,Ataca sorteando la barrera o el sustituto del rival.
22,6,152,Momia,Contagia la habilidad Momia al rival que entre en\ncontacto con él.
22,6,153,Autoestima,"Al debilitar a un objetivo, su confianza se refuerza\nde tal manera que aumenta su Ataque."
22,6,154,Justiciero,"Si le alcanza un movimiento de tipo Siniestro, aumenta\nel Ataque debido a su integridad."
22,6,155,Cobardía,"Si le alcanza un movimiento de tipo Siniestro, Bicho o\nFantasma, el miedo hace que le suba la Velocidad."
22,6,156,Espejo Mágico,"Puede devolver los movimientos de estado lanzados\npor el rival, sin verse afectado por ellos."
22,6,157,Herbívoro,Neutraliza los movimientos de tipo Planta y sube su\nAtaque.
22,6,158,Bromista,Sus movimientos de estado tienen prioridad alta.
22,6,159,Poder Arena,"Potencia los movimientos de tipo Tierra, Acero y Roca\ndurante las tormentas de arena."
22,6,160,Punta Acero,Inflige daño al rival si este le golpea con un movimiento\nde contacto.
22,6,161,Modo Daruma,Cambia de forma si sus PS se ven reducidos a la mitad.
22,6,162,Tinovictoria,Sube su Precisión y la de sus aliados.
22,6,163,Turbollama,Las habilidades del objetivo no afectan a los\nmovimientos que emplea.
22,6,164,Terravoltaje,Las habilidades del objetivo no afectan a los\nmovimientos que emplea.
22,6,165,Velo Aroma,Se protege a sí mismo y a sus aliados de ataques que\nimpiden elegir movimientos.
22,6,166,Velo Flor,Evita que los Pokémon de tipo Planta aliados sufran\nproblemas de estado o que les bajen sus características.
22,6,167,Carrillo,Recupera PS al comer cualquier baya.
22,6,168,Mutatipo,Cambia su tipo al del movimiento que va a usar.
22,6,169,Pelaje Recio,Reduce a la mitad el daño que recibe de ataques\nfísicos del rival.
22,6,170,Prestidigitador,Roba el objeto del Pokémon al que alcance con un\nmovimiento.
22,6,171,Antibalas,No le afectan las bombas ni algunos proyectiles.
22,6,172,Tenacidad,Aumenta mucho su Ataque Especial cuando el rival\nle baja cualquiera de sus características.
22,6,173,Mandíbula Fuerte,Su robusta mandíbula le confiere una mordedura\npotente.
22,6,174,Piel Helada,Convierte los movimientos de tipo Normal en tipo\nHielo y aumenta ligeramente su potencia.
22,6,175,Velo Dulce,No cae dormido y evita también que sus aliados se\nduerman.
22,6,176,Cambio Táctico,"Adopta la Forma Filo al lanzar un ataque, o bien la\nForma Escudo si usa el movimiento Escudo Real."
22,6,177,Alas Vendaval,Da prioridad a los movimientos de tipo Volador si sus\nPS están al máximo.
22,6,178,Megadisparador,Aumenta la potencia de algunos movimientos de pulsos\ny auras.
22,6,179,Manto Frondoso,Aumenta su Defensa si hay un campo de hierba en el\nterreno de combate.
22,6,180,Simbiosis,Pasa su objeto a un aliado que ya haya utilizado el suyo.
22,6,181,Garra Dura,Aumenta la potencia de los movimientos de contacto.
22,6,182,Piel Feérica,Convierte los movimientos de tipo Normal en tipo Hada\ny aumenta ligeramente su potencia.
22,6,183,Baba,Baja la Velocidad del rival cuando este le ataca con\nun movimiento de contacto.
22,6,184,Piel Celeste,Convierte los movimientos de tipo Normal en tipo\nVolador y aumenta ligeramente su potencia.
22,6,185,Amor Filial,Une fuerzas con su cría y ataca dos veces.
22,6,186,Aura Oscura,Aumenta la potencia de todos los movimientos de tipo\nSiniestro.
22,6,187,Aura Feérica,Aumenta la potencia de todos los movimientos de tipo\nHada.
22,6,188,Rompeaura,"Invierte los efectos de las auras, por lo que baja la\npotencia de ciertos movimientos en vez de subirla."
22,6,189,Mar del Albor,Altera el clima para anular los ataques de tipo Fuego.
22,6,190,Tierra del Ocaso,Altera el clima para anular los ataques de tipo Agua.
22,6,191,Ráfaga Delta,Altera el clima para anular las vulnerabilidades del tipo\nVolador.
22,6,192,Firmeza,Aumenta su Defensa al recibir un ataque.
22,6,193,Huida,Se asusta y abandona el terreno de combate cuando\nsus PS se ven reducidos a la mitad.
22,6,194,Retirada,Abandona el terreno de combate cuando sus PS se ven\nreducidos a la mitad para evitar males mayores.
22,6,195,Hidrorrefuerzo,Aumenta mucho su Defensa si le alcanza un movimiento\nde tipo Agua.
22,6,196,Ensañamiento,Hace que sus movimientos asesten siempre un golpe\ncrítico si el rival está envenenado.
22,6,197,Escudo Limitado,Rompe su coraza cuando sus PS se ven reducidos a\nla mitad y adopta una forma ofensiva.
22,6,198,Vigilante,"Si el objetivo de su ataque es sustituido por otro,\nduplica el daño que infligirá."
22,6,199,Pompa,Reduce el daño que le provocan los movimientos de\ntipo Fuego y es inmune a las quemaduras.
22,6,200,Acero Templado,Potencia los movimientos de tipo Acero.
22,6,201,Cólera,Aumenta su Ataque Especial si sus PS se ven reducidos\na la mitad debido a algún ataque.
22,6,202,Quitanieves,Aumenta su Velocidad si está granizando.
22,6,203,Remoto,Puede usar cualquier movimiento sin entrar en contacto\ncon el rival.
22,6,204,Voz Fluida,Hace que todos sus movimientos que usan sonido pasen\na ser de tipo Agua.
22,6,205,Primer Auxilio,Da prioridad a los movimientos que restauran PS.
22,6,206,Piel Eléctrica,Convierte los movimientos de tipo Normal en tipo\nEléctrico y aumenta ligeramente su potencia.
22,6,207,Cola Surf,Duplica su Velocidad si hay un campo eléctrico en el\nterreno de combate.
22,6,208,Banco,"Forma bancos con sus congéneres cuando tiene muchos\nPS, lo cual le otorga más fuerza. Cuando le quedan\npocos PS, el banco se dispersa."
22,6,209,Disfraz,Puede eludir un ataque valiéndose de la tela que le\ncubre el cuerpo una vez por combate.
22,6,210,Fuerte Afecto,"Al derrotar a un rival, los vínculos con su Entrenador\nse refuerzan y se convierte en Greninja Ash. Su Shuriken\nde Agua también se ve potenciado."
22,6,211,Agrupamiento,"Cuando sus PS se ven reducidos a la mitad, las células\nse reagrupan y adopta su Forma Completa."
22,6,212,Corrosión,Puede envenenar incluso a rivales de tipo Acero o\nVeneno.
22,6,213,Letargo Perenne,No despierta jamás de su profundo letargo e incluso\nataca dormido.
22,6,214,Regia Presencia,Intimida al objetivo y le impide usar movimientos con\nprioridad.
22,6,215,Revés,"Al caer debilitado, inflige al rival un daño equivalente\na los PS que le quedaran."
22,6,216,Pareja de Baile,Puede copiar inmediatamente cualquier movimiento\nde baile que haya usado otro Pokémon presente en\nel combate.
22,6,217,Batería,Potencia los ataques especiales de los aliados.
22,6,218,Peluche,"Reduce a la mitad el daño provocado por los\nmovimientos de contacto, pero duplica el infligido\npor los de tipo Fuego."
22,6,219,Cuerpo Vívido,Desconcierta al rival y le impide utilizar movimientos\ncon prioridad en su contra.
22,6,220,Coránima,Aumenta su Ataque Especial cada vez que un Pokémon\ncae debilitado.
22,6,221,Rizos Rebeldes,Baja la Velocidad del rival cuando este le ataca con un\nmovimiento de contacto.
22,6,222,Receptor,Adquiere la habilidad de un aliado debilitado.
22,6,223,Reacción Química,Reacciona copiando la habilidad de un aliado\ndebilitado.
22,6,224,Ultraimpulso,"Si derrota a un rival en ese turno, aumenta su\ncaracterística más fuerte."
22,6,225,Sistema Alfa,Cambia su tipo según el disco que lleve instalado.
22,6,226,Electrogénesis,Crea un campo eléctrico al entrar en combate.
22,6,227,Psicogénesis,Crea un campo psíquico al entrar en combate.
22,6,228,Nebulogénesis,Crea un campo de niebla al entrar en combate.
22,6,229,Herbogénesis,Crea un campo de hierba al entrar en combate.
22,6,230,Guardia Metálica,Evita que bajen sus características a causa de\nmovimientos o habilidades de otros Pokémon.
22,6,231,Guardia Espectro,Reduce el daño que sufre si sus PS están al máximo.
22,6,232,Armadura Prisma,Mitiga el daño que le infligen los movimientos\nsupereficaces.
22,6,233,Fuerza Cerebral,Potencia los ataques supereficaces.
22,6,234,Espada Indómita,Aumenta su Ataque al entrar en combate.
22,6,235,Escudo Recio,Aumenta su Defensa al entrar en combate.
22,6,236,Líbero,Cambia su tipo al del movimiento que va a usar.
22,6,237,Recogebolas,"Si no lleva equipado ningún objeto, recupera la\nPoké Ball del primer intento de captura fallido."
22,6,238,Pelusa,"Al ser alcanzado por un ataque, suelta una pelusa de\nalgodón que reduce la Velocidad de todos los demás\nPokémon."
22,6,239,Hélice Caudal,Impide que el rival pueda atraer ataques hacia sí mismo\npor efecto de su habilidad o sus movimientos.
22,6,240,Coraza Reflejo,Refleja los efectos que reducen las características.
22,6,241,Tragamisil,"Tras usar Surf o Buceo, emerge con una presa en la\nboca. Al recibir daño, ataca escupiéndola al rival."
22,6,242,Acérrimo,Impide que el rival pueda atraer ataques hacia sí mismo\npor efecto de su habilidad o sus movimientos.
22,6,243,Combustible,"Si le alcanza un movimiento de tipo Fuego o Agua,\nle sube muchísimo la Velocidad."
22,6,244,Punk Rock,Potencia los movimientos que usan sonido y reduce\na la mitad el daño que le infligen dichos movimientos.
22,6,245,Expulsarena,Provoca una tormenta de arena al recibir un ataque.
22,6,246,Escama de Hielo,Las gélidas escamas que protegen su cuerpo reducen a\nla mitad el daño que le infligen los ataques especiales.
22,6,247,Maduración,"Hace madurar las bayas, por lo que duplica sus efectos."
22,6,248,Cara de Hielo,"Absorbe el daño de un ataque físico con el hielo de\nla cabeza, tras lo cual cambia de forma. El hielo se\nregenerará la próxima vez que granice."
22,6,249,Fuente Energía,Potencia los movimientos de los Pokémon adyacentes.
22,6,250,Mimetismo,Cambia su tipo según el campo que haya en el terreno\nde combate.
22,6,251,Antibarrera,"Anula los efectos de Pantalla de Luz, Reflejo y Velo\nAurora tanto de rivales como de aliados al entrar en\ncombate."
22,6,252,Alma Acerada,Potencia los movimientos de tipo Acero de los aliados.
22,6,253,Cuerpo Mortal,"Si le alcanza un movimiento de contacto, se debilitará\nal cabo de 3 turnos, así como su agresor, a menos que\nabandonen el terreno de combate."
22,6,254,Alma Errante,"Si le alcanza un movimiento de contacto, intercambia\nsu habilidad con la del agresor."
22,6,255,Monotema,"Potencia su Ataque, pero solo puede usar el primer\nmovimiento escogido."
22,6,256,Gas Reactivo,Anula los efectos de las habilidades de los demás\nPokémon presentes mientras esté en el terreno de\ncombate.
22,6,257,Velo Pastel,Se protege a sí mismo y a sus aliados del\nenvenenamiento.
22,6,258,Mutapetito,Alterna entre su Forma Saciada y Forma Voraz al final\nde cada turno.
22,6,259,Mano Rápida,"A veces, puede atacar el primero."
22,6,260,Puño Invisible,"Si usa un movimiento de contacto, puede infligir daño\nal objetivo aunque este se proteja."
22,6,261,Medicina Extraña,"Al entrar en combate, rezuma una substancia medicinal\npor la caracola que revierte los cambios en las\ncaracterísticas de los aliados."
22,6,262,Transistor,Potencia los movimientos de tipo Eléctrico.
22,6,263,Mandíbula Dragón,Potencia los movimientos de tipo Dragón.
22,6,264,Relincho Blanco,"Al derrotar a un objetivo, emite un relincho gélido y\naumenta su Ataque."
22,6,265,Relincho Negro,"Al derrotar a un objetivo, emite un relincho aterrador y\naumenta su Ataque Especial."
22,6,266,Unidad Ecuestre,El Pokémon tiene dos habilidades: Relincho Blanco de\nGlastrier y Nerviosismo de Calyrex.
22,6,267,Unidad Ecuestre,El Pokémon tiene dos habilidades: Relincho Negro de\nSpectrier y Nerviosismo de Calyrex.
22,7,1,악취,악취를 풍겨서\n공격했을 때 상대가\n풀죽을 때가 있다.
22,7,2,잔비,등장했을 때\n날씨를 비로 만든다.
22,7,3,가속,매 턴 스피드가 올라간다.
22,7,4,전투무장,단단한 껍질에 보호받아\n상대의 공격이\n급소에 맞지 않는다.
22,7,5,옹골참,상대 기술을 받아도\n일격으로 쓰러지지 않는다.\n일격필살 기술도 효과 없다.
22,7,6,습기,주변을 습하게 함으로써\n자폭 등 폭발하는 기술을\n아무도 못 쓰게 한다.
22,7,7,유연,유연한 몸으로 인해\n마비 상태가 되지 않는다.
22,7,8,모래숨기,모래바람일 때\n회피율이 올라간다.
22,7,9,정전기,정전기를 몸에 둘러\n접촉한 상대를\n마비시킬 때가 있다.
22,7,10,축전,전기타입의 기술을 받으면\n데미지를 받지 않고 회복한다.
22,7,11,저수,물타입의 기술을 받으면\n데미지를 받지 않고 회복한다.
22,7,12,둔감,둔감해서\n헤롱헤롱이나 도발 상태가\n되지 않는다.
22,7,13,날씨부정,모든 날씨의 영향이\n없어진다.
22,7,14,복안,복안을 가지고 있어\n기술의 명중률이 올라간다.
22,7,15,불면,잠들지 못하는 체질이라\n잠듦 상태가 되지 않는다.
22,7,16,변색,상대에게 받은 기술의 타입으로\n자신의 타입이 변화한다.
22,7,17,면역,체내에 면역을 가지고 있어\n독 상태가 되지 않는다.
22,7,18,타오르는불꽃,불꽃타입의 기술을 받으면\n불꽃을 받아서 자신이 사용하는\n불꽃타입의 기술이 강해진다.
22,7,19,인분,인분에 보호받아\n기술의 추가 효과를 받지 않게 된다.
22,7,20,마이페이스,마이페이스라서\n혼란 상태가 되지 않는다.
22,7,21,흡반,흡반으로 지면에 달라붙어\n포켓몬을 교체시키는\n기술이나 도구의 효과를 발휘하지 못하게 한다.
22,7,22,위협,등장했을 때 위협해서\n상대를 위축시켜\n상대의 공격을 떨어뜨린다.
22,7,23,그림자밟기,상대의 그림자를 밟아\n도망치거나 교체할 수 없게 한다.
22,7,24,까칠한피부,공격을 받았을 때\n자신에게 접촉한 상대를\n까칠까칠한 피부로 상처를 입힌다.
22,7,25,불가사의부적,효과가 굉장한 기술만\n맞는 불가사의한 힘.
22,7,26,부유,땅에서 뜨는 것으로\n땅타입의 기술을 받지 않는다.
22,7,27,포자,"공격으로 자신에게 접촉한 상대를\n독이나 마비, 잠듦 상태로\n만들 때가 있다."
22,7,28,싱크로,"자신이 걸린\n독이나 마비, 화상을\n상대에게 옮긴다."
22,7,29,클리어바디,상대 기술이나 특성으로\n능력을 떨어뜨릴 수 없다.
22,7,30,자연회복,지닌 포켓몬으로 돌아오면\n상태 이상이 회복된다.
22,7,31,피뢰침,전기타입의 기술을 자신에게\n끌어모아 데미지를 받지 않고\n특수공격을 올린다.
22,7,32,하늘의은총,하늘의 은총 덕분에\n기술의 추가 효과가 나오기 쉽다.
22,7,33,쓱쓱,비가 오는 날씨일 때\n스피드가 올라간다.
22,7,34,엽록소,날씨가 맑을 때\n스피드가 올라간다.
22,7,35,발광,주변을 밝게 하는 것으로\n야생 포켓몬과\n만나기 쉬워진다.
22,7,36,트레이스,등장했을 때\n상대의 특성을 트레이스해서\n같은 특성이 된다.
22,7,37,천하장사,물리공격의\n위력이 2배가 된다.
22,7,38,독가시,자신과 접촉한 상대를\n독 상태로 만들 때가 있다.
22,7,39,정신력,단련한 정신으로 인하여\n상대의 공격에 풀죽지 않는다.
22,7,40,마그마의무장,뜨거운 마그마를 몸에 둘러서\n얼음 상태가 되지 않는다.
22,7,41,수의베일,물의 베일을 몸에 둘러서\n화상 상태가 되지 않는다.
22,7,42,자력,강철타입의 포켓몬을\n자력으로 끌어모아\n도망칠 수 없게 한다.
22,7,43,방음,소리를 차단하는 것으로\n소리 공격을 받지 않는다.
22,7,44,젖은접시,비가 오는 날씨일 때\n조금씩 HP를 회복한다.
22,7,45,모래날림,등장했을 때\n날씨를 모래바람으로 만든다.
22,7,46,프레셔,프레셔를 줘서\n상대가 쓰는 기술의 PP를\n많이 줄인다.
22,7,47,두꺼운지방,두꺼운 지방으로 보호되고 있어\n불꽃타입과 얼음타입의\n기술의 데미지를 반감시킨다.
22,7,48,일찍기상,잠듦 상태가 되어도\n2배 스피드로\n깨어날 수 있다.
22,7,49,불꽃몸,자신과 접촉한 상대를\n화상 상태로 만들 때가 있다.
22,7,50,도주,야생 포켓몬으로부터\n반드시 도망칠 수 있다.
22,7,51,날카로운눈,날카로운 눈 덕분에\n명중률이 떨어지지 않는다.
22,7,52,괴력집게,힘이 자랑인 집게를 가지고 있어\n상대가 공격을 떨어뜨리지 못한다.
22,7,53,픽업,상대가 사용한 도구를\n주워올 때가 있다.\n모험 중에도 주워온다.
22,7,54,게으름,기술을 사용하면\n다음 턴은 쉰다.
22,7,55,의욕,자신의 공격이 높아지지만\n명중률이 떨어진다.
22,7,56,헤롱헤롱바디,자신과 접촉한 상대를\n헤롱헤롱 상태로 만들 때가 있다.
22,7,57,플러스,플러스나 마이너스의 특성을 가진\n포켓몬이 동료에 있으면\n자신의 특수공격이 올라간다.
22,7,58,마이너스,플러스나 마이너스의 특성을 가진\n포켓몬이 동료에 있으면\n자신의 특수공격이 올라간다.
22,7,59,기분파,"날씨의 영향을 받아\n물타입, 불꽃타입, 얼음타입 중\n하나로 변화한다."
22,7,60,점착,점착질의 몸에\n도구가 달라붙어 있어\n상대에게 도구를 뺏기지 않는다.
22,7,61,탈피,몸의 껍질을 벗어 던져\n상태 이상을\n회복할 때가 있다.
22,7,62,근성,상태 이상이 되면\n근성을 보여서\n공격이 올라간다.
22,7,63,이상한비늘,상태 이상이 되면\n이상한 비늘이 반응해서\n방어가 올라간다.
22,7,64,해감액,해감액을 흡수한 상대는\n강렬한 악취로\n데미지를 받아 HP가 줄어든다.
22,7,65,심록,HP가 줄었을 때\n풀타입 기술의\n위력이 올라간다.
22,7,66,맹화,HP가 줄었을 때\n불꽃타입 기술의\n위력이 올라간다.
22,7,67,급류,HP가 줄었을 때\n물타입 기술의\n위력이 올라간다.
22,7,68,벌레의알림,HP가 줄었을 때\n벌레타입 기술의\n위력이 올라간다.
22,7,69,돌머리,반동을 받는 기술을 사용해도\nHP가 줄지 않는다.
22,7,70,가뭄,등장했을 때\n날씨를 맑음으로 만든다.
22,7,71,개미지옥,배틀에서 상대를\n도망칠 수 없게 한다.
22,7,72,의기양양,의기양양해져서\n잠듦 상태가 되지 않는다.
22,7,73,하얀연기,하얀 연기의 보호를 받아\n상대가 능력을 떨어뜨릴 수 없다.
22,7,74,순수한힘,요가의 힘으로\n물리공격의 위력이\n2배가 된다.
22,7,75,조가비갑옷,단단한 껍질의 보호를 받아\n상대의 공격이\n급소에 맞지 않는다.
22,7,76,에어록,모든 날씨의 영향이\n없어진다.
22,7,77,갈지자걸음,혼란 상태일 때는\n회피율이 올라간다.
22,7,78,전기엔진,전기타입의 기술을 받으면\n데미지를 받지 않고\n스피드가 올라간다.
22,7,79,투쟁심,성별이 같으면\n투쟁심을 불태워 강해진다.\n성별이 다르면 약해진다.
22,7,80,불굴의마음,풀죽을 때마다\n불굴의 마음을 불태워\n스피드가 올라간다.
22,7,81,눈숨기,날씨가 싸라기눈일 때\n회피율이 올라간다.
22,7,82,먹보,HP가 줄어들면 먹을\n나무열매를 HP가\n절반일 때 먹어버린다.
22,7,83,분노의경혈,급소에 공격이 맞으면\n크게 분노해 공격력이\n최대가 된다.
22,7,84,곡예,지니던 도구가 없어지면\n스피드가 올라간다.
22,7,85,내열,내열인 몸으로 인해\n불꽃타입 공격의\n데미지를 반감한다.
22,7,86,단순,능력 변화가\n평소의 2배가 된다.
22,7,87,건조피부,비가 오는 날씨나 물타입의\n기술로 HP가 회복되고\n맑을 때나 불꽃타입의 기술로는 줄어든다.
22,7,88,다운로드,상대의 방어와 특수방어를 비교해서\n낮은 쪽 능력에 맞춰서\n자신의 공격이나 특수공격을 올린다.
22,7,89,철주먹,펀치를 사용하는 기술의\n위력이 올라간다.
22,7,90,포이즌힐,독 상태가 되면\nHP가 줄지 않고 증가한다.
22,7,91,적응력,자신과 같은 타입의\n기술 위력이 올라간다.
22,7,92,스킬링크,연속 기술을 사용하면 항상\n최고 횟수를 사용할 수 있다.
22,7,93,촉촉바디,비가 오는 날씨일 때\n상태 이상이 회복된다.
22,7,94,선파워,날씨가 맑으면\n특수공격이 올라가지만\n매 턴 HP가 줄어든다.
22,7,95,속보,상태 이상이 되면\n스피드가 올라간다.
22,7,96,노말스킨,어떤 타입의 기술도\n모두 노말타입이 된다.\n위력이 조금 올라간다.
22,7,97,스나이퍼,공격을 급소에 맞혔을 때\n위력이 더욱 올라간다.
22,7,98,매직가드,공격 이외에는\n데미지를 입지 않는다.
22,7,99,노가드,노가드전법에 따라\n서로가 사용하는 기술이\n반드시 맞게 된다.
22,7,100,시간벌기,기술을 사용하는 순서가\n반드시 마지막이 된다.
22,7,101,테크니션,위력이 약한 기술의\n위력을 올려서 공격할 수 있다.
22,7,102,리프가드,날씨가 맑을 때는\n상태 이상이 되지 않는다.
22,7,103,서투름,지니고 있는 도구를\n쓸 수 없다.
22,7,104,틀깨기,상대 특성에\n방해받지 않고 상대에게\n기술을 쓸 수 있다.
22,7,105,대운,대운을 가지고 있어\n상대의 급소에\n공격이 맞기 쉽다.
22,7,106,유폭,기절했을 때\n접촉한 상대에게\n데미지를 준다.
22,7,107,위험예지,상대가 지닌 위험한 기술을\n감지할 수 있다.
22,7,108,예지몽,등장했을 때\n상대가 지닌 기술을\n하나만 꿰뚫어본다.
22,7,109,천진,상대의 능력 변화를\n무시하고 공격할 수 있다.
22,7,110,색안경,효과가 별로인 기술을\n통상의 위력으로\n쓸 수 있다.
22,7,111,필터,효과가 굉장한\n공격의 위력을\n약하게 만든다.
22,7,112,슬로스타트,5턴 동안\n공격과 스피드가\n절반이 된다.
22,7,113,배짱,고스트타입 포켓몬에게\n노말타입과 격투타입의\n기술을 맞게 한다.
22,7,114,마중물,물타입의 기술을 자신에게 끌어모아\n데미지는 받지 않고 특수공격이 올라간다.
22,7,115,아이스바디,날씨가 싸라기눈일 때 HP를\n조금씩 회복한다.
22,7,116,하드록,효과가 굉장한\n공격의 위력을\n약하게 만든다.
22,7,117,눈퍼뜨리기,등장했을 때\n날씨를 싸라기눈으로 만든다.
22,7,118,꿀모으기,배틀이 끝났을 때\n달콤한꿀을 주울 때가 있다.
22,7,119,통찰,등장했을 때\n상대의 지닌 물건을\n통찰할 수 있다.
22,7,120,이판사판,반동 데미지를\n받는 기술의 위력이 올라간다.
22,7,121,멀티타입,지니고 있는 플레이트나\nZ크리스탈 타입에 따라\n자신의 타입이 바뀐다.
22,7,122,플라워기프트,날씨가 맑을 때\n자신과 같은 편의 공격과\n특수방어의 능력이 올라간다.
22,7,123,나이트메어,잠듦 상태의 상대에게\n데미지를 준다.
22,7,124,나쁜손버릇,접촉한 상대의 도구를\n훔친다.
22,7,125,우격다짐,기술의 추가 효과가 없어지지만\n그만큼 높은 위력으로\n기술을 사용할 수 있다.
22,7,126,심술꾸러기,능력의 변화가 역전해서\n올라갈 때 떨어지고\n떨어질 때 올라간다.
22,7,127,긴장감,상대를 긴장시켜 나무열매를\n먹지 못하게 한다.
22,7,128,오기,능력이 떨어지면\n공격이 크게 올라간다.
22,7,129,무기력,HP가 절반이 되면\n무기력해져서 공격과\n특수공격이 반감된다.
22,7,130,저주받은바디,공격을 받으면 상대의 기술을\n사슬묶기 상태로\n만들 때가 있다.
22,7,131,치유의마음,같은 편의 상태 이상을\n가끔 회복시킨다.
22,7,132,프렌드가드,같은 편의 데미지를\n줄일 수 있다.
22,7,133,깨어진갑옷,물리 기술로 데미지를 받으면\n방어가 떨어지고\n스피드가 크게 올라간다.
22,7,134,헤비메탈,자신의 무게가\n2배가 된다.
22,7,135,라이트메탈,자신의 무게가\n절반이 된다.
22,7,136,멀티스케일,HP가 꽉 찼을 때\n받는 데미지가 줄어든다.
22,7,137,독폭주,독 상태가 되었을 때\n물리 기술의 위력이 올라간다.
22,7,138,열폭주,화상 상태가 되었을 때\n특수 기술의 위력이 올라간다.
22,7,139,수확,사용한 나무열매를\n몇 번이고 만들어 낸다.
22,7,140,텔레파시,같은 편의 공격의 낌새를 읽고\n기술을 회피한다.
22,7,141,변덕쟁이,매 턴 능력 중 하나가\n크게 오르고 하나가 떨어진다.
22,7,142,방진,모래바람이나 싸라기눈 등의\n데미지를 입지 않는다.\n가루의 기술을 받지 않는다.
22,7,143,독수,접촉하기만 해도 상대를\n독 상태로 만들 때가 있다.
22,7,144,재생력,지닌 포켓몬으로 돌아오면\nHP를 조금 회복한다.
22,7,145,부풀린가슴,방어를 떨어뜨리는\n효과를 받지 않는다.
22,7,146,모래헤치기,날씨가 모래바람일 때\n스피드가 올라간다.
22,7,147,미라클스킨,변화 기술을 받기 어려운\n몸으로 되어 있다.
22,7,148,애널라이즈,제일 마지막에 기술을 쓰면\n기술의 위력이 올라간다.
22,7,149,일루전,지닌 포켓몬 중 제일 뒤에 있는\n포켓몬으로 둔갑하여 나와서\n상대를 속인다.
22,7,150,괴짜,눈앞의 포켓몬으로\n변신해버린다.
22,7,151,틈새포착,상대의 벽이나 대타출동을\n뚫고 공격할 수 있다.
22,7,152,미라,상대가 접촉하면\n상대를 미라로 만들어버린다.
22,7,153,자기과신,상대를 쓰러뜨리면\n자신감이 붙어서\n공격이 올라간다.
22,7,154,정의의마음,악타입 공격을 받으면\n정의감으로 공격이 올라간다.
22,7,155,주눅,악타입과 고스트타입과\n벌레타입의 기술을 받으면\n주눅이 들어 스피드가 올라간다.
22,7,156,매직미러,상대가 쓴 변화 기술을 받지 않고\n그대로 되받아칠 수 있다.
22,7,157,초식,풀타입 기술을 받으면\n데미지를 입지 않고\n공격이 올라간다.
22,7,158,짓궂은마음,변화 기술을 먼저\n쓸 수 있다.
22,7,159,모래의힘,날씨가 모래바람일 때\n바위타입과 땅타입과\n강철타입의 위력이 올라간다.
22,7,160,철가시,자신과 접촉한 상대에게\n철가시로 데미지를 준다.
22,7,161,달마모드,HP가 절반 이하가 되면\n모습이 변화한다.
22,7,162,승리의별,자신과 같은 편의\n명중률이 올라간다.
22,7,163,터보블레이즈,상대 특성에 방해받지 않고\n상대에게 기술을 쓸 수 있다.
22,7,164,테라볼티지,상대 특성에 방해받지 않고\n상대에게 기술을 쓸 수 있다.
22,7,165,아로마베일,자신과 같은 편으로 향하는\n멘탈 공격을 막을 수 있다.
22,7,166,플라워베일,같은 편의 풀타입 포켓몬은\n능력이 떨어지지 않고\n상태 이상도 되지 않는다.
22,7,167,볼주머니,어떤 나무열매라도\n먹으면 HP도 회복한다.
22,7,168,변환자재,자신이 사용한 기술과\n같은 타입으로 변화한다.
22,7,169,퍼코트,상대로부터 받는 물리 기술의\n데미지가 절반이 된다.
22,7,170,매지션,기술을 맞은 상대의\n도구를 빼앗아 버린다.
22,7,171,방탄,상대 구슬이나 폭탄 등\n기술을 막을 수 있다.
22,7,172,승기,능력이 떨어지면\n특수공격이 크게 올라간다.
22,7,173,옹골찬턱,턱이 튼튼하여\n무는 기술의 위력이\n올라간다.
22,7,174,프리즈스킨,노말타입의 기술이\n얼음타입이 된다.\n위력이 조금 올라간다.
22,7,175,스위트베일,같은 편의 포켓몬이\n잠들지 않게 된다.
22,7,176,배틀스위치,공격 기술을 쓰면 블레이드폼으로\n기술 킹실드를 쓰면\n실드폼으로 변한다.
22,7,177,질풍날개,HP가 꽉 찼을 때\n비행타입의 기술을\n먼저 쓸 수 있다.
22,7,178,메가런처,파동 기술의\n위력이 올라간다.
22,7,179,풀모피,그래스필드일 때\n방어가 올라간다.
22,7,180,공생,같은 편이 도구를 쓰면\n자신이 지니고 있는 도구를\n같은 편에게 건넨다.
22,7,181,단단한발톱,상대에게 접촉하는 기술의\n위력이 올라간다.
22,7,182,페어리스킨,노말타입의 기술이\n페어리타입이 된다.\n위력이 조금 올라간다.
22,7,183,미끈미끈,공격으로 자신과 접촉한 상대의\n스피드를 떨어뜨린다.
22,7,184,스카이스킨,노말타입의 기술이\n비행타입이 된다.\n위력이 조금 올라간다.
22,7,185,부자유친,부모와 자식 2마리로 2번\n공격할 수 있다.
22,7,186,다크오라,전원의 악타입\n기술이 강해진다.
22,7,187,페어리오라,전원의 페어리타입\n기술이 강해진다.
22,7,188,오라브레이크,오라의 효과를 역전시켜\n위력을 떨어뜨린다.
22,7,189,시작의바다,불꽃타입의 공격을\n받지 않는 날씨로 만든다.
22,7,190,끝의대지,물타입의 공격을\n받지 않는 날씨로 만든다.
22,7,191,델타스트림,비행타입의 약점이\n없어지는 날씨로 만든다.
22,7,192,지구력,공격을 받으면\n방어가 올라간다.
22,7,193,도망태세,HP가 절반이 되면\n황급히 도망쳐서\n지닌 포켓몬으로 돌아간다.
22,7,194,위기회피,HP가 절반이 되면\n위험을 회피하기 위해\n지닌 포켓몬으로 돌아간다.
22,7,195,꾸덕꾸덕굳기,물타입의 기술을 받으면\n방어가 크게 올라간다.
22,7,196,무도한행동,독 상태의\n상대를 공격하면\n반드시 급소에 맞는다.
22,7,197,리밋실드,HP가 절반이 되면\n껍질이 깨져\n공격적으로 된다.
22,7,198,잠복,교체로 나온 상대에게\n2배 데미지로 공격할 수 있다.
22,7,199,수포,자신을 향하는 불꽃타입\n기술의 위력을 떨어뜨린다.\n화상을 입지 않는다.
22,7,200,강철술사,강철타입 기술의\n위력이 올라간다.
22,7,201,발끈,상대의 공격으로\nHP가 절반이 되면\n특수공격이 올라간다.
22,7,202,눈치우기,날씨가 싸라기눈일 때\n스피드가 올라간다.
22,7,203,원격,모든 기술을\n상대에게 접촉하지 않고\n사용할 수 있다.
22,7,204,촉촉보이스,모든 소리 기술이\n물타입이 된다.
22,7,205,힐링시프트,회복 기술을 먼저\n사용할 수 있다.
22,7,206,일렉트릭스킨,노말타입 기술이\n전기타입이 된다.\n위력이 조금 올라간다.
22,7,207,서핑테일,일렉트릭필드일 때\n스피드가 2배가 된다.
22,7,208,어군,HP가 많을 때 무리지어 강해진다.\nHP가 얼마 남지 않으면\n무리는 뿔뿔이 흩어진다.
22,7,209,탈,몸을 덮는 탈로\n1번 공격을 막을 수 있다.
22,7,210,유대변화,상대를 쓰러뜨리면 트레이너와의\n유대감이 깊어져서 지우개굴닌자로\n변한다. 물수리검이 강해진다.
22,7,211,스웜체인지,HP가 절반이 되면\n셀들이 응원하러 달려와\n퍼펙트폼으로 모습이 변한다.
22,7,212,부식,강철타입이나 독타입도\n독 상태로 만들 수 있다.
22,7,213,절대안깸,항상 비몽사몽 상태로\n절대 깨지 않는다.\n잠든 상태로 공격할 수 있다.
22,7,214,여왕의위엄,상대에게 위압감을 줘서\n이쪽을 향한 선제 기술을\n사용할 수 없게 한다.
22,7,215,내용물분출,상대가 쓰러뜨렸을 때\nHP의 남은 양만큼\n상대에게 데미지를 준다.
22,7,216,무희,누군가 춤 기술을 쓰면\n자신도 이어서\n춤 기술을 쓸 수 있다.
22,7,217,배터리,같은 편 특수 기술의\n위력을 올린다.
22,7,218,복슬복슬,상대로부터 받은 접촉하는 기술의\n데미지를 반감시키지만 불꽃타입\n기술의 데미지는 2배가 된다.
22,7,219,비비드바디,상대를 놀라게 해서\n이쪽을 향한 선제 기술을\n사용할 수 없게 한다.
22,7,220,소울하트,포켓몬이 기절할 때마다\n특수공격이 올라간다.
22,7,221,컬리헤어,공격으로 자신과 접촉한 상대의\n스피드를 떨어뜨린다.
22,7,222,리시버,쓰러진 같은 편의 특성을\n이어받아 같은 특성이 된다.
22,7,223,과학의힘,쓰러진 같은 편의 특성을\n이어받아 같은 특성으로 바뀐다.
22,7,224,비스트부스트,상대를 기절시켰을 때\n자신의 가장 높은\n능력이 올라간다.
22,7,225,AR시스템,지니고 있는 메모리로\n자신의 타입이 변한다.
22,7,226,일렉트릭메이커,등장했을 때\n일렉트릭필드를 사용한다.
22,7,227,사이코메이커,등장했을 때\n사이코필드를 사용한다.
22,7,228,미스트메이커,등장했을 때\n미스트필드를 사용한다.
22,7,229,그래스메이커,등장했을 때\n그래스필드를 사용한다.
22,7,230,메탈프로텍트,상대 기술이나 특성으로\n능력을 떨어뜨릴 수 없다.
22,7,231,스펙터가드,HP가 꽉 찼을 때\n받는 데미지가 줄어든다.
22,7,232,프리즘아머,효과가 굉장한\n공격의 위력을\n약하게 만든다.
22,7,233,브레인포스,효과가 굉장한 공격의\n위력이 더욱 올라간다.
22,7,234,불요의검,등장했을 때\n공격이 올라간다.
22,7,235,불굴의방패,등장했을 때\n방어가 올라간다.
22,7,236,리베로,자신이 사용한 기술과\n같은 타입으로 변화한다.
22,7,237,볼줍기,도구를 지니고 있지 않은 경우\n첫 번째로 던져서 실패한\n몬스터볼을 주워온다.
22,7,238,솜털,공격을 받으면 솜털을 흩뿌려서\n자신을 제외한 모든 포켓몬의\n스피드를 떨어뜨린다.
22,7,239,스크루지느러미,상대의 기술을 끌어모으는\n특성이나 기술의\n영향을 받지 않는다.
22,7,240,미러아머,자신이 받는\n능력 다운 효과에 한해\n되받아친다.
22,7,241,그대로꿀꺽미사일,파도타기나 다이빙을 쓰면\n먹이를 물어온다. 데미지를\n받으면 먹이를 토해내서 공격한다.
22,7,242,굳건한신념,상대의 기술을 끌어모으는\n특성이나 기술의\n영향을 받지 않는다.
22,7,243,증기기관,물타입이나 불꽃타입\n기술을 받으면\n스피드가 매우 크게 올라간다.
22,7,244,펑크록,소리 기술의 위력이 올라간다.\n상대로부터 받는 소리 기술의\n데미지는 절반이 된다.
22,7,245,모래뿜기,공격을 받으면\n모래바람을 일으킨다.
22,7,246,얼음인분,얼음인분의 보호를 받아\n특수공격으로 받는\n데미지가 절반이 된다.
22,7,247,숙성,나무열매를\n숙성시켜서\n효과가 2배가 된다.
22,7,248,아이스페이스,물리공격을 머리의 얼음이\n대신 맞아주지만 모습도 바뀐다.\n얼음은 싸라기눈이 내리면 원래대로 돌아온다.
22,7,249,파워스폿,옆에 있기만 해도\n기술의 위력이 올라간다.
22,7,250,의태,필드의 상태에 따라\n포켓몬의 타입이 바뀐다.
22,7,251,배리어프리,"등장했을 때 상대와 같은 편의\n빛의장막, 리플렉터, 오로라베일의\n효과가 사라진다."
22,7,252,강철정신,같은 편의 강철타입\n공격의 위력이 올라간다.
22,7,253,멸망의바디,접촉하는 기술을 받으면\n3턴 후에 양쪽 모두 기절한다.\n교체되면 효과가 없어진다.
22,7,254,떠도는영혼,접촉하는 기술로\n공격해온 포켓몬과\n특성을 바꾼다.
22,7,255,무아지경,공격이 올라가지만\n처음에 선택한\n기술 외에는 쓸 수 없게 된다.
22,7,256,화학변화가스,화학변화가스를 가진 포켓몬이 배틀에 나와 있으면\n모든 포켓몬이 가진 특성의 효과가\n사라지거나 발동하지 않게 된다.
22,7,257,파스텔베일,자신과 같은 편이\n독의 상태 이상 효과를\n받지 않게 된다.
22,7,258,꼬르륵스위치,"턴이 끝날 때마다 배부른 모양,\n배고픈 모양, 배부른 모양...으로\n번갈아서 모습을 바꾼다."
22,7,259,퀵드로,상대보다 먼저\n행동할 수도 있다.
22,7,260,보이지않는주먹,상대에게 접촉하는 기술을 사용하면\n방어의 효과를 무시하고 공격할 수 있다.
22,7,261,기묘한약,등장했을 때\n조개껍질에서 약을 흩뿌려서\n능력 변화를 원래대로 되돌린다.
22,7,262,트랜지스터,전기타입 기술의\n위력이 올라간다.
22,7,263,용의턱,드래곤타입 기술의\n위력이 올라간다.
22,7,264,백의울음,상대를 쓰러뜨리면\n차가운 울음소리를 내면서\n공격이 올라간다.
22,7,265,흑의울음,상대를 쓰러뜨리면\n무서운 울음소리를 내면서\n특수공격이 올라간다.
22,7,266,혼연일체,버드렉스의 긴장감과\n블리자포스의 백의울음\n두 가지 특성을 겸비한다.
22,7,267,혼연일체,버드렉스의 긴장감과\n레이스포스의 흑의울음\n두 가지 특성을 겸비한다.
22,8,1,あくしゅう,臭い　においを　放つことによって\n攻撃した　ときに　相手を\nひるませることが　ある。
22,8,2,あめふらし,登場　したときに\n天気を　雨に　する。
22,8,3,かそく,毎ターン　素早さが　上がる。
22,8,4,カブトアーマー,硬い　甲羅に　守られて\n相手の　攻撃が\n急所に　当たらない。
22,8,5,がんじょう,相手の　技を　受けても\n一撃で　倒されることが　ない。\n一撃必殺技も　効かない。
22,8,6,しめりけ,あたりを　湿らせることに　よって\nじばく　などの　爆発する　技を\nだれも　使えなくなる。
22,8,7,じゅうなん,柔軟な　体によって\nまひ状態に　ならない。
22,8,8,すながくれ,砂あらしの　とき\n回避率が　上がる。
22,8,9,せいでんき,静電気を　体に　まとい\n触った　相手を\nまひさせる　ことがある。
22,8,10,ちくでん,でんきタイプの　技を　受けると\nダメージを　受けずに　回復する。
22,8,11,ちょすい,みずタイプの　技を　受けると\nダメージを　受けずに　回復する。
22,8,12,どんかん,鈍感なので\nメロメロや　ちょうはつ状態に\nならない。
22,8,13,ノーてんき,あらゆる　天気の　影響が\nなくなって　しまう。
22,8,14,ふくがん,複眼を　持っているため\n技の　命中率が　上がる。
22,8,15,ふみん,眠れない　体質　なので\nねむり状態に　ならない。
22,8,16,へんしょく,相手から　受けた　技の　タイプに\n自分の　タイプが　変化　する。
22,8,17,めんえき,体内に　免疫を　持っているため\nどく状態に　ならない。
22,8,18,もらいび,ほのおタイプの　技を　受けると\n炎を　もらい　自分が　出す\nほのおタイプの　技が　強くなる。
22,8,19,りんぷん,りんぷんに　守られて\n技の　追加効果を　受けなくなる。
22,8,20,マイペース,マイペースなので\nこんらん状態に　ならない。
22,8,21,きゅうばん,吸盤で　地面に　張り付き\nポケモンを　入れ替えさせる\n技や　道具が　効かなくなる。
22,8,22,いかく,登場　したとき　威嚇して\n相手を　萎縮させ\n相手の　攻撃を　下げて　しまう。
22,8,23,かげふみ,相手の　影を　踏み\n逃げたり　交代　できなくする。
22,8,24,さめはだ,攻撃を　受けたとき\n自分に　触れた　相手を\nざらざらの　肌で　キズつける。
22,8,25,ふしぎなまもり,効果バツグンの　技しか\n当たらない　不思議な　力。
22,8,26,ふゆう,地面から　浮くことによって\nじめんタイプの　技を　受けない。
22,8,27,ほうし,攻撃で　自分に　触れた　相手を\nどくや　まひや　ねむり状態に\nする　ことがある。
22,8,28,シンクロ,自分が　なってしまった\nどくや　まひや　やけどを\n相手に　うつす。
22,8,29,クリアボディ,相手の　技や　特性で\n能力を　下げられない。
22,8,30,しぜんかいふく,手持ちに　ひっこむと\n状態異常が　治る。
22,8,31,ひらいしん,でんきタイプの　技を　自分に\n寄せつけ　ダメージを　受けずに\n特攻が　上がる。
22,8,32,てんのめぐみ,天の恵みの　おかげで\n技の　追加効果が　でやすい。
22,8,33,すいすい,天気が　雨のとき\n素早さが　上がる。
22,8,34,ようりょくそ,天気が　晴れのとき\n素早さが　上がる。
22,8,35,はっこう,あたりを　明るくする　ことで\n野生の　ポケモンに\n遭遇　しやすくなる。
22,8,36,トレース,登場　したとき\n相手の　特性を　トレースして\n同じ　特性に　なる。
22,8,37,ちからもち,物理攻撃の\n威力が　２倍になる。
22,8,38,どくのトゲ,自分に　触った　相手を\nどく状態に　することがある。
22,8,39,せいしんりょく,鍛えられた　精神に　よって\n相手の　攻撃に　ひるまない。
22,8,40,マグマのよろい,熱い　マグマを　身にまとい\nこおり状態に　ならない。
22,8,41,みずのベール,水のベールを　身にまとい\nやけど状態に　ならない。
22,8,42,じりょく,はがねタイプの　ポケモンを\n磁力で　引きつけて\n逃げられなくする。
22,8,43,ぼうおん,音を　遮断　することに　よって\n音の　攻撃を　受けない。
22,8,44,あめうけざら,天気が　雨のとき\n少しずつ　ＨＰを　回復する。
22,8,45,すなおこし,登場　したとき\n天気を　砂あらしにする。
22,8,46,プレッシャー,プレッシャーを　あたえて\n相手の　使う　技の　ＰＰを\n多く　減らす。
22,8,47,あついしぼう,厚い　脂肪で　守られているので\nほのおタイプと　こおりタイプの\n技の　ダメージを　半減させる。
22,8,48,はやおき,ねむり状態に　なっても\n２倍の　早さで\n目覚める　ことが　できる。
22,8,49,ほのおのからだ,自分に　触った　相手を\nやけど状態に　する　ことがある。
22,8,50,にげあし,野生の　ポケモンから\n必ず　逃げられる。
22,8,51,するどいめ,鋭い　目の　おかげで\n命中率を　下げられない。
22,8,52,かいりきバサミ,力自慢の　ハサミを　持っているので\n相手に　攻撃を　下げられない。
22,8,53,ものひろい,相手の　使った　道具を\n拾ってくることが　ある。\n冒険中も　拾ってくる。
22,8,54,なまけ,技を　出すと\n次の　ターンは　休んでしまう。
22,8,55,はりきり,自分の　攻撃が　高くなるが\n命中率が　下がる。
22,8,56,メロメロボディ,自分に　触った　相手を\nメロメロに　することが　ある。
22,8,57,プラス,プラスか　マイナスの　特性を　持つ\nポケモンが　仲間に　いると\n自分の　特攻が　上がる。
22,8,58,マイナス,プラスか　マイナスの　特性を　持つ\nポケモンが　仲間に　いると\n自分の　特攻が　上がる。
22,8,59,てんきや,天気の　影響を　受けて\nみずタイプ　ほのおタイプ　こおりタイプの\nどれかに　変化する。
22,8,60,ねんちゃく,粘着質の　体に\n道具が　くっついているため\n相手に　道具を　奪われない。
22,8,61,だっぴ,体の　皮を　脱ぎ捨てることで\n状態異常を\n治すことが　ある。
22,8,62,こんじょう,状態異常に　なると\n根性を　だして\n攻撃が　上がる。
22,8,63,ふしぎなうろこ,状態異常に　なると\n不思議なウロコが　反応して\n防御が　上がる。
22,8,64,ヘドロえき,ヘドロ液を　吸い取った　相手は\n強烈な　悪臭で\nダメージを　受けて　ＨＰを　減らす。
22,8,65,しんりょく,ＨＰが　減ったとき\nくさタイプの　技の\n威力が　上がる。
22,8,66,もうか,ＨＰが　減ったとき\nほのおタイプの　技の\n威力が　上がる。
22,8,67,げきりゅう,ＨＰが　減ったとき\nみずタイプの　技の\n威力が　上がる。
22,8,68,むしのしらせ,ＨＰが　減ったとき\nむしタイプの　技の\n威力が　上がる。
22,8,69,いしあたま,反動を　受ける　技を　出しても\nＨＰが　減らない。
22,8,70,ひでり,登場　したときに\n天気を　晴れに　する。
22,8,71,ありじごく,戦闘で　相手を\n逃げられなくする。
22,8,72,やるき,やる気を　だすことに　よって\nねむり状態に　ならない。
22,8,73,しろいけむり,白い煙に　守られて\n相手に　能力を　下げられない。
22,8,74,ヨガパワー,ヨガの　力で\n物理攻撃の　威力が\n２倍に　なる。
22,8,75,シェルアーマー,硬い　殻に　守られ\n相手の　攻撃が\n急所に　当たらない。
22,8,76,エアロック,あらゆる　天気の　影響が\n消えて　しまう。
22,8,77,ちどりあし,こんらん状態の　ときは\n回避率が　アップする。
22,8,78,でんきエンジン,でんきタイプの　技を　受けると\nダメージを　受けずに\n素早さが　上がる。
22,8,79,とうそうしん,性別が　同じだと\n闘争心を　燃やして　強くなる。\n性別が　違うと　弱くなる。
22,8,80,ふくつのこころ,ひるむ　たびに\n不屈の心を　燃やして\n素早さが　上がる。
22,8,81,ゆきがくれ,天気が　あられのとき\n回避率が　上がる。
22,8,82,くいしんぼう,ＨＰが　少なくなったら　食べる\nきのみを　ＨＰ　半分の\n時に　食べてしまう。
22,8,83,いかりのつぼ,急所に　攻撃が　当たると\n怒りくるって　攻撃力が\n最大に　なる。
22,8,84,かるわざ,持っていた　道具が　なくなると\n素早さが　上がる。
22,8,85,たいねつ,耐熱の　体に　よって\nほのおタイプの　技の\n威力を　半減させる。
22,8,86,たんじゅん,能力　変化が\nいつもの　２倍に　なる。
22,8,87,かんそうはだ,天気が　雨の時や　みずタイプの\n技で　ＨＰが　回復し　はれの時や\nほのおタイプの　技で　減ってしまう。
22,8,88,ダウンロード,相手の　防御と　特防を　くらべて\n低い　ほうの　能力に　あわせて\n自分の　攻撃か　特攻を　上げる。
22,8,89,てつのこぶし,パンチを　使う　技の\n威力が　上がる。
22,8,90,ポイズンヒール,どく状態に　なると\nＨＰが　減らずに　増えていく。
22,8,91,てきおうりょく,自分と　おなじ　タイプの\n技の　威力が　上がる。
22,8,92,スキルリンク,連続技を　使うと　いつも\n最高回数　出すことが　できる。
22,8,93,うるおいボディ,天気が　雨のとき\n状態異常が　治る。
22,8,94,サンパワー,天気が　晴れると\n特攻が　上がるが\n毎ターン　ＨＰが　減る。
22,8,95,はやあし,状態異常に　なると\n素早さが　上がる。
22,8,96,ノーマルスキン,どんな　タイプの　技でも\nすべて　ノーマルタイプに　なる。\n威力が　少し　上がる。
22,8,97,スナイパー,攻撃を　急所に　当てると\n威力が　さらに　上がる。
22,8,98,マジックガード,攻撃　以外では\nダメージを　受けない。
22,8,99,ノーガード,ノーガード戦法に　よって\nお互いの　出す　技が\nかならず　当たる　ようになる。
22,8,100,あとだし,技を　出す　順番が\nかならず　最後に　なる。
22,8,101,テクニシャン,威力が　低い　技の\n威力を　高くして　攻撃できる。
22,8,102,リーフガード,天気が　晴れのときは\n状態異常に　ならない。
22,8,103,ぶきよう,持っている　道具を\n使うことが　できない。
22,8,104,かたやぶり,相手の　特性に\nジャマされる　ことなく　相手に\n技を　出すことが　できる。
22,8,105,きょううん,強運を　持っているため\n相手の　急所に\n攻撃が　当たりやすい。
22,8,106,ゆうばく,ひんしに　なったとき\n触った　相手に\nダメージを　あたえる。
22,8,107,きけんよち,相手の　持つ　危険な　技を\n察知する　ことができる。
22,8,108,よちむ,登場　したとき\n相手の　持つ　技を\nひとつだけ　読み取る。
22,8,109,てんねん,相手の　能力の　変化を\n無視して　攻撃が　できる。
22,8,110,いろめがね,効果が　いまひとつの　技を\n通常の　威力で\n出すことが　できる。
22,8,111,フィルター,効果バツグンに　なってしまう\n攻撃の　威力を\n弱める　ことが　できる。
22,8,112,スロースタート,５ターンの　あいだ\n攻撃と　素早さが\n半分に　なる。
22,8,113,きもったま,ゴーストタイプの　ポケモンに\nノーマルタイプと　かくとうタイプの\n技を　当てることが　できる。
22,8,114,よびみず,みずタイプの　技を　自分に　よせつけ\nダメージは　受けずに　特攻が　上がる。
22,8,115,アイスボディ,天気が　あられのとき　ＨＰを\n少しずつ　回復　する。
22,8,116,ハードロック,効果バツグンに　なってしまう\n攻撃の　威力を\n弱める　ことが　できる。
22,8,117,ゆきふらし,登場　したときに\n天気を　あられに　する。
22,8,118,みつあつめ,戦闘が　終わったとき\nあまいミツを　拾うことが　ある。
22,8,119,おみとおし,登場　したとき\n相手の　持ち物を\n見通すことが　できる。
22,8,120,すてみ,反動で　ダメージを\n受ける　技の　威力が　上がる。
22,8,121,マルチタイプ,持っている　プレートや\nＺクリスタルの　タイプによって\n自分の　タイプが　変わる。
22,8,122,フラワーギフト,天気が　晴れのとき\n自分と　味方の　攻撃と\n特防の　能力が　上がる。
22,8,123,ナイトメア,ねむり状態の　相手に\nダメージを　あたえる。
22,8,124,わるいてぐせ,触られた　相手の　道具を\n盗んで　しまう。
22,8,125,ちからずく,技の　追加効果は　なくなるが\nそのぶん　高い　威力で\n技を　出すことが　できる。
22,8,126,あまのじゃく,能力の　変化が　逆転して\n上がるときに　下がり\n下がるときに　上がる。
22,8,127,きんちょうかん,相手を　緊張させて\nきのみを　食べられなく　させる。
22,8,128,まけんき,能力を　下げられると\n攻撃が　ぐーんと　上がる。
22,8,129,よわき,ＨＰが　半分に　なると\n弱気に　なって　攻撃と\n特攻が　半減する。
22,8,130,のろわれボディ,攻撃を　受けると　相手の　技を\nかなしばり状態に\nすることが　ある。
22,8,131,いやしのこころ,状態異常の　味方を\nたまに　治してあげる。
22,8,132,フレンドガード,味方の　ダメージを\n減らすことが　できる。
22,8,133,くだけるよろい,物理技で　ダメージを　受けると\n防御が　下がり\n素早さが　ぐーんと　上がる。
22,8,134,ヘヴィメタル,自分の　重さが\n２倍に　なる。
22,8,135,ライトメタル,自分の　重さが\n半分に　なる。
22,8,136,マルチスケイル,ＨＰが　満タンの　ときに\n受ける　ダメージが　少なくなる。
22,8,137,どくぼうそう,どく状態に　なったとき\n物理技の　威力が　上がる。
22,8,138,ねつぼうそう,やけど状態に　なったとき\n特殊技の　威力が　上がる。
22,8,139,しゅうかく,使った　きのみを\n何回も　作りだす。
22,8,140,テレパシー,味方の　攻撃を　読み取って\n技を　回避する。
22,8,141,ムラっけ,毎ターン　能力の　どれかが\nぐーんと　上がって　どれかが　下がる。
22,8,142,ぼうじん,すなあらしや　あられなどの\nダメージを　受けない。\n粉の　技を　受けない。
22,8,143,どくしゅ,触る　だけで　相手を\nどく　状態に　することがある。
22,8,144,さいせいりょく,手持ちに　引っ込むと\nＨＰが　少し　回復する。
22,8,145,はとむね,防御を　下げる\n効果を　受けない。
22,8,146,すなかき,天気が　すなあらし　のとき\n素早さが　上がる。
22,8,147,ミラクルスキン,変化技を　受けにくい\n体に　なっている。
22,8,148,アナライズ,いちばん　最後に　技を　出すと\n技の　威力が　上がる。
22,8,149,イリュージョン,手持ちの　いちばん　うしろに　いる\nポケモンに　なりきって　登場して\n相手を　化かす。
22,8,150,かわりもの,目の前の　ポケモンに\n変身　してしまう。
22,8,151,すりぬけ,相手の　壁や　身代わりを\nすりぬけて　攻撃　できる
22,8,152,ミイラ,相手に　触られると\n相手を　ミイラに　してしまう。
22,8,153,じしんかじょう,相手を　倒すと\n自信が　ついて\n攻撃が　上がる。
22,8,154,せいぎのこころ,あくタイプの　攻撃を　受けると\n正義感で　攻撃が　上がる。
22,8,155,びびり,あくタイプと　ゴーストタイプと\nむしタイプの　技を　受けると\nびびって　素早さが　上がる。
22,8,156,マジックミラー,相手に　だされた　変化技を　受けずに\nそのまま　返す　ことが　できる。
22,8,157,そうしょく,くさタイプの　技を　受けると\nダメージを　受けずに\n攻撃が　上がる。
22,8,158,いたずらごころ,変化技を　先制で\n出すことが　できる。
22,8,159,すなのちから,天気が　すなあらしの　とき\nいわタイプと　じめんタイプと\nはがねタイプの　威力が　上がる。
22,8,160,てつのトゲ,自分に　触った　相手に\n鉄のトゲで　ダメージを　あたえる。
22,8,161,ダルマモード,ＨＰが　半分　以下に　なると\n姿が　変化する。
22,8,162,しょうりのほし,自分や　味方の\n命中率が　上がる。
22,8,163,ターボブレイズ,相手の　特性に　ジャマされず\n相手に　技を　出すことが　できる。
22,8,164,テラボルテージ,相手の　特性に　ジャマされず\n相手に　技を　出すことが　できる。
22,8,165,アロマベール,自分と　味方への　メンタル\n攻撃を　防ぐことが　できる。
22,8,166,フラワーベール,味方の　草ポケモンは\n能力が　下がらず\n状態異常にも　ならない。
22,8,167,ほおぶくろ,どんな　きのみでも\n食べると　ＨＰも　回復する。
22,8,168,へんげんじざい,自分が　出す　技と\n同じ　タイプに　変化する。
22,8,169,ファーコート,相手から　受ける　物理技の\nダメージが　半分に　なる。
22,8,170,マジシャン,技を　当てた　相手の\n道具を　奪ってしまう。
22,8,171,ぼうだん,相手の　弾や　爆弾などの\n技を　防ぐことが　できる。
22,8,172,かちき,能力を　下げられると\n特攻が　ぐーんと　上がる。
22,8,173,がんじょうあご,あごが　頑丈で\n噛む　技の　威力が\n高くなる。
22,8,174,フリーズスキン,ノーマルタイプの　技が\nこおりタイプに　なる。\n威力が　少し　上がる。
22,8,175,スイートベール,味方の　ポケモンは\n眠らなくなる。
22,8,176,バトルスイッチ,攻撃技を　出すと　ブレードフォルムに\n技　キングシールドを　出すと\nシールドフォルムに　変化する。
22,8,177,はやてのつばさ,ＨＰが　満タン　だと\nひこうタイプの　技を\n先制で　出すことが　できる。
22,8,178,メガランチャー,波動の　技の\n威力が　高くなる。
22,8,179,くさのけがわ,グラスフィールドのとき\n防御が　上がる。
22,8,180,きょうせい,味方が　道具を　使うと\n自分の　持っている　道具を\n味方に　渡す。
22,8,181,かたいツメ,相手に　接触する　技の\n威力が　高くなる。
22,8,182,フェアリースキン,ノーマルタイプの　技が\nフェアリータイプになる。\n威力が　少し　上がる。
22,8,183,ぬめぬめ,攻撃で　自分に　触れた　相手の\n素早さを　下げる。
22,8,184,スカイスキン,ノーマルタイプの　技が\nひこうタイプになる。\n威力が　少し　上がる。
22,8,185,おやこあい,親子　２匹で　２回\n攻撃することが　できる。
22,8,186,ダークオーラ,全員の　あくタイプの\n技が　強くなる。
22,8,187,フェアリーオーラ,全員の　フェアリータイプの\n技が　強くなる。
22,8,188,オーラブレイク,オーラの　効果を　逆転させて\n威力を　下げる。
22,8,189,はじまりのうみ,ほのおタイプの　攻撃を\n受けない　天気にする。
22,8,190,おわりのだいち,みずタイプの　攻撃を\n受けない　天気にする。
22,8,191,デルタストリーム,ひこうタイプの　弱点が\nなくなる　天気にする。
22,8,192,じきゅうりょく,攻撃を　受けると\n防御が　上がる。
22,8,193,にげごし,ＨＰが　半分に　なると\nあわてて　逃げ出して\n手持ちに　引っ込んで　しまう。
22,8,194,ききかいひ,ＨＰが　半分に　なると\n危険を　回避するため\n手持ちに　引っ込んで　しまう。
22,8,195,みずがため,みずタイプの　技を　受けると\n防御が　ぐーんと　上がる。
22,8,196,ひとでなし,どく状態の\n相手を　攻撃すると\nかならず　急所に　当たる。
22,8,197,リミットシールド,ＨＰが　半分に　なると\n殻が　壊れて\n攻撃的に　なる。
22,8,198,はりこみ,交代で　出てきた　相手に\n２倍の　ダメージで　攻撃　できる。
22,8,199,すいほう,自分に　対する　ほのおタイプの\n技の　威力を　下げる。\nやけど　しない。
22,8,200,はがねつかい,はがねタイプの　技の\n威力が　上がる。
22,8,201,ぎゃくじょう,相手の　攻撃で\nＨＰが　半分に　なると\n特攻が　上がる。
22,8,202,ゆきかき,天気が　あられ　のとき\n素早さが　上がる。
22,8,203,えんかく,すべての　技を\n相手に　接触　しないで\n出すことが　できる。
22,8,204,うるおいボイス,すべての　音技が\nみずタイプに　なる。
22,8,205,ヒーリングシフト,回復技を　先制で\n出すことが　できる。
22,8,206,エレキスキン,ノーマルタイプの　技が\nでんきタイプになる。\n威力が　少し　上がる。
22,8,207,サーフテール,エレキフィールド　のとき\n素早さが　２倍に　なる。
22,8,208,ぎょぐん,ＨＰが　多いときは　群れて　強くなる。\nＨＰの　残りが　少なくなると\n群れは　散り散りに　なってしまう。
22,8,209,ばけのかわ,体を　被う　化けの皮で\n１回　攻撃を　防ぐことが　できる。
22,8,210,きずなへんげ,相手を　倒すと　トレーナーとの\nキズナが　深まり　サトシゲッコウガに\n変化する。みずしゅりけんが　強くなる。
22,8,211,スワームチェンジ,ＨＰが　半分に　なると\nセルたちが　応援に　駆けつけ\nパーフェクトフォルムに　姿を　変える。
22,8,212,ふしょく,はがねタイプや　どくタイプも\nどく状態に　することが　できる。
22,8,213,ぜったいねむり,つねに　夢うつつの　状態で\n絶対に　目覚めない。\n眠ったまま　攻撃が　できる。
22,8,214,じょおうのいげん,相手に　威圧感を　あたえ\nこちらに　むかって　先制技を\n出せない　ようにする。
22,8,215,とびだすなかみ,相手に　倒されたとき\nＨＰの　残りの　ぶんだけ\n相手に　ダメージを　あたえる。
22,8,216,おどりこ,だれかが　踊り技を　使うと\n自分も　それに　続いて\n踊り技を　出すことが　できる。
22,8,217,バッテリー,味方の　特殊技の\n威力を　上げる。
22,8,218,もふもふ,相手から　受けた　接触する　技の\nダメージを　半減するが　ほのおタイプの\n技の　ダメージは　２倍になる。
22,8,219,ビビッドボディ,相手を　びっくり　させて\nこちらに　むかって　先制技を\n出せない　ようにする。
22,8,220,ソウルハート,ポケモンが　ひんしに　なるたびに\n特攻が　上がる。
22,8,221,カーリーヘアー,攻撃で　自分に　触れた　相手の\n素早さを　下げる。
22,8,222,レシーバー,倒された　味方の　特性を\n受け継いで　同じ　特性に　なる。
22,8,223,かがくのちから,倒された　味方の　特性を　受け継ぎ\n同じ　特性に　変わる。
22,8,224,ビーストブースト,相手を　倒したとき\n自分の　いちばん　高い\n能力が　上がる。
22,8,225,ＡＲシステム,持っている　メモリで\n自分の　タイプが　変わる。
22,8,226,エレキメイカー,登場　したときに\nエレキフィールドを　はりめぐらせる。
22,8,227,サイコメイカー,登場　したときに\nサイコフィールドを　はりめぐらせる。
22,8,228,ミストメイカー,登場　したときに\nミストフィールドを　はりめぐらせる。
22,8,229,グラスメイカー,登場　したときに\nグラスフィールドを　はりめぐらせる。
22,8,230,メタルプロテクト,相手の　技や　特性で\n能力を　下げられない。
22,8,231,ファントムガード,ＨＰが　満タンの　ときに\n受ける　ダメージが　少なくなる。
22,8,232,プリズムアーマー,効果バツグンに　なってしまう\n攻撃の　威力を\n弱める　ことが　できる。
22,8,233,ブレインフォース,効果バツグンの　攻撃で\n威力が　さらに　上がる。
22,8,234,ふとうのけん,登場　したときに\n攻撃が　上がる。
22,8,235,ふくつのたて,登場　したときに\n防御が　上がる。
22,8,236,リベロ,自分が　出す　技と\n同じ　タイプに　変化する。
22,8,237,たまひろい,道具を　持っていない　場合\n１回目に　投げて　失敗　した\nモンスターボールを　拾ってくる。
22,8,238,わたげ,攻撃を　受けると　わたげを　ばらまいて\n自分以外の　ポケモン　すべての\n素早さを　下げる。
22,8,239,スクリューおびれ,相手の　技を　引き受ける\n特性や　技の\n影響を　無視　できる。
22,8,240,ミラーアーマー,自分が　受けた\n能力　ダウンの\n効果　だけを　跳ね返す。
22,8,241,うのミサイル,なみのりか　ダイビングを　すると\n獲物を　くわえてくる。　ダメージを\n受けると　獲物を　吐きだして　攻撃。
22,8,242,すじがねいり,相手の　技を　引き受ける\n特性や　技の\n影響を　無視　できる。
22,8,243,じょうききかん,みずタイプ　ほのおタイプの\n技を　受けると\n素早さが　ぐぐーんと　上がる。
22,8,244,パンクロック,音技の　威力が　上がる。\n受けた　音技の\nダメージは　半分に　なる。
22,8,245,すなはき,攻撃を　受けると\n砂あらしを　起こす。
22,8,246,こおりのりんぷん,こおりのりんぷんに　守られて\n特殊攻撃で　受ける\nダメージが　半減　する。
22,8,247,じゅくせい,熟成　させることで\nきのみの　効果が\n倍に　なる。
22,8,248,アイスフェイス,物理攻撃は　頭の　氷が\nみがわりに　なるが　姿も　変わる。\n氷は　あられが　降ると　元に戻る。
22,8,249,パワースポット,隣に　いるだけで\n技の　威力が　上がる。
22,8,250,ぎたい,フィールドの　状態に　あわせて\nポケモンの　タイプが　変わる。
22,8,251,バリアフリー,登場　したときに　敵と　味方の\nひかりのかべ　リフレクター\nオーロラベールの　効果が　消える。
22,8,252,はがねのせいしん,味方の　はがねタイプの\n攻撃の　威力が　上がる。
22,8,253,ほろびのボディ,接触する　技を　受けると\nお互い　３ターン　たつと　ひんしになる。\n交代すると　効果は　なくなる。
22,8,254,さまようたましい,接触する　技で\n攻撃　してきた　ポケモンと\n特性を　入れ替える。
22,8,255,ごりむちゅう,攻撃は　上がるが\n最初に　選んだ\n技しか　出せなくなる。
22,8,256,かがくへんかガス,かがくへんかガスの　ポケモンが　場にいると\nすべての　ポケモンの　特性の\n効果が　消えたり　発動　しなくなる。
22,8,257,パステルベール,自分も　味方も\nどくの　状態異常を\n受けなくなる。
22,8,258,はらぺこスイッチ,ターンの　終わりに　まんぷくもよう\nはらぺこもよう　まんぷくもよう……と\n交互に　姿を　変える。
22,8,259,クイックドロウ,相手より　先に\n行動できることが　ある。
22,8,260,ふかしのこぶし,相手に　接触する　技なら\n守りの　効果を\n無視して　攻撃することが　できる。
22,8,261,きみょうなくすり,登場　したときに\n貝がらから　薬を　振りまいて\n味方の　能力変化を　元に戻す。
22,8,262,トランジスタ,でんきタイプの　技の\n威力が　上がる。
22,8,263,りゅうのあぎと,ドラゴンタイプの　技の\n威力が　上がる。
22,8,264,しろのいななき,相手を　倒すと\n冷たい　声で　いなないて\n攻撃が　上がる。
22,8,265,くろのいななき,相手を　倒すと\n恐ろしい　声で　いなないて\n特攻が　上がる。
22,8,266,じんばいったい,バドレックスの　きんちょうかんと\nブリザポスの　しろのいななきの\n二つの　特性を　あわせ持つ。
22,8,267,じんばいったい,バドレックスの　きんちょうかんと\nレイスポスの　くろのいななきの\n二つの　特性を　あわせ持つ。
22,9,1,恶臭,通过释放臭臭的气味，\n在攻击的时候，\n有时会使对手畏缩。
22,9,2,降雨,出场时，\n会将天气变为下雨。
22,9,3,加速,每一回合速度会变快。
22,9,4,战斗盔甲,被坚硬的甲壳守护着，\n不会被对手的攻击击中要害。
22,9,5,结实,即使受到对手的招式攻击，\n也不会被一击打倒。\n一击必杀的招式也没有效果。
22,9,6,湿气,通过把周围都弄湿，\n使谁都无法使用自爆等爆炸类的招式。
22,9,7,柔软,因为身体柔软，\n不会变为麻痹状态。
22,9,8,沙隐,在沙暴的时候，\n闪避率会提高。
22,9,9,静电,身上带有静电，\n有时会让接触到的对手麻痹。
22,9,10,蓄电,受到电属性的招式攻击时，\n不会受到伤害，而是会回复。
22,9,11,储水,受到水属性的招式攻击时，\n不会受到伤害，而是会回复。
22,9,12,迟钝,因为感觉迟钝，\n不会变为着迷和被挑衅状态。
22,9,13,无关天气,任何天气的影响都会消失。
22,9,14,复眼,因为拥有复眼，\n招式的命中率会提高。
22,9,15,不眠,因为有着睡不着的体质，\n所以不会陷入睡眠状态。
22,9,16,变色,自己的属性会变为\n从对手处所受招式的属性。
22,9,17,免疫,因为体内拥有免疫能力，\n不会变为中毒状态。
22,9,18,引火,受到火属性的招式攻击时，\n吸收火焰，自己使出的\n火属性招式会变强。
22,9,19,鳞粉,被鳞粉守护着，\n不会受到招式的追加效果影响。
22,9,20,我行我素,因为我行我素，\n不会变为混乱状态。
22,9,21,吸盘,用吸盘牢牢贴在地面上，\n让替换宝可梦的招式和道具无效。
22,9,22,威吓,出场时威吓对手，\n让其退缩，\n降低对手的攻击。
22,9,23,踩影,踩住对手的影子\n使其无法逃走或替换。
22,9,24,粗糙皮肤,受到攻击时，\n用粗糙的皮肤弄伤\n接触到自己的对手。
22,9,25,神奇守护,不可思议的力量，\n只有效果绝佳的招式才能击中。
22,9,26,飘浮,从地面浮起，\n从而不会受到地面属性招式的攻击。
22,9,27,孢子,受到攻击时，\n有时会把接触到自己的对手\n变为中毒、麻痹或睡眠状态。
22,9,28,同步,将自己的中毒、麻痹\n或灼伤状态传染给对手。
22,9,29,恒净之躯,不会因为对手的招式或特性\n而被降低能力。
22,9,30,自然回复,回到同行队伍后，\n异常状态就会被治愈。
22,9,31,避雷针,将电属性的招式吸引到自己身上，\n不会受到伤害，而是会提高特攻。
22,9,32,天恩,托天恩的福，\n招式的追加效果容易出现。
22,9,33,悠游自如,下雨天气时，\n速度会提高。
22,9,34,叶绿素,晴朗天气时，\n速度会提高。
22,9,35,发光,通过让周围变亮，\n变得容易遇到野生的宝可梦。
22,9,36,复制,出场时，复制对手的特性，\n变为与之相同的特性。
22,9,37,大力士,物理攻击的威力会变为２倍。
22,9,38,毒刺,有时会让接触到自己的\n对手变为中毒状态。
22,9,39,精神力,拥有经过锻炼的精神，\n而不会因对手的攻击而畏缩。
22,9,40,熔岩铠甲,将炽热的熔岩覆盖在身上，\n不会变为冰冻状态。
22,9,41,水幕,将水幕裹在身上，\n不会变为灼伤状态。
22,9,42,磁力,用磁力吸住钢属性的宝可梦，\n使其无法逃走。
22,9,43,隔音,通过屏蔽声音，\n不受到声音招式的攻击。
22,9,44,雨盘,下雨天气时，\n会缓缓回复ＨＰ。
22,9,45,扬沙,出场时，\n会把天气变为沙暴。
22,9,46,压迫感,给予对手压迫感，\n大量减少其使用招式的ＰＰ。
22,9,47,厚脂肪,因为被厚厚的脂肪保护着，\n会让火属性和冰属性的招式伤害减半。
22,9,48,早起,即使变为睡眠状态，\n也能以２倍的速度提早醒来。
22,9,49,火焰之躯,有时会让接触到自己的\n对手变为灼伤状态。
22,9,50,逃跑,一定能从野生宝可梦\n那儿逃走。
22,9,51,锐利目光,多亏了锐利的目光，\n命中率不会被降低。
22,9,52,怪力钳,因为拥有以力量自豪的钳子，\n不会被对手降低攻击。
22,9,53,捡拾,有时会捡来对手用过的道具，\n冒险过程中也会捡到。
22,9,54,懒惰,如果使出招式，\n下一回合就会休息。
22,9,55,活力,自己的攻击变高，\n但命中率会降低。
22,9,56,迷人之躯,有时会让接触到自己的对手着迷。
22,9,57,正电,出场的伙伴之间\n如果有正电或负电特性的宝可梦，\n自己的特攻会提高。
22,9,58,负电,出场的伙伴之间\n如果有正电或负电特性的宝可梦，\n自己的特攻会提高。
22,9,59,阴晴不定,受天气的影响，\n会变为水属性、火属性\n或冰属性中的某一个。
22,9,60,黏着,因为道具是粘在黏性身体上的，\n所以不会被对手夺走。
22,9,61,蜕皮,通过蜕去身上的皮，\n有时会治愈异常状态。
22,9,62,毅力,如果变为异常状态，\n会拿出毅力，\n攻击会提高。
22,9,63,神奇鳞片,如果变为异常状态，\n神奇鳞片会发生反应，\n防御会提高。
22,9,64,污泥浆,吸收了污泥浆的对手\n会因强烈的恶臭\n而受到伤害，减少ＨＰ。
22,9,65,茂盛,ＨＰ减少的时候，\n草属性的招式威力会提高。
22,9,66,猛火,ＨＰ减少的时候，\n火属性的招式威力会提高。
22,9,67,激流,ＨＰ减少的时候，\n水属性的招式威力会提高。
22,9,68,虫之预感,ＨＰ减少的时候，\n虫属性的招式威力会提高。
22,9,69,坚硬脑袋,即使使出会受反作用力伤害的招式，\nＨＰ也不会减少。
22,9,70,日照,出场时，\n会将天气变为晴朗。
22,9,71,沙穴,在战斗中让对手无法逃走。
22,9,72,干劲,通过激发出干劲，\n不会变为睡眠状态。
22,9,73,白色烟雾,被白色烟雾保护着，\n不会被对手降低能力。
22,9,74,瑜伽之力,因瑜伽的力量，\n物理攻击的威力会变为２倍。
22,9,75,硬壳盔甲,被坚硬的壳保护着，\n对手的攻击不会击中要害。
22,9,76,气闸,所有天气的影响都会消失。
22,9,77,蹒跚,在混乱状态时，\n闪避率会提高。
22,9,78,电气引擎,受到电属性的招式攻击时，\n不会受到伤害，而是速度会提高。
22,9,79,斗争心,面对性别相同的对手，\n会燃起斗争心，变得更强。\n而面对性别不同的，则会变弱。
22,9,80,不屈之心,每次畏缩时，\n不屈之心就会燃起，\n速度也会提高。
22,9,81,雪隐,冰雹天气时，\n闪避率会提高。
22,9,82,贪吃鬼,原本ＨＰ变得很少时才会吃树果，\n在ＨＰ还有一半时就会把它吃掉。
22,9,83,愤怒穴位,要害被击中时，\n会大发雷霆，\n攻击力变为最大。
22,9,84,轻装,失去所持有的道具时，\n速度会提高。
22,9,85,耐热,耐热的体质会\n让火属性的招式威力减半。
22,9,86,单纯,能力变化会变为平时的２倍。
22,9,87,干燥皮肤,下雨天气时和受到水属性的招式时，\nＨＰ会回复。晴朗天气时和受到火属性的\n招式时，ＨＰ会减少。
22,9,88,下载,比较对手的防御和特防，\n根据较低的那项能力\n相应地提高自己的攻击或特攻。
22,9,89,铁拳,使用拳类招式的威力会提高。
22,9,90,毒疗,变为中毒状态时，\nＨＰ不会减少，反而会增加起来。
22,9,91,适应力,与自身同属性的招式\n威力会提高。
22,9,92,连续攻击,如果使用连续招式，\n总是能使出最高次数。
22,9,93,湿润之躯,下雨天气时，\n异常状态会治愈。
22,9,94,太阳之力,晴朗天气时，\n特攻会提高，\n而每回合ＨＰ会减少。
22,9,95,飞毛腿,变为异常状态时，\n速度会提高。
22,9,96,一般皮肤,无论是什么属性的招式，\n全部会变为一般属性。\n威力会少量提高。
22,9,97,狙击手,击中要害时，\n威力会变得更强。
22,9,98,魔法防守,不会受到攻击以外的伤害。
22,9,99,无防守,由于无防守战术，\n双方使出的招式都必定会击中。
22,9,100,慢出,使出招式的顺序\n必定会变为最后。
22,9,101,技术高手,攻击时可以将\n低威力招式的威力提高。
22,9,102,叶子防守,晴朗天气时，\n不会变为异常状态。
22,9,103,笨拙,无法使用持有的道具。
22,9,104,破格,可以不受对手特性的干扰，\n向对手使出招式。
22,9,105,超幸运,因为拥有超幸运，\n攻击容易击中对手的要害。
22,9,106,引爆,变为濒死时，\n会对接触到自己的对手造成伤害。
22,9,107,危险预知,可以察觉到\n对手拥有的危险招式。
22,9,108,预知梦,出场时，\n只读取１个对手拥有的招式。
22,9,109,纯朴,可以无视对手能力的变化，\n进行攻击。
22,9,110,有色眼镜,可以将效果不好的招式\n以通常的威力使出。
22,9,111,过滤,受到效果绝佳的攻击时，\n可以减弱其威力。
22,9,112,慢启动,在５回合内，\n攻击和速度减半。
22,9,113,胆量,一般属性和格斗属性的招式\n可以击中幽灵属性的宝可梦。
22,9,114,引水,将水属性的招式引到自己身上，\n不会受到伤害，而是会提高特攻。
22,9,115,冰冻之躯,冰雹天气时，\n会缓缓回复ＨＰ。
22,9,116,坚硬岩石,受到效果绝佳的攻击时，\n可以减弱其威力。
22,9,117,降雪,出场时，\n会将天气变为冰雹。
22,9,118,采蜜,战斗结束时，\n有时候会捡来甜甜蜜。
22,9,119,察觉,出场时，\n可以察觉对手的持有物。
22,9,120,舍身,自己会因反作用力受伤的招式，\n其威力会提高。
22,9,121,多属性,自己的属性会根据持有的石板\n或Ｚ纯晶的属性而改变。
22,9,122,花之礼,晴朗天气时，\n自己与同伴的攻击和\n特防能力会提高。
22,9,123,梦魇,给予睡眠状态的对手伤害。
22,9,124,顺手牵羊,盗取接触到自己的\n对手的道具。
22,9,125,强行,招式的追加效果消失，\n但因此能以更高的威力使出招式。
22,9,126,唱反调,能力的变化发生逆转，\n原本提高时会降低，\n而原本降低时会提高。
22,9,127,紧张感,让对手紧张，\n使其无法食用树果。
22,9,128,不服输,能力被降低时，\n攻击会大幅提高。
22,9,129,软弱,ＨＰ减半时，\n会变得软弱，\n攻击和特攻会减半。
22,9,130,诅咒之躯,受到攻击时，\n有时会把对手的招式\n变为定身法状态。
22,9,131,治愈之心,有时会治愈异常状态的同伴。
22,9,132,友情防守,可以减少我方的伤害。
22,9,133,碎裂铠甲,如果因物理招式受到伤害，\n防御会降低，\n速度会大幅提高。
22,9,134,重金属,自身的重量会变为２倍。
22,9,135,轻金属,自身的重量会减半。
22,9,136,多重鳞片,ＨＰ全满时，\n受到的伤害会变少。
22,9,137,中毒激升,变为中毒状态时，\n物理招式的威力会提高。
22,9,138,受热激升,变为灼伤状态时，\n特殊招式的威力会提高。
22,9,139,收获,可以多次制作出\n已被使用掉的树果。
22,9,140,心灵感应,读取我方的攻击，\n并闪避其招式伤害。
22,9,141,心情不定,每一回合，能力中的某项\n会大幅提高，而某项会降低。
22,9,142,防尘,不会受到沙暴或冰雹等的伤害。\n不会受到粉末类招式的攻击。
22,9,143,毒手,只通过接触就有可能\n让对手变为中毒状态。
22,9,144,再生力,退回同行队伍后，\nＨＰ会少量回复。
22,9,145,健壮胸肌,不会受到防御降低的效果。
22,9,146,拨沙,沙暴天气时，\n速度会提高。
22,9,147,奇迹皮肤,成为不易受到变化招式\n攻击的身体。
22,9,148,分析,如果在最后使出招式，\n招式的威力会提高。
22,9,149,幻觉,假扮成同行队伍中的\n最后一只宝可梦出场，\n迷惑对手。
22,9,150,变身者,变身为当前面对的宝可梦。
22,9,151,穿透,可以穿透对手的壁障\n或替身进行攻击。
22,9,152,木乃伊,被对手接触到后，\n会将对手变为木乃伊。
22,9,153,自信过度,如果打倒对手，\n就会充满自信，攻击会提高。
22,9,154,正义之心,受到恶属性的招式攻击时，\n因为正义感，攻击会提高。
22,9,155,胆怯,受到恶属性、幽灵属性\n和虫属性的招式攻击时，\n会因胆怯而速度提高。
22,9,156,魔法镜,可以不受到由对手使出的\n变化招式影响，并将其反弹。
22,9,157,食草,受到草属性的招式攻击时，\n不会受到伤害，而是攻击会提高。
22,9,158,恶作剧之心,可以率先使出变化招式。
22,9,159,沙之力,沙暴天气时，\n岩石属性、地面属性\n和钢属性的招式威力会提高。
22,9,160,铁刺,用铁刺给予接触到自己的\n对手伤害。
22,9,161,达摩模式,ＨＰ变为一半以下时，\n样子会改变。
22,9,162,胜利之星,自己和同伴的命中率会提高。
22,9,163,涡轮火焰,可以不受对手特性的干扰，\n向对手使出招式。
22,9,164,兆级电压,可以不受对手特性的干扰，\n向对手使出招式。
22,9,165,芳香幕,可以防住向自己和同伴\n发出的心灵攻击。
22,9,166,花幕,我方的草属性宝可梦\n能力不会降低，\n也不会变为异常状态。
22,9,167,颊囊,无论是哪种树果，\n食用后，ＨＰ都会回复。
22,9,168,变幻自如,变为与自己使出的招式\n相同的属性。
22,9,169,毛皮大衣,对手给予的物理招式的\n伤害会减半。
22,9,170,魔术师,夺走被自己的招式\n击中的对手的道具。
22,9,171,防弹,可以防住对手的\n球和弹类招式。
22,9,172,好胜,如果能力被降低，\n特攻就会大幅提高。
22,9,173,强壮之颚,因为颚部强壮，\n啃咬类招式的威力会提高。
22,9,174,冰冻皮肤,一般属性的招式\n会变为冰属性。\n威力会少量提高。
22,9,175,甜幕,我方的宝可梦\n不会变为睡眠状态。
22,9,176,战斗切换,如果使出攻击招式，会变为刀剑形态，\n如果使出招式“王者盾牌”，\n会变为盾牌形态。
22,9,177,疾风之翼,ＨＰ全满时，\n飞行属性的招式可以率先使出。
22,9,178,超级发射器,波动和波导类招式的\n威力会提高。
22,9,179,草之毛皮,在青草场地时，\n防御会提高。
22,9,180,共生,同伴使用道具时，\n会把自己持有的道具传递给同伴。
22,9,181,硬爪,接触到对手的招式\n威力会提高。
22,9,182,妖精皮肤,一般属性的招式\n会变为妖精属性。\n威力会少量提高。
22,9,183,黏滑,对于用攻击接触到自己的对手，\n会降低其速度。
22,9,184,飞行皮肤,一般属性的招式\n会变为飞行属性。\n威力会少量提高。
22,9,185,亲子爱,亲子俩可以合计攻击２次。
22,9,186,暗黑气场,全体的恶属性招式变强。
22,9,187,妖精气场,全体的妖精属性招式变强。
22,9,188,气场破坏,让气场的效果发生逆转，\n降低威力。
22,9,189,始源之海,变为不会受到\n火属性攻击的天气。
22,9,190,终结之地,变为不会受到\n水属性攻击的天气。
22,9,191,德尔塔气流,变为令飞行属性的弱点\n消失的天气。
22,9,192,持久力,受到攻击时，\n防御会提高。
22,9,193,跃跃欲逃,ＨＰ变为一半时，\n会慌慌张张逃走，\n退回同行队伍中。
22,9,194,危险回避,ＨＰ变为一半时，\n为了回避危险，\n会退回到同行队伍中。
22,9,195,遇水凝固,受到水属性的招式攻击时，\n防御会大幅提高。
22,9,196,不仁不义,攻击中毒状态的对手时，\n必定会击中要害。
22,9,197,界限盾壳,ＨＰ变为一半时，\n壳会坏掉，变得有攻击性。
22,9,198,蹲守,可以对替换出场的对手\n以２倍的伤害进行攻击。
22,9,199,水泡,降低自己受到的火属性\n招式的威力，不会灼伤。
22,9,200,钢能力者,钢属性的招式威力会提高。
22,9,201,怒火冲天,因对手的攻击\nＨＰ变为一半时，\n特攻会提高。
22,9,202,拨雪,冰雹天气时，\n速度会提高。
22,9,203,远隔,可以不接触对手\n就使出所有的招式。
22,9,204,湿润之声,所有的声音招式\n都变为水属性。
22,9,205,先行治疗,可以率先使出回复招式。
22,9,206,电气皮肤,一般属性的招式\n会变为电属性。\n威力会少量提高。
22,9,207,冲浪之尾,电气场地时，\n速度会变为２倍。
22,9,208,鱼群,ＨＰ多的时候会聚起来变强。\nＨＰ剩余量变少时，\n群体会分崩离析。
22,9,209,画皮,通过画皮覆盖住身体，\n可以防住１次攻击。
22,9,210,牵绊变身,打倒对手时，与训练家的牵绊会增强，\n变为小智版甲贺忍蛙。\n飞水手里剑的招式威力会增强。
22,9,211,群聚变形,ＨＰ变为一半时，\n细胞们会赶来支援，\n变为完全体形态。
22,9,212,腐蚀,可以使钢属性和毒属性的宝可梦\n也陷入中毒状态。
22,9,213,绝对睡眠,总是半梦半醒的状态，\n绝对不会醒来。\n可以就这么睡着进行攻击。
22,9,214,女王的威严,向对手施加威慑力，\n使其无法对我方使出先制招式。
22,9,215,飞出的内在物,被对手打倒的时候，\n会给予对手相当于\nＨＰ剩余量的伤害。
22,9,216,舞者,有谁使出跳舞招式时，\n自己也能就这么接着使出跳舞招式。
22,9,217,蓄电池,会提高我方的\n特殊招式的威力。
22,9,218,毛茸茸,会将对手所给予的接触类招式的伤害减半，\n但火属性招式的伤害会变为２倍。
22,9,219,鲜艳之躯,让对手吓一跳，\n使其无法对我方使出先制招式。
22,9,220,魂心,宝可梦每次变为濒死状态时，\n特攻会提高。
22,9,221,卷发,对于用攻击接触到自己的对手，\n会降低其速度。
22,9,222,接球手,继承被打倒的同伴的特性，\n变为相同的特性。
22,9,223,化学之力,继承被打倒的同伴的特性，\n变为相同的特性。
22,9,224,异兽提升,打倒对手的时候，\n自己最高的那项能力会提高。
22,9,225,ＡＲ系统,根据持有的存储碟，\n自己的属性会改变。
22,9,226,电气制造者,出场时，\n会布下电气场地。
22,9,227,精神制造者,出场时，\n会布下精神场地。
22,9,228,薄雾制造者,出场时，\n会布下薄雾场地。
22,9,229,青草制造者,出场时，\n会布下青草场地。
22,9,230,金属防护,不会因为对手的招式或特性\n而被降低能力。
22,9,231,幻影防守,ＨＰ全满时，\n受到的伤害会变少。
22,9,232,棱镜装甲,受到效果绝佳的攻击时，\n可以减弱其威力。
22,9,233,脑核之力,效果绝佳的攻击，\n威力会变得更强。
22,9,234,不挠之剑,出场时，\n攻击会提高。
22,9,235,不屈之盾,出场时，\n防御会提高。
22,9,236,自由者,变为与自己使出的招式\n相同的属性。
22,9,237,捡球,没有携带道具时，\n会拾取第１个投出后\n捕捉失败的精灵球。
22,9,238,棉絮,受到攻击后撒下棉絮，\n降低除自己以外的\n所有宝可梦的速度。
22,9,239,螺旋尾鳍,能无视具有吸引\n对手招式效果的\n特性或招式的影响。
22,9,240,镜甲,只反弹自己受到的\n能力降低效果。
22,9,241,一口导弹,冲浪或潜水时会叼来猎物。\n受到伤害时，\n会吐出猎物进行攻击。
22,9,242,坚毅,能无视具有吸引\n对手招式效果的\n特性或招式的影响。
22,9,243,蒸汽机,受到水属性或\n火属性的招式攻击时，\n速度会巨幅提高。
22,9,244,庞克摇滚,声音招式的威力会提高。\n受到的声音招式伤害会减半。
22,9,245,吐沙,受到攻击时，\n会刮起沙暴。
22,9,246,冰鳞粉,由于有冰鳞粉的守护，\n受到的特殊攻击伤害会减半。
22,9,247,熟成,使树果成熟，\n效果变为２倍。
22,9,248,结冻头,头部的冰会代替自己承受\n物理攻击，但是样子会改变。\n下冰雹时，冰会恢复原状。
22,9,249,能量点,只要处在相邻位置，\n招式的威力就会提高。
22,9,250,拟态,宝可梦的属性会根据\n场地的状态而变化。
22,9,251,除障,出场时，敌方和我方的光墙、\n反射壁和极光幕的效果会消失。
22,9,252,钢之意志,我方的钢属性\n攻击威力会提高。
22,9,253,灭亡之躯,受到接触类招式攻击时，\n双方都会在３回合后变为濒死状态。\n替换后效果消失。
22,9,254,游魂,与使用接触类招式\n攻击自己的宝可梦互换特性。
22,9,255,一猩一意,虽然攻击会提高，\n但是只能使出\n一开始所选的招式。
22,9,256,化学变化气体,特性为化学变化气体的宝可梦在场时，\n场上所有宝可梦的\n特性效果都会消失或者无法生效。
22,9,257,粉彩护幕,自己和同伴都不会\n陷入中毒的异常状态。
22,9,258,饱了又饿,每回合结束时会在\n满腹花纹与空腹花纹之间\n交替改变样子。
22,9,259,速击,有时能比对手先一步行动。
22,9,260,无形拳,如果使出的是接触到对手的招式，\n就可以无视守护效果进行攻击。
22,9,261,怪药,出场时会从贝壳撒药，\n将我方的能力变化复原。
22,9,262,电晶体,电属性的招式威力会提高。
22,9,263,龙颚,龙属性的招式威力会提高。
22,9,264,苍白嘶鸣,打倒对手时\n会用冰冷的声音嘶鸣\n并提高攻击。
22,9,265,漆黑嘶鸣,打倒对手时\n会用恐怖的声音嘶鸣\n并提高特攻。
22,9,266,人马一体,兼备蕾冠王的紧张感和\n雪暴马的苍白嘶鸣这两种特性。
22,9,267,人马一体,兼备蕾冠王的紧张感和\n灵幽马的漆黑嘶鸣这两种特性。
22,10,1,惡臭,發出臭氣，\n在攻擊的時候，\n有時會使對手畏縮。
22,10,2,降雨,出場時，\n會將天氣變為下雨。
22,10,3,加速,每一回合速度會變快。
22,10,4,戰鬥盔甲,被堅硬的甲殼守護著，\n不會被對手的攻擊擊中要害。
22,10,5,結實,受到對手的招式攻擊時\n不會被一擊打倒。\n一擊必殺的招式也沒有效果。
22,10,6,濕氣,透過把周圍都弄濕，\n使誰都無法使用自爆等爆炸類的招式。
22,10,7,柔軟,因為身體柔軟，\n不會陷入麻痺狀態。
22,10,8,沙隱,在沙暴中\n閃避率會提高。
22,10,9,靜電,身上帶有靜電，\n有時會令接觸到的對手麻痺。
22,10,10,蓄電,受到電屬性的招式攻擊時，\n不會受到傷害，而是會回復。
22,10,11,儲水,受到水屬性的招式攻擊時，\n不會受到傷害，而是會回復。
22,10,12,遲鈍,感覺遲鈍，\n不會陷入著迷和被挑釁狀態。
22,10,13,無關天氣,任何天氣的影響都會消失。
22,10,14,複眼,因為擁有複眼，\n會提高招式的命中率。
22,10,15,不眠,因為有著睡不著的體質，\n所以不會陷入睡眠狀態。
22,10,16,變色,自己的屬性會變為\n擊中自己的對手招式的屬性。
22,10,17,免疫,因為體內擁有免疫能力，\n不會陷入中毒狀態。
22,10,18,引火,受到火屬性的招式攻擊時，\n吸收火焰，讓自己使出的\n火屬性招式變強。
22,10,19,鱗粉,被鱗粉守護著，\n不會受到招式的追加效果影響。
22,10,20,我行我素,因為我行我素，\n不會陷入混亂狀態。
22,10,21,吸盤,用吸盤將自己牢牢吸附在地面上，\n讓替換寶可夢的招式和道具失效。
22,10,22,威嚇,出場時威嚇對手，\n使其退縮，\n從而降低對手的攻擊。
22,10,23,踩影,踩住對手的影子\n使其無法逃走或替換。
22,10,24,粗糙皮膚,受到攻擊時，\n用粗糙的皮膚弄傷\n接觸到自己的對手。
22,10,25,神奇守護,不可思議的力量，\n只有效果絕佳的招式才會擊中自己。
22,10,26,飄浮,從地面浮起，\n從而不會受到地面屬性招式的攻擊。
22,10,27,孢子,受到攻擊時，\n有時會讓接觸到自己的對手\n陷入中毒、麻痺或睡眠狀態。
22,10,28,同步,將自己的中毒、麻痺或\n灼傷狀態傳染給對手。
22,10,29,恆淨之軀,不會因對手的招式或特性\n而被降低能力。
22,10,30,自然回復,異常狀態會在\n離場後治癒。
22,10,31,避雷針,將電屬性的招式吸引到自己身上，\n不但不會受到傷害，反而會提高特攻。
22,10,32,天恩,受到上天保佑，\n容易出現招式的追加效果。
22,10,33,悠游自如,天氣為下雨時，\n速度會提高。
22,10,34,葉綠素,天氣為晴朗時，\n速度會提高。
22,10,35,發光,透過讓周圍變亮，\n變得容易遇見野生的寶可夢。
22,10,36,複製,出場時，複製對手的特性，\n變為與之相同的特性。
22,10,37,大力士,物理攻擊的威力會變為２倍。
22,10,38,毒刺,有時會讓接觸到自己的\n對手陷入中毒狀態。
22,10,39,精神力,靠著經過鍛鍊的精神，\n不會因對手的攻擊而畏縮。
22,10,40,熔岩鎧甲,將熾熱的熔岩覆蓋在身上，\n不會陷入冰凍狀態。
22,10,41,水幕,將水幕裹在身上，\n不會陷入灼傷狀態。
22,10,42,磁力,用磁力吸住鋼屬性的寶可夢，\n使其無法逃走。
22,10,43,隔音,透過遮蔽聲音，\n不受到聲音招式的攻擊。
22,10,44,雨盤,天氣為下雨時，\n會漸漸回復ＨＰ。
22,10,45,揚沙,出場時，\n會把天氣變為沙暴。
22,10,46,壓迫感,給予對手壓迫感，\n大量減少其使用招式的ＰＰ。
22,10,47,厚脂肪,被厚厚的脂肪保護著，\n能夠讓火屬性和冰屬性\n招式的傷害減半。
22,10,48,早起,即使陷入睡眠狀態，\n也能以２倍的速度提早醒來。
22,10,49,火焰之軀,有時會讓接觸到自己的\n對手陷入灼傷狀態。
22,10,50,逃跑,一定能從野生寶可夢\n那裡逃走。
22,10,51,銳利目光,靠著銳利的目光，\n命中率不會被降低。
22,10,52,怪力鉗,因為擁有以力量為傲的鉗子，\n不會被對手降低攻擊。
22,10,53,撿拾,有時會撿來對手用過的道具。\n冒險過程中也會撿來。
22,10,54,懶惰,如果使出招式，\n下一回合就需要休息。
22,10,55,活力,自己的攻擊雖會變高，\n但命中率會降低。
22,10,56,迷人之軀,有時會讓接觸到自己的對手\n陷入著迷狀態。
22,10,57,正電,場上的夥伴之中，\n如果有正電或負電特性的寶可夢，\n自己的特攻會提高。
22,10,58,負電,場上的夥伴之中，\n如果有正電或負電特性的寶可夢，\n自己的特攻會提高。
22,10,59,陰晴不定,在天氣的影響下，\n會變成水屬性、火屬性\n或冰屬性之中的一種。
22,10,60,黏著,道具會黏在\n具有黏性的身體上，\n不會被對手奪走。
22,10,61,蛻皮,透過蛻去身上的皮，\n有時會治癒異常狀態。
22,10,62,毅力,陷入異常狀態時，\n會拿出毅力，\n攻擊會提高。
22,10,63,神奇鱗片,陷入異常狀態時，\n神奇鱗片會發生反應，\n防禦會提高。
22,10,64,污泥漿,吸收了污泥漿的對手\n會因為強烈的惡臭而\n使得ＨＰ減少。
22,10,65,茂盛,ＨＰ減少的時候，\n草屬性的招式威力會提高。
22,10,66,猛火,ＨＰ減少的時候，\n火屬性的招式威力會提高。
22,10,67,激流,ＨＰ減少的時候，\n水屬性的招式威力會提高。
22,10,68,蟲之預感,ＨＰ減少的時候，\n蟲屬性的招式威力會提高。
22,10,69,堅硬腦袋,即使使出會受反作用力傷害的招式，\nＨＰ也不會減少。
22,10,70,日照,出場時，\n會將天氣變為晴朗。
22,10,71,沙穴,在戰鬥中讓對手無法逃走。
22,10,72,幹勁,透過激發出幹勁，\n不會陷入睡眠狀態。
22,10,73,白色煙霧,被白色煙霧保護著，\n不會被對手降低能力。
22,10,74,瑜伽之力,因瑜伽的力量，\n物理攻擊的威力會變為２倍。
22,10,75,硬殼盔甲,被堅硬的殼保護著，\n對手的攻擊不會擊中要害。
22,10,76,氣閘,所有天氣的影響都會消失。
22,10,77,蹣跚,陷入混亂狀態時，\n閃避率會提高。
22,10,78,電氣引擎,受到電屬性的招式攻擊時，\n不但不會受到傷害，反而速度會提高。
22,10,79,鬥爭心,面對性別相同的對手，\n會燃起鬥爭心，變得更強。\n面對性別不同的對手時則會變弱。
22,10,80,不屈之心,每次畏縮時，\n不屈之心就會燃起，\n速度也會提高。
22,10,81,雪隱,天氣為冰雹時，\n閃避率會提高。
22,10,82,貪吃鬼,原本ＨＰ變得很少時才會吃的樹果，\n在ＨＰ還有一半時就會把它吃掉。
22,10,83,憤怒穴位,要害被擊中時會大發雷霆。\n攻擊力會提高到最大。
22,10,84,輕裝,失去所持有的道具時，\n速度會提高。
22,10,85,耐熱,靠著耐熱的體質，\n讓火屬性的招式威力減半。
22,10,86,單純,能力變化會變為平時的２倍。
22,10,87,乾燥皮膚,下雨天氣時和受到水屬性的招式攻擊時，\nＨＰ會回復。晴朗天氣時和受到火屬性的\n招式攻擊時，ＨＰ會減少。
22,10,88,下載,比較對手的防禦和特防，\n根據較低的那項能力\n相應地提高自己的攻擊或特攻。
22,10,89,鐵拳,使用到拳頭的招式\n威力會提高。
22,10,90,毒療,陷入中毒狀態時，\nＨＰ不會減少，反而會漸漸增加。
22,10,91,適應力,與自身同屬性的招式\n威力會提高。
22,10,92,連續攻擊,使用連續招式時，\n每回都能以最多次數進行攻擊。
22,10,93,濕潤之軀,天氣為下雨時，\n會治癒異常狀態。
22,10,94,太陽之力,天氣為晴朗時特攻會提高，\n但每回合ＨＰ會減少。
22,10,95,飛毛腿,陷入異常狀態時，\n速度會提高。
22,10,96,一般皮膚,無論是什麼屬性的招式，\n全部都會變為一般屬性。\n威力會少量提高。
22,10,97,狙擊手,擊中要害時，\n威力會進一步提高。
22,10,98,魔法防守,不會受到攻擊以外的傷害。
22,10,99,無防守,由於無防守戰術，\n雙方使出的招式都必定會擊中。
22,10,100,慢出,使出招式的順序\n必定會變為最後。
22,10,101,技術高手,可讓威力低的招式\n提高威力來進行攻擊。
22,10,102,葉子防守,天氣為晴朗時，\n不會陷入異常狀態。
22,10,103,笨拙,無法使用持有的道具。
22,10,104,破格,可不受特性影響，\n向對手使出招式。
22,10,105,超幸運,因為非常幸運，\n容易擊中對手的要害。
22,10,106,引爆,瀕死時，\n會對接觸到自己的對手造成傷害。
22,10,107,危險預知,察覺對手持有的\n危險招式。
22,10,108,預知夢,出場時，預見１個\n對手持有的招式。
22,10,109,純樸,可無視對手能力的變化，\n進行攻擊。
22,10,110,有色眼鏡,可將效果不好的招式\n以正常的威力使出。
22,10,111,過濾,受到效果絕佳的攻擊時，\n可減弱其威力。
22,10,112,慢啟動,在５回合內，\n攻擊和速度會減半。
22,10,113,膽量,一般屬性和格鬥屬性的招式\n可擊中幽靈屬性的寶可夢。
22,10,114,引水,將水屬性的招式引到自己身上，\n不但不會受到傷害，\n反而會提高特攻。
22,10,115,冰凍之軀,天氣為冰雹時，\n會漸漸回復ＨＰ。
22,10,116,堅硬岩石,受到效果絕佳的攻擊時，\n可減弱其威力。
22,10,117,降雪,出場時，\n會將天氣變為冰雹。
22,10,118,採蜜,戰鬥結束時，\n有時候會撿來甜甜蜜。
22,10,119,察覺,出場時，\n可以察覺對手的持有物。
22,10,120,捨身,會讓自己因反作用力而受傷的招式\n威力會提高。
22,10,121,多屬性,自己的屬性會依持有的石板\n或Ｚ純晶的屬性而改變。
22,10,122,花之禮,天氣為晴朗時，\n自己和同伴的攻擊和\n特防能力會提高。
22,10,123,夢魘,給予陷入睡眠狀態的對手傷害。
22,10,124,順手牽羊,盜取接觸到自己的\n對手的道具。
22,10,125,強行,招式會失去追加效果，\n但可以用更高的威力使出招式。
22,10,126,唱反調,能力的變化會逆轉，\n原本提高時會降低，\n原本降低時會提高。
22,10,127,緊張感,讓對手感到緊張，\n無法吃樹果。
22,10,128,不服輸,能力被降低時，\n攻擊會大幅提高。
22,10,129,軟弱,ＨＰ降到一半以下時，\n會變得軟弱而使得\n攻擊和特攻減半。
22,10,130,詛咒之軀,受到攻擊時，\n有時會把對手的招式\n變為定身法狀態。
22,10,131,治癒之心,有時會治癒同伴的異常狀態。
22,10,132,友情防守,可以減少我方受到的傷害。
22,10,133,碎裂鎧甲,因物理招式受到傷害時，\n防禦會降低，\n速度會大幅提高。
22,10,134,重金屬,自己的重量會變為２倍。
22,10,135,輕金屬,自己的重量會減半。
22,10,136,多重鱗片,ＨＰ全滿時，\n受到的傷害會變少。
22,10,137,中毒激升,陷入中毒狀態時，\n物理招式的威力會提高。
22,10,138,受熱激升,陷入灼傷狀態時，\n特殊招式的威力會提高。
22,10,139,收穫,可多次採收\n已被使用過的樹果。
22,10,140,心靈感應,預測我方的攻擊，\n並閃避其招式。
22,10,141,心情不定,每一回合，能力中的某項\n會大幅提高，相對地某項會降低。
22,10,142,防塵,不會受到沙暴或冰雹等的傷害。\n不會受到粉末類招式的攻擊。
22,10,143,毒手,有時僅是接觸\n就能讓對手中毒。
22,10,144,再生力,退回同行隊伍後，\nＨＰ會少量回復。
22,10,145,健壯胸肌,不會受到降低防禦的效果影響。
22,10,146,撥沙,天氣為沙暴時，\n速度會提高。
22,10,147,奇跡皮膚,不易受到變化類招式\n攻擊的身體。
22,10,148,分析,如果在最後使出招式，\n招式的威力就會變強。
22,10,149,幻覺,假扮成同行隊伍中的\n最後一隻寶可夢出場，\n迷惑對手。
22,10,150,變身者,變身為當前面對的寶可夢。
22,10,151,穿透,可穿透對手的屏障\n或替身進行攻擊。
22,10,152,木乃伊,被對手接觸到時，\n會將對手變成木乃伊。
22,10,153,自信過度,如果打倒對手，\n會充滿自信並提高攻擊。
22,10,154,正義之心,受到惡屬性的招式攻擊時，\n因為正義感，攻擊會提高。
22,10,155,膽怯,受到惡屬性、幽靈屬性\n和蟲屬性的招式攻擊時，\n會因膽怯而使得速度提高。
22,10,156,魔法鏡,可不受到由對手使出的\n變化類招式所影響，並將其反彈。
22,10,157,食草,受到草屬性的招式攻擊時，\n不但不會受到傷害，反而攻擊會提高。
22,10,158,惡作劇之心,可以搶先使出變化類招式。
22,10,159,沙之力,天氣為沙暴時，\n岩石屬性、地面屬性\n和鋼屬性招式的威力會提高。
22,10,160,鐵刺,用鐵刺給予接觸到自己的\n對手傷害。
22,10,161,達摩模式,ＨＰ變為一半以下時，\n樣子會改變。
22,10,162,勝利之星,自己和同伴的命中率會提高。
22,10,163,渦輪火焰,可以不受對手特性的干擾，\n向對手使出招式。
22,10,164,兆級電壓,可以不受對手特性的干擾，\n向對手使出招式。
22,10,165,芳香幕,可防住向自己和同伴\n發出的心靈攻擊。
22,10,166,花幕,我方的草屬性寶可夢\n能力不會降低。\n也不會陷入異常狀態。
22,10,167,頰囊,無論是哪種樹果，\n吃下去後ＨＰ都會回復。
22,10,168,變幻自如,變為與自己使出的招式\n相同的屬性。
22,10,169,毛皮大衣,對手的物理招式造成的\n傷害會減半。
22,10,170,魔術師,奪走被自己招式\n擊中的對手的道具。
22,10,171,防彈,可防住對手的\n球和彈類的招式。
22,10,172,好勝,能力被降低時，\n特攻會大幅提高。
22,10,173,強壯之顎,顎部強壯，\n會提高啃咬類招式的威力。
22,10,174,冰凍皮膚,一般屬性的招式\n會變為冰屬性。\n威力會少量提高。
22,10,175,甜幕,我方的寶可夢\n不會陷入睡眠狀態。
22,10,176,戰鬥切換,若使出攻擊招式，會變為刀劍形態，\n若使出招式「王者盾牌」，\n會變為盾牌形態。
22,10,177,疾風之翼,ＨＰ全滿時，\n可以搶先在對手之前\n使出飛行屬性的招式。
22,10,178,超級發射器,波動和波導類招式的\n威力會提高。
22,10,179,草之毛皮,在青草場地時，\n防禦會提高。
22,10,180,共生,同伴使用道具時，\n會把自己持有的道具交給同伴。
22,10,181,硬爪,接觸到對手的招式\n威力會提高。
22,10,182,妖精皮膚,一般屬性的招式\n會變為妖精屬性。\n威力會少量提高。
22,10,183,黏滑,對手用攻擊接觸到自己時，\n降低此對手的速度。
22,10,184,飛行皮膚,一般屬性的招式\n會變為飛行屬性。\n威力會少量提高。
22,10,185,親子愛,親子倆可合計攻擊２次。
22,10,186,暗黑氣場,全體的惡屬性招式變強。
22,10,187,妖精氣場,全體的妖精屬性招式變強。
22,10,188,氣場破壞,讓氣場的效果逆轉，\n並降低威力。
22,10,189,始源之海,變為讓火屬性攻擊\n失效的天氣。
22,10,190,終結之地,變為讓水屬性攻擊\n失效的天氣。
22,10,191,德爾塔氣流,變為令飛行屬性的弱點\n消失的天氣。
22,10,192,持久力,受到攻擊時，\n防禦會提高。
22,10,193,躍躍欲逃,ＨＰ變為一半時，\n會慌慌張張逃走，\n退回同行隊伍裡面。
22,10,194,危險迴避,ＨＰ減到一半時，\n為了避開危險，\n會退回同行隊伍裡面。
22,10,195,遇水凝固,受到水屬性的招式攻擊時，\n防禦會大幅提高。
22,10,196,不仁不義,攻擊中毒狀態的對手時，\n必定會擊中要害。
22,10,197,界限盾殼,ＨＰ變為一半時，\n殼會壞掉，變得更有攻擊性。
22,10,198,監視,可以向替換出場的對手\n以２倍的傷害進行攻擊。
22,10,199,水泡,降低自己受到的火屬性\n招式的威力。不會灼傷。
22,10,200,鋼能力者,鋼屬性的招式威力會提高。
22,10,201,怒火沖天,ＨＰ因對手的攻擊\n降到一半時，\n特攻會提高。
22,10,202,撥雪,天氣為冰雹時，\n速度會提高。
22,10,203,遠隔,可以不接觸對手\n就使出所有的招式。
22,10,204,濕潤之聲,所有的聲音招式\n都變為水屬性。
22,10,205,先行治療,可以搶先使出回復招式。
22,10,206,電氣皮膚,一般屬性的招式\n會變為電屬性。\n威力會少量提高。
22,10,207,衝浪之尾,電氣場地時，\n速度會變為２倍。
22,10,208,魚群,ＨＰ多的時候會聚起來變強。\nＨＰ剩餘量變少時，\n群體會分崩離析。
22,10,209,畫皮,用畫皮覆蓋住身體，\n可防住１次攻擊。
22,10,210,牽絆變身,打倒對手時，與訓練家的牽絆會加深，\n變化成小智版甲賀忍蛙。\n飛水手裡劍的威力會增強。
22,10,211,群聚變形,ＨＰ變為一半時，\n細胞們會趕來支援，\n變為完全體形態。
22,10,212,腐蝕,就算對方是鋼屬性或毒屬性寶可夢，\n也可讓對方陷入中毒狀態。
22,10,213,絕對睡眠,總是半夢半醒的狀態，\n絕對不會醒來。\n可在睡著的狀況下進行攻擊。
22,10,214,女王的威嚴,向對手施加威懾力，\n使其無法對我方使出先制招式。
22,10,215,飛出的內在物,被對手打倒的時候，\n會給予對手相當於\nＨＰ剩餘量的傷害。
22,10,216,舞者,當有誰使出跳舞招式時，\n自己也能接著使出跳舞招式。
22,10,217,蓄電池,會提高我方的\n特殊招式的威力。
22,10,218,毛茸茸,會將對手所給予的接觸類招式的傷害減半，\n但火屬性招式的傷害會變為２倍。
22,10,219,鮮艷之軀,讓對手嚇一跳，\n使其無法對我方使出先制招式。
22,10,220,魂心,每當場上有寶可夢\n陷入瀕死狀態時，\n特攻就會提高。
22,10,221,捲髮,對手用攻擊接觸到自己時，\n降低此對手的速度。
22,10,222,接球手,繼承被打倒的同伴的特性，\n變為相同的特性。
22,10,223,化學之力,繼承被打倒的同伴的特性，\n變為相同的特性。
22,10,224,異獸提升,打倒對手的時候，\n會提高自己最高的那項能力。
22,10,225,ＡＲ系統,根據持有的記憶碟，\n自己的屬性會改變。
22,10,226,電氣製造者,出場時，\n會布下電氣場地。
22,10,227,精神製造者,出場時，\n會布下精神場地。
22,10,228,薄霧製造者,出場時，\n會布下薄霧場地。
22,10,229,青草製造者,出場時，\n會布下青草場地。
22,10,230,金屬防護,不會因對手的招式或特性\n而被降低能力。
22,10,231,幻影防守,ＨＰ全滿時，\n受到的傷害會變少。
22,10,232,稜鏡裝甲,受到效果絕佳的攻擊時，\n可減弱其威力。
22,10,233,腦核之力,可進一步提升\n效果絕佳招式的威力。
22,10,234,不撓之劍,出場時，\n攻擊會提高。
22,10,235,不屈之盾,出場時，\n防禦會提高。
22,10,236,自由者,變為與自己使出的招式\n相同的屬性。
22,10,237,撿球,當寶可夢沒有攜帶道具時，\n會撿回第１個投出後\n捕捉失敗的精靈球。
22,10,238,棉絮,受到攻擊時會撒下棉絮，\n降低除自己以外的\n所有寶可夢的速度。
22,10,239,螺旋尾鰭,能無視具有吸引\n對手招式效果的\n特性或招式的影響。
22,10,240,鏡甲,只反彈自己受到的\n能力降低效果。
22,10,241,一口飛彈,衝浪或潛水時會叼來獵物。\n當受到傷害時，\n會吐出獵物攻擊對手。
22,10,242,堅毅,能無視具有吸引\n對手招式效果的\n特性或招式的影響。
22,10,243,蒸汽機,受到水屬性或\n火屬性招式攻擊時，\n速度會極大幅提高。
22,10,244,龐克搖滾,聲音招式的威力會提高。\n受到聲音招式的傷害會減半。
22,10,245,吐沙,受到攻擊時，\n會刮起沙暴。
22,10,246,冰鱗粉,得到冰鱗粉的守護，\n受到的特殊攻擊傷害會減半。
22,10,247,熟成,讓樹果成熟，\n使效果變為２倍。
22,10,248,結凍頭,頭部的冰會代替自己承受\n物理攻擊，但是樣子會改變。\n下冰雹時，冰會回復原狀。
22,10,249,能量點,只要站在旁邊，\n招式的威力就會提高。
22,10,250,擬態,寶可夢的屬性會隨著\n場地的狀態而改變。
22,10,251,除障,出場時，敵方和我方的\n光牆、反射壁和極光幕的效果會消失。
22,10,252,鋼之意志,我方的鋼屬性\n攻擊威力會提高。
22,10,253,滅亡之軀,在受到接觸類招式攻擊時，\n３個回合後雙方都會陷入瀕死。\n替換寶可夢後效果就會消失。
22,10,254,遊魂,與使用接觸類招式\n攻擊自己的寶可夢互換特性。
22,10,255,一猩一意,攻擊雖然會提高，\n但只能使出\n最初選擇的招式。
22,10,256,化學變化氣體,當場上有特性是化學變化氣體的寶可夢時，\n所有寶可夢的特性效果\n都會消失或無法發動。
22,10,257,粉彩護幕,自己和我方同伴都不會\n陷入中毒的異常狀態。
22,10,258,飽了又餓,在每個回合結束時，\n會在滿腹花紋和空腹花紋之間\n交替改變樣子。
22,10,259,速擊,有時能比對手先一步行動。
22,10,260,無形拳,只要是接觸到對手的招式，\n就可以無視對手的防守效果進行攻擊。
22,10,261,怪藥,出場時，會從貝殼撒藥，\n將我方的能力變化復原。
22,10,262,電晶體,電屬性的招式威力會提高。
22,10,263,龍顎,龍屬性的招式威力會提高。
22,10,264,蒼白嘶鳴,打倒對手時\n會用冰冷的聲音嘶鳴\n並提高攻擊。
22,10,265,漆黑嘶鳴,打倒對手時\n會用恐怖的聲音嘶鳴\n並提高特攻。
22,10,266,人馬一體,兼具蕾冠王的緊張感和\n雪暴馬的蒼白嘶鳴這２種特性。
22,10,267,人馬一體,兼具蕾冠王的緊張感和\n靈幽馬的漆黑嘶鳴這２種特性。
23,1,1,あくしゅう,くさい　においを　はなつことによって\nこうげきした　ときに　あいてを\nひるませることが　ある。
23,1,2,あめふらし,とうじょう　したときに\nてんきを　あめに　する。
23,1,3,かそく,まいターン　すばやさが　あがる。
23,1,4,カブトアーマー,かたい　こうらに　まもられて\nあいての　こうげきが\nきゅうしょに　あたらない。
23,1,5,がんじょう,あいての　わざを　うけても\nいちげきで　たおされることが　ない。\nいちげきひっさつわざも　きかない。
23,1,6,しめりけ,あたりを　しめらせることに　よって\nじばく　などの　ばくはつする　わざを\nだれも　つかえなくなる。
23,1,7,じゅうなん,じゅうなんな　からだによって\nまひ　じょうたいに　ならない。
23,1,8,すながくれ,すなあらしの　とき\nかいひりつが　あがる。
23,1,9,せいでんき,せいでんきを　からだに　まとい\nさわった　あいてを\nまひさせる　ことがある。
23,1,10,ちくでん,でんきタイプの　わざを　うけると\nダメージを　うけずに　かいふくする。
23,1,11,ちょすい,みずタイプの　わざを　うけると\nダメージを　うけずに　かいふくする。
23,1,12,どんかん,どんかん　なので\nメロメロや　ちょうはつ　じょうたいに\nならない。
23,1,13,ノーてんき,あらゆる　てんきの　えいきょうが\nなくなって　しまう。
23,1,14,ふくがん,ふくがんを　もっているため\nわざの　めいちゅうりつが　あがる。
23,1,15,ふみん,ねむれない　たいしつ　なので\nねむり　じょうたいに　ならない。
23,1,16,へんしょく,あいてから　うけた　わざの　タイプに\nじぶんの　タイプが　へんか　する。
23,1,17,めんえき,たいないに　めんえきを　もっているため\nどく　じょうたいに　ならない。
23,1,18,もらいび,ほのおタイプの　わざを　うけると\nほのおを　もらい　じぶんが　だす\nほのおタイプの　わざが　つよくなる。
23,1,19,りんぷん,りんぷんに　まもられて\nわざの　ついかこうかを　うけなくなる。
23,1,20,マイペース,マイペースなので\nこんらん　じょうたいに　ならない。
23,1,21,きゅうばん,きゅうばんで　じめんに　はりつき\nポケモンを　いれかえさせる\nわざや　どうぐが　きかなくなる。
23,1,22,いかく,とうじょう　したとき　いかくして\nあいてを　いしゅくさせ\nあいての　こうげきを　さげて　しまう。
23,1,23,かげふみ,あいての　かげを　ふみ\nにげたり　こうたい　できなくする。
23,1,24,さめはだ,こうげきを　うけたとき\nじぶんに　ふれた　あいてを\nざらざらの　はだで　キズつける。
23,1,25,ふしぎなまもり,こうかばつぐんの　わざしか\nあたらない　ふしぎな　ちから。
23,1,26,ふゆう,じめんから　うくことによって\nじめんタイプの　わざを　うけない。
23,1,27,ほうし,こうげきで　じぶんに　ふれた　あいてを\nどくや　まひや　ねむり　じょうたいに\nする　ことがある。
23,1,28,シンクロ,じぶんが　なってしまった\nどくや　まひや　やけどを\nあいてに　うつす。
23,1,29,クリアボディ,あいての　わざや　とくせいで\nのうりょくを　さげられない。
23,1,30,しぜんかいふく,てもちに　ひっこむと\nじょうたい　いじょうが　なおる。
23,1,31,ひらいしん,でんきタイプの　わざを　じぶんに\nよせつけ　ダメージを　うけずに\nとくこうが　あがる。
23,1,32,てんのめぐみ,てんのめぐみの　おかげで\nわざの　ついかこうかが　でやすい。
23,1,33,すいすい,てんきが　あめのとき\nすばやさが　あがる。
23,1,34,ようりょくそ,てんきが　はれのとき\nすばやさが　あがる。
23,1,35,はっこう,あたりを　あかるくする　ことで\nやせいの　ポケモンに\nそうぐう　しやすくなる。
23,1,36,トレース,とうじょう　したとき\nあいての　とくせいを　トレースして\nおなじ　とくせいに　なる。
23,1,37,ちからもち,ぶつり　こうげきの\nいりょくが　２ばいに　なる。
23,1,38,どくのトゲ,じぶんに　さわった　あいてを\nどく　じょうたいに　する　ことがある。
23,1,39,せいしんりょく,きたえられた　せいしんに　よって\nあいての　こうげきに　ひるまない。
23,1,40,マグマのよろい,あつい　マグマを　みにまとい\nこおり　じょうたいに　ならない。
23,1,41,みずのベール,みずのベールを　みにまとい\nやけど　じょうたいに　ならない。
23,1,42,じりょく,はがねタイプの　ポケモンを\nじりょくで　ひきつけて\nにげられなくする。
23,1,43,ぼうおん,おとを　しゃだん　することに　よって\nおとの　こうげきを　うけない。
23,1,44,あめうけざら,てんきが　あめのとき\nすこしずつ　ＨＰを　かいふくする。
23,1,45,すなおこし,とうじょう　したとき\nてんきを　すなあらしに　する。
23,1,46,プレッシャー,プレッシャーを　あたえて\nあいての　つかう　わざの　ＰＰを\nおおく　へらす。
23,1,47,あついしぼう,あつい　しぼうで　まもられているので\nほのおタイプと　こおりタイプの\nわざの　ダメージを　はんげんさせる。
23,1,48,はやおき,ねむり　じょうたいに　なっても\n２ばいの　はやさで\nめざめる　ことが　できる。
23,1,49,ほのおのからだ,じぶんに　さわった　あいてを\nやけど　じょうたいに　する　ことがある。
23,1,50,にげあし,やせいの　ポケモンから\nかならず　にげられる。
23,1,51,するどいめ,するどい　めの　おかげで\nめいちゅうりつを　さげられない。
23,1,52,かいりきバサミ,ちからじまんの　ハサミを　もっているので\nあいてに　こうげきを　さげられない。
23,1,53,ものひろい,あいての　つかった　どうぐを\nひろってくることが　ある。\nぼうけんちゅうも　ひろってくる。
23,1,54,なまけ,わざを　だすと\nつぎの　ターンは　やすんでしまう。
23,1,55,はりきり,じぶんの　こうげきが　たかくなるが\nめいちゅうりつが　さがる。
23,1,56,メロメロボディ,じぶんに　さわった　あいてを\nメロメロに　することが　ある。
23,1,57,プラス,プラスか　マイナスの　とくせいを　もつ\nポケモンが　なかまに　いると\nじぶんの　とくこうが　あがる。
23,1,58,マイナス,プラスか　マイナスの　とくせいを　もつ\nポケモンが　なかまに　いると\nじぶんの　とくこうが　あがる。
23,1,59,てんきや,てんきの　えいきょうを　うけて\nみずタイプ　ほのおタイプ　こおりタイプの\nどれかに　へんかする。
23,1,60,ねんちゃく,ねんちゃくしつの　からだに\nどうぐが　くっついているため\nあいてに　どうぐを　うばわれない。
23,1,61,だっぴ,からだの　かわを　ぬぎすてることで\nじょうたい　いじょうを\nなおすことが　ある。
23,1,62,こんじょう,じょうたい　いじょうに　なると\nこんじょうを　だして\nこうげきが　あがる。
23,1,63,ふしぎなうろこ,じょうたい　いじょうに　なると\nふしぎなうろこが　はんのうして\nぼうぎょが　あがる。
23,1,64,ヘドロえき,ヘドロえきを　すいとった　あいては\nきょうれつな　あくしゅうで\nダメージを　うけて　ＨＰを　へらす。
23,1,65,しんりょく,ＨＰが　へったとき\nくさタイプの　わざの\nいりょくが　あがる。
23,1,66,もうか,ＨＰが　へったとき\nほのおタイプの　わざの\nいりょくが　あがる。
23,1,67,げきりゅう,ＨＰが　へったとき\nみずタイプの　わざの\nいりょくが　あがる。
23,1,68,むしのしらせ,ＨＰが　へったとき\nむしタイプの　わざの\nいりょくが　あがる。
23,1,69,いしあたま,はんどうを　うける　わざを　だしても\nＨＰが　へらない。
23,1,70,ひでり,とうじょう　したときに\nてんきを　はれに　する。
23,1,71,ありじごく,せんとうで　あいてを\nにげられなくする。
23,1,72,やるき,やるきを　だすことに　よって\nねむり　じょうたいに　ならない。
23,1,73,しろいけむり,しろいけむりに　まもられて\nあいてに　のうりょくを　さげられない。
23,1,74,ヨガパワー,ヨガの　ちからで\nぶつり　こうげきの　いりょくが\n２ばいに　なる。
23,1,75,シェルアーマー,かたい　からに　まもられ\nあいての　こうげきが\nきゅうしょに　あたらない。
23,1,76,エアロック,あらゆる　てんきの　えいきょうが\nきえて　しまう。
23,1,77,ちどりあし,こんらん　じょうたいの　ときは\nかいひりつが　アップする。
23,1,78,でんきエンジン,でんきタイプの　わざを　うけると\nダメージを　うけずに\nすばやさが　あがる。
23,1,79,とうそうしん,せいべつが　おなじだと\nとうそうしんを　もやして　つよくなる\nせいべつが　ちがうと　よわくなる
23,1,80,ふくつのこころ,ひるむ　たびに\nふくつのこころを　もやして\nすばやさが　あがる。
23,1,81,ゆきがくれ,てんきが　あられのとき\nかいひりつが　あがる。
23,1,82,くいしんぼう,ＨＰが　すくなくなったら　たべる\nきのみを　ＨＰ　はんぶんの\nときに　たべてしまう。
23,1,83,いかりのつぼ,きゅうしょに　こうげきが　あたると\nいかりくるって　こうげきりょくが\nさいだいに　なる。
23,1,84,かるわざ,もっていた　どうぐが　なくなると\nすばやさが　あがる。
23,1,85,たいねつ,たいねつの　からだに　よって\nほのおタイプの　わざの\nダメージを　はんげんさせる
23,1,86,たんじゅん,のうりょく　へんかが\nいつもの　２ばいに　なる。
23,1,87,かんそうはだ,てんきが　あめのときや　みずタイプの\nわざで　ＨＰが　かいふくし　はれのときや\nほのおタイプの　わざで　へってしまう。
23,1,88,ダウンロード,あいての　ぼうぎょと　とくぼうを　くらべて\nひくい　ほうの　のうりょくに　あわせて\nじぶんの　こうげきか　とくこうを　あげる。
23,1,89,てつのこぶし,パンチを　つかう　わざの\nいりょくが　あがる。
23,1,90,ポイズンヒール,どくじょうたいに　なると\nＨＰが　へらずに　ふえていく。
23,1,91,てきおうりょく,じぶんと　おなじ　タイプの\nわざの　いりょくが　あがる。
23,1,92,スキルリンク,れんぞくわざを　つかうと　いつも\nさいこう　かいすう　だすことが　できる。
23,1,93,うるおいボディ,てんきが　あめのとき\nじょうたい　いじょうが　なおる。
23,1,94,サンパワー,てんきが　はれると\nとくこうが　あがるが\nまいターン　ＨＰが　へる。
23,1,95,はやあし,じょうたい　いじょうに　なると\nすばやさが　あがる。
23,1,96,ノーマルスキン,どんな　タイプの　わざでも\nすべて　ノーマルタイプに　なる。\nいりょくが　すこし　あがる。
23,1,97,スナイパー,こうげきを　きゅうしょに　あてると\nいりょくが　さらに　あがる。
23,1,98,マジックガード,こうげき　いがいでは\nダメージを　うけない。
23,1,99,ノーガード,ノーガード　せんぽうに　よって\nおたがいの　だす　わざが\nかならず　あたる　ようになる。
23,1,100,あとだし,わざを　だす　じゅんばんが\nかならず　さいごに　なる。
23,1,101,テクニシャン,いりょくが　ひくい　わざの\nいりょくを　たかくして　こうげきできる。
23,1,102,リーフガード,てんきが　はれのときは\nじょうたい　いじょうに　ならない。
23,1,103,ぶきよう,もっている　どうぐを\nつかうことが　できない。
23,1,104,かたやぶり,あいての　とくせいに\nじゃまされる　ことなく　あいてに\nわざを　だすことが　できる。
23,1,105,きょううん,きょううんを　もっているため\nあいての　きゅうしょに\nこうげきが　あたりやすい。
23,1,106,ゆうばく,ひんしに　なったとき\nさわった　あいてに\nダメージを　あたえる。
23,1,107,きけんよち,あいての　もつ　きけんな　わざを\nさっちする　ことができる。
23,1,108,よちむ,とうじょう　したとき\nあいての　もつ　わざを\nひとつだけ　よみとる。
23,1,109,てんねん,あいての　のうりょくの　へんかを\nむしして　こうげきが　できる。
23,1,110,いろめがね,こうかが　いまひとつの　わざを\nつうじょうの　いりょくで\nだすことが　できる。
23,1,111,フィルター,こうかばつぐんに　なってしまう\nこうげきの　いりょくを\nよわめる　ことが　できる。
23,1,112,スロースタート,５ターンの　あいだ\nこうげきと　すばやさが\nはんぶんに　なる。
23,1,113,きもったま,ゴーストタイプの　ポケモンに\nノーマルタイプと　かくとうタイプの\nわざを　あてることが　できる。
23,1,114,よびみず,みずタイプの　わざを　じぶんに　よせつけ\nダメージは　うけずに　とくこうが　あがる。
23,1,115,アイスボディ,てんきが　あられのとき　ＨＰを\nすこしずつ　かいふく　する。
23,1,116,ハードロック,こうかばつぐんに　なってしまう\nこうげきの　いりょくを\nよわめる　ことが　できる。
23,1,117,ゆきふらし,とうじょう　したときに\nてんきを　あられに　する。
23,1,118,みつあつめ,せんとうが　おわったとき\nあまいミツを　ひろうことが　ある。
23,1,119,おみとおし,とうじょう　したとき\nあいての　もちものを\nみとおすことが　できる。
23,1,120,すてみ,はんどうで　ダメージを\nうける　わざの　いりょくが　あがる。
23,1,121,マルチタイプ,もっている　プレートで\nタイプが　かわる。
23,1,122,フラワーギフト,てんきが　はれのとき\nじぶんと　みかたの　こうげきと\nとくぼうの　のうりょくが　あがる。
23,1,123,ナイトメア,ねむり　じょうたいの　あいてに\nダメージを　あたえる。
23,1,124,わるいてぐせ,さわられた　あいての　どうぐを\nぬすんで　しまう。
23,1,125,ちからずく,わざの　ついか　こうかは　なくなるが\nそのぶん　たかい　いりょくで\nわざを　だすことが　できる。
23,1,126,あまのじゃく,のうりょくの　へんかが　ぎゃくてんして\nあがるときに　さがり\nさがるときに　あがる。
23,1,127,きんちょうかん,あいてを　きんちょうさせて\nきのみを　たべられなく　させる。
23,1,128,まけんき,のうりょくを　さげられると\nこうげきが　ぐーんと　あがる。
23,1,129,よわき,ＨＰが　はんぶんに　なると\nよわきに　なって　こうげきと\nとくこうが　はんげんする。
23,1,130,のろわれボディ,こうげきを　うけると　あいての　わざを\nかなしばり　じょうたいに\nすることが　ある。
23,1,131,いやしのこころ,じょうたい　いじょうの　みかたを\nたまに　なおしてあげる。
23,1,132,フレンドガード,みかたの　ダメージを\nへらすことが　できる。
23,1,133,くだけるよろい,ぶつりわざで　ダメージを　うけると\nぼうぎょが　さがり\nすばやさが　ぐーんと　あがる。
23,1,134,ヘヴィメタル,じぶんの　おもさが\n２ばいに　なる。
23,1,135,ライトメタル,じぶんの　おもさが\nはんぶんに　なる。
23,1,136,マルチスケイル,ＨＰが　まんたんの　ときに\nうける　ダメージが　すくなくなる。
23,1,137,どくぼうそう,どく　じょうたいに　なったとき\nぶつりわざの　いりょくが　あがる。
23,1,138,ねつぼうそう,やけど　じょうたいに　なったとき\nとくしゅわざの　いりょくが　あがる。
23,1,139,しゅうかく,つかった　きのみを\nなんかいも　つくりだす。
23,1,140,テレパシー,みかたの　こうげきを　よみとって\nわざを　かいひする。
23,1,141,ムラっけ,まいターン　のうりょくの　どれかが\nぐーんと　あがって　どれかが　さがる。
23,1,142,ぼうじん,すなあらしや　あられなどの\nダメージを　うけない。\nこなの　わざを　うけない。
23,1,143,どくしゅ,さわる　だけで　あいてを\nどく　じょうたいに　することがある。
23,1,144,さいせいりょく,てもちに　ひっこむと\nＨＰが　すこし　かいふくする。
23,1,145,はとむね,ぼうぎょを　さげる\nこうかを　うけない。
23,1,146,すなかき,てんきが　すなあらし　のとき\nすばやさが　あがる。
23,1,147,ミラクルスキン,へんかわざを　うけにくい\nからだに　なっている。
23,1,148,アナライズ,いちばん　さいごに　わざを　だすと\nわざの　いりょくが　あがる。
23,1,149,イリュージョン,てもちの　いちばん　うしろに　いる\nポケモンに　なりきって　とうじょうして\nあいてを　ばかす。
23,1,150,かわりもの,めのまえの　ポケモンに\nへんしん　してしまう。
23,1,151,すりぬけ,あいての　かべや　みがわりを\nすりぬけて　こうげき　できる
23,1,152,ミイラ,あいてに　さわられると\nあいてを　ミイラに　してしまう。
23,1,153,じしんかじょう,あいてを　たおすと\nじしんが　ついて\nこうげきが　あがる。
23,1,154,せいぎのこころ,あくタイプの　こうげきを　うけると\nせいぎかんで　こうげきが　あがる。
23,1,155,びびり,あくタイプと　ゴーストタイプと\nむしタイプの　わざを　うけると\nびびって　すばやさが　あがる。
23,1,156,マジックミラー,あいてに　だされた　へんかわざを　うけずに\nそのまま　かえす　ことが　できる。
23,1,157,そうしょく,くさタイプの　わざを　うけると\nダメージを　うけずに\nこうげきが　あがる。
23,1,158,いたずらごころ,へんかわざを　せんせいで\nだすことが　できる。
23,1,159,すなのちから,てんきが　すなあらしの　とき\nいわタイプと　じめんタイプと\nはがねタイプの　いりょくが　あがる。
23,1,160,てつのトゲ,じぶんに　さわった　あいてに\nてつのトゲで　ダメージを　あたえる。
23,1,161,ダルマモード,ＨＰが　はんぶん　いかに　なると\nすがたが　へんかする。
23,1,162,しょうりのほし,じぶんや　みかたの\nめいちゅうりつが　あがる。
23,1,163,ターボブレイズ,あいての　とくせいに　じゃまされず\nあいてに　わざを　だすことが　できる。
23,1,164,テラボルテージ,あいての　とくせいに　じゃまされず\nあいてに　わざを　だすことが　できる。
23,1,165,アロマベール,じぶんと　みかたへの　メンタル\nこうげきを　ふせぐことが　できる。
23,1,166,フラワーベール,みかたの　くさポケモンは\nのうりょくが　さがらず\nじょうたい　いじょうにも　ならない。
23,1,167,ほおぶくろ,どんな　きのみでも\nたべると　ＨＰも　かいふくする。
23,1,168,へんげんじざい,じぶんが　だす　わざと\nおなじ　タイプに　へんかする。
23,1,169,ファーコート,あいてから　うける　ぶつりわざの\nダメージが　はんぶんに　なる。
23,1,170,マジシャン,わざを　あてた　あいての\nどうぐを　うばってしまう。
23,1,171,ぼうだん,あいての　たまや　ばくだんなどの\nわざを　ふせぐことが　できる。
23,1,172,かちき,のうりょくを　さげられると\nとくこうが　ぐーんと　あがる。
23,1,173,がんじょうあご,あごが　がんじょうで\nかむ　わざの　いりょくが\nたかくなる。
23,1,174,フリーズスキン,ノーマルタイプの　わざが\nこおりタイプになる。\nいりょくが　すこし　あがる。
23,1,175,スイートベール,みかたの　ポケモンは\nねむらなくなる。
23,1,176,バトルスイッチ,こうげきわざを　だすと　ブレードフォルムに\nわざ　キングシールドを　だすと\nシールドフォルムに　へんかする。
23,1,177,はやてのつばさ,ＨＰが　まんたん　だと\nひこうタイプの　わざを\nせんせいで　だすことが　できる。
23,1,178,メガランチャー,はどうの　わざの\nいりょくが　たかくなる。
23,1,179,くさのけがわ,グラスフィールドのとき\nぼうぎょが　あがる。
23,1,180,きょうせい,みかたが　どうぐを　つかうと\nじぶんの　もっている　どうぐを\nみかたに　わたす。
23,1,181,かたいツメ,あいてに　せっしょくする　わざの\nいりょくが　たかくなる。
23,1,182,フェアリースキン,ノーマルタイプの　わざが\nフェアリータイプになる。\nいりょくが　すこし　あがる。
23,1,183,ぬめぬめ,こうげきで　じぶんに　ふれた　あいての\nすばやさを　さげる。
23,1,184,スカイスキン,ノーマルタイプの　わざが\nひこうタイプになる。\nいりょくが　すこし　あがる。
23,1,185,おやこあい,おやこ　２ひきで　２かい\nこうげきする　ことが　できる。
23,1,186,ダークオーラ,ぜんいんの　あくタイプの\nわざが　つよくなる。
23,1,187,フェアリーオーラ,ぜんいんの　フェアリータイプの\nわざが　つよくなる。
23,1,188,オーラブレイク,オーラの　こうかを　ぎゃくてんさせて\nいりょくを　さげる。
23,1,189,はじまりのうみ,ほのおタイプの　こうげきを\nうけない　てんきにする。
23,1,190,おわりのだいち,みずタイプの　こうげきを\nうけない　てんきにする。
23,1,191,デルタストリーム,ひこうタイプの　じゃくてんが\nなくなる　てんきにする。
23,1,192,じきゅうりょく,こうげきを　うけると\nぼうぎょが　あがる。
23,1,193,にげごし,ＨＰが　はんぶんに　なると\nあわてて　にげだして\nてもちに　ひっこんで　しまう。
23,1,194,ききかいひ,ＨＰが　はんぶんに　なると\nきけんを　かいひするため\nてもちに　ひっこんで　しまう。
23,1,195,みずがため,みずタイプの　わざを　うけると\nぼうぎょが　ぐーんと　あがる。
23,1,196,ひとでなし,どく　じょうたいの\nあいてを　こうげきすると\nかならず　きゅうしょに　あたる。
23,1,197,リミットシールド,ＨＰが　はんぶんに　なると\nからが　こわれて\nこうげきてきに　なる。
23,1,198,はりこみ,こうたいで　でてきた　あいてに\n２ばいの　ダメージで　こうげき　できる。
23,1,199,すいほう,じぶんに　たいする　ほのおタイプの\nわざの　いりょくを　さげる。\nやけど　しない。
23,1,200,はがねつかい,はがねタイプの　わざの\nいりょくが　あがる。
23,1,201,ぎゃくじょう,あいての　こうげきで\nＨＰが　はんぶんに　なると\nとくこうが　あがる。
23,1,202,ゆきかき,てんきが　あられ　のとき\nすばやさが　あがる。
23,1,203,えんかく,すべての　わざを\nあいてに　せっしょく　しないで\nだすことが　できる。
23,1,204,うるおいボイス,すべての　おとわざが\nみずタイプに　なる。
23,1,205,ヒーリングシフト,かいふくわざを　せんせいで\nだすことが　できる。
23,1,206,エレキスキン,ノーマルタイプの　わざが\nでんきタイプになる。\nいりょくが　すこし　あがる。
23,1,207,サーフテール,エレキフィールド　のとき\nすばやさが　２ばいに　なる。
23,1,208,ぎょぐん,ＨＰが　おおいときは　むれて　つよくなる。\nＨＰの　のこりが　すくなくなると\nむれは　ちりぢりに　なってしまう。
23,1,209,ばけのかわ,からだを　おおう　ばけのかわで\n１かい　こうげきを　ふせぐことが　できる。
23,1,210,きずなへんげ,あいてを　たおすと　トレーナーとの\nきずなが　ふかまり　サトシゲッコウガに\nへんげする。みずしゅりけんが　つよくなる。
23,1,211,スワームチェンジ,ＨＰが　はんぶんに　なると\nセルたちが　おうえんに　かけつけ\nパーフェクトフォルムに　すがたを　かえる。
23,1,212,ふしょく,はがねタイプや　どくタイプも\nどく　じょうたいに　することが　できる。
23,1,213,ぜったいねむり,つねに　ゆめうつつの　じょうたいで\nぜったいに　めざめない。\nねむったまま　こうげきが　できる。
23,1,214,じょおうのいげん,あいてに　いあつかんを　あたえ\nこちらに　むかって　せんせいわざを\nだせない　ようにする。
23,1,215,とびだすなかみ,あいてに　たおされたとき\nＨＰの　のこりの　ぶんだけ\nあいてに　ダメージを　あたえる。
23,1,216,おどりこ,だれかが　おどりわざを　つかうと\nじぶんも　それに　つづいて\nおどりわざを　だすことが　できる。
23,1,217,バッテリー,みかたの　とくしゅわざの\nいりょくを　あげる。
23,1,218,もふもふ,あいてから　うけた　せっしょくする　わざの\nダメージを　はんげんするが　ほのおタイプの\nわざの　ダメージは　２ばいになる。
23,1,219,ビビッドボディ,あいてを　びっくり　させて\nこちらに　むかって　せんせいわざを\nだせない　ようにする。
23,1,220,ソウルハート,ポケモンが　ひんしに　なるたびに\nとくこうが　あがる。
23,1,221,カーリーヘアー,こうげきで　じぶんに　ふれた　あいての\nすばやさを　さげる。
23,1,222,レシーバー,たおされた　みかたの　とくせいを\nうけついで　おなじ　とくせいに　なる。
23,1,223,かがくのちから,たおされた　みかたの　とくせいを　うけつぎ\nおなじ　とくせいに　かわる。
23,1,224,ビーストブースト,あいてを　たおしたとき\nじぶんの　いちばん　たかい\nのうりょくが　あがる。
23,1,225,ＡＲシステム,もっている　メモリで\nじぶんの　タイプが　かわる。
23,1,226,エレキメイカー,とうじょう　したときに\nエレキフィールドを　はりめぐらせる。
23,1,227,サイコメイカー,とうじょう　したときに\nサイコフィールドを　はりめぐらせる。
23,1,228,ミストメイカー,とうじょう　したときに\nミストフィールドを　はりめぐらせる。
23,1,229,グラスメイカー,とうじょう　したときに\nグラスフィールドを　はりめぐらせる。
23,1,230,メタルプロテクト,あいての　わざや　とくせいで\nのうりょくを　さげられない。
23,1,231,ファントムガード,ＨＰが　まんたんの　ときに\nうける　ダメージが　すくなくなる。
23,1,232,プリズムアーマー,こうかばつぐんに　なってしまう\nこうげきの　いりょくを\nよわめる　ことが　できる。
23,1,233,ブレインフォース,こうかばつぐんの　こうげきで\nいりょくが　さらに　あがる。
23,1,234,ふとうのけん,とうじょう　したときに\nこうげきが　あがる。
23,1,235,ふくつのたて,とうじょう　したときに\nぼうぎょが　あがる。
23,1,236,リベロ,じぶんが　だす　わざと\nおなじ　タイプに　へんかする。
23,1,237,たまひろい,どうぐを　もっていない　ばあい\n１かいめに　なげて　しっぱい　した\nモンスターボールを　ひろってくる。
23,1,238,わたげ,こうげきを　うけると　わたげを　ばらまいて\nじぶんいがいの　ポケモン　すべての\nすばやさを　さげる。
23,1,239,スクリューおびれ,あいての　わざを　ひきうける\nとくせいや　わざの\nえいきょうを　むし　できる。
23,1,240,ミラーアーマー,じぶんが　うけた\nのうりょく　ダウンの\nこうか　だけを　はねかえす。
23,1,241,うのミサイル,なみのりか　ダイビングを　すると\nえものを　くわえてくる。　ダメージを\nうけると　えものを　はきだして　こうげき。
23,1,242,すじがねいり,あいての　わざを　ひきうける\nとくせいや　わざの\nえいきょうを　むし　できる。
23,1,243,じょうききかん,みずタイプ　ほのおタイプの\nわざを　うけると\nすばやさが　ぐぐーんと　あがる。
23,1,244,パンクロック,おとわざの　いりょくが　あがる。\nうけた　おとわざの\nダメージは　はんぶんに　なる。
23,1,245,すなはき,こうげきを　うけると\nすなあらしを　おこす。
23,1,246,こおりのりんぷん,こおりのりんぷんに　まもられて\nとくしゅこうげきで　うける\nダメージが　はんげん　する。
23,1,247,じゅくせい,じゅくせい　させることで\nきのみの　こうかが\nばいに　なる。
23,1,248,アイスフェイス,ぶつりこうげきは　あたまの　こおりが\nみがわりに　なるが　すがたも　かわる。\nこおりは　あられが　ふると　もとにもどる。
23,1,249,パワースポット,となりに　いるだけで\nわざの　いりょくが　あがる。
23,1,250,ぎたい,フィールドの　じょうたいに　あわせて\nポケモンの　タイプが　かわる。
23,1,251,バリアフリー,とうじょう　したときに　てきと　みかたの\nひかりのかべ　リフレクター\nオーロラベールの　こうかが　きえる。
23,1,252,はがねのせいしん,みかたの　はがねタイプの\nこうげきの　いりょくが　あがる。
23,1,253,ほろびのボディ,せっしょくする　わざを　うけると\nおたがい　３ターン　たつと　ひんしになる。\nこうたいすると　こうかは　なくなる。
23,1,254,さまようたましい,せっしょくする　わざで\nこうげき　してきた　ポケモンと\nとくせいを　いれかえる。
23,1,255,ごりむちゅう,こうげきは　あがるが\nさいしょに　えらんだ\nわざしか　だせなくなる。
23,1,256,かがくへんかガス,かがくへんかガスの　ポケモンが　ばにいると\nすべての　ポケモンの　とくせいの\nこうかが　きえたり　はつどう　しなくなる。
23,1,257,パステルベール,じぶんも　みかたも\nどくの　じょうたいいじょうを\nうけなくなる。
23,1,258,はらぺこスイッチ,ターンの　おわりに　まんぷくもよう\nはらぺこもよう　まんぷくもよう……と\nこうごに　すがたを　かえる。
23,1,259,クイックドロウ,あいてより　さきに\nこうどう　できることが　ある。
23,1,260,ふかしのこぶし,あいてに　せっしょくする　わざなら\nまもりの　こうかを\nむしして　こうげき　することが　できる。
23,1,261,きみょうなくすり,とうじょう　したときに\nかいがらから　くすりを　ふりまいて\nみかたの　のうりょくへんかを　もとにもどす。
23,1,262,トランジスタ,でんきタイプの　わざの\nいりょくが　あがる。
23,1,263,りゅうのあぎと,ドラゴンタイプの　わざの\nいりょくが　あがる。
23,1,264,しろのいななき,あいてを　たおすと\nつめたい　こえで　いなないて\nこうげきが　あがる。
23,1,265,くろのいななき,あいてを　たおすと\nおそろしい　こえで　いなないて\nとくこうが　あがる。
23,1,266,じんばいったい,バドレックスの　きんちょうかんと\nブリザポスの　しろのいななきの\nふたつの　とくせいを　あわせもつ。
23,1,267,じんばいったい,バドレックスの　きんちょうかんと\nレイスポスの　くろのいななきの\nふたつの　とくせいを　あわせもつ。
23,2,1,Stench,"By releasing stench when attacking, this Pokémon\nmay cause the target to flinch."
23,2,2,Drizzle,The Pokémon makes it rain when it enters a battle.
23,2,3,Speed Boost,Its Speed stat is boosted every turn.
23,2,4,Battle Armor,Hard armor protects the Pokémon from critical hits.
23,2,5,Sturdy,"It cannot be knocked out with one hit. One-hit KO\nmoves cannot knock it out, either."
23,2,6,Damp,"Prevents the use of explosive moves, such as\nSelf-Destruct, by dampening its surroundings."
23,2,7,Limber,Its limber body protects the Pokémon from paralysis.
23,2,8,Sand Veil,Boosts the Pokémon’s evasiveness in a sandstorm.
23,2,9,Static,"The Pokémon is charged with static electricity, so\ncontact with it may cause paralysis."
23,2,10,Volt Absorb,Restores HP if hit by an Electric-type move instead\nof taking damage.
23,2,11,Water Absorb,Restores HP if hit by a Water-type move instead of\ntaking damage.
23,2,12,Oblivious,"The Pokémon is oblivious, and that keeps it from\nbeing infatuated or falling for taunts."
23,2,13,Cloud Nine,Eliminates the effects of weather.
23,2,14,Compound Eyes,The Pokémon’s compound eyes boost its accuracy.
23,2,15,Insomnia,The Pokémon is suffering from insomnia and cannot\nfall asleep.
23,2,16,Color Change,The Pokémon’s type becomes the type of the move\nused on it.
23,2,17,Immunity,The immune system of the Pokémon prevents it from\ngetting poisoned.
23,2,18,Flash Fire,Powers up the Pokémon’s Fire-type moves if it’s hit\nby one.
23,2,19,Shield Dust,This Pokémon’s dust blocks the additional effects of\nattacks taken.
23,2,20,Own Tempo,"This Pokémon has its own tempo, and that prevents\nit from becoming confused."
23,2,21,Suction Cups,This Pokémon uses suction cups to stay in one spot\nto negate all moves and items that force\nswitching out.
23,2,22,Intimidate,"The Pokémon intimidates opposing Pokémon upon\nentering battle, lowering their Attack stat."
23,2,23,Shadow Tag,This Pokémon steps on the opposing Pokémon’s\nshadow to prevent it from escaping.
23,2,24,Rough Skin,This Pokémon inflicts damage with its rough skin\nto the attacker on contact.
23,2,25,Wonder Guard,Its mysterious power only lets supereffective moves\nhit the Pokémon.
23,2,26,Levitate,"By floating in the air, the Pokémon receives full\nimmunity to all Ground-type moves."
23,2,27,Effect Spore,"Contact with the Pokémon may inflict poison, sleep,\nor paralysis on its attacker."
23,2,28,Synchronize,"The attacker will receive the same status condition if\nit inflicts a burn, poison, or paralysis to the Pokémon."
23,2,29,Clear Body,Prevents other Pokémon’s moves or Abilities from\nlowering the Pokémon’s stats.
23,2,30,Natural Cure,All status conditions heal when the Pokémon\nswitches out.
23,2,31,Lightning Rod,"The Pokémon draws in all Electric-type moves.\nInstead of being hit by Electric-type moves,\nit boosts its Sp. Atk."
23,2,32,Serene Grace,Boosts the likelihood of additional effects occurring\nwhen attacking.
23,2,33,Swift Swim,Boosts the Pokémon’s Speed stat in rain.
23,2,34,Chlorophyll,Boosts the Pokémon’s Speed stat in harsh sunlight.
23,2,35,Illuminate,Raises the likelihood of meeting wild Pokémon by\nilluminating the surroundings.
23,2,36,Trace,"When it enters a battle, the Pokémon copies an\nopposing Pokémon’s Ability."
23,2,37,Huge Power,Doubles the Pokémon’s Attack stat.
23,2,38,Poison Point,Contact with the Pokémon may poison the attacker.
23,2,39,Inner Focus,"The Pokémon’s intensely focused, and that protects\nthe Pokémon from flinching."
23,2,40,Magma Armor,"The Pokémon is covered with hot magma, which\nprevents the Pokémon from becoming frozen."
23,2,41,Water Veil,"The Pokémon is covered with a water veil, which\nprevents the Pokémon from getting a burn."
23,2,42,Magnet Pull,Prevents Steel-type Pokémon from escaping using\nits magnetic force.
23,2,43,Soundproof,Soundproofing gives the Pokémon full\nimmunity to all sound-based moves.
23,2,44,Rain Dish,The Pokémon gradually regains HP in rain.
23,2,45,Sand Stream,The Pokémon summons a sandstorm when it enters\na battle.
23,2,46,Pressure,"By putting pressure on the opposing Pokémon, it\nraises their PP usage."
23,2,47,Thick Fat,"The Pokémon is protected by a layer of thick fat,\nwhich halves the damage taken from Fire- and\nIce-type moves."
23,2,48,Early Bird,The Pokémon awakens from sleep twice as fast\nas other Pokémon.
23,2,49,Flame Body,Contact with the Pokémon may burn the attacker.
23,2,50,Run Away,Enables a sure getaway from wild Pokémon.
23,2,51,Keen Eye,Keen eyes prevent other Pokémon from lowering this\nPokémon’s accuracy.
23,2,52,Hyper Cutter,The Pokémon’s proud of its powerful pincers.\nThey prevent other Pokémon from lowering\nits Attack stat.
23,2,53,Pickup,"The Pokémon may pick up the item an opposing\nPokémon used during a battle. It may pick up items\noutside of battle, too."
23,2,54,Truant,The Pokémon can’t use a move if it had used a move\non the previous turn.
23,2,55,Hustle,"Boosts the Attack stat, but lowers accuracy."
23,2,56,Cute Charm,Contact with the Pokémon may cause infatuation.
23,2,57,Plus,Boosts the Sp. Atk stat of the Pokémon if an ally\nwith the Plus or Minus Ability is also in battle.
23,2,58,Minus,Boosts the Sp. Atk stat of the Pokémon if an ally\nwith the Plus or Minus Ability is also in battle.
23,2,59,Forecast,"The Pokémon transforms with the weather to change\nits type to Water, Fire, or Ice."
23,2,60,Sticky Hold,Items held by the Pokémon are stuck fast and\ncannot be removed by other Pokémon.
23,2,61,Shed Skin,The Pokémon may heal its own status conditions\nby shedding its skin.
23,2,62,Guts,It’s so gutsy that having a status condition boosts\nthe Pokémon’s Attack stat.
23,2,63,Marvel Scale,The Pokémon’s marvelous scales boost the Defense\nstat if it has a status condition.
23,2,64,Liquid Ooze,"The oozed liquid has a strong stench, which damages\nattackers using any draining move."
23,2,65,Overgrow,Powers up Grass-type moves when the Pokémon’s\nHP is low.
23,2,66,Blaze,Powers up Fire-type moves when the Pokémon’s HP\nis low.
23,2,67,Torrent,Powers up Water-type moves when the Pokémon’s\nHP is low.
23,2,68,Swarm,Powers up Bug-type moves when the Pokémon’s HP\nis low.
23,2,69,Rock Head,Protects the Pokémon from recoil damage.
23,2,70,Drought,Turns the sunlight harsh when the Pokémon enters\na battle.
23,2,71,Arena Trap,Prevents opposing Pokémon from fleeing.
23,2,72,Vital Spirit,"The Pokémon is full of vitality, and that prevents\nit from falling asleep."
23,2,73,White Smoke,"The Pokémon is protected by its white smoke, which\nprevents other Pokémon from lowering its stats."
23,2,74,Pure Power,"Using its pure power, the Pokémon doubles its\nAttack stat."
23,2,75,Shell Armor,A hard shell protects the Pokémon from critical hits.
23,2,76,Air Lock,Eliminates the effects of weather.
23,2,77,Tangled Feet,Raises evasiveness if the Pokémon is confused.
23,2,78,Motor Drive,Boosts its Speed stat if hit by an Electric-type move\ninstead of taking damage.
23,2,79,Rivalry,"Becomes competitive and deals more damage to\nPokémon of the same gender, but deals less to\nPokémon of the opposite gender."
23,2,80,Steadfast,The Pokémon’s determination boosts the Speed\nstat each time the Pokémon flinches.
23,2,81,Snow Cloak,Boosts evasiveness in a hailstorm.
23,2,82,Gluttony,"Makes the Pokémon eat a held Berry when its HP\ndrops to half or less, which is sooner than usual."
23,2,83,Anger Point,"The Pokémon is angered when it takes a critical hit,\nand that maxes its Attack stat."
23,2,84,Unburden,Boosts the Speed stat if the Pokémon’s held item is\nused or lost.
23,2,85,Heatproof,The heatproof body of the Pokémon halves the\ndamage from Fire-type moves that hit it.
23,2,86,Simple,The stat changes the Pokémon receives are doubled.
23,2,87,Dry Skin,"Restores HP in rain or when hit by Water-type\nmoves. Reduces HP in harsh sunlight, and increases\nthe damage received from Fire-type moves."
23,2,88,Download,Compares an opposing Pokémon’s Defense and\nSp. Def stats before raising its own Attack or\nSp. Atk stat—whichever will be more effective.
23,2,89,Iron Fist,Powers up punching moves.
23,2,90,Poison Heal,Restores HP if the Pokémon is poisoned instead of\nlosing HP.
23,2,91,Adaptability,Powers up moves of the same type as the Pokémon.
23,2,92,Skill Link,Maximizes the number of times multistrike\nmoves hit.
23,2,93,Hydration,Heals status conditions if it’s raining.
23,2,94,Solar Power,"Boosts the Sp. Atk stat in harsh sunlight, but HP\ndecreases every turn."
23,2,95,Quick Feet,Boosts the Speed stat if the Pokémon has a\nstatus condition.
23,2,96,Normalize,All the Pokémon’s moves become Normal type.\nThe power of those moves is boosted a little.
23,2,97,Sniper,Powers up moves if they become critical hits\nwhen attacking.
23,2,98,Magic Guard,The Pokémon only takes damage from attacks.
23,2,99,No Guard,The Pokémon employs no-guard tactics to ensure\nincoming and outgoing attacks always land.
23,2,100,Stall,The Pokémon moves after all other Pokémon do.
23,2,101,Technician,Powers up the Pokémon’s weaker moves.
23,2,102,Leaf Guard,Prevents status conditions in harsh sunlight.
23,2,103,Klutz,The Pokémon can’t use any held items.
23,2,104,Mold Breaker,Moves can be used on the target regardless of\nits Abilities.
23,2,105,Super Luck,The Pokémon is so lucky that the critical-hit ratios\nof its moves are boosted.
23,2,106,Aftermath,Damages the attacker if it contacts the Pokémon\nwith a finishing hit.
23,2,107,Anticipation,The Pokémon can sense an opposing Pokémon’s\ndangerous moves.
23,2,108,Forewarn,"When it enters a battle, the Pokémon can tell one of\nthe moves an opposing Pokémon has."
23,2,109,Unaware,"When attacking, the Pokémon ignores the target\nPokémon’s stat changes."
23,2,110,Tinted Lens,The Pokémon can use “not very effective” moves\nto deal regular damage.
23,2,111,Filter,Reduces the power of supereffective attacks taken.
23,2,112,Slow Start,"For five turns, the Pokémon’s Attack and Speed\nstats are halved."
23,2,113,Scrappy,The Pokémon can hit Ghost-type Pokémon with\nNormal- and Fighting-type moves.
23,2,114,Storm Drain,"Draws in all Water-type moves. Instead of being hit\nby Water-type moves, it boosts its Sp. Atk."
23,2,115,Ice Body,The Pokémon gradually regains HP in a hailstorm.
23,2,116,Solid Rock,Reduces the power of supereffective attacks taken.
23,2,117,Snow Warning,The Pokémon summons a hailstorm when it enters\na battle.
23,2,118,Honey Gather,The Pokémon may gather Honey after a battle.
23,2,119,Frisk,"When it enters a battle, the Pokémon can check an\nopposing Pokémon’s held item."
23,2,120,Reckless,Powers up moves that have recoil damage.
23,2,121,Multitype,Changes the Pokémon’s type to match the Plate it holds.
23,2,122,Flower Gift,Boosts the Attack and Sp. Def stats of itself\nand allies in harsh sunlight.
23,2,123,Bad Dreams,Reduces the HP of sleeping opposing Pokémon.
23,2,124,Pickpocket,Steals an item from an attacker that made\ndirect contact.
23,2,125,Sheer Force,Removes additional effects to increase the power\nof moves when attacking.
23,2,126,Contrary,Makes stat changes have an opposite effect.
23,2,127,Unnerve,Unnerves opposing Pokémon and makes them unable\nto eat Berries.
23,2,128,Defiant,Boosts the Pokémon’s Attack stat sharply when its\nstats are lowered.
23,2,129,Defeatist,Halves the Pokémon’s Attack and Sp. Atk stats\nwhen its HP becomes half or less.
23,2,130,Cursed Body,May disable a move used on the Pokémon.
23,2,131,Healer,Sometimes heals an ally’s status condition.
23,2,132,Friend Guard,Reduces damage done to allies.
23,2,133,Weak Armor,Physical attacks to the Pokémon lower its Defense\nstat but sharply raise its Speed stat.
23,2,134,Heavy Metal,Doubles the Pokémon’s weight.
23,2,135,Light Metal,Halves the Pokémon’s weight.
23,2,136,Multiscale,Reduces the amount of damage the Pokémon takes\nwhile its HP is full.
23,2,137,Toxic Boost,Powers up physical attacks when the Pokémon\nis poisoned.
23,2,138,Flare Boost,Powers up special attacks when the Pokémon\nis burned.
23,2,139,Harvest,May create another Berry after one is used.
23,2,140,Telepathy,Anticipates an ally’s attack and dodges it.
23,2,141,Moody,Raises one stat sharply and lowers another\nevery turn.
23,2,142,Overcoat,"Protects the Pokémon from things like sand, hail,\nand powder."
23,2,143,Poison Touch,May poison a target when the Pokémon\nmakes contact.
23,2,144,Regenerator,Restores a little HP when withdrawn from battle.
23,2,145,Big Pecks,Protects the Pokémon from\nDefense-lowering effects.
23,2,146,Sand Rush,Boosts the Pokémon’s Speed stat in a sandstorm.
23,2,147,Wonder Skin,Makes status moves more likely to miss.
23,2,148,Analytic,Boosts move power when the Pokémon moves last.
23,2,149,Illusion,Comes out disguised as the Pokémon in the party’s\nlast spot.
23,2,150,Imposter,The Pokémon transforms itself into the Pokémon\nit’s facing.
23,2,151,Infiltrator,"Passes through the opposing Pokémon’s barrier,\nsubstitute, and the like and strikes."
23,2,152,Mummy,Contact with the Pokémon changes the attacker’s\nAbility to Mummy.
23,2,153,Moxie,"The Pokémon shows moxie, and that boosts the\nAttack stat after knocking out any Pokémon."
23,2,154,Justified,"Being hit by a Dark-type move boosts the Attack\nstat of the Pokémon, for justice."
23,2,155,Rattled,"Dark-, Ghost-, and Bug-type moves scare the\nPokémon and boost its Speed stat."
23,2,156,Magic Bounce,Reflects status moves instead of getting hit\nby them.
23,2,157,Sap Sipper,Boosts the Attack stat if hit by a Grass-type move\ninstead of taking damage.
23,2,158,Prankster,Gives priority to a status move.
23,2,159,Sand Force,"Boosts the power of Rock-, Ground-, and Steel-type\nmoves in a sandstorm."
23,2,160,Iron Barbs,Inflicts damage on the attacker upon contact with\niron barbs.
23,2,161,Zen Mode,Changes the Pokémon’s shape when HP is half\nor less.
23,2,162,Victory Star,Boosts the accuracy of its allies and itself.
23,2,163,Turboblaze,Moves can be used on the target regardless of\nits Abilities.
23,2,164,Teravolt,Moves can be used on the target regardless of\nits Abilities.
23,2,165,Aroma Veil,Protects itself and its allies from attacks that limit\ntheir move choices.
23,2,166,Flower Veil,Ally Grass-type Pokémon are protected from\nstatus conditions and the lowering of their stats.
23,2,167,Cheek Pouch,Restores HP as well when the Pokémon eats a Berry.
23,2,168,Protean,Changes the Pokémon’s type to the type of the\nmove it’s about to use.
23,2,169,Fur Coat,Halves the damage from physical moves.
23,2,170,Magician,The Pokémon steals the held item of a Pokémon it\nhits with a move.
23,2,171,Bulletproof,Protects the Pokémon from some ball and\nbomb moves.
23,2,172,Competitive,Boosts the Sp. Atk stat sharply when a stat\nis lowered.
23,2,173,Strong Jaw,The Pokémon’s strong jaw boosts the power of its\nbiting moves.
23,2,174,Refrigerate,Normal-type moves become Ice-type moves.\nThe power of those moves is boosted a little.
23,2,175,Sweet Veil,Prevents itself and ally Pokémon from falling asleep.
23,2,176,Stance Change,The Pokémon changes its form to Blade Forme when\nit uses an attack move and changes to Shield Forme\nwhen it uses King’s Shield.
23,2,177,Gale Wings,Gives priority to Flying-type moves when\nthe Pokémon’s HP is full.
23,2,178,Mega Launcher,Powers up aura and pulse moves.
23,2,179,Grass Pelt,Boosts the Pokémon’s Defense stat on\nGrassy Terrain.
23,2,180,Symbiosis,The Pokémon passes its item to an ally that has\nused up an item.
23,2,181,Tough Claws,Powers up moves that make direct contact.
23,2,182,Pixilate,Normal-type moves become Fairy-type moves.\nThe power of those moves is boosted a little.
23,2,183,Gooey,Contact with the Pokémon lowers the attacker’s\nSpeed stat.
23,2,184,Aerilate,Normal-type moves become Flying-type moves.\nThe power of those moves is boosted a little.
23,2,185,Parental Bond,Parent and child each attacks.
23,2,186,Dark Aura,Powers up each Pokémon’s Dark-type moves.
23,2,187,Fairy Aura,Powers up each Pokémon’s Fairy-type moves.
23,2,188,Aura Break,The effects of “Aura” Abilities are reversed\nto lower the power of affected moves.
23,2,189,Primordial Sea,The Pokémon changes the weather to nullify\nFire-type attacks.
23,2,190,Desolate Land,The Pokémon changes the weather to nullify\nWater-type attacks.
23,2,191,Delta Stream,The Pokémon changes the weather to eliminate all\nof the Flying type’s weaknesses.
23,2,192,Stamina,Boosts the Defense stat when hit by an attack.
23,2,193,Wimp Out,The Pokémon cowardly switches out when its HP\nbecomes half or less.
23,2,194,Emergency Exit,"The Pokémon, sensing danger, switches out when its\nHP becomes half or less."
23,2,195,Water Compaction,Boosts the Pokémon’s Defense stat sharply when hit\nby a Water-type move.
23,2,196,Merciless,The Pokémon’s attacks become critical hits if the\ntarget is poisoned.
23,2,197,Shields Down,"When its HP becomes half or less, the Pokémon’s\nshell breaks and it becomes aggressive."
23,2,198,Stakeout,Doubles the damage dealt to the target’s\nreplacement if the target switches out.
23,2,199,Water Bubble,Lowers the power of Fire-type moves done to the\nPokémon and prevents the Pokémon from getting\na burn.
23,2,200,Steelworker,Powers up Steel-type moves.
23,2,201,Berserk,Boosts the Pokémon’s Sp. Atk stat when it takes\na hit that causes its HP to become half or less.
23,2,202,Slush Rush,Boosts the Pokémon’s Speed stat in a hailstorm.
23,2,203,Long Reach,The Pokémon uses its moves without making contact\nwith the target.
23,2,204,Liquid Voice,All sound-based moves become Water-type moves.
23,2,205,Triage,Gives priority to a healing move.
23,2,206,Galvanize,Normal-type moves become Electric-type moves.\nThe power of those moves is boosted a little.
23,2,207,Surge Surfer,Doubles the Pokémon’s Speed stat on\nElectric Terrain.
23,2,208,Schooling,"When it has a lot of HP, the Pokémon forms a\npowerful school. It stops schooling when its HP\nis low."
23,2,209,Disguise,"Once per battle, the shroud that covers the\nPokémon can protect it from an attack."
23,2,210,Battle Bond,"Defeating an opposing Pokémon strengthens the\nPokémon’s bond with its Trainer, and it becomes\nAsh-Greninja. Water Shuriken gets more powerful."
23,2,211,Power Construct,Other Cells gather to aid when its HP becomes\nhalf or less. Then the Pokémon changes\nits form to Complete Forme.
23,2,212,Corrosion,The Pokémon can poison the target even if it’s\na Steel or Poison type.
23,2,213,Comatose,It’s always drowsing and will never wake up.\nIt can attack without waking up.
23,2,214,Queenly Majesty,"Its majesty pressures the opposing Pokémon,\nmaking it unable to attack using priority moves."
23,2,215,Innards Out,Damages the attacker landing the finishing hit\nby the amount equal to its last HP.
23,2,216,Dancer,"When another Pokémon uses a dance move,\nit can use a dance move following it regardless\nof its Speed."
23,2,217,Battery,Powers up ally Pokémon’s special moves.
23,2,218,Fluffy,"Halves the damage taken from moves that make\ndirect contact, but doubles that of Fire-type moves."
23,2,219,Dazzling,"Surprises the opposing Pokémon, making it unable\nto attack using priority moves."
23,2,220,Soul-Heart,Boosts its Sp. Atk stat every time a Pokémon faints.
23,2,221,Tangling Hair,Contact with the Pokémon lowers the attacker’s\nSpeed stat.
23,2,222,Receiver,The Pokémon copies the Ability of a defeated ally.
23,2,223,Power of Alchemy,The Pokémon copies the Ability of a defeated ally.
23,2,224,Beast Boost,The Pokémon boosts its most proficient stat each\ntime it knocks out a Pokémon.
23,2,225,RKS System,Changes the Pokémon’s type to match the\nmemory disc it holds.
23,2,226,Electric Surge,Turns the ground into Electric Terrain when the\nPokémon enters a battle.
23,2,227,Psychic Surge,Turns the ground into Psychic Terrain when\nthe Pokémon enters a battle.
23,2,228,Misty Surge,Turns the ground into Misty Terrain when\nthe Pokémon enters a battle.
23,2,229,Grassy Surge,Turns the ground into Grassy Terrain when\nthe Pokémon enters a battle.
23,2,230,Full Metal Body,Prevents other Pokémon’s moves or Abilities from\nlowering the Pokémon’s stats.
23,2,231,Shadow Shield,Reduces the amount of damage the Pokémon takes\nwhile its HP is full.
23,2,232,Prism Armor,Reduces the power of supereffective attacks taken.
23,2,233,Neuroforce,Powers up moves that are super effective.
23,2,234,Intrepid Sword,Boosts the Pokémon’s Attack stat when the Pokémon\nenters a battle.
23,2,235,Dauntless Shield,Boosts the Pokémon’s Defense stat when the\nPokémon enters a battle.
23,2,236,Libero,Changes the Pokémon’s type to the type of the\nmove it’s about to use.
23,2,237,Ball Fetch,"If the Pokémon is not holding an item, it will fetch\nthe Poké Ball from the first failed throw\nof the battle."
23,2,238,Cotton Down,"When the Pokémon is hit by an attack, it scatters\ncotton fluff around and lowers the Speed stat of\nall Pokémon except itself."
23,2,239,Propeller Tail,Ignores the effects of opposing Pokémon’s\nAbilities and moves that draw in moves.
23,2,240,Mirror Armor,Bounces back only the stat-lowering effects that\nthe Pokémon receives.
23,2,241,Gulp Missile,"When the Pokémon uses Surf or Dive, it will come back\nwith prey. When it takes damage, it will spit out the prey\nto attack."
23,2,242,Stalwart,Ignores the effects of opposing Pokémon’s Abilities and\nmoves that draw in moves.
23,2,243,Steam Engine,Boosts the Pokémon’s Speed stat drastically if hit by a\nFire- or Water-type move.
23,2,244,Punk Rock,Boosts the power of sound-based moves.\nThe Pokémon also takes half the damage from\nthese kinds of moves.
23,2,245,Sand Spit,The Pokémon creates a sandstorm when it’s hit by\nan attack.
23,2,246,Ice Scales,"The Pokémon is protected by ice scales, which halve\nthe damage taken from special moves."
23,2,247,Ripen,Ripens Berries and doubles their effect.
23,2,248,Ice Face,"The Pokémon’s ice head can take a physical attack as\na substitute, but the attack also changes the Pokémon’s\nappearance. The ice will be restored when it hails."
23,2,249,Power Spot,Just being next to the Pokémon powers up moves.
23,2,250,Mimicry,Changes the Pokémon’s type depending on the terrain.
23,2,251,Screen Cleaner,"When the Pokémon enters a battle, the effects of\nLight Screen, Reflect, and Aurora Veil are nullified for\nboth opposing and ally Pokémon."
23,2,252,Steely Spirit,Powers up ally Pokémon’s Steel-type moves.
23,2,253,Perish Body,"When hit by a move that makes direct contact,\nthe Pokémon and the attacker will faint after three turns\nunless they switch out of battle."
23,2,254,Wandering Spirit,The Pokémon exchanges Abilities with a Pokémon\nthat hits it with a move that makes direct contact.
23,2,255,Gorilla Tactics,Boosts the Pokémon’s Attack stat but only allows\nthe use of the first selected move.
23,2,256,Neutralizing Gas,"If the Pokémon with Neutralizing Gas is in the battle,\nthe effects of all Pokémon’s Abilities will be nullified\nor will not be triggered."
23,2,257,Pastel Veil,Protects the Pokémon and its ally Pokémon from\nbeing poisoned.
23,2,258,Hunger Switch,"The Pokémon changes its form, alternating between\nits Full Belly Mode and Hangry Mode after the end of\neach turn."
23,2,259,Quick Draw,Enables the Pokémon to move first occasionally.
23,2,260,Unseen Fist,"If the Pokémon uses moves that make direct contact,\nit can attack the target even if the target protects itself."
23,2,261,Curious Medicine,"When the Pokémon enters a battle, it scatters medicine\nfrom its shell, which removes all stat changes\nfrom allies."
23,2,262,Transistor,Powers up Electric-type moves.
23,2,263,Dragon’s Maw,Powers up Dragon-type moves.
23,2,264,Chilling Neigh,"When the Pokémon knocks out a target, it utters a\nchilling neigh, which boosts its Attack stat."
23,2,265,Grim Neigh,"When the Pokémon knocks out a target, it utters a\nterrifying neigh, which boosts its Sp. Atk stat."
23,2,266,As One,This Ability combines the effects of both Calyrex’s\nUnnerve Ability and Glastrier’s Chilling Neigh Ability.
23,2,267,As One,This Ability combines the effects of both Calyrex’s\nUnnerve Ability and Spectrier’s Grim Neigh Ability.
23,3,1,Puanteur,Le Pokémon émet une odeur si nauséabonde\nqu’il peut effrayer sa cible.
23,3,2,Crachin,Le Pokémon invoque la pluie quand il entre au combat.
23,3,3,Turbo,La Vitesse du Pokémon augmente à chaque tour.
23,3,4,Armurbaston,Le Pokémon est protégé des coups critiques\npar une solide carapace.
23,3,5,Fermeté,Le Pokémon encaisse toujours au moins une attaque\ns’il a tous ses PV. Il est également immunisé contre\nles capacités pouvant mettre K.O. en un coup.
23,3,6,Moiteur,"Le Pokémon augmente l’humidité de l’air,\nce qui empêche tous les Pokémon d’utiliser\ndes capacités explosives telles que Destruction."
23,3,7,Échauffement,"Le Pokémon s’est suffisamment échauffé,\nce qui l’immunise contre la paralysie."
23,3,8,Voile Sable,Augmente l’Esquive du Pokémon lors des tempêtes\nde sable.
23,3,9,Statik,"Le Pokémon charge son corps en électricité statique,\net tout contact avec lui peut paralyser."
23,3,10,Absorbe-Volt,"Si le Pokémon est touché par une capacité Électrik,\nil ne subit aucun dégât et regagne des PV à la place."
23,3,11,Absorbe-Eau,"Si le Pokémon est touché par une capacité Eau,\nil ne subit aucun dégât et regagne des PV à la place."
23,3,12,Benêt,"Le Pokémon est un grand benêt, ce qui l’immunise\ncontre l’attraction ou la provocation."
23,3,13,Ciel Gris,Annule tous les effets liés à la météo.
23,3,14,Œil Composé,Les yeux à facettes du Pokémon augmentent\nsa Précision.
23,3,15,Insomnia,Le Pokémon est incapable de dormir.
23,3,16,Homochromie,"Lorsque le Pokémon est touché par une capacité,\nil prend le type de celle-ci."
23,3,17,Vaccin,Le Pokémon est naturellement immunisé\ncontre toute forme de poison.
23,3,18,Torche,"Lorsque le Pokémon est touché par une capacité\nde type Feu, il absorbe la chaleur pour renforcer\nses propres capacités Feu."
23,3,19,Écran Poudre,Le Pokémon dispose d’un écran naturel qui le protège\ndes effets additionnels des attaques ennemies.
23,3,20,Tempo Perso,"Le Pokémon vit sa vie à son propre rythme,\nce qui l’immunise contre la confusion."
23,3,21,Ventouse,"Le Pokémon est solidement fixé au sol, ce qui le protège\ndes capacités ou objets qui font changer de Pokémon."
23,3,22,Intimidation,"Le Pokémon rugit lorsqu’il arrive au combat,\nce qui intimide l’ennemi et baisse son Attaque."
23,3,23,Marque Ombre,Empêche les Pokémon ennemis de quitter le combat.
23,3,24,Peau Dure,Blesse l’attaquant lorsque le Pokémon subit\nune attaque directe.
23,3,25,Garde Mystik,"Une puissance mystérieuse protège le Pokémon contre\ntoutes les capacités, sauf celles « super efficaces »."
23,3,26,Lévitation,"Le Pokémon flotte, ce qui l’immunise contre\nles capacités de type Sol."
23,3,27,Pose Spore,"Peut paralyser, empoisonner ou endormir l’attaquant\nlorsque le Pokémon subit une attaque directe."
23,3,28,Synchro,"Quand le Pokémon est brûlé, paralysé ou empoisonné\npar un autre Pokémon, il partage ce statut avec celui-ci."
23,3,29,Corps Sain,Empêche les stats du Pokémon de baisser à cause\nd’une capacité ou d’un talent.
23,3,30,Médic Nature,Le Pokémon soigne ses altérations de statut\nen quittant le combat.
23,3,31,Paratonnerre,"Le Pokémon détourne sur lui les capacités\nde type Électrik et les neutralise, tout en montant\nson Attaque Spéciale."
23,3,32,Sérénité,Augmente les chances d’infliger des effets additionnels.
23,3,33,Glissade,Augmente la Vitesse du Pokémon s’il pleut.
23,3,34,Chlorophylle,Augmente la Vitesse du Pokémon s’il y a du soleil.
23,3,35,Lumiattirance,Émet une lumière spécifique qui facilite les rencontres\navec les Pokémon sauvages.
23,3,36,Calque,"Lorsque le Pokémon entre au combat, il calque\nle talent d’un ennemi pour remplacer le sien."
23,3,37,Coloforce,Double l’Attaque du Pokémon.
23,3,38,Point Poison,Peut empoisonner l’attaquant lorsque le Pokémon\nsubit une attaque directe.
23,3,39,Attention,Le Pokémon a un mental à toute épreuve qui empêche\nles capacités ennemies de lui faire peur.
23,3,40,Armumagma,Le magma qui recouvre le corps du Pokémon le protège\ncontre le gel.
23,3,41,Ignifu-Voile,Le voile qui recouvre le Pokémon le protège\ndes brûlures.
23,3,42,Magnépiège,"Attire les Pokémon Acier grâce à un champ magnétique,\nce qui les empêche de fuir."
23,3,43,Anti-Bruit,Protège le Pokémon de toutes les capacités sonores.
23,3,44,Cuvette,Le Pokémon récupère progressivement des PV\nlorsqu’il pleut.
23,3,45,Sable Volant,Le Pokémon invoque une tempête de sable\nquand il entre au combat.
23,3,46,Pression,Met la pression à l’ennemi pour le forcer\nà dépenser plus de PP.
23,3,47,Isograisse,Le Pokémon est protégé par une épaisse couche\nde graisse qui diminue de moitié les dégâts qu’il subit\ndes capacités de types Feu et Glace.
23,3,48,Matinal,Le Pokémon se réveille deux fois plus rapidement\nque les autres.
23,3,49,Corps Ardent,Peut brûler l’attaquant lorsque le Pokémon subit\nune attaque directe.
23,3,50,Fuite,Permet de fuir n’importe quel Pokémon sauvage.
23,3,51,Regard Vif,Les yeux perçants du Pokémon empêchent\nsa Précision de baisser.
23,3,52,Hyper Cutter,Le Pokémon est armé de lames tranchantes qui font\nsa fierté et empêchent son Attaque de baisser.
23,3,53,Ramassage,Permet parfois au Pokémon de ramasser les objets\nque ses ennemis ont utilisés. Il lui arrive aussi\nd’en trouver hors des combats.
23,3,54,Absentéisme,"Lorsque le Pokémon utilise une capacité,\nil passe le tour suivant à paresser."
23,3,55,Agitation,"Améliore l’Attaque du Pokémon, mais diminue\nla Précision."
23,3,56,Joli Sourire,Peut séduire l’attaquant lorsque le Pokémon subit\nune attaque directe.
23,3,57,Plus,L’Attaque Spéciale du Pokémon augmente\nsi un Pokémon allié a le talent Moins ou Plus.
23,3,58,Moins,L’Attaque Spéciale du Pokémon augmente\nsi un Pokémon allié a le talent Moins ou Plus.
23,3,59,Météo,"Le Pokémon prend le type Eau, Feu ou Glace\nen fonction de la météo."
23,3,60,Glu,"Les objets sont collés au corps gluant du Pokémon,\nce qui empêche ses adversaires de les dérober."
23,3,61,Mue,Le Pokémon soigne parfois ses altérations de statut\nen muant.
23,3,62,Cran,Augmente l’Attaque du Pokémon s’il est affecté\npar une altération de statut.
23,3,63,Écaille Spéciale,Les écailles mystérieuses du Pokémon réagissent\naux altérations de statut en augmentant sa Défense.
23,3,64,Suintement,Le Pokémon suinte un liquide toxique nauséabond\nqui blesse tous ceux qui tentent de voler ses PV.
23,3,65,Engrais,Augmente la puissance des capacités de type Plante\ndu Pokémon quand il a perdu une certaine quantité\nde PV.
23,3,66,Brasier,Augmente la puissance des capacités de type Feu\ndu Pokémon quand il a perdu une certaine quantité\nde PV.
23,3,67,Torrent,Augmente la puissance des capacités de type Eau\ndu Pokémon quand il a perdu une certaine quantité\nde PV.
23,3,68,Essaim,Augmente la puissance des capacités de type Insecte\ndu Pokémon quand il a perdu une certaine quantité\nde PV.
23,3,69,Tête de Roc,Le Pokémon peut utiliser des capacités occasionnant\nun contrecoup sans perdre de PV.
23,3,70,Sécheresse,Le soleil se met à briller quand le Pokémon\nentre au combat.
23,3,71,Piège Sable,Empêche l’ennemi de s’enfuir.
23,3,72,Esprit Vital,Empêche le Pokémon de s’endormir.
23,3,73,Écran Fumée,Un écran de fumée empêche l’ennemi de baisser\nles stats du Pokémon.
23,3,74,Force Pure,Le Pokémon utilise sa maîtrise du yoga pour doubler\nla puissance de ses capacités physiques.
23,3,75,Coque Armure,Le Pokémon est protégé des coups critiques\npar sa carapace.
23,3,76,Air Lock,Annule tous les effets de la météo.
23,3,77,Pieds Confus,Augmente l’Esquive du Pokémon s’il est confus.
23,3,78,Motorisé,"Si le Pokémon est touché par une capacité Électrik,\nil ne subit aucun dégât et sa Vitesse augmente."
23,3,79,Rivalité,"Le Pokémon déteste la concurrence et inflige plus\nde dégâts si l’ennemi est du même sexe. Par contre,\nil en inflige moins si l’ennemi est du sexe opposé."
23,3,80,Impassible,Augmente la Vitesse du Pokémon quand il a peur.
23,3,81,Rideau Neige,Augmente l’Esquive du Pokémon durant les tempêtes\nde grêle.
23,3,82,Gloutonnerie,"Si le Pokémon tient une Baie à manger en cas de PV\nbas, il la mange dès qu’il a perdu la moitié de ses PV."
23,3,83,Colérique,"Si le Pokémon subit un coup critique, il entre\ndans une colère noire qui augmente son Attaque\nau maximum."
23,3,84,Délestage,Augmente la Vitesse du Pokémon s’il perd ou utilise\nl’objet qu’il tenait au début du combat.
23,3,85,Ignifugé,Diminue de moitié les dégâts infligés au Pokémon\npar les capacités de type Feu.
23,3,86,Simple,Les variations de stats sont deux fois plus importantes\npour le Pokémon.
23,3,87,Peau Sèche,"Le Pokémon perd des PV quand le soleil brille,\nmais il en regagne lorsqu’il pleut ou s’il est touché par\nune capacité Eau. Il subit aussi plus de dégâts de Feu."
23,3,88,Télécharge,"Le Pokémon compare la Défense et la Défense Spéciale\nde l’adversaire et, en fonction de la stat la plus basse,\nil augmente sa propre Attaque ou Attaque Spéciale."
23,3,89,Poing de Fer,Augmente la puissance des capacités coups de poing.
23,3,90,Soin Poison,"Quand le Pokémon est empoisonné, il regagne des PV\nau lieu d’en perdre."
23,3,91,Adaptabilité,"Quand le Pokémon utilise une capacité du même type\nque lui, le bonus de puissance qu’elle reçoit est encore\nplus important que normalement."
23,3,92,Multi-Coups,Les capacités pouvant frapper plusieurs fois frappent\ntoujours le nombre maximal de coups.
23,3,93,Hydratation,Soigne les altérations de statut du Pokémon\nquand il pleut.
23,3,94,Force Soleil,"Quand le soleil brille, l’Attaque Spéciale du Pokémon\naugmente mais il perd des PV à chaque tour."
23,3,95,Pied Véloce,Augmente la Vitesse du Pokémon en cas d’altération\nde statut.
23,3,96,Normalise,"Toutes les capacités du Pokémon deviennent\nde type Normal, quel que soit leur type original.\nLeur puissance augmente légèrement."
23,3,97,Sniper,"Lorsque le Pokémon porte un coup critique, les dégâts\ninfligés augmentent encore plus que d’habitude."
23,3,98,Garde Magik,Seules les attaques peuvent blesser le Pokémon.
23,3,99,Annule Garde,"Les capacités du Pokémon touchent l’ennemi à coup sûr,\nmais les capacités de l’ennemi le touchent aussi\nà coup sûr."
23,3,100,Frein,Le Pokémon utilise toujours sa capacité en dernier.
23,3,101,Technicien,Augmente la puissance des capacités les plus faibles.
23,3,102,Feuille Garde,Protège le Pokémon contre les altérations de statut\nquand le soleil brille.
23,3,103,Maladresse,Le Pokémon ne peut utiliser aucun objet tenu.
23,3,104,Brise Moule,Le Pokémon ignore les talents adverses qui auraient\nun effet sur ses capacités.
23,3,105,Chanceux,Le Pokémon est tellement chanceux qu’il inflige\nplus fréquemment des coups critiques.
23,3,106,Boom Final,"Si le Pokémon est mis K.O. par une attaque directe,\nil inflige des dégâts à l’attaquant avant de s’évanouir."
23,3,107,Anticipation,Le Pokémon devine si l’adversaire connaît une capacité\ndangereuse pour lui.
23,3,108,Prédiction,Révèle l’une des capacités de l’ennemi\nquand le combat commence.
23,3,109,Inconscient,"Quand il attaque, le Pokémon ignore les changements\nde stats de l’ennemi."
23,3,110,Lentiteintée,Permet à une capacité « pas très efficace » d’infliger\ndes dégâts comme si elle était efficace normalement.
23,3,111,Filtre,Réduit les dégâts subis lorsque le Pokémon est touché\npar une capacité super efficace.
23,3,112,Début Calme,Divise la Vitesse et l’Attaque du Pokémon par deux\npendant les cinq premiers tours du combat.
23,3,113,Querelleur,Permet aux capacités de type Normal ou Combat\ndu Pokémon de toucher les Pokémon de type Spectre.
23,3,114,Lavabo,"Le Pokémon détourne sur lui les capacités de type Eau\net les neutralise, tout en montant son Attaque Spéciale."
23,3,115,Corps Gel,Régénère les PV du Pokémon lors des tempêtes de grêle.
23,3,116,Solide Roc,Réduit les dégâts subis lorsque le Pokémon est touché\npar une capacité super efficace.
23,3,117,Alerte Neige,Déclenche une tempête de grêle quand le Pokémon\nentre au combat.
23,3,118,Cherche Miel,Le Pokémon peut parfois trouver du Miel après\nun combat.
23,3,119,Fouille,Permet de connaître l’objet tenu par l’ennemi\nquand le combat commence.
23,3,120,Téméraire,Augmente la puissance des capacités occasionnant\nun contrecoup.
23,3,121,Multi-Type,Modifie le type en fonction de la Plaque tenue.
23,3,122,Don Floral,Augmente l’Attaque et la Défense Spéciale du Pokémon\net de ses alliés lorsque le soleil brille.
23,3,123,Mauvais Rêve,Inflige des dégâts aux ennemis endormis.
23,3,124,Pickpocket,Vole l’objet que tient l’attaquant quand le Pokémon\nsubit une attaque directe.
23,3,125,Sans Limite,"Les capacités ayant un effet additionnel le perdent,\nmais leur puissance augmente."
23,3,126,Contestation,"Inverse les changements de stats :\nles augmentations de stats se transforment en baisses,\net vice-versa."
23,3,127,Tension,"Fait stresser l’ennemi, ce qui l’empêche de manger\ndes Baies."
23,3,128,Acharné,Augmente beaucoup l’Attaque du Pokémon\nquand ses stats baissent.
23,3,129,Défaitiste,"Le Pokémon devient défaitiste quand ses PV tombent\nà la moitié, et son Attaque et son Attaque Spéciale\nsont divisées par deux."
23,3,130,Corps Maudit,"Quand le Pokémon est touché par une capacité,\nil inflige parfois Entrave sur celle-ci."
23,3,131,Cœur Soin,Soigne parfois une altération de statut d’un allié proche.
23,3,132,Garde-Ami,Diminue les dégâts subis par les alliés.
23,3,133,Armurouillée,"Quand le Pokémon est touché par une capacité\nphysique, sa Défense baisse mais sa Vitesse\naugmente beaucoup."
23,3,134,Heavy Metal,Double le poids du Pokémon.
23,3,135,Light Metal,Divise par deux le poids du Pokémon.
23,3,136,Multiécaille,Le Pokémon reçoit moins de dégâts quand ses PV\nsont au maximum.
23,3,137,Rage Poison,Augmente la puissance des capacités physiques\nquand le Pokémon est empoisonné.
23,3,138,Rage Brûlure,Augmente la puissance des capacités spéciales\nquand le Pokémon est brûlé.
23,3,139,Récolte,Permet de réutiliser une même Baie plusieurs fois.
23,3,140,Télépathe,Le Pokémon anticipe et évite les attaques de ses alliés.
23,3,141,Lunatique,Augmente beaucoup une stat du Pokémon\net en baisse une autre au hasard à chaque tour.
23,3,142,Envelocape,"Protège des dégâts occasionnés par les tempêtes\nde sable ou la grêle, et neutralise les attaques à base\nde poudre."
23,3,143,Toxitouche,Peut empoisonner l’ennemi par simple contact.
23,3,144,Régé-Force,Restaure un peu de PV si le Pokémon est retiré\ndu combat.
23,3,145,Cœur de Coq,Empêche les capacités adverses de baisser la Défense.
23,3,146,Baigne Sable,Augmente la Vitesse lors des tempêtes de sable.
23,3,147,Peau Miracle,Le Pokémon résiste mieux aux capacités de statut.
23,3,148,Analyste,Augmente la puissance des capacités du Pokémon\ns’il attaque en dernier.
23,3,149,Illusion,Le Pokémon prend l’apparence du dernier membre\nde l’équipe pour tromper l’adversaire.
23,3,150,Imposteur,Le Pokémon prend l’apparence du Pokémon adverse.
23,3,151,Infiltration,Traverse les barrières et les clones de l’ennemi\npour attaquer directement.
23,3,152,Momie,Remplace le talent de l’attaquant par « Momie »\nlorsque le Pokémon subit une attaque directe.
23,3,153,Impudence,"Quand le Pokémon met un ennemi K.O.,\nsa confiance en lui ne connaît plus de limite\net son Attaque augmente."
23,3,154,Cœur Noble,"Réveille la noblesse du Pokémon lorsqu’il subit\nune capacité de type Ténèbres, ce qui augmente\nson Attaque."
23,3,155,Phobique,"Si le Pokémon est touché par une capacité de type\nTénèbres, Spectre ou Insecte, sa phobie se révèle\net sa Vitesse augmente."
23,3,156,Miroir Magik,Annule les effets des capacités de statut subies\npar le Pokémon et les retourne à l’envoyeur.
23,3,157,Herbivore,Annule les attaques de type Plante subies\npar le Pokémon et augmente son Attaque.
23,3,158,Farceur,Rend les capacités de statut prioritaires.
23,3,159,Force Sable,"Augmente la puissance des capacités de types Roche,\nSol et Acier en cas de tempête de sable."
23,3,160,Épine de Fer,Inflige des dégâts à l’attaquant lorsque le Pokémon\nsubit une attaque directe.
23,3,161,Mode Transe,"Quand le Pokémon perd la moitié de ses PV,\nil se transforme."
23,3,162,Victorieux,Augmente la Précision des Pokémon de l’équipe.
23,3,163,Turbo Brasier,Le Pokémon ignore les talents adverses qui auraient\nun effet sur ses capacités.
23,3,164,Téra-Voltage,Le Pokémon ignore les talents adverses qui auraient\nun effet sur ses capacités.
23,3,165,Aroma-Voile,Protège l’équipe des effets limitant le libre arbitre.
23,3,166,Flora-Voile,Empêche les alliés de type Plante de subir des baisses\nde stats et des altérations de statut.
23,3,167,Bajoues,"Restaure des PV lorsque le Pokémon consomme\nune Baie, quelle qu’elle soit."
23,3,168,Protéen,Le Pokémon prend le type de la capacité qu’il utilise.
23,3,169,Toison Épaisse,Divise par deux les dégâts des capacités physiques\nsubies par le Pokémon.
23,3,170,Magicien,Les capacités volent aussi l’objet tenu par la cible.
23,3,171,Pare-Balles,Protège de certaines capacités lançant des projectiles\ncomme des bombes et des balles.
23,3,172,Battant,Augmente beaucoup l’Attaque Spéciale du Pokémon\nquand ses stats baissent.
23,3,173,Prognathe,Le Pokémon a une mâchoire robuste qui augmente\nla puissance de ses capacités à base de morsures.
23,3,174,Peau Gelée,Les capacités de type Normal deviennent de type Glace.\nLeur puissance augmente légèrement.
23,3,175,Gluco-Voile,Les Pokémon de l’équipe ne peuvent pas s’endormir.
23,3,176,Déclic Tactique,"Le Pokémon prend la Forme Assaut lorsqu’il utilise\nune attaque, et la Forme Parade lorsqu’il utilise\nBouclier Royal."
23,3,177,Ailes Bourrasque,"Quand les PV du Pokémon sont au maximum,\nses capacités de type Vol sont prioritaires."
23,3,178,Méga Blaster,Augmente la puissance de certaines capacités\nde type aura.
23,3,179,Toison Herbue,Augmente la Défense du Pokémon si Champ Herbu\nest actif.
23,3,180,Symbiose,"Quand les alliés utilisent l’objet qu’ils tiennent,\nle Pokémon leur donne l’objet qu’il tient\nen remplacement."
23,3,181,Griffe Dure,Augmente la puissance des attaques directes\ndu Pokémon.
23,3,182,Peau Féérique,Les capacités de type Normal deviennent de type Fée.\nLeur puissance augmente légèrement.
23,3,183,Poisseux,Baisse la Vitesse de l’attaquant lorsque le Pokémon\nsubit une attaque directe.
23,3,184,Peau Céleste,Les capacités de type Normal deviennent de type Vol.\nLeur puissance augmente légèrement.
23,3,185,Amour Filial,Permet à la mère et à son petit d’attaquer tous les deux\nen même temps.
23,3,186,Aura Ténébreuse,Augmente la puissance des attaques de type Ténèbres\nde tous les Pokémon.
23,3,187,Aura Féérique,Augmente la puissance des attaques de type Fée\nde tous les Pokémon.
23,3,188,Aura Inversée,Inverse l’effet des auras en baissant leur puissance.
23,3,189,Mer Primaire,Altère les conditions météo et rend inefficaces\nles attaques de type Feu.
23,3,190,Terre Finale,Altère les conditions météo et rend inefficaces\nles attaques de type Eau.
23,3,191,Souffle Delta,Altère les conditions météo et annule les faiblesses\ndu type Vol.
23,3,192,Endurance,Augmente la Défense du Pokémon lorsqu’il subit\nune attaque.
23,3,193,Escampette,Le Pokémon perd confiance quand ses PV tombent\nà la moitié et s’enfuit dans sa Poké Ball.
23,3,194,Repli Tactique,"Le Pokémon évite les situations inutilement\ndangereuses. Quand ses PV tombent à la moitié,\nil se réfugie dans sa Poké Ball."
23,3,195,Sable Humide,Augmente beaucoup la Défense du Pokémon\nquand il subit une capacité de type Eau.
23,3,196,Cruauté,"Lorsque le Pokémon attaque un adversaire empoisonné,\nle coup est forcément critique."
23,3,197,Bouclier-Carcan,"Lorsque le Pokémon perd la moitié de ses PV,\nson enveloppe se brise, mais son Attaque\net son Attaque Spéciale augmentent."
23,3,198,Filature,"Lorsque le Pokémon attaque une cible qui vient d’entrer\nsur le terrain en remplacement d’un autre Pokémon,\nles dégâts infligés sont doublés."
23,3,199,Aquabulle,Réduit les dégâts des capacités de type Feu subis\npar le Pokémon. Il est également immunisé contre\nles brûlures.
23,3,200,Expert Acier,Augmente la puissance des attaques de type Acier.
23,3,201,Dracolère,Augmente l’Attaque Spéciale du Pokémon lorsqu’il\ntombe à la moitié de ses PV à cause d’une attaque.
23,3,202,Chasse-Neige,Augmente la Vitesse du Pokémon quand il grêle.
23,3,203,Longue Portée,Le Pokémon est capable d’utiliser toutes ses capacités\nsans entrer en contact direct avec sa cible.
23,3,204,Hydrata-Son,Toutes les attaques sonores du Pokémon prennent\nle type Eau.
23,3,205,Prioguérison,Toutes les capacités qui soignent le Pokémon\ndirectement deviennent prioritaires.
23,3,206,Peau Électrique,Les capacités de type Normal deviennent de type\nÉlectrik. Leur puissance augmente légèrement.
23,3,207,Surf Caudal,La Vitesse du Pokémon est doublée sur\nun Champ Électrifié.
23,3,208,Banc,"Le Pokémon se rassemble avec ses congénères\nquand ses PV sont élevés. Plus ses PV baissent,\nplus le banc s’amenuise."
23,3,209,Fantômasque,Le déguisement qui recouvre le corps du Pokémon\nest capable de le protéger d’une attaque.
23,3,210,Synergie,"En battant un ennemi, ce Pokémon renforce ses liens\navec son Dresseur. Il prend alors sa Forme Sacha\net ses Sheauriken gagnent en puissance."
23,3,211,Rassemblement,"Lorsque le Pokémon perd la moitié de ses PV,\nses Cellules se rassemblent pour l’encourager,\nce qui lui permet de prendre sa Forme Parfaite."
23,3,212,Corrosion,Permet d’empoisonner les Pokémon de type Acier\nou Poison.
23,3,213,Hypersommeil,Le Pokémon rêve en permanence et ne se réveille\njamais. Il est capable d’attaquer normalement\ntout en dormant.
23,3,214,Prestance Royale,L’adversaire est impressionné par la majesté du Pokémon\net ne peut pas le viser avec une attaque prioritaire.
23,3,215,Expuls’Organes,Le Pokémon inflige à l’adversaire l’ayant mis K.O.\ndes dégâts égaux au nombre de PV qu’il lui restait\navant le coup de grâce.
23,3,216,Danseuse,"Si n’importe quel Pokémon utilise une capacité dansante,\nce Pokémon peut se mettre aussi à danser."
23,3,217,Batterie,Augmente la puissance des capacités spéciales des alliés.
23,3,218,Boule de Poils,"Divise par deux les dégâts des attaques directes\nsubies par le Pokémon, mais double les dégâts\ndes capacités de type Feu."
23,3,219,Corps Coloré,L’adversaire est abasourdi par le Pokémon et\nne peut pas le viser avec une capacité prioritaire.
23,3,220,Animacœur,Augmente l’Attaque Spéciale du Pokémon\nlorsqu’un autre Pokémon est mis K.O.
23,3,221,Mèche Rebelle,Baisse la Vitesse de l’attaquant lorsque le Pokémon\nsubit une attaque directe.
23,3,222,Receveur,Le Pokémon reçoit le talent d’un allié mis K.O.
23,3,223,Osmose,Le Pokémon acquiert le talent d’un allié mis K.O.
23,3,224,Boost Chimère,Augmente la stat la plus élevée du Pokémon\ns’il met K.O. un autre Pokémon pendant son tour.
23,3,225,Système Alpha,Change le type du Pokémon en fonction\nde la ROM équipée.
23,3,226,Créa-Élec,Le Pokémon crée un Champ Électrifié au moment\noù il entre au combat.
23,3,227,Créa-Psy,Le Pokémon crée un Champ Psychique au moment\noù il entre au combat.
23,3,228,Créa-Brume,Le Pokémon crée un Champ Brumeux au moment\noù il entre au combat.
23,3,229,Créa-Herbe,Le Pokémon crée un Champ Herbu au moment\noù il entre au combat.
23,3,230,Métallo-Garde,Empêche les stats du Pokémon de baisser à cause\nd’une capacité ou d’un talent.
23,3,231,Spectro-Bouclier,Le Pokémon reçoit moins de dégâts quand ses PV\nsont au maximum.
23,3,232,Prisme-Armure,Réduit les dégâts subis lorsque le Pokémon\nest touché par une capacité super efficace.
23,3,233,Cérébro-Force,Augmente encore plus les dégâts infligés\npar les attaques super efficaces.
23,3,234,Lame Indomptable,Augmente l’Attaque du Pokémon quand il entre\nau combat.
23,3,235,Égide Inflexible,Augmente la Défense du Pokémon quand il entre\nau combat.
23,3,236,Libéro,Le Pokémon prend le type de la capacité qu’il utilise.
23,3,237,Ramasse Ball,"Si le Pokémon ne tient aucun objet, il ramassera\nla Poké Ball lors du premier lancer raté du combat."
23,3,238,Effilochage,"Quand le Pokémon est touché par une attaque,\nil dissémine des aigrettes qui diminuent la Vitesse\nde tout le monde, sauf la sienne."
23,3,239,Propulseur,Permet d’ignorer l’effet des capacités\nou des talents qui attirent les capacités.
23,3,240,Armure Miroir,Le Pokémon renvoie les effets réducteurs de stats\nqu’il reçoit.
23,3,241,Dégobage,"Quand le Pokémon utilise Surf ou Plongée, il revient\navec une proie. Lorsqu’il subit des dégâts par la suite,\nil attaque en recrachant sa proie."
23,3,242,Nerfs d’Acier,Permet d’ignorer l’effet des capacités ou des talents\nqui attirent les capacités.
23,3,243,Turbine,"Lorsque le Pokémon est touché par des capacités\nde type Eau ou Feu, sa Vitesse augmente énormément."
23,3,244,Punk Rock,Augmente la puissance des capacités basées sur le son.\nLe Pokémon ne subit que la moitié des dégâts\nquand il est touché par ce genre de capacités.
23,3,245,Expul’Sable,Le Pokémon déclenche une tempête de sable\nquand il subit une attaque.
23,3,246,Écailles Glacées,Le Pokémon est protégé par des écailles de glace.\nLes dégâts qu’il subit par des capacités spéciales\nsont divisés par deux.
23,3,247,Mûrissement,Le Pokémon fait mûrir la Baie qu’il tient\net double ainsi son effet.
23,3,248,Tête de Gel,"Le glaçon sur sa tête encaisse les attaques physiques\nà la place du Pokémon, mais sa destruction modifie\nson apparence. Le glaçon se reforme quand il grêle."
23,3,249,Cercle d’Énergie,Augmente la puissance des capacités des Pokémon\nqui se trouvent à proximité.
23,3,250,Mimétisme,Le Pokémon adopte le même type que le terrain\nlorsqu’un champ est actif.
23,3,251,Brise-Barrière,"Quand le Pokémon entre au combat, les effets\nde Mur Lumière, Protection et Voile Aurore\ndisparaissent pour les alliés comme pour les ennemis."
23,3,252,Boost Acier,Augmente la puissance d’Attaque des capacités\nde type Acier des Pokémon alliés.
23,3,253,Corps Condamné,"Lorsque le Pokémon est directement touché par\nune attaque, l’assaillant et lui tomberont K.O. dans trois\ntours, à moins qu’ils ne soient remplacés entre temps."
23,3,254,Âme Vagabonde,"Lorsque le Pokémon est directement touché\npar une attaque, il échange son talent avec celui\nde l’assaillant."
23,3,255,Entêtement,"Augmente l’Attaque, mais empêche d’utiliser\ntoute autre capacité que celle utilisée en premier\npar le Pokémon."
23,3,256,Gaz Inhibiteur,"Si un Pokémon avec Gaz Inhibiteur est sur le terrain,\nles effets des talents de tous les autres Pokémon\nsont annulés."
23,3,257,Voile Pastel,Protège le Pokémon et ses alliés contre toutes\nles altérations de statut liées à l’empoisonnement.
23,3,258,Déclic Fringale,"À la fin de chaque tour, le Pokémon alterne\nentre ses formes Mode Rassasié et Mode Affamé."
23,3,259,Tir Vif,Permet parfois au Pokémon d’agir en premier.
23,3,260,Poing Invisible,"Si le Pokémon utilise une attaque directe, celle-ci\npourra passer outre les protections de la cible."
23,3,261,Breuvage Suspect,"Quand il entre au combat, le Pokémon répand\nune substance qui annule les changements de stats\nde ses alliés."
23,3,262,Transistor,Augmente la puissance des attaques de type Électrik.
23,3,263,Dent de Dragon,Augmente la puissance des attaques de type Dragon.
23,3,264,Blanche Ruade,"Quand le Pokémon met un ennemi K.O., il émet\nun hennissement glaçant, ce qui augmente son Attaque."
23,3,265,Sombre Ruade,"Quand le Pokémon met un ennemi K.O., il émet\nun hennissement terrifiant qui augmente\nson Attaque Spéciale."
23,3,266,Osmose Équine,Les talents Tension de Sylveroy et Blanche Ruade\nde Blizzeval sont cumulés.
23,3,267,Osmose Équine,Les talents Tension de Sylveroy et Sombre Ruade\nde Spectreval sont cumulés.
23,4,1,Duftnote,Lässt das Ziel beim Angriff eventuell durch Gestank\nzurückschrecken.
23,4,2,Niesel,Ruft bei Kampfantritt Regen herbei.
23,4,3,Temposchub,Erhöht in jeder Runde die Initiative.
23,4,4,Kampfpanzer,Wehrt gegnerische Volltreffer mit einem harten\nPanzer ab.
23,4,5,Robustheit,Bietet Schutz gegen K.O.-Attacken. Bei vollen KP\nübersteht das Pokémon auch K.O.-Treffer.
23,4,6,Feuchtigkeit,"Befeuchtet die Umgebung und verhindert so den Einsatz\nvon Attacken wie Finale, die Explosionen auslösen."
23,4,7,Flexibilität,Der flexible Körper des Pokémon schützt es vor\nParalyse.
23,4,8,Sandschleier,Erhöht in Sandstürmen den Ausweichwert.
23,4,9,Statik,Kann bei Berührung durch statisch aufgeladenen Körper\nparalysieren.
23,4,10,Voltabsorber,"Treffer durch Elektro-Attacken verursachen keinen\nSchaden, sondern regenerieren stattdessen KP."
23,4,11,H2O-Absorber,"Treffer durch Wasser-Attacken verursachen keinen\nSchaden, sondern regenerieren stattdessen KP."
23,4,12,Dösigkeit,"Das Pokémon ist so apathisch, dass es nicht betört oder\nprovoziert werden kann."
23,4,13,Wolke Sieben,Hebt alle Wetter-Effekte auf.
23,4,14,Facettenauge,Erhöht die Genauigkeit von Attacken.
23,4,15,Insomnia,Verhindert Einschlafen.
23,4,16,Farbwechsel,Ändert seinen Typ zu dem der Attacke des Angreifers.
23,4,17,Immunität,Das starke Immunsystem des Pokémon verhindert\nVergiftungen.
23,4,18,Feuerfänger,"Verstärkt Feuer-Attacken, wenn es von Feuer-Attacken\ngetroffen wird."
23,4,19,Puderabwehr,Blockiert durch Puder die Zusatzeffekte gegnerischer\nAngriffe.
23,4,20,Tempomacher,Das Pokémon lässt sich nicht aus der Ruhe bringen und\nverhindert so Verwirrung.
23,4,21,Saugnapf,"Blockt Attacken und Items, die Pokémon austauschen,\nindem es sich mit einem Saugnapf am Boden verankert."
23,4,22,Bedroher,"Senkt den Angriff der Gegner, indem es sie gleich zu\nKampfantritt bedroht und einschüchtert."
23,4,23,Wegsperre,"Hindert Gegner an der Flucht beziehungsweise am\nAuswechseln, indem es ihnen den Weg versperrt."
23,4,24,Rauhaut,Angreifer werden durch die raue Haut des Pokémon\nbei direkten Attacken verletzt.
23,4,25,Wunderwache,"Wundersame Kräfte bewirken, dass nur sehr effektive\nTreffer bei ihm Schaden anrichten."
23,4,26,Schwebe,Verleiht volle Immunität gegen alle Boden-Attacken\ndurch Schwebezustand.
23,4,27,Sporenwirt,"Wird dieses Pokémon durch eine direkte Attacke\nangegriffen, kann das beim Gegner Paralyse,\nVergiftung oder Schlaf auslösen."
23,4,28,Synchro,"Erleidet das Pokémon Verbrennungen, Vergiftungen\noder Paralyse, ereilt das jeweilige Statusproblem\nauch den Verursacher."
23,4,29,Neutraltorso,Verhindert das Senken der Statuswerte durch Attacken\nund Fähigkeiten von Angreifern.
23,4,30,Innere Kraft,"Wird das Pokémon ausgewechselt, werden seine\nStatusprobleme geheilt."
23,4,31,Blitzfänger,"Zieht Elektro-Attacken an. Statt durch diese Schaden\nzu nehmen, erhöht es den eigenen Spezial-Angriff."
23,4,32,Edelmut,"Erhöht die Wahrscheinlichkeit, dass Zusatzeffekte von\nAttacken auftreten."
23,4,33,Wassertempo,Erhöht bei Regen die Initiative.
23,4,34,Chlorophyll,Erhöht bei Sonnenschein die Initiative.
23,4,35,Erleuchtung,"Erhellt die Umgebung und erhöht dadurch die\nWahrscheinlichkeit, wilden Pokémon zu begegnen."
23,4,36,Erfassen,Kopiert bei Kampfantritt die Fähigkeit eines Gegners.
23,4,37,Kraftkoloss,Verdoppelt die Stärke von physischen Attacken.
23,4,38,Giftdorn,Vergiftet den Angreifer bei Berührung eventuell.
23,4,39,Konzentrator,Verhindert durch erhöhte Konzentrationsfähigkeit\nZurückschrecken.
23,4,40,Magmapanzer,Dank eines Panzers aus Magma kann dieses Pokémon\nnicht eingefroren werden.
23,4,41,Aquahülle,Verhindert durch eine Hülle aus Wasser Verbrennungen.
23,4,42,Magnetfalle,Hindert Stahl-Pokémon durch Magnetismus an der\nFlucht.
23,4,43,Lärmschutz,Bietet durch Schalldämmung volle Immunität gegen\nalle Lärm-Attacken.
23,4,44,Regengenuss,Regeneriert bei Regen nach und nach KP.
23,4,45,Sandsturm,Erzeugt bei Kampfantritt Sandstürme.
23,4,46,Erzwinger,"Zwingt Gegner dazu, beim Einsatz von Attacken\nmehr AP zu verbrauchen."
23,4,47,Speckschicht,"Das Pokémon wird von einer dicken Fettschicht\ngeschützt, was den durch Feuer- und Eis-Attacken\nerlittenen Schaden halbiert."
23,4,48,Frühwecker,"Wenn es eingeschlafen ist, kann es doppelt so schnell\nwieder aufwachen wie andere Pokémon."
23,4,49,Flammkörper,Fügt dem Angreifer bei Berührung eventuell\nVerbrennungen zu.
23,4,50,Angsthase,Die Flucht vor wilden Pokémon gelingt immer.
23,4,51,Adlerauge,"Sein scharfer Blick hindert Angreifer daran,\nseine Genauigkeit zu senken."
23,4,52,Scherenmacht,"Hindert Angreifer durch mächtige Scheren daran,\nden Angriffs-Wert zu senken."
23,4,53,Mitnahme,"Hebt gelegentlich von Gegnern benutzte Items auf.\nDies geschieht nicht nur während Kämpfen, sondern\nauch unterwegs."
23,4,54,Schnarchnase,Das Pokémon muss nach Einsatz einer Attacke\neine Runde lang aussetzen.
23,4,55,Übereifer,"Erhöht den Angriffs-Wert, aber senkt die Genauigkeit."
23,4,56,Charmebolzen,"Wird dieses Pokémon durch eine direkte Attacke\nangegriffen, verliebt sich der Gegner eventuell in es."
23,4,57,Plus,"Erhöht den Spezial-Angriff, wenn das Pokémon einen\nMitstreiter mit der Fähigkeit Plus oder Minus hat."
23,4,58,Minus,"Erhöht den Spezial-Angriff, wenn das Pokémon einen\nMitstreiter mit der Fähigkeit Plus oder Minus hat."
23,4,59,Prognose,"Nimmt je nach Wetter entweder den Typ Wasser, Feuer\noder Eis an."
23,4,60,Klebekörper,"Trägt es ein Item, bleibt dieses an seinem klebrigen\nKörper haften, wodurch Item-Diebstahl verhindert wird."
23,4,61,Expidermis,"Das Pokémon befreit sich eventuell von\nStatusproblemen, indem es seine Haut abstreift."
23,4,62,Adrenalin,Bei Statusproblemen setzt es Adrenalin frei und\nerhöht so seinen Angriffs-Wert.
23,4,63,Notschutz,Bei Statusproblemen schützt es sich mit mysteriösen\nSchuppen und erhöht so seine Verteidigung.
23,4,64,Kloakensoße,"Angreifer, die durch Saug-Attacken Kloakensoße in\nsich aufgenommen haben, nehmen durch deren\nwiderwärtigen Gestank Schaden."
23,4,65,Notdünger,"Erhöht die Stärke von Pflanzen-Attacken, wenn die KP\nauf einen gewissen Wert fallen."
23,4,66,Großbrand,"Erhöht die Stärke von Feuer-Attacken, wenn die KP auf\neinen gewissen Wert fallen."
23,4,67,Sturzbach,"Erhöht die Stärke von Wasser-Attacken, wenn die KP auf\neinen gewissen Wert fallen."
23,4,68,Hexaplaga,"Erhöht die Stärke von Käfer-Attacken, wenn die KP auf\neinen gewissen Wert fallen."
23,4,69,Steinhaupt,"Verhindert Schaden, der durch Rückstoß entstehen\nwürde."
23,4,70,Dürre,Erzeugt bei Kampfantritt gleißendes Sonnenlicht.
23,4,71,Ausweglos,Hindert Gegner im Kampf an der Flucht.
23,4,72,Munterkeit,"Das Pokémon ist so munter, dass es nicht\neinschlafen kann."
23,4,73,Pulverrauch,"Indem es sich mit pulvrigem Rauch umhüllt, hindert es\nAngreifer daran, seine Statuswerte zu senken."
23,4,74,Mentalkraft,Verdoppelt mit reiner Willenskraft die Stärke seiner\nphysischen Attacken.
23,4,75,Panzerhaut,Wehrt gegnerische Volltreffer mit einem harten\nPanzer ab.
23,4,76,Klimaschutz,Hebt alle Wetter-Effekte auf.
23,4,77,Fußangel,"Erhöht den Ausweichwert, wenn das Pokémon\nverwirrt ist."
23,4,78,Starthilfe,"Treffer durch Elektro-Attacken verursachen keinen\nSchaden, sondern geben dem Pokémon eine\nStarthilfe und erhöhen so seine Initiative."
23,4,79,Rivalität,"Greift es einen Rivalen desselben Geschlechts an,\nwird es stärker. Greift es ein Ziel des anderen\nGeschlechts an, wird es schwächer."
23,4,80,Felsenfest,"Sein eiserner Wille erhöht die Initiative, wann immer\ndas Pokémon zurückschreckt."
23,4,81,Schneemantel,Erhöht bei Hagel den Ausweichwert.
23,4,82,Völlerei,"Setzt bestimmte Beeren nicht erst in einer Notlage ein,\nsondern bereits dann, wenn seine KP auf die Hälfte des\nMaximalwerts fallen."
23,4,83,Kurzschluss,Wird nach Einstecken eines Volltreffers wütend und\nmaximiert dabei seinen Angriffs-Wert.
23,4,84,Entlastung,"Wenn das von ihm getragene Item verwendet wird\noder verloren geht, erhöht dies seine Initiative."
23,4,85,Hitzeschutz,Sein Hitze abweisender Körper halbiert den durch\nFeuer-Attacken erlittenen Schaden.
23,4,86,Wankelmut,Verdoppelt die Wirkung eigener Statusveränderungen.
23,4,87,Trockenheit,Bei Sonnenschein verliert das Pokémon KP und der\nSchaden durch Feuer-Attacken steigt. Bei Regen und\nTreffern durch Wasser-Attacken regeneriert es KP.
23,4,88,Download,"Ist die Spezial-Verteidigung des Gegners niedriger als\nseine Verteidigung, wird der eigene Spezial-Angriff\nerhöht. Ist die Verteidigung niedriger, steigt der Angriff."
23,4,89,Eisenfaust,"Erhöht die Stärke von Hieb-, Punch-, Faust- und\nSchlag-Attacken."
23,4,90,Aufheber,"Das Pokémon erleidet keinen Schaden durch Vergiftung,\nsondern regeneriert KP."
23,4,91,Anpassung,"Erhöht die Stärke von Attacken, die dem Typ des\nPokémon entsprechen."
23,4,92,Wertelink,Landet mit Serien-Attacken immer die maximale Anzahl\nan Treffern.
23,4,93,Hydration,Heilt bei Regen Statusprobleme.
23,4,94,Solarkraft,"Führt bei Sonnenschein in jeder Runde zu KP-Verlusten,\nerhöht aber den Spezial-Angriff."
23,4,95,Rasanz,Erhöht bei Statusproblemen die Initiative.
23,4,96,Regulierung,Alle Attacken des Pokémon nehmen den Typ Normal\nan und ihre Stärke erhöht sich ein wenig.
23,4,97,Superschütze,Erhöht bei Volltreffern die Stärke der Attacke noch\nweiter.
23,4,98,Magieschild,Das Pokémon nimmt nur durch Offensiv-Attacken\nSchaden.
23,4,99,Schildlos,Alle Attacken des oder auf das Pokémon gelingen\naufgrund seiner deckungslosen Kampftaktik.
23,4,100,Zeitspiel,Handelt auch mit Initiative-Vorteil stets als Letztes.
23,4,101,Techniker,Erhöht die Stärke von schwächeren Attacken.
23,4,102,Floraschild,Verhindert bei Sonnenschein Statusprobleme.
23,4,103,Tollpatsch,Das Pokémon kann keine getragenen Items verwenden.
23,4,104,Überbrückung,Attacken können ungeachtet der Fähigkeiten des\nZieles verwendet werden.
23,4,105,Glückspilz,"Großes Glück erhöht die Wahrscheinlichkeit,\neinen Volltreffer zu landen."
23,4,106,Finalschlag,"Wird das Pokémon durch eine direkte Attacke besiegt,\nfügt es dem Angreifer Schaden zu."
23,4,107,Vorahnung,Kann gefährliche gegnerische Attacken erahnen.
23,4,108,Vorwarnung,Gibt bei Kampfantritt Auskunft über eine Attacke aus\ndem gegnerischen Repertoire.
23,4,109,Unkenntnis,"Greift das Pokémon an, ignoriert es sämtliche\nStatusveränderungen des Zieles."
23,4,110,Aufwertung,"Bewirkt, dass nicht sehr effektive Attacken dem Ziel\ntrotz des Typennachteils normalen Schaden zufügen."
23,4,111,Filter,"Reduziert die Stärke von sehr effektiven Attacken und\nverringert damit den Schaden, den das Pokémon durch\nsie erleidet."
23,4,112,Saumselig,Halbiert fünf Runden lang den Angriffs-Wert und die\nInitiative des Pokémon.
23,4,113,Rauflust,"Bewirkt, dass Normal- und Kampf-Attacken auch\nPokémon vom Typ Geist treffen können."
23,4,114,Sturmsog,"Zieht Wasser-Attacken an. Statt durch diese Schaden\nzu nehmen, erhöht es den eigenen Spezial-Angriff."
23,4,115,Eishaut,Regeneriert bei Hagel nach und nach KP.
23,4,116,Felskern,"Reduziert die Stärke von sehr effektiven Attacken und\nverringert damit den Schaden, den das Pokémon durch\nsie erleidet."
23,4,117,Hagelalarm,Löst bei Kampfantritt Hagel aus.
23,4,118,Honigmaul,Das Pokémon sammelt nach Kämpfen eventuell\nHonig auf.
23,4,119,Schnüffler,Kann bei Kampfantritt Auskunft über das vom Gegner\ngetragene Item geben.
23,4,120,Achtlos,Erhöht die Stärke von Attacken mit Rückstoßschaden.
23,4,121,Variabilität,Passt seinen Typ der getragenen Tafel an.
23,4,122,Pflanzengabe,Erhöht bei Sonnenschein den Angriff und die\nSpezial-Verteidigung aller Team-Pokémon.
23,4,123,Alptraum,Fügt schlafenden Gegnern Schaden zu.
23,4,124,Langfinger,Stiehlt das Item des Angreifers bei Berührung.
23,4,125,Rohe Gewalt,"Erhöht die Stärke von Attacken, aber hebt dafür ihre\nZusatzeffekte auf."
23,4,126,Umkehrung,"Statusveränderungen werden umgekehrt: Statuswerte,\ndie eigentlich erhöht werden sollten, sinken und\numgekehrt."
23,4,127,Anspannung,"Erzeugt bei Gegnern Stress und hindert sie so daran,\nBeeren zu konsumieren."
23,4,128,Siegeswille,"Erhöht den Angriff stark, wenn ein Statuswert\ngesenkt wurde."
23,4,129,Schwächling,"Fallen seine KP auf die Hälfte des Maximalwerts oder\nweniger, bekommt es Angst. Dadurch wird die Stärke\nseines Angriffs und Spezial-Angriffs halbiert."
23,4,130,Tastfluch,"Blockiert eventuell die Attacke, mit welcher der\nAngreifer es getroffen hat."
23,4,131,Heilherz,Befreit Mitstreiter gelegentlich von Statusproblemen.
23,4,132,Freundeshut,"Kann den Schaden, den Mitstreiter erleiden, verringern."
23,4,133,Bruchrüstung,"Senkt bei erlittenem Treffer durch eine physische\nAttacke die Verteidigung des Pokémon, aber erhöht\ndafür seine Initiative stark."
23,4,134,Schwermetall,Verdoppelt das eigene Gewicht.
23,4,135,Leichtmetall,Halbiert das eigene Gewicht.
23,4,136,Multischuppe,Verringert den erlittenen Schaden bei vollen KP.
23,4,137,Giftwahn,Erhöht bei Vergiftungen die Stärke von physischen\nAttacken.
23,4,138,Hitzewahn,Erhöht bei Verbrennungen die Stärke von\nSpezial-Attacken.
23,4,139,Reiche Ernte,Dieselbe Beere kann mehrmals verwendet werden.
23,4,140,Telepathie,Erkennt und pariert Attacken von Mitstreitern.
23,4,141,Gefühlswippe,Erhöht in jeder Runde aufs Neue einen Statuswert stark\nund senkt einen anderen.
23,4,142,Partikelschutz,Nimmt weder durch Wetterlagen wie Sandsturm oder\nHagel noch durch Pulver oder Puder Schaden.
23,4,143,Giftgriff,Kann das Ziel durch bloßes Berühren vergiften.
23,4,144,Belebekraft,"Wird das Pokémon ausgewechselt, regeneriert es eine\nkleine Menge an KP."
23,4,145,Brustbieter,"Hindert Angreifer daran, die Verteidigung des Pokémon\nzu senken."
23,4,146,Sandscharrer,Erhöht in Sandstürmen die Initiative.
23,4,147,Wunderhaut,Wehrt mit robustem Körper viele Status-Attacken ab.
23,4,148,Analyse,"Greift das Pokémon zuletzt an, erhöht sich die Stärke\nder Attacke, die es einsetzt."
23,4,149,Trugbild,"Führt den Gegner hinters Licht, indem es bei\nKampfantritt die Gestalt des Pokémon an der\nletzten Stelle im Team annimmt."
23,4,150,Doppelgänger,Kämpft als Kopie seines Gegenübers.
23,4,151,Schwebedurch,Überwindet gegnerische Schilde sowie Delegatoren\nund greift an.
23,4,152,Mumie,Überträgt bei Berührung die Fähigkeit Mumie auf den\nAngreifer.
23,4,153,Hochmut,"Besiegt es ein Pokémon, steigt sein Selbstvertrauen\nund somit auch sein Angriff."
23,4,154,Redlichkeit,"Wird es von einer Unlicht-Attacke getroffen, meldet\nsich sein Sinn für Gerechtigkeit zu Wort und sein\nAngriff steigt."
23,4,155,Hasenfuß,"Wird es von einer Unlicht-, Geister- oder Käfer-Attacke\ngetroffen, bekommt es Angst und seine Initiative steigt."
23,4,156,Magiespiegel,"Lenkt Status-Attacken auf den Angreifer um,\nohne selbst von ihnen getroffen zu werden."
23,4,157,Vegetarier,"Wird es von einer Pflanzen-Attacke getroffen, erleidet\nes keinerlei Schaden und sein Angriff steigt."
23,4,158,Strolch,Ermöglicht einen Erstschlag mit Status-Attacken.
23,4,159,Sandgewalt,"Erhöht in Sandstürmen die Stärke von Gesteins-,\nBoden- und Stahl-Attacken."
23,4,160,Eisenstachel,Fügt dem Angreifer bei Berührung mit eisernen Stacheln\nSchaden zu.
23,4,161,Trance-Modus,"Fallen seine KP auf die Hälfte des Maximalwerts oder\nweniger, wechselt es seine Gestalt."
23,4,162,Triumphstern,Erhöht die Genauigkeit aller Team-Pokémon.
23,4,163,Turbobrand,Attacken können ungeachtet der Fähigkeit des Zieles\neingesetzt werden.
23,4,164,Teravolt,Attacken können ungeachtet der Fähigkeit des Zieles\neingesetzt werden.
23,4,165,Dufthülle,Kann alle Team-Pokémon vor mentalen Angriffen\nschützen.
23,4,166,Blütenhülle,Schützt Mitstreiter vom Typ Pflanze vor dem Senken\nihrer Statuswerte sowie vor Statusproblemen.
23,4,167,Backentaschen,Regeneriert beim Konsum von Beeren ungeachtet\nder Beerensorte KP.
23,4,168,Wandlungskunst,Das Pokémon nimmt bei Einsatz einer Attacke deren\nTyp an.
23,4,169,Fellkleid,"Halbiert den Schaden, den das Pokémon durch\nphysische Attacken erleidet."
23,4,170,Zauberer,"Trifft das Pokémon ein Ziel mit einer Attacke, kann es\nihm dabei sein Item stehlen."
23,4,171,Kugelsicher,"Kann das Pokémon vor geworfenen kugelförmigen\nObjekten, wie zum Beispiel Bomben, schützen."
23,4,172,Unbeugsamkeit,"Erhöht den Spezial-Angriff stark, wenn ein Statuswert\ngesenkt wurde."
23,4,173,Titankiefer,Der kräftige Kiefer des Pokémon erhöht die Stärke\nvon Biss-Attacken.
23,4,174,Frostschicht,Attacken vom Typ Normal nehmen den Typ Eis an und\nihre Stärke erhöht sich ein wenig.
23,4,175,Zuckerhülle,Alle Team-Pokémon können nicht einschlafen.
23,4,176,Taktikwechsel,"Setzt das Pokémon eine Offensiv-Attacke ein, nimmt\nes die Klingenform an. Setzt es danach die Attacke\nKönigsschild ein, nimmt es die Schildform an."
23,4,177,Orkanschwingen,Kann bei vollen KP einen Erstschlag mit Flug-Attacken\nermöglichen.
23,4,178,Megawumme,"Erhöht die Stärke einiger Wellen-, Aura- und\nPuls-Attacken."
23,4,179,Pflanzenpelz,"Erhöht die Verteidigung, wenn Grasfeld aktiv ist."
23,4,180,Nutznießer,"Gibt Mitstreitern, die ihr Item aufgebraucht haben,\nsein eigenes Item."
23,4,181,Krallenwucht,Erhöht die Stärke von direkten Attacken.
23,4,182,Feenschicht,Attacken vom Typ Normal nehmen den Typ Fee an und\nihre Stärke erhöht sich ein wenig.
23,4,183,Viskosität,Senkt bei Berührung im Zuge eines Angriffs die\nInitiative des Angreifers.
23,4,184,Zenithaut,Attacken vom Typ Normal nehmen den Typ Flug an und\nihre Stärke erhöht sich ein wenig.
23,4,185,Familienbande,Zwei Generationen setzen jeweils ein Mal zum\nAngriff an.
23,4,186,Dunkelaura,Erhöht die Stärke aller Attacken des Typs Unlicht.
23,4,187,Feenaura,Erhöht die Stärke aller Attacken des Typs Fee.
23,4,188,Aura-Umkehr,"Kehrt die Wirkung von Auren um und senkt so die\nStärke bestimmter Attacken, anstatt sie zu erhöhen."
23,4,189,Urmeer,"Ändert das Wetter, um Feuer-Attacken wirkungslos\nzu machen."
23,4,190,Endland,"Ändert das Wetter, um Wasser-Attacken wirkungslos\nzu machen."
23,4,191,Delta-Wind,"Ändert das Wetter, um die Schwächen des Typs Flug\nzu beseitigen."
23,4,192,Zähigkeit,"Wird es von einer Attacke getroffen, steigt seine\nVerteidigung."
23,4,193,Reißaus,"Fallen seine KP auf die Hälfte des Maximalwerts oder\nweniger, zieht es sich ängstlich zurück."
23,4,194,Rückzug,"Fallen seine KP auf die Hälfte des Maximalwerts oder\nweniger, bringt es sich in Sicherheit."
23,4,195,Verklumpen,"Wird es von einer Wasser-Attacke getroffen, steigt\nseine Verteidigung stark."
23,4,196,Quälerei,Sorgt bei Angriffen auf vergiftete Ziele für\nVolltreffergarantie.
23,4,197,Limitschild,"Fallen seine KP auf die Hälfte des Maximalwerts oder\nweniger, zerbricht die Panzerung des Pokémon und es\nwird aggressiver."
23,4,198,Beschattung,Bewirkt bei Angriffen auf neu eingewechselte Ziele\ndoppelten Schaden.
23,4,199,Wasserblase,Feuer-Attacken fügen dem Pokémon weniger\nSchaden zu. Verhindert Verbrennungen.
23,4,200,Stahlprofi,Erhöht die Stärke von Stahl-Attacken.
23,4,201,Wutausbruch,"Fallen seine KP nach einem Angriff auf die Hälfte des\nMaximalwerts oder weniger, steigt sein Spezial-Angriff."
23,4,202,Schneescharrer,Erhöht bei Hagel die Initiative.
23,4,203,Langstrecke,"Ermöglicht dem Pokémon den Einsatz aller seiner\nAttacken, ohne das Ziel dabei direkt zu berühren."
23,4,204,Plätscherstimme,"Bewirkt, dass alle Lärm-Attacken des Pokémon den\nTyp Wasser annehmen."
23,4,205,Heilwandel,"Ermöglicht einen Erstschlag mit Attacken, welche die\nKP des Anwenders direkt regenerieren."
23,4,206,Elektrohaut,Attacken vom Typ Normal nehmen den Typ Elektro an\nund ihre Stärke erhöht sich ein wenig.
23,4,207,Surf-Schweif,"Verdoppelt die Initiative, wenn zuvor ein Elektrofeld\nerzeugt wurde."
23,4,208,Fischschwarm,"Verfügt es über einen hohen KP-Wert, wird es zu einem\nSchwarm und gewinnt an Stärke. Ist der KP-Wert niedrig,\nlöst sich der Schwarm wieder auf."
23,4,209,Kostümspuk,Kann ein Mal pro Kampf mit seinem gruseligen Kostüm\neinen Angriff abwehren.
23,4,210,Freundschaftsakt,"Besiegt es ein Ziel, vertieft dies die Freundschaft zu\nseinem Trainer, wodurch es die Ash-Form annimmt\nund sein Wasser-Shuriken stärker wird."
23,4,211,Scharwandel,"Fallen seine KP auf die Hälfte des Maximalwerts oder\nweniger, eilen ihm weitere Zellen zu Hilfe und es\nnimmt die Optimumform an."
23,4,212,Korrosion,Kann selbst Pokémon vom Typ Stahl oder Gift vergiften.
23,4,213,Dauerschlaf,Das Pokémon befindet sich ununterbrochen im\nHalbschlaf und wacht nie vollständig auf. Es kann\njedoch im Schlaf angreifen.
23,4,214,Majestät,"Schüchtert Gegner ein und hindert sie so daran,\nErstschlag-Attacken gegen es einzusetzen."
23,4,215,Magenkrempler,"Wird es durch eine Attacke besiegt, fügt es dem\nAngreifer Schaden in Höhe des KP-Werts zu,\nden es besaß, bevor es kampfunfähig wurde."
23,4,216,Tänzer,Kann direkt im Anschluss an die Tanz-Attacke eines\nanderen Pokémon ebenfalls eine solche einsetzen.
23,4,217,Batterie,Erhöht die Stärke der Spezial-Attacken seiner\nMitstreiter.
23,4,218,Flauschigkeit,"Halbiert den Schaden, den es durch direkte Attacken\nnimmt, aber verdoppelt dafür den durch Feuer-Attacken\nerlittenen Schaden."
23,4,219,Buntkörper,"Überrascht Gegner und hindert sie so daran,\nErstschlag-Attacken gegen es einzusetzen."
23,4,220,Seelenherz,"Erhöht jedes Mal, wenn ein Pokémon besiegt wird,\nden eigenen Spezial-Angriff."
23,4,221,Lockenkopf,Senkt bei Berührung im Zuge eines Angriffs die\nInitiative des Angreifers.
23,4,222,Receiver,"Wird einer seiner Mitstreiter besiegt, erhält es\ndessen Fähigkeit."
23,4,223,Chemiekraft,Wechselt seine Fähigkeit zu der eines kampfunfähig\ngewordenen Mitstreiters.
23,4,224,Bestien-Boost,"Erhöht in jeder Runde, in der es ein anderes Pokémon\nbesiegt, seinen höchsten Statuswert."
23,4,225,Alpha-System,Das Pokémon passt seinen Typ der getragenen Disc an.
23,4,226,Elektro-Erzeuger,Erzeugt bei Kampfantritt ein Elektrofeld.
23,4,227,Psycho-Erzeuger,Erzeugt bei Kampfantritt ein Psychofeld.
23,4,228,Nebel-Erzeuger,Erzeugt bei Kampfantritt ein Nebelfeld.
23,4,229,Gras-Erzeuger,Erzeugt bei Kampfantritt ein Grasfeld.
23,4,230,Metallprotektor,Verhindert das Senken der Statuswerte durch Attacken\nund Fähigkeiten von Angreifern.
23,4,231,Phantomschutz,Verringert den erlittenen Schaden bei vollen KP.
23,4,232,Prismarüstung,"Reduziert die Stärke von sehr effektiven Attacken und\nverringert damit den Schaden, den das Pokémon durch\nsie erleidet."
23,4,233,Zerebralmacht,Erhöht die Stärke von sehr effektiven Attacken.
23,4,234,Kühnes Schwert,Erhöht bei Kampfantritt den Angriff.
23,4,235,Wackerer Schild,Erhöht bei Kampfantritt die Verteidigung.
23,4,236,Libero,Das Pokémon nimmt bei Einsatz einer Attacke deren\nTyp an.
23,4,237,Apport,"Trägt das Pokémon kein Item bei sich, hebt es den Ball\naus dem ersten gescheiterten Fangversuch des Kampfes\nwieder auf."
23,4,238,Wollflaum,"Wird es von einem Angriff getroffen, verstreut es Teile\nseines Wollflaums, wodurch die Initiative aller anderen\nPokémon sinkt."
23,4,239,Schraubflosse,"Ignoriert die Effekte von Fähigkeiten und Attacken\nanderer Pokémon, die Attacken auf sich lenken."
23,4,240,Spiegelrüstung,"Lenkt ausschließlich Effekte, welche die Statuswerte\ndes Pokémon senken würden, auf den Angreifer um."
23,4,241,Würggeschoss,"Wenn das Pokémon Surfer oder Taucher einsetzt, fängt\nes sich dabei Beute. Erleidet es anschließend Schaden,\ngreift es an, indem es die Beute wieder ausspuckt."
23,4,242,Stahlrückgrat,"Ignoriert die Effekte von Fähigkeiten und Attacken\nanderer Pokémon, die Attacken auf sich lenken."
23,4,243,Dampfantrieb,"Wird es von einer Wasser- oder Feuer-Attacke\ngetroffen, steigt seine Initiative drastisch."
23,4,244,Punk Rock,"Erhöht die Stärke von eigenen Lärm-Attacken und\nhalbiert den Schaden, den das Pokémon selbst durch\nLärm-Attacken erleidet."
23,4,245,Sandspeier,"Löst einen Sandsturm aus, wenn das Pokémon von einer\nAttacke erfasst wird."
23,4,246,Eisflügelstaub,"Halbiert mithilfe von schützendem Eisflügelstaub den\nSchaden, den das Pokémon durch Spezial-Attacken\nerleidet."
23,4,247,Heranreifen,"Verdoppelt den Effekt von Beeren, indem es sie\nheranreifen lässt."
23,4,248,Tiefkühlkopf,Der Eisblock um seinen Kopf blockt eine physische\nAttacke ab. Dies bewirkt jedoch einen Formwechsel.\nDurch Hagel wird der Eisblock wiederhergestellt.
23,4,249,Kraftquelle,Erhöht bei direkt benachbarten Pokémon die Stärke\nvon Attacken.
23,4,250,Mimese,Der Typ des Pokémon ändert sich in Abhängigkeit vom\nZustand des Feldes.
23,4,251,Hemmungslos,"Hebt bei Kampfantritt die Wirkung von Lichtschild,\nReflektor und Auroraschleier auf Mitstreiter- und\nGegnerseite auf."
23,4,252,Stählerner Wille,Erhöht die Stärke von Stahl-Attacken auf\nMitstreiterseite.
23,4,253,Unheilskörper,"Erleidet es einen Treffer von einer direkten Attacke,\nwird es zusammen mit dem Angreifer nach drei Runden\nbesiegt. Rettung ist durch Austausch möglich."
23,4,254,Rastlose Seele,"Wird das Pokémon von einer direkten Attacke\ngetroffen, tauscht es seine Fähigkeit mit der des\nAngreifers."
23,4,255,Affenfokus,"Erhöht den Angriff, aber nur die zuerst gewählte\nAttacke kann eingesetzt werden."
23,4,256,Reaktionsgas,"Solange ein Pokémon mit der Fähigkeit Reaktionsgas\nam Kampf beteiligt ist, werden die Fähigkeiten aller\nanderen Pokémon unterdrückt oder aufgehoben."
23,4,257,Pastellhülle,Schützt das Pokémon und seine Mitstreiter vor\nVergiftung.
23,4,258,Heißhunger,Das Pokémon ändert zum Ende jeder Runde seine\nForm und wechselt somit zwischen dem Pappsatt- und\ndem Kohldampfmuster.
23,4,259,Schnellschuss,Ermöglicht dem Pokémon gelegentlich den Erstschlag.
23,4,260,Verborgene Faust,"Wenn das Pokémon eine direkte Attacke einsetzt,\ntrifft diese auch dann, wenn sich das Ziel selbst\nschützt."
23,4,261,Kuriose Arznei,"Das Pokémon versprüht bei Kampfantritt Arznei aus\nseiner Muschel, die alle Statusveränderungen auf der\nMitstreiterseite aufhebt."
23,4,262,Transistor,Erhöht die Stärke von Elektro-Attacken.
23,4,263,Drachenkiefer,Erhöht die Stärke von Drachen-Attacken.
23,4,264,Helles Wiehern,"Besiegt es ein Pokémon, stößt es ein frostiges Wiehern\naus und erhöht damit seinen Angriff."
23,4,265,Dunkles Wiehern,"Besiegt es ein Pokémon, stößt es ein furchteinflößendes\nWiehern aus und erhöht damit seinen Spezial-Angriff."
23,4,266,Reitgespann,Das Pokémon verfügt sowohl über Coronospas Fähigkeit\nAnspannung als auch über Polaross’ Fähigkeit\nHelles Wiehern.
23,4,267,Reitgespann,Das Pokémon verfügt sowohl über Coronospas Fähigkeit\nAnspannung als auch über Phantoross’ Fähigkeit\nDunkles Wiehern.
23,5,1,Tanfo,A volte il cattivo odore emesso dal Pokémon\nfa tentennare i nemici quando attacca.
23,5,2,Piovischio,"Quando il Pokémon entra in campo, attira la pioggia."
23,5,3,Acceleratore,La Velocità aumenta a ogni turno.
23,5,4,Lottascudo,Il Pokémon è protetto da una dura corazza\nche gli evita di subire brutti colpi.
23,5,5,Vigore,"Evita che il Pokémon vada KO in un sol colpo se ha\ntutti i PS, e lo rende immune alle mosse che causano\nKO immediato."
23,5,6,Umidità,"Aumenta l’umidità circostante, impedendo l’uso\ndi Autodistruzione e di altre mosse esplosive."
23,5,7,Scioltezza,Il corpo flessibile del Pokémon gli impedisce\ndi subire gli effetti della paralisi.
23,5,8,Sabbiavelo,L’elusione aumenta durante le tempeste di sabbia.
23,5,9,Statico,Il contatto fisico con il corpo percorso\ndall’elettricità statica del Pokémon può\ncausare paralisi.
23,5,10,Assorbivolt,"Se il Pokémon viene colpito da una mossa di tipo\nElettro, recupera PS anziché subire danni."
23,5,11,Assorbacqua,"Se il Pokémon viene colpito da una mossa di tipo\nAcqua, recupera PS anziché subire danni."
23,5,12,Indifferenza,L’imperturbabilità del Pokémon lo protegge\nda infatuazioni e provocazioni.
23,5,13,Antimeteo,Neutralizza gli effetti di tutte le condizioni\natmosferiche.
23,5,14,Insettocchi,La precisione del Pokémon aumenta grazie ai suoi\nocchi composti.
23,5,15,Insonnia,Il Pokémon soffre d’insonnia e non può addormentarsi.
23,5,16,Cambiacolore,Il Pokémon acquisisce il tipo della mossa subita.
23,5,17,Immunità,L’immunità naturale del Pokémon gli impedisce\ndi essere avvelenato.
23,5,18,Fuocardore,"Se il Pokémon subisce una mossa di tipo Fuoco,\nne sfrutta il calore per potenziare le proprie mosse\ndello stesso tipo."
23,5,19,Polvoscudo,Il Pokémon è protetto da uno strato di scaglie\nche annulla gli effetti aggiuntivi delle mosse subite.
23,5,20,Mente Locale,Il Pokémon affronta la vita al proprio ritmo e per\nquesto non può essere confuso.
23,5,21,Ventose,Il Pokémon resiste a strumenti e mosse che causano\nla sostituzione appiccicandosi al terreno con le ventose.
23,5,22,Prepotenza,"Quando il Pokémon entra in campo, la sua\nprepotenza intimidisce i nemici, riducendone\nl’Attacco."
23,5,23,Pedinombra,Il Pokémon calpesta l’ombra del nemico impedendogli\nla fuga o la sostituzione.
23,5,24,Cartavetro,"Se il Pokémon è colpito da un attacco diretto, grazie\nalla sua pelle ruvida infligge danni a sua volta."
23,5,25,Magidifesa,Un potere misterioso protegge il Pokémon e lo\nrende vulnerabile solo alle mosse superefficaci.
23,5,26,Levitazione,La capacità di levitare conferisce al Pokémon\nimmunità agli attacchi di tipo Terra.
23,5,27,Spargispora,"Può causare avvelenamento, paralisi o sonno\na chi manda a segno un attacco diretto."
23,5,28,Sincronismo,"Se un nemico avvelena, paralizza o scotta un\nPokémon con questa abilità, viene colpito dallo\nstesso problema di stato."
23,5,29,Corpochiaro,Impedisce la diminuzione delle statistiche causata\nda abilità o mosse di altri Pokémon.
23,5,30,Alternacura,"Quando il Pokémon viene sostituito, guarisce\ndai problemi di stato."
23,5,31,Parafulmine,Il Pokémon attira e neutralizza le mosse di tipo Elettro\ne fa aumentare il suo Attacco Speciale.
23,5,32,Leggiadro,Rende più probabili gli effetti aggiuntivi delle mosse.
23,5,33,Nuotovelox,"Se piove, la Velocità aumenta."
23,5,34,Clorofilla,"Se la luce del sole è intensa, la Velocità aumenta."
23,5,35,Risplendi,"Illumina tutto intorno, rendendo più probabile\nincontrare Pokémon selvatici."
23,5,36,Traccia,"Quando il Pokémon entra in campo, copia l’abilità\ndi un nemico."
23,5,37,Macroforza,Raddoppia l’Attacco del Pokémon.
23,5,38,Velenopunto,Può avvelenare chi manda a segno un attacco diretto.
23,5,39,Forza Interiore,La capacità di concentrazione del Pokémon evita\nche tentenni per gli attacchi del nemico.
23,5,40,Magmascudo,Il magma riveste il corpo del Pokémon\nimpedendogli di venire congelato.
23,5,41,Idrovelo,Un velo d’acqua riveste il corpo del Pokémon\nimpedendogli di venire scottato.
23,5,42,Magnetismo,La carica magnetica attrae i Pokémon di tipo\nAcciaio impedendogli la fuga o la sostituzione.
23,5,43,Antisuono,Il Pokémon è dotato di una sorta di isolamento\nacustico che lo rende immune alle mosse basate\nsul suono.
23,5,44,Copripioggia,Il Pokémon recupera PS quando piove.
23,5,45,Sabbiafiume,"Quando il Pokémon entra in campo, scatena\nuna tempesta di sabbia."
23,5,46,Pressione,"Il Pokémon mette pressione al nemico, facendogli\nconsumare più PP."
23,5,47,Grassospesso,Il Pokémon è protetto da uno spesso strato\ndi grasso che dimezza il danno causato da\nmosse di tipo Fuoco e Ghiaccio.
23,5,48,Sveglialampo,Il Pokémon impiega metà del tempo per risvegliarsi\ndal sonno rispetto agli altri.
23,5,49,Corpodifuoco,Può scottare chi manda a segno un attacco diretto.
23,5,50,Fugafacile,Garantisce la fuga dai Pokémon selvatici.
23,5,51,Sguardofermo,La vista acuta del Pokémon impedisce che la sua\nprecisione diminuisca.
23,5,52,Ipertaglio,L’Attacco del Pokémon non può diminuire\ngrazie alla morsa micidiale in cui è in grado\ndi stringere i nemici.
23,5,53,Raccolta,Il Pokémon può raccogliere lo strumento usato da\nun nemico durante la lotta. A volte potrebbe\nraccogliere strumenti anche fuori dalla lotta.
23,5,54,Pigrone,"Quando il Pokémon usa una mossa, nel turno\nsuccessivo si riposerà."
23,5,55,Tuttafretta,"L’Attacco aumenta, ma la precisione diminuisce."
23,5,56,Incantevole,Può causare infatuazione a chi manda a segno\nun attacco diretto.
23,5,57,Più,L’Attacco Speciale aumenta se ci sono alleati con\nl’abilità Meno o Più.
23,5,58,Meno,L’Attacco Speciale aumenta se ci sono alleati con\nl’abilità Meno o Più.
23,5,59,Previsioni,"Cambia il tipo del Pokémon in Acqua, Fuoco\no Ghiaccio in base alle condizioni atmosferiche."
23,5,60,Antifurto,Gli strumenti restano appiccicati al corpo adesivo\ndel Pokémon e non possono essere rubati.
23,5,61,Muta,Il Pokémon può guarire dai problemi di stato\nfacendo la muta completa della pelle.
23,5,62,Dentistretti,"Se il Pokémon è affetto da un problema di stato,\ntira fuori la grinta e aumenta il proprio Attacco."
23,5,63,Pelledura,"Se il Pokémon è affetto da un problema di stato,\nle squame sulla sua pelle si induriscono aumentando\nla sua Difesa."
23,5,64,Melma,"Il Pokémon secerne delle sostanze tossiche.\nSe un nemico manda a segno una mossa che\nassorbe i PS, subisce dei danni."
23,5,65,Erbaiuto,"Quando il Pokémon ha pochi PS, la potenza delle\nsue mosse di tipo Erba aumenta."
23,5,66,Aiutofuoco,"Quando il Pokémon ha pochi PS, la potenza delle\nsue mosse di tipo Fuoco aumenta."
23,5,67,Acquaiuto,"Quando il Pokémon ha pochi PS, la potenza delle\nsue mosse di tipo Acqua aumenta."
23,5,68,Aiutinsetto,"Quando il Pokémon ha pochi PS, la potenza delle\nsue mosse di tipo Coleottero aumenta."
23,5,69,Testadura,Protegge il Pokémon dai contraccolpi.
23,5,70,Siccità,"Quando il Pokémon entra in campo, la luce solare\ndiventa intensa."
23,5,71,Trappoarena,Impedisce la fuga al nemico.
23,5,72,Spiritovivo,Il Pokémon è talmente vivace che non può\naddormentarsi.
23,5,73,Fumochiaro,Il Pokémon è protetto da un fumo chiaro che\nimpedisce ai nemici di diminuire le sue statistiche.
23,5,74,Forzapura,L’Attacco del Pokémon raddoppia grazie\nalla sua padronanza delle tecniche yoga.
23,5,75,Guscioscudo,Il Pokémon è protetto da un guscio robusto\nche gli evita di subire brutti colpi.
23,5,76,Riparo,Neutralizza gli effetti di tutte le condizioni\natmosferiche.
23,5,77,Intricopiedi,"Se il Pokémon è confuso, la sua elusione aumenta."
23,5,78,Elettrorapid,"Se il Pokémon viene colpito da una mossa di\ntipo Elettro, la neutralizza e sfrutta la carica\nelettrica per aumentare la propria Velocità."
23,5,79,Antagonismo,"Rende più forti contro nemici dello stesso sesso,\nma più deboli contro nemici di sesso opposto."
23,5,80,Cuordeciso,"Se il Pokémon tentenna, il suo animo indomito\nsi risveglia e la sua Velocità aumenta."
23,5,81,Mantelneve,"Se grandina, l’elusione aumenta."
23,5,82,Voracità,"Il Pokémon non attende di aver perso molti PS\nper mangiare certe bacche, ma lo fa non appena\ni suoi PS scendono a metà o meno."
23,5,83,Grancollera,"Se il Pokémon subisce un brutto colpo, monta su\ntutte le furie e il suo Attacco aumenta al massimo."
23,5,84,Agiltecnica,"Se il Pokémon usa o perde uno strumento,\nla sua Velocità aumenta."
23,5,85,Antifuoco,Il corpo termoresistente del Pokémon dimezza i danni\nche subisce dalle mosse di tipo Fuoco.
23,5,86,Disinvoltura,Raddoppia le modifiche alle statistiche.
23,5,87,Pellearsa,"Il Pokémon recupera PS se piove o se subisce\nmosse di tipo Acqua, ma perde PS con la luce solare\nintensa. Subisce più danni da mosse di tipo Fuoco."
23,5,88,Download,"Il Pokémon analizza Difesa e Difesa Speciale\ndel nemico e, a seconda di qual è più bassa,\naumenta il proprio Attacco o Attacco Speciale."
23,5,89,Ferropugno,Potenzia le mosse che utilizzano pugni.
23,5,90,Velencura,"Se il Pokémon è avvelenato, recupera PS anziché\nperderli."
23,5,91,Adattabilità,Potenzia di molto le mosse dello stesso tipo\ndel Pokémon.
23,5,92,Abillegame,Le mosse multicolpo mandano a segno sempre\nil massimo dei colpi possibili.
23,5,93,Idratazione,"Se piove, il Pokémon guarisce dai problemi di stato."
23,5,94,Solarpotere,"Se la luce del sole è intensa, l’Attacco Speciale\naumenta, ma il Pokémon perde PS a ogni turno."
23,5,95,Piedisvelti,"Se il Pokémon è affetto da un problema di stato,\nla Velocità aumenta."
23,5,96,Normalità,Tutte le mosse del Pokémon diventano di tipo\nNormale e la loro potenza aumenta un po’.
23,5,97,Cecchino,Aumenta ulteriormente i danni inflitti dai brutti colpi.
23,5,98,Magicscudo,Il Pokémon subisce danni solo dagli attacchi.
23,5,99,Nullodifesa,Il Pokémon e chiunque lo attacchi abbassano\nla guardia e le loro mosse vanno sempre a segno.
23,5,100,Rallentatore,Il Pokémon agisce sempre per ultimo.
23,5,101,Tecnico,Potenzia le mosse più deboli del Pokémon.
23,5,102,Fogliamanto,"Se la luce del sole è intensa, evita i problemi\ndi stato."
23,5,103,Impaccio,Il Pokémon non può usare lo strumento che ha con sé.
23,5,104,Rompiforma,"Quando il Pokémon attacca, ignora l’abilità del\nbersaglio se questa ha effetto sulle mosse."
23,5,105,Supersorte,L’incredibile fortuna del Pokémon aumenta\nla sua probabilità di infliggere brutti colpi.
23,5,106,Scoppio,Chi manda KO questo Pokémon con un attacco\ndiretto subisce dei danni.
23,5,107,Presagio,Rivela se il nemico ha mosse pericolose.
23,5,108,Premonizione,"Quando il Pokémon entra in campo, rivela una delle\nmosse del nemico."
23,5,109,Imprudenza,"Quando il Pokémon attacca, ignora le modifiche\nalle statistiche del nemico."
23,5,110,Lentifumé,Permette alle mosse non molto efficaci di infliggere\ndanni normalmente.
23,5,111,Filtro,Riduce i danni subiti dalle mosse superefficaci.
23,5,112,Lentoinizio,Dimezza per cinque turni l’Attacco e la Velocità.
23,5,113,Nervisaldi,Permette di colpire Pokémon di tipo Spettro\ncon mosse di tipo Normale e Lotta.
23,5,114,Acquascolo,Il Pokémon attira e neutralizza le mosse di tipo Acqua\ne fa aumentare il proprio Attacco Speciale.
23,5,115,Corpogelo,"Se grandina, il Pokémon recupera PS."
23,5,116,Solidroccia,Riduce i danni subiti dalle mosse superefficaci.
23,5,117,Scendineve,"Quando il Pokémon entra in campo, provoca\nuna grandinata."
23,5,118,Mielincetta,Il Pokémon può raccogliere del Miele alla fine\ndella lotta.
23,5,119,Indagine,"Quando il Pokémon entra in campo, rivela\nlo strumento del nemico."
23,5,120,Temerarietà,Potenzia le mosse che causano contraccolpo.
23,5,121,Multitipo,Cambia il tipo del Pokémon a seconda della lastra\nche ha con sé.
23,5,122,Regalfiore,"Se la luce del sole è intensa, aumenta l’Attacco\ne la Difesa Speciale del Pokémon e dei suoi alleati."
23,5,123,Sogniamari,Infligge danni ai nemici addormentati.
23,5,124,Arraffalesto,"Se il Pokémon viene colpito da un attacco diretto,\nruba lo strumento di chi lo ha attaccato."
23,5,125,Forzabruta,"Aumenta la potenza delle mosse, ma ne annulla\ngli effetti aggiuntivi."
23,5,126,Inversione,Le modifiche alle statistiche hanno effetto inverso:\nle statistiche aumentano quando dovrebbero diminuire\ne viceversa.
23,5,127,Agitazione,Il nemico viene intimidito e non può mangiare\nbacche.
23,5,128,Agonismo,L’Attacco aumenta di molto quando le statistiche\ndiminuiscono a causa di un nemico.
23,5,129,Sconforto,"Quando i PS scendono a metà o meno, il Pokémon\nsi scoraggia e l’Attacco e l’Attacco Speciale\nvengono dimezzati."
23,5,130,Corpofunesto,Può bloccare la mossa subita dal Pokémon.
23,5,131,Curacuore,A volte cura i problemi di stato degli alleati.
23,5,132,Amicoscudo,I danni inflitti agli alleati del Pokémon\nvengono ridotti.
23,5,133,Sottilguscio,"Se il Pokémon subisce danni da mosse fisiche, la Difesa\ndiminuisce e la Velocità aumenta di molto."
23,5,134,Metalpesante,Raddoppia il peso del Pokémon.
23,5,135,Metalleggero,Dimezza il peso del Pokémon.
23,5,136,Multisquame,"Se i PS sono al massimo, riduce il danno subito."
23,5,137,Velenimpeto,"Se il Pokémon è avvelenato, la potenza delle sue mosse\nfisiche aumenta."
23,5,138,Bruciaimpeto,"Se il Pokémon è scottato, la potenza delle sue mosse\nspeciali aumenta."
23,5,139,Coglibacche,Può ricreare una bacca utilizzata.
23,5,140,Telepatia,Il Pokémon prevede ed evita gli attacchi degli alleati.
23,5,141,Altalena,"A ogni turno, aumenta di molto una statistica\ne ne riduce un’altra."
23,5,142,Copricapo,"Rende immuni ai danni da grandine e tempesta di\nsabbia, alle mosse Spora, Cottonspora, Sonnifero,\nParalizzante e alle mosse ""polvere""."
23,5,143,Velentocco,Il Pokémon può avvelenare il nemico al solo contatto.
23,5,144,Rigenergia,Il Pokémon recupera un po’ di PS quando lascia\nil campo.
23,5,145,Pettinfuori,Evita che la Difesa diminuisca.
23,5,146,Remasabbia,"Se c’è una tempesta di sabbia, la Velocità aumenta."
23,5,147,Splendicute,Il Pokémon resiste più facilmente alle mosse di stato.
23,5,148,Ponderazione,"Se il Pokémon agisce per ultimo, la potenza\ndella mossa aumenta."
23,5,149,Illusione,Il Pokémon inganna il nemico entrando in campo\ncon le sembianze dell’ultimo Pokémon della propria\nsquadra.
23,5,150,Sosia,Il Pokémon si trasforma nel nemico che ha davanti.
23,5,151,Intrapasso,Il Pokémon attacca evitando le barriere e il sostituto\ndel nemico.
23,5,152,Mummia,"Al contatto con il Pokémon, l’abilità del nemico\ndiventa Mummia."
23,5,153,Arroganza,"Quando manda un nemico KO, il Pokémon si fa\nsicuro di sé e aumenta il proprio Attacco."
23,5,154,Giustizia,"Quando il Pokémon viene colpito da una mossa\ndi tipo Buio, il suo forte senso di giustizia fa sì\nche l’Attacco aumenti."
23,5,155,Paura,"Le mosse di tipo Buio, Spettro e Coleottero\nspaventano il Pokémon aumentandone la Velocità."
23,5,156,Magispecchio,Il Pokémon respinge al mittente le mosse di stato senza\nsubirne gli effetti.
23,5,157,Mangiaerba,"Se il Pokémon viene colpito da una mossa di tipo Erba,\nla neutralizza e aumenta il proprio Attacco."
23,5,158,Burla,Le mosse di stato del Pokémon acquistano\npriorità alta.
23,5,159,Silicoforza,"Potenzia le mosse di tipo Roccia, Terra e Acciaio\ndurante le tempeste di sabbia."
23,5,160,Spineferrate,"Se il Pokémon viene colpito da un attacco diretto,\ninfligge danni a sua volta con le sue spine di ferro."
23,5,161,Stato Zen,Cambia la forma del Pokémon se i PS scendono\na metà o meno.
23,5,162,Vittorstella,Aumenta la precisione di tutta la squadra.
23,5,163,Piroturbina,"Quando il Pokémon attacca, ignora l’abilità del\nbersaglio se questa ha effetto sulle mosse."
23,5,164,Teravolt,"Quando il Pokémon attacca, ignora l’abilità del\nbersaglio se questa ha effetto sulle mosse."
23,5,165,Aromavelo,Protegge tutta la squadra da effetti che ne limitano\nla libertà di scelta delle mosse.
23,5,166,Fiorvelo,Rende gli alleati di tipo Erba immuni alla diminuzione\ndelle statistiche e ai problemi di stato.
23,5,167,Guancegonfie,"Quando il Pokémon mangia una bacca, recupera anche\ndei PS."
23,5,168,Mutatipo,Cambia il tipo del Pokémon in quello della mossa\nche usa.
23,5,169,Foltopelo,Dimezza il danno subito dalle mosse fisiche.
23,5,170,Prestigiatore,"Quando chi la usa colpisce un Pokémon con una mossa,\ngli ruba lo strumento."
23,5,171,Antiproiettile,Protegge da alcune mosse a base di proiettili\ne bombe.
23,5,172,Tenacia,L’Attacco Speciale aumenta di molto quando le\nstatistiche diminuiscono a causa di un nemico.
23,5,173,Ferromascella,La robusta mascella del Pokémon permette\nmorsi molto potenti.
23,5,174,Pellegelo,Le mosse di tipo Normale diventano di tipo\nGhiaccio e la loro potenza aumenta un po’.
23,5,175,Dolcevelo,Rende il Pokémon e i suoi alleati immuni al sonno.
23,5,176,Accendilotta,Assume la Forma Spada se usa una mossa\nd’attacco e la Forma Scudo se usa Scudo Reale.
23,5,177,Aliraffica,"Se il Pokémon ha tutti i PS, le sue mosse\ndi tipo Volante acquistano priorità alta."
23,5,178,Megalancio,"Potenzia Forzasfera, Ondasana e le mosse ""pulsar""."
23,5,179,Peloderba,"In presenza di un Campo Erboso, la Difesa\naumenta."
23,5,180,Simbiosi,"Se un alleato usa uno strumento, il Pokémon\ngli passa il proprio."
23,5,181,Unghiedure,Potenzia le mosse che causano un contatto fisico.
23,5,182,Pellefolletto,Le mosse di tipo Normale diventano di tipo Folletto\ne la loro potenza aumenta un po’.
23,5,183,Viscosità,"Se il Pokémon viene colpito da un attacco diretto,\nla Velocità di chi l’ha colpito diminuisce."
23,5,184,Pellecielo,Le mosse di tipo Normale diventano di tipo Volante\ne la loro potenza aumenta un po’.
23,5,185,Amorefiliale,Il Pokémon e il suo piccolo attaccano insieme.
23,5,186,Auratetra,Potenzia le mosse di tipo Buio di tutti i Pokémon.
23,5,187,Aurafolletto,Potenzia le mosse di tipo Folletto di tutti i Pokémon.
23,5,188,Frangiaura,Inverte gli effetti di tutte le aure riducendone\nla potenza.
23,5,189,Mare Primordiale,Crea un clima che rende inefficaci\ngli attacchi di tipo Fuoco.
23,5,190,Terra Estrema,Crea un clima che rende inefficaci\ngli attacchi di tipo Acqua.
23,5,191,Flusso Delta,Crea un clima che annulla i punti deboli\ndel tipo Volante.
23,5,192,Sopportazione,"Se il Pokémon subisce un attacco, la sua Difesa\naumenta."
23,5,193,Fuggifuggi,"Se i PS scendono a metà o meno, il Pokémon\nsi fa prendere dalla paura e abbandona la lotta\nin tutta fretta."
23,5,194,Passoindietro,"Se i PS scendono a metà o meno, il Pokémon\nabbandona la lotta per sfuggire al pericolo."
23,5,195,Idrorinforzo,"Se il Pokémon subisce una mossa di tipo Acqua,\nla sua Difesa aumenta di molto."
23,5,196,Spietatezza,Gli attacchi sferrati su un bersaglio avvelenato\nproducono sempre brutti colpi.
23,5,197,Scudosoglia,"Se i PS scendono a metà o meno, il guscio\nsi rompe e il Pokémon si prepara all’offensiva."
23,5,198,Sorveglianza,Raddoppia i danni inflitti a un bersaglio che è\nappena entrato in campo per sostituire un altro\nPokémon.
23,5,199,Bolladacqua,Riduce i danni subiti dalle mosse di tipo Fuoco\ne rende immuni alle scottature.
23,5,200,Tempracciaio,Aumenta la potenza delle mosse di tipo Acciaio.
23,5,201,Furore,"Se i PS scendono a metà o meno a causa di\nun attacco, l’Attacco Speciale aumenta."
23,5,202,Spalaneve,"Se grandina, la Velocità aumenta."
23,5,203,Distacco,Il Pokémon è in grado di usare tutte le sue mosse\nsenza entrare in contatto diretto con il bersaglio.
23,5,204,Idrovoce,Le mosse del Pokémon basate sul suono diventano\ndi tipo Acqua.
23,5,205,Primacura,Le mosse che ripristinano direttamente i PS\ndel Pokémon acquistano priorità alta.
23,5,206,Pellelettro,Le mosse di tipo Normale diventano di tipo Elettro\ne la loro potenza aumenta un po’.
23,5,207,Codasurf,"In presenza di un Campo Elettrico, la Velocità\nraddoppia."
23,5,208,Banco,"Quando ha molti PS, il Pokémon forma un banco\ncon i propri simili e si rafforza.\nQuando ne ha pochi, il banco si disperde."
23,5,209,Fantasmanto,Il panno che ricopre il Pokémon lo protegge\nda un singolo attacco.
23,5,210,Morfosintonia,"Se il Pokémon manda KO un nemico, il legame con\nl’Allenatore si rafforza, attivando la trasformazione\nin Greninja Forma Ash. Acqualame si potenzia."
23,5,211,Sciamefusione,"Se i PS del Pokémon scendono a metà o meno, le\ncellule si raggruppano e gli permettono di assumere\nla Forma Perfetta."
23,5,212,Corrosione,Il Pokémon è in grado di avvelenare il bersaglio\nanche se questo è di tipo Acciaio o Veleno.
23,5,213,Sonno Assoluto,Il Pokémon si trova in un costante stato di\ndormiveglia che gli impedisce di svegliarsi.\nPuò attaccare anche da addormentato.
23,5,214,Regalità,L’aura di regalità del Pokémon impedisce al nemico\ndi attaccarlo con mosse che hanno priorità alta.
23,5,215,Espellinterno,"Se il Pokémon viene mandato KO da un attacco,\ninfligge a chi lo ha sferrato tanti danni quanti\nerano i suoi PS prima di ricevere il colpo."
23,5,216,Sincrodanza,Permette al Pokémon di copiare immediatamente\nqualsiasi mossa basata sulla danza usata da un\naltro Pokémon in campo.
23,5,217,Batteria,Aumenta la potenza delle mosse speciali\ndegli alleati.
23,5,218,Morbidone,"Dimezza il danno causato dagli attacchi diretti\ndi un nemico, ma raddoppia quello subito dalle\nmosse di tipo Fuoco."
23,5,219,Corposgargiante,Il Pokémon sbalordisce il nemico e non gli permette\ndi attaccarlo con mosse che hanno priorità alta.
23,5,220,Cuoreanima,Aumenta l’Attacco Speciale ogni volta che\nun Pokémon va KO.
23,5,221,Boccolidoro,"Se il Pokémon viene colpito da un attacco diretto,\nla Velocità di chi l’ha colpito diminuisce."
23,5,222,Ricezione,Il Pokémon acquisisce l’abilità di un alleato\nandato KO.
23,5,223,Forza Chimica,Il Pokémon trasforma la propria abilità in quella\ndi un alleato andato KO.
23,5,224,Ultraboost,"Quando il Pokémon manda KO un altro Pokémon,\naumenta la propria statistica di punta."
23,5,225,Sistema Primevo,Il tipo del Pokémon cambia in base alla ROM\ninstallata.
23,5,226,Elettrogenesi,"Quando il Pokémon entra in campo,\nlo trasforma in un Campo Elettrico."
23,5,227,Psicogenesi,"Quando il Pokémon entra in campo,\nlo trasforma in un Campo Psichico."
23,5,228,Nebbiogenesi,"Quando il Pokémon entra in campo,\nlo trasforma in un Campo Nebbioso."
23,5,229,Erbogenesi,"Quando il Pokémon entra in campo,\nlo trasforma in un Campo Erboso."
23,5,230,Metalprotezione,Impedisce la diminuzione delle statistiche causata\nda abilità o mosse di altri Pokémon.
23,5,231,Spettroguardia,"Se i PS sono al massimo, riduce il danno subito."
23,5,232,Scudoprisma,Riduce i danni subiti dalle mosse superefficaci.
23,5,233,Cerebroforza,Potenzia le mosse superefficaci.
23,5,234,Spada Indomita,"Quando il Pokémon entra in campo, il suo Attacco\naumenta."
23,5,235,Scudo Saldo,"Quando il Pokémon entra in campo, la sua Difesa\naumenta."
23,5,236,Libero,Cambia il tipo del Pokémon in quello della mossa\nche usa.
23,5,237,Raccattapalle,"Se il Pokémon non ha uno strumento con sé,\nraccoglie la Poké Ball del primo tentativo\ndi cattura fallito."
23,5,238,Lanugine,"Se il Pokémon subisce un attacco, sparge della lanugine\nche diminuisce la Velocità di tutti i Pokémon in campo\ntranne la sua."
23,5,239,Elicopinna,Permette di ignorare gli effetti di mosse e abilità\nche attirano altre mosse.
23,5,240,Blindospecchio,Rimanda al mittente le diminuzioni alle statistiche\nsubite.
23,5,241,Inghiottimissile,"Quando usa Surf o Sub, il Pokémon cattura una preda.\nSe subisce dei danni, la sputa fuori per attaccare."
23,5,242,Volontà di Ferro,Permette di ignorare gli effetti di mosse e abilità\nche attirano altre mosse.
23,5,243,Vapormacchina,"Se il Pokémon viene colpito da una mossa di tipo Acqua\no Fuoco, la sua Velocità aumenta moltissimo."
23,5,244,Punk Rock,"Aumenta la potenza delle mosse basate sul suono.\nInoltre, dimezza i danni subiti dal Pokémon se\nviene colpito da tali mosse."
23,5,245,Sputasabbia,"Quando il Pokémon viene colpito da un attacco,\nscatena una tempesta di sabbia."
23,5,246,Geloscaglie,"Scaglie di ghiaccio proteggono il Pokémon dalle mosse\nspeciali, dimezzandone i danni subiti."
23,5,247,Maturazione,Fa maturare le bacche raddoppiandone gli effetti.
23,5,248,Gelofaccia,"Grazie al ghiaccio sulla testa, il Pokémon può incassare\ni danni causati da mosse fisiche, ma cambia forma.\nTorna al suo stato originale quando grandina."
23,5,249,Fonte Energetica,Potenzia le mosse di chi si trova nelle immediate\nvicinanze.
23,5,250,Mimetismo,Il tipo del Pokémon cambia a seconda dello stato\ndel campo.
23,5,251,Annullabarriere,"Quando il Pokémon entra in campo, annulla l’effetto\ndi Schermoluce, Riflesso e Velaurora sia per i nemici\nche per gli alleati."
23,5,252,Spiritoferreo,Potenzia gli attacchi di tipo Acciaio degli alleati.
23,5,253,Ultimotocco,"Se il Pokémon viene colpito da un attacco diretto,\ndopo tre turni va KO assieme a chi lo ha attaccato.\nSe uno dei due viene sostituito, non va KO."
23,5,254,Anima Errante,"Se il Pokémon subisce un attacco diretto, scambia\nla sua abilità con quella di chi lo ha colpito."
23,5,255,Vigorilla,Aumenta l’Attacco ma costringe il Pokémon a usare\nsolo la prima mossa selezionata.
23,5,256,Gas Reagente,"Se in campo c’è un Pokémon con Gas Reagente,\ngli effetti delle abilità di tutti gli altri Pokémon\nvengono annullati o non si attivano."
23,5,257,Pastelvelo,Protegge il Pokémon e gli alleati dai problemi di stato\ncausati dal veleno.
23,5,258,Pancialterna,"Alla fine di ogni turno cambia forma, alternando\ntra Motivo Panciapiena e Motivo Panciavuota."
23,5,259,Colpolesto,A volte permette al Pokémon di agire per primo.
23,5,260,Pugni Invisibili,"Quando il Pokémon utilizza un attacco diretto,\ngli effetti di mosse protettive vengono ignorati."
23,5,261,Stranofarmaco,"Quando il Pokémon entra in campo, sparge un farmaco\ndalla conchiglia che annulla le modifiche alle statistiche\ndegli alleati."
23,5,262,Transistor,Potenzia le mosse di tipo Elettro.
23,5,263,Dragomascelle,Potenzia le mosse di tipo Drago.
23,5,264,Nitrito Bianco,"Quando manda KO il nemico, emette un nitrito\nagghiacciante, aumentando il proprio Attacco."
23,5,265,Nitrito Nero,"Quando manda KO il nemico, emette un nitrito\nterrificante, aumentando il proprio Attacco Speciale."
23,5,266,Sintonia Equina,Il Pokémon ha una doppia abilità: Agitazione di Calyrex\ne Nitrito Bianco di Glastrier.
23,5,267,Sintonia Equina,Il Pokémon ha una doppia abilità: Agitazione di Calyrex\ne Nitrito Nero di Spectrier.
23,6,1,Hedor,Puede amedrentar al rival al atacarlo debido al mal olor\nque emana.
23,6,2,Llovizna,Hace que llueva al entrar en combate.
23,6,3,Impulso,Aumenta su Velocidad en cada turno.
23,6,4,Armadura Batalla,La robusta coraza que lo protege bloquea los golpes\ncríticos.
23,6,5,Robustez,Evita que el rival pueda debilitarlo de un solo golpe\ncuando tiene los PS al máximo.\nTambién evita los movimientos fulminantes.
23,6,6,Humedad,"Aumenta la humedad del entorno y evita que se\npuedan utilizar movimientos explosivos, tales como\nAutodestrucción."
23,6,7,Flexibilidad,Evita ser paralizado gracias a la flexibilidad de su\ncuerpo.
23,6,8,Velo Arena,Aumenta su Evasión durante las tormentas de arena.
23,6,9,Elec. Estática,La electricidad estática que lo envuelve puede paralizar\nal mínimo contacto.
23,6,10,Absorbe Elec,"Si le alcanza un movimiento de tipo Eléctrico, recupera\nPS en vez de sufrir daño."
23,6,11,Absorbe Agua,"Si le alcanza un movimiento de tipo Agua, recupera PS\nen vez de sufrir daño."
23,6,12,Despiste,Su indiferencia evita que sea provocado o caiga presa\ndel enamoramiento.
23,6,13,Aclimatación,Anula todos los efectos del tiempo atmosférico.
23,6,14,Ojo Compuesto,Aumenta la precisión de sus movimientos.
23,6,15,Insomnio,Su resistencia al sueño le impide quedarse dormido.
23,6,16,Cambio Color,Adopta el tipo del último movimiento del que es\nblanco.
23,6,17,Inmunidad,Su sistema inmunitario evita el envenenamiento.
23,6,18,Absorbe Fuego,"Si le alcanza algún movimiento de tipo Fuego, potencia\nsus propios movimientos de dicho tipo."
23,6,19,Polvo Escudo,El polvo de escamas que lo envuelve lo protege de\nlos efectos secundarios de los ataques recibidos.
23,6,20,Ritmo Propio,"Como le gusta hacer las cosas a su manera, los rivales\nno logran confundirlo."
23,6,21,Ventosas,"Sus ventosas se aferran al suelo, con lo cual anula\nmovimientos y objetos que fuerzan el relevo."
23,6,22,Intimidación,Al entrar en combate amilana al rival de tal manera\nque su Ataque disminuye.
23,6,23,Sombra Trampa,Impide que el enemigo huya o sea cambiado por otro.
23,6,24,Piel Tosca,Hiere con su piel áspera al rival que lo ataque con un\nmovimiento de contacto.
23,6,25,Superguarda,"Gracias a un poder misterioso, solo le hacen daño los\nmovimientos supereficaces."
23,6,26,Levitación,Su capacidad de flotar sobre el suelo le proporciona\ninmunidad frente a los movimientos de tipo Tierra.
23,6,27,Efecto Espora,"Puede dormir, envenenar o paralizar al Pokémon con\nel que entre en contacto al recibir un ataque."
23,6,28,Sincronía,"Contagia el envenenamiento, las quemaduras o la\nparálisis al Pokémon que le cause ese estado."
23,6,29,Cuerpo Puro,Evita que bajen sus características a causa de\nmovimientos o habilidades de otros Pokémon.
23,6,30,Cura Natural,Cura sus problemas de estado al cambiarse con otro\nPokémon.
23,6,31,Pararrayos,"Atrae y neutraliza los movimientos de tipo Eléctrico,\nque además le suben el Ataque Especial."
23,6,32,Dicha,Aumenta la probabilidad de que los movimientos\ncausen efectos secundarios.
23,6,33,Nado Rápido,Sube su Velocidad cuando llueve.
23,6,34,Clorofila,Sube su Velocidad cuando hace sol.
23,6,35,Iluminación,Aumenta la probabilidad de encontrar Pokémon al\niluminar el entorno.
23,6,36,Rastro,Al entrar en combate copia la habilidad del rival.
23,6,37,Potencia,Duplica la potencia de sus ataques físicos.
23,6,38,Punto Tóxico,Puede envenenar al mínimo contacto.
23,6,39,Foco Interno,"Gracias a su profunda concentración, no se amedrenta\nante los ataques del rival."
23,6,40,Escudo Magma,"Gracias al magma candente que lo envuelve, no puede\nser congelado."
23,6,41,Velo Agua,Evita las quemaduras gracias a la capa de agua que\nlo envuelve.
23,6,42,Imán,Su magnetismo atrae a los Pokémon de tipo Acero y\nles impide huir.
23,6,43,Insonorizar,Su aislamiento acústico lo protege de movimientos\nque usan sonido.
23,6,44,Cura Lluvia,Recupera PS de forma gradual cuando llueve.
23,6,45,Chorro Arena,Crea una tormenta de arena al entrar en combate.
23,6,46,Presión,Presiona al rival para que sus PP se acaben antes.
23,6,47,Sebo,"Gracias a la gruesa capa de grasa que lo protege,\nreduce a la mitad el daño que recibe de ataques de\ntipo Fuego o Hielo."
23,6,48,Madrugar,"Si se duerme, tardará la mitad de tiempo en\ndespertarse."
23,6,49,Cuerpo Llama,Puede quemar al mínimo contacto.
23,6,50,Fuga,Puede escaparse de todos los Pokémon salvajes.
23,6,51,Vista Lince,Su aguda vista evita que le disminuya la Precisión.
23,6,52,Corte Fuerte,Evita que el rival le baje el Ataque.
23,6,53,Recogida,"Puede recoger objetos que el rival haya usado, o bien\notros que encuentre en plena aventura."
23,6,54,Ausente,"Al ejecutar un movimiento, descansará en el turno\nsiguiente."
23,6,55,Entusiasmo,"Aumenta su Ataque, pero reduce su Precisión."
23,6,56,Gran Encanto,Puede causar enamoramiento al rival que lo toque.
23,6,57,Más,Potencia su Ataque Especial si un Pokémon aliado tiene\nla habilidad Más o Menos.
23,6,58,Menos,Potencia su Ataque Especial si un Pokémon aliado tiene\nla habilidad Más o Menos.
23,6,59,Predicción,"Cambia a tipo Agua, Fuego o Hielo en función del\ntiempo atmosférico."
23,6,60,Viscosidad,"Los objetos se quedan pegados a su cuerpo, por lo que\nno pueden robárselos."
23,6,61,Mudar,Puede curar sus problemas de estado al mudar la piel.
23,6,62,Agallas,"Si sufre un problema de estado, se viene arriba y\naumenta su Ataque."
23,6,63,Escama Especial,Sube su Defensa si sufre un problema de estado.
23,6,64,Lodo Líquido,Exuda una sustancia tóxica de intenso hedor que hiere\na quienes intentan drenarle PS.
23,6,65,Espesura,Potencia sus movimientos de tipo Planta cuando le\nquedan pocos PS.
23,6,66,Mar Llamas,Potencia sus movimientos de tipo Fuego cuando le\nquedan pocos PS.
23,6,67,Torrente,Potencia sus movimientos de tipo Agua cuando le\nquedan pocos PS.
23,6,68,Enjambre,Potencia sus movimientos de tipo Bicho cuando le\nquedan pocos PS.
23,6,69,Cabeza Roca,No puede dañarse con sus propios movimientos.
23,6,70,Sequía,"Cuando entra en combate, el tiempo pasa a ser\nsoleado."
23,6,71,Trampa Arena,Evita que el rival huya.
23,6,72,Espíritu Vital,Su determinación le impide quedarse dormido.
23,6,73,Humo Blanco,El humo blanco que lo protege evita que otros Pokémon\nle bajen las características.
23,6,74,Energía Pura,Duplica la potencia de sus ataques físicos gracias al\nyoga.
23,6,75,Caparazón,La robusta coraza que lo protege bloquea los golpes\ncríticos.
23,6,76,Bucle Aire,Neutraliza todos los efectos del tiempo atmosférico.
23,6,77,Tumbos,Sube su Evasión si está confuso.
23,6,78,Electromotor,"Si le alcanza un movimiento de tipo Eléctrico, le sube\nla Velocidad en vez de sufrir daño."
23,6,79,Rivalidad,"Si el objetivo es del mismo sexo, su competitividad le\nlleva a infligir más daño. Si es del sexo contrario, en\ncambio, el daño será menor."
23,6,80,Impasible,"Cada vez que se amedrenta sube su Velocidad, debido\na su voluntad inquebrantable."
23,6,81,Manto Níveo,Sube la Evasión cuando graniza.
23,6,82,Gula,"Cuando sus PS se ven reducidos a la mitad, engulle\nla baya que normalmente solo se comería cuando le\nquedasen pocos PS."
23,6,83,Irascible,"Si recibe un golpe crítico, monta en cólera y sube su\nAtaque hasta el máximo."
23,6,84,Liviano,Sube su Velocidad si usa o pierde el objeto que lleva.
23,6,85,Ignífugo,"Su cuerpo, resistente al calor, reduce a la mitad el daño\nrecibido por movimientos de tipo Fuego."
23,6,86,Simple,Duplica los cambios en las características.
23,6,87,Piel Seca,"Pierde PS si hace sol y los recupera si llueve o recibe\nun movimiento de tipo Agua. Los movimientos de tipo\nFuego, por su parte, le hacen más daño de lo normal."
23,6,88,Descarga,Compara la Defensa y la Defensa Especial del rival\npara ver cuál es inferior y aumenta su propio Ataque\no Ataque Especial según sea lo más eficaz.
23,6,89,Puño Férreo,Aumenta la potencia de los puñetazos.
23,6,90,Antídoto,"Si resulta envenenado, recupera PS en vez de perderlos."
23,6,91,Adaptable,Potencia aún más los movimientos cuyo tipo coincida\ncon el suyo.
23,6,92,Encadenado,Ejecuta siempre los movimientos múltiples con el\nnúmero máximo de golpes.
23,6,93,Hidratación,Cura los problemas de estado si está lloviendo.
23,6,94,Poder Solar,"Si hace sol, aumenta su Ataque Especial, pero pierde PS\nen cada turno."
23,6,95,Pies Rápidos,Aumenta la Velocidad si sufre problemas de estado.
23,6,96,Normalidad,Hace que todos sus movimientos se vuelvan de tipo\nNormal y aumenten ligeramente su potencia.
23,6,97,Francotirador,Potencia los golpes críticos que asesta aún más de lo\nnormal.
23,6,98,Muro Mágico,Solo recibe daño de ataques.
23,6,99,Indefenso,"Al quedar ambos expuestos, tanto sus movimientos\ncomo los del rival acertarán siempre."
23,6,100,Rezagado,Ejecuta su movimiento tras todos los demás.
23,6,101,Experto,Potencia sus movimientos más débiles.
23,6,102,Defensa Hoja,Evita los problemas de estado si hace sol.
23,6,103,Zoquete,No puede usar objetos equipados.
23,6,104,Rompemoldes,Las habilidades del objetivo no afectan a los\nmovimientos que emplea.
23,6,105,Afortunado,Su buena suerte aumenta la probabilidad de asestar\ngolpes críticos.
23,6,106,Detonación,Daña al agresor que le ha dado el golpe de gracia con\nun movimiento de contacto.
23,6,107,Anticipación,Prevé los movimientos peligrosos del rival.
23,6,108,Alerta,Indica el movimiento más potente del rival al entrar\nen combate.
23,6,109,Ignorante,Pasa por alto las mejoras en las características del rival\nal atacar.
23,6,110,Cromolente,"Potencia los movimientos que no son muy eficaces, que\ninfligen ahora un daño normal."
23,6,111,Filtro,Mitiga el daño que le infligen los movimientos\nsupereficaces.
23,6,112,Inicio Lento,Baja a la mitad su Ataque y su Velocidad durante cinco\nturnos.
23,6,113,Intrépido,Puede alcanzar a Pokémon de tipo Fantasma con\nmovimientos de tipo Normal o Lucha.
23,6,114,Colector,"Atrae y neutraliza los movimientos de tipo Agua, que\nademás le suben el Ataque Especial."
23,6,115,Gélido,Recupera PS de forma gradual cuando hay tormentas\nde granizo.
23,6,116,Roca Sólida,Mitiga el daño que le infligen los movimientos\nsupereficaces.
23,6,117,Nevada,Invoca una tormenta de granizo al entrar en combate.
23,6,118,Recogemiel,Puede que encuentre Miel una vez concluido el\ncombate.
23,6,119,Cacheo,Puede ver el objeto que lleva el rival al entrar en\ncombate.
23,6,120,Audaz,Potencia los movimientos que también dañan al usuario.
23,6,121,Multitipo,Cambia su tipo al de la tabla que lleve.
23,6,122,Don Floral,"Si hace sol, aumenta su Ataque y su Defensa Especial,\nasí como los de sus aliados."
23,6,123,Mal Sueño,Inflige daño a cualquier rival que esté dormido.
23,6,124,Hurto,"Si el rival usa un movimiento de contacto al atacar,\nle roba el objeto."
23,6,125,Potencia Bruta,"Sube la potencia de sus movimientos en detrimento\nde los efectos secundarios, que se ven anulados."
23,6,126,Respondón,Invierte los cambios en las características: bajan\ncuando les toca subir y suben cuando les toca bajar.
23,6,127,Nerviosismo,Pone nervioso al rival y le impide usar bayas.
23,6,128,Competitivo,Sube mucho su Ataque cuando el rival le baja las\ncaracterísticas.
23,6,129,Flaqueza,Se debilita tanto cuando sus PS se ven reducidos a la\nmitad que su Ataque y su Ataque Especial bajan.
23,6,130,Cuerpo Maldito,Puede anular el movimiento usado en su contra.
23,6,131,Alma Cura,A veces cura los problemas de estado de un aliado.
23,6,132,Compiescolta,Reduce el daño que sufren los aliados.
23,6,133,Armadura Frágil,"Al recibir daño de un ataque físico, le baja la Defensa,\npero le sube mucho la Velocidad."
23,6,134,Metal Pesado,Duplica su peso.
23,6,135,Metal Liviano,Reduce a la mitad su peso.
23,6,136,Multiescamas,Reduce el daño que sufre si sus PS están al máximo.
23,6,137,Ímpetu Tóxico,Aumenta la potencia de sus ataques físicos cuando\nestá envenenado.
23,6,138,Ímpetu Ardiente,Aumenta la potencia de sus ataques especiales cuando\nsufre quemaduras.
23,6,139,Cosecha,Puede reutilizar varias veces una misma baya.
23,6,140,Telepatía,Elude los ataques de los aliados durante el combate.
23,6,141,Veleta,"Una característica le sube mucho en cada turno, pero\nle baja otra."
23,6,142,Funda,"No le afectan las tormentas de arena, el granizo y los\nmovimientos con polvos."
23,6,143,Toque Tóxico,Puede envenenar al objetivo con solo tocarlo.
23,6,144,Regeneración,Recupera unos pocos PS al ser cambiado por otro\nPokémon.
23,6,145,Sacapecho,Impide que el rival le baje la Defensa.
23,6,146,Ímpetu Arena,Aumenta su Velocidad durante las tormentas de arena.
23,6,147,Piel Milagro,Presenta una mayor resistencia ante los movimientos de\nestado.
23,6,148,Cálculo Final,Aumenta la potencia de su movimiento si es el último\nen atacar.
23,6,149,Ilusión,Adopta el aspecto del último Pokémon del equipo al\nentrar en combate para desconcertar al rival.
23,6,150,Impostor,Se transforma en el Pokémon que tiene enfrente.
23,6,151,Allanamiento,Ataca sorteando la barrera o el sustituto del rival.
23,6,152,Momia,Contagia la habilidad Momia al rival que entre en\ncontacto con él.
23,6,153,Autoestima,"Al debilitar a un objetivo, su confianza se refuerza\nde tal manera que aumenta su Ataque."
23,6,154,Justiciero,"Si le alcanza un movimiento de tipo Siniestro, aumenta\nel Ataque debido a su integridad."
23,6,155,Cobardía,"Si le alcanza un movimiento de tipo Siniestro, Bicho o\nFantasma, el miedo hace que le suba la Velocidad."
23,6,156,Espejo Mágico,"Puede devolver los movimientos de estado lanzados\npor el rival, sin verse afectado por ellos."
23,6,157,Herbívoro,Neutraliza los movimientos de tipo Planta y sube su\nAtaque.
23,6,158,Bromista,Sus movimientos de estado tienen prioridad alta.
23,6,159,Poder Arena,"Potencia los movimientos de tipo Tierra, Acero y Roca\ndurante las tormentas de arena."
23,6,160,Punta Acero,Inflige daño al rival si este le golpea con un movimiento\nde contacto.
23,6,161,Modo Daruma,Cambia de forma si sus PS se ven reducidos a la mitad.
23,6,162,Tinovictoria,Sube su Precisión y la de sus aliados.
23,6,163,Turbollama,Las habilidades del objetivo no afectan a los\nmovimientos que emplea.
23,6,164,Terravoltaje,Las habilidades del objetivo no afectan a los\nmovimientos que emplea.
23,6,165,Velo Aroma,Se protege a sí mismo y a sus aliados de ataques que\nimpiden elegir movimientos.
23,6,166,Velo Flor,Evita que los Pokémon de tipo Planta aliados sufran\nproblemas de estado o que les bajen sus características.
23,6,167,Carrillo,Recupera PS al comer cualquier baya.
23,6,168,Mutatipo,Cambia su tipo al del movimiento que va a usar.
23,6,169,Pelaje Recio,Reduce a la mitad el daño que recibe de ataques\nfísicos del rival.
23,6,170,Prestidigitador,Roba el objeto del Pokémon al que alcance con un\nmovimiento.
23,6,171,Antibalas,No le afectan las bombas ni algunos proyectiles.
23,6,172,Tenacidad,Aumenta mucho su Ataque Especial cuando el rival\nle baja cualquiera de sus características.
23,6,173,Mandíbula Fuerte,Su robusta mandíbula le confiere una mordedura\npotente.
23,6,174,Piel Helada,Convierte los movimientos de tipo Normal en tipo\nHielo y aumenta ligeramente su potencia.
23,6,175,Velo Dulce,No cae dormido y evita también que sus aliados se\nduerman.
23,6,176,Cambio Táctico,"Adopta la Forma Filo al lanzar un ataque, o bien la\nForma Escudo si usa el movimiento Escudo Real."
23,6,177,Alas Vendaval,Da prioridad a los movimientos de tipo Volador si sus\nPS están al máximo.
23,6,178,Megadisparador,Aumenta la potencia de algunos movimientos de pulsos\ny auras.
23,6,179,Manto Frondoso,Aumenta su Defensa si hay un campo de hierba en el\nterreno de combate.
23,6,180,Simbiosis,Pasa su objeto a un aliado que ya haya utilizado el suyo.
23,6,181,Garra Dura,Aumenta la potencia de los movimientos de contacto.
23,6,182,Piel Feérica,Convierte los movimientos de tipo Normal en tipo Hada\ny aumenta ligeramente su potencia.
23,6,183,Baba,Baja la Velocidad del rival cuando este le ataca con\nun movimiento de contacto.
23,6,184,Piel Celeste,Convierte los movimientos de tipo Normal en tipo\nVolador y aumenta ligeramente su potencia.
23,6,185,Amor Filial,Une fuerzas con su cría y ataca dos veces.
23,6,186,Aura Oscura,Aumenta la potencia de todos los movimientos de tipo\nSiniestro.
23,6,187,Aura Feérica,Aumenta la potencia de todos los movimientos de tipo\nHada.
23,6,188,Rompeaura,"Invierte los efectos de las auras, por lo que baja la\npotencia de ciertos movimientos en vez de subirla."
23,6,189,Mar del Albor,Altera el clima para anular los ataques de tipo Fuego.
23,6,190,Tierra del Ocaso,Altera el clima para anular los ataques de tipo Agua.
23,6,191,Ráfaga Delta,Altera el clima para anular las vulnerabilidades del tipo\nVolador.
23,6,192,Firmeza,Aumenta su Defensa al recibir un ataque.
23,6,193,Huida,Se asusta y abandona el terreno de combate cuando\nsus PS se ven reducidos a la mitad.
23,6,194,Retirada,Abandona el terreno de combate cuando sus PS se ven\nreducidos a la mitad para evitar males mayores.
23,6,195,Hidrorrefuerzo,Aumenta mucho su Defensa si le alcanza un movimiento\nde tipo Agua.
23,6,196,Ensañamiento,Hace que sus movimientos asesten siempre un golpe\ncrítico si el rival está envenenado.
23,6,197,Escudo Limitado,Rompe su coraza cuando sus PS se ven reducidos a\nla mitad y adopta una forma ofensiva.
23,6,198,Vigilante,"Si el objetivo de su ataque es sustituido por otro,\nduplica el daño que infligirá."
23,6,199,Pompa,Reduce el daño que le provocan los movimientos de\ntipo Fuego y es inmune a las quemaduras.
23,6,200,Acero Templado,Potencia los movimientos de tipo Acero.
23,6,201,Cólera,Aumenta su Ataque Especial si sus PS se ven reducidos\na la mitad debido a algún ataque.
23,6,202,Quitanieves,Aumenta su Velocidad si está granizando.
23,6,203,Remoto,Puede usar cualquier movimiento sin entrar en contacto\ncon el rival.
23,6,204,Voz Fluida,Hace que todos sus movimientos que usan sonido pasen\na ser de tipo Agua.
23,6,205,Primer Auxilio,Da prioridad a los movimientos que restauran PS.
23,6,206,Piel Eléctrica,Convierte los movimientos de tipo Normal en tipo\nEléctrico y aumenta ligeramente su potencia.
23,6,207,Cola Surf,Duplica su Velocidad si hay un campo eléctrico en el\nterreno de combate.
23,6,208,Banco,"Forma bancos con sus congéneres cuando tiene muchos\nPS, lo cual le otorga más fuerza. Cuando le quedan\npocos PS, el banco se dispersa."
23,6,209,Disfraz,Puede eludir un ataque valiéndose de la tela que le\ncubre el cuerpo una vez por combate.
23,6,210,Fuerte Afecto,"Al derrotar a un rival, los vínculos con su Entrenador\nse refuerzan y se convierte en Greninja Ash. Su Shuriken\nde Agua también se ve potenciado."
23,6,211,Agrupamiento,"Cuando sus PS se ven reducidos a la mitad, las células\nse reagrupan y adopta su Forma Completa."
23,6,212,Corrosión,Puede envenenar incluso a rivales de tipo Acero o\nVeneno.
23,6,213,Letargo Perenne,No despierta jamás de su profundo letargo e incluso\nataca dormido.
23,6,214,Regia Presencia,Intimida al objetivo y le impide usar movimientos con\nprioridad.
23,6,215,Revés,"Al caer debilitado, inflige al rival un daño equivalente\na los PS que le quedaran."
23,6,216,Pareja de Baile,Puede copiar inmediatamente cualquier movimiento\nde baile que haya usado otro Pokémon presente en\nel combate.
23,6,217,Batería,Potencia los ataques especiales de los aliados.
23,6,218,Peluche,"Reduce a la mitad el daño provocado por los\nmovimientos de contacto, pero duplica el infligido\npor los de tipo Fuego."
23,6,219,Cuerpo Vívido,Desconcierta al rival y le impide utilizar movimientos\ncon prioridad en su contra.
23,6,220,Coránima,Aumenta su Ataque Especial cada vez que un Pokémon\ncae debilitado.
23,6,221,Rizos Rebeldes,Baja la Velocidad del rival cuando este le ataca con un\nmovimiento de contacto.
23,6,222,Receptor,Adquiere la habilidad de un aliado debilitado.
23,6,223,Reacción Química,Reacciona copiando la habilidad de un aliado\ndebilitado.
23,6,224,Ultraimpulso,"Si derrota a un rival en ese turno, aumenta su\ncaracterística más fuerte."
23,6,225,Sistema Alfa,Cambia su tipo según el disco que lleve instalado.
23,6,226,Electrogénesis,Crea un campo eléctrico al entrar en combate.
23,6,227,Psicogénesis,Crea un campo psíquico al entrar en combate.
23,6,228,Nebulogénesis,Crea un campo de niebla al entrar en combate.
23,6,229,Herbogénesis,Crea un campo de hierba al entrar en combate.
23,6,230,Guardia Metálica,Evita que bajen sus características a causa de\nmovimientos o habilidades de otros Pokémon.
23,6,231,Guardia Espectro,Reduce el daño que sufre si sus PS están al máximo.
23,6,232,Armadura Prisma,Mitiga el daño que le infligen los movimientos\nsupereficaces.
23,6,233,Fuerza Cerebral,Potencia los ataques supereficaces.
23,6,234,Espada Indómita,Aumenta su Ataque al entrar en combate.
23,6,235,Escudo Recio,Aumenta su Defensa al entrar en combate.
23,6,236,Líbero,Cambia su tipo al del movimiento que va a usar.
23,6,237,Recogebolas,"Si no lleva equipado ningún objeto, recupera la\nPoké Ball del primer intento de captura fallido."
23,6,238,Pelusa,"Al ser alcanzado por un ataque, suelta una pelusa de\nalgodón que reduce la Velocidad de todos los demás\nPokémon."
23,6,239,Hélice Caudal,Impide que el rival pueda atraer ataques hacia sí mismo\npor efecto de su habilidad o sus movimientos.
23,6,240,Coraza Reflejo,Refleja los efectos que reducen las características.
23,6,241,Tragamisil,"Tras usar Surf o Buceo, emerge con una presa en la\nboca. Al recibir daño, ataca escupiéndola al rival."
23,6,242,Acérrimo,Impide que el rival pueda atraer ataques hacia sí mismo\npor efecto de su habilidad o sus movimientos.
23,6,243,Combustible,"Si le alcanza un movimiento de tipo Fuego o Agua,\nle sube muchísimo la Velocidad."
23,6,244,Punk Rock,Potencia los movimientos que usan sonido y reduce\na la mitad el daño que le infligen dichos movimientos.
23,6,245,Expulsarena,Provoca una tormenta de arena al recibir un ataque.
23,6,246,Escama de Hielo,Las gélidas escamas que protegen su cuerpo reducen a\nla mitad el daño que le infligen los ataques especiales.
23,6,247,Maduración,"Hace madurar las bayas, por lo que duplica sus efectos."
23,6,248,Cara de Hielo,"Absorbe el daño de un ataque físico con el hielo de\nla cabeza, tras lo cual cambia de forma. El hielo se\nregenerará la próxima vez que granice."
23,6,249,Fuente Energía,Potencia los movimientos de los Pokémon adyacentes.
23,6,250,Mimetismo,Cambia su tipo según el campo que haya en el terreno\nde combate.
23,6,251,Antibarrera,"Anula los efectos de Pantalla de Luz, Reflejo y Velo\nAurora tanto de rivales como de aliados al entrar en\ncombate."
23,6,252,Alma Acerada,Potencia los movimientos de tipo Acero de los aliados.
23,6,253,Cuerpo Mortal,"Si le alcanza un movimiento de contacto, se debilitará\nal cabo de 3 turnos, así como su agresor, a menos que\nabandonen el terreno de combate."
23,6,254,Alma Errante,"Si le alcanza un movimiento de contacto, intercambia\nsu habilidad con la del agresor."
23,6,255,Monotema,"Potencia su Ataque, pero solo puede usar el primer\nmovimiento escogido."
23,6,256,Gas Reactivo,Anula los efectos de las habilidades de los demás\nPokémon presentes mientras esté en el terreno de\ncombate.
23,6,257,Velo Pastel,Se protege a sí mismo y a sus aliados del\nenvenenamiento.
23,6,258,Mutapetito,Alterna entre su Forma Saciada y Forma Voraz al final\nde cada turno.
23,6,259,Mano Rápida,"A veces, puede atacar el primero."
23,6,260,Puño Invisible,"Si usa un movimiento de contacto, puede infligir daño\nal objetivo aunque este se proteja."
23,6,261,Medicina Extraña,"Al entrar en combate, rezuma una substancia medicinal\npor la caracola que revierte los cambios en las\ncaracterísticas de los aliados."
23,6,262,Transistor,Potencia los movimientos de tipo Eléctrico.
23,6,263,Mandíbula Dragón,Potencia los movimientos de tipo Dragón.
23,6,264,Relincho Blanco,"Al derrotar a un objetivo, emite un relincho gélido y\naumenta su Ataque."
23,6,265,Relincho Negro,"Al derrotar a un objetivo, emite un relincho aterrador y\naumenta su Ataque Especial."
23,6,266,Unidad Ecuestre,El Pokémon tiene dos habilidades: Relincho Blanco de\nGlastrier y Nerviosismo de Calyrex.
23,6,267,Unidad Ecuestre,El Pokémon tiene dos habilidades: Relincho Negro de\nSpectrier y Nerviosismo de Calyrex.
23,7,1,악취,악취를 풍겨서\n공격했을 때 상대가\n풀죽을 때가 있다.
23,7,2,잔비,등장했을 때\n날씨를 비로 만든다.
23,7,3,가속,매 턴 스피드가 올라간다.
23,7,4,전투무장,단단한 껍질에 보호받아\n상대의 공격이\n급소에 맞지 않는다.
23,7,5,옹골참,상대의 기술로 공격받아도\n일격으로 쓰러지지 않는다.\n일격필살 기술도 효과 없다.
23,7,6,습기,주변을 습하게 함으로써\n자폭 등 폭발하는 기술을\n아무도 못 쓰게 한다.
23,7,7,유연,유연한 몸으로 인해\n마비 상태가 되지 않는다.
23,7,8,모래숨기,모래바람일 때\n회피율이 올라간다.
23,7,9,정전기,정전기를 몸에 둘러\n자신에게 접촉한 상대를\n마비시킬 때가 있다.
23,7,10,축전,전기타입의 기술로 공격받으면\n데미지를 받지 않고 회복한다.
23,7,11,저수,물타입의 기술로 공격받으면\n데미지를 받지 않고 회복한다.
23,7,12,둔감,둔감해서\n헤롱헤롱이나 도발 상태가\n되지 않는다.
23,7,13,날씨부정,모든 날씨의 영향이\n없어진다.
23,7,14,복안,복안을 가지고 있어\n기술의 명중률이 올라간다.
23,7,15,불면,잠들지 못하는 체질이라\n잠듦 상태가 되지 않는다.
23,7,16,변색,상대에게 받은 기술의 타입으로\n자신의 타입이 변화한다.
23,7,17,면역,체내에 면역을 가지고 있어\n독 상태가 되지 않는다.
23,7,18,타오르는불꽃,불꽃타입의 기술로 공격받으면\n불꽃을 받아서 자신이 사용하는\n불꽃타입의 기술이 강해진다.
23,7,19,인분,인분에 보호받아\n기술의 추가 효과를 받지 않게 된다.
23,7,20,마이페이스,마이페이스라서\n혼란 상태가 되지 않는다.
23,7,21,흡반,흡반으로 지면에 달라붙어\n포켓몬을 교체시키는 기술이나\n도구의 효과를 발휘하지 못하게 한다.
23,7,22,위협,등장했을 때 위협해서\n상대를 위축시켜\n상대의 공격을 떨어뜨린다.
23,7,23,그림자밟기,상대의 그림자를 밟아\n도망치거나 교체할 수 없게 한다.
23,7,24,까칠한피부,공격을 받았을 때\n자신에게 접촉한 상대를\n까칠까칠한 피부로 상처를 입힌다.
23,7,25,불가사의부적,효과가 굉장한 기술만\n맞는 불가사의한 힘.
23,7,26,부유,땅에서 뜨는 성질 때문에\n땅타입의 기술로 공격받지 않는다.
23,7,27,포자,"공격으로 자신에게 접촉한 상대를\n독이나 마비, 잠듦 상태로\n만들 때가 있다."
23,7,28,싱크로,"자신이 걸린\n독이나 마비, 화상을\n상대에게 옮긴다."
23,7,29,클리어바디,상대 기술이나 특성으로\n능력이 떨어지지 않는다.
23,7,30,자연회복,지닌 포켓몬으로 돌아오면\n상태 이상이 회복된다.
23,7,31,피뢰침,전기타입의 기술을 자신에게\n끌어모아 데미지를 받지 않고\n특수공격을 올린다.
23,7,32,하늘의은총,하늘의 은총 덕분에\n기술의 추가 효과가 나오기 쉽다.
23,7,33,쓱쓱,비가 오는 날씨일 때\n스피드가 올라간다.
23,7,34,엽록소,날씨가 맑을 때\n스피드가 올라간다.
23,7,35,발광,주변을 밝게 하여\n야생 포켓몬과\n만나기 쉬워진다.
23,7,36,트레이스,등장했을 때\n상대의 특성을 트레이스해서\n같은 특성이 된다.
23,7,37,천하장사,물리공격의\n위력이 2배가 된다.
23,7,38,독가시,자신에게 접촉한 상대를\n독 상태로 만들 때가 있다.
23,7,39,정신력,단련한 정신 덕분에\n상대의 공격에 풀죽지 않는다.
23,7,40,마그마의무장,뜨거운 마그마를 몸에 둘러서\n얼음 상태가 되지 않는다.
23,7,41,수의베일,물의 베일을 몸에 둘러서\n화상 상태가 되지 않는다.
23,7,42,자력,강철타입의 포켓몬을\n자력으로 끌어모아\n도망칠 수 없게 한다.
23,7,43,방음,소리를 차단하여\n소리 공격을 받지 않는다.
23,7,44,젖은접시,비가 오는 날씨일 때\n조금씩 HP를 회복한다.
23,7,45,모래날림,등장했을 때\n날씨를 모래바람으로 만든다.
23,7,46,프레셔,프레셔를 줘서\n상대가 쓰는 기술의 PP를\n많이 줄인다.
23,7,47,두꺼운지방,두꺼운 지방으로 보호되고 있어\n불꽃타입과 얼음타입의\n기술의 데미지를 반감시킨다.
23,7,48,일찍기상,잠듦 상태가 되어도\n2배 빠르게\n깨어날 수 있다.
23,7,49,불꽃몸,자신에게 접촉한 상대를\n화상 상태로 만들 때가 있다.
23,7,50,도주,야생 포켓몬으로부터\n반드시 도망칠 수 있다.
23,7,51,날카로운눈,날카로운 눈 덕분에\n명중률이 떨어지지 않는다.
23,7,52,괴력집게,힘이 자랑인 집게를 가지고 있어\n상대가 공격을 떨어뜨리지 못하게 한다.
23,7,53,픽업,상대가 사용한 도구를\n주워 올 때가 있다.\n모험 중에도 주워 온다.
23,7,54,게으름,기술을 사용하면\n다음 턴은 쉰다.
23,7,55,의욕,자신의 공격이 높아지지만\n명중률이 떨어진다.
23,7,56,헤롱헤롱바디,자신에게 접촉한 상대를\n헤롱헤롱하게 만들 때가 있다.
23,7,57,플러스,플러스나 마이너스의 특성을 가진\n포켓몬이 동료에 있으면\n자신의 특수공격이 올라간다.
23,7,58,마이너스,플러스나 마이너스의 특성을 가진\n포켓몬이 동료에 있으면\n자신의 특수공격이 올라간다.
23,7,59,기분파,"날씨의 영향을 받아\n물타입, 불꽃타입, 얼음타입 중\n하나로 변화한다."
23,7,60,점착,점성이 높은 몸에\n도구가 달라붙어 있어\n상대에게 도구를 뺏기지 않는다.
23,7,61,탈피,몸의 껍질을 벗어 던져\n상태 이상을\n회복할 때가 있다.
23,7,62,근성,상태 이상이 되면\n근성을 보여서\n공격이 올라간다.
23,7,63,이상한비늘,상태 이상이 되면\n이상한 비늘이 반응해서\n방어가 올라간다.
23,7,64,해감액,해감액을 흡수한 상대는\n강렬한 악취로\n데미지를 받아 HP가 줄어든다.
23,7,65,심록,HP가 줄었을 때\n풀타입 기술의\n위력이 올라간다.
23,7,66,맹화,HP가 줄었을 때\n불꽃타입 기술의\n위력이 올라간다.
23,7,67,급류,HP가 줄었을 때\n물타입 기술의\n위력이 올라간다.
23,7,68,벌레의알림,HP가 줄었을 때\n벌레타입 기술의\n위력이 올라간다.
23,7,69,돌머리,반동을 받는 기술을 사용해도\nHP가 줄지 않는다.
23,7,70,가뭄,등장했을 때\n날씨를 맑음으로 만든다.
23,7,71,개미지옥,배틀에서 상대를\n도망칠 수 없게 한다.
23,7,72,의기양양,의기양양해져서\n잠듦 상태가 되지 않는다.
23,7,73,하얀연기,하얀 연기의 보호를 받아\n상대가 능력을 떨어뜨리지 못하게 한다.
23,7,74,순수한힘,요가의 힘으로\n물리공격의 위력이\n2배가 된다.
23,7,75,조가비갑옷,단단한 껍질의 보호를 받아\n상대의 공격이\n급소에 맞지 않는다.
23,7,76,에어록,모든 날씨의 영향이\n없어진다.
23,7,77,갈지자걸음,혼란 상태일 때는\n회피율이 올라간다.
23,7,78,전기엔진,전기타입의 기술로 공격받으면\n데미지를 받지 않고\n스피드가 올라간다.
23,7,79,투쟁심,성별이 같으면\n투쟁심을 불태워 강해진다.\n성별이 다르면 약해진다.
23,7,80,불굴의마음,풀죽을 때마다\n불굴의 마음을 불태워\n스피드가 올라간다.
23,7,81,눈숨기,날씨가 싸라기눈일 때\n회피율이 올라간다.
23,7,82,먹보,HP가 줄어들면 먹을\n나무열매를 HP가\n절반일 때 먹어 버린다.
23,7,83,분노의경혈,급소에 공격이 맞으면\n크게 분노해 공격력이\n최대가 된다.
23,7,84,곡예,지니던 도구가 없어지면\n스피드가 올라간다.
23,7,85,내열,내열인 몸으로 인해\n불꽃타입 공격의\n데미지를 반감한다.
23,7,86,단순,능력 변화가\n평소의 2배가 된다.
23,7,87,건조피부,비가 오는 날씨나\n물타입의 기술로 공격받으면 HP가 회복되고\n맑을 때나 불꽃타입의 기술로 공격받으면 줄어든다.
23,7,88,다운로드,상대의 방어와 특수방어를 비교해서\n낮은 쪽 능력에 맞춰서\n자신의 공격이나 특수공격을 올린다.
23,7,89,철주먹,펀치를 사용하는 기술의\n위력이 올라간다.
23,7,90,포이즌힐,독 상태가 되면\nHP가 줄지 않고 증가한다.
23,7,91,적응력,자신과 같은 타입인\n기술의 위력이 올라간다.
23,7,92,스킬링크,연속 기술을 사용하면 항상\n최고 횟수로 사용할 수 있다.
23,7,93,촉촉바디,비가 오는 날씨일 때\n상태 이상이 회복된다.
23,7,94,선파워,날씨가 맑으면\n특수공격이 올라가지만\n매 턴 HP가 줄어든다.
23,7,95,속보,상태 이상이 되면\n스피드가 올라간다.
23,7,96,노말스킨,사용하는 기술의 타입이\n모두 노말타입이 된다.\n위력이 조금 올라간다.
23,7,97,스나이퍼,공격을 급소에 맞혔을 때\n위력이 더욱 올라간다.
23,7,98,매직가드,공격 이외에는\n데미지를 받지 않는다.
23,7,99,노가드,노가드전법에 따라\n서로가 사용하는 기술이\n반드시 맞게 된다.
23,7,100,시간벌기,기술을 사용하는 순서가\n반드시 마지막이 된다.
23,7,101,테크니션,위력이 약한 기술의\n위력을 올려서 공격할 수 있다.
23,7,102,리프가드,날씨가 맑을 때는\n상태 이상이 되지 않는다.
23,7,103,서투름,지니고 있는 도구를\n쓸 수 없다.
23,7,104,틀깨기,상대 특성에\n방해받지 않고 상대에게\n기술을 쓸 수 있다.
23,7,105,대운,대운을 가지고 있어\n상대의 급소에\n공격이 맞기 쉽다.
23,7,106,유폭,기절했을 때\n접촉한 상대에게\n데미지를 준다.
23,7,107,위험예지,상대가 지닌 위험한 기술을\n감지할 수 있다.
23,7,108,예지몽,등장했을 때\n상대가 지닌 기술을\n하나만 간파한다.
23,7,109,천진,상대의 능력 변화를\n무시하고 공격할 수 있다.
23,7,110,색안경,효과가 별로인 기술을\n통상의 위력으로\n쓸 수 있다.
23,7,111,필터,자신이 받는 효과가 굉장한\n공격의 위력을\n약하게 만든다.
23,7,112,슬로스타트,5턴 동안\n공격과 스피드가\n절반이 된다.
23,7,113,배짱,고스트타입 포켓몬에게\n노말타입과 격투타입의\n기술을 맞게 한다.
23,7,114,마중물,물타입의 기술을 자신에게\n끌어모아 데미지를 받지 않고\n특수공격이 올라간다.
23,7,115,아이스바디,날씨가 싸라기눈일 때 HP를\n조금씩 회복한다.
23,7,116,하드록,자신이 받는 효과가 굉장한\n공격의 위력을\n약하게 만든다.
23,7,117,눈퍼뜨리기,등장했을 때\n날씨를 싸라기눈으로 만든다.
23,7,118,꿀모으기,배틀이 끝났을 때\n달콤한꿀을 주울 때가 있다.
23,7,119,통찰,등장했을 때\n상대의 지닌 물건을\n통찰할 수 있다.
23,7,120,이판사판,반동 데미지를\n받는 기술의 위력이 올라간다.
23,7,121,멀티타입,지니고 있는 플레이트에\n따라 타입이 바뀐다.
23,7,122,플라워기프트,날씨가 맑을 때\n자신과 같은 편의 공격과\n특수방어의 능력이 올라간다.
23,7,123,나이트메어,잠듦 상태의 상대에게\n데미지를 준다.
23,7,124,나쁜손버릇,자신에게 접촉한 상대의\n도구를 훔친다.
23,7,125,우격다짐,기술의 추가 효과가 없어지지만\n그만큼 높은 위력으로\n기술을 사용할 수 있다.
23,7,126,심술꾸러기,능력의 변화가 역전해서\n올라갈 때 떨어지고\n떨어질 때 올라간다.
23,7,127,긴장감,상대를 긴장시켜 나무열매를\n먹지 못하게 한다.
23,7,128,오기,능력이 떨어지면\n공격이 크게 올라간다.
23,7,129,무기력,HP가 절반이 되면\n무기력해져서 공격과\n특수공격이 반감된다.
23,7,130,저주받은바디,공격을 받으면 상대의 기술을\n사슬묶기 상태로\n만들 때가 있다.
23,7,131,치유의마음,같은 편의 상태 이상을\n가끔 회복시킨다.
23,7,132,프렌드가드,같은 편의 데미지를\n줄일 수 있다.
23,7,133,깨어진갑옷,물리 기술로 데미지를 받으면\n방어가 떨어지고\n스피드가 크게 올라간다.
23,7,134,헤비메탈,자신의 무게가\n2배가 된다.
23,7,135,라이트메탈,자신의 무게가\n절반이 된다.
23,7,136,멀티스케일,HP가 꽉 찼을 때\n받는 데미지가 줄어든다.
23,7,137,독폭주,독 상태가 되었을 때\n물리 기술의 위력이 올라간다.
23,7,138,열폭주,화상 상태가 되었을 때\n특수 기술의 위력이 올라간다.
23,7,139,수확,사용한 나무열매를\n몇 번이고 만들어 낸다.
23,7,140,텔레파시,같은 편의 공격을 간파하여\n기술을 회피한다.
23,7,141,변덕쟁이,매 턴 능력 중 하나가\n크게 오르고 하나가 떨어진다.
23,7,142,방진,모래바람이나 싸라기눈 등의\n데미지를 입지 않는다.\n가루 기술의 효과도 받지 않는다.
23,7,143,독수,접촉하기만 해도 상대를\n독 상태로 만들 때가 있다.
23,7,144,재생력,지닌 포켓몬으로 돌아오면\nHP를 조금 회복한다.
23,7,145,부풀린가슴,방어를 떨어뜨리는\n효과를 받지 않는다.
23,7,146,모래헤치기,날씨가 모래바람일 때\n스피드가 올라간다.
23,7,147,미라클스킨,변화 기술로 공격받기 어려운\n몸으로 되어 있다.
23,7,148,애널라이즈,제일 마지막에 기술을 쓰면\n기술의 위력이 올라간다.
23,7,149,일루전,지닌 포켓몬 중 제일 뒤에 있는\n포켓몬으로 둔갑하여 나와서\n상대를 속인다.
23,7,150,괴짜,눈앞의 포켓몬으로\n변신해 버린다.
23,7,151,틈새포착,상대의 벽이나 대타출동을\n뚫고 공격할 수 있다.
23,7,152,미라,상대가 접촉하면\n상대를 미라로 만들어 버린다.
23,7,153,자기과신,상대를 쓰러뜨리면\n자신감이 붙어서\n공격이 올라간다.
23,7,154,정의의마음,악타입 공격을 받으면\n정의감으로 공격이 올라간다.
23,7,155,주눅,"악타입과 고스트타입,\n벌레타입의 기술로 공격받으면\n주눅이 들어 스피드가 올라간다."
23,7,156,매직미러,상대가 쓴 변화 기술로 공격받지 않고\n그대로 되돌려줄 수 있다.
23,7,157,초식,풀타입 기술로 공격받으면\n데미지를 입지 않고\n공격이 올라간다.
23,7,158,짓궂은마음,변화 기술을 먼저\n쓸 수 있다.
23,7,159,모래의힘,"날씨가 모래바람일 때\n바위타입과 땅타입,\n강철타입 기술의 위력이 올라간다."
23,7,160,철가시,자신에게 접촉한 상대에게\n철가시로 데미지를 준다.
23,7,161,달마모드,HP가 절반 이하가 되면\n모습이 변화한다.
23,7,162,승리의별,자신과 같은 편의\n명중률이 올라간다.
23,7,163,터보블레이즈,상대 특성에 방해받지 않고\n상대에게 기술을 쓸 수 있다.
23,7,164,테라볼티지,상대 특성에 방해받지 않고\n상대에게 기술을 쓸 수 있다.
23,7,165,아로마베일,자신과 같은 편으로 향하는\n멘탈 공격을 막을 수 있다.
23,7,166,플라워베일,같은 편의 풀타입 포켓몬은\n능력이 떨어지지 않고\n상태 이상도 되지 않는다.
23,7,167,볼주머니,나무열매를 먹으면\n추가로 HP를 회복한다.
23,7,168,변환자재,자신이 사용한 기술과\n같은 타입으로 변화한다.
23,7,169,퍼코트,상대로부터 받는 물리 기술의\n데미지가 절반이 된다.
23,7,170,매지션,기술을 맞은 상대의\n도구를 빼앗아 버린다.
23,7,171,방탄,상대의 구슬이나 폭탄 등의\n기술을 막을 수 있다.
23,7,172,승기,능력이 떨어지면\n특수공격이 크게 올라간다.
23,7,173,옹골찬턱,턱이 튼튼하여\n무는 기술의 위력이\n올라간다.
23,7,174,프리즈스킨,노말타입의 기술이\n얼음타입이 된다.\n위력이 조금 올라간다.
23,7,175,스위트베일,같은 편의 포켓몬이\n잠들지 않게 된다.
23,7,176,배틀스위치,공격 기술을 쓰면 블레이드폼으로\n기술 킹실드를 쓰면\n실드폼으로 변한다.
23,7,177,질풍날개,HP가 꽉 찼을 때\n비행타입의 기술을\n먼저 쓸 수 있다.
23,7,178,메가런처,파동 기술의\n위력이 올라간다.
23,7,179,풀모피,그래스필드일 때\n방어가 올라간다.
23,7,180,공생,같은 편이 도구를 쓰면\n자신이 지니고 있는 도구를\n같은 편에게 건넨다.
23,7,181,단단한발톱,상대에게 접촉하는 기술의\n위력이 올라간다.
23,7,182,페어리스킨,노말타입의 기술이\n페어리타입이 된다.\n위력이 조금 올라간다.
23,7,183,미끈미끈,공격으로 자신에게 접촉한 상대의\n스피드를 떨어뜨린다.
23,7,184,스카이스킨,노말타입의 기술이\n비행타입이 된다.\n위력이 조금 올라간다.
23,7,185,부자유친,부모와 자식 2마리로 2번\n공격할 수 있다.
23,7,186,다크오라,전원의 악타입\n기술이 강해진다.
23,7,187,페어리오라,전원의 페어리타입\n기술이 강해진다.
23,7,188,오라브레이크,오라의 효과를 역전시켜\n위력을 떨어뜨린다.
23,7,189,시작의바다,불꽃타입의 공격을\n받지 않는 날씨로 만든다.
23,7,190,끝의대지,물타입의 공격을\n받지 않는 날씨로 만든다.
23,7,191,델타스트림,비행타입의 약점이\n없어지는 날씨로 만든다.
23,7,192,지구력,공격을 받으면\n방어가 올라간다.
23,7,193,도망태세,HP가 절반이 되면\n황급히 도망쳐서\n지닌 포켓몬으로 돌아간다.
23,7,194,위기회피,HP가 절반이 되면\n위험을 회피하기 위해\n지닌 포켓몬으로 돌아간다.
23,7,195,꾸덕꾸덕굳기,물타입의 기술로 공격받으면\n방어가 크게 올라간다.
23,7,196,무도한행동,독 상태의\n상대를 공격하면\n반드시 급소에 맞는다.
23,7,197,리밋실드,HP가 절반이 되면\n껍질이 깨져\n공격적으로 된다.
23,7,198,잠복,교체로 나온 상대에게\n2배 데미지로 공격할 수 있다.
23,7,199,수포,자신을 향하는 불꽃타입\n기술의 위력을 떨어뜨린다.\n화상을 입지 않는다.
23,7,200,강철술사,강철타입 기술의\n위력이 올라간다.
23,7,201,발끈,상대의 공격으로\nHP가 절반이 되면\n특수공격이 올라간다.
23,7,202,눈치우기,날씨가 싸라기눈일 때\n스피드가 올라간다.
23,7,203,원격,모든 기술을\n상대에게 접촉하지 않고\n사용할 수 있다.
23,7,204,촉촉보이스,모든 소리 기술이\n물타입이 된다.
23,7,205,힐링시프트,회복 기술을 먼저\n사용할 수 있다.
23,7,206,일렉트릭스킨,노말타입 기술이\n전기타입이 된다.\n위력이 조금 올라간다.
23,7,207,서핑테일,일렉트릭필드일 때\n스피드가 2배가 된다.
23,7,208,어군,HP가 많을 때 무리지어 강해진다.\nHP가 얼마 남지 않으면\n무리는 뿔뿔이 흩어진다.
23,7,209,탈,몸을 덮는 탈로\n1번 공격을 막을 수 있다.
23,7,210,유대변화,상대를 쓰러뜨리면 트레이너와의\n유대감이 깊어져서 지우개굴닌자로\n변한다. 물수리검이 강해진다.
23,7,211,스웜체인지,HP가 절반이 되면\n셀들이 응원하러 달려와\n퍼펙트폼으로 모습이 변한다.
23,7,212,부식,강철타입이나 독타입 포켓몬도\n독 상태로 만들 수 있다.
23,7,213,절대안깸,항상 비몽사몽 상태로\n절대 깨지 않는다.\n잠든 상태로 공격할 수 있다.
23,7,214,여왕의위엄,상대에게 위압감을 줘서\n이쪽을 향한 선제 기술을\n사용할 수 없게 한다.
23,7,215,내용물분출,상대에게 쓰러졌을 때\n남아 있던 HP의 양만큼\n상대에게 데미지를 준다.
23,7,216,무희,누군가 춤 기술을 쓰면\n자신도 이어서\n춤 기술을 쓸 수 있다.
23,7,217,배터리,같은 편 특수 기술의\n위력을 올린다.
23,7,218,복슬복슬,상대로부터 받은 접촉하는 기술의\n데미지를 반감시키지만 불꽃타입\n기술의 데미지는 2배가 된다.
23,7,219,비비드바디,상대를 놀라게 해서\n이쪽을 향한 선제 기술을\n사용할 수 없게 한다.
23,7,220,소울하트,포켓몬이 기절할 때마다\n특수공격이 올라간다.
23,7,221,컬리헤어,공격으로 자신에게 접촉한 상대의\n스피드를 떨어뜨린다.
23,7,222,리시버,쓰러진 같은 편의 특성을\n이어받아 같은 특성이 된다.
23,7,223,과학의힘,쓰러진 같은 편의 특성을\n이어받아 같은 특성으로 바뀐다.
23,7,224,비스트부스트,상대를 기절시켰을 때\n자신의 가장 높은\n능력이 올라간다.
23,7,225,AR시스템,지니고 있는 메모리로\n자신의 타입이 변한다.
23,7,226,일렉트릭메이커,등장했을 때\n일렉트릭필드를 사용한다.
23,7,227,사이코메이커,등장했을 때\n사이코필드를 사용한다.
23,7,228,미스트메이커,등장했을 때\n미스트필드를 사용한다.
23,7,229,그래스메이커,등장했을 때\n그래스필드를 사용한다.
23,7,230,메탈프로텍트,상대 기술이나 특성으로\n능력이 떨어지지 않는다.
23,7,231,스펙터가드,HP가 꽉 찼을 때\n받는 데미지가 줄어든다.
23,7,232,프리즘아머,자신이 받는 효과가 굉장한\n공격의 위력을\n약하게 만든다.
23,7,233,브레인포스,효과가 굉장한 공격의\n위력이 더욱 올라간다.
23,7,234,불요의검,등장했을 때\n공격이 올라간다.
23,7,235,불굴의방패,등장했을 때\n방어가 올라간다.
23,7,236,리베로,자신이 사용한 기술과\n같은 타입으로 변화한다.
23,7,237,볼줍기,도구를 지니고 있지 않은 경우\n첫 번째로 던져서 실패한\n몬스터볼을 주워 온다.
23,7,238,솜털,공격을 받으면 솜털을 흩뿌려서\n자신을 제외한 모든 포켓몬의\n스피드를 떨어뜨린다.
23,7,239,스크루지느러미,상대의 기술을 끌어모으는\n특성이나 기술의\n영향을 받지 않는다.
23,7,240,미러아머,자신이 받는\n능력 다운 효과에 한해\n되받아친다.
23,7,241,그대로꿀꺽미사일,파도타기나 다이빙을 쓰면\n먹이를 물어 온다. 데미지를\n받으면 먹이를 토해내서 공격한다.
23,7,242,굳건한신념,상대의 기술을 끌어모으는\n특성이나 기술의\n영향을 받지 않는다.
23,7,243,증기기관,물타입이나 불꽃타입\n기술로 공격받으면\n스피드가 매우 크게 올라간다.
23,7,244,펑크록,소리 기술의 위력이 올라간다.\n상대로부터 받는 소리 기술의\n데미지는 절반이 된다.
23,7,245,모래뿜기,공격을 받으면\n모래바람을 일으킨다.
23,7,246,얼음인분,얼음인분의 보호를 받아\n특수공격으로 받는\n데미지가 절반이 된다.
23,7,247,숙성,나무열매를\n숙성시켜서\n효과가 2배가 된다.
23,7,248,아이스페이스,물리공격을 머리의 얼음이\n대신 맞아 주지만 모습도 바뀐다.\n얼음은 싸라기눈이 내리면 원래대로 돌아온다.
23,7,249,파워스폿,옆에 있기만 해도\n기술의 위력이 올라간다.
23,7,250,의태,필드의 상태에 따라\n포켓몬의 타입이 바뀐다.
23,7,251,배리어프리,"등장했을 때 상대와 같은 편의\n빛의장막, 리플렉터, 오로라베일의\n효과가 사라진다."
23,7,252,강철정신,같은 편의 강철타입\n공격의 위력이 올라간다.
23,7,253,멸망의바디,접촉하는 기술로 공격받으면\n3턴 후에 양쪽 모두 기절한다.\n교체되면 효과가 없어진다.
23,7,254,떠도는영혼,접촉하는 기술로\n공격해 온 포켓몬과\n특성을 바꾼다.
23,7,255,무아지경,공격이 올라가지만\n처음에 선택한\n기술 외에는 쓸 수 없게 된다.
23,7,256,화학변화가스,화학변화가스를 가진 포켓몬이 배틀에 나와 있으면\n모든 포켓몬이 가진 특성의 효과가\n사라지거나 발동하지 않게 된다.
23,7,257,파스텔베일,자신과 같은 편은\n독 상태가 되지 않는다.
23,7,258,꼬르륵스위치,"턴이 끝날 때마다 배부른 모양,\n배고픈 모양, 배부른 모양...으로\n번갈아서 모습을 바꾼다."
23,7,259,퀵드로,상대보다 먼저\n행동할 수도 있다.
23,7,260,보이지않는주먹,상대에게 접촉하는 기술을 사용하면\n방어의 효과를 무시하고 공격할 수 있다.
23,7,261,기묘한약,등장했을 때\n조개껍질에서 약을 흩뿌려서\n능력 변화를 원래대로 되돌린다.
23,7,262,트랜지스터,전기타입 기술의\n위력이 올라간다.
23,7,263,용의턱,드래곤타입 기술의\n위력이 올라간다.
23,7,264,백의울음,상대를 쓰러뜨리면\n차가운 울음소리를 내면서\n공격이 올라간다.
23,7,265,흑의울음,상대를 쓰러뜨리면\n무서운 울음소리를 내면서\n특수공격이 올라간다.
23,7,266,혼연일체,버드렉스의 긴장감과\n블리자포스의 백의울음\n두 가지 특성을 겸비한다.
23,7,267,혼연일체,버드렉스의 긴장감과\n레이스포스의 흑의울음\n두 가지 특성을 겸비한다.
23,8,1,あくしゅう,臭い　においを　放つことによって\n攻撃した　ときに　相手を\nひるませることが　ある。
23,8,2,あめふらし,登場　したときに\n天気を　雨に　する。
23,8,3,かそく,毎ターン　素早さが　上がる。
23,8,4,カブトアーマー,硬い　甲羅に　守られて\n相手の　攻撃が\n急所に　当たらない。
23,8,5,がんじょう,相手の　技を　受けても\n一撃で　倒されることが　ない。\n一撃必殺技も　効かない。
23,8,6,しめりけ,あたりを　湿らせることに　よって\nじばく　などの　爆発する　技を\nだれも　使えなくなる。
23,8,7,じゅうなん,柔軟な　体によって\nまひ状態に　ならない。
23,8,8,すながくれ,砂あらしの　とき\n回避率が　上がる。
23,8,9,せいでんき,静電気を　体に　まとい\n触った　相手を\nまひさせる　ことがある。
23,8,10,ちくでん,でんきタイプの　技を　受けると\nダメージを　受けずに　回復する。
23,8,11,ちょすい,みずタイプの　技を　受けると\nダメージを　受けずに　回復する。
23,8,12,どんかん,鈍感なので\nメロメロや　ちょうはつ状態に\nならない。
23,8,13,ノーてんき,あらゆる　天気の　影響が\nなくなって　しまう。
23,8,14,ふくがん,複眼を　持っているため\n技の　命中率が　上がる。
23,8,15,ふみん,眠れない　体質　なので\nねむり状態に　ならない。
23,8,16,へんしょく,相手から　受けた　技の　タイプに\n自分の　タイプが　変化　する。
23,8,17,めんえき,体内に　免疫を　持っているため\nどく状態に　ならない。
23,8,18,もらいび,ほのおタイプの　技を　受けると\n炎を　もらい　自分が　出す\nほのおタイプの　技が　強くなる。
23,8,19,りんぷん,りんぷんに　守られて\n技の　追加効果を　受けなくなる。
23,8,20,マイペース,マイペースなので\nこんらん状態に　ならない。
23,8,21,きゅうばん,吸盤で　地面に　張り付き\nポケモンを　入れ替えさせる\n技や　道具が　効かなくなる。
23,8,22,いかく,登場　したとき　威嚇して\n相手を　萎縮させ\n相手の　攻撃を　下げて　しまう。
23,8,23,かげふみ,相手の　影を　踏み\n逃げたり　交代　できなくする。
23,8,24,さめはだ,攻撃を　受けたとき\n自分に　触れた　相手を\nざらざらの　肌で　キズつける。
23,8,25,ふしぎなまもり,効果バツグンの　技しか\n当たらない　不思議な　力。
23,8,26,ふゆう,地面から　浮くことによって\nじめんタイプの　技を　受けない。
23,8,27,ほうし,攻撃で　自分に　触れた　相手を\nどくや　まひや　ねむり状態に\nする　ことがある。
23,8,28,シンクロ,自分が　なってしまった\nどくや　まひや　やけどを\n相手に　うつす。
23,8,29,クリアボディ,相手の　技や　特性で\n能力を　下げられない。
23,8,30,しぜんかいふく,手持ちに　ひっこむと\n状態異常が　治る。
23,8,31,ひらいしん,でんきタイプの　技を　自分に\n寄せつけ　ダメージを　受けずに\n特攻が　上がる。
23,8,32,てんのめぐみ,天の恵みの　おかげで\n技の　追加効果が　でやすい。
23,8,33,すいすい,天気が　雨のとき\n素早さが　上がる。
23,8,34,ようりょくそ,天気が　晴れのとき\n素早さが　上がる。
23,8,35,はっこう,あたりを　明るくする　ことで\n野生の　ポケモンに\n遭遇　しやすくなる。
23,8,36,トレース,登場　したとき\n相手の　特性を　トレースして\n同じ　特性に　なる。
23,8,37,ちからもち,物理攻撃の\n威力が　２倍になる。
23,8,38,どくのトゲ,自分に　触った　相手を\nどく状態に　することがある。
23,8,39,せいしんりょく,鍛えられた　精神に　よって\n相手の　攻撃に　ひるまない。
23,8,40,マグマのよろい,熱い　マグマを　身にまとい\nこおり状態に　ならない。
23,8,41,みずのベール,水のベールを　身にまとい\nやけど状態に　ならない。
23,8,42,じりょく,はがねタイプの　ポケモンを\n磁力で　引きつけて\n逃げられなくする。
23,8,43,ぼうおん,音を　遮断　することに　よって\n音の　攻撃を　受けない。
23,8,44,あめうけざら,天気が　雨のとき\n少しずつ　ＨＰを　回復する。
23,8,45,すなおこし,登場　したとき\n天気を　砂あらしにする。
23,8,46,プレッシャー,プレッシャーを　あたえて\n相手の　使う　技の　ＰＰを\n多く　減らす。
23,8,47,あついしぼう,厚い　脂肪で　守られているので\nほのおタイプと　こおりタイプの\n技の　ダメージを　半減させる。
23,8,48,はやおき,ねむり状態に　なっても\n２倍の　早さで\n目覚める　ことが　できる。
23,8,49,ほのおのからだ,自分に　触った　相手を\nやけど状態に　する　ことがある。
23,8,50,にげあし,野生の　ポケモンから\n必ず　逃げられる。
23,8,51,するどいめ,鋭い　目の　おかげで\n命中率を　下げられない。
23,8,52,かいりきバサミ,力自慢の　ハサミを　持っているので\n相手に　攻撃を　下げられない。
23,8,53,ものひろい,相手の　使った　道具を\n拾ってくることが　ある。\n冒険中も　拾ってくる。
23,8,54,なまけ,技を　出すと\n次の　ターンは　休んでしまう。
23,8,55,はりきり,自分の　攻撃が　高くなるが\n命中率が　下がる。
23,8,56,メロメロボディ,自分に　触った　相手を\nメロメロに　することが　ある。
23,8,57,プラス,プラスか　マイナスの　特性を　持つ\nポケモンが　仲間に　いると\n自分の　特攻が　上がる。
23,8,58,マイナス,プラスか　マイナスの　特性を　持つ\nポケモンが　仲間に　いると\n自分の　特攻が　上がる。
23,8,59,てんきや,天気の　影響を　受けて\nみずタイプ　ほのおタイプ　こおりタイプの\nどれかに　変化する。
23,8,60,ねんちゃく,粘着質の　体に\n道具が　くっついているため\n相手に　道具を　奪われない。
23,8,61,だっぴ,体の　皮を　脱ぎ捨てることで\n状態異常を\n治すことが　ある。
23,8,62,こんじょう,状態異常に　なると\n根性を　だして\n攻撃が　上がる。
23,8,63,ふしぎなうろこ,状態異常に　なると\n不思議なウロコが　反応して\n防御が　上がる。
23,8,64,ヘドロえき,ヘドロ液を　吸い取った　相手は\n強烈な　悪臭で\nダメージを　受けて　ＨＰを　減らす。
23,8,65,しんりょく,ＨＰが　減ったとき\nくさタイプの　技の\n威力が　上がる。
23,8,66,もうか,ＨＰが　減ったとき\nほのおタイプの　技の\n威力が　上がる。
23,8,67,げきりゅう,ＨＰが　減ったとき\nみずタイプの　技の\n威力が　上がる。
23,8,68,むしのしらせ,ＨＰが　減ったとき\nむしタイプの　技の\n威力が　上がる。
23,8,69,いしあたま,反動を　受ける　技を　出しても\nＨＰが　減らない。
23,8,70,ひでり,登場　したときに\n天気を　晴れに　する。
23,8,71,ありじごく,戦闘で　相手を\n逃げられなくする。
23,8,72,やるき,やる気を　だすことに　よって\nねむり状態に　ならない。
23,8,73,しろいけむり,白い煙に　守られて\n相手に　能力を　下げられない。
23,8,74,ヨガパワー,ヨガの　力で\n物理攻撃の　威力が\n２倍に　なる。
23,8,75,シェルアーマー,硬い　殻に　守られ\n相手の　攻撃が\n急所に　当たらない。
23,8,76,エアロック,あらゆる　天気の　影響が\n消えて　しまう。
23,8,77,ちどりあし,こんらん状態の　ときは\n回避率が　アップする。
23,8,78,でんきエンジン,でんきタイプの　技を　受けると\nダメージを　受けずに\n素早さが　上がる。
23,8,79,とうそうしん,性別が　同じだと\n闘争心を　燃やして　強くなる。\n性別が　違うと　弱くなる。
23,8,80,ふくつのこころ,ひるむ　たびに\n不屈の心を　燃やして\n素早さが　上がる。
23,8,81,ゆきがくれ,天気が　あられのとき\n回避率が　上がる。
23,8,82,くいしんぼう,ＨＰが　少なくなったら　食べる\nきのみを　ＨＰ　半分の\n時に　食べてしまう。
23,8,83,いかりのつぼ,急所に　攻撃が　当たると\n怒りくるって　攻撃力が\n最大に　なる。
23,8,84,かるわざ,持っていた　道具が　なくなると\n素早さが　上がる。
23,8,85,たいねつ,耐熱の　体に　よって\nほのおタイプの　技の\n威力を　半減させる。
23,8,86,たんじゅん,能力　変化が\nいつもの　２倍に　なる。
23,8,87,かんそうはだ,天気が　雨の時や　みずタイプの\n技で　ＨＰが　回復し　はれの時や\nほのおタイプの　技で　減ってしまう。
23,8,88,ダウンロード,相手の　防御と　特防を　くらべて\n低い　ほうの　能力に　あわせて\n自分の　攻撃か　特攻を　上げる。
23,8,89,てつのこぶし,パンチを　使う　技の\n威力が　上がる。
23,8,90,ポイズンヒール,どく状態に　なると\nＨＰが　減らずに　増えていく。
23,8,91,てきおうりょく,自分と　おなじ　タイプの\n技の　威力が　上がる。
23,8,92,スキルリンク,連続技を　使うと　いつも\n最高回数　出すことが　できる。
23,8,93,うるおいボディ,天気が　雨のとき\n状態異常が　治る。
23,8,94,サンパワー,天気が　晴れると\n特攻が　上がるが\n毎ターン　ＨＰが　減る。
23,8,95,はやあし,状態異常に　なると\n素早さが　上がる。
23,8,96,ノーマルスキン,どんな　タイプの　技でも\nすべて　ノーマルタイプに　なる。\n威力が　少し　上がる。
23,8,97,スナイパー,攻撃を　急所に　当てると\n威力が　さらに　上がる。
23,8,98,マジックガード,攻撃　以外では\nダメージを　受けない。
23,8,99,ノーガード,ノーガード戦法に　よって\nお互いの　出す　技が\nかならず　当たる　ようになる。
23,8,100,あとだし,技を　出す　順番が\nかならず　最後に　なる。
23,8,101,テクニシャン,威力が　低い　技の\n威力を　高くして　攻撃できる。
23,8,102,リーフガード,天気が　晴れのときは\n状態異常に　ならない。
23,8,103,ぶきよう,持っている　道具を\n使うことが　できない。
23,8,104,かたやぶり,相手の　特性に\nジャマされる　ことなく　相手に\n技を　出すことが　できる。
23,8,105,きょううん,強運を　持っているため\n相手の　急所に\n攻撃が　当たりやすい。
23,8,106,ゆうばく,ひんしに　なったとき\n触った　相手に\nダメージを　あたえる。
23,8,107,きけんよち,相手の　持つ　危険な　技を\n察知する　ことができる。
23,8,108,よちむ,登場　したとき\n相手の　持つ　技を\nひとつだけ　読み取る。
23,8,109,てんねん,相手の　能力の　変化を\n無視して　攻撃が　できる。
23,8,110,いろめがね,効果が　いまひとつの　技を\n通常の　威力で\n出すことが　できる。
23,8,111,フィルター,効果バツグンに　なってしまう\n攻撃の　威力を\n弱める　ことが　できる。
23,8,112,スロースタート,５ターンの　あいだ\n攻撃と　素早さが\n半分に　なる。
23,8,113,きもったま,ゴーストタイプの　ポケモンに\nノーマルタイプと　かくとうタイプの\n技を　当てることが　できる。
23,8,114,よびみず,みずタイプの　技を　自分に　よせつけ\nダメージは　受けずに　特攻が　上がる。
23,8,115,アイスボディ,天気が　あられのとき　ＨＰを\n少しずつ　回復　する。
23,8,116,ハードロック,効果バツグンに　なってしまう\n攻撃の　威力を\n弱める　ことが　できる。
23,8,117,ゆきふらし,登場　したときに\n天気を　あられに　する。
23,8,118,みつあつめ,戦闘が　終わったとき\nあまいミツを　拾うことが　ある。
23,8,119,おみとおし,登場　したとき\n相手の　持ち物を\n見通すことが　できる。
23,8,120,すてみ,反動で　ダメージを\n受ける　技の　威力が　上がる。
23,8,121,マルチタイプ,持っている　プレートで\nタイプが　変わる。
23,8,122,フラワーギフト,天気が　晴れのとき\n自分と　味方の　攻撃と\n特防の　能力が　上がる。
23,8,123,ナイトメア,ねむり状態の　相手に\nダメージを　あたえる。
23,8,124,わるいてぐせ,触られた　相手の　道具を\n盗んで　しまう。
23,8,125,ちからずく,技の　追加効果は　なくなるが\nそのぶん　高い　威力で\n技を　出すことが　できる。
23,8,126,あまのじゃく,能力の　変化が　逆転して\n上がるときに　下がり\n下がるときに　上がる。
23,8,127,きんちょうかん,相手を　緊張させて\nきのみを　食べられなく　させる。
23,8,128,まけんき,能力を　下げられると\n攻撃が　ぐーんと　上がる。
23,8,129,よわき,ＨＰが　半分に　なると\n弱気に　なって　攻撃と\n特攻が　半減する。
23,8,130,のろわれボディ,攻撃を　受けると　相手の　技を\nかなしばり状態に\nすることが　ある。
23,8,131,いやしのこころ,状態異常の　味方を\nたまに　治してあげる。
23,8,132,フレンドガード,味方の　ダメージを\n減らすことが　できる。
23,8,133,くだけるよろい,物理技で　ダメージを　受けると\n防御が　下がり\n素早さが　ぐーんと　上がる。
23,8,134,ヘヴィメタル,自分の　重さが\n２倍に　なる。
23,8,135,ライトメタル,自分の　重さが\n半分に　なる。
23,8,136,マルチスケイル,ＨＰが　満タンの　ときに\n受ける　ダメージが　少なくなる。
23,8,137,どくぼうそう,どく状態に　なったとき\n物理技の　威力が　上がる。
23,8,138,ねつぼうそう,やけど状態に　なったとき\n特殊技の　威力が　上がる。
23,8,139,しゅうかく,使った　きのみを\n何回も　作りだす。
23,8,140,テレパシー,味方の　攻撃を　読み取って\n技を　回避する。
23,8,141,ムラっけ,毎ターン　能力の　どれかが\nぐーんと　上がって　どれかが　下がる。
23,8,142,ぼうじん,すなあらしや　あられなどの\nダメージを　受けない。\n粉の　技を　受けない。
23,8,143,どくしゅ,触る　だけで　相手を\nどく　状態に　することがある。
23,8,144,さいせいりょく,手持ちに　引っ込むと\nＨＰが　少し　回復する。
23,8,145,はとむね,防御を　下げる\n効果を　受けない。
23,8,146,すなかき,天気が　すなあらし　のとき\n素早さが　上がる。
23,8,147,ミラクルスキン,変化技を　受けにくい\n体に　なっている。
23,8,148,アナライズ,いちばん　最後に　技を　出すと\n技の　威力が　上がる。
23,8,149,イリュージョン,手持ちの　いちばん　うしろに　いる\nポケモンに　なりきって　登場して\n相手を　化かす。
23,8,150,かわりもの,目の前の　ポケモンに\n変身　してしまう。
23,8,151,すりぬけ,相手の　壁や　身代わりを\nすりぬけて　攻撃　できる
23,8,152,ミイラ,相手に　触られると\n相手を　ミイラに　してしまう。
23,8,153,じしんかじょう,相手を　倒すと\n自信が　ついて\n攻撃が　上がる。
23,8,154,せいぎのこころ,あくタイプの　攻撃を　受けると\n正義感で　攻撃が　上がる。
23,8,155,びびり,あくタイプと　ゴーストタイプと\nむしタイプの　技を　受けると\nびびって　素早さが　上がる。
23,8,156,マジックミラー,相手に　だされた　変化技を　受けずに\nそのまま　返す　ことが　できる。
23,8,157,そうしょく,くさタイプの　技を　受けると\nダメージを　受けずに\n攻撃が　上がる。
23,8,158,いたずらごころ,変化技を　先制で\n出すことが　できる。
23,8,159,すなのちから,天気が　すなあらしの　とき\nいわタイプと　じめんタイプと\nはがねタイプの　威力が　上がる。
23,8,160,てつのトゲ,自分に　触った　相手に\n鉄のトゲで　ダメージを　あたえる。
23,8,161,ダルマモード,ＨＰが　半分　以下に　なると\n姿が　変化する。
23,8,162,しょうりのほし,自分や　味方の\n命中率が　上がる。
23,8,163,ターボブレイズ,相手の　特性に　ジャマされず\n相手に　技を　出すことが　できる。
23,8,164,テラボルテージ,相手の　特性に　ジャマされず\n相手に　技を　出すことが　できる。
23,8,165,アロマベール,自分と　味方への　メンタル\n攻撃を　防ぐことが　できる。
23,8,166,フラワーベール,味方の　草ポケモンは\n能力が　下がらず\n状態異常にも　ならない。
23,8,167,ほおぶくろ,どんな　きのみでも\n食べると　ＨＰも　回復する。
23,8,168,へんげんじざい,自分が　出す　技と\n同じ　タイプに　変化する。
23,8,169,ファーコート,相手から　受ける　物理技の\nダメージが　半分に　なる。
23,8,170,マジシャン,技を　当てた　相手の\n道具を　奪ってしまう。
23,8,171,ぼうだん,相手の　弾や　爆弾などの\n技を　防ぐことが　できる。
23,8,172,かちき,能力を　下げられると\n特攻が　ぐーんと　上がる。
23,8,173,がんじょうあご,あごが　頑丈で\n噛む　技の　威力が\n高くなる。
23,8,174,フリーズスキン,ノーマルタイプの　技が\nこおりタイプに　なる。\n威力が　少し　上がる。
23,8,175,スイートベール,味方の　ポケモンは\n眠らなくなる。
23,8,176,バトルスイッチ,攻撃技を　出すと　ブレードフォルムに\n技　キングシールドを　出すと\nシールドフォルムに　変化する。
23,8,177,はやてのつばさ,ＨＰが　満タン　だと\nひこうタイプの　技を\n先制で　出すことが　できる。
23,8,178,メガランチャー,波動の　技の\n威力が　高くなる。
23,8,179,くさのけがわ,グラスフィールドのとき\n防御が　上がる。
23,8,180,きょうせい,味方が　道具を　使うと\n自分の　持っている　道具を\n味方に　渡す。
23,8,181,かたいツメ,相手に　接触する　技の\n威力が　高くなる。
23,8,182,フェアリースキン,ノーマルタイプの　技が\nフェアリータイプになる。\n威力が　少し　上がる。
23,8,183,ぬめぬめ,攻撃で　自分に　触れた　相手の\n素早さを　下げる。
23,8,184,スカイスキン,ノーマルタイプの　技が\nひこうタイプになる。\n威力が　少し　上がる。
23,8,185,おやこあい,親子　２匹で　２回\n攻撃することが　できる。
23,8,186,ダークオーラ,全員の　あくタイプの\n技が　強くなる。
23,8,187,フェアリーオーラ,全員の　フェアリータイプの\n技が　強くなる。
23,8,188,オーラブレイク,オーラの　効果を　逆転させて\n威力を　下げる。
23,8,189,はじまりのうみ,ほのおタイプの　攻撃を\n受けない　天気にする。
23,8,190,おわりのだいち,みずタイプの　攻撃を\n受けない　天気にする。
23,8,191,デルタストリーム,ひこうタイプの　弱点が\nなくなる　天気にする。
23,8,192,じきゅうりょく,攻撃を　受けると\n防御が　上がる。
23,8,193,にげごし,ＨＰが　半分に　なると\nあわてて　逃げ出して\n手持ちに　引っ込んで　しまう。
23,8,194,ききかいひ,ＨＰが　半分に　なると\n危険を　回避するため\n手持ちに　引っ込んで　しまう。
23,8,195,みずがため,みずタイプの　技を　受けると\n防御が　ぐーんと　上がる。
23,8,196,ひとでなし,どく状態の\n相手を　攻撃すると\nかならず　急所に　当たる。
23,8,197,リミットシールド,ＨＰが　半分に　なると\n殻が　壊れて\n攻撃的に　なる。
23,8,198,はりこみ,交代で　出てきた　相手に\n２倍の　ダメージで　攻撃　できる。
23,8,199,すいほう,自分に　対する　ほのおタイプの\n技の　威力を　下げる。\nやけど　しない。
23,8,200,はがねつかい,はがねタイプの　技の\n威力が　上がる。
23,8,201,ぎゃくじょう,相手の　攻撃で\nＨＰが　半分に　なると\n特攻が　上がる。
23,8,202,ゆきかき,天気が　あられ　のとき\n素早さが　上がる。
23,8,203,えんかく,すべての　技を\n相手に　接触　しないで\n出すことが　できる。
23,8,204,うるおいボイス,すべての　音技が\nみずタイプに　なる。
23,8,205,ヒーリングシフト,回復技を　先制で\n出すことが　できる。
23,8,206,エレキスキン,ノーマルタイプの　技が\nでんきタイプになる。\n威力が　少し　上がる。
23,8,207,サーフテール,エレキフィールド　のとき\n素早さが　２倍に　なる。
23,8,208,ぎょぐん,ＨＰが　多いときは　群れて　強くなる。\nＨＰの　残りが　少なくなると\n群れは　散り散りに　なってしまう。
23,8,209,ばけのかわ,体を　被う　化けの皮で\n１回　攻撃を　防ぐことが　できる。
23,8,210,きずなへんげ,相手を　倒すと　トレーナーとの\nキズナが　深まり　サトシゲッコウガに\n変化する。みずしゅりけんが　強くなる。
23,8,211,スワームチェンジ,ＨＰが　半分に　なると\nセルたちが　応援に　駆けつけ\nパーフェクトフォルムに　姿を　変える。
23,8,212,ふしょく,はがねタイプや　どくタイプも\nどく状態に　することが　できる。
23,8,213,ぜったいねむり,つねに　夢うつつの　状態で\n絶対に　目覚めない。\n眠ったまま　攻撃が　できる。
23,8,214,じょおうのいげん,相手に　威圧感を　あたえ\nこちらに　むかって　先制技を\n出せない　ようにする。
23,8,215,とびだすなかみ,相手に　倒されたとき\nＨＰの　残りの　ぶんだけ\n相手に　ダメージを　あたえる。
23,8,216,おどりこ,だれかが　踊り技を　使うと\n自分も　それに　続いて\n踊り技を　出すことが　できる。
23,8,217,バッテリー,味方の　特殊技の\n威力を　上げる。
23,8,218,もふもふ,相手から　受けた　接触する　技の\nダメージを　半減するが　ほのおタイプの\n技の　ダメージは　２倍になる。
23,8,219,ビビッドボディ,相手を　びっくり　させて\nこちらに　むかって　先制技を\n出せない　ようにする。
23,8,220,ソウルハート,ポケモンが　ひんしに　なるたびに\n特攻が　上がる。
23,8,221,カーリーヘアー,攻撃で　自分に　触れた　相手の\n素早さを　下げる。
23,8,222,レシーバー,倒された　味方の　特性を\n受け継いで　同じ　特性に　なる。
23,8,223,かがくのちから,倒された　味方の　特性を　受け継ぎ\n同じ　特性に　変わる。
23,8,224,ビーストブースト,相手を　倒したとき\n自分の　いちばん　高い\n能力が　上がる。
23,8,225,ＡＲシステム,持っている　メモリで\n自分の　タイプが　変わる。
23,8,226,エレキメイカー,登場　したときに\nエレキフィールドを　はりめぐらせる。
23,8,227,サイコメイカー,登場　したときに\nサイコフィールドを　はりめぐらせる。
23,8,228,ミストメイカー,登場　したときに\nミストフィールドを　はりめぐらせる。
23,8,229,グラスメイカー,登場　したときに\nグラスフィールドを　はりめぐらせる。
23,8,230,メタルプロテクト,相手の　技や　特性で\n能力を　下げられない。
23,8,231,ファントムガード,ＨＰが　満タンの　ときに\n受ける　ダメージが　少なくなる。
23,8,232,プリズムアーマー,効果バツグンに　なってしまう\n攻撃の　威力を\n弱める　ことが　できる。
23,8,233,ブレインフォース,効果バツグンの　攻撃で\n威力が　さらに　上がる。
23,8,234,ふとうのけん,登場　したときに\n攻撃が　上がる。
23,8,235,ふくつのたて,登場　したときに\n防御が　上がる。
23,8,236,リベロ,自分が　出す　技と\n同じ　タイプに　変化する。
23,8,237,たまひろい,道具を　持っていない　場合\n１回目に　投げて　失敗　した\nモンスターボールを　拾ってくる。
23,8,238,わたげ,攻撃を　受けると　わたげを　ばらまいて\n自分以外の　ポケモン　すべての\n素早さを　下げる。
23,8,239,スクリューおびれ,相手の　技を　引き受ける\n特性や　技の\n影響を　無視　できる。
23,8,240,ミラーアーマー,自分が　受けた\n能力　ダウンの\n効果　だけを　跳ね返す。
23,8,241,うのミサイル,なみのりか　ダイビングを　すると\n獲物を　くわえてくる。　ダメージを\n受けると　獲物を　吐きだして　攻撃。
23,8,242,すじがねいり,相手の　技を　引き受ける\n特性や　技の\n影響を　無視　できる。
23,8,243,じょうききかん,みずタイプ　ほのおタイプの\n技を　受けると\n素早さが　ぐぐーんと　上がる。
23,8,244,パンクロック,音技の　威力が　上がる。\n受けた　音技の\nダメージは　半分に　なる。
23,8,245,すなはき,攻撃を　受けると\n砂あらしを　起こす。
23,8,246,こおりのりんぷん,こおりのりんぷんに　守られて\n特殊攻撃で　受ける\nダメージが　半減　する。
23,8,247,じゅくせい,熟成　させることで\nきのみの　効果が\n倍に　なる。
23,8,248,アイスフェイス,物理攻撃は　頭の　氷が\nみがわりに　なるが　姿も　変わる。\n氷は　あられが　降ると　元に戻る。
23,8,249,パワースポット,隣に　いるだけで\n技の　威力が　上がる。
23,8,250,ぎたい,フィールドの　状態に　あわせて\nポケモンの　タイプが　変わる。
23,8,251,バリアフリー,登場　したときに　敵と　味方の\nひかりのかべ　リフレクター\nオーロラベールの　効果が　消える。
23,8,252,はがねのせいしん,味方の　はがねタイプの\n攻撃の　威力が　あがる。
23,8,253,ほろびのボディ,接触する　技を　受けると\nお互い　３ターン　たつと　ひんしになる。\n交代すると　効果は　なくなる。
23,8,254,さまようたましい,接触する　技で\n攻撃　してきた　ポケモンと\n特性を　入れ替える。
23,8,255,ごりむちゅう,攻撃は　上がるが\n最初に　選んだ\n技しか　出せなくなる。
23,8,256,かがくへんかガス,かがくへんかガスの　ポケモンが　場にいると\nすべての　ポケモンの　特性の\n効果が　消えたり　発動　しなくなる。
23,8,257,パステルベール,自分も　味方も\nどくの　状態異常を\n受けなくなる。
23,8,258,はらぺこスイッチ,ターンの　終わりに　まんぷくもよう\nはらぺこもよう　まんぷくもよう……と\n交互に　姿を　変える。
23,8,259,クイックドロウ,相手より　先に\n行動できることが　ある。
23,8,260,ふかしのこぶし,相手に　接触する　技なら\n守りの　効果を\n無視して　攻撃することが　できる。
23,8,261,きみょうなくすり,登場　したときに\n貝がらから　薬を　振りまいて\n味方の　能力変化を　元に戻す。
23,8,262,トランジスタ,でんきタイプの　技の\n威力が　上がる。
23,8,263,りゅうのあぎと,ドラゴンタイプの　技の\n威力が　上がる。
23,8,264,しろのいななき,相手を　倒すと\n冷たい　声で　いなないて\n攻撃が　上がる。
23,8,265,くろのいななき,相手を　倒すと\n恐ろしい　声で　いなないて\n特攻が　上がる。
23,8,266,じんばいったい,バドレックスの　きんちょうかんと\nブリザポスの　しろのいななきの\n二つの　特性を　あわせ持つ。
23,8,267,じんばいったい,バドレックスの　きんちょうかんと\nレイスポスの　くろのいななきの\n二つの　特性を　あわせ持つ。
23,9,1,恶臭,通过释放臭臭的气味，\n在攻击的时候，\n有时会使对手畏缩。
23,9,2,降雨,出场时，\n会将天气变为下雨。
23,9,3,加速,每一回合速度会变快。
23,9,4,战斗盔甲,被坚硬的甲壳守护着，\n不会被对手的攻击击中要害。
23,9,5,结实,即使受到对手的招式攻击，\n也不会被一击打倒。\n一击必杀的招式也没有效果。
23,9,6,湿气,通过把周围都弄湿，\n使谁都无法使用玉石俱碎等爆发类的招式。
23,9,7,柔软,因为身体柔软，\n不会变为麻痹状态。
23,9,8,沙隐,在沙暴的时候，\n闪避率会提高。
23,9,9,静电,身上带有静电，\n有时会让接触到的对手麻痹。
23,9,10,蓄电,受到电属性的招式攻击时，\n不会受到伤害，而是会回复。
23,9,11,储水,受到水属性的招式攻击时，\n不会受到伤害，而是会回复。
23,9,12,迟钝,因为感觉迟钝，\n不会变为着迷和被挑衅状态。
23,9,13,无关天气,任何天气的影响都会消失。
23,9,14,复眼,因为拥有复眼，\n招式的命中率会提高。
23,9,15,不眠,因为有着睡不着的体质，\n所以不会陷入睡眠状态。
23,9,16,变色,自己的属性会变为\n从对手处所受招式的属性。
23,9,17,免疫,因为体内拥有免疫能力，\n不会变为中毒状态。
23,9,18,引火,受到火属性的招式攻击时，\n吸收火焰，自己使出的\n火属性招式会变强。
23,9,19,鳞粉,被鳞粉守护着，\n不会受到招式的追加效果影响。
23,9,20,我行我素,因为我行我素，\n不会变为混乱状态。
23,9,21,吸盘,用吸盘牢牢贴在地面上，\n让替换宝可梦的招式和道具无效。
23,9,22,威吓,出场时威吓对手，\n让其退缩，\n降低对手的攻击。
23,9,23,踩影,踩住对手的影子\n使其无法逃走或替换。
23,9,24,粗糙皮肤,受到攻击时，\n用粗糙的皮肤弄伤\n接触到自己的对手。
23,9,25,神奇守护,不可思议的力量，\n只有效果绝佳的招式才能击中。
23,9,26,飘浮,从地面浮起，\n从而不会受到地面属性招式的攻击。
23,9,27,孢子,受到攻击时，\n有时会把接触到自己的对手\n变为中毒、麻痹或睡眠状态。
23,9,28,同步,将自己的中毒、麻痹\n或灼伤状态传染给对手。
23,9,29,恒净之躯,不会因为对手的招式或特性\n而被降低能力。
23,9,30,自然回复,回到同行队伍后，\n异常状态就会被治愈。
23,9,31,避雷针,将电属性的招式吸引到自己身上，\n不会受到伤害，而是会提高特攻。
23,9,32,天恩,托天恩的福，\n招式的追加效果容易出现。
23,9,33,悠游自如,下雨天气时，\n速度会提高。
23,9,34,叶绿素,晴朗天气时，\n速度会提高。
23,9,35,发光,通过让周围变亮，\n变得容易遇到野生的宝可梦。
23,9,36,复制,出场时，复制对手的特性，\n变为与之相同的特性。
23,9,37,大力士,物理攻击的威力会变为２倍。
23,9,38,毒刺,有时会让接触到自己的\n对手变为中毒状态。
23,9,39,精神力,拥有经过锻炼的精神，\n而不会因对手的攻击而畏缩。
23,9,40,熔岩铠甲,将炽热的熔岩覆盖在身上，\n不会变为冰冻状态。
23,9,41,水幕,将水幕裹在身上，\n不会变为灼伤状态。
23,9,42,磁力,用磁力吸住钢属性的宝可梦，\n使其无法逃走。
23,9,43,隔音,通过屏蔽声音，\n不受到声音招式的攻击。
23,9,44,雨盘,下雨天气时，\n会缓缓回复ＨＰ。
23,9,45,扬沙,出场时，\n会把天气变为沙暴。
23,9,46,压迫感,给予对手压迫感，\n大量减少其使用招式的ＰＰ。
23,9,47,厚脂肪,因为被厚厚的脂肪保护着，\n会让火属性和冰属性的招式伤害减半。
23,9,48,早起,即使变为睡眠状态，\n也能以２倍的速度提早醒来。
23,9,49,火焰之躯,有时会让接触到自己的\n对手变为灼伤状态。
23,9,50,逃跑,一定能从野生宝可梦\n那儿逃走。
23,9,51,锐利目光,多亏了锐利的目光，\n命中率不会被降低。
23,9,52,怪力钳,因为拥有以力量自豪的钳子，\n不会被对手降低攻击。
23,9,53,捡拾,有时会捡来对手用过的道具，\n冒险过程中也会捡到。
23,9,54,懒惰,如果使出招式，\n下一回合就会休息。
23,9,55,活力,自己的攻击变高，\n但命中率会降低。
23,9,56,迷人之躯,有时会让接触到自己的对手着迷。
23,9,57,正电,出场的伙伴之间\n如果有正电或负电特性的宝可梦，\n自己的特攻会提高。
23,9,58,负电,出场的伙伴之间\n如果有正电或负电特性的宝可梦，\n自己的特攻会提高。
23,9,59,阴晴不定,受天气的影响，\n会变为水属性、火属性\n或冰属性中的某一个。
23,9,60,黏着,因为道具是粘在黏性身体上的，\n所以不会被对手夺走。
23,9,61,蜕皮,通过蜕去身上的皮，\n有时会治愈异常状态。
23,9,62,毅力,如果变为异常状态，\n会拿出毅力，\n攻击会提高。
23,9,63,神奇鳞片,如果变为异常状态，\n神奇鳞片会发生反应，\n防御会提高。
23,9,64,污泥浆,吸收了污泥浆的对手\n会因强烈的恶臭\n而受到伤害，减少ＨＰ。
23,9,65,茂盛,ＨＰ减少的时候，\n草属性的招式威力会提高。
23,9,66,猛火,ＨＰ减少的时候，\n火属性的招式威力会提高。
23,9,67,激流,ＨＰ减少的时候，\n水属性的招式威力会提高。
23,9,68,虫之预感,ＨＰ减少的时候，\n虫属性的招式威力会提高。
23,9,69,坚硬脑袋,即使使出会受反作用力伤害的招式，\nＨＰ也不会减少。
23,9,70,日照,出场时，\n会将天气变为晴朗。
23,9,71,沙穴,在战斗中让对手无法逃走。
23,9,72,干劲,通过激发出干劲，\n不会变为睡眠状态。
23,9,73,白色烟雾,被白色烟雾保护着，\n不会被对手降低能力。
23,9,74,瑜伽之力,因瑜伽的力量，\n物理攻击的威力会变为２倍。
23,9,75,硬壳盔甲,被坚硬的壳保护着，\n对手的攻击不会击中要害。
23,9,76,气闸,所有天气的影响都会消失。
23,9,77,蹒跚,在混乱状态时，\n闪避率会提高。
23,9,78,电气引擎,受到电属性的招式攻击时，\n不会受到伤害，而是速度会提高。
23,9,79,斗争心,面对性别相同的对手，\n会燃起斗争心，变得更强。\n而面对性别不同的，则会变弱。
23,9,80,不屈之心,每次畏缩时，\n不屈之心就会燃起，\n速度也会提高。
23,9,81,雪隐,冰雹天气时，\n闪避率会提高。
23,9,82,贪吃鬼,原本ＨＰ变得很少时才会吃树果，\n在ＨＰ还有一半时就会把它吃掉。
23,9,83,愤怒穴位,要害被击中时，\n会大发雷霆，\n攻击力变为最大。
23,9,84,轻装,失去所持有的道具时，\n速度会提高。
23,9,85,耐热,耐热的体质会\n让火属性的招式威力减半。
23,9,86,单纯,能力变化会变为平时的２倍。
23,9,87,干燥皮肤,下雨天气时和受到水属性的招式时，\nＨＰ会回复。晴朗天气时和受到火属性的\n招式时，ＨＰ会减少。
23,9,88,下载,比较对手的防御和特防，\n根据较低的那项能力\n相应地提高自己的攻击或特攻。
23,9,89,铁拳,使用拳类招式的威力会提高。
23,9,90,毒疗,变为中毒状态时，\nＨＰ不会减少，反而会增加起来。
23,9,91,适应力,与自身同属性的招式\n威力会提高。
23,9,92,连续攻击,如果使用连续招式，\n总是能使出最高次数。
23,9,93,湿润之躯,下雨天气时，\n异常状态会治愈。
23,9,94,太阳之力,晴朗天气时，\n特攻会提高，\n而每回合ＨＰ会减少。
23,9,95,飞毛腿,变为异常状态时，\n速度会提高。
23,9,96,一般皮肤,无论是什么属性的招式，\n全部会变为一般属性。\n威力会少量提高。
23,9,97,狙击手,击中要害时，\n威力会变得更强。
23,9,98,魔法防守,不会受到攻击以外的伤害。
23,9,99,无防守,由于无防守战术，\n双方使出的招式都必定会击中。
23,9,100,慢出,使出招式的顺序\n必定会变为最后。
23,9,101,技术高手,攻击时可以将\n低威力招式的威力提高。
23,9,102,叶子防守,晴朗天气时，\n不会变为异常状态。
23,9,103,笨拙,无法使用持有的道具。
23,9,104,破格,可以不受对手特性的干扰，\n向对手使出招式。
23,9,105,超幸运,因为拥有超幸运，\n攻击容易击中对手的要害。
23,9,106,诱爆,变为昏厥时，\n会对接触到自己的对手造成伤害。
23,9,107,危险预知,可以察觉到\n对手拥有的危险招式。
23,9,108,预知梦,出场时，\n只读取１个对手拥有的招式。
23,9,109,纯朴,可以无视对手能力的变化，\n进行攻击。
23,9,110,有色眼镜,可以将效果不好的招式\n以通常的威力使出。
23,9,111,过滤,受到效果绝佳的攻击时，\n可以减弱其威力。
23,9,112,慢启动,在５回合内，\n攻击和速度减半。
23,9,113,胆量,一般属性和格斗属性的招式\n可以击中幽灵属性的宝可梦。
23,9,114,引水,将水属性的招式引到自己身上，\n不会受到伤害，而是会提高特攻。
23,9,115,冰冻之躯,冰雹天气时，\n会缓缓回复ＨＰ。
23,9,116,坚硬岩石,受到效果绝佳的攻击时，\n可以减弱其威力。
23,9,117,降雪,出场时，\n会将天气变为冰雹。
23,9,118,采蜜,战斗结束时，\n有时候会捡来甜甜蜜。
23,9,119,察觉,出场时，\n可以察觉对手的持有物。
23,9,120,舍身,自己会因反作用力受伤的招式，\n其威力会提高。
23,9,121,多属性,属性会根据持有的石板而改变。
23,9,122,花之礼,晴朗天气时，\n自己与同伴的攻击和\n特防能力会提高。
23,9,123,梦魇,给予睡眠状态的对手伤害。
23,9,124,顺手牵羊,盗取接触到自己的\n对手的道具。
23,9,125,强行,招式的追加效果消失，\n但因此能以更高的威力使出招式。
23,9,126,唱反调,能力的变化发生逆转，\n原本提高时会降低，\n而原本降低时会提高。
23,9,127,紧张感,让对手紧张，\n使其无法食用树果。
23,9,128,不服输,能力被降低时，\n攻击会大幅提高。
23,9,129,软弱,ＨＰ减半时，\n会变得软弱，\n攻击和特攻会减半。
23,9,130,咒术之躯,受到攻击时，\n有时会把对手的招式\n变为定身法状态。
23,9,131,治愈之心,有时会治愈异常状态的同伴。
23,9,132,友情防守,可以减少我方的伤害。
23,9,133,碎裂铠甲,如果因物理招式受到伤害，\n防御会降低，\n速度会大幅提高。
23,9,134,重金属,自身的重量会变为２倍。
23,9,135,轻金属,自身的重量会减半。
23,9,136,多重鳞片,ＨＰ全满时，\n受到的伤害会变少。
23,9,137,中毒激升,变为中毒状态时，\n物理招式的威力会提高。
23,9,138,受热激升,变为灼伤状态时，\n特殊招式的威力会提高。
23,9,139,收获,可以多次制作出\n已被使用掉的树果。
23,9,140,心灵感应,读取我方的攻击，\n并闪避其招式伤害。
23,9,141,心情不定,每一回合，能力中的某项\n会大幅提高，而某项会降低。
23,9,142,防尘,不会受到沙暴或冰雹等的伤害。\n不会受到粉末类招式的攻击。
23,9,143,毒手,只通过接触就有可能\n让对手变为中毒状态。
23,9,144,再生力,退回同行队伍后，\nＨＰ会少量回复。
23,9,145,健壮胸肌,不会受到防御降低的效果。
23,9,146,拨沙,沙暴天气时，\n速度会提高。
23,9,147,奇迹皮肤,成为不易受到变化招式\n攻击的身体。
23,9,148,分析,如果在最后使出招式，\n招式的威力会提高。
23,9,149,幻觉,假扮成同行队伍中的\n最后一只宝可梦出场，\n迷惑对手。
23,9,150,变身者,变身为当前面对的宝可梦。
23,9,151,穿透,可以穿透对手的壁障\n或替身进行攻击。
23,9,152,木乃伊,被对手接触到后，\n会将对手变为木乃伊。
23,9,153,自信过度,如果打倒对手，\n就会充满自信，攻击会提高。
23,9,154,正义之心,受到恶属性的招式攻击时，\n因为正义感，攻击会提高。
23,9,155,胆怯,受到恶属性、幽灵属性\n和虫属性的招式攻击时，\n会因胆怯而速度提高。
23,9,156,魔法镜,可以不受到由对手使出的\n变化招式影响，并将其反弹。
23,9,157,食草,受到草属性的招式攻击时，\n不会受到伤害，而是攻击会提高。
23,9,158,恶作剧之心,可以率先使出变化招式。
23,9,159,沙之力,沙暴天气时，\n岩石属性、地面属性\n和钢属性的招式威力会提高。
23,9,160,铁刺,用铁刺给予接触到自己的\n对手伤害。
23,9,161,达摩模式,ＨＰ变为一半以下时，\n样子会改变。
23,9,162,胜利之星,自己和同伴的命中率会提高。
23,9,163,涡轮火焰,可以不受对手特性的干扰，\n向对手使出招式。
23,9,164,兆级电压,可以不受对手特性的干扰，\n向对手使出招式。
23,9,165,芳香幕,可以防住向自己和同伴\n发出的心灵攻击。
23,9,166,花幕,我方的草属性宝可梦\n能力不会降低，\n也不会变为异常状态。
23,9,167,颊囊,无论是哪种树果，\n食用后，ＨＰ都会回复。
23,9,168,变幻自如,变为与自己使出的招式\n相同的属性。
23,9,169,毛皮大衣,对手给予的物理招式的\n伤害会减半。
23,9,170,魔术师,夺走被自己的招式\n击中的对手的道具。
23,9,171,防弹,可以防住对手的\n球和弹类招式。
23,9,172,好胜,如果能力被降低，\n特攻就会大幅提高。
23,9,173,强壮之颚,因为颚部强壮，\n啃咬类招式的威力会提高。
23,9,174,冰冻皮肤,一般属性的招式\n会变为冰属性。\n威力会少量提高。
23,9,175,甜幕,我方的宝可梦\n不会变为睡眠状态。
23,9,176,战斗切换,如果使出攻击招式，会变为刀剑形态，\n如果使出招式“王者盾牌”，\n会变为盾牌形态。
23,9,177,疾风之翼,ＨＰ全满时，\n飞行属性的招式可以率先使出。
23,9,178,超级发射器,波动和波导类招式的\n威力会提高。
23,9,179,草之毛皮,在青草场地时，\n防御会提高。
23,9,180,共生,同伴使用道具时，\n会把自己持有的道具传递给同伴。
23,9,181,硬爪,接触到对手的招式\n威力会提高。
23,9,182,妖精皮肤,一般属性的招式\n会变为妖精属性。\n威力会少量提高。
23,9,183,黏滑,对于用攻击接触到自己的对手，\n会降低其速度。
23,9,184,飞行皮肤,一般属性的招式\n会变为飞行属性。\n威力会少量提高。
23,9,185,亲子爱,亲子俩可以合计攻击２次。
23,9,186,暗黑气场,全体的恶属性招式变强。
23,9,187,妖精气场,全体的妖精属性招式变强。
23,9,188,气场破坏,让气场的效果发生逆转，\n降低威力。
23,9,189,始源之海,变为不会受到\n火属性攻击的天气。
23,9,190,终结之地,变为不会受到\n水属性攻击的天气。
23,9,191,德尔塔气流,变为令飞行属性的弱点\n消失的天气。
23,9,192,持久力,受到攻击时，\n防御会提高。
23,9,193,跃跃欲逃,ＨＰ变为一半时，\n会慌慌张张逃走，\n退回同行队伍中。
23,9,194,危险回避,ＨＰ变为一半时，\n为了回避危险，\n会退回到同行队伍中。
23,9,195,遇水凝固,受到水属性的招式攻击时，\n防御会大幅提高。
23,9,196,不仁不义,攻击中毒状态的对手时，\n必定会击中要害。
23,9,197,界限盾壳,ＨＰ变为一半时，\n壳会坏掉，变得有攻击性。
23,9,198,蹲守,可以对替换出场的对手\n以２倍的伤害进行攻击。
23,9,199,水泡,降低自己受到的火属性\n招式的威力，不会灼伤。
23,9,200,钢能力者,钢属性的招式威力会提高。
23,9,201,怒火冲天,因对手的攻击\nＨＰ变为一半时，\n特攻会提高。
23,9,202,拨雪,冰雹天气时，\n速度会提高。
23,9,203,远隔,可以不接触对手\n就使出所有的招式。
23,9,204,湿润之声,所有的声音招式\n都变为水属性。
23,9,205,先行治疗,可以率先使出回复招式。
23,9,206,电气皮肤,一般属性的招式\n会变为电属性。\n威力会少量提高。
23,9,207,冲浪之尾,电气场地时，\n速度会变为２倍。
23,9,208,鱼群,ＨＰ多的时候会聚起来变强。\nＨＰ剩余量变少时，\n群体会分崩离析。
23,9,209,画皮,通过画皮覆盖住身体，\n可以防住１次攻击。
23,9,210,牵绊变身,打倒对手时，与训练家的牵绊会增强，\n变为小智版甲贺忍蛙。\n飞水手里剑的招式威力会增强。
23,9,211,群聚变形,ＨＰ变为一半时，\n细胞们会赶来支援，\n变为完全体形态。
23,9,212,腐蚀,可以使钢属性和毒属性的宝可梦\n也陷入中毒状态。
23,9,213,绝对睡眠,总是半梦半醒的状态，\n绝对不会醒来。\n可以就这么睡着进行攻击。
23,9,214,女王的威严,向对手施加威慑力，\n使其无法对我方使出先制招式。
23,9,215,飞出的内在物,被对手打倒的时候，\n会给予对手相当于\nＨＰ剩余量的伤害。
23,9,216,舞者,有谁使出跳舞招式时，\n自己也能就这么接着使出跳舞招式。
23,9,217,蓄电池,会提高我方的\n特殊招式的威力。
23,9,218,毛茸茸,会将对手所给予的接触类招式的伤害减半，\n但火属性招式的伤害会变为２倍。
23,9,219,鲜艳之躯,让对手吓一跳，\n使其无法对我方使出先制招式。
23,9,220,魂心,宝可梦每次变为昏厥状态时，\n特攻会提高。
23,9,221,卷发,对于用攻击接触到自己的对手，\n会降低其速度。
23,9,222,接球手,继承被打倒的同伴的特性，\n变为相同的特性。
23,9,223,化学之力,继承被打倒的同伴的特性，\n变为相同的特性。
23,9,224,异兽提升,打倒对手的时候，\n自己最高的那项能力会提高。
23,9,225,ＡＲ系统,根据持有的存储碟，\n自己的属性会改变。
23,9,226,电气制造者,出场时，\n会布下电气场地。
23,9,227,精神制造者,出场时，\n会布下精神场地。
23,9,228,薄雾制造者,出场时，\n会布下薄雾场地。
23,9,229,青草制造者,出场时，\n会布下青草场地。
23,9,230,金属防护,不会因为对手的招式或特性\n而被降低能力。
23,9,231,幻影防守,ＨＰ全满时，\n受到的伤害会变少。
23,9,232,棱镜装甲,受到效果绝佳的攻击时，\n可以减弱其威力。
23,9,233,脑核之力,效果绝佳的攻击，\n威力会变得更强。
23,9,234,不挠之剑,出场时，\n攻击会提高。
23,9,235,不屈之盾,出场时，\n防御会提高。
23,9,236,自由者,变为与自己使出的招式\n相同的属性。
23,9,237,捡球,没有携带道具时，\n会拾取第１个投出后\n捕捉失败的精灵球。
23,9,238,棉絮,受到攻击后撒下棉絮，\n降低除自己以外的\n所有宝可梦的速度。
23,9,239,螺旋尾鳍,能无视具有吸引\n对手招式效果的\n特性或招式的影响。
23,9,240,镜甲,只反弹自己受到的\n能力降低效果。
23,9,241,一口导弹,冲浪或潜水时会叼来猎物。\n受到伤害时，\n会吐出猎物进行攻击。
23,9,242,坚毅,能无视具有吸引\n对手招式效果的\n特性或招式的影响。
23,9,243,蒸汽机,受到水属性或\n火属性的招式攻击时，\n速度会巨幅提高。
23,9,244,庞克摇滚,声音招式的威力会提高。\n受到的声音招式伤害会减半。
23,9,245,吐沙,受到攻击时，\n会刮起沙暴。
23,9,246,冰鳞粉,由于有冰鳞粉的守护，\n受到的特殊攻击伤害会减半。
23,9,247,熟成,使树果成熟，\n效果变为２倍。
23,9,248,结冻头,头部的冰会代替自己承受\n物理攻击，但是样子会改变。\n下冰雹时，冰会恢复原状。
23,9,249,能量点,只要处在相邻位置，\n招式的威力就会提高。
23,9,250,拟态,宝可梦的属性会根据\n场地的状态而变化。
23,9,251,除障,出场时，敌方和我方的光墙、\n反射壁和极光幕的效果会消失。
23,9,252,钢之意志,我方的钢属性\n攻击威力会提高。
23,9,253,灭亡之躯,受到接触类招式攻击时，\n双方都会在３回合后变为昏厥状态。\n替换后效果消失。
23,9,254,游魂,与使用接触类招式\n攻击自己的宝可梦互换特性。
23,9,255,一猩一意,虽然攻击会提高，\n但是只能使出\n一开始所选的招式。
23,9,256,化学变化气体,特性为化学变化气体的宝可梦在场时，\n场上所有宝可梦的\n特性效果都会消失或者无法生效。
23,9,257,粉彩护幕,自己和同伴都不会\n陷入中毒的异常状态。
23,9,258,饱了又饿,每回合结束时会在\n满腹花纹与空腹花纹之间\n交替改变样子。
23,9,259,速击,有时能比对手先一步行动。
23,9,260,无形拳,如果使出的是接触到对手的招式，\n就可以无视守护效果进行攻击。
23,9,261,怪药,出场时会从贝壳撒药，\n将我方的能力变化复原。
23,9,262,电晶体,电属性的招式威力会提高。
23,9,263,龙颚,龙属性的招式威力会提高。
23,9,264,苍白嘶鸣,打倒对手时\n会用冰冷的声音嘶鸣\n并提高攻击。
23,9,265,漆黑嘶鸣,打倒对手时\n会用恐怖的声音嘶鸣\n并提高特攻。
23,9,266,人马一体,兼备蕾冠王的紧张感和\n雪暴马的苍白嘶鸣这两种特性。
23,9,267,人马一体,兼备蕾冠王的紧张感和\n灵幽马的漆黑嘶鸣这两种特性。
23,10,1,惡臭,發出臭氣，\n在攻擊的時候，\n有時會使對手畏縮。
23,10,2,降雨,出場時，\n會將天氣變為下雨。
23,10,3,加速,每一回合速度會變快。
23,10,4,戰鬥盔甲,被堅硬的甲殼守護著，\n不會被對手的攻擊擊中要害。
23,10,5,結實,受到對手的招式攻擊時\n不會被一擊打倒。\n一擊必殺的招式也沒有效果。
23,10,6,濕氣,透過把周圍都弄濕，\n使誰都無法使用自爆等爆炸類的招式。
23,10,7,柔軟,因為身體柔軟，\n不會陷入麻痺狀態。
23,10,8,沙隱,在沙暴中\n閃避率會提高。
23,10,9,靜電,身上帶有靜電，\n有時會令接觸到的對手麻痺。
23,10,10,蓄電,受到電屬性的招式攻擊時，\n不會受到傷害，而是會回復。
23,10,11,儲水,受到水屬性的招式攻擊時，\n不會受到傷害，而是會回復。
23,10,12,遲鈍,感覺遲鈍，\n不會陷入著迷和被挑釁狀態。
23,10,13,無關天氣,任何天氣的影響都會消失。
23,10,14,複眼,因為擁有複眼，\n會提高招式的命中率。
23,10,15,不眠,因為有著睡不著的體質，\n所以不會陷入睡眠狀態。
23,10,16,變色,自己的屬性會變為\n擊中自己的對手招式的屬性。
23,10,17,免疫,因為體內擁有免疫能力，\n不會陷入中毒狀態。
23,10,18,引火,受到火屬性的招式攻擊時，\n吸收火焰，讓自己使出的\n火屬性招式變強。
23,10,19,鱗粉,被鱗粉守護著，\n不會受到招式的追加效果影響。
23,10,20,我行我素,因為我行我素，\n不會陷入混亂狀態。
23,10,21,吸盤,用吸盤將自己牢牢吸附在地面上，\n讓替換寶可夢的招式和道具失效。
23,10,22,威嚇,出場時威嚇對手，\n使其退縮，\n從而降低對手的攻擊。
23,10,23,踩影,踩住對手的影子\n使其無法逃走或替換。
23,10,24,粗糙皮膚,受到攻擊時，\n用粗糙的皮膚弄傷\n接觸到自己的對手。
23,10,25,神奇守護,不可思議的力量，\n只有效果絕佳的招式才會擊中自己。
23,10,26,飄浮,從地面浮起，\n從而不會受到地面屬性招式的攻擊。
23,10,27,孢子,受到攻擊時，\n有時會讓接觸到自己的對手\n陷入中毒、麻痺或睡眠狀態。
23,10,28,同步,將自己的中毒、麻痺或\n灼傷狀態傳染給對手。
23,10,29,恆淨之軀,不會因對手的招式或特性\n而被降低能力。
23,10,30,自然回復,異常狀態會在\n離場後治癒。
23,10,31,避雷針,將電屬性的招式吸引到自己身上，\n不但不會受到傷害，反而會提高特攻。
23,10,32,天恩,受到上天保佑，\n容易出現招式的追加效果。
23,10,33,悠游自如,天氣為下雨時，\n速度會提高。
23,10,34,葉綠素,天氣為晴朗時，\n速度會提高。
23,10,35,發光,透過讓周圍變亮，\n變得容易遇見野生的寶可夢。
23,10,36,複製,出場時，複製對手的特性，\n變為與之相同的特性。
23,10,37,大力士,物理攻擊的威力會變為２倍。
23,10,38,毒刺,有時會讓接觸到自己的\n對手陷入中毒狀態。
23,10,39,精神力,靠著經過鍛鍊的精神，\n不會因對手的攻擊而畏縮。
23,10,40,熔岩鎧甲,將熾熱的熔岩覆蓋在身上，\n不會陷入冰凍狀態。
23,10,41,水幕,將水幕裹在身上，\n不會陷入灼傷狀態。
23,10,42,磁力,用磁力吸住鋼屬性的寶可夢，\n使其無法逃走。
23,10,43,隔音,透過遮蔽聲音，\n不受到聲音招式的攻擊。
23,10,44,雨盤,天氣為下雨時，\n會漸漸回復ＨＰ。
23,10,45,揚沙,出場時，\n會把天氣變為沙暴。
23,10,46,壓迫感,給予對手壓迫感，\n大量減少其使用招式的ＰＰ。
23,10,47,厚脂肪,被厚厚的脂肪保護著，\n能夠讓火屬性和冰屬性\n招式的傷害減半。
23,10,48,早起,即使陷入睡眠狀態，\n也能以２倍的速度提早醒來。
23,10,49,火焰之軀,有時會讓接觸到自己的\n對手陷入灼傷狀態。
23,10,50,逃跑,一定能從野生寶可夢\n那裡逃走。
23,10,51,銳利目光,靠著銳利的目光，\n命中率不會被降低。
23,10,52,怪力鉗,因為擁有以力量為傲的鉗子，\n不會被對手降低攻擊。
23,10,53,撿拾,有時會撿來對手用過的道具。\n冒險過程中也會撿來。
23,10,54,懶惰,如果使出招式，\n下一回合就需要休息。
23,10,55,活力,自己的攻擊雖會變高，\n但命中率會降低。
23,10,56,迷人之軀,有時會讓接觸到自己的對手\n陷入著迷狀態。
23,10,57,正電,場上的夥伴之中，\n如果有正電或負電特性的寶可夢，\n自己的特攻會提高。
23,10,58,負電,場上的夥伴之中，\n如果有正電或負電特性的寶可夢，\n自己的特攻會提高。
23,10,59,陰晴不定,在天氣的影響下，\n會變成水屬性、火屬性\n或冰屬性之中的一種。
23,10,60,黏著,道具會黏在\n具有黏性的身體上，\n不會被對手奪走。
23,10,61,蛻皮,透過蛻去身上的皮，\n有時會治癒異常狀態。
23,10,62,毅力,陷入異常狀態時，\n會拿出毅力，\n攻擊會提高。
23,10,63,神奇鱗片,陷入異常狀態時，\n神奇鱗片會發生反應，\n防禦會提高。
23,10,64,污泥漿,吸收了污泥漿的對手\n會因為強烈的惡臭而\n使得ＨＰ減少。
23,10,65,茂盛,ＨＰ減少的時候，\n草屬性的招式威力會提高。
23,10,66,猛火,ＨＰ減少的時候，\n火屬性的招式威力會提高。
23,10,67,激流,ＨＰ減少的時候，\n水屬性的招式威力會提高。
23,10,68,蟲之預感,ＨＰ減少的時候，\n蟲屬性的招式威力會提高。
23,10,69,堅硬腦袋,即使使出會受反作用力傷害的招式，\nＨＰ也不會減少。
23,10,70,日照,出場時，\n會將天氣變為晴朗。
23,10,71,沙穴,在戰鬥中讓對手無法逃走。
23,10,72,幹勁,透過激發出幹勁，\n不會陷入睡眠狀態。
23,10,73,白色煙霧,被白色煙霧保護著，\n不會被對手降低能力。
23,10,74,瑜伽之力,因瑜伽的力量，\n物理攻擊的威力會變為２倍。
23,10,75,硬殼盔甲,被堅硬的殼保護著，\n對手的攻擊不會擊中要害。
23,10,76,氣閘,所有天氣的影響都會消失。
23,10,77,蹣跚,陷入混亂狀態時，\n閃避率會提高。
23,10,78,電氣引擎,受到電屬性的招式攻擊時，\n不但不會受到傷害，反而速度會提高。
23,10,79,鬥爭心,面對性別相同的對手，\n會燃起鬥爭心，變得更強。\n面對性別不同的對手時則會變弱。
23,10,80,不屈之心,每次畏縮時，\n不屈之心就會燃起，\n速度也會提高。
23,10,81,雪隱,天氣為冰雹時，\n閃避率會提高。
23,10,82,貪吃鬼,原本ＨＰ變得很少時才會吃的樹果，\n在ＨＰ還有一半時就會把它吃掉。
23,10,83,憤怒穴位,要害被擊中時會大發雷霆。\n攻擊力會提高到最大。
23,10,84,輕裝,失去所持有的道具時，\n速度會提高。
23,10,85,耐熱,靠著耐熱的體質，\n讓火屬性的招式威力減半。
23,10,86,單純,能力變化會變為平時的２倍。
23,10,87,乾燥皮膚,下雨天氣時和受到水屬性的招式攻擊時，\nＨＰ會回復。晴朗天氣時和受到火屬性的\n招式攻擊時，ＨＰ會減少。
23,10,88,下載,比較對手的防禦和特防，\n根據較低的那項能力\n相應地提高自己的攻擊或特攻。
23,10,89,鐵拳,使用到拳頭的招式\n威力會提高。
23,10,90,毒療,陷入中毒狀態時，\nＨＰ不會減少，反而會漸漸增加。
23,10,91,適應力,與自身同屬性的招式\n威力會提高。
23,10,92,連續攻擊,使用連續招式時，\n每回都能以最多次數進行攻擊。
23,10,93,濕潤之軀,天氣為下雨時，\n會治癒異常狀態。
23,10,94,太陽之力,天氣為晴朗時特攻會提高，\n但每回合ＨＰ會減少。
23,10,95,飛毛腿,陷入異常狀態時，\n速度會提高。
23,10,96,一般皮膚,無論是什麼屬性的招式，\n全部都會變為一般屬性。\n威力會少量提高。
23,10,97,狙擊手,擊中要害時，\n威力會進一步提高。
23,10,98,魔法防守,不會受到攻擊以外的傷害。
23,10,99,無防守,由於無防守戰術，\n雙方使出的招式都必定會擊中。
23,10,100,慢出,使出招式的順序\n必定會變為最後。
23,10,101,技術高手,可讓威力低的招式\n提高威力來進行攻擊。
23,10,102,葉子防守,天氣為晴朗時，\n不會陷入異常狀態。
23,10,103,笨拙,無法使用持有的道具。
23,10,104,破格,可不受特性影響，\n向對手使出招式。
23,10,105,超幸運,因為非常幸運，\n容易擊中對手的要害。
23,10,106,引爆,瀕死時，\n會對接觸到自己的對手造成傷害。
23,10,107,危險預知,察覺對手持有的\n危險招式。
23,10,108,預知夢,出場時，預見１個\n對手持有的招式。
23,10,109,純樸,可無視對手能力的變化，\n進行攻擊。
23,10,110,有色眼鏡,可將效果不好的招式\n以正常的威力使出。
23,10,111,過濾,受到效果絕佳的攻擊時，\n可減弱其威力。
23,10,112,慢啟動,在５回合內，\n攻擊和速度會減半。
23,10,113,膽量,一般屬性和格鬥屬性的招式\n可擊中幽靈屬性的寶可夢。
23,10,114,引水,將水屬性的招式引到自己身上，\n不但不會受到傷害，\n反而會提高特攻。
23,10,115,冰凍之軀,天氣為冰雹時，\n會漸漸回復ＨＰ。
23,10,116,堅硬岩石,受到效果絕佳的攻擊時，\n可減弱其威力。
23,10,117,降雪,出場時，\n會將天氣變為冰雹。
23,10,118,採蜜,戰鬥結束時，\n有時候會撿來甜甜蜜。
23,10,119,察覺,出場時，\n可以察覺對手的持有物。
23,10,120,捨身,會讓自己因反作用力而受傷的招式\n威力會提高。
23,10,121,多屬性,屬性會依持有的石板而改變。
23,10,122,花之禮,天氣為晴朗時，\n自己和同伴的攻擊和\n特防能力會提高。
23,10,123,夢魘,給予陷入睡眠狀態的對手傷害。
23,10,124,順手牽羊,盜取接觸到自己的\n對手的道具。
23,10,125,強行,招式會失去追加效果，\n但可以用更高的威力使出招式。
23,10,126,唱反調,能力的變化會逆轉，\n原本提高時會降低，\n原本降低時會提高。
23,10,127,緊張感,讓對手感到緊張，\n無法吃樹果。
23,10,128,不服輸,能力被降低時，\n攻擊會大幅提高。
23,10,129,軟弱,ＨＰ降到一半以下時，\n會變得軟弱而使得\n攻擊和特攻減半。
23,10,130,詛咒之軀,受到攻擊時，\n有時會把對手的招式\n變為定身法狀態。
23,10,131,治癒之心,有時會治癒同伴的異常狀態。
23,10,132,友情防守,可以減少我方受到的傷害。
23,10,133,碎裂鎧甲,因物理招式受到傷害時，\n防禦會降低，\n速度會大幅提高。
23,10,134,重金屬,自己的重量會變為２倍。
23,10,135,輕金屬,自己的重量會減半。
23,10,136,多重鱗片,ＨＰ全滿時，\n受到的傷害會變少。
23,10,137,中毒激升,陷入中毒狀態時，\n物理招式的威力會提高。
23,10,138,受熱激升,陷入灼傷狀態時，\n特殊招式的威力會提高。
23,10,139,收穫,可多次採收\n已被使用過的樹果。
23,10,140,心靈感應,預測我方的攻擊，\n並閃避其招式。
23,10,141,心情不定,每一回合，能力中的某項\n會大幅提高，相對地某項會降低。
23,10,142,防塵,不會受到沙暴或冰雹等的傷害。\n不會受到粉末類招式的攻擊。
23,10,143,毒手,有時僅是接觸\n就能讓對手中毒。
23,10,144,再生力,退回同行隊伍後，\nＨＰ會少量回復。
23,10,145,健壯胸肌,不會受到降低防禦的效果影響。
23,10,146,撥沙,天氣為沙暴時，\n速度會提高。
23,10,147,奇跡皮膚,不易受到變化類招式\n攻擊的身體。
23,10,148,分析,如果在最後使出招式，\n招式的威力就會變強。
23,10,149,幻覺,假扮成同行隊伍中的\n最後一隻寶可夢出場，\n迷惑對手。
23,10,150,變身者,變身為當前面對的寶可夢。
23,10,151,穿透,可穿透對手的屏障\n或替身進行攻擊。
23,10,152,木乃伊,被對手接觸到時，\n會將對手變成木乃伊。
23,10,153,自信過度,如果打倒對手，\n會充滿自信並提高攻擊。
23,10,154,正義之心,受到惡屬性的招式攻擊時，\n因為正義感，攻擊會提高。
23,10,155,膽怯,受到惡屬性、幽靈屬性\n和蟲屬性的招式攻擊時，\n會因膽怯而使得速度提高。
23,10,156,魔法鏡,可不受到由對手使出的\n變化類招式所影響，並將其反彈。
23,10,157,食草,受到草屬性的招式攻擊時，\n不但不會受到傷害，反而攻擊會提高。
23,10,158,惡作劇之心,可以搶先使出變化類招式。
23,10,159,沙之力,天氣為沙暴時，\n岩石屬性、地面屬性\n和鋼屬性招式的威力會提高。
23,10,160,鐵刺,用鐵刺給予接觸到自己的\n對手傷害。
23,10,161,達摩模式,ＨＰ變為一半以下時，\n樣子會改變。
23,10,162,勝利之星,自己和同伴的命中率會提高。
23,10,163,渦輪火焰,可以不受對手特性的干擾，\n向對手使出招式。
23,10,164,兆級電壓,可以不受對手特性的干擾，\n向對手使出招式。
23,10,165,芳香幕,可防住向自己和同伴\n發出的心靈攻擊。
23,10,166,花幕,我方的草屬性寶可夢\n能力不會降低。\n也不會陷入異常狀態。
23,10,167,頰囊,無論是哪種樹果，\n吃下去後ＨＰ都會回復。
23,10,168,變幻自如,變為與自己使出的招式\n相同的屬性。
23,10,169,毛皮大衣,對手的物理招式造成的\n傷害會減半。
23,10,170,魔術師,奪走被自己招式\n擊中的對手的道具。
23,10,171,防彈,可防住對手的\n球和彈類的招式。
23,10,172,好勝,能力被降低時，\n特攻會大幅提高。
23,10,173,強壯之顎,顎部強壯，\n會提高啃咬類招式的威力。
23,10,174,冰凍皮膚,一般屬性的招式\n會變為冰屬性。\n威力會少量提高。
23,10,175,甜幕,我方的寶可夢\n不會陷入睡眠狀態。
23,10,176,戰鬥切換,若使出攻擊招式，會變為刀劍形態，\n若使出招式「王者盾牌」，\n會變為盾牌形態。
23,10,177,疾風之翼,ＨＰ全滿時，\n可以搶先在對手之前\n使出飛行屬性的招式。
23,10,178,超級發射器,波動和波導類招式的\n威力會提高。
23,10,179,草之毛皮,在青草場地時，\n防禦會提高。
23,10,180,共生,同伴使用道具時，\n會把自己持有的道具交給同伴。
23,10,181,硬爪,接觸到對手的招式\n威力會提高。
23,10,182,妖精皮膚,一般屬性的招式\n會變為妖精屬性。\n威力會少量提高。
23,10,183,黏滑,對手用攻擊接觸到自己時，\n降低此對手的速度。
23,10,184,飛行皮膚,一般屬性的招式\n會變為飛行屬性。\n威力會少量提高。
23,10,185,親子愛,親子倆可合計攻擊２次。
23,10,186,暗黑氣場,全體的惡屬性招式變強。
23,10,187,妖精氣場,全體的妖精屬性招式變強。
23,10,188,氣場破壞,讓氣場的效果逆轉，\n並降低威力。
23,10,189,始源之海,變為讓火屬性攻擊\n失效的天氣。
23,10,190,終結之地,變為讓水屬性攻擊\n失效的天氣。
23,10,191,德爾塔氣流,變為令飛行屬性的弱點\n消失的天氣。
23,10,192,持久力,受到攻擊時，\n防禦會提高。
23,10,193,躍躍欲逃,ＨＰ變為一半時，\n會慌慌張張逃走，\n退回同行隊伍裡面。
23,10,194,危險迴避,ＨＰ減到一半時，\n為了避開危險，\n會退回同行隊伍裡面。
23,10,195,遇水凝固,受到水屬性的招式攻擊時，\n防禦會大幅提高。
23,10,196,不仁不義,攻擊中毒狀態的對手時，\n必定會擊中要害。
23,10,197,界限盾殼,ＨＰ變為一半時，\n殼會壞掉，變得更有攻擊性。
23,10,198,監視,可以向替換出場的對手\n以２倍的傷害進行攻擊。
23,10,199,水泡,降低自己受到的火屬性\n招式的威力。不會灼傷。
23,10,200,鋼能力者,鋼屬性的招式威力會提高。
23,10,201,怒火沖天,ＨＰ因對手的攻擊\n降到一半時，\n特攻會提高。
23,10,202,撥雪,天氣為冰雹時，\n速度會提高。
23,10,203,遠隔,可以不接觸對手\n就使出所有的招式。
23,10,204,濕潤之聲,所有的聲音招式\n都變為水屬性。
23,10,205,先行治療,可以搶先使出回復招式。
23,10,206,電氣皮膚,一般屬性的招式\n會變為電屬性。\n威力會少量提高。
23,10,207,衝浪之尾,電氣場地時，\n速度會變為２倍。
23,10,208,魚群,ＨＰ多的時候會聚起來變強。\nＨＰ剩餘量變少時，\n群體會分崩離析。
23,10,209,畫皮,用畫皮覆蓋住身體，\n可防住１次攻擊。
23,10,210,牽絆變身,打倒對手時，與訓練家的牽絆會加深，\n變化成小智版甲賀忍蛙。\n飛水手裡劍的威力會增強。
23,10,211,群聚變形,ＨＰ變為一半時，\n細胞們會趕來支援，\n變為完全體形態。
23,10,212,腐蝕,就算對方是鋼屬性或毒屬性寶可夢，\n也可讓對方陷入中毒狀態。
23,10,213,絕對睡眠,總是半夢半醒的狀態，\n絕對不會醒來。\n可在睡著的狀況下進行攻擊。
23,10,214,女王的威嚴,向對手施加威懾力，\n使其無法對我方使出先制招式。
23,10,215,飛出的內在物,被對手打倒的時候，\n會給予對手相當於\nＨＰ剩餘量的傷害。
23,10,216,舞者,當有誰使出跳舞招式時，\n自己也能接著使出跳舞招式。
23,10,217,蓄電池,會提高我方的\n特殊招式的威力。
23,10,218,毛茸茸,會將對手所給予的接觸類招式的傷害減半，\n但火屬性招式的傷害會變為２倍。
23,10,219,鮮艷之軀,讓對手嚇一跳，\n使其無法對我方使出先制招式。
23,10,220,魂心,每當場上有寶可夢\n陷入瀕死狀態時，\n特攻就會提高。
23,10,221,捲髮,對手用攻擊接觸到自己時，\n降低此對手的速度。
23,10,222,接球手,繼承被打倒的同伴的特性，\n變為相同的特性。
23,10,223,化學之力,繼承被打倒的同伴的特性，\n變為相同的特性。
23,10,224,異獸提升,打倒對手的時候，\n會提高自己最高的那項能力。
23,10,225,ＡＲ系統,根據持有的記憶碟，\n自己的屬性會改變。
23,10,226,電氣製造者,出場時，\n會布下電氣場地。
23,10,227,精神製造者,出場時，\n會布下精神場地。
23,10,228,薄霧製造者,出場時，\n會布下薄霧場地。
23,10,229,青草製造者,出場時，\n會布下青草場地。
23,10,230,金屬防護,不會因對手的招式或特性\n而被降低能力。
23,10,231,幻影防守,ＨＰ全滿時，\n受到的傷害會變少。
23,10,232,稜鏡裝甲,受到效果絕佳的攻擊時，\n可減弱其威力。
23,10,233,腦核之力,可進一步提升\n效果絕佳招式的威力。
23,10,234,不撓之劍,出場時，\n攻擊會提高。
23,10,235,不屈之盾,出場時，\n防禦會提高。
23,10,236,自由者,變為與自己使出的招式\n相同的屬性。
23,10,237,撿球,當寶可夢沒有攜帶道具時，\n會撿回第１個投出後\n捕捉失敗的精靈球。
23,10,238,棉絮,受到攻擊時會撒下棉絮，\n降低除自己以外的\n所有寶可夢的速度。
23,10,239,螺旋尾鰭,能無視具有吸引\n對手招式效果的\n特性或招式的影響。
23,10,240,鏡甲,只反彈自己受到的\n能力降低效果。
23,10,241,一口飛彈,衝浪或潛水時會叼來獵物。\n當受到傷害時，\n會吐出獵物攻擊對手。
23,10,242,堅毅,能無視具有吸引\n對手招式效果的\n特性或招式的影響。
23,10,243,蒸汽機,受到水屬性或\n火屬性招式攻擊時，\n速度會極大幅提高。
23,10,244,龐克搖滾,聲音招式的威力會提高。\n受到聲音招式的傷害會減半。
23,10,245,吐沙,受到攻擊時，\n會刮起沙暴。
23,10,246,冰鱗粉,得到冰鱗粉的守護，\n受到的特殊攻擊傷害會減半。
23,10,247,熟成,讓樹果成熟，\n使效果變為２倍。
23,10,248,結凍頭,頭部的冰會代替自己承受\n物理攻擊，但是樣子會改變。\n下冰雹時，冰會回復原狀。
23,10,249,能量點,只要站在旁邊，\n招式的威力就會提高。
23,10,250,擬態,寶可夢的屬性會隨著\n場地的狀態而改變。
23,10,251,除障,出場時，敵方和我方的\n光牆、反射壁和極光幕的效果會消失。
23,10,252,鋼之意志,我方的鋼屬性\n攻擊威力會提高。
23,10,253,滅亡之軀,在受到接觸類招式攻擊時，\n３個回合後雙方都會陷入瀕死。\n替換寶可夢後效果就會消失。
23,10,254,遊魂,與使用接觸類招式\n攻擊自己的寶可夢互換特性。
23,10,255,一猩一意,攻擊雖然會提高，\n但只能使出\n最初選擇的招式。
23,10,256,化學變化氣體,當場上有特性是化學變化氣體的寶可夢時，\n所有寶可夢的特性效果\n都會消失或無法發動。
23,10,257,粉彩護幕,自己和我方同伴都不會\n陷入中毒的異常狀態。
23,10,258,飽了又餓,在每個回合結束時，\n會在滿腹花紋和空腹花紋之間\n交替改變樣子。
23,10,259,速擊,有時能比對手先一步行動。
23,10,260,無形拳,只要是接觸到對手的招式，\n就可以無視對手的防守效果進行攻擊。
23,10,261,怪藥,出場時，會從貝殼撒藥，\n將我方的能力變化復原。
23,10,262,電晶體,電屬性的招式威力會提高。
23,10,263,龍顎,龍屬性的招式威力會提高。
23,10,264,蒼白嘶鳴,打倒對手時\n會用冰冷的聲音嘶鳴\n並提高攻擊。
23,10,265,漆黑嘶鳴,打倒對手時\n會用恐怖的聲音嘶鳴\n並提高特攻。
23,10,266,人馬一體,兼具蕾冠王的緊張感和\n雪暴馬的蒼白嘶鳴這２種特性。
23,10,267,人馬一體,兼具蕾冠王的緊張感和\n靈幽馬的漆黑嘶鳴這２種特性。
