version_group_id,language_id,ability_id,name,description
19,1,1,あくしゅう,くさい　においを　はなつことによって\nこうげきした　ときに　あいてを\nひるませることが　ある。
19,1,2,あめふらし,とうじょう　したときに\nてんきを　あめに　する。
19,1,3,かそく,まいターン　すばやさが　あがる。
19,1,4,カブトアーマー,かたい　こうらに　まもられて\nあいての　こうげきが\nきゅうしょに　あたらない。
19,1,5,がんじょう,あいての　わざを　うけても\nいちげきで　たおされることが　ない。\nいちげきひっさつわざも　きかない。
19,1,6,しめりけ,あたりを　しめらせることに　よって\nじばく　などの　ばくはつする　わざを\nだれも　つかえなくなる。
19,1,7,じゅうなん,じゅうなんな　からだによって\nまひ　じょうたいに　ならない。
19,1,8,すながくれ,すなあらしの　とき\nかいひりつが　あがる。
19,1,9,せいでんき,せいでんきを　からだに　まとい\nさわった　あいてを\nまひさせる　ことがある。
19,1,10,ちくでん,でんきタイプの　わざを　うけると\nダメージを　うけずに　かいふくする。
19,1,11,ちょすい,みずタイプの　わざを　うけると\nダメージを　うけずに　かいふくする。
19,1,12,どんかん,どんかん　なので\nメロメロや　ちょうはつ　じょうたいに\nならない。
19,1,13,ノーてんき,あらゆる　てんきの　えいきょうが\nなくなって　しまう。
19,1,14,ふくがん,ふくがんを　もっているため\nわざの　めいちゅうりつが　あがる。
19,1,15,ふみん,ねむれない　たいしつ　なので\nねむり　じょうたいに　ならない。
19,1,16,へんしょく,あいてから　うけた　わざの　タイプに\nじぶんの　タイプが　へんか　する。
19,1,17,めんえき,たいないに　めんえきを　もっているため\nどく　じょうたいに　ならない。
19,1,18,もらいび,ほのおタイプの　わざを　うけると\nほのおを　もらい　じぶんが　だす\nほのおタイプの　わざが　つよくなる。
19,1,19,りんぷん,りんぷんに　まもられて\nわざの　ついかこうかを　うけなくなる。
19,1,20,マイペース,マイペースなので\nこんらん　じょうたいに　ならない。
19,1,21,きゅうばん,きゅうばんで　じめんに　はりつき\nポケモンを　いれかえさせる\nわざや　どうぐが　きかなくなる。
19,1,22,いかく,とうじょう　したとき　いかくして\nあいてを　いしゅくさせ\nあいての　こうげきを　さげて　しまう。
19,1,23,かげふみ,あいての　かげを　ふみ\nにげたり　こうたい　できなくする。
19,1,24,さめはだ,こうげきを　うけたとき\nじぶんに　ふれた　あいてを\nざらざらの　はだで　キズつける。
19,1,25,ふしぎなまもり,こうかばつぐんの　わざしか\nあたらない　ふしぎな　ちから。
19,1,26,ふゆう,じめんから　うくことによって\nじめんタイプの　わざを　うけない。
19,1,27,ほうし,こうげきで　じぶんに　ふれた　あいてを\nどくや　まひや　ねむり　じょうたいに\nする　ことがある。　
19,1,28,シンクロ,じぶんが　なってしまった\nどくや　まひや　やけどを\nあいてに　うつす。
19,1,29,クリアボディ,あいての　わざや　とくせいで\nのうりょくを　さげられない。
19,1,30,しぜんかいふく,てもちに　ひっこむと\nじょうたい　いじょうが　なおる。
19,1,31,ひらいしん,でんきタイプの　わざを　じぶんに\nよせつけ　ダメージを　うけずに\nとくこうが　あがる。
19,1,32,てんのめぐみ,てんのめぐみの　おかげで\nわざの　ついかこうかが　でやすい。
19,1,33,すいすい,てんきが　あめのとき\nすばやさが　あがる。
19,1,34,ようりょくそ,てんきが　はれのとき\nすばやさが　あがる。
19,1,35,はっこう,あたりを　あかるくする　ことで\nやせいの　ポケモンに\nそうぐう　しやすくなる。
19,1,36,トレース,とうじょう　したとき\nあいての　とくせいを　トレースして\nおなじ　とくせいに　なる。
19,1,37,ちからもち,ぶつり　こうげきの\nいりょくが　２ばいに　なる。
19,1,38,どくのトゲ,じぶんに　さわった　あいてを\nどく　じょうたいに　する　ことがある。
19,1,39,せいしんりょく,きたえられた　せいしんに　よって\nあいての　こうげきに　ひるまない。
19,1,40,マグマのよろい,あつい　マグマを　みにまとい\nこおり　じょうたいに　ならない。
19,1,41,みずのベール,みずのベールを　みにまとい\nやけど　じょうたいに　ならない。
19,1,42,じりょく,はがねタイプの　ポケモンを\nじりょくで　ひきつけて\nにげられなくする。
19,1,43,ぼうおん,おとを　しゃだん　することに　よって\nおとの　こうげきを　うけない。
19,1,44,あめうけざら,てんきが　あめのとき\nすこしずつ　ＨＰを　かいふくする。
19,1,45,すなおこし,とうじょう　したとき\nてんきを　すなあらしに　する。
19,1,46,プレッシャー,プレッシャーを　あたえて\nあいての　つかう　わざの　ＰＰを\nおおく　へらす。
19,1,47,あついしぼう,あつい　しぼうで　まもられているので\nほのおタイプと　こおりタイプの\nわざの　ダメージを　はんげんさせる。
19,1,48,はやおき,ねむり　じょうたいに　なっても\n２ばいの　はやさで\nめざめる　ことが　できる。
19,1,49,ほのおのからだ,じぶんに　さわった　あいてを\nやけど　じょうたいに　する　ことがある。
19,1,50,にげあし,やせいの　ポケモンから\nかならず　にげられる。
19,1,51,するどいめ,するどい　めの　おかげで\nめいちゅうりつを　さげられない。
19,1,52,かいりきバサミ,ちからじまんの　ハサミを　もっているので\nあいてに　こうげきを　さげられない。
19,1,53,ものひろい,あいての　つかった　どうぐを\nひろってくることが　ある。\nぼうけんちゅうも　ひろってくる。
19,1,54,なまけ,わざを　だすと\nつぎの　ターンは　やすんでしまう。
19,1,55,はりきり,じぶんの　こうげきが　たかくなるが\nめいちゅうりつが　さがる。　
19,1,56,メロメロボディ,じぶんに　さわった　あいてを\nメロメロに　することが　ある。
19,1,57,プラス,プラスか　マイナスの　とくせいを　もつ\nポケモンが　なかまに　いると\nじぶんの　とくこうが　あがる。
19,1,58,マイナス,プラスか　マイナスの　とくせいを　もつ\nポケモンが　なかまに　いると\nじぶんの　とくこうが　あがる。
19,1,59,てんきや,てんきの　えいきょうを　うけて\nみずタイプ　ほのおタイプ　こおりタイプの\nどれかに　へんかする。
19,1,60,ねんちゃく,ねんちゃくしつの　からだに\nどうぐが　くっついているため\nあいてに　どうぐを　うばわれない。
19,1,61,だっぴ,からだの　かわを　ぬぎすてることで\nじょうたい　いじょうを\nなおすことが　ある。
19,1,62,こんじょう,じょうたい　いじょうに　なると\nこんじょうを　だして\nこうげきが　あがる。
19,1,63,ふしぎなうろこ,じょうたい　いじょうに　なると\nふしぎなうろこが　はんのうして\nぼうぎょが　あがる。
19,1,64,ヘドロえき,ヘドロえきを　すいとった　あいては\nきょうれつな　あくしゅうで\nダメージを　うけて　ＨＰを　へらす。
19,1,65,しんりょく,ＨＰが　へったとき\nくさタイプの　わざの\nいりょくが　あがる。
19,1,66,もうか,ＨＰが　へったとき\nほのおタイプの　わざの\nいりょくが　あがる。
19,1,67,げきりゅう,ＨＰが　へったとき\nみずタイプの　わざの\nいりょくが　あがる。
19,1,68,むしのしらせ,ＨＰが　へったとき\nむしタイプの　わざの\nいりょくが　あがる。
19,1,69,いしあたま,はんどうを　うける　わざを　だしても\nＨＰが　へらない。
19,1,70,ひでり,とうじょう　したときに\nてんきを　はれに　する。
19,1,71,ありじごく,せんとうで　あいてを\nにげられなくする。
19,1,72,やるき,やるきを　だすことに　よって\nねむり　じょうたいに　ならない。
19,1,73,しろいけむり,しろいけむりに　まもられて\nあいてに　のうりょくを　さげられない。
19,1,74,ヨガパワー,ヨガの　ちからで\nぶつり　こうげきの　いりょくが\n２ばいに　なる。
19,1,75,シェルアーマー,かたい　からに　まもられ\nあいての　こうげきが\nきゅうしょに　あたらない。
19,1,76,エアロック,あらゆる　てんきの　えいきょうが\nきえて　しまう。
19,1,77,ちどりあし,こんらん　じょうたいの　ときは\nかいひりつが　アップする。　
19,1,78,でんきエンジン,でんきタイプの　わざを　うけると\nダメージを　うけずに　\nすばやさが　あがる。
19,1,79,とうそうしん,せいべつが　おなじだと\nとうそうしんを　もやして　つよくなる\nせいべつが　ちがうと　よわくなる
19,1,80,ふくつのこころ,ひるむ　たびに\nふくつのこころを　もやして\nすばやさが　あがる。
19,1,81,ゆきがくれ,てんきが　あられのとき\nかいひりつが　あがる。
19,1,82,くいしんぼう,ＨＰが　すくなくなったら　たべる\nきのみを　ＨＰ　はんぶんの\nときに　たべてしまう。
19,1,83,いかりのつぼ,きゅうしょに　こうげきが　あたると\nいかりくるって　こうげきりょくが\nさいだいに　なる。
19,1,84,かるわざ,もっていた　どうぐが　なくなると\nすばやさが　あがる。
19,1,85,たいねつ,たいねつの　からだに　よって\nほのおタイプの　わざの\nダメージを　はんげんさせる
19,1,86,たんじゅん,のうりょく　へんかが\nいつもの　２ばいに　なる。
19,1,87,かんそうはだ,てんきが　あめのときや　みずタイプの\nわざで　ＨＰが　かいふくし　はれのときや\nほのおタイプの　わざで　へってしまう。
19,1,88,ダウンロード,あいての　ぼうぎょと　とくぼうを　くらべて\nひくい　ほうの　のうりょくに　あわせて\nじぶんの　こうげきか　とくこうを　あげる。
19,1,89,てつのこぶし,パンチを　つかう　わざの\nいりょくが　あがる。
19,1,90,ポイズンヒール,どくじょうたいに　なると\nＨＰが　へらずに　ふえていく。
19,1,91,てきおうりょく,じぶんと　おなじ　タイプの\nわざの　いりょくが　あがる。
19,1,92,スキルリンク,れんぞくわざを　つかうと　いつも\nさいこう　かいすう　だすことが　できる。
19,1,93,うるおいボディ,てんきが　あめのとき\nじょうたい　いじょうが　なおる。
19,1,94,サンパワー,てんきが　はれると\nとくこうが　あがるが\nまいターン　ＨＰが　へる。
19,1,95,はやあし,じょうたい　いじょうに　なると\nすばやさが　あがる。
19,1,96,ノーマルスキン,どんな　タイプの　わざでも\nすべて　ノーマルタイプに　なる。\nいりょくが　すこし　あがる。
19,1,97,スナイパー,こうげきを　きゅうしょに　あてると\nいりょくが　さらに　あがる。
19,1,98,マジックガード,こうげき　いがいでは\nダメージを　うけない。
19,1,99,ノーガード,ノーガード　せんぽうに　よって\nおたがいの　だす　わざが\nかならず　あたる　ようになる。
19,1,100,あとだし,わざを　だす　じゅんばんが\nかならず　さいごに　なる。
19,1,101,テクニシャン,いりょくが　ひくい　わざの\nいりょくを　たかくして　こうげきできる。
19,1,102,リーフガード,てんきが　はれのときは\nじょうたい　いじょうに　ならない。
19,1,103,ぶきよう,もっている　どうぐを\nつかうことが　できない。
19,1,104,かたやぶり,あいての　とくせいに\nじゃまされる　ことなく　あいてに\nわざを　だすことが　できる。
19,1,105,きょううん,きょううんを　もっているため\nあいての　きゅうしょに\nこうげきが　あたりやすい。
19,1,106,ゆうばく,ひんしに　なったとき\nさわった　あいてに\nダメージを　あたえる。
19,1,107,きけんよち,あいての　もつ　きけんな　わざを\nさっちする　ことができる。
19,1,108,よちむ,とうじょう　したとき\nあいての　もつ　わざを\nひとつだけ　よみとる。
19,1,109,てんねん,あいての　のうりょくの　へんかを\nむしして　こうげきが　できる。
19,1,110,いろめがね,こうかが　いまひとつの　わざを\nつうじょうの　いりょくで\nだすことが　できる。
19,1,111,フィルター,こうかばつぐんに　なってしまう\nこうげきの　いりょくを\nよわめる　ことが　できる。
19,1,112,スロースタート,５ターンの　あいだ\nこうげきと　すばやさが\nはんぶんに　なる。
19,1,113,きもったま,ゴーストタイプの　ポケモンに\nノーマルタイプと　かくとうタイプの\nわざを　あてることが　できる。
19,1,114,よびみず,みずタイプの　わざを　じぶんに　よせつけ\nダメージは　うけずに　とくこうが　あがる。
19,1,115,アイスボディ,てんきが　あられのとき　ＨＰを\nすこしずつ　かいふく　する。
19,1,116,ハードロック,こうかばつぐんに　なってしまう\nこうげきの　いりょくを\nよわめる　ことが　できる。
19,1,117,ゆきふらし,とうじょう　したときに\nてんきを　あられに　する。
19,1,118,みつあつめ,せんとうが　おわったとき\nあまいミツを　ひろうことが　ある。
19,1,119,おみとおし,とうじょう　したとき\nあいての　もちものを\nみとおすことが　できる。
19,1,120,すてみ,はんどうで　ダメージを\nうける　わざの　いりょくが　あがる。
19,1,121,マルチタイプ,もっている　プレートや\nＺクリスタルの　タイプによって\nじぶんの　タイプが　かわる。
19,1,122,フラワーギフト,てんきが　はれのとき\nじぶんと　みかたの　こうげきと\nとくぼうの　のうりょくが　あがる。
19,1,123,ナイトメア,ねむり　じょうたいの　あいてに\nダメージを　あたえる。
19,1,124,わるいてぐせ,さわられた　あいての　どうぐを\nぬすんで　しまう。
19,1,125,ちからずく,わざの　ついか　こうかは　なくなるが\nそのぶん　たかい　いりょくで\nわざを　だすことが　できる。
19,1,126,あまのじゃく,のうりょくの　へんかが　ぎゃくてんして\nあがるときに　さがり\nさがるときに　あがる。
19,1,127,きんちょうかん,あいてを　きんちょうさせて\nきのみを　たべられなく　させる。
19,1,128,まけんき,のうりょくを　さげられると\nこうげきが　ぐーんと　あがる。
19,1,129,よわき,ＨＰが　はんぶんに　なると\nよわきに　なって　こうげきと\nとくこうが　はんげんする。
19,1,130,のろわれボディ,こうげきを　うけると　あいての　わざを\nかなしばり　じょうたいに\nすることが　ある。
19,1,131,いやしのこころ,じょうたい　いじょうの　みかたを\nたまに　なおしてあげる。
19,1,132,フレンドガード,みかたの　ダメージを\nへらすことが　できる。
19,1,133,くだけるよろい,ぶつりわざで　ダメージを　うけると\nぼうぎょが　さがり\nすばやさが　ぐーんと　あがる。
19,1,134,ヘヴィメタル,じぶんの　おもさが\n２ばいに　なる。
19,1,135,ライトメタル,じぶんの　おもさが\nはんぶんに　なる。
19,1,136,マルチスケイル,ＨＰが　まんたんの　ときに\nうける　ダメージが　すくなくなる。
19,1,137,どくぼうそう,どく　じょうたいに　なったとき\nぶつりわざの　いりょくが　あがる。
19,1,138,ねつぼうそう,やけど　じょうたいに　なったとき\nとくしゅわざの　いりょくが　あがる。
19,1,139,しゅうかく,つかった　きのみを\nなんかいも　つくりだす。
19,1,140,テレパシー,みかたの　こうげきを　よみとって\nわざを　かいひする。
19,1,141,ムラっけ,まいターン　のうりょくの　どれかが\nぐーんと　あがって　どれかが　さがる。
19,1,142,ぼうじん,すなあらしや　あられなどの\nダメージを　うけない。\nこなの　わざを　うけない。
19,1,143,どくしゅ,さわる　だけで　あいてを\nどく　じょうたいに　することがある。
19,1,144,さいせいりょく,てもちに　ひっこむと\nＨＰが　すこし　かいふくする。
19,1,145,はとむね,ぼうぎょを　さげる\nこうかを　うけない。
19,1,146,すなかき,てんきが　すなあらし　のとき\nすばやさが　あがる。
19,1,147,ミラクルスキン,へんかわざを　うけにくい\nからだに　なっている。
19,1,148,アナライズ,いちばん　さいごに　わざを　だすと\nわざの　いりょくが　あがる。
19,1,149,イリュージョン,てもちの　いちばん　うしろに　いる\nポケモンに　なりきって　とうじょうして\nあいてを　ばかす。
19,1,150,かわりもの,めのまえの　ポケモンに\nへんしん　してしまう。
19,1,151,すりぬけ,あいての　かべや　みがわりを\nすりぬけて　こうげき　できる
19,1,152,ミイラ,あいてに　さわられると\nあいてを　ミイラに　してしまう。
19,1,153,じしんかじょう,あいてを　たおすと\nじしんが　ついて\nこうげきが　あがる。
19,1,154,せいぎのこころ,あくタイプの　こうげきを　うけると\nせいぎかんで　こうげきが　あがる。
19,1,155,びびり,あくタイプと　ゴーストタイプと\nむしタイプの　わざを　うけると\nびびって　すばやさが　あがる。
19,1,156,マジックミラー,あいてに　だされた　へんかわざを　うけずに\nそのまま　かえす　ことが　できる。
19,1,157,そうしょく,くさタイプの　わざを　うけると\nダメージを　うけずに\nこうげきが　あがる。
19,1,158,いたずらごころ,へんかわざを　せんせいで\nだすことが　できる。
19,1,159,すなのちから,てんきが　すなあらしの　とき\nいわタイプと　じめんタイプと\nはがねタイプの　いりょくが　あがる。
19,1,160,てつのトゲ,じぶんに　さわった　あいてに\nてつのトゲで　ダメージを　あたえる。
19,1,161,ダルマモード,ＨＰが　はんぶん　いかに　なると\nすがたが　へんかする。
19,1,162,しょうりのほし,じぶんや　みかたの\nめいちゅうりつが　あがる。
19,1,163,ターボブレイズ,あいての　とくせいに　じゃまされず\nあいてに　わざを　だすことが　できる。
19,1,164,テラボルテージ,あいての　とくせいに　じゃまされず\nあいてに　わざを　だすことが　できる。
19,1,165,アロマベール,じぶんと　みかたへの　メンタル\nこうげきを　ふせぐことが　できる。
19,1,166,フラワーベール,みかたの　くさポケモンは\nのうりょくが　さがらず\nじょうたい　いじょうにも　ならない。
19,1,167,ほおぶくろ,どんな　きのみでも\nたべると　ＨＰも　かいふくする。
19,1,168,へんげんじざい,じぶんが　だす　わざと\nおなじ　タイプに　へんかする。
19,1,169,ファーコート,あいてから　うける　ぶつりわざの\nダメージが　はんぶんに　なる。
19,1,170,マジシャン,わざを　あてた　あいての\nどうぐを　うばってしまう。
19,1,171,ぼうだん,あいての　たまや　ばくだんなどの\nわざを　ふせぐことが　できる。
19,1,172,かちき,のうりょくを　さげられると\nとくこうが　ぐーんと　あがる。
19,1,173,がんじょうあご,あごが　がんじょうで\nかむ　わざの　いりょくが\nたかくなる。
19,1,174,フリーズスキン,ノーマルタイプの　わざが\nこおりタイプになる。\nいりょくが　すこし　あがる。
19,1,175,スイートベール,みかたの　ポケモンは\nねむらなくなる。
19,1,176,バトルスイッチ,こうげきわざを　だすと　ブレードフォルムに\nわざ　キングシールドを　だすと\nシールドフォルムに　へんかする。
19,1,177,はやてのつばさ,ＨＰが　まんたん　だと\nひこうタイプの　わざを\nせんせいで　だすことが　できる。
19,1,178,メガランチャー,はどうの　わざの\nいりょくが　たかくなる。
19,1,179,くさのけがわ,グラスフィールドのとき\nぼうぎょが　あがる。
19,1,180,きょうせい,みかたが　どうぐを　つかうと\nじぶんの　もっている　どうぐを\nみかたに　わたす。
19,1,181,かたいツメ,あいてに　せっしょくする　わざの\nいりょくが　たかくなる。
19,1,182,フェアリースキン,ノーマルタイプの　わざが\nフェアリータイプになる。\nいりょくが　すこし　あがる。
19,1,183,ぬめぬめ,こうげきで　じぶんに　ふれた　あいての\nすばやさを　さげる。
19,1,184,スカイスキン,ノーマルタイプの　わざが\nひこうタイプになる。\nいりょくが　すこし　あがる。
19,1,185,おやこあい,おやこ　２ひきで　２かい\nこうげきする　ことが　できる。
19,1,186,ダークオーラ,ぜんいんの　あくタイプの\nわざが　つよくなる。
19,1,187,フェアリーオーラ,ぜんいんの　フェアリータイプの\nわざが　つよくなる。
19,1,188,オーラブレイク,オーラの　こうかを　ぎゃくてんさせて\nいりょくを　さげる。
19,1,189,はじまりのうみ,ほのおタイプの　こうげきを\nうけない　てんきにする。
19,1,190,おわりのだいち,みずタイプの　こうげきを\nうけない　てんきにする。
19,1,191,デルタストリーム,ひこうタイプの　じゃくてんが\nなくなる　てんきにする。
19,1,192,じきゅうりょく,こうげきを　うけると\nぼうぎょが　あがる。
19,1,193,にげごし,ＨＰが　はんぶんに　なると\nあわてて　にげだして\nてもちに　ひっこんで　しまう。
19,1,194,ききかいひ,ＨＰが　はんぶんに　なると\nきけんを　かいひするため\nてもちに　ひっこんで　しまう。
19,1,195,みずがため,みずタイプの　わざを　うけると\nぼうぎょが　ぐーんと　あがる。
19,1,196,ひとでなし,どく　じょうたいの\nあいてを　こうげきすると\nかならず　きゅうしょに　あたる。
19,1,197,リミットシールド,ＨＰが　はんぶんに　なると\nからが　こわれて\nこうげきてきに　なる。
19,1,198,はりこみ,こうたいで　でてきた　あいてに\n２ばいの　ダメージで　こうげき　できる。
19,1,199,すいほう,じぶんに　たいする　ほのおタイプの\nわざの　いりょくを　さげる。\nやけど　しない。
19,1,200,はがねつかい,はがねタイプの　わざの\nいりょくが　あがる。
19,1,201,ぎゃくじょう,あいての　こうげきで\nＨＰが　はんぶんに　なると\nとくこうが　あがる。
19,1,202,ゆきかき,てんきが　あられ　のとき\nすばやさが　あがる。
19,1,203,えんかく,すべての　わざを\nあいてに　せっしょく　しないで\nだすことが　できる。
19,1,204,うるおいボイス,すべての　おとわざが\nみずタイプに　なる。
19,1,205,ヒーリングシフト,かいふくわざを　せんせいで\nだすことが　できる。
19,1,206,エレキスキン,ノーマルタイプの　わざが\nでんきタイプになる。\nいりょくが　すこし　あがる。
19,1,207,サーフテール,エレキフィールド　のとき\nすばやさが　２ばいに　なる。
19,1,208,ぎょぐん,ＨＰが　おおいときは　むれて　つよくなる。\nＨＰの　のこりが　すくなくなると\nむれは　ちりぢりに　なってしまう。
19,1,209,ばけのかわ,からだを　おおう　ばけのかわで　\n１かい　こうげきを　ふせぐことが　できる。
19,1,210,きずなへんげ,あいてを　たおすと　トレーナーとの\nきずなが　ふかまり　サトシゲッコウガに\nへんげする。みずしゅりけんが　つよくなる。
19,1,211,スワームチェンジ,ＨＰが　はんぶんに　なると\nセルたちが　おうえんに　かけつけ\nパーフェクトフォルムに　すがたを　かえる。
19,1,212,ふしょく,はがねタイプや　どくタイプも\nどく　じょうたいに　することが　できる。
19,1,213,ぜったいねむり,つねに　ゆめうつつの　じょうたいで\nぜったいに　めざめない。\nねむったまま　こうげきが　できる。
19,1,214,じょおうのいげん,あいてに　いあつかんを　あたえ\nこちらに　むかって　せんせいわざを\nだせない　ようにする。
19,1,215,とびだすなかみ,あいてに　たおされたとき\nＨＰの　のこりの　ぶんだけ\nあいてに　ダメージを　あたえる。
19,1,216,おどりこ,だれかが　おどりわざを　つかうと\nじぶんも　それに　つづいて\nおどりわざを　だすことが　できる。
19,1,217,バッテリー,みかたの　とくしゅわざの\nいりょくを　あげる。
19,1,218,もふもふ,あいてから　うけた　せっしょくする　わざの\nダメージを　はんげんするが　ほのおタイプの\nわざの　ダメージは　２ばいになる。
19,1,219,ビビッドボディ,あいてを　びっくり　させて\nこちらに　むかって　せんせいわざを\nだせない　ようにする。
19,1,220,ソウルハート,ポケモンが　ひんしに　なるたびに\nとくこうが　あがる。
19,1,221,カーリーヘアー,こうげきで　じぶんに　ふれた　あいての\nすばやさを　さげる。
19,1,222,レシーバー,たおされた　みかたの　とくせいを\nうけついで　おなじ　とくせいに　なる。
19,1,223,かがくのちから,たおされた　みかたの　とくせいを　うけつぎ\nおなじ　とくせいに　かわる。
19,1,224,ビーストブースト,あいてを　たおしたとき\nじぶんの　いちばん　たかい\nのうりょくが　あがる。　
19,1,225,ＡＲシステム,もっている　メモリで\nじぶんの　タイプが　かわる。
19,1,226,エレキメイカー,とうじょう　したときに\nエレキフィールドを　はりめぐらせる。
19,1,227,サイコメイカー,とうじょう　したときに\nサイコフィールドを　はりめぐらせる。
19,1,228,ミストメイカー,とうじょう　したときに\nミストフィールドを　はりめぐらせる。
19,1,229,グラスメイカー,とうじょう　したときに\nグラスフィールドを　はりめぐらせる。
19,1,230,メタルプロテクト,あいての　わざや　とくせいで\nのうりょくを　さげられない。
19,1,231,ファントムガード,ＨＰが　まんたんの　ときに\nうける　ダメージが　すくなくなる。
19,1,232,プリズムアーマー,こうかばつぐんに　なってしまう\nこうげきの　いりょくを\nよわめる　ことが　できる。
19,2,1,Stench,"By releasing stench when attacking, this Pokémon\nmay cause the target to flinch."
19,2,2,Drizzle,The Pokémon makes it rain when it enters a battle.
19,2,3,Speed Boost,Its Speed stat is boosted every turn.
19,2,4,Battle Armor,Hard armor protects the Pokémon from critical hits.
19,2,5,Sturdy,"It cannot be knocked out with one hit. One-hit KO\nmoves cannot knock it out, either."
19,2,6,Damp,Prevents the use of explosive moves such as\nSelf-Destruct by dampening its surroundings.
19,2,7,Limber,Its limber body protects the Pokémon from paralysis.
19,2,8,Sand Veil,Boosts the Pokémon’s evasion in a sandstorm.
19,2,9,Static,"The Pokémon is charged with static electricity, so\ncontact with it may cause paralysis."
19,2,10,Volt Absorb,"Restores HP if hit by an Electric-type move, instead\nof taking damage."
19,2,11,Water Absorb,"Restores HP if hit by a Water-type move, instead of\ntaking damage."
19,2,12,Oblivious,"The Pokémon is oblivious, and that keeps it from\nbeing infatuated or falling for taunts."
19,2,13,Cloud Nine,Eliminates the effects of weather.
19,2,14,Compound Eyes,The Pokémon’s compound eyes boost its accuracy.
19,2,15,Insomnia,The Pokémon is suffering from insomnia and cannot\nfall asleep.
19,2,16,Color Change,The Pokémon’s type becomes the type of the move\nused on it.
19,2,17,Immunity,The immune system of the Pokémon prevents it from\ngetting poisoned.
19,2,18,Flash Fire,Powers up the Pokémon’s Fire-type moves if it’s hit\nby one.
19,2,19,Shield Dust,This Pokémon’s dust blocks the additional effects of\nattacks taken.
19,2,20,Own Tempo,"This Pokémon has its own tempo, and that prevents\nit from becoming confused."
19,2,21,Suction Cups,This Pokémon uses suction cups to stay in one spot\nto negate all moves and items that force\nswitching out.
19,2,22,Intimidate,"The Pokémon intimidates opposing Pokémon upon\nentering battle, lowering their Attack stat."
19,2,23,Shadow Tag,This Pokémon steps on the opposing Pokémon’s\nshadow to prevent it from escaping.
19,2,24,Rough Skin,This Pokémon inflicts damage with its rough skin\nto the attacker on contact.
19,2,25,Wonder Guard,Its mysterious power only lets supereffective moves\nhit the Pokémon.
19,2,26,Levitate,"By floating in the air, the Pokémon receives full\nimmunity to all Ground-type moves."
19,2,27,Effect Spore,"Contact with the Pokémon may inflict poison, sleep,\nor paralysis on its attacker."
19,2,28,Synchronize,"The attacker will receive the same status condition if\nit inflicts a burn, poison, or paralysis to the Pokémon."
19,2,29,Clear Body,Prevents other Pokémon’s moves or Abilities from\nlowering the Pokémon’s stats.
19,2,30,Natural Cure,All status conditions heal when the Pokémon\nswitches out.
19,2,31,Lightning Rod,"The Pokémon draws in all Electric-type moves. \nInstead of being hit by Electric-type moves, \nit boosts its Sp. Atk."
19,2,32,Serene Grace,Boosts the likelihood of additional effects occurring \nwhen attacking.
19,2,33,Swift Swim,Boosts the Pokémon’s Speed stat in rain.
19,2,34,Chlorophyll,Boosts the Pokémon’s Speed stat in sunshine.
19,2,35,Illuminate,Raises the likelihood of meeting wild Pokémon by\nilluminating the surroundings.
19,2,36,Trace,"When it enters a battle, the Pokémon copies an\nopposing Pokémon’s Ability."
19,2,37,Huge Power,Doubles the Pokémon’s Attack stat.
19,2,38,Poison Point,Contact with the Pokémon may poison the attacker.
19,2,39,Inner Focus,"The Pokémon’s intensely focused, and that protects\nthe Pokémon from flinching."
19,2,40,Magma Armor,"The Pokémon is covered with hot magma, which\nprevents the Pokémon from becoming frozen."
19,2,41,Water Veil,"The Pokémon is covered with a water veil, which\nprevents the Pokémon from getting a burn."
19,2,42,Magnet Pull,Prevents Steel-type Pokémon from escaping using\nits magnetic force.
19,2,43,Soundproof,Soundproofing of the Pokémon itself gives full \nimmunity to all sound-based moves.
19,2,44,Rain Dish,The Pokémon gradually regains HP in rain.
19,2,45,Sand Stream,The Pokémon summons a sandstorm when it enters\na battle.
19,2,46,Pressure,"By putting pressure on the opposing Pokémon, it\nraises their PP usage."
19,2,47,Thick Fat,"The Pokémon is protected by a layer of thick fat,\nwhich halves the damage taken from Fire- and\nIce-type moves."
19,2,48,Early Bird,The Pokémon awakens twice as fast as other\nPokémon from sleep.
19,2,49,Flame Body,Contact with the Pokémon may burn the attacker.
19,2,50,Run Away,Enables a sure getaway from wild Pokémon.
19,2,51,Keen Eye,Keen eyes prevent other Pokémon from lowering this\nPokémon’s accuracy.
19,2,52,Hyper Cutter,The Pokémon’s proud of its powerful pincers. They\nprevent other Pokémon from lowering its Attack stat.
19,2,53,Pickup,"The Pokémon may pick up the item an opposing\nPokémon used during a battle. It may pick up items\noutside of battle, too."
19,2,54,Truant,The Pokémon can’t use a move the following turn if it\nuses one.
19,2,55,Hustle,"Boosts the Attack stat, but lowers accuracy."
19,2,56,Cute Charm,Contact with the Pokémon may cause infatuation.
19,2,57,Plus,Boosts the Sp. Atk stat of the Pokémon if an ally\nwith the Plus or Minus Ability is also in battle.
19,2,58,Minus,Boosts the Sp. Atk stat of the Pokémon if an ally\nwith the Plus or Minus Ability is also in battle.
19,2,59,Forecast,"The Pokémon transforms with the weather to change\nits type to Water, Fire, or Ice."
19,2,60,Sticky Hold,Items held by the Pokémon are stuck fast and\ncannot be removed by other Pokémon.
19,2,61,Shed Skin,The Pokémon may heal its own status conditions\nby shedding its skin.
19,2,62,Guts,It’s so gutsy that having a status condition boosts\nthe Pokémon’s Attack stat.
19,2,63,Marvel Scale,The Pokémon’s marvelous scales boost the Defense\nstat if it has a status condition.
19,2,64,Liquid Ooze,"Oozed liquid has strong stench, which damages\nattackers using any draining move."
19,2,65,Overgrow,Powers up Grass-type moves when the Pokémon’s\nHP is low.
19,2,66,Blaze,Powers up Fire-type moves when the Pokémon’s HP\nis low.
19,2,67,Torrent,Powers up Water-type moves when the Pokémon’s\nHP is low.
19,2,68,Swarm,Powers up Bug-type moves when the Pokémon’s HP\nis low.
19,2,69,Rock Head,Protects the Pokémon from recoil damage.
19,2,70,Drought,Turns the sunlight harsh when the Pokémon enters\na battle.
19,2,71,Arena Trap,Prevents opposing Pokémon from fleeing.
19,2,72,Vital Spirit,"The Pokémon is full of vitality, and that prevents\nit from falling asleep."
19,2,73,White Smoke,"The Pokémon is protected by its white smoke, which\nprevents other Pokémon from lowering its stats."
19,2,74,Pure Power,"Using its pure power, the Pokémon doubles its\nAttack stat."
19,2,75,Shell Armor,A hard shell protects the Pokémon from critical hits.
19,2,76,Air Lock,Eliminates the effects of weather.
19,2,77,Tangled Feet,Raises evasion if the Pokémon is confused.
19,2,78,Motor Drive,"Boosts its Speed stat if hit by an Electric-type move,\ninstead of taking damage."
19,2,79,Rivalry,"Becomes competitive and deals more damage to\nPokémon of the same gender, but deals less to\nPokémon of the opposite gender."
19,2,80,Steadfast,The Pokémon’s determination boosts the Speed\nstat each time the Pokémon flinches.
19,2,81,Snow Cloak,Boosts evasion in a hailstorm.
19,2,82,Gluttony,"Makes the Pokémon eat a held Berry when its HP\ndrops to half or less, which is sooner than usual."
19,2,83,Anger Point,"The Pokémon is angered when it takes a critical hit,\nand that maxes its Attack stat."
19,2,84,Unburden,Boosts the Speed stat if the Pokémon’s held item is \nused or lost.
19,2,85,Heatproof,The heatproof body of the Pokémon halves the\ndamage from Fire-type moves that hit it.
19,2,86,Simple,The stat changes the Pokémon receives are doubled.
19,2,87,Dry Skin,"Restores HP in rain or when hit by Water-type\nmoves. Reduces HP in sunshine, and increases the\ndamage received from Fire-type moves."
19,2,88,Download,Compares an opposing Pokémon’s Defense and\nSp. Def stats before raising its own Attack or\nSp. Atk stat—whichever will be more effective.
19,2,89,Iron Fist,Powers up punching moves.
19,2,90,Poison Heal,"Restores HP if the Pokémon is poisoned, instead of\nlosing HP."
19,2,91,Adaptability,Powers up moves of the same type as the Pokémon.
19,2,92,Skill Link,Maximizes the number of times multi-strike\nmoves hit.
19,2,93,Hydration,Heals status conditions if it’s raining.
19,2,94,Solar Power,"Boosts the Sp. Atk stat in sunny weather, but HP\ndecreases every turn."
19,2,95,Quick Feet,Boosts the Speed stat if the Pokémon has a\nstatus condition.
19,2,96,Normalize,All the Pokémon’s moves become Normal type.\nThe power of those moves is boosted a little.
19,2,97,Sniper,Powers up moves if they become critical hits\nwhen attacking.
19,2,98,Magic Guard,The Pokémon only takes damage from attacks.
19,2,99,No Guard,The Pokémon employs no-guard tactics to ensure\nincoming and outgoing attacks always land.
19,2,100,Stall,The Pokémon moves after all other Pokémon do.
19,2,101,Technician,Powers up the Pokémon’s weaker moves.
19,2,102,Leaf Guard,Prevents status conditions in sunny weather.
19,2,103,Klutz,The Pokémon can’t use any held items.
19,2,104,Mold Breaker,Moves can be used on the target regardless of\nits Abilities.
19,2,105,Super Luck,The Pokémon is so lucky that the critical-hit ratios\nof its moves are boosted.
19,2,106,Aftermath,Damages the attacker if it contacts the Pokémon\nwith a finishing hit.
19,2,107,Anticipation,The Pokémon can sense an opposing Pokémon’s\ndangerous moves.
19,2,108,Forewarn,"When it enters a battle, the Pokémon can tell one of\nthe moves an opposing Pokémon has."
19,2,109,Unaware,"When attacking, the Pokémon ignores the target\nPokémon’s stat changes."
19,2,110,Tinted Lens,The Pokémon can use “not very effective” moves\nto deal regular damage. 
19,2,111,Filter,Reduces the power of supereffective attacks taken.
19,2,112,Slow Start,"For five turns, the Pokémon’s Attack and Speed\nstats are halved."
19,2,113,Scrappy,The Pokémon can hit Ghost-type Pokémon with\nNormal- and Fighting-type moves.
19,2,114,Storm Drain,"Draws in all Water-type moves. Instead of being hit \nby Water-type moves, it boosts its Sp. Atk."
19,2,115,Ice Body,The Pokémon gradually regains HP in a hailstorm.
19,2,116,Solid Rock,Reduces the power of supereffective attacks taken.
19,2,117,Snow Warning,The Pokémon summons a hailstorm when it enters\na battle.
19,2,118,Honey Gather,The Pokémon may gather Honey after a battle.
19,2,119,Frisk,"When it enters a battle, the Pokémon can check an\nopposing Pokémon’s held item."
19,2,120,Reckless,Powers up moves that have recoil damage.
19,2,121,Multitype,Changes the Pokémon’s type to match the Plate or\nZ-Crystal it holds.
19,2,122,Flower Gift,Boosts the Attack and Sp. Def stats of itself\nand allies when it is sunny.
19,2,123,Bad Dreams,Reduces the HP of sleeping opposing Pokémon.
19,2,124,Pickpocket,Steals an item from an attacker that made\ndirect contact.
19,2,125,Sheer Force,Removes additional effects to increase the power\nof moves when attacking.
19,2,126,Contrary,Makes stat changes have an opposite effect.
19,2,127,Unnerve,Unnerves opposing Pokémon and makes them unable\nto eat Berries.
19,2,128,Defiant,Boosts the Pokémon’s Attack stat sharply when its\nstats are lowered.
19,2,129,Defeatist,Halves the Pokémon’s Attack and Sp. Atk stats\nwhen its HP becomes half or less.
19,2,130,Cursed Body,May disable a move used on the Pokémon.
19,2,131,Healer,Sometimes heals an ally’s status condition.
19,2,132,Friend Guard,Reduces damage done to allies.
19,2,133,Weak Armor,Physical attacks to the Pokémon lower its Defense\nstat but sharply raise its Speed stat.
19,2,134,Heavy Metal,Doubles the Pokémon’s weight.
19,2,135,Light Metal,Halves the Pokémon’s weight.
19,2,136,Multiscale,Reduces the amount of damage the Pokémon takes\nwhen its HP is full.
19,2,137,Toxic Boost,Powers up physical attacks when the Pokémon\nis poisoned.
19,2,138,Flare Boost,Powers up special attacks when the Pokémon\nis burned.
19,2,139,Harvest,May create another Berry after one is used.
19,2,140,Telepathy,Anticipates an ally’s attack and dodges it.
19,2,141,Moody,Raises one stat sharply and lowers another\nevery turn.
19,2,142,Overcoat,"Protects the Pokémon from things like sand, hail,\nand powder."
19,2,143,Poison Touch,May poison a target when the Pokémon\nmakes contact.
19,2,144,Regenerator,Restores a little HP when withdrawn from battle.
19,2,145,Big Pecks,Protects the Pokémon from\nDefense-lowering effects.
19,2,146,Sand Rush,Boosts the Pokémon’s Speed stat in a sandstorm.
19,2,147,Wonder Skin,Makes status moves more likely to miss.
19,2,148,Analytic,Boosts move power when the Pokémon moves last.
19,2,149,Illusion,Comes out disguised as the Pokémon in the party’s\nlast spot.
19,2,150,Imposter,The Pokémon transforms itself into the Pokémon\nit’s facing.
19,2,151,Infiltrator,"Passes through the opposing Pokémon’s barrier,\nsubstitute, and the like and strikes."
19,2,152,Mummy,Contact with the Pokémon changes the attacker’s\nAbility to Mummy.
19,2,153,Moxie,"The Pokémon shows moxie, and that boosts the\nAttack stat after knocking out any Pokémon."
19,2,154,Justified,"Being hit by a Dark-type move boosts the Attack\nstat of the Pokémon, for justice."
19,2,155,Rattled,"Dark-, Ghost-, and Bug-type moves scare the\nPokémon and boost its Speed stat."
19,2,156,Magic Bounce,"Reflects status moves, instead of getting hit\nby them."
19,2,157,Sap Sipper,"Boosts the Attack stat if hit by a Grass-type move,\ninstead of taking damage."
19,2,158,Prankster,Gives priority to a status move.
19,2,159,Sand Force,"Boosts the power of Rock-, Ground-, and Steel-type\nmoves in a sandstorm."
19,2,160,Iron Barbs,Inflicts damage to the attacker on contact with\niron barbs.
19,2,161,Zen Mode,Changes the Pokémon’s shape when HP is half\nor less.
19,2,162,Victory Star,Boosts the accuracy of its allies and itself.
19,2,163,Turboblaze,Moves can be used on the target regardless of\nits Abilities.
19,2,164,Teravolt,Moves can be used on the target regardless of\nits Abilities.
19,2,165,Aroma Veil,Protects itself and its allies from attacks that limit\ntheir move choices.
19,2,166,Flower Veil,Ally Grass-type Pokémon are protected from\nstatus conditions and the lowering of their stats.
19,2,167,Cheek Pouch,Restores HP as well when the Pokémon eats a Berry.
19,2,168,Protean,Changes the Pokémon’s type to the type of the\nmove it’s about to use.
19,2,169,Fur Coat,Halves the damage from physical moves.
19,2,170,Magician,The Pokémon steals the held item of a Pokémon it\nhits with a move.
19,2,171,Bulletproof,Protects the Pokémon from some ball and\nbomb moves.
19,2,172,Competitive,Boosts the Sp. Atk stat sharply when a stat\nis lowered.
19,2,173,Strong Jaw,The Pokémon’s strong jaw boosts the power of its\nbiting moves.
19,2,174,Refrigerate,Normal-type moves become Ice-type moves.\nThe power of those moves is boosted a little.
19,2,175,Sweet Veil,Prevents itself and ally Pokémon from falling asleep.
19,2,176,Stance Change,"The Pokémon changes its form to Blade Forme when\nit uses an attack move, and changes to Shield Forme\nwhen it uses King’s Shield."
19,2,177,Gale Wings,Gives priority to Flying-type moves when the \nPokémon’s HP is full.
19,2,178,Mega Launcher,Powers up aura and pulse moves.
19,2,179,Grass Pelt,Boosts the Pokémon’s Defense stat in \nGrassy Terrain.
19,2,180,Symbiosis,The Pokémon passes its item to an ally that has\nused up an item.
19,2,181,Tough Claws,Powers up moves that make direct contact.
19,2,182,Pixilate,Normal-type moves become Fairy-type moves.\nThe power of those moves is boosted a little.
19,2,183,Gooey,Contact with the Pokémon lowers the attacker’s\nSpeed stat.
19,2,184,Aerilate,Normal-type moves become Flying-type moves.\nThe power of those moves is boosted a little.
19,2,185,Parental Bond,Parent and child each attacks.
19,2,186,Dark Aura,Powers up each Pokémon’s Dark-type moves.
19,2,187,Fairy Aura,Powers up each Pokémon’s Fairy-type moves.
19,2,188,Aura Break,The effects of “Aura” Abilities are reversed\nto lower the power of affected moves.
19,2,189,Primordial Sea,The Pokémon changes the weather to nullify\nFire-type attacks.
19,2,190,Desolate Land,The Pokémon changes the weather to nullify\nWater-type attacks.
19,2,191,Delta Stream,The Pokémon changes the weather to eliminate all\nof the Flying type’s weaknesses.
19,2,192,Stamina,Boosts the Defense stat when hit by an attack.
19,2,193,Wimp Out,The Pokémon cowardly switches out when its HP\nbecomes half or less.
19,2,194,Emergency Exit,"The Pokémon, sensing danger, switches out when its\nHP becomes half or less."
19,2,195,Water Compaction,Boosts the Pokémon’s Defense stat sharply when hit\nby a Water-type move.
19,2,196,Merciless,The Pokémon’s attacks become critical hits if the\ntarget is poisoned.
19,2,197,Shields Down,"When its HP becomes half or less, the Pokémon’s\nshell breaks and it becomes aggressive."
19,2,198,Stakeout,Doubles the damage dealt to the target’s\nreplacement if the target switches out.
19,2,199,Water Bubble,Lowers the power of Fire-type moves done to the\nPokémon and prevents the Pokémon from getting\na burn.
19,2,200,Steelworker,Powers up Steel-type moves.
19,2,201,Berserk,Boosts the Pokémon’s Sp. Atk stat when it takes a \nhit that causes its HP to become half or less.
19,2,202,Slush Rush,Boosts the Pokémon’s Speed stat in a hailstorm.
19,2,203,Long Reach,The Pokémon uses its moves without making contact\nwith the target.
19,2,204,Liquid Voice,All sound-based moves become Water-type moves.
19,2,205,Triage,Gives priority to a healing move.
19,2,206,Galvanize,Normal-type moves become Electric-type moves.\nThe power of those moves is boosted a little.
19,2,207,Surge Surfer,Doubles the Pokémon’s Speed stat on\nElectric Terrain.
19,2,208,Schooling,"When it has a lot of HP, the Pokémon forms a\npowerful school. It stops schooling when its HP\nis low."
19,2,209,Disguise,"Once per battle, the shroud that covers the\nPokémon can protect it from an attack."
19,2,210,Battle Bond,"Defeating an opposing Pokémon strengthens the\nPokémon’s bond with its Trainer, and it becomes\nAsh-Greninja. Water Shuriken gets more powerful."
19,2,211,Power Construct,Other Cells gather to aid when its HP becomes\nhalf or less. Then the Pokémon changes\nits form to Complete Forme.
19,2,212,Corrosion,The Pokémon can poison the target even if it’s\na Steel or Poison type.
19,2,213,Comatose,It’s always drowsing and will never wake up.\nIt can attack without waking up.
19,2,214,Queenly Majesty,"Its majesty pressures the opposing Pokémon,\nmaking it unable to attack using priority moves."
19,2,215,Innards Out,Damages the attacker landing the finishing hit\nby the amount equal to its last HP.
19,2,216,Dancer,"When another Pokémon uses a dance move,\nit can use a dance move following it regardless\nof its Speed."
19,2,217,Battery,Powers up ally Pokémon’s special moves.
19,2,218,Fluffy,"Halves the damage taken from moves that make\ndirect contact, but doubles that of Fire-type moves."
19,2,219,Dazzling,"Surprises the opposing Pokémon, making it unable\nto attack using priority moves."
19,2,220,Soul-Heart,Boosts its Sp. Atk stat every time a Pokémon faints.
19,2,221,Tangling Hair,Contact with the Pokémon lowers the attacker’s\nSpeed stat.
19,2,222,Receiver,The Pokémon copies the Ability of a defeated ally.
19,2,223,Power of Alchemy,The Pokémon copies the Ability of a defeated ally.
19,2,224,Beast Boost,The Pokémon boosts its most proficient stat each\ntime it knocks out a Pokémon.
19,2,225,RKS System,Changes the Pokémon’s type to match the\nmemory disc it holds.
19,2,226,Electric Surge,Turns the ground into Electric Terrain when the\nPokémon enters a battle.
19,2,227,Psychic Surge,Turns the ground into Psychic Terrain when\nthe Pokémon enters a battle.
19,2,228,Misty Surge,Turns the ground into Misty Terrain when\nthe Pokémon enters a battle.
19,2,229,Grassy Surge,Turns the ground into Grassy Terrain when\nthe Pokémon enters a battle.
19,2,230,Full Metal Body,Prevents other Pokémon’s moves or Abilities from\nlowering the Pokémon’s stats.
19,2,231,Shadow Shield,Reduces the amount of damage the Pokémon takes\nwhile its HP is full.
19,2,232,Prism Armor,Reduces the power of supereffective attacks taken.
19,3,1,Puanteur,Le Pokémon émet une odeur si nauséabonde\nqu’il peut effrayer sa cible.
19,3,2,Crachin,Le Pokémon invoque la pluie quand il entre\nau combat.
19,3,3,Turbo,La Vitesse du Pokémon augmente à chaque tour.
19,3,4,Armurbaston,Le Pokémon est protégé des coups critiques\npar une solide carapace.
19,3,5,Fermeté,Le Pokémon encaisse toujours au moins une attaque\ns’il a tous ses PV. Il est également immunisé contre\nles capacités pouvant mettre K.O. en un coup.
19,3,6,Moiteur,"Le Pokémon augmente l’humidité de l’air,\nce qui empêche tous les Pokémon d’utiliser\ndes capacités explosives telles que Destruction."
19,3,7,Échauffement,"Le Pokémon s’est suffisamment échauffé,\nce qui l’immunise contre la paralysie."
19,3,8,Voile Sable,Augmente l’Esquive du Pokémon lors des tempêtes\nde sable.
19,3,9,Statik,"Le Pokémon charge son corps en électricité statique,\net tout contact avec lui peut paralyser."
19,3,10,Absorb Volt,"Si le Pokémon est touché par une capacité Électrik,\nil ne subit aucun dégât et regagne des PV à la place."
19,3,11,Absorb Eau,"Si le Pokémon est touché par une capacité Eau,\nil ne subit aucun dégât et regagne des PV à la place."
19,3,12,Benêt,"Le Pokémon est un grand benêt, ce qui l’immunise\ncontre l’attraction ou la provocation."
19,3,13,Ciel Gris,Annule tous les effets liés à la météo.
19,3,14,Œil Composé,Les yeux à facettes du Pokémon augmentent\nsa Précision.
19,3,15,Insomnia,Le Pokémon est incapable de dormir.
19,3,16,Déguisement,"Lorsque le Pokémon est touché par une capacité,\nil prend le type de celle-ci."
19,3,17,Vaccin,Le Pokémon est naturellement immunisé\ncontre toute forme de poison.
19,3,18,Torche,"Lorsque le Pokémon est touché par une capacité\nde type Feu, il absorbe la chaleur pour renforcer\nses propres capacités Feu."
19,3,19,Écran Poudre,Le Pokémon dispose d’un écran naturel qui le\nprotège des effets additionnels des attaques\nennemies.
19,3,20,Tempo Perso,"Le Pokémon vit sa vie à son propre rythme,\nce qui l’immunise contre la confusion."
19,3,21,Ventouse,"Le Pokémon est solidement fixé au sol, ce qui\nle protège des capacités ou objets qui font changer\nde Pokémon."
19,3,22,Intimidation,"Le Pokémon rugit lorsqu’il arrive au combat,\nce qui intimide l’ennemi et baisse son Attaque."
19,3,23,Marque Ombre,Empêche le Pokémon ennemi de quitter le combat.
19,3,24,Peau Dure,Blesse l’attaquant lorsque le Pokémon subit\nune attaque directe.
19,3,25,Garde Mystik,"Une puissance mystérieuse protège le Pokémon\ncontre toutes les capacités, sauf celles « super\nefficaces »."
19,3,26,Lévitation,"Le Pokémon flotte, ce qui l’immunise contre\nles capacités de type Sol."
19,3,27,Pose Spore,"Peut paralyser, empoisonner ou endormir l’attaquant\nlorsque le Pokémon subit une attaque directe."
19,3,28,Synchro,"Quand le Pokémon est brûlé, paralysé ou empoisonné\npar un autre Pokémon, il partage ce statut avec\ncelui-ci."
19,3,29,Corps Sain,Empêche les stats du Pokémon de baisser à cause\nd’une capacité ou d’un talent.
19,3,30,Médic Nature,Le Pokémon soigne ses altérations de statut\nen quittant le combat.
19,3,31,Paratonnerre,"Le Pokémon détourne sur lui les capacités de\ntype Électrik et les neutralise, tout en montant\nson Attaque Spéciale."
19,3,32,Sérénité,Augmente les chances d’infliger des effets\nadditionnels.
19,3,33,Glissade,Augmente la Vitesse du Pokémon s’il pleut.
19,3,34,Chlorophylle,Augmente la Vitesse du Pokémon s’il y a du soleil.
19,3,35,Lumiattirance,Émet une lumière spécifique qui facilite les\nrencontres avec les Pokémon sauvages.
19,3,36,Calque,"Lorsque le Pokémon entre au combat, il calque\nle talent d’un ennemi pour remplacer le sien."
19,3,37,Coloforce,Double l’Attaque du Pokémon.
19,3,38,Point Poison,Peut empoisonner l’attaquant lorsque le Pokémon\nsubit une attaque directe.
19,3,39,Attention,Le Pokémon a un mental à toute épreuve qui\nempêche les capacités ennemies de lui faire peur.
19,3,40,Armumagma,Le magma qui recouvre le corps du Pokémon\nle protège contre le gel.
19,3,41,Ignifu-Voile,Le voile qui recouvre le Pokémon le protège\ndes brûlures.
19,3,42,Magnépiège,"Attire les Pokémon Acier grâce à un champ\nmagnétique, ce qui les empêche de fuir."
19,3,43,Anti-Bruit,Protège le Pokémon de toutes les capacités sonores.
19,3,44,Cuvette,Le Pokémon récupère progressivement des PV\nlorsqu’il pleut.
19,3,45,Sable Volant,Le Pokémon invoque une tempête de sable\nquand il entre au combat.
19,3,46,Pression,Force l’ennemi à dépenser plus de PP.
19,3,47,Isograisse,Le Pokémon est protégé par une épaisse couche\nde graisse qui diminue de moitié les dégâts qu’il\nsubit des capacités de types Feu et Glace.
19,3,48,Matinal,Le Pokémon se réveille deux fois plus rapidement\nque les autres.
19,3,49,Corps Ardent,Peut brûler l’attaquant lorsque le Pokémon subit\nune attaque directe.
19,3,50,Fuite,Permet de fuir n’importe quel Pokémon sauvage.
19,3,51,Regard Vif,Les yeux perçants du Pokémon empêchent\nsa Précision de baisser.
19,3,52,Hyper Cutter,Le Pokémon est armé de lames tranchantes qui font\nsa fierté et empêchent son Attaque de baisser.
19,3,53,Ramassage,Permet parfois au Pokémon de ramasser les objets\nque ses ennemis ont utilisés. Il lui arrive aussi d’en\ntrouver hors des combats.
19,3,54,Absentéisme,"Lorsque le Pokémon utilise une capacité, il passe\nle tour suivant à paresser."
19,3,55,Agitation,Améliore l’Attaque du Pokémon mais diminue\nla Précision.
19,3,56,Joli Sourire,Peut séduire l’attaquant lorsque le Pokémon subit\nune attaque directe.
19,3,57,Plus,L’Attaque Spéciale du Pokémon augmente\nsi un Pokémon allié a le talent Minus ou Plus.
19,3,58,Minus,L’Attaque Spéciale du Pokémon augmente\nsi un Pokémon allié a le talent Minus ou Plus.
19,3,59,Météo,"Le Pokémon prend le type Eau, Feu ou Glace\nen fonction de la météo."
19,3,60,Glue,"Les objets sont collés au corps gluant du Pokémon,\nce qui empêche ses adversaires de les dérober."
19,3,61,Mue,Le Pokémon soigne parfois ses altérations de statut\nen muant.
19,3,62,Cran,Augmente l’Attaque du Pokémon s’il est affecté\npar une altération de statut.
19,3,63,Écaille Spéciale,Les écailles mystérieuses du Pokémon réagissent\naux altérations de statut en augmentant sa Défense.
19,3,64,Suintement,Le Pokémon suinte un liquide toxique qui blesse\ntous ceux qui tentent de voler ses PV.
19,3,65,Engrais,Augmente la puissance des capacités de type Plante\ndu Pokémon quand il a perdu une certaine quantité\nde PV.
19,3,66,Brasier,Augmente la puissance des capacités de type Feu\ndu Pokémon quand il a perdu une certaine quantité\nde PV.
19,3,67,Torrent,Augmente la puissance des capacités de type Eau\ndu Pokémon quand il a perdu une certaine quantité\nde PV.
19,3,68,Essaim,Augmente la puissance des capacités de type\nInsecte du Pokémon quand il a perdu une certaine\nquantité de PV.
19,3,69,Tête de Roc,Le Pokémon peut utiliser des capacités occasionnant\nun contrecoup sans perdre de PV.
19,3,70,Sécheresse,Le soleil se met à briller quand le Pokémon\nentre au combat.
19,3,71,Piège Sable,Empêche l’ennemi de s’enfuir.
19,3,72,Esprit Vital,Empêche le Pokémon de s’endormir.
19,3,73,Écran Fumée,Un écran de fumée empêche l’ennemi de baisser\nles stats du Pokémon.
19,3,74,Force Pure,Le Pokémon utilise sa maîtrise du yoga pour doubler\nla puissance de ses capacités physiques.
19,3,75,Coque Armure,Le Pokémon est protégé des coups critiques\npar sa carapace.
19,3,76,Air Lock,Annule tous les effets de la météo.
19,3,77,Pieds Confus,Augmente l’Esquive du Pokémon s’il est confus.
19,3,78,Motorisé,"Si le Pokémon est touché par une capacité Électrik,\nil ne subit aucun dégât et sa Vitesse augmente."
19,3,79,Rivalité,"Le Pokémon déteste la concurrence et inflige plus\nde dégâts si l’ennemi est du même sexe. Par contre,\nil en inflige moins si l’ennemi est du sexe opposé."
19,3,80,Impassible,Augmente la Vitesse du Pokémon quand il a peur.
19,3,81,Rideau Neige,Augmente l’Esquive du Pokémon durant les tempêtes\nde grêle.
19,3,82,Gloutonnerie,"Si le Pokémon tient une Baie à manger en cas de PV\nbas, il la mange dès qu’il a perdu la moitié de ses PV."
19,3,83,Colérique,"Si le Pokémon subit un coup critique, il entre\ndans une colère noire qui augmente son Attaque\nau maximum."
19,3,84,Délestage,Augmente la Vitesse du Pokémon s’il perd ou utilise\nl’objet qu’il tenait au début du combat.
19,3,85,Ignifugé,Diminue de moitié les dégâts infligés au Pokémon\npar les capacités de type Feu.
19,3,86,Simple,Les variations de stats sont deux fois plus\nimportantes pour le Pokémon.
19,3,87,Peau Sèche,"Le Pokémon regagne des PV sous la pluie ou s’il\nest touché par une capacité Eau, mais il déteste\nles capacités Feu ou quand le soleil brille."
19,3,88,Télécharge,Le Pokémon compare la Défense et la Défense\nSpéciale de l’adversaire et augmente son Attaque\nou son Attaque Spéciale en conséquence.
19,3,89,Poing de Fer,Augmente la puissance des capacités\ncoups de poing.
19,3,90,Soin Poison,"Quand le Pokémon est empoisonné, il regagne des PV\nau lieu d’en perdre."
19,3,91,Adaptabilité,"Quand le Pokémon utilise une capacité du même type\nque lui, le bonus de puissance qu’elle reçoit\nest encore plus important que normalement."
19,3,92,Multi-Coups,Les capacités pouvant frapper plusieurs fois\nfrappent toujours le nombre maximum de coups.
19,3,93,Hydratation,Soigne les altérations de statut du Pokémon\nquand il pleut.
19,3,94,Force Soleil,"Quand le soleil brille, l’Attaque Spéciale du Pokémon\naugmente mais il perd des PV à chaque tour."
19,3,95,Pied Véloce,Augmente la Vitesse du Pokémon en cas d’altération\nde statut.
19,3,96,Normalise,"Toutes les capacités du Pokémon deviennent de\ntype Normal, quel que soit leur type original.\nLeur puissance augmente légèrement."
19,3,97,Sniper,"Lorsque le Pokémon porte un coup critique,\nles dégâts infligés augmentent encore plus\nque d’habitude."
19,3,98,Garde Magik,Seules les attaques peuvent blesser le Pokémon.
19,3,99,Annule Garde,"Les capacités du Pokémon touchent l’ennemi\nà coup sûr, et vice-versa."
19,3,100,Frein,Le Pokémon utilise toujours sa capacité en dernier.
19,3,101,Technicien,Augmente la puissance des capacités\nles plus faibles.
19,3,102,Feuille Garde,Protège le Pokémon contre les altérations de statut\nquand le soleil brille.
19,3,103,Maladresse,Le Pokémon ne peut utiliser aucun objet tenu.
19,3,104,Brise Moule,Le Pokémon ignore les talents adverses qui auraient\nun effet sur ses capacités.
19,3,105,Chanceux,Le Pokémon est tellement chanceux qu’il inflige\nplus fréquemment des coups critiques.
19,3,106,Boom Final,"Si le Pokémon est mis K.O. par une attaque directe,\nil inflige des dégâts à l’attaquant avant de s’évanouir."
19,3,107,Anticipation,Le Pokémon devine si l’adversaire connaît\nune capacité dangereuse pour lui.
19,3,108,Prédiction,Révèle l’une des capacités de l’ennemi quand\nle combat commence.
19,3,109,Inconscient,"Quand il attaque, le Pokémon ignore les changements\nde stats de l’ennemi."
19,3,110,Lentiteintée,Permet à une capacité « pas très efficace »\nd’infliger des dégâts comme si elle était efficace\nnormalement.
19,3,111,Filtre,Réduit les dégâts subis lorsque le Pokémon\nest touché par une capacité super efficace.
19,3,112,Début Calme,Divise la Vitesse et l’Attaque du Pokémon par deux\npendant les cinq premiers tours du combat.
19,3,113,Querelleur,Permet aux capacités de type Normal ou Combat\ndu Pokémon de toucher les Pokémon de type\nSpectre.
19,3,114,Lavabo,"Le Pokémon détourne sur lui les capacités de\ntype Eau et les neutralise, tout en montant\nson Attaque Spéciale."
19,3,115,Corps Gel,Régénère les PV du Pokémon lors des tempêtes\nde grêle.
19,3,116,Solide Roc,Réduit les dégâts subis lorsque le Pokémon\nest touché par une capacité super efficace.
19,3,117,Alerte Neige,Déclenche une tempête de grêle quand le Pokémon\nentre au combat.
19,3,118,Cherche Miel,Le Pokémon peut parfois trouver du Miel\naprès un combat.
19,3,119,Fouille,Permet de connaître l’objet tenu par l’ennemi\nquand le combat commence.
19,3,120,Téméraire,Augmente la puissance des capacités occasionnant\nun contrecoup.
19,3,121,Multi-Type,Modifie le type du Pokémon en fonction de la plaque\nou du Cristal Z qu’il tient.
19,3,122,Don Floral,Augmente l’Attaque et la Défense Spéciale\ndu Pokémon et de ses alliés lorsque le soleil brille.
19,3,123,Mauvais Rêve,Inflige des dégâts aux ennemis endormis.
19,3,124,Pickpocket,Vole l’objet que tient l’attaquant quand le Pokémon\nsubit une attaque directe.
19,3,125,Sans Limite,"Les capacités ayant un effet additionnel perdent\ncelui-ci, mais leur puissance augmente."
19,3,126,Contestation,"Inverse les changements de stats :\nles augmentations de stats se transforment\nen baisses, et vice-versa."
19,3,127,Tension,"Fait stresser l’ennemi, ce qui l’empêche de manger\ndes Baies."
19,3,128,Acharné,Augmente beaucoup l’Attaque du Pokémon\nquand ses stats baissent.
19,3,129,Défaitiste,"Le Pokémon devient défaitiste quand ses PV\ntombent à la moitié, et son Attaque et son Attaque\nSpéciale sont divisées par deux."
19,3,130,Corps Maudit,"Quand le Pokémon est touché par une capacité,\nil inflige parfois Entrave sur celle-ci."
19,3,131,Cœur Soin,Soigne parfois une altération de statut d’un allié\nproche.
19,3,132,Garde Amie,Diminue les dégâts subis par les alliés.
19,3,133,Armurouillée,"Quand le Pokémon est touché par une capacité\nphysique, sa Défense baisse mais sa Vitesse\naugmente beaucoup."
19,3,134,Heavy Metal,Double le poids du Pokémon.
19,3,135,Light Metal,Divise par deux le poids du Pokémon.
19,3,136,Multiécaille,Le Pokémon reçoit moins de dégâts quand ses PV\nsont au maximum.
19,3,137,Rage Poison,Augmente la puissance des capacités physiques\nquand le Pokémon est empoisonné.
19,3,138,Rage Brûlure,Augmente la puissance des capacités spéciales\nquand le Pokémon est brûlé.
19,3,139,Récolte,Permet de réutiliser une même Baie plusieurs fois.
19,3,140,Télépathe,Le Pokémon anticipe et évite les attaques de\nses alliés.
19,3,141,Lunatique,Augmente beaucoup une stat du Pokémon\net en baisse une autre au hasard à chaque tour.
19,3,142,Envelocape,"Protège des dégâts occasionnés par les tempêtes\nde sable ou la grêle, et neutralise les attaques\nà base de poudre."
19,3,143,Toxitouche,Peut empoisonner l’ennemi par simple contact.
19,3,144,Régé-Force,Restaure un peu de PV si le Pokémon est retiré\ndu combat.
19,3,145,Cœur de Coq,Empêche les capacités adverses de baisser\nla Défense.
19,3,146,Baigne Sable,Augmente la Vitesse lors des tempêtes de sable.
19,3,147,Peau Miracle,Le Pokémon résiste mieux aux capacités de statut.
19,3,148,Analyste,Augmente la puissance des capacités du Pokémon\ns’il attaque en dernier.
19,3,149,Illusion,Donne au Pokémon l’apparence du dernier membre\nde l’équipe pour tromper l’adversaire.
19,3,150,Imposteur,Donne l’apparence du Pokémon adverse.
19,3,151,Infiltration,Traverse les barrières et les clones de l’ennemi\npour attaquer directement.
19,3,152,Momie,Remplace le talent de l’attaquant par « Momie »\nlorsque le Pokémon subit une attaque directe.
19,3,153,Impudence,"Quand le Pokémon met un ennemi K.O., sa confiance\nen lui ne connaît plus de limite et son Attaque\naugmente."
19,3,154,Cœur Noble,"Réveille la noblesse du Pokémon lorsqu’il subit\nune capacité de type Ténèbres, ce qui augmente\nson Attaque."
19,3,155,Phobique,"Si le Pokémon est touché par une capacité de type\nTénèbres, Spectre ou Insecte, sa phobie se révèle\net sa Vitesse augmente."
19,3,156,Miroir Magik,Annule les effets des capacités de statut subies\npar le Pokémon et les retourne à l’envoyeur.
19,3,157,Herbivore,Annule les attaques de type Plante subies par\nle Pokémon et augmente son Attaque.
19,3,158,Farceur,Rend les capacités de statut prioritaires.
19,3,159,Force Sable,"Augmente la puissance des capacités de type\nRoche, Sol et Acier en cas de tempête de sable."
19,3,160,Épine de Fer,Inflige des dégâts à l’attaquant lorsque le Pokémon\nsubit une attaque directe.
19,3,161,Mode Transe,"Quand le Pokémon perd la moitié de ses PV,\nil se transforme."
19,3,162,Victorieux,Augmente la Précision des Pokémon de l’équipe.
19,3,163,TurboBrasier,Le Pokémon ignore les talents adverses qui auraient\nun effet sur ses capacités.
19,3,164,Téra-Voltage,Le Pokémon ignore les talents adverses qui auraient\nun effet sur ses capacités.
19,3,165,Aroma-Voile,Protège l’équipe des effets limitant le libre arbitre.
19,3,166,Flora-Voile,Empêche les alliés de type Plante de subir\ndes baisses de stats et des altérations de statut.
19,3,167,Bajoues,"Restaure des PV lorsque le Pokémon consomme\nune Baie, quelle qu’elle soit."
19,3,168,Protéen,Le Pokémon prend le type de la capacité qu’il utilise.
19,3,169,Toison Épaisse,Divise par deux les dégâts des capacités physiques\nsubies par le Pokémon.
19,3,170,Magicien,Les capacités volent aussi l’objet tenu par la cible.
19,3,171,Pare-Balles,"Protège de certaines capacités projetant\ndes bombes, balles..."
19,3,172,Battant,Augmente beaucoup l’Attaque Spéciale\ndu Pokémon quand ses stats baissent.
19,3,173,Prognathe,Le Pokémon a une mâchoire robuste qui augmente\nla puissance de ses capacités à base de morsures.
19,3,174,Peau Gelée,Les capacités de type Normal deviennent de type\nGlace. Leur puissance augmente légèrement.
19,3,175,Gluco-Voile,Les Pokémon de l’équipe ne peuvent pas s’endormir.
19,3,176,Déclic Tactique,"Le Pokémon prend la Forme Assaut lorsqu’il utilise\nune attaque, et la Forme Parade lorsqu’il utilise\nBouclier Royal."
19,3,177,Ailes Bourrasque,"Quand les PV du Pokémon sont au maximum,\nses capacités de type Vol sont prioritaires."
19,3,178,Méga Blaster,Augmente la puissance de certaines capacités\nde type aura.
19,3,179,Toison Herbue,Augmente la Défense du Pokémon si Champ Herbu\nest actif.
19,3,180,Symbiose,"Quand les alliés utilisent l’objet qu’ils tiennent,\nle Pokémon leur donne l’objet qu’il tient en\nremplacement."
19,3,181,Griffe Dure,Augmente la puissance des attaques directes\ndu Pokémon.
19,3,182,Peau Féérique,Les capacités de type Normal deviennent de type\nFée. Leur puissance augmente légèrement.
19,3,183,Poisseux,Baisse la Vitesse de l’attaquant lorsque le Pokémon\nsubit une attaque directe.
19,3,184,Peau Céleste,Les capacités de type Normal deviennent de type\nVol. Leur puissance augmente légèrement.
19,3,185,Amour Filial,Permet à la mère et à son petit d’attaquer\ntous les deux en même temps.
19,3,186,Aura Ténébreuse,Augmente la puissance des attaques de type\nTénèbres de tous les Pokémon.
19,3,187,Aura Féérique,Augmente la puissance des attaques de type Fée\nde tous les Pokémon.
19,3,188,Aura Inversée,Inverse l’effet des auras en baissant leur puissance.
19,3,189,Mer Primaire,Altère les conditions météo et rend inefficaces\nles attaques de type Feu.
19,3,190,Terre Finale,Altère les conditions météo et rend inefficaces\nles attaques de type Eau.
19,3,191,Souffle Delta,Altère les conditions météo et annule les faiblesses\ndu type Vol.
19,3,192,Endurance,Augmente la Défense du Pokémon lorsqu’il subit\nune attaque.
19,3,193,Escampette,Le Pokémon perd confiance quand ses PV tombent\nà la moitié et s’enfuit dans sa Poké Ball.
19,3,194,Repli Tactique,"Le Pokémon évite les situations inutilement\ndangereuses. Quand ses PV tombent à la moitié,\nil se réfugie dans sa Poké Ball."
19,3,195,Sable Humide,Augmente beaucoup la Défense du Pokémon\nquand il subit une capacité de type Eau.
19,3,196,Cruauté,"Lorsque le Pokémon attaque un adversaire\nempoisonné, le coup sera forcément critique."
19,3,197,Bouclier-Carcan,"Lorsque le Pokémon perd la moitié de ses PV,\nson enveloppe se brise, mais son Attaque et\nson Attaque Spéciale augmentent."
19,3,198,Filature,"Lorsque le Pokémon attaque une cible qui vient\nd’entrer sur le terrain en remplacement d’un autre\nPokémon, les dégâts infligés sont doublés."
19,3,199,Aquabulle,Réduit les dégâts des capacités de type Feu\nsubies par le Pokémon. Il est également immunisé\ncontre les brûlures.
19,3,200,Expert Acier,Augmente la puissance des attaques de type Acier.
19,3,201,Dracolère,Augmente l’Attaque Spéciale du Pokémon\nlorsqu’il tombe à la moitié de ses PV\nà cause d’une attaque.
19,3,202,Chasse-Neige,Augmente la Vitesse du Pokémon quand il grêle.
19,3,203,Longue Portée,Le Pokémon est capable d’utiliser toutes\nses capacités sans entrer en contact direct\navec sa cible.
19,3,204,Hydrata-Son,Toutes les attaques sonores du Pokémon prennent\nle type Eau.
19,3,205,Prioguérison,Toutes les capacités qui soignent le Pokémon\ndirectement deviennent prioritaires.
19,3,206,Peau Électrique,Les capacités de type Normal deviennent de type\nÉlectrik. Leur puissance augmente légèrement.
19,3,207,Surf Caudal,La Vitesse du Pokémon est doublée sur\nun Champ Électrifié.
19,3,208,Banc,"Le Pokémon se rassemble avec ses congénères\nquand ses PV sont élevés. Plus ses PV baissent,\nplus le banc s’amenuise."
19,3,209,Fantômasque,Le déguisement qui recouvre le corps du Pokémon\nest capable de le protéger d’une attaque.
19,3,210,Synergie,"En battant un ennemi, ce Pokémon renforce ses liens\navec son Dresseur. Il prend alors sa Forme Sacha\net ses Sheauriken gagnent en puissance."
19,3,211,Rassemblement,"Lorsque le Pokémon perd la moitié de ses PV,\nses Cellules se rassemblent pour l’encourager,\nce qui lui permet de prendre sa Forme Parfaite."
19,3,212,Corrosion,Permet d’empoisonner les Pokémon de type Acier\nou Poison.
19,3,213,Hypersommeil,Le Pokémon rêve en permanence et ne se réveille\njamais. Il est capable d’attaquer normalement\ntout en dormant.
19,3,214,Prestance Royale,L’adversaire est impressionné par la majesté\ndu Pokémon et ne peut pas le viser avec\nune attaque prioritaire.
19,3,215,Expuls’Organes,Le Pokémon inflige à l’adversaire l’ayant mis K.O.\ndes dégâts égaux au nombre de PV qu’il lui restait\navant le coup de grâce.
19,3,216,Danseuse,"Si n’importe quel Pokémon utilise une capacité\ndansante, ce Pokémon peut se mettre aussi\nà danser."
19,3,217,Batterie,Augmente la puissance des capacités spéciales\ndes alliés.
19,3,218,Boule de Poils,"Divise par deux les dégâts des attaques directes\nsubies par le Pokémon, mais double les dégâts\ndes capacités de type Feu."
19,3,219,Corps Coloré,L’adversaire est abasourdi par le Pokémon et\nne peut pas le viser avec une capacité prioritaire.
19,3,220,Animacœur,Augmente l’Attaque Spéciale du Pokémon\nlorsqu’un autre Pokémon est mis K.O.
19,3,221,Mèche Rebelle,Baisse la Vitesse de l’attaquant lorsque le Pokémon\nsubit une attaque directe.
19,3,222,Receveur,Le Pokémon reçoit le talent d’un allié mis K.O.
19,3,223,Osmose,Le Pokémon acquiert le talent d’un allié mis K.O.
19,3,224,Boost Chimère,Augmente la stat la plus élevée du Pokémon\ns’il met K.O. un autre Pokémon pendant son tour.
19,3,225,Système Alpha,Change le type du Pokémon en fonction\nde la ROM équipée.
19,3,226,Créa-Élec,Le Pokémon crée un Champ Électrifié au moment\noù il entre au combat.
19,3,227,Créa-Psy,Le Pokémon crée un Champ Psychique au moment\noù il entre au combat.
19,3,228,Créa-Brume,Le Pokémon crée un Champ Brumeux au moment\noù il entre au combat.
19,3,229,Créa-Herbe,Le Pokémon crée un Champ Herbu au moment\noù il entre au combat.
19,3,230,Métallo-Garde,Empêche les stats du Pokémon de baisser à cause\nd’une capacité ou d’un talent.
19,3,231,Spectro-Bouclier,Le Pokémon reçoit moins de dégâts quand ses PV\nsont au maximum.
19,3,232,Prisme-Armure,Réduit les dégâts subis lorsque le Pokémon\nest touché par une capacité super efficace.
19,4,1,Duftnote,Lässt das Ziel beim Angriff eventuell durch Gestank\nzurückschrecken.
19,4,2,Niesel,Ruft bei Kampfantritt Regen herbei.
19,4,3,Temposchub,Erhöht in jeder Runde die Initiative.
19,4,4,Kampfpanzer,Wehrt gegnerische Volltreffer mit einem harten\nPanzer ab.
19,4,5,Robustheit,Bietet Schutz gegen K.O.-Attacken. Bei vollen KP\nübersteht das Pokémon auch K.O.-Treffer.
19,4,6,Feuchtigkeit,"Befeuchtet die Umgebung und verhindert so den\nEinsatz von Attacken wie Finale, die Explosionen\nauslösen."
19,4,7,Flexibilität,Der flexible Körper des Pokémon schützt es vor\nParalyse.
19,4,8,Sandschleier,Erhöht in Sandstürmen den Fluchtwert.
19,4,9,Statik,Kann bei Berührung durch statisch aufgeladenen\nKörper paralysieren.
19,4,10,Voltabsorber,"Treffer durch Elektro-Attacken verursachen keinen\nSchaden, sondern regenerieren stattdessen KP."
19,4,11,H2O-Absorber,"Treffer durch Wasser-Attacken verursachen keinen\nSchaden, sondern regenerieren stattdessen KP."
19,4,12,Dösigkeit,"Das Pokémon ist so apathisch, dass es nicht betört\noder provoziert werden kann."
19,4,13,Wolke Sieben,Hebt alle Wetter-Effekte auf.
19,4,14,Facettenauge,Erhöht die Genauigkeit von Attacken.
19,4,15,Insomnia,Verhindert Einschlafen.
19,4,16,Farbwechsel,Ändert seinen Typ zu dem der Attacke des\nAngreifers.
19,4,17,Immunität,Das starke Immunsystem des Pokémon verhindert\nVergiftungen.
19,4,18,Feuerfänger,"Verstärkt Feuer-Attacken, wenn es von\nFeuer-Attacken getroffen wird."
19,4,19,Puderabwehr,Blockiert durch Puder die Zusatzeffekte\ngegnerischer Angriffe.
19,4,20,Tempomacher,Das Pokémon lässt sich nicht aus der Ruhe bringen\nund verhindert so Verwirrung.
19,4,21,Saugnapf,"Blockt Attacken und Items, die Pokémon\naustauschen, indem es sich mit einem Saugnapf\nam Boden verankert."
19,4,22,Bedroher,"Senkt den Angriff der Gegner, indem es sie gleich zu\nKampfantritt bedroht und einschüchtert."
19,4,23,Wegsperre,"Hindert den Gegner an der Flucht beziehungsweise\nam Auswechseln, indem es ihm den Weg versperrt."
19,4,24,Rauhaut,Angreifer werden durch die raue Haut des Pokémon\nbei direkten Attacken verletzt.
19,4,25,Wunderwache,"Wundersame Kräfte bewirken, dass nur sehr\neffektive Treffer bei ihm Schaden anrichten."
19,4,26,Schwebe,Verleiht volle Immunität gegen alle Boden-Attacken\ndurch Schwebezustand.
19,4,27,Sporenwirt,"Wird dieses Pokémon durch eine direkte Attacke\nangegriffen, kann das beim Gegner Paralyse,\nVergiftung oder Schlaf auslösen."
19,4,28,Synchro,"Erleidet das Pokémon Verbrennungen, Vergiftungen\noder Paralyse, ereilt das jeweilige Statusproblem\nauch den Verursacher."
19,4,29,Neutraltorso,Verhindert das Senken der Statuswerte durch\nAttacken und Fähigkeiten von Angreifern.
19,4,30,Innere Kraft,"Wird das Pokémon ausgewechselt, werden seine\nStatusprobleme geheilt."
19,4,31,Blitzfänger,"Zieht Elektro-Attacken an. Statt durch diese\nSchaden zu nehmen, erhöht es den eigenen\nSpezial-Angriff."
19,4,32,Edelmut,"Erhöht die Wahrscheinlichkeit, dass Zusatzeffekte\nvon Attacken auftreten."
19,4,33,Wassertempo,Erhöht bei Regen die Initiative.
19,4,34,Chlorophyll,Erhöht bei Sonnenschein die Initiative.
19,4,35,Erleuchtung,"Erhellt die Umgebung und erhöht dadurch die\nWahrscheinlichkeit, wilden Pokémon zu begegnen."
19,4,36,Fährte,Kopiert bei Kampfantritt die Fähigkeit eines Gegners.
19,4,37,Kraftkoloss,Verdoppelt die Stärke von physischen Attacken.
19,4,38,Giftdorn,Vergiftet den Angreifer bei Berührung eventuell.
19,4,39,Konzentrator,Verhindert durch erhöhte Konzentrationsfähigkeit\nZurückschrecken.
19,4,40,Magmapanzer,Dank eines Panzers aus Magma kann dieses\nPokémon nicht eingefroren werden.
19,4,41,Aquahülle,Verhindert durch eine Hülle aus Wasser\nVerbrennungen.
19,4,42,Magnetfalle,Hindert Stahl-Pokémon durch Magnetismus an der\nFlucht.
19,4,43,Lärmschutz,Bietet durch Schalldämmung volle Immunität gegen\nalle Lärm-Attacken.
19,4,44,Regengenuss,Stellt bei Regen langsam und stetig KP wieder her.
19,4,45,Sandsturm,Erzeugt bei Kampfantritt Sandstürme.
19,4,46,Erzwinger,"Zwingt den Gegner dazu, beim Einsatz von Attacken\nmehr AP zu verbrauchen."
19,4,47,Speckschicht,"Das Pokémon wird von einer dicken Fettschicht\ngeschützt, was den durch Feuer- und Eis-Attacken\nerlittenen Schaden halbiert."
19,4,48,Frühwecker,"Wenn es eingeschlafen ist, kann es doppelt so\nschnell wieder aufwachen wie andere Pokémon."
19,4,49,Flammkörper,Fügt dem Angreifer bei Berührung eventuell\nVerbrennungen zu.
19,4,50,Angsthase,Die Flucht vor wilden Pokémon gelingt immer.
19,4,51,Adlerauge,"Sein scharfer Blick hindert Angreifer daran,\nseine Genauigkeit zu senken."
19,4,52,Scherenmacht,"Hindert Angreifer durch mächtige Scheren daran,\nden Angriffs-Wert zu senken."
19,4,53,Mitnahme,"Hebt gelegentlich von Gegnern benutzte Items auf.\nDies geschieht nicht nur während Kämpfen, sondern\nauch unterwegs."
19,4,54,Schnarchnase,Das Pokémon muss nach Einsatz einer Attacke\neine Runde lang aussetzen.
19,4,55,Übereifer,"Erhöht den Angriffs-Wert, aber senkt die\nGenauigkeit."
19,4,56,Charmebolzen,"Wird dieses Pokémon durch eine direkte Attacke\nangegriffen, verliebt sich der Gegner in es."
19,4,57,Plus,"Erhöht den Spezial-Angriff, wenn das Pokémon einen\nMitstreiter mit der Fähigkeit Plus oder Minus hat."
19,4,58,Minus,"Erhöht den Spezial-Angriff, wenn das Pokémon einen\nMitstreiter mit der Fähigkeit Plus oder Minus hat."
19,4,59,Prognose,"Nimmt je nach Wetter entweder den Typ Wasser,\nFeuer oder Eis an."
19,4,60,Wertehalter,"Trägt es ein Item, bleibt dieses an seinem klebrigen\nKörper haften, wodurch Item-Diebstahl verhindert\nwird."
19,4,61,Expidermis,"Das Pokémon befreit sich eventuell von\nStatusproblemen, indem es seine Haut abstreift."
19,4,62,Adrenalin,Bei Statusproblemen setzt es Adrenalin frei und\nerhöht so seinen Angriffs-Wert.
19,4,63,Notschutz,Bei Statusproblemen schützt es sich mit mysteriösen\nSchuppen und erhöht so seine Verteidigung.
19,4,64,Kloakensoße,"Angreifer, die durch Saug-Attacken Kloakensoße\nin sich aufgenommen haben, nehmen durch deren\nwiderwärtigen Gestank Schaden."
19,4,65,Notdünger,"Erhöht die Stärke von Pflanzen-Attacken,\nwenn die KP auf einen gewissen Wert fallen."
19,4,66,Großbrand,"Erhöht die Stärke von Feuer-Attacken,\nwenn die KP auf einen gewissen Wert fallen."
19,4,67,Sturzbach,"Erhöht die Stärke von Wasser-Attacken,\nwenn die KP auf einen gewissen Wert fallen."
19,4,68,Hexaplaga,"Erhöht die Stärke von Käfer-Attacken,\nwenn die KP auf einen gewissen Wert fallen."
19,4,69,Steinhaupt,"Verhindert Schaden, der durch Rückstoß entstehen\nwürde."
19,4,70,Dürre,Erzeugt bei Kampfantritt gleißendes Sonnenlicht.
19,4,71,Ausweglos,Hindert den Gegner im Kampf an der Flucht.
19,4,72,Munterkeit,"Das Pokémon ist so munter, dass es nicht\neinschlafen kann."
19,4,73,Pulverrauch,"Indem es sich mit pulvrigem Rauch umhüllt, hindert\nes Angreifer daran, seine Statuswerte zu senken."
19,4,74,Mentalkraft,Verdoppelt mit reiner Willenskraft die Stärke seiner\nphysischen Attacken.
19,4,75,Panzerhaut,Wehrt gegnerische Volltreffer mit einem harten\nPanzer ab.
19,4,76,Klimaschutz,Hebt alle Wetter-Effekte auf.
19,4,77,Fußangel,"Erhöht den Fluchtwert, wenn das Pokémon\nverwirrt ist."
19,4,78,Starthilfe,"Treffer durch Elektro-Attacken verursachen keinen\nSchaden, sondern geben dem Pokémon eine\nStarthilfe und erhöhen so seine Initiative."
19,4,79,Rivalität,"Greift es einen Rivalen desselben Geschlechts an,\nwird es stärker. Greift es ein Ziel des anderen\nGeschlechts an, wird es schwächer."
19,4,80,Felsenfest,"Sein eiserner Wille erhöht die Initiative, wann immer\ndas Pokémon zurückschreckt."
19,4,81,Schneemantel,Erhöht bei Hagel den Fluchtwert.
19,4,82,Völlerei,"Setzt bestimmte Beeren nicht erst in einer Notlage\nein, sondern bereits dann, wenn seine KP auf die\nHälfte des Maximalwerts fallen."
19,4,83,Kurzschluss,Wird nach Einstecken eines Volltreffers wütend und\nmaximiert dabei seinen Angriffs-Wert.
19,4,84,Entlastung,"Wenn das von ihm getragene Item verwendet wird\noder verloren geht, erhöht dies seine Initiative."
19,4,85,Hitzeschutz,Sein Hitze abweisender Körper halbiert den durch\nFeuer-Attacken erlittenen Schaden.
19,4,86,Wankelmut,Verdoppelt die Wirkung eigener\nStatusveränderungen.
19,4,87,Trockenheit,Bei Sonnenschein verliert das Pokémon KP und der\nSchaden durch Feuer-Attacken steigt. Bei Regen und\nTreffern durch Wasser-Attacken regeneriert es KP.
19,4,88,Download,"Ist die Spezial-Verteidigung des Gegners höher als\nseine Verteidigung, wird der eigene Spezial-Angriff\nerhöht. Ist die Verteidigung höher, steigt der Angriff."
19,4,89,Eisenfaust,"Erhöht die Stärke von Hieb-, Punch-, Faust- und\nSchlag-Attacken."
19,4,90,Aufheber,"Das Pokémon erleidet keinen Schaden durch\nVergiftung, sondern regeneriert KP."
19,4,91,Anpassung,"Erhöht die Stärke von Attacken, die dem Typ des\nPokémon entsprechen."
19,4,92,Wertelink,Landet mit Serien-Attacken immer die maximale\nAnzahl an Treffern.
19,4,93,Hydration,Heilt bei Regen Statusprobleme.
19,4,94,Solarkraft,"Führt bei Sonnenschein in jeder Runde zu\nKP-Verlusten, erhöht aber den Spezial-Angriff."
19,4,95,Rasanz,Erhöht bei Statusproblemen die Initiative.
19,4,96,Regulierung,Alle Attacken des Pokémon nehmen den Typ Normal\nan und ihre Stärke erhöht sich ein wenig.
19,4,97,Superschütze,Erhöht bei Volltreffern die Stärke der Attacke noch\nweiter.
19,4,98,Magieschild,Das Pokémon nimmt nur durch Offensiv-Attacken\nSchaden.
19,4,99,Schildlos,Alle Attacken des oder auf das Pokémon gelingen\naufgrund seiner deckungslosen Kampftaktik.
19,4,100,Zeitspiel,Handelt auch mit Initiative-Vorteil stets nach dem\nGegner.
19,4,101,Techniker,Erhöht die Stärke von schwächeren Attacken.
19,4,102,Floraschild,Verhindert bei Sonnenschein Statusprobleme.
19,4,103,Tollpatsch,Das Pokémon kann keine getragenen Items\nverwenden.
19,4,104,Überbrückung,Attacken können ungeachtet der Fähigkeiten des\nZieles verwendet werden.
19,4,105,Glückspilz,"Großes Glück erhöht die Wahrscheinlichkeit,\neinen Volltreffer zu landen."
19,4,106,Finalschlag,"Wird das Pokémon durch eine direkte Attacke\nbesiegt, fügt es dem Angreifer Schaden zu."
19,4,107,Vorahnung,Kann gefährliche Attacken des Gegners erahnen.
19,4,108,Vorwarnung,Gibt bei Kampfantritt Auskunft über eine Attacke\naus dem Repertoire des Gegners.
19,4,109,Unkenntnis,"Greift das Pokémon an, ignoriert es sämtliche\nStatusveränderungen des Zieles."
19,4,110,Aufwertung,"Bewirkt, dass nicht sehr effektive Attacken dem Ziel\ntrotz des Typennachteils normalen Schaden zufügen."
19,4,111,Filter,"Reduziert die Stärke von sehr effektiven Attacken\nund verringert damit den Schaden, den das Pokémon\ndurch sie erleidet."
19,4,112,Saumselig,Halbiert fünf Runden lang den Angriffs-Wert und die\nInitiative des Pokémon.
19,4,113,Rauflust,"Bewirkt, dass Normal- und Kampf-Attacken auch\nPokémon vom Typ Geist treffen können."
19,4,114,Sturmsog,"Zieht Wasser-Attacken an. Statt durch diese\nSchaden zu nehmen, erhöht es den eigenen\nSpezial-Angriff."
19,4,115,Eishaut,Regeneriert bei Hagel nach und nach KP.
19,4,116,Felskern,"Reduziert die Stärke von sehr effektiven Attacken\nund verringert damit den Schaden, den das Pokémon\ndurch sie erleidet."
19,4,117,Hagelalarm,Löst bei Kampfantritt Hagel aus.
19,4,118,Honigmaul,Das Pokémon sammelt nach Kämpfen eventuell\nHonig auf.
19,4,119,Schnüffler,Kann bei Kampfantritt Auskunft über das vom\nGegner getragene Item geben.
19,4,120,Achtlos,Erhöht die Stärke von Attacken mit\nRückstoßschaden.
19,4,121,Variabilität,Das Pokémon passt seinen Typ dem der getragenen\nTafel bzw. des getragenen Z-Kristalls an.
19,4,122,Pflanzengabe,Erhöht bei Sonnenschein den Angriff und die\nSpezial-Verteidigung aller Team-Pokémon.
19,4,123,Alptraum,Fügt schlafenden Gegnern Schaden zu.
19,4,124,Langfinger,Stiehlt das Item des Angreifers bei Berührung.
19,4,125,Rohe Gewalt,"Erhöht die Stärke von Attacken, aber hebt dafür ihre\nZusatzeffekte auf."
19,4,126,Umkehrung,"Statusveränderungen werden umgekehrt:\nStatuswerte, die eigentlich erhöht werden sollten,\nsinken und umgekehrt."
19,4,127,Anspannung,"Erzeugt beim Gegner Stress und hindert ihn so\ndaran, Beeren zu konsumieren."
19,4,128,Siegeswille,"Werden die Statuswerte des Pokémon gesenkt,\nsteigt sein Angriff stark."
19,4,129,Schwächling,"Fallen seine KP auf die Hälfte des Maximalwerts oder\nweniger, bekommt es Angst. Dadurch wird die Stärke\nseines Angriffs und Spezial-Angriffs halbiert."
19,4,130,Tastfluch,"Blockiert eventuell die Attacke, mit welcher der\nAngreifer es getroffen hat."
19,4,131,Heilherz,Befreit Mitstreiter gelegentlich von Statusproblemen.
19,4,132,Freundeshut,"Kann den Schaden, den Mitstreiter erleiden,\nverringern."
19,4,133,Bruchrüstung,"Senkt bei erlittenem Treffer durch eine physische\nAttacke die Verteidigung des Pokémon, aber erhöht\ndafür seine Initiative stark."
19,4,134,Schwermetall,Verdoppelt das eigene Gewicht.
19,4,135,Leichtmetall,Halbiert das eigene Gewicht.
19,4,136,Multischuppe,Verringert den erlittenen Schaden bei vollen KP.
19,4,137,Giftwahn,Erhöht bei Vergiftungen die Stärke von physischen\nAttacken.
19,4,138,Hitzewahn,Erhöht bei Verbrennungen die Stärke von\nSpezial-Attacken.
19,4,139,Reiche Ernte,Dieselbe Beere kann mehrmals verwendet werden.
19,4,140,Telepathie,Erkennt und pariert Attacken von Mitstreitern.
19,4,141,Gefühlswippe,Erhöht in jeder Runde aufs Neue einen Statuswert\nstark und senkt einen anderen.
19,4,142,Wetterfest,Nimmt weder durch Wetterlagen wie Sandsturm oder\nHagel noch durch Pulver oder Puder Schaden.
19,4,143,Giftgriff,Kann das Ziel durch bloßes Berühren vergiften.
19,4,144,Belebekraft,"Wird das Pokémon ausgewechselt, regeneriert es\neine kleine Menge an KP."
19,4,145,Brustbieter,"Hindert Angreifer daran, die Verteidigung des\nPokémon zu senken."
19,4,146,Sandscharrer,Erhöht in Sandstürmen die Initiative.
19,4,147,Wunderhaut,Wehrt mit robustem Körper viele Status-Attacken ab.
19,4,148,Analyse,"Greift das Pokémon zuletzt an, erhöht sich die\nStärke der Attacke, die es einsetzt."
19,4,149,Trugbild,"Führt den Gegner hinters Licht, indem es bei\nKampfantritt die Gestalt des Pokémon an der\nletzten Stelle im Team annimmt."
19,4,150,Doppelgänger,Kämpft als Kopie seines Gegenübers.
19,4,151,Schwebedurch,Überwindet gegnerische Schilde sowie Delegatoren\nund greift an.
19,4,152,Mumie,Überträgt bei Berührung die Fähigkeit Mumie auf den\nAngreifer.
19,4,153,Hochmut,"Besiegt es ein Pokémon, steigt sein Selbstvertrauen\nund somit auch sein Angriff."
19,4,154,Redlichkeit,"Wird es von einer Unlicht-Attacke getroffen, meldet\nsich sein Sinn für Gerechtigkeit zu Wort und sein\nAngriff steigt."
19,4,155,Hasenfuß,"Wird es von einer Unlicht-, Geister- oder Käfer-\nAttacke getroffen, bekommt es Angst und seine\nInitiative steigt."
19,4,156,Magiespiegel,"Lenkt Status-Attacken auf den Angreifer um,\nohne selbst von ihnen getroffen zu werden."
19,4,157,Vegetarier,"Wird es von einer Pflanzen-Attacke getroffen,\nerleidet es keinerlei Schaden und sein Angriff\nsteigt."
19,4,158,Strolch,Ermöglicht einen Erstschlag mit Status-Attacken.
19,4,159,Sandgewalt,"Erhöht in Sandstürmen die Stärke von Gesteins-,\nBoden- und Stahl-Attacken."
19,4,160,Eisenstachel,Fügt dem Angreifer bei Berührung mit eisernen\nStacheln Schaden zu.
19,4,161,Trance-Modus,"Fallen seine KP auf die Hälfte des Maximalwerts oder\nweniger, wechselt es seine Gestalt."
19,4,162,Triumphstern,Erhöht die Genauigkeit aller Team-Pokémon.
19,4,163,Turbobrand,Attacken können ungeachtet der Fähigkeit des Zieles\neingesetzt werden.
19,4,164,Teravolt,Attacken können ungeachtet der Fähigkeit des Zieles\neingesetzt werden.
19,4,165,Dufthülle,Kann alle Team-Pokémon vor mentalen Angriffen\nschützen.
19,4,166,Blütenhülle,Schützt Mitstreiter vom Typ Pflanze vor dem Senken\nihrer Statuswerte sowie vor Statusproblemen.
19,4,167,Backentaschen,Regeneriert beim Konsum von Beeren ungeachtet\nder Beerensorte KP.
19,4,168,Wandlungskunst,Das Pokémon nimmt bei Einsatz einer Attacke deren\nTyp an.
19,4,169,Fellkleid,"Halbiert den Schaden, den das Pokémon durch\nphysische Attacken erleidet."
19,4,170,Zauberer,"Trifft das Pokémon ein Ziel mit einer Attacke, kann es\nihm dabei sein Item stehlen."
19,4,171,Kugelsicher,"Kann das Pokémon vor geworfenen kugelförmigen\nObjekten, wie zum Beispiel Bomben, schützen."
19,4,172,Unbeugsamkeit,"Erhöht den Spezial-Angriff stark, wenn ein\nStatuswert gesenkt wurde."
19,4,173,Titankiefer,Der kräftige Kiefer des Pokémon erhöht die Stärke\nvon Biss-Attacken.
19,4,174,Frostschicht,Attacken vom Typ Normal nehmen den Typ Eis an\nund ihre Stärke erhöht sich ein wenig.
19,4,175,Zuckerhülle,Alle Team-Pokémon können nicht einschlafen.
19,4,176,Taktikwechsel,"Setzt das Pokémon eine Offensiv-Attacke ein, nimmt\nes die Klingenform an. Setzt es danach die Attacke\nKönigsschild ein, nimmt es die Schildform an."
19,4,177,Orkanschwingen,Kann bei vollen KP Flug-Attacken vor dem Gegner\neinsetzen.
19,4,178,Megawumme,"Erhöht die Stärke einiger Wellen-, Aura- und\nPuls-Attacken."
19,4,179,Pflanzenpelz,"Erhöht die Verteidigung, wenn Grasfeld aktiv ist."
19,4,180,Nutznießer,"Gibt Mitstreitern, die ihr Item aufgebraucht haben,\nsein eigenes Item."
19,4,181,Krallenwucht,Erhöht die Stärke von direkten Attacken.
19,4,182,Feenschicht,Attacken vom Typ Normal nehmen den Typ Fee an\nund ihre Stärke erhöht sich ein wenig.
19,4,183,Viskosität,Senkt bei Berührung im Zuge eines Angriffs die\nInitiative des Angreifers.
19,4,184,Zenithaut,Attacken vom Typ Normal nehmen den Typ Flug an\nund ihre Stärke erhöht sich ein wenig.
19,4,185,Familienbande,Zwei Generationen setzen jeweils ein Mal zum\nAngriff an.
19,4,186,Dunkelaura,Erhöht die Stärke aller Attacken des Typs Unlicht.
19,4,187,Feenaura,Erhöht die Stärke aller Attacken des Typs Fee.
19,4,188,Aura-Umkehr,"Kehrt die Wirkung von Auren um und senkt so die\nStärke bestimmter Attacken, anstatt sie zu erhöhen."
19,4,189,Urmeer,"Ändert das Wetter, um Feuer-Attacken wirkungslos\nzu machen."
19,4,190,Endland,"Ändert das Wetter, um Wasser-Attacken wirkungslos\nzu machen."
19,4,191,Delta-Wind,"Ändert das Wetter, um die Schwächen des Typs Flug\nzu beseitigen."
19,4,192,Zähigkeit,"Wird es von einer Attacke getroffen, steigt seine\nVerteidigung."
19,4,193,Reißaus,"Fallen seine KP auf die Hälfte des Maximalwerts oder\nweniger, zieht es sich ängstlich zurück."
19,4,194,Rückzug,"Fallen seine KP auf die Hälfte des Maximalwerts oder\nweniger, bringt es sich in Sicherheit."
19,4,195,Verklumpen,"Wird es von einer Wasser-Attacke getroffen,\nsteigt seine Verteidigung stark."
19,4,196,Quälerei,Sorgt bei Angriffen auf vergiftete Ziele für\nVolltreffergarantie.
19,4,197,Limitschild,"Fallen seine KP auf die Hälfte des Maximalwerts oder\nweniger, zerbricht die Panzerung des Pokémon und\nes wird aggressiver."
19,4,198,Beschattung,Bewirkt bei Angriffen auf neu eingewechselte Ziele\ndoppelten Schaden.
19,4,199,Wasserblase,Feuer-Attacken fügen dem Pokémon weniger\nSchaden zu. Verhindert Verbrennungen.
19,4,200,Stahlprofi,Erhöht die Stärke von Stahl-Attacken.
19,4,201,Wutausbruch,"Fallen seine KP nach einem Angriff auf die Hälfte\ndes Maximalwerts oder weniger, steigt sein\nSpezial-Angriff."
19,4,202,Schneescharrer,Erhöht bei Hagel die Initiative.
19,4,203,Langstrecke,"Ermöglicht dem Pokémon den Einsatz aller seiner\nAttacken, ohne das Ziel dabei direkt zu berühren."
19,4,204,Plätscherstimme,"Bewirkt, dass alle Lärm-Attacken des Pokémon den\nTyp Wasser annehmen."
19,4,205,Heilwandel,"Ermöglicht einen Erstschlag mit Attacken, welche die\nKP des Anwenders direkt regenerieren."
19,4,206,Elektrohaut,Attacken vom Typ Normal nehmen den Typ Elektro an\nund ihre Stärke erhöht sich ein wenig.
19,4,207,Surf-Schweif,"Verdoppelt die Initiative, wenn zuvor ein Elektrofeld\nerzeugt wurde."
19,4,208,Fischschwarm,"Verfügt es über einen hohen KP-Wert, wird es zu\neinem Schwarm und gewinnt an Stärke. Ist der\nKP-Wert niedrig, löst sich der Schwarm wieder auf."
19,4,209,Kostümspuk,Kann ein Mal pro Kampf mit seinem gruseligen\nKostüm einen Angriff abwehren.
19,4,210,Freundschaftsakt,"Besiegt es ein Ziel, vertieft dies die Freundschaft zu\nseinem Trainer, wodurch es die Ash-Form annimmt\nund sein Wasser-Shuriken stärker wird."
19,4,211,Scharwandel,"Fallen seine KP auf die Hälfte des Maximalwerts oder\nweniger, eilen ihm weitere Zellen zu Hilfe und es\nnimmt die Optimumform an."
19,4,212,Korrosion,Kann selbst Pokémon vom Typ Stahl oder Gift\nvergiften.
19,4,213,Dauerschlaf,Das Pokémon befindet sich ununterbrochen im\nHalbschlaf und wacht nie vollständig auf. Es kann\njedoch im Schlaf angreifen.
19,4,214,Majestät,"Schüchtert den Gegner ein und hindert ihn so daran,\nAttacken mit hoher Erstschlagquote einzusetzen."
19,4,215,Magenkrempler,"Wird es durch eine Attacke besiegt, fügt es dem\nAngreifer Schaden in Höhe des KP-Werts zu,\nden es besaß, bevor es kampfunfähig wurde."
19,4,216,Tänzer,Kann direkt im Anschluss an die Tanz-Attacke\neines anderen Pokémon ebenfalls eine solche\neinsetzen.
19,4,217,Batterie,Erhöht die Stärke der Spezial-Attacken seiner\nMitstreiter.
19,4,218,Flauschigkeit,"Halbiert den Schaden, den es durch direkte Attacken\nnimmt, aber verdoppelt dafür den durch\nFeuer-Attacken erlittenen Schaden."
19,4,219,Buntkörper,"Überrascht den Gegner und hindert ihn so daran,\nAttacken mit hoher Erstschlagquote einzusetzen."
19,4,220,Seelenherz,"Erhöht jedes Mal, wenn ein Pokémon besiegt wird,\nden eigenen Spezial-Angriff."
19,4,221,Lockenkopf,Senkt bei Berührung im Zuge eines Angriffs die\nInitiative des Angreifers.
19,4,222,Receiver,"Wird einer seiner Mitstreiter besiegt, erhält es\ndessen Fähigkeit."
19,4,223,Chemiekraft,Wechselt seine Fähigkeit zu der eines kampfunfähig\ngewordenen Mitstreiters.
19,4,224,Bestien-Boost,"Erhöht in jeder Runde, in der es ein anderes\nPokémon besiegt, seinen höchsten Statuswert."
19,4,225,Alpha-System,Das Pokémon passt seinen Typ der getragenen\nDisc an.
19,4,226,Elektro-Erzeuger,Erzeugt bei Kampfantritt ein Elektrofeld.
19,4,227,Psycho-Erzeuger,Erzeugt bei Kampfantritt ein Psychofeld.
19,4,228,Nebel-Erzeuger,Erzeugt bei Kampfantritt ein Nebelfeld.
19,4,229,Gras-Erzeuger,Erzeugt bei Kampfantritt ein Grasfeld.
19,4,230,Metallprotektor,Verhindert das Senken der Statuswerte durch\nAttacken und Fähigkeiten von Angreifern.
19,4,231,Phantomschutz,Verringert den erlittenen Schaden bei vollen KP.
19,4,232,Prismarüstung,"Reduziert die Stärke von sehr effektiven Attacken\nund verringert damit den Schaden, den das Pokémon\ndurch sie erleidet."
19,5,1,Tanfo,A volte il cattivo odore emesso dal Pokémon\nfa tentennare i nemici quando attacca.
19,5,2,Piovischio,"Quando il Pokémon entra in campo, attira la pioggia."
19,5,3,Acceleratore,La Velocità aumenta a ogni turno.
19,5,4,Lottascudo,Il Pokémon è protetto da una dura corazza\nche gli evita di subire brutti colpi.
19,5,5,Vigore,"Se il Pokémon ha tutti i PS, evita che vada KO\nin un sol colpo. Inoltre, è immune alle mosse\nche causano KO immediato."
19,5,6,Umidità,"Aumenta l’umidità circostante, impedendo l’uso\ndi Autodistruzione e di altre mosse esplosive."
19,5,7,Scioltezza,Il corpo flessibile del Pokémon gli impedisce\ndi subire gli effetti della paralisi.
19,5,8,Sabbiavelo,L’elusione aumenta durante le tempeste di sabbia.
19,5,9,Statico,Il contatto fisico con il corpo percorso\ndall’elettricità statica del Pokémon può\ncausare paralisi.
19,5,10,Assorbivolt,"Se il Pokémon subisce una mossa di tipo Elettro,\nrecupera PS anziché subire danni."
19,5,11,Assorbacqua,"Se il Pokémon subisce una mossa di tipo Acqua,\nrecupera PS anziché subire danni."
19,5,12,Indifferenza,L’imperturbabilità del Pokémon lo protegge\nda infatuazioni e provocazioni.
19,5,13,Antimeteo,Neutralizza gli effetti di tutte le condizioni\natmosferiche.
19,5,14,Insettocchi,La precisione del Pokémon aumenta grazie ai suoi\nocchi composti.
19,5,15,Insonnia,Il Pokémon soffre d’insonnia e non può finire\naddormentato.
19,5,16,Cambiacolore,Il Pokémon acquisisce il tipo della mossa subita.
19,5,17,Immunità,L’immunità naturale del Pokémon gli impedisce\ndi essere avvelenato.
19,5,18,Fuocardore,"Se il Pokémon subisce una mossa di tipo Fuoco,\nne sfrutta il calore per potenziare le proprie mosse\ndello stesso tipo."
19,5,19,Polvoscudo,Il Pokémon è protetto da uno strato di scaglie\nche annulla gli effetti secondari delle mosse subite.
19,5,20,Mente Locale,Il Pokémon affronta la vita al proprio ritmo e per\nquesto non può essere colpito dalla confusione.
19,5,21,Ventose,Resiste a strumenti e mosse che causano la\nsostituzione appiccicandosi al terreno con\nle ventose.
19,5,22,Prepotenza,"Quando il Pokémon entra in campo, la sua\nprepotenza intimidisce i nemici, riducendone\nl’Attacco."
19,5,23,Pedinombra,Calpesta l’ombra del nemico impedendogli la fuga\no la sostituzione.
19,5,24,Cartavetro,"Se il Pokémon è colpito da un attacco diretto, grazie\nalla sua pelle ruvida infligge danni a sua volta."
19,5,25,Magidifesa,Un potere misterioso protegge il Pokémon e lo\nrende vulnerabile solo alle mosse superefficaci.
19,5,26,Levitazione,La capacità di levitare senza toccare il suolo\nconferisce immunità agli attacchi di tipo Terra.
19,5,27,Spargispora,"Può causare avvelenamento, paralisi o sonno\na chi manda a segno un attacco diretto."
19,5,28,Sincronismo,"Se un nemico avvelena, paralizza o scotta un\nPokémon con questa abilità, viene affetto dallo\nstesso stato."
19,5,29,Corpochiaro,Rende immuni alla diminuzione delle statistiche\ncausata da abilità o mosse di altri Pokémon.
19,5,30,Alternacura,Cura i problemi di stato quando il Pokémon\nviene sostituito.
19,5,31,Parafulmine,Attira e neutralizza mosse di tipo Elettro\ne aumenta l’Attacco Speciale.
19,5,32,Leggiadro,Gli effetti secondari delle mosse sono più probabili.
19,5,33,Nuotovelox,"Se piove, la Velocità aumenta."
19,5,34,Clorofilla,"Se la luce del sole è intensa, la Velocità aumenta."
19,5,35,Risplendi,"Illumina tutto intorno, rendendo più probabile\nincontrare Pokémon selvatici."
19,5,36,Traccia,"Quando il Pokémon entra in campo, copia l’abilità\ndi un nemico."
19,5,37,Macroforza,L’Attacco del Pokémon raddoppia.
19,5,38,Velenopunto,Può avvelenare chi manda a segno\nun attacco diretto.
19,5,39,Forza Interiore,La capacità di concentrazione del Pokémon evita\nche tentenni per gli attacchi del nemico.
19,5,40,Magmascudo,Il magma riveste il corpo del Pokémon\nimpedendogli di venire congelato.
19,5,41,Idrovelo,Un velo d’acqua riveste il corpo del Pokémon\nimpedendogli di venire scottato.
19,5,42,Magnetismo,La carica magnetica attrae i Pokémon di tipo\nAcciaio impedendone la fuga o la sostituzione.
19,5,43,Antisuono,Il Pokémon è dotato di una sorta di isolamento\nacustico che lo rende immune alle mosse basate\nsul suono.
19,5,44,Copripioggia,Il Pokémon recupera PS quando piove.
19,5,45,Sabbiafiume,"Quando il Pokémon entra in campo, scatena\nuna tempesta di sabbia."
19,5,46,Pressione,"Mette pressione al nemico, facendogli consumare\npiù PP."
19,5,47,Grassospesso,Il Pokémon è protetto da uno spesso strato\ndi grasso che dimezza il danno causato da\nmosse di tipo Fuoco e Ghiaccio.
19,5,48,Sveglialampo,Il Pokémon impiega metà del tempo per risvegliarsi\ndal sonno rispetto agli altri.
19,5,49,Corpodifuoco,"Al contatto subito, chi sferra l’attacco può venire\nscottato."
19,5,50,Fugafacile,Garantisce la fuga dai Pokémon selvatici.
19,5,51,Sguardofermo,La vista acuta del Pokémon impedisce che la sua\nprecisione diminuisca.
19,5,52,Ipertaglio,L’Attacco del Pokémon non può diminuire\ngrazie alla morsa micidiale in cui è in grado\ndi stringere i nemici.
19,5,53,Raccolta,Il Pokémon a volte trova lo strumento usato da\nun nemico durante la lotta. Permette di trovare\ndegli strumenti anche durante l’avventura.
19,5,54,Pigrone,"Quando il Pokémon usa una mossa, nel turno\nsuccessivo si riposerà."
19,5,55,Tuttafretta,"Aumenta l’Attacco, ma diminuisce la precisione."
19,5,56,Incantevole,Può causare infatuazione a chi manda a segno\nun attacco diretto.
19,5,57,Più,Aumenta l’Attacco Speciale se ci sono\nalleati con l’abilità Meno o Più.
19,5,58,Meno,Aumenta l’Attacco Speciale se ci sono\nalleati con l’abilità Meno o Più.
19,5,59,Previsioni,"Cambia il tipo del Pokémon in Acqua, Fuoco\no Ghiaccio in base alle condizioni atmosferiche."
19,5,60,Antifurto,Gli strumenti restano appiccicati al corpo adesivo\ndel Pokémon e non possono essere rubati.
19,5,61,Muta,Il Pokémon può guarire dai problemi di stato\nfacendo la muta completa della pelle.
19,5,62,Dentistretti,"Se è affetto da un problema di stato, il Pokémon\ntira fuori la grinta e aumenta il proprio Attacco."
19,5,63,Pelledura,"Se il Pokémon è affetto da un problema di stato,\nle squame sulla sua pelle si induriscono aumentando\nla sua Difesa."
19,5,64,Melma,"Il Pokémon secerne delle sostanze tossiche.\nSe un nemico manda a segno una mossa che\nassorbe i PS, subisce dei danni."
19,5,65,Erbaiuto,"Quando il Pokémon ha pochi PS, la potenza delle\nsue mosse di tipo Erba aumenta."
19,5,66,Aiutofuoco,"Quando il Pokémon ha pochi PS, la potenza delle\nsue mosse di tipo Fuoco aumenta."
19,5,67,Acquaiuto,"Quando il Pokémon ha pochi PS, la potenza delle\nsue mosse di tipo Acqua aumenta."
19,5,68,Aiutinsetto,"Quando il Pokémon ha pochi PS, la potenza delle\nsue mosse di tipo Coleottero aumenta."
19,5,69,Testadura,Protegge il Pokémon dai contraccolpi.
19,5,70,Siccità,"Quando il Pokémon entra in campo, la luce solare\ndiventa intensa."
19,5,71,Trappoarena,Impedisce la fuga al nemico.
19,5,72,Spiritovivo,Il Pokémon è talmente vivace che non può\naddormentarsi.
19,5,73,Fumochiaro,Il Pokémon è protetto da un fumo chiaro che\nimpedisce ai nemici di diminuire le sue statistiche.
19,5,74,Forzapura,L’Attacco del Pokémon raddoppia grazie\nalla sua padronanza delle tecniche yoga.
19,5,75,Guscioscudo,Il Pokémon è protetto da un guscio robusto\nche gli evita di subire brutti colpi.
19,5,76,Riparo,Il Pokémon non subisce gli effetti di nessuna\ncondizione atmosferica.
19,5,77,Intricopiedi,"Se il Pokémon è confuso, ne aumenta l’elusione."
19,5,78,Elettrorapid,"Se il Pokémon viene colpito da una mossa di\ntipo Elettro, la neutralizza e sfrutta la carica\nelettrica per aumentare la propria Velocità."
19,5,79,Antagonismo,"Rende più forti contro nemici dello stesso sesso,\nma più deboli contro nemici di sesso opposto."
19,5,80,Cuordeciso,"Se il Pokémon tentenna, il suo animo indomito\nsi risveglia e la sua Velocità aumenta."
19,5,81,Mantelneve,Aumenta l’elusione quando grandina.
19,5,82,Voracità,"Il Pokémon non attende di aver perso molti PS\nper mangiare certe bacche, ma lo fa non appena\ni suoi PS scendono a metà o meno."
19,5,83,Grancollera,"Se il Pokémon subisce un brutto colpo, monta su\ntutte le furie e il suo Attacco aumenta al massimo."
19,5,84,Agiltecnica,Aumenta la Velocità dopo aver usato o perso\nuno strumento.
19,5,85,Antifuoco,Il suo corpo termoresistente dimezza i danni\ninflitti dalle mosse di tipo Fuoco.
19,5,86,Disinvoltura,Raddoppia le modifiche alle statistiche.
19,5,87,Pellearsa,"Il Pokémon recupera PS se piove o se subisce\nmosse di tipo Acqua, ma con la luce solare intensa\nperde PS. Subisce più danni da mosse di tipo Fuoco."
19,5,88,Download,"Analizza Difesa e Difesa Speciale del nemico e,\na seconda di qual è più bassa, aumenta il proprio\nAttacco o Attacco Speciale."
19,5,89,Ferropugno,Potenzia le mosse che utilizzano pugni.
19,5,90,Velencura,Il Pokémon recupera PS anziché perderli\nse è avvelenato.
19,5,91,Adattabilità,Potenzia di molto le mosse dello stesso tipo\ndel Pokémon.
19,5,92,Abillegame,Le mosse multicolpo eseguono sempre il massimo\ndegli attacchi possibili.
19,5,93,Idratazione,"Se piove, il Pokémon guarisce dai problemi di stato."
19,5,94,Solarpotere,"Se la luce del sole è intensa, l’Attacco Speciale\naumenta, ma il Pokémon perde PS a ogni turno."
19,5,95,Piedisvelti,"Se il Pokémon è affetto da un problema di stato,\nla Velocità aumenta."
19,5,96,Normalità,Tutte le mosse del Pokémon diventano di tipo\nNormale e la loro potenza aumenta un po’.
19,5,97,Cecchino,Aumenta ulteriormente i danni inflitti dai brutti colpi.
19,5,98,Magicscudo,Il Pokémon subisce danni solo dagli attacchi.
19,5,99,Nullodifesa,Il Pokémon e chiunque lo attacchi abbassano\nla guardia e le loro mosse vanno sempre a segno.
19,5,100,Rallentatore,Il Pokémon agisce sempre per ultimo.
19,5,101,Tecnico,Potenzia le mosse più deboli del Pokémon.
19,5,102,Fogliamanto,"Se la luce del sole è intensa, evita i problemi\ndi stato."
19,5,103,Impaccio,Il Pokémon non può usare lo strumento che ha.
19,5,104,Rompiforma,"Quando il Pokémon attacca, ignora l’abilità del\nbersaglio se questa ha effetto sulle mosse."
19,5,105,Supersorte,Il Pokémon ha una fortuna incredibile che aumenta\nla sua probabilità di infliggere brutti colpi.
19,5,106,Scoppio,Chi manda KO questo Pokémon con un attacco\ndiretto subisce dei danni.
19,5,107,Presagio,Rivela se il nemico ha mosse pericolose.
19,5,108,Premonizione,"Quando il Pokémon entra in campo, rivela la mossa\npiù potente del nemico."
19,5,109,Imprudenza,"Quando il Pokémon attacca, ignora le modifiche\nalle statistiche del nemico."
19,5,110,Lentifumé,Permette alle mosse non molto efficaci di infliggere\ndanni normalmente senza essere penalizzate dalla\ncompatibilità di tipo sfavorevole.
19,5,111,Filtro,Riduce la potenza delle mosse superefficaci subite.
19,5,112,Lentoinizio,Dimezza per cinque turni l’Attacco e la Velocità.
19,5,113,Nervisaldi,Permette di colpire Pokémon di tipo Spettro\ncon mosse di tipo Normale e Lotta.
19,5,114,Acquascolo,Attira e neutralizza mosse di tipo Acqua\ne aumenta l’Attacco Speciale.
19,5,115,Corpogelo,"Quando grandina, il Pokémon recupera PS."
19,5,116,Solidroccia,Riduce la potenza delle mosse superefficaci subite.
19,5,117,Scendineve,"Quando il Pokémon entra in campo, provoca\nuna grandinata."
19,5,118,Mielincetta,Il Pokémon può raccogliere del Miele alla fine\ndella lotta.
19,5,119,Indagine,"Quando il Pokémon entra in campo, rivela\nlo strumento del nemico."
19,5,120,Temerarietà,Potenzia le mosse che causano contraccolpo.
19,5,121,Multitipo,Cambia il tipo del Pokémon a seconda della lastra\no del Cristallo Z che ha con sé.
19,5,122,Regalfiore,"Se la luce del sole è intensa, aumenta la Difesa\nSpeciale e l’Attacco del Pokémon e dei suoi alleati."
19,5,123,Sogniamari,Infligge danni ai nemici addormentati.
19,5,124,Arraffalesto,"Se il Pokémon viene colpito da un attacco diretto,\nruba lo strumento di chi lo ha attaccato."
19,5,125,Forzabruta,"Aumenta i danni delle mosse, ma ne annulla\ngli effetti aggiuntivi."
19,5,126,Inversione,Le modifiche alle statistiche hanno effetto inverso:\naumentano quando dovrebbero diminuire\ne viceversa.
19,5,127,Agitazione,Il nemico viene intimidito e non può mangiare\nbacche.
19,5,128,Agonismo,L’Attacco aumenta di molto quando le statistiche\ndiminuiscono a causa di un nemico.
19,5,129,Sconforto,"Quando i PS scendono a metà o meno, il Pokémon\nsi scoraggia e l’Attacco e l’Attacco Speciale\nvengono dimezzati."
19,5,130,Corpofunesto,A volte blocca l’ultima mossa usata dal nemico.
19,5,131,Curacuore,A volte cura i problemi di stato degli alleati.
19,5,132,Amicoscudo,I danni inflitti agli alleati del Pokémon\nvengono ridotti.
19,5,133,Sottilguscio,"Se si subiscono danni da mosse fisiche, la Difesa\ndiminuisce e la Velocità aumenta di molto."
19,5,134,Metalpesante,Raddoppia il peso del Pokémon.
19,5,135,Metalleggero,Dimezza il peso del Pokémon.
19,5,136,Multisquame,"Se i PS sono al massimo, riduce il danno subito."
19,5,137,Velenimpeto,"Se il Pokémon è avvelenato, potenzia le mosse\nfisiche."
19,5,138,Bruciaimpeto,"Se il Pokémon è scottato, potenzia le mosse\nspeciali."
19,5,139,Coglibacche,Può ricreare una bacca utilizzata.
19,5,140,Telepatia,Prevede ed evita gli attacchi degli alleati.
19,5,141,Altalena,"A ogni turno, aumenta di molto una statistica\ne ne riduce un’altra."
19,5,142,Copricapo,"Rende immuni ai danni da grandine e tempesta di\nsabbia, alle mosse Spora, Cottonspora, Sonnifero,\nParalizzante e alle mosse “polvere”."
19,5,143,Velentocco,Può avvelenare il nemico al solo contatto.
19,5,144,Rigenergia,Il Pokémon recupera un po’ di PS quando viene\nsostituito.
19,5,145,Pettinfuori,Evita che la Difesa diminuisca.
19,5,146,Remasabbia,La Velocità aumenta durante le tempeste di sabbia.
19,5,147,Splendicute,Resiste più facilmente alle mosse di stato.
19,5,148,Ponderazione,"Se il Pokémon agisce per ultimo, la potenza\ndella mossa aumenta."
19,5,149,Illusione,Il Pokémon inganna il nemico entrando in campo\ncon le sembianze dell’ultimo Pokémon della propria\nsquadra.
19,5,150,Sosia,Il Pokémon si trasforma nel nemico che ha davanti.
19,5,151,Intrapasso,Attacca evitando le barriere e il sostituto\ndel nemico.
19,5,152,Mummia,L’abilità del nemico diventa Mummia dopo\nil contatto.
19,5,153,Arroganza,"Quando manda un nemico KO, il Pokémon si fa\nsicuro di sé e aumenta il proprio Attacco."
19,5,154,Giustizia,"Quando il Pokémon viene colpito da una mossa\ndi tipo Buio, il suo forte senso di giustizia fa sì\nche l’Attacco aumenti."
19,5,155,Paura,"Le mosse di tipo Buio, Spettro e Coleottero\nspaventano il Pokémon aumentandone la Velocità."
19,5,156,Magispecchio,Respinge al mittente le mosse di stato senza\nsubirne gli effetti.
19,5,157,Mangiaerba,"Se il Pokémon viene colpito da una mossa\ndi tipo Erba, la neutralizza e aumenta l’Attacco."
19,5,158,Burla,Le mosse di stato del Pokémon acquistano\npriorità alta.
19,5,159,Silicoforza,"Potenzia le mosse di tipo Roccia, Terra e Acciaio\ndurante le tempeste di sabbia."
19,5,160,Spineferrate,"Se il Pokémon viene colpito da un attacco diretto,\ninfligge danni a sua volta con le sue spine di ferro."
19,5,161,Stato Zen,Cambia la forma del Pokémon se i PS scendono\na metà o meno.
19,5,162,Vittorstella,Aumenta la precisione di tutta la squadra.
19,5,163,Piroturbina,"Quando il Pokémon attacca, ignora l’abilità del\nbersaglio se questa ha effetto sulle mosse."
19,5,164,Teravolt,"Quando il Pokémon attacca, ignora l’abilità del\nbersaglio se questa ha effetto sulle mosse."
19,5,165,Aromavelo,Protegge tutta la squadra da mosse che limitano\nla scelta di attacchi.
19,5,166,Fiorvelo,Evita il calo delle statistiche degli alleati di tipo Erba\ne li protegge dai problemi di stato.
19,5,167,Guancegonfie,Fa recuperare PS quando il Pokémon mangia\nuna bacca.
19,5,168,Mutatipo,Cambia il tipo del Pokémon in quello della mossa\nche usa.
19,5,169,Foltopelo,Dimezza il danno subito dagli attacchi fisici.
19,5,170,Prestigiatore,Ruba lo strumento del Pokémon su cui è stata\nusata una mossa.
19,5,171,Antiproiettile,Protegge da alcune mosse a base di proiettili\ne bombe.
19,5,172,Tenacia,L’Attacco Speciale aumenta di molto quando le\nstatistiche diminuiscono a causa di un nemico.
19,5,173,Ferromascella,La robusta mascella del Pokémon permette\nmorsi molto potenti.
19,5,174,Pellegelo,Le mosse di tipo Normale diventano di tipo\nGhiaccio e la loro potenza aumenta un po’.
19,5,175,Dolcevelo,Impedisce a sé e agli alleati di addormentarsi.
19,5,176,Accendilotta,Assume la Forma Spada se usa una mossa\nd’attacco e la Forma Scudo se usa Scudo Reale.
19,5,177,Aliraffica,"Se il Pokémon ha tutti i PS, le sue mosse\ndi tipo Volante acquistano priorità alta."
19,5,178,Megalancio,"Potenzia le mosse “pulsar”, Forzasfera\ne Ondasana."
19,5,179,Peloderba,"In presenza di un Campo Erboso, la Difesa\naumenta."
19,5,180,Simbiosi,"Se un alleato usa uno strumento, il Pokémon\ngli passa il proprio."
19,5,181,Unghiedure,Potenzia le mosse che causano un contatto fisico.
19,5,182,Pellefolletto,Le mosse di tipo Normale diventano di tipo Folletto\ne la loro potenza aumenta un po’.
19,5,183,Viscosità,"Se il Pokémon viene colpito da un attacco diretto,\nla Velocità di chi l’ha colpito diminuisce."
19,5,184,Pellecielo,Le mosse di tipo Normale diventano di tipo Volante\ne la loro potenza aumenta un po’.
19,5,185,Amorefiliale,Il Pokémon e il suo piccolo attaccano insieme.
19,5,186,Auratetra,Potenzia le mosse di tipo Buio di tutti i Pokémon.
19,5,187,Aurafolletto,Potenzia le mosse di tipo Folletto di tutti i Pokémon.
19,5,188,Frangiaura,Inverte gli effetti di tutte le aure riducendone\nla potenza.
19,5,189,Mare Primordiale,Crea un clima che rende inefficaci\ngli attacchi di tipo Fuoco.
19,5,190,Terra Estrema,Crea un clima che rende inefficaci\ngli attacchi di tipo Acqua.
19,5,191,Flusso Delta,Crea un clima che annulla i punti deboli\ndel tipo Volante.
19,5,192,Sopportazione,"Se il Pokémon subisce un attacco, la sua Difesa\naumenta."
19,5,193,Fuggifuggi,"Se i PS scendono a metà o meno, il Pokémon\nsi fa prendere dalla paura e abbandona la lotta\nin tutta fretta."
19,5,194,Passoindietro,"Se i PS scendono a metà o meno, il Pokémon\nabbandona la lotta per sfuggire al pericolo."
19,5,195,Idrorinforzo,"Se il Pokémon subisce una mossa di tipo Acqua,\nla sua Difesa aumenta di molto."
19,5,196,Spietatezza,Gli attacchi sferrati su un bersaglio avvelenato\nproducono sempre brutti colpi.
19,5,197,Scudosoglia,"Se i PS scendono a metà o meno, il guscio\nsi rompe e il Pokémon si prepara all’offensiva."
19,5,198,Sorveglianza,Raddoppia i danni inflitti a un bersaglio che è\nappena entrato in campo per sostituire un altro\nPokémon.
19,5,199,Bolladacqua,Riduce la potenza delle mosse di tipo Fuoco\nsubite e rende immuni alle scottature.
19,5,200,Tempracciaio,Aumenta la potenza delle mosse di tipo Acciaio.
19,5,201,Furore,"Se i PS scendono a metà o meno a causa di\nun attacco, l’Attacco Speciale aumenta."
19,5,202,Spalaneve,"Se grandina, la Velocità aumenta."
19,5,203,Distacco,Il Pokémon è in grado di usare tutte le sue mosse\nsenza entrare in contatto diretto con il bersaglio.
19,5,204,Idrovoce,Le mosse basate sul suono del Pokémon con questa\nabilità diventano di tipo Acqua.
19,5,205,Primacura,Le mosse che ripristinano direttamente i PS\ndel Pokémon acquistano priorità alta.
19,5,206,Pellelettro,Le mosse di tipo Normale diventano di tipo Elettro\ne la loro potenza aumenta un po’.
19,5,207,Codasurf,"In presenza di un Campo Elettrico, la Velocità\nraddoppia."
19,5,208,Banco,"Quando ha molti PS, il Pokémon forma un banco\ncon i propri simili e si rafforza.\nQuando ne ha pochi, il banco si disperde."
19,5,209,Fantasmanto,Il panno che ricopre il Pokémon lo protegge\nda un singolo attacco.
19,5,210,Morfosintonia,"Se il Pokémon manda KO un nemico, il legame con\nl’Allenatore si rafforza, attivando la trasformazione\nin Greninja Forma Ash. Acqualame si potenzia."
19,5,211,Sciamefusione,"Se i PS del Pokémon scendono a metà o meno, le\ncellule si raggruppano e gli permettono di assumere\nla Forma Perfetta."
19,5,212,Corrosione,Il Pokémon è in grado di avvelenare il bersaglio\nanche se questo è di tipo Acciaio o Veleno.
19,5,213,Sonno Assoluto,Il Pokémon si trova in un costante stato di\ndormiveglia che gli impedisce di svegliarsi.\nPuò attaccare anche da addormentato.
19,5,214,Regalità,L’aura di regalità del Pokémon impedisce al nemico\ndi attaccarlo con mosse che hanno priorità alta.
19,5,215,Espellinterno,"Se il Pokémon viene mandato KO da un attacco,\ninfligge a chi lo ha sferrato tanti danni quanti\nerano i suoi PS prima di ricevere il colpo."
19,5,216,Sincrodanza,Permette al Pokémon di copiare immediatamente\nqualsiasi mossa basata sulla danza usata da un\naltro Pokémon in campo.
19,5,217,Batteria,Aumenta la potenza delle mosse speciali\ndegli alleati.
19,5,218,Morbidone,"Dimezza il danno causato dagli attacchi diretti\ndi un nemico, ma raddoppia quello subito dalle\nmosse di tipo Fuoco."
19,5,219,Corposgargiante,Il Pokémon sbalordisce il nemico e non gli permette\ndi attaccarlo con mosse che hanno priorità alta.
19,5,220,Cuoreanima,Aumenta l’Attacco Speciale ogni volta che\nun Pokémon va KO.
19,5,221,Boccolidoro,"Se il Pokémon viene colpito da un attacco diretto,\nla Velocità di chi l’ha colpito diminuisce."
19,5,222,Ricezione,Il Pokémon acquisisce l’abilità di un alleato\nandato KO.
19,5,223,Forza Chimica,Il Pokémon trasforma la propria abilità in quella\ndi un alleato andato KO.
19,5,224,Ultraboost,"Se il Pokémon ha mandato KO almeno un altro\nPokémon nel turno, aumenta la propria statistica\ndi punta."
19,5,225,Sistema Primevo,Il tipo del Pokémon cambia in base alla ROM\ninstallata.
19,5,226,Elettrogenesi,"Quando il Pokémon entra in campo,\nlo trasforma in un Campo Elettrico."
19,5,227,Psicogenesi,"Quando il Pokémon entra in campo,\nlo trasforma in un Campo Psichico."
19,5,228,Nebbiogenesi,"Quando il Pokémon entra in campo,\nlo trasforma in un Campo Nebbioso."
19,5,229,Erbogenesi,"Quando il Pokémon entra in campo,\nlo trasforma in un Campo Erboso."
19,5,230,Metalprotezione,Rende immuni alla diminuzione delle statistiche\ncausata da abilità o mosse di altri Pokémon.
19,5,231,Spettroguardia,"Se i PS sono al massimo, riduce il danno subito."
19,5,232,Scudoprisma,Riduce la potenza delle mosse superefficaci subite.
19,6,1,Hedor,"Debido al mal olor que emana, al atacar al rival puede\nhacerlo retroceder."
19,6,2,Llovizna,Hace que llueva cuando entra en combate.
19,6,3,Impulso,Aumenta la Velocidad en cada turno.
19,6,4,Armadura Batalla,La robusta coraza que lo protege bloquea los golpes\ncríticos.
19,6,5,Robustez,Evita que el rival pueda debilitarlo de un solo golpe\ncuando tiene los PS al máximo.\nTambién anula los movimientos fulminantes.
19,6,6,Humedad,"Aumenta la humedad del entorno y evita que se\npuedan utilizar movimientos explosivos, tales como\nAutodestrucción."
19,6,7,Flexibilidad,Evita ser paralizado gracias a la flexibilidad de su\ncuerpo.
19,6,8,Velo Arena,Aumenta la Evasión durante las tormentas de arena.
19,6,9,Elec. Estática,La electricidad estática que lo envuelve puede\nparalizar al mínimo contacto.
19,6,10,Absorbe Elec,"Si le alcanza un movimiento de tipo Eléctrico,\nrecupera PS en vez de sufrir daño."
19,6,11,Absorbe Agua,"Si le alcanza un movimiento de tipo Agua,\nrecupera PS en vez de sufrir daño."
19,6,12,Despiste,La indiferencia del Pokémon evita que sea\natraído o provocado.
19,6,13,Aclimatación,Anula todos los efectos del tiempo atmosférico.
19,6,14,Ojo Compuesto,Aumenta la precisión de sus movimientos.
19,6,15,Insomnio,Su resistencia al sueño le impide quedarse dormido.
19,6,16,Cambio Color,Adopta el tipo del último movimiento del que se es\nblanco.
19,6,17,Inmunidad,Su sistema inmunitario evita el envenenamiento.
19,6,18,Absorbe Fuego,"Si le alcanza algún movimiento de tipo Fuego,\npotencia sus propios movimientos de dicho tipo."
19,6,19,Polvo Escudo,El polvo de escamas que lo envuelve lo protege de\nlos efectos secundarios de los ataques recibidos.
19,6,20,Ritmo Propio,"Como le gusta hacer las cosas a su manera, los\nrivales no logran confundirlo."
19,6,21,Ventosas,"Sus ventosas se aferran al suelo, con lo cual anula\nmovimientos y objetos que fuerzan el relevo."
19,6,22,Intimidación,Al entrar en combate amilana al rival de tal manera\nque su Ataque disminuye.
19,6,23,Sombra Trampa,Evita que el enemigo huya o sea cambiado por otro.
19,6,24,Piel Tosca,Hiere con su piel áspera al rival que lo ataque con un\nmovimiento de contacto.
19,6,25,Superguarda,"Gracias a un poder misterioso, solo le hacen daño los\nmovimientos supereficaces."
19,6,26,Levitación,Su capacidad de flotar sobre el suelo le proporciona\ninmunidad frente a los movimientos de tipo Tierra.
19,6,27,Efecto Espora,"Puede dormir, envenenar o paralizar al Pokémon con\nel que entre en contacto al recibir un ataque."
19,6,28,Sincronía,"Contagia el envenenamiento, las quemaduras o la\nparálisis al Pokémon que le cause ese estado."
19,6,29,Cuerpo Puro,Evita que bajen sus características a causa de\nmovimientos o habilidades de otros Pokémon.
19,6,30,Cura Natural,Cura problemas de estado al cambiar de Pokémon.
19,6,31,Pararrayos,"Además de atraer y neutralizar los movimientos de\ntipo Eléctrico, sube el Ataque Especial."
19,6,32,Dicha,Aumenta la probabilidad de que los movimientos\ncausen efectos secundarios.
19,6,33,Nado Rápido,Sube la Velocidad cuando llueve.
19,6,34,Clorofila,Sube la Velocidad cuando hace sol.
19,6,35,Iluminación,Aumenta la probabilidad de encontrar Pokémon al\naumentar la visibilidad del entorno.
19,6,36,Rastro,Al entrar en combate copia la habilidad del rival.
19,6,37,Potencia,Duplica la potencia de los ataques físicos.
19,6,38,Punto Tóxico,Puede envenenar al mínimo contacto.
19,6,39,Foco Interno,"Gracias a su profunda concentración, no retrocede\nante los ataques del rival."
19,6,40,Escudo Magma,"Gracias al magma candente que lo envuelve, evita la\ncongelación."
19,6,41,Velo Agua,Evita las quemaduras gracias a la capa de agua que\nlo envuelve.
19,6,42,Imán,Su magnetismo atrae a los Pokémon de tipo Acero y\nles impide huir.
19,6,43,Insonorizar,Su aislamiento acústico lo protege de movimientos\nque usan sonido.
19,6,44,Cura Lluvia,Recupera PS de forma gradual cuando llueve.
19,6,45,Chorro Arena,Crea una tormenta de arena al entrar en combate.
19,6,46,Presión,Presiona al rival para que sus PP se acaben antes.
19,6,47,Sebo,"Gracias a la gruesa capa de grasa que lo protege,\nreduce a la mitad el daño recibido por ataques de\ntipo Fuego y Hielo."
19,6,48,Madrugar,"Si el Pokémon se duerme, tardará la mitad de tiempo\nen despertarse."
19,6,49,Cuerpo Llama,Puede quemar al mínimo contacto.
19,6,50,Fuga,Permite escapar de todos los Pokémon salvajes.
19,6,51,Vista Lince,La aguda vista de este Pokémon evita que disminuya\nsu Precisión.
19,6,52,Corte Fuerte,Evita que el rival le baje el Ataque.
19,6,53,Recogida,"El Pokémon puede recoger objetos que el rival haya\nusado, o bien otros que encuentre en plena aventura."
19,6,54,Ausente,"Al ejecutar un movimiento, el Pokémon descansará\nen el turno siguiente."
19,6,55,Entusiasmo,"Aumenta el Ataque, pero reduce la Precisión."
19,6,56,Gran Encanto,Entrar en contacto con el Pokémon puede causar\nenamoramiento.
19,6,57,Más,Potencia el Ataque Especial si un Pokémon aliado\ntiene la habilidad Más o Menos.
19,6,58,Menos,Potencia el Ataque Especial si un Pokémon aliado\ntiene la habilidad Más o Menos.
19,6,59,Predicción,"Cambia a tipo Agua, Fuego o Hielo en función del\ntiempo atmosférico."
19,6,60,Viscosidad,Protege al Pokémon del robo de objetos al quedarse\npegados a su cuerpo.
19,6,61,Mudar,El Pokémon puede curar sus problemas de estado\nal mudar la piel.
19,6,62,Agallas,"Si sufre un problema de estado, se viene arriba y\naumenta su Ataque."
19,6,63,Escama Especial,Sube la Defensa si el Pokémon sufre un problema de\nestado.
19,6,64,Lodo Líquido,"Debido a su intenso hedor, hiere a los Pokémon que\nintentan drenarle los PS."
19,6,65,Espesura,Potencia los movimientos de tipo Planta del Pokémon\ncuando le quedan pocos PS.
19,6,66,Mar Llamas,Potencia los movimientos de tipo Fuego del Pokémon\ncuando le quedan pocos PS.
19,6,67,Torrente,Potencia los movimientos de tipo Agua del Pokémon\ncuando le quedan pocos PS.
19,6,68,Enjambre,Potencia los movimientos de tipo Bicho del Pokémon\ncuando le quedan pocos PS.
19,6,69,Cabeza Roca,Impide que el Pokémon se dañe con sus propios\nmovimientos.
19,6,70,Sequía,"Cuando el Pokémon entra en combate, el tiempo pasa\na ser soleado."
19,6,71,Trampa Arena,Evita que el rival huya.
19,6,72,Espíritu Vital,Su determinación le impide quedarse dormido.
19,6,73,Humo Blanco,El humo blanco que lo protege evita que otro\nPokémon le baje las características.
19,6,74,Energía Pura,Duplica la potencia de los ataques físicos.
19,6,75,Caparazón,La robusta coraza que lo protege bloquea los golpes\ncríticos.
19,6,76,Bucle Aire,Neutraliza todos los efectos del tiempo atmosférico.
19,6,77,Tumbos,Sube la Evasión si el Pokémon está confuso.
19,6,78,Electromotor,"Si le alcanza un movimiento de tipo Eléctrico, le sube\nla Velocidad en vez de sufrir daño."
19,6,79,Rivalidad,"Si el objetivo es del mismo sexo, su competitividad le\nlleva a infligir más daño. Si es del sexo contrario, en\ncambio, el daño será menor."
19,6,80,Impasible,"Cada vez que retrocede sube su Velocidad, debido\na su voluntad inquebrantable."
19,6,81,Manto Níveo,Sube la Evasión cuando graniza.
19,6,82,Gula,"Cuando sus PS se ven reducidos a la mitad, engulle\nla baya que normalmente solo se comería cuando le\nquedasen pocos PS."
19,6,83,Irascible,"Si recibe un golpe crítico, monta en cólera y sube su\nAtaque hasta el máximo."
19,6,84,Liviano,Sube la Velocidad si usa o pierde el objeto que lleva.
19,6,85,Ignífugo,"Su cuerpo, resistente al calor, reduce a la mitad el\ndaño recibido por movimientos de tipo Fuego."
19,6,86,Simple,Duplica los cambios en las características.
19,6,87,Piel Seca,"Pierde PS si hace sol y los recupera si llueve o recibe\nun movimiento de tipo Agua. Los movimientos de tipo\nFuego, por su parte, le hacen más daño de lo normal."
19,6,88,Descarga,"Compara la Defensa y la Defensa Especial del rival\npara ver cuál es inferior y aumenta su propio Ataque\no Ataque Especial, según corresponda."
19,6,89,Puño Férreo,Aumenta la potencia de los puñetazos.
19,6,90,Antídoto,"Si el Pokémon resulta envenenado, recupera PS en\nvez de perderlos."
19,6,91,Adaptable,Potencia aún más los movimientos cuyo tipo coincida\ncon el del Pokémon.
19,6,92,Encadenado,Los movimientos múltiples se ejecutarán siempre con\nel número máximo de golpes.
19,6,93,Hidratación,Cura los problemas de estado si está lloviendo.
19,6,94,Poder Solar,"Si hace sol, aumenta su Ataque Especial, pero\npierde PS en cada turno."
19,6,95,Pies Rápidos,Aumenta la Velocidad si sufre problemas de estado.
19,6,96,Normalidad,Todos los movimientos se vuelven de tipo Normal y\naumentan ligeramente su potencia.
19,6,97,Francotirador,Potencia los golpes críticos aún más de lo normal.
19,6,98,Muro Mágico,El Pokémon solo recibe daño de ataques.
19,6,99,Indefenso,"Al quedar ambos expuestos, tanto los movimientos\ndel Pokémon como los del rival acertarán siempre."
19,6,100,Rezagado,El Pokémon ejecuta su movimiento tras todos los\ndemás.
19,6,101,Experto,Potencia los movimientos más débiles del Pokémon.
19,6,102,Defensa Hoja,Evita los problemas de estado si hace sol.
19,6,103,Zoquete,El Pokémon no puede usar objetos equipados.
19,6,104,Rompemoldes,Las habilidades del objetivo no afectan a los\nmovimientos empleados.
19,6,105,Afortunado,Su buena suerte aumenta la probabilidad de asestar\ngolpes críticos.
19,6,106,Resquicio,Daña al agresor que le ha dado el golpe de gracia\ncon un movimiento de contacto.
19,6,107,Anticipación,Prevé los movimientos peligrosos del rival.
19,6,108,Alerta,Determina el movimiento más potente del rival al\nentrar en combate.
19,6,109,Ignorante,Pasa por alto las mejoras en las características del\nrival al atacar.
19,6,110,Cromolente,Potencia los movimientos que no son muy eficaces.
19,6,111,Filtro,Mitiga el daño que le infligen los movimientos\nsupereficaces.
19,6,112,Inicio Lento,Baja a la mitad el Ataque y la Velocidad durante\ncinco turnos.
19,6,113,Intrépido,Los movimientos de tipo Normal o Lucha alcanzan a\nlos Pokémon de tipo Fantasma.
19,6,114,Colector,"Además de atraer y neutralizar los movimientos de\ntipo Agua, sube el Ataque Especial."
19,6,115,Gélido,Recupera PS de forma gradual cuando hay tormentas\nde granizo.
19,6,116,Roca Sólida,Mitiga el daño que le infligen los movimientos\nsupereficaces.
19,6,117,Nevada,El Pokémon invoca una tormenta de granizo al entrar\nen combate.
19,6,118,Recogemiel,Es posible que el Pokémon encuentre Miel una\nvez concluido el combate.
19,6,119,Cacheo,El Pokémon puede ver el objeto que lleva el rival al\nentrar en combate.
19,6,120,Audaz,Potencia los movimientos que también dañan al\nusuario.
19,6,121,Multitipo,Cambia el tipo del Pokémon al de la tabla o al del\nCristal Z que lleve.
19,6,122,Don Floral,Aumenta el Ataque y la Defensa Especial de todos\nlos Pokémon del equipo si hace sol.
19,6,123,Mal Sueño,Inflige daño a cualquier rival que esté dormido.
19,6,124,Hurto,"Si el rival usa un movimiento de contacto al atacar,\nle roba el objeto."
19,6,125,Potencia Bruta,"Sube la potencia de los movimientos en detrimento\nde los efectos secundarios, que se ven anulados."
19,6,126,Respondón,Invierte los cambios en las características: bajan\ncuando les toca subir y suben cuando les toca bajar.
19,6,127,Nerviosismo,Pone nervioso al rival y le impide usar bayas.
19,6,128,Competitivo,Sube mucho el Ataque cuando el rival le baja las\ncaracterísticas.
19,6,129,Flaqueza,Se debilita tanto cuando sus PS se ven reducidos a la\nmitad que su Ataque y su Ataque Especial bajan.
19,6,130,Cuerpo Maldito,Puede anular el movimiento usado en su contra.
19,6,131,Alma Cura,A veces cura los problemas de estado de un aliado.
19,6,132,Compiescolta,Reduce el daño que sufren los aliados.
19,6,133,Armadura Frágil,"Al recibir daño por un ataque físico, baja la Defensa,\npero sube mucho la Velocidad del Pokémon."
19,6,134,Metal Pesado,Duplica el peso del Pokémon.
19,6,135,Metal Liviano,Reduce a la mitad el peso del Pokémon.
19,6,136,Compensación,Reduce el daño sufrido si los PS están al máximo.
19,6,137,Ímpetu Tóxico,Aumenta la potencia de los ataques físicos cuando\nel Pokémon está envenenado.
19,6,138,Ímpetu Ardiente,Aumenta la potencia de los ataques especiales\ncuando el Pokémon sufre quemaduras.
19,6,139,Cosecha,Permite reutilizar varias veces una misma baya.
19,6,140,Telepatía,Elude los ataques de los aliados durante el combate.
19,6,141,Veleta,"Cada turno sube mucho una característica, pero\nbaja otra."
19,6,142,Funda,"Protege al Pokémon de las tormentas de arena, el\ngranizo y los movimientos con polvos."
19,6,143,Toque Tóxico,Puede envenenar al objetivo con solo tocarlo.
19,6,144,Regeneración,Recupera unos pocos PS al cambiar de Pokémon.
19,6,145,Sacapecho,Impide que el rival baje la Defensa del Pokémon.
19,6,146,Ímpetu Arena,Aumenta la Velocidad durante las tormentas de\narena.
19,6,147,Piel Milagro,Ofrece una mayor resistencia ante los ataques de\nestado.
19,6,148,Cálculo Final,Aumenta la potencia del movimiento si es el último en\natacar.
19,6,149,Ilusión,Adopta el aspecto del último Pokémon del equipo al\nentrar en combate para desconcertar al rival.
19,6,150,Impostor,El Pokémon se transforma en el que tiene enfrente.
19,6,151,Allanamiento,Ataca rodeando la barrera o el sustituto del rival.
19,6,152,Momia,Contagia la habilidad Momia al rival que entre en\ncontacto con él.
19,6,153,Autoestima,"Al debilitar a un objetivo, su confianza se refuerza\nde tal manera que aumenta el Ataque."
19,6,154,Justiciero,"Si le alcanza un movimiento de tipo Siniestro,\naumenta el Ataque debido a su integridad."
19,6,155,Cobardía,"Si le alcanza un movimiento de tipo Siniestro, Bicho o\nFantasma, el miedo hace que le suba la Velocidad."
19,6,156,Espejo Mágico,"Permite devolver los ataques de estado lanzados por\nel rival, sin verse afectado por ellos."
19,6,157,Herbívoro,Neutraliza los movimientos de tipo Planta y sube el\nAtaque.
19,6,158,Bromista,Permite lanzar ataques de estado en primer lugar.
19,6,159,Poder Arena,"Potencia los movimientos de tipo Tierra, Acero y\nRoca durante las tormentas de arena."
19,6,160,Punta Acero,Inflige daño al rival si este golpea al Pokémon con un\nmovimiento de contacto.
19,6,161,Modo Daruma,Cambia de forma si sus PS se ven reducidos a la\nmitad.
19,6,162,Tinovictoria,Sube la Precisión de todo el equipo.
19,6,163,Turbollama,Las habilidades del objetivo no afectan a los\nmovimientos empleados.
19,6,164,Terravoltaje,Las habilidades del objetivo no afectan a los\nmovimientos empleados.
19,6,165,Velo Aroma,Protege a todo el equipo de ataques que impiden\nelegir movimientos.
19,6,166,Velo Flor,Evita que los Pokémon de tipo Planta aliados\nsufran problemas de estado o que bajen sus\ncaracterísticas.
19,6,167,Carrillo,Recupera PS al comer cualquier baya.
19,6,168,Mutatipo,Cambia su tipo al del movimiento que va a usar.
19,6,169,Pelaje Recio,Reduce a la mitad el daño recibido por ataques\nfísicos del rival.
19,6,170,Prestidigitador,Roba el objeto del Pokémon al que alcance con un\nmovimiento.
19,6,171,Antibalas,No le afectan las bombas ni algunos proyectiles.
19,6,172,Tenacidad,Aumenta mucho su Ataque Especial cuando el rival\nle baja cualquiera de sus características.
19,6,173,Mandíbula Fuerte,Su robusta mandíbula le confiere una mordedura\npotente.
19,6,174,Piel Helada,Convierte los movimientos de tipo Normal en tipo\nHielo y aumenta ligeramente su potencia.
19,6,175,Velo Dulce,Evita que el equipo Pokémon se duerma.
19,6,176,Cambio Táctico,"Adopta la Forma Filo al lanzar un ataque, o bien la\nForma Escudo si usa el movimiento Escudo Real."
19,6,177,Alas Vendaval,Da prioridad a los movimientos de tipo Volador si los\nPS están al máximo.
19,6,178,Megadisparador,Aumenta la potencia de algunos movimientos de\npulsos y auras.
19,6,179,Manto Frondoso,Aumenta la Defensa si hay un campo de hierba en el\nterreno de combate.
19,6,180,Simbiosis,El Pokémon pasa su objeto a un aliado que ya haya\nutilizado el suyo.
19,6,181,Garra Dura,Aumenta la potencia de los movimientos de contacto.
19,6,182,Piel Feérica,Convierte los movimientos de tipo Normal en tipo\nHada y aumenta ligeramente su potencia.
19,6,183,Baba,Baja la Velocidad del rival cuando este ataca\nal Pokémon con un movimiento de contacto.
19,6,184,Piel Celeste,Convierte los movimientos de tipo Normal en tipo\nVolador y aumenta ligeramente su potencia.
19,6,185,Amor Filial,Ataque doble en familia.
19,6,186,Aura Oscura,Aumenta la potencia de todos los movimientos de\ntipo Siniestro.
19,6,187,Aura Feérica,Aumenta la potencia de todos los movimientos de\ntipo Hada.
19,6,188,Rompeaura,"Invierte los efectos de las auras, por lo que baja la\npotencia de ciertos movimientos en vez de subirla."
19,6,189,Mar del Albor,Altera el clima para anular los ataques de tipo Fuego.
19,6,190,Tierra del Ocaso,Altera el clima para anular los ataques de tipo Agua.
19,6,191,Ráfaga Delta,Altera el clima para anular las vulnerabilidades del\ntipo Volador.
19,6,192,Firmeza,Aumenta la Defensa al recibir un ataque físico.
19,6,193,Huida,Se asusta y abandona el terreno de combate cuando\nsus PS se ven reducidos a la mitad.
19,6,194,Retirada,Abandona el terreno de combate cuando sus PS se\nven reducidos a la mitad para evitar males mayores.
19,6,195,Hidrorrefuerzo,Aumenta mucho la Defensa si le alcanza un\nmovimiento de tipo Agua.
19,6,196,Ensañamiento,Hace que los movimientos asesten siempre un golpe\ncrítico si el rival está envenenado.
19,6,197,Escudo Limitado,Rompe su coraza cuando sus PS se ven reducidos a\nla mitad y adopta una forma ofensiva.
19,6,198,Vigilante,Duplica el daño infligido a un Pokémon que se haya\nincorporado al combate mediante un cambio.
19,6,199,Pompa,Reduce el daño que le provocan los movimientos de\ntipo Fuego e impide que sufra quemaduras.
19,6,200,Acero Templado,Potencia los movimientos de tipo Acero.
19,6,201,Cólera,Aumenta el Ataque Especial si los ataques del\noponente le reducen los PS a la mitad.
19,6,202,Quitanieves,Aumenta su Velocidad si está granizando.
19,6,203,Remoto,Permite usar cualquier movimiento sin entrar en\ncontacto con el rival.
19,6,204,Voz Fluida,Hace que todos los movimientos del Pokémon\nbasados en sonido pasen a ser de tipo Agua.
19,6,205,Primer Auxilio,Da prioridad a los movimientos que curan PS\ndirectamente al Pokémon.
19,6,206,Piel Eléctrica,Convierte los movimientos de tipo Normal en tipo\nEléctrico y aumenta ligeramente su potencia.
19,6,207,Cola Surf,Duplica la Velocidad si hay un campo eléctrico en el\nterreno de combate.
19,6,208,Banco,"Forma bancos con sus congéneres cuando tiene\nmuchos PS, lo cual le otorga más fuerza. Cuando le\nquedan pocos PS, el banco se dispersa."
19,6,209,Disfraz,Permite eludir un único ataque valiéndose de la\ntela que le cubre el cuerpo.
19,6,210,Fuerte Afecto,"Al derrotar a un rival, los vínculos con su Entrenador\nse refuerzan y se convierte en Greninja Ash. Su\nShuriken de Agua también se ve potenciado."
19,6,211,Agrupamiento,"Cuando sus PS se ven reducidos a la mitad, las\ncélulas se reagrupan y adopta su Forma Completa."
19,6,212,Corrosión,Permite envenenar incluso a rivales de tipo Acero o\nVeneno.
19,6,213,Letargo Perenne,No despierta jamás de su profundo letargo \ne incluso ataca dormido.
19,6,214,Regia Presencia,Intimida al rival y le impide usar movimientos con\nprioridad dirigidos al Pokémon.
19,6,215,Revés,"Al caer debilitado, inflige al rival un daño equivalente\na los PS que le quedaran."
19,6,216,Pareja de Baile,Permite copiar inmediatamente cualquier movimiento\nde baile que haya usado otro Pokémon presente en\nel combate.
19,6,217,Batería,Potencia los movimientos especiales de los aliados.
19,6,218,Peluche,"Reduce a la mitad el daño provocado por los\nmovimientos de contacto, pero duplica el infligido\npor los de tipo Fuego."
19,6,219,Cuerpo Vívido,Desconcierta al rival y le impide utilizar movimientos\ncon prioridad contra el usuario.
19,6,220,Coránima,Aumenta el Ataque Especial cada vez que un\nPokémon cae debilitado.
19,6,221,Rizos Rebeldes,Baja la Velocidad del rival cuando este ataca\nal Pokémon con un movimiento de contacto.
19,6,222,Receptor,Adquiere la habilidad de un aliado debilitado.
19,6,223,Reacción Química,Reacciona copiando la habilidad de un aliado\ndebilitado.
19,6,224,Ultraimpulso,"Si el Pokémon derrota a un rival en ese turno,\naumenta su característica más fuerte."
19,6,225,Sistema Alfa,Cambia su tipo según el disco que lleve instalado.
19,6,226,Electrogénesis,Crea un campo eléctrico al entrar en combate.
19,6,227,Psicogénesis,Crea un campo psíquico al entrar en combate.
19,6,228,Nebulogénesis,Crea un campo de niebla al entrar en combate.
19,6,229,Herbogénesis,Crea un campo de hierba al entrar en combate.
19,6,230,Guardia Metálica,Evita que bajen sus características a causa de\nmovimientos o habilidades de otros Pokémon.
19,6,231,Guardia Espectro,Reduce el daño sufrido si los PS están al máximo.
19,6,232,Armadura Prisma,Mitiga el daño que le infligen los movimientos\nsupereficaces.
19,7,1,악취,악취를 풍겨서\n공격했을 때 상대가\n풀죽을 때가 있다.
19,7,2,잔비,등장했을 때\n날씨를 비로 만든다.
19,7,3,가속,매 턴 스피드가 올라간다.
19,7,4,전투무장,단단한 껍질에 보호받아\n상대의 공격이\n급소에 맞지 않는다.
19,7,5,옹골참,상대 기술을 받아도\n일격으로 쓰러지지 않는다.\n일격필살 기술도 효과 없다.
19,7,6,습기,주변을 습하게 함으로써\n자폭 등 폭발하는 기술을\n아무도 못 쓰게 한다.
19,7,7,유연,유연한 몸으로 인해\n마비 상태가 되지 않는다.
19,7,8,모래숨기,모래바람일 때\n회피율이 올라간다.
19,7,9,정전기,정전기를 몸에 둘러\n접촉한 상대를\n마비시킬 때가 있다.
19,7,10,축전,전기타입의 기술을 받으면\n데미지를 받지 않고 회복한다.
19,7,11,저수,물타입의 기술을 받으면\n데미지를 받지 않고 회복한다.
19,7,12,둔감,둔감해서\n헤롱헤롱이나 도발 상태가\n되지 않는다.
19,7,13,날씨부정,모든 날씨의 영향이\n없어진다.
19,7,14,복안,복안을 가지고 있어\n기술의 명중률이 올라간다.
19,7,15,불면,잠들지 못하는 체질이라\n잠듦 상태가 되지 않는다.
19,7,16,변색,상대에게 받은 기술의 타입으로\n자신의 타입이 변화한다.
19,7,17,면역,체내에 면역을 가지고 있어\n독 상태가 되지 않는다.
19,7,18,타오르는불꽃,불꽃타입의 기술을 받으면\n불꽃을 받아서 자신이 사용하는\n불꽃타입의 기술이 강해진다.
19,7,19,인분,인분에 보호받아\n기술의 추가 효과를 받지 않게 된다.
19,7,20,마이페이스,마이페이스라서\n혼란 상태가 되지 않는다.
19,7,21,흡반,흡반으로 지면에 달라붙어\n포켓몬을 교체시키는\n기술이나 도구의 효과를 발휘하지 못하게 한다.
19,7,22,위협,등장했을 때 위협해서\n상대를 위축시켜\n상대의 공격을 떨어뜨린다.
19,7,23,그림자밟기,상대의 그림자를 밟아\n도망치거나 교체할 수 없게 한다.
19,7,24,까칠한피부,공격을 받았을 때\n자신에게 접촉한 상대를\n까칠까칠한 피부로 상처를 입힌다.
19,7,25,불가사의부적,효과가 굉장한 기술만\n맞는 불가사의한 힘.
19,7,26,부유,땅에서 뜨는 것으로\n땅타입의 기술을 받지 않는다.
19,7,27,포자,"공격으로 자신에게 접촉한 상대를\n독이나 마비, 잠듦 상태로\n만들 때가 있다."
19,7,28,싱크로,"자신이 걸린\n독이나 마비, 화상을\n상대에게 옮긴다."
19,7,29,클리어바디,상대 기술이나 특성으로\n능력을 떨어뜨릴 수 없다.
19,7,30,자연회복,지닌 포켓몬으로 돌아오면\n상태 이상이 회복된다.
19,7,31,피뢰침,전기타입의 기술을 자신에게\n끌어모아 데미지를 받지 않고\n특수공격을 올린다.
19,7,32,하늘의은총,하늘의 은총 덕분에\n기술의 추가 효과가 나오기 쉽다.
19,7,33,쓱쓱,비가 오는 날씨일 때\n스피드가 올라간다.
19,7,34,엽록소,날씨가 맑을 때\n스피드가 올라간다.
19,7,35,발광,주변을 밝게 하는 것으로\n야생 포켓몬과\n만나기 쉬워진다.
19,7,36,트레이스,등장했을 때\n상대의 특성을 트레이스해서\n같은 특성이 된다.
19,7,37,천하장사,물리공격의\n위력이 2배가 된다.
19,7,38,독가시,자신과 접촉한 상대를\n독 상태로 만들 때가 있다.
19,7,39,정신력,단련한 정신으로 인하여\n상대의 공격에 풀죽지 않는다.
19,7,40,마그마의무장,뜨거운 마그마를 몸에 둘러서\n얼음 상태가 되지 않는다.
19,7,41,수의베일,물의 베일을 몸에 둘러서\n화상 상태가 되지 않는다.
19,7,42,자력,강철타입의 포켓몬을\n자력으로 끌어모아\n도망칠 수 없게 한다.
19,7,43,방음,소리를 차단하는 것으로\n소리 공격을 받지 않는다.
19,7,44,젖은접시,비가 오는 날씨일 때\n조금씩 HP를 회복한다.
19,7,45,모래날림,등장했을 때\n날씨를 모래바람으로 만든다.
19,7,46,프레셔,프레셔를 줘서\n상대가 쓰는 기술의 PP를\n많이 줄인다.
19,7,47,두꺼운지방,두꺼운 지방으로 보호되고 있어\n불꽃타입과 얼음타입의\n기술의 데미지를 반감시킨다.
19,7,48,일찍기상,잠듦 상태가 되어도\n2배 스피드로\n깨어날 수 있다.
19,7,49,불꽃몸,자신과 접촉한 상대를\n화상 상태로 만들 때가 있다.
19,7,50,도주,야생 포켓몬으로부터\n반드시 도망칠 수 있다.
19,7,51,날카로운눈,날카로운 눈 덕분에\n명중률이 떨어지지 않는다.
19,7,52,괴력집게,힘이 자랑인 집게를 가지고 있어\n상대가 공격을 떨어뜨리지 못한다.
19,7,53,픽업,상대가 사용한 도구를\n주워올 때가 있다.\n모험 중에도 주워온다.
19,7,54,게으름,기술을 사용하면\n다음 턴은 쉰다.
19,7,55,의욕,자신의 공격이 높아지지만\n명중률이 떨어진다.
19,7,56,헤롱헤롱바디,자신과 접촉한 상대를\n헤롱헤롱 상태로 만들 때가 있다.
19,7,57,플러스,플러스나 마이너스의 특성을 가진\n포켓몬이 동료에 있으면\n자신의 특수공격이 올라간다.
19,7,58,마이너스,플러스나 마이너스의 특성을 가진\n포켓몬이 동료에 있으면\n자신의 특수공격이 올라간다.
19,7,59,기분파,"날씨의 영향을 받아\n물타입, 불꽃타입, 얼음타입 중\n하나로 변화한다."
19,7,60,점착,점착질의 몸에\n도구가 달라붙어 있어\n상대에게 도구를 뺏기지 않는다.
19,7,61,탈피,몸의 껍질을 벗어 던져\n상태 이상을\n회복할 때가 있다.
19,7,62,근성,상태 이상이 되면\n근성을 보여서\n공격이 올라간다.
19,7,63,이상한비늘,상태 이상이 되면\n이상한 비늘이 반응해서\n방어가 올라간다.
19,7,64,해감액,해감액을 흡수한 상대는\n강렬한 악취로\n데미지를 받아 HP가 줄어든다.
19,7,65,심록,HP가 줄었을 때\n풀타입 기술의\n위력이 올라간다.
19,7,66,맹화,HP가 줄었을 때\n불꽃타입 기술의\n위력이 올라간다.
19,7,67,급류,HP가 줄었을 때\n물타입 기술의\n위력이 올라간다.
19,7,68,벌레의알림,HP가 줄었을 때\n벌레타입 기술의\n위력이 올라간다.
19,7,69,돌머리,반동을 받는 기술을 사용해도\nHP가 줄지 않는다.
19,7,70,가뭄,등장했을 때\n날씨를 맑음으로 만든다.
19,7,71,개미지옥,배틀에서 상대를\n도망칠 수 없게 한다.
19,7,72,의기양양,의기양양해져서\n잠듦 상태가 되지 않는다.
19,7,73,하얀연기,하얀 연기의 보호를 받아\n상대가 능력을 떨어뜨릴 수 없다.
19,7,74,순수한힘,요가의 힘으로\n물리공격의 위력이\n2배가 된다.
19,7,75,조가비갑옷,단단한 껍질의 보호를 받아\n상대의 공격이\n급소에 맞지 않는다.
19,7,76,에어록,모든 날씨의 영향이\n없어진다.
19,7,77,갈지자걸음,혼란 상태일 때는\n회피율이 올라간다.
19,7,78,전기엔진,전기타입의 기술을 받으면\n데미지를 받지 않고\n스피드가 올라간다.
19,7,79,투쟁심,성별이 같으면\n투쟁심을 불태워 강해진다.\n성별이 다르면 약해진다.
19,7,80,불굴의마음,풀죽을 때마다\n불굴의 마음을 불태워\n스피드가 올라간다.
19,7,81,눈숨기,날씨가 싸라기눈일 때\n회피율이 올라간다.
19,7,82,먹보,HP가 줄어들면 먹을\n나무열매를 HP가\n절반일 때 먹어버린다.
19,7,83,분노의경혈,급소에 공격이 맞으면\n크게 분노해 공격력이\n최대가 된다.
19,7,84,곡예,지니던 도구가 없어지면\n스피드가 올라간다.
19,7,85,내열,내열인 몸으로 인해\n불꽃타입 공격의\n데미지를 반감한다.
19,7,86,단순,능력 변화가\n평소의 2배가 된다.
19,7,87,건조피부,비가 오는 날씨나 물타입의\n기술로 HP가 회복되고\n맑을 때나 불꽃타입의 기술로는 줄어든다.
19,7,88,다운로드,상대의 방어와 특수방어를 비교해서\n낮은 쪽 능력에 맞춰서\n자신의 공격이나 특수공격을 올린다.
19,7,89,철주먹,펀치를 사용하는 기술의\n위력이 올라간다.
19,7,90,포이즌힐,독 상태가 되면\nHP가 줄지 않고 증가한다.
19,7,91,적응력,자신과 같은 타입의\n기술 위력이 올라간다.
19,7,92,스킬링크,연속 기술을 사용하면 항상\n최고 횟수를 사용할 수 있다.
19,7,93,촉촉바디,비가 오는 날씨일 때\n상태 이상이 회복된다.
19,7,94,선파워,날씨가 맑으면\n특수공격이 올라가지만\n매 턴 HP가 줄어든다.
19,7,95,속보,상태 이상이 되면\n스피드가 올라간다.
19,7,96,노말스킨,어떤 타입의 기술도\n모두 노말타입이 된다.\n위력이 조금 올라간다.
19,7,97,스나이퍼,공격을 급소에 맞혔을 때\n위력이 더욱 올라간다.
19,7,98,매직가드,공격 이외에는\n데미지를 입지 않는다.
19,7,99,노가드,노가드전법에 따라\n서로가 사용하는 기술이\n반드시 맞게 된다.
19,7,100,시간벌기,기술을 사용하는 순서가\n반드시 마지막이 된다.
19,7,101,테크니션,위력이 약한 기술의\n위력을 올려서 공격할 수 있다.
19,7,102,리프가드,날씨가 맑을 때는\n상태 이상이 되지 않는다.
19,7,103,서투름,지니고 있는 도구를\n쓸 수 없다.
19,7,104,틀깨기,상대 특성에\n방해받지 않고 상대에게\n기술을 쓸 수 있다.
19,7,105,대운,대운을 가지고 있어\n상대의 급소에\n공격이 맞기 쉽다.
19,7,106,유폭,기절했을 때\n접촉한 상대에게\n데미지를 준다.
19,7,107,위험예지,상대가 지닌 위험한 기술을\n감지할 수 있다.
19,7,108,예지몽,등장했을 때\n상대가 지닌 기술을\n하나만 꿰뚫어본다.
19,7,109,천진,상대의 능력 변화를\n무시하고 공격할 수 있다.
19,7,110,색안경,효과가 별로인 기술을\n통상의 위력으로\n쓸 수 있다.
19,7,111,필터,효과가 굉장한\n공격의 위력을\n약하게 만든다.
19,7,112,슬로스타트,5턴 동안\n공격과 스피드가\n절반이 된다.
19,7,113,배짱,고스트타입 포켓몬에게\n노말타입과 격투타입의\n기술을 맞게 한다.
19,7,114,마중물,물타입의 기술을 자신에게 끌어모아\n데미지는 받지 않고 특수공격이 올라간다.
19,7,115,아이스바디,날씨가 싸라기눈일 때 HP를\n조금씩 회복한다.
19,7,116,하드록,효과가 굉장한\n공격의 위력을\n약하게 만든다.
19,7,117,눈퍼뜨리기,등장했을 때\n날씨를 싸라기눈으로 만든다.
19,7,118,꿀모으기,배틀이 끝났을 때\n달콤한꿀을 주울 때가 있다.
19,7,119,통찰,등장했을 때\n상대의 지닌 물건을\n통찰할 수 있다.
19,7,120,이판사판,반동 데미지를\n받는 기술의 위력이 올라간다.
19,7,121,멀티타입,지니고 있는 플레이트나\nZ크리스탈 타입에 따라\n자신의 타입이 바뀐다.
19,7,122,플라워기프트,날씨가 맑을 때\n자신과 같은 편의 공격과\n특수방어의 능력이 올라간다.
19,7,123,나이트메어,잠듦 상태의 상대에게\n데미지를 준다.
19,7,124,나쁜손버릇,접촉한 상대의 도구를\n훔친다.
19,7,125,우격다짐,기술의 추가 효과가 없어지지만\n그만큼 높은 위력으로\n기술을 사용할 수 있다.
19,7,126,심술꾸러기,능력의 변화가 역전해서\n올라갈 때 떨어지고\n떨어질 때 올라간다.
19,7,127,긴장감,상대를 긴장시켜 나무열매를\n먹지 못하게 한다.
19,7,128,오기,능력이 떨어지면\n공격이 크게 올라간다.
19,7,129,무기력,HP가 절반이 되면\n무기력해져서 공격과\n특수공격이 반감된다.
19,7,130,저주받은바디,공격을 받으면 상대의 기술을\n사슬묶기 상태로\n만들 때가 있다.
19,7,131,치유의마음,같은 편의 상태 이상을\n가끔 회복시킨다.
19,7,132,프렌드가드,같은 편의 데미지를\n줄일 수 있다.
19,7,133,깨어진갑옷,물리 기술로 데미지를 받으면\n방어가 떨어지고\n스피드가 크게 올라간다.
19,7,134,헤비메탈,자신의 무게가\n2배가 된다.
19,7,135,라이트메탈,자신의 무게가\n절반이 된다.
19,7,136,멀티스케일,HP가 꽉 찼을 때\n받는 데미지가 줄어든다.
19,7,137,독폭주,독 상태가 되었을 때\n물리 기술의 위력이 올라간다.
19,7,138,열폭주,화상 상태가 되었을 때\n특수 기술의 위력이 올라간다.
19,7,139,수확,사용한 나무열매를\n몇 번이고 만들어 낸다.
19,7,140,텔레파시,같은 편의 공격의 낌새를 읽고\n기술을 회피한다.
19,7,141,변덕쟁이,매 턴 능력 중 하나가\n크게 오르고 하나가 떨어진다.
19,7,142,방진,모래바람이나 싸라기눈 등의\n데미지를 입지 않는다.\n가루의 기술을 받지 않는다.
19,7,143,독수,접촉하기만 해도 상대를\n독 상태로 만들 때가 있다.
19,7,144,재생력,지닌 포켓몬으로 돌아오면\nHP를 조금 회복한다.
19,7,145,부풀린가슴,방어를 떨어뜨리는\n효과를 받지 않는다.
19,7,146,모래헤치기,날씨가 모래바람일 때\n스피드가 올라간다.
19,7,147,미라클스킨,변화 기술을 받기 어려운\n몸으로 되어 있다.
19,7,148,애널라이즈,제일 마지막에 기술을 쓰면\n기술의 위력이 올라간다.
19,7,149,일루전,지닌 포켓몬 중 제일 뒤에 있는\n포켓몬으로 둔갑하여 나와서\n상대를 속인다.
19,7,150,괴짜,눈앞의 포켓몬으로\n변신해버린다.
19,7,151,틈새포착,상대의 벽이나 대타출동을\n뚫고 공격할 수 있다.
19,7,152,미라,상대가 접촉하면\n상대를 미라로 만들어버린다.
19,7,153,자기과신,상대를 쓰러뜨리면\n자신감이 붙어서\n공격이 올라간다.
19,7,154,정의의마음,악타입 공격을 받으면\n정의감으로 공격이 올라간다.
19,7,155,주눅,악타입과 고스트타입과\n벌레타입의 기술을 받으면\n주눅이 들어 스피드가 올라간다.
19,7,156,매직미러,상대가 쓴 변화 기술을 받지 않고\n그대로 되받아칠 수 있다.
19,7,157,초식,풀타입 기술을 받으면\n데미지를 입지 않고\n공격이 올라간다.
19,7,158,짓궂은마음,변화 기술을 먼저\n쓸 수 있다.
19,7,159,모래의힘,날씨가 모래바람일 때\n바위타입과 땅타입과\n강철타입의 위력이 올라간다.
19,7,160,철가시,자신과 접촉한 상대에게\n철가시로 데미지를 준다.
19,7,161,달마모드,HP가 절반 이하가 되면\n모습이 변화한다.
19,7,162,승리의별,자신과 같은 편의\n명중률이 올라간다.
19,7,163,터보블레이즈,상대 특성에 방해받지 않고\n상대에게 기술을 쓸 수 있다.
19,7,164,테라볼티지,상대 특성에 방해받지 않고\n상대에게 기술을 쓸 수 있다.
19,7,165,아로마베일,자신과 같은 편으로 향하는\n멘탈 공격을 막을 수 있다.
19,7,166,플라워베일,같은 편의 풀타입 포켓몬은\n능력이 떨어지지 않고\n상태 이상도 되지 않는다.
19,7,167,볼주머니,어떤 나무열매라도\n먹으면 HP도 회복한다.
19,7,168,변환자재,자신이 사용한 기술과\n같은 타입으로 변화한다.
19,7,169,퍼코트,상대로부터 받는 물리 기술의\n데미지가 절반이 된다.
19,7,170,매지션,기술을 맞은 상대의\n도구를 빼앗아 버린다.
19,7,171,방탄,상대 구슬이나 폭탄 등\n기술을 막을 수 있다.
19,7,172,승기,능력이 떨어지면\n특수공격이 크게 올라간다.
19,7,173,옹골찬턱,턱이 튼튼하여\n무는 기술의 위력이\n올라간다.
19,7,174,프리즈스킨,노말타입의 기술이\n얼음타입이 된다.\n위력이 조금 올라간다.
19,7,175,스위트베일,같은 편의 포켓몬이\n잠들지 않게 된다.
19,7,176,배틀스위치,공격 기술을 쓰면 블레이드폼으로\n기술 킹실드를 쓰면\n실드폼으로 변한다.
19,7,177,질풍날개,HP가 꽉 찼을 때\n비행타입의 기술을\n먼저 쓸 수 있다.
19,7,178,메가런처,파동 기술의\n위력이 올라간다.
19,7,179,풀모피,그래스필드일 때\n방어가 올라간다.
19,7,180,공생,같은 편이 도구를 쓰면\n자신이 지니고 있는 도구를\n같은 편에게 건넨다.
19,7,181,단단한발톱,상대에게 접촉하는 기술의\n위력이 올라간다.
19,7,182,페어리스킨,노말타입의 기술이\n페어리타입이 된다.\n위력이 조금 올라간다.
19,7,183,미끈미끈,공격으로 자신과 접촉한 상대의\n스피드를 떨어뜨린다.
19,7,184,스카이스킨,노말타입의 기술이\n비행타입이 된다.\n위력이 조금 올라간다.
19,7,185,부자유친,부모와 자식 2마리로 2번\n공격할 수 있다.
19,7,186,다크오라,전원의 악타입\n기술이 강해진다.
19,7,187,페어리오라,전원의 페어리타입\n기술이 강해진다.
19,7,188,오라브레이크,오라의 효과를 역전시켜\n위력을 떨어뜨린다.
19,7,189,시작의바다,불꽃타입의 공격을\n받지 않는 날씨로 만든다.
19,7,190,끝의대지,물타입의 공격을\n받지 않는 날씨로 만든다.
19,7,191,델타스트림,비행타입의 약점이\n없어지는 날씨로 만든다.
19,7,192,지구력,공격을 받으면\n방어가 올라간다.
19,7,193,도망태세,HP가 절반이 되면\n황급히 도망쳐서\n지닌 포켓몬으로 돌아간다.
19,7,194,위기회피,HP가 절반이 되면\n위험을 회피하기 위해\n지닌 포켓몬으로 돌아간다.
19,7,195,꾸덕꾸덕굳기,물타입의 기술을 받으면\n방어가 크게 올라간다.
19,7,196,무도한행동,독 상태의\n상대를 공격하면\n반드시 급소에 맞는다.
19,7,197,리밋실드,HP가 절반이 되면\n껍질이 깨져\n공격적으로 된다.
19,7,198,잠복,교체로 나온 상대에게\n2배 데미지로 공격할 수 있다.
19,7,199,수포,자신을 향하는 불꽃타입\n기술의 위력을 떨어뜨린다.\n화상을 입지 않는다.
19,7,200,강철술사,강철타입 기술의\n위력이 올라간다.
19,7,201,발끈,상대의 공격으로\nHP가 절반이 되면\n특수공격이 올라간다.
19,7,202,눈치우기,날씨가 싸라기눈일 때\n스피드가 올라간다.
19,7,203,원격,모든 기술을\n상대에게 접촉하지 않고\n사용할 수 있다.
19,7,204,촉촉보이스,모든 소리 기술이\n물타입이 된다.
19,7,205,힐링시프트,회복 기술을 먼저\n사용할 수 있다.
19,7,206,일렉트릭스킨,노말타입 기술이\n전기타입이 된다.\n위력이 조금 올라간다.
19,7,207,서핑테일,일렉트릭필드일 때\n스피드가 2배가 된다.
19,7,208,어군,HP가 많을 때 무리지어 강해진다.\nHP가 얼마 남지 않으면\n무리는 뿔뿔이 흩어진다.
19,7,209,탈,몸을 덮는 탈로\n1번 공격을 막을 수 있다.
19,7,210,유대변화,상대를 쓰러뜨리면 트레이너와의\n유대감이 깊어져서 지우개굴닌자로\n변한다. 물수리검이 강해진다.
19,7,211,스웜체인지,HP가 절반이 되면\n셀들이 응원하러 달려와\n퍼펙트폼으로 모습이 변한다.
19,7,212,부식,강철타입이나 독타입도\n독 상태로 만들 수 있다.
19,7,213,절대안깸,항상 비몽사몽 상태로\n절대 깨지 않는다.\n잠든 상태로 공격할 수 있다.
19,7,214,여왕의위엄,상대에게 위압감을 줘서\n이쪽을 향한 선제 기술을\n사용할 수 없게 한다.
19,7,215,내용물분출,상대가 쓰러뜨렸을 때\nHP의 남은 양만큼\n상대에게 데미지를 준다.
19,7,216,무희,누군가 춤 기술을 쓰면\n자신도 이어서\n춤 기술을 쓸 수 있다.
19,7,217,배터리,같은 편 특수 기술의\n위력을 올린다.
19,7,218,복슬복슬,상대로부터 받은 접촉하는 기술의\n데미지를 반감시키지만 불꽃타입\n기술의 데미지는 2배가 된다.
19,7,219,비비드바디,상대를 놀라게 해서\n이쪽을 향한 선제 기술을\n사용할 수 없게 한다.
19,7,220,소울하트,포켓몬이 기절할 때마다\n특수공격이 올라간다.
19,7,221,컬리헤어,공격으로 자신과 접촉한 상대의\n스피드를 떨어뜨린다.
19,7,222,리시버,쓰러진 같은 편의 특성을\n이어받아 같은 특성이 된다.
19,7,223,과학의힘,쓰러진 같은 편의 특성을\n이어받아 같은 특성으로 바뀐다.
19,7,224,비스트부스트,상대를 기절시켰을 때\n자신의 가장 높은\n능력이 올라간다.
19,7,225,AR시스템,지니고 있는 메모리로\n자신의 타입이 변한다.
19,7,226,일렉트릭메이커,등장했을 때\n일렉트릭필드를 사용한다.
19,7,227,사이코메이커,등장했을 때\n사이코필드를 사용한다.
19,7,228,미스트메이커,등장했을 때\n미스트필드를 사용한다.
19,7,229,그래스메이커,등장했을 때\n그래스필드를 사용한다.
19,7,230,메탈프로텍트,상대 기술이나 특성으로\n능력을 떨어뜨릴 수 없다.
19,7,231,스펙터가드,HP가 꽉 찼을 때\n받는 데미지가 줄어든다.
19,7,232,프리즘아머,효과가 굉장한\n공격의 위력을\n약하게 만든다.
19,8,1,あくしゅう,臭い　においを　放つことによって\n攻撃した　ときに　相手を\nひるませることが　ある。
19,8,2,あめふらし,登場　したときに\n天気を　雨に　する。
19,8,3,かそく,毎ターン　素早さが　上がる。
19,8,4,カブトアーマー,硬い　甲羅に　守られて\n相手の　攻撃が\n急所に　当たらない。
19,8,5,がんじょう,相手の　技を　受けても\n一撃で　倒されることが　ない。\n一撃必殺技も　効かない。
19,8,6,しめりけ,あたりを　湿らせることに　よって\nじばく　などの　爆発する　技を\nだれも　使えなくなる。
19,8,7,じゅうなん,柔軟な　体によって\nまひ状態に　ならない。
19,8,8,すながくれ,砂あらしの　とき\n回避率が　上がる。
19,8,9,せいでんき,静電気を　体に　まとい\n触った　相手を\nまひさせる　ことがある。
19,8,10,ちくでん,でんきタイプの　技を　受けると\nダメージを　受けずに　回復する。
19,8,11,ちょすい,みずタイプの　技を　受けると\nダメージを　受けずに　回復する。
19,8,12,どんかん,鈍感なので\nメロメロや　ちょうはつ状態に\nならない。
19,8,13,ノーてんき,あらゆる　天気の　影響が\nなくなって　しまう。
19,8,14,ふくがん,複眼を　持っているため\n技の　命中率が　上がる。
19,8,15,ふみん,眠れない　体質　なので\nねむり状態に　ならない。
19,8,16,へんしょく,相手から　受けた　技の　タイプに\n自分の　タイプが　変化　する。
19,8,17,めんえき,体内に　免疫を　持っているため\nどく状態に　ならない。
19,8,18,もらいび,ほのおタイプの　技を　受けると\n炎を　もらい　自分が　出す\nほのおタイプの　技が　強くなる。
19,8,19,りんぷん,りんぷんに　守られて\n技の　追加効果を　受けなくなる。
19,8,20,マイペース,マイペースなので\nこんらん状態に　ならない。
19,8,21,きゅうばん,吸盤で　地面に　張り付き\nポケモンを　入れ替えさせる\n技や　道具が　効かなくなる。
19,8,22,いかく,登場　したとき　威嚇して\n相手を　萎縮させ\n相手の　攻撃を　下げて　しまう。
19,8,23,かげふみ,相手の　影を　踏み\n逃げたり　交代　できなくする。
19,8,24,さめはだ,攻撃を　受けたとき\n自分に　触れた　相手を\nざらざらの　肌で　キズつける。
19,8,25,ふしぎなまもり,効果バツグンの　技しか\n当たらない　不思議な　力。
19,8,26,ふゆう,地面から　浮くことによって\nじめんタイプの　技を　受けない。
19,8,27,ほうし,攻撃で　自分に　触れた　相手を\nどくや　まひや　ねむり状態に\nする　ことがある。
19,8,28,シンクロ,自分が　なってしまった\nどくや　まひや　やけどを\n相手に　うつす。
19,8,29,クリアボディ,相手の　技や　特性で\n能力を　下げられない。
19,8,30,しぜんかいふく,手持ちに　ひっこむと\n状態異常が　治る。
19,8,31,ひらいしん,でんきタイプの　技を　自分に\n寄せつけ　ダメージを　受けずに\n特攻が　上がる。
19,8,32,てんのめぐみ,天の恵みの　おかげで\n技の　追加効果が　でやすい。
19,8,33,すいすい,天気が　雨のとき\n素早さが　上がる。
19,8,34,ようりょくそ,天気が　晴れのとき\n素早さが　上がる。
19,8,35,はっこう,あたりを　明るくする　ことで\n野生の　ポケモンに\n遭遇　しやすくなる。
19,8,36,トレース,登場　したとき\n相手の　特性を　トレースして\n同じ　特性に　なる。
19,8,37,ちからもち,物理攻撃の\n威力が　２倍になる。
19,8,38,どくのトゲ,自分に　触った　相手を\nどく状態に　することがある。
19,8,39,せいしんりょく,鍛えられた　精神に　よって\n相手の　攻撃に　ひるまない。
19,8,40,マグマのよろい,熱い　マグマを　身にまとい\nこおり状態に　ならない。
19,8,41,みずのベール,水のベールを　身にまとい\nやけど状態に　ならない。
19,8,42,じりょく,はがねタイプの　ポケモンを\n磁力で　引きつけて\n逃げられなくする。
19,8,43,ぼうおん,音を　遮断　することに　よって\n音の　攻撃を　受けない。
19,8,44,あめうけざら,天気が　雨のとき\n少しずつ　ＨＰを　回復する。
19,8,45,すなおこし,登場　したとき\n天気を　砂あらしにする。
19,8,46,プレッシャー,プレッシャーを　あたえて\n相手の　使う　技の　ＰＰを\n多く　減らす。
19,8,47,あついしぼう,厚い　脂肪で　守られているので\nほのおタイプと　こおりタイプの\n技の　ダメージを　半減させる。
19,8,48,はやおき,ねむり状態に　なっても\n２倍の　早さで\n目覚める　ことが　できる。
19,8,49,ほのおのからだ,自分に　触った　相手を\nやけど状態に　する　ことがある。
19,8,50,にげあし,野生の　ポケモンから\n必ず　逃げられる。
19,8,51,するどいめ,鋭い　目の　おかげで\n命中率を　下げられない。
19,8,52,かいりきバサミ,力自慢の　ハサミを　持っているので\n相手に　攻撃を　下げられない。
19,8,53,ものひろい,相手の　使った　道具を\n拾ってくることが　ある。\n冒険中も　拾ってくる。
19,8,54,なまけ,技を　出すと\nつぎの　ターンは　休んでしまう。
19,8,55,はりきり,自分の　攻撃が　高くなるが\n命中率が　下がる。　
19,8,56,メロメロボディ,自分に　触った　相手を\nメロメロに　することが　ある。
19,8,57,プラス,プラスか　マイナスの　特性を　持つ\nポケモンが　仲間に　いると\n自分の　特攻が　上がる。
19,8,58,マイナス,プラスか　マイナスの　特性を　持つ\nポケモンが　仲間に　いると\n自分の　特攻が　上がる。
19,8,59,てんきや,天気の　影響を　受けて\nみずタイプ　ほのおタイプ　こおりタイプの\nどれかに　変化する。
19,8,60,ねんちゃく,粘着質の　体に\n道具が　くっついているため\n相手に　道具を　奪われない。
19,8,61,だっぴ,体の　皮を　脱ぎ捨てることで\n状態異常を\n治すことが　ある。
19,8,62,こんじょう,状態異常に　なると\n根性を　だして\n攻撃が　上がる。
19,8,63,ふしぎなうろこ,状態異常に　なると\n不思議なウロコが　反応して\n防御が　上がる。
19,8,64,ヘドロえき,ヘドロ液を　吸い取った　相手は\n強烈な　悪臭で\nダメージを　受けて　ＨＰを　減らす。
19,8,65,しんりょく,ＨＰが　減ったとき\nくさタイプの　技の\n威力が　上がる。
19,8,66,もうか,ＨＰが　減ったとき\nほのおタイプの　技の\n威力が　上がる。
19,8,67,げきりゅう,ＨＰが　減ったとき\nみずタイプの　技の\n威力が　上がる。
19,8,68,むしのしらせ,ＨＰが　減ったとき\nむしタイプの　技の\n威力が　上がる。
19,8,69,いしあたま,反動を　受ける　技を　出しても\nＨＰが　減らない。
19,8,70,ひでり,登場　したときに\n天気を　晴れに　する。
19,8,71,ありじごく,戦闘で　相手を\n逃げられなくする。
19,8,72,やるき,やる気を　だすことに　よって\nねむり状態に　ならない。
19,8,73,しろいけむり,白い煙に　守られて\n相手に　能力を　下げられない。
19,8,74,ヨガパワー,ヨガの　力で\n物理攻撃の　威力が\n２倍に　なる。
19,8,75,シェルアーマー,硬い　殻に　守られ\n相手の　攻撃が\n急所に　当たらない。
19,8,76,エアロック,あらゆる　天気の　影響が\n消えて　しまう。
19,8,77,ちどりあし,こんらん状態の　ときは\n回避率が　アップする。　
19,8,78,でんきエンジン,でんきタイプの　技を　受けると\nダメージを　受けずに　\n素早さが　上がる。
19,8,79,とうそうしん,性別が　同じだと\n闘争心を　燃やして　強くなる。\n性別が　違うと　弱くなる。
19,8,80,ふくつのこころ,ひるむ　たびに\n不屈の心を　燃やして\n素早さが　上がる。
19,8,81,ゆきがくれ,天気が　あられのとき\n回避率が　上がる。
19,8,82,くいしんぼう,ＨＰが　少なくなったら　食べる\nきのみを　ＨＰ　半分の\n時に　食べてしまう。
19,8,83,いかりのつぼ,急所に　攻撃が　当たると\n怒りくるって　攻撃力が\n最大に　なる。
19,8,84,かるわざ,持っていた　道具が　なくなると\n素早さが　上がる。
19,8,85,たいねつ,耐熱の　体に　よって\nほのおタイプの　技の\n威力を　半減させる。
19,8,86,たんじゅん,能力　変化が\nいつもの　２倍に　なる。
19,8,87,かんそうはだ,天気が　雨の時や　みずタイプの\n技で　ＨＰが　回復し　はれの時や\nほのおタイプの　技で　減ってしまう。
19,8,88,ダウンロード,相手の　防御と　特防を　くらべて\n低い　ほうの　能力に　あわせて\n自分の　攻撃か　特攻を　上げる。
19,8,89,てつのこぶし,パンチを　使う　技の\n威力が　上がる。
19,8,90,ポイズンヒール,どく状態に　なると\nＨＰが　減らずに　増えていく。
19,8,91,てきおうりょく,自分と　おなじ　タイプの\n技の　威力が　上がる。
19,8,92,スキルリンク,連続技を　使うと　いつも\n最高回数　出すことが　できる。
19,8,93,うるおいボディ,天気が　雨のとき\n状態異常が　治る。
19,8,94,サンパワー,天気が　晴れると\n特攻が　上がるが\n毎ターン　ＨＰが　減る。
19,8,95,はやあし,状態異常に　なると\n素早さが　上がる。
19,8,96,ノーマルスキン,どんな　タイプの　技でも\nすべて　ノーマルタイプに　なる。\n威力が　少し　上がる。
19,8,97,スナイパー,攻撃を　急所に　当てると\n威力が　さらに　上がる。
19,8,98,マジックガード,攻撃　以外では\nダメージを　受けない。
19,8,99,ノーガード,ノーガード戦法に　よって\nお互いの　出す　技が\nかならず　当たる　ようになる。
19,8,100,あとだし,技を　出す　順番が\nかならず　最後に　なる。
19,8,101,テクニシャン,威力が　低い　技の\n威力を　高くして　攻撃できる。
19,8,102,リーフガード,天気が　晴れのときは\n状態異常に　ならない。
19,8,103,ぶきよう,持っている　道具を\n使うことが　できない。
19,8,104,かたやぶり,相手の　特性に\nジャマされる　ことなく　相手に\n技を　出すことが　できる。
19,8,105,きょううん,強運を　持っているため\n相手の　急所に\n攻撃が　当たりやすい。
19,8,106,ゆうばく,ひんしに　なったとき\n触った　相手に\nダメージを　あたえる。
19,8,107,きけんよち,相手の　持つ　危険な　技を\n察知する　ことができる。
19,8,108,よちむ,登場　したとき\n相手の　持つ　技を\nひとつだけ　読み取る。
19,8,109,てんねん,相手の　能力の　変化を\n無視して　攻撃が　できる。
19,8,110,いろめがね,効果が　いまひとつの　技を\n通常の　威力で\n出すことが　できる。
19,8,111,フィルター,効果バツグンに　なってしまう\n攻撃の　威力を\n弱める　ことが　できる。
19,8,112,スロースタート,５ターンの　あいだ\n攻撃と　素早さが\n半分に　なる。
19,8,113,きもったま,ゴーストタイプの　ポケモンに\nノーマルタイプと　かくとうタイプの\n技を　当てることが　できる。
19,8,114,よびみず,みずタイプの　技を　自分に　よせつけ\nダメージは　受けずに　特攻が　上がる。
19,8,115,アイスボディ,天気が　あられのとき　ＨＰを\n少しずつ　回復　する。
19,8,116,ハードロック,効果バツグンに　なってしまう\n攻撃の　威力を\n弱める　ことが　できる。
19,8,117,ゆきふらし,登場　したときに\n天気を　あられに　する。
19,8,118,みつあつめ,戦闘が　終わったとき\nあまいミツを　拾うことが　ある。
19,8,119,おみとおし,登場　したとき\n相手の　持ち物を\n見通すことが　できる。
19,8,120,すてみ,反動で　ダメージを\n受ける　技の　威力が　上がる。
19,8,121,マルチタイプ,持っている　プレートや\nＺクリスタルの　タイプによって\n自分の　タイプが　変わる。
19,8,122,フラワーギフト,天気が　晴れのとき\n自分と　味方の　攻撃と\n特防の　能力が　上がる。
19,8,123,ナイトメア,ねむり状態の　相手に\nダメージを　あたえる。
19,8,124,わるいてぐせ,触られた　相手の　道具を\n盗んで　しまう。
19,8,125,ちからずく,技の　追加効果は　なくなるが\nそのぶん　高い　威力で\n技を　出すことが　できる。
19,8,126,あまのじゃく,能力の　変化が　逆転して\n上がるときに　下がり\n下がるときに　上がる。
19,8,127,きんちょうかん,相手を　緊張させて\nきのみを　食べられなく　させる。
19,8,128,まけんき,能力を　下げられると\n攻撃が　ぐーんと　上がる。
19,8,129,よわき,ＨＰが　半分に　なると\n弱気に　なって　攻撃と\n特攻が　半減する。
19,8,130,のろわれボディ,攻撃を　受けると　相手の　技を\nかなしばり状態に\nすることが　ある。
19,8,131,いやしのこころ,状態異常の　味方を\nたまに　治してあげる。
19,8,132,フレンドガード,味方の　ダメージを\n減らすことが　できる。
19,8,133,くだけるよろい,物理技で　ダメージを　受けると\n防御が　下がり\n素早さが　ぐーんと　上がる。
19,8,134,ヘヴィメタル,自分の　重さが\n２倍に　なる。
19,8,135,ライトメタル,自分の　重さが\n半分に　なる。
19,8,136,マルチスケイル,ＨＰが　満タンの　ときに\n受ける　ダメージが　少なくなる。
19,8,137,どくぼうそう,どく状態に　なったとき\n物理技の　威力が　上がる。
19,8,138,ねつぼうそう,やけど状態に　なったとき\n特殊技の　威力が　上がる。
19,8,139,しゅうかく,使った　きのみを\n何回も　作りだす。
19,8,140,テレパシー,味方の　攻撃を　読み取って\n技を　回避する。
19,8,141,ムラっけ,毎ターン　能力の　どれかが\nぐーんと　上がって　どれかが　下がる。
19,8,142,ぼうじん,すなあらしや　あられなどの\nダメージを　受けない。\n粉の　技を　受けない。
19,8,143,どくしゅ,触る　だけで　相手を\nどく　状態に　することがある。
19,8,144,さいせいりょく,手持ちに　引っ込むと\nＨＰが　少し　回復する。
19,8,145,はとむね,防御を　下げる\n効果を　受けない。
19,8,146,すなかき,天気が　すなあらし　のとき\n素早さが　上がる。
19,8,147,ミラクルスキン,変化技を　受けにくい\n体に　なっている。
19,8,148,アナライズ,いちばん　最後に　技を　出すと\n技の　威力が　上がる。
19,8,149,イリュージョン,手持ちの　いちばん　うしろに　いる\nポケモンに　なりきって　登場して\n相手を　化かす。
19,8,150,かわりもの,目の前の　ポケモンに\n変身　してしまう。
19,8,151,すりぬけ,相手の　壁や　身代わりを\nすりぬけて　攻撃　できる
19,8,152,ミイラ,相手に　触られると\n相手を　ミイラに　してしまう。
19,8,153,じしんかじょう,相手を　倒すと\n自信が　ついて\n攻撃が　上がる。
19,8,154,せいぎのこころ,あくタイプの　攻撃を　受けると\n正義感で　攻撃が　上がる。
19,8,155,びびり,あくタイプと　ゴーストタイプと\nむしタイプの　技を　受けると\nびびって　素早さが　上がる。
19,8,156,マジックミラー,相手に　だされた　変化技を　受けずに\nそのまま　返す　ことが　できる。
19,8,157,そうしょく,くさタイプの　技を　受けると\nダメージを　受けずに　\n攻撃が　上がる。
19,8,158,いたずらごころ,変化技を　先制で\n出すことが　できる。
19,8,159,すなのちから,天気が　すなあらしの　とき\nいわタイプと　じめんタイプと\nはがねタイプの　威力が　上がる。
19,8,160,てつのトゲ,自分に　触った　相手に\n鉄のトゲで　ダメージを　あたえる。
19,8,161,ダルマモード,ＨＰが　半分　以下に　なると\n姿が　変化する。
19,8,162,しょうりのほし,自分や　味方の\n命中率が　上がる。
19,8,163,ターボブレイズ,相手の　特性に　ジャマされず\n相手に　技を　出すことが　できる。
19,8,164,テラボルテージ,相手の　特性に　ジャマされず\n相手に　技を　出すことが　できる。
19,8,165,アロマベール,自分と　味方への　メンタル\n攻撃を　防ぐことが　できる。
19,8,166,フラワーベール,味方の　草ポケモンは\n能力が　下がらず\n状態異常にも　ならない。
19,8,167,ほおぶくろ,どんな　きのみでも\n食べると　ＨＰも　回復する。
19,8,168,へんげんじざい,自分が　出す　技と\n同じ　タイプに　変化する。
19,8,169,ファーコート,相手から　受ける　物理技の\nダメージが　半分に　なる。
19,8,170,マジシャン,技を　当てた　相手の\n道具を　奪ってしまう。
19,8,171,ぼうだん,相手の　弾や　爆弾などの\n技を　防ぐことが　できる。
19,8,172,かちき,能力を　下げられると\n特攻が　ぐーんと　上がる。
19,8,173,がんじょうあご,あごが　頑丈で\n噛む　技の　威力が\n高くなる。
19,8,174,フリーズスキン,ノーマルタイプの　技が\nこおりタイプに　なる。\n威力が　少し　上がる。
19,8,175,スイートベール,味方の　ポケモンは\n眠らなくなる。
19,8,176,バトルスイッチ,攻撃技を　出すと　ブレードフォルムに\n技　キングシールドを　出すと\nシールドフォルムに　変化する。
19,8,177,はやてのつばさ,ＨＰが　満タン　だと\nひこうタイプの　技を\n先制で　出すことが　できる。
19,8,178,メガランチャー,波動の　技の\n威力が　高くなる。
19,8,179,くさのけがわ,グラスフィールドのとき\n防御が　上がる。
19,8,180,きょうせい,味方が　道具を　使うと\n自分の　持っている　道具を\n味方に　渡す。
19,8,181,かたいツメ,相手に　接触する　技の\n威力が　高くなる。
19,8,182,フェアリースキン,ノーマルタイプの　技が\nフェアリータイプになる。\n威力が　少し　上がる。
19,8,183,ぬめぬめ,攻撃で　自分に　触れた　相手の\n素早さを　下げる。
19,8,184,スカイスキン,ノーマルタイプの　技が\nひこうタイプになる。\n威力が　少し　上がる。
19,8,185,おやこあい,親子　２匹で　２回\n攻撃することが　できる。
19,8,186,ダークオーラ,全員の　あくタイプの\n技が　強くなる。
19,8,187,フェアリーオーラ,全員の　フェアリータイプの\n技が　強くなる。
19,8,188,オーラブレイク,オーラの　効果を　逆転させて\n威力を　下げる。
19,8,189,はじまりのうみ,ほのおタイプの　攻撃を\n受けない　天気にする。
19,8,190,おわりのだいち,みずタイプの　攻撃を\n受けない　天気にする。
19,8,191,デルタストリーム,ひこうタイプの　弱点が\nなくなる　天気にする。
19,8,192,じきゅうりょく,攻撃を　受けると\n防御が　上がる。
19,8,193,にげごし,ＨＰが　半分に　なると\nあわてて　逃げ出して\n手持ちに　引っ込んで　しまう。
19,8,194,ききかいひ,ＨＰが　半分に　なると\n危険を　回避するため\n手持ちに　引っ込んで　しまう。
19,8,195,みずがため,みずタイプの　技を　受けると\n防御が　ぐーんと　上がる。
19,8,196,ひとでなし,どく状態の\n相手を　攻撃すると\nかならず　急所に　当たる。
19,8,197,リミットシールド,ＨＰが　半分に　なると\n殻が　壊れて\n攻撃的に　なる。
19,8,198,はりこみ,交代で　出てきた　相手に\n２倍の　ダメージで　攻撃　できる。
19,8,199,すいほう,自分に　対する　ほのおタイプの\n技の　威力を　下げる。\nやけど　しない。
19,8,200,はがねつかい,はがねタイプの　技の\n威力が　上がる。
19,8,201,ぎゃくじょう,相手の　攻撃で\nＨＰが　半分に　なると\n特攻が　上がる。
19,8,202,ゆきかき,天気が　あられ　のとき\n素早さが　上がる。
19,8,203,えんかく,すべての　技を\n相手に　接触　しないで\n出すことが　できる。
19,8,204,うるおいボイス,すべての　音技が\nみずタイプに　なる。
19,8,205,ヒーリングシフト,回復技を　先制で\n出すことが　できる。
19,8,206,エレキスキン,ノーマルタイプの　技が\nでんきタイプになる。\n威力が　少し　上がる。
19,8,207,サーフテール,エレキフィールド　のとき\n素早さが　２倍に　なる。
19,8,208,ぎょぐん,ＨＰが　多いときは　群れて　強くなる。\nＨＰの　残りが　少なくなると\n群れは　散り散りに　なってしまう。
19,8,209,ばけのかわ,体を　被う　化けの皮で　\n１回　攻撃を　防ぐことが　できる。
19,8,210,きずなへんげ,相手を　倒すと　トレーナーとの\nキズナが　深まり　サトシゲッコウガに\n変化する。みずしゅりけんが　強くなる。
19,8,211,スワームチェンジ,ＨＰが　半分に　なると\nセルたちが　応援に　駆けつけ\nパーフェクトフォルムに　姿を　変える。
19,8,212,ふしょく,はがねタイプや　どくタイプも\nどく状態に　することが　できる。
19,8,213,ぜったいねむり,つねに　夢うつつの　状態で\n絶対に　目覚めない。\n眠ったまま　攻撃が　できる。
19,8,214,じょおうのいげん,相手に　威圧感を　あたえ\nこちらに　むかって　先制技を\n出せない　ようにする。
19,8,215,とびだすなかみ,相手に　倒されたとき\nＨＰの　残りの　ぶんだけ\n相手に　ダメージを　あたえる。
19,8,216,おどりこ,だれかが　踊り技を　使うと\n自分も　それに　続いて\n踊り技を　出すことが　できる。
19,8,217,バッテリー,味方の　特殊技の\n威力を　上げる。
19,8,218,もふもふ,相手から　受けた　接触する　技の\nダメージを　半減するが　ほのおタイプの\n技の　ダメージは　２倍になる。
19,8,219,ビビッドボディ,相手を　びっくり　させて\nこちらに　むかって　先制技を\n出せない　ようにする。
19,8,220,ソウルハート,ポケモンが　ひんしに　なるたびに\n特攻が　上がる。
19,8,221,カーリーヘアー,攻撃で　自分に　触れた　相手の\n素早さを　下げる。
19,8,222,レシーバー,倒された　味方の　特性を\n受け継いで　同じ　特性に　なる。
19,8,223,かがくのちから,倒された　味方の　特性を　受け継ぎ\n同じ　特性に　変わる。
19,8,224,ビーストブースト,相手を　倒したとき\n自分の　いちばん　高い\n能力が　上がる。　
19,8,225,ＡＲシステム,持っている　メモリで\n自分の　タイプが　変わる。
19,8,226,エレキメイカー,登場　したときに\nエレキフィールドを　はりめぐらせる。
19,8,227,サイコメイカー,登場　したときに\nサイコフィールドを　はりめぐらせる。
19,8,228,ミストメイカー,登場　したときに\nミストフィールドを　はりめぐらせる。
19,8,229,グラスメイカー,登場　したときに\nグラスフィールドを　はりめぐらせる。
19,8,230,メタルプロテクト,相手の　技や　特性で\n能力を　下げられない。
19,8,231,ファントムガード,ＨＰが　満タンの　ときに\n受ける　ダメージが　少なくなる。
19,8,232,プリズムアーマー,効果バツグンに　なってしまう\n攻撃の　威力を\n弱める　ことが　できる。
19,9,1,恶臭,通过释放臭臭的气味，\n在攻击的时候，\n有时会使对手畏缩。
19,9,2,降雨,出场时，\n会将天气变为下雨。
19,9,3,加速,每一回合速度会变快。
19,9,4,战斗盔甲,被坚硬的甲壳守护着，\n不会被对手的攻击击中要害。
19,9,5,结实,即使受到对手的招式攻击，\n也不会被一击打倒。\n一击必杀的招式也没有效果。
19,9,6,湿气,通过把周围都弄湿，\n使谁都无法使用自爆等爆炸类的招式。
19,9,7,柔软,因为身体柔软，\n不会变为麻痹状态。
19,9,8,沙隐,在沙暴的时候，\n闪避率会提高。
19,9,9,静电,身上带有静电，\n有时会让接触到的对手麻痹。
19,9,10,蓄电,受到电属性的招式攻击时，\n不会受到伤害，而是会回复。
19,9,11,储水,受到水属性的招式攻击时，\n不会受到伤害，而是会回复。
19,9,12,迟钝,因为感觉迟钝，\n不会变为着迷和被挑衅状态。
19,9,13,无关天气,任何天气的影响都会消失。
19,9,14,复眼,因为拥有复眼，\n招式的命中率会提高。
19,9,15,不眠,因为是不会睡觉的体质，\n所以不会变为睡眠状态。
19,9,16,变色,自己的属性会变为\n从对手处所受招式的属性。
19,9,17,免疫,因为体内拥有免疫能力，\n不会变为中毒状态。
19,9,18,引火,受到火属性的招式攻击时，\n吸收火焰，自己使出的\n火属性招式会变强。
19,9,19,鳞粉,被鳞粉守护着，\n不会受到招式的追加效果影响。
19,9,20,我行我素,因为我行我素，\n不会变为混乱状态。
19,9,21,吸盘,用吸盘牢牢贴在地面上，\n让替换宝可梦的招式和道具无效。
19,9,22,威吓,出场时威吓对手，\n让其退缩，\n降低对手的攻击。
19,9,23,踩影,踩住对手的影子\n使其无法逃走或替换。
19,9,24,粗糙皮肤,受到攻击时，\n用粗糙的皮肤弄伤\n接触到自己的对手。
19,9,25,神奇守护,不可思议的力量，\n只有效果绝佳的招式才能击中。
19,9,26,飘浮,从地面浮起，\n从而不会受到地面属性招式的攻击。
19,9,27,孢子,受到攻击时，\n有时会把接触到自己的对手\n变为中毒、麻痹或睡眠状态。
19,9,28,同步,将自己的中毒、麻痹\n或灼伤状态传染给对手。
19,9,29,恒净之躯,不会因为对手的招式或特性\n而被降低能力。
19,9,30,自然回复,回到同行队伍后，\n异常状态就会被治愈。
19,9,31,避雷针,将电属性的招式吸引到自己身上，\n不会受到伤害，而是会提高特攻。
19,9,32,天恩,托天恩的福，\n招式的追加效果容易出现。
19,9,33,悠游自如,下雨天气时，\n速度会提高。
19,9,34,叶绿素,晴朗天气时，\n速度会提高。
19,9,35,发光,通过让周围变亮，\n变得容易遇到野生的宝可梦。
19,9,36,复制,出场时，复制对手的特性，\n变为与之相同的特性。
19,9,37,大力士,物理攻击的威力会变为２倍。
19,9,38,毒刺,有时会让接触到自己的\n对手变为中毒状态。
19,9,39,精神力,通过锻炼精神，\n不会因对手的攻击而畏缩。
19,9,40,熔岩铠甲,将炽热的熔岩覆盖在身上，\n不会变为冰冻状态。
19,9,41,水幕,将水幕裹在身上，\n不会变为灼伤状态。
19,9,42,磁力,用磁力吸住钢属性的宝可梦，\n使其无法逃走。
19,9,43,隔音,通过屏蔽声音，\n不受到声音招式的攻击。
19,9,44,雨盘,下雨天气时，\n会缓缓回复ＨＰ。
19,9,45,扬沙,出场时，\n会把天气变为沙暴。
19,9,46,压迫感,给予对手压迫感，\n大量减少其使用招式的ＰＰ。
19,9,47,厚脂肪,因为被厚厚的脂肪保护着，\n会让火属性和冰属性的招式伤害减半。
19,9,48,早起,即使变为睡眠状态，\n也能以２倍的速度提早醒来。
19,9,49,火焰之躯,有时会让接触到自己的\n对手变为灼伤状态。
19,9,50,逃跑,一定能从野生宝可梦\n那儿逃走。
19,9,51,锐利目光,多亏了锐利的目光，\n命中率不会被降低。
19,9,52,怪力钳,因为拥有以力量自豪的钳子，\n不会被对手降低攻击。
19,9,53,捡拾,有时会捡来对手用过的道具，\n冒险过程中也会捡到。
19,9,54,懒惰,如果使出招式，\n下一回合就会休息。
19,9,55,活力,自己的攻击变高，\n但命中率会降低。
19,9,56,迷人之躯,有时会让接触到自己的对手着迷。
19,9,57,正电,出场的伙伴之间\n如果有正电或负电特性的宝可梦，\n自己的特攻会提高。
19,9,58,负电,出场的伙伴之间\n如果有正电或负电特性的宝可梦，\n自己的特攻会提高。
19,9,59,阴晴不定,受天气的影响，\n会变为水属性、火属性\n或冰属性中的某一个。
19,9,60,黏着,因为道具是粘在黏性身体上的，\n所以不会被对手夺走。
19,9,61,蜕皮,通过蜕去身上的皮，\n有时会治愈异常状态。
19,9,62,毅力,如果变为异常状态，\n会拿出毅力，\n攻击会提高。
19,9,63,神奇鳞片,如果变为异常状态，\n神奇鳞片会发生反应，\n防御会提高。
19,9,64,污泥浆,吸收了污泥浆的对手\n会因强烈的恶臭\n而受到伤害，减少ＨＰ。
19,9,65,茂盛,ＨＰ减少的时候，\n草属性的招式威力会提高。
19,9,66,猛火,ＨＰ减少的时候，\n火属性的招式威力会提高。
19,9,67,激流,ＨＰ减少的时候，\n水属性的招式威力会提高。
19,9,68,虫之预感,ＨＰ减少的时候，\n虫属性的招式威力会提高。
19,9,69,坚硬脑袋,即使使出会受反作用力伤害的招式，\nＨＰ也不会减少。
19,9,70,日照,出场时，\n会将天气变为晴朗。
19,9,71,沙穴,在战斗中让对手无法逃走。
19,9,72,干劲,通过激发出干劲，\n不会变为睡眠状态。
19,9,73,白色烟雾,被白色烟雾保护着，\n不会被对手降低能力。
19,9,74,瑜伽之力,因瑜伽的力量，\n物理攻击的威力会变为２倍。
19,9,75,硬壳盔甲,被坚硬的壳保护着，\n对手的攻击不会击中要害。
19,9,76,气闸,所有天气的影响都会消失。
19,9,77,蹒跚,在混乱状态时，\n闪避率会提高。
19,9,78,电气引擎,受到电属性的招式攻击时，\n不会受到伤害，而是速度会提高。
19,9,79,斗争心,面对性别相同的对手，\n会燃起斗争心，变得更强。\n而面对性别不同的，则会变弱。
19,9,80,不屈之心,每次畏缩时，\n不屈之心就会燃起，\n速度也会提高。
19,9,81,雪隐,冰雹天气时，\n闪避率会提高。
19,9,82,贪吃鬼,原本ＨＰ变得很少时才会吃树果，\n在ＨＰ还有一半时就会把它吃掉。
19,9,83,愤怒穴位,要害被击中时，\n会大发雷霆，\n攻击力变为最大。
19,9,84,轻装,失去所持有的道具时，\n速度会提高。
19,9,85,耐热,耐热的体质会\n让火属性的招式威力减半。
19,9,86,单纯,能力变化会变为平时的２倍。
19,9,87,干燥皮肤,下雨天气时和受到水属性的招式时，\nＨＰ会回复。晴朗天气时和受到火属性的\n招式时，ＨＰ会减少。
19,9,88,下载,比较对手的防御和特防，\n根据较低的那项能力\n相应地提高自己的攻击或特攻。
19,9,89,铁拳,使用拳类招式的威力会提高。
19,9,90,毒疗,变为中毒状态时，\nＨＰ不会减少，反而会增加起来。
19,9,91,适应力,与自身同属性的招式\n威力会提高。
19,9,92,连续攻击,如果使用连续招式，\n总是能使出最高次数。
19,9,93,湿润之躯,下雨天气时，\n异常状态会治愈。
19,9,94,太阳之力,晴朗天气时，\n特攻会提高，\n而每回合ＨＰ会减少。
19,9,95,飞毛腿,变为异常状态时，\n速度会提高。
19,9,96,一般皮肤,无论是什么属性的招式，\n全部会变为一般属性。\n威力会少量提高。
19,9,97,狙击手,击中要害时，\n威力会变得更强。
19,9,98,魔法防守,不会受到攻击以外的伤害。
19,9,99,无防守,由于无防守战术，\n双方使出的招式都必定会击中。
19,9,100,慢出,使出招式的顺序\n必定会变为最后。
19,9,101,技术高手,攻击时可以将\n低威力招式的威力提高。
19,9,102,叶子防守,晴朗天气时，\n不会变为异常状态。
19,9,103,笨拙,无法使用持有的道具。
19,9,104,破格,可以不受对手特性的干扰，\n向对手使出招式。
19,9,105,超幸运,因为拥有超幸运，\n攻击容易击中对手的要害。
19,9,106,引爆,变为濒死时，\n会对接触到自己的对手造成伤害。
19,9,107,危险预知,可以察觉到\n对手拥有的危险招式。
19,9,108,预知梦,出场时，\n只读取１个对手拥有的招式。
19,9,109,纯朴,可以无视对手能力的变化，\n进行攻击。
19,9,110,有色眼镜,可以将效果不好的招式\n以通常的威力使出。
19,9,111,过滤,受到效果绝佳的攻击时，\n可以减弱其威力。
19,9,112,慢启动,在５回合内，\n攻击和速度减半。
19,9,113,胆量,一般属性和格斗属性的招式\n可以击中幽灵属性的宝可梦。
19,9,114,引水,将水属性的招式引到自己身上，\n不会受到伤害，而是会提高特攻。
19,9,115,冰冻之躯,冰雹天气时，\n会缓缓回复ＨＰ。
19,9,116,坚硬岩石,受到效果绝佳的攻击时，\n可以减弱其威力。
19,9,117,降雪,出场时，\n会将天气变为冰雹。
19,9,118,采蜜,战斗结束时，\n有时候会捡来甜甜蜜。
19,9,119,察觉,出场时，\n可以察觉对手的持有物。
19,9,120,舍身,自己会因反作用力受伤的招式，\n其威力会提高。
19,9,121,多属性,自己的属性会根据持有的石板\n或Ｚ纯晶的属性而改变。
19,9,122,花之礼,晴朗天气时，\n自己与同伴的攻击和\n特防能力会提高。
19,9,123,梦魇,给予睡眠状态的对手伤害。
19,9,124,顺手牵羊,盗取接触到自己的\n对手的道具。
19,9,125,强行,招式的追加效果消失，\n但因此能以更高的威力使出招式。
19,9,126,唱反调,能力的变化发生逆转，\n原本提高时会降低，\n而原本降低时会提高。
19,9,127,紧张感,让对手紧张，\n使其无法食用树果。
19,9,128,不服输,能力被降低时，\n攻击会大幅提高。
19,9,129,软弱,ＨＰ减半时，\n会变得软弱，\n攻击和特攻会减半。
19,9,130,诅咒之躯,受到攻击时，\n有时会把对手的招式\n变为定身法状态。
19,9,131,治愈之心,有时会治愈异常状态的同伴。
19,9,132,友情防守,可以减少我方的伤害。
19,9,133,碎裂铠甲,如果因物理招式受到伤害，\n防御会降低，\n速度会大幅提高。
19,9,134,重金属,自身的重量会变为２倍。
19,9,135,轻金属,自身的重量会减半。
19,9,136,多重鳞片,ＨＰ全满时，\n受到的伤害会变少。
19,9,137,中毒激升,变为中毒状态时，\n物理招式的威力会提高。
19,9,138,受热激升,变为灼伤状态时，\n特殊招式的威力会提高。
19,9,139,收获,可以多次制作出\n已被使用掉的树果。
19,9,140,心灵感应,读取我方的攻击，\n并闪避其招式伤害。
19,9,141,心情不定,每一回合，能力中的某项\n会大幅提高，而某项会降低。
19,9,142,防尘,不会受到沙暴或冰雹等的伤害。\n不会受到粉末类招式的攻击。
19,9,143,毒手,只通过接触就有可能\n让对手变为中毒状态。
19,9,144,再生力,退回同行队伍后，\nＨＰ会少量回复。
19,9,145,健壮胸肌,不会受到防御降低的效果。
19,9,146,拨沙,沙暴天气时，\n速度会提高。
19,9,147,奇迹皮肤,成为不易受到变化招式\n攻击的身体。
19,9,148,分析,如果在最后使出招式，\n招式的威力会提高。
19,9,149,幻觉,假扮成同行队伍中的\n最后一个宝可梦出场，\n迷惑对手。
19,9,150,变身者,变身为当前面对的宝可梦。
19,9,151,穿透,可以穿透对手的壁障\n或替身进行攻击。
19,9,152,木乃伊,被对手接触到后，\n会将对手变为木乃伊。
19,9,153,自信过度,如果打倒对手，\n就会充满自信，攻击会提高。
19,9,154,正义之心,受到恶属性的招式攻击时，\n因为正义感，攻击会提高。
19,9,155,胆怯,受到恶属性、幽灵属性\n和虫属性的招式攻击时，\n会因胆怯而速度提高。
19,9,156,魔法镜,可以不受到由对手使出的\n变化招式影响，并将其反弹。
19,9,157,食草,受到草属性的招式攻击时，\n不会受到伤害，而是攻击会提高。
19,9,158,恶作剧之心,可以率先使出变化招式。
19,9,159,沙之力,沙暴天气时，\n岩石属性、地面属性\n和钢属性的招式威力会提高。
19,9,160,铁刺,用铁刺给予接触到自己的\n对手伤害。
19,9,161,达摩模式,ＨＰ变为一半以下时，\n样子会改变。
19,9,162,胜利之星,自己和同伴的命中率会提高。
19,9,163,涡轮火焰,可以不受对手特性的干扰，\n向对手使出招式。
19,9,164,兆级电压,可以不受对手特性的干扰，\n向对手使出招式。
19,9,165,芳香幕,可以防住向自己和同伴\n发出的心灵攻击。
19,9,166,花幕,我方的草属性宝可梦\n能力不会降低，\n也不会变为异常状态。
19,9,167,颊囊,无论是哪种树果，\n食用后，ＨＰ都会回复。
19,9,168,变幻自如,变为与自己使出的招式\n相同的属性。
19,9,169,毛皮大衣,对手给予的物理招式的\n伤害会减半。
19,9,170,魔术师,夺走被自己的招式\n击中的对手的道具。
19,9,171,防弹,可以防住对手的\n球和弹类招式。
19,9,172,好胜,如果能力被降低，\n特攻就会大幅提高。
19,9,173,强壮之颚,因为颚部强壮，\n啃咬类招式的威力会提高。
19,9,174,冰冻皮肤,一般属性的招式\n会变为冰属性。\n威力会少量提高。
19,9,175,甜幕,我方的宝可梦\n不会变为睡眠状态。
19,9,176,战斗切换,如果使出攻击招式，会变为刀剑形态，\n如果使出招式“王者盾牌”，\n会变为盾牌形态。
19,9,177,疾风之翼,ＨＰ全满时，\n飞行属性的招式可以率先使出。
19,9,178,超级发射器,波动和波导类招式的\n威力会提高。
19,9,179,草之毛皮,在青草场地时，\n防御会提高。
19,9,180,共生,同伴使用道具时，\n会把自己持有的道具传递给同伴。
19,9,181,硬爪,接触到对手的招式\n威力会提高。
19,9,182,妖精皮肤,一般属性的招式\n会变为妖精属性。\n威力会少量提高。
19,9,183,黏滑,对于用攻击接触到自己的对手，\n会降低其速度。
19,9,184,飞行皮肤,一般属性的招式\n会变为飞行属性。\n威力会少量提高。
19,9,185,亲子爱,亲子俩可以合计攻击２次。
19,9,186,暗黑气场,全体的恶属性招式变强。
19,9,187,妖精气场,全体的妖精属性招式变强。
19,9,188,气场破坏,让气场的效果发生逆转，\n降低威力。
19,9,189,始源之海,变为不会受到\n火属性攻击的天气。
19,9,190,终结之地,变为不会受到\n水属性攻击的天气。
19,9,191,德尔塔气流,变为令飞行属性的弱点\n消失的天气。
19,9,192,持久力,受到攻击时，\n防御会提高。
19,9,193,跃跃欲逃,ＨＰ变为一半时，\n会慌慌张张逃走，\n退回同行队伍中。
19,9,194,危险回避,ＨＰ变为一半时，\n为了回避危险，\n会退回到同行队伍中。
19,9,195,遇水凝固,受到水属性的招式攻击时，\n防御会大幅提高。
19,9,196,不仁不义,攻击中毒状态的对手时，\n必定会击中要害。
19,9,197,界限盾壳,ＨＰ变为一半时，\n壳会坏掉，变得有攻击性。
19,9,198,蹲守,可以对替换出场的对手\n以２倍的伤害进行攻击。
19,9,199,水泡,降低与自己相对的火属性\n招式的威力，不会灼伤。
19,9,200,钢能力者,钢属性的招式威力会提高。
19,9,201,怒火冲天,因对手的攻击\nＨＰ变为一半时，\n特攻会提高。
19,9,202,拨雪,冰雹天气时，\n速度会提高。
19,9,203,远隔,可以不接触对手\n就使出所有的招式。
19,9,204,湿润之声,所有的声音招式\n都变为水属性。
19,9,205,先行治疗,可以率先使出回复招式。
19,9,206,电气皮肤,一般属性的招式\n会变为电属性。\n威力会少量提高。
19,9,207,冲浪之尾,电气场地时，\n速度会变为２倍。
19,9,208,鱼群,ＨＰ多的时候会聚起来变强。\nＨＰ剩余量变少时，\n群体会分崩离析。
19,9,209,画皮,通过画皮覆盖住身体，\n可以防住１次攻击。
19,9,210,牵绊变身,打倒对手时，与训练家的牵绊会增强，\n变为小智版甲贺忍蛙。\n飞水手里剑的招式威力会增强。
19,9,211,群聚变形,ＨＰ变为一半时，\n细胞们会赶来支援，\n变为完全体形态。
19,9,212,腐蚀,可以使钢属性和毒属性的宝可梦\n也陷入中毒状态。
19,9,213,绝对睡眠,总是半梦半醒的状态，\n绝对不会醒来。\n可以就这么睡着进行攻击。
19,9,214,女王的威严,向对手施加威慑力，\n使其无法对我方使出先制招式。
19,9,215,飞出的内在物,被对手打倒的时候，\n会给予对手相当于\nＨＰ剩余量的伤害。
19,9,216,舞者,有谁使出跳舞招式时，\n自己也能就这么接着使出跳舞招式。
19,9,217,蓄电池,会提高我方的\n特殊招式的威力。
19,9,218,毛茸茸,会将对手所给予的接触类招式的伤害减半，\n但火属性招式的伤害会变为２倍。
19,9,219,鲜艳之躯,让对手吓一跳，\n使其无法对我方使出先制招式。
19,9,220,魂心,宝可梦每次变为濒死状态时，\n特攻会提高。
19,9,221,卷发,对于用攻击接触到自己的对手，\n会降低其速度。
19,9,222,接球手,继承被打倒的同伴的特性，\n变为相同的特性。
19,9,223,化学之力,继承被打倒的同伴的特性，\n变为相同的特性。
19,9,224,异兽提升,打倒对手的时候，\n自己最高的那项能力会提高。
19,9,225,ＡＲ系统,根据持有的存储碟，\n自己的属性会改变。
19,9,226,电气制造者,出场时，\n会布下电气场地。
19,9,227,精神制造者,出场时，\n会布下精神场地。
19,9,228,薄雾制造者,出场时，\n会布下薄雾场地。
19,9,229,青草制造者,出场时，\n会布下青草场地。
19,9,230,金属防护,不会因为对手的招式或特性\n而被降低能力。
19,9,231,幻影防守,ＨＰ全满时，\n受到的伤害会变少。
19,9,232,棱镜装甲,受到效果绝佳的攻击时，\n可以减弱其威力。
19,10,1,惡臭,發出臭氣，\n在攻擊的時候，\n有時會使對手畏縮。
19,10,2,降雨,出場時，\n會將天氣變為下雨。
19,10,3,加速,每一回合速度會變快。
19,10,4,戰鬥盔甲,被堅硬的甲殼守護著，\n不會被對手的攻擊擊中要害。
19,10,5,結實,受到對手的招式攻擊時\n不會被一擊打倒。\n一擊必殺的招式也沒有效果。
19,10,6,濕氣,透過把周圍都弄濕，\n使誰都無法使用自爆等爆炸類的招式。
19,10,7,柔軟,因為身體柔軟，\n不會陷入麻痺狀態。
19,10,8,沙隱,在沙暴中\n閃避率會提高。
19,10,9,靜電,身上帶有靜電，\n有時會令接觸到的對手麻痺。
19,10,10,蓄電,受到電屬性的招式攻擊時，\n不會受到傷害，而是會回復。
19,10,11,儲水,受到水屬性的招式攻擊時，\n不會受到傷害，而是會回復。
19,10,12,遲鈍,感覺遲鈍，\n不會陷入著迷和被挑釁狀態。
19,10,13,無關天氣,任何天氣的影響都會消失。
19,10,14,複眼,因為擁有複眼，\n會提高招式的命中率。
19,10,15,不眠,因為擁有不會睡覺的體質，\n所以不會陷入睡眠狀態。
19,10,16,變色,自己的屬性會變為\n從對手所受招式的屬性。
19,10,17,免疫,因為體內擁有免疫能力，\n不會陷入中毒狀態。
19,10,18,引火,受到火屬性的招式攻擊時，\n吸收火焰，讓自己使出的\n火屬性招式變強。
19,10,19,鱗粉,被鱗粉守護著，\n不會受到招式的追加效果影響。
19,10,20,我行我素,因為我行我素，\n不會陷入混亂狀態。
19,10,21,吸盤,用吸盤將自己牢牢吸附在地面上，\n讓替換寶可夢的招式和道具失效。
19,10,22,威嚇,出場時威嚇對手，\n使其退縮，\n從而降低對手的攻擊。
19,10,23,踩影,踩住對手的影子\n使其無法逃走或替換。
19,10,24,粗糙皮膚,受到攻擊時，\n用粗糙的皮膚弄傷\n接觸到自己的對手。
19,10,25,神奇守護,不可思議的力量，\n只有效果絕佳的招式才會擊中自己。
19,10,26,飄浮,從地面浮起，\n從而不會受到地面屬性招式的攻擊。
19,10,27,孢子,透過攻擊有時會使接觸到自己的對手，\n陷入中毒、麻痺或睡眠狀態。
19,10,28,同步,將自己的中毒、麻痺或\n灼傷狀態傳染給對手。
19,10,29,恆淨之軀,不會因對手的招式或特性\n而被降低能力。
19,10,30,自然回復,異常狀態會在\n離場後治癒。
19,10,31,避雷針,將電屬性的招式吸引到自己身上，\n不但不會受到傷害，反而會提高特攻。
19,10,32,天恩,受到上天保佑，\n容易出現招式的追加效果。
19,10,33,悠游自如,天氣為下雨時，\n速度會提高。
19,10,34,葉綠素,天氣為晴朗時，\n速度會提高。
19,10,35,發光,透過讓周圍變亮，\n變得容易遇見野生的寶可夢。
19,10,36,複製,出場時，複製對手的特性，\n變為與之相同的特性。
19,10,37,大力士,物理攻擊的威力會變為２倍。
19,10,38,毒刺,有時會讓接觸到自己的\n對手陷入中毒狀態。
19,10,39,精神力,靠著經過鍛鍊精神，\n不會因對手的攻擊而畏縮。
19,10,40,熔岩鎧甲,將熾熱的熔岩覆蓋在身上，\n不會陷入冰凍狀態。
19,10,41,水幕,將水幕裹在身上，\n不會陷入灼傷狀態。
19,10,42,磁力,用磁力吸住鋼屬性的寶可夢，\n使其無法逃走。
19,10,43,隔音,透過遮蔽聲音，\n不受到聲音招式的攻擊。
19,10,44,雨盤,天氣為下雨時，\n會漸漸回復ＨＰ。
19,10,45,揚沙,出場時，\n會把天氣變為沙暴。
19,10,46,壓迫感,給予對手壓迫感，\n大量減少其使用招式的ＰＰ。
19,10,47,厚脂肪,被厚厚的脂肪保護著，\n能夠讓火屬性和冰屬性\n招式的傷害減半。
19,10,48,早起,即使陷入睡眠狀態，\n也能以２倍的速度提早醒來。
19,10,49,火焰之軀,有時會讓接觸到自己的\n對手陷入灼傷狀態。
19,10,50,逃跑,一定能從野生寶可夢\n那裡逃走。
19,10,51,銳利目光,靠著銳利的目光，\n命中率不會被降低。
19,10,52,怪力鉗,因為擁有以力量為傲的鉗子，\n不會被對手降低攻擊。
19,10,53,撿拾,有時會撿來對手用過的道具。\n冒險過程中也會撿來。
19,10,54,懶惰,如果使出招式，\n下一回合就需要休息。
19,10,55,活力,自己的攻擊雖會變高，\n但命中率會降低。
19,10,56,迷人之軀,有時會讓接觸到自己的對手\n陷入著迷狀態。
19,10,57,正電,場上的夥伴之中，\n如果有正電或負電特性的寶可夢，\n自己的特攻會提高。
19,10,58,負電,場上的夥伴之中，\n如果有正電或負電特性的寶可夢，\n自己的特攻會提高。
19,10,59,陰晴不定,在天氣的影響下，\n會變成水屬性、火屬性\n或冰屬性之中的一種。
19,10,60,黏著,道具會黏在\n具有黏性的身體上，\n不會被對手奪走。
19,10,61,蛻皮,透過蛻去身上的皮，\n有時會治癒異常狀態。
19,10,62,毅力,陷入異常狀態時，\n會拿出毅力，\n攻擊會提高。
19,10,63,神奇鱗片,陷入異常狀態時，\n神奇鱗片會發生反應，\n防禦會提高。
19,10,64,污泥漿,吸收了污泥漿的對手\n會因為強烈的惡臭而\n使得ＨＰ減少。
19,10,65,茂盛,ＨＰ減少的時候，\n草屬性的招式威力會提高。
19,10,66,猛火,ＨＰ減少的時候，\n火屬性的招式威力會提高。
19,10,67,激流,ＨＰ減少的時候，\n水屬性的招式威力會提高。
19,10,68,蟲之預感,ＨＰ減少的時候，\n蟲屬性的招式威力會提高。
19,10,69,堅硬腦袋,即使使出會受反作用力傷害的招式，\nＨＰ也不會減少。
19,10,70,日照,出場時，\n會將天氣變為晴朗。
19,10,71,沙穴,在戰鬥中讓對手無法逃走。
19,10,72,幹勁,透過激發出幹勁，\n不會陷入睡眠狀態。
19,10,73,白色煙霧,被白色煙霧保護著，\n不會被對手降低能力。
19,10,74,瑜伽之力,因瑜伽的力量，\n物理攻擊的威力會變為２倍。
19,10,75,硬殼盔甲,被堅硬的殼保護著，\n對手的攻擊不會擊中要害。
19,10,76,氣閘,所有天氣的影響都會消失。
19,10,77,蹣跚,陷入混亂狀態時，\n閃避率會提高。
19,10,78,電氣引擎,受到電屬性的招式攻擊時，\n不但不會受到傷害，反而速度會提高。
19,10,79,鬥爭心,面對性別相同的對手，\n會燃起鬥爭心，變得更強。\n面對性別不同的對手時則會變弱。
19,10,80,不屈之心,每次畏縮時，\n不屈之心就會燃起，\n速度也會提高。
19,10,81,雪隱,天氣是冰雹時，\n閃避率會提高。
19,10,82,貪吃鬼,原本ＨＰ變得很少時才會吃的樹果，\n在ＨＰ還有一半時就會把它吃掉。
19,10,83,憤怒穴位,要害被擊中時會大發雷霆。\n攻擊力會提高到最大。
19,10,84,輕裝,失去所持有的道具時，\n速度會提高。
19,10,85,耐熱,靠著耐熱的體質，\n讓火屬性的招式威力減半。
19,10,86,單純,能力變化會變為平時的２倍。
19,10,87,乾燥皮膚,下雨天氣時和受到水屬性的招式攻擊時，\nHP會回復。晴朗天氣時和受到火屬性的\n招式攻擊時，ＨＰ會減少。
19,10,88,下載,比較對手的防禦和特防，\n根據較低的那項能力\n相應地提高自己的攻擊或特攻。
19,10,89,鐵拳,使用到拳頭的招式\n威力會提高。
19,10,90,毒療,陷入中毒狀態時，\nＨＰ不會減少，反而會漸漸增加。
19,10,91,適應力,與自身同屬性的招式\n威力會提高。
19,10,92,連續攻擊,若使用連續招式，\n總是可使出最高次數。
19,10,93,濕潤之軀,天氣為下雨時，\n會治癒異常狀態。
19,10,94,太陽之力,晴朗天氣時特攻會提高，\n但每回合ＨＰ會減少。
19,10,95,飛毛腿,陷入異常狀態時，\n速度會提高。
19,10,96,一般皮膚,無論是什麼屬性的招式，\n全部都會變為一般屬性。\n威力會少量提高。
19,10,97,狙擊手,擊中要害時，\n威力會進一步提高。
19,10,98,魔法防守,不會受到攻擊以外的傷害。
19,10,99,無防守,由於無防守戰術，\n雙方使出的招式都必定會擊中。
19,10,100,慢出,使出招式的順序\n必定會變為最後。
19,10,101,技術高手,可讓威力低的招式\n提高威力來進行攻擊。
19,10,102,葉子防守,天氣為晴朗時，\n不會陷入異常狀態。
19,10,103,笨拙,無法使用持有的道具。
19,10,104,破格,可不受特性影響，\n向對手使出招式。
19,10,105,超幸運,因為非常幸運，\n容易擊中對手的要害。
19,10,106,引爆,瀕死時，\n會對接觸到自己的對手造成傷害。
19,10,107,危險預知,察覺對手持有的\n危險招式。
19,10,108,預知夢,出場時，預見1個\n對手持有的招式。
19,10,109,純樸,可無視對手能力的變化，\n進行攻擊。
19,10,110,有色眼鏡,可將效果不好的招式\n以正常的威力使出。
19,10,111,過濾,受到效果絕佳的攻擊時，\n可減弱其威力。
19,10,112,慢啟動,在５回合內，\n攻擊和速度會減半。
19,10,113,膽量,一般屬性和格鬥屬性的招式\n可擊中幽靈屬性的寶可夢。
19,10,114,引水,將水屬性的招式引到自己身上，\n不但不會受到傷害，\n反而會提高特攻。
19,10,115,冰凍之軀,天氣為冰雹時，\n會漸漸回復ＨＰ。
19,10,116,堅硬岩石,受到效果絕佳的攻擊時，\n可減弱其威力。
19,10,117,降雪,出場時，\n會將天氣變為冰雹。
19,10,118,採蜜,戰鬥結束時，\n有時候會撿來甜甜蜜。
19,10,119,察覺,出場時，\n可以察覺對手的持有物。
19,10,120,捨身,會讓自己因反作用力而受傷的招式\n威力會提高。
19,10,121,多屬性,自己的屬性會依持有的石板\n或Ｚ純晶的屬性而改變。
19,10,122,花之禮,天氣為晴朗時，\n自己和同伴的攻擊和\n特防能力會提高。
19,10,123,夢魘,給予陷入睡眠狀態的對手傷害。
19,10,124,順手牽羊,盜取接觸到自己的\n對手的道具。
19,10,125,強行,招式會失去追加效果，\n但可以用更高的威力使出招式。
19,10,126,唱反調,能力的變化會逆轉，\n原本提高時會降低，\n原本降低時會提高。
19,10,127,緊張感,讓對手感到緊張，\n無法吃樹果。
19,10,128,不服輸,能力被降低時，\n攻擊會大幅提高。
19,10,129,軟弱,ＨＰ降到一半以下時，\n會變得軟弱而使得\n攻擊和特攻減半。
19,10,130,詛咒之軀,受到攻擊時，\n有時會把對手的招式\n變為定身法狀態。
19,10,131,治癒之心,有時會治癒同伴的異常狀態。
19,10,132,友情防守,可以減少我方受到的傷害。
19,10,133,碎裂鎧甲,因物理招式受到傷害時，\n防禦會降低，\n速度會大幅提高。
19,10,134,重金屬,自己的重量會變為２倍。
19,10,135,輕金屬,自己的重量會減半。
19,10,136,多重鱗片,ＨＰ全滿時，\n受到的傷害會變少。
19,10,137,中毒激升,陷入中毒狀態時，\n物理招式的威力會提高。
19,10,138,受熱激升,陷入灼傷狀態時，\n特殊招式的威力會提高。
19,10,139,收穫,可多次採收\n已被使用過的樹果。
19,10,140,心靈感應,預測我方的攻擊，\n並閃避其招式。
19,10,141,心情不定,每一回合，能力中的某項\n會大幅提高，相對地某項會降低。
19,10,142,防塵,不會受到沙暴或冰雹等的傷害。\n不會受到粉末類招式的攻擊。
19,10,143,毒手,有時僅是接觸\n就能讓對手中毒。
19,10,144,再生力,退回同行隊伍後，\nＨＰ會少量回復。
19,10,145,健壯胸肌,不會受到降低防禦的效果影響。
19,10,146,撥沙,天氣為沙暴時，\n速度會提高。
19,10,147,奇跡皮膚,不易受到變化類招式\n攻擊的身體。
19,10,148,分析,如果在最後使出招式，\n招式就會變強。
19,10,149,幻覺,假扮成同行隊伍中的\n最後一個寶可夢出場，\n迷惑對手。
19,10,150,變身者,變身為當前面對的寶可夢。
19,10,151,穿透,可穿透對手的屏障\n或替身進行攻擊。
19,10,152,木乃伊,被對手接觸到時，\n會將對手變成木乃伊。
19,10,153,自信過度,如果打倒對手，\n會充滿自信並提高攻擊。
19,10,154,正義之心,受到惡屬性的招式攻擊時，\n因為正義感，攻擊會提高。
19,10,155,膽怯,受到惡屬性、幽靈屬性\n和蟲屬性的招式攻擊時，\n會因膽怯而使得速度提高。
19,10,156,魔法鏡,可不受到由對手使出的\n變化類招式所影響，並將其反彈。
19,10,157,食草,受到草屬性的招式攻擊時，\n不但不會受到傷害，反而攻擊會提高。
19,10,158,惡作劇之心,可以搶先使出變化類招式。
19,10,159,沙之力,沙暴天氣時，\n岩石屬性、地面屬性\n和鋼屬性招式的威力會提高。
19,10,160,鐵刺,用鐵刺給予接觸到自己的\n對手傷害。
19,10,161,達摩模式,ＨＰ變為一半以下時，\n樣子會改變。
19,10,162,勝利之星,自己和同伴的命中率會提高。
19,10,163,渦輪火焰,可以不受對手特性的干擾，\n向對手使出招式。
19,10,164,兆級電壓,可以不受對手特性的干擾，\n向對手使出招式。
19,10,165,芳香幕,可防住向自己和同伴\n發出的心靈攻擊。
19,10,166,花幕,我方的草屬性寶可夢\n能力不會降低。\n也不會陷入異常狀態。
19,10,167,頰囊,無論是哪種樹果，\n吃下去後ＨＰ都會回復。
19,10,168,變幻自如,變為與自己使出的招式\n相同的屬性。
19,10,169,毛皮大衣,對手的物理招式造成的\n傷害會減半。
19,10,170,魔術師,奪走被自己招式\n擊中的對手的道具。
19,10,171,防彈,可防住對手的\n球和彈類的招式。
19,10,172,好勝,能力被降低時，\n特攻會大幅提高。
19,10,173,強壯之顎,顎部強壯，\n會提高啃咬類招式的威力。
19,10,174,冰凍皮膚,一般屬性的招式\n會變為冰屬性。\n威力會少量提高。
19,10,175,甜幕,我方的寶可夢\n不會陷入睡眠狀態。
19,10,176,戰鬥切換,若使出攻擊招式，會變為刀劍形態，\n若使出招式「王者盾牌」，\n會變為盾牌形態。
19,10,177,疾風之翼,ＨＰ全滿時，\n可以搶先在對手之前\n使出飛行屬性的招式。
19,10,178,超級發射器,波動和波導類招式的\n威力會提高。
19,10,179,草之毛皮,在青草場地時，\n防禦會提高。
19,10,180,共生,同伴使用道具時，\n會把自己持有的道具交給同伴。
19,10,181,硬爪,接觸到對手的招式\n威力會提高。
19,10,182,妖精皮膚,一般屬性的招式\n會變為妖精屬性。\n威力會少量提高。
19,10,183,黏滑,對手用攻擊接觸到自己時，\n降低此對手的速度。
19,10,184,飛行皮膚,一般屬性的招式\n會變為飛行屬性。\n威力會少量提高。
19,10,185,親子愛,親子倆可合計攻擊２次。
19,10,186,暗黑氣場,全體的惡屬性招式變強。
19,10,187,妖精氣場,全體的妖精屬性招式變強。
19,10,188,氣場破壞,讓氣場的效果逆轉，\n並降低威力。
19,10,189,始源之海,變為讓火屬性攻擊\n失效的天氣。
19,10,190,終結之地,變為讓水屬性攻擊\n失效的天氣。
19,10,191,德爾塔氣流,變為令飛行屬性的弱點\n消失的天氣。
19,10,192,持久力,受到攻擊時，\n防禦會提高。
19,10,193,躍躍欲逃,ＨＰ變為一半時，\n會慌慌張張逃走，\n退回同行隊伍裡面。
19,10,194,危險迴避,ＨＰ減到一半時，\n為了避開危險，\n會退回同行隊伍裡面。
19,10,195,遇水凝固,受到水屬性的招式攻擊時，\n防禦會大幅提高。
19,10,196,不仁不義,攻擊中毒狀態的對手時，\n必定會擊中要害。
19,10,197,界限盾殼,ＨＰ變為一半時，\n殼會壞掉，變得更有攻擊性。
19,10,198,監視,可以向替換出場的對手\n以２倍的傷害進行攻擊。
19,10,199,水泡,降低與自己相對的火屬性\n招式的威力，不會灼傷。
19,10,200,鋼能力者,鋼屬性的招式威力會提高。
19,10,201,怒火沖天,ＨＰ因對手的攻擊\n降到一半時，\n特攻會提高。
19,10,202,撥雪,天氣為冰雹時，\n速度會提高。
19,10,203,遠隔,可以不接觸對手\n就使出所有的招式。
19,10,204,濕潤之聲,所有的聲音招式\n都變為水屬性。
19,10,205,先行治療,可以搶先使出回復招式。
19,10,206,電氣皮膚,一般屬性的招式\n會變為電屬性。\n威力會少量提高。
19,10,207,衝浪之尾,電氣場地時，\n速度會變為２倍。
19,10,208,魚群,ＨＰ多的時候會聚起來變強。\nＨＰ剩餘量變少時，\n群體會分崩離析。
19,10,209,畫皮,用畫皮覆蓋住身體，\n可防住１次攻擊。
19,10,210,牽絆變身,打倒對手時，與訓練家的牽絆會加深，\n變化成小智版甲賀忍蛙。\n飛水手裡劍的威力會增強。
19,10,211,群聚變形,ＨＰ變為一半時，\n細胞們會趕來支援，\n變為完全體形態。
19,10,212,腐蝕,就算對方是鋼屬性或毒屬性寶可夢，\n也可讓對方陷入中毒狀態。
19,10,213,絕對睡眠,總是半夢半醒的狀態，\n絕對不會醒來。\n可在睡著的狀況下進行攻擊。
19,10,214,女王的威嚴,向對手施加威懾力，\n使其無法對我方使出先制招式。
19,10,215,飛出的內在物,被對手打倒的時候，\n會給予對手相當於\nＨＰ剩餘量的傷害。
19,10,216,舞者,當有誰使出跳舞招式時，\n自己也能接著使出跳舞招式。
19,10,217,蓄電池,會提高我方的\n特殊招式的威力。
19,10,218,毛茸茸,會將對手所給予的接觸類招式的傷害減半，\n但火屬性招式的傷害會變為２倍。
19,10,219,鮮艷之軀,讓對手嚇一跳，\n使其無法對我方使出先制招式。
19,10,220,魂心,每當場上有寶可夢\n陷入瀕死狀態時，\n特攻就會提高。
19,10,221,捲髮,對手用攻擊接觸到自己時，\n降低此對手的速度。
19,10,222,接球手,繼承被打倒的同伴的特性，\n變為相同的特性。
19,10,223,化學之力,繼承被打倒的同伴的特性，\n變為相同的特性。
19,10,224,異獸提升,打倒對手的時候，\n會提高自己最高的那項能力。
19,10,225,ＡＲ系統,根據持有的記憶碟，\n自己的屬性會改變。
19,10,226,電氣製造者,出場時，\n會布下電氣場地。
19,10,227,精神製造者,出場時，\n會布下精神場地。
19,10,228,薄霧製造者,出場時，\n會布下薄霧場地。
19,10,229,青草製造者,出場時，\n會布下青草場地。
19,10,230,金屬防護,不會因對手的招式或特性\n而被降低能力。
19,10,231,幻影防守,ＨＰ全滿時，\n受到的傷害會變少。
19,10,232,稜鏡裝甲,受到效果絕佳的攻擊時，\n可減弱其威力。
20,1,1,あくしゅう,くさい　においを　はなつことによって\nこうげきした　ときに　あいてを\nひるませることが　ある。
20,1,2,あめふらし,とうじょう　したときに\nてんきを　あめに　する。
20,1,3,かそく,まいターン　すばやさが　あがる。
20,1,4,カブトアーマー,かたい　こうらに　まもられて\nあいての　こうげきが\nきゅうしょに　あたらない。
20,1,5,がんじょう,あいての　わざを　うけても\nいちげきで　たおされることが　ない。\nいちげきひっさつわざも　きかない。
20,1,6,しめりけ,あたりを　しめらせることに　よって\nじばく　などの　ばくはつする　わざを\nだれも　つかえなくなる。
20,1,7,じゅうなん,じゅうなんな　からだによって\nまひ　じょうたいに　ならない。
20,1,8,すながくれ,すなあらしの　とき\nかいひりつが　あがる。
20,1,9,せいでんき,せいでんきを　からだに　まとい\nさわった　あいてを\nまひさせる　ことがある。
20,1,10,ちくでん,でんきタイプの　わざを　うけると\nダメージを　うけずに　かいふくする。
20,1,11,ちょすい,みずタイプの　わざを　うけると\nダメージを　うけずに　かいふくする。
20,1,12,どんかん,どんかん　なので\nメロメロや　ちょうはつ　じょうたいに\nならない。
20,1,13,ノーてんき,あらゆる　てんきの　えいきょうが\nなくなって　しまう。
20,1,14,ふくがん,ふくがんを　もっているため\nわざの　めいちゅうりつが　あがる。
20,1,15,ふみん,ねむれない　たいしつ　なので\nねむり　じょうたいに　ならない。
20,1,16,へんしょく,あいてから　うけた　わざの　タイプに\nじぶんの　タイプが　へんか　する。
20,1,17,めんえき,たいないに　めんえきを　もっているため\nどく　じょうたいに　ならない。
20,1,18,もらいび,ほのおタイプの　わざを　うけると\nほのおを　もらい　じぶんが　だす\nほのおタイプの　わざが　つよくなる。
20,1,19,りんぷん,りんぷんに　まもられて\nわざの　ついかこうかを　うけなくなる。
20,1,20,マイペース,マイペースなので\nこんらん　じょうたいに　ならない。
20,1,21,きゅうばん,きゅうばんで　じめんに　はりつき\nポケモンを　いれかえさせる\nわざや　どうぐが　きかなくなる。
20,1,22,いかく,とうじょう　したとき　いかくして\nあいてを　いしゅくさせ\nあいての　こうげきを　さげて　しまう。
20,1,23,かげふみ,あいての　かげを　ふみ\nにげたり　こうたい　できなくする。
20,1,24,さめはだ,こうげきを　うけたとき\nじぶんに　ふれた　あいてを\nざらざらの　はだで　キズつける。
20,1,25,ふしぎなまもり,こうかばつぐんの　わざしか\nあたらない　ふしぎな　ちから。
20,1,26,ふゆう,じめんから　うくことによって\nじめんタイプの　わざを　うけない。
20,1,27,ほうし,こうげきで　じぶんに　ふれた　あいてを\nどくや　まひや　ねむり　じょうたいに\nする　ことがある。　
20,1,28,シンクロ,じぶんが　なってしまった\nどくや　まひや　やけどを\nあいてに　うつす。
20,1,29,クリアボディ,あいての　わざや　とくせいで\nのうりょくを　さげられない。
20,1,30,しぜんかいふく,てもちに　ひっこむと\nじょうたい　いじょうが　なおる。
20,1,31,ひらいしん,でんきタイプの　わざを　じぶんに\nよせつけ　ダメージを　うけずに\nとくこうが　あがる。
20,1,32,てんのめぐみ,てんのめぐみの　おかげで\nわざの　ついかこうかが　でやすい。
20,1,33,すいすい,てんきが　あめのとき\nすばやさが　あがる。
20,1,34,ようりょくそ,てんきが　はれのとき\nすばやさが　あがる。
20,1,35,はっこう,あたりを　あかるくする　ことで\nやせいの　ポケモンに\nそうぐう　しやすくなる。
20,1,36,トレース,とうじょう　したとき\nあいての　とくせいを　トレースして\nおなじ　とくせいに　なる。
20,1,37,ちからもち,ぶつり　こうげきの\nいりょくが　２ばいに　なる。
20,1,38,どくのトゲ,じぶんに　さわった　あいてを\nどく　じょうたいに　する　ことがある。
20,1,39,せいしんりょく,きたえられた　せいしんに　よって\nあいての　こうげきに　ひるまない。
20,1,40,マグマのよろい,あつい　マグマを　みにまとい\nこおり　じょうたいに　ならない。
20,1,41,みずのベール,みずのベールを　みにまとい\nやけど　じょうたいに　ならない。
20,1,42,じりょく,はがねタイプの　ポケモンを\nじりょくで　ひきつけて\nにげられなくする。
20,1,43,ぼうおん,おとを　しゃだん　することに　よって\nおとの　こうげきを　うけない。
20,1,44,あめうけざら,てんきが　あめのとき\nすこしずつ　ＨＰを　かいふくする。
20,1,45,すなおこし,とうじょう　したとき\nてんきを　すなあらしに　する。
20,1,46,プレッシャー,プレッシャーを　あたえて\nあいての　つかう　わざの　ＰＰを\nおおく　へらす。
20,1,47,あついしぼう,あつい　しぼうで　まもられているので\nほのおタイプと　こおりタイプの\nわざの　ダメージを　はんげんさせる。
20,1,48,はやおき,ねむり　じょうたいに　なっても\n２ばいの　はやさで\nめざめる　ことが　できる。
20,1,49,ほのおのからだ,じぶんに　さわった　あいてを\nやけど　じょうたいに　する　ことがある。
20,1,50,にげあし,やせいの　ポケモンから\nかならず　にげられる。
20,1,51,するどいめ,するどい　めの　おかげで\nめいちゅうりつを　さげられない。
20,1,52,かいりきバサミ,ちからじまんの　ハサミを　もっているので\nあいてに　こうげきを　さげられない。
20,1,53,ものひろい,あいての　つかった　どうぐを\nひろってくることが　ある。\nぼうけんちゅうも　ひろってくる。
20,1,54,なまけ,わざを　だすと\nつぎの　ターンは　やすんでしまう。
20,1,55,はりきり,じぶんの　こうげきが　たかくなるが\nめいちゅうりつが　さがる。　
20,1,56,メロメロボディ,じぶんに　さわった　あいてを\nメロメロに　することが　ある。
20,1,57,プラス,プラスか　マイナスの　とくせいを　もつ\nポケモンが　なかまに　いると\nじぶんの　とくこうが　あがる。
20,1,58,マイナス,プラスか　マイナスの　とくせいを　もつ\nポケモンが　なかまに　いると\nじぶんの　とくこうが　あがる。
20,1,59,てんきや,てんきの　えいきょうを　うけて\nみずタイプ　ほのおタイプ　こおりタイプの\nどれかに　へんかする。
20,1,60,ねんちゃく,ねんちゃくしつの　からだに\nどうぐが　くっついているため\nあいてに　どうぐを　うばわれない。
20,1,61,だっぴ,からだの　かわを　ぬぎすてることで\nじょうたい　いじょうを\nなおすことが　ある。
20,1,62,こんじょう,じょうたい　いじょうに　なると\nこんじょうを　だして\nこうげきが　あがる。
20,1,63,ふしぎなうろこ,じょうたい　いじょうに　なると\nふしぎなうろこが　はんのうして\nぼうぎょが　あがる。
20,1,64,ヘドロえき,ヘドロえきを　すいとった　あいては\nきょうれつな　あくしゅうで\nダメージを　うけて　ＨＰを　へらす。
20,1,65,しんりょく,ＨＰが　へったとき\nくさタイプの　わざの\nいりょくが　あがる。
20,1,66,もうか,ＨＰが　へったとき\nほのおタイプの　わざの\nいりょくが　あがる。
20,1,67,げきりゅう,ＨＰが　へったとき\nみずタイプの　わざの\nいりょくが　あがる。
20,1,68,むしのしらせ,ＨＰが　へったとき\nむしタイプの　わざの\nいりょくが　あがる。
20,1,69,いしあたま,はんどうを　うける　わざを　だしても\nＨＰが　へらない。
20,1,70,ひでり,とうじょう　したときに\nてんきを　はれに　する。
20,1,71,ありじごく,せんとうで　あいてを\nにげられなくする。
20,1,72,やるき,やるきを　だすことに　よって\nねむり　じょうたいに　ならない。
20,1,73,しろいけむり,しろいけむりに　まもられて\nあいてに　のうりょくを　さげられない。
20,1,74,ヨガパワー,ヨガの　ちからで\nぶつり　こうげきの　いりょくが\n２ばいに　なる。
20,1,75,シェルアーマー,かたい　からに　まもられ\nあいての　こうげきが\nきゅうしょに　あたらない。
20,1,76,エアロック,あらゆる　てんきの　えいきょうが\nきえて　しまう。
20,1,77,ちどりあし,こんらん　じょうたいの　ときは\nかいひりつが　アップする。　
20,1,78,でんきエンジン,でんきタイプの　わざを　うけると\nダメージを　うけずに　\nすばやさが　あがる。
20,1,79,とうそうしん,せいべつが　おなじだと\nとうそうしんを　もやして　つよくなる\nせいべつが　ちがうと　よわくなる
20,1,80,ふくつのこころ,ひるむ　たびに\nふくつのこころを　もやして\nすばやさが　あがる。
20,1,81,ゆきがくれ,てんきが　あられのとき\nかいひりつが　あがる。
20,1,82,くいしんぼう,ＨＰが　すくなくなったら　たべる\nきのみを　ＨＰ　はんぶんの\nときに　たべてしまう。
20,1,83,いかりのつぼ,きゅうしょに　こうげきが　あたると\nいかりくるって　こうげきりょくが\nさいだいに　なる。
20,1,84,かるわざ,もっていた　どうぐが　なくなると\nすばやさが　あがる。
20,1,85,たいねつ,たいねつの　からだに　よって\nほのおタイプの　わざの\nダメージを　はんげんさせる
20,1,86,たんじゅん,のうりょく　へんかが\nいつもの　２ばいに　なる。
20,1,87,かんそうはだ,てんきが　あめのときや　みずタイプの\nわざで　ＨＰが　かいふくし　はれのときや\nほのおタイプの　わざで　へってしまう。
20,1,88,ダウンロード,あいての　ぼうぎょと　とくぼうを　くらべて\nひくい　ほうの　のうりょくに　あわせて\nじぶんの　こうげきか　とくこうを　あげる。
20,1,89,てつのこぶし,パンチを　つかう　わざの\nいりょくが　あがる。
20,1,90,ポイズンヒール,どくじょうたいに　なると\nＨＰが　へらずに　ふえていく。
20,1,91,てきおうりょく,じぶんと　おなじ　タイプの\nわざの　いりょくが　あがる。
20,1,92,スキルリンク,れんぞくわざを　つかうと　いつも\nさいこう　かいすう　だすことが　できる。
20,1,93,うるおいボディ,てんきが　あめのとき\nじょうたい　いじょうが　なおる。
20,1,94,サンパワー,てんきが　はれると\nとくこうが　あがるが\nまいターン　ＨＰが　へる。
20,1,95,はやあし,じょうたい　いじょうに　なると\nすばやさが　あがる。
20,1,96,ノーマルスキン,どんな　タイプの　わざでも\nすべて　ノーマルタイプに　なる。\nいりょくが　すこし　あがる。
20,1,97,スナイパー,こうげきを　きゅうしょに　あてると\nいりょくが　さらに　あがる。
20,1,98,マジックガード,こうげき　いがいでは\nダメージを　うけない。
20,1,99,ノーガード,ノーガード　せんぽうに　よって\nおたがいの　だす　わざが\nかならず　あたる　ようになる。
20,1,100,あとだし,わざを　だす　じゅんばんが\nかならず　さいごに　なる。
20,1,101,テクニシャン,いりょくが　ひくい　わざの\nいりょくを　たかくして　こうげきできる。
20,1,102,リーフガード,てんきが　はれのときは\nじょうたい　いじょうに　ならない。
20,1,103,ぶきよう,もっている　どうぐを\nつかうことが　できない。
20,1,104,かたやぶり,あいての　とくせいに\nじゃまされる　ことなく　あいてに\nわざを　だすことが　できる。
20,1,105,きょううん,きょううんを　もっているため\nあいての　きゅうしょに\nこうげきが　あたりやすい。
20,1,106,ゆうばく,ひんしに　なったとき\nさわった　あいてに\nダメージを　あたえる。
20,1,107,きけんよち,あいての　もつ　きけんな　わざを\nさっちする　ことができる。
20,1,108,よちむ,とうじょう　したとき\nあいての　もつ　わざを\nひとつだけ　よみとる。
20,1,109,てんねん,あいての　のうりょくの　へんかを\nむしして　こうげきが　できる。
20,1,110,いろめがね,こうかが　いまひとつの　わざを\nつうじょうの　いりょくで\nだすことが　できる。
20,1,111,フィルター,こうかばつぐんに　なってしまう\nこうげきの　いりょくを\nよわめる　ことが　できる。
20,1,112,スロースタート,５ターンの　あいだ\nこうげきと　すばやさが\nはんぶんに　なる。
20,1,113,きもったま,ゴーストタイプの　ポケモンに\nノーマルタイプと　かくとうタイプの\nわざを　あてることが　できる。
20,1,114,よびみず,みずタイプの　わざを　じぶんに　よせつけ\nダメージは　うけずに　とくこうが　あがる。
20,1,115,アイスボディ,てんきが　あられのとき　ＨＰを\nすこしずつ　かいふく　する。
20,1,116,ハードロック,こうかばつぐんに　なってしまう\nこうげきの　いりょくを\nよわめる　ことが　できる。
20,1,117,ゆきふらし,とうじょう　したときに\nてんきを　あられに　する。
20,1,118,みつあつめ,せんとうが　おわったとき\nあまいミツを　ひろうことが　ある。
20,1,119,おみとおし,とうじょう　したとき\nあいての　もちものを\nみとおすことが　できる。
20,1,120,すてみ,はんどうで　ダメージを\nうける　わざの　いりょくが　あがる。
20,1,121,マルチタイプ,もっている　プレートや\nＺクリスタルの　タイプによって\nじぶんの　タイプが　かわる。
20,1,122,フラワーギフト,てんきが　はれのとき\nじぶんと　みかたの　こうげきと\nとくぼうの　のうりょくが　あがる。
20,1,123,ナイトメア,ねむり　じょうたいの　あいてに\nダメージを　あたえる。
20,1,124,わるいてぐせ,さわられた　あいての　どうぐを\nぬすんで　しまう。
20,1,125,ちからずく,わざの　ついか　こうかは　なくなるが\nそのぶん　たかい　いりょくで\nわざを　だすことが　できる。
20,1,126,あまのじゃく,のうりょくの　へんかが　ぎゃくてんして\nあがるときに　さがり\nさがるときに　あがる。
20,1,127,きんちょうかん,あいてを　きんちょうさせて\nきのみを　たべられなく　させる。
20,1,128,まけんき,のうりょくを　さげられると\nこうげきが　ぐーんと　あがる。
20,1,129,よわき,ＨＰが　はんぶんに　なると\nよわきに　なって　こうげきと\nとくこうが　はんげんする。
20,1,130,のろわれボディ,こうげきを　うけると　あいての　わざを\nかなしばり　じょうたいに\nすることが　ある。
20,1,131,いやしのこころ,じょうたい　いじょうの　みかたを\nたまに　なおしてあげる。
20,1,132,フレンドガード,みかたの　ダメージを\nへらすことが　できる。
20,1,133,くだけるよろい,ぶつりわざで　ダメージを　うけると\nぼうぎょが　さがり\nすばやさが　ぐーんと　あがる。
20,1,134,ヘヴィメタル,じぶんの　おもさが\n２ばいに　なる。
20,1,135,ライトメタル,じぶんの　おもさが\nはんぶんに　なる。
20,1,136,マルチスケイル,ＨＰが　まんたんの　ときに\nうける　ダメージが　すくなくなる。
20,1,137,どくぼうそう,どく　じょうたいに　なったとき\nぶつりわざの　いりょくが　あがる。
20,1,138,ねつぼうそう,やけど　じょうたいに　なったとき\nとくしゅわざの　いりょくが　あがる。
20,1,139,しゅうかく,つかった　きのみを\nなんかいも　つくりだす。
20,1,140,テレパシー,みかたの　こうげきを　よみとって\nわざを　かいひする。
20,1,141,ムラっけ,まいターン　のうりょくの　どれかが\nぐーんと　あがって　どれかが　さがる。
20,1,142,ぼうじん,すなあらしや　あられなどの\nダメージを　うけない。\nこなの　わざを　うけない。
20,1,143,どくしゅ,さわる　だけで　あいてを\nどく　じょうたいに　することがある。
20,1,144,さいせいりょく,てもちに　ひっこむと\nＨＰが　すこし　かいふくする。
20,1,145,はとむね,ぼうぎょを　さげる\nこうかを　うけない。
20,1,146,すなかき,てんきが　すなあらし　のとき\nすばやさが　あがる。
20,1,147,ミラクルスキン,へんかわざを　うけにくい\nからだに　なっている。
20,1,148,アナライズ,いちばん　さいごに　わざを　だすと\nわざの　いりょくが　あがる。
20,1,149,イリュージョン,てもちの　いちばん　うしろに　いる\nポケモンに　なりきって　とうじょうして\nあいてを　ばかす。
20,1,150,かわりもの,めのまえの　ポケモンに\nへんしん　してしまう。
20,1,151,すりぬけ,あいての　かべや　みがわりを\nすりぬけて　こうげき　できる
20,1,152,ミイラ,あいてに　さわられると\nあいてを　ミイラに　してしまう。
20,1,153,じしんかじょう,あいてを　たおすと\nじしんが　ついて\nこうげきが　あがる。
20,1,154,せいぎのこころ,あくタイプの　こうげきを　うけると\nせいぎかんで　こうげきが　あがる。
20,1,155,びびり,あくタイプと　ゴーストタイプと\nむしタイプの　わざを　うけると\nびびって　すばやさが　あがる。
20,1,156,マジックミラー,あいてに　だされた　へんかわざを　うけずに\nそのまま　かえす　ことが　できる。
20,1,157,そうしょく,くさタイプの　わざを　うけると\nダメージを　うけずに\nこうげきが　あがる。
20,1,158,いたずらごころ,へんかわざを　せんせいで\nだすことが　できる。
20,1,159,すなのちから,てんきが　すなあらしの　とき\nいわタイプと　じめんタイプと\nはがねタイプの　いりょくが　あがる。
20,1,160,てつのトゲ,じぶんに　さわった　あいてに\nてつのトゲで　ダメージを　あたえる。
20,1,161,ダルマモード,ＨＰが　はんぶん　いかに　なると\nすがたが　へんかする。
20,1,162,しょうりのほし,じぶんや　みかたの\nめいちゅうりつが　あがる。
20,1,163,ターボブレイズ,あいての　とくせいに　じゃまされず\nあいてに　わざを　だすことが　できる。
20,1,164,テラボルテージ,あいての　とくせいに　じゃまされず\nあいてに　わざを　だすことが　できる。
20,1,165,アロマベール,じぶんと　みかたへの　メンタル\nこうげきを　ふせぐことが　できる。
20,1,166,フラワーベール,みかたの　くさポケモンは\nのうりょくが　さがらず\nじょうたい　いじょうにも　ならない。
20,1,167,ほおぶくろ,どんな　きのみでも\nたべると　ＨＰも　かいふくする。
20,1,168,へんげんじざい,じぶんが　だす　わざと\nおなじ　タイプに　へんかする。
20,1,169,ファーコート,あいてから　うける　ぶつりわざの\nダメージが　はんぶんに　なる。
20,1,170,マジシャン,わざを　あてた　あいての\nどうぐを　うばってしまう。
20,1,171,ぼうだん,あいての　たまや　ばくだんなどの\nわざを　ふせぐことが　できる。
20,1,172,かちき,のうりょくを　さげられると\nとくこうが　ぐーんと　あがる。
20,1,173,がんじょうあご,あごが　がんじょうで\nかむ　わざの　いりょくが\nたかくなる。
20,1,174,フリーズスキン,ノーマルタイプの　わざが\nこおりタイプになる。\nいりょくが　すこし　あがる。
20,1,175,スイートベール,みかたの　ポケモンは\nねむらなくなる。
20,1,176,バトルスイッチ,こうげきわざを　だすと　ブレードフォルムに\nわざ　キングシールドを　だすと\nシールドフォルムに　へんかする。
20,1,177,はやてのつばさ,ＨＰが　まんたん　だと\nひこうタイプの　わざを\nせんせいで　だすことが　できる。
20,1,178,メガランチャー,はどうの　わざの\nいりょくが　たかくなる。
20,1,179,くさのけがわ,グラスフィールドのとき\nぼうぎょが　あがる。
20,1,180,きょうせい,みかたが　どうぐを　つかうと\nじぶんの　もっている　どうぐを\nみかたに　わたす。
20,1,181,かたいツメ,あいてに　せっしょくする　わざの\nいりょくが　たかくなる。
20,1,182,フェアリースキン,ノーマルタイプの　わざが\nフェアリータイプになる。\nいりょくが　すこし　あがる。
20,1,183,ぬめぬめ,こうげきで　じぶんに　ふれた　あいての\nすばやさを　さげる。
20,1,184,スカイスキン,ノーマルタイプの　わざが\nひこうタイプになる。\nいりょくが　すこし　あがる。
20,1,185,おやこあい,おやこ　２ひきで　２かい\nこうげきする　ことが　できる。
20,1,186,ダークオーラ,ぜんいんの　あくタイプの\nわざが　つよくなる。
20,1,187,フェアリーオーラ,ぜんいんの　フェアリータイプの\nわざが　つよくなる。
20,1,188,オーラブレイク,オーラの　こうかを　ぎゃくてんさせて\nいりょくを　さげる。
20,1,189,はじまりのうみ,ほのおタイプの　こうげきを\nうけない　てんきにする。
20,1,190,おわりのだいち,みずタイプの　こうげきを\nうけない　てんきにする。
20,1,191,デルタストリーム,ひこうタイプの　じゃくてんが\nなくなる　てんきにする。
20,1,192,じきゅうりょく,こうげきを　うけると\nぼうぎょが　あがる。
20,1,193,にげごし,ＨＰが　はんぶんに　なると\nあわてて　にげだして\nてもちに　ひっこんで　しまう。
20,1,194,ききかいひ,ＨＰが　はんぶんに　なると\nきけんを　かいひするため\nてもちに　ひっこんで　しまう。
20,1,195,みずがため,みずタイプの　わざを　うけると\nぼうぎょが　ぐーんと　あがる。
20,1,196,ひとでなし,どく　じょうたいの\nあいてを　こうげきすると\nかならず　きゅうしょに　あたる。
20,1,197,リミットシールド,ＨＰが　はんぶんに　なると\nからが　こわれて\nこうげきてきに　なる。
20,1,198,はりこみ,こうたいで　でてきた　あいてに\n２ばいの　ダメージで　こうげき　できる。
20,1,199,すいほう,じぶんに　たいする　ほのおタイプの\nわざの　いりょくを　さげる。\nやけど　しない。
20,1,200,はがねつかい,はがねタイプの　わざの\nいりょくが　あがる。
20,1,201,ぎゃくじょう,あいての　こうげきで\nＨＰが　はんぶんに　なると\nとくこうが　あがる。
20,1,202,ゆきかき,てんきが　あられ　のとき\nすばやさが　あがる。
20,1,203,えんかく,すべての　わざを\nあいてに　せっしょく　しないで\nだすことが　できる。
20,1,204,うるおいボイス,すべての　おとわざが\nみずタイプに　なる。
20,1,205,ヒーリングシフト,かいふくわざを　せんせいで\nだすことが　できる。
20,1,206,エレキスキン,ノーマルタイプの　わざが\nでんきタイプになる。\nいりょくが　すこし　あがる。
20,1,207,サーフテール,エレキフィールド　のとき\nすばやさが　２ばいに　なる。
20,1,208,ぎょぐん,ＨＰが　おおいときは　むれて　つよくなる。\nＨＰの　のこりが　すくなくなると\nむれは　ちりぢりに　なってしまう。
20,1,209,ばけのかわ,からだを　おおう　ばけのかわで　\n１かい　こうげきを　ふせぐことが　できる。
20,1,210,きずなへんげ,あいてを　たおすと　トレーナーとの\nきずなが　ふかまり　サトシゲッコウガに\nへんげする。みずしゅりけんが　つよくなる。
20,1,211,スワームチェンジ,ＨＰが　はんぶんに　なると\nセルたちが　おうえんに　かけつけ\nパーフェクトフォルムに　すがたを　かえる。
20,1,212,ふしょく,はがねタイプや　どくタイプも\nどく　じょうたいに　することが　できる。
20,1,213,ぜったいねむり,つねに　ゆめうつつの　じょうたいで\nぜったいに　めざめない。\nねむったまま　こうげきが　できる。
20,1,214,じょおうのいげん,あいてに　いあつかんを　あたえ\nこちらに　むかって　せんせいわざを\nだせない　ようにする。
20,1,215,とびだすなかみ,あいてに　たおされたとき\nＨＰの　のこりの　ぶんだけ\nあいてに　ダメージを　あたえる。
20,1,216,おどりこ,だれかが　おどりわざを　つかうと\nじぶんも　それに　つづいて\nおどりわざを　だすことが　できる。
20,1,217,バッテリー,みかたの　とくしゅわざの\nいりょくを　あげる。
20,1,218,もふもふ,あいてから　うけた　せっしょくする　わざの\nダメージを　はんげんするが　ほのおタイプの\nわざの　ダメージは　２ばいになる。
20,1,219,ビビッドボディ,あいてを　びっくり　させて\nこちらに　むかって　せんせいわざを\nだせない　ようにする。
20,1,220,ソウルハート,ポケモンが　ひんしに　なるたびに\nとくこうが　あがる。
20,1,221,カーリーヘアー,こうげきで　じぶんに　ふれた　あいての\nすばやさを　さげる。
20,1,222,レシーバー,たおされた　みかたの　とくせいを\nうけついで　おなじ　とくせいに　なる。
20,1,223,かがくのちから,たおされた　みかたの　とくせいを　うけつぎ\nおなじ　とくせいに　かわる。
20,1,224,ビーストブースト,あいてを　たおしたとき\nじぶんの　いちばん　たかい\nのうりょくが　あがる。　
20,1,225,ＡＲシステム,もっている　メモリで\nじぶんの　タイプが　かわる。
20,1,226,エレキメイカー,とうじょう　したときに\nエレキフィールドを　はりめぐらせる。
20,1,227,サイコメイカー,とうじょう　したときに\nサイコフィールドを　はりめぐらせる。
20,1,228,ミストメイカー,とうじょう　したときに\nミストフィールドを　はりめぐらせる。
20,1,229,グラスメイカー,とうじょう　したときに\nグラスフィールドを　はりめぐらせる。
20,1,230,メタルプロテクト,あいての　わざや　とくせいで\nのうりょくを　さげられない。
20,1,231,ファントムガード,ＨＰが　まんたんの　ときに\nうける　ダメージが　すくなくなる。
20,1,232,プリズムアーマー,こうかばつぐんに　なってしまう\nこうげきの　いりょくを\nよわめる　ことが　できる。
20,1,233,ブレインフォース,こうかばつぐんの　こうげきで\nいりょくが　さらに　あがる。
20,2,1,Stench,"By releasing stench when attacking, this Pokémon\nmay cause the target to flinch."
20,2,2,Drizzle,The Pokémon makes it rain when it enters a battle.
20,2,3,Speed Boost,Its Speed stat is boosted every turn.
20,2,4,Battle Armor,Hard armor protects the Pokémon from critical hits.
20,2,5,Sturdy,"It cannot be knocked out with one hit. One-hit KO\nmoves cannot knock it out, either."
20,2,6,Damp,Prevents the use of explosive moves such as\nSelf-Destruct by dampening its surroundings.
20,2,7,Limber,Its limber body protects the Pokémon from paralysis.
20,2,8,Sand Veil,Boosts the Pokémon’s evasion in a sandstorm.
20,2,9,Static,"The Pokémon is charged with static electricity, so\ncontact with it may cause paralysis."
20,2,10,Volt Absorb,"Restores HP if hit by an Electric-type move, instead\nof taking damage."
20,2,11,Water Absorb,"Restores HP if hit by a Water-type move, instead of\ntaking damage."
20,2,12,Oblivious,"The Pokémon is oblivious, and that keeps it from\nbeing infatuated or falling for taunts."
20,2,13,Cloud Nine,Eliminates the effects of weather.
20,2,14,Compound Eyes,The Pokémon’s compound eyes boost its accuracy.
20,2,15,Insomnia,The Pokémon is suffering from insomnia and cannot\nfall asleep.
20,2,16,Color Change,The Pokémon’s type becomes the type of the move\nused on it.
20,2,17,Immunity,The immune system of the Pokémon prevents it from\ngetting poisoned.
20,2,18,Flash Fire,Powers up the Pokémon’s Fire-type moves if it’s hit\nby one.
20,2,19,Shield Dust,This Pokémon’s dust blocks the additional effects of\nattacks taken.
20,2,20,Own Tempo,"This Pokémon has its own tempo, and that prevents\nit from becoming confused."
20,2,21,Suction Cups,This Pokémon uses suction cups to stay in one spot\nto negate all moves and items that force\nswitching out.
20,2,22,Intimidate,"The Pokémon intimidates opposing Pokémon upon\nentering battle, lowering their Attack stat."
20,2,23,Shadow Tag,This Pokémon steps on the opposing Pokémon’s\nshadow to prevent it from escaping.
20,2,24,Rough Skin,This Pokémon inflicts damage with its rough skin\nto the attacker on contact.
20,2,25,Wonder Guard,Its mysterious power only lets supereffective moves\nhit the Pokémon.
20,2,26,Levitate,"By floating in the air, the Pokémon receives full\nimmunity to all Ground-type moves."
20,2,27,Effect Spore,"Contact with the Pokémon may inflict poison, sleep,\nor paralysis on its attacker."
20,2,28,Synchronize,"The attacker will receive the same status condition if\nit inflicts a burn, poison, or paralysis to the Pokémon."
20,2,29,Clear Body,Prevents other Pokémon’s moves or Abilities from\nlowering the Pokémon’s stats.
20,2,30,Natural Cure,All status conditions heal when the Pokémon\nswitches out.
20,2,31,Lightning Rod,"The Pokémon draws in all Electric-type moves. \nInstead of being hit by Electric-type moves, \nit boosts its Sp. Atk."
20,2,32,Serene Grace,Boosts the likelihood of additional effects occurring \nwhen attacking.
20,2,33,Swift Swim,Boosts the Pokémon’s Speed stat in rain.
20,2,34,Chlorophyll,Boosts the Pokémon’s Speed stat in harsh sunlight.
20,2,35,Illuminate,Raises the likelihood of meeting wild Pokémon by\nilluminating the surroundings.
20,2,36,Trace,"When it enters a battle, the Pokémon copies an\nopposing Pokémon’s Ability."
20,2,37,Huge Power,Doubles the Pokémon’s Attack stat.
20,2,38,Poison Point,Contact with the Pokémon may poison the attacker.
20,2,39,Inner Focus,"The Pokémon’s intensely focused, and that protects\nthe Pokémon from flinching."
20,2,40,Magma Armor,"The Pokémon is covered with hot magma, which\nprevents the Pokémon from becoming frozen."
20,2,41,Water Veil,"The Pokémon is covered with a water veil, which\nprevents the Pokémon from getting a burn."
20,2,42,Magnet Pull,Prevents Steel-type Pokémon from escaping using\nits magnetic force.
20,2,43,Soundproof,Soundproofing of the Pokémon itself gives full \nimmunity to all sound-based moves.
20,2,44,Rain Dish,The Pokémon gradually regains HP in rain.
20,2,45,Sand Stream,The Pokémon summons a sandstorm when it enters\na battle.
20,2,46,Pressure,"By putting pressure on the opposing Pokémon, it\nraises their PP usage."
20,2,47,Thick Fat,"The Pokémon is protected by a layer of thick fat,\nwhich halves the damage taken from Fire- and\nIce-type moves."
20,2,48,Early Bird,The Pokémon awakens twice as fast as other\nPokémon from sleep.
20,2,49,Flame Body,Contact with the Pokémon may burn the attacker.
20,2,50,Run Away,Enables a sure getaway from wild Pokémon.
20,2,51,Keen Eye,Keen eyes prevent other Pokémon from lowering this\nPokémon’s accuracy.
20,2,52,Hyper Cutter,The Pokémon’s proud of its powerful pincers. They\nprevent other Pokémon from lowering its Attack stat.
20,2,53,Pickup,"The Pokémon may pick up the item an opposing\nPokémon used during a battle. It may pick up items\noutside of battle, too."
20,2,54,Truant,The Pokémon can’t use a move the following turn if it\nuses one.
20,2,55,Hustle,"Boosts the Attack stat, but lowers accuracy."
20,2,56,Cute Charm,Contact with the Pokémon may cause infatuation.
20,2,57,Plus,Boosts the Sp. Atk stat of the Pokémon if an ally\nwith the Plus or Minus Ability is also in battle.
20,2,58,Minus,Boosts the Sp. Atk stat of the Pokémon if an ally\nwith the Plus or Minus Ability is also in battle.
20,2,59,Forecast,"The Pokémon transforms with the weather to change\nits type to Water, Fire, or Ice."
20,2,60,Sticky Hold,Items held by the Pokémon are stuck fast and\ncannot be removed by other Pokémon.
20,2,61,Shed Skin,The Pokémon may heal its own status conditions\nby shedding its skin.
20,2,62,Guts,It’s so gutsy that having a status condition boosts\nthe Pokémon’s Attack stat.
20,2,63,Marvel Scale,The Pokémon’s marvelous scales boost the Defense\nstat if it has a status condition.
20,2,64,Liquid Ooze,"Oozed liquid has strong stench, which damages\nattackers using any draining move."
20,2,65,Overgrow,Powers up Grass-type moves when the Pokémon’s\nHP is low.
20,2,66,Blaze,Powers up Fire-type moves when the Pokémon’s HP\nis low.
20,2,67,Torrent,Powers up Water-type moves when the Pokémon’s\nHP is low.
20,2,68,Swarm,Powers up Bug-type moves when the Pokémon’s HP\nis low.
20,2,69,Rock Head,Protects the Pokémon from recoil damage.
20,2,70,Drought,Turns the sunlight harsh when the Pokémon enters\na battle.
20,2,71,Arena Trap,Prevents opposing Pokémon from fleeing.
20,2,72,Vital Spirit,"The Pokémon is full of vitality, and that prevents\nit from falling asleep."
20,2,73,White Smoke,"The Pokémon is protected by its white smoke, which\nprevents other Pokémon from lowering its stats."
20,2,74,Pure Power,"Using its pure power, the Pokémon doubles its\nAttack stat."
20,2,75,Shell Armor,A hard shell protects the Pokémon from critical hits.
20,2,76,Air Lock,Eliminates the effects of weather.
20,2,77,Tangled Feet,Raises evasion if the Pokémon is confused.
20,2,78,Motor Drive,"Boosts its Speed stat if hit by an Electric-type move,\ninstead of taking damage."
20,2,79,Rivalry,"Becomes competitive and deals more damage to\nPokémon of the same gender, but deals less to\nPokémon of the opposite gender."
20,2,80,Steadfast,The Pokémon’s determination boosts the Speed\nstat each time the Pokémon flinches.
20,2,81,Snow Cloak,Boosts evasion in a hailstorm.
20,2,82,Gluttony,"Makes the Pokémon eat a held Berry when its HP\ndrops to half or less, which is sooner than usual."
20,2,83,Anger Point,"The Pokémon is angered when it takes a critical hit,\nand that maxes its Attack stat."
20,2,84,Unburden,Boosts the Speed stat if the Pokémon’s held item is \nused or lost.
20,2,85,Heatproof,The heatproof body of the Pokémon halves the\ndamage from Fire-type moves that hit it.
20,2,86,Simple,The stat changes the Pokémon receives are doubled.
20,2,87,Dry Skin,"Restores HP in rain or when hit by Water-type\nmoves. Reduces HP in harsh sunlight, and increases\nthe damage received from Fire-type moves."
20,2,88,Download,Compares an opposing Pokémon’s Defense and\nSp. Def stats before raising its own Attack or\nSp. Atk stat—whichever will be more effective.
20,2,89,Iron Fist,Powers up punching moves.
20,2,90,Poison Heal,"Restores HP if the Pokémon is poisoned, instead of\nlosing HP."
20,2,91,Adaptability,Powers up moves of the same type as the Pokémon.
20,2,92,Skill Link,Maximizes the number of times multi-strike\nmoves hit.
20,2,93,Hydration,Heals status conditions if it’s raining.
20,2,94,Solar Power,"Boosts the Sp. Atk stat in harsh sunlight, but HP\ndecreases every turn."
20,2,95,Quick Feet,Boosts the Speed stat if the Pokémon has a\nstatus condition.
20,2,96,Normalize,All the Pokémon’s moves become Normal type.\nThe power of those moves is boosted a little.
20,2,97,Sniper,Powers up moves if they become critical hits\nwhen attacking.
20,2,98,Magic Guard,The Pokémon only takes damage from attacks.
20,2,99,No Guard,The Pokémon employs no-guard tactics to ensure\nincoming and outgoing attacks always land.
20,2,100,Stall,The Pokémon moves after all other Pokémon do.
20,2,101,Technician,Powers up the Pokémon’s weaker moves.
20,2,102,Leaf Guard,Prevents status conditions in harsh sunlight.
20,2,103,Klutz,The Pokémon can’t use any held items.
20,2,104,Mold Breaker,Moves can be used on the target regardless of\nits Abilities.
20,2,105,Super Luck,The Pokémon is so lucky that the critical-hit ratios\nof its moves are boosted.
20,2,106,Aftermath,Damages the attacker if it contacts the Pokémon\nwith a finishing hit.
20,2,107,Anticipation,The Pokémon can sense an opposing Pokémon’s\ndangerous moves.
20,2,108,Forewarn,"When it enters a battle, the Pokémon can tell one of\nthe moves an opposing Pokémon has."
20,2,109,Unaware,"When attacking, the Pokémon ignores the target\nPokémon’s stat changes."
20,2,110,Tinted Lens,The Pokémon can use “not very effective” moves\nto deal regular damage. 
20,2,111,Filter,Reduces the power of supereffective attacks taken.
20,2,112,Slow Start,"For five turns, the Pokémon’s Attack and Speed\nstats are halved."
20,2,113,Scrappy,The Pokémon can hit Ghost-type Pokémon with\nNormal- and Fighting-type moves.
20,2,114,Storm Drain,"Draws in all Water-type moves. Instead of being hit \nby Water-type moves, it boosts its Sp. Atk."
20,2,115,Ice Body,The Pokémon gradually regains HP in a hailstorm.
20,2,116,Solid Rock,Reduces the power of supereffective attacks taken.
20,2,117,Snow Warning,The Pokémon summons a hailstorm when it enters\na battle.
20,2,118,Honey Gather,The Pokémon may gather Honey after a battle.
20,2,119,Frisk,"When it enters a battle, the Pokémon can check an\nopposing Pokémon’s held item."
20,2,120,Reckless,Powers up moves that have recoil damage.
20,2,121,Multitype,Changes the Pokémon’s type to match the Plate or\nZ-Crystal it holds.
20,2,122,Flower Gift,Boosts the Attack and Sp. Def stats of itself\nand allies in harsh sunlight.
20,2,123,Bad Dreams,Reduces the HP of sleeping opposing Pokémon.
20,2,124,Pickpocket,Steals an item from an attacker that made\ndirect contact.
20,2,125,Sheer Force,Removes additional effects to increase the power\nof moves when attacking.
20,2,126,Contrary,Makes stat changes have an opposite effect.
20,2,127,Unnerve,Unnerves opposing Pokémon and makes them unable\nto eat Berries.
20,2,128,Defiant,Boosts the Pokémon’s Attack stat sharply when its\nstats are lowered.
20,2,129,Defeatist,Halves the Pokémon’s Attack and Sp. Atk stats\nwhen its HP becomes half or less.
20,2,130,Cursed Body,May disable a move used on the Pokémon.
20,2,131,Healer,Sometimes heals an ally’s status condition.
20,2,132,Friend Guard,Reduces damage done to allies.
20,2,133,Weak Armor,Physical attacks to the Pokémon lower its Defense\nstat but sharply raise its Speed stat.
20,2,134,Heavy Metal,Doubles the Pokémon’s weight.
20,2,135,Light Metal,Halves the Pokémon’s weight.
20,2,136,Multiscale,Reduces the amount of damage the Pokémon takes\nwhen its HP is full.
20,2,137,Toxic Boost,Powers up physical attacks when the Pokémon\nis poisoned.
20,2,138,Flare Boost,Powers up special attacks when the Pokémon\nis burned.
20,2,139,Harvest,May create another Berry after one is used.
20,2,140,Telepathy,Anticipates an ally’s attack and dodges it.
20,2,141,Moody,Raises one stat sharply and lowers another\nevery turn.
20,2,142,Overcoat,"Protects the Pokémon from things like sand, hail,\nand powder."
20,2,143,Poison Touch,May poison a target when the Pokémon\nmakes contact.
20,2,144,Regenerator,Restores a little HP when withdrawn from battle.
20,2,145,Big Pecks,Protects the Pokémon from\nDefense-lowering effects.
20,2,146,Sand Rush,Boosts the Pokémon’s Speed stat in a sandstorm.
20,2,147,Wonder Skin,Makes status moves more likely to miss.
20,2,148,Analytic,Boosts move power when the Pokémon moves last.
20,2,149,Illusion,Comes out disguised as the Pokémon in the party’s\nlast spot.
20,2,150,Imposter,The Pokémon transforms itself into the Pokémon\nit’s facing.
20,2,151,Infiltrator,"Passes through the opposing Pokémon’s barrier,\nsubstitute, and the like and strikes."
20,2,152,Mummy,Contact with the Pokémon changes the attacker’s\nAbility to Mummy.
20,2,153,Moxie,"The Pokémon shows moxie, and that boosts the\nAttack stat after knocking out any Pokémon."
20,2,154,Justified,"Being hit by a Dark-type move boosts the Attack\nstat of the Pokémon, for justice."
20,2,155,Rattled,"Dark-, Ghost-, and Bug-type moves scare the\nPokémon and boost its Speed stat."
20,2,156,Magic Bounce,"Reflects status moves, instead of getting hit\nby them."
20,2,157,Sap Sipper,"Boosts the Attack stat if hit by a Grass-type move,\ninstead of taking damage."
20,2,158,Prankster,Gives priority to a status move.
20,2,159,Sand Force,"Boosts the power of Rock-, Ground-, and Steel-type\nmoves in a sandstorm."
20,2,160,Iron Barbs,Inflicts damage to the attacker on contact with\niron barbs.
20,2,161,Zen Mode,Changes the Pokémon’s shape when HP is half\nor less.
20,2,162,Victory Star,Boosts the accuracy of its allies and itself.
20,2,163,Turboblaze,Moves can be used on the target regardless of\nits Abilities.
20,2,164,Teravolt,Moves can be used on the target regardless of\nits Abilities.
20,2,165,Aroma Veil,Protects itself and its allies from attacks that limit\ntheir move choices.
20,2,166,Flower Veil,Ally Grass-type Pokémon are protected from\nstatus conditions and the lowering of their stats.
20,2,167,Cheek Pouch,Restores HP as well when the Pokémon eats a Berry.
20,2,168,Protean,Changes the Pokémon’s type to the type of the\nmove it’s about to use.
20,2,169,Fur Coat,Halves the damage from physical moves.
20,2,170,Magician,The Pokémon steals the held item of a Pokémon it\nhits with a move.
20,2,171,Bulletproof,Protects the Pokémon from some ball and\nbomb moves.
20,2,172,Competitive,Boosts the Sp. Atk stat sharply when a stat\nis lowered.
20,2,173,Strong Jaw,The Pokémon’s strong jaw boosts the power of its\nbiting moves.
20,2,174,Refrigerate,Normal-type moves become Ice-type moves.\nThe power of those moves is boosted a little.
20,2,175,Sweet Veil,Prevents itself and ally Pokémon from falling asleep.
20,2,176,Stance Change,"The Pokémon changes its form to Blade Forme when\nit uses an attack move, and changes to Shield Forme\nwhen it uses King’s Shield."
20,2,177,Gale Wings,Gives priority to Flying-type moves when the \nPokémon’s HP is full.
20,2,178,Mega Launcher,Powers up aura and pulse moves.
20,2,179,Grass Pelt,Boosts the Pokémon’s Defense stat in \nGrassy Terrain.
20,2,180,Symbiosis,The Pokémon passes its item to an ally that has\nused up an item.
20,2,181,Tough Claws,Powers up moves that make direct contact.
20,2,182,Pixilate,Normal-type moves become Fairy-type moves.\nThe power of those moves is boosted a little.
20,2,183,Gooey,Contact with the Pokémon lowers the attacker’s\nSpeed stat.
20,2,184,Aerilate,Normal-type moves become Flying-type moves.\nThe power of those moves is boosted a little.
20,2,185,Parental Bond,Parent and child each attacks.
20,2,186,Dark Aura,Powers up each Pokémon’s Dark-type moves.
20,2,187,Fairy Aura,Powers up each Pokémon’s Fairy-type moves.
20,2,188,Aura Break,The effects of “Aura” Abilities are reversed\nto lower the power of affected moves.
20,2,189,Primordial Sea,The Pokémon changes the weather to nullify\nFire-type attacks.
20,2,190,Desolate Land,The Pokémon changes the weather to nullify\nWater-type attacks.
20,2,191,Delta Stream,The Pokémon changes the weather to eliminate all\nof the Flying type’s weaknesses.
20,2,192,Stamina,Boosts the Defense stat when hit by an attack.
20,2,193,Wimp Out,The Pokémon cowardly switches out when its HP\nbecomes half or less.
20,2,194,Emergency Exit,"The Pokémon, sensing danger, switches out when its\nHP becomes half or less."
20,2,195,Water Compaction,Boosts the Pokémon’s Defense stat sharply when hit\nby a Water-type move.
20,2,196,Merciless,The Pokémon’s attacks become critical hits if the\ntarget is poisoned.
20,2,197,Shields Down,"When its HP becomes half or less, the Pokémon’s\nshell breaks and it becomes aggressive."
20,2,198,Stakeout,Doubles the damage dealt to the target’s\nreplacement if the target switches out.
20,2,199,Water Bubble,Lowers the power of Fire-type moves done to the\nPokémon and prevents the Pokémon from getting\na burn.
20,2,200,Steelworker,Powers up Steel-type moves.
20,2,201,Berserk,Boosts the Pokémon’s Sp. Atk stat when it takes a \nhit that causes its HP to become half or less.
20,2,202,Slush Rush,Boosts the Pokémon’s Speed stat in a hailstorm.
20,2,203,Long Reach,The Pokémon uses its moves without making contact\nwith the target.
20,2,204,Liquid Voice,All sound-based moves become Water-type moves.
20,2,205,Triage,Gives priority to a healing move.
20,2,206,Galvanize,Normal-type moves become Electric-type moves.\nThe power of those moves is boosted a little.
20,2,207,Surge Surfer,Doubles the Pokémon’s Speed stat on\nElectric Terrain.
20,2,208,Schooling,"When it has a lot of HP, the Pokémon forms a\npowerful school. It stops schooling when its HP\nis low."
20,2,209,Disguise,"Once per battle, the shroud that covers the\nPokémon can protect it from an attack."
20,2,210,Battle Bond,"Defeating an opposing Pokémon strengthens the\nPokémon’s bond with its Trainer, and it becomes\nAsh-Greninja. Water Shuriken gets more powerful."
20,2,211,Power Construct,Other Cells gather to aid when its HP becomes\nhalf or less. Then the Pokémon changes\nits form to Complete Forme.
20,2,212,Corrosion,The Pokémon can poison the target even if it’s\na Steel or Poison type.
20,2,213,Comatose,It’s always drowsing and will never wake up.\nIt can attack without waking up.
20,2,214,Queenly Majesty,"Its majesty pressures the opposing Pokémon,\nmaking it unable to attack using priority moves."
20,2,215,Innards Out,Damages the attacker landing the finishing hit\nby the amount equal to its last HP.
20,2,216,Dancer,"When another Pokémon uses a dance move,\nit can use a dance move following it regardless\nof its Speed."
20,2,217,Battery,Powers up ally Pokémon’s special moves.
20,2,218,Fluffy,"Halves the damage taken from moves that make\ndirect contact, but doubles that of Fire-type moves."
20,2,219,Dazzling,"Surprises the opposing Pokémon, making it unable\nto attack using priority moves."
20,2,220,Soul-Heart,Boosts its Sp. Atk stat every time a Pokémon faints.
20,2,221,Tangling Hair,Contact with the Pokémon lowers the attacker’s\nSpeed stat.
20,2,222,Receiver,The Pokémon copies the Ability of a defeated ally.
20,2,223,Power of Alchemy,The Pokémon copies the Ability of a defeated ally.
20,2,224,Beast Boost,The Pokémon boosts its most proficient stat each\ntime it knocks out a Pokémon.
20,2,225,RKS System,Changes the Pokémon’s type to match the\nmemory disc it holds.
20,2,226,Electric Surge,Turns the ground into Electric Terrain when the\nPokémon enters a battle.
20,2,227,Psychic Surge,Turns the ground into Psychic Terrain when\nthe Pokémon enters a battle.
20,2,228,Misty Surge,Turns the ground into Misty Terrain when\nthe Pokémon enters a battle.
20,2,229,Grassy Surge,Turns the ground into Grassy Terrain when\nthe Pokémon enters a battle.
20,2,230,Full Metal Body,Prevents other Pokémon’s moves or Abilities from\nlowering the Pokémon’s stats.
20,2,231,Shadow Shield,Reduces the amount of damage the Pokémon takes\nwhile its HP is full.
20,2,232,Prism Armor,Reduces the power of supereffective attacks taken.
20,2,233,Neuroforce,Powers up moves that are super effective.
20,3,1,Puanteur,Le Pokémon émet une odeur si nauséabonde\nqu’il peut effrayer sa cible.
20,3,2,Crachin,Le Pokémon invoque la pluie quand il entre\nau combat.
20,3,3,Turbo,La Vitesse du Pokémon augmente à chaque tour.
20,3,4,Armurbaston,Le Pokémon est protégé des coups critiques\npar une solide carapace.
20,3,5,Fermeté,Le Pokémon encaisse toujours au moins une attaque\ns’il a tous ses PV. Il est également immunisé contre\nles capacités pouvant mettre K.O. en un coup.
20,3,6,Moiteur,"Le Pokémon augmente l’humidité de l’air,\nce qui empêche tous les Pokémon d’utiliser\ndes capacités explosives telles que Destruction."
20,3,7,Échauffement,"Le Pokémon s’est suffisamment échauffé,\nce qui l’immunise contre la paralysie."
20,3,8,Voile Sable,Augmente l’Esquive du Pokémon lors des tempêtes\nde sable.
20,3,9,Statik,"Le Pokémon charge son corps en électricité statique,\net tout contact avec lui peut paralyser."
20,3,10,Absorb Volt,"Si le Pokémon est touché par une capacité Électrik,\nil ne subit aucun dégât et regagne des PV à la place."
20,3,11,Absorb Eau,"Si le Pokémon est touché par une capacité Eau,\nil ne subit aucun dégât et regagne des PV à la place."
20,3,12,Benêt,"Le Pokémon est un grand benêt, ce qui l’immunise\ncontre l’attraction ou la provocation."
20,3,13,Ciel Gris,Annule tous les effets liés à la météo.
20,3,14,Œil Composé,Les yeux à facettes du Pokémon augmentent\nsa Précision.
20,3,15,Insomnia,Le Pokémon est incapable de dormir.
20,3,16,Déguisement,"Lorsque le Pokémon est touché par une capacité,\nil prend le type de celle-ci."
20,3,17,Vaccin,Le Pokémon est naturellement immunisé\ncontre toute forme de poison.
20,3,18,Torche,"Lorsque le Pokémon est touché par une capacité\nde type Feu, il absorbe la chaleur pour renforcer\nses propres capacités Feu."
20,3,19,Écran Poudre,Le Pokémon dispose d’un écran naturel qui le\nprotège des effets additionnels des attaques\nennemies.
20,3,20,Tempo Perso,"Le Pokémon vit sa vie à son propre rythme,\nce qui l’immunise contre la confusion."
20,3,21,Ventouse,"Le Pokémon est solidement fixé au sol, ce qui\nle protège des capacités ou objets qui font changer\nde Pokémon."
20,3,22,Intimidation,"Le Pokémon rugit lorsqu’il arrive au combat,\nce qui intimide l’ennemi et baisse son Attaque."
20,3,23,Marque Ombre,Empêche le Pokémon ennemi de quitter le combat.
20,3,24,Peau Dure,Blesse l’attaquant lorsque le Pokémon subit\nune attaque directe.
20,3,25,Garde Mystik,"Une puissance mystérieuse protège le Pokémon\ncontre toutes les capacités, sauf celles «super\nefficaces»."
20,3,26,Lévitation,"Le Pokémon flotte, ce qui l’immunise contre\nles capacités de type Sol."
20,3,27,Pose Spore,"Peut paralyser, empoisonner ou endormir l’attaquant\nlorsque le Pokémon subit une attaque directe."
20,3,28,Synchro,"Quand le Pokémon est brûlé, paralysé ou empoisonné\npar un autre Pokémon, il partage ce statut avec\ncelui-ci."
20,3,29,Corps Sain,Empêche les stats du Pokémon de baisser à cause\nd’une capacité ou d’un talent.
20,3,30,Médic Nature,Le Pokémon soigne ses altérations de statut\nen quittant le combat.
20,3,31,Paratonnerre,"Le Pokémon détourne sur lui les capacités de\ntype Électrik et les neutralise, tout en montant\nson Attaque Spéciale."
20,3,32,Sérénité,Augmente les chances d’infliger des effets\nadditionnels.
20,3,33,Glissade,Augmente la Vitesse du Pokémon s’il pleut.
20,3,34,Chlorophylle,Augmente la Vitesse du Pokémon s’il y a du soleil.
20,3,35,Lumiattirance,Émet une lumière spécifique qui facilite les\nrencontres avec les Pokémon sauvages.
20,3,36,Calque,"Lorsque le Pokémon entre au combat, il calque\nle talent d’un ennemi pour remplacer le sien."
20,3,37,Coloforce,Double l’Attaque du Pokémon.
20,3,38,Point Poison,Peut empoisonner l’attaquant lorsque le Pokémon\nsubit une attaque directe.
20,3,39,Attention,Le Pokémon a un mental à toute épreuve qui\nempêche les capacités ennemies de lui faire peur.
20,3,40,Armumagma,Le magma qui recouvre le corps du Pokémon\nle protège contre le gel.
20,3,41,Ignifu-Voile,Le voile qui recouvre le Pokémon le protège\ndes brûlures.
20,3,42,Magnépiège,"Attire les Pokémon Acier grâce à un champ\nmagnétique, ce qui les empêche de fuir."
20,3,43,Anti-Bruit,Protège le Pokémon de toutes les capacités sonores.
20,3,44,Cuvette,Le Pokémon récupère progressivement des PV\nlorsqu’il pleut.
20,3,45,Sable Volant,Le Pokémon invoque une tempête de sable\nquand il entre au combat.
20,3,46,Pression,Force l’ennemi à dépenser plus de PP.
20,3,47,Isograisse,Le Pokémon est protégé par une épaisse couche\nde graisse qui diminue de moitié les dégâts qu’il\nsubit des capacités de types Feu et Glace.
20,3,48,Matinal,Le Pokémon se réveille deux fois plus rapidement\nque les autres.
20,3,49,Corps Ardent,Peut brûler l’attaquant lorsque le Pokémon subit\nune attaque directe.
20,3,50,Fuite,Permet de fuir n’importe quel Pokémon sauvage.
20,3,51,Regard Vif,Les yeux perçants du Pokémon empêchent\nsa Précision de baisser.
20,3,52,Hyper Cutter,Le Pokémon est armé de lames tranchantes qui font\nsa fierté et empêchent son Attaque de baisser.
20,3,53,Ramassage,Permet parfois au Pokémon de ramasser les objets\nque ses ennemis ont utilisés. Il lui arrive aussi d’en\ntrouver hors des combats.
20,3,54,Absentéisme,"Lorsque le Pokémon utilise une capacité, il passe\nle tour suivant à paresser."
20,3,55,Agitation,Améliore l’Attaque du Pokémon mais diminue\nla Précision.
20,3,56,Joli Sourire,Peut séduire l’attaquant lorsque le Pokémon subit\nune attaque directe.
20,3,57,Plus,L’Attaque Spéciale du Pokémon augmente\nsi un Pokémon allié a le talent Minus ou Plus.
20,3,58,Minus,L’Attaque Spéciale du Pokémon augmente\nsi un Pokémon allié a le talent Minus ou Plus.
20,3,59,Météo,"Le Pokémon prend le type Eau, Feu ou Glace\nen fonction de la météo."
20,3,60,Glue,"Les objets sont collés au corps gluant du Pokémon,\nce qui empêche ses adversaires de les dérober."
20,3,61,Mue,Le Pokémon soigne parfois ses altérations de statut\nen muant.
20,3,62,Cran,Augmente l’Attaque du Pokémon s’il est affecté\npar une altération de statut.
20,3,63,Écaille Spéciale,Les écailles mystérieuses du Pokémon réagissent\naux altérations de statut en augmentant sa Défense.
20,3,64,Suintement,Le Pokémon suinte un liquide toxique qui blesse\ntous ceux qui tentent de voler ses PV.
20,3,65,Engrais,Augmente la puissance des capacités de type Plante\ndu Pokémon quand il a perdu une certaine quantité\nde PV.
20,3,66,Brasier,Augmente la puissance des capacités de type Feu\ndu Pokémon quand il a perdu une certaine quantité\nde PV.
20,3,67,Torrent,Augmente la puissance des capacités de type Eau\ndu Pokémon quand il a perdu une certaine quantité\nde PV.
20,3,68,Essaim,Augmente la puissance des capacités de type\nInsecte du Pokémon quand il a perdu une certaine\nquantité de PV.
20,3,69,Tête de Roc,Le Pokémon peut utiliser des capacités occasionnant\nun contrecoup sans perdre de PV.
20,3,70,Sécheresse,Le soleil se met à briller quand le Pokémon\nentre au combat.
20,3,71,Piège Sable,Empêche l’ennemi de s’enfuir.
20,3,72,Esprit Vital,Empêche le Pokémon de s’endormir.
20,3,73,Écran Fumée,Un écran de fumée empêche l’ennemi de baisser\nles stats du Pokémon.
20,3,74,Force Pure,Le Pokémon utilise sa maîtrise du yoga pour doubler\nla puissance de ses capacités physiques.
20,3,75,Coque Armure,Le Pokémon est protégé des coups critiques\npar sa carapace.
20,3,76,Air Lock,Annule tous les effets de la météo.
20,3,77,Pieds Confus,Augmente l’Esquive du Pokémon s’il est confus.
20,3,78,Motorisé,"Si le Pokémon est touché par une capacité Électrik,\nil ne subit aucun dégât et sa Vitesse augmente."
20,3,79,Rivalité,"Le Pokémon déteste la concurrence et inflige plus\nde dégâts si l’ennemi est du même sexe. Par contre,\nil en inflige moins si l’ennemi est du sexe opposé."
20,3,80,Impassible,Augmente la Vitesse du Pokémon quand il a peur.
20,3,81,Rideau Neige,Augmente l’Esquive du Pokémon durant les tempêtes\nde grêle.
20,3,82,Gloutonnerie,"Si le Pokémon tient une Baie à manger en cas de PV\nbas, il la mange dès qu’il a perdu la moitié de ses PV."
20,3,83,Colérique,"Si le Pokémon subit un coup critique, il entre\ndans une colère noire qui augmente son Attaque\nau maximum."
20,3,84,Délestage,Augmente la Vitesse du Pokémon s’il perd ou utilise\nl’objet qu’il tenait au début du combat.
20,3,85,Ignifugé,Diminue de moitié les dégâts infligés au Pokémon\npar les capacités de type Feu.
20,3,86,Simple,Les variations de stats sont deux fois plus\nimportantes pour le Pokémon.
20,3,87,Peau Sèche,"Le Pokémon regagne des PV sous la pluie ou s’il\nest touché par une capacité Eau, mais il déteste\nles capacités Feu ou quand le soleil brille."
20,3,88,Télécharge,Le Pokémon compare la Défense et la Défense\nSpéciale de l’adversaire et augmente son Attaque\nou son Attaque Spéciale en conséquence.
20,3,89,Poing de Fer,Augmente la puissance des capacités\ncoups de poing.
20,3,90,Soin Poison,"Quand le Pokémon est empoisonné, il regagne des PV\nau lieu d’en perdre."
20,3,91,Adaptabilité,"Quand le Pokémon utilise une capacité du même type\nque lui, le bonus de puissance qu’elle reçoit\nest encore plus important que normalement."
20,3,92,Multi-Coups,Les capacités pouvant frapper plusieurs fois\nfrappent toujours le nombre maximum de coups.
20,3,93,Hydratation,Soigne les altérations de statut du Pokémon\nquand il pleut.
20,3,94,Force Soleil,"Quand le soleil brille, l’Attaque Spéciale du Pokémon\naugmente mais il perd des PV à chaque tour."
20,3,95,Pied Véloce,Augmente la Vitesse du Pokémon en cas d’altération\nde statut.
20,3,96,Normalise,"Toutes les capacités du Pokémon deviennent de\ntype Normal, quel que soit leur type original.\nLeur puissance augmente légèrement."
20,3,97,Sniper,"Lorsque le Pokémon porte un coup critique,\nles dégâts infligés augmentent encore plus\nque d’habitude."
20,3,98,Garde Magik,Seules les attaques peuvent blesser le Pokémon.
20,3,99,Annule Garde,"Les capacités du Pokémon touchent l’ennemi\nà coup sûr, et vice-versa."
20,3,100,Frein,Le Pokémon utilise toujours sa capacité en dernier.
20,3,101,Technicien,Augmente la puissance des capacités\nles plus faibles.
20,3,102,Feuille Garde,Protège le Pokémon contre les altérations de statut\nquand le soleil brille.
20,3,103,Maladresse,Le Pokémon ne peut utiliser aucun objet tenu.
20,3,104,Brise Moule,Le Pokémon ignore les talents adverses qui auraient\nun effet sur ses capacités.
20,3,105,Chanceux,Le Pokémon est tellement chanceux qu’il inflige\nplus fréquemment des coups critiques.
20,3,106,Boom Final,"Si le Pokémon est mis K.O. par une attaque directe,\nil inflige des dégâts à l’attaquant avant de s’évanouir."
20,3,107,Anticipation,Le Pokémon devine si l’adversaire connaît\nune capacité dangereuse pour lui.
20,3,108,Prédiction,Révèle l’une des capacités de l’ennemi quand\nle combat commence.
20,3,109,Inconscient,"Quand il attaque, le Pokémon ignore les changements\nde stats de l’ennemi."
20,3,110,Lentiteintée,Permet à une capacité «pas très efficace»\nd’infliger des dégâts comme si elle était efficace\nnormalement.
20,3,111,Filtre,Réduit les dégâts subis lorsque le Pokémon\nest touché par une capacité super efficace.
20,3,112,Début Calme,Divise la Vitesse et l’Attaque du Pokémon par deux\npendant les cinq premiers tours du combat.
20,3,113,Querelleur,Permet aux capacités de type Normal ou Combat\ndu Pokémon de toucher les Pokémon de type\nSpectre.
20,3,114,Lavabo,"Le Pokémon détourne sur lui les capacités de\ntype Eau et les neutralise, tout en montant\nson Attaque Spéciale."
20,3,115,Corps Gel,Régénère les PV du Pokémon lors des tempêtes\nde grêle.
20,3,116,Solide Roc,Réduit les dégâts subis lorsque le Pokémon\nest touché par une capacité super efficace.
20,3,117,Alerte Neige,Déclenche une tempête de grêle quand le Pokémon\nentre au combat.
20,3,118,Cherche Miel,Le Pokémon peut parfois trouver du Miel\naprès un combat.
20,3,119,Fouille,Permet de connaître l’objet tenu par l’ennemi\nquand le combat commence.
20,3,120,Téméraire,Augmente la puissance des capacités occasionnant\nun contrecoup.
20,3,121,Multi-Type,Modifie le type du Pokémon en fonction de la plaque\nou du Cristal Z qu’il tient.
20,3,122,Don Floral,Augmente l’Attaque et la Défense Spéciale\ndu Pokémon et de ses alliés lorsque le soleil brille.
20,3,123,Mauvais Rêve,Inflige des dégâts aux ennemis endormis.
20,3,124,Pickpocket,Vole l’objet que tient l’attaquant quand le Pokémon\nsubit une attaque directe.
20,3,125,Sans Limite,"Les capacités ayant un effet additionnel perdent\ncelui-ci, mais leur puissance augmente."
20,3,126,Contestation,"Inverse les changements de stats :\nles augmentations de stats se transforment\nen baisses, et vice-versa."
20,3,127,Tension,"Fait stresser l’ennemi, ce qui l’empêche de manger\ndes Baies."
20,3,128,Acharné,Augmente beaucoup l’Attaque du Pokémon\nquand ses stats baissent.
20,3,129,Défaitiste,"Le Pokémon devient défaitiste quand ses PV\ntombent à la moitié, et son Attaque et son Attaque\nSpéciale sont divisées par deux."
20,3,130,Corps Maudit,"Quand le Pokémon est touché par une capacité,\nil inflige parfois Entrave sur celle-ci."
20,3,131,Cœur Soin,Soigne parfois une altération de statut d’un allié\nproche.
20,3,132,Garde Amie,Diminue les dégâts subis par les alliés.
20,3,133,Armurouillée,"Quand le Pokémon est touché par une capacité\nphysique, sa Défense baisse mais sa Vitesse\naugmente beaucoup."
20,3,134,Heavy Metal,Double le poids du Pokémon.
20,3,135,Light Metal,Divise par deux le poids du Pokémon.
20,3,136,Multiécaille,Le Pokémon reçoit moins de dégâts quand ses PV\nsont au maximum.
20,3,137,Rage Poison,Augmente la puissance des capacités physiques\nquand le Pokémon est empoisonné.
20,3,138,Rage Brûlure,Augmente la puissance des capacités spéciales\nquand le Pokémon est brûlé.
20,3,139,Récolte,Permet de réutiliser une même Baie plusieurs fois.
20,3,140,Télépathe,Le Pokémon anticipe et évite les attaques de\nses alliés.
20,3,141,Lunatique,Augmente beaucoup une stat du Pokémon\net en baisse une autre au hasard à chaque tour.
20,3,142,Envelocape,"Protège des dégâts occasionnés par les tempêtes\nde sable ou la grêle, et neutralise les attaques\nà base de poudre."
20,3,143,Toxitouche,Peut empoisonner l’ennemi par simple contact.
20,3,144,Régé-Force,Restaure un peu de PV si le Pokémon est retiré\ndu combat.
20,3,145,Cœur de Coq,Empêche les capacités adverses de baisser\nla Défense.
20,3,146,Baigne Sable,Augmente la Vitesse lors des tempêtes de sable.
20,3,147,Peau Miracle,Le Pokémon résiste mieux aux capacités de statut.
20,3,148,Analyste,Augmente la puissance des capacités du Pokémon\ns’il attaque en dernier.
20,3,149,Illusion,Donne au Pokémon l’apparence du dernier membre\nde l’équipe pour tromper l’adversaire.
20,3,150,Imposteur,Donne l’apparence du Pokémon adverse.
20,3,151,Infiltration,Traverse les barrières et les clones de l’ennemi\npour attaquer directement.
20,3,152,Momie,Remplace le talent de l’attaquant par «Momie»\nlorsque le Pokémon subit une attaque directe.
20,3,153,Impudence,"Quand le Pokémon met un ennemi K.O., sa confiance\nen lui ne connaît plus de limite et son Attaque\naugmente."
20,3,154,Cœur Noble,"Réveille la noblesse du Pokémon lorsqu’il subit\nune capacité de type Ténèbres, ce qui augmente\nson Attaque."
20,3,155,Phobique,"Si le Pokémon est touché par une capacité de type\nTénèbres, Spectre ou Insecte, sa phobie se révèle\net sa Vitesse augmente."
20,3,156,Miroir Magik,Annule les effets des capacités de statut subies\npar le Pokémon et les retourne à l’envoyeur.
20,3,157,Herbivore,Annule les attaques de type Plante subies par\nle Pokémon et augmente son Attaque.
20,3,158,Farceur,Rend les capacités de statut prioritaires.
20,3,159,Force Sable,"Augmente la puissance des capacités de type\nRoche, Sol et Acier en cas de tempête de sable."
20,3,160,Épine de Fer,Inflige des dégâts à l’attaquant lorsque le Pokémon\nsubit une attaque directe.
20,3,161,Mode Transe,"Quand le Pokémon perd la moitié de ses PV,\nil se transforme."
20,3,162,Victorieux,Augmente la Précision des Pokémon de l’équipe.
20,3,163,TurboBrasier,Le Pokémon ignore les talents adverses qui auraient\nun effet sur ses capacités.
20,3,164,Téra-Voltage,Le Pokémon ignore les talents adverses qui auraient\nun effet sur ses capacités.
20,3,165,Aroma-Voile,Protège l’équipe des effets limitant le libre arbitre.
20,3,166,Flora-Voile,Empêche les alliés de type Plante de subir\ndes baisses de stats et des altérations de statut.
20,3,167,Bajoues,"Restaure des PV lorsque le Pokémon consomme\nune Baie, quelle qu’elle soit."
20,3,168,Protéen,Le Pokémon prend le type de la capacité qu’il utilise.
20,3,169,Toison Épaisse,Divise par deux les dégâts des capacités physiques\nsubies par le Pokémon.
20,3,170,Magicien,Les capacités volent aussi l’objet tenu par la cible.
20,3,171,Pare-Balles,"Protège de certaines capacités projetant\ndes bombes, balles..."
20,3,172,Battant,Augmente beaucoup l’Attaque Spéciale\ndu Pokémon quand ses stats baissent.
20,3,173,Prognathe,Le Pokémon a une mâchoire robuste qui augmente\nla puissance de ses capacités à base de morsures.
20,3,174,Peau Gelée,Les capacités de type Normal deviennent de type\nGlace. Leur puissance augmente légèrement.
20,3,175,Gluco-Voile,Les Pokémon de l’équipe ne peuvent pas s’endormir.
20,3,176,Déclic Tactique,"Le Pokémon prend la Forme Assaut lorsqu’il utilise\nune attaque, et la Forme Parade lorsqu’il utilise\nBouclier Royal."
20,3,177,Ailes Bourrasque,"Quand les PV du Pokémon sont au maximum,\nses capacités de type Vol sont prioritaires."
20,3,178,Méga Blaster,Augmente la puissance de certaines capacités\nde type aura.
20,3,179,Toison Herbue,Augmente la Défense du Pokémon si Champ Herbu\nest actif.
20,3,180,Symbiose,"Quand les alliés utilisent l’objet qu’ils tiennent,\nle Pokémon leur donne l’objet qu’il tient en\nremplacement."
20,3,181,Griffe Dure,Augmente la puissance des attaques directes\ndu Pokémon.
20,3,182,Peau Féérique,Les capacités de type Normal deviennent de type\nFée. Leur puissance augmente légèrement.
20,3,183,Poisseux,Baisse la Vitesse de l’attaquant lorsque le Pokémon\nsubit une attaque directe.
20,3,184,Peau Céleste,Les capacités de type Normal deviennent de type\nVol. Leur puissance augmente légèrement.
20,3,185,Amour Filial,Permet à la mère et à son petit d’attaquer\ntous les deux en même temps.
20,3,186,Aura Ténébreuse,Augmente la puissance des attaques de type\nTénèbres de tous les Pokémon.
20,3,187,Aura Féérique,Augmente la puissance des attaques de type Fée\nde tous les Pokémon.
20,3,188,Aura Inversée,Inverse l’effet des auras en baissant leur puissance.
20,3,189,Mer Primaire,Altère les conditions météo et rend inefficaces\nles attaques de type Feu.
20,3,190,Terre Finale,Altère les conditions météo et rend inefficaces\nles attaques de type Eau.
20,3,191,Souffle Delta,Altère les conditions météo et annule les faiblesses\ndu type Vol.
20,3,192,Endurance,Augmente la Défense du Pokémon lorsqu’il subit\nune attaque.
20,3,193,Escampette,Le Pokémon perd confiance quand ses PV tombent\nà la moitié et s’enfuit dans sa Poké Ball.
20,3,194,Repli Tactique,"Le Pokémon évite les situations inutilement\ndangereuses. Quand ses PV tombent à la moitié,\nil se réfugie dans sa Poké Ball."
20,3,195,Sable Humide,Augmente beaucoup la Défense du Pokémon\nquand il subit une capacité de type Eau.
20,3,196,Cruauté,"Lorsque le Pokémon attaque un adversaire\nempoisonné, le coup sera forcément critique."
20,3,197,Bouclier-Carcan,"Lorsque le Pokémon perd la moitié de ses PV,\nson enveloppe se brise, mais son Attaque et\nson Attaque Spéciale augmentent."
20,3,198,Filature,"Lorsque le Pokémon attaque une cible qui vient\nd’entrer sur le terrain en remplacement d’un autre\nPokémon, les dégâts infligés sont doublés."
20,3,199,Aquabulle,Réduit les dégâts des capacités de type Feu\nsubies par le Pokémon. Il est également immunisé\ncontre les brûlures.
20,3,200,Expert Acier,Augmente la puissance des attaques de type Acier.
20,3,201,Dracolère,Augmente l’Attaque Spéciale du Pokémon\nlorsqu’il tombe à la moitié de ses PV\nà cause d’une attaque.
20,3,202,Chasse-Neige,Augmente la Vitesse du Pokémon quand il grêle.
20,3,203,Longue Portée,Le Pokémon est capable d’utiliser toutes\nses capacités sans entrer en contact direct\navec sa cible.
20,3,204,Hydrata-Son,Toutes les attaques sonores du Pokémon prennent\nle type Eau.
20,3,205,Prioguérison,Toutes les capacités qui soignent le Pokémon\ndirectement deviennent prioritaires.
20,3,206,Peau Électrique,Les capacités de type Normal deviennent de type\nÉlectrik. Leur puissance augmente légèrement.
20,3,207,Surf Caudal,La Vitesse du Pokémon est doublée sur\nun Champ Électrifié.
20,3,208,Banc,"Le Pokémon se rassemble avec ses congénères\nquand ses PV sont élevés. Plus ses PV baissent,\nplus le banc s’amenuise."
20,3,209,Fantômasque,Le déguisement qui recouvre le corps du Pokémon\nest capable de le protéger d’une attaque.
20,3,210,Synergie,"En battant un ennemi, ce Pokémon renforce ses liens\navec son Dresseur. Il prend alors sa Forme Sacha\net ses Sheauriken gagnent en puissance."
20,3,211,Rassemblement,"Lorsque le Pokémon perd la moitié de ses PV,\nses Cellules se rassemblent pour l’encourager,\nce qui lui permet de prendre sa Forme Parfaite."
20,3,212,Corrosion,Permet d’empoisonner les Pokémon de type Acier\nou Poison.
20,3,213,Hypersommeil,Le Pokémon rêve en permanence et ne se réveille\njamais. Il est capable d’attaquer normalement\ntout en dormant.
20,3,214,Prestance Royale,L’adversaire est impressionné par la majesté\ndu Pokémon et ne peut pas le viser avec\nune attaque prioritaire.
20,3,215,Expuls’Organes,Le Pokémon inflige à l’adversaire l’ayant mis K.O.\ndes dégâts égaux au nombre de PV qu’il lui restait\navant le coup de grâce.
20,3,216,Danseuse,"Si n’importe quel Pokémon utilise une capacité\ndansante, ce Pokémon peut se mettre aussi\nà danser."
20,3,217,Batterie,Augmente la puissance des capacités spéciales\ndes alliés.
20,3,218,Boule de Poils,"Divise par deux les dégâts des attaques directes\nsubies par le Pokémon, mais double les dégâts\ndes capacités de type Feu."
20,3,219,Corps Coloré,L’adversaire est abasourdi par le Pokémon et\nne peut pas le viser avec une capacité prioritaire.
20,3,220,Animacœur,Augmente l’Attaque Spéciale du Pokémon\nlorsqu’un autre Pokémon est mis K.O.
20,3,221,Mèche Rebelle,Baisse la Vitesse de l’attaquant lorsque le Pokémon\nsubit une attaque directe.
20,3,222,Receveur,Le Pokémon reçoit le talent d’un allié mis K.O.
20,3,223,Osmose,Le Pokémon acquiert le talent d’un allié mis K.O.
20,3,224,Boost Chimère,Augmente la stat la plus élevée du Pokémon\ns’il met K.O. un autre Pokémon pendant son tour.
20,3,225,Système Alpha,Change le type du Pokémon en fonction\nde la ROM équipée.
20,3,226,Créa-Élec,Le Pokémon crée un Champ Électrifié au moment\noù il entre au combat.
20,3,227,Créa-Psy,Le Pokémon crée un Champ Psychique au moment\noù il entre au combat.
20,3,228,Créa-Brume,Le Pokémon crée un Champ Brumeux au moment\noù il entre au combat.
20,3,229,Créa-Herbe,Le Pokémon crée un Champ Herbu au moment\noù il entre au combat.
20,3,230,Métallo-Garde,Empêche les stats du Pokémon de baisser à cause\nd’une capacité ou d’un talent.
20,3,231,Spectro-Bouclier,Le Pokémon reçoit moins de dégâts quand ses PV\nsont au maximum.
20,3,232,Prisme-Armure,Réduit les dégâts subis lorsque le Pokémon\nest touché par une capacité super efficace.
20,3,233,Cérébro-Force,Augmente encore plus les dégâts infligés par\nles attaques super efficaces.
20,4,1,Duftnote,Lässt das Ziel beim Angriff eventuell durch Gestank\nzurückschrecken.
20,4,2,Niesel,Ruft bei Kampfantritt Regen herbei.
20,4,3,Temposchub,Erhöht in jeder Runde die Initiative.
20,4,4,Kampfpanzer,Wehrt gegnerische Volltreffer mit einem harten\nPanzer ab.
20,4,5,Robustheit,Bietet Schutz gegen K.O.-Attacken. Bei vollen KP\nübersteht das Pokémon auch K.O.-Treffer.
20,4,6,Feuchtigkeit,"Befeuchtet die Umgebung und verhindert so den\nEinsatz von Attacken wie Finale, die Explosionen\nauslösen."
20,4,7,Flexibilität,Der flexible Körper des Pokémon schützt es vor\nParalyse.
20,4,8,Sandschleier,Erhöht in Sandstürmen den Fluchtwert.
20,4,9,Statik,Kann bei Berührung durch statisch aufgeladenen\nKörper paralysieren.
20,4,10,Voltabsorber,"Treffer durch Elektro-Attacken verursachen keinen\nSchaden, sondern regenerieren stattdessen KP."
20,4,11,H2O-Absorber,"Treffer durch Wasser-Attacken verursachen keinen\nSchaden, sondern regenerieren stattdessen KP."
20,4,12,Dösigkeit,"Das Pokémon ist so apathisch, dass es nicht betört\noder provoziert werden kann."
20,4,13,Wolke Sieben,Hebt alle Wetter-Effekte auf.
20,4,14,Facettenauge,Erhöht die Genauigkeit von Attacken.
20,4,15,Insomnia,Verhindert Einschlafen.
20,4,16,Farbwechsel,Ändert seinen Typ zu dem der Attacke des\nAngreifers.
20,4,17,Immunität,Das starke Immunsystem des Pokémon verhindert\nVergiftungen.
20,4,18,Feuerfänger,"Verstärkt Feuer-Attacken, wenn es von\nFeuer-Attacken getroffen wird."
20,4,19,Puderabwehr,Blockiert durch Puder die Zusatzeffekte\ngegnerischer Angriffe.
20,4,20,Tempomacher,Das Pokémon lässt sich nicht aus der Ruhe bringen\nund verhindert so Verwirrung.
20,4,21,Saugnapf,"Blockt Attacken und Items, die Pokémon\naustauschen, indem es sich mit einem Saugnapf\nam Boden verankert."
20,4,22,Bedroher,"Senkt den Angriff der Gegner, indem es sie gleich zu\nKampfantritt bedroht und einschüchtert."
20,4,23,Wegsperre,"Hindert den Gegner an der Flucht beziehungsweise\nam Auswechseln, indem es ihm den Weg versperrt."
20,4,24,Rauhaut,Angreifer werden durch die raue Haut des Pokémon\nbei direkten Attacken verletzt.
20,4,25,Wunderwache,"Wundersame Kräfte bewirken, dass nur sehr\neffektive Treffer bei ihm Schaden anrichten."
20,4,26,Schwebe,Verleiht volle Immunität gegen alle Boden-Attacken\ndurch Schwebezustand.
20,4,27,Sporenwirt,"Wird dieses Pokémon durch eine direkte Attacke\nangegriffen, kann das beim Gegner Paralyse,\nVergiftung oder Schlaf auslösen."
20,4,28,Synchro,"Erleidet das Pokémon Verbrennungen, Vergiftungen\noder Paralyse, ereilt das jeweilige Statusproblem\nauch den Verursacher."
20,4,29,Neutraltorso,Verhindert das Senken der Statuswerte durch\nAttacken und Fähigkeiten von Angreifern.
20,4,30,Innere Kraft,"Wird das Pokémon ausgewechselt, werden seine\nStatusprobleme geheilt."
20,4,31,Blitzfänger,"Zieht Elektro-Attacken an. Statt durch diese\nSchaden zu nehmen, erhöht es den eigenen\nSpezial-Angriff."
20,4,32,Edelmut,"Erhöht die Wahrscheinlichkeit, dass Zusatzeffekte\nvon Attacken auftreten."
20,4,33,Wassertempo,Erhöht bei Regen die Initiative.
20,4,34,Chlorophyll,Erhöht bei Sonnenschein die Initiative.
20,4,35,Erleuchtung,"Erhellt die Umgebung und erhöht dadurch die\nWahrscheinlichkeit, wilden Pokémon zu begegnen."
20,4,36,Fährte,Kopiert bei Kampfantritt die Fähigkeit eines Gegners.
20,4,37,Kraftkoloss,Verdoppelt die Stärke von physischen Attacken.
20,4,38,Giftdorn,Vergiftet den Angreifer bei Berührung eventuell.
20,4,39,Konzentrator,Verhindert durch erhöhte Konzentrationsfähigkeit\nZurückschrecken.
20,4,40,Magmapanzer,Dank eines Panzers aus Magma kann dieses\nPokémon nicht eingefroren werden.
20,4,41,Aquahülle,Verhindert durch eine Hülle aus Wasser\nVerbrennungen.
20,4,42,Magnetfalle,Hindert Stahl-Pokémon durch Magnetismus an der\nFlucht.
20,4,43,Lärmschutz,Bietet durch Schalldämmung volle Immunität gegen\nalle Lärm-Attacken.
20,4,44,Regengenuss,Stellt bei Regen langsam und stetig KP wieder her.
20,4,45,Sandsturm,Erzeugt bei Kampfantritt Sandstürme.
20,4,46,Erzwinger,"Zwingt den Gegner dazu, beim Einsatz von Attacken\nmehr AP zu verbrauchen."
20,4,47,Speckschicht,"Das Pokémon wird von einer dicken Fettschicht\ngeschützt, was den durch Feuer- und Eis-Attacken\nerlittenen Schaden halbiert."
20,4,48,Frühwecker,"Wenn es eingeschlafen ist, kann es doppelt so\nschnell wieder aufwachen wie andere Pokémon."
20,4,49,Flammkörper,Fügt dem Angreifer bei Berührung eventuell\nVerbrennungen zu.
20,4,50,Angsthase,Die Flucht vor wilden Pokémon gelingt immer.
20,4,51,Adlerauge,"Sein scharfer Blick hindert Angreifer daran,\nseine Genauigkeit zu senken."
20,4,52,Scherenmacht,"Hindert Angreifer durch mächtige Scheren daran,\nden Angriffs-Wert zu senken."
20,4,53,Mitnahme,"Hebt gelegentlich von Gegnern benutzte Items auf.\nDies geschieht nicht nur während Kämpfen, sondern\nauch unterwegs."
20,4,54,Schnarchnase,Das Pokémon muss nach Einsatz einer Attacke\neine Runde lang aussetzen.
20,4,55,Übereifer,"Erhöht den Angriffs-Wert, aber senkt die\nGenauigkeit."
20,4,56,Charmebolzen,"Wird dieses Pokémon durch eine direkte Attacke\nangegriffen, verliebt sich der Gegner in es."
20,4,57,Plus,"Erhöht den Spezial-Angriff, wenn das Pokémon einen\nMitstreiter mit der Fähigkeit Plus oder Minus hat."
20,4,58,Minus,"Erhöht den Spezial-Angriff, wenn das Pokémon einen\nMitstreiter mit der Fähigkeit Plus oder Minus hat."
20,4,59,Prognose,"Nimmt je nach Wetter entweder den Typ Wasser,\nFeuer oder Eis an."
20,4,60,Wertehalter,"Trägt es ein Item, bleibt dieses an seinem klebrigen\nKörper haften, wodurch Item-Diebstahl verhindert\nwird."
20,4,61,Expidermis,"Das Pokémon befreit sich eventuell von\nStatusproblemen, indem es seine Haut abstreift."
20,4,62,Adrenalin,Bei Statusproblemen setzt es Adrenalin frei und\nerhöht so seinen Angriffs-Wert.
20,4,63,Notschutz,Bei Statusproblemen schützt es sich mit mysteriösen\nSchuppen und erhöht so seine Verteidigung.
20,4,64,Kloakensoße,"Angreifer, die durch Saug-Attacken Kloakensoße\nin sich aufgenommen haben, nehmen durch deren\nwiderwärtigen Gestank Schaden."
20,4,65,Notdünger,"Erhöht die Stärke von Pflanzen-Attacken,\nwenn die KP auf einen gewissen Wert fallen."
20,4,66,Großbrand,"Erhöht die Stärke von Feuer-Attacken,\nwenn die KP auf einen gewissen Wert fallen."
20,4,67,Sturzbach,"Erhöht die Stärke von Wasser-Attacken,\nwenn die KP auf einen gewissen Wert fallen."
20,4,68,Hexaplaga,"Erhöht die Stärke von Käfer-Attacken,\nwenn die KP auf einen gewissen Wert fallen."
20,4,69,Steinhaupt,"Verhindert Schaden, der durch Rückstoß entstehen\nwürde."
20,4,70,Dürre,Erzeugt bei Kampfantritt gleißendes Sonnenlicht.
20,4,71,Ausweglos,Hindert den Gegner im Kampf an der Flucht.
20,4,72,Munterkeit,"Das Pokémon ist so munter, dass es nicht\neinschlafen kann."
20,4,73,Pulverrauch,"Indem es sich mit pulvrigem Rauch umhüllt, hindert\nes Angreifer daran, seine Statuswerte zu senken."
20,4,74,Mentalkraft,Verdoppelt mit reiner Willenskraft die Stärke seiner\nphysischen Attacken.
20,4,75,Panzerhaut,Wehrt gegnerische Volltreffer mit einem harten\nPanzer ab.
20,4,76,Klimaschutz,Hebt alle Wetter-Effekte auf.
20,4,77,Fußangel,"Erhöht den Fluchtwert, wenn das Pokémon\nverwirrt ist."
20,4,78,Starthilfe,"Treffer durch Elektro-Attacken verursachen keinen\nSchaden, sondern geben dem Pokémon eine\nStarthilfe und erhöhen so seine Initiative."
20,4,79,Rivalität,"Greift es einen Rivalen desselben Geschlechts an,\nwird es stärker. Greift es ein Ziel des anderen\nGeschlechts an, wird es schwächer."
20,4,80,Felsenfest,"Sein eiserner Wille erhöht die Initiative, wann immer\ndas Pokémon zurückschreckt."
20,4,81,Schneemantel,Erhöht bei Hagel den Fluchtwert.
20,4,82,Völlerei,"Setzt bestimmte Beeren nicht erst in einer Notlage\nein, sondern bereits dann, wenn seine KP auf die\nHälfte des Maximalwerts fallen."
20,4,83,Kurzschluss,Wird nach Einstecken eines Volltreffers wütend und\nmaximiert dabei seinen Angriffs-Wert.
20,4,84,Entlastung,"Wenn das von ihm getragene Item verwendet wird\noder verloren geht, erhöht dies seine Initiative."
20,4,85,Hitzeschutz,Sein Hitze abweisender Körper halbiert den durch\nFeuer-Attacken erlittenen Schaden.
20,4,86,Wankelmut,Verdoppelt die Wirkung eigener\nStatusveränderungen.
20,4,87,Trockenheit,Bei Sonnenschein verliert das Pokémon KP und der\nSchaden durch Feuer-Attacken steigt. Bei Regen und\nTreffern durch Wasser-Attacken regeneriert es KP.
20,4,88,Download,"Ist die Spezial-Verteidigung des Gegners höher als\nseine Verteidigung, wird der eigene Spezial-Angriff\nerhöht. Ist die Verteidigung höher, steigt der Angriff."
20,4,89,Eisenfaust,"Erhöht die Stärke von Hieb-, Punch-, Faust- und\nSchlag-Attacken."
20,4,90,Aufheber,"Das Pokémon erleidet keinen Schaden durch\nVergiftung, sondern regeneriert KP."
20,4,91,Anpassung,"Erhöht die Stärke von Attacken, die dem Typ des\nPokémon entsprechen."
20,4,92,Wertelink,Landet mit Serien-Attacken immer die maximale\nAnzahl an Treffern.
20,4,93,Hydration,Heilt bei Regen Statusprobleme.
20,4,94,Solarkraft,"Führt bei Sonnenschein in jeder Runde zu\nKP-Verlusten, erhöht aber den Spezial-Angriff."
20,4,95,Rasanz,Erhöht bei Statusproblemen die Initiative.
20,4,96,Regulierung,Alle Attacken des Pokémon nehmen den Typ Normal\nan und ihre Stärke erhöht sich ein wenig.
20,4,97,Superschütze,Erhöht bei Volltreffern die Stärke der Attacke noch\nweiter.
20,4,98,Magieschild,Das Pokémon nimmt nur durch Offensiv-Attacken\nSchaden.
20,4,99,Schildlos,Alle Attacken des oder auf das Pokémon gelingen\naufgrund seiner deckungslosen Kampftaktik.
20,4,100,Zeitspiel,Handelt auch mit Initiative-Vorteil stets nach dem\nGegner.
20,4,101,Techniker,Erhöht die Stärke von schwächeren Attacken.
20,4,102,Floraschild,Verhindert bei Sonnenschein Statusprobleme.
20,4,103,Tollpatsch,Das Pokémon kann keine getragenen Items\nverwenden.
20,4,104,Überbrückung,Attacken können ungeachtet der Fähigkeiten des\nZieles verwendet werden.
20,4,105,Glückspilz,"Großes Glück erhöht die Wahrscheinlichkeit,\neinen Volltreffer zu landen."
20,4,106,Finalschlag,"Wird das Pokémon durch eine direkte Attacke\nbesiegt, fügt es dem Angreifer Schaden zu."
20,4,107,Vorahnung,Kann gefährliche Attacken des Gegners erahnen.
20,4,108,Vorwarnung,Gibt bei Kampfantritt Auskunft über eine Attacke\naus dem Repertoire des Gegners.
20,4,109,Unkenntnis,"Greift das Pokémon an, ignoriert es sämtliche\nStatusveränderungen des Zieles."
20,4,110,Aufwertung,"Bewirkt, dass nicht sehr effektive Attacken dem Ziel\ntrotz des Typennachteils normalen Schaden zufügen."
20,4,111,Filter,"Reduziert die Stärke von sehr effektiven Attacken\nund verringert damit den Schaden, den das Pokémon\ndurch sie erleidet."
20,4,112,Saumselig,Halbiert fünf Runden lang den Angriffs-Wert und die\nInitiative des Pokémon.
20,4,113,Rauflust,"Bewirkt, dass Normal- und Kampf-Attacken auch\nPokémon vom Typ Geist treffen können."
20,4,114,Sturmsog,"Zieht Wasser-Attacken an. Statt durch diese\nSchaden zu nehmen, erhöht es den eigenen\nSpezial-Angriff."
20,4,115,Eishaut,Regeneriert bei Hagel nach und nach KP.
20,4,116,Felskern,"Reduziert die Stärke von sehr effektiven Attacken\nund verringert damit den Schaden, den das Pokémon\ndurch sie erleidet."
20,4,117,Hagelalarm,Löst bei Kampfantritt Hagel aus.
20,4,118,Honigmaul,Das Pokémon sammelt nach Kämpfen eventuell\nHonig auf.
20,4,119,Schnüffler,Kann bei Kampfantritt Auskunft über das vom\nGegner getragene Item geben.
20,4,120,Achtlos,Erhöht die Stärke von Attacken mit\nRückstoßschaden.
20,4,121,Variabilität,Das Pokémon passt seinen Typ dem der getragenen\nTafel bzw. des getragenen Z-Kristalls an.
20,4,122,Pflanzengabe,Erhöht bei Sonnenschein den Angriff und die\nSpezial-Verteidigung aller Team-Pokémon.
20,4,123,Alptraum,Fügt schlafenden Gegnern Schaden zu.
20,4,124,Langfinger,Stiehlt das Item des Angreifers bei Berührung.
20,4,125,Rohe Gewalt,"Erhöht die Stärke von Attacken, aber hebt dafür ihre\nZusatzeffekte auf."
20,4,126,Umkehrung,"Statusveränderungen werden umgekehrt:\nStatuswerte, die eigentlich erhöht werden sollten,\nsinken und umgekehrt."
20,4,127,Anspannung,"Erzeugt beim Gegner Stress und hindert ihn so\ndaran, Beeren zu konsumieren."
20,4,128,Siegeswille,"Werden die Statuswerte des Pokémon gesenkt,\nsteigt sein Angriff stark."
20,4,129,Schwächling,"Fallen seine KP auf die Hälfte des Maximalwerts oder\nweniger, bekommt es Angst. Dadurch wird die Stärke\nseines Angriffs und Spezial-Angriffs halbiert."
20,4,130,Tastfluch,"Blockiert eventuell die Attacke, mit welcher der\nAngreifer es getroffen hat."
20,4,131,Heilherz,Befreit Mitstreiter gelegentlich von Statusproblemen.
20,4,132,Freundeshut,"Kann den Schaden, den Mitstreiter erleiden,\nverringern."
20,4,133,Bruchrüstung,"Senkt bei erlittenem Treffer durch eine physische\nAttacke die Verteidigung des Pokémon, aber erhöht\ndafür seine Initiative stark."
20,4,134,Schwermetall,Verdoppelt das eigene Gewicht.
20,4,135,Leichtmetall,Halbiert das eigene Gewicht.
20,4,136,Multischuppe,Verringert den erlittenen Schaden bei vollen KP.
20,4,137,Giftwahn,Erhöht bei Vergiftungen die Stärke von physischen\nAttacken.
20,4,138,Hitzewahn,Erhöht bei Verbrennungen die Stärke von\nSpezial-Attacken.
20,4,139,Reiche Ernte,Dieselbe Beere kann mehrmals verwendet werden.
20,4,140,Telepathie,Erkennt und pariert Attacken von Mitstreitern.
20,4,141,Gefühlswippe,Erhöht in jeder Runde aufs Neue einen Statuswert\nstark und senkt einen anderen.
20,4,142,Wetterfest,Nimmt weder durch Wetterlagen wie Sandsturm oder\nHagel noch durch Pulver oder Puder Schaden.
20,4,143,Giftgriff,Kann das Ziel durch bloßes Berühren vergiften.
20,4,144,Belebekraft,"Wird das Pokémon ausgewechselt, regeneriert es\neine kleine Menge an KP."
20,4,145,Brustbieter,"Hindert Angreifer daran, die Verteidigung des\nPokémon zu senken."
20,4,146,Sandscharrer,Erhöht in Sandstürmen die Initiative.
20,4,147,Wunderhaut,Wehrt mit robustem Körper viele Status-Attacken ab.
20,4,148,Analyse,"Greift das Pokémon zuletzt an, erhöht sich die\nStärke der Attacke, die es einsetzt."
20,4,149,Trugbild,"Führt den Gegner hinters Licht, indem es bei\nKampfantritt die Gestalt des Pokémon an der\nletzten Stelle im Team annimmt."
20,4,150,Doppelgänger,Kämpft als Kopie seines Gegenübers.
20,4,151,Schwebedurch,Überwindet gegnerische Schilde sowie Delegatoren\nund greift an.
20,4,152,Mumie,Überträgt bei Berührung die Fähigkeit Mumie auf den\nAngreifer.
20,4,153,Hochmut,"Besiegt es ein Pokémon, steigt sein Selbstvertrauen\nund somit auch sein Angriff."
20,4,154,Redlichkeit,"Wird es von einer Unlicht-Attacke getroffen, meldet\nsich sein Sinn für Gerechtigkeit zu Wort und sein\nAngriff steigt."
20,4,155,Hasenfuß,"Wird es von einer Unlicht-, Geister- oder Käfer-\nAttacke getroffen, bekommt es Angst und seine\nInitiative steigt."
20,4,156,Magiespiegel,"Lenkt Status-Attacken auf den Angreifer um,\nohne selbst von ihnen getroffen zu werden."
20,4,157,Vegetarier,"Wird es von einer Pflanzen-Attacke getroffen,\nerleidet es keinerlei Schaden und sein Angriff\nsteigt."
20,4,158,Strolch,Ermöglicht einen Erstschlag mit Status-Attacken.
20,4,159,Sandgewalt,"Erhöht in Sandstürmen die Stärke von Gesteins-,\nBoden- und Stahl-Attacken."
20,4,160,Eisenstachel,Fügt dem Angreifer bei Berührung mit eisernen\nStacheln Schaden zu.
20,4,161,Trance-Modus,"Fallen seine KP auf die Hälfte des Maximalwerts oder\nweniger, wechselt es seine Gestalt."
20,4,162,Triumphstern,Erhöht die Genauigkeit aller Team-Pokémon.
20,4,163,Turbobrand,Attacken können ungeachtet der Fähigkeit des Zieles\neingesetzt werden.
20,4,164,Teravolt,Attacken können ungeachtet der Fähigkeit des Zieles\neingesetzt werden.
20,4,165,Dufthülle,Kann alle Team-Pokémon vor mentalen Angriffen\nschützen.
20,4,166,Blütenhülle,Schützt Mitstreiter vom Typ Pflanze vor dem Senken\nihrer Statuswerte sowie vor Statusproblemen.
20,4,167,Backentaschen,Regeneriert beim Konsum von Beeren ungeachtet\nder Beerensorte KP.
20,4,168,Wandlungskunst,Das Pokémon nimmt bei Einsatz einer Attacke deren\nTyp an.
20,4,169,Fellkleid,"Halbiert den Schaden, den das Pokémon durch\nphysische Attacken erleidet."
20,4,170,Zauberer,"Trifft das Pokémon ein Ziel mit einer Attacke, kann es\nihm dabei sein Item stehlen."
20,4,171,Kugelsicher,"Kann das Pokémon vor geworfenen kugelförmigen\nObjekten, wie zum Beispiel Bomben, schützen."
20,4,172,Unbeugsamkeit,"Erhöht den Spezial-Angriff stark, wenn ein\nStatuswert gesenkt wurde."
20,4,173,Titankiefer,Der kräftige Kiefer des Pokémon erhöht die Stärke\nvon Biss-Attacken.
20,4,174,Frostschicht,Attacken vom Typ Normal nehmen den Typ Eis an\nund ihre Stärke erhöht sich ein wenig.
20,4,175,Zuckerhülle,Alle Team-Pokémon können nicht einschlafen.
20,4,176,Taktikwechsel,"Setzt das Pokémon eine Offensiv-Attacke ein, nimmt\nes die Klingenform an. Setzt es danach die Attacke\nKönigsschild ein, nimmt es die Schildform an."
20,4,177,Orkanschwingen,Kann bei vollen KP Flug-Attacken vor dem Gegner\neinsetzen.
20,4,178,Megawumme,"Erhöht die Stärke einiger Wellen-, Aura- und\nPuls-Attacken."
20,4,179,Pflanzenpelz,"Erhöht die Verteidigung, wenn Grasfeld aktiv ist."
20,4,180,Nutznießer,"Gibt Mitstreitern, die ihr Item aufgebraucht haben,\nsein eigenes Item."
20,4,181,Krallenwucht,Erhöht die Stärke von direkten Attacken.
20,4,182,Feenschicht,Attacken vom Typ Normal nehmen den Typ Fee an\nund ihre Stärke erhöht sich ein wenig.
20,4,183,Viskosität,Senkt bei Berührung im Zuge eines Angriffs die\nInitiative des Angreifers.
20,4,184,Zenithaut,Attacken vom Typ Normal nehmen den Typ Flug an\nund ihre Stärke erhöht sich ein wenig.
20,4,185,Familienbande,Zwei Generationen setzen jeweils ein Mal zum\nAngriff an.
20,4,186,Dunkelaura,Erhöht die Stärke aller Attacken des Typs Unlicht.
20,4,187,Feenaura,Erhöht die Stärke aller Attacken des Typs Fee.
20,4,188,Aura-Umkehr,"Kehrt die Wirkung von Auren um und senkt so die\nStärke bestimmter Attacken, anstatt sie zu erhöhen."
20,4,189,Urmeer,"Ändert das Wetter, um Feuer-Attacken wirkungslos\nzu machen."
20,4,190,Endland,"Ändert das Wetter, um Wasser-Attacken wirkungslos\nzu machen."
20,4,191,Delta-Wind,"Ändert das Wetter, um die Schwächen des Typs Flug\nzu beseitigen."
20,4,192,Zähigkeit,"Wird es von einer Attacke getroffen, steigt seine\nVerteidigung."
20,4,193,Reißaus,"Fallen seine KP auf die Hälfte des Maximalwerts oder\nweniger, zieht es sich ängstlich zurück."
20,4,194,Rückzug,"Fallen seine KP auf die Hälfte des Maximalwerts oder\nweniger, bringt es sich in Sicherheit."
20,4,195,Verklumpen,"Wird es von einer Wasser-Attacke getroffen,\nsteigt seine Verteidigung stark."
20,4,196,Quälerei,Sorgt bei Angriffen auf vergiftete Ziele für\nVolltreffergarantie.
20,4,197,Limitschild,"Fallen seine KP auf die Hälfte des Maximalwerts oder\nweniger, zerbricht die Panzerung des Pokémon und\nes wird aggressiver."
20,4,198,Beschattung,Bewirkt bei Angriffen auf neu eingewechselte Ziele\ndoppelten Schaden.
20,4,199,Wasserblase,Feuer-Attacken fügen dem Pokémon weniger\nSchaden zu. Verhindert Verbrennungen.
20,4,200,Stahlprofi,Erhöht die Stärke von Stahl-Attacken.
20,4,201,Wutausbruch,"Fallen seine KP nach einem Angriff auf die Hälfte\ndes Maximalwerts oder weniger, steigt sein\nSpezial-Angriff."
20,4,202,Schneescharrer,Erhöht bei Hagel die Initiative.
20,4,203,Langstrecke,"Ermöglicht dem Pokémon den Einsatz aller seiner\nAttacken, ohne das Ziel dabei direkt zu berühren."
20,4,204,Plätscherstimme,"Bewirkt, dass alle Lärm-Attacken des Pokémon den\nTyp Wasser annehmen."
20,4,205,Heilwandel,"Ermöglicht einen Erstschlag mit Attacken, welche die\nKP des Anwenders direkt regenerieren."
20,4,206,Elektrohaut,Attacken vom Typ Normal nehmen den Typ Elektro an\nund ihre Stärke erhöht sich ein wenig.
20,4,207,Surf-Schweif,"Verdoppelt die Initiative, wenn zuvor ein Elektrofeld\nerzeugt wurde."
20,4,208,Fischschwarm,"Verfügt es über einen hohen KP-Wert, wird es zu\neinem Schwarm und gewinnt an Stärke. Ist der\nKP-Wert niedrig, löst sich der Schwarm wieder auf."
20,4,209,Kostümspuk,Kann ein Mal pro Kampf mit seinem gruseligen\nKostüm einen Angriff abwehren.
20,4,210,Freundschaftsakt,"Besiegt es ein Ziel, vertieft dies die Freundschaft zu\nseinem Trainer, wodurch es die Ash-Form annimmt\nund sein Wasser-Shuriken stärker wird."
20,4,211,Scharwandel,"Fallen seine KP auf die Hälfte des Maximalwerts oder\nweniger, eilen ihm weitere Zellen zu Hilfe und es\nnimmt die Optimumform an."
20,4,212,Korrosion,Kann selbst Pokémon vom Typ Stahl oder Gift\nvergiften.
20,4,213,Dauerschlaf,Das Pokémon befindet sich ununterbrochen im\nHalbschlaf und wacht nie vollständig auf. Es kann\njedoch im Schlaf angreifen.
20,4,214,Majestät,"Schüchtert den Gegner ein und hindert ihn so daran,\nAttacken mit hoher Erstschlagquote einzusetzen."
20,4,215,Magenkrempler,"Wird es durch eine Attacke besiegt, fügt es dem\nAngreifer Schaden in Höhe des KP-Werts zu,\nden es besaß, bevor es kampfunfähig wurde."
20,4,216,Tänzer,Kann direkt im Anschluss an die Tanz-Attacke\neines anderen Pokémon ebenfalls eine solche\neinsetzen.
20,4,217,Batterie,Erhöht die Stärke der Spezial-Attacken seiner\nMitstreiter.
20,4,218,Flauschigkeit,"Halbiert den Schaden, den es durch direkte Attacken\nnimmt, aber verdoppelt dafür den durch\nFeuer-Attacken erlittenen Schaden."
20,4,219,Buntkörper,"Überrascht den Gegner und hindert ihn so daran,\nAttacken mit hoher Erstschlagquote einzusetzen."
20,4,220,Seelenherz,"Erhöht jedes Mal, wenn ein Pokémon besiegt wird,\nden eigenen Spezial-Angriff."
20,4,221,Lockenkopf,Senkt bei Berührung im Zuge eines Angriffs die\nInitiative des Angreifers.
20,4,222,Receiver,"Wird einer seiner Mitstreiter besiegt, erhält es\ndessen Fähigkeit."
20,4,223,Chemiekraft,Wechselt seine Fähigkeit zu der eines kampfunfähig\ngewordenen Mitstreiters.
20,4,224,Bestien-Boost,"Erhöht in jeder Runde, in der es ein anderes\nPokémon besiegt, seinen höchsten Statuswert."
20,4,225,Alpha-System,Das Pokémon passt seinen Typ der getragenen\nDisc an.
20,4,226,Elektro-Erzeuger,Erzeugt bei Kampfantritt ein Elektrofeld.
20,4,227,Psycho-Erzeuger,Erzeugt bei Kampfantritt ein Psychofeld.
20,4,228,Nebel-Erzeuger,Erzeugt bei Kampfantritt ein Nebelfeld.
20,4,229,Gras-Erzeuger,Erzeugt bei Kampfantritt ein Grasfeld.
20,4,230,Metallprotektor,Verhindert das Senken der Statuswerte durch\nAttacken und Fähigkeiten von Angreifern.
20,4,231,Phantomschutz,Verringert den erlittenen Schaden bei vollen KP.
20,4,232,Prismarüstung,"Reduziert die Stärke von sehr effektiven Attacken\nund verringert damit den Schaden, den das Pokémon\ndurch sie erleidet."
20,4,233,Zerebralmacht,Erhöht die Stärke von sehr effektiven Attacken.
20,5,1,Tanfo,A volte il cattivo odore emesso dal Pokémon\nfa tentennare i nemici quando attacca.
20,5,2,Piovischio,"Quando il Pokémon entra in campo, attira la pioggia."
20,5,3,Acceleratore,La Velocità aumenta a ogni turno.
20,5,4,Lottascudo,Il Pokémon è protetto da una dura corazza\nche gli evita di subire brutti colpi.
20,5,5,Vigore,"Se il Pokémon ha tutti i PS, evita che vada KO\nin un sol colpo. Inoltre, è immune alle mosse\nche causano KO immediato."
20,5,6,Umidità,"Aumenta l’umidità circostante, impedendo l’uso\ndi Autodistruzione e di altre mosse esplosive."
20,5,7,Scioltezza,Il corpo flessibile del Pokémon gli impedisce\ndi subire gli effetti della paralisi.
20,5,8,Sabbiavelo,L’elusione aumenta durante le tempeste di sabbia.
20,5,9,Statico,Il contatto fisico con il corpo percorso\ndall’elettricità statica del Pokémon può\ncausare paralisi.
20,5,10,Assorbivolt,"Se il Pokémon subisce una mossa di tipo Elettro,\nrecupera PS anziché subire danni."
20,5,11,Assorbacqua,"Se il Pokémon subisce una mossa di tipo Acqua,\nrecupera PS anziché subire danni."
20,5,12,Indifferenza,L’imperturbabilità del Pokémon lo protegge\nda infatuazioni e provocazioni.
20,5,13,Antimeteo,Neutralizza gli effetti di tutte le condizioni\natmosferiche.
20,5,14,Insettocchi,La precisione del Pokémon aumenta grazie ai suoi\nocchi composti.
20,5,15,Insonnia,Il Pokémon soffre d’insonnia e non può finire\naddormentato.
20,5,16,Cambiacolore,Il Pokémon acquisisce il tipo della mossa subita.
20,5,17,Immunità,L’immunità naturale del Pokémon gli impedisce\ndi essere avvelenato.
20,5,18,Fuocardore,"Se il Pokémon subisce una mossa di tipo Fuoco,\nne sfrutta il calore per potenziare le proprie mosse\ndello stesso tipo."
20,5,19,Polvoscudo,Il Pokémon è protetto da uno strato di scaglie\nche annulla gli effetti secondari delle mosse subite.
20,5,20,Mente Locale,Il Pokémon affronta la vita al proprio ritmo e per\nquesto non può essere colpito dalla confusione.
20,5,21,Ventose,Resiste a strumenti e mosse che causano la\nsostituzione appiccicandosi al terreno con\nle ventose.
20,5,22,Prepotenza,"Quando il Pokémon entra in campo, la sua\nprepotenza intimidisce i nemici, riducendone\nl’Attacco."
20,5,23,Pedinombra,Calpesta l’ombra del nemico impedendogli la fuga\no la sostituzione.
20,5,24,Cartavetro,"Se il Pokémon è colpito da un attacco diretto, grazie\nalla sua pelle ruvida infligge danni a sua volta."
20,5,25,Magidifesa,Un potere misterioso protegge il Pokémon e lo\nrende vulnerabile solo alle mosse superefficaci.
20,5,26,Levitazione,La capacità di levitare senza toccare il suolo\nconferisce immunità agli attacchi di tipo Terra.
20,5,27,Spargispora,"Può causare avvelenamento, paralisi o sonno\na chi manda a segno un attacco diretto."
20,5,28,Sincronismo,"Se un nemico avvelena, paralizza o scotta un\nPokémon con questa abilità, viene affetto dallo\nstesso stato."
20,5,29,Corpochiaro,Rende immuni alla diminuzione delle statistiche\ncausata da abilità o mosse di altri Pokémon.
20,5,30,Alternacura,Cura i problemi di stato quando il Pokémon\nviene sostituito.
20,5,31,Parafulmine,Attira e neutralizza mosse di tipo Elettro\ne aumenta l’Attacco Speciale.
20,5,32,Leggiadro,Gli effetti secondari delle mosse sono più probabili.
20,5,33,Nuotovelox,"Se piove, la Velocità aumenta."
20,5,34,Clorofilla,"Se la luce del sole è intensa, la Velocità aumenta."
20,5,35,Risplendi,"Illumina tutto intorno, rendendo più probabile\nincontrare Pokémon selvatici."
20,5,36,Traccia,"Quando il Pokémon entra in campo, copia l’abilità\ndi un nemico."
20,5,37,Macroforza,L’Attacco del Pokémon raddoppia.
20,5,38,Velenopunto,Può avvelenare chi manda a segno\nun attacco diretto.
20,5,39,Forza Interiore,La capacità di concentrazione del Pokémon evita\nche tentenni per gli attacchi del nemico.
20,5,40,Magmascudo,Il magma riveste il corpo del Pokémon\nimpedendogli di venire congelato.
20,5,41,Idrovelo,Un velo d’acqua riveste il corpo del Pokémon\nimpedendogli di venire scottato.
20,5,42,Magnetismo,La carica magnetica attrae i Pokémon di tipo\nAcciaio impedendone la fuga o la sostituzione.
20,5,43,Antisuono,Il Pokémon è dotato di una sorta di isolamento\nacustico che lo rende immune alle mosse basate\nsul suono.
20,5,44,Copripioggia,Il Pokémon recupera PS quando piove.
20,5,45,Sabbiafiume,"Quando il Pokémon entra in campo, scatena\nuna tempesta di sabbia."
20,5,46,Pressione,"Mette pressione al nemico, facendogli consumare\npiù PP."
20,5,47,Grassospesso,Il Pokémon è protetto da uno spesso strato\ndi grasso che dimezza il danno causato da\nmosse di tipo Fuoco e Ghiaccio.
20,5,48,Sveglialampo,Il Pokémon impiega metà del tempo per risvegliarsi\ndal sonno rispetto agli altri.
20,5,49,Corpodifuoco,"Al contatto subito, chi sferra l’attacco può venire\nscottato."
20,5,50,Fugafacile,Garantisce la fuga dai Pokémon selvatici.
20,5,51,Sguardofermo,La vista acuta del Pokémon impedisce che la sua\nprecisione diminuisca.
20,5,52,Ipertaglio,L’Attacco del Pokémon non può diminuire\ngrazie alla morsa micidiale in cui è in grado\ndi stringere i nemici.
20,5,53,Raccolta,Il Pokémon a volte trova lo strumento usato da\nun nemico durante la lotta. Permette di trovare\ndegli strumenti anche durante l’avventura.
20,5,54,Pigrone,"Quando il Pokémon usa una mossa, nel turno\nsuccessivo si riposerà."
20,5,55,Tuttafretta,"Aumenta l’Attacco, ma diminuisce la precisione."
20,5,56,Incantevole,Può causare infatuazione a chi manda a segno\nun attacco diretto.
20,5,57,Più,Aumenta l’Attacco Speciale se ci sono\nalleati con l’abilità Meno o Più.
20,5,58,Meno,Aumenta l’Attacco Speciale se ci sono\nalleati con l’abilità Meno o Più.
20,5,59,Previsioni,"Cambia il tipo del Pokémon in Acqua, Fuoco\no Ghiaccio in base alle condizioni atmosferiche."
20,5,60,Antifurto,Gli strumenti restano appiccicati al corpo adesivo\ndel Pokémon e non possono essere rubati.
20,5,61,Muta,Il Pokémon può guarire dai problemi di stato\nfacendo la muta completa della pelle.
20,5,62,Dentistretti,"Se è affetto da un problema di stato, il Pokémon\ntira fuori la grinta e aumenta il proprio Attacco."
20,5,63,Pelledura,"Se il Pokémon è affetto da un problema di stato,\nle squame sulla sua pelle si induriscono aumentando\nla sua Difesa."
20,5,64,Melma,"Il Pokémon secerne delle sostanze tossiche.\nSe un nemico manda a segno una mossa che\nassorbe i PS, subisce dei danni."
20,5,65,Erbaiuto,"Quando il Pokémon ha pochi PS, la potenza delle\nsue mosse di tipo Erba aumenta."
20,5,66,Aiutofuoco,"Quando il Pokémon ha pochi PS, la potenza delle\nsue mosse di tipo Fuoco aumenta."
20,5,67,Acquaiuto,"Quando il Pokémon ha pochi PS, la potenza delle\nsue mosse di tipo Acqua aumenta."
20,5,68,Aiutinsetto,"Quando il Pokémon ha pochi PS, la potenza delle\nsue mosse di tipo Coleottero aumenta."
20,5,69,Testadura,Protegge il Pokémon dai contraccolpi.
20,5,70,Siccità,"Quando il Pokémon entra in campo, la luce solare\ndiventa intensa."
20,5,71,Trappoarena,Impedisce la fuga al nemico.
20,5,72,Spiritovivo,Il Pokémon è talmente vivace che non può\naddormentarsi.
20,5,73,Fumochiaro,Il Pokémon è protetto da un fumo chiaro che\nimpedisce ai nemici di diminuire le sue statistiche.
20,5,74,Forzapura,L’Attacco del Pokémon raddoppia grazie\nalla sua padronanza delle tecniche yoga.
20,5,75,Guscioscudo,Il Pokémon è protetto da un guscio robusto\nche gli evita di subire brutti colpi.
20,5,76,Riparo,Il Pokémon non subisce gli effetti di nessuna\ncondizione atmosferica.
20,5,77,Intricopiedi,"Se il Pokémon è confuso, ne aumenta l’elusione."
20,5,78,Elettrorapid,"Se il Pokémon viene colpito da una mossa di\ntipo Elettro, la neutralizza e sfrutta la carica\nelettrica per aumentare la propria Velocità."
20,5,79,Antagonismo,"Rende più forti contro nemici dello stesso sesso,\nma più deboli contro nemici di sesso opposto."
20,5,80,Cuordeciso,"Se il Pokémon tentenna, il suo animo indomito\nsi risveglia e la sua Velocità aumenta."
20,5,81,Mantelneve,Aumenta l’elusione quando grandina.
20,5,82,Voracità,"Il Pokémon non attende di aver perso molti PS\nper mangiare certe bacche, ma lo fa non appena\ni suoi PS scendono a metà o meno."
20,5,83,Grancollera,"Se il Pokémon subisce un brutto colpo, monta su\ntutte le furie e il suo Attacco aumenta al massimo."
20,5,84,Agiltecnica,Aumenta la Velocità dopo aver usato o perso\nuno strumento.
20,5,85,Antifuoco,Il suo corpo termoresistente dimezza i danni\ninflitti dalle mosse di tipo Fuoco.
20,5,86,Disinvoltura,Raddoppia le modifiche alle statistiche.
20,5,87,Pellearsa,"Il Pokémon recupera PS se piove o se subisce\nmosse di tipo Acqua, ma con la luce solare intensa\nperde PS. Subisce più danni da mosse di tipo Fuoco."
20,5,88,Download,"Analizza Difesa e Difesa Speciale del nemico e,\na seconda di qual è più bassa, aumenta il proprio\nAttacco o Attacco Speciale."
20,5,89,Ferropugno,Potenzia le mosse che utilizzano pugni.
20,5,90,Velencura,Il Pokémon recupera PS anziché perderli\nse è avvelenato.
20,5,91,Adattabilità,Potenzia di molto le mosse dello stesso tipo\ndel Pokémon.
20,5,92,Abillegame,Le mosse multicolpo eseguono sempre il massimo\ndegli attacchi possibili.
20,5,93,Idratazione,"Se piove, il Pokémon guarisce dai problemi di stato."
20,5,94,Solarpotere,"Se la luce del sole è intensa, l’Attacco Speciale\naumenta, ma il Pokémon perde PS a ogni turno."
20,5,95,Piedisvelti,"Se il Pokémon è affetto da un problema di stato,\nla Velocità aumenta."
20,5,96,Normalità,Tutte le mosse del Pokémon diventano di tipo\nNormale e la loro potenza aumenta un po’.
20,5,97,Cecchino,Aumenta ulteriormente i danni inflitti dai brutti colpi.
20,5,98,Magicscudo,Il Pokémon subisce danni solo dagli attacchi.
20,5,99,Nullodifesa,Il Pokémon e chiunque lo attacchi abbassano\nla guardia e le loro mosse vanno sempre a segno.
20,5,100,Rallentatore,Il Pokémon agisce sempre per ultimo.
20,5,101,Tecnico,Potenzia le mosse più deboli del Pokémon.
20,5,102,Fogliamanto,"Se la luce del sole è intensa, evita i problemi\ndi stato."
20,5,103,Impaccio,Il Pokémon non può usare lo strumento che ha.
20,5,104,Rompiforma,"Quando il Pokémon attacca, ignora l’abilità del\nbersaglio se questa ha effetto sulle mosse."
20,5,105,Supersorte,Il Pokémon ha una fortuna incredibile che aumenta\nla sua probabilità di infliggere brutti colpi.
20,5,106,Scoppio,Chi manda KO questo Pokémon con un attacco\ndiretto subisce dei danni.
20,5,107,Presagio,Rivela se il nemico ha mosse pericolose.
20,5,108,Premonizione,"Quando il Pokémon entra in campo, rivela la mossa\npiù potente del nemico."
20,5,109,Imprudenza,"Quando il Pokémon attacca, ignora le modifiche\nalle statistiche del nemico."
20,5,110,Lentifumé,Permette alle mosse non molto efficaci di infliggere\ndanni normalmente senza essere penalizzate dalla\ncompatibilità di tipo sfavorevole.
20,5,111,Filtro,Riduce la potenza delle mosse superefficaci subite.
20,5,112,Lentoinizio,Dimezza per cinque turni l’Attacco e la Velocità.
20,5,113,Nervisaldi,Permette di colpire Pokémon di tipo Spettro\ncon mosse di tipo Normale e Lotta.
20,5,114,Acquascolo,Attira e neutralizza mosse di tipo Acqua\ne aumenta l’Attacco Speciale.
20,5,115,Corpogelo,"Quando grandina, il Pokémon recupera PS."
20,5,116,Solidroccia,Riduce la potenza delle mosse superefficaci subite.
20,5,117,Scendineve,"Quando il Pokémon entra in campo, provoca\nuna grandinata."
20,5,118,Mielincetta,Il Pokémon può raccogliere del Miele alla fine\ndella lotta.
20,5,119,Indagine,"Quando il Pokémon entra in campo, rivela\nlo strumento del nemico."
20,5,120,Temerarietà,Potenzia le mosse che causano contraccolpo.
20,5,121,Multitipo,Cambia il tipo del Pokémon a seconda della lastra\no del Cristallo Z che ha con sé.
20,5,122,Regalfiore,"Se la luce del sole è intensa, aumenta la Difesa\nSpeciale e l’Attacco del Pokémon e dei suoi alleati."
20,5,123,Sogniamari,Infligge danni ai nemici addormentati.
20,5,124,Arraffalesto,"Se il Pokémon viene colpito da un attacco diretto,\nruba lo strumento di chi lo ha attaccato."
20,5,125,Forzabruta,"Aumenta i danni delle mosse, ma ne annulla\ngli effetti aggiuntivi."
20,5,126,Inversione,Le modifiche alle statistiche hanno effetto inverso:\naumentano quando dovrebbero diminuire\ne viceversa.
20,5,127,Agitazione,Il nemico viene intimidito e non può mangiare\nbacche.
20,5,128,Agonismo,L’Attacco aumenta di molto quando le statistiche\ndiminuiscono a causa di un nemico.
20,5,129,Sconforto,"Quando i PS scendono a metà o meno, il Pokémon\nsi scoraggia e l’Attacco e l’Attacco Speciale\nvengono dimezzati."
20,5,130,Corpofunesto,A volte blocca l’ultima mossa usata dal nemico.
20,5,131,Curacuore,A volte cura i problemi di stato degli alleati.
20,5,132,Amicoscudo,I danni inflitti agli alleati del Pokémon\nvengono ridotti.
20,5,133,Sottilguscio,"Se si subiscono danni da mosse fisiche, la Difesa\ndiminuisce e la Velocità aumenta di molto."
20,5,134,Metalpesante,Raddoppia il peso del Pokémon.
20,5,135,Metalleggero,Dimezza il peso del Pokémon.
20,5,136,Multisquame,"Se i PS sono al massimo, riduce il danno subito."
20,5,137,Velenimpeto,"Se il Pokémon è avvelenato, potenzia le mosse\nfisiche."
20,5,138,Bruciaimpeto,"Se il Pokémon è scottato, potenzia le mosse\nspeciali."
20,5,139,Coglibacche,Può ricreare una bacca utilizzata.
20,5,140,Telepatia,Prevede ed evita gli attacchi degli alleati.
20,5,141,Altalena,"A ogni turno, aumenta di molto una statistica\ne ne riduce un’altra."
20,5,142,Copricapo,"Rende immuni ai danni da grandine e tempesta di\nsabbia, alle mosse Spora, Cottonspora, Sonnifero,\nParalizzante e alle mosse “polvere”."
20,5,143,Velentocco,Può avvelenare il nemico al solo contatto.
20,5,144,Rigenergia,Il Pokémon recupera un po’ di PS quando viene\nsostituito.
20,5,145,Pettinfuori,Evita che la Difesa diminuisca.
20,5,146,Remasabbia,La Velocità aumenta durante le tempeste di sabbia.
20,5,147,Splendicute,Resiste più facilmente alle mosse di stato.
20,5,148,Ponderazione,"Se il Pokémon agisce per ultimo, la potenza\ndella mossa aumenta."
20,5,149,Illusione,Il Pokémon inganna il nemico entrando in campo\ncon le sembianze dell’ultimo Pokémon della propria\nsquadra.
20,5,150,Sosia,Il Pokémon si trasforma nel nemico che ha davanti.
20,5,151,Intrapasso,Attacca evitando le barriere e il sostituto\ndel nemico.
20,5,152,Mummia,L’abilità del nemico diventa Mummia dopo\nil contatto.
20,5,153,Arroganza,"Quando manda un nemico KO, il Pokémon si fa\nsicuro di sé e aumenta il proprio Attacco."
20,5,154,Giustizia,"Quando il Pokémon viene colpito da una mossa\ndi tipo Buio, il suo forte senso di giustizia fa sì\nche l’Attacco aumenti."
20,5,155,Paura,"Le mosse di tipo Buio, Spettro e Coleottero\nspaventano il Pokémon aumentandone la Velocità."
20,5,156,Magispecchio,Respinge al mittente le mosse di stato senza\nsubirne gli effetti.
20,5,157,Mangiaerba,"Se il Pokémon viene colpito da una mossa\ndi tipo Erba, la neutralizza e aumenta l’Attacco."
20,5,158,Burla,Le mosse di stato del Pokémon acquistano\npriorità alta.
20,5,159,Silicoforza,"Potenzia le mosse di tipo Roccia, Terra e Acciaio\ndurante le tempeste di sabbia."
20,5,160,Spineferrate,"Se il Pokémon viene colpito da un attacco diretto,\ninfligge danni a sua volta con le sue spine di ferro."
20,5,161,Stato Zen,Cambia la forma del Pokémon se i PS scendono\na metà o meno.
20,5,162,Vittorstella,Aumenta la precisione di tutta la squadra.
20,5,163,Piroturbina,"Quando il Pokémon attacca, ignora l’abilità del\nbersaglio se questa ha effetto sulle mosse."
20,5,164,Teravolt,"Quando il Pokémon attacca, ignora l’abilità del\nbersaglio se questa ha effetto sulle mosse."
20,5,165,Aromavelo,Protegge tutta la squadra da mosse che limitano\nla scelta di attacchi.
20,5,166,Fiorvelo,Evita il calo delle statistiche degli alleati di tipo Erba\ne li protegge dai problemi di stato.
20,5,167,Guancegonfie,Fa recuperare PS quando il Pokémon mangia\nuna bacca.
20,5,168,Mutatipo,Cambia il tipo del Pokémon in quello della mossa\nche usa.
20,5,169,Foltopelo,Dimezza il danno subito dagli attacchi fisici.
20,5,170,Prestigiatore,Ruba lo strumento del Pokémon su cui è stata\nusata una mossa.
20,5,171,Antiproiettile,Protegge da alcune mosse a base di proiettili\ne bombe.
20,5,172,Tenacia,L’Attacco Speciale aumenta di molto quando le\nstatistiche diminuiscono a causa di un nemico.
20,5,173,Ferromascella,La robusta mascella del Pokémon permette\nmorsi molto potenti.
20,5,174,Pellegelo,Le mosse di tipo Normale diventano di tipo\nGhiaccio e la loro potenza aumenta un po’.
20,5,175,Dolcevelo,Impedisce a sé e agli alleati di addormentarsi.
20,5,176,Accendilotta,Assume la Forma Spada se usa una mossa\nd’attacco e la Forma Scudo se usa Scudo Reale.
20,5,177,Aliraffica,"Se il Pokémon ha tutti i PS, le sue mosse\ndi tipo Volante acquistano priorità alta."
20,5,178,Megalancio,"Potenzia le mosse “pulsar”, Forzasfera\ne Ondasana."
20,5,179,Peloderba,"In presenza di un Campo Erboso, la Difesa\naumenta."
20,5,180,Simbiosi,"Se un alleato usa uno strumento, il Pokémon\ngli passa il proprio."
20,5,181,Unghiedure,Potenzia le mosse che causano un contatto fisico.
20,5,182,Pellefolletto,Le mosse di tipo Normale diventano di tipo Folletto\ne la loro potenza aumenta un po’.
20,5,183,Viscosità,"Se il Pokémon viene colpito da un attacco diretto,\nla Velocità di chi l’ha colpito diminuisce."
20,5,184,Pellecielo,Le mosse di tipo Normale diventano di tipo Volante\ne la loro potenza aumenta un po’.
20,5,185,Amorefiliale,Il Pokémon e il suo piccolo attaccano insieme.
20,5,186,Auratetra,Potenzia le mosse di tipo Buio di tutti i Pokémon.
20,5,187,Aurafolletto,Potenzia le mosse di tipo Folletto di tutti i Pokémon.
20,5,188,Frangiaura,Inverte gli effetti di tutte le aure riducendone\nla potenza.
20,5,189,Mare Primordiale,Crea un clima che rende inefficaci\ngli attacchi di tipo Fuoco.
20,5,190,Terra Estrema,Crea un clima che rende inefficaci\ngli attacchi di tipo Acqua.
20,5,191,Flusso Delta,Crea un clima che annulla i punti deboli\ndel tipo Volante.
20,5,192,Sopportazione,"Se il Pokémon subisce un attacco, la sua Difesa\naumenta."
20,5,193,Fuggifuggi,"Se i PS scendono a metà o meno, il Pokémon\nsi fa prendere dalla paura e abbandona la lotta\nin tutta fretta."
20,5,194,Passoindietro,"Se i PS scendono a metà o meno, il Pokémon\nabbandona la lotta per sfuggire al pericolo."
20,5,195,Idrorinforzo,"Se il Pokémon subisce una mossa di tipo Acqua,\nla sua Difesa aumenta di molto."
20,5,196,Spietatezza,Gli attacchi sferrati su un bersaglio avvelenato\nproducono sempre brutti colpi.
20,5,197,Scudosoglia,"Se i PS scendono a metà o meno, il guscio\nsi rompe e il Pokémon si prepara all’offensiva."
20,5,198,Sorveglianza,Raddoppia i danni inflitti a un bersaglio che è\nappena entrato in campo per sostituire un altro\nPokémon.
20,5,199,Bolladacqua,Riduce la potenza delle mosse di tipo Fuoco\nsubite e rende immuni alle scottature.
20,5,200,Tempracciaio,Aumenta la potenza delle mosse di tipo Acciaio.
20,5,201,Furore,"Se i PS scendono a metà o meno a causa di\nun attacco, l’Attacco Speciale aumenta."
20,5,202,Spalaneve,"Se grandina, la Velocità aumenta."
20,5,203,Distacco,Il Pokémon è in grado di usare tutte le sue mosse\nsenza entrare in contatto diretto con il bersaglio.
20,5,204,Idrovoce,Le mosse basate sul suono del Pokémon con questa\nabilità diventano di tipo Acqua.
20,5,205,Primacura,Le mosse che ripristinano direttamente i PS\ndel Pokémon acquistano priorità alta.
20,5,206,Pellelettro,Le mosse di tipo Normale diventano di tipo Elettro\ne la loro potenza aumenta un po’.
20,5,207,Codasurf,"In presenza di un Campo Elettrico, la Velocità\nraddoppia."
20,5,208,Banco,"Quando ha molti PS, il Pokémon forma un banco\ncon i propri simili e si rafforza.\nQuando ne ha pochi, il banco si disperde."
20,5,209,Fantasmanto,Il panno che ricopre il Pokémon lo protegge\nda un singolo attacco.
20,5,210,Morfosintonia,"Se il Pokémon manda KO un nemico, il legame con\nl’Allenatore si rafforza, attivando la trasformazione\nin Greninja Forma Ash. Acqualame si potenzia."
20,5,211,Sciamefusione,"Se i PS del Pokémon scendono a metà o meno, le\ncellule si raggruppano e gli permettono di assumere\nla Forma Perfetta."
20,5,212,Corrosione,Il Pokémon è in grado di avvelenare il bersaglio\nanche se questo è di tipo Acciaio o Veleno.
20,5,213,Sonno Assoluto,Il Pokémon si trova in un costante stato di\ndormiveglia che gli impedisce di svegliarsi.\nPuò attaccare anche da addormentato.
20,5,214,Regalità,L’aura di regalità del Pokémon impedisce al nemico\ndi attaccarlo con mosse che hanno priorità alta.
20,5,215,Espellinterno,"Se il Pokémon viene mandato KO da un attacco,\ninfligge a chi lo ha sferrato tanti danni quanti\nerano i suoi PS prima di ricevere il colpo."
20,5,216,Sincrodanza,Permette al Pokémon di copiare immediatamente\nqualsiasi mossa basata sulla danza usata da un\naltro Pokémon in campo.
20,5,217,Batteria,Aumenta la potenza delle mosse speciali\ndegli alleati.
20,5,218,Morbidone,"Dimezza il danno causato dagli attacchi diretti\ndi un nemico, ma raddoppia quello subito dalle\nmosse di tipo Fuoco."
20,5,219,Corposgargiante,Il Pokémon sbalordisce il nemico e non gli permette\ndi attaccarlo con mosse che hanno priorità alta.
20,5,220,Cuoreanima,Aumenta l’Attacco Speciale ogni volta che\nun Pokémon va KO.
20,5,221,Boccolidoro,"Se il Pokémon viene colpito da un attacco diretto,\nla Velocità di chi l’ha colpito diminuisce."
20,5,222,Ricezione,Il Pokémon acquisisce l’abilità di un alleato\nandato KO.
20,5,223,Forza Chimica,Il Pokémon trasforma la propria abilità in quella\ndi un alleato andato KO.
20,5,224,Ultraboost,"Se il Pokémon ha mandato KO almeno un altro\nPokémon nel turno, aumenta la propria statistica\ndi punta."
20,5,225,Sistema Primevo,Il tipo del Pokémon cambia in base alla ROM\ninstallata.
20,5,226,Elettrogenesi,"Quando il Pokémon entra in campo,\nlo trasforma in un Campo Elettrico."
20,5,227,Psicogenesi,"Quando il Pokémon entra in campo,\nlo trasforma in un Campo Psichico."
20,5,228,Nebbiogenesi,"Quando il Pokémon entra in campo,\nlo trasforma in un Campo Nebbioso."
20,5,229,Erbogenesi,"Quando il Pokémon entra in campo,\nlo trasforma in un Campo Erboso."
20,5,230,Metalprotezione,Rende immuni alla diminuzione delle statistiche\ncausata da abilità o mosse di altri Pokémon.
20,5,231,Spettroguardia,"Se i PS sono al massimo, riduce il danno subito."
20,5,232,Scudoprisma,Riduce la potenza delle mosse superefficaci subite.
20,5,233,Cerebroforza,Potenzia le mosse superefficaci.
20,6,1,Hedor,"Debido al mal olor que emana, al atacar al rival puede\nhacerlo retroceder."
20,6,2,Llovizna,Hace que llueva cuando entra en combate.
20,6,3,Impulso,Aumenta la Velocidad en cada turno.
20,6,4,Armadura Batalla,La robusta coraza que lo protege bloquea los golpes\ncríticos.
20,6,5,Robustez,Evita que el rival pueda debilitarlo de un solo golpe\ncuando tiene los PS al máximo.\nTambién anula los movimientos fulminantes.
20,6,6,Humedad,"Aumenta la humedad del entorno y evita que se\npuedan utilizar movimientos explosivos, tales como\nAutodestrucción."
20,6,7,Flexibilidad,Evita ser paralizado gracias a la flexibilidad de su\ncuerpo.
20,6,8,Velo Arena,Aumenta la Evasión durante las tormentas de arena.
20,6,9,Elec. Estática,La electricidad estática que lo envuelve puede\nparalizar al mínimo contacto.
20,6,10,Absorbe Elec,"Si le alcanza un movimiento de tipo Eléctrico,\nrecupera PS en vez de sufrir daño."
20,6,11,Absorbe Agua,"Si le alcanza un movimiento de tipo Agua,\nrecupera PS en vez de sufrir daño."
20,6,12,Despiste,La indiferencia del Pokémon evita que caiga presa\ndel enamoramiento o sea provocado.
20,6,13,Aclimatación,Anula todos los efectos del tiempo atmosférico.
20,6,14,Ojo Compuesto,Aumenta la precisión de sus movimientos.
20,6,15,Insomnio,Su resistencia al sueño le impide quedarse dormido.
20,6,16,Cambio Color,Adopta el tipo del último movimiento del que se es\nblanco.
20,6,17,Inmunidad,Su sistema inmunitario evita el envenenamiento.
20,6,18,Absorbe Fuego,"Si le alcanza algún movimiento de tipo Fuego,\npotencia sus propios movimientos de dicho tipo."
20,6,19,Polvo Escudo,El polvo de escamas que lo envuelve lo protege de\nlos efectos secundarios de los ataques recibidos.
20,6,20,Ritmo Propio,"Como le gusta hacer las cosas a su manera, los\nrivales no logran confundirlo."
20,6,21,Ventosas,"Sus ventosas se aferran al suelo, con lo cual anula\nmovimientos y objetos que fuerzan el relevo."
20,6,22,Intimidación,Al entrar en combate amilana al rival de tal manera\nque su Ataque disminuye.
20,6,23,Sombra Trampa,Evita que el enemigo huya o sea cambiado por otro.
20,6,24,Piel Tosca,Hiere con su piel áspera al rival que lo ataque con un\nmovimiento de contacto.
20,6,25,Superguarda,"Gracias a un poder misterioso, solo le hacen daño los\nmovimientos supereficaces."
20,6,26,Levitación,Su capacidad de flotar sobre el suelo le proporciona\ninmunidad frente a los movimientos de tipo Tierra.
20,6,27,Efecto Espora,"Puede dormir, envenenar o paralizar al Pokémon con\nel que entre en contacto al recibir un ataque."
20,6,28,Sincronía,"Contagia el envenenamiento, las quemaduras o la\nparálisis al Pokémon que le cause ese estado."
20,6,29,Cuerpo Puro,Evita que bajen sus características a causa de\nmovimientos o habilidades de otros Pokémon.
20,6,30,Cura Natural,Cura problemas de estado al cambiar de Pokémon.
20,6,31,Pararrayos,"Además de atraer y neutralizar los movimientos de\ntipo Eléctrico, sube el Ataque Especial."
20,6,32,Dicha,Aumenta la probabilidad de que los movimientos\ncausen efectos secundarios.
20,6,33,Nado Rápido,Sube la Velocidad cuando llueve.
20,6,34,Clorofila,Sube la Velocidad cuando hace sol.
20,6,35,Iluminación,Aumenta la probabilidad de encontrar Pokémon al\naumentar la visibilidad del entorno.
20,6,36,Rastro,Al entrar en combate copia la habilidad del rival.
20,6,37,Potencia,Duplica la potencia de los ataques físicos.
20,6,38,Punto Tóxico,Puede envenenar al mínimo contacto.
20,6,39,Foco Interno,"Gracias a su profunda concentración, no retrocede\nante los ataques del rival."
20,6,40,Escudo Magma,"Gracias al magma candente que lo envuelve, evita la\ncongelación."
20,6,41,Velo Agua,Evita las quemaduras gracias a la capa de agua que\nlo envuelve.
20,6,42,Imán,Su magnetismo atrae a los Pokémon de tipo Acero y\nles impide huir.
20,6,43,Insonorizar,Su aislamiento acústico lo protege de movimientos\nque usan sonido.
20,6,44,Cura Lluvia,Recupera PS de forma gradual cuando llueve.
20,6,45,Chorro Arena,Crea una tormenta de arena al entrar en combate.
20,6,46,Presión,Presiona al rival para que sus PP se acaben antes.
20,6,47,Sebo,"Gracias a la gruesa capa de grasa que lo protege,\nreduce a la mitad el daño recibido por ataques de\ntipo Fuego y Hielo."
20,6,48,Madrugar,"Si el Pokémon se duerme, tardará la mitad de tiempo\nen despertarse."
20,6,49,Cuerpo Llama,Puede quemar al mínimo contacto.
20,6,50,Fuga,Permite escapar de todos los Pokémon salvajes.
20,6,51,Vista Lince,La aguda vista de este Pokémon evita que disminuya\nsu Precisión.
20,6,52,Corte Fuerte,Evita que el rival le baje el Ataque.
20,6,53,Recogida,"El Pokémon puede recoger objetos que el rival haya\nusado, o bien otros que encuentre en plena aventura."
20,6,54,Ausente,"Al ejecutar un movimiento, el Pokémon descansará\nen el turno siguiente."
20,6,55,Entusiasmo,"Aumenta el Ataque, pero reduce la Precisión."
20,6,56,Gran Encanto,Entrar en contacto con el Pokémon puede causar\nenamoramiento.
20,6,57,Más,Potencia el Ataque Especial si un Pokémon aliado\ntiene la habilidad Más o Menos.
20,6,58,Menos,Potencia el Ataque Especial si un Pokémon aliado\ntiene la habilidad Más o Menos.
20,6,59,Predicción,"Cambia a tipo Agua, Fuego o Hielo en función del\ntiempo atmosférico."
20,6,60,Viscosidad,Protege al Pokémon del robo de objetos al quedarse\npegados a su cuerpo.
20,6,61,Mudar,El Pokémon puede curar sus problemas de estado\nal mudar la piel.
20,6,62,Agallas,"Si sufre un problema de estado, se viene arriba y\naumenta su Ataque."
20,6,63,Escama Especial,Sube la Defensa si el Pokémon sufre un problema de\nestado.
20,6,64,Lodo Líquido,"Debido a su intenso hedor, hiere a los Pokémon que\nintentan drenarle los PS."
20,6,65,Espesura,Potencia los movimientos de tipo Planta del Pokémon\ncuando le quedan pocos PS.
20,6,66,Mar Llamas,Potencia los movimientos de tipo Fuego del Pokémon\ncuando le quedan pocos PS.
20,6,67,Torrente,Potencia los movimientos de tipo Agua del Pokémon\ncuando le quedan pocos PS.
20,6,68,Enjambre,Potencia los movimientos de tipo Bicho del Pokémon\ncuando le quedan pocos PS.
20,6,69,Cabeza Roca,Impide que el Pokémon se dañe con sus propios\nmovimientos.
20,6,70,Sequía,"Cuando el Pokémon entra en combate, el tiempo pasa\na ser soleado."
20,6,71,Trampa Arena,Evita que el rival huya.
20,6,72,Espíritu Vital,Su determinación le impide quedarse dormido.
20,6,73,Humo Blanco,El humo blanco que lo protege evita que otro\nPokémon le baje las características.
20,6,74,Energía Pura,Duplica la potencia de los ataques físicos.
20,6,75,Caparazón,La robusta coraza que lo protege bloquea los golpes\ncríticos.
20,6,76,Bucle Aire,Neutraliza todos los efectos del tiempo atmosférico.
20,6,77,Tumbos,Sube la Evasión si el Pokémon está confuso.
20,6,78,Electromotor,"Si le alcanza un movimiento de tipo Eléctrico, le sube\nla Velocidad en vez de sufrir daño."
20,6,79,Rivalidad,"Si el objetivo es del mismo sexo, su competitividad le\nlleva a infligir más daño. Si es del sexo contrario, en\ncambio, el daño será menor."
20,6,80,Impasible,"Cada vez que retrocede sube su Velocidad, debido\na su voluntad inquebrantable."
20,6,81,Manto Níveo,Sube la Evasión cuando graniza.
20,6,82,Gula,"Cuando sus PS se ven reducidos a la mitad, engulle\nla baya que normalmente solo se comería cuando le\nquedasen pocos PS."
20,6,83,Irascible,"Si recibe un golpe crítico, monta en cólera y sube su\nAtaque hasta el máximo."
20,6,84,Liviano,Sube la Velocidad si usa o pierde el objeto que lleva.
20,6,85,Ignífugo,"Su cuerpo, resistente al calor, reduce a la mitad el\ndaño recibido por movimientos de tipo Fuego."
20,6,86,Simple,Duplica los cambios en las características.
20,6,87,Piel Seca,"Pierde PS si hace sol y los recupera si llueve o recibe\nun movimiento de tipo Agua. Los movimientos de tipo\nFuego, por su parte, le hacen más daño de lo normal."
20,6,88,Descarga,"Compara la Defensa y la Defensa Especial del rival\npara ver cuál es inferior y aumenta su propio Ataque\no Ataque Especial, según corresponda."
20,6,89,Puño Férreo,Aumenta la potencia de los puñetazos.
20,6,90,Antídoto,"Si el Pokémon resulta envenenado, recupera PS en\nvez de perderlos."
20,6,91,Adaptable,Potencia aún más los movimientos cuyo tipo coincida\ncon el del Pokémon.
20,6,92,Encadenado,Los movimientos múltiples se ejecutarán siempre con\nel número máximo de golpes.
20,6,93,Hidratación,Cura los problemas de estado si está lloviendo.
20,6,94,Poder Solar,"Si hace sol, aumenta su Ataque Especial, pero\npierde PS en cada turno."
20,6,95,Pies Rápidos,Aumenta la Velocidad si sufre problemas de estado.
20,6,96,Normalidad,Todos los movimientos se vuelven de tipo Normal y\naumentan ligeramente su potencia.
20,6,97,Francotirador,Potencia los golpes críticos aún más de lo normal.
20,6,98,Muro Mágico,El Pokémon solo recibe daño de ataques.
20,6,99,Indefenso,"Al quedar ambos expuestos, tanto los movimientos\ndel Pokémon como los del rival acertarán siempre."
20,6,100,Rezagado,El Pokémon ejecuta su movimiento tras todos los\ndemás.
20,6,101,Experto,Potencia los movimientos más débiles del Pokémon.
20,6,102,Defensa Hoja,Evita los problemas de estado si hace sol.
20,6,103,Zoquete,El Pokémon no puede usar objetos equipados.
20,6,104,Rompemoldes,Las habilidades del objetivo no afectan a los\nmovimientos empleados.
20,6,105,Afortunado,Su buena suerte aumenta la probabilidad de asestar\ngolpes críticos.
20,6,106,Resquicio,Daña al agresor que le ha dado el golpe de gracia\ncon un movimiento de contacto.
20,6,107,Anticipación,Prevé los movimientos peligrosos del rival.
20,6,108,Alerta,Determina el movimiento más potente del rival al\nentrar en combate.
20,6,109,Ignorante,Pasa por alto las mejoras en las características del\nrival al atacar.
20,6,110,Cromolente,Potencia los movimientos que no son muy eficaces.
20,6,111,Filtro,Mitiga el daño que le infligen los movimientos\nsupereficaces.
20,6,112,Inicio Lento,Baja a la mitad el Ataque y la Velocidad durante\ncinco turnos.
20,6,113,Intrépido,Los movimientos de tipo Normal o Lucha alcanzan a\nlos Pokémon de tipo Fantasma.
20,6,114,Colector,"Además de atraer y neutralizar los movimientos de\ntipo Agua, sube el Ataque Especial."
20,6,115,Gélido,Recupera PS de forma gradual cuando hay tormentas\nde granizo.
20,6,116,Roca Sólida,Mitiga el daño que le infligen los movimientos\nsupereficaces.
20,6,117,Nevada,El Pokémon invoca una tormenta de granizo al entrar\nen combate.
20,6,118,Recogemiel,Es posible que el Pokémon encuentre Miel una\nvez concluido el combate.
20,6,119,Cacheo,El Pokémon puede ver el objeto que lleva el rival al\nentrar en combate.
20,6,120,Audaz,Potencia los movimientos que también dañan al\nusuario.
20,6,121,Multitipo,Cambia el tipo del Pokémon al de la tabla o al del\nCristal Z que lleve.
20,6,122,Don Floral,Aumenta el Ataque y la Defensa Especial de todos\nlos Pokémon del equipo si hace sol.
20,6,123,Mal Sueño,Inflige daño a cualquier rival que esté dormido.
20,6,124,Hurto,"Si el rival usa un movimiento de contacto al atacar,\nle roba el objeto."
20,6,125,Potencia Bruta,"Sube la potencia de los movimientos en detrimento\nde los efectos secundarios, que se ven anulados."
20,6,126,Respondón,Invierte los cambios en las características: bajan\ncuando les toca subir y suben cuando les toca bajar.
20,6,127,Nerviosismo,Pone nervioso al rival y le impide usar bayas.
20,6,128,Competitivo,Sube mucho el Ataque cuando el rival le baja las\ncaracterísticas.
20,6,129,Flaqueza,Se debilita tanto cuando sus PS se ven reducidos a la\nmitad que su Ataque y su Ataque Especial bajan.
20,6,130,Cuerpo Maldito,Puede anular el movimiento usado en su contra.
20,6,131,Alma Cura,A veces cura los problemas de estado de un aliado.
20,6,132,Compiescolta,Reduce el daño que sufren los aliados.
20,6,133,Armadura Frágil,"Al recibir daño por un ataque físico, baja la Defensa,\npero sube mucho la Velocidad del Pokémon."
20,6,134,Metal Pesado,Duplica el peso del Pokémon.
20,6,135,Metal Liviano,Reduce a la mitad el peso del Pokémon.
20,6,136,Compensación,Reduce el daño sufrido si los PS están al máximo.
20,6,137,Ímpetu Tóxico,Aumenta la potencia de los ataques físicos cuando\nel Pokémon está envenenado.
20,6,138,Ímpetu Ardiente,Aumenta la potencia de los ataques especiales\ncuando el Pokémon sufre quemaduras.
20,6,139,Cosecha,Permite reutilizar varias veces una misma baya.
20,6,140,Telepatía,Elude los ataques de los aliados durante el combate.
20,6,141,Veleta,"Cada turno sube mucho una característica, pero\nbaja otra."
20,6,142,Funda,"Protege al Pokémon de las tormentas de arena, el\ngranizo y los movimientos con polvos."
20,6,143,Toque Tóxico,Puede envenenar al objetivo con solo tocarlo.
20,6,144,Regeneración,Recupera unos pocos PS al cambiar de Pokémon.
20,6,145,Sacapecho,Impide que el rival baje la Defensa del Pokémon.
20,6,146,Ímpetu Arena,Aumenta la Velocidad durante las tormentas de\narena.
20,6,147,Piel Milagro,Ofrece una mayor resistencia ante los ataques de\nestado.
20,6,148,Cálculo Final,Aumenta la potencia del movimiento si es el último en\natacar.
20,6,149,Ilusión,Adopta el aspecto del último Pokémon del equipo al\nentrar en combate para desconcertar al rival.
20,6,150,Impostor,El Pokémon se transforma en el que tiene enfrente.
20,6,151,Allanamiento,Ataca rodeando la barrera o el sustituto del rival.
20,6,152,Momia,Contagia la habilidad Momia al rival que entre en\ncontacto con él.
20,6,153,Autoestima,"Al debilitar a un objetivo, su confianza se refuerza\nde tal manera que aumenta el Ataque."
20,6,154,Justiciero,"Si le alcanza un movimiento de tipo Siniestro,\naumenta el Ataque debido a su integridad."
20,6,155,Cobardía,"Si le alcanza un movimiento de tipo Siniestro, Bicho o\nFantasma, el miedo hace que le suba la Velocidad."
20,6,156,Espejo Mágico,"Permite devolver los ataques de estado lanzados por\nel rival, sin verse afectado por ellos."
20,6,157,Herbívoro,Neutraliza los movimientos de tipo Planta y sube el\nAtaque.
20,6,158,Bromista,Permite lanzar ataques de estado en primer lugar.
20,6,159,Poder Arena,"Potencia los movimientos de tipo Tierra, Acero y\nRoca durante las tormentas de arena."
20,6,160,Punta Acero,Inflige daño al rival si este golpea al Pokémon con un\nmovimiento de contacto.
20,6,161,Modo Daruma,Cambia de forma si sus PS se ven reducidos a la\nmitad.
20,6,162,Tinovictoria,Sube la Precisión de todo el equipo.
20,6,163,Turbollama,Las habilidades del objetivo no afectan a los\nmovimientos empleados.
20,6,164,Terravoltaje,Las habilidades del objetivo no afectan a los\nmovimientos empleados.
20,6,165,Velo Aroma,Protege a todo el equipo de ataques que impiden\nelegir movimientos.
20,6,166,Velo Flor,Evita que los Pokémon de tipo Planta aliados\nsufran problemas de estado o que bajen sus\ncaracterísticas.
20,6,167,Carrillo,Recupera PS al comer cualquier baya.
20,6,168,Mutatipo,Cambia su tipo al del movimiento que va a usar.
20,6,169,Pelaje Recio,Reduce a la mitad el daño recibido por ataques\nfísicos del rival.
20,6,170,Prestidigitador,Roba el objeto del Pokémon al que alcance con un\nmovimiento.
20,6,171,Antibalas,No le afectan las bombas ni algunos proyectiles.
20,6,172,Tenacidad,Aumenta mucho su Ataque Especial cuando el rival\nle baja cualquiera de sus características.
20,6,173,Mandíbula Fuerte,Su robusta mandíbula le confiere una mordedura\npotente.
20,6,174,Piel Helada,Convierte los movimientos de tipo Normal en tipo\nHielo y aumenta ligeramente su potencia.
20,6,175,Velo Dulce,Evita que el equipo Pokémon se duerma.
20,6,176,Cambio Táctico,"Adopta la Forma Filo al lanzar un ataque, o bien la\nForma Escudo si usa el movimiento Escudo Real."
20,6,177,Alas Vendaval,Da prioridad a los movimientos de tipo Volador si los\nPS están al máximo.
20,6,178,Megadisparador,Aumenta la potencia de algunos movimientos de\npulsos y auras.
20,6,179,Manto Frondoso,Aumenta la Defensa si hay un campo de hierba en el\nterreno de combate.
20,6,180,Simbiosis,El Pokémon pasa su objeto a un aliado que ya haya\nutilizado el suyo.
20,6,181,Garra Dura,Aumenta la potencia de los movimientos de contacto.
20,6,182,Piel Feérica,Convierte los movimientos de tipo Normal en tipo\nHada y aumenta ligeramente su potencia.
20,6,183,Baba,Baja la Velocidad del rival cuando este ataca\nal Pokémon con un movimiento de contacto.
20,6,184,Piel Celeste,Convierte los movimientos de tipo Normal en tipo\nVolador y aumenta ligeramente su potencia.
20,6,185,Amor Filial,Ataque doble en familia.
20,6,186,Aura Oscura,Aumenta la potencia de todos los movimientos de\ntipo Siniestro.
20,6,187,Aura Feérica,Aumenta la potencia de todos los movimientos de\ntipo Hada.
20,6,188,Rompeaura,"Invierte los efectos de las auras, por lo que baja la\npotencia de ciertos movimientos en vez de subirla."
20,6,189,Mar del Albor,Altera el clima para anular los ataques de tipo Fuego.
20,6,190,Tierra del Ocaso,Altera el clima para anular los ataques de tipo Agua.
20,6,191,Ráfaga Delta,Altera el clima para anular las vulnerabilidades del\ntipo Volador.
20,6,192,Firmeza,Aumenta la Defensa al recibir un ataque.
20,6,193,Huida,Se asusta y abandona el terreno de combate cuando\nsus PS se ven reducidos a la mitad.
20,6,194,Retirada,Abandona el terreno de combate cuando sus PS se\nven reducidos a la mitad para evitar males mayores.
20,6,195,Hidrorrefuerzo,Aumenta mucho la Defensa si le alcanza un\nmovimiento de tipo Agua.
20,6,196,Ensañamiento,Hace que los movimientos asesten siempre un golpe\ncrítico si el rival está envenenado.
20,6,197,Escudo Limitado,Rompe su coraza cuando sus PS se ven reducidos a\nla mitad y adopta una forma ofensiva.
20,6,198,Vigilante,Duplica el daño infligido a un Pokémon que se haya\nincorporado al combate mediante un cambio.
20,6,199,Pompa,Reduce el daño que le provocan los movimientos de\ntipo Fuego e impide que sufra quemaduras.
20,6,200,Acero Templado,Potencia los movimientos de tipo Acero.
20,6,201,Cólera,Aumenta el Ataque Especial si los ataques del\noponente le reducen los PS a la mitad.
20,6,202,Quitanieves,Aumenta su Velocidad si está granizando.
20,6,203,Remoto,Permite usar cualquier movimiento sin entrar en\ncontacto con el rival.
20,6,204,Voz Fluida,Hace que todos los movimientos del Pokémon\nbasados en sonido pasen a ser de tipo Agua.
20,6,205,Primer Auxilio,Da prioridad a los movimientos que curan PS\ndirectamente al Pokémon.
20,6,206,Piel Eléctrica,Convierte los movimientos de tipo Normal en tipo\nEléctrico y aumenta ligeramente su potencia.
20,6,207,Cola Surf,Duplica la Velocidad si hay un campo eléctrico en el\nterreno de combate.
20,6,208,Banco,"Forma bancos con sus congéneres cuando tiene\nmuchos PS, lo cual le otorga más fuerza. Cuando le\nquedan pocos PS, el banco se dispersa."
20,6,209,Disfraz,Permite eludir un único ataque valiéndose de la\ntela que le cubre el cuerpo.
20,6,210,Fuerte Afecto,"Al derrotar a un rival, los vínculos con su Entrenador\nse refuerzan y se convierte en Greninja Ash. Su\nShuriken de Agua también se ve potenciado."
20,6,211,Agrupamiento,"Cuando sus PS se ven reducidos a la mitad, las\ncélulas se reagrupan y adopta su Forma Completa."
20,6,212,Corrosión,Permite envenenar incluso a rivales de tipo Acero o\nVeneno.
20,6,213,Letargo Perenne,No despierta jamás de su profundo letargo \ne incluso ataca dormido.
20,6,214,Regia Presencia,Intimida al rival y le impide usar movimientos con\nprioridad dirigidos al Pokémon.
20,6,215,Revés,"Al caer debilitado, inflige al rival un daño equivalente\na los PS que le quedaran."
20,6,216,Pareja de Baile,Permite copiar inmediatamente cualquier movimiento\nde baile que haya usado otro Pokémon presente en\nel combate.
20,6,217,Batería,Potencia los movimientos especiales de los aliados.
20,6,218,Peluche,"Reduce a la mitad el daño provocado por los\nmovimientos de contacto, pero duplica el infligido\npor los de tipo Fuego."
20,6,219,Cuerpo Vívido,Desconcierta al rival y le impide utilizar movimientos\ncon prioridad contra el usuario.
20,6,220,Coránima,Aumenta el Ataque Especial cada vez que un\nPokémon cae debilitado.
20,6,221,Rizos Rebeldes,Baja la Velocidad del rival cuando este ataca\nal Pokémon con un movimiento de contacto.
20,6,222,Receptor,Adquiere la habilidad de un aliado debilitado.
20,6,223,Reacción Química,Reacciona copiando la habilidad de un aliado\ndebilitado.
20,6,224,Ultraimpulso,"Si el Pokémon derrota a un rival en ese turno,\naumenta su característica más fuerte."
20,6,225,Sistema Alfa,Cambia su tipo según el disco que lleve instalado.
20,6,226,Electrogénesis,Crea un campo eléctrico al entrar en combate.
20,6,227,Psicogénesis,Crea un campo psíquico al entrar en combate.
20,6,228,Nebulogénesis,Crea un campo de niebla al entrar en combate.
20,6,229,Herbogénesis,Crea un campo de hierba al entrar en combate.
20,6,230,Guardia Metálica,Evita que bajen sus características a causa de\nmovimientos o habilidades de otros Pokémon.
20,6,231,Guardia Espectro,Reduce el daño sufrido si los PS están al máximo.
20,6,232,Armadura Prisma,Mitiga el daño que le infligen los movimientos\nsupereficaces.
20,6,233,Fuerza Cerebral,Potencia los ataques supereficaces.
20,7,1,악취,악취를 풍겨서\n공격했을 때 상대가\n풀죽을 때가 있다.
20,7,2,잔비,등장했을 때\n날씨를 비로 만든다.
20,7,3,가속,매 턴 스피드가 올라간다.
20,7,4,전투무장,단단한 껍질에 보호받아\n상대의 공격이\n급소에 맞지 않는다.
20,7,5,옹골참,상대 기술을 받아도\n일격으로 쓰러지지 않는다.\n일격필살 기술도 효과 없다.
20,7,6,습기,주변을 습하게 함으로써\n자폭 등 폭발하는 기술을\n아무도 못 쓰게 한다.
20,7,7,유연,유연한 몸으로 인해\n마비 상태가 되지 않는다.
20,7,8,모래숨기,모래바람일 때\n회피율이 올라간다.
20,7,9,정전기,정전기를 몸에 둘러\n접촉한 상대를\n마비시킬 때가 있다.
20,7,10,축전,전기타입의 기술을 받으면\n데미지를 받지 않고 회복한다.
20,7,11,저수,물타입의 기술을 받으면\n데미지를 받지 않고 회복한다.
20,7,12,둔감,둔감해서\n헤롱헤롱이나 도발 상태가\n되지 않는다.
20,7,13,날씨부정,모든 날씨의 영향이\n없어진다.
20,7,14,복안,복안을 가지고 있어\n기술의 명중률이 올라간다.
20,7,15,불면,잠들지 못하는 체질이라\n잠듦 상태가 되지 않는다.
20,7,16,변색,상대에게 받은 기술의 타입으로\n자신의 타입이 변화한다.
20,7,17,면역,체내에 면역을 가지고 있어\n독 상태가 되지 않는다.
20,7,18,타오르는불꽃,불꽃타입의 기술을 받으면\n불꽃을 받아서 자신이 사용하는\n불꽃타입의 기술이 강해진다.
20,7,19,인분,인분에 보호받아\n기술의 추가 효과를 받지 않게 된다.
20,7,20,마이페이스,마이페이스라서\n혼란 상태가 되지 않는다.
20,7,21,흡반,흡반으로 지면에 달라붙어\n포켓몬을 교체시키는\n기술이나 도구의 효과를 발휘하지 못하게 한다.
20,7,22,위협,등장했을 때 위협해서\n상대를 위축시켜\n상대의 공격을 떨어뜨린다.
20,7,23,그림자밟기,상대의 그림자를 밟아\n도망치거나 교체할 수 없게 한다.
20,7,24,까칠한피부,공격을 받았을 때\n자신에게 접촉한 상대를\n까칠까칠한 피부로 상처를 입힌다.
20,7,25,불가사의부적,효과가 굉장한 기술만\n맞는 불가사의한 힘.
20,7,26,부유,땅에서 뜨는 것으로\n땅타입의 기술을 받지 않는다.
20,7,27,포자,"공격으로 자신에게 접촉한 상대를\n독이나 마비, 잠듦 상태로\n만들 때가 있다."
20,7,28,싱크로,"자신이 걸린\n독이나 마비, 화상을\n상대에게 옮긴다."
20,7,29,클리어바디,상대 기술이나 특성으로\n능력을 떨어뜨릴 수 없다.
20,7,30,자연회복,지닌 포켓몬으로 돌아오면\n상태 이상이 회복된다.
20,7,31,피뢰침,전기타입의 기술을 자신에게\n끌어모아 데미지를 받지 않고\n특수공격을 올린다.
20,7,32,하늘의은총,하늘의 은총 덕분에\n기술의 추가 효과가 나오기 쉽다.
20,7,33,쓱쓱,비가 오는 날씨일 때\n스피드가 올라간다.
20,7,34,엽록소,날씨가 맑을 때\n스피드가 올라간다.
20,7,35,발광,주변을 밝게 하는 것으로\n야생 포켓몬과\n만나기 쉬워진다.
20,7,36,트레이스,등장했을 때\n상대의 특성을 트레이스해서\n같은 특성이 된다.
20,7,37,천하장사,물리공격의\n위력이 2배가 된다.
20,7,38,독가시,자신과 접촉한 상대를\n독 상태로 만들 때가 있다.
20,7,39,정신력,단련한 정신으로 인하여\n상대의 공격에 풀죽지 않는다.
20,7,40,마그마의무장,뜨거운 마그마를 몸에 둘러서\n얼음 상태가 되지 않는다.
20,7,41,수의베일,물의 베일을 몸에 둘러서\n화상 상태가 되지 않는다.
20,7,42,자력,강철타입의 포켓몬을\n자력으로 끌어모아\n도망칠 수 없게 한다.
20,7,43,방음,소리를 차단하는 것으로\n소리 공격을 받지 않는다.
20,7,44,젖은접시,비가 오는 날씨일 때\n조금씩 HP를 회복한다.
20,7,45,모래날림,등장했을 때\n날씨를 모래바람으로 만든다.
20,7,46,프레셔,프레셔를 줘서\n상대가 쓰는 기술의 PP를\n많이 줄인다.
20,7,47,두꺼운지방,두꺼운 지방으로 보호되고 있어\n불꽃타입과 얼음타입의\n기술의 데미지를 반감시킨다.
20,7,48,일찍기상,잠듦 상태가 되어도\n2배 스피드로\n깨어날 수 있다.
20,7,49,불꽃몸,자신과 접촉한 상대를\n화상 상태로 만들 때가 있다.
20,7,50,도주,야생 포켓몬으로부터\n반드시 도망칠 수 있다.
20,7,51,날카로운눈,날카로운 눈 덕분에\n명중률이 떨어지지 않는다.
20,7,52,괴력집게,힘이 자랑인 집게를 가지고 있어\n상대가 공격을 떨어뜨리지 못한다.
20,7,53,픽업,상대가 사용한 도구를\n주워올 때가 있다.\n모험 중에도 주워온다.
20,7,54,게으름,기술을 사용하면\n다음 턴은 쉰다.
20,7,55,의욕,자신의 공격이 높아지지만\n명중률이 떨어진다.
20,7,56,헤롱헤롱바디,자신과 접촉한 상대를\n헤롱헤롱 상태로 만들 때가 있다.
20,7,57,플러스,플러스나 마이너스의 특성을 가진\n포켓몬이 동료에 있으면\n자신의 특수공격이 올라간다.
20,7,58,마이너스,플러스나 마이너스의 특성을 가진\n포켓몬이 동료에 있으면\n자신의 특수공격이 올라간다.
20,7,59,기분파,"날씨의 영향을 받아\n물타입, 불꽃타입, 얼음타입 중\n하나로 변화한다."
20,7,60,점착,점착질의 몸에\n도구가 달라붙어 있어\n상대에게 도구를 뺏기지 않는다.
20,7,61,탈피,몸의 껍질을 벗어 던져\n상태 이상을\n회복할 때가 있다.
20,7,62,근성,상태 이상이 되면\n근성을 보여서\n공격이 올라간다.
20,7,63,이상한비늘,상태 이상이 되면\n이상한 비늘이 반응해서\n방어가 올라간다.
20,7,64,해감액,해감액을 흡수한 상대는\n강렬한 악취로\n데미지를 받아 HP가 줄어든다.
20,7,65,심록,HP가 줄었을 때\n풀타입 기술의\n위력이 올라간다.
20,7,66,맹화,HP가 줄었을 때\n불꽃타입 기술의\n위력이 올라간다.
20,7,67,급류,HP가 줄었을 때\n물타입 기술의\n위력이 올라간다.
20,7,68,벌레의알림,HP가 줄었을 때\n벌레타입 기술의\n위력이 올라간다.
20,7,69,돌머리,반동을 받는 기술을 사용해도\nHP가 줄지 않는다.
20,7,70,가뭄,등장했을 때\n날씨를 맑음으로 만든다.
20,7,71,개미지옥,배틀에서 상대를\n도망칠 수 없게 한다.
20,7,72,의기양양,의기양양해져서\n잠듦 상태가 되지 않는다.
20,7,73,하얀연기,하얀 연기의 보호를 받아\n상대가 능력을 떨어뜨릴 수 없다.
20,7,74,순수한힘,요가의 힘으로\n물리공격의 위력이\n2배가 된다.
20,7,75,조가비갑옷,단단한 껍질의 보호를 받아\n상대의 공격이\n급소에 맞지 않는다.
20,7,76,에어록,모든 날씨의 영향이\n없어진다.
20,7,77,갈지자걸음,혼란 상태일 때는\n회피율이 올라간다.
20,7,78,전기엔진,전기타입의 기술을 받으면\n데미지를 받지 않고\n스피드가 올라간다.
20,7,79,투쟁심,성별이 같으면\n투쟁심을 불태워 강해진다.\n성별이 다르면 약해진다.
20,7,80,불굴의마음,풀죽을 때마다\n불굴의 마음을 불태워\n스피드가 올라간다.
20,7,81,눈숨기,날씨가 싸라기눈일 때\n회피율이 올라간다.
20,7,82,먹보,HP가 줄어들면 먹을\n나무열매를 HP가\n절반일 때 먹어버린다.
20,7,83,분노의경혈,급소에 공격이 맞으면\n크게 분노해 공격력이\n최대가 된다.
20,7,84,곡예,지니던 도구가 없어지면\n스피드가 올라간다.
20,7,85,내열,내열인 몸으로 인해\n불꽃타입 공격의\n데미지를 반감한다.
20,7,86,단순,능력 변화가\n평소의 2배가 된다.
20,7,87,건조피부,비가 오는 날씨나 물타입의\n기술로 HP가 회복되고\n맑을 때나 불꽃타입의 기술로는 줄어든다.
20,7,88,다운로드,상대의 방어와 특수방어를 비교해서\n낮은 쪽 능력에 맞춰서\n자신의 공격이나 특수공격을 올린다.
20,7,89,철주먹,펀치를 사용하는 기술의\n위력이 올라간다.
20,7,90,포이즌힐,독 상태가 되면\nHP가 줄지 않고 증가한다.
20,7,91,적응력,자신과 같은 타입의\n기술 위력이 올라간다.
20,7,92,스킬링크,연속 기술을 사용하면 항상\n최고 횟수를 사용할 수 있다.
20,7,93,촉촉바디,비가 오는 날씨일 때\n상태 이상이 회복된다.
20,7,94,선파워,날씨가 맑으면\n특수공격이 올라가지만\n매 턴 HP가 줄어든다.
20,7,95,속보,상태 이상이 되면\n스피드가 올라간다.
20,7,96,노말스킨,어떤 타입의 기술도\n모두 노말타입이 된다.\n위력이 조금 올라간다.
20,7,97,스나이퍼,공격을 급소에 맞혔을 때\n위력이 더욱 올라간다.
20,7,98,매직가드,공격 이외에는\n데미지를 입지 않는다.
20,7,99,노가드,노가드전법에 따라\n서로가 사용하는 기술이\n반드시 맞게 된다.
20,7,100,시간벌기,기술을 사용하는 순서가\n반드시 마지막이 된다.
20,7,101,테크니션,위력이 약한 기술의\n위력을 올려서 공격할 수 있다.
20,7,102,리프가드,날씨가 맑을 때는\n상태 이상이 되지 않는다.
20,7,103,서투름,지니고 있는 도구를\n쓸 수 없다.
20,7,104,틀깨기,상대 특성에\n방해받지 않고 상대에게\n기술을 쓸 수 있다.
20,7,105,대운,대운을 가지고 있어\n상대의 급소에\n공격이 맞기 쉽다.
20,7,106,유폭,기절했을 때\n접촉한 상대에게\n데미지를 준다.
20,7,107,위험예지,상대가 지닌 위험한 기술을\n감지할 수 있다.
20,7,108,예지몽,등장했을 때\n상대가 지닌 기술을\n하나만 꿰뚫어본다.
20,7,109,천진,상대의 능력 변화를\n무시하고 공격할 수 있다.
20,7,110,색안경,효과가 별로인 기술을\n통상의 위력으로\n쓸 수 있다.
20,7,111,필터,효과가 굉장한\n공격의 위력을\n약하게 만든다.
20,7,112,슬로스타트,5턴 동안\n공격과 스피드가\n절반이 된다.
20,7,113,배짱,고스트타입 포켓몬에게\n노말타입과 격투타입의\n기술을 맞게 한다.
20,7,114,마중물,물타입의 기술을 자신에게 끌어모아\n데미지는 받지 않고 특수공격이 올라간다.
20,7,115,아이스바디,날씨가 싸라기눈일 때 HP를\n조금씩 회복한다.
20,7,116,하드록,효과가 굉장한\n공격의 위력을\n약하게 만든다.
20,7,117,눈퍼뜨리기,등장했을 때\n날씨를 싸라기눈으로 만든다.
20,7,118,꿀모으기,배틀이 끝났을 때\n달콤한꿀을 주울 때가 있다.
20,7,119,통찰,등장했을 때\n상대의 지닌 물건을\n통찰할 수 있다.
20,7,120,이판사판,반동 데미지를\n받는 기술의 위력이 올라간다.
20,7,121,멀티타입,지니고 있는 플레이트나\nZ크리스탈 타입에 따라\n자신의 타입이 바뀐다.
20,7,122,플라워기프트,날씨가 맑을 때\n자신과 같은 편의 공격과\n특수방어의 능력이 올라간다.
20,7,123,나이트메어,잠듦 상태의 상대에게\n데미지를 준다.
20,7,124,나쁜손버릇,접촉한 상대의 도구를\n훔친다.
20,7,125,우격다짐,기술의 추가 효과가 없어지지만\n그만큼 높은 위력으로\n기술을 사용할 수 있다.
20,7,126,심술꾸러기,능력의 변화가 역전해서\n올라갈 때 떨어지고\n떨어질 때 올라간다.
20,7,127,긴장감,상대를 긴장시켜 나무열매를\n먹지 못하게 한다.
20,7,128,오기,능력이 떨어지면\n공격이 크게 올라간다.
20,7,129,무기력,HP가 절반이 되면\n무기력해져서 공격과\n특수공격이 반감된다.
20,7,130,저주받은바디,공격을 받으면 상대의 기술을\n사슬묶기 상태로\n만들 때가 있다.
20,7,131,치유의마음,같은 편의 상태 이상을\n가끔 회복시킨다.
20,7,132,프렌드가드,같은 편의 데미지를\n줄일 수 있다.
20,7,133,깨어진갑옷,물리 기술로 데미지를 받으면\n방어가 떨어지고\n스피드가 크게 올라간다.
20,7,134,헤비메탈,자신의 무게가\n2배가 된다.
20,7,135,라이트메탈,자신의 무게가\n절반이 된다.
20,7,136,멀티스케일,HP가 꽉 찼을 때\n받는 데미지가 줄어든다.
20,7,137,독폭주,독 상태가 되었을 때\n물리 기술의 위력이 올라간다.
20,7,138,열폭주,화상 상태가 되었을 때\n특수 기술의 위력이 올라간다.
20,7,139,수확,사용한 나무열매를\n몇 번이고 만들어 낸다.
20,7,140,텔레파시,같은 편의 공격의 낌새를 읽고\n기술을 회피한다.
20,7,141,변덕쟁이,매 턴 능력 중 하나가\n크게 오르고 하나가 떨어진다.
20,7,142,방진,모래바람이나 싸라기눈 등의\n데미지를 입지 않는다.\n가루의 기술을 받지 않는다.
20,7,143,독수,접촉하기만 해도 상대를\n독 상태로 만들 때가 있다.
20,7,144,재생력,지닌 포켓몬으로 돌아오면\nHP를 조금 회복한다.
20,7,145,부풀린가슴,방어를 떨어뜨리는\n효과를 받지 않는다.
20,7,146,모래헤치기,날씨가 모래바람일 때\n스피드가 올라간다.
20,7,147,미라클스킨,변화 기술을 받기 어려운\n몸으로 되어 있다.
20,7,148,애널라이즈,제일 마지막에 기술을 쓰면\n기술의 위력이 올라간다.
20,7,149,일루전,지닌 포켓몬 중 제일 뒤에 있는\n포켓몬으로 둔갑하여 나와서\n상대를 속인다.
20,7,150,괴짜,눈앞의 포켓몬으로\n변신해버린다.
20,7,151,틈새포착,상대의 벽이나 대타출동을\n뚫고 공격할 수 있다.
20,7,152,미라,상대가 접촉하면\n상대를 미라로 만들어버린다.
20,7,153,자기과신,상대를 쓰러뜨리면\n자신감이 붙어서\n공격이 올라간다.
20,7,154,정의의마음,악타입 공격을 받으면\n정의감으로 공격이 올라간다.
20,7,155,주눅,악타입과 고스트타입과\n벌레타입의 기술을 받으면\n주눅이 들어 스피드가 올라간다.
20,7,156,매직미러,상대가 쓴 변화 기술을 받지 않고\n그대로 되받아칠 수 있다.
20,7,157,초식,풀타입 기술을 받으면\n데미지를 입지 않고\n공격이 올라간다.
20,7,158,짓궂은마음,변화 기술을 먼저\n쓸 수 있다.
20,7,159,모래의힘,날씨가 모래바람일 때\n바위타입과 땅타입과\n강철타입의 위력이 올라간다.
20,7,160,철가시,자신과 접촉한 상대에게\n철가시로 데미지를 준다.
20,7,161,달마모드,HP가 절반 이하가 되면\n모습이 변화한다.
20,7,162,승리의별,자신과 같은 편의\n명중률이 올라간다.
20,7,163,터보블레이즈,상대 특성에 방해받지 않고\n상대에게 기술을 쓸 수 있다.
20,7,164,테라볼티지,상대 특성에 방해받지 않고\n상대에게 기술을 쓸 수 있다.
20,7,165,아로마베일,자신과 같은 편으로 향하는\n멘탈 공격을 막을 수 있다.
20,7,166,플라워베일,같은 편의 풀타입 포켓몬은\n능력이 떨어지지 않고\n상태 이상도 되지 않는다.
20,7,167,볼주머니,어떤 나무열매라도\n먹으면 HP도 회복한다.
20,7,168,변환자재,자신이 사용한 기술과\n같은 타입으로 변화한다.
20,7,169,퍼코트,상대로부터 받는 물리 기술의\n데미지가 절반이 된다.
20,7,170,매지션,기술을 맞은 상대의\n도구를 빼앗아 버린다.
20,7,171,방탄,상대 구슬이나 폭탄 등\n기술을 막을 수 있다.
20,7,172,승기,능력이 떨어지면\n특수공격이 크게 올라간다.
20,7,173,옹골찬턱,턱이 튼튼하여\n무는 기술의 위력이\n올라간다.
20,7,174,프리즈스킨,노말타입의 기술이\n얼음타입이 된다.\n위력이 조금 올라간다.
20,7,175,스위트베일,같은 편의 포켓몬이\n잠들지 않게 된다.
20,7,176,배틀스위치,공격 기술을 쓰면 블레이드폼으로\n기술 킹실드를 쓰면\n실드폼으로 변한다.
20,7,177,질풍날개,HP가 꽉 찼을 때\n비행타입의 기술을\n먼저 쓸 수 있다.
20,7,178,메가런처,파동 기술의\n위력이 올라간다.
20,7,179,풀모피,그래스필드일 때\n방어가 올라간다.
20,7,180,공생,같은 편이 도구를 쓰면\n자신이 지니고 있는 도구를\n같은 편에게 건넨다.
20,7,181,단단한발톱,상대에게 접촉하는 기술의\n위력이 올라간다.
20,7,182,페어리스킨,노말타입의 기술이\n페어리타입이 된다.\n위력이 조금 올라간다.
20,7,183,미끈미끈,공격으로 자신과 접촉한 상대의\n스피드를 떨어뜨린다.
20,7,184,스카이스킨,노말타입의 기술이\n비행타입이 된다.\n위력이 조금 올라간다.
20,7,185,부자유친,부모와 자식 2마리로 2번\n공격할 수 있다.
20,7,186,다크오라,전원의 악타입\n기술이 강해진다.
20,7,187,페어리오라,전원의 페어리타입\n기술이 강해진다.
20,7,188,오라브레이크,오라의 효과를 역전시켜\n위력을 떨어뜨린다.
20,7,189,시작의바다,불꽃타입의 공격을\n받지 않는 날씨로 만든다.
20,7,190,끝의대지,물타입의 공격을\n받지 않는 날씨로 만든다.
20,7,191,델타스트림,비행타입의 약점이\n없어지는 날씨로 만든다.
20,7,192,지구력,공격을 받으면\n방어가 올라간다.
20,7,193,도망태세,HP가 절반이 되면\n황급히 도망쳐서\n지닌 포켓몬으로 돌아간다.
20,7,194,위기회피,HP가 절반이 되면\n위험을 회피하기 위해\n지닌 포켓몬으로 돌아간다.
20,7,195,꾸덕꾸덕굳기,물타입의 기술을 받으면\n방어가 크게 올라간다.
20,7,196,무도한행동,독 상태의\n상대를 공격하면\n반드시 급소에 맞는다.
20,7,197,리밋실드,HP가 절반이 되면\n껍질이 깨져\n공격적으로 된다.
20,7,198,잠복,교체로 나온 상대에게\n2배 데미지로 공격할 수 있다.
20,7,199,수포,자신을 향하는 불꽃타입\n기술의 위력을 떨어뜨린다.\n화상을 입지 않는다.
20,7,200,강철술사,강철타입 기술의\n위력이 올라간다.
20,7,201,발끈,상대의 공격으로\nHP가 절반이 되면\n특수공격이 올라간다.
20,7,202,눈치우기,날씨가 싸라기눈일 때\n스피드가 올라간다.
20,7,203,원격,모든 기술을\n상대에게 접촉하지 않고\n사용할 수 있다.
20,7,204,촉촉보이스,모든 소리 기술이\n물타입이 된다.
20,7,205,힐링시프트,회복 기술을 먼저\n사용할 수 있다.
20,7,206,일렉트릭스킨,노말타입 기술이\n전기타입이 된다.\n위력이 조금 올라간다.
20,7,207,서핑테일,일렉트릭필드일 때\n스피드가 2배가 된다.
20,7,208,어군,HP가 많을 때 무리지어 강해진다.\nHP가 얼마 남지 않으면\n무리는 뿔뿔이 흩어진다.
20,7,209,탈,몸을 덮는 탈로\n1번 공격을 막을 수 있다.
20,7,210,유대변화,상대를 쓰러뜨리면 트레이너와의\n유대감이 깊어져서 지우개굴닌자로\n변한다. 물수리검이 강해진다.
20,7,211,스웜체인지,HP가 절반이 되면\n셀들이 응원하러 달려와\n퍼펙트폼으로 모습이 변한다.
20,7,212,부식,강철타입이나 독타입도\n독 상태로 만들 수 있다.
20,7,213,절대안깸,항상 비몽사몽 상태로\n절대 깨지 않는다.\n잠든 상태로 공격할 수 있다.
20,7,214,여왕의위엄,상대에게 위압감을 줘서\n이쪽을 향한 선제 기술을\n사용할 수 없게 한다.
20,7,215,내용물분출,상대가 쓰러뜨렸을 때\nHP의 남은 양만큼\n상대에게 데미지를 준다.
20,7,216,무희,누군가 춤 기술을 쓰면\n자신도 이어서\n춤 기술을 쓸 수 있다.
20,7,217,배터리,같은 편 특수 기술의\n위력을 올린다.
20,7,218,복슬복슬,상대로부터 받은 접촉하는 기술의\n데미지를 반감시키지만 불꽃타입\n기술의 데미지는 2배가 된다.
20,7,219,비비드바디,상대를 놀라게 해서\n이쪽을 향한 선제 기술을\n사용할 수 없게 한다.
20,7,220,소울하트,포켓몬이 기절할 때마다\n특수공격이 올라간다.
20,7,221,컬리헤어,공격으로 자신과 접촉한 상대의\n스피드를 떨어뜨린다.
20,7,222,리시버,쓰러진 같은 편의 특성을\n이어받아 같은 특성이 된다.
20,7,223,과학의힘,쓰러진 같은 편의 특성을\n이어받아 같은 특성으로 바뀐다.
20,7,224,비스트부스트,상대를 기절시켰을 때\n자신의 가장 높은\n능력이 올라간다.
20,7,225,AR시스템,지니고 있는 메모리로\n자신의 타입이 변한다.
20,7,226,일렉트릭메이커,등장했을 때\n일렉트릭필드를 사용한다.
20,7,227,사이코메이커,등장했을 때\n사이코필드를 사용한다.
20,7,228,미스트메이커,등장했을 때\n미스트필드를 사용한다.
20,7,229,그래스메이커,등장했을 때\n그래스필드를 사용한다.
20,7,230,메탈프로텍트,상대 기술이나 특성으로\n능력을 떨어뜨릴 수 없다.
20,7,231,스펙터가드,HP가 꽉 찼을 때\n받는 데미지가 줄어든다.
20,7,232,프리즘아머,효과가 굉장한\n공격의 위력을\n약하게 만든다.
20,7,233,브레인포스,효과가 굉장한 공격의\n위력이 더욱 올라간다.
20,8,1,あくしゅう,臭い　においを　放つことによって\n攻撃した　ときに　相手を\nひるませることが　ある。
20,8,2,あめふらし,登場　したときに\n天気を　雨に　する。
20,8,3,かそく,毎ターン　素早さが　上がる。
20,8,4,カブトアーマー,硬い　甲羅に　守られて\n相手の　攻撃が\n急所に　当たらない。
20,8,5,がんじょう,相手の　技を　受けても\n一撃で　倒されることが　ない。\n一撃必殺技も　効かない。
20,8,6,しめりけ,あたりを　湿らせることに　よって\nじばく　などの　爆発する　技を\nだれも　使えなくなる。
20,8,7,じゅうなん,柔軟な　体によって\nまひ状態に　ならない。
20,8,8,すながくれ,砂あらしの　とき\n回避率が　上がる。
20,8,9,せいでんき,静電気を　体に　まとい\n触った　相手を\nまひさせる　ことがある。
20,8,10,ちくでん,でんきタイプの　技を　受けると\nダメージを　受けずに　回復する。
20,8,11,ちょすい,みずタイプの　技を　受けると\nダメージを　受けずに　回復する。
20,8,12,どんかん,鈍感なので\nメロメロや　ちょうはつ状態に\nならない。
20,8,13,ノーてんき,あらゆる　天気の　影響が\nなくなって　しまう。
20,8,14,ふくがん,複眼を　持っているため\n技の　命中率が　上がる。
20,8,15,ふみん,眠れない　体質　なので\nねむり状態に　ならない。
20,8,16,へんしょく,相手から　受けた　技の　タイプに\n自分の　タイプが　変化　する。
20,8,17,めんえき,体内に　免疫を　持っているため\nどく状態に　ならない。
20,8,18,もらいび,ほのおタイプの　技を　受けると\n炎を　もらい　自分が　出す\nほのおタイプの　技が　強くなる。
20,8,19,りんぷん,りんぷんに　守られて\n技の　追加効果を　受けなくなる。
20,8,20,マイペース,マイペースなので\nこんらん状態に　ならない。
20,8,21,きゅうばん,吸盤で　地面に　張り付き\nポケモンを　入れ替えさせる\n技や　道具が　効かなくなる。
20,8,22,いかく,登場　したとき　威嚇して\n相手を　萎縮させ\n相手の　攻撃を　下げて　しまう。
20,8,23,かげふみ,相手の　影を　踏み\n逃げたり　交代　できなくする。
20,8,24,さめはだ,攻撃を　受けたとき\n自分に　触れた　相手を\nざらざらの　肌で　キズつける。
20,8,25,ふしぎなまもり,効果バツグンの　技しか\n当たらない　不思議な　力。
20,8,26,ふゆう,地面から　浮くことによって\nじめんタイプの　技を　受けない。
20,8,27,ほうし,攻撃で　自分に　触れた　相手を\nどくや　まひや　ねむり状態に\nする　ことがある。
20,8,28,シンクロ,自分が　なってしまった\nどくや　まひや　やけどを\n相手に　うつす。
20,8,29,クリアボディ,相手の　技や　特性で\n能力を　下げられない。
20,8,30,しぜんかいふく,手持ちに　ひっこむと\n状態異常が　治る。
20,8,31,ひらいしん,でんきタイプの　技を　自分に\n寄せつけ　ダメージを　受けずに\n特攻が　上がる。
20,8,32,てんのめぐみ,天の恵みの　おかげで\n技の　追加効果が　でやすい。
20,8,33,すいすい,天気が　雨のとき\n素早さが　上がる。
20,8,34,ようりょくそ,天気が　晴れのとき\n素早さが　上がる。
20,8,35,はっこう,あたりを　明るくする　ことで\n野生の　ポケモンに\n遭遇　しやすくなる。
20,8,36,トレース,登場　したとき\n相手の　特性を　トレースして\n同じ　特性に　なる。
20,8,37,ちからもち,物理攻撃の\n威力が　２倍になる。
20,8,38,どくのトゲ,自分に　触った　相手を\nどく状態に　することがある。
20,8,39,せいしんりょく,鍛えられた　精神に　よって\n相手の　攻撃に　ひるまない。
20,8,40,マグマのよろい,熱い　マグマを　身にまとい\nこおり状態に　ならない。
20,8,41,みずのベール,水のベールを　身にまとい\nやけど状態に　ならない。
20,8,42,じりょく,はがねタイプの　ポケモンを\n磁力で　引きつけて\n逃げられなくする。
20,8,43,ぼうおん,音を　遮断　することに　よって\n音の　攻撃を　受けない。
20,8,44,あめうけざら,天気が　雨のとき\n少しずつ　ＨＰを　回復する。
20,8,45,すなおこし,登場　したとき\n天気を　砂あらしにする。
20,8,46,プレッシャー,プレッシャーを　あたえて\n相手の　使う　技の　ＰＰを\n多く　減らす。
20,8,47,あついしぼう,厚い　脂肪で　守られているので\nほのおタイプと　こおりタイプの\n技の　ダメージを　半減させる。
20,8,48,はやおき,ねむり状態に　なっても\n２倍の　早さで\n目覚める　ことが　できる。
20,8,49,ほのおのからだ,自分に　触った　相手を\nやけど状態に　する　ことがある。
20,8,50,にげあし,野生の　ポケモンから\n必ず　逃げられる。
20,8,51,するどいめ,鋭い　目の　おかげで\n命中率を　下げられない。
20,8,52,かいりきバサミ,力自慢の　ハサミを　持っているので\n相手に　攻撃を　下げられない。
20,8,53,ものひろい,相手の　使った　道具を\n拾ってくることが　ある。\n冒険中も　拾ってくる。
20,8,54,なまけ,技を　出すと\nつぎの　ターンは　休んでしまう。
20,8,55,はりきり,自分の　攻撃が　高くなるが\n命中率が　下がる。　
20,8,56,メロメロボディ,自分に　触った　相手を\nメロメロに　することが　ある。
20,8,57,プラス,プラスか　マイナスの　特性を　持つ\nポケモンが　仲間に　いると\n自分の　特攻が　上がる。
20,8,58,マイナス,プラスか　マイナスの　特性を　持つ\nポケモンが　仲間に　いると\n自分の　特攻が　上がる。
20,8,59,てんきや,天気の　影響を　受けて\nみずタイプ　ほのおタイプ　こおりタイプの\nどれかに　変化する。
20,8,60,ねんちゃく,粘着質の　体に\n道具が　くっついているため\n相手に　道具を　奪われない。
20,8,61,だっぴ,体の　皮を　脱ぎ捨てることで\n状態異常を\n治すことが　ある。
20,8,62,こんじょう,状態異常に　なると\n根性を　だして\n攻撃が　上がる。
20,8,63,ふしぎなうろこ,状態異常に　なると\n不思議なウロコが　反応して\n防御が　上がる。
20,8,64,ヘドロえき,ヘドロ液を　吸い取った　相手は\n強烈な　悪臭で\nダメージを　受けて　ＨＰを　減らす。
20,8,65,しんりょく,ＨＰが　減ったとき\nくさタイプの　技の\n威力が　上がる。
20,8,66,もうか,ＨＰが　減ったとき\nほのおタイプの　技の\n威力が　上がる。
20,8,67,げきりゅう,ＨＰが　減ったとき\nみずタイプの　技の\n威力が　上がる。
20,8,68,むしのしらせ,ＨＰが　減ったとき\nむしタイプの　技の\n威力が　上がる。
20,8,69,いしあたま,反動を　受ける　技を　出しても\nＨＰが　減らない。
20,8,70,ひでり,登場　したときに\n天気を　晴れに　する。
20,8,71,ありじごく,戦闘で　相手を\n逃げられなくする。
20,8,72,やるき,やる気を　だすことに　よって\nねむり状態に　ならない。
20,8,73,しろいけむり,白い煙に　守られて\n相手に　能力を　下げられない。
20,8,74,ヨガパワー,ヨガの　力で\n物理攻撃の　威力が\n２倍に　なる。
20,8,75,シェルアーマー,硬い　殻に　守られ\n相手の　攻撃が\n急所に　当たらない。
20,8,76,エアロック,あらゆる　天気の　影響が\n消えて　しまう。
20,8,77,ちどりあし,こんらん状態の　ときは\n回避率が　アップする。　
20,8,78,でんきエンジン,でんきタイプの　技を　受けると\nダメージを　受けずに　\n素早さが　上がる。
20,8,79,とうそうしん,性別が　同じだと\n闘争心を　燃やして　強くなる。\n性別が　違うと　弱くなる。
20,8,80,ふくつのこころ,ひるむ　たびに\n不屈の心を　燃やして\n素早さが　上がる。
20,8,81,ゆきがくれ,天気が　あられのとき\n回避率が　上がる。
20,8,82,くいしんぼう,ＨＰが　少なくなったら　食べる\nきのみを　ＨＰ　半分の\n時に　食べてしまう。
20,8,83,いかりのつぼ,急所に　攻撃が　当たると\n怒りくるって　攻撃力が\n最大に　なる。
20,8,84,かるわざ,持っていた　道具が　なくなると\n素早さが　上がる。
20,8,85,たいねつ,耐熱の　体に　よって\nほのおタイプの　技の\n威力を　半減させる。
20,8,86,たんじゅん,能力　変化が\nいつもの　２倍に　なる。
20,8,87,かんそうはだ,天気が　雨の時や　みずタイプの\n技で　ＨＰが　回復し　はれの時や\nほのおタイプの　技で　減ってしまう。
20,8,88,ダウンロード,相手の　防御と　特防を　くらべて\n低い　ほうの　能力に　あわせて\n自分の　攻撃か　特攻を　上げる。
20,8,89,てつのこぶし,パンチを　使う　技の\n威力が　上がる。
20,8,90,ポイズンヒール,どく状態に　なると\nＨＰが　減らずに　増えていく。
20,8,91,てきおうりょく,自分と　おなじ　タイプの\n技の　威力が　上がる。
20,8,92,スキルリンク,連続技を　使うと　いつも\n最高回数　出すことが　できる。
20,8,93,うるおいボディ,天気が　雨のとき\n状態異常が　治る。
20,8,94,サンパワー,天気が　晴れると\n特攻が　上がるが\n毎ターン　ＨＰが　減る。
20,8,95,はやあし,状態異常に　なると\n素早さが　上がる。
20,8,96,ノーマルスキン,どんな　タイプの　技でも\nすべて　ノーマルタイプに　なる。\n威力が　少し　上がる。
20,8,97,スナイパー,攻撃を　急所に　当てると\n威力が　さらに　上がる。
20,8,98,マジックガード,攻撃　以外では\nダメージを　受けない。
20,8,99,ノーガード,ノーガード戦法に　よって\nお互いの　出す　技が\nかならず　当たる　ようになる。
20,8,100,あとだし,技を　出す　順番が\nかならず　最後に　なる。
20,8,101,テクニシャン,威力が　低い　技の\n威力を　高くして　攻撃できる。
20,8,102,リーフガード,天気が　晴れのときは\n状態異常に　ならない。
20,8,103,ぶきよう,持っている　道具を\n使うことが　できない。
20,8,104,かたやぶり,相手の　特性に\nジャマされる　ことなく　相手に\n技を　出すことが　できる。
20,8,105,きょううん,強運を　持っているため\n相手の　急所に\n攻撃が　当たりやすい。
20,8,106,ゆうばく,ひんしに　なったとき\n触った　相手に\nダメージを　あたえる。
20,8,107,きけんよち,相手の　持つ　危険な　技を\n察知する　ことができる。
20,8,108,よちむ,登場　したとき\n相手の　持つ　技を\nひとつだけ　読み取る。
20,8,109,てんねん,相手の　能力の　変化を\n無視して　攻撃が　できる。
20,8,110,いろめがね,効果が　いまひとつの　技を\n通常の　威力で\n出すことが　できる。
20,8,111,フィルター,効果バツグンに　なってしまう\n攻撃の　威力を\n弱める　ことが　できる。
20,8,112,スロースタート,５ターンの　あいだ\n攻撃と　素早さが\n半分に　なる。
20,8,113,きもったま,ゴーストタイプの　ポケモンに\nノーマルタイプと　かくとうタイプの\n技を　当てることが　できる。
20,8,114,よびみず,みずタイプの　技を　自分に　よせつけ\nダメージは　受けずに　特攻が　上がる。
20,8,115,アイスボディ,天気が　あられのとき　ＨＰを\n少しずつ　回復　する。
20,8,116,ハードロック,効果バツグンに　なってしまう\n攻撃の　威力を\n弱める　ことが　できる。
20,8,117,ゆきふらし,登場　したときに\n天気を　あられに　する。
20,8,118,みつあつめ,戦闘が　終わったとき\nあまいミツを　拾うことが　ある。
20,8,119,おみとおし,登場　したとき\n相手の　持ち物を\n見通すことが　できる。
20,8,120,すてみ,反動で　ダメージを\n受ける　技の　威力が　上がる。
20,8,121,マルチタイプ,持っている　プレートや\nＺクリスタルの　タイプによって\n自分の　タイプが　変わる。
20,8,122,フラワーギフト,天気が　晴れのとき\n自分と　味方の　攻撃と\n特防の　能力が　上がる。
20,8,123,ナイトメア,ねむり状態の　相手に\nダメージを　あたえる。
20,8,124,わるいてぐせ,触られた　相手の　道具を\n盗んで　しまう。
20,8,125,ちからずく,技の　追加効果は　なくなるが\nそのぶん　高い　威力で\n技を　出すことが　できる。
20,8,126,あまのじゃく,能力の　変化が　逆転して\n上がるときに　下がり\n下がるときに　上がる。
20,8,127,きんちょうかん,相手を　緊張させて\nきのみを　食べられなく　させる。
20,8,128,まけんき,能力を　下げられると\n攻撃が　ぐーんと　上がる。
20,8,129,よわき,ＨＰが　半分に　なると\n弱気に　なって　攻撃と\n特攻が　半減する。
20,8,130,のろわれボディ,攻撃を　受けると　相手の　技を\nかなしばり状態に\nすることが　ある。
20,8,131,いやしのこころ,状態異常の　味方を\nたまに　治してあげる。
20,8,132,フレンドガード,味方の　ダメージを\n減らすことが　できる。
20,8,133,くだけるよろい,物理技で　ダメージを　受けると\n防御が　下がり\n素早さが　ぐーんと　上がる。
20,8,134,ヘヴィメタル,自分の　重さが\n２倍に　なる。
20,8,135,ライトメタル,自分の　重さが\n半分に　なる。
20,8,136,マルチスケイル,ＨＰが　満タンの　ときに\n受ける　ダメージが　少なくなる。
20,8,137,どくぼうそう,どく状態に　なったとき\n物理技の　威力が　上がる。
20,8,138,ねつぼうそう,やけど状態に　なったとき\n特殊技の　威力が　上がる。
20,8,139,しゅうかく,使った　きのみを\n何回も　作りだす。
20,8,140,テレパシー,味方の　攻撃を　読み取って\n技を　回避する。
20,8,141,ムラっけ,毎ターン　能力の　どれかが\nぐーんと　上がって　どれかが　下がる。
20,8,142,ぼうじん,すなあらしや　あられなどの\nダメージを　受けない。\n粉の　技を　受けない。
20,8,143,どくしゅ,触る　だけで　相手を\nどく　状態に　することがある。
20,8,144,さいせいりょく,手持ちに　引っ込むと\nＨＰが　少し　回復する。
20,8,145,はとむね,防御を　下げる\n効果を　受けない。
20,8,146,すなかき,天気が　すなあらし　のとき\n素早さが　上がる。
20,8,147,ミラクルスキン,変化技を　受けにくい\n体に　なっている。
20,8,148,アナライズ,いちばん　最後に　技を　出すと\n技の　威力が　上がる。
20,8,149,イリュージョン,手持ちの　いちばん　うしろに　いる\nポケモンに　なりきって　登場して\n相手を　化かす。
20,8,150,かわりもの,目の前の　ポケモンに\n変身　してしまう。
20,8,151,すりぬけ,相手の　壁や　身代わりを\nすりぬけて　攻撃　できる
20,8,152,ミイラ,相手に　触られると\n相手を　ミイラに　してしまう。
20,8,153,じしんかじょう,相手を　倒すと\n自信が　ついて\n攻撃が　上がる。
20,8,154,せいぎのこころ,あくタイプの　攻撃を　受けると\n正義感で　攻撃が　上がる。
20,8,155,びびり,あくタイプと　ゴーストタイプと\nむしタイプの　技を　受けると\nびびって　素早さが　上がる。
20,8,156,マジックミラー,相手に　だされた　変化技を　受けずに\nそのまま　返す　ことが　できる。
20,8,157,そうしょく,くさタイプの　技を　受けると\nダメージを　受けずに　\n攻撃が　上がる。
20,8,158,いたずらごころ,変化技を　先制で\n出すことが　できる。
20,8,159,すなのちから,天気が　すなあらしの　とき\nいわタイプと　じめんタイプと\nはがねタイプの　威力が　上がる。
20,8,160,てつのトゲ,自分に　触った　相手に\n鉄のトゲで　ダメージを　あたえる。
20,8,161,ダルマモード,ＨＰが　半分　以下に　なると\n姿が　変化する。
20,8,162,しょうりのほし,自分や　味方の\n命中率が　上がる。
20,8,163,ターボブレイズ,相手の　特性に　ジャマされず\n相手に　技を　出すことが　できる。
20,8,164,テラボルテージ,相手の　特性に　ジャマされず\n相手に　技を　出すことが　できる。
20,8,165,アロマベール,自分と　味方への　メンタル\n攻撃を　防ぐことが　できる。
20,8,166,フラワーベール,味方の　草ポケモンは\n能力が　下がらず\n状態異常にも　ならない。
20,8,167,ほおぶくろ,どんな　きのみでも\n食べると　ＨＰも　回復する。
20,8,168,へんげんじざい,自分が　出す　技と\n同じ　タイプに　変化する。
20,8,169,ファーコート,相手から　受ける　物理技の\nダメージが　半分に　なる。
20,8,170,マジシャン,技を　当てた　相手の\n道具を　奪ってしまう。
20,8,171,ぼうだん,相手の　弾や　爆弾などの\n技を　防ぐことが　できる。
20,8,172,かちき,能力を　下げられると\n特攻が　ぐーんと　上がる。
20,8,173,がんじょうあご,あごが　頑丈で\n噛む　技の　威力が\n高くなる。
20,8,174,フリーズスキン,ノーマルタイプの　技が\nこおりタイプに　なる。\n威力が　少し　上がる。
20,8,175,スイートベール,味方の　ポケモンは\n眠らなくなる。
20,8,176,バトルスイッチ,攻撃技を　出すと　ブレードフォルムに\n技　キングシールドを　出すと\nシールドフォルムに　変化する。
20,8,177,はやてのつばさ,ＨＰが　満タン　だと\nひこうタイプの　技を\n先制で　出すことが　できる。
20,8,178,メガランチャー,波動の　技の\n威力が　高くなる。
20,8,179,くさのけがわ,グラスフィールドのとき\n防御が　上がる。
20,8,180,きょうせい,味方が　道具を　使うと\n自分の　持っている　道具を\n味方に　渡す。
20,8,181,かたいツメ,相手に　接触する　技の\n威力が　高くなる。
20,8,182,フェアリースキン,ノーマルタイプの　技が\nフェアリータイプになる。\n威力が　少し　上がる。
20,8,183,ぬめぬめ,攻撃で　自分に　触れた　相手の\n素早さを　下げる。
20,8,184,スカイスキン,ノーマルタイプの　技が\nひこうタイプになる。\n威力が　少し　上がる。
20,8,185,おやこあい,親子　２匹で　２回\n攻撃することが　できる。
20,8,186,ダークオーラ,全員の　あくタイプの\n技が　強くなる。
20,8,187,フェアリーオーラ,全員の　フェアリータイプの\n技が　強くなる。
20,8,188,オーラブレイク,オーラの　効果を　逆転させて\n威力を　下げる。
20,8,189,はじまりのうみ,ほのおタイプの　攻撃を\n受けない　天気にする。
20,8,190,おわりのだいち,みずタイプの　攻撃を\n受けない　天気にする。
20,8,191,デルタストリーム,ひこうタイプの　弱点が\nなくなる　天気にする。
20,8,192,じきゅうりょく,攻撃を　受けると\n防御が　上がる。
20,8,193,にげごし,ＨＰが　半分に　なると\nあわてて　逃げ出して\n手持ちに　引っ込んで　しまう。
20,8,194,ききかいひ,ＨＰが　半分に　なると\n危険を　回避するため\n手持ちに　引っ込んで　しまう。
20,8,195,みずがため,みずタイプの　技を　受けると\n防御が　ぐーんと　上がる。
20,8,196,ひとでなし,どく状態の\n相手を　攻撃すると\nかならず　急所に　当たる。
20,8,197,リミットシールド,ＨＰが　半分に　なると\n殻が　壊れて\n攻撃的に　なる。
20,8,198,はりこみ,交代で　出てきた　相手に\n２倍の　ダメージで　攻撃　できる。
20,8,199,すいほう,自分に　対する　ほのおタイプの\n技の　威力を　下げる。\nやけど　しない。
20,8,200,はがねつかい,はがねタイプの　技の\n威力が　上がる。
20,8,201,ぎゃくじょう,相手の　攻撃で\nＨＰが　半分に　なると\n特攻が　上がる。
20,8,202,ゆきかき,天気が　あられ　のとき\n素早さが　上がる。
20,8,203,えんかく,すべての　技を\n相手に　接触　しないで\n出すことが　できる。
20,8,204,うるおいボイス,すべての　音技が\nみずタイプに　なる。
20,8,205,ヒーリングシフト,回復技を　先制で\n出すことが　できる。
20,8,206,エレキスキン,ノーマルタイプの　技が\nでんきタイプになる。\n威力が　少し　上がる。
20,8,207,サーフテール,エレキフィールド　のとき\n素早さが　２倍に　なる。
20,8,208,ぎょぐん,ＨＰが　多いときは　群れて　強くなる。\nＨＰの　残りが　少なくなると\n群れは　散り散りに　なってしまう。
20,8,209,ばけのかわ,体を　被う　化けの皮で　\n１回　攻撃を　防ぐことが　できる。
20,8,210,きずなへんげ,相手を　倒すと　トレーナーとの\nキズナが　深まり　サトシゲッコウガに\n変化する。みずしゅりけんが　強くなる。
20,8,211,スワームチェンジ,ＨＰが　半分に　なると\nセルたちが　応援に　駆けつけ\nパーフェクトフォルムに　姿を　変える。
20,8,212,ふしょく,はがねタイプや　どくタイプも\nどく状態に　することが　できる。
20,8,213,ぜったいねむり,つねに　夢うつつの　状態で\n絶対に　目覚めない。\n眠ったまま　攻撃が　できる。
20,8,214,じょおうのいげん,相手に　威圧感を　あたえ\nこちらに　むかって　先制技を\n出せない　ようにする。
20,8,215,とびだすなかみ,相手に　倒されたとき\nＨＰの　残りの　ぶんだけ\n相手に　ダメージを　あたえる。
20,8,216,おどりこ,だれかが　踊り技を　使うと\n自分も　それに　続いて\n踊り技を　出すことが　できる。
20,8,217,バッテリー,味方の　特殊技の\n威力を　上げる。
20,8,218,もふもふ,相手から　受けた　接触する　技の\nダメージを　半減するが　ほのおタイプの\n技の　ダメージは　２倍になる。
20,8,219,ビビッドボディ,相手を　びっくり　させて\nこちらに　むかって　先制技を\n出せない　ようにする。
20,8,220,ソウルハート,ポケモンが　ひんしに　なるたびに\n特攻が　上がる。
20,8,221,カーリーヘアー,攻撃で　自分に　触れた　相手の\n素早さを　下げる。
20,8,222,レシーバー,倒された　味方の　特性を\n受け継いで　同じ　特性に　なる。
20,8,223,かがくのちから,倒された　味方の　特性を　受け継ぎ\n同じ　特性に　変わる。
20,8,224,ビーストブースト,相手を　倒したとき\n自分の　いちばん　高い\n能力が　上がる。　
20,8,225,ＡＲシステム,持っている　メモリで\n自分の　タイプが　変わる。
20,8,226,エレキメイカー,登場　したときに\nエレキフィールドを　はりめぐらせる。
20,8,227,サイコメイカー,登場　したときに\nサイコフィールドを　はりめぐらせる。
20,8,228,ミストメイカー,登場　したときに\nミストフィールドを　はりめぐらせる。
20,8,229,グラスメイカー,登場　したときに\nグラスフィールドを　はりめぐらせる。
20,8,230,メタルプロテクト,相手の　技や　特性で\n能力を　下げられない。
20,8,231,ファントムガード,ＨＰが　満タンの　ときに\n受ける　ダメージが　少なくなる。
20,8,232,プリズムアーマー,効果バツグンに　なってしまう\n攻撃の　威力を\n弱める　ことが　できる。
20,8,233,ブレインフォース,効果バツグンの　攻撃で\n威力が　さらに　上がる。
20,9,1,恶臭,通过释放臭臭的气味，\n在攻击的时候，\n有时会使对手畏缩。
20,9,2,降雨,出场时，\n会将天气变为下雨。
20,9,3,加速,每一回合速度会变快。
20,9,4,战斗盔甲,被坚硬的甲壳守护着，\n不会被对手的攻击击中要害。
20,9,5,结实,即使受到对手的招式攻击，\n也不会被一击打倒。\n一击必杀的招式也没有效果。
20,9,6,湿气,通过把周围都弄湿，\n使谁都无法使用自爆等爆炸类的招式。
20,9,7,柔软,因为身体柔软，\n不会变为麻痹状态。
20,9,8,沙隐,在沙暴的时候，\n闪避率会提高。
20,9,9,静电,身上带有静电，\n有时会让接触到的对手麻痹。
20,9,10,蓄电,受到电属性的招式攻击时，\n不会受到伤害，而是会回复。
20,9,11,储水,受到水属性的招式攻击时，\n不会受到伤害，而是会回复。
20,9,12,迟钝,因为感觉迟钝，\n不会变为着迷和被挑衅状态。
20,9,13,无关天气,任何天气的影响都会消失。
20,9,14,复眼,因为拥有复眼，\n招式的命中率会提高。
20,9,15,不眠,因为是不会睡觉的体质，\n所以不会变为睡眠状态。
20,9,16,变色,自己的属性会变为\n从对手处所受招式的属性。
20,9,17,免疫,因为体内拥有免疫能力，\n不会变为中毒状态。
20,9,18,引火,受到火属性的招式攻击时，\n吸收火焰，自己使出的\n火属性招式会变强。
20,9,19,鳞粉,被鳞粉守护着，\n不会受到招式的追加效果影响。
20,9,20,我行我素,因为我行我素，\n不会变为混乱状态。
20,9,21,吸盘,用吸盘牢牢贴在地面上，\n让替换宝可梦的招式和道具无效。
20,9,22,威吓,出场时威吓对手，\n让其退缩，\n降低对手的攻击。
20,9,23,踩影,踩住对手的影子\n使其无法逃走或替换。
20,9,24,粗糙皮肤,受到攻击时，\n用粗糙的皮肤弄伤\n接触到自己的对手。
20,9,25,神奇守护,不可思议的力量，\n只有效果绝佳的招式才能击中。
20,9,26,飘浮,从地面浮起，\n从而不会受到地面属性招式的攻击。
20,9,27,孢子,受到攻击时，\n有时会把接触到自己的对手\n变为中毒、麻痹或睡眠状态。
20,9,28,同步,将自己的中毒、麻痹\n或灼伤状态传染给对手。
20,9,29,恒净之躯,不会因为对手的招式或特性\n而被降低能力。
20,9,30,自然回复,回到同行队伍后，\n异常状态就会被治愈。
20,9,31,避雷针,将电属性的招式吸引到自己身上，\n不会受到伤害，而是会提高特攻。
20,9,32,天恩,托天恩的福，\n招式的追加效果容易出现。
20,9,33,悠游自如,下雨天气时，\n速度会提高。
20,9,34,叶绿素,晴朗天气时，\n速度会提高。
20,9,35,发光,通过让周围变亮，\n变得容易遇到野生的宝可梦。
20,9,36,复制,出场时，复制对手的特性，\n变为与之相同的特性。
20,9,37,大力士,物理攻击的威力会变为２倍。
20,9,38,毒刺,有时会让接触到自己的\n对手变为中毒状态。
20,9,39,精神力,通过锻炼精神，\n不会因对手的攻击而畏缩。
20,9,40,熔岩铠甲,将炽热的熔岩覆盖在身上，\n不会变为冰冻状态。
20,9,41,水幕,将水幕裹在身上，\n不会变为灼伤状态。
20,9,42,磁力,用磁力吸住钢属性的宝可梦，\n使其无法逃走。
20,9,43,隔音,通过屏蔽声音，\n不受到声音招式的攻击。
20,9,44,雨盘,下雨天气时，\n会缓缓回复ＨＰ。
20,9,45,扬沙,出场时，\n会把天气变为沙暴。
20,9,46,压迫感,给予对手压迫感，\n大量减少其使用招式的ＰＰ。
20,9,47,厚脂肪,因为被厚厚的脂肪保护着，\n会让火属性和冰属性的招式伤害减半。
20,9,48,早起,即使变为睡眠状态，\n也能以２倍的速度提早醒来。
20,9,49,火焰之躯,有时会让接触到自己的\n对手变为灼伤状态。
20,9,50,逃跑,一定能从野生宝可梦\n那儿逃走。
20,9,51,锐利目光,多亏了锐利的目光，\n命中率不会被降低。
20,9,52,怪力钳,因为拥有以力量自豪的钳子，\n不会被对手降低攻击。
20,9,53,捡拾,有时会捡来对手用过的道具，\n冒险过程中也会捡到。
20,9,54,懒惰,如果使出招式，\n下一回合就会休息。
20,9,55,活力,自己的攻击变高，\n但命中率会降低。
20,9,56,迷人之躯,有时会让接触到自己的对手着迷。
20,9,57,正电,出场的伙伴之间\n如果有正电或负电特性的宝可梦，\n自己的特攻会提高。
20,9,58,负电,出场的伙伴之间\n如果有正电或负电特性的宝可梦，\n自己的特攻会提高。
20,9,59,阴晴不定,受天气的影响，\n会变为水属性、火属性\n或冰属性中的某一个。
20,9,60,黏着,因为道具是粘在黏性身体上的，\n所以不会被对手夺走。
20,9,61,蜕皮,通过蜕去身上的皮，\n有时会治愈异常状态。
20,9,62,毅力,如果变为异常状态，\n会拿出毅力，\n攻击会提高。
20,9,63,神奇鳞片,如果变为异常状态，\n神奇鳞片会发生反应，\n防御会提高。
20,9,64,污泥浆,吸收了污泥浆的对手\n会因强烈的恶臭\n而受到伤害，减少ＨＰ。
20,9,65,茂盛,ＨＰ减少的时候，\n草属性的招式威力会提高。
20,9,66,猛火,ＨＰ减少的时候，\n火属性的招式威力会提高。
20,9,67,激流,ＨＰ减少的时候，\n水属性的招式威力会提高。
20,9,68,虫之预感,ＨＰ减少的时候，\n虫属性的招式威力会提高。
20,9,69,坚硬脑袋,即使使出会受反作用力伤害的招式，\nＨＰ也不会减少。
20,9,70,日照,出场时，\n会将天气变为晴朗。
20,9,71,沙穴,在战斗中让对手无法逃走。
20,9,72,干劲,通过激发出干劲，\n不会变为睡眠状态。
20,9,73,白色烟雾,被白色烟雾保护着，\n不会被对手降低能力。
20,9,74,瑜伽之力,因瑜伽的力量，\n物理攻击的威力会变为２倍。
20,9,75,硬壳盔甲,被坚硬的壳保护着，\n对手的攻击不会击中要害。
20,9,76,气闸,所有天气的影响都会消失。
20,9,77,蹒跚,在混乱状态时，\n闪避率会提高。
20,9,78,电气引擎,受到电属性的招式攻击时，\n不会受到伤害，而是速度会提高。
20,9,79,斗争心,面对性别相同的对手，\n会燃起斗争心，变得更强。\n而面对性别不同的，则会变弱。
20,9,80,不屈之心,每次畏缩时，\n不屈之心就会燃起，\n速度也会提高。
20,9,81,雪隐,冰雹天气时，\n闪避率会提高。
20,9,82,贪吃鬼,原本ＨＰ变得很少时才会吃树果，\n在ＨＰ还有一半时就会把它吃掉。
20,9,83,愤怒穴位,要害被击中时，\n会大发雷霆，\n攻击力变为最大。
20,9,84,轻装,失去所持有的道具时，\n速度会提高。
20,9,85,耐热,耐热的体质会\n让火属性的招式威力减半。
20,9,86,单纯,能力变化会变为平时的２倍。
20,9,87,干燥皮肤,下雨天气时和受到水属性的招式时，\nＨＰ会回复。晴朗天气时和受到火属性的\n招式时，ＨＰ会减少。
20,9,88,下载,比较对手的防御和特防，\n根据较低的那项能力\n相应地提高自己的攻击或特攻。
20,9,89,铁拳,使用拳类招式的威力会提高。
20,9,90,毒疗,变为中毒状态时，\nＨＰ不会减少，反而会增加起来。
20,9,91,适应力,与自身同属性的招式\n威力会提高。
20,9,92,连续攻击,如果使用连续招式，\n总是能使出最高次数。
20,9,93,湿润之躯,下雨天气时，\n异常状态会治愈。
20,9,94,太阳之力,晴朗天气时，\n特攻会提高，\n而每回合ＨＰ会减少。
20,9,95,飞毛腿,变为异常状态时，\n速度会提高。
20,9,96,一般皮肤,无论是什么属性的招式，\n全部会变为一般属性。\n威力会少量提高。
20,9,97,狙击手,击中要害时，\n威力会变得更强。
20,9,98,魔法防守,不会受到攻击以外的伤害。
20,9,99,无防守,由于无防守战术，\n双方使出的招式都必定会击中。
20,9,100,慢出,使出招式的顺序\n必定会变为最后。
20,9,101,技术高手,攻击时可以将\n低威力招式的威力提高。
20,9,102,叶子防守,晴朗天气时，\n不会变为异常状态。
20,9,103,笨拙,无法使用持有的道具。
20,9,104,破格,可以不受对手特性的干扰，\n向对手使出招式。
20,9,105,超幸运,因为拥有超幸运，\n攻击容易击中对手的要害。
20,9,106,引爆,变为濒死时，\n会对接触到自己的对手造成伤害。
20,9,107,危险预知,可以察觉到\n对手拥有的危险招式。
20,9,108,预知梦,出场时，\n只读取１个对手拥有的招式。
20,9,109,纯朴,可以无视对手能力的变化，\n进行攻击。
20,9,110,有色眼镜,可以将效果不好的招式\n以通常的威力使出。
20,9,111,过滤,受到效果绝佳的攻击时，\n可以减弱其威力。
20,9,112,慢启动,在５回合内，\n攻击和速度减半。
20,9,113,胆量,一般属性和格斗属性的招式\n可以击中幽灵属性的宝可梦。
20,9,114,引水,将水属性的招式引到自己身上，\n不会受到伤害，而是会提高特攻。
20,9,115,冰冻之躯,冰雹天气时，\n会缓缓回复ＨＰ。
20,9,116,坚硬岩石,受到效果绝佳的攻击时，\n可以减弱其威力。
20,9,117,降雪,出场时，\n会将天气变为冰雹。
20,9,118,采蜜,战斗结束时，\n有时候会捡来甜甜蜜。
20,9,119,察觉,出场时，\n可以察觉对手的持有物。
20,9,120,舍身,自己会因反作用力受伤的招式，\n其威力会提高。
20,9,121,多属性,自己的属性会根据持有的石板\n或Ｚ纯晶的属性而改变。
20,9,122,花之礼,晴朗天气时，\n自己与同伴的攻击和\n特防能力会提高。
20,9,123,梦魇,给予睡眠状态的对手伤害。
20,9,124,顺手牵羊,盗取接触到自己的\n对手的道具。
20,9,125,强行,招式的追加效果消失，\n但因此能以更高的威力使出招式。
20,9,126,唱反调,能力的变化发生逆转，\n原本提高时会降低，\n而原本降低时会提高。
20,9,127,紧张感,让对手紧张，\n使其无法食用树果。
20,9,128,不服输,能力被降低时，\n攻击会大幅提高。
20,9,129,软弱,ＨＰ减半时，\n会变得软弱，\n攻击和特攻会减半。
20,9,130,诅咒之躯,受到攻击时，\n有时会把对手的招式\n变为定身法状态。
20,9,131,治愈之心,有时会治愈异常状态的同伴。
20,9,132,友情防守,可以减少我方的伤害。
20,9,133,碎裂铠甲,如果因物理招式受到伤害，\n防御会降低，\n速度会大幅提高。
20,9,134,重金属,自身的重量会变为２倍。
20,9,135,轻金属,自身的重量会减半。
20,9,136,多重鳞片,ＨＰ全满时，\n受到的伤害会变少。
20,9,137,中毒激升,变为中毒状态时，\n物理招式的威力会提高。
20,9,138,受热激升,变为灼伤状态时，\n特殊招式的威力会提高。
20,9,139,收获,可以多次制作出\n已被使用掉的树果。
20,9,140,心灵感应,读取我方的攻击，\n并闪避其招式伤害。
20,9,141,心情不定,每一回合，能力中的某项\n会大幅提高，而某项会降低。
20,9,142,防尘,不会受到沙暴或冰雹等的伤害。\n不会受到粉末类招式的攻击。
20,9,143,毒手,只通过接触就有可能\n让对手变为中毒状态。
20,9,144,再生力,退回同行队伍后，\nＨＰ会少量回复。
20,9,145,健壮胸肌,不会受到防御降低的效果。
20,9,146,拨沙,沙暴天气时，\n速度会提高。
20,9,147,奇迹皮肤,成为不易受到变化招式\n攻击的身体。
20,9,148,分析,如果在最后使出招式，\n招式的威力会提高。
20,9,149,幻觉,假扮成同行队伍中的\n最后一个宝可梦出场，\n迷惑对手。
20,9,150,变身者,变身为当前面对的宝可梦。
20,9,151,穿透,可以穿透对手的壁障\n或替身进行攻击。
20,9,152,木乃伊,被对手接触到后，\n会将对手变为木乃伊。
20,9,153,自信过度,如果打倒对手，\n就会充满自信，攻击会提高。
20,9,154,正义之心,受到恶属性的招式攻击时，\n因为正义感，攻击会提高。
20,9,155,胆怯,受到恶属性、幽灵属性\n和虫属性的招式攻击时，\n会因胆怯而速度提高。
20,9,156,魔法镜,可以不受到由对手使出的\n变化招式影响，并将其反弹。
20,9,157,食草,受到草属性的招式攻击时，\n不会受到伤害，而是攻击会提高。
20,9,158,恶作剧之心,可以率先使出变化招式。
20,9,159,沙之力,沙暴天气时，\n岩石属性、地面属性\n和钢属性的招式威力会提高。
20,9,160,铁刺,用铁刺给予接触到自己的\n对手伤害。
20,9,161,达摩模式,ＨＰ变为一半以下时，\n样子会改变。
20,9,162,胜利之星,自己和同伴的命中率会提高。
20,9,163,涡轮火焰,可以不受对手特性的干扰，\n向对手使出招式。
20,9,164,兆级电压,可以不受对手特性的干扰，\n向对手使出招式。
20,9,165,芳香幕,可以防住向自己和同伴\n发出的心灵攻击。
20,9,166,花幕,我方的草属性宝可梦\n能力不会降低，\n也不会变为异常状态。
20,9,167,颊囊,无论是哪种树果，\n食用后，ＨＰ都会回复。
20,9,168,变幻自如,变为与自己使出的招式\n相同的属性。
20,9,169,毛皮大衣,对手给予的物理招式的\n伤害会减半。
20,9,170,魔术师,夺走被自己的招式\n击中的对手的道具。
20,9,171,防弹,可以防住对手的\n球和弹类招式。
20,9,172,好胜,如果能力被降低，\n特攻就会大幅提高。
20,9,173,强壮之颚,因为颚部强壮，\n啃咬类招式的威力会提高。
20,9,174,冰冻皮肤,一般属性的招式\n会变为冰属性。\n威力会少量提高。
20,9,175,甜幕,我方的宝可梦\n不会变为睡眠状态。
20,9,176,战斗切换,如果使出攻击招式，会变为刀剑形态，\n如果使出招式“王者盾牌”，\n会变为盾牌形态。
20,9,177,疾风之翼,ＨＰ全满时，\n飞行属性的招式可以率先使出。
20,9,178,超级发射器,波动和波导类招式的\n威力会提高。
20,9,179,草之毛皮,在青草场地时，\n防御会提高。
20,9,180,共生,同伴使用道具时，\n会把自己持有的道具传递给同伴。
20,9,181,硬爪,接触到对手的招式\n威力会提高。
20,9,182,妖精皮肤,一般属性的招式\n会变为妖精属性。\n威力会少量提高。
20,9,183,黏滑,对于用攻击接触到自己的对手，\n会降低其速度。
20,9,184,飞行皮肤,一般属性的招式\n会变为飞行属性。\n威力会少量提高。
20,9,185,亲子爱,亲子俩可以合计攻击２次。
20,9,186,暗黑气场,全体的恶属性招式变强。
20,9,187,妖精气场,全体的妖精属性招式变强。
20,9,188,气场破坏,让气场的效果发生逆转，\n降低威力。
20,9,189,始源之海,变为不会受到\n火属性攻击的天气。
20,9,190,终结之地,变为不会受到\n水属性攻击的天气。
20,9,191,德尔塔气流,变为令飞行属性的弱点\n消失的天气。
20,9,192,持久力,受到攻击时，\n防御会提高。
20,9,193,跃跃欲逃,ＨＰ变为一半时，\n会慌慌张张逃走，\n退回同行队伍中。
20,9,194,危险回避,ＨＰ变为一半时，\n为了回避危险，\n会退回到同行队伍中。
20,9,195,遇水凝固,受到水属性的招式攻击时，\n防御会大幅提高。
20,9,196,不仁不义,攻击中毒状态的对手时，\n必定会击中要害。
20,9,197,界限盾壳,ＨＰ变为一半时，\n壳会坏掉，变得有攻击性。
20,9,198,蹲守,可以对替换出场的对手\n以２倍的伤害进行攻击。
20,9,199,水泡,降低与自己相对的火属性\n招式的威力，不会灼伤。
20,9,200,钢能力者,钢属性的招式威力会提高。
20,9,201,怒火冲天,因对手的攻击\nＨＰ变为一半时，\n特攻会提高。
20,9,202,拨雪,冰雹天气时，\n速度会提高。
20,9,203,远隔,可以不接触对手\n就使出所有的招式。
20,9,204,湿润之声,所有的声音招式\n都变为水属性。
20,9,205,先行治疗,可以率先使出回复招式。
20,9,206,电气皮肤,一般属性的招式\n会变为电属性。\n威力会少量提高。
20,9,207,冲浪之尾,电气场地时，\n速度会变为２倍。
20,9,208,鱼群,ＨＰ多的时候会聚起来变强。\nＨＰ剩余量变少时，\n群体会分崩离析。
20,9,209,画皮,通过画皮覆盖住身体，\n可以防住１次攻击。
20,9,210,牵绊变身,打倒对手时，与训练家的牵绊会增强，\n变为小智版甲贺忍蛙。\n飞水手里剑的招式威力会增强。
20,9,211,群聚变形,ＨＰ变为一半时，\n细胞们会赶来支援，\n变为完全体形态。
20,9,212,腐蚀,可以使钢属性和毒属性的宝可梦\n也陷入中毒状态。
20,9,213,绝对睡眠,总是半梦半醒的状态，\n绝对不会醒来。\n可以就这么睡着进行攻击。
20,9,214,女王的威严,向对手施加威慑力，\n使其无法对我方使出先制招式。
20,9,215,飞出的内在物,被对手打倒的时候，\n会给予对手相当于\nＨＰ剩余量的伤害。
20,9,216,舞者,有谁使出跳舞招式时，\n自己也能就这么接着使出跳舞招式。
20,9,217,蓄电池,会提高我方的\n特殊招式的威力。
20,9,218,毛茸茸,会将对手所给予的接触类招式的伤害减半，\n但火属性招式的伤害会变为２倍。
20,9,219,鲜艳之躯,让对手吓一跳，\n使其无法对我方使出先制招式。
20,9,220,魂心,宝可梦每次变为濒死状态时，\n特攻会提高。
20,9,221,卷发,对于用攻击接触到自己的对手，\n会降低其速度。
20,9,222,接球手,继承被打倒的同伴的特性，\n变为相同的特性。
20,9,223,化学之力,继承被打倒的同伴的特性，\n变为相同的特性。
20,9,224,异兽提升,打倒对手的时候，\n自己最高的那项能力会提高。
20,9,225,ＡＲ系统,根据持有的存储碟，\n自己的属性会改变。
20,9,226,电气制造者,出场时，\n会布下电气场地。
20,9,227,精神制造者,出场时，\n会布下精神场地。
20,9,228,薄雾制造者,出场时，\n会布下薄雾场地。
20,9,229,青草制造者,出场时，\n会布下青草场地。
20,9,230,金属防护,不会因为对手的招式或特性\n而被降低能力。
20,9,231,幻影防守,ＨＰ全满时，\n受到的伤害会变少。
20,9,232,棱镜装甲,受到效果绝佳的攻击时，\n可以减弱其威力。
20,9,233,脑核之力,效果绝佳的攻击，\n威力会变得更强。
20,10,1,惡臭,發出臭氣，\n在攻擊的時候，\n有時會使對手畏縮。
20,10,2,降雨,出場時，\n會將天氣變為下雨。
20,10,3,加速,每一回合速度會變快。
20,10,4,戰鬥盔甲,被堅硬的甲殼守護著，\n不會被對手的攻擊擊中要害。
20,10,5,結實,受到對手的招式攻擊時\n不會被一擊打倒。\n一擊必殺的招式也沒有效果。
20,10,6,濕氣,透過把周圍都弄濕，\n使誰都無法使用自爆等爆炸類的招式。
20,10,7,柔軟,因為身體柔軟，\n不會陷入麻痺狀態。
20,10,8,沙隱,在沙暴中\n閃避率會提高。
20,10,9,靜電,身上帶有靜電，\n有時會令接觸到的對手麻痺。
20,10,10,蓄電,受到電屬性的招式攻擊時，\n不會受到傷害，而是會回復。
20,10,11,儲水,受到水屬性的招式攻擊時，\n不會受到傷害，而是會回復。
20,10,12,遲鈍,感覺遲鈍，\n不會陷入著迷和被挑釁狀態。
20,10,13,無關天氣,任何天氣的影響都會消失。
20,10,14,複眼,因為擁有複眼，\n會提高招式的命中率。
20,10,15,不眠,因為擁有不會睡覺的體質，\n所以不會陷入睡眠狀態。
20,10,16,變色,自己的屬性會變為\n從對手所受招式的屬性。
20,10,17,免疫,因為體內擁有免疫能力，\n不會陷入中毒狀態。
20,10,18,引火,受到火屬性的招式攻擊時，\n吸收火焰，讓自己使出的\n火屬性招式變強。
20,10,19,鱗粉,被鱗粉守護著，\n不會受到招式的追加效果影響。
20,10,20,我行我素,因為我行我素，\n不會陷入混亂狀態。
20,10,21,吸盤,用吸盤將自己牢牢吸附在地面上，\n讓替換寶可夢的招式和道具失效。
20,10,22,威嚇,出場時威嚇對手，\n使其退縮，\n從而降低對手的攻擊。
20,10,23,踩影,踩住對手的影子\n使其無法逃走或替換。
20,10,24,粗糙皮膚,受到攻擊時，\n用粗糙的皮膚弄傷\n接觸到自己的對手。
20,10,25,神奇守護,不可思議的力量，\n只有效果絕佳的招式才會擊中自己。
20,10,26,飄浮,從地面浮起，\n從而不會受到地面屬性招式的攻擊。
20,10,27,孢子,透過攻擊有時會使接觸到自己的對手，\n陷入中毒、麻痺或睡眠狀態。
20,10,28,同步,將自己的中毒、麻痺或\n灼傷狀態傳染給對手。
20,10,29,恆淨之軀,不會因對手的招式或特性\n而被降低能力。
20,10,30,自然回復,異常狀態會在\n離場後治癒。
20,10,31,避雷針,將電屬性的招式吸引到自己身上，\n不但不會受到傷害，反而會提高特攻。
20,10,32,天恩,受到上天保佑，\n容易出現招式的追加效果。
20,10,33,悠游自如,天氣為下雨時，\n速度會提高。
20,10,34,葉綠素,天氣為晴朗時，\n速度會提高。
20,10,35,發光,透過讓周圍變亮，\n變得容易遇見野生的寶可夢。
20,10,36,複製,出場時，複製對手的特性，\n變為與之相同的特性。
20,10,37,大力士,物理攻擊的威力會變為２倍。
20,10,38,毒刺,有時會讓接觸到自己的\n對手陷入中毒狀態。
20,10,39,精神力,靠著經過鍛鍊精神，\n不會因對手的攻擊而畏縮。
20,10,40,熔岩鎧甲,將熾熱的熔岩覆蓋在身上，\n不會陷入冰凍狀態。
20,10,41,水幕,將水幕裹在身上，\n不會陷入灼傷狀態。
20,10,42,磁力,用磁力吸住鋼屬性的寶可夢，\n使其無法逃走。
20,10,43,隔音,透過遮蔽聲音，\n不受到聲音招式的攻擊。
20,10,44,雨盤,天氣為下雨時，\n會漸漸回復ＨＰ。
20,10,45,揚沙,出場時，\n會把天氣變為沙暴。
20,10,46,壓迫感,給予對手壓迫感，\n大量減少其使用招式的ＰＰ。
20,10,47,厚脂肪,被厚厚的脂肪保護著，\n能夠讓火屬性和冰屬性\n招式的傷害減半。
20,10,48,早起,即使陷入睡眠狀態，\n也能以２倍的速度提早醒來。
20,10,49,火焰之軀,有時會讓接觸到自己的\n對手陷入灼傷狀態。
20,10,50,逃跑,一定能從野生寶可夢\n那裡逃走。
20,10,51,銳利目光,靠著銳利的目光，\n命中率不會被降低。
20,10,52,怪力鉗,因為擁有以力量為傲的鉗子，\n不會被對手降低攻擊。
20,10,53,撿拾,有時會撿來對手用過的道具。\n冒險過程中也會撿來。
20,10,54,懶惰,如果使出招式，\n下一回合就需要休息。
20,10,55,活力,自己的攻擊雖會變高，\n但命中率會降低。
20,10,56,迷人之軀,有時會讓接觸到自己的對手\n陷入著迷狀態。
20,10,57,正電,場上的夥伴之中，\n如果有正電或負電特性的寶可夢，\n自己的特攻會提高。
20,10,58,負電,場上的夥伴之中，\n如果有正電或負電特性的寶可夢，\n自己的特攻會提高。
20,10,59,陰晴不定,在天氣的影響下，\n會變成水屬性、火屬性\n或冰屬性之中的一種。
20,10,60,黏著,道具會黏在\n具有黏性的身體上，\n不會被對手奪走。
20,10,61,蛻皮,透過蛻去身上的皮，\n有時會治癒異常狀態。
20,10,62,毅力,陷入異常狀態時，\n會拿出毅力，\n攻擊會提高。
20,10,63,神奇鱗片,陷入異常狀態時，\n神奇鱗片會發生反應，\n防禦會提高。
20,10,64,污泥漿,吸收了污泥漿的對手\n會因為強烈的惡臭而\n使得ＨＰ減少。
20,10,65,茂盛,ＨＰ減少的時候，\n草屬性的招式威力會提高。
20,10,66,猛火,ＨＰ減少的時候，\n火屬性的招式威力會提高。
20,10,67,激流,ＨＰ減少的時候，\n水屬性的招式威力會提高。
20,10,68,蟲之預感,ＨＰ減少的時候，\n蟲屬性的招式威力會提高。
20,10,69,堅硬腦袋,即使使出會受反作用力傷害的招式，\nＨＰ也不會減少。
20,10,70,日照,出場時，\n會將天氣變為晴朗。
20,10,71,沙穴,在戰鬥中讓對手無法逃走。
20,10,72,幹勁,透過激發出幹勁，\n不會陷入睡眠狀態。
20,10,73,白色煙霧,被白色煙霧保護著，\n不會被對手降低能力。
20,10,74,瑜伽之力,因瑜伽的力量，\n物理攻擊的威力會變為２倍。
20,10,75,硬殼盔甲,被堅硬的殼保護著，\n對手的攻擊不會擊中要害。
20,10,76,氣閘,所有天氣的影響都會消失。
20,10,77,蹣跚,陷入混亂狀態時，\n閃避率會提高。
20,10,78,電氣引擎,受到電屬性的招式攻擊時，\n不但不會受到傷害，反而速度會提高。
20,10,79,鬥爭心,面對性別相同的對手，\n會燃起鬥爭心，變得更強。\n面對性別不同的對手時則會變弱。
20,10,80,不屈之心,每次畏縮時，\n不屈之心就會燃起，\n速度也會提高。
20,10,81,雪隱,天氣是冰雹時，\n閃避率會提高。
20,10,82,貪吃鬼,原本ＨＰ變得很少時才會吃的樹果，\n在ＨＰ還有一半時就會把它吃掉。
20,10,83,憤怒穴位,要害被擊中時會大發雷霆。\n攻擊力會提高到最大。
20,10,84,輕裝,失去所持有的道具時，\n速度會提高。
20,10,85,耐熱,靠著耐熱的體質，\n讓火屬性的招式威力減半。
20,10,86,單純,能力變化會變為平時的２倍。
20,10,87,乾燥皮膚,下雨天氣時和受到水屬性的招式攻擊時，\nHP會回復。晴朗天氣時和受到火屬性的\n招式攻擊時，ＨＰ會減少。
20,10,88,下載,比較對手的防禦和特防，\n根據較低的那項能力\n相應地提高自己的攻擊或特攻。
20,10,89,鐵拳,使用到拳頭的招式\n威力會提高。
20,10,90,毒療,陷入中毒狀態時，\nＨＰ不會減少，反而會漸漸增加。
20,10,91,適應力,與自身同屬性的招式\n威力會提高。
20,10,92,連續攻擊,若使用連續招式，\n總是可使出最高次數。
20,10,93,濕潤之軀,天氣為下雨時，\n會治癒異常狀態。
20,10,94,太陽之力,晴朗天氣時特攻會提高，\n但每回合ＨＰ會減少。
20,10,95,飛毛腿,陷入異常狀態時，\n速度會提高。
20,10,96,一般皮膚,無論是什麼屬性的招式，\n全部都會變為一般屬性。\n威力會少量提高。
20,10,97,狙擊手,擊中要害時，\n威力會進一步提高。
20,10,98,魔法防守,不會受到攻擊以外的傷害。
20,10,99,無防守,由於無防守戰術，\n雙方使出的招式都必定會擊中。
20,10,100,慢出,使出招式的順序\n必定會變為最後。
20,10,101,技術高手,可讓威力低的招式\n提高威力來進行攻擊。
20,10,102,葉子防守,天氣為晴朗時，\n不會陷入異常狀態。
20,10,103,笨拙,無法使用持有的道具。
20,10,104,破格,可不受特性影響，\n向對手使出招式。
20,10,105,超幸運,因為非常幸運，\n容易擊中對手的要害。
20,10,106,引爆,瀕死時，\n會對接觸到自己的對手造成傷害。
20,10,107,危險預知,察覺對手持有的\n危險招式。
20,10,108,預知夢,出場時，預見1個\n對手持有的招式。
20,10,109,純樸,可無視對手能力的變化，\n進行攻擊。
20,10,110,有色眼鏡,可將效果不好的招式\n以正常的威力使出。
20,10,111,過濾,受到效果絕佳的攻擊時，\n可減弱其威力。
20,10,112,慢啟動,在５回合內，\n攻擊和速度會減半。
20,10,113,膽量,一般屬性和格鬥屬性的招式\n可擊中幽靈屬性的寶可夢。
20,10,114,引水,將水屬性的招式引到自己身上，\n不但不會受到傷害，\n反而會提高特攻。
20,10,115,冰凍之軀,天氣為冰雹時，\n會漸漸回復ＨＰ。
20,10,116,堅硬岩石,受到效果絕佳的攻擊時，\n可減弱其威力。
20,10,117,降雪,出場時，\n會將天氣變為冰雹。
20,10,118,採蜜,戰鬥結束時，\n有時候會撿來甜甜蜜。
20,10,119,察覺,出場時，\n可以察覺對手的持有物。
20,10,120,捨身,會讓自己因反作用力而受傷的招式\n威力會提高。
20,10,121,多屬性,自己的屬性會依持有的石板\n或Ｚ純晶的屬性而改變。
20,10,122,花之禮,天氣為晴朗時，\n自己和同伴的攻擊和\n特防能力會提高。
20,10,123,夢魘,給予陷入睡眠狀態的對手傷害。
20,10,124,順手牽羊,盜取接觸到自己的\n對手的道具。
20,10,125,強行,招式會失去追加效果，\n但可以用更高的威力使出招式。
20,10,126,唱反調,能力的變化會逆轉，\n原本提高時會降低，\n原本降低時會提高。
20,10,127,緊張感,讓對手感到緊張，\n無法吃樹果。
20,10,128,不服輸,能力被降低時，\n攻擊會大幅提高。
20,10,129,軟弱,ＨＰ降到一半以下時，\n會變得軟弱而使得\n攻擊和特攻減半。
20,10,130,詛咒之軀,受到攻擊時，\n有時會把對手的招式\n變為定身法狀態。
20,10,131,治癒之心,有時會治癒同伴的異常狀態。
20,10,132,友情防守,可以減少我方受到的傷害。
20,10,133,碎裂鎧甲,因物理招式受到傷害時，\n防禦會降低，\n速度會大幅提高。
20,10,134,重金屬,自己的重量會變為２倍。
20,10,135,輕金屬,自己的重量會減半。
20,10,136,多重鱗片,ＨＰ全滿時，\n受到的傷害會變少。
20,10,137,中毒激升,陷入中毒狀態時，\n物理招式的威力會提高。
20,10,138,受熱激升,陷入灼傷狀態時，\n特殊招式的威力會提高。
20,10,139,收穫,可多次採收\n已被使用過的樹果。
20,10,140,心靈感應,預測我方的攻擊，\n並閃避其招式。
20,10,141,心情不定,每一回合，能力中的某項\n會大幅提高，相對地某項會降低。
20,10,142,防塵,不會受到沙暴或冰雹等的傷害。\n不會受到粉末類招式的攻擊。
20,10,143,毒手,有時僅是接觸\n就能讓對手中毒。
20,10,144,再生力,退回同行隊伍後，\nＨＰ會少量回復。
20,10,145,健壯胸肌,不會受到降低防禦的效果影響。
20,10,146,撥沙,天氣為沙暴時，\n速度會提高。
20,10,147,奇跡皮膚,不易受到變化類招式\n攻擊的身體。
20,10,148,分析,如果在最後使出招式，\n招式就會變強。
20,10,149,幻覺,假扮成同行隊伍中的\n最後一個寶可夢出場，\n迷惑對手。
20,10,150,變身者,變身為當前面對的寶可夢。
20,10,151,穿透,可穿透對手的屏障\n或替身進行攻擊。
20,10,152,木乃伊,被對手接觸到時，\n會將對手變成木乃伊。
20,10,153,自信過度,如果打倒對手，\n會充滿自信並提高攻擊。
20,10,154,正義之心,受到惡屬性的招式攻擊時，\n因為正義感，攻擊會提高。
20,10,155,膽怯,受到惡屬性、幽靈屬性\n和蟲屬性的招式攻擊時，\n會因膽怯而使得速度提高。
20,10,156,魔法鏡,可不受到由對手使出的\n變化類招式所影響，並將其反彈。
20,10,157,食草,受到草屬性的招式攻擊時，\n不但不會受到傷害，反而攻擊會提高。
20,10,158,惡作劇之心,可以搶先使出變化類招式。
20,10,159,沙之力,沙暴天氣時，\n岩石屬性、地面屬性\n和鋼屬性招式的威力會提高。
20,10,160,鐵刺,用鐵刺給予接觸到自己的\n對手傷害。
20,10,161,達摩模式,ＨＰ變為一半以下時，\n樣子會改變。
20,10,162,勝利之星,自己和同伴的命中率會提高。
20,10,163,渦輪火焰,可以不受對手特性的干擾，\n向對手使出招式。
20,10,164,兆級電壓,可以不受對手特性的干擾，\n向對手使出招式。
20,10,165,芳香幕,可防住向自己和同伴\n發出的心靈攻擊。
20,10,166,花幕,我方的草屬性寶可夢\n能力不會降低。\n也不會陷入異常狀態。
20,10,167,頰囊,無論是哪種樹果，\n吃下去後ＨＰ都會回復。
20,10,168,變幻自如,變為與自己使出的招式\n相同的屬性。
20,10,169,毛皮大衣,對手的物理招式造成的\n傷害會減半。
20,10,170,魔術師,奪走被自己招式\n擊中的對手的道具。
20,10,171,防彈,可防住對手的\n球和彈類的招式。
20,10,172,好勝,能力被降低時，\n特攻會大幅提高。
20,10,173,強壯之顎,顎部強壯，\n會提高啃咬類招式的威力。
20,10,174,冰凍皮膚,一般屬性的招式\n會變為冰屬性。\n威力會少量提高。
20,10,175,甜幕,我方的寶可夢\n不會陷入睡眠狀態。
20,10,176,戰鬥切換,若使出攻擊招式，會變為刀劍形態，\n若使出招式「王者盾牌」，\n會變為盾牌形態。
20,10,177,疾風之翼,ＨＰ全滿時，\n可以搶先在對手之前\n使出飛行屬性的招式。
20,10,178,超級發射器,波動和波導類招式的\n威力會提高。
20,10,179,草之毛皮,在青草場地時，\n防禦會提高。
20,10,180,共生,同伴使用道具時，\n會把自己持有的道具交給同伴。
20,10,181,硬爪,接觸到對手的招式\n威力會提高。
20,10,182,妖精皮膚,一般屬性的招式\n會變為妖精屬性。\n威力會少量提高。
20,10,183,黏滑,對手用攻擊接觸到自己時，\n降低此對手的速度。
20,10,184,飛行皮膚,一般屬性的招式\n會變為飛行屬性。\n威力會少量提高。
20,10,185,親子愛,親子倆可合計攻擊２次。
20,10,186,暗黑氣場,全體的惡屬性招式變強。
20,10,187,妖精氣場,全體的妖精屬性招式變強。
20,10,188,氣場破壞,讓氣場的效果逆轉，\n並降低威力。
20,10,189,始源之海,變為讓火屬性攻擊\n失效的天氣。
20,10,190,終結之地,變為讓水屬性攻擊\n失效的天氣。
20,10,191,德爾塔氣流,變為令飛行屬性的弱點\n消失的天氣。
20,10,192,持久力,受到攻擊時，\n防禦會提高。
20,10,193,躍躍欲逃,ＨＰ變為一半時，\n會慌慌張張逃走，\n退回同行隊伍裡面。
20,10,194,危險迴避,ＨＰ減到一半時，\n為了避開危險，\n會退回同行隊伍裡面。
20,10,195,遇水凝固,受到水屬性的招式攻擊時，\n防禦會大幅提高。
20,10,196,不仁不義,攻擊中毒狀態的對手時，\n必定會擊中要害。
20,10,197,界限盾殼,ＨＰ變為一半時，\n殼會壞掉，變得更有攻擊性。
20,10,198,監視,可以向替換出場的對手\n以２倍的傷害進行攻擊。
20,10,199,水泡,降低與自己相對的火屬性\n招式的威力，不會灼傷。
20,10,200,鋼能力者,鋼屬性的招式威力會提高。
20,10,201,怒火沖天,ＨＰ因對手的攻擊\n降到一半時，\n特攻會提高。
20,10,202,撥雪,天氣為冰雹時，\n速度會提高。
20,10,203,遠隔,可以不接觸對手\n就使出所有的招式。
20,10,204,濕潤之聲,所有的聲音招式\n都變為水屬性。
20,10,205,先行治療,可以搶先使出回復招式。
20,10,206,電氣皮膚,一般屬性的招式\n會變為電屬性。\n威力會少量提高。
20,10,207,衝浪之尾,電氣場地時，\n速度會變為２倍。
20,10,208,魚群,ＨＰ多的時候會聚起來變強。\nＨＰ剩餘量變少時，\n群體會分崩離析。
20,10,209,畫皮,用畫皮覆蓋住身體，\n可防住１次攻擊。
20,10,210,牽絆變身,打倒對手時，與訓練家的牽絆會加深，\n變化成小智版甲賀忍蛙。\n飛水手裡劍的威力會增強。
20,10,211,群聚變形,ＨＰ變為一半時，\n細胞們會趕來支援，\n變為完全體形態。
20,10,212,腐蝕,就算對方是鋼屬性或毒屬性寶可夢，\n也可讓對方陷入中毒狀態。
20,10,213,絕對睡眠,總是半夢半醒的狀態，\n絕對不會醒來。\n可在睡著的狀況下進行攻擊。
20,10,214,女王的威嚴,向對手施加威懾力，\n使其無法對我方使出先制招式。
20,10,215,飛出的內在物,被對手打倒的時候，\n會給予對手相當於\nＨＰ剩餘量的傷害。
20,10,216,舞者,當有誰使出跳舞招式時，\n自己也能接著使出跳舞招式。
20,10,217,蓄電池,會提高我方的\n特殊招式的威力。
20,10,218,毛茸茸,會將對手所給予的接觸類招式的傷害減半，\n但火屬性招式的傷害會變為２倍。
20,10,219,鮮艷之軀,讓對手嚇一跳，\n使其無法對我方使出先制招式。
20,10,220,魂心,每當場上有寶可夢\n陷入瀕死狀態時，\n特攻就會提高。
20,10,221,捲髮,對手用攻擊接觸到自己時，\n降低此對手的速度。
20,10,222,接球手,繼承被打倒的同伴的特性，\n變為相同的特性。
20,10,223,化學之力,繼承被打倒的同伴的特性，\n變為相同的特性。
20,10,224,異獸提升,打倒對手的時候，\n會提高自己最高的那項能力。
20,10,225,ＡＲ系統,根據持有的記憶碟，\n自己的屬性會改變。
20,10,226,電氣製造者,出場時，\n會布下電氣場地。
20,10,227,精神製造者,出場時，\n會布下精神場地。
20,10,228,薄霧製造者,出場時，\n會布下薄霧場地。
20,10,229,青草製造者,出場時，\n會布下青草場地。
20,10,230,金屬防護,不會因對手的招式或特性\n而被降低能力。
20,10,231,幻影防守,ＨＰ全滿時，\n受到的傷害會變少。
20,10,232,稜鏡裝甲,受到效果絕佳的攻擊時，\n可減弱其威力。
20,10,233,腦核之力,可進一步提升\n效果絕佳招式的威力。
