version_group_id,language_id,ability_id,name,description
25,1,1,あくしゅう,臭い　においを　放つことによって\n攻撃した　ときに　相手を\nひるませることが　ある。
25,1,2,あめふらし,登場　したときに\n天気を　雨に　する。
25,1,3,かそく,毎ターン　素早さが　上がる。
25,1,4,カブトアーマー,硬い　甲羅に　守られて\n相手の　攻撃が\n急所に　当たらない。
25,1,5,がんじょう,ＨＰが　満タンのとき　技を　受けても\n一撃で　倒されることが　ない。\n一撃必殺技も　効かない。
25,1,6,しめりけ,あたりを　湿らせることに　よって\nじばく　などの　爆発する　技を\nだれも　使えなくなる。
25,1,7,じゅうなん,柔軟な　体によって\nまひ状態に　ならない。
25,1,8,すながくれ,砂あらしの　とき\n回避率が　上がる。
25,1,9,せいでんき,静電気を　体に　まとい\n触った　相手を\nまひさせる　ことがある。
25,1,10,ちくでん,でんきタイプの　技を　受けると\nダメージを　受けずに　回復する。
25,1,11,ちょすい,みずタイプの　技を　受けると\nダメージを　受けずに　回復する。
25,1,12,どんかん,鈍感なので　メロメロや\nちょうはつ状態に　ならない。\nいかくにも　動じない。
25,1,13,ノーてんき,あらゆる　天気の　影響が\nなくなって　しまう。
25,1,14,ふくがん,複眼を　持っているため\n技の　命中率が　上がる。
25,1,15,ふみん,眠れない　体質　なので\nねむり状態に　ならない。
25,1,16,へんしょく,相手から　受けた　技の　タイプに\n自分の　タイプが　変化　する。
25,1,17,めんえき,体内に　免疫を　持っているため\nどく状態に　ならない。
25,1,18,もらいび,ほのおタイプの　技を　受けると\n炎を　もらい　自分が　出す\nほのおタイプの　技が　強くなる。
25,1,19,りんぷん,りんぷんに　守られて\n技の　追加効果を　受けなくなる。
25,1,20,マイペース,マイペースなので\nこんらん状態に　ならない。\nいかくにも　動じない。
25,1,21,きゅうばん,吸盤で　地面に　張り付き\nポケモンを　入れ替えさせる\n技や　道具が　効かなくなる。
25,1,22,いかく,登場　したとき　威嚇して\n相手を　萎縮させ\n相手の　攻撃を　下げて　しまう。
25,1,23,かげふみ,相手の　影を　踏み\n逃げたり　交代　できなくする。
25,1,24,さめはだ,攻撃を　受けたとき\n自分に　触れた　相手を\nざらざらの　肌で　キズつける。
25,1,25,ふしぎなまもり,効果バツグンの　技しか\n当たらない　不思議な　力。
25,1,26,ふゆう,地面から　浮くことによって\nじめんタイプの　技を　受けない。
25,1,27,ほうし,攻撃で　自分に　触れた　相手を\nどくや　まひや　ねむり状態に\nする　ことがある。
25,1,28,シンクロ,自分が　なってしまった\nどくや　まひや　やけどを\n相手に　うつす。
25,1,29,クリアボディ,相手の　技や　特性で\n能力を　下げられない。
25,1,30,しぜんかいふく,手持ちに　ひっこむと\n状態異常が　治る。
25,1,31,ひらいしん,でんきタイプの　技を　自分に\n寄せつけ　ダメージを　受けずに\n特攻が　上がる。
25,1,32,てんのめぐみ,天の恵みの　おかげで\n技の　追加効果が　でやすい。
25,1,33,すいすい,天気が　雨のとき\n素早さが　上がる。
25,1,34,ようりょくそ,天気が　晴れのとき\n素早さが　上がる。
25,1,35,はっこう,あたりを　明るくすることで\n命中率を　下げられない。
25,1,36,トレース,登場　したとき\n相手の　特性を　トレースして\n同じ　特性に　なる。
25,1,37,ちからもち,物理攻撃の\n威力が　２倍になる。
25,1,38,どくのトゲ,自分に　触った　相手を\nどく状態に　することがある。
25,1,39,せいしんりょく,鍛えられた　精神に　よって\n相手の　攻撃に　ひるまない。\nいかくにも　動じない。
25,1,40,マグマのよろい,熱い　マグマを　身にまとい\nこおり状態に　ならない。
25,1,41,みずのベール,水のベールを　身にまとい\nやけど状態に　ならない。
25,1,42,じりょく,はがねタイプの　ポケモンを\n磁力で　引きつけて\n逃げられなくする。
25,1,43,ぼうおん,音を　遮断することに　よって\n音の技を　受けない。
25,1,44,あめうけざら,天気が　雨のとき\n少しずつ　ＨＰを　回復する。
25,1,45,すなおこし,登場　したとき\n天気を　砂あらしにする。
25,1,46,プレッシャー,プレッシャーを　あたえて\n相手の　使う　技の　ＰＰを\n多く　減らす。
25,1,47,あついしぼう,厚い　脂肪で　守られているので\nほのおタイプと　こおりタイプの\n技の　ダメージを　半減させる。
25,1,48,はやおき,ねむり状態に　なっても\n２倍の　早さで\n目覚める　ことが　できる。
25,1,49,ほのおのからだ,自分に　触った　相手を\nやけど状態に　する　ことがある。
25,1,50,にげあし,野生の　ポケモンから\n必ず　逃げられる。
25,1,51,するどいめ,鋭い　目の　おかげで\n命中率を　下げられない。
25,1,52,かいりきバサミ,力自慢の　ハサミを　持っているので\n相手に　攻撃を　下げられない。
25,1,53,ものひろい,相手の　使った　道具を\n拾ってくることが　ある。\n冒険中も　拾ってくる。
25,1,54,なまけ,技を　出すと\n次の　ターンは　休んでしまう。
25,1,55,はりきり,自分の　攻撃が　高くなるが\n命中率が　下がる。
25,1,56,メロメロボディ,自分に　触った　相手を\nメロメロに　することが　ある。
25,1,57,プラス,プラスか　マイナスの　特性を　持つ\nポケモンが　仲間に　いると\n自分の　特攻が　上がる。
25,1,58,マイナス,プラスか　マイナスの　特性を　持つ\nポケモンが　仲間に　いると\n自分の　特攻が　上がる。
25,1,59,てんきや,天気の　影響を　受けて\nみずタイプ　ほのおタイプ　こおりタイプの\nどれかに　変化する。
25,1,60,ねんちゃく,粘着質の　体に\n道具が　くっついているため\n相手に　道具を　奪われない。
25,1,61,だっぴ,体の　皮を　脱ぎ捨てることで\n状態異常を\n治すことが　ある。
25,1,62,こんじょう,状態異常に　なると\n根性を　だして\n攻撃が　上がる。
25,1,63,ふしぎなうろこ,状態異常に　なると\n不思議なウロコが　反応して\n防御が　上がる。
25,1,64,ヘドロえき,ヘドロ液を　吸い取った　相手は\n強烈な　悪臭で\nダメージを　受けて　ＨＰを　減らす。
25,1,65,しんりょく,ＨＰが　減ったとき\nくさタイプの　技の\n威力が　上がる。
25,1,66,もうか,ＨＰが　減ったとき\nほのおタイプの　技の\n威力が　上がる。
25,1,67,げきりゅう,ＨＰが　減ったとき\nみずタイプの　技の\n威力が　上がる。
25,1,68,むしのしらせ,ＨＰが　減ったとき\nむしタイプの　技の\n威力が　上がる。
25,1,69,いしあたま,反動を　受ける　技を　出しても\nＨＰが　減らない。
25,1,70,ひでり,登場　したときに\n天気を　晴れに　する。
25,1,71,ありじごく,戦闘で　相手を\n逃げられなくする。
25,1,72,やるき,やる気を　だすことに　よって\nねむり状態に　ならない。
25,1,73,しろいけむり,白い煙に　守られて\n相手に　能力を　下げられない。
25,1,74,ヨガパワー,ヨガの　力で\n物理攻撃の　威力が\n２倍に　なる。
25,1,75,シェルアーマー,硬い　殻に　守られ\n相手の　攻撃が\n急所に　当たらない。
25,1,76,エアロック,あらゆる　天気の　影響が\n消えて　しまう。
25,1,77,ちどりあし,こんらん状態の　ときは\n回避率が　アップする。
25,1,78,でんきエンジン,でんきタイプの　技を　受けると\nダメージを　受けずに\n素早さが　上がる。
25,1,79,とうそうしん,性別が　同じだと\n闘争心を　燃やして　強くなる。\n性別が　違うと　弱くなる。
25,1,80,ふくつのこころ,ひるむ　たびに\n不屈の心を　燃やして\n素早さが　上がる。
25,1,81,ゆきがくれ,天気が　ゆきのとき\n回避率が　上がる。
25,1,82,くいしんぼう,ＨＰが　少なくなったら　食べる\nきのみを　ＨＰ　半分の\n時に　食べてしまう。
25,1,83,いかりのつぼ,急所に　攻撃が　当たると\n怒りくるって　攻撃力が\n最大に　なる。
25,1,84,かるわざ,持っていた　道具が　なくなると\n素早さが　上がる。
25,1,85,たいねつ,耐熱の　体に　よって\nほのおタイプの　技の\nダメージを　半減させる。
25,1,86,たんじゅん,能力　変化が\nいつもの　２倍に　なる。
25,1,87,かんそうはだ,天気が　雨の時や　みずタイプの\n技で　ＨＰが　回復し　はれの時や\nほのおタイプの　技で　減ってしまう。
25,1,88,ダウンロード,相手の　防御と　特防を　くらべて\n低い　ほうの　能力に　あわせて\n自分の　攻撃か　特攻を　上げる。
25,1,89,てつのこぶし,パンチを　使う　技の\n威力が　上がる。
25,1,90,ポイズンヒール,どく状態に　なると\nＨＰが　減らずに　増えていく。
25,1,91,てきおうりょく,自分と　おなじ　タイプの\n技の　威力が　上がる。
25,1,92,スキルリンク,連続技を　使うと　いつも\n最高回数　出すことが　できる。
25,1,93,うるおいボディ,天気が　雨のとき\n状態異常が　治る。
25,1,94,サンパワー,天気が　晴れると\n特攻が　上がるが\n毎ターン　ＨＰが　減る。
25,1,95,はやあし,状態異常に　なると\n素早さが　上がる。
25,1,96,ノーマルスキン,どんな　タイプの　技でも\nすべて　ノーマルタイプに　なる。\n威力が　少し　上がる。
25,1,97,スナイパー,攻撃を　急所に　当てると\n威力が　さらに　上がる。
25,1,98,マジックガード,攻撃　以外では\nダメージを　受けない。
25,1,99,ノーガード,ノーガード戦法に　よって\nお互いの　出す　技が\nかならず　当たる　ようになる。
25,1,100,あとだし,技を　出す　順番が\nかならず　最後に　なる。
25,1,101,テクニシャン,威力が　低い　技の\n威力を　高くして　攻撃できる。
25,1,102,リーフガード,天気が　晴れのときは\n状態異常に　ならない。
25,1,103,ぶきよう,持っている　道具を\n使うことが　できない。
25,1,104,かたやぶり,相手の　特性に\nジャマされる　ことなく　相手に\n技を　出すことが　できる。
25,1,105,きょううん,強運を　持っているため\n相手の　急所に\n攻撃が　当たりやすい。
25,1,106,ゆうばく,ひんしに　なったとき\n触った　相手に\nダメージを　あたえる。
25,1,107,きけんよち,相手の　持つ　危険な　技を\n察知する　ことができる。
25,1,108,よちむ,登場　したとき\n相手の　持つ　技を\nひとつだけ　読み取る。
25,1,109,てんねん,相手の　能力の　変化を\n無視して　攻撃が　できる。
25,1,110,いろめがね,効果が　いまひとつの　技を\n通常の　威力で\n出すことが　できる。
25,1,111,フィルター,効果バツグンに　なってしまう\n攻撃の　威力を\n弱める　ことが　できる。
25,1,112,スロースタート,５ターンの　あいだ\n攻撃と　素早さが\n半分に　なる。
25,1,113,きもったま,ノーマルタイプと　かくとうタイプの技を\nゴーストタイプに　当てることが　できる。\nいかくにも　動じない。
25,1,114,よびみず,みずタイプの　技を　自分に　よせつけ\nダメージは　受けずに　特攻が　上がる。
25,1,115,アイスボディ,天気が　ゆきのとき　ＨＰを\n少しずつ　回復　する。
25,1,116,ハードロック,効果バツグンに　なってしまう\n攻撃の　威力を\n弱める　ことが　できる。
25,1,117,ゆきふらし,登場　したときに\n天気を　ゆきに　する。
25,1,118,みつあつめ,戦闘が　終わったとき\nあまいミツを　拾うことが　ある。
25,1,119,おみとおし,登場　したとき\n相手の　持ち物を\n見通すことが　できる。
25,1,120,すてみ,反動で　ダメージを\n受ける　技の　威力が　上がる。
25,1,121,マルチタイプ,持っている　プレートによって\n自分の　タイプが　変わる。
25,1,122,フラワーギフト,天気が　晴れのとき\n自分と　味方の　攻撃と\n特防の　能力が　上がる。
25,1,123,ナイトメア,ねむり状態の　相手に\nダメージを　あたえる。
25,1,124,わるいてぐせ,触られた　相手の　道具を\n盗んで　しまう。
25,1,125,ちからずく,技の　追加効果は　なくなるが\nそのぶん　高い　威力で\n技を　出すことが　できる。
25,1,126,あまのじゃく,能力の　変化が　逆転して\n上がるときに　下がり\n下がるときに　上がる。
25,1,127,きんちょうかん,相手を　緊張させて\nきのみを　食べられなく　させる。
25,1,128,まけんき,相手に　能力を　下げられると\n攻撃が　ぐーんと　上がる。
25,1,129,よわき,ＨＰが　半分に　なると\n弱気に　なって　攻撃と\n特攻が　半減する。
25,1,130,のろわれボディ,攻撃を　受けると　相手の　技を\nかなしばり状態に\nすることが　ある。
25,1,131,いやしのこころ,状態異常の　味方を\nたまに　治してあげる。
25,1,132,フレンドガード,味方の　ダメージを\n減らすことが　できる。
25,1,133,くだけるよろい,物理技で　ダメージを　受けると\n防御が　下がり\n素早さが　ぐーんと　上がる。
25,1,134,ヘヴィメタル,自分の　重さが\n２倍に　なる。
25,1,135,ライトメタル,自分の　重さが\n半分に　なる。
25,1,136,マルチスケイル,ＨＰが　満タンの　ときに\n受ける　ダメージが　少なくなる。
25,1,137,どくぼうそう,どく状態に　なったとき\n物理技の　威力が　上がる。
25,1,138,ねつぼうそう,やけど状態に　なったとき\n特殊技の　威力が　上がる。
25,1,139,しゅうかく,使った　きのみを\n何回も　作りだす。
25,1,140,テレパシー,味方の　攻撃を　読み取って\n技を　回避する。
25,1,141,ムラっけ,毎ターン　能力の　どれかが\nぐーんと　上がって　どれかが　下がる。
25,1,142,ぼうじん,すなあらしの　ダメージを　受けない。\n粉や　胞子の　影響も　受けない。
25,1,143,どくしゅ,触る　だけで　相手を\nどく　状態に　することがある。
25,1,144,さいせいりょく,手持ちに　引っ込むと\nＨＰが　少し　回復する。
25,1,145,はとむね,防御を　下げる\n効果を　受けない。
25,1,146,すなかき,天気が　すなあらし　のとき\n素早さが　上がる。
25,1,147,ミラクルスキン,変化技を　受けにくい\n体に　なっている。
25,1,148,アナライズ,いちばん　最後に　技を　出すと\n技の　威力が　上がる。
25,1,149,イリュージョン,手持ちの　いちばん　うしろに　いる\nポケモンに　なりきって　登場して\n相手を　化かす。
25,1,150,かわりもの,目の前の　ポケモンに\n変身　してしまう。
25,1,151,すりぬけ,相手の　壁や　身代わりを\nすりぬけて　攻撃　できる。
25,1,152,ミイラ,相手に　触られると\n相手を　ミイラに　してしまう。
25,1,153,じしんかじょう,相手を　倒すと\n自信が　ついて\n攻撃が　上がる。
25,1,154,せいぎのこころ,あくタイプの　攻撃を　受けると\n正義感で　攻撃が　上がる。
25,1,155,びびり,あく　ゴースト　むしタイプの\n攻撃を　受けたり　いかくを　されると\nびびって　素早さが　上がる。
25,1,156,マジックミラー,相手に　だされた　変化技を　受けずに\nそのまま　返す　ことが　できる。
25,1,157,そうしょく,くさタイプの　技を　受けると\nダメージを　受けずに\n攻撃が　上がる。
25,1,158,いたずらごころ,変化技を　先制で\n出すことが　できる。
25,1,159,すなのちから,天気が　すなあらしの　とき\nいわタイプと　じめんタイプと\nはがねタイプの　威力が　上がる。
25,1,160,てつのトゲ,自分に　触った　相手に\n鉄のトゲで　ダメージを　あたえる。
25,1,161,ダルマモード,ＨＰが　半分　以下に　なると\n姿が　変化する。
25,1,162,しょうりのほし,自分や　味方の\n命中率が　上がる。
25,1,163,ターボブレイズ,相手の　特性に　ジャマされず\n相手に　技を　出すことが　できる。
25,1,164,テラボルテージ,相手の　特性に　ジャマされず\n相手に　技を　出すことが　できる。
25,1,165,アロマベール,自分と　味方への　メンタル\n攻撃を　防ぐことが　できる。
25,1,166,フラワーベール,味方の　草ポケモンは\n能力が　下がらず\n状態異常にも　ならない。
25,1,167,ほおぶくろ,どんな　きのみでも\n食べると　ＨＰも　回復する。
25,1,168,へんげんじざい,戦闘に　出るたび　１回だけ\n自分が　出す　技と\n同じ　タイプに　変化する。
25,1,169,ファーコート,相手から　受ける　物理技の\nダメージが　半分に　なる。
25,1,170,マジシャン,技を　当てた　相手の\n道具を　奪ってしまう。
25,1,171,ぼうだん,相手の　弾や　爆弾などの\n技を　防ぐことが　できる。
25,1,172,かちき,相手に　能力を　下げられると\n特攻が　ぐーんと　上がる。
25,1,173,がんじょうあご,あごが　頑丈で\n噛む　技の　威力が\n高くなる。
25,1,174,フリーズスキン,ノーマルタイプの　技が\nこおりタイプに　なる。\n威力が　少し　上がる。
25,1,175,スイートベール,自分と　味方の　ポケモンは\n眠らなくなる。
25,1,176,バトルスイッチ,攻撃技を　出すと　ブレードフォルムに\n技　キングシールドを　出すと\nシールドフォルムに　変化する。
25,1,177,はやてのつばさ,ＨＰが　満タン　だと\nひこうタイプの　技を\n先制で　出すことが　できる。
25,1,178,メガランチャー,波動の　技の\n威力が　高くなる。
25,1,179,くさのけがわ,グラスフィールドのとき\n防御が　上がる。
25,1,180,きょうせい,味方が　道具を　使うと\n自分の　持っている　道具を\n味方に　渡す。
25,1,181,かたいツメ,相手に　接触する　技の\n威力が　高くなる。
25,1,182,フェアリースキン,ノーマルタイプの　技が\nフェアリータイプになる。\n威力が　少し　上がる。
25,1,183,ぬめぬめ,攻撃で　自分に　触れた　相手の\n素早さを　下げる。
25,1,184,スカイスキン,ノーマルタイプの　技が\nひこうタイプになる。\n威力が　少し　上がる。
25,1,185,おやこあい,親子　２匹で　２回\n攻撃することが　できる。
25,1,186,ダークオーラ,全員の　あくタイプの\n技が　強くなる。
25,1,187,フェアリーオーラ,全員の　フェアリータイプの\n技が　強くなる。
25,1,188,オーラブレイク,オーラの　効果を　逆転させて\n威力を　下げる。
25,1,189,はじまりのうみ,ほのおタイプの　攻撃を\n受けない　天気にする。
25,1,190,おわりのだいち,みずタイプの　攻撃を\n受けない　天気にする。
25,1,191,デルタストリーム,ひこうタイプの　弱点が\nなくなる　天気にする。
25,1,192,じきゅうりょく,攻撃を　受けると\n防御が　上がる。
25,1,193,にげごし,ＨＰが　半分に　なると\nあわてて　逃げ出して\n手持ちに　引っ込んで　しまう。
25,1,194,ききかいひ,ＨＰが　半分に　なると\n危険を　回避するため\n手持ちに　引っ込んで　しまう。
25,1,195,みずがため,みずタイプの　技を　受けると\n防御が　ぐーんと　上がる。
25,1,196,ひとでなし,どく状態の\n相手を　攻撃すると\nかならず　急所に　当たる。
25,1,197,リミットシールド,ＨＰが　半分に　なると\n殻が　壊れて\n攻撃的に　なる。
25,1,198,はりこみ,交代で　出てきた　相手に\n２倍の　ダメージで　攻撃　できる。
25,1,199,すいほう,自分に　対する　ほのおタイプの\n技の　威力を　下げる。\nやけど　しない。
25,1,200,はがねつかい,はがねタイプの　技の\n威力が　上がる。
25,1,201,ぎゃくじょう,相手の　攻撃で\nＨＰが　半分に　なると\n特攻が　上がる。
25,1,202,ゆきかき,天気が　ゆき　のとき\n素早さが　上がる。
25,1,203,えんかく,すべての　技を\n相手に　接触　しないで\n出すことが　できる。
25,1,204,うるおいボイス,すべての　音技が\nみずタイプに　なる。
25,1,205,ヒーリングシフト,回復技を　先制で\n出すことが　できる。
25,1,206,エレキスキン,ノーマルタイプの　技が\nでんきタイプになる。\n威力が　少し　上がる。
25,1,207,サーフテール,エレキフィールド　のとき\n素早さが　２倍に　なる。
25,1,208,ぎょぐん,ＨＰが　多いときは　群れて　強くなる。\nＨＰの　残りが　少なくなると\n群れは　散り散りに　なってしまう。
25,1,209,ばけのかわ,体を　被う　化けの皮で\n１回　攻撃を　防ぐことが　できる。
25,1,210,きずなへんげ,相手を　倒すと　トレーナーとの\nキズナが　深まり　自分の\n攻撃　特攻　素早さが　上がる。
25,1,211,スワームチェンジ,ＨＰが　半分に　なると\nセルたちが　応援に　駆けつけ\nパーフェクトフォルムに　姿を　変える。
25,1,212,ふしょく,はがねタイプや　どくタイプも\nどく状態に　することが　できる。
25,1,213,ぜったいねむり,つねに　夢うつつの　状態で\n絶対に　目覚めない。\n眠ったまま　攻撃が　できる。
25,1,214,じょおうのいげん,相手に　威圧感を　あたえ\nこちらに　むかって　先制技を\n出せない　ようにする。
25,1,215,とびだすなかみ,相手に　倒されたとき\nＨＰの　残りの　ぶんだけ\n相手に　ダメージを　あたえる。
25,1,216,おどりこ,だれかが　踊り技を　使うと\n自分も　それに　続いて\n踊り技を　出すことが　できる。
25,1,217,バッテリー,味方の　特殊技の\n威力を　上げる。
25,1,218,もふもふ,相手から　受けた　接触する　技の\nダメージを　半減するが　ほのおタイプの\n技の　ダメージは　２倍になる。
25,1,219,ビビッドボディ,相手を　びっくり　させて\nこちらに　むかって　先制技を\n出せない　ようにする。
25,1,220,ソウルハート,ポケモンが　ひんしに　なるたびに\n特攻が　上がる。
25,1,221,カーリーヘアー,攻撃で　自分に　触れた　相手の\n素早さを　下げる。
25,1,222,レシーバー,倒された　味方の　特性を\n受け継いで　同じ　特性に　なる。
25,1,223,かがくのちから,倒された　味方の　特性を　受け継ぎ\n同じ　特性に　変わる。
25,1,224,ビーストブースト,相手を　倒したとき\n自分の　いちばん　高い\n能力が　上がる。
25,1,225,ＡＲシステム,持っている　メモリで\n自分の　タイプが　変わる。
25,1,226,エレキメイカー,登場　したときに\nエレキフィールドを　はりめぐらせる。
25,1,227,サイコメイカー,登場　したときに\nサイコフィールドを　はりめぐらせる。
25,1,228,ミストメイカー,登場　したときに\nミストフィールドを　はりめぐらせる。
25,1,229,グラスメイカー,登場　したときに\nグラスフィールドを　はりめぐらせる。
25,1,230,メタルプロテクト,相手の　技や　特性で\n能力を　下げられない。
25,1,231,ファントムガード,ＨＰが　満タンの　ときに\n受ける　ダメージが　少なくなる。
25,1,232,プリズムアーマー,効果バツグンに　なってしまう\n攻撃の　威力を\n弱める　ことが　できる。
25,1,233,ブレインフォース,効果バツグンの　攻撃で\n威力が　さらに　上がる。
25,1,234,ふとうのけん,最初に　登場　したとき\n攻撃が　上がる。
25,1,235,ふくつのたて,最初に　登場　したとき\n防御が　上がる。
25,1,236,リベロ,戦闘に　出るたび　１回だけ\n自分が　出す　技と\n同じ　タイプに　変化する。
25,1,237,たまひろい,道具を　持っていない　場合\n１回目に　投げて　失敗　した\nモンスターボールを　拾ってくる。
25,1,238,わたげ,攻撃を　受けると　わたげを　ばらまいて\n自分以外の　ポケモン　すべての\n素早さを　下げる。
25,1,239,スクリューおびれ,相手の　技を　引き受ける\n特性や　技の\n影響を　無視　できる。
25,1,240,ミラーアーマー,自分が　受けた\n能力　ダウンの\n効果　だけを　跳ね返す。
25,1,241,うのミサイル,なみのりか　ダイビングを　すると\n獲物を　くわえてくる。　ダメージを\n受けると　獲物を　吐きだして　攻撃。
25,1,242,すじがねいり,相手の　技を　引き受ける\n特性や　技の\n影響を　無視　できる。
25,1,243,じょうききかん,みずタイプ　ほのおタイプの\n技を　受けると\n素早さが　ぐぐーんと　上がる。
25,1,244,パンクロック,音技の　威力が　上がる。\n受けた　音技の\nダメージは　半分に　なる。
25,1,245,すなはき,攻撃を　受けると\n砂あらしを　起こす。
25,1,246,こおりのりんぷん,こおりのりんぷんに　守られて\n特殊攻撃で　受ける\nダメージが　半減　する。
25,1,247,じゅくせい,熟成　させることで\nきのみの　効果が\n倍に　なる。
25,1,248,アイスフェイス,物理攻撃は　頭の　氷が\nみがわりに　なるが　姿も　変わる。\n氷は　ゆきが　降ると　元に戻る。
25,1,249,パワースポット,隣に　いるだけで\n技の　威力が　上がる。
25,1,250,ぎたい,フィールドの　状態に　あわせて\nポケモンの　タイプが　変わる。
25,1,251,バリアフリー,登場　したときに　敵と　味方の\nひかりのかべ　リフレクター\nオーロラベールの　効果が　消える。
25,1,252,はがねのせいしん,味方の　はがねタイプの\n攻撃の　威力が　上がる。
25,1,253,ほろびのボディ,接触する　技を　受けると\nお互い　３ターン　たつと　ひんしになる。\n交代すると　効果は　なくなる。
25,1,254,さまようたましい,接触する　技で\n攻撃　してきた　ポケモンと\n特性を　入れ替える。
25,1,255,ごりむちゅう,攻撃は　上がるが\n最初に　選んだ\n技しか　出せなくなる。
25,1,256,かがくへんかガス,かがくへんかガスの　ポケモンが　場にいると\nすべての　ポケモンの　特性の\n効果が　消えたり　発動　しなくなる。
25,1,257,パステルベール,自分も　味方も\nどくの　状態異常を\n受けなくなる。
25,1,258,はらぺこスイッチ,ターンの　終わりに　まんぷくもよう\nはらぺこもよう　まんぷくもよう……と\n交互に　姿を　変える。
25,1,259,クイックドロウ,相手より　先に\n行動できることが　ある。
25,1,260,ふかしのこぶし,相手に　接触する　技なら\n守りの　効果を\n無視して　攻撃することが　できる。
25,1,261,きみょうなくすり,登場　したときに\n貝がらから　薬を　振りまいて\n味方の　能力変化を　元に戻す。
25,1,262,トランジスタ,でんきタイプの　技の\n威力が　上がる。
25,1,263,りゅうのあぎと,ドラゴンタイプの　技の\n威力が　上がる。
25,1,264,しろのいななき,相手を　倒すと\n冷たい　声で　いなないて\n攻撃が　上がる。
25,1,265,くろのいななき,相手を　倒すと\n恐ろしい　声で　いなないて\n特攻が　上がる。
25,1,266,じんばいったい,バドレックスの　きんちょうかんと\nブリザポスの　しろのいななきの\n二つの　特性を　あわせ持つ。
25,1,267,じんばいったい,バドレックスの　きんちょうかんと\nレイスポスの　くろのいななきの\n二つの　特性を　あわせ持つ。
25,1,268,とれないにおい,相手に　触られると\nとれないにおいが\n相手に　うつってしまう。
25,1,269,こぼれダネ,攻撃を　受けると\nグラスフィールドに　する。
25,1,270,ねつこうかん,ほのおタイプの　技を　受けると\n攻撃が　上がる。\nやけど状態に　ならない。
25,1,271,いかりのこうら,相手の攻撃で　ＨＰが　半分に　なると\n怒りで　防御と　特防が　下がるが\n攻撃　特攻　素早さが　上がる。
25,1,272,きよめのしお,清らかな塩で　状態異常に　ならない。\nゴーストタイプの　技の\nダメージを　半減させる。
25,1,273,こんがりボディ,ほのおタイプの　技を　受けると\nダメージを　受けずに\n防御が　ぐーんと　上がる。
25,1,274,かぜのり,おいかぜが　吹いたり　風技を　受けると\nダメージを　受けずに\n攻撃が　上がる。
25,1,275,ばんけん,いかく　されると　攻撃が　上がる。\nポケモンを　入れ替えさせる\n技や　道具が　効かない。
25,1,276,いわはこび,いわタイプの　技の\n威力が　上がる。
25,1,277,ふうりょくでんき,風技を　受けると\nじゅうでん　状態に　なる。
25,1,278,マイティチェンジ,手持ちに　ひっこむと\nマイティフォルムに　変化する。
25,1,279,しれいとう,登場したとき　味方に\nヘイラッシャが　いると　口の中に\n入って　そこから　指令を　だす。
25,1,280,でんきにかえる,ダメージを　受けると\nじゅうでん　状態に　なる。
25,1,281,こだいかっせい,ブーストエナジーを　持たせるか\n天気が　晴れのとき\nいちばん　高い能力が　上がる。
25,1,282,クォークチャージ,ブーストエナジーを　持たせるか\nエレキフィールドのとき\nいちばん　高い能力が　上がる。
25,1,283,おうごんのからだ,酸化せず　丈夫な　黄金の体は\n相手からの　変化技を　受けない。
25,1,284,わざわいのうつわ,災厄を　呼ぶ　器の力で\n自分以外の　特攻が　弱くなる。
25,1,285,わざわいのつるぎ,災厄を　呼ぶ　剣の力で\n自分以外の　防御が　弱くなる。
25,1,286,わざわいのおふだ,災厄を　呼ぶ　木札の力で\n自分以外の　攻撃が　弱くなる。
25,1,287,わざわいのたま,災厄を　呼ぶ　勾玉の力で\n自分以外の　特防が　弱くなる。
25,1,288,ひひいろのこどう,登場したとき　天気を　晴れにする。\n日差しが　強いと　古代の\n鼓動により　攻撃が　高まる。
25,1,289,ハドロンエンジン,登場したとき　エレキフィールドを　はる。\nエレキフィールドだと　未来の\n機関により　特攻が　高まる。
25,1,290,びんじょう,相手の　能力が　上がったとき\n自分も　便乗して\n同じように　能力を　上げる。
25,1,291,はんすう,きのみを　食べると\n次のターンの　終わりに　胃から\n出して　もう１回だけ　食べる。
25,1,292,きれあじ,相手を　切る技の\n威力が　上がる。
25,1,293,そうだいしょう,登場したとき　今まで　倒された\n味方の　数が　多いほど\n少しずつ　攻撃と　特攻が　上がる。
25,1,294,きょうえん,登場　したときに\n味方の　能力変化を　コピーする。
25,1,295,どくげしょう,物理技で　ダメージを　受けると\n相手の　足下に\nどくびしが　ちらばる。
25,1,296,テイルアーマー,頭を包む　謎のしっぽが\nこちらに　むかって　先制技を\n出せない　ようにする。
25,1,297,どしょく,じめんタイプの　技を　受けると\nダメージを　受けずに　回復する。
25,1,298,きんしのちから,変化技を　出すとき\n必ず　行動が　遅くなるが\n相手の　特性に　ジャマされない。
25,1,299,おもてなし,登場したとき　味方を　もてなして\nＨＰを　少しだけ　回復してあげる。
25,1,300,しんがん,ノーマル　かくとうタイプの技を　ゴーストタイプに\n当てることが　できる。　相手の　回避率の\n変化を　無視し　命中率も　下げられない。
25,1,301,おもかげやどし,思い出を　心に　宿すことで\nみどりのめんを　かがやかせ\n自分の　素早さを　上げる。
25,1,302,おもかげやどし,思い出を　心に　宿すことで\nかまどのめんを　かがやかせ\n自分の　攻撃を　上げる。
25,1,303,おもかげやどし,思い出を　心に　宿すことで\nいどのめんを　かがやかせ\n自分の　特防を　上げる。
25,1,304,おもかげやどし,思い出を　心に　宿すことで\nいしずえのめんを　かがやかせ\n自分の　防御を　上げる。
25,1,305,どくのくさり,毒素を　ふくんだ　鎖の力で\n技を　当てた　相手を\n猛毒の状態に　することが　ある。
25,1,306,かんろなミツ,最初に　登場　したとき\n甘ったるい　蜜の香りを　ふりまいて\n相手の　回避率を　下げる。
25,1,307,テラスチェンジ,登場したとき　周囲の\nエネルギーを　吸収し\nテラスタルフォルムに　変化する。
25,1,308,テラスシェル,全タイプの力を　秘めた甲羅は\nＨＰが　満タンの　ときに　受ける\nダメージを　すべて　今ひとつに　する。
25,1,309,ゼロフォーミング,テラパゴスが　ステラフォルムに　なったとき\n秘められた力で　天気と　フィールドの\n影響を　すべて　ゼロにする。
25,1,310,どくくぐつ,モモワロウの　技によって\nどく状態に　なった　相手は\nこんらん状態にも　なってしまう。
25,2,1,Stench,"By releasing a stench when attacking, the Pokémon may\ncause the target to flinch."
25,2,2,Drizzle,The Pokémon makes it rain when it enters a battle.
25,2,3,Speed Boost,The Pokémon’s Speed stat is boosted every turn.
25,2,4,Battle Armor,Hard armor protects the Pokémon from critical hits.
25,2,5,Sturdy,The Pokémon cannot be knocked out by a single hit\nas long as its HP is full. One-hit KO moves will also\nfail to knock it out.
25,2,6,Damp,"The Pokémon dampens its surroundings, preventing\nall Pokémon from using explosive moves such as\nSelf-Destruct."
25,2,7,Limber,The Pokémon’s limber body prevents it from being\nparalyzed.
25,2,8,Sand Veil,Boosts the Pokémon’s evasiveness in a sandstorm.
25,2,9,Static,The Pokémon is charged with static electricity and may\nparalyze attackers that make direct contact with it.
25,2,10,Volt Absorb,"If hit by an Electric-type move, the Pokémon has its HP\nrestored instead of taking damage."
25,2,11,Water Absorb,"If hit by a Water-type move, the Pokémon has its HP\nrestored instead of taking damage."
25,2,12,Oblivious,"The Pokémon is oblivious, keeping it from being\ninfatuated, falling for taunts, or being affected by\nIntimidate."
25,2,13,Cloud Nine,Eliminates the effects of weather.
25,2,14,Compound Eyes,The Pokémon’s compound eyes boost its accuracy.
25,2,15,Insomnia,The Pokémon’s insomnia prevents it from falling asleep.
25,2,16,Color Change,The Pokémon’s type becomes the type of the move\nused on it.
25,2,17,Immunity,The Pokémon’s immune system prevents it from being\npoisoned.
25,2,18,Flash Fire,"If hit by a Fire-type move, the Pokémon absorbs\nthe flames and uses them to power up its own\nFire-type moves."
25,2,19,Shield Dust,Protective dust shields the Pokémon from the additional\neffects of moves.
25,2,20,Own Tempo,"The Pokémon sticks to its own tempo, preventing it from\nbecoming confused or being affected by Intimidate."
25,2,21,Suction Cups,The Pokémon uses suction cups to stay in one spot.\nThis protects it from moves and items that would\nforce it to switch out.
25,2,22,Intimidate,"When the Pokémon enters a battle, it intimidates\nopposing Pokémon and makes them cower,\nlowering their Attack stats."
25,2,23,Shadow Tag,The Pokémon steps on the opposing Pokémon’s shadows\nto prevent them from fleeing or switching out.
25,2,24,Rough Skin,The Pokémon’s rough skin damages attackers that make\ndirect contact with it.
25,2,25,Wonder Guard,Its mysterious power only lets supereffective moves\nhit the Pokémon.
25,2,26,Levitate,"By floating in the air, the Pokémon receives full immunity\nto all Ground-type moves."
25,2,27,Effect Spore,"Contact with the Pokémon may inflict poison, sleep,\nor paralysis on the attacker."
25,2,28,Synchronize,"If the Pokémon is burned, paralyzed, or poisoned by\nanother Pokémon, that Pokémon will be inflicted with\nthe same status condition."
25,2,29,Clear Body,Prevents other Pokémon’s moves or Abilities from\nlowering the Pokémon’s stats.
25,2,30,Natural Cure,The Pokémon’s status conditions are cured when it\nswitches out.
25,2,31,Lightning Rod,"The Pokémon draws in all Electric-type moves. Instead\nof taking damage from them, its Sp. Atk stat is boosted."
25,2,32,Serene Grace,Raises the likelihood of additional effects occurring\nwhen the Pokémon uses its moves.
25,2,33,Swift Swim,Boosts the Pokémon’s Speed stat in rain.
25,2,34,Chlorophyll,Boosts the Pokémon’s Speed stat in harsh sunlight.
25,2,35,Illuminate,"By illuminating its surroundings, the Pokémon prevents\nits accuracy from being lowered."
25,2,36,Trace,"When it enters a battle, the Pokémon copies an\nopposing Pokémon’s Ability."
25,2,37,Huge Power,Doubles the Pokémon’s Attack stat.
25,2,38,Poison Point,Contact with the Pokémon may poison the attacker.
25,2,39,Inner Focus,The Pokémon’s intense focus prevents it from flinching\nor being affected by Intimidate.
25,2,40,Magma Armor,The Pokémon’s hot magma coating prevents it from\nbeing frozen.
25,2,41,Water Veil,The Pokémon’s water veil prevents it from being burned.
25,2,42,Magnet Pull,Prevents Steel-type Pokémon from fleeing by pulling\nthem in with magnetism.
25,2,43,Soundproof,Soundproofing gives the Pokémon full immunity to all\nsound-based moves.
25,2,44,Rain Dish,The Pokémon gradually regains HP in rain.
25,2,45,Sand Stream,The Pokémon summons a sandstorm when it enters\na battle.
25,2,46,Pressure,"Puts other Pokémon under pressure, causing them to\nexpend more PP to use their moves."
25,2,47,Thick Fat,"The Pokémon is protected by a layer of thick fat, which\nhalves the damage taken from Fire- and Ice-type moves."
25,2,48,Early Bird,The Pokémon awakens from sleep twice as fast\nas other Pokémon.
25,2,49,Flame Body,Contact with the Pokémon may burn the attacker.
25,2,50,Run Away,Enables a sure getaway from wild Pokémon.
25,2,51,Keen Eye,The Pokémon’s keen eyes prevent its accuracy from\nbeing lowered.
25,2,52,Hyper Cutter,"The Pokémon’s prized, mighty pincers prevent other\nPokémon from lowering its Attack stat."
25,2,53,Pickup,"The Pokémon may pick up an item another Pokémon\nused during a battle. It may pick up items outside of\nbattle, too."
25,2,54,Truant,"Each time the Pokémon uses a move, it spends the next\nturn loafing around."
25,2,55,Hustle,Boosts the Pokémon’s Attack stat but lowers its accuracy.
25,2,56,Cute Charm,The Pokémon may infatuate attackers that make direct\ncontact with it.
25,2,57,Plus,Boosts the Sp. Atk stat of the Pokémon if an ally with\nthe Plus or Minus Ability is also in battle.
25,2,58,Minus,Boosts the Sp. Atk stat of the Pokémon if an ally\nwith the Plus or Minus Ability is also in battle.
25,2,59,Forecast,"The Pokémon transforms with the weather to change\nits type to Water, Fire, or Ice."
25,2,60,Sticky Hold,The Pokémon’s held items cling to its sticky body and\ncannot be removed by other Pokémon.
25,2,61,Shed Skin,The Pokémon may cure its own status conditions by\nshedding its skin.
25,2,62,Guts,It’s so gutsy that having a status condition boosts\nthe Pokémon’s Attack stat.
25,2,63,Marvel Scale,The Pokémon’s marvelous scales boost its Defense stat\nif it has a status condition.
25,2,64,Liquid Ooze,The strong stench of the Pokémon’s oozed liquid\ndamages attackers that use HP-draining moves.
25,2,65,Overgrow,Powers up Grass-type moves when the Pokémon’s HP\nis low.
25,2,66,Blaze,Powers up Fire-type moves when the Pokémon’s HP\nis low.
25,2,67,Torrent,Powers up Water-type moves when the Pokémon’s HP\nis low.
25,2,68,Swarm,Powers up Bug-type moves when the Pokémon’s HP\nis low.
25,2,69,Rock Head,Protects the Pokémon from recoil damage.
25,2,70,Drought,Turns the sunlight harsh when the Pokémon enters\na battle.
25,2,71,Arena Trap,Prevents opposing Pokémon from fleeing from battle.
25,2,72,Vital Spirit,"The Pokémon is full of vitality, and that prevents it from\nfalling asleep."
25,2,73,White Smoke,"The Pokémon is protected by its white smoke, which\nprevents other Pokémon from lowering its stats."
25,2,74,Pure Power,"Using its pure power, the Pokémon doubles its\nAttack stat."
25,2,75,Shell Armor,A hard shell protects the Pokémon from critical hits.
25,2,76,Air Lock,Eliminates the effects of weather.
25,2,77,Tangled Feet,Boosts the Pokémon’s evasiveness if it is confused.
25,2,78,Motor Drive,"The Pokémon takes no damage when hit by Electric-type\nmoves. Instead, its Speed stat is boosted."
25,2,79,Rivalry,"The Pokémon’s competitive spirit makes it deal more\ndamage to Pokémon of the same gender, but less\ndamage to Pokémon of the opposite gender."
25,2,80,Steadfast,The Pokémon’s determination boosts its Speed stat\nevery time it flinches.
25,2,81,Snow Cloak,Boosts the Pokémon’s evasiveness in snow.
25,2,82,Gluttony,"If the Pokémon is holding a Berry to be eaten when its\nHP is low, it will instead eat the Berry when its HP drops\nto half or less."
25,2,83,Anger Point,"The Pokémon is angered when it takes a critical hit,\nand that maxes its Attack stat."
25,2,84,Unburden,Boosts the Speed stat if the Pokémon’s held item is\nused or lost.
25,2,85,Heatproof,The Pokémon’s heatproof body halves the damage\ntaken from Fire-type moves.
25,2,86,Simple,Doubles the effects of the Pokémon’s stat changes.
25,2,87,Dry Skin,"Restores the Pokémon’s HP in rain or when it is hit by\nWater-type moves. Reduces HP in harsh sunlight, and\nincreases the damage received from Fire-type moves."
25,2,88,Download,The Pokémon compares an opposing Pokémon’s\nDefense and Sp. Def stats before raising its own\nAttack or Sp. Atk stat—whichever will be more effective.
25,2,89,Iron Fist,Powers up punching moves.
25,2,90,Poison Heal,"If poisoned, the Pokémon has its HP restored instead of\ntaking damage."
25,2,91,Adaptability,Powers up moves of the same type as the Pokémon.
25,2,92,Skill Link,Maximizes the number of times multistrike moves hit.
25,2,93,Hydration,Cures the Pokémon’s status conditions in rain.
25,2,94,Solar Power,"In harsh sunlight, the Pokémon’s Sp. Atk stat is boosted,\nbut its HP decreases every turn."
25,2,95,Quick Feet,Boosts the Speed stat if the Pokémon has a status\ncondition.
25,2,96,Normalize,All the Pokémon’s moves become Normal type.\nThe power of those moves is boosted a little.
25,2,97,Sniper,"If the Pokémon’s attack lands a critical hit, the attack is\npowered up even further."
25,2,98,Magic Guard,The Pokémon only takes damage from attacks.
25,2,99,No Guard,The Pokémon employs no-guard tactics to ensure\nincoming and outgoing attacks always land.
25,2,100,Stall,The Pokémon is always the last to use its moves.
25,2,101,Technician,Powers up weak moves so the Pokémon can deal more\ndamage with them.
25,2,102,Leaf Guard,Prevents status conditions in harsh sunlight.
25,2,103,Klutz,The Pokémon can’t use any held items.
25,2,104,Mold Breaker,The Pokémon’s moves are unimpeded by the Ability\nof the target.
25,2,105,Super Luck,The Pokémon is so lucky that the critical-hit ratios\nof its moves are boosted.
25,2,106,Aftermath,Damages the attacker if it knocks out the Pokémon with\na move that makes direct contact.
25,2,107,Anticipation,The Pokémon can sense an opposing Pokémon’s\ndangerous moves.
25,2,108,Forewarn,"When it enters a battle, the Pokémon can tell one of\nthe moves an opposing Pokémon has."
25,2,109,Unaware,"When attacking, the Pokémon ignores the target’s\nstat changes."
25,2,110,Tinted Lens,The Pokémon can use “not very effective” moves\nto deal regular damage.
25,2,111,Filter,Reduces the power of supereffective attacks that hit\nthe Pokémon.
25,2,112,Slow Start,"For five turns, the Pokémon’s Attack and Speed stats\nare halved."
25,2,113,Scrappy,The Pokémon can hit Ghost-type Pokémon with Normal-\nand Fighting-type moves. It is also unaffected by\nIntimidate.
25,2,114,Storm Drain,"The Pokémon draws in all Water-type moves. Instead of\ntaking damage from them, its Sp. Atk stat is boosted."
25,2,115,Ice Body,The Pokémon gradually regains HP in snow.
25,2,116,Solid Rock,Reduces the power of supereffective attacks that hit\nthe Pokémon.
25,2,117,Snow Warning,The Pokémon makes it snow when it enters a battle.
25,2,118,Honey Gather,The Pokémon may gather Honey after a battle.
25,2,119,Frisk,"When it enters a battle, the Pokémon can check an\nopposing Pokémon’s held item."
25,2,120,Reckless,Powers up moves that have recoil damage.
25,2,121,Multitype,Changes the Pokémon’s type to match the plate it holds.
25,2,122,Flower Gift,Boosts the Attack and Sp. Def stats of the Pokémon and\nits allies in harsh sunlight.
25,2,123,Bad Dreams,Damages opposing Pokémon that are asleep.
25,2,124,Pickpocket,The Pokémon steals the held item from attackers that\nmake direct contact with it.
25,2,125,Sheer Force,"Removes any additional effects from the Pokémon’s\nmoves, but increases the moves’ power."
25,2,126,Contrary,Reverses any stat changes affecting the Pokémon\nso that attempts to boost its stats instead lower them—\nand attempts to lower its stats will boost them.
25,2,127,Unnerve,Unnerves opposing Pokémon and makes them unable\nto eat Berries.
25,2,128,Defiant,"If the Pokémon has any stat lowered by an opposing\nPokémon, its Attack stat will be boosted sharply."
25,2,129,Defeatist,Halves the Pokémon’s Attack and Sp. Atk stats when its\nHP drops to half or less.
25,2,130,Cursed Body,May disable a move that has dealt damage to\nthe Pokémon.
25,2,131,Healer,Sometimes cures the status conditions of the\nPokémon’s allies.
25,2,132,Friend Guard,Reduces damage dealt to allies.
25,2,133,Weak Armor,"The Pokémon’s Defense stat is lowered when it takes\ndamage from physical moves, but its Speed stat is\nsharply boosted."
25,2,134,Heavy Metal,Doubles the Pokémon’s weight.
25,2,135,Light Metal,Halves the Pokémon’s weight.
25,2,136,Multiscale,Reduces the amount of damage the Pokémon takes\nwhile its HP is full.
25,2,137,Toxic Boost,Powers up physical moves when the Pokémon\nis poisoned.
25,2,138,Flare Boost,Powers up special moves when the Pokémon is burned.
25,2,139,Harvest,May create another Berry after one is used.
25,2,140,Telepathy,The Pokémon anticipates and dodges the attacks\nof its allies.
25,2,141,Moody,"Every turn, one of the Pokémon’s stats will be boosted\nsharply but another stat will be lowered."
25,2,142,Overcoat,The Pokémon takes no damage from sandstorms. It is\nalso protected from the effects of powders and spores.
25,2,143,Poison Touch,May poison a target when the Pokémon makes contact.
25,2,144,Regenerator,The Pokémon has a little of its HP restored when\nwithdrawn from battle.
25,2,145,Big Pecks,Prevents the Pokémon from having its Defense\nstat lowered.
25,2,146,Sand Rush,Boosts the Pokémon’s Speed stat in a sandstorm.
25,2,147,Wonder Skin,Makes status moves more likely to miss the Pokémon.
25,2,148,Analytic,Boosts the power of the Pokémon’s move if it is the last\nto act that turn.
25,2,149,Illusion,The Pokémon fools opponents by entering battle\ndisguised as the last Pokémon in its Trainer’s party.
25,2,150,Imposter,The Pokémon transforms itself into the Pokémon\nit’s facing.
25,2,151,Infiltrator,"The Pokémon’s moves are unaffected by the target’s\nbarriers, substitutes, and the like."
25,2,152,Mummy,Contact with the Pokémon changes the attacker’s\nAbility to Mummy.
25,2,153,Moxie,"When the Pokémon knocks out a target, it shows moxie,\nwhich boosts its Attack stat."
25,2,154,Justified,"When the Pokémon is hit by a Dark-type attack,\nits Attack stat is boosted by its sense of justice."
25,2,155,Rattled,"The Pokémon gets scared when hit by a Dark-, Ghost-,\nor Bug-type attack or if intimidated, which boosts its\nSpeed stat."
25,2,156,Magic Bounce,The Pokémon reflects status moves instead of getting\nhit by them.
25,2,157,Sap Sipper,"The Pokémon takes no damage when hit by Grass-type\nmoves. Instead, its Attack stat is boosted."
25,2,158,Prankster,Gives priority to the Pokémon’s status moves.
25,2,159,Sand Force,"Boosts the power of Rock-, Ground-, and Steel-type\nmoves in a sandstorm."
25,2,160,Iron Barbs,The Pokémon’s iron barbs damage the attacker if it\nmakes direct contact.
25,2,161,Zen Mode,Changes the Pokémon’s shape when its HP drops\nto half or less.
25,2,162,Victory Star,Boosts the accuracy of the Pokémon and its allies.
25,2,163,Turboblaze,The Pokémon’s moves are unimpeded by the Ability\nof the target.
25,2,164,Teravolt,The Pokémon’s moves are unimpeded by the Ability\nof the target.
25,2,165,Aroma Veil,Protects the Pokémon and its allies from effects that\nprevent the use of moves.
25,2,166,Flower Veil,Ally Grass-type Pokémon are protected from status\nconditions and the lowering of their stats.
25,2,167,Cheek Pouch,"The Pokémon’s HP is restored when it eats any Berry,\nin addition to the Berry’s usual effect."
25,2,168,Protean,Changes the Pokémon’s type to the type of the move\nit’s about to use. This works only once each time the\nPokémon enters battle.
25,2,169,Fur Coat,Halves the damage from physical moves.
25,2,170,Magician,The Pokémon steals the held item from any target it hits\nwith a move.
25,2,171,Bulletproof,Protects the Pokémon from ball and bomb moves.
25,2,172,Competitive,Boosts the Pokémon’s Sp. Atk stat sharply when its stats\nare lowered by an opposing Pokémon.
25,2,173,Strong Jaw,The Pokémon’s strong jaw boosts the power of its\nbiting moves.
25,2,174,Refrigerate,Normal-type moves become Ice-type moves.\nThe power of those moves is boosted a little.
25,2,175,Sweet Veil,Prevents the Pokémon and its allies from falling asleep.
25,2,176,Stance Change,The Pokémon changes its form to Blade Forme when\nit uses an attack move and changes to Shield Forme\nwhen it uses King’s Shield.
25,2,177,Gale Wings,Gives priority to the Pokémon’s Flying-type moves\nwhile its HP is full.
25,2,178,Mega Launcher,Powers up pulse moves.
25,2,179,Grass Pelt,Boosts the Pokémon’s Defense stat on Grassy Terrain.
25,2,180,Symbiosis,The Pokémon passes its held item to an ally that has\nused up an item.
25,2,181,Tough Claws,Powers up moves that make direct contact.
25,2,182,Pixilate,Normal-type moves become Fairy-type moves.\nThe power of those moves is boosted a little.
25,2,183,Gooey,Contact with the Pokémon lowers the attacker’s\nSpeed stat.
25,2,184,Aerilate,Normal-type moves become Flying-type moves.\nThe power of those moves is boosted a little.
25,2,185,Parental Bond,The parent and child attack one after the other.
25,2,186,Dark Aura,Powers up the Dark-type moves of all Pokémon\non the field.
25,2,187,Fairy Aura,Powers up the Fairy-type moves of all Pokémon\non the field.
25,2,188,Aura Break,The effects of “Aura” Abilities are reversed to lower the\npower of affected moves.
25,2,189,Primordial Sea,The Pokémon changes the weather to nullify\nFire-type attacks.
25,2,190,Desolate Land,The Pokémon changes the weather to nullify\nWater-type attacks.
25,2,191,Delta Stream,The Pokémon changes the weather so that no moves are\nsuper effective against the Flying type.
25,2,192,Stamina,Boosts the Defense stat when the Pokémon is hit\nby an attack.
25,2,193,Wimp Out,The Pokémon cowardly switches out when its HP drops\nto half or less.
25,2,194,Emergency Exit,"The Pokémon, sensing danger, switches out when its HP\ndrops to half or less."
25,2,195,Water Compaction,Boosts the Defense stat sharply when the Pokémon is hit\nby a Water-type move.
25,2,196,Merciless,The Pokémon’s attacks become critical hits if the target\nis poisoned.
25,2,197,Shields Down,"When its HP drops to half or less, the Pokémon’s shell\nbreaks and it becomes aggressive."
25,2,198,Stakeout,Doubles the damage dealt to a target that has just\nswitched into battle.
25,2,199,Water Bubble,Lowers the power of Fire-type moves that hit the\nPokémon and prevents it from being burned.
25,2,200,Steelworker,Powers up Steel-type moves.
25,2,201,Berserk,Boosts the Pokémon’s Sp. Atk stat when it takes a hit\nthat causes its HP to drop to half or less.
25,2,202,Slush Rush,Boosts the Pokémon’s Speed stat in snow.
25,2,203,Long Reach,The Pokémon uses its moves without making contact\nwith the target.
25,2,204,Liquid Voice,Sound-based moves become Water-type moves.
25,2,205,Triage,Gives priority to the Pokémon’s healing moves.
25,2,206,Galvanize,Normal-type moves become Electric-type moves.\nThe power of those moves is boosted a little.
25,2,207,Surge Surfer,Doubles the Pokémon’s Speed stat on Electric Terrain.
25,2,208,Schooling,"When it has a lot of HP, the Pokémon forms a powerful\nschool. It stops schooling when its HP is low."
25,2,209,Disguise,"Once per battle, the shroud that covers the Pokémon\ncan protect it from an attack."
25,2,210,Battle Bond,"When the Pokémon knocks out a target, its bond with its\nTrainer is strengthened, and its Attack, Sp. Atk, and\nSpeed stats are boosted."
25,2,211,Power Construct,"Cells gather to aid the Pokémon when its HP\ndrops to half or less, causing it to change into\nits Complete Forme."
25,2,212,Corrosion,The Pokémon can poison the target even if it’s a Steel\nor Poison type.
25,2,213,Comatose,The Pokémon is always drowsing and will never wake up.\nIt can attack while in its sleeping state.
25,2,214,Queenly Majesty,The Pokémon’s majesty pressures opponents and makes\nthem unable to use priority moves against the Pokémon\nor its allies.
25,2,215,Innards Out,"When the Pokémon is knocked out, it damages its\nattacker by the amount equal to the HP it had left\nbefore it was hit."
25,2,216,Dancer,"Whenever a dance move is used in battle, the Pokémon\nwill copy the user to immediately perform that dance\nmove itself."
25,2,217,Battery,Powers up ally Pokémon’s special moves.
25,2,218,Fluffy,"Halves the damage taken from moves that make direct\ncontact, but doubles that of Fire-type moves."
25,2,219,Dazzling,"The Pokémon dazzles its opponents, making them\nunable to use priority moves against the Pokémon\nor its allies."
25,2,220,Soul-Heart,Boosts the Pokémon’s Sp. Atk stat every time another\nPokémon faints.
25,2,221,Tangling Hair,Contact with the Pokémon lowers the attacker’s\nSpeed stat.
25,2,222,Receiver,The Pokémon copies the Ability of a defeated ally.
25,2,223,Power of Alchemy,The Pokémon copies the Ability of a defeated ally.
25,2,224,Beast Boost,Boosts the Pokémon’s most proficient stat every time it\nknocks out a target.
25,2,225,RKS System,Changes the Pokémon’s type to match the memory disc\nit holds.
25,2,226,Electric Surge,Turns the ground into Electric Terrain when the Pokémon\nenters a battle.
25,2,227,Psychic Surge,Turns the ground into Psychic Terrain when the Pokémon\nenters a battle.
25,2,228,Misty Surge,Turns the ground into Misty Terrain when the Pokémon\nenters a battle.
25,2,229,Grassy Surge,Turns the ground into Grassy Terrain when the Pokémon\nenters a battle.
25,2,230,Full Metal Body,Prevents other Pokémon’s moves or Abilities from\nlowering the Pokémon’s stats.
25,2,231,Shadow Shield,Reduces the amount of damage the Pokémon takes\nwhile its HP is full.
25,2,232,Prism Armor,Reduces the power of supereffective attacks that hit\nthe Pokémon.
25,2,233,Neuroforce,Powers up the Pokémon’s supereffective attacks even\nfurther.
25,2,234,Intrepid Sword,Boosts the Pokémon’s Attack stat the first time the\nPokémon enters a battle.
25,2,235,Dauntless Shield,Boosts the Pokémon’s Defense stat the first time the\nPokémon enters a battle.
25,2,236,Libero,Changes the Pokémon’s type to the type of the move\nit’s about to use. This works only once each time the\nPokémon enters battle.
25,2,237,Ball Fetch,"If the Pokémon is not holding an item, it will fetch the\nPoké Ball from the first failed throw of the battle."
25,2,238,Cotton Down,"When the Pokémon is hit by an attack, it scatters cotton\nfluff around and lowers the Speed stats of all Pokémon\nexcept itself."
25,2,239,Propeller Tail,Ignores the effects of opposing Pokémon’s Abilities and\nmoves that draw in moves.
25,2,240,Mirror Armor,Bounces back only the stat-lowering effects that the\nPokémon receives.
25,2,241,Gulp Missile,"When the Pokémon uses Surf or Dive, it will come back\nwith prey. When it takes damage, it will spit out the prey\nto attack."
25,2,242,Stalwart,Ignores the effects of opposing Pokémon’s Abilities and\nmoves that draw in moves.
25,2,243,Steam Engine,Boosts the Speed stat drastically when the Pokémon is\nhit by a Fire- or Water-type move.
25,2,244,Punk Rock,Boosts the power of sound-based moves. The Pokémon\nalso takes half the damage from these kinds of moves.
25,2,245,Sand Spit,The Pokémon creates a sandstorm when it’s hit by\nan attack.
25,2,246,Ice Scales,"The Pokémon is protected by ice scales, which halve\nthe damage taken from special moves."
25,2,247,Ripen,Ripens Berries and doubles their effect.
25,2,248,Ice Face,"The Pokémon’s ice head can take a physical attack as\na substitute, but the attack also changes the Pokémon’s\nappearance. The ice will be restored when it snows."
25,2,249,Power Spot,Just being next to the Pokémon powers up moves.
25,2,250,Mimicry,Changes the Pokémon’s type depending on the terrain.
25,2,251,Screen Cleaner,"When the Pokémon enters a battle, the effects of\nLight Screen, Reflect, and Aurora Veil are nullified for\nboth opposing and ally Pokémon."
25,2,252,Steely Spirit,Powers up the Steel-type moves of the Pokémon\nand its allies.
25,2,253,Perish Body,"When hit by a move that makes direct contact, the\nPokémon and the attacker will faint after three turns\nunless they switch out of battle."
25,2,254,Wandering Spirit,The Pokémon exchanges Abilities with a Pokémon that\nhits it with a move that makes direct contact.
25,2,255,Gorilla Tactics,Boosts the Pokémon’s Attack stat but only allows the\nuse of the first selected move.
25,2,256,Neutralizing Gas,"While the Pokémon is in the battle, the effects of all\nother Pokémon’s Abilities will be nullified or will not\nbe triggered."
25,2,257,Pastel Veil,Prevents the Pokémon and its allies from being\npoisoned.
25,2,258,Hunger Switch,"The Pokémon changes its form, alternating between\nits Full Belly Mode and Hangry Mode after the end of\nevery turn."
25,2,259,Quick Draw,Enables the Pokémon to move first occasionally.
25,2,260,Unseen Fist,"If the Pokémon uses moves that make direct contact,\nit can attack the target even if the target protects itself."
25,2,261,Curious Medicine,"When the Pokémon enters a battle, it scatters medicine\nfrom its shell, which removes all stat changes from allies."
25,2,262,Transistor,Powers up Electric-type moves.
25,2,263,Dragon’s Maw,Powers up Dragon-type moves.
25,2,264,Chilling Neigh,"When the Pokémon knocks out a target, it utters a\nchilling neigh, which boosts its Attack stat."
25,2,265,Grim Neigh,"When the Pokémon knocks out a target, it utters a\nterrifying neigh, which boosts its Sp. Atk stat."
25,2,266,As One,This Ability combines the effects of both Calyrex’s\nUnnerve Ability and Glastrier’s Chilling Neigh Ability.
25,2,267,As One,This Ability combines the effects of both Calyrex’s\nUnnerve Ability and Spectrier’s Grim Neigh Ability.
25,2,268,Lingering Aroma,Contact with the Pokémon changes the attacker’s\nAbility to Lingering Aroma.
25,2,269,Seed Sower,Turns the ground into Grassy Terrain when the Pokémon\nis hit by an attack.
25,2,270,Thermal Exchange,Boosts the Attack stat when the Pokémon is hit by a\nFire-type move. The Pokémon also cannot be burned.
25,2,271,Anger Shell,"When an attack causes its HP to drop to half or less, the\nPokémon gets angry. This lowers its Defense and Sp. Def\nstats but boosts its Attack, Sp. Atk, and Speed stats."
25,2,272,Purifying Salt,The Pokémon’s pure salt protects it from status\nconditions and halves the damage taken from\nGhost-type moves.
25,2,273,Well-Baked Body,"The Pokémon takes no damage when hit by Fire-type\nmoves. Instead, its Defense stat is sharply boosted."
25,2,274,Wind Rider,Boosts the Pokémon’s Attack stat if Tailwind takes effect\nor if the Pokémon is hit by a wind move. The Pokémon\nalso takes no damage from wind moves.
25,2,275,Guard Dog,Boosts the Pokémon’s Attack stat if intimidated.\nMoves and items that would force the Pokémon\nto switch out also fail to work.
25,2,276,Rocky Payload,Powers up Rock-type moves.
25,2,277,Wind Power,"The Pokémon becomes charged when it is hit by a wind\nmove, boosting the power of the next Electric-type\nmove the Pokémon uses."
25,2,278,Zero to Hero,The Pokémon transforms into its Hero Form when it\nswitches out.
25,2,279,Commander,"When the Pokémon enters a battle, it goes inside the\nmouth of an ally Dondozo if one is on the field.\nThe Pokémon then issues commands from there."
25,2,280,Electromorphosis,"The Pokémon becomes charged when it takes damage,\nboosting the power of the next Electric-type move the\nPokémon uses."
25,2,281,Protosynthesis,Boosts the Pokémon’s most proficient stat in harsh\nsunlight or if the Pokémon is holding Booster Energy.
25,2,282,Quark Drive,Boosts the Pokémon’s most proficient stat on Electric\nTerrain or if the Pokémon is holding Booster Energy.
25,2,283,Good as Gold,"A body of pure, solid gold gives the Pokémon full\nimmunity to other Pokémon’s status moves."
25,2,284,Vessel of Ruin,The power of the Pokémon’s ruinous vessel lowers the\nSp. Atk stats of all Pokémon except itself.
25,2,285,Sword of Ruin,The power of the Pokémon’s ruinous sword lowers the\nDefense stats of all Pokémon except itself.
25,2,286,Tablets of Ruin,The power of the Pokémon’s ruinous wooden tablets\nlowers the Attack stats of all Pokémon except itself.
25,2,287,Beads of Ruin,The power of the Pokémon’s ruinous beads lowers the\nSp. Def stats of all Pokémon except itself.
25,2,288,Orichalcum Pulse,Turns the sunlight harsh when the Pokémon enters a\nbattle. The ancient pulse thrumming through the\nPokémon also boosts its Attack stat in harsh sunlight.
25,2,289,Hadron Engine,Turns the ground into Electric Terrain when the Pokémon\nenters a battle. The futuristic engine within the Pokémon\nalso boosts its Sp. Atk stat on Electric Terrain.
25,2,290,Opportunist,"If an opponent’s stat is boosted, the Pokémon seizes the\nopportunity to boost the same stat for itself."
25,2,291,Cud Chew,"When the Pokémon eats a Berry, it will regurgitate\nthat Berry at the end of the next turn and eat it one\nmore time."
25,2,292,Sharpness,Powers up slicing moves.
25,2,293,Supreme Overlord,"When the Pokémon enters a battle, its Attack and\nSp. Atk stats are slightly boosted for each of the allies\nin its party that have already been defeated."
25,2,294,Costar,"When the Pokémon enters a battle, it copies an ally’s\nstat changes."
25,2,295,Toxic Debris,Scatters poison spikes at the feet of the opposing team\nwhen the Pokémon takes damage from physical moves.
25,2,296,Armor Tail,The mysterious tail covering the Pokémon’s head makes\nopponents unable to use priority moves against the\nPokémon or its allies.
25,2,297,Earth Eater,"If hit by a Ground-type move, the Pokémon has its HP\nrestored instead of taking damage."
25,2,298,Mycelium Might,"The Pokémon will always act more slowly when using\nstatus moves, but these moves will be unimpeded by\nthe Ability of the target."
25,2,299,Hospitality,"When the Pokémon enters a battle, it showers its ally\nwith hospitality, restoring a small amount of the ally’s HP."
25,2,300,Mind’s Eye,"The Pokémon ignores changes to opponents’\nevasiveness, its accuracy can’t be lowered, and it can\nhit Ghost types with Normal- and Fighting-type moves."
25,2,301,Embody Aspect,"The Pokémon’s heart fills with memories, causing the\nTeal Mask to shine and the Pokémon’s Speed stat to\nbe boosted."
25,2,302,Embody Aspect,"The Pokémon’s heart fills with memories, causing the\nHearthflame Mask to shine and the Pokémon’s Attack\nstat to be boosted."
25,2,303,Embody Aspect,"The Pokémon’s heart fills with memories, causing the\nWellspring Mask to shine and the Pokémon’s Sp. Def\nstat to be boosted."
25,2,304,Embody Aspect,"The Pokémon’s heart fills with memories, causing the\nCornerstone Mask to shine and the Pokémon’s Defense\nstat to be boosted."
25,2,305,Toxic Chain,The power of the Pokémon’s toxic chain may badly\npoison any target the Pokémon hits with a move.
25,2,306,Supersweet Syrup,"A sickly sweet scent spreads across the field the\nfirst time the Pokémon enters a battle, lowering\nthe evasiveness of opposing Pokémon."
25,2,307,Tera Shift,"When the Pokémon enters a battle, it absorbs the energy\naround itself and transforms into its Terastal Form."
25,2,308,Tera Shell,The Pokémon’s shell contains the powers of each type.\nAll damage-dealing moves that hit the Pokémon when its\nHP is full will not be very effective.
25,2,309,Teraform Zero,"When Terapagos changes into its Stellar Form, it uses\nits hidden powers to eliminate all effects of weather and\nterrain, reducing them to zero."
25,2,310,Poison Puppeteer,Pokémon poisoned by Pecharunt’s moves will also\nbecome confused.
25,3,1,Puanteur,Le Pokémon émet une odeur si nauséabonde\nqu’il peut effrayer sa cible en l’attaquant.
25,3,2,Crachin,Le Pokémon invoque la pluie quand il entre au combat.
25,3,3,Turbo,La Vitesse du Pokémon augmente à chaque tour.
25,3,4,Armurbaston,Le Pokémon est protégé des coups critiques\npar une solide carapace.
25,3,5,Fermeté,Le Pokémon encaisse toujours au moins une attaque\ns’il a tous ses PV. Il est également immunisé contre\nles capacités pouvant mettre K.O. en un coup.
25,3,6,Moiteur,"Le Pokémon augmente l’humidité de l’air,\nce qui empêche tous les Pokémon d’utiliser\ndes capacités explosives telles que Destruction."
25,3,7,Échauffement,"Le Pokémon s’est suffisamment échauffé,\nce qui l’immunise contre la paralysie."
25,3,8,Voile Sable,Augmente l’Esquive du Pokémon lors des tempêtes\nde sable.
25,3,9,Statik,"Le Pokémon charge son corps en électricité statique,\net tout contact avec lui peut paralyser."
25,3,10,Absorbe-Volt,"Si le Pokémon est touché par une capacité Électrik,\nil ne subit aucun dégât et regagne des PV à la place."
25,3,11,Absorbe-Eau,"Si le Pokémon est touché par une capacité Eau,\nil ne subit aucun dégât et regagne des PV à la place."
25,3,12,Benêt,"Le Pokémon est un grand benêt, ce qui l’immunise\ncontre l’attraction, la provocation ou l’intimidation."
25,3,13,Ciel Gris,Annule tous les effets liés à la météo.
25,3,14,Œil Composé,Les yeux à facettes du Pokémon augmentent\nla Précision de ses capacités.
25,3,15,Insomnia,Le Pokémon est incapable de dormir.
25,3,16,Homochromie,"Lorsque le Pokémon est touché par une capacité,\nil prend le type de celle-ci."
25,3,17,Vaccin,Le Pokémon est naturellement immunisé\ncontre toute forme de poison.
25,3,18,Torche,"Lorsque le Pokémon est touché par une capacité\nde type Feu, il absorbe la chaleur pour renforcer\nses propres capacités Feu."
25,3,19,Écran Poudre,Le Pokémon dispose d’un écran naturel qui le protège\ndes effets additionnels des attaques ennemies.
25,3,20,Tempo Perso,"Le Pokémon vit sa vie à son propre rythme,\nce qui l’immunise contre la confusion et l’intimidation."
25,3,21,Ventouse,"Le Pokémon est solidement fixé au sol par des\nventouses, ce qui le protège des capacités ou\nobjets qui font changer de Pokémon."
25,3,22,Intimidation,"Le Pokémon rugit lorsqu’il arrive au combat,\nce qui intimide l’ennemi et baisse son Attaque."
25,3,23,Marque Ombre,Empêche les Pokémon ennemis de quitter le terrain.
25,3,24,Peau Dure,Blesse l’attaquant lorsque le Pokémon subit\nune attaque directe.
25,3,25,Garde Mystik,"Une puissance mystérieuse protège le Pokémon contre\ntoutes les capacités, sauf celles qui sont super efficaces."
25,3,26,Lévitation,"Le Pokémon flotte, ce qui l’immunise contre\nles capacités de type Sol."
25,3,27,Pose Spore,"Peut paralyser, empoisonner ou endormir l’attaquant\nlorsque le Pokémon subit une attaque directe."
25,3,28,Synchro,"Quand le Pokémon est brûlé, paralysé ou empoisonné\npar un autre Pokémon, il partage ce statut avec celui-ci."
25,3,29,Corps Sain,Empêche les stats du Pokémon de baisser à cause\ndu talent ou d’une capacité de l’adversaire.
25,3,30,Médic Nature,Le Pokémon soigne ses altérations de statut\nen quittant le combat.
25,3,31,Paratonnerre,"Le Pokémon détourne sur lui les capacités\nde type Électrik et les neutralise, tout en\naugmentant son Attaque Spéciale."
25,3,32,Sérénité,Augmente les chances d’infliger des effets additionnels.
25,3,33,Glissade,Augmente la Vitesse du Pokémon s’il pleut.
25,3,34,Chlorophylle,Augmente la Vitesse du Pokémon s’il y a du soleil.
25,3,35,Luminescence,"Le Pokémon illumine les alentours, ce qui empêche\nsa Précision de baisser."
25,3,36,Calque,"Lorsque le Pokémon entre au combat, il calque\nle talent d’un ennemi pour remplacer le sien."
25,3,37,Coloforce,Double la puissance des attaques physiques.
25,3,38,Point Poison,Peut empoisonner l’attaquant lorsque le Pokémon\nsubit une attaque directe.
25,3,39,Attention,Le Pokémon a un mental à toute épreuve qui empêche\nles attaques ennemies de lui faire peur. Il est aussi\nimmunisé contre le talent Intimidation.
25,3,40,Armumagma,Le magma qui recouvre le corps du Pokémon le protège\ncontre le gel.
25,3,41,Ignifu-Voile,Le voile qui recouvre le Pokémon le protège\ndes brûlures.
25,3,42,Magnépiège,"Attire les Pokémon Acier grâce à un champ magnétique,\nce qui les empêche de quitter le terrain."
25,3,43,Anti-Bruit,Protège le Pokémon de toutes les capacités sonores.
25,3,44,Cuvette,Le Pokémon récupère progressivement des PV\nlorsqu’il pleut.
25,3,45,Sable Volant,Le Pokémon invoque une tempête de sable\nquand il entre au combat.
25,3,46,Pression,Met la pression à l’adversaire pour le forcer\nà dépenser plus de PP.
25,3,47,Isograisse,Le Pokémon est protégé par une épaisse couche\nde graisse qui diminue de moitié les dégâts qu’il subit\ndes capacités de types Feu et Glace.
25,3,48,Matinal,Le Pokémon se réveille deux fois plus rapidement\nque les autres.
25,3,49,Corps Ardent,Peut brûler l’attaquant lorsque le Pokémon subit\nune attaque directe.
25,3,50,Fuite,Permet de fuir n’importe quel Pokémon sauvage.
25,3,51,Regard Vif,Les yeux perçants du Pokémon empêchent\nsa Précision de baisser.
25,3,52,Hyper Cutter,Le Pokémon est armé de puissantes pinces qui font\nsa fierté et empêchent son Attaque d’être baissée\npar l’adversaire.
25,3,53,Ramassage,Permet parfois au Pokémon de ramasser les objets\nque d’autres Pokémon ont utilisés. Il lui arrive aussi\nd’en trouver hors des combats.
25,3,54,Absentéisme,"Lorsque le Pokémon utilise une capacité,\nil passe le tour suivant à paresser."
25,3,55,Agitation,"Améliore l’Attaque du Pokémon, mais diminue\nla Précision."
25,3,56,Joli Sourire,Peut séduire l’attaquant lorsque le Pokémon subit\nune attaque directe.
25,3,57,Plus,L’Attaque Spéciale du Pokémon augmente\nsi un Pokémon allié a le talent Moins ou Plus.
25,3,58,Moins,L’Attaque Spéciale du Pokémon augmente\nsi un Pokémon allié a le talent Moins ou Plus.
25,3,59,Météo,"Le Pokémon prend le type Eau, Feu ou Glace\nen fonction de la météo."
25,3,60,Glu,"Les objets sont collés au corps gluant du Pokémon,\nce qui empêche ses adversaires de les dérober."
25,3,61,Mue,Le Pokémon soigne parfois ses altérations de statut\nen muant.
25,3,62,Cran,Augmente l’Attaque du Pokémon s’il est affecté\npar une altération de statut.
25,3,63,Écaille Spéciale,Les écailles mystérieuses du Pokémon réagissent\naux altérations de statut en augmentant sa Défense.
25,3,64,Suintement,Le Pokémon suinte un liquide toxique nauséabond\nqui blesse tous ceux qui tentent de voler ses PV.
25,3,65,Engrais,Augmente la puissance des capacités de type Plante\ndu Pokémon quand il a perdu une certaine quantité\nde PV.
25,3,66,Brasier,Augmente la puissance des capacités de type Feu\ndu Pokémon quand il a perdu une certaine quantité\nde PV.
25,3,67,Torrent,Augmente la puissance des capacités de type Eau\ndu Pokémon quand il a perdu une certaine quantité\nde PV.
25,3,68,Essaim,Augmente la puissance des capacités de type Insecte\ndu Pokémon quand il a perdu une certaine quantité\nde PV.
25,3,69,Tête de Roc,Le Pokémon peut utiliser des capacités occasionnant\nun contrecoup sans perdre de PV.
25,3,70,Sécheresse,Le Pokémon invoque le soleil quand il entre au combat.
25,3,71,Piège Sable,Empêche l’adversaire de quitter le terrain.
25,3,72,Esprit Vital,Empêche le Pokémon de s’endormir.
25,3,73,Écran Fumée,Un écran de fumée empêche l’adversaire de baisser\nles stats du Pokémon.
25,3,74,Force Pure,Le Pokémon utilise sa maîtrise du yoga pour doubler\nla puissance de ses attaques physiques.
25,3,75,Coque Armure,Le Pokémon est protégé des coups critiques\npar sa carapace.
25,3,76,Air Lock,Annule tous les effets de la météo.
25,3,77,Pieds Confus,Augmente l’Esquive du Pokémon s’il est confus.
25,3,78,Motorisé,"Si le Pokémon est touché par une capacité de type\nÉlectrik, il ne subit aucun dégât et sa Vitesse augmente."
25,3,79,Rivalité,"Le Pokémon déteste la concurrence et inflige plus\nde dégâts si sa cible est du même sexe. Par contre,\nil en inflige moins si sa cible est du sexe opposé."
25,3,80,Impassible,Augmente la Vitesse du Pokémon quand il a peur.
25,3,81,Rideau Neige,Augmente l’Esquive du Pokémon quand il neige.
25,3,82,Gloutonnerie,"Si le Pokémon tient une Baie à manger en cas de PV\nbas, il la mange dès qu’il a perdu la moitié de ses PV."
25,3,83,Colérique,"Si le Pokémon subit un coup critique, il entre\ndans une colère noire qui augmente son Attaque\nau maximum."
25,3,84,Délestage,Augmente la Vitesse du Pokémon s’il perd ou utilise\nl’objet qu’il tenait au début du combat.
25,3,85,Ignifugé,Diminue de moitié les dégâts infligés au Pokémon\npar les capacités de type Feu.
25,3,86,Simple,Les changements de stats sont deux fois plus importants\npour le Pokémon.
25,3,87,Peau Sèche,"Quand le soleil brille, le Pokémon perd des PV et subit\nplus de dégâts des capacités Feu, mais il regagne des PV\nlorsqu’il pleut ou s’il est touché par une capacité Eau."
25,3,88,Télécharge,"Le Pokémon compare la Défense et la Défense Spéciale\nde l’adversaire et, en fonction de la stat la plus basse,\nil augmente sa propre Attaque ou Attaque Spéciale."
25,3,89,Poing de Fer,Augmente la puissance des capacités coups de poing.
25,3,90,Soin Poison,"Quand le Pokémon est empoisonné, il regagne des PV\nau lieu d’en perdre."
25,3,91,Adaptabilité,"Quand le Pokémon utilise une capacité du même type\nque lui, le bonus de puissance qu’elle reçoit est encore\nplus important que normalement."
25,3,92,Multi-Coups,Les capacités pouvant frapper plusieurs fois frappent\ntoujours le nombre maximal de coups.
25,3,93,Hydratation,Soigne les altérations de statut du Pokémon\nquand il pleut.
25,3,94,Force Soleil,"Quand le soleil brille, l’Attaque Spéciale du Pokémon\naugmente mais il perd des PV à chaque tour."
25,3,95,Pied Véloce,Augmente la Vitesse du Pokémon en cas d’altération\nde statut.
25,3,96,Normalise,"Toutes les capacités du Pokémon deviennent\nde type Normal, quel que soit leur type original.\nLeur puissance augmente légèrement."
25,3,97,Sniper,"Lorsque le Pokémon porte un coup critique, les dégâts\ninfligés augmentent encore plus que d’habitude."
25,3,98,Garde Magik,Seules les attaques peuvent blesser le Pokémon.
25,3,99,Annule Garde,"Les capacités du Pokémon touchent leur cible à coup sûr,\nmais les capacités adverses le touchent aussi à coup sûr."
25,3,100,Frein,Le Pokémon utilise toujours sa capacité en dernier.
25,3,101,Technicien,Augmente la puissance des capacités les plus faibles.
25,3,102,Feuille Garde,Protège le Pokémon contre les altérations de statut\nquand le soleil brille.
25,3,103,Maladresse,Le Pokémon ne peut utiliser aucun objet tenu.
25,3,104,Brise Moule,Le Pokémon ignore les talents adverses qui auraient\nun effet sur ses capacités.
25,3,105,Chanceux,Le Pokémon est tellement chanceux qu’il inflige\nplus fréquemment des coups critiques.
25,3,106,Boom Final,"Si le Pokémon est mis K.O. par une attaque directe,\nil inflige des dégâts à l’attaquant avant de s’évanouir."
25,3,107,Anticipation,Le Pokémon devine si l’adversaire connaît une capacité\ndangereuse pour lui.
25,3,108,Prédiction,Révèle l’une des capacités de l’adversaire quand\nle combat commence.
25,3,109,Inconscient,"Le Pokémon ignore les changements de stats des autres\nPokémon, qu’il attaque ou soit attaqué."
25,3,110,Lentiteintée,Permet à une capacité qui n’est pas très efficace\nd’infliger des dégâts comme si elle était efficace\nnormalement.
25,3,111,Filtre,Diminue la puissance des attaques super efficaces\nsubies.
25,3,112,Début Calme,Divise la Vitesse et l’Attaque du Pokémon par deux\npendant les cinq premiers tours du combat.
25,3,113,Querelleur,Permet aux capacités de type Normal ou Combat\ndu Pokémon de toucher les Pokémon de type Spectre.\nImmunise aussi contre le talent Intimidation.
25,3,114,Lavabo,"Le Pokémon détourne sur lui les capacités de\ntype Eau et les neutralise, tout en augmentant\nson Attaque Spéciale."
25,3,115,Corps Gel,Régénère peu à peu les PV du Pokémon quand il neige.
25,3,116,Solide Roc,Diminue la puissance des attaques super efficaces\nsubies.
25,3,117,Alerte Neige,Le Pokémon invoque la neige quand il entre au combat.
25,3,118,Cherche Miel,Le Pokémon peut parfois trouver du Miel après\nun combat.
25,3,119,Fouille,Permet de connaître l’objet tenu par l’adversaire\nquand le combat commence.
25,3,120,Téméraire,Augmente la puissance des capacités occasionnant\nun contrecoup.
25,3,121,Multi-Type,Modifie le type du Pokémon en fonction de la plaque\nqu’il tient.
25,3,122,Don Floral,Augmente l’Attaque et la Défense Spéciale du Pokémon\net de ses alliés lorsque le soleil brille.
25,3,123,Mauvais Rêve,Inflige des dégâts aux ennemis endormis.
25,3,124,Pickpocket,Vole l’objet que tient l’attaquant quand le Pokémon\nsubit une attaque directe.
25,3,125,Sans Limite,"Les capacités ayant un effet additionnel le perdent,\nmais leur puissance augmente."
25,3,126,Contestation,"Inverse les changements de stats : les augmentations\nde stats se transforment en baisses, et vice-versa."
25,3,127,Tension,"Fait stresser l’adversaire, ce qui l’empêche de manger\ndes Baies."
25,3,128,Acharné,Augmente beaucoup l’Attaque du Pokémon\nquand ses stats sont baissées par l’adversaire.
25,3,129,Défaitiste,"Le Pokémon devient défaitiste quand ses PV tombent\nà la moitié, et son Attaque et son Attaque Spéciale\nsont divisées par deux."
25,3,130,Corps Maudit,"Quand le Pokémon est touché par une capacité adverse,\nil inflige parfois Entrave sur celle-ci."
25,3,131,Cœur Soin,Soigne parfois une altération de statut d’un allié proche.
25,3,132,Garde-Ami,Diminue les dégâts subis par les alliés.
25,3,133,Armurouillée,"Quand le Pokémon est touché par une capacité\nphysique, sa Défense baisse mais sa Vitesse\naugmente beaucoup."
25,3,134,Heavy Metal,Double le poids du Pokémon.
25,3,135,Light Metal,Divise par deux le poids du Pokémon.
25,3,136,Multiécaille,Le Pokémon subit moins de dégâts quand ses PV\nsont au maximum.
25,3,137,Rage Poison,Augmente la puissance des capacités physiques\nquand le Pokémon est empoisonné.
25,3,138,Rage Brûlure,Augmente la puissance des capacités spéciales\nquand le Pokémon est brûlé.
25,3,139,Récolte,Permet de réutiliser une même Baie plusieurs fois.
25,3,140,Télépathe,Le Pokémon anticipe et évite les attaques de ses alliés.
25,3,141,Lunatique,Augmente beaucoup une stat du Pokémon\net en baisse une autre au hasard à chaque tour.
25,3,142,Envelocape,"Protège des dégâts occasionnés par les tempêtes\nde sable, ainsi que des effets des capacités\nqui libèrent de la poudre et des spores."
25,3,143,Toxitouche,Peut empoisonner l’ennemi par simple contact.
25,3,144,Régé-Force,Restaure un peu de PV si le Pokémon est retiré\ndu combat.
25,3,145,Cœur de Coq,Protège des effets qui baissent la Défense.
25,3,146,Baigne Sable,Augmente la Vitesse lors des tempêtes de sable.
25,3,147,Peau Miracle,Le Pokémon résiste mieux aux capacités de statut.
25,3,148,Analyste,Augmente la puissance des capacités du Pokémon\ns’il attaque en dernier.
25,3,149,Illusion,Le Pokémon prend l’apparence du dernier membre\nde l’équipe pour tromper l’adversaire.
25,3,150,Imposteur,Le Pokémon prend l’apparence du Pokémon adverse.
25,3,151,Infiltration,Traverse les barrières et les clones adverses\npour attaquer directement.
25,3,152,Momie,"Lorsque le Pokémon subit une attaque directe, le talent\nde l’attaquant est remplacé par Momie."
25,3,153,Impudence,"Quand le Pokémon met un ennemi K.O.,\nsa confiance en lui ne connaît plus de limite\net son Attaque augmente."
25,3,154,Cœur Noble,"Réveille la noblesse du Pokémon lorsqu’il subit\nune attaque de type Ténèbres, ce qui augmente\nson Attaque."
25,3,155,Phobique,"Si le Pokémon est touché par le talent Intimidation ou\nune attaque de type Ténèbres, Spectre ou Insecte,\nsa phobie se révèle et sa Vitesse augmente."
25,3,156,Miroir Magik,Annule les effets des capacités de statut subies\npar le Pokémon et les retourne à l’envoyeur.
25,3,157,Herbivore,Annule les attaques de type Plante subies\npar le Pokémon et augmente son Attaque.
25,3,158,Farceur,Rend les capacités de statut du Pokémon prioritaires.
25,3,159,Force Sable,"Augmente la puissance des capacités de types Roche,\nSol et Acier en cas de tempête de sable."
25,3,160,Épine de Fer,Inflige des dégâts à l’attaquant lorsque le Pokémon\nsubit une attaque directe.
25,3,161,Mode Transe,Le Pokémon change de forme quand il lui reste moins\nde la moitié de ses PV.
25,3,162,Victorieux,Augmente la Précision du Pokémon et de ses alliés.
25,3,163,Turbo Brasier,Le Pokémon ignore les talents adverses qui auraient\nun effet sur ses capacités.
25,3,164,Téra-Voltage,Le Pokémon ignore les talents adverses qui auraient\nun effet sur ses capacités.
25,3,165,Aroma-Voile,Protège le Pokémon et ses alliés des effets limitant\nle libre arbitre.
25,3,166,Flora-Voile,Empêche les alliés de type Plante de subir des baisses\nde stats et des altérations de statut.
25,3,167,Bajoues,Le Pokémon récupère des PV lorsqu’il consomme\nn’importe quelle Baie en plus de bénéficier de\nses effets habituels.
25,3,168,Protéen,Le Pokémon prend le type de la capacité qu’il utilise.\nCe talent ne peut se déclencher qu’une fois par entrée\nau combat du Pokémon.
25,3,169,Toison Épaisse,Divise par deux les dégâts des capacités physiques\nsubies par le Pokémon.
25,3,170,Magicien,Les capacités volent aussi l’objet tenu par la cible.
25,3,171,Pare-Balles,Protège de certaines capacités lançant des projectiles\ncomme des bombes et des balles.
25,3,172,Battant,Augmente beaucoup l’Attaque Spéciale du Pokémon\nquand ses stats ont été baissées par l’adversaire.
25,3,173,Prognathe,Le Pokémon a une mâchoire robuste qui augmente\nla puissance de ses capacités de morsure.
25,3,174,Peau Gelée,Les capacités de type Normal deviennent de type Glace.\nLeur puissance augmente légèrement.
25,3,175,Gluco-Voile,Le Pokémon et ses alliés ne peuvent pas s’endormir.
25,3,176,Déclic Tactique,"Le Pokémon prend la Forme Assaut lorsqu’il utilise\nune capacité offensive, et la Forme Parade lorsqu’il\nutilise Bouclier Royal."
25,3,177,Ailes Bourrasque,"Quand les PV du Pokémon sont au maximum,\nses capacités de type Vol sont prioritaires."
25,3,178,Méga Blaster,Augmente la puissance des capacités qui projettent\nune aura.
25,3,179,Toison Herbue,Augmente la Défense du Pokémon si un champ herbu\nest actif.
25,3,180,Symbiose,"Quand les alliés utilisent l’objet qu’ils tiennent,\nle Pokémon leur donne l’objet qu’il tient\nen remplacement."
25,3,181,Griffe Dure,Augmente la puissance des attaques directes\ndu Pokémon.
25,3,182,Peau Féérique,Les capacités de type Normal deviennent de type Fée.\nLeur puissance augmente légèrement.
25,3,183,Poisseux,Baisse la Vitesse de l’attaquant lorsque le Pokémon\nsubit une attaque directe.
25,3,184,Peau Céleste,Les capacités de type Normal deviennent de type Vol.\nLeur puissance augmente légèrement.
25,3,185,Amour Filial,La mère et son petit unissent leurs forces pour\nattaquer deux fois d’affilée.
25,3,186,Aura Ténébreuse,Augmente la puissance des capacités de type Ténèbres\nde tous les Pokémon.
25,3,187,Aura Féérique,Augmente la puissance des capacités de type Fée\nde tous les Pokémon.
25,3,188,Aura Inversée,Inverse l’effet des talents « Aura » afin que ceux-ci\nbaissent la puissance des capacités affectées au lieu\nde l’augmenter.
25,3,189,Mer Primaire,Altère les conditions météo pour neutraliser\nles attaques de type Feu.
25,3,190,Terre Finale,Altère les conditions météo pour neutraliser\nles attaques de type Eau.
25,3,191,Souffle Delta,Altère les conditions météo pour annuler les faiblesses\ndu type Vol.
25,3,192,Endurance,Augmente la Défense du Pokémon lorsqu’il subit\nune attaque.
25,3,193,Escampette,Le Pokémon perd confiance quand ses PV tombent\nà la moitié et s’enfuit dans sa Poké Ball.
25,3,194,Repli Tactique,"Le Pokémon évite les situations inutilement\ndangereuses. Quand ses PV tombent à la moitié,\nil se réfugie dans sa Poké Ball."
25,3,195,Sable Humide,Augmente beaucoup la Défense du Pokémon\nquand il subit une capacité de type Eau.
25,3,196,Cruauté,"Lorsque le Pokémon attaque un adversaire empoisonné,\nle coup est forcément critique."
25,3,197,Bouclier-Carcan,"Lorsque le Pokémon perd la moitié de ses PV,\nson enveloppe se brise et il adopte une posture\noffensive."
25,3,198,Filature,"Lorsque le Pokémon attaque une cible qui vient d’entrer\nsur le terrain en remplacement d’un autre Pokémon,\nles dégâts infligés sont doublés."
25,3,199,Aquabulle,Réduit la puissance des capacités de type Feu subies\npar le Pokémon. Il est également immunisé contre\nles brûlures.
25,3,200,Expert Acier,Augmente la puissance des attaques de type Acier.
25,3,201,Folle Furie,Augmente l’Attaque Spéciale du Pokémon lorsque\nses PV tombent à la moitié à cause d’une attaque\nde l’adversaire.
25,3,202,Chasse-Neige,Augmente la Vitesse du Pokémon quand il neige.
25,3,203,Longue Portée,Le Pokémon est capable d’utiliser toutes ses capacités\nsans entrer en contact direct avec sa cible.
25,3,204,Hydrata-Son,Toutes les attaques sonores du Pokémon prennent\nle type Eau.
25,3,205,Prioguérison,Rend les capacités de soin prioritaires.
25,3,206,Peau Électrique,Les capacités de type Normal deviennent de type\nÉlectrik. Leur puissance augmente légèrement.
25,3,207,Surf Caudal,La Vitesse du Pokémon est doublée sur\nun champ électrifié.
25,3,208,Banc,"Le Pokémon se rassemble avec ses congénères\nquand ses PV sont élevés. Quand il ne lui reste\nplus beaucoup de PV, le banc se disperse."
25,3,209,Fantômasque,Le déguisement qui recouvre le corps du Pokémon\nest capable de le protéger d’une attaque.
25,3,210,Synergie,"En battant un ennemi, ce Pokémon renforce ses liens\navec son Dresseur, ce qui augmente son Attaque,\nson Attaque Spéciale et sa Vitesse."
25,3,211,Rassemblement,"Lorsque le Pokémon perd la moitié de ses PV,\nses Cellules se rassemblent pour l’encourager,\nce qui lui permet de prendre sa Forme Parfaite."
25,3,212,Corrosion,Permet d’empoisonner les Pokémon de type Acier\nou Poison.
25,3,213,Hypersommeil,Le Pokémon rêve en permanence et ne se réveille\njamais. Il est capable d’attaquer normalement\ntout en dormant.
25,3,214,Prestance Royale,"L’adversaire est impressionné par la majesté\ndu Pokémon, ce qui l’empêche de viser ce dernier\net ses alliés avec une capacité prioritaire."
25,3,215,Expuls’Organes,Le Pokémon inflige à l’adversaire l’ayant mis K.O.\ndes dégâts égaux au nombre de PV qu’il lui restait\navant le coup de grâce.
25,3,216,Danseuse,"Si n’importe quel Pokémon utilise une capacité dansante,\nle Pokémon utilise immédiatement cette danse lui aussi."
25,3,217,Batterie,Augmente la puissance des capacités spéciales des alliés.
25,3,218,Boule de Poils,"Divise par deux les dégâts des attaques directes\nsubies par le Pokémon, mais double les dégâts\ndes capacités de type Feu."
25,3,219,Corps Coloré,"L’adversaire est abasourdi par le Pokémon,\nce qui l’empêche de viser ce dernier et\nses alliés avec une capacité prioritaire."
25,3,220,Animacœur,Augmente l’Attaque Spéciale du Pokémon\nlorsqu’un autre Pokémon est mis K.O.
25,3,221,Mèche Rebelle,Baisse la Vitesse de l’attaquant lorsque le Pokémon\nsubit une attaque directe.
25,3,222,Receveur,Le Pokémon reçoit le talent d’un allié mis K.O.
25,3,223,Osmose,Le Pokémon acquiert le talent d’un allié mis K.O.
25,3,224,Boost Chimère,Augmente la stat la plus élevée du Pokémon\nquand il met K.O. un autre Pokémon.
25,3,225,Système Alpha,Change le type du Pokémon en fonction\nde la ROM équipée.
25,3,226,Créa-Élec,Le Pokémon crée un champ électrifié au moment\noù il entre au combat.
25,3,227,Créa-Psy,Le Pokémon crée un champ psychique au moment\noù il entre au combat.
25,3,228,Créa-Brume,Le Pokémon crée un champ brumeux au moment\noù il entre au combat.
25,3,229,Créa-Herbe,Le Pokémon crée un champ herbu au moment\noù il entre au combat.
25,3,230,Métallo-Garde,Empêche les stats du Pokémon de baisser à cause\ndu talent ou d’une capacité de l’adversaire.
25,3,231,Spectro-Bouclier,Le Pokémon subit moins de dégâts quand ses PV\nsont au maximum.
25,3,232,Prisme-Armure,Diminue la puissance des attaques super efficaces\nsubies.
25,3,233,Cérébro-Force,Augmente encore plus la puissance des attaques\nsuper efficaces.
25,3,234,Lame Indomptable,Augmente l’Attaque du Pokémon la première fois\nqu’il entre au combat.
25,3,235,Égide Inflexible,Augmente la Défense du Pokémon la première fois\nqu’il entre au combat.
25,3,236,Libéro,Le Pokémon prend le type de la capacité qu’il utilise.\nCe talent ne peut se déclencher qu’une fois par entrée\nau combat du Pokémon.
25,3,237,Ramasse Ball,"Si le Pokémon ne tient aucun objet, il ramassera\nla Poké Ball lors du premier lancer raté du combat."
25,3,238,Effilochage,"Quand le Pokémon est touché par une attaque,\nil dissémine des aigrettes qui diminuent la Vitesse\nde tout le monde, sauf la sienne."
25,3,239,Propulseur,Permet d’ignorer l’effet des capacités ou des talents qui\nattirent les capacités.
25,3,240,Armure Miroir,Le Pokémon renvoie les effets réducteurs de stats\nqu’il reçoit.
25,3,241,Dégobage,"Quand le Pokémon utilise Surf ou Plongée, il revient\navec une proie. Lorsqu’il subit des dégâts par la suite,\nil attaque en recrachant sa proie."
25,3,242,Nerfs d’Acier,Permet d’ignorer l’effet des capacités ou des talents qui\nattirent les capacités.
25,3,243,Turbine,"Lorsque le Pokémon est touché par des capacités\nde type Eau ou Feu, sa Vitesse augmente énormément."
25,3,244,Punk Rock,Augmente la puissance des capacités basées sur le son.\nLe Pokémon ne subit que la moitié des dégâts quand\nil est touché par ce genre de capacités.
25,3,245,Expul’Sable,Le Pokémon déclenche une tempête de sable\nquand il subit une attaque.
25,3,246,Écailles Glacées,Le Pokémon est protégé par des écailles de glace.\nLes dégâts qu’il subit par des capacités spéciales\nsont divisés par deux.
25,3,247,Mûrissement,Le Pokémon fait mûrir la Baie qu’il tient\net double ainsi son effet.
25,3,248,Tête de Gel,"Le glaçon sur sa tête encaisse les attaques physiques\nà la place du Pokémon, mais sa destruction modifie\nson apparence. Le glaçon se reforme quand il neige."
25,3,249,Cercle d’Énergie,Augmente la puissance des capacités des Pokémon\nqui se trouvent à proximité.
25,3,250,Mimétisme,Le Pokémon adopte le même type que le terrain\nlorsqu’un champ est actif.
25,3,251,Brise-Barrière,"Quand le Pokémon entre au combat, les effets de\nMur Lumière, Protection et Voile Aurore disparaissent\npour les alliés comme pour les adversaires."
25,3,252,Boost Acier,Augmente la puissance des attaques de type Acier\ndu Pokémon et de ses alliés.
25,3,253,Corps Condamné,"Lorsque le Pokémon est directement touché par\nune capacité, l’assaillant et lui tomberont K.O. dans trois\ntours, à moins qu’ils ne soient remplacés entre temps."
25,3,254,Âme Vagabonde,"Lorsque le Pokémon est directement touché\npar une capacité, il échange son talent avec\ncelui de l’assaillant."
25,3,255,Entêtement,"Augmente l’Attaque, mais empêche d’utiliser\ntoute autre capacité que celle utilisée en premier\npar le Pokémon."
25,3,256,Gaz Inhibiteur,"Si un Pokémon avec Gaz Inhibiteur est sur le terrain,\nles effets des talents de tous les autres Pokémon ne\ns’activent pas ou sont neutralisés."
25,3,257,Voile Pastel,Protège le Pokémon et ses alliés contre toutes\nles altérations de statut liées à l’empoisonnement.
25,3,258,Déclic Fringale,"À la fin de chaque tour, le Pokémon alterne\nentre ses formes Mode Rassasié et Mode Affamé."
25,3,259,Tir Vif,Permet parfois au Pokémon d’agir en premier.
25,3,260,Poing Invisible,"Si le Pokémon utilise une attaque directe, celle-ci\npourra toucher la cible même si elle se protège."
25,3,261,Breuvage Suspect,"Quand il entre au combat, le Pokémon répand\nune substance qui annule les changements de stats\nde ses alliés."
25,3,262,Transistor,Augmente la puissance des capacités de type Électrik.
25,3,263,Dent de Dragon,Augmente la puissance des capacités de type Dragon.
25,3,264,Blanche Ruade,"Quand le Pokémon met un ennemi K.O., il émet\nun hennissement glaçant, ce qui augmente son Attaque."
25,3,265,Sombre Ruade,"Quand le Pokémon met un ennemi K.O., il émet\nun hennissement terrifiant qui augmente\nson Attaque Spéciale."
25,3,266,Osmose Équine,Les talents Tension de Sylveroy et Blanche Ruade\nde Blizzeval sont cumulés.
25,3,267,Osmose Équine,Les talents Tension de Sylveroy et Sombre Ruade\nde Spectreval sont cumulés.
25,3,268,Odeur Tenace,"Lorsque le Pokémon subit une attaque directe, le talent\nde l’attaquant est remplacé par Odeur Tenace."
25,3,269,Semencier,Le Pokémon crée un champ herbu quand\nil subit une attaque.
25,3,270,Thermodynamique,"Lorsque le Pokémon est touché par une capacité de type\nFeu, son Attaque augmente. Il ne peut pas être brûlé."
25,3,271,Courroupace,"Le Pokémon enrage s’il a moins de la moitié de ses PV\naprès avoir subi une attaque. Sa Déf. et sa Déf. Spé.\nbaissent, et son Atq., son Atq. Spé. et sa Vit. augmentent."
25,3,272,Sel Purificateur,"Le sel pur immunise le Pokémon contre les altérations\nde statut, et diminue de moitié les dégâts des capacités\nde type Spectre."
25,3,273,Bien Cuit,"Si le Pokémon est touché par une capacité de type Feu,\nil ne subit aucun dégât et sa Défense augmente\nbeaucoup."
25,3,274,Aéroporté,"L’Attaque du Pokémon augmente si un vent arrière souffle\nou s’il est touché par une capacité faisant appel au vent.\nDans ce dernier cas, il ne subit aucun dégât."
25,3,275,Chien de Garde,L’Attaque du Pokémon augmente s’il subit l’effet du\ntalent Intimidation. Les capacités ou objets qui font\nchanger de Pokémon n’ont aucun effet sur lui.
25,3,276,Porte-Roche,Augmente la puissance des capacités de type Roche.
25,3,277,Turbine Éolienne,"Si le Pokémon est touché par une capacité faisant appel\nau vent, il se charge en électricité."
25,3,278,Supermutation,Le Pokémon prend sa Forme Super en quittant\nle combat.
25,3,279,Commandant,"Si un Oyacata allié est sur le terrain quand ce Pokémon\nrejoint le combat, ce dernier entre dans sa bouche et\ndevient son commandant."
25,3,280,Grecharge,"Si le Pokémon subit des dégâts, il se charge\nen électricité."
25,3,281,Paléosynthèse,"Quand le soleil brille ou que le Pokémon tient\nune capsule d’Énergie Booster, sa stat la plus élevée\naugmente."
25,3,282,Charge Quantique,"Quand un champ électrifié est actif ou que le Pokémon\ntient une capsule d’Énergie Booster, sa stat la plus élevée\naugmente."
25,3,283,Corps en Or,Le corps en or pur et robuste du Pokémon l’immunise\ncontre les capacités de statut des autres Pokémon.
25,3,284,Urne du Fléau,Le pouvoir de l’urne qui appelle le fléau affaiblit\nl’Attaque Spéciale de tous les autres Pokémon.
25,3,285,Épée du Fléau,Le pouvoir de l’épée qui appelle le fléau affaiblit\nla Défense de tous les autres Pokémon.
25,3,286,Bois du Fléau,Le pouvoir du bois qui appelle le fléau affaiblit\nl’Attaque de tous les autres Pokémon.
25,3,287,Perles du Fléau,Le pouvoir des perles qui appellent le fléau affaiblit\nla Défense Spéciale de tous les autres Pokémon.
25,3,288,Pouls Orichalque,"Le Pokémon invoque le soleil quand il rejoint le combat.\nQuand le soleil brille, une pulsation primitive augmente\nson Attaque."
25,3,289,Moteur à Hadrons,Le Pokémon crée un champ électrifié quand il rejoint\nle combat. Une machine du futur fait monter son Attaque\nSpéciale si un champ électrifié est actif.
25,3,290,Opportuniste,"Quand les stats de l’ennemi augmentent, le Pokémon\nen profite pour augmenter ses stats de la même manière."
25,3,291,Ruminant,"Quand le Pokémon mange une Baie, il la régurgite\nà la fin du tour suivant et la mange une nouvelle fois."
25,3,292,Incisif,Augmente la puissance des capacités tranchantes.
25,3,293,Général Suprême,"Quand le Pokémon entre sur le terrain, son Attaque\net son Attaque Spéciale augmentent légèrement\npour chaque allié mis K.O. auparavant."
25,3,294,Collab,"Quand le Pokémon entre sur le terrain, il copie\nles changements de stats de son allié."
25,3,295,Dépôt Toxique,"Quand le Pokémon est touché par une capacité\nphysique, il répand des pics toxiques dans le camp\nadverse."
25,3,296,Armure Caudale,"Une étrange queue recouvre la tête du Pokémon,\nce qui empêche ce dernier et ses alliés d’être visés\npar une capacité prioritaire."
25,3,297,Absorbe-Terre,"Si le Pokémon est touché par une capacité de type Sol,\nil regagne des PV au lieu de subir des dégâts."
25,3,298,Force Fongique,"Le Pokémon agit toujours plus lentement quand il utilise\nune capacité de statut, mais il ignore les talents adverses."
25,3,299,Aux Petits Soins,"Quand il rejoint le combat, ce Pokémon est aux petits\nsoins avec son allié et restaure quelques PV."
25,3,300,Œil Révélateur,Le Pokémon ignore les changements d’Esquive des cibles\net peut toucher les Pokémon Spectre avec des capacités\nNormal ou Combat. Sa Précision ne peut pas baisser.
25,3,301,Force Mémorielle,"Le Pokémon fait briller le Masque Turquoise\nen puisant dans ses souvenirs, ce qui augmente\nsa Vitesse."
25,3,302,Force Mémorielle,"Le Pokémon fait briller le Masque du Fourneau\nen puisant dans ses souvenirs, ce qui augmente\nson Attaque."
25,3,303,Force Mémorielle,"Le Pokémon fait briller le Masque du Puits\nen puisant dans ses souvenirs, ce qui augmente\nsa Défense Spéciale."
25,3,304,Force Mémorielle,"Le Pokémon fait briller le Masque de la Pierre\nen puisant dans ses souvenirs, ce qui augmente\nsa Défense."
25,3,305,Chaîne Toxique,"Grâce aux pouvoirs de sa chaîne imprégnée de toxines,\nle Pokémon peut empoisonner gravement sa cible\nen la touchant avec une capacité."
25,3,306,Nectar Mielleux,"La première fois que le Pokémon entre au combat,\nune odeur de nectar sucré se répand sur le terrain,\nce qui baisse l’Esquive de l’adversaire."
25,3,307,Téramorphose,"Quand le Pokémon rejoint le combat, il absorbe\nl’énergie alentour et prend sa Forme Téracristal."
25,3,308,Téra-Carapace,"Grâce à sa carapace qui renferme l’énergie de tous\nles types, les capacités subies par ce Pokémon quand\nses PV sont au maximum ne sont pas très efficaces."
25,3,309,Téraformation 0,"Lorsque Terapagos prend sa Forme Stellaire, il utilise\nson pouvoir enfoui pour annuler les effets de la météo\net des champs actifs."
25,3,310,Emprise Toxique,"Lorsque Pêchaminus empoisonne un Pokémon grâce\nà l’une de ses capacités, ce dernier devient également\nconfus."
25,4,1,Duftnote,"Das Pokémon sondert einen Gestank ab, der bei einem\nAngriff das Ziel gelegentlich zurückschrecken lässt."
25,4,2,Niesel,Das Pokémon erzeugt bei Kampfantritt Regen.
25,4,3,Temposchub,Die Initiative des Pokémon steigt in jeder Runde.
25,4,4,Kampfpanzer,Das Pokémon wehrt Volltreffer mit einem harten\nPanzer ab.
25,4,5,Robustheit,Das Pokémon kann bei vollen KP nicht auf einen Schlag\nvon Attacken besiegt werden. Auch K.O.-Attacken wirken\nbei ihm nicht.
25,4,6,Feuchtigkeit,"Das Pokémon befeuchtet die Umgebung und verhindert\nso den Einsatz von Attacken wie Finale, die Explosionen\nauslösen."
25,4,7,Flexibilität,Dank seines flexiblen Körpers kann das Pokémon nicht\nparalysiert werden.
25,4,8,Sandschleier,In Sandstürmen steigt der Ausweichwert des Pokémon.
25,4,9,Statik,Durch den statisch aufgeladenen Körper des Pokémon\nwerden Angreifer bei Berührung gelegentlich paralysiert.
25,4,10,Voltabsorber,"Wird das Pokémon von einer Elektro-Attacke getroffen,\nerleidet es keinen Schaden, sondern regeneriert\nstattdessen KP."
25,4,11,H2O-Absorber,"Wird das Pokémon von einer Wasser-Attacke getroffen,\nerleidet es keinen Schaden, sondern regeneriert\nstattdessen KP."
25,4,12,Dösigkeit,"Das Pokémon ist so apathisch, dass es nicht betört oder\nprovoziert werden kann. Auch Bedroher wirkt bei ihm\nnicht."
25,4,13,Wolke Sieben,Alle Wettereffekte werden aufgehoben.
25,4,14,Facettenauge,Dank der Facettenaugen des Pokémon steigt die\nGenauigkeit seiner Attacken.
25,4,15,Insomnia,Das Pokémon leidet an Schlaflosigkeit und kann daher\nnicht in Schlaf versetzt werden.
25,4,16,Farbwechsel,"Wird das Pokémon von einer Attacke getroffen,\nändert sich sein Typ zu dem der Attacke."
25,4,17,Immunität,Dank seines starken Immunsystems kann das Pokémon\nnicht vergiftet werden.
25,4,18,Feuerfänger,"Wird das Pokémon von einer Feuer-Attacke getroffen,\nnimmt es die Flammen in sich auf und verstärkt damit\nseine eigenen Feuer-Attacken."
25,4,19,Puderabwehr,Das Pokémon ist durch Puder vor Zusatzeffekten von\nAttacken geschützt.
25,4,20,Gleichmut,Das Pokémon lässt sich nicht aus der Ruhe bringen und\nkann daher nicht verwirrt werden. Auch Bedroher wirkt\nbei ihm nicht.
25,4,21,Saugnapf,"Das Pokémon verankert sich mit einem Saugnapf am\nBoden, wodurch Attacken und Items, durch die Pokémon\nausgetauscht werden, keine Wirkung auf es haben."
25,4,22,Bedroher,"Das Pokémon senkt bei Kampfantritt den Angriff von\nGegnern, indem es sie bedroht und einschüchtert."
25,4,23,Wegsperre,"Das Pokémon hindert Gegner an der Flucht\nbeziehungsweise am Auswechseln, indem es\nihnen den Weg versperrt."
25,4,24,Rauhaut,Angreifer werden bei Berührung durch die raue Haut des\nPokémon verletzt.
25,4,25,Wunderwache,"Wundersame Kräfte bewirken, dass das Pokémon nur\nvon sehr effektiven Attacken getroffen werden kann."
25,4,26,Schwebe,Das Pokémon schwebt in der Luft und kann deshalb\nnicht von Boden-Attacken getroffen werden.
25,4,27,Sporenwirt,"Angreifer werden bei Berührung gelegentlich vergiftet,\nparalysiert oder in Schlaf versetzt."
25,4,28,Synchro,"Erleidet das Pokémon Verbrennungen, Vergiftungen\noder Paralyse, ereilt das jeweilige Statusproblem\nauch den Verursacher."
25,4,29,Neutraltorso,Die Statuswerte des Pokémon können nicht durch\nAttacken oder Fähigkeiten anderer Pokémon gesenkt\nwerden.
25,4,30,Innere Kraft,"Wird das Pokémon ausgewechselt, werden seine\nStatusprobleme geheilt."
25,4,31,Blitzfänger,"Das Pokémon zieht Elektro-Attacken an, erleidet\ndadurch aber keinen Schaden. Stattdessen steigt sein\nSpezial-Angriff."
25,4,32,Edelmut,"Durch den Edelmut des Pokémon steigt die\nWahrscheinlichkeit, dass Zusatzeffekte seiner\nAttacken auftreten."
25,4,33,Wassertempo,Bei Regen steigt die Initiative des Pokémon.
25,4,34,Chlorophyll,Bei Sonnenschein steigt die Initiative des Pokémon.
25,4,35,Erleuchtung,"Das Pokémon erhellt die Umgebung und verhindert\ndadurch, dass seine Genauigkeit gesenkt wird."
25,4,36,Erfassen,Das Pokémon kopiert bei Kampfantritt die Fähigkeit\neines Gegners.
25,4,37,Kraftkoloss,Die Stärke von physischen Angriffen des Pokémon wird\nverdoppelt.
25,4,38,Giftdorn,Angreifer werden bei Berührung gelegentlich vergiftet.
25,4,39,Konzentrator,"Die erhöhte Konzentrationsfähigkeit des Pokémon\nverhindert, dass es durch Angriffe anderer Pokémon\nzurückschreckt. Auch Bedroher wirkt bei ihm nicht."
25,4,40,Magmapanzer,Dank eines Panzers aus Magma kann das Pokémon nicht\neingefroren werden.
25,4,41,Aquahülle,Dank einer Hülle aus Wasser kann das Pokémon keine\nVerbrennungen erleiden.
25,4,42,Magnetfalle,Das Pokémon hindert Stahl-Pokémon durch Magnetismus\nan der Flucht beziehungsweise am Auswechseln.
25,4,43,Lärmschutz,Das Pokémon kann durch Schalldämmung nicht von\nGeräusch-Attacken getroffen werden.
25,4,44,Regengenuss,Bei Regen regeneriert das Pokémon nach und nach KP.
25,4,45,Sandsturm,Das Pokémon erzeugt bei Kampfantritt einen Sandsturm.
25,4,46,Erzwinger,"Das Pokémon zwingt Gegner dazu, beim Einsatz von\nAttacken mehr AP zu verbrauchen."
25,4,47,Speckschicht,"Das Pokémon wird von einer dicken Fettschicht\ngeschützt, was den durch Feuer- und Eis-Attacken\nerlittenen Schaden halbiert."
25,4,48,Frühwecker,"Wenn es in Schlaf versetzt wurde, wacht das Pokémon\ndoppelt so schnell wieder auf wie andere Pokémon."
25,4,49,Flammkörper,Angreifern werden bei Berührung gelegentlich\nVerbrennungen zugefügt.
25,4,50,Angsthase,Die Flucht vor wilden Pokémon gelingt immer.
25,4,51,Adlerauge,Dank seines scharfen Blicks kann die Genauigkeit des\nPokémon nicht gesenkt werden.
25,4,52,Scherenmacht,Dank seiner mächtigen Scheren kann der Angriff des\nPokémon nicht gesenkt werden.
25,4,53,Mitnahme,Das Pokémon hebt gelegentlich von anderen Pokémon\nim Kampf benutzte Items auf. Auch unterwegs kann es\nItems aufheben.
25,4,54,Schnarchnase,Das Pokémon muss nach Einsatz einer Attacke\neine Runde lang aussetzen.
25,4,55,Übereifer,"Der Angriff des Pokémon steigt, aber seine Genauigkeit\nsinkt."
25,4,56,Charmebolzen,Angreifer verlieben sich bei Berührung gelegentlich in\ndas Pokémon.
25,4,57,Plus,"Der Spezial-Angriff des Pokémon steigt, wenn es einen\nMitstreiter mit der Fähigkeit Plus oder Minus hat."
25,4,58,Minus,"Der Spezial-Angriff des Pokémon steigt, wenn es einen\nMitstreiter mit der Fähigkeit Plus oder Minus hat."
25,4,59,Prognose,"Das Pokémon nimmt je nach Wetter entweder den Typ\nWasser, Feuer oder Eis an."
25,4,60,Klebekörper,"Trägt das Pokémon ein Item, bleibt dieses an seinem\nklebrigen Körper haften, wodurch Item-Diebstahl\nverhindert wird."
25,4,61,Expidermis,"Das Pokémon befreit sich gelegentlich von\nStatusproblemen, indem es seine Haut abstreift."
25,4,62,Adrenalin,"Bei Statusproblemen setzt das Pokémon Adrenalin frei,\nwodurch sein Angriff steigt."
25,4,63,Notschutz,"Bei Statusproblemen schützt sich das Pokémon mit\nmysteriösen Schuppen, wodurch seine Verteidigung\nsteigt."
25,4,64,Kloakensoße,"Angreifer, die durch Saug-Attacken Kloakensoße\nin sich aufgenommen haben, erleiden durch deren\nwiderwärtigen Gestank Schaden."
25,4,65,Notdünger,"Wenn die KP des Pokémon auf einen gewissen Wert\nfallen, steigt die Stärke seiner Pflanzen-Attacken."
25,4,66,Großbrand,"Wenn die KP des Pokémon auf einen gewissen Wert\nfallen, steigt die Stärke seiner Feuer-Attacken."
25,4,67,Sturzbach,"Wenn die KP des Pokémon auf einen gewissen Wert\nfallen, steigt die Stärke seiner Wasser-Attacken."
25,4,68,Hexaplaga,"Wenn die KP des Pokémon auf einen gewissen Wert\nfallen, steigt die Stärke seiner Käfer-Attacken."
25,4,69,Steinhaupt,"Das Pokémon erleidet keinen Schaden, wenn es Attacken\nmit Rückstoß einsetzt."
25,4,70,Dürre,Das Pokémon erzeugt bei Kampfantritt Sonnenschein.
25,4,71,Ausweglos,Das Pokémon hindert Gegner an der Flucht\nbeziehungsweise am Auswechseln.
25,4,72,Munterkeit,"Das Pokémon ist so munter, dass es nicht in Schlaf\nversetzt werden kann."
25,4,73,Pulverrauch,"Indem es sich mit pulvrigem Rauch umhüllt, hindert das\nPokémon Angreifer daran, seine Statuswerte zu senken."
25,4,74,Mentalkraft,Das Pokémon verdoppelt mit reiner Willenskraft die\nStärke seiner physischen Angriffe.
25,4,75,Panzerhaut,Das Pokémon wehrt Volltreffer mit einem harten\nPanzer ab.
25,4,76,Klimaschutz,Alle Wettereffekte werden aufgehoben.
25,4,77,Taumelschritt,"Ist das Pokémon verwirrt, steigt sein Ausweichwert."
25,4,78,Starthilfe,"Wird das Pokémon von einer Elektro-Attacke getroffen,\nerleidet es keinen Schaden. Stattdessen steigt seine\nInitiative."
25,4,79,Rivalität,"Greift das Pokémon ein Ziel desselben Geschlechts an,\nverursacht es mehr Schaden. Bei einem Ziel des anderen\nGeschlechts hingegen teilt es weniger Schaden aus."
25,4,80,Felsenfest,"Dank seines eisernen Willens steigt die Initiative des\nPokémon, wann immer es zurückschreckt."
25,4,81,Schneemantel,Bei Schnee steigt der Ausweichwert des Pokémon.
25,4,82,Völlerei,"Das Pokémon setzt bestimmte Beeren nicht erst in einer\nNotlage ein, sondern bereits dann, wenn seine KP auf\ndie Hälfte des Maximalwerts oder weniger fallen."
25,4,83,Kurzschluss,Das Pokémon wird nach Einstecken eines Volltreffers\nwütend und maximiert dabei seinen Angriff.
25,4,84,Entlastung,"Wenn das vom Pokémon getragene Item verwendet wird\noder verloren geht, steigt seine Initiative."
25,4,85,Hitzeschutz,Der Hitze abweisende Körper des Pokémon halbiert den\ndurch Feuer-Attacken erlittenen Schaden.
25,4,86,Wankelmut,Statusveränderungen des Pokémon werden verdoppelt.
25,4,87,Trockenheit,Das Pokémon erleidet mehr Schaden durch Feuer-\nAttacken und verliert bei Sonnenschein KP. Bei Regen\nund Treffern durch Wasser-Attacken regeneriert es KP.
25,4,88,Download,"Ist die Spezial-Verteidigung des Gegners niedriger als\nseine Verteidigung, wird der eigene Spezial-Angriff\nerhöht. Ist die Verteidigung niedriger, steigt der Angriff."
25,4,89,Eisenfaust,"Die Stärke von Hieb-, Punch-, Faust- und\nSchlag-Attacken des Pokémon steigt."
25,4,90,Giftheilung,"Das Pokémon erleidet keinen Schaden durch Vergiftung,\nsondern regeneriert KP."
25,4,91,Anpassung,"Die Stärke von Attacken des Pokémon, die seinem Typ\nentsprechen, steigt."
25,4,92,Wertelink,Das Pokémon landet mit Serien-Attacken immer die\nmaximale Anzahl an Treffern.
25,4,93,Hydration,Bei Regen werden Statusprobleme des Pokémon geheilt.
25,4,94,Solarkraft,"Bei Sonnenschein steigt der Spezial-Angriff des\nPokémon, aber dafür verliert es in jeder Runde KP."
25,4,95,Rasanz,Bei Statusproblemen steigt die Initiative des Pokémon.
25,4,96,Regulierung,Alle Attacken des Pokémon nehmen den Typ Normal an\nund ihre Stärke steigt ein wenig.
25,4,97,Superschütze,"Landet das Pokémon einen Volltreffer, steigt die Stärke\nder Attacke noch weiter."
25,4,98,Magieschild,Das Pokémon erleidet nur durch Angriffe Schaden.
25,4,99,Schildlos,Alle Attacken des oder auf das Pokémon gelingen\naufgrund seiner deckungslosen Kampftaktik.
25,4,100,Zeitspiel,Das Pokémon setzt seine Attacken immer als Letztes ein.
25,4,101,Techniker,Die Stärke von schwächeren Attacken des Pokémon\nsteigt.
25,4,102,Floraschild,Bei Sonnenschein kann das Pokémon keine\nStatusprobleme erleiden.
25,4,103,Tollpatsch,Das Pokémon kann keine getragenen Items verwenden.
25,4,104,Überbrückung,Das Pokémon kann Attacken ungeachtet der Fähigkeit\ndes Zieles einsetzen.
25,4,105,Glückspilz,"Das große Glück des Pokémon erhöht die\nWahrscheinlichkeit, dass es einen Volltreffer landet."
25,4,106,Finalschlag,"Angreifer erleiden Schaden, wenn das Pokémon durch\neine Attacke mit Berührung besiegt wird."
25,4,107,Vorahnung,"Das Pokémon ahnt, wenn ein Gegner über gefährliche\nAttacken verfügt."
25,4,108,Vorwarnung,"Bei Kampfantritt erkennt das Pokémon eine der\nAttacken, über die ein Gegner verfügt."
25,4,109,Unkenntnis,Das Pokémon ignoriert beim Angriff sämtliche\nStatusveränderungen des Zieles.
25,4,110,Aufwertung,Nicht sehr effektive Attacken des Pokémon verursachen\nnormalen Schaden.
25,4,111,Filter,Die Stärke von sehr effektiven Angriffen gegen das\nPokémon wird gesenkt.
25,4,112,Saumselig,Der Angriff und die Initiative des Pokémon werden\nfünf Runden lang halbiert.
25,4,113,Rauflust,Normal- und Kampf-Attacken des Pokémon treffen auch\nPokémon vom Typ Geist. Außerdem wirkt Bedroher bei\nihm nicht.
25,4,114,Sturmsog,"Das Pokémon zieht Wasser-Attacken an, erleidet\ndadurch aber keinen Schaden. Stattdessen steigt sein\nSpezial-Angriff."
25,4,115,Eishaut,Bei Schnee regeneriert das Pokémon nach und nach KP.
25,4,116,Felskern,Die Stärke von sehr effektiven Angriffen gegen das\nPokémon wird gesenkt.
25,4,117,Schneeschauer,Das Pokémon erzeugt bei Kampfantritt Schnee.
25,4,118,Honigmaul,Das Pokémon sammelt nach Kämpfen gelegentlich\nHonig auf.
25,4,119,Schnüffler,Bei Kampfantritt gibt das Pokémon Auskunft über die\ngetragenen Items von Gegnern.
25,4,120,Achtlos,"Die Stärke von Attacken des Pokémon,\ndie Rückstoßschaden verursachen, steigt."
25,4,121,Variabilität,Das Pokémon passt seinen Typ dem der getragenen\nTafel an.
25,4,122,Pflanzengabe,Bei Sonnenschein steigen der Angriff und die\nSpezial-Verteidigung auf der Mitstreiterseite.
25,4,123,Alptraum,Schlafenden Gegnern wird Schaden zugefügt.
25,4,124,Langfinger,Das Pokémon stiehlt bei Berührung das Item des\nAngreifers.
25,4,125,Rohe Gewalt,"Die Zusatzeffekte der Attacken des Pokémon werden\naufgehoben, aber dafür steigt die Stärke der Attacken."
25,4,126,Umkehrung,"Statusveränderungen des Pokémon werden umgekehrt:\nStatuswerte, die eigentlich erhöht werden sollten,\nsinken und umgekehrt."
25,4,127,Anspannung,"Das Pokémon erzeugt bei Gegnern Stress und hindert sie\nso daran, Beeren zu konsumieren."
25,4,128,Siegeswille,"Der Angriff des Pokémon steigt stark, wenn einer seiner\nStatuswerte durch ein anderes Pokémon gesenkt wird."
25,4,129,Schwächling,"Fallen die KP des Pokémon auf die Hälfte des\nMaximalwerts oder weniger, bekommt es Angst und\nsein Angriff und Spezial-Angriff werden halbiert."
25,4,130,Tastfluch,"Das Pokémon blockiert gelegentlich die Attacke,\nmit der ein Angreifer es getroffen hat."
25,4,131,Heilherz,Das Pokémon befreit Mitstreiter gelegentlich von\nStatusproblemen.
25,4,132,Freundeshut,"Der Schaden, den Mitstreiter des Pokémon erleiden,\nwird gesenkt."
25,4,133,Bruchrüstung,"Erleidet das Pokémon Schaden durch eine physische\nAttacke, sinkt seine Verteidigung, aber dafür steigt\nseine Initiative stark."
25,4,134,Schwermetall,Das Gewicht des Pokémon wird verdoppelt.
25,4,135,Leichtmetall,Das Gewicht des Pokémon wird halbiert.
25,4,136,Multischuppe,Bei vollen KP wird der erlittene Schaden des Pokémon\ngesenkt.
25,4,137,Giftwahn,"Die Stärke seiner physischen Attacken steigt, wenn das\nPokémon vergiftet wurde."
25,4,138,Hitzewahn,"Die Stärke seiner Spezial-Attacken steigt, wenn das\nPokémon an Verbrennungen leidet."
25,4,139,Reiche Ernte,Das Pokémon kann dieselbe Beere mehrmals verwenden.
25,4,140,Telepathie,Das Pokémon erkennt die Angriffe von Mitstreitern und\nweicht ihnen aus.
25,4,141,Gefühlswippe,In jeder Runde steigt ein Statuswert des Pokémon stark\nund ein anderer sinkt.
25,4,142,Partikelschutz,"Das Pokémon erleidet keinen Schaden durch Sandstürme.\nAußerdem ist es vor Effekten von Puder, Pulver, Saat und\nSporen geschützt."
25,4,143,Giftgriff,Das Pokémon vergiftet das Ziel gelegentlich durch\nbloßes Berühren.
25,4,144,Belebekraft,"Wird das Pokémon ausgewechselt, regeneriert es eine\nkleine Menge an KP."
25,4,145,Brustbieter,Die Verteidigung des Pokémon kann nicht gesenkt\nwerden.
25,4,146,Sandscharrer,In Sandstürmen steigt die Initiative des Pokémon.
25,4,147,Wunderhaut,Durch seinen robusten Körper verfehlen Status-Attacken\nöfter das Pokémon.
25,4,148,Analyse,"Setzt das Pokémon als Letztes eine Attacke ein,\nsteigt deren Stärke."
25,4,149,Trugbild,"Das Pokémon führt Gegner hinters Licht, indem es bei\nKampfantritt die Gestalt des Pokémon an der letzten\nStelle im Team annimmt."
25,4,150,Doppelgänger,Das Pokémon kämpft als Kopie seines Gegenübers.
25,4,151,Schwebedurch,Das Pokémon überwindet beim Angriff gegnerische\nSchilde sowie Delegatoren.
25,4,152,Mumie,Das Pokémon überträgt bei Berührung die Fähigkeit\nMumie auf den Angreifer.
25,4,153,Hochmut,"Besiegt das Pokémon ein anderes Pokémon, steigt sein\nSelbstvertrauen und somit auch sein Angriff."
25,4,154,Redlichkeit,"Wird das Pokémon von einem Angriff vom Typ Unlicht\ngetroffen, meldet sich sein Sinn für Gerechtigkeit zu\nWort und sein Angriff steigt."
25,4,155,Hasenfuß,"Wird das Pokémon von einem Angriff vom Typ Unlicht,\nGeist oder Käfer getroffen oder bedroht, bekommt es\nAngst und seine Initiative steigt."
25,4,156,Magiespiegel,"Das Pokémon lenkt Status-Attacken auf den Angreifer\num, ohne selbst von ihnen getroffen zu werden."
25,4,157,Vegetarier,"Wird das Pokémon von einer Pflanzen-Attacke getroffen,\nerleidet es keinen Schaden. Stattdessen steigt sein\nAngriff."
25,4,158,Strolch,Die Fähigkeit ermöglicht dem Pokémon einen Erstschlag\nmit Status-Attacken.
25,4,159,Sandgewalt,"In Sandstürmen steigt die Stärke von Gesteins-, Boden-\nund Stahl-Attacken des Pokémon."
25,4,160,Eisenstachel,Das Pokémon fügt Angreifern bei Berührung mit eisernen\nStacheln Schaden zu.
25,4,161,Trance-Modus,"Fallen die KP des Pokémon auf die Hälfte des\nMaximalwerts oder weniger, wechselt es seine Form."
25,4,162,Triumphstern,Die Genauigkeit der Pokémon auf der Mitstreiterseite\nsteigt.
25,4,163,Turbobrand,Das Pokémon kann Attacken ungeachtet der Fähigkeit\ndes Zieles einsetzen.
25,4,164,Teravolt,Das Pokémon kann Attacken ungeachtet der Fähigkeit\ndes Zieles einsetzen.
25,4,165,Dufthülle,"Die Pokémon auf der Mitstreiterseite sind vor Effekten\ngeschützt, die den Einsatz von Attacken verhindern."
25,4,166,Blütenhülle,"Mitstreiter des Pokémon, die dem Typ Pflanze\nangehören, sind vor dem Senken ihrer Statuswerte\nsowie vor Statusproblemen geschützt."
25,4,167,Backentaschen,Das Pokémon regeneriert beim Konsum von Beeren\nungeachtet der Beerensorte zusätzlich KP.
25,4,168,Wandlungskunst,"Jedes Mal, wenn das Pokémon das Kampffeld betritt,\nnimmt es einmalig beim Einsatz einer Attacke deren\nTyp an."
25,4,169,Fellkleid,"Der Schaden, den das Pokémon durch physische\nAttacken erleidet, wird halbiert."
25,4,170,Zauberer,"Trifft das Pokémon ein Ziel mit einer Attacke, stiehlt es\nihm dabei sein Item."
25,4,171,Kugelsicher,"Das Pokémon ist vor Attacken mit kugelförmigen\nObjekten, wie zum Beispiel Bomben, geschützt."
25,4,172,Unbeugsamkeit,"Der Spezial-Angriff des Pokémon steigt stark, wenn einer\nseiner Statuswerte durch ein anderes Pokémon gesenkt\nwird."
25,4,173,Titankiefer,Der kräftige Kiefer des Pokémon erhöht die Stärke\nseiner Biss-Attacken.
25,4,174,Frostschicht,Normal-Attacken des Pokémon nehmen den Typ Eis an\nund ihre Stärke steigt ein wenig.
25,4,175,Zuckerhülle,Die Pokémon auf der Mitstreiterseite können nicht in\nSchlaf versetzt werden.
25,4,176,Taktikwechsel,"Setzt das Pokémon eine Angriffsattacke ein, nimmt es\ndie Klingenform an. Setzt es danach die Attacke\nKönigsschild ein, nimmt es die Schildform an."
25,4,177,Orkanschwingen,Die Fähigkeit ermöglicht dem Pokémon bei vollen KP\neinen Erstschlag mit Flug-Attacken.
25,4,178,Megawumme,"Die Stärke einiger Wellen-, Aura-, Puls-, Wogen- und\nImpuls-Attacken des Pokémon steigt."
25,4,179,Pflanzenpelz,"Die Verteidigung des Pokémon steigt, wenn ein Grasfeld\naktiv ist."
25,4,180,Symbiose,"Das Pokémon gibt Mitstreitern, die ihr Item aufgebraucht\nhaben, sein eigenes Item."
25,4,181,Krallenwucht,"Die Stärke von Attacken des Pokémon, bei denen das\nZiel berührt wird, steigt."
25,4,182,Feenschicht,Normal-Attacken des Pokémon nehmen den Typ Fee an\nund ihre Stärke steigt ein wenig.
25,4,183,Viskosität,Die Initiative von Angreifern wird bei Berührung gesenkt.
25,4,184,Zenithaut,Normal-Attacken des Pokémon nehmen den Typ Flug an\nund ihre Stärke steigt ein wenig.
25,4,185,Familienbande,Das Pokémon und sein Junges greifen beide jeweils\nein Mal an.
25,4,186,Dunkelaura,Die Unlicht-Attacken aller Pokémon werden verstärkt.
25,4,187,Feenaura,Die Feen-Attacken aller Pokémon werden verstärkt.
25,4,188,Aura-Umkehr,"Die Wirkung von Aura-Fähigkeiten wird umgekehrt,\nsodass die Stärke der betroffenen Attacken sinkt\nstatt steigt."
25,4,189,Urmeer,"Das Pokémon ändert das Wetter, um Angriffe vom Typ\nFeuer wirkungslos zu machen."
25,4,190,Endland,"Das Pokémon ändert das Wetter, um Angriffe vom Typ\nWasser wirkungslos zu machen."
25,4,191,Delta-Wind,"Das Pokémon ändert das Wetter, um die Schwächen des\nTyps Flug zu beseitigen."
25,4,192,Zähigkeit,"Wird das Pokémon von einem Angriff getroffen,\nsteigt seine Verteidigung."
25,4,193,Reißaus,"Fallen die KP des Pokémon auf die Hälfte des\nMaximalwerts oder weniger, zieht es sich ängstlich\nin seinen Pokéball zurück."
25,4,194,Rückzug,"Fallen die KP des Pokémon auf die Hälfte des\nMaximalwerts oder weniger, bringt es sich in Sicherheit\nund kehrt in seinen Pokéball zurück."
25,4,195,Verklumpen,"Wird das Pokémon von einer Wasser-Attacke getroffen,\nsteigt seine Verteidigung stark."
25,4,196,Quälerei,Bei Angriffen auf vergiftete Ziele hat das Pokémon\nVolltreffergarantie.
25,4,197,Limitschild,"Fallen die KP des Pokémon auf die Hälfte des\nMaximalwerts oder weniger, zerbricht seine Panzerung\nund es wird aggressiver."
25,4,198,Beschattung,Das Pokémon verursacht beim Angriff auf neu\neingewechselte Ziele doppelten Schaden.
25,4,199,Wasserblase,Die Stärke von Feuer-Attacken gegen das Pokémon wird\ngesenkt und es kann keine Verbrennungen erleiden.
25,4,200,Stahlprofi,Die Stärke von Stahl-Attacken des Pokémon steigt.
25,4,201,Wutausbruch,"Fallen die KP des Pokémon durch einen Angriff auf die\nHälfte des Maximalwerts oder weniger, steigt sein\nSpezial-Angriff."
25,4,202,Schneescharrer,Bei Schnee steigt die Initiative des Pokémon.
25,4,203,Langstrecke,"Das Pokémon kann alle seine Attacken einsetzen,\nohne das Ziel dabei zu berühren."
25,4,204,Plätscherstimme,Alle Geräusch-Attacken des Pokémon nehmen den Typ\nWasser an.
25,4,205,Heilwandel,"Die Fähigkeit ermöglicht dem Pokémon einen Erstschlag\nmit Attacken, welche die KP des Anwenders direkt\nregenerieren."
25,4,206,Elektrohaut,Normal-Attacken des Pokémon nehmen den Typ Elektro\nan und ihre Stärke steigt ein wenig.
25,4,207,Surf-Schweif,"Die Initiative des Pokémon wird verdoppelt, wenn ein\nElektrofeld aktiv ist."
25,4,208,Fischschwarm,"Verfügt das Pokémon über viele KP, bildet es einen\nSchwarm und gewinnt an Stärke. Wenn es nur noch\nwenige KP hat, löst sich der Schwarm wieder auf."
25,4,209,Kostümspuk,Das Pokémon wehrt ein Mal pro Kampf mit seinem\ngruseligen Kostüm einen Angriff ab.
25,4,210,Freundschaftsakt,"Besiegt das Pokémon ein Ziel, vertieft dies die\nFreundschaft zu seinem Trainer, wodurch sein Angriff\nund Spezial-Angriff sowie seine Initiative steigen."
25,4,211,Scharwandel,"Fallen die KP des Pokémon auf die Hälfte des\nMaximalwerts oder weniger, eilen ihm weitere Zellen\nzu Hilfe und es nimmt die Optimumform an."
25,4,212,Korrosion,Das Pokémon kann selbst Pokémon vom Typ Stahl oder\nGift vergiften.
25,4,213,Dauerschlaf,Das Pokémon befindet sich ununterbrochen im\nHalbschlaf und wacht nie vollständig auf. Es kann\njedoch im Schlaf angreifen.
25,4,214,Majestät,"Das Pokémon schüchtert Gegner ein und hindert sie so\ndaran, Erstschlag-Attacken gegen die Mitstreiterseite\neinzusetzen."
25,4,215,Magenkrempler,"Wird das Pokémon von einem Angreifer besiegt,\nfügt es diesem Schaden in Höhe des KP-Werts zu,\nden es besaß, bevor es kampfunfähig wurde."
25,4,216,Tänzer,Das Pokémon kann direkt im Anschluss an die\nTanz-Attacke eines anderen Pokémon dieselbe\nAttacke ebenfalls einsetzen.
25,4,217,Batterie,Die Stärke der Spezial-Attacken der Mitstreiter des\nPokémon steigt.
25,4,218,Flauschigkeit,"Das Pokémon erleidet nur halb so viel Schaden durch\nAttacken mit Berührung, aber dafür doppelt so viel\nSchaden durch Feuer-Attacken."
25,4,219,Buntkörper,"Das Pokémon überrascht Gegner und hindert sie so\ndaran, Erstschlag-Attacken gegen die Mitstreiterseite\neinzusetzen."
25,4,220,Seelenherz,"Jedes Mal, wenn ein anderes Pokémon besiegt wird,\nsteigt der Spezial-Angriff des Pokémon."
25,4,221,Lockenkopf,Die Initiative von Angreifern wird bei Berührung gesenkt.
25,4,222,Receiver,"Das Pokémon erhält die Fähigkeit eines Mitstreiters,\nwenn dieser besiegt wird."
25,4,223,Chemiekraft,"Das Pokémon übernimmt die Fähigkeit eines Mitstreiters,\nwenn dieser besiegt wird."
25,4,224,Bestien-Boost,"Besiegt das Pokémon ein anderes Pokémon, steigt sein\nhöchster Statuswert."
25,4,225,Alpha-System,Das Pokémon passt seinen Typ der getragenen Disc an.
25,4,226,Elektro-Erzeuger,Das Pokémon erzeugt bei Kampfantritt ein Elektrofeld.
25,4,227,Psycho-Erzeuger,Das Pokémon erzeugt bei Kampfantritt ein Psychofeld.
25,4,228,Nebel-Erzeuger,Das Pokémon erzeugt bei Kampfantritt ein Nebelfeld.
25,4,229,Gras-Erzeuger,Das Pokémon erzeugt bei Kampfantritt ein Grasfeld.
25,4,230,Metallprotektor,Die Statuswerte des Pokémon können nicht durch\nAttacken oder Fähigkeiten anderer Pokémon gesenkt\nwerden.
25,4,231,Phantomschutz,Bei vollen KP wird der erlittene Schaden des Pokémon\ngesenkt.
25,4,232,Prismarüstung,Die Stärke von sehr effektiven Angriffen gegen das\nPokémon wird gesenkt.
25,4,233,Zerebralmacht,Die Stärke von sehr effektiven Angriffen des Pokémon\nsteigt noch weiter.
25,4,234,Kühnes Schwert,Beim ersten Kampfantritt steigt der Angriff des Pokémon.
25,4,235,Wackerer Schild,Beim ersten Kampfantritt steigt die Verteidigung des\nPokémon.
25,4,236,Libero,"Jedes Mal, wenn das Pokémon das Kampffeld betritt,\nnimmt es einmalig beim Einsatz einer Attacke deren\nTyp an."
25,4,237,Apport,"Trägt das Pokémon kein Item bei sich, hebt es den Ball\naus dem ersten gescheiterten Fangversuch des Kampfes\nwieder auf."
25,4,238,Wollflaum,"Wird das Pokémon von einem Angriff getroffen,\nverstreut es Teile seines Wollflaums, wodurch die\nInitiative aller anderen Pokémon sinkt."
25,4,239,Schraubflosse,"Das Pokémon ignoriert die Effekte von Fähigkeiten und\nAttacken, die Attacken auf sich lenken."
25,4,240,Spiegelrüstung,"Das Pokémon lenkt ausschließlich Effekte, welche seine\nStatuswerte senken würden, auf den Angreifer um."
25,4,241,Würggeschoss,"Wenn das Pokémon Surfer oder Taucher einsetzt, fängt\nes sich dabei Beute. Erleidet es anschließend Schaden,\ngreift es an, indem es die Beute wieder ausspuckt."
25,4,242,Stahlrückgrat,"Das Pokémon ignoriert die Effekte von Fähigkeiten und\nAttacken, die Attacken auf sich lenken."
25,4,243,Dampfantrieb,"Wird das Pokémon von einer Wasser- oder\nFeuer-Attacke getroffen, steigt seine Initiative\ndrastisch."
25,4,244,Punk Rock,"Die Stärke der Geräusch-Attacken des Pokémon steigt\nund der Schaden, den es selbst durch Geräusch-Attacken\nerleidet, wird halbiert."
25,4,245,Sandspeier,"Wird das Pokémon von einem Angriff getroffen,\nerzeugt es einen Sandsturm."
25,4,246,Eisflügelstaub,"Eisflügelstaub schützt das Pokémon, wodurch der\nSchaden, den es durch Spezial-Angriffe erleidet,\nhalbiert wird."
25,4,247,Heranreifen,"Das Pokémon verdoppelt den Effekt von Beeren,\nindem es sie heranreifen lässt."
25,4,248,Tiefkühlkopf,"Der Eisblock um seinen Kopf blockt einen physischen\nAngriff ab, was jedoch einen Formwechsel bewirkt.\nDurch Schnee wird der Eisblock wiederhergestellt."
25,4,249,Kraftquelle,Das Pokémon erhöht bei direkt benachbarten Pokémon\ndie Stärke von Attacken.
25,4,250,Mimese,Der Typ des Pokémon ändert sich in Abhängigkeit vom\nZustand des Feldes.
25,4,251,Hemmungslos,"Das Pokémon hebt bei Kampfantritt die Wirkung\nvon Lichtschild, Reflektor und Auroraschleier auf\nMitstreiter- und Gegnerseite auf."
25,4,252,Stählerner Wille,Die Stärke von Stahl-Angriffen auf der Mitstreiterseite\nsteigt.
25,4,253,Unheilskörper,"Wird das Pokémon bei einer Attacke berührt, wird es\nzusammen mit dem Angreifer nach drei Runden besiegt.\nRettung ist durch Auswechseln möglich."
25,4,254,Rastlose Seele,"Wird das Pokémon bei einem Angriff berührt, tauscht es\nseine Fähigkeit mit der des Angreifers."
25,4,255,Affenfokus,"Der Angriff des Pokémon steigt, aber es kann nur die\nzuerst gewählte Attacke einsetzen."
25,4,256,Reaktionsgas,"Solange das Pokémon am Kampf beteiligt ist, werden die\nFähigkeiten aller anderen Pokémon unterdrückt oder\naufgehoben."
25,4,257,Pastellhülle,Die Pokémon auf der Mitstreiterseite sind vor Vergiftung\ngeschützt.
25,4,258,Heißhunger,Das Pokémon ändert zum Ende jeder Runde seine\nForm und wechselt somit zwischen dem Pappsatt- und\ndem Kohldampfmuster.
25,4,259,Schnellschuss,Das Pokémon handelt gelegentlich vor anderen\nPokémon.
25,4,260,Verborgene Faust,"Wenn das Pokémon eine Attacke einsetzt, bei der das\nZiel berührt wird, trifft diese auch dann, wenn sich das\nZiel selbst schützt."
25,4,261,Kuriose Arznei,"Das Pokémon versprüht bei Kampfantritt Arznei aus\nseiner Muschel, die alle Statusveränderungen von\nMitstreitern aufhebt."
25,4,262,Transistor,Die Stärke von Elektro-Attacken des Pokémon steigt.
25,4,263,Drachenkiefer,Die Stärke von Drachen-Attacken des Pokémon steigt.
25,4,264,Helles Wiehern,"Besiegt das Pokémon ein anderes Pokémon, stößt es ein\nfrostiges Wiehern aus, wodurch sein Angriff steigt."
25,4,265,Dunkles Wiehern,"Besiegt das Pokémon ein anderes Pokémon, stößt es\nein furchteinflößendes Wiehern aus, wodurch sein\nSpezial-Angriff steigt."
25,4,266,Reitgespann,Das Pokémon verfügt sowohl über Coronospas Fähigkeit\nAnspannung als auch über Polaross’ Fähigkeit\nHelles Wiehern.
25,4,267,Reitgespann,Das Pokémon verfügt sowohl über Coronospas Fähigkeit\nAnspannung als auch über Phantoross’ Fähigkeit\nDunkles Wiehern.
25,4,268,Duftschwade,Das Pokémon überträgt bei Berührung die Fähigkeit\nDuftschwade auf den Angreifer.
25,4,269,Streusaat,"Wird das Pokémon von einem Angriff getroffen,\nerzeugt es ein Grasfeld."
25,4,270,Thermowandel,"Wird das Pokémon von einer Feuer-Attacke\ngetroffen, steigt sein Angriff. Außerdem kann\nes keine Verbrennungen erleiden."
25,4,271,Wutpanzer,"Fallen die KP des Pokémon durch einen Angriff auf die\nHälfte des Maximalwerts oder weniger, sinken Vert. und\nSp.-Vert., aber Ang., Sp.-Ang. und Initiative steigen."
25,4,272,Läutersalz,Das Pokémon kann dank seines läuternden Salzes keine\nStatusprobleme erleiden und der durch Geister-Attacken\nerlittene Schaden wird halbiert.
25,4,273,Knusperkruste,"Wird das Pokémon von einer Feuer-Attacke getroffen,\nerleidet es keinen Schaden. Stattdessen steigt seine\nVerteidigung stark."
25,4,274,Windreiter,"Wirkt Rückenwind oder wird das Pokémon von einer\nWind-Attacke getroffen, steigt sein Angriff. Außerdem\nerleidet es keinen Schaden durch Wind-Attacken."
25,4,275,Wachhund,"Wird das Pokémon bedroht, steigt sein Angriff.\nAttacken und Items, durch die Pokémon ausgetauscht\nwerden, haben keine Wirkung auf es."
25,4,276,Steinträger,Die Stärke von Gesteins-Attacken des Pokémon steigt.
25,4,277,Windkraft,"Wird das Pokémon von einer Wind-Attacke getroffen,\nlädt es sich auf. Dadurch steigt die Stärke seiner\nnächsten Elektro-Attacke."
25,4,278,Superwechsel,"Wird das Pokémon ausgewechselt, nimmt es die\nHeldenform an."
25,4,279,Kommandant,"Befindet sich ein Heerashai auf der Mitstreiterseite,\nspringt das Pokémon bei Kampfantritt in dessen Maul\nund gibt von dort aus Befehle."
25,4,280,Dynamo,"Wenn das Pokémon Schaden erleidet, lädt es\nsich auf. Dadurch steigt die Stärke seiner nächsten\nElektro-Attacke."
25,4,281,Paläosynthese,"Bei Sonnenschein oder wenn das Pokémon eine\nEnergiekapsel trägt, steigt sein höchster Statuswert."
25,4,282,Quantenantrieb,"Wenn ein Elektrofeld aktiv ist oder das Pokémon eine\nEnergiekapsel trägt, steigt sein höchster Statuswert."
25,4,283,Goldkörper,"Dank seines robusten Körpers aus reinem, rostfreiem\nGold kann das Pokémon nicht von Status-Attacken\ngetroffen werden."
25,4,284,Unheilsgefäß,Mit der Macht seines Unheil bringenden Gefäßes\nschwächt das Pokémon den Spezial-Angriff aller\nanderen Pokémon.
25,4,285,Unheilsschwert,Mit der Macht seines Unheil bringenden Schwertes\nschwächt das Pokémon die Verteidigung aller anderen\nPokémon.
25,4,286,Unheilstafeln,Mit der Macht seiner Unheil bringenden Holztafeln\nschwächt das Pokémon den Angriff aller anderen\nPokémon.
25,4,287,Unheilsjuwelen,Mit der Macht seiner Unheil bringenden Juwelen\nschwächt das Pokémon die Spezial-Verteidigung aller\nanderen Pokémon.
25,4,288,Orichalkum-Puls,Das Pokémon erzeugt bei Kampfantritt Sonnenschein.\nBei Sonnenschein verstärkt ein urzeitlicher Puls seinen\nAngriff.
25,4,289,Hadronen-Motor,"Das Pokémon erzeugt bei Kampfantritt ein Elektrofeld.\nWenn ein Elektrofeld aktiv ist, verstärkt ein futuristischer\nMotor seinen Spezial-Angriff."
25,4,290,Profiteur,"Wenn ein Statuswert eines Gegners steigt, profitiert das\nPokémon ebenfalls davon und der gleiche Statuswert\nsteigt auch bei ihm."
25,4,291,Wiederkäuer,"Wenn das Pokémon eine Beere isst, stößt es diese am\nEnde der nächsten Runde wieder aus seinem Magen auf\nund verspeist sie erneut."
25,4,292,Scharfkantig,Die Stärke von Schnitt-Attacken des Pokémon steigt.
25,4,293,Feldherr,Bei Kampfantritt steigen der Angriff und Spezial-Angriff\ndes Pokémon ein bisschen für jedes bis dahin besiegte\nTeam-Mitglied.
25,4,294,Synchronauftritt,Das Pokémon kopiert bei Kampfantritt die\nStatusveränderungen eines Mitstreiters.
25,4,295,Giftbelag,"Erleidet das Pokémon Schaden durch eine physische\nAttacke, verstreut es giftige Stacheln auf der\ngegnerischen Seite."
25,4,296,Schweifrüstung,"Der rätselhafte Schweif, der den Kopf des Pokémon\numhüllt, hindert Gegner daran, Erstschlag-Attacken\ngegen die Mitstreiterseite einzusetzen."
25,4,297,Bodenschmaus,"Wird das Pokémon von einer Boden-Attacke getroffen,\nerleidet es keinen Schaden, sondern regeneriert\nstattdessen KP."
25,4,298,Myzelienkraft,"Beim Einsatz von Status-Attacken handelt das Pokémon\nstets langsamer, aber dafür kann es sie ungeachtet der\nFähigkeit des Zieles einsetzen."
25,4,299,Gastlichkeit,"Bei Kampfantritt zeigt das Pokémon seine Gastlichkeit,\nindem es die KP seines Mitstreiters ein wenig auffüllt."
25,4,300,Geistiges Auge,Die Genauigkeit des Pokémon kann nicht gesenkt werden.\nEs ignoriert Änderungen am Ausweichwert des Zieles und\ntrifft mit Normal- und Kampf-Attacken Geister-Pokémon.
25,4,301,Erinnerungskraft,"Die Erinnerungen, die das Pokémon in sich trägt,\nlassen die Türkisgrüne Maske aufleuchten und erhöhen\nseine Initiative."
25,4,302,Erinnerungskraft,"Die Erinnerungen, die das Pokémon in sich trägt,\nlassen die Ofenmaske aufleuchten und erhöhen\nseinen Angriff."
25,4,303,Erinnerungskraft,"Die Erinnerungen, die das Pokémon in sich trägt,\nlassen die Brunnenmaske aufleuchten und erhöhen\nseine Spezial-Verteidigung."
25,4,304,Erinnerungskraft,"Die Erinnerungen, die das Pokémon in sich trägt,\nlassen die Fundamentmaske aufleuchten und erhöhen\nseine Verteidigung."
25,4,305,Giftkette,"Durch die toxischen Stoffe in seiner Kette werden Ziele,\ndie das Pokémon mit einer Attacke trifft, gelegentlich\nschwer vergiftet."
25,4,306,Süßer Nektar,Beim ersten Kampfantritt verbreitet das Pokémon den\nDuft süßen Nektars und senkt so den Ausweichwert\nseiner Gegner.
25,4,307,Tera-Wandel,Bei Kampfantritt absorbiert das Pokémon Energie in\nseiner Umgebung und nimmt die Terakristall-Form an.
25,4,308,Tera-Panzer,"Der Panzer des Pokémon birgt die Kraft aller Typen\nin sich. Alle Schaden verursachenden Attacken, die es\nbei vollen KP treffen, sind nicht sehr effektiv."
25,4,309,Teraforming Null,"Wenn Terapagos die Stellarform annimmt, eliminiert es\ndank seiner verborgenen Kräfte sämtliche Wettereffekte\nund Felder."
25,4,310,Giftpuppenspiel,"Wenn Infamomo ein Ziel mit einer Attacke vergiftet,\nso wird dieses auch verwirrt."
25,5,1,Tanfo,"Quando il Pokémon attacca il bersaglio, può farlo\ntentennare grazie al cattivo odore che emana."
25,5,2,Piovischio,"Quando il Pokémon entra in campo, attira la pioggia."
25,5,3,Acceleratore,La Velocità aumenta a ogni turno.
25,5,4,Lottascudo,Il Pokémon è protetto da una dura corazza\nche gli evita di subire brutti colpi.
25,5,5,Vigore,Evita che il Pokémon vada KO in un sol colpo se ha\ntutti i PS e lo rende immune alle mosse che causano\nKO immediato.
25,5,6,Umidità,"Aumenta l’umidità circostante, impedendo l’uso\ndi Autodistruzione e di altre mosse esplosive."
25,5,7,Scioltezza,Il corpo flessibile del Pokémon gli impedisce\ndi subire gli effetti della paralisi.
25,5,8,Sabbiavelo,L’elusione aumenta durante le tempeste di sabbia.
25,5,9,Statico,Il Pokémon si ricopre di elettricità statica e può causare\nparalisi a chi è entrato in contatto con lui.
25,5,10,Assorbivolt,"Se il Pokémon viene colpito da una mossa di tipo\nElettro, recupera PS anziché subire danni."
25,5,11,Assorbacqua,"Se il Pokémon viene colpito da una mossa di tipo\nAcqua, recupera PS anziché subire danni."
25,5,12,Indifferenza,"L’imperturbabilità del Pokémon lo protegge\nda infatuazioni, provocazioni e dall’effetto\ndi Prepotenza."
25,5,13,Antimeteo,Neutralizza gli effetti di tutte le condizioni atmosferiche.
25,5,14,Insettocchi,La precisione del Pokémon aumenta grazie ai suoi\nocchi composti.
25,5,15,Insonnia,Il Pokémon soffre d’insonnia e non può addormentarsi.
25,5,16,Cambiacolore,Il Pokémon acquisisce il tipo della mossa subita.
25,5,17,Immunità,L’immunità naturale del Pokémon gli impedisce\ndi essere avvelenato.
25,5,18,Fuocardore,"Se il Pokémon subisce una mossa di tipo Fuoco,\nne sfrutta il calore per potenziare le proprie mosse\ndi tipo Fuoco."
25,5,19,Polvoscudo,Il Pokémon è protetto da uno strato di scaglie\nche annulla gli effetti aggiuntivi delle mosse subite.
25,5,20,Mente Locale,Il Pokémon affronta la vita al proprio ritmo e per\nquesto non può essere confuso o subire l’effetto\ndi Prepotenza.
25,5,21,Ventose,Il Pokémon resiste a strumenti e mosse che causano\nla sostituzione appiccicandosi al terreno con le ventose.
25,5,22,Prepotenza,"Quando il Pokémon entra in campo, la sua prepotenza\ncrea soggezione, riducendo l’Attacco degli avversari\nintimiditi."
25,5,23,Pedinombra,Il Pokémon impedisce la fuga o la sostituzione\ndegli avversari di cui calpesta l’ombra.
25,5,24,Cartavetro,"Quando il Pokémon subisce un attacco, grazie alla sua\npelle ruvida infligge a sua volta danni al Pokémon con\ncui è entrato in contatto."
25,5,25,Magidifesa,Un potere misterioso protegge il Pokémon e lo\nrende vulnerabile solo alle mosse superefficaci.
25,5,26,Levitazione,La capacità di levitare conferisce al Pokémon immunità\nagli attacchi di tipo Terra.
25,5,27,Spargispora,"Può causare avvelenamento, paralisi o sonno a chi\nattacca il Pokémon entrando in contatto con lui."
25,5,28,Sincronismo,"Se un Pokémon con questa abilità viene avvelenato,\nparalizzato o scottato, contagia con lo stesso problema\ndi stato chi lo ha causato."
25,5,29,Corpochiaro,Impedisce la diminuzione delle statistiche causata\nda abilità o mosse di altri Pokémon.
25,5,30,Alternacura,"Quando il Pokémon lascia il campo, guarisce\ndai problemi di stato."
25,5,31,Parafulmine,"Il Pokémon attira e neutralizza le mosse di tipo Elettro,\nfacendo aumentare il suo Attacco Speciale."
25,5,32,Leggiadro,Rende più probabili gli effetti aggiuntivi delle mosse.
25,5,33,Nuotovelox,"Se piove, la Velocità aumenta."
25,5,34,Clorofilla,"Se la luce del sole è intensa, la Velocità aumenta."
25,5,35,Risplendi,"Illuminando l’ambiente circostante, il Pokémon\nimpedisce che la sua precisione diminuisca."
25,5,36,Traccia,"Quando il Pokémon entra in campo, copia l’abilità\ndi un avversario."
25,5,37,Macroforza,Raddoppia la potenza degli attacchi fisici del Pokémon.
25,5,38,Velenopunte,Può avvelenare chi entra in contatto con il Pokémon.
25,5,39,Forza Interiore,La capacità di concentrazione del Pokémon evita che\ntentenni per gli attacchi subiti e lo protegge dall’effetto\ndi Prepotenza.
25,5,40,Magmascudo,Il magma riveste il corpo del Pokémon impedendogli\ndi venire congelato.
25,5,41,Idrovelo,Un velo d’acqua riveste il corpo del Pokémon\nimpedendogli di venire scottato.
25,5,42,Magnetismo,La carica magnetica attrae i Pokémon di tipo Acciaio\nimpedendogli la fuga o la sostituzione.
25,5,43,Antisuono,Il Pokémon è dotato di una sorta di isolamento acustico\nche lo rende immune alle mosse basate sul suono.
25,5,44,Copripioggia,Il Pokémon recupera PS quando piove.
25,5,45,Sabbiafiume,"Quando il Pokémon entra in campo, scatena\nuna tempesta di sabbia."
25,5,46,Pressione,"Il Pokémon mette pressione agli avversari, facendogli\nconsumare più PP."
25,5,47,Grassospesso,Il Pokémon è protetto da uno spesso strato di grasso\nche dimezza il danno causato da mosse di tipo Fuoco\ne Ghiaccio.
25,5,48,Sveglialampo,"Anche se il Pokémon si addormenta, può risvegliarsi\ndue volte più velocemente."
25,5,49,Corpodifuoco,Può scottare chi entra in contatto con il Pokémon.
25,5,50,Fugafacile,Garantisce la fuga dai Pokémon selvatici.
25,5,51,Sguardofermo,La vista acuta del Pokémon impedisce che la sua\nprecisione diminuisca.
25,5,52,Ipertaglio,Le possenti chele o tenaglie di cui è dotato il Pokémon\nfanno sì che il suo Attacco non possa essere diminuito\nda altri.
25,5,53,Raccolta,Il Pokémon può raccogliere strumenti usati da altri\ndurante la lotta. Potrebbe raccogliere strumenti\nanche fuori dalla lotta.
25,5,54,Pigrone,"Quando il Pokémon usa una mossa, nel turno\nsuccessivo si riposerà."
25,5,55,Tuttafretta,"L’Attacco aumenta, ma la precisione diminuisce."
25,5,56,Incantevole,Può causare infatuazione a chi entra in contatto\ncon il Pokémon.
25,5,57,Più,L’Attacco Speciale aumenta se ci sono alleati con\nl’abilità Meno o Più.
25,5,58,Meno,L’Attacco Speciale aumenta se ci sono alleati con\nl’abilità Meno o Più.
25,5,59,Previsioni,"Cambia il tipo del Pokémon in Acqua, Fuoco o Ghiaccio\nin base alle condizioni atmosferiche."
25,5,60,Antifurto,Gli strumenti restano appiccicati al corpo adesivo\ndel Pokémon e non possono essere rubati.
25,5,61,Muta,Il Pokémon può guarire dai problemi di stato facendo\nla muta completa della pelle.
25,5,62,Dentistretti,"Se il Pokémon è affetto da un problema di stato,\ntira fuori la grinta e aumenta il proprio Attacco."
25,5,63,Pelledura,"Se il Pokémon è affetto da un problema di stato,\nle squame sulla sua pelle si induriscono aumentando\nla sua Difesa."
25,5,64,Melma,"La melma del Pokémon infligge danni a chi la assorbe,\nfacendogli perdere PS a causa del fortissimo tanfo."
25,5,65,Erbaiuto,"Quando al Pokémon rimangono pochi PS, la potenza\ndelle sue mosse di tipo Erba aumenta."
25,5,66,Aiutofuoco,"Quando al Pokémon rimangono pochi PS, la potenza\ndelle sue mosse di tipo Fuoco aumenta."
25,5,67,Acquaiuto,"Quando al Pokémon rimangono pochi PS, la potenza\ndelle sue mosse di tipo Acqua aumenta."
25,5,68,Aiutinsetto,"Quando al Pokémon rimangono pochi PS, la potenza\ndelle sue mosse di tipo Coleottero aumenta."
25,5,69,Testadura,"Anche se il Pokémon usa delle mosse che causano\nun contraccolpo, non perde PS."
25,5,70,Siccità,"Quando il Pokémon entra in campo, la luce solare\ndiventa intensa."
25,5,71,Trappoarena,Impedisce la fuga agli avversari.
25,5,72,Spiritovivo,Il Pokémon è talmente vivace che non può\naddormentarsi.
25,5,73,Fumochiaro,Il Pokémon è protetto da un fumo chiaro che impedisce\nche le sue statistiche vengano diminuite da altri.
25,5,74,Forzapura,La potenza degli attacchi fisici del Pokémon raddoppia\ngrazie alla sua padronanza delle tecniche yoga.
25,5,75,Guscioscudo,Il Pokémon è protetto da un guscio robusto che gli evita\ndi subire brutti colpi.
25,5,76,Riparo,Neutralizza gli effetti di tutte le condizioni atmosferiche.
25,5,77,Intricopiedi,"Se il Pokémon è confuso, la sua elusione aumenta."
25,5,78,Elettrorapid,"Se il Pokémon viene colpito da una mossa di\ntipo Elettro, la neutralizza e sfrutta la carica\nelettrica per aumentare la propria Velocità."
25,5,79,Antagonismo,"Rende più forti contro Pokémon dello stesso sesso,\nma più deboli contro Pokémon di sesso opposto."
25,5,80,Cuordeciso,"Se il Pokémon tentenna, il suo animo indomito\nsi risveglia e la sua Velocità aumenta."
25,5,81,Mantelneve,"Se nevica, l’elusione aumenta."
25,5,82,Voracità,"Il Pokémon non attende di aver perso molti PS\nper mangiare la sua bacca, ma lo fa non appena\ni suoi PS scendono a metà o meno."
25,5,83,Grancollera,"Se il Pokémon subisce un brutto colpo, monta su\ntutte le furie e il suo Attacco aumenta al massimo."
25,5,84,Agiltecnica,"Se il Pokémon usa o perde uno strumento,\nla sua Velocità aumenta."
25,5,85,Antifuoco,Il corpo termoresistente del Pokémon dimezza i danni\nprovocati dalle mosse di tipo Fuoco che subisce.
25,5,86,Disinvoltura,Raddoppia le modifiche alle statistiche.
25,5,87,Pellearsa,"Il Pokémon recupera PS se piove o se subisce mosse\ndi tipo Acqua, ma perde PS con la luce solare intensa.\nSubisce più danni dalle mosse di tipo Fuoco."
25,5,88,Download,"Il Pokémon analizza Difesa e Difesa Speciale\ndegli avversari e, a seconda di qual è più bassa,\naumenta il proprio Attacco o Attacco Speciale."
25,5,89,Ferropugno,Potenzia le mosse che utilizzano pugni.
25,5,90,Velencura,"Se il Pokémon è avvelenato, recupera PS anziché\nperderli."
25,5,91,Adattabilità,Aumenta la potenza delle mosse dello stesso tipo\ndel Pokémon.
25,5,92,Abillegame,Le mosse multicolpo mandano a segno sempre\nil massimo dei colpi possibili.
25,5,93,Idratazione,"Se piove, il Pokémon guarisce dai problemi di stato."
25,5,94,Solarpotere,"Se la luce del sole è intensa, l’Attacco Speciale\naumenta, ma il Pokémon perde PS a ogni turno."
25,5,95,Piedisvelti,"Se il Pokémon è affetto da un problema di stato,\nla Velocità aumenta."
25,5,96,Normalità,Tutte le mosse del Pokémon diventano di tipo Normale\ne la loro potenza aumenta un po’.
25,5,97,Cecchino,Aumenta ulteriormente la potenza dei brutti colpi.
25,5,98,Magicscudo,Il Pokémon subisce danni solo dagli attacchi.
25,5,99,Nullodifesa,Il Pokémon e chiunque lo attacchi abbassano la guardia\ne le loro mosse vanno sempre a segno.
25,5,100,Rallentatore,Il Pokémon agisce sempre per ultimo.
25,5,101,Tecnico,Potenzia le mosse più deboli del Pokémon.
25,5,102,Fogliamanto,"Se la luce del sole è intensa, evita i problemi di stato."
25,5,103,Impaccio,Il Pokémon non può usare lo strumento che ha con sé.
25,5,104,Rompiforma,Il Pokémon può usare le sue mosse sul bersaglio\nindipendentemente dall’abilità di quest’ultimo.
25,5,105,Supersorte,L’incredibile fortuna del Pokémon aumenta\nla sua probabilità di infliggere brutti colpi.
25,5,106,Scoppio,Infligge danni a chi manda KO questo Pokémon\nentrando in contatto con lui.
25,5,107,Presagio,Rivela se gli avversari hanno mosse pericolose.
25,5,108,Premonizione,"Quando il Pokémon entra in campo, rivela una delle\nmosse degli avversari."
25,5,109,Imprudenza,Il Pokémon ignora le modifiche alle statistiche\ndel bersaglio e di chi lo attacca.
25,5,110,Lentifumé,Fa in modo che le mosse non molto efficaci abbiano\nla potenza usuale.
25,5,111,Filtro,Può ridurre la potenza degli attacchi superefficaci\nsubiti dal Pokémon.
25,5,112,Lentoinizio,Dimezza per cinque turni l’Attacco e la Velocità.
25,5,113,Nervisaldi,"Permette di colpire Pokémon di tipo Spettro con mosse\ndi tipo Normale e Lotta. Inoltre, rende immuni all’effetto\ndi Prepotenza."
25,5,114,Acquascolo,Il Pokémon attira e neutralizza le mosse di tipo Acqua\ne fa aumentare il proprio Attacco Speciale.
25,5,115,Corpogelo,"Se nevica, il Pokémon recupera gradualmente PS."
25,5,116,Solidroccia,Può ridurre la potenza degli attacchi superefficaci\nsubiti dal Pokémon.
25,5,117,Scendineve,"Quando il Pokémon entra in campo, provoca\nuna nevicata."
25,5,118,Mielincetta,Il Pokémon può raccogliere del Miele alla fine\ndella lotta.
25,5,119,Indagine,"Quando il Pokémon entra in campo, rivela lo strumento\ndi un avversario."
25,5,120,Temerarietà,Aumenta la potenza delle mosse che causano\ncontraccolpo.
25,5,121,Multitipo,Cambia il tipo del Pokémon a seconda della lastra\nche ha con sé.
25,5,122,Regalfiore,"Se la luce del sole è intensa, aumenta l’Attacco\ne la Difesa Speciale del Pokémon e dei suoi alleati."
25,5,123,Sogniamari,Infligge danni agli avversari addormentati.
25,5,124,Arraffalesto,"Se il Pokémon viene colpito, ruba lo strumento\ndi chi è entrato in contatto con lui."
25,5,125,Forzabruta,"Aumenta la potenza delle mosse, ma ne annulla\ngli effetti aggiuntivi."
25,5,126,Inversione,Le modifiche alle statistiche hanno effetto inverso:\nle statistiche aumentano quando dovrebbero diminuire\ne viceversa.
25,5,127,Agitazione,Gli avversari vengono intimiditi e non possono mangiare\nbacche.
25,5,128,Agonismo,L’Attacco aumenta di molto quando le statistiche\ndiminuiscono a causa di un avversario.
25,5,129,Sconforto,"Quando i PS scendono a metà o meno, il Pokémon\nsi scoraggia e l’Attacco e l’Attacco Speciale\nvengono dimezzati."
25,5,130,Corpofunesto,"Quando il Pokémon subisce un attacco, la mossa\ndi chi lo ha attaccato può essere bloccata."
25,5,131,Curacuore,A volte cura i problemi di stato degli alleati.
25,5,132,Amicoscudo,I danni inflitti agli alleati vengono ridotti.
25,5,133,Sottilguscio,"Se il Pokémon subisce danni da mosse fisiche, la Difesa\ndiminuisce e la Velocità aumenta di molto."
25,5,134,Metalpesante,Raddoppia il peso del Pokémon.
25,5,135,Metalleggero,Dimezza il peso del Pokémon.
25,5,136,Multisquame,"Se i PS sono al massimo, riduce il danno subito."
25,5,137,Velenimpeto,"Se il Pokémon è avvelenato, la potenza delle sue mosse\nfisiche aumenta."
25,5,138,Bruciaimpeto,"Se il Pokémon è scottato, la potenza delle sue mosse\nspeciali aumenta."
25,5,139,Coglibacche,Può ricreare più volte una bacca utilizzata.
25,5,140,Telepatia,Il Pokémon prevede ed evita gli attacchi degli alleati.
25,5,141,Altalena,"A ogni turno, aumenta di molto una statistica\ne ne riduce un’altra."
25,5,142,Copricapo,"Rende immuni ai danni da tempesta di sabbia, nonché\nagli effetti di polveri e spore, inclusi quelli delle mosse\nParalizzante e Sonnifero."
25,5,143,Velentocco,Il Pokémon può avvelenare al solo contatto.
25,5,144,Rigenergia,Il Pokémon recupera un po’ di PS quando lascia\nil campo.
25,5,145,Pettinfuori,Evita che la Difesa venga ridotta.
25,5,146,Remasabbia,"Se c’è una tempesta di sabbia, la Velocità aumenta."
25,5,147,Splendicute,Il Pokémon resiste più facilmente alle mosse di stato.
25,5,148,Ponderazione,"Se il Pokémon agisce per ultimo, la potenza\ndella mossa aumenta."
25,5,149,Illusione,Il Pokémon crea un’illusione entrando in campo con\nle sembianze dell’ultimo Pokémon della propria squadra.
25,5,150,Sosia,Il Pokémon si trasforma in chi ha davanti.
25,5,151,Intrapasso,Il Pokémon attacca evitando le barriere e i sostituti.
25,5,152,Mummia,L’abilità di chi entra in contatto con il Pokémon diventa\nMummia.
25,5,153,Arroganza,"Quando causa un KO, il Pokémon si fa sicuro di sé e\naumenta il proprio Attacco."
25,5,154,Giustizia,"Quando il Pokémon subisce un attacco di tipo Buio,\nil suo forte senso di giustizia fa sì che l’Attacco aumenti."
25,5,155,Paura,"Se il Pokémon subisce un attacco di tipo Buio, Spettro\no Coleottero, oppure subisce l’effetto di Prepotenza,\nsi spaventa e la sua Velocità aumenta."
25,5,156,Magispecchio,Il Pokémon rimanda al mittente le mosse di stato senza\nsubirne gli effetti.
25,5,157,Mangiaerba,"Se il Pokémon viene colpito da una mossa di tipo Erba,\nla neutralizza e aumenta il proprio Attacco."
25,5,158,Burla,Le mosse di stato del Pokémon acquistano priorità alta.
25,5,159,Silicoforza,"Potenzia le mosse di tipo Roccia, Terra e Acciaio\ndurante le tempeste di sabbia."
25,5,160,Spineferrate,"Grazie alle sue spine di ferro, il Pokémon infligge danni\na chi entra in contatto con lui."
25,5,161,Stato Zen,Cambia la forma del Pokémon se i PS scendono\na metà o meno.
25,5,162,Vittorstella,Aumenta la precisione del Pokémon e degli alleati.
25,5,163,Piroturbina,"Quando il Pokémon attacca, ignora l’abilità del\nbersaglio se questa ha effetto sulle mosse."
25,5,164,Teravolt,"Quando il Pokémon attacca, ignora l’abilità del\nbersaglio se questa ha effetto sulle mosse."
25,5,165,Aromavelo,Protegge tutta la squadra da certi effetti che limitano\nl’uso delle mosse.
25,5,166,Fiorvelo,Rende gli alleati di tipo Erba immuni alla diminuzione\ndelle statistiche e ai problemi di stato.
25,5,167,Guancegonfie,"Quando il Pokémon mangia una bacca, recupera anche\ndei PS."
25,5,168,Mutatipo,"Ogni volta che il Pokémon entra in campo, cambia\nil suo tipo in quello della prima mossa che usa."
25,5,169,Foltopelo,Dimezza il danno subito dalle mosse fisiche.
25,5,170,Prestigiatore,"Quando chi la usa colpisce un Pokémon con una mossa,\ngli ruba lo strumento."
25,5,171,Antiproiettile,Protegge da alcune mosse a base di proiettili e bombe.
25,5,172,Tenacia,L’Attacco Speciale aumenta di molto quando le\nstatistiche diminuiscono a causa di un avversario.
25,5,173,Ferromascella,La robusta mascella del Pokémon fa sì che la potenza\ndelle mosse basate sui morsi aumenti.
25,5,174,Pellegelo,Le mosse di tipo Normale diventano di tipo Ghiaccio\ne la loro potenza aumenta un po’.
25,5,175,Dolcevelo,Rende il Pokémon e i suoi alleati immuni al sonno.
25,5,176,Accendilotta,Assume la Forma Spada se usa una mossa d’attacco\ne la Forma Scudo se usa Scudo Reale.
25,5,177,Aliraffica,"Se il Pokémon ha tutti i PS, le sue mosse di tipo Volante\nacquistano priorità alta."
25,5,178,Megalancio,"Potenzia le mosse ""pulsar""."
25,5,179,Peloderba,"In presenza di un Campo Erboso, la Difesa aumenta."
25,5,180,Simbiosi,"Se un alleato usa uno strumento, il Pokémon\ngli passa il proprio."
25,5,181,Unghiedure,Potenzia le mosse da contatto.
25,5,182,Pellefolletto,Le mosse di tipo Normale diventano di tipo Folletto\ne la loro potenza aumenta un po’.
25,5,183,Viscosità,Diminuisce la Velocità di chi entra in contatto\ncon il Pokémon.
25,5,184,Pellecielo,Le mosse di tipo Normale diventano di tipo Volante\ne la loro potenza aumenta un po’.
25,5,185,Amorefiliale,Il Pokémon e il suo piccolo possono attaccare insieme.
25,5,186,Auratetra,Potenzia le mosse di tipo Buio di tutti i Pokémon.
25,5,187,Aurafolletto,Potenzia le mosse di tipo Folletto di tutti i Pokémon.
25,5,188,Frangiaura,Inverte gli effetti delle aure riducendo la potenza\ndelle mosse associate.
25,5,189,Mare Primordiale,Crea un clima che rende inefficaci gli attacchi\ndi tipo Fuoco.
25,5,190,Terra Estrema,Crea un clima che rende inefficaci gli attacchi\ndi tipo Acqua.
25,5,191,Flusso Delta,Crea un clima che annulla i punti deboli del tipo Volante.
25,5,192,Sopportazione,"Se il Pokémon subisce un attacco, la sua Difesa aumenta."
25,5,193,Fuggifuggi,"Se i PS scendono a metà o meno, il Pokémon\nsi fa prendere dalla paura e abbandona la lotta\nin tutta fretta."
25,5,194,Passoindietro,"Se i PS scendono a metà o meno, il Pokémon\nabbandona la lotta per sfuggire al pericolo."
25,5,195,Idrorinforzo,"Se il Pokémon subisce una mossa di tipo Acqua,\nla sua Difesa aumenta di molto."
25,5,196,Spietatezza,Gli attacchi sferrati su un bersaglio avvelenato\nproducono sempre brutti colpi.
25,5,197,Scudosoglia,"Se i PS scendono a metà o meno, il guscio si rompe\ne il Pokémon si prepara all’offensiva."
25,5,198,Sorveglianza,Può infliggere il doppio dei danni a un bersaglio\nche è appena entrato in campo per sostituire\nun altro Pokémon.
25,5,199,Bolladacqua,Diminuisce la potenza delle mosse di tipo Fuoco subite\ndal Pokémon e lo rende immune alle scottature.
25,5,200,Tempracciaio,Aumenta la potenza delle mosse di tipo Acciaio.
25,5,201,Furore,"Se i PS scendono a metà o meno a causa di un attacco,\nl’Attacco Speciale aumenta."
25,5,202,Spalaneve,"Se nevica, la Velocità aumenta."
25,5,203,Distacco,Il Pokémon è in grado di usare tutte le sue mosse\nsenza entrare in contatto con il bersaglio.
25,5,204,Idrovoce,Le mosse del Pokémon basate sul suono diventano\ndi tipo Acqua.
25,5,205,Primacura,Le mosse che ripristinano i PS del Pokémon acquistano\npriorità alta.
25,5,206,Pellelettro,Le mosse di tipo Normale diventano di tipo Elettro\ne la loro potenza aumenta un po’.
25,5,207,Codasurf,"In presenza di un Campo Elettrico, la Velocità\nraddoppia."
25,5,208,Banco,"Quando ha molti PS, il Pokémon forma un banco\ncon i propri simili e si rafforza.\nQuando ne ha pochi, il banco si disperde."
25,5,209,Fantasmanto,Il panno che ricopre il Pokémon può proteggerlo\nda un singolo attacco.
25,5,210,Morfosintonia,"Se il Pokémon causa un KO, il legame con l’Allenatore\nsi rafforza, e l’Attacco, l’Attacco Speciale e la Velocità\naumentano."
25,5,211,Sciamefusione,"Se i PS del Pokémon scendono a metà o meno, le\ncellule si raggruppano e gli permettono di assumere\nla Forma Perfetta."
25,5,212,Corrosione,Il Pokémon è in grado di avvelenare il bersaglio\nanche se questo è di tipo Acciaio o Veleno.
25,5,213,Sonno Assoluto,Il Pokémon si trova in un costante stato di\ndormiveglia che gli impedisce di svegliarsi.\nPuò attaccare anche da addormentato.
25,5,214,Regalità,L’aura di regalità del Pokémon impedisce agli avversari\ndi usare mosse che hanno priorità alta contro di lui o\ni suoi alleati.
25,5,215,Espellinterno,"Se il Pokémon va KO, infligge a chi lo ha colpito\ntanti danni quanti erano i PS che gli restavano."
25,5,216,Sincrodanza,Permette al Pokémon di copiare immediatamente\nqualsiasi mossa basata sulla danza usata da un altro\nPokémon in campo.
25,5,217,Batteria,Aumenta la potenza delle mosse speciali degli alleati.
25,5,218,Morbidone,"Dimezza il danno causato dalle mosse da contatto, ma\nraddoppia quello subito dalle mosse di tipo Fuoco."
25,5,219,Corposgargiante,Il Pokémon sbalordisce gli avversari e gli impedisce\ndi usare mosse che hanno priorità alta contro di lui\no i suoi alleati.
25,5,220,Cuoreanima,Aumenta l’Attacco Speciale ogni volta che\nun Pokémon va KO.
25,5,221,Boccolidoro,Diminuisce la Velocità di chi entra in contatto\ncon il Pokémon.
25,5,222,Ricezione,Il Pokémon acquisisce l’abilità di un alleato andato KO.
25,5,223,Forza Chimica,Il Pokémon trasforma la propria abilità in quella\ndi un alleato andato KO.
25,5,224,Ultraboost,"Quando il Pokémon manda KO un altro Pokémon,\naumenta la propria statistica di punta."
25,5,225,Sistema Primevo,Il tipo del Pokémon cambia in base alla ROM installata.
25,5,226,Elettrogenesi,"Quando il Pokémon entra in campo, lo trasforma\nin un Campo Elettrico."
25,5,227,Psicogenesi,"Quando il Pokémon entra in campo, lo trasforma\nin un Campo Psichico."
25,5,228,Nebbiogenesi,"Quando il Pokémon entra in campo, lo trasforma\nin un Campo Nebbioso."
25,5,229,Erbogenesi,"Quando il Pokémon entra in campo, lo trasforma\nin un Campo Erboso."
25,5,230,Metalprotezione,Impedisce la diminuzione delle statistiche causata\nda abilità o mosse di altri Pokémon.
25,5,231,Spettroguardia,"Se i PS sono al massimo, riduce il danno subito."
25,5,232,Scudoprisma,Può ridurre la potenza degli attacchi superefficaci\nsubiti dal Pokémon.
25,5,233,Cerebroforza,Potenzia ulteriormente gli attacchi superefficaci.
25,5,234,Spada Indomita,"La prima volta che il Pokémon entra in campo,\nil suo Attacco aumenta."
25,5,235,Scudo Saldo,"La prima volta che il Pokémon entra in campo,\nla sua Difesa aumenta."
25,5,236,Libero,"Ogni volta che il Pokémon entra in campo, cambia\nil suo tipo in quello della prima mossa che usa."
25,5,237,Raccattapalle,"Se il Pokémon non ha uno strumento con sé, raccoglie\nla Poké Ball del primo tentativo di cattura fallito."
25,5,238,Lanugine,"Se il Pokémon subisce un attacco, sparge della lanugine\nche diminuisce la Velocità di tutti i Pokémon in campo\ntranne la sua."
25,5,239,Elicopinna,Permette di ignorare gli effetti di mosse e abilità\navversarie che attirano le mosse.
25,5,240,Blindospecchio,Rimanda al mittente le diminuzioni alle statistiche subite.
25,5,241,Inghiottimissile,"Quando usa Surf o Sub, il Pokémon cattura una preda.\nSe subisce dei danni, la sputa fuori per attaccare."
25,5,242,Volontà di Ferro,Permette di ignorare gli effetti di mosse e abilità\navversarie che attirano le mosse.
25,5,243,Vapormacchina,"Se il Pokémon viene colpito da una mossa di tipo Acqua\no Fuoco, la sua Velocità aumenta moltissimo."
25,5,244,Punk Rock,"Aumenta la potenza delle mosse basate sul suono.\nInoltre, dimezza i danni subiti dal Pokémon se viene\ncolpito da tali mosse."
25,5,245,Sputasabbia,"Quando il Pokémon viene colpito da un attacco,\nscatena una tempesta di sabbia."
25,5,246,Geloscaglie,"Scaglie di ghiaccio proteggono il Pokémon dalle mosse\nspeciali, dimezzandone i danni subiti."
25,5,247,Maturazione,Fa maturare le bacche raddoppiandone gli effetti.
25,5,248,Gelofaccia,"Grazie al ghiaccio sulla testa, il Pokémon può incassare\ni danni causati dagli attacchi fisici, ma cambia forma.\nTorna al suo stato originale quando nevica."
25,5,249,Fonte Energetica,Potenzia le mosse di chi si trova nelle immediate\nvicinanze.
25,5,250,Mimetismo,Il tipo del Pokémon cambia a seconda dello stato\ndel campo.
25,5,251,Annullabarriere,"Quando il Pokémon entra in campo, annulla l’effetto\ndi Schermoluce, Riflesso e Velaurora sia per gli\navversari che per gli alleati."
25,5,252,Spiritoferreo,Potenzia gli attacchi di tipo Acciaio del Pokémon\ne dei suoi alleati.
25,5,253,Ultimotocco,"Se il Pokémon viene colpito da una mossa da contatto,\ndopo tre turni va KO assieme a chi lo ha attaccato.\nSe uno dei due viene sostituito, non va KO."
25,5,254,Anima Errante,"Se il Pokémon subisce una mossa da contatto, scambia\nla sua abilità con quella di chi lo ha colpito."
25,5,255,Vigorilla,Aumenta l’Attacco ma costringe il Pokémon a usare\nsolo la prima mossa selezionata.
25,5,256,Gas Reagente,"Se in campo c’è un Pokémon con Gas Reagente,\ngli effetti delle abilità di tutti gli altri Pokémon\nvengono annullati o non si attivano."
25,5,257,Pastelvelo,Protegge il Pokémon e gli alleati dai problemi di stato\ncausati dal veleno.
25,5,258,Pancialterna,"Alla fine di ogni turno cambia forma, alternando\ntra Motivo Panciapiena e Motivo Panciavuota."
25,5,259,Colpolesto,Il Pokémon può agire prima degli altri.
25,5,260,Pugni Invisibili,"Quando il Pokémon utilizza una mossa da contatto,\ngli effetti delle mosse protettive vengono ignorati."
25,5,261,Stranofarmaco,"Quando il Pokémon entra in campo, sparge un farmaco\ndalla conchiglia che annulla le modifiche alle statistiche\ndegli alleati."
25,5,262,Transistor,Potenzia le mosse di tipo Elettro.
25,5,263,Dragomascelle,Potenzia le mosse di tipo Drago.
25,5,264,Nitrito Bianco,"Quando il Pokémon causa un KO, emette un nitrito\nagghiacciante, aumentando il proprio Attacco."
25,5,265,Nitrito Nero,"Quando il Pokémon causa un KO, emette un nitrito\nterrificante, aumentando il proprio Attacco Speciale."
25,5,266,Sintonia Equina,Il Pokémon ha una doppia abilità: Agitazione di Calyrex\ne Nitrito Bianco di Glastrier.
25,5,267,Sintonia Equina,Il Pokémon ha una doppia abilità: Agitazione di Calyrex\ne Nitrito Nero di Spectrier.
25,5,268,Odore Tenace,L’abilità di chi entra in contatto con il Pokémon diventa\nOdore Tenace.
25,5,269,Spargisemi,"Se il Pokémon subisce un attacco, il terreno entra\nnello stato di Campo Erboso."
25,5,270,Termoscambio,Impedisce al Pokémon di venire scottato e aumenta\nil suo Attacco se subisce una mossa di tipo Fuoco.
25,5,271,Iraguscio,"Se un attacco subìto porta i PS a metà o meno, la rabbia\ndel Pokémon ne riduce la Difesa e la Difesa Speciale ma\nne aumenta l’Attacco, l’Attacco Speciale e la Velocità."
25,5,272,Sale Purificante,Protegge il Pokémon dai problemi di stato e dimezza\nil danno causato dalle mosse di tipo Spettro.
25,5,273,Bentostato,"Se il Pokémon viene colpito da una mossa di tipo Fuoco,\nla neutralizza e aumenta di molto la propria Difesa."
25,5,274,Vento Propizio,"L’Attacco aumenta se vengono usate mosse come\nVentoincoda o se il Pokémon è colpito da una mossa\nbasata sul vento, che viene inoltre neutralizzata."
25,5,275,Cane da Guardia,"Il Pokémon resiste a strumenti e mosse che causano\nla sostituzione. Se subisce l’effetto di Prepotenza,\nil suo Attacco aumenta."
25,5,276,Portamassi,Aumenta la potenza delle mosse di tipo Roccia.
25,5,277,Energia Eolica,"Se il Pokémon è esposto a una mossa basata sul vento,\nsi carica di elettricità."
25,5,278,Supercambio,"Se il Pokémon lascia il campo, assume la Forma\nPossente."
25,5,279,Torre di Comando,"Quando il Pokémon entra in campo ed è presente\nun Dondozo alleato, si ficca nella bocca di quest’ultimo\ne da lì impartisce ordini."
25,5,280,Convertivolt,"Se il Pokémon subisce danni, si carica di elettricità."
25,5,281,Paleoattivazione,"Quando il Pokémon ha con sé una Capsula energetica o\nla luce solare è intensa, la sua statistica più alta aumenta."
25,5,282,Carica Quark,"Quando il Pokémon ha con sé una Capsula energetica\no è in presenza di un Campo Elettrico, la sua statistica\npiù alta aumenta."
25,5,283,Corpo Aureo,"Grazie al robusto e inossidabile corpo d’oro, il Pokémon\nè immune alle mosse di stato sferrate da altri."
25,5,284,Vaso Nefasto,L’Attacco Speciale degli altri Pokémon viene indebolito\ndal potere del vaso che richiama le disgrazie.
25,5,285,Spada Nefasta,La Difesa degli altri Pokémon viene indebolita\ndal potere della spada che richiama le disgrazie.
25,5,286,Amuleto Nefasto,L’Attacco degli altri Pokémon viene indebolito\ndal potere delle tavolette che richiamano le disgrazie.
25,5,287,Monile Nefasto,La Difesa Speciale degli altri Pokémon viene indebolita\ndal potere dei gioielli che richiamano le disgrazie.
25,5,288,Ritmo d’Oricalco,"Quando il Pokémon entra in campo, la luce solare\ndiventa intensa. Con la luce solare intensa l’Attacco\ndel Pokémon aumenta grazie al battito dell’antichità."
25,5,289,Motore Adronico,Quando il Pokémon entra in campo il terreno entra nello\nstato di Campo Elettrico. In presenza di Campo Elettrico\nl’Attacco Speciale aumenta grazie al motore del futuro.
25,5,290,Scrocco,"Quando la statistica di un avversario viene aumentata,\nil Pokémon se ne approfitta e aumenta anche la propria."
25,5,291,Ruminante,"Se il Pokémon mangia una bacca, alla fine del turno\nsuccessivo questa risale dal suo stomaco per essere\nmangiata una seconda volta."
25,5,292,Affilama,Aumenta la potenza delle mosse che tagliano\nil bersaglio.
25,5,293,Generale Supremo,"Quando il Pokémon entra in campo, il suo Attacco e\nil suo Attacco Speciale aumentano un po’ per ciascuno\ndei suoi compagni di squadra andati KO."
25,5,294,Coprotagonismo,"Quando il Pokémon entra in campo, copia le modifiche\nalle statistiche dell’alleato."
25,5,295,Mantossina,"Se il Pokémon subisce danni da mosse fisiche, piazza\nai piedi degli avversari una trappola di punte velenose."
25,5,296,Codarmatura,La misteriosa coda che avvolge la testa del Pokémon\nimpedisce agli avversari di usare mosse che hanno\npriorità alta contro di lui o i suoi alleati.
25,5,297,Mangiaterra,"Se il Pokémon viene colpito da una mossa di tipo Terra,\nrecupera PS anziché subire danni."
25,5,298,Micoforza,"Quando usa mosse di stato, il Pokémon agisce\npiù lentamente, ma ignora l’abilità del bersaglio\nse questa ha effetto su tali mosse."
25,5,299,Ospitalità,"Quando il Pokémon entra in campo ricopre di attenzioni\nl’alleato, restituendogli un po’ dei suoi PS."
25,5,300,Occhio Interiore,"Permette di colpire bersagli di tipo Spettro con mosse\ndi tipo Normale e Lotta, di ignorare modifiche alla loro\nelusione e di non veder ridotta la propria precisione."
25,5,301,Albergamemorie,"Il Pokémon riporta alla mente vecchi ricordi, facendo\nrisplendere la Maschera Turchese e aumentando\nla propria Velocità."
25,5,302,Albergamemorie,"Il Pokémon riporta alla mente vecchi ricordi, facendo\nrisplendere la Maschera Focolare e aumentando\nil proprio Attacco."
25,5,303,Albergamemorie,"Il Pokémon riporta alla mente vecchi ricordi, facendo\nrisplendere la Maschera Pozzo e aumentando la propria\nDifesa Speciale."
25,5,304,Albergamemorie,"Il Pokémon riporta alla mente vecchi ricordi, facendo\nrisplendere la Maschera Fondamenta e aumentando\nla propria Difesa."
25,5,305,Catena Tossica,"Quando il Pokémon colpisce il bersaglio con una mossa,\npuò iperavvelenarlo grazie al potere della catena intrisa\ndi tossine."
25,5,306,Sciroppo Sublime,"La prima volta che il Pokémon entra in campo, spande\nun odore dolciastro che diminuisce l’elusione\ndegli avversari."
25,5,307,Teramorfosi,"Quando il Pokémon entra in campo, assorbe l’energia\ncircostante e assume la Forma Teracristal."
25,5,308,Teraguscio,"Grazie al suo guscio che racchiude il potere di tutti i tipi,\nse il Pokémon ha tutti i PS, le mosse che subisce non\nsaranno molto efficaci."
25,5,309,Zeroformazione,"Quando assume la Forma Astrale, Terapagos azzera\ntutti gli effetti delle condizioni atmosferiche e lo stato\ndel terreno di lotta grazie al suo potere occulto."
25,5,310,Malia Tossica,I Pokémon avvelenati dalle mosse di Pecharunt\nentreranno anche in stato di confusione.
25,6,1,Hedor,Puede amedrentar a un Pokémon al atacarlo debido al\nmal olor que emana.
25,6,2,Llovizna,Hace que llueva al entrar en combate.
25,6,3,Impulso,Aumenta su Velocidad en cada turno.
25,6,4,Armadura Batalla,La robusta coraza que lo protege bloquea los golpes\ncríticos.
25,6,5,Robustez,El Pokémon no puede debilitarse de un solo golpe\ncuando tiene los PS al máximo. También evita los\nmovimientos fulminantes.
25,6,6,Humedad,"Aumenta la humedad del entorno y evita que se\npuedan utilizar movimientos explosivos, tales como\nAutodestrucción."
25,6,7,Flexibilidad,Evita ser paralizado gracias a la flexibilidad de su\ncuerpo.
25,6,8,Velo Arena,Aumenta su Evasión durante las tormentas de arena.
25,6,9,Elec. Estática,La electricidad estática que lo envuelve puede paralizar\nal Pokémon que lo ataque con un movimiento de\ncontacto.
25,6,10,Absorbe Elec,"Si lo alcanza un movimiento de tipo Eléctrico, recupera\nPS en vez de sufrir daño."
25,6,11,Absorbe Agua,"Si lo alcanza un movimiento de tipo Agua, recupera PS\nen vez de sufrir daño."
25,6,12,Despiste,"Su indiferencia evita que sea provocado, caiga presa\ndel enamoramiento o sufra los efectos de Intimidación."
25,6,13,Aclimatación,Anula todos los efectos del tiempo atmosférico.
25,6,14,Ojo Compuesto,Aumenta la precisión de sus movimientos.
25,6,15,Insomnio,Su resistencia al sueño le impide quedarse dormido.
25,6,16,Cambio Color,Adopta el tipo del último movimiento del que es\nblanco.
25,6,17,Inmunidad,Su sistema inmunitario evita el envenenamiento.
25,6,18,Absorbe Fuego,"Si lo alcanza algún movimiento de tipo Fuego, potencia\nsus propios movimientos de dicho tipo."
25,6,19,Polvo Escudo,El polvo de escamas que lo envuelve lo protege de\nlos efectos secundarios de los ataques recibidos.
25,6,20,Ritmo Propio,"Como le gusta hacer las cosas a su manera, no le afecta\nla confusión ni sufre los efectos de Intimidación."
25,6,21,Ventosas,"Sus ventosas se aferran al suelo, con lo cual anula\nmovimientos y objetos que fuercen el cambio de\nPokémon."
25,6,22,Intimidación,"Al entrar en combate, amilana al rival de tal manera\nque reduce su Ataque."
25,6,23,Sombra Trampa,Pisa la sombra del rival para impedir que huya o lo\ncambien por otro.
25,6,24,Piel Tosca,Hiere con su piel áspera al Pokémon que lo ataque con\nun movimiento de contacto.
25,6,25,Superguarda,"Gracias a un poder misterioso, solo le hacen daño los\nmovimientos supereficaces."
25,6,26,Levitación,Su capacidad de flotar sobre el suelo le proporciona\ninmunidad frente a los movimientos de tipo Tierra.
25,6,27,Efecto Espora,"Puede dormir, envenenar o paralizar al Pokémon que lo\nataque con un movimiento de contacto."
25,6,28,Sincronía,"Contagia el envenenamiento, las quemaduras o la\nparálisis al Pokémon que le cause ese estado."
25,6,29,Cuerpo Puro,Evita que se reduzcan sus características a causa de\nmovimientos o habilidades de otros Pokémon.
25,6,30,Cura Natural,Sus problemas de estado desaparecen cuando se retira\ndel combate.
25,6,31,Pararrayos,"Atrae y neutraliza los movimientos de tipo Eléctrico,\nque además le aumentan el Ataque Especial."
25,6,32,Dicha,Aumenta la probabilidad de que los movimientos\ncausen efectos secundarios.
25,6,33,Nado Rápido,Aumenta su Velocidad cuando llueve.
25,6,34,Clorofila,Aumenta su Velocidad cuando hace sol.
25,6,35,Iluminación,"Al iluminar el entorno, evita que su Precisión se reduzca."
25,6,36,Calco,Copia la habilidad del rival al entrar en combate.
25,6,37,Potencia,Duplica la potencia de sus ataques físicos.
25,6,38,Punto Tóxico,Puede envenenar al Pokémon que lo ataque con un\nmovimiento de contacto.
25,6,39,Fuerza Mental,"Gracias a su profunda concentración, no se amedrenta\nante los ataques de otros Pokémon ni sufre los efectos\nde Intimidación."
25,6,40,Escudo Magma,"Gracias al magma candente que lo envuelve, no puede\nser congelado."
25,6,41,Velo Agua,Evita las quemaduras gracias a la capa de agua que\nlo envuelve.
25,6,42,Imán,Su magnetismo atrae a los Pokémon de tipo Acero y\nles impide huir o ser cambiados por otros.
25,6,43,Insonorizar,Su aislamiento acústico lo protege de movimientos\nque usan sonido.
25,6,44,Cura Lluvia,Recupera PS de forma gradual cuando llueve.
25,6,45,Chorro Arena,Crea una tormenta de arena al entrar en combate.
25,6,46,Presión,Presiona al rival de tal manera que este consume más PP\nal usar sus movimientos.
25,6,47,Sebo,"Gracias a la gruesa capa de grasa que lo protege,\nreduce a la mitad el daño que recibe de ataques de\ntipo Fuego o Hielo."
25,6,48,Madrugar,"Si se duerme, tardará la mitad de tiempo en\ndespertarse."
25,6,49,Cuerpo Llama,Puede quemar al Pokémon que lo ataque con un\nmovimiento de contacto.
25,6,50,Fuga,Puede escapar de cualquier Pokémon salvaje.
25,6,51,Vista Lince,Su aguda vista evita que su Precisión se reduzca.
25,6,52,Corte Fuerte,Evita que otros Pokémon le reduzcan el Ataque.
25,6,53,Recogida,"Puede recoger objetos que otros Pokémon hayan usado,\no bien aquellos que encuentre en plena aventura."
25,6,54,Pereza,"Al ejecutar un movimiento, descansará en el turno\nsiguiente."
25,6,55,Entusiasmo,"Aumenta su Ataque, pero reduce su Precisión."
25,6,56,Gran Encanto,Puede causar enamoramiento al Pokémon que lo ataque\ncon un movimiento de contacto.
25,6,57,Más,Aumenta su Ataque Especial si un Pokémon aliado tiene\nla habilidad Más o la habilidad Menos.
25,6,58,Menos,Aumenta su Ataque Especial si un Pokémon aliado tiene\nla habilidad Más o la habilidad Menos.
25,6,59,Predicción,"Cambia a tipo Agua, Fuego o Hielo en función del\ntiempo atmosférico."
25,6,60,Viscosidad,"Los objetos se quedan pegados a su cuerpo, por lo que\nno pueden robárselos."
25,6,61,Mudar,Puede curar sus problemas de estado al mudar la piel.
25,6,62,Agallas,"Si sufre un problema de estado, se arma de valor y\naumenta su Ataque."
25,6,63,Escama Especial,"Si sufre un problema de estado, sus escamas especiales\nreaccionan y aumenta su Defensa."
25,6,64,Viscosecreción,Exuda una secreción viscosa y tóxica de intenso hedor\nque hiere a quienes intentan drenarle PS.
25,6,65,Espesura,Potencia sus movimientos de tipo Planta cuando le\nquedan pocos PS.
25,6,66,Mar Llamas,Potencia sus movimientos de tipo Fuego cuando le\nquedan pocos PS.
25,6,67,Torrente,Potencia sus movimientos de tipo Agua cuando le\nquedan pocos PS.
25,6,68,Enjambre,Potencia sus movimientos de tipo Bicho cuando le\nquedan pocos PS.
25,6,69,Cabeza Roca,No pierde PS al usar movimientos que también hieren\nal usuario.
25,6,70,Sequía,El tiempo pasa a ser soleado al entrar en combate.
25,6,71,Trampa Arena,Evita que el rival huya o sea cambiado por otro.
25,6,72,Espíritu Vital,Su determinación le impide quedarse dormido.
25,6,73,Humo Blanco,El humo blanco que lo protege evita que otros Pokémon\nle reduzcan las características.
25,6,74,Energía Pura,Duplica la potencia de sus ataques físicos gracias al\nyoga.
25,6,75,Caparazón,La robusta coraza que lo protege bloquea los golpes\ncríticos.
25,6,76,Esclusa de Aire,Neutraliza todos los efectos del tiempo atmosférico.
25,6,77,Tumbos,Aumenta su Evasión si está confuso.
25,6,78,Electromotor,"Si lo alcanza un movimiento de tipo Eléctrico, aumenta\nsu Velocidad en vez de sufrir daño."
25,6,79,Rivalidad,"Si el objetivo es del mismo sexo, su competitividad le\nlleva a infligir más daño. Si es del sexo contrario, en\ncambio, el daño será menor."
25,6,80,Impasible,"Cada vez que se amedrenta, aumenta su Velocidad\ndebido a su voluntad inquebrantable."
25,6,81,Manto Níveo,Aumenta su Evasión cuando nieva.
25,6,82,Gula,"Cuando sus PS se ven reducidos a la mitad, engulle\nla baya que normalmente solo se comería cuando le\nquedasen pocos PS."
25,6,83,Irascible,"Si recibe un golpe crítico, monta en cólera y su Ataque\naumenta al máximo."
25,6,84,Liviano,Aumenta su Velocidad si usa o pierde el objeto que\nlleva.
25,6,85,Ignífugo,"Su cuerpo, resistente al calor, reduce a la mitad el daño\nrecibido por movimientos de tipo Fuego."
25,6,86,Simple,Duplica los cambios en las características.
25,6,87,Piel Seca,"Pierde PS si hace sol y los recupera si llueve o recibe\nun movimiento de tipo Agua. Los movimientos de tipo\nFuego, por su parte, le hacen más daño de lo normal."
25,6,88,Descarga,Compara la Defensa y la Defensa Especial del rival\npara ver cuál es inferior y aumenta su propio Ataque\no Ataque Especial según sea lo más eficaz.
25,6,89,Puño Férreo,Aumenta la potencia de los movimientos con los puños.
25,6,90,Antídoto,"Si resulta envenenado, recupera PS en vez de perderlos."
25,6,91,Adaptable,Potencia aún más los movimientos cuyo tipo coincida\ncon el suyo.
25,6,92,Encadenado,Ejecuta siempre los movimientos de ataque múltiple con\nel número máximo de golpes.
25,6,93,Hidratación,Cura los problemas de estado si está lloviendo.
25,6,94,Poder Solar,"Si hace sol, aumenta su Ataque Especial, pero pierde PS\nen cada turno."
25,6,95,Pies Rápidos,Aumenta su Velocidad si sufre problemas de estado.
25,6,96,Normalidad,Hace que todos sus movimientos se vuelvan de tipo\nNormal y aumenta ligeramente su potencia.
25,6,97,Francotirador,Potencia los golpes críticos que asesta aún más de lo\nnormal.
25,6,98,Muro Mágico,Solo recibe daño de ataques.
25,6,99,Indefenso,"Al quedar ambos expuestos, tanto sus movimientos\ncomo los del Pokémon que lo ataque acertarán siempre."
25,6,100,Rezagado,Ejecuta su movimiento tras todos los demás.
25,6,101,Experto,Aumenta la potencia de sus movimientos débiles.
25,6,102,Defensa Hoja,Evita los problemas de estado si hace sol.
25,6,103,Zoquete,No puede usar objetos equipados.
25,6,104,Rompemoldes,Sus movimientos no se ven afectados por la habilidad\ndel objetivo.
25,6,105,Afortunado,Su buena suerte aumenta la probabilidad de asestar\ngolpes críticos.
25,6,106,Detonación,Daña al Pokémon que le ha dado el golpe de gracia con\nun movimiento de contacto.
25,6,107,Anticipación,Prevé los movimientos peligrosos del rival.
25,6,108,Alerta,Revela uno de los movimientos del rival al entrar\nen combate.
25,6,109,Ignorante,Pasa por alto los cambios en las características de un\nPokémon al atacarlo o recibir daño.
25,6,110,Cromolente,"Potencia los movimientos que no son muy eficaces, que\ninfligen ahora un daño normal."
25,6,111,Filtro,Mitiga el daño que le infligen los movimientos\nsupereficaces.
25,6,112,Inicio Lento,Reduce a la mitad su Ataque y su Velocidad durante\ncinco turnos.
25,6,113,Intrépido,"Alcanza a Pokémon de tipo Fantasma con movimientos\nde tipo Normal o Lucha. Además, no sufre los efectos de\nIntimidación."
25,6,114,Colector,"Atrae y neutraliza los movimientos de tipo Agua, que\nademás le aumentan el Ataque Especial."
25,6,115,Gélido,Recupera PS de forma gradual cuando nieva.
25,6,116,Roca Sólida,Mitiga el daño que le infligen los movimientos\nsupereficaces.
25,6,117,Nevada,Invoca una nevada al entrar en combate.
25,6,118,Recogemiel,Puede que encuentre Miel una vez concluido el\ncombate.
25,6,119,Cacheo,Puede ver el objeto que lleva el rival al entrar en\ncombate.
25,6,120,Audaz,Potencia los movimientos que también dañan al usuario.
25,6,121,Multitipo,Cambia su tipo al de la tabla que lleve.
25,6,122,Don Floral,"Si hace sol, aumenta su Ataque y su Defensa Especial,\nasí como los de sus aliados."
25,6,123,Mal Sueño,Inflige daño a cualquier rival que esté dormido.
25,6,124,Hurto,Roba el objeto del Pokémon que lo ataque con un\nmovimiento de contacto.
25,6,125,Potencia Bruta,"Aumenta la potencia de sus movimientos en detrimento\nde los efectos secundarios, que se ven anulados."
25,6,126,Respondón,Invierte los cambios en las características: bajan\ncuando les toca subir y suben cuando les toca bajar.
25,6,127,Nerviosismo,Pone nervioso al rival y le impide comer bayas.
25,6,128,Competitivo,Aumenta mucho su Ataque cuando el rival le reduce\ncualquiera de sus características.
25,6,129,Flaqueza,"Cuando sus PS se ven reducidos a la mitad, se cansa\ntanto que su Ataque y su Ataque Especial también se\nven reducidos a la mitad."
25,6,130,Cuerpo Maldito,Puede anular el movimiento usado en su contra.
25,6,131,Alma Cura,A veces cura los problemas de estado de un aliado.
25,6,132,Compiescolta,Reduce el daño que sufren los aliados.
25,6,133,Armadura Frágil,"Al recibir daño de un ataque físico, se reduce su\nDefensa, pero aumenta mucho su Velocidad."
25,6,134,Metal Pesado,Duplica su peso.
25,6,135,Metal Liviano,Reduce a la mitad su peso.
25,6,136,Multiescamas,Reduce el daño que sufre si sus PS están al máximo.
25,6,137,Ímpetu Tóxico,Aumenta la potencia de sus ataques físicos cuando\nestá envenenado.
25,6,138,Ímpetu Ardiente,Aumenta la potencia de sus ataques especiales cuando\nsufre quemaduras.
25,6,139,Cosecha,Puede reutilizar varias veces una misma baya.
25,6,140,Telepatía,Elude los ataques de los aliados durante el combate.
25,6,141,Veleta,"Aumenta mucho una característica en cada turno, pero\nreduce otra."
25,6,142,Funda,No recibe daño de las tormentas de arena ni sufre los\nefectos causados por polvos o esporas.
25,6,143,Toque Tóxico,Puede envenenar al Pokémon al que ataque con un\nmovimiento de contacto.
25,6,144,Regeneración,Recupera unos pocos PS cuando se retira del combate.
25,6,145,Sacapecho,Impide que otros Pokémon le reduzcan la Defensa.
25,6,146,Ímpetu Arena,Aumenta su Velocidad durante las tormentas de arena.
25,6,147,Piel Milagro,Presenta una mayor resistencia ante los movimientos de\nestado.
25,6,148,Cálculo Final,Aumenta la potencia de su movimiento si es el último\nen atacar.
25,6,149,Ilusión,Adopta el aspecto del último Pokémon del equipo al\nentrar en combate para desconcertar al rival.
25,6,150,Impostor,Se transforma en el Pokémon que tiene enfrente.
25,6,151,Allanamiento,Ataca sorteando las barreras o el sustituto del objetivo.
25,6,152,Momia,Contagia la habilidad Momia al Pokémon que lo ataque\ncon un movimiento de contacto.
25,6,153,Autoestima,"Al debilitar a un objetivo, su confianza se refuerza\nde tal manera que aumenta su Ataque."
25,6,154,Justiciero,"Si lo alcanza un movimiento de tipo Siniestro, aumenta\nel Ataque debido a su integridad."
25,6,155,Cobardía,"Si lo alcanza un ataque de tipo Siniestro, Bicho o\nFantasma, o si sufre los efectos de Intimidación,\nel miedo hace que aumente su Velocidad."
25,6,156,Espejo Mágico,Puede devolver los movimientos de estado sin verse\nafectado por ellos.
25,6,157,Herbívoro,"Si lo alcanza un movimiento de tipo Planta, aumenta\nsu Ataque en vez de sufrir daño."
25,6,158,Bromista,Sus movimientos de estado tienen prioridad alta.
25,6,159,Poder Arena,"Potencia los movimientos de tipo Tierra, Acero y Roca\ndurante las tormentas de arena."
25,6,160,Punta Acero,Inflige daño con sus púas de acero al Pokémon que lo\nataque con un movimiento de contacto.
25,6,161,Modo Daruma,Cambia de forma si sus PS se ven reducidos a la mitad\no menos.
25,6,162,Tinovictoria,Aumenta su Precisión y la de sus aliados.
25,6,163,Turbollama,Sus movimientos no se ven afectados por la habilidad\ndel objetivo.
25,6,164,Terravoltaje,Sus movimientos no se ven afectados por la habilidad\ndel objetivo.
25,6,165,Velo Aroma,Se protege a sí mismo y a sus aliados de efectos que\nimpiden usar movimientos.
25,6,166,Velo Flor,Evita que los Pokémon de tipo Planta aliados sufran\nproblemas de estado o que les reduzcan sus\ncaracterísticas.
25,6,167,Carrillo,Recupera PS al comer cualquier baya.
25,6,168,Mutatipo,"Al entrar en combate, cambia su tipo al del primer\nmovimiento que va a usar."
25,6,169,Pelaje Recio,Reduce a la mitad el daño que recibe de ataques\nfísicos.
25,6,170,Prestidigitador,Roba el objeto del Pokémon al que alcance con un\nmovimiento.
25,6,171,Antibalas,No le afectan las bombas ni algunos proyectiles.
25,6,172,Tenacidad,Aumenta mucho su Ataque Especial cuando el rival\nle reduce cualquiera de sus características.
25,6,173,Mandíbula Fuerte,Su robusta mandíbula le confiere una mordedura\nmucho más potente.
25,6,174,Piel Helada,Convierte los movimientos de tipo Normal en tipo\nHielo y aumenta ligeramente su potencia.
25,6,175,Velo Dulce,No cae dormido y evita también que sus aliados se\nduerman.
25,6,176,Cambio Táctico,"Adopta la Forma Filo al lanzar un ataque, o bien la\nForma Escudo si usa el movimiento Escudo Real."
25,6,177,Alas Vendaval,Da prioridad a los movimientos de tipo Volador si sus\nPS están al máximo.
25,6,178,Megadisparador,Aumenta la potencia de algunos movimientos de pulsos\ny auras.
25,6,179,Manto Frondoso,Aumenta su Defensa si hay un campo de hierba en el\nterreno de combate.
25,6,180,Simbiosis,Pasa su objeto a un aliado cuando este use el suyo.
25,6,181,Garra Dura,Aumenta la potencia de los movimientos de contacto.
25,6,182,Piel Feérica,Convierte los movimientos de tipo Normal en tipo Hada\ny aumenta ligeramente su potencia.
25,6,183,Baba,Reduce la Velocidad del Pokémon que lo ataque con\nun movimiento de contacto.
25,6,184,Piel Celeste,Convierte los movimientos de tipo Normal en tipo\nVolador y aumenta ligeramente su potencia.
25,6,185,Amor Filial,Une fuerzas con su cría y ataca dos veces.
25,6,186,Aura Oscura,Aumenta la potencia de los movimientos de tipo\nSiniestro de todos los Pokémon.
25,6,187,Aura Feérica,Aumenta la potencia de los movimientos de tipo Hada\nde todos los Pokémon.
25,6,188,Rompeaura,"Invierte los efectos de las habilidades de auras, por lo\nque reduce la potencia de ciertos movimientos en vez\nde aumentarla."
25,6,189,Mar del Albor,Altera el clima para anular los ataques de tipo Fuego.
25,6,190,Tierra del Ocaso,Altera el clima para anular los ataques de tipo Agua.
25,6,191,Ráfaga Delta,Altera el clima para anular las vulnerabilidades del tipo\nVolador.
25,6,192,Firmeza,Aumenta su Defensa al recibir un ataque.
25,6,193,Huida,Se asusta y abandona el terreno de combate cuando\nsus PS se ven reducidos a la mitad.
25,6,194,Retirada,Abandona el terreno de combate cuando sus PS se ven\nreducidos a la mitad para evitar males mayores.
25,6,195,Hidrorrefuerzo,Aumenta mucho su Defensa si lo alcanza un movimiento\nde tipo Agua.
25,6,196,Ensañamiento,Hace que sus movimientos asesten siempre un golpe\ncrítico si el objetivo está envenenado.
25,6,197,Escudo Limitado,Rompe su coraza cuando sus PS se ven reducidos a\nla mitad y adopta una forma ofensiva.
25,6,198,Vigilante,"Si el objetivo de su ataque es sustituido por otro,\nduplica el daño que infligirá."
25,6,199,Pompa,Reduce el daño que le provocan los movimientos de\ntipo Fuego y es inmune a las quemaduras.
25,6,200,Acero Templado,Potencia los movimientos de tipo Acero.
25,6,201,Cólera,Aumenta su Ataque Especial si sus PS se ven reducidos\na la mitad debido a algún ataque.
25,6,202,Quitanieves,Aumenta su Velocidad cuando nieva.
25,6,203,Remoto,Puede usar cualquier movimiento sin entrar en contacto\ncon su objetivo.
25,6,204,Voz Fluida,Hace que todos sus movimientos que usan sonido pasen\na ser de tipo Agua.
25,6,205,Primer Auxilio,Da prioridad a los movimientos que restauran PS.
25,6,206,Piel Eléctrica,Convierte los movimientos de tipo Normal en tipo\nEléctrico y aumenta ligeramente su potencia.
25,6,207,Cola Surf,Duplica su Velocidad si hay un campo eléctrico en el\nterreno de combate.
25,6,208,Banco,"Forma bancos con sus congéneres cuando tiene muchos\nPS, lo cual le otorga más fuerza. Cuando le quedan\npocos PS, el banco se dispersa."
25,6,209,Disfraz,Puede eludir un ataque valiéndose de la tela que le\ncubre el cuerpo una vez por combate.
25,6,210,Fuerte Afecto,"Al derrotar a un Pokémon, los vínculos con su Entrenador\nse refuerzan y aumentan su Ataque, su Ataque Especial y\nsu Velocidad."
25,6,211,Agrupamiento,"Cuando sus PS se ven reducidos a la mitad, las células\nse reagrupan y adopta su Forma Completa."
25,6,212,Corrosión,Puede envenenar incluso a Pokémon de tipo Acero o\nVeneno.
25,6,213,Letargo Perenne,No despierta jamás de su profundo letargo e incluso\nataca dormido.
25,6,214,Regia Presencia,Intimida al rival y le impide usar movimientos con\nprioridad contra él y sus aliados.
25,6,215,Revés,"Al caer debilitado, inflige al atacante un daño\nequivalente a los PS que le quedaran antes de\nrecibir el golpe de gracia."
25,6,216,Pareja de Baile,Puede copiar inmediatamente cualquier movimiento\nde baile que haya usado otro Pokémon presente en\nel combate.
25,6,217,Batería,Potencia los ataques especiales de los aliados.
25,6,218,Peluche,"Reduce a la mitad el daño recibido por los movimientos\nde contacto, pero duplica el que le infligen los de tipo\nFuego."
25,6,219,Cuerpo Vívido,Desconcierta al rival y le impide usar movimientos\ncon prioridad contra él y sus aliados.
25,6,220,Coránima,Aumenta su Ataque Especial cada vez que un Pokémon\ncae debilitado.
25,6,221,Rizos Rebeldes,Reduce la Velocidad del Pokémon que lo ataque con\nun movimiento de contacto.
25,6,222,Receptor,Adquiere la habilidad de un aliado debilitado.
25,6,223,Reacción Química,Reacciona copiando la habilidad de un aliado\ndebilitado.
25,6,224,Ultraimpulso,"Al derrotar a un Pokémon, aumenta su característica más\nfuerte."
25,6,225,Sistema Alfa,Cambia su tipo según el disco que lleve instalado.
25,6,226,Electrogénesis,Crea un campo eléctrico al entrar en combate.
25,6,227,Psicogénesis,Crea un campo psíquico al entrar en combate.
25,6,228,Nebulogénesis,Crea un campo de niebla al entrar en combate.
25,6,229,Herbogénesis,Crea un campo de hierba al entrar en combate.
25,6,230,Guardia Metálica,Evita que se reduzcan sus características a causa de\nmovimientos o habilidades de otros Pokémon.
25,6,231,Guardia Espectro,Reduce el daño que sufre si sus PS están al máximo.
25,6,232,Armadura Prisma,Mitiga el daño que le infligen los movimientos\nsupereficaces.
25,6,233,Fuerza Cerebral,Potencia los ataques supereficaces.
25,6,234,Espada Indómita,Aumenta su Ataque al entrar en combate por primera\nvez.
25,6,235,Escudo Recio,Aumenta su Defensa al entrar en combate por primera\nvez.
25,6,236,Líbero,"Al entrar en combate, cambia su tipo al del primer\nmovimiento que va a usar."
25,6,237,Recogebolas,"Si no lleva equipado ningún objeto, recupera la\nPoké Ball del primer intento de captura fallido."
25,6,238,Pelusa,"Al ser alcanzado por un ataque, suelta una pelusa de\nalgodón que reduce la Velocidad de todos los demás\nPokémon."
25,6,239,Hélice Caudal,Ignora los efectos de las habilidades o los movimientos\nque permiten a un Pokémon centrar la atención sobre sí.
25,6,240,Coraza Reflejo,Refleja los efectos que reducen las características.
25,6,241,Tragamisil,"Tras usar Surf o Buceo, emerge con una presa en la\nboca. Al recibir daño, ataca escupiéndola."
25,6,242,Acérrimo,Ignora los efectos de las habilidades o los movimientos\nque permiten a un Pokémon centrar la atención sobre sí.
25,6,243,Combustible,"Si lo alcanza un movimiento de tipo Fuego o Agua,\naumenta muchísimo su Velocidad."
25,6,244,Punk Rock,Potencia los movimientos que usan sonido y reduce\na la mitad el daño que le infligen dichos movimientos.
25,6,245,Expulsarena,Provoca una tormenta de arena al recibir un ataque.
25,6,246,Escama de Hielo,Las gélidas escamas que protegen su cuerpo reducen a\nla mitad el daño que le infligen los ataques especiales.
25,6,247,Maduración,"Hace madurar las bayas, por lo que duplica sus efectos."
25,6,248,Cara de Hielo,"Absorbe el daño de un ataque físico con el hielo de\nla cabeza, tras lo cual cambia de forma. El hielo se\nregenerará la próxima vez que nieve."
25,6,249,Fuente Energía,Potencia los movimientos de los Pokémon adyacentes.
25,6,250,Mimetismo,Cambia su tipo según el campo que haya en el terreno\nde combate.
25,6,251,Antibarrera,"Anula los efectos de Pantalla de Luz, Reflejo y Velo\nAurora tanto de rivales como de aliados al entrar en\ncombate."
25,6,252,Alma Acerada,Potencia los movimientos de tipo Acero del Pokémon\ny sus aliados.
25,6,253,Cuerpo Mortal,"Si lo alcanza un movimiento de contacto, se debilitará\nal cabo de 3 turnos, así como el atacante, a menos que\nabandonen el terreno de combate."
25,6,254,Alma Errante,"Si lo alcanza un movimiento de contacto, intercambia\nsu habilidad con la del atacante."
25,6,255,Monotema,"Aumenta su Ataque, pero solo puede usar el primer\nmovimiento escogido."
25,6,256,Gas Reactivo,Anula los efectos de las habilidades de los demás\nPokémon presentes mientras esté en el terreno de\ncombate.
25,6,257,Velo Pastel,Se protege a sí mismo y a sus aliados del\nenvenenamiento.
25,6,258,Mutapetito,Alterna entre su Forma Saciada y Forma Voraz al final\nde cada turno.
25,6,259,Mano Rápida,"A veces, puede atacar el primero."
25,6,260,Puño Invisible,"Si usa un movimiento de contacto, puede infligir daño\nal objetivo aunque este se proteja."
25,6,261,Medicina Extraña,"Al entrar en combate, rezuma una substancia medicinal\npor la caracola que revierte los cambios en las\ncaracterísticas de los aliados."
25,6,262,Transistor,Potencia los movimientos de tipo Eléctrico.
25,6,263,Mandíbula Dragón,Potencia los movimientos de tipo Dragón.
25,6,264,Relincho Blanco,"Al derrotar a un objetivo, emite un relincho gélido y\naumenta su Ataque."
25,6,265,Relincho Negro,"Al derrotar a un objetivo, emite un relincho aterrador y\naumenta su Ataque Especial."
25,6,266,Unidad Ecuestre,El Pokémon tiene dos habilidades: Relincho Blanco de\nGlastrier y Nerviosismo de Calyrex.
25,6,267,Unidad Ecuestre,El Pokémon tiene dos habilidades: Relincho Negro de\nSpectrier y Nerviosismo de Calyrex.
25,6,268,Olor Persistente,Contagia la habilidad Olor Persistente al Pokémon que\nlo ataque con un movimiento de contacto.
25,6,269,Disemillar,Crea un campo de hierba al recibir un ataque.
25,6,270,Termoconversión,"Evita las quemaduras y, si lo alcanza un movimiento de\ntipo Fuego, aumenta su Ataque."
25,6,271,Coraza Ira,"Cuando un ataque reduce sus PS a la mitad, un arrebato\nde cólera reduce su Defensa y su Defensa Especial, pero\naumenta su Ataque, su Ataque Especial y su Velocidad."
25,6,272,Sal Purificadora,Su sal pura lo protege de los problemas de estado\ny reduce a la mitad el daño que recibe de ataques\nde tipo Fantasma.
25,6,273,Cuerpo Horneado,"Si lo alcanza un movimiento de tipo Fuego, aumenta\nmucho su Defensa en vez de sufrir daño."
25,6,274,Surcavientos,"Si sopla un Viento Afín o lo alcanza un movimiento\nque usa viento, aumenta su Ataque. Tampoco recibe\ndaño de este último."
25,6,275,Perro Guardián,Aumenta su Ataque si sufre los efectos de Intimidación.\nTambién anula movimientos y objetos que fuercen\nel cambio de Pokémon.
25,6,276,Transportarrocas,Potencia los movimientos de tipo Roca.
25,6,277,Energía Eólica,"Su cuerpo se carga de electricidad si lo alcanza\nun movimiento que usa viento, lo que potencia su\nsiguiente movimiento de tipo Eléctrico."
25,6,278,Cambio Heroico,Adopta la Forma Heroica cuando se retira del combate.
25,6,279,Comandar,"Si al entrar en combate coincide con un Dondozo aliado,\nse cuela en el interior de su boca para tomar el control."
25,6,280,Dinamo,"Su cuerpo se carga de electricidad al recibir daño, lo\nque potencia su siguiente movimiento de tipo Eléctrico."
25,6,281,Paleosíntesis,"Si hace sol o lleva un tanque de Energía Potenciadora,\naumenta su característica más alta."
25,6,282,Carga Cuark,"Si hay un campo eléctrico en el terreno de combate\no lleva un tanque de Energía Potenciadora, aumenta\nsu característica más alta."
25,6,283,Cuerpo Áureo,Su robusto cuerpo de oro inoxidable lo hace inmune\nfrente a movimientos de estado de otros Pokémon.
25,6,284,Caldero Debacle,Reduce el Ataque Especial de todos los demás Pokémon\ncon el poder de su caldero maldito.
25,6,285,Espada Debacle,Reduce la Defensa de todos los demás Pokémon con el\npoder de su espada maldita.
25,6,286,Tablilla Debacle,Reduce el Ataque de todos los demás Pokémon con el\npoder de sus tablillas malditas.
25,6,287,Abalorio Debacle,Reduce la Defensa Especial de todos los demás\nPokémon con el poder de sus abalorios malditos.
25,6,288,Latido Oricalco,"El tiempo pasa a ser soleado cuando entra en combate.\nSi hace mucho sol, su Ataque aumenta gracias a su\npulso primigenio."
25,6,289,Motor Hadrónico,"Crea un campo eléctrico al entrar en combate.\nSi hay un campo eléctrico, su Ataque Especial\naumenta gracias a su motor futurista."
25,6,290,Oportunista,"Copia las mejoras en las características del rival,\naprovechándose de la situación."
25,6,291,Rumia,"Cuando ingiere una baya, la regurgita al final del\nsiguiente turno y se la come por segunda vez."
25,6,292,Cortante,Aumenta la potencia de los movimientos cortantes.
25,6,293,General Supremo,"Al entrar en combate, su Ataque y su Ataque Especial\naumentan un poco por cada miembro del equipo que\nhaya sido derrotado hasta el momento."
25,6,294,Unísono,"Al entrar en combate, copia los cambios en\nlas características de su aliado."
25,6,295,Capa Tóxica,"Al recibir daño de un ataque físico, lanza una trampa\nde púas tóxicas a los pies del rival."
25,6,296,Cola Armadura,La extraña cola que le envuelve la cabeza impide\nal rival usar movimientos con prioridad contra él\ny sus aliados.
25,6,297,Geofagia,"Si lo alcanza un movimiento de tipo Tierra, recupera\nPS en vez de sufrir daño."
25,6,298,Poder Fúngico,"El Pokémon siempre actúa con lentitud cuando usa\nmovimientos de estado, pero estos no se ven afectados\npor la habilidad del objetivo."
25,6,299,Hospitalidad,"Al entrar en combate, restaura algunos PS de su aliado\ncomo muestra de hospitalidad."
25,6,300,Ojo Mental,Alcanza a Pokémon de tipo Fantasma con movimientos\nde tipo Normal o Lucha. Su Precisión no se puede\nreducir e ignora los cambios en la Evasión del objetivo.
25,6,301,Evocarrecuerdos,"Al evocar viejos recuerdos, el Pokémon hace brillar\nla Máscara Turquesa y aumenta su Velocidad."
25,6,302,Evocarrecuerdos,"Al evocar viejos recuerdos, el Pokémon hace brillar\nla Máscara Horno y aumenta su Ataque."
25,6,303,Evocarrecuerdos,"Al evocar viejos recuerdos, el Pokémon hace brillar\nla Máscara Fuente y aumenta su Defensa Especial."
25,6,304,Evocarrecuerdos,"Al evocar viejos recuerdos, el Pokémon hace brillar\nla Máscara Cimiento y aumenta su Defensa."
25,6,305,Cadena Tóxica,"Gracias al poder de su cadena impregnada de toxinas,\npuede envenenar gravemente al Pokémon al que ataque."
25,6,306,Néctar Dulce,"Al entrar en combate por primera vez, esparce un aroma\ndulzón a néctar que reduce la Evasión del rival."
25,6,307,Teracambio,"Al entrar en combate, adopta la Forma Teracristal tras\nabsorber la energía de su alrededor."
25,6,308,Teracaparazón,"Su caparazón encierra energía de todos los tipos.\nGracias a ello, si sus PS están al máximo, el movimiento\nque lo alcance no será muy eficaz."
25,6,309,Teraformación 0,"Cuando Terapagos adopta la Forma Astral, anula todos\nlos efectos del tiempo atmosférico y de los campos que\nhaya en el terreno gracias a su poder oculto."
25,6,310,Títere Tóxico,Los rivales que Pecharunt envenene con sus movimientos\ntambién sufrirán confusión.
25,7,1,악취,악취를 풍겨서\n공격했을 때 상대가\n풀죽을 때가 있다.
25,7,2,잔비,등장했을 때\n날씨를 비로 만든다.
25,7,3,가속,매 턴 스피드가 올라간다.
25,7,4,전투무장,단단한 껍질에 보호받아\n상대의 공격이\n급소에 맞지 않는다.
25,7,5,옹골참,HP가 꽉 찼을 때\n기술을 받아도 일격에 쓰러지지 않는다.\n일격필살 기술의 효과도 받지 않는다.
25,7,6,습기,주변을 습하게 함으로써\n자폭 등 폭발하는 기술을\n아무도 못 쓰게 한다.
25,7,7,유연,유연한 몸으로 인해\n마비 상태가 되지 않는다.
25,7,8,모래숨기,모래바람일 때\n회피율이 올라간다.
25,7,9,정전기,정전기를 몸에 둘러\n자신에게 접촉한 상대를\n마비시킬 때가 있다.
25,7,10,축전,전기타입의 기술로 공격받으면\n데미지를 받지 않고 회복한다.
25,7,11,저수,물타입의 기술로 공격받으면\n데미지를 받지 않고 회복한다.
25,7,12,둔감,둔감해서 헤롱헤롱이나\n도발 상태가 되지 않는다.\n위협을 당해도 동요하지 않는다.
25,7,13,날씨부정,모든 날씨의 영향이\n없어진다.
25,7,14,복안,복안을 가지고 있어\n기술의 명중률이 올라간다.
25,7,15,불면,잠들지 못하는 체질이라\n잠듦 상태가 되지 않는다.
25,7,16,변색,상대에게 받은 기술의 타입으로\n자신의 타입이 변화한다.
25,7,17,면역,체내에 면역을 가지고 있어\n독 상태가 되지 않는다.
25,7,18,타오르는불꽃,불꽃타입의 기술로 공격받으면\n불꽃을 받아서 자신이 사용하는\n불꽃타입의 기술이 강해진다.
25,7,19,인분,인분에 보호받아\n기술의 추가 효과를 받지 않게 된다.
25,7,20,마이페이스,마이페이스라서\n혼란 상태가 되지 않는다.\n위협을 당해도 동요하지 않는다.
25,7,21,흡반,흡반으로 지면에 달라붙어\n포켓몬을 교체시키는 기술이나\n도구의 효과를 발휘하지 못하게 한다.
25,7,22,위협,등장했을 때 위협해서\n상대를 위축시켜\n상대의 공격을 떨어뜨린다.
25,7,23,그림자밟기,상대의 그림자를 밟아\n도망치거나 교체할 수 없게 한다.
25,7,24,까칠한피부,공격을 받았을 때\n자신에게 접촉한 상대를\n까칠까칠한 피부로 상처를 입힌다.
25,7,25,불가사의부적,효과가 굉장한 기술만\n맞는 불가사의한 힘.
25,7,26,부유,땅에서 뜨는 성질 때문에\n땅타입의 기술로 공격받지 않는다.
25,7,27,포자,"공격으로 자신에게 접촉한 상대를\n독이나 마비, 잠듦 상태로\n만들 때가 있다."
25,7,28,싱크로,"자신이 걸린\n독이나 마비, 화상을\n상대에게 옮긴다."
25,7,29,클리어바디,상대 기술이나 특성으로\n능력이 떨어지지 않는다.
25,7,30,자연회복,지닌 포켓몬으로 돌아오면\n상태 이상이 회복된다.
25,7,31,피뢰침,전기타입의 기술을 자신에게\n끌어모아 데미지를 받지 않고\n특수공격을 올린다.
25,7,32,하늘의은총,하늘의 은총 덕분에\n기술의 추가 효과가 나오기 쉽다.
25,7,33,쓱쓱,비가 오는 날씨일 때\n스피드가 올라간다.
25,7,34,엽록소,날씨가 맑을 때\n스피드가 올라간다.
25,7,35,발광,주변을 밝게 하여\n명중률이 떨어지지 않는다.
25,7,36,트레이스,등장했을 때\n상대의 특성을 트레이스해서\n같은 특성이 된다.
25,7,37,천하장사,물리공격의\n위력이 2배가 된다.
25,7,38,독가시,자신에게 접촉한 상대를\n독 상태로 만들 때가 있다.
25,7,39,정신력,단련한 정신 덕분에\n상대의 공격에 풀죽지 않는다.\n위협을 당해도 동요하지 않는다.
25,7,40,마그마의무장,뜨거운 마그마를 몸에 둘러서\n얼음 상태가 되지 않는다.
25,7,41,수의베일,물의 베일을 몸에 둘러서\n화상 상태가 되지 않는다.
25,7,42,자력,강철타입의 포켓몬을\n자력으로 끌어모아\n도망칠 수 없게 한다.
25,7,43,방음,소리를 차단하여\n소리 기술의 영향을 받지 않는다.
25,7,44,젖은접시,비가 오는 날씨일 때\n조금씩 HP를 회복한다.
25,7,45,모래날림,등장했을 때\n날씨를 모래바람으로 만든다.
25,7,46,프레셔,프레셔를 줘서\n상대가 쓰는 기술의 PP를\n많이 줄인다.
25,7,47,두꺼운지방,두꺼운 지방으로 보호되고 있어\n불꽃타입과 얼음타입의\n기술의 데미지를 반감시킨다.
25,7,48,일찍기상,잠듦 상태가 되어도\n2배 빠르게\n깨어날 수 있다.
25,7,49,불꽃몸,자신에게 접촉한 상대를\n화상 상태로 만들 때가 있다.
25,7,50,도주,야생 포켓몬으로부터\n반드시 도망칠 수 있다.
25,7,51,날카로운눈,날카로운 눈 덕분에\n명중률이 떨어지지 않는다.
25,7,52,괴력집게,힘이 자랑인 집게를 가지고 있어\n상대가 공격을 떨어뜨리지 못하게 한다.
25,7,53,픽업,상대가 사용한 도구를\n주워 올 때가 있다.\n모험 중에도 주워 온다.
25,7,54,게으름,기술을 사용하면\n다음 턴은 쉰다.
25,7,55,의욕,자신의 공격이 높아지지만\n명중률이 떨어진다.
25,7,56,헤롱헤롱바디,자신에게 접촉한 상대를\n헤롱헤롱하게 만들 때가 있다.
25,7,57,플러스,플러스나 마이너스의 특성을 가진\n포켓몬이 동료에 있으면\n자신의 특수공격이 올라간다.
25,7,58,마이너스,플러스나 마이너스의 특성을 가진\n포켓몬이 동료에 있으면\n자신의 특수공격이 올라간다.
25,7,59,기분파,"날씨의 영향을 받아\n물타입, 불꽃타입, 얼음타입 중\n하나로 변화한다."
25,7,60,점착,점성이 높은 몸에\n도구가 달라붙어 있어\n상대에게 도구를 뺏기지 않는다.
25,7,61,탈피,몸의 껍질을 벗어 던져\n상태 이상을\n회복할 때가 있다.
25,7,62,근성,상태 이상이 되면\n근성을 보여서\n공격이 올라간다.
25,7,63,이상한비늘,상태 이상이 되면\n이상한 비늘이 반응해서\n방어가 올라간다.
25,7,64,해감액,해감액을 흡수한 상대는\n강렬한 악취로\n데미지를 받아 HP가 줄어든다.
25,7,65,심록,HP가 줄었을 때\n풀타입 기술의\n위력이 올라간다.
25,7,66,맹화,HP가 줄었을 때\n불꽃타입 기술의\n위력이 올라간다.
25,7,67,급류,HP가 줄었을 때\n물타입 기술의\n위력이 올라간다.
25,7,68,벌레의알림,HP가 줄었을 때\n벌레타입 기술의\n위력이 올라간다.
25,7,69,돌머리,반동을 받는 기술을 사용해도\nHP가 줄지 않는다.
25,7,70,가뭄,등장했을 때\n날씨를 맑음으로 만든다.
25,7,71,개미지옥,배틀에서 상대를\n도망칠 수 없게 한다.
25,7,72,의기양양,의기양양해져서\n잠듦 상태가 되지 않는다.
25,7,73,하얀연기,하얀 연기의 보호를 받아\n상대가 능력을 떨어뜨리지 못하게 한다.
25,7,74,순수한힘,요가의 힘으로\n물리공격의 위력이\n2배가 된다.
25,7,75,조가비갑옷,단단한 껍질의 보호를 받아\n상대의 공격이\n급소에 맞지 않는다.
25,7,76,에어록,모든 날씨의 영향이\n없어진다.
25,7,77,갈지자걸음,혼란 상태일 때는\n회피율이 올라간다.
25,7,78,전기엔진,전기타입의 기술로 공격받으면\n데미지를 받지 않고\n스피드가 올라간다.
25,7,79,투쟁심,성별이 같으면\n투쟁심을 불태워 강해진다.\n성별이 다르면 약해진다.
25,7,80,불굴의마음,풀죽을 때마다\n불굴의 마음을 불태워\n스피드가 올라간다.
25,7,81,눈숨기,날씨가 눈일 때\n회피율이 올라간다.
25,7,82,먹보,HP가 줄어들면 먹을\n나무열매를 HP가\n절반일 때 먹어 버린다.
25,7,83,분노의경혈,급소에 공격이 맞으면\n크게 분노해 공격력이\n최대가 된다.
25,7,84,곡예,지니던 도구가 없어지면\n스피드가 올라간다.
25,7,85,내열,내열인 몸으로 인해\n불꽃타입 공격의\n데미지를 반감한다.
25,7,86,단순,능력 변화가\n평소의 2배가 된다.
25,7,87,건조피부,비가 오는 날씨나\n물타입의 기술로 공격받으면 HP가 회복되고\n맑을 때나 불꽃타입의 기술로 공격받으면 줄어든다.
25,7,88,다운로드,상대의 방어와 특수방어를 비교해서\n낮은 쪽 능력에 맞춰서\n자신의 공격이나 특수공격을 올린다.
25,7,89,철주먹,펀치를 사용하는 기술의\n위력이 올라간다.
25,7,90,포이즌힐,독 상태가 되면\nHP가 줄지 않고 증가한다.
25,7,91,적응력,자신과 같은 타입인\n기술의 위력이 올라간다.
25,7,92,스킬링크,연속 기술을 사용하면 항상\n최고 횟수로 사용할 수 있다.
25,7,93,촉촉바디,비가 오는 날씨일 때\n상태 이상이 회복된다.
25,7,94,선파워,날씨가 맑으면\n특수공격이 올라가지만\n매 턴 HP가 줄어든다.
25,7,95,속보,상태 이상이 되면\n스피드가 올라간다.
25,7,96,노말스킨,사용하는 기술의 타입이\n모두 노말타입이 된다.\n위력이 조금 올라간다.
25,7,97,스나이퍼,공격을 급소에 맞혔을 때\n위력이 더욱 올라간다.
25,7,98,매직가드,공격 이외에는\n데미지를 받지 않는다.
25,7,99,노가드,노가드전법에 따라\n서로가 사용하는 기술이\n반드시 맞게 된다.
25,7,100,시간벌기,기술을 사용하는 순서가\n반드시 마지막이 된다.
25,7,101,테크니션,위력이 약한 기술의\n위력을 올려서 공격할 수 있다.
25,7,102,리프가드,날씨가 맑을 때는\n상태 이상이 되지 않는다.
25,7,103,서투름,지니고 있는 도구를\n쓸 수 없다.
25,7,104,틀깨기,상대 특성에\n방해받지 않고 상대에게\n기술을 쓸 수 있다.
25,7,105,대운,대운을 가지고 있어\n상대의 급소에\n공격이 맞기 쉽다.
25,7,106,유폭,기절했을 때\n접촉한 상대에게\n데미지를 준다.
25,7,107,위험예지,상대가 지닌 위험한 기술을\n감지할 수 있다.
25,7,108,예지몽,등장했을 때\n상대가 지닌 기술을\n하나만 간파한다.
25,7,109,천진,상대의 능력 변화를\n무시하고 공격할 수 있다.
25,7,110,색안경,효과가 별로인 기술을\n통상의 위력으로\n쓸 수 있다.
25,7,111,필터,자신이 받는 효과가 굉장한\n공격의 위력을\n약하게 만든다.
25,7,112,슬로스타트,5턴 동안\n공격과 스피드가\n절반이 된다.
25,7,113,배짱,노말타입과 격투타입 기술을\n고스트타입에게 맞힐 수 있다.\n위협을 당해도 동요하지 않는다.
25,7,114,마중물,물타입의 기술을 자신에게\n끌어모아 데미지를 받지 않고\n특수공격이 올라간다.
25,7,115,아이스바디,날씨가 눈일 때 HP를\n조금씩 회복한다.
25,7,116,하드록,자신이 받는 효과가 굉장한\n공격의 위력을\n약하게 만든다.
25,7,117,눈퍼뜨리기,등장했을 때\n날씨를 눈으로 만든다.
25,7,118,꿀모으기,배틀이 끝났을 때\n달콤한꿀을 주울 때가 있다.
25,7,119,통찰,등장했을 때\n상대의 지닌 물건을\n통찰할 수 있다.
25,7,120,이판사판,반동 데미지를\n받는 기술의 위력이 올라간다.
25,7,121,멀티타입,지니고 있는 플레이트에 따라\n자신의 타입이 바뀐다.
25,7,122,플라워기프트,날씨가 맑을 때\n자신과 같은 편의 공격과\n특수방어의 능력이 올라간다.
25,7,123,나이트메어,잠듦 상태의 상대에게\n데미지를 준다.
25,7,124,나쁜손버릇,자신에게 접촉한 상대의\n도구를 훔친다.
25,7,125,우격다짐,기술의 추가 효과가 없어지지만\n그만큼 높은 위력으로\n기술을 사용할 수 있다.
25,7,126,심술꾸러기,능력의 변화가 역전해서\n올라갈 때 떨어지고\n떨어질 때 올라간다.
25,7,127,긴장감,상대를 긴장시켜 나무열매를\n먹지 못하게 한다.
25,7,128,오기,상대에 의해 능력이 떨어지면\n공격이 크게 올라간다.
25,7,129,무기력,HP가 절반이 되면\n무기력해져서 공격과\n특수공격이 반감된다.
25,7,130,저주받은바디,공격을 받으면 상대의 기술을\n사슬묶기 상태로\n만들 때가 있다.
25,7,131,치유의마음,같은 편의 상태 이상을\n가끔 회복시킨다.
25,7,132,프렌드가드,같은 편의 데미지를\n줄일 수 있다.
25,7,133,깨어진갑옷,물리 기술로 데미지를 받으면\n방어가 떨어지고\n스피드가 크게 올라간다.
25,7,134,헤비메탈,자신의 무게가\n2배가 된다.
25,7,135,라이트메탈,자신의 무게가\n절반이 된다.
25,7,136,멀티스케일,HP가 꽉 찼을 때\n받는 데미지가 줄어든다.
25,7,137,독폭주,독 상태가 되었을 때\n물리 기술의 위력이 올라간다.
25,7,138,열폭주,화상 상태가 되었을 때\n특수 기술의 위력이 올라간다.
25,7,139,수확,사용한 나무열매를\n몇 번이고 만들어 낸다.
25,7,140,텔레파시,같은 편의 공격을 간파하여\n기술을 회피한다.
25,7,141,변덕쟁이,매 턴 능력 중 하나가\n크게 오르고 하나가 떨어진다.
25,7,142,방진,모래바람에 데미지를 받지 않는다.\n가루나 포자의 영향도 받지 않는다.
25,7,143,독수,접촉하기만 해도 상대를\n독 상태로 만들 때가 있다.
25,7,144,재생력,지닌 포켓몬으로 돌아오면\nHP를 조금 회복한다.
25,7,145,부풀린가슴,방어를 떨어뜨리는\n효과를 받지 않는다.
25,7,146,모래헤치기,날씨가 모래바람일 때\n스피드가 올라간다.
25,7,147,미라클스킨,변화 기술을 받기 어려운\n몸으로 되어 있다.
25,7,148,애널라이즈,제일 마지막에 기술을 쓰면\n기술의 위력이 올라간다.
25,7,149,일루전,지닌 포켓몬 중 제일 뒤에 있는\n포켓몬으로 둔갑하여 나와서\n상대를 속인다.
25,7,150,괴짜,눈앞의 포켓몬으로\n변신해 버린다.
25,7,151,틈새포착,상대의 벽이나 대타출동을\n뚫고 공격할 수 있다.
25,7,152,미라,상대가 접촉하면\n상대를 미라로 만들어 버린다.
25,7,153,자기과신,상대를 쓰러뜨리면\n자신감이 붙어서\n공격이 올라간다.
25,7,154,정의의마음,악타입 공격을 받으면\n정의감으로 공격이 올라간다.
25,7,155,주눅,"악, 고스트, 벌레타입 기술로\n공격받거나 위협을 받으면\n주눅이 들어 스피드가 올라간다."
25,7,156,매직미러,상대가 쓴 변화 기술을 반사해\n그대로 되돌려줄 수 있다.
25,7,157,초식,풀타입 기술로 공격받으면\n데미지를 받지 않고\n공격이 올라간다.
25,7,158,짓궂은마음,변화 기술을 먼저\n쓸 수 있다.
25,7,159,모래의힘,"날씨가 모래바람일 때\n바위타입과 땅타입,\n강철타입 기술의 위력이 올라간다."
25,7,160,철가시,자신에게 접촉한 상대에게\n철가시로 데미지를 준다.
25,7,161,달마모드,HP가 절반 이하가 되면\n모습이 변화한다.
25,7,162,승리의별,자신과 같은 편의\n명중률이 올라간다.
25,7,163,터보블레이즈,상대 특성에 방해받지 않고\n상대에게 기술을 쓸 수 있다.
25,7,164,테라볼티지,상대 특성에 방해받지 않고\n상대에게 기술을 쓸 수 있다.
25,7,165,아로마베일,자신과 같은 편으로 향하는\n멘탈 공격을 막을 수 있다.
25,7,166,플라워베일,같은 편의 풀타입 포켓몬은\n능력이 떨어지지 않고\n상태 이상도 되지 않는다.
25,7,167,볼주머니,나무열매를 먹으면\n추가로 HP를 회복한다.
25,7,168,변환자재,배틀에 나올 때마다 단 한 번\n자신이 사용한 기술과\n같은 타입으로 변화한다.
25,7,169,퍼코트,상대로부터 받는 물리 기술의\n데미지가 절반이 된다.
25,7,170,매지션,기술을 맞은 상대의\n도구를 빼앗아 버린다.
25,7,171,방탄,상대의 구슬이나 폭탄 등의\n기술을 막을 수 있다.
25,7,172,승기,상대에 의해 능력이 떨어지면\n특수공격이 크게 올라간다.
25,7,173,옹골찬턱,턱이 튼튼하여\n무는 기술의 위력이\n올라간다.
25,7,174,프리즈스킨,노말타입의 기술이\n얼음타입이 된다.\n위력이 조금 올라간다.
25,7,175,스위트베일,자신과 같은 편의 포켓몬이\n잠들지 않게 된다.
25,7,176,배틀스위치,공격 기술을 쓰면 블레이드폼으로\n기술 킹실드를 쓰면\n실드폼으로 변한다.
25,7,177,질풍날개,HP가 꽉 찼을 때\n비행타입의 기술을\n먼저 쓸 수 있다.
25,7,178,메가런처,파동 기술의\n위력이 올라간다.
25,7,179,풀모피,그래스필드일 때\n방어가 올라간다.
25,7,180,공생,같은 편이 도구를 쓰면\n자신이 지니고 있는 도구를\n같은 편에게 건넨다.
25,7,181,단단한발톱,상대에게 접촉하는 기술의\n위력이 올라간다.
25,7,182,페어리스킨,노말타입의 기술이\n페어리타입이 된다.\n위력이 조금 올라간다.
25,7,183,미끈미끈,공격으로 자신에게 접촉한 상대의\n스피드를 떨어뜨린다.
25,7,184,스카이스킨,노말타입의 기술이\n비행타입이 된다.\n위력이 조금 올라간다.
25,7,185,부자유친,부모와 자식 2마리로 2번\n공격할 수 있다.
25,7,186,다크오라,전원의 악타입\n기술이 강해진다.
25,7,187,페어리오라,전원의 페어리타입\n기술이 강해진다.
25,7,188,오라브레이크,오라의 효과를 역전시켜\n위력을 떨어뜨린다.
25,7,189,시작의바다,불꽃타입의 공격을\n받지 않는 날씨로 만든다.
25,7,190,끝의대지,물타입의 공격을\n받지 않는 날씨로 만든다.
25,7,191,델타스트림,비행타입의 약점이\n없어지는 날씨로 만든다.
25,7,192,지구력,공격을 받으면\n방어가 올라간다.
25,7,193,도망태세,HP가 절반이 되면\n황급히 도망쳐서\n지닌 포켓몬으로 돌아간다.
25,7,194,위기회피,HP가 절반이 되면\n위험을 회피하기 위해\n지닌 포켓몬으로 돌아간다.
25,7,195,꾸덕꾸덕굳기,물타입의 기술로 공격받으면\n방어가 크게 올라간다.
25,7,196,무도한행동,독 상태의\n상대를 공격하면\n반드시 급소에 맞는다.
25,7,197,리밋실드,HP가 절반이 되면\n껍질이 깨져\n공격적으로 된다.
25,7,198,잠복,교체로 나온 상대에게\n2배 데미지로 공격할 수 있다.
25,7,199,수포,자신을 향하는 불꽃타입\n기술의 위력을 떨어뜨린다.\n화상을 입지 않는다.
25,7,200,강철술사,강철타입 기술의\n위력이 올라간다.
25,7,201,발끈,상대의 공격으로\nHP가 절반이 되면\n특수공격이 올라간다.
25,7,202,눈치우기,날씨가 눈일 때\n스피드가 올라간다.
25,7,203,원격,모든 기술을\n상대에게 접촉하지 않고\n사용할 수 있다.
25,7,204,촉촉보이스,모든 소리 기술이\n물타입이 된다.
25,7,205,힐링시프트,회복 기술을 먼저\n사용할 수 있다.
25,7,206,일렉트릭스킨,노말타입 기술이\n전기타입이 된다.\n위력이 조금 올라간다.
25,7,207,서핑테일,일렉트릭필드일 때\n스피드가 2배가 된다.
25,7,208,어군,HP가 많을 때 무리 지어 강해진다.\nHP가 얼마 남지 않으면\n무리는 뿔뿔이 흩어진다.
25,7,209,탈,몸을 덮는 탈로\n1번 공격을 막을 수 있다.
25,7,210,유대변화,"상대를 쓰러뜨리면\n트레이너와의 유대감이 깊어져서\n자신의 공격, 특수공격, 스피드가 올라간다."
25,7,211,스웜체인지,HP가 절반이 되면\n셀들이 응원하러 달려와\n퍼펙트폼으로 모습이 변한다.
25,7,212,부식,강철타입이나 독타입 포켓몬도\n독 상태로 만들 수 있다.
25,7,213,절대안깸,항상 비몽사몽 상태로\n절대 깨지 않는다.\n잠든 상태로 공격할 수 있다.
25,7,214,여왕의위엄,상대에게 위압감을 줘서\n이쪽을 향한 선제 기술을\n사용할 수 없게 한다.
25,7,215,내용물분출,상대에게 쓰러졌을 때\n남아 있던 HP의 양만큼\n상대에게 데미지를 준다.
25,7,216,무희,누군가 춤 기술을 쓰면\n자신도 이어서\n춤 기술을 쓸 수 있다.
25,7,217,배터리,같은 편 특수 기술의\n위력을 올린다.
25,7,218,복슬복슬,상대로부터 받은 접촉하는 기술의\n데미지를 반감시키지만 불꽃타입\n기술의 데미지는 2배가 된다.
25,7,219,비비드바디,상대를 놀라게 해서\n이쪽을 향한 선제 기술을\n사용할 수 없게 한다.
25,7,220,소울하트,포켓몬이 기절할 때마다\n특수공격이 올라간다.
25,7,221,컬리헤어,공격으로 자신에게 접촉한 상대의\n스피드를 떨어뜨린다.
25,7,222,리시버,쓰러진 같은 편의 특성을\n이어받아 같은 특성이 된다.
25,7,223,화학의힘,쓰러진 같은 편의 특성을\n이어받아 같은 특성으로 바뀐다.
25,7,224,비스트부스트,상대를 기절시켰을 때\n자신의 가장 높은\n능력이 올라간다.
25,7,225,AR시스템,지니고 있는 메모리로\n자신의 타입이 변한다.
25,7,226,일렉트릭메이커,등장했을 때\n일렉트릭필드를 사용한다.
25,7,227,사이코메이커,등장했을 때\n사이코필드를 사용한다.
25,7,228,미스트메이커,등장했을 때\n미스트필드를 사용한다.
25,7,229,그래스메이커,등장했을 때\n그래스필드를 사용한다.
25,7,230,메탈프로텍트,상대 기술이나 특성으로\n능력이 떨어지지 않는다.
25,7,231,스펙터가드,HP가 꽉 찼을 때\n받는 데미지가 줄어든다.
25,7,232,프리즘아머,자신이 받는 효과가 굉장한\n공격의 위력을\n약하게 만든다.
25,7,233,브레인포스,효과가 굉장한 공격의\n위력이 더욱 올라간다.
25,7,234,불요의검,처음 등장했을 때\n공격이 올라간다.
25,7,235,불굴의방패,처음 등장했을 때\n방어가 올라간다.
25,7,236,리베로,배틀에 나올 때마다 단 한 번\n자신이 사용한 기술과\n같은 타입으로 변화한다.
25,7,237,볼줍기,도구를 지니고 있지 않은 경우\n첫 번째로 던져서 실패한\n몬스터볼을 주워 온다.
25,7,238,솜털,공격을 받으면 솜털을 흩뿌려서\n자신을 제외한 모든 포켓몬의\n스피드를 떨어뜨린다.
25,7,239,스크루지느러미,상대의 기술을 끌어모으는\n특성이나 기술의\n영향을 받지 않는다.
25,7,240,미러아머,자신이 받는\n능력 다운 효과에 한해\n되받아친다.
25,7,241,그대로꿀꺽미사일,파도타기나 다이빙을 쓰면\n먹이를 물어 온다. 데미지를 받으면\n먹이를 토해 내서 공격한다.
25,7,242,굳건한신념,상대의 기술을 끌어모으는\n특성이나 기술의\n영향을 받지 않는다.
25,7,243,증기기관,물타입이나 불꽃타입\n기술로 공격받으면\n스피드가 매우 크게 올라간다.
25,7,244,펑크록,소리 기술의 위력이 올라간다.\n상대로부터 받는 소리 기술의\n데미지는 절반이 된다.
25,7,245,모래뿜기,공격을 받으면\n모래바람을 일으킨다.
25,7,246,얼음인분,얼음인분의 보호를 받아\n특수공격으로 받는\n데미지가 절반이 된다.
25,7,247,숙성,나무열매를 숙성시켜서\n효과를 2배로 만든다.
25,7,248,아이스페이스,물리공격을 머리의 얼음이\n대신 맞아 주지만 모습도 바뀐다.\n얼음은 눈이 내리면 원래대로 돌아온다.
25,7,249,파워스폿,옆에 있기만 해도\n기술의 위력이 올라간다.
25,7,250,의태,필드의 상태에 따라\n포켓몬의 타입이 바뀐다.
25,7,251,배리어프리,"등장했을 때 상대와 같은 편의\n빛의장막, 리플렉터, 오로라베일의\n효과가 사라진다."
25,7,252,강철정신,같은 편의 강철타입\n공격의 위력이 올라간다.
25,7,253,멸망의바디,접촉하는 기술로 공격받으면\n3턴 후에 양쪽 모두 기절한다.\n교체되면 효과가 없어진다.
25,7,254,떠도는영혼,접촉하는 기술로\n공격해 온 포켓몬과\n특성을 바꾼다.
25,7,255,무아지경,공격이 올라가지만\n처음에 선택한\n기술 외에는 쓸 수 없게 된다.
25,7,256,화학변화가스,화학변화가스를 가진 포켓몬이 배틀에 나와 있으면\n모든 포켓몬이 가진 특성의 효과가\n사라지거나 발동하지 않게 된다.
25,7,257,파스텔베일,자신과 같은 편은\n독 상태가 되지 않는다.
25,7,258,꼬르륵스위치,"턴이 끝날 때마다 배부른 모양,\n배고픈 모양, 배부른 모양...으로\n번갈아서 모습을 바꾼다."
25,7,259,퀵드로,상대보다 먼저\n행동할 수도 있다.
25,7,260,보이지않는주먹,상대에게 접촉하는 기술을 사용하면\n방어의 효과를 무시하고 공격할 수 있다.
25,7,261,기묘한약,등장했을 때\n조개껍질에서 약을 흩뿌려서\n같은 편의 능력 변화를 원래대로 되돌린다.
25,7,262,트랜지스터,전기타입 기술의\n위력이 올라간다.
25,7,263,용의턱,드래곤타입 기술의\n위력이 올라간다.
25,7,264,백의울음,상대를 쓰러뜨리면\n차가운 울음소리를 내면서\n공격이 올라간다.
25,7,265,흑의울음,상대를 쓰러뜨리면\n무서운 울음소리를 내면서\n특수공격이 올라간다.
25,7,266,혼연일체,버드렉스의 긴장감과\n블리자포스의 백의울음\n두 가지 특성을 겸비한다.
25,7,267,혼연일체,버드렉스의 긴장감과\n레이스포스의 흑의울음\n두 가지 특성을 겸비한다.
25,7,268,가시지않는향기,상대가 접촉하면\n가시지 않는 향기가\n상대에게 배어 버린다.
25,7,269,넘치는씨,공격을 받으면\n필드를 그래스필드로 만든다.
25,7,270,열교환,불꽃타입 기술로 공격받으면\n공격이 올라간다.\n화상 상태가 되지 않는다.
25,7,271,분노의껍질,"상대의 공격에 의해 HP가 절반이 되면\n화가 나서 방어와 특수방어가 떨어지지만\n공격, 특수공격, 스피드가 올라간다."
25,7,272,정화의소금,깨끗한 소금에 의해\n상태 이상이 되지 않는다.\n고스트타입 기술의 데미지를 반감시킨다.
25,7,273,노릇노릇바디,불꽃타입 기술로 공격받으면\n데미지를 받지 않고\n방어가 크게 올라간다.
25,7,274,바람타기,순풍이 불거나 바람 기술로 공격받으면\n데미지를 받지 않고\n공격이 올라간다.
25,7,275,파수견,위협을 받으면 공격이 올라간다.\n포켓몬을 교체시키는\n기술이나 도구의 효과를 받지 않는다.
25,7,276,바위나르기,바위타입 기술의\n위력이 올라간다.
25,7,277,풍력발전,바람 기술을 받으면\n충전 상태가 된다.
25,7,278,마이티체인지,지닌 포켓몬으로 돌아오면\n마이티폼으로 변한다.
25,7,279,사령탑,등장했을 때 같은 편에\n어써러셔가 있으면 입속에 들어가\n안에서 지시를 내린다.
25,7,280,전기로바꾸기,데미지를 받으면\n충전 상태가 된다.
25,7,281,고대활성,부스트에너지를 지니고 있거나\n날씨가 맑을 때\n가장 높은 능력이 올라간다.
25,7,282,쿼크차지,부스트에너지를 지니고 있거나\n일렉트릭필드일 때\n가장 높은 능력이 올라간다.
25,7,283,황금몸,산화하지 않는 튼튼한 황금몸 덕분에\n상대의 변화 기술의 영향을 받지 않는다.
25,7,284,재앙의그릇,재앙을 부르는 그릇의 힘으로\n자신을 제외한 모든 포켓몬의\n특수공격을 약하게 만든다.
25,7,285,재앙의검,재앙을 부르는 검의 힘으로\n자신을 제외한 모든 포켓몬의\n방어를 약하게 만든다.
25,7,286,재앙의목간,재앙을 부르는 목간의 힘으로\n자신을 제외한 모든 포켓몬의\n공격을 약하게 만든다.
25,7,287,재앙의구슬,재앙을 부르는 곡옥의 힘으로\n자신을 제외한 모든 포켓몬의\n특수방어를 약하게 만든다.
25,7,288,진홍빛고동,등장했을 때 날씨를 맑음으로 만든다.\n햇살이 강하면 고대의 고동에 의해\n공격이 강화된다.
25,7,289,하드론엔진,등장했을 때 일렉트릭필드를 전개한다.\n일렉트릭필드일 때 미래 기관에 의해\n특수공격이 강화된다.
25,7,290,편승,상대의 능력이 올라가면\n자신도 편승해서\n똑같이 능력을 올린다.
25,7,291,되새김질,한 번에 한하여\n나무열매를 먹으면 다음 턴이 끝날 때\n위에서 꺼내서 또 먹는다.
25,7,292,예리함,상대를 베는 기술의\n위력이 올라간다.
25,7,293,총대장,등장했을 때 지금까지 쓰러진\n같은 편의 수가 많을수록\n조금씩 공격과 특수공격이 올라간다.
25,7,294,협연,등장했을 때\n같은 편의 능력 변화를 복사한다.
25,7,295,독치장,물리 기술로 데미지를 받으면\n상대의 발밑에\n독압정을 뿌린다.
25,7,296,테일아머,머리를 감싸고 있는 수수께끼의 꼬리가\n이쪽을 향한 선제 기술을\n사용할 수 없게 한다.
25,7,297,흙먹기,땅타입의 기술로 공격받으면\n데미지를 받지 않고 회복한다.
25,7,298,균사의힘,변화 기술을 사용할 때\n반드시 행동이 느려지지만\n상대 특성에 방해받지 않는다.
25,7,299,대접,등장했을 때 같은 편을 대접해서\nHP를 조금 회복시킨다.
25,7,300,심안,노말타입과 격투타입 기술을 고스트타입에게\n맞힐 수 있다. 상대의 회피율 변화를 무시하고\n명중률도 떨어지지 않는다.
25,7,301,초상투영,마음속에 깃든 추억의 힘으로\n벽록의가면을 빛나게 하여\n자신의 스피드를 올린다.
25,7,302,초상투영,마음속에 깃든 추억의 힘으로\n화덕의가면을 빛나게 하여\n자신의 공격을 올린다.
25,7,303,초상투영,마음속에 깃든 추억의 힘으로\n우물의가면을 빛나게 하여\n자신의 특수방어를 올린다.
25,7,304,초상투영,마음속에 깃든 추억의 힘으로\n주춧돌의가면을 빛나게 하여\n자신의 방어를 올린다.
25,7,305,독사슬,독소를 머금은 사슬의 힘으로\n기술에 맞은 상대를\n맹독 상태로 만들 때가 있다.
25,7,306,감미로운꿀,처음 등장했을 때\n감미로운 꿀의 향기를 흩뿌려서\n상대의 회피율을 떨어뜨린다.
25,7,307,테라체인지,등장했을 때\n주위의 에너지를 흡수하여\n테라스탈폼으로 변화한다.
25,7,308,테라셸,모든 타입의 힘이 담긴 등껍질이\nHP가 꽉 찼을 때 받는 데미지를 모두\n효과가 별로이게 만든다.
25,7,309,제로포밍,테라파고스가 스텔라폼이 되었을 때\n숨겨진 힘에 의해 날씨와 필드의 영향을\n모두 무효로 만든다.
25,7,310,독조종,복숭악동의 기술에 의해\n독 상태가 된 상대는\n혼란 상태도 되어 버린다.
25,8,1,あくしゅう,臭い　においを　放つことによって\n攻撃した　ときに　相手を\nひるませることが　ある。
25,8,2,あめふらし,登場　したときに\n天気を　雨に　する。
25,8,3,かそく,毎ターン　素早さが　上がる。
25,8,4,カブトアーマー,硬い　甲羅に　守られて\n相手の　攻撃が\n急所に　当たらない。
25,8,5,がんじょう,ＨＰが　満タンのとき　技を　受けても\n一撃で　倒されることが　ない。\n一撃必殺技も　効かない。
25,8,6,しめりけ,あたりを　湿らせることに　よって\nじばく　などの　爆発する　技を\nだれも　使えなくなる。
25,8,7,じゅうなん,柔軟な　体によって\nまひ状態に　ならない。
25,8,8,すながくれ,砂あらしの　とき\n回避率が　上がる。
25,8,9,せいでんき,静電気を　体に　まとい\n触った　相手を\nまひさせる　ことがある。
25,8,10,ちくでん,でんきタイプの　技を　受けると\nダメージを　受けずに　回復する。
25,8,11,ちょすい,みずタイプの　技を　受けると\nダメージを　受けずに　回復する。
25,8,12,どんかん,鈍感なので　メロメロや\nちょうはつ状態に　ならない。\nいかくにも　動じない。
25,8,13,ノーてんき,あらゆる　天気の　影響が\nなくなって　しまう。
25,8,14,ふくがん,複眼を　持っているため\n技の　命中率が　上がる。
25,8,15,ふみん,眠れない　体質　なので\nねむり状態に　ならない。
25,8,16,へんしょく,相手から　受けた　技の　タイプに\n自分の　タイプが　変化　する。
25,8,17,めんえき,体内に　免疫を　持っているため\nどく状態に　ならない。
25,8,18,もらいび,ほのおタイプの　技を　受けると\n炎を　もらい　自分が　出す\nほのおタイプの　技が　強くなる。
25,8,19,りんぷん,りんぷんに　守られて\n技の　追加効果を　受けなくなる。
25,8,20,マイペース,マイペースなので\nこんらん状態に　ならない。\nいかくにも　動じない。
25,8,21,きゅうばん,吸盤で　地面に　張り付き\nポケモンを　入れ替えさせる\n技や　道具が　効かなくなる。
25,8,22,いかく,登場　したとき　威嚇して\n相手を　萎縮させ\n相手の　攻撃を　下げて　しまう。
25,8,23,かげふみ,相手の　影を　踏み\n逃げたり　交代　できなくする。
25,8,24,さめはだ,攻撃を　受けたとき\n自分に　触れた　相手を\nざらざらの　肌で　キズつける。
25,8,25,ふしぎなまもり,効果バツグンの　技しか\n当たらない　不思議な　力。
25,8,26,ふゆう,地面から　浮くことによって\nじめんタイプの　技を　受けない。
25,8,27,ほうし,攻撃で　自分に　触れた　相手を\nどくや　まひや　ねむり状態に\nする　ことがある。
25,8,28,シンクロ,自分が　なってしまった\nどくや　まひや　やけどを\n相手に　うつす。
25,8,29,クリアボディ,相手の　技や　特性で\n能力を　下げられない。
25,8,30,しぜんかいふく,手持ちに　ひっこむと\n状態異常が　治る。
25,8,31,ひらいしん,でんきタイプの　技を　自分に\n寄せつけ　ダメージを　受けずに\n特攻が　上がる。
25,8,32,てんのめぐみ,天の恵みの　おかげで\n技の　追加効果が　でやすい。
25,8,33,すいすい,天気が　雨のとき\n素早さが　上がる。
25,8,34,ようりょくそ,天気が　晴れのとき\n素早さが　上がる。
25,8,35,はっこう,あたりを　明るくすることで\n命中率を　下げられない。
25,8,36,トレース,登場　したとき\n相手の　特性を　トレースして\n同じ　特性に　なる。
25,8,37,ちからもち,物理攻撃の\n威力が　２倍になる。
25,8,38,どくのトゲ,自分に　触った　相手を\nどく状態に　することがある。
25,8,39,せいしんりょく,鍛えられた　精神に　よって\n相手の　攻撃に　ひるまない。\nいかくにも　動じない。
25,8,40,マグマのよろい,熱い　マグマを　身にまとい\nこおり状態に　ならない。
25,8,41,みずのベール,水のベールを　身にまとい\nやけど状態に　ならない。
25,8,42,じりょく,はがねタイプの　ポケモンを\n磁力で　引きつけて\n逃げられなくする。
25,8,43,ぼうおん,音を　遮断することに　よって\n音の技を　受けない。
25,8,44,あめうけざら,天気が　雨のとき\n少しずつ　ＨＰを　回復する。
25,8,45,すなおこし,登場　したとき\n天気を　砂あらしにする。
25,8,46,プレッシャー,プレッシャーを　あたえて\n相手の　使う　技の　ＰＰを\n多く　減らす。
25,8,47,あついしぼう,厚い　脂肪で　守られているので\nほのおタイプと　こおりタイプの\n技の　ダメージを　半減させる。
25,8,48,はやおき,ねむり状態に　なっても\n２倍の　早さで\n目覚める　ことが　できる。
25,8,49,ほのおのからだ,自分に　触った　相手を\nやけど状態に　する　ことがある。
25,8,50,にげあし,野生の　ポケモンから\n必ず　逃げられる。
25,8,51,するどいめ,鋭い　目の　おかげで\n命中率を　下げられない。
25,8,52,かいりきバサミ,力自慢の　ハサミを　持っているので\n相手に　攻撃を　下げられない。
25,8,53,ものひろい,相手の　使った　道具を\n拾ってくることが　ある。\n冒険中も　拾ってくる。
25,8,54,なまけ,技を　出すと\n次の　ターンは　休んでしまう。
25,8,55,はりきり,自分の　攻撃が　高くなるが\n命中率が　下がる。
25,8,56,メロメロボディ,自分に　触った　相手を\nメロメロに　することが　ある。
25,8,57,プラス,プラスか　マイナスの　特性を　持つ\nポケモンが　仲間に　いると\n自分の　特攻が　上がる。
25,8,58,マイナス,プラスか　マイナスの　特性を　持つ\nポケモンが　仲間に　いると\n自分の　特攻が　上がる。
25,8,59,てんきや,天気の　影響を　受けて\nみずタイプ　ほのおタイプ　こおりタイプの\nどれかに　変化する。
25,8,60,ねんちゃく,粘着質の　体に\n道具が　くっついているため\n相手に　道具を　奪われない。
25,8,61,だっぴ,体の　皮を　脱ぎ捨てることで\n状態異常を\n治すことが　ある。
25,8,62,こんじょう,状態異常に　なると\n根性を　だして\n攻撃が　上がる。
25,8,63,ふしぎなうろこ,状態異常に　なると\n不思議なウロコが　反応して\n防御が　上がる。
25,8,64,ヘドロえき,ヘドロ液を　吸い取った　相手は\n強烈な　悪臭で\nダメージを　受けて　ＨＰを　減らす。
25,8,65,しんりょく,ＨＰが　減ったとき\nくさタイプの　技の\n威力が　上がる。
25,8,66,もうか,ＨＰが　減ったとき\nほのおタイプの　技の\n威力が　上がる。
25,8,67,げきりゅう,ＨＰが　減ったとき\nみずタイプの　技の\n威力が　上がる。
25,8,68,むしのしらせ,ＨＰが　減ったとき\nむしタイプの　技の\n威力が　上がる。
25,8,69,いしあたま,反動を　受ける　技を　出しても\nＨＰが　減らない。
25,8,70,ひでり,登場　したときに\n天気を　晴れに　する。
25,8,71,ありじごく,戦闘で　相手を\n逃げられなくする。
25,8,72,やるき,やる気を　だすことに　よって\nねむり状態に　ならない。
25,8,73,しろいけむり,白い煙に　守られて\n相手に　能力を　下げられない。
25,8,74,ヨガパワー,ヨガの　力で\n物理攻撃の　威力が\n２倍に　なる。
25,8,75,シェルアーマー,硬い　殻に　守られ\n相手の　攻撃が\n急所に　当たらない。
25,8,76,エアロック,あらゆる　天気の　影響が\n消えて　しまう。
25,8,77,ちどりあし,こんらん状態の　ときは\n回避率が　アップする。
25,8,78,でんきエンジン,でんきタイプの　技を　受けると\nダメージを　受けずに\n素早さが　上がる。
25,8,79,とうそうしん,性別が　同じだと\n闘争心を　燃やして　強くなる。\n性別が　違うと　弱くなる。
25,8,80,ふくつのこころ,ひるむ　たびに\n不屈の心を　燃やして\n素早さが　上がる。
25,8,81,ゆきがくれ,天気が　ゆきのとき\n回避率が　上がる。
25,8,82,くいしんぼう,ＨＰが　少なくなったら　食べる\nきのみを　ＨＰ　半分の\n時に　食べてしまう。
25,8,83,いかりのつぼ,急所に　攻撃が　当たると\n怒りくるって　攻撃力が\n最大に　なる。
25,8,84,かるわざ,持っていた　道具が　なくなると\n素早さが　上がる。
25,8,85,たいねつ,耐熱の　体に　よって\nほのおタイプの　技の\nダメージを　半減させる。
25,8,86,たんじゅん,能力　変化が\nいつもの　２倍に　なる。
25,8,87,かんそうはだ,天気が　雨の時や　みずタイプの\n技で　ＨＰが　回復し　はれの時や\nほのおタイプの　技で　減ってしまう。
25,8,88,ダウンロード,相手の　防御と　特防を　くらべて\n低い　ほうの　能力に　あわせて\n自分の　攻撃か　特攻を　上げる。
25,8,89,てつのこぶし,パンチを　使う　技の\n威力が　上がる。
25,8,90,ポイズンヒール,どく状態に　なると\nＨＰが　減らずに　増えていく。
25,8,91,てきおうりょく,自分と　おなじ　タイプの\n技の　威力が　上がる。
25,8,92,スキルリンク,連続技を　使うと　いつも\n最高回数　出すことが　できる。
25,8,93,うるおいボディ,天気が　雨のとき\n状態異常が　治る。
25,8,94,サンパワー,天気が　晴れると\n特攻が　上がるが\n毎ターン　ＨＰが　減る。
25,8,95,はやあし,状態異常に　なると\n素早さが　上がる。
25,8,96,ノーマルスキン,どんな　タイプの　技でも\nすべて　ノーマルタイプに　なる。\n威力が　少し　上がる。
25,8,97,スナイパー,攻撃を　急所に　当てると\n威力が　さらに　上がる。
25,8,98,マジックガード,攻撃　以外では\nダメージを　受けない。
25,8,99,ノーガード,ノーガード戦法に　よって\nお互いの　出す　技が\nかならず　当たる　ようになる。
25,8,100,あとだし,技を　出す　順番が\nかならず　最後に　なる。
25,8,101,テクニシャン,威力が　低い　技の\n威力を　高くして　攻撃できる。
25,8,102,リーフガード,天気が　晴れのときは\n状態異常に　ならない。
25,8,103,ぶきよう,持っている　道具を\n使うことが　できない。
25,8,104,かたやぶり,相手の　特性に\nジャマされる　ことなく　相手に\n技を　出すことが　できる。
25,8,105,きょううん,強運を　持っているため\n相手の　急所に\n攻撃が　当たりやすい。
25,8,106,ゆうばく,ひんしに　なったとき\n触った　相手に\nダメージを　あたえる。
25,8,107,きけんよち,相手の　持つ　危険な　技を\n察知する　ことができる。
25,8,108,よちむ,登場　したとき\n相手の　持つ　技を\nひとつだけ　読み取る。
25,8,109,てんねん,相手の　能力の　変化を\n無視して　攻撃が　できる。
25,8,110,いろめがね,効果が　いまひとつの　技を\n通常の　威力で\n出すことが　できる。
25,8,111,フィルター,効果バツグンに　なってしまう\n攻撃の　威力を\n弱める　ことが　できる。
25,8,112,スロースタート,５ターンの　あいだ\n攻撃と　素早さが\n半分に　なる。
25,8,113,きもったま,ノーマルタイプと　かくとうタイプの技を\nゴーストタイプに　当てることが　できる。\nいかくにも　動じない。
25,8,114,よびみず,みずタイプの　技を　自分に　よせつけ\nダメージは　受けずに　特攻が　上がる。
25,8,115,アイスボディ,天気が　ゆきのとき　ＨＰを\n少しずつ　回復　する。
25,8,116,ハードロック,効果バツグンに　なってしまう\n攻撃の　威力を\n弱める　ことが　できる。
25,8,117,ゆきふらし,登場　したときに\n天気を　ゆきに　する。
25,8,118,みつあつめ,戦闘が　終わったとき\nあまいミツを　拾うことが　ある。
25,8,119,おみとおし,登場　したとき\n相手の　持ち物を\n見通すことが　できる。
25,8,120,すてみ,反動で　ダメージを\n受ける　技の　威力が　上がる。
25,8,121,マルチタイプ,持っている　プレートによって\n自分の　タイプが　変わる。
25,8,122,フラワーギフト,天気が　晴れのとき\n自分と　味方の　攻撃と\n特防の　能力が　上がる。
25,8,123,ナイトメア,ねむり状態の　相手に\nダメージを　あたえる。
25,8,124,わるいてぐせ,触られた　相手の　道具を\n盗んで　しまう。
25,8,125,ちからずく,技の　追加効果は　なくなるが\nそのぶん　高い　威力で\n技を　出すことが　できる。
25,8,126,あまのじゃく,能力の　変化が　逆転して\n上がるときに　下がり\n下がるときに　上がる。
25,8,127,きんちょうかん,相手を　緊張させて\nきのみを　食べられなく　させる。
25,8,128,まけんき,相手に　能力を　下げられると\n攻撃が　ぐーんと　上がる。
25,8,129,よわき,ＨＰが　半分に　なると\n弱気に　なって　攻撃と\n特攻が　半減する。
25,8,130,のろわれボディ,攻撃を　受けると　相手の　技を\nかなしばり状態に\nすることが　ある。
25,8,131,いやしのこころ,状態異常の　味方を\nたまに　治してあげる。
25,8,132,フレンドガード,味方の　ダメージを\n減らすことが　できる。
25,8,133,くだけるよろい,物理技で　ダメージを　受けると\n防御が　下がり\n素早さが　ぐーんと　上がる。
25,8,134,ヘヴィメタル,自分の　重さが\n２倍に　なる。
25,8,135,ライトメタル,自分の　重さが\n半分に　なる。
25,8,136,マルチスケイル,ＨＰが　満タンの　ときに\n受ける　ダメージが　少なくなる。
25,8,137,どくぼうそう,どく状態に　なったとき\n物理技の　威力が　上がる。
25,8,138,ねつぼうそう,やけど状態に　なったとき\n特殊技の　威力が　上がる。
25,8,139,しゅうかく,使った　きのみを\n何回も　作りだす。
25,8,140,テレパシー,味方の　攻撃を　読み取って\n技を　回避する。
25,8,141,ムラっけ,毎ターン　能力の　どれかが\nぐーんと　上がって　どれかが　下がる。
25,8,142,ぼうじん,すなあらしの　ダメージを　受けない。\n粉や　胞子の　影響も　受けない。
25,8,143,どくしゅ,触る　だけで　相手を\nどく　状態に　することがある。
25,8,144,さいせいりょく,手持ちに　引っ込むと\nＨＰが　少し　回復する。
25,8,145,はとむね,防御を　下げる\n効果を　受けない。
25,8,146,すなかき,天気が　すなあらし　のとき\n素早さが　上がる。
25,8,147,ミラクルスキン,変化技を　受けにくい\n体に　なっている。
25,8,148,アナライズ,いちばん　最後に　技を　出すと\n技の　威力が　上がる。
25,8,149,イリュージョン,手持ちの　いちばん　うしろに　いる\nポケモンに　なりきって　登場して\n相手を　化かす。
25,8,150,かわりもの,目の前の　ポケモンに\n変身　してしまう。
25,8,151,すりぬけ,相手の　壁や　身代わりを\nすりぬけて　攻撃　できる。
25,8,152,ミイラ,相手に　触られると\n相手を　ミイラに　してしまう。
25,8,153,じしんかじょう,相手を　倒すと\n自信が　ついて\n攻撃が　上がる。
25,8,154,せいぎのこころ,あくタイプの　攻撃を　受けると\n正義感で　攻撃が　上がる。
25,8,155,びびり,あく　ゴースト　むしタイプの\n攻撃を　受けたり　いかくを　されると\nびびって　素早さが　上がる。
25,8,156,マジックミラー,相手に　だされた　変化技を　受けずに\nそのまま　返す　ことが　できる。
25,8,157,そうしょく,くさタイプの　技を　受けると\nダメージを　受けずに\n攻撃が　上がる。
25,8,158,いたずらごころ,変化技を　先制で\n出すことが　できる。
25,8,159,すなのちから,天気が　すなあらしの　とき\nいわタイプと　じめんタイプと\nはがねタイプの　威力が　上がる。
25,8,160,てつのトゲ,自分に　触った　相手に\n鉄のトゲで　ダメージを　あたえる。
25,8,161,ダルマモード,ＨＰが　半分　以下に　なると\n姿が　変化する。
25,8,162,しょうりのほし,自分や　味方の\n命中率が　上がる。
25,8,163,ターボブレイズ,相手の　特性に　ジャマされず\n相手に　技を　出すことが　できる。
25,8,164,テラボルテージ,相手の　特性に　ジャマされず\n相手に　技を　出すことが　できる。
25,8,165,アロマベール,自分と　味方への　メンタル\n攻撃を　防ぐことが　できる。
25,8,166,フラワーベール,味方の　草ポケモンは\n能力が　下がらず\n状態異常にも　ならない。
25,8,167,ほおぶくろ,どんな　きのみでも\n食べると　ＨＰも　回復する。
25,8,168,へんげんじざい,戦闘に　出るたび　１回だけ\n自分が　出す　技と\n同じ　タイプに　変化する。
25,8,169,ファーコート,相手から　受ける　物理技の\nダメージが　半分に　なる。
25,8,170,マジシャン,技を　当てた　相手の\n道具を　奪ってしまう。
25,8,171,ぼうだん,相手の　弾や　爆弾などの\n技を　防ぐことが　できる。
25,8,172,かちき,相手に　能力を　下げられると\n特攻が　ぐーんと　上がる。
25,8,173,がんじょうあご,あごが　頑丈で\n噛む　技の　威力が\n高くなる。
25,8,174,フリーズスキン,ノーマルタイプの　技が\nこおりタイプに　なる。\n威力が　少し　上がる。
25,8,175,スイートベール,自分と　味方の　ポケモンは\n眠らなくなる。
25,8,176,バトルスイッチ,攻撃技を　出すと　ブレードフォルムに\n技　キングシールドを　出すと\nシールドフォルムに　変化する。
25,8,177,はやてのつばさ,ＨＰが　満タン　だと\nひこうタイプの　技を\n先制で　出すことが　できる。
25,8,178,メガランチャー,波動の　技の\n威力が　高くなる。
25,8,179,くさのけがわ,グラスフィールドのとき\n防御が　上がる。
25,8,180,きょうせい,味方が　道具を　使うと\n自分の　持っている　道具を\n味方に　渡す。
25,8,181,かたいツメ,相手に　接触する　技の\n威力が　高くなる。
25,8,182,フェアリースキン,ノーマルタイプの　技が\nフェアリータイプになる。\n威力が　少し　上がる。
25,8,183,ぬめぬめ,攻撃で　自分に　触れた　相手の\n素早さを　下げる。
25,8,184,スカイスキン,ノーマルタイプの　技が\nひこうタイプになる。\n威力が　少し　上がる。
25,8,185,おやこあい,親子　２匹で　２回\n攻撃することが　できる。
25,8,186,ダークオーラ,全員の　あくタイプの\n技が　強くなる。
25,8,187,フェアリーオーラ,全員の　フェアリータイプの\n技が　強くなる。
25,8,188,オーラブレイク,オーラの　効果を　逆転させて\n威力を　下げる。
25,8,189,はじまりのうみ,ほのおタイプの　攻撃を\n受けない　天気にする。
25,8,190,おわりのだいち,みずタイプの　攻撃を\n受けない　天気にする。
25,8,191,デルタストリーム,ひこうタイプの　弱点が\nなくなる　天気にする。
25,8,192,じきゅうりょく,攻撃を　受けると\n防御が　上がる。
25,8,193,にげごし,ＨＰが　半分に　なると\nあわてて　逃げ出して\n手持ちに　引っ込んで　しまう。
25,8,194,ききかいひ,ＨＰが　半分に　なると\n危険を　回避するため\n手持ちに　引っ込んで　しまう。
25,8,195,みずがため,みずタイプの　技を　受けると\n防御が　ぐーんと　上がる。
25,8,196,ひとでなし,どく状態の\n相手を　攻撃すると\nかならず　急所に　当たる。
25,8,197,リミットシールド,ＨＰが　半分に　なると\n殻が　壊れて\n攻撃的に　なる。
25,8,198,はりこみ,交代で　出てきた　相手に\n２倍の　ダメージで　攻撃　できる。
25,8,199,すいほう,自分に　対する　ほのおタイプの\n技の　威力を　下げる。\nやけど　しない。
25,8,200,はがねつかい,はがねタイプの　技の\n威力が　上がる。
25,8,201,ぎゃくじょう,相手の　攻撃で\nＨＰが　半分に　なると\n特攻が　上がる。
25,8,202,ゆきかき,天気が　ゆき　のとき\n素早さが　上がる。
25,8,203,えんかく,すべての　技を\n相手に　接触　しないで\n出すことが　できる。
25,8,204,うるおいボイス,すべての　音技が\nみずタイプに　なる。
25,8,205,ヒーリングシフト,回復技を　先制で\n出すことが　できる。
25,8,206,エレキスキン,ノーマルタイプの　技が\nでんきタイプになる。\n威力が　少し　上がる。
25,8,207,サーフテール,エレキフィールド　のとき\n素早さが　２倍に　なる。
25,8,208,ぎょぐん,ＨＰが　多いときは　群れて　強くなる。\nＨＰの　残りが　少なくなると\n群れは　散り散りに　なってしまう。
25,8,209,ばけのかわ,体を　被う　化けの皮で\n１回　攻撃を　防ぐことが　できる。
25,8,210,きずなへんげ,相手を　倒すと　トレーナーとの\nキズナが　深まり　自分の\n攻撃　特攻　素早さが　上がる。
25,8,211,スワームチェンジ,ＨＰが　半分に　なると\nセルたちが　応援に　駆けつけ\nパーフェクトフォルムに　姿を　変える。
25,8,212,ふしょく,はがねタイプや　どくタイプも\nどく状態に　することが　できる。
25,8,213,ぜったいねむり,つねに　夢うつつの　状態で\n絶対に　目覚めない。\n眠ったまま　攻撃が　できる。
25,8,214,じょおうのいげん,相手に　威圧感を　あたえ\nこちらに　むかって　先制技を\n出せない　ようにする。
25,8,215,とびだすなかみ,相手に　倒されたとき\nＨＰの　残りの　ぶんだけ\n相手に　ダメージを　あたえる。
25,8,216,おどりこ,だれかが　踊り技を　使うと\n自分も　それに　続いて\n踊り技を　出すことが　できる。
25,8,217,バッテリー,味方の　特殊技の\n威力を　上げる。
25,8,218,もふもふ,相手から　受けた　接触する　技の\nダメージを　半減するが　ほのおタイプの\n技の　ダメージは　２倍になる。
25,8,219,ビビッドボディ,相手を　びっくり　させて\nこちらに　むかって　先制技を\n出せない　ようにする。
25,8,220,ソウルハート,ポケモンが　ひんしに　なるたびに\n特攻が　上がる。
25,8,221,カーリーヘアー,攻撃で　自分に　触れた　相手の\n素早さを　下げる。
25,8,222,レシーバー,倒された　味方の　特性を\n受け継いで　同じ　特性に　なる。
25,8,223,かがくのちから,倒された　味方の　特性を　受け継ぎ\n同じ　特性に　変わる。
25,8,224,ビーストブースト,相手を　倒したとき\n自分の　いちばん　高い\n能力が　上がる。
25,8,225,ＡＲシステム,持っている　メモリで\n自分の　タイプが　変わる。
25,8,226,エレキメイカー,登場　したときに\nエレキフィールドを　はりめぐらせる。
25,8,227,サイコメイカー,登場　したときに\nサイコフィールドを　はりめぐらせる。
25,8,228,ミストメイカー,登場　したときに\nミストフィールドを　はりめぐらせる。
25,8,229,グラスメイカー,登場　したときに\nグラスフィールドを　はりめぐらせる。
25,8,230,メタルプロテクト,相手の　技や　特性で\n能力を　下げられない。
25,8,231,ファントムガード,ＨＰが　満タンの　ときに\n受ける　ダメージが　少なくなる。
25,8,232,プリズムアーマー,効果バツグンに　なってしまう\n攻撃の　威力を\n弱める　ことが　できる。
25,8,233,ブレインフォース,効果バツグンの　攻撃で\n威力が　さらに　上がる。
25,8,234,ふとうのけん,最初に　登場　したとき\n攻撃が　上がる。
25,8,235,ふくつのたて,最初に　登場　したとき\n防御が　上がる。
25,8,236,リベロ,戦闘に　出るたび　１回だけ\n自分が　出す　技と\n同じ　タイプに　変化する。
25,8,237,たまひろい,道具を　持っていない　場合\n１回目に　投げて　失敗　した\nモンスターボールを　拾ってくる。
25,8,238,わたげ,攻撃を　受けると　わたげを　ばらまいて\n自分以外の　ポケモン　すべての\n素早さを　下げる。
25,8,239,スクリューおびれ,相手の　技を　引き受ける\n特性や　技の\n影響を　無視　できる。
25,8,240,ミラーアーマー,自分が　受けた\n能力　ダウンの\n効果　だけを　跳ね返す。
25,8,241,うのミサイル,なみのりか　ダイビングを　すると\n獲物を　くわえてくる。　ダメージを\n受けると　獲物を　吐きだして　攻撃。
25,8,242,すじがねいり,相手の　技を　引き受ける\n特性や　技の\n影響を　無視　できる。
25,8,243,じょうききかん,みずタイプ　ほのおタイプの\n技を　受けると\n素早さが　ぐぐーんと　上がる。
25,8,244,パンクロック,音技の　威力が　上がる。\n受けた　音技の\nダメージは　半分に　なる。
25,8,245,すなはき,攻撃を　受けると\n砂あらしを　起こす。
25,8,246,こおりのりんぷん,こおりのりんぷんに　守られて\n特殊攻撃で　受ける\nダメージが　半減　する。
25,8,247,じゅくせい,熟成　させることで\nきのみの　効果が\n倍に　なる。
25,8,248,アイスフェイス,物理攻撃は　頭の　氷が\nみがわりに　なるが　姿も　変わる。\n氷は　ゆきが　降ると　元に戻る。
25,8,249,パワースポット,隣に　いるだけで\n技の　威力が　上がる。
25,8,250,ぎたい,フィールドの　状態に　あわせて\nポケモンの　タイプが　変わる。
25,8,251,バリアフリー,登場　したときに　敵と　味方の\nひかりのかべ　リフレクター\nオーロラベールの　効果が　消える。
25,8,252,はがねのせいしん,味方の　はがねタイプの\n攻撃の　威力が　上がる。
25,8,253,ほろびのボディ,接触する　技を　受けると\nお互い　３ターン　たつと　ひんしになる。\n交代すると　効果は　なくなる。
25,8,254,さまようたましい,接触する　技で\n攻撃　してきた　ポケモンと\n特性を　入れ替える。
25,8,255,ごりむちゅう,攻撃は　上がるが\n最初に　選んだ\n技しか　出せなくなる。
25,8,256,かがくへんかガス,かがくへんかガスの　ポケモンが　場にいると\nすべての　ポケモンの　特性の\n効果が　消えたり　発動　しなくなる。
25,8,257,パステルベール,自分も　味方も\nどくの　状態異常を\n受けなくなる。
25,8,258,はらぺこスイッチ,ターンの　終わりに　まんぷくもよう\nはらぺこもよう　まんぷくもよう……と\n交互に　姿を　変える。
25,8,259,クイックドロウ,相手より　先に\n行動できることが　ある。
25,8,260,ふかしのこぶし,相手に　接触する　技なら\n守りの　効果を\n無視して　攻撃することが　できる。
25,8,261,きみょうなくすり,登場　したときに\n貝がらから　薬を　振りまいて\n味方の　能力変化を　元に戻す。
25,8,262,トランジスタ,でんきタイプの　技の\n威力が　上がる。
25,8,263,りゅうのあぎと,ドラゴンタイプの　技の\n威力が　上がる。
25,8,264,しろのいななき,相手を　倒すと\n冷たい　声で　いなないて\n攻撃が　上がる。
25,8,265,くろのいななき,相手を　倒すと\n恐ろしい　声で　いなないて\n特攻が　上がる。
25,8,266,じんばいったい,バドレックスの　きんちょうかんと\nブリザポスの　しろのいななきの\n二つの　特性を　あわせ持つ。
25,8,267,じんばいったい,バドレックスの　きんちょうかんと\nレイスポスの　くろのいななきの\n二つの　特性を　あわせ持つ。
25,8,268,とれないにおい,相手に　触られると\nとれないにおいが\n相手に　うつってしまう。
25,8,269,こぼれダネ,攻撃を　受けると\nグラスフィールドに　する。
25,8,270,ねつこうかん,ほのおタイプの　技を　受けると\n攻撃が　上がる。\nやけど状態に　ならない。
25,8,271,いかりのこうら,相手の攻撃で　ＨＰが　半分に　なると\n怒りで　防御と　特防が　下がるが\n攻撃　特攻　素早さが　上がる。
25,8,272,きよめのしお,清らかな塩で　状態異常に　ならない。\nゴーストタイプの　技の\nダメージを　半減させる。
25,8,273,こんがりボディ,ほのおタイプの　技を　受けると\nダメージを　受けずに\n防御が　ぐーんと　上がる。
25,8,274,かぜのり,おいかぜが　吹いたり　風技を　受けると\nダメージを　受けずに\n攻撃が　上がる。
25,8,275,ばんけん,いかく　されると　攻撃が　上がる。\nポケモンを　入れ替えさせる\n技や　道具が　効かない。
25,8,276,いわはこび,いわタイプの　技の\n威力が　上がる。
25,8,277,ふうりょくでんき,風技を　受けると\nじゅうでん　状態に　なる。
25,8,278,マイティチェンジ,手持ちに　ひっこむと\nマイティフォルムに　変化する。
25,8,279,しれいとう,登場したとき　味方に\nヘイラッシャが　いると　口の中に\n入って　そこから　指令を　だす。
25,8,280,でんきにかえる,ダメージを　受けると\nじゅうでん　状態に　なる。
25,8,281,こだいかっせい,ブーストエナジーを　持たせるか\n天気が　晴れのとき\nいちばん　高い能力が　上がる。
25,8,282,クォークチャージ,ブーストエナジーを　持たせるか\nエレキフィールドのとき\nいちばん　高い能力が　上がる。
25,8,283,おうごんのからだ,酸化せず　丈夫な　黄金の体は\n相手からの　変化技を　受けない。
25,8,284,わざわいのうつわ,災厄を　呼ぶ　器の力で\n自分以外の　特攻が　弱くなる。
25,8,285,わざわいのつるぎ,災厄を　呼ぶ　剣の力で\n自分以外の　防御が　弱くなる。
25,8,286,わざわいのおふだ,災厄を　呼ぶ　木札の力で\n自分以外の　攻撃が　弱くなる。
25,8,287,わざわいのたま,災厄を　呼ぶ　勾玉の力で\n自分以外の　特防が　弱くなる。
25,8,288,ひひいろのこどう,登場したとき　天気を　晴れにする。\n日差しが　強いと　古代の\n鼓動により　攻撃が　高まる。
25,8,289,ハドロンエンジン,登場したとき　エレキフィールドを　はる。\nエレキフィールドだと　未来の\n機関により　特攻が　高まる。
25,8,290,びんじょう,相手の　能力が　上がったとき\n自分も　便乗して\n同じように　能力を　上げる。
25,8,291,はんすう,きのみを　食べると\n次のターンの　終わりに　胃から\n出して　もう１回だけ　食べる。
25,8,292,きれあじ,相手を　切る技の\n威力が　上がる。
25,8,293,そうだいしょう,登場したとき　今まで　倒された\n味方の　数が　多いほど\n少しずつ　攻撃と　特攻が　上がる。
25,8,294,きょうえん,登場　したときに\n味方の　能力変化を　コピーする。
25,8,295,どくげしょう,物理技で　ダメージを　受けると\n相手の　足下に\nどくびしが　ちらばる。
25,8,296,テイルアーマー,頭を包む　謎のしっぽが\nこちらに　むかって　先制技を\n出せない　ようにする。
25,8,297,どしょく,じめんタイプの　技を　受けると\nダメージを　受けずに　回復する。
25,8,298,きんしのちから,変化技を　出すとき\n必ず　行動が　遅くなるが\n相手の　特性に　ジャマされない。
25,8,299,おもてなし,登場したとき　味方を　もてなして\nＨＰを　少しだけ　回復してあげる。
25,8,300,しんがん,ノーマル　かくとうタイプの技を　ゴーストタイプに\n当てることが　できる。　相手の　回避率の\n変化を　無視し　命中率も　下げられない。
25,8,301,おもかげやどし,思い出を　心に　宿すことで\nみどりのめんを　かがやかせ\n自分の　素早さを　上げる。
25,8,302,おもかげやどし,思い出を　心に　宿すことで\nかまどのめんを　かがやかせ\n自分の　攻撃を　上げる。
25,8,303,おもかげやどし,思い出を　心に　宿すことで\nいどのめんを　かがやかせ\n自分の　特防を　上げる。
25,8,304,おもかげやどし,思い出を　心に　宿すことで\nいしずえのめんを　かがやかせ\n自分の　防御を　上げる。
25,8,305,どくのくさり,毒素を　ふくんだ　鎖の力で\n技を　当てた　相手を\n猛毒の状態に　することが　ある。
25,8,306,かんろなミツ,最初に　登場　したとき\n甘ったるい　蜜の香りを　ふりまいて\n相手の　回避率を　下げる。
25,8,307,テラスチェンジ,登場したとき　周囲の\nエネルギーを　吸収し\nテラスタルフォルムに　変化する。
25,8,308,テラスシェル,全タイプの力を　秘めた甲羅は\nＨＰが　満タンの　ときに　受ける\nダメージを　すべて　今ひとつに　する。
25,8,309,ゼロフォーミング,テラパゴスが　ステラフォルムに　なったとき\n秘められた力で　天気と　フィールドの\n影響を　すべて　ゼロにする。
25,8,310,どくくぐつ,モモワロウの　技によって\nどく状態に　なった　相手は\nこんらん状態にも　なってしまう。
25,9,1,恶臭,通过释放臭臭的气味，\n在攻击的时候，\n有时会使对手畏缩。
25,9,2,降雨,出场时，\n会将天气变为下雨。
25,9,3,加速,每一回合速度会变快。
25,9,4,战斗盔甲,被坚硬的甲壳守护着，\n不会被对手的攻击击中要害。
25,9,5,结实,在ＨＰ全满时，即使受到招式攻击，\n也不会被一击打倒。\n一击必杀的招式也没有效果。
25,9,6,湿气,通过把周围都弄湿，\n使谁都无法使用玉石俱碎等爆炸类的招式。
25,9,7,柔软,因为身体柔软，\n不会变为麻痹状态。
25,9,8,沙隐,在沙暴的时候，\n闪避率会提高。
25,9,9,静电,身上带有静电，\n有时会让接触到的对手麻痹。
25,9,10,蓄电,受到电属性的招式攻击时，\n不会受到伤害，而是会回复。
25,9,11,储水,受到水属性的招式攻击时，\n不会受到伤害，而是会回复。
25,9,12,迟钝,因为感觉迟钝，\n不会变为着迷和被挑衅状态。\n对威吓也毫不动摇。
25,9,13,无关天气,任何天气的影响都会消失。
25,9,14,复眼,因为拥有复眼，\n招式的命中率会提高。
25,9,15,不眠,因为有着睡不着的体质，\n所以不会陷入睡眠状态。
25,9,16,变色,自己的属性会变为\n从对手处所受招式的属性。
25,9,17,免疫,因为体内拥有免疫能力，\n不会变为中毒状态。
25,9,18,引火,受到火属性的招式攻击时，\n吸收火焰，自己使出的\n火属性招式会变强。
25,9,19,鳞粉,被鳞粉守护着，\n不会受到招式的追加效果影响。
25,9,20,我行我素,因为我行我素，\n不会变为混乱状态。\n对威吓也毫不动摇。
25,9,21,吸盘,用吸盘牢牢贴在地面上，\n让替换宝可梦的招式和道具无效。
25,9,22,威吓,出场时威吓对手，\n让其退缩，\n降低对手的攻击。
25,9,23,踩影,踩住对手的影子\n使其无法逃走或替换。
25,9,24,粗糙皮肤,受到攻击时，\n用粗糙的皮肤弄伤\n接触到自己的对手。
25,9,25,神奇守护,不可思议的力量，\n只有效果绝佳的招式才能击中。
25,9,26,飘浮,从地面浮起，\n从而不会受到地面属性招式的攻击。
25,9,27,孢子,受到攻击时，\n有时会把接触到自己的对手\n变为中毒、麻痹或睡眠状态。
25,9,28,同步,将自己的中毒、麻痹\n或灼伤状态传染给对手。
25,9,29,恒净之躯,不会因为对手的招式或特性\n而被降低能力。
25,9,30,自然回复,回到同行队伍后，\n异常状态就会被治愈。
25,9,31,避雷针,将电属性的招式吸引到自己身上，\n不会受到伤害，而是会提高特攻。
25,9,32,天恩,托天恩的福，\n招式的追加效果容易出现。
25,9,33,悠游自如,下雨天气时，\n速度会提高。
25,9,34,叶绿素,晴朗天气时，\n速度会提高。
25,9,35,发光,通过让周围变亮\n来保持命中率不会被降低。
25,9,36,复制,出场时，复制对手的特性，\n变为与之相同的特性。
25,9,37,大力士,物理攻击的威力会变为２倍。
25,9,38,毒刺,有时会让接触到自己的\n对手变为中毒状态。
25,9,39,精神力,拥有经过锻炼的精神，\n而不会因对手的攻击而畏缩。\n对威吓也毫不动摇。
25,9,40,熔岩铠甲,将炽热的熔岩覆盖在身上，\n不会变为冰冻状态。
25,9,41,水幕,将水幕裹在身上，\n不会变为灼伤状态。
25,9,42,磁力,用磁力吸住钢属性的宝可梦，\n使其无法逃走。
25,9,43,隔音,通过屏蔽声音，\n不受到声音招式的影响。
25,9,44,雨盘,下雨天气时，\n会缓缓回复ＨＰ。
25,9,45,扬沙,出场时，\n会把天气变为沙暴。
25,9,46,压迫感,给予对手压迫感，\n大量减少其使用招式的ＰＰ。
25,9,47,厚脂肪,因为被厚厚的脂肪保护着，\n会让火属性和冰属性的招式伤害减半。
25,9,48,早起,即使变为睡眠状态，\n也能以２倍的速度提早醒来。
25,9,49,火焰之躯,有时会让接触到自己的\n对手变为灼伤状态。
25,9,50,逃跑,一定能从野生宝可梦\n那儿逃走。
25,9,51,锐利目光,多亏了锐利的目光，\n命中率不会被降低。
25,9,52,怪力钳,因为拥有以力量自豪的钳子，\n不会被对手降低攻击。
25,9,53,捡拾,有时会捡来对手用过的道具，\n冒险过程中也会捡到。
25,9,54,懒惰,如果使出招式，\n下一回合就会休息。
25,9,55,活力,自己的攻击变高，\n但命中率会降低。
25,9,56,迷人之躯,有时会让接触到自己的对手着迷。
25,9,57,正电,出场的伙伴之间\n如果有正电或负电特性的宝可梦，\n自己的特攻会提高。
25,9,58,负电,出场的伙伴之间\n如果有正电或负电特性的宝可梦，\n自己的特攻会提高。
25,9,59,阴晴不定,受天气的影响，\n会变为水属性、火属性\n或冰属性中的某一个。
25,9,60,黏着,因为道具是粘在黏性身体上的，\n所以不会被对手夺走。
25,9,61,蜕皮,通过蜕去身上的皮，\n有时会治愈异常状态。
25,9,62,毅力,如果变为异常状态，\n会拿出毅力，\n攻击会提高。
25,9,63,神奇鳞片,如果变为异常状态，\n神奇鳞片会发生反应，\n防御会提高。
25,9,64,污泥浆,吸收了污泥浆的对手\n会因强烈的恶臭\n而受到伤害，减少ＨＰ。
25,9,65,茂盛,ＨＰ减少的时候，\n草属性的招式威力会提高。
25,9,66,猛火,ＨＰ减少的时候，\n火属性的招式威力会提高。
25,9,67,激流,ＨＰ减少的时候，\n水属性的招式威力会提高。
25,9,68,虫之预感,ＨＰ减少的时候，\n虫属性的招式威力会提高。
25,9,69,坚硬脑袋,即使使出会受反作用力伤害的招式，\nＨＰ也不会减少。
25,9,70,日照,出场时，\n会将天气变为晴朗。
25,9,71,沙穴,在战斗中让对手无法逃走。
25,9,72,干劲,通过激发出干劲，\n不会变为睡眠状态。
25,9,73,白色烟雾,被白色烟雾保护着，\n不会被对手降低能力。
25,9,74,瑜伽之力,因瑜伽的力量，\n物理攻击的威力会变为２倍。
25,9,75,硬壳盔甲,被坚硬的壳保护着，\n对手的攻击不会击中要害。
25,9,76,气闸,所有天气的影响都会消失。
25,9,77,蹒跚,在混乱状态时，\n闪避率会提高。
25,9,78,电气引擎,受到电属性的招式攻击时，\n不会受到伤害，而是速度会提高。
25,9,79,斗争心,面对性别相同的对手，\n会燃起斗争心，变得更强。\n而面对性别不同的，则会变弱。
25,9,80,不屈之心,每次畏缩时，\n不屈之心就会燃起，\n速度也会提高。
25,9,81,雪隐,下雪天气时，\n闪避率会提高。
25,9,82,贪吃鬼,原本ＨＰ变得很少时才会吃树果，\n在ＨＰ还有一半时就会把它吃掉。
25,9,83,愤怒穴位,要害被击中时，\n会大发雷霆，\n攻击力变为最大。
25,9,84,轻装,失去所持有的道具时，\n速度会提高。
25,9,85,耐热,耐热的体质会\n让火属性的招式伤害减半。
25,9,86,单纯,能力变化会变为平时的２倍。
25,9,87,干燥皮肤,下雨天气时和受到水属性的招式时，\nＨＰ会回复。晴朗天气时和受到火属性的\n招式时，ＨＰ会减少。
25,9,88,下载,比较对手的防御和特防，\n根据较低的那项能力\n相应地提高自己的攻击或特攻。
25,9,89,铁拳,使用拳类招式的威力会提高。
25,9,90,毒疗,变为中毒状态时，\nＨＰ不会减少，反而会增加起来。
25,9,91,适应力,与自身同属性的招式\n威力会提高。
25,9,92,连续攻击,如果使用连续招式，\n总是能使出最高次数。
25,9,93,湿润之躯,下雨天气时，\n异常状态会治愈。
25,9,94,太阳之力,晴朗天气时，\n特攻会提高，\n而每回合ＨＰ会减少。
25,9,95,飞毛腿,变为异常状态时，\n速度会提高。
25,9,96,一般皮肤,无论是什么属性的招式，\n全部会变为一般属性。\n威力会少量提高。
25,9,97,狙击手,击中要害时，\n威力会变得更强。
25,9,98,魔法防守,不会受到攻击以外的伤害。
25,9,99,无防守,由于无防守战术，\n双方使出的招式都必定会击中。
25,9,100,慢出,使出招式的顺序\n必定会变为最后。
25,9,101,技术高手,攻击时可以将\n低威力招式的威力提高。
25,9,102,叶子防守,晴朗天气时，\n不会变为异常状态。
25,9,103,笨拙,无法使用持有的道具。
25,9,104,破格,可以不受对手特性的干扰，\n向对手使出招式。
25,9,105,超幸运,因为拥有超幸运，\n攻击容易击中对手的要害。
25,9,106,诱爆,变为昏厥时，\n会对接触到自己的对手造成伤害。
25,9,107,危险预知,可以察觉到\n对手拥有的危险招式。
25,9,108,预知梦,出场时，\n只读取１个对手拥有的招式。
25,9,109,纯朴,可以无视对手能力的变化，\n进行攻击。
25,9,110,有色眼镜,可以将效果不好的招式\n以通常的威力使出。
25,9,111,过滤,受到效果绝佳的攻击时，\n可以减弱其威力。
25,9,112,慢启动,在５回合内，\n攻击和速度减半。
25,9,113,胆量,一般属性和格斗属性的招式\n可以击中幽灵属性的宝可梦。\n对威吓也毫不动摇。
25,9,114,引水,将水属性的招式引到自己身上，\n不会受到伤害，而是会提高特攻。
25,9,115,冰冻之躯,下雪天气时，\n会缓缓回复ＨＰ。
25,9,116,坚硬岩石,受到效果绝佳的攻击时，\n可以减弱其威力。
25,9,117,降雪,出场时，\n会将天气变为下雪。
25,9,118,采蜜,战斗结束时，\n有时候会捡来甜甜蜜。
25,9,119,察觉,出场时，\n可以察觉对手的持有物。
25,9,120,舍身,自己会因反作用力受伤的招式，\n其威力会提高。
25,9,121,多属性,自己的属性会根据\n持有的石板而改变。
25,9,122,花之礼,晴朗天气时，\n自己与同伴的攻击和\n特防能力会提高。
25,9,123,梦魇,给予睡眠状态的对手伤害。
25,9,124,顺手牵羊,盗取接触到自己的\n对手的道具。
25,9,125,强行,招式的追加效果消失，\n但因此能以更高的威力使出招式。
25,9,126,唱反调,能力的变化发生逆转，\n原本提高时会降低，\n而原本降低时会提高。
25,9,127,紧张感,让对手紧张，\n使其无法食用树果。
25,9,128,不服输,被对手降低能力时，\n攻击会大幅提高。
25,9,129,软弱,ＨＰ减半时，\n会变得软弱，\n攻击和特攻会减半。
25,9,130,咒术之躯,受到攻击时，\n有时会把对手的招式\n变为定身法状态。
25,9,131,治愈之心,有时会治愈异常状态的同伴。
25,9,132,友情防守,可以减少我方的伤害。
25,9,133,碎裂铠甲,受到物理招式的伤害时，\n防御会降低，\n速度会大幅提高。
25,9,134,重金属,自身的重量会变为２倍。
25,9,135,轻金属,自身的重量会减半。
25,9,136,多重鳞片,ＨＰ全满时，\n受到的伤害会变少。
25,9,137,中毒激升,变为中毒状态时，\n物理招式的威力会提高。
25,9,138,受热激升,变为灼伤状态时，\n特殊招式的威力会提高。
25,9,139,收获,可以多次制作出\n已被使用掉的树果。
25,9,140,心灵感应,读取我方的攻击，\n并闪避其招式伤害。
25,9,141,心情不定,每一回合，能力中的某项\n会大幅提高，而某项会降低。
25,9,142,防尘,不会受到沙暴的伤害。也不会\n受到粉末类和孢子类招式的影响。
25,9,143,毒手,只通过接触就有可能\n让对手变为中毒状态。
25,9,144,再生力,退回同行队伍后，\nＨＰ会少量回复。
25,9,145,健壮胸肌,不会受到防御降低的效果。
25,9,146,拨沙,沙暴天气时，\n速度会提高。
25,9,147,奇迹皮肤,成为不易受到变化招式\n攻击的身体。
25,9,148,分析,如果在最后使出招式，\n招式的威力会提高。
25,9,149,幻觉,假扮成同行队伍中的\n最后一只宝可梦出场，\n迷惑对手。
25,9,150,变身者,变身为当前面对的宝可梦。
25,9,151,穿透,可以穿透对手的壁障\n或替身进行攻击。
25,9,152,木乃伊,被对手接触到后，\n会将对手变为木乃伊。
25,9,153,自信过度,如果打倒对手，\n就会充满自信，攻击会提高。
25,9,154,正义之心,受到恶属性的招式攻击时，\n因为正义感，攻击会提高。
25,9,155,胆怯,受到恶属性、幽灵属性\n和虫属性的攻击或威吓时，\n会因胆怯而速度提高。
25,9,156,魔法镜,可以不受到由对手使出的\n变化招式影响，并将其反弹。
25,9,157,食草,受到草属性的招式攻击时，\n不会受到伤害，而是攻击会提高。
25,9,158,恶作剧之心,可以率先使出变化招式。
25,9,159,沙之力,沙暴天气时，\n岩石属性、地面属性\n和钢属性的招式威力会提高。
25,9,160,铁刺,用铁刺给予接触到自己的\n对手伤害。
25,9,161,达摩模式,ＨＰ变为一半以下时，\n样子会改变。
25,9,162,胜利之星,自己和同伴的命中率会提高。
25,9,163,涡轮火焰,可以不受对手特性的干扰，\n向对手使出招式。
25,9,164,兆级电压,可以不受对手特性的干扰，\n向对手使出招式。
25,9,165,芳香幕,可以防住向自己和同伴\n发出的心灵攻击。
25,9,166,花幕,我方的草属性宝可梦\n能力不会降低，\n也不会变为异常状态。
25,9,167,颊囊,无论是哪种树果，\n食用后，ＨＰ都会回复。
25,9,168,变幻自如,变为与自己使出的招式\n相同的属性。\n每次出场战斗仅生效一次。
25,9,169,毛皮大衣,对手给予的物理招式的\n伤害会减半。
25,9,170,魔术师,夺走被自己的招式\n击中的对手的道具。
25,9,171,防弹,可以防住对手的\n球和弹类招式。
25,9,172,好胜,如果被对手降低能力，\n特攻会大幅提高。
25,9,173,强壮之颚,因为颚部强壮，\n啃咬类招式的威力会提高。
25,9,174,冰冻皮肤,一般属性的招式\n会变为冰属性。\n威力会少量提高。
25,9,175,甜幕,自己和同伴的宝可梦\n不会变为睡眠状态。
25,9,176,战斗切换,如果使出攻击招式，会变为刀剑形态，\n如果使出招式“王者盾牌”，\n会变为盾牌形态。
25,9,177,疾风之翼,ＨＰ全满时，\n飞行属性的招式可以率先使出。
25,9,178,超级发射器,波动和波导类招式的\n威力会提高。
25,9,179,草之毛皮,在青草场地时，\n防御会提高。
25,9,180,共生,同伴使用道具时，\n会把自己持有的道具传递给同伴。
25,9,181,硬爪,接触到对手的招式\n威力会提高。
25,9,182,妖精皮肤,一般属性的招式\n会变为妖精属性。\n威力会少量提高。
25,9,183,黏滑,对于用攻击接触到自己的对手，\n会降低其速度。
25,9,184,飞行皮肤,一般属性的招式\n会变为飞行属性。\n威力会少量提高。
25,9,185,亲子爱,亲子俩可以合计攻击２次。
25,9,186,暗黑气场,全体的恶属性招式变强。
25,9,187,妖精气场,全体的妖精属性招式变强。
25,9,188,气场破坏,让气场的效果发生逆转，\n降低威力。
25,9,189,始源之海,变为不会受到\n火属性攻击的天气。
25,9,190,终结之地,变为不会受到\n水属性攻击的天气。
25,9,191,德尔塔气流,变为令飞行属性的弱点\n消失的天气。
25,9,192,持久力,受到攻击时，\n防御会提高。
25,9,193,跃跃欲逃,ＨＰ变为一半时，\n会慌慌张张逃走，\n退回同行队伍中。
25,9,194,危险回避,ＨＰ变为一半时，\n为了回避危险，\n会退回到同行队伍中。
25,9,195,遇水凝固,受到水属性的招式攻击时，\n防御会大幅提高。
25,9,196,不仁不义,攻击中毒状态的对手时，\n必定会击中要害。
25,9,197,界限盾壳,ＨＰ变为一半时，\n壳会坏掉，变得有攻击性。
25,9,198,蹲守,可以对替换出场的对手\n以２倍的伤害进行攻击。
25,9,199,水泡,降低自己受到的火属性\n招式的威力，不会灼伤。
25,9,200,钢能力者,钢属性的招式威力会提高。
25,9,201,怒火冲天,因对手的攻击\nＨＰ变为一半时，\n特攻会提高。
25,9,202,拨雪,下雪天气时，\n速度会提高。
25,9,203,远隔,可以不接触对手\n就使出所有的招式。
25,9,204,湿润之声,所有的声音招式\n都变为水属性。
25,9,205,先行治疗,可以率先使出回复招式。
25,9,206,电气皮肤,一般属性的招式\n会变为电属性。\n威力会少量提高。
25,9,207,冲浪之尾,电气场地时，\n速度会变为２倍。
25,9,208,鱼群,ＨＰ多的时候会聚起来变强。\nＨＰ剩余量变少时，\n群体会分崩离析。
25,9,209,画皮,通过画皮覆盖住身体，\n可以防住１次攻击。
25,9,210,牵绊变身,打倒对手时，与训练家的牵绊会增强，\n自己的攻击、特攻、速度会提高。
25,9,211,群聚变形,ＨＰ变为一半时，\n细胞们会赶来支援，\n变为完全体形态。
25,9,212,腐蚀,可以使钢属性和毒属性的宝可梦\n也陷入中毒状态。
25,9,213,绝对睡眠,总是半梦半醒的状态，\n绝对不会醒来。\n可以就这么睡着进行攻击。
25,9,214,女王的威严,向对手施加威慑力，\n使其无法对我方使出先制招式。
25,9,215,飞出的内在物,被对手打倒的时候，\n会给予对手相当于\nＨＰ剩余量的伤害。
25,9,216,舞者,有谁使出跳舞招式时，\n自己也能就这么接着使出跳舞招式。
25,9,217,蓄电池,会提高我方的\n特殊招式的威力。
25,9,218,毛茸茸,会将对手所给予的接触类招式的伤害减半，\n但火属性招式的伤害会变为２倍。
25,9,219,鲜艳之躯,让对手吓一跳，\n使其无法对我方使出先制招式。
25,9,220,魂心,宝可梦每次变为昏厥状态时，\n特攻会提高。
25,9,221,卷发,对于用攻击接触到自己的对手，\n会降低其速度。
25,9,222,接球手,继承被打倒的同伴的特性，\n变为相同的特性。
25,9,223,化学之力,继承被打倒的同伴的特性，\n变为相同的特性。
25,9,224,异兽提升,打倒对手的时候，\n自己最高的那项能力会提高。
25,9,225,ＡＲ系统,根据持有的存储碟，\n自己的属性会改变。
25,9,226,电气制造者,出场时，\n会布下电气场地。
25,9,227,精神制造者,出场时，\n会布下精神场地。
25,9,228,薄雾制造者,出场时，\n会布下薄雾场地。
25,9,229,青草制造者,出场时，\n会布下青草场地。
25,9,230,金属防护,不会因为对手的招式或特性\n而被降低能力。
25,9,231,幻影防守,ＨＰ全满时，\n受到的伤害会变少。
25,9,232,棱镜装甲,受到效果绝佳的攻击时，\n可以减弱其威力。
25,9,233,脑核之力,效果绝佳的攻击，\n威力会变得更强。
25,9,234,不挠之剑,首次出场时，\n攻击会提高。
25,9,235,不屈之盾,首次出场时，\n防御会提高。
25,9,236,自由者,变为与自己使出的招式\n相同的属性。\n每次出场战斗仅生效一次。
25,9,237,捡球,没有携带道具时，\n会拾取第１个投出后\n捕捉失败的精灵球。
25,9,238,棉絮,受到攻击后撒下棉絮，\n降低除自己以外的\n所有宝可梦的速度。
25,9,239,螺旋尾鳍,能无视具有吸引\n对手招式效果的\n特性或招式的影响。
25,9,240,镜甲,只反弹自己受到的\n能力降低效果。
25,9,241,一口导弹,冲浪或潜水时会叼来猎物。\n受到伤害时，\n会吐出猎物进行攻击。
25,9,242,坚毅,能无视具有吸引\n对手招式效果的\n特性或招式的影响。
25,9,243,蒸汽机,受到水属性或\n火属性的招式攻击时，\n速度会巨幅提高。
25,9,244,庞克摇滚,声音招式的威力会提高。\n受到的声音招式伤害会减半。
25,9,245,吐沙,受到攻击时，\n会刮起沙暴。
25,9,246,冰鳞粉,由于有冰鳞粉的守护，\n受到的特殊攻击伤害会减半。
25,9,247,熟成,使树果成熟，\n效果变为２倍。
25,9,248,结冻头,头部的冰会代替自己承受\n物理攻击，但是样子会改变。\n下雪时，冰会恢复原状。
25,9,249,能量点,只要处在相邻位置，\n招式的威力就会提高。
25,9,250,拟态,宝可梦的属性会根据\n场地的状态而变化。
25,9,251,除障,出场时，敌方和我方的光墙、\n反射壁和极光幕的效果会消失。
25,9,252,钢之意志,我方的钢属性\n攻击威力会提高。
25,9,253,灭亡之躯,受到接触类招式攻击时，\n双方都会在３回合后变为昏厥状态。\n替换后效果消失。
25,9,254,游魂,与使用接触类招式\n攻击自己的宝可梦互换特性。
25,9,255,一猩一意,虽然攻击会提高，\n但是只能使出\n一开始所选的招式。
25,9,256,化学变化气体,特性为化学变化气体的宝可梦在场时，\n场上所有宝可梦的\n特性效果都会消失或者无法生效。
25,9,257,粉彩护幕,自己和同伴都不会\n陷入中毒的异常状态。
25,9,258,饱了又饿,每回合结束时会在\n满腹花纹与空腹花纹之间\n交替改变样子。
25,9,259,速击,有时能比对手先一步行动。
25,9,260,无形拳,如果使出的是接触到对手的招式，\n就可以无视守护效果进行攻击。
25,9,261,怪药,出场时会从贝壳撒药，\n将我方的能力变化复原。
25,9,262,电晶体,电属性的招式威力会提高。
25,9,263,龙颚,龙属性的招式威力会提高。
25,9,264,苍白嘶鸣,打倒对手时\n会用冰冷的声音嘶鸣\n并提高攻击。
25,9,265,漆黑嘶鸣,打倒对手时\n会用恐怖的声音嘶鸣\n并提高特攻。
25,9,266,人马一体,兼备蕾冠王的紧张感和\n雪暴马的苍白嘶鸣这两种特性。
25,9,267,人马一体,兼备蕾冠王的紧张感和\n灵幽马的漆黑嘶鸣这两种特性。
25,9,268,甩不掉的气味,被对手接触到后，\n甩不掉的气味\n会沾上对手。
25,9,269,掉出种子,受到攻击时，\n会将脚下变成青草场地。
25,9,270,热交换,受到火属性的招式攻击时，\n攻击会提高，且不会陷入灼伤状态。
25,9,271,愤怒甲壳,因被对手攻击而ＨＰ变为一半时，\n会因愤怒降低防御和特防。\n但攻击、特攻、速度会提高。
25,9,272,洁净之盐,因洁净的盐而不会陷入异常状态。\n会让幽灵属性的招式伤害减半。
25,9,273,焦香之躯,受到火属性的招式攻击时，\n不会受到伤害，而是会大幅提高防御。
25,9,274,乘风,吹起了顺风或受到风的招式攻击时，\n不会受到伤害，而是会提高攻击。
25,9,275,看门犬,受到威吓时，攻击会提高。\n让替换宝可梦的招式和道具无效。
25,9,276,搬岩,岩石属性的招式威力会提高。
25,9,277,风力发电,受到风的招式攻击时，\n会变为充电状态。
25,9,278,全能变身,回到同行队伍后，\n会变为全能形态。
25,9,279,发号施令,出场时，若我方当中有吃吼霸，\n就会进入其口中，\n并从其口中发出指令。
25,9,280,电力转换,受到伤害时，\n会变为充电状态。
25,9,281,古代活性,携带着驱劲能量\n或天气为晴朗时，\n数值最高的能力会提高。
25,9,282,夸克充能,携带着驱劲能量\n或在电气场地上时，\n数值最高的能力会提高。
25,9,283,黄金之躯,不会氧化的坚固黄金身躯\n不会受到对手的变化招式的影响。
25,9,284,灾祸之鼎,以能呼唤灾厄的鼎的力量\n降低除自己以外的宝可梦的特攻。
25,9,285,灾祸之剑,以能呼唤灾厄的剑的力量\n降低除自己以外的宝可梦的防御。
25,9,286,灾祸之简,以能呼唤灾厄的简的力量\n降低除自己以外的宝可梦的攻击。
25,9,287,灾祸之玉,以能呼唤灾厄的勾玉的力量\n降低除自己以外的宝可梦的特防。
25,9,288,绯红脉动,出场时，会将天气变为晴朗。\n日照强烈时，会通过\n古代的脉动升高攻击。
25,9,289,强子引擎,出场时，会布下电气场地。\n处于电气场地时，会通过\n未来的机关升高特攻。
25,9,290,跟风,对手的能力提高时，\n自己也会趁机\n同样地提高能力。
25,9,291,反刍,吃了树果后，会在下一回合结束时\n从胃反刍出来再吃１次。
25,9,292,锋锐,提高切割对手的\n招式的威力。
25,9,293,大将,出场时，攻击和特攻会按照目前\n被打倒的同伴数量逐渐提升，\n被打倒越多，提升越多。
25,9,294,同台共演,出场时，\n复制同伴的能力变化。
25,9,295,毒满地,受到物理招式的伤害时，\n会在对手脚下散布毒菱。
25,9,296,尾甲,包裹头部的神秘尾巴\n使对手无法对我方使出先制招式。
25,9,297,食土,受到地面属性的招式攻击时，\n不会受到伤害，而是会得到回复。
25,9,298,菌丝之力,使出变化招式时，\n虽然行动必定会变慢，\n但能不受对手的特性妨碍。
25,9,299,款待,出场时款待同伴，\n回复其少量ＨＰ。
25,9,300,心眼,一般属性和格斗属性的招式可以\n击中幽灵属性的宝可梦。无视对手的\n闪避率的变化，且命中率不会被降低。
25,9,301,面影辉映,将回忆映于心中，\n让碧草面具发出光辉，\n提高自己的速度。
25,9,302,面影辉映,将回忆映于心中，\n让火灶面具发出光辉，\n提高自己的攻击。
25,9,303,面影辉映,将回忆映于心中，\n让水井面具发出光辉，\n提高自己的特防。
25,9,304,面影辉映,将回忆映于心中，\n让础石面具发出光辉，\n提高自己的防御。
25,9,305,毒锁链,凭借含有毒素的锁链的力量，\n有时能让被招式击中的对手\n陷入剧毒状态。
25,9,306,甘露之蜜,首次出场时，\n会散发出甜腻的蜜的香味\n来降低对手的闪避率。
25,9,307,太晶变形,出场时，会吸收周围的能量，\n变为太晶形态。
25,9,308,太晶甲壳,甲壳蕴藏着全部属性的力量，\n会将自己ＨＰ全满时受到的伤害\n全都变为效果不好。
25,9,309,归零化境,太乐巴戈斯变为星晶形态时，\n蕴藏在它身上的力量会将\n天气和场地的影响全部归零。
25,9,310,毒傀儡,因桃歹郎的招式\n而陷入中毒状态的对手\n同时也会陷入混乱状态。
25,10,1,惡臭,發出臭氣，\n在攻擊的時候，\n有時會使對手畏縮。
25,10,2,降雨,出場時，\n會將天氣變為下雨。
25,10,3,加速,每一回合速度會變快。
25,10,4,戰鬥盔甲,被堅硬的甲殼守護著，\n不會被對手的攻擊擊中要害。
25,10,5,結實,在ＨＰ全滿時受到招式攻擊\n不會被一擊打倒。\n一擊必殺的招式也沒有效果。
25,10,6,濕氣,透過把周圍都弄濕，\n使誰都無法使用自爆等爆炸類的招式。
25,10,7,柔軟,因為身體柔軟，\n不會陷入麻痺狀態。
25,10,8,沙隱,在沙暴中\n閃避率會提高。
25,10,9,靜電,身上帶有靜電，\n有時會令接觸到的對手麻痺。
25,10,10,蓄電,受到電屬性的招式攻擊時，\n不會受到傷害，而是會回復。
25,10,11,儲水,受到水屬性的招式攻擊時，\n不會受到傷害，而是會回復。
25,10,12,遲鈍,感覺遲鈍，\n不會陷入著迷和被挑釁狀態。\n面對威嚇也不會動搖。
25,10,13,無關天氣,任何天氣的影響都會消失。
25,10,14,複眼,因為擁有複眼，\n會提高招式的命中率。
25,10,15,不眠,因為有著睡不著的體質，\n所以不會陷入睡眠狀態。
25,10,16,變色,自己的屬性會變為\n擊中自己的對手招式的屬性。
25,10,17,免疫,因為體內擁有免疫能力，\n不會陷入中毒狀態。
25,10,18,引火,受到火屬性的招式攻擊時，\n吸收火焰，讓自己使出的\n火屬性招式變強。
25,10,19,鱗粉,被鱗粉守護著，\n不會受到招式的追加效果影響。
25,10,20,我行我素,因為我行我素，\n不會陷入混亂狀態。\n面對威嚇也不會動搖。
25,10,21,吸盤,用吸盤將自己牢牢吸附在地面上，\n讓替換寶可夢的招式和道具失效。
25,10,22,威嚇,出場時威嚇對手，\n使其退縮，\n從而降低對手的攻擊。
25,10,23,踩影,踩住對手的影子\n使其無法逃走或替換。
25,10,24,粗糙皮膚,受到攻擊時，\n用粗糙的皮膚弄傷\n接觸到自己的對手。
25,10,25,神奇守護,不可思議的力量，\n只有效果絕佳的招式才會擊中自己。
25,10,26,飄浮,從地面浮起，\n從而不會受到地面屬性招式的攻擊。
25,10,27,孢子,受到攻擊時，\n有時會讓接觸到自己的對手\n陷入中毒、麻痺或睡眠狀態。
25,10,28,同步,將自己的中毒、麻痺或\n灼傷狀態傳染給對手。
25,10,29,恆淨之軀,不會因對手的招式或特性\n而被降低能力。
25,10,30,自然回復,異常狀態會在\n離場後治癒。
25,10,31,避雷針,將電屬性的招式吸引到自己身上，\n不但不會受到傷害，反而會提高特攻。
25,10,32,天恩,受到上天保佑，\n容易出現招式的追加效果。
25,10,33,悠游自如,天氣為下雨時，\n速度會提高。
25,10,34,葉綠素,天氣為晴朗時，\n速度會提高。
25,10,35,發光,透過讓周圍變亮，\n命中率不會被降低。
25,10,36,複製,出場時，複製對手的特性，\n變為與之相同的特性。
25,10,37,大力士,物理攻擊的威力會變為２倍。
25,10,38,毒刺,有時會讓接觸到自己的\n對手陷入中毒狀態。
25,10,39,精神力,靠著經過鍛鍊的精神，\n不會因對手的攻擊而畏縮。\n面對威嚇也不會動搖。
25,10,40,熔岩鎧甲,將熾熱的熔岩覆蓋在身上，\n不會陷入冰凍狀態。
25,10,41,水幕,將水幕裹在身上，\n不會陷入灼傷狀態。
25,10,42,磁力,用磁力吸住鋼屬性的寶可夢，\n使其無法逃走。
25,10,43,隔音,透過遮蔽聲音，\n不受到聲音招式的攻擊。
25,10,44,雨盤,天氣為下雨時，\n會漸漸回復ＨＰ。
25,10,45,揚沙,出場時，\n會把天氣變為沙暴。
25,10,46,壓迫感,給予對手壓迫感，\n大量減少其使用招式的ＰＰ。
25,10,47,厚脂肪,被厚厚的脂肪保護著，\n能夠讓火屬性和冰屬性\n招式的傷害減半。
25,10,48,早起,即使陷入睡眠狀態，\n也能以２倍的速度提早醒來。
25,10,49,火焰之軀,有時會讓接觸到自己的\n對手陷入灼傷狀態。
25,10,50,逃跑,一定能從野生寶可夢\n那裡逃走。
25,10,51,銳利目光,靠著銳利的目光，\n命中率不會被降低。
25,10,52,怪力鉗,因為擁有以力量為傲的鉗子，\n不會被對手降低攻擊。
25,10,53,撿拾,有時會撿來對手用過的道具。\n冒險過程中也會撿來。
25,10,54,懶惰,如果使出招式，\n下一回合就需要休息。
25,10,55,活力,自己的攻擊雖會變高，\n但命中率會降低。
25,10,56,迷人之軀,有時會讓接觸到自己的對手\n陷入著迷狀態。
25,10,57,正電,場上的夥伴之中，\n如果有正電或負電特性的寶可夢，\n自己的特攻會提高。
25,10,58,負電,場上的夥伴之中，\n如果有正電或負電特性的寶可夢，\n自己的特攻會提高。
25,10,59,陰晴不定,在天氣的影響下，\n會變成水屬性、火屬性\n或冰屬性之中的一種。
25,10,60,黏著,道具會黏在\n具有黏性的身體上，\n不會被對手奪走。
25,10,61,蛻皮,透過蛻去身上的皮，\n有時會治癒異常狀態。
25,10,62,毅力,陷入異常狀態時，\n會拿出毅力，\n攻擊會提高。
25,10,63,神奇鱗片,陷入異常狀態時，\n神奇鱗片會發生反應，\n防禦會提高。
25,10,64,污泥漿,吸收了污泥漿的對手\n會因為強烈的惡臭而\n使得ＨＰ減少。
25,10,65,茂盛,ＨＰ減少的時候，\n草屬性的招式威力會提高。
25,10,66,猛火,ＨＰ減少的時候，\n火屬性的招式威力會提高。
25,10,67,激流,ＨＰ減少的時候，\n水屬性的招式威力會提高。
25,10,68,蟲之預感,ＨＰ減少的時候，\n蟲屬性的招式威力會提高。
25,10,69,堅硬腦袋,即使使出會受反作用力傷害的招式，\nＨＰ也不會減少。
25,10,70,日照,出場時，\n會將天氣變為晴朗。
25,10,71,沙穴,在戰鬥中讓對手無法逃走。
25,10,72,幹勁,透過激發出幹勁，\n不會陷入睡眠狀態。
25,10,73,白色煙霧,被白色煙霧保護著，\n不會被對手降低能力。
25,10,74,瑜伽之力,因瑜伽的力量，\n物理攻擊的威力會變為２倍。
25,10,75,硬殼盔甲,被堅硬的殼保護著，\n對手的攻擊不會擊中要害。
25,10,76,氣閘,所有天氣的影響都會消失。
25,10,77,蹣跚,陷入混亂狀態時，\n閃避率會提高。
25,10,78,電氣引擎,受到電屬性的招式攻擊時，\n不但不會受到傷害，反而速度會提高。
25,10,79,鬥爭心,面對性別相同的對手，\n會燃起鬥爭心，變得更強。\n面對性別不同的對手時則會變弱。
25,10,80,不屈之心,每次畏縮時，\n不屈之心就會燃起，\n速度也會提高。
25,10,81,雪隱,天氣為下雪時，\n閃避率會提高。
25,10,82,貪吃鬼,原本ＨＰ變得很少時才會吃的樹果，\n在ＨＰ還有一半時就會把它吃掉。
25,10,83,憤怒穴位,要害被擊中時會大發雷霆。\n攻擊力會提高到最大。
25,10,84,輕裝,失去所持有的道具時，\n速度會提高。
25,10,85,耐熱,靠著耐熱的體質，\n讓火屬性的招式傷害減半。
25,10,86,單純,能力變化會變為平時的２倍。
25,10,87,乾燥皮膚,下雨天氣時和受到水屬性的招式攻擊時，\nＨＰ會回復。晴朗天氣時和受到火屬性的\n招式攻擊時，ＨＰ會減少。
25,10,88,下載,比較對手的防禦和特防，\n根據較低的那項能力\n相應地提高自己的攻擊或特攻。
25,10,89,鐵拳,使用到拳頭的招式\n威力會提高。
25,10,90,毒療,陷入中毒狀態時，\nＨＰ不會減少，反而會漸漸增加。
25,10,91,適應力,與自身同屬性的招式\n威力會提高。
25,10,92,連續攻擊,使用連續招式時，\n每回都能以最多次數進行攻擊。
25,10,93,濕潤之軀,天氣為下雨時，\n會治癒異常狀態。
25,10,94,太陽之力,天氣為晴朗時特攻會提高，\n但每回合ＨＰ會減少。
25,10,95,飛毛腿,陷入異常狀態時，\n速度會提高。
25,10,96,一般皮膚,無論是什麼屬性的招式，\n全部都會變為一般屬性。\n威力會少量提高。
25,10,97,狙擊手,擊中要害時，\n威力會進一步提高。
25,10,98,魔法防守,不會受到攻擊以外的傷害。
25,10,99,無防守,由於無防守戰術，\n雙方使出的招式都必定會擊中。
25,10,100,慢出,使出招式的順序\n必定會變為最後。
25,10,101,技術高手,可讓威力低的招式\n提高威力來進行攻擊。
25,10,102,葉子防守,天氣為晴朗時，\n不會陷入異常狀態。
25,10,103,笨拙,無法使用持有的道具。
25,10,104,破格,可不受特性影響，\n向對手使出招式。
25,10,105,超幸運,因為非常幸運，\n容易擊中對手的要害。
25,10,106,引爆,瀕死時，\n會對接觸到自己的對手造成傷害。
25,10,107,危險預知,察覺對手持有的\n危險招式。
25,10,108,預知夢,出場時，預見１個\n對手持有的招式。
25,10,109,純樸,可無視對手能力的變化，\n進行攻擊。
25,10,110,有色眼鏡,可將效果不好的招式\n以正常的威力使出。
25,10,111,過濾,受到效果絕佳的攻擊時，\n可減弱其威力。
25,10,112,慢啟動,在５回合內，\n攻擊和速度會減半。
25,10,113,膽量,一般屬性和格鬥屬性的招式\n可擊中幽靈屬性的寶可夢。\n面對威嚇也不會動搖。
25,10,114,引水,將水屬性的招式引到自己身上，\n不但不會受到傷害，\n反而會提高特攻。
25,10,115,冰凍之軀,天氣為下雪時，\n會漸漸回復ＨＰ。
25,10,116,堅硬岩石,受到效果絕佳的攻擊時，\n可減弱其威力。
25,10,117,降雪,出場時，\n會將天氣變為下雪。
25,10,118,採蜜,戰鬥結束時，\n有時候會撿來甜甜蜜。
25,10,119,察覺,出場時，\n可以察覺對手的持有物。
25,10,120,捨身,會讓自己因反作用力而受傷的招式\n威力會提高。
25,10,121,多屬性,自己的屬性會依\n持有的石板而改變。
25,10,122,花之禮,天氣為晴朗時，\n自己和同伴的攻擊和\n特防能力會提高。
25,10,123,夢魘,給予陷入睡眠狀態的對手傷害。
25,10,124,順手牽羊,盜取接觸到自己的\n對手的道具。
25,10,125,強行,招式會失去追加效果，\n但可以用更高的威力使出招式。
25,10,126,唱反調,能力的變化會逆轉，\n原本提高時會降低，\n原本降低時會提高。
25,10,127,緊張感,讓對手感到緊張，\n無法吃樹果。
25,10,128,不服輸,被對手降低能力時，\n攻擊會大幅提高。
25,10,129,軟弱,ＨＰ降到一半以下時，\n會變得軟弱而使得\n攻擊和特攻減半。
25,10,130,詛咒之軀,受到攻擊時，\n有時會把對手的招式\n變為定身法狀態。
25,10,131,治癒之心,有時會治癒同伴的異常狀態。
25,10,132,友情防守,可以減少我方受到的傷害。
25,10,133,碎裂鎧甲,因物理招式受到傷害時，\n防禦會降低，\n速度會大幅提高。
25,10,134,重金屬,自己的重量會變為２倍。
25,10,135,輕金屬,自己的重量會減半。
25,10,136,多重鱗片,ＨＰ全滿時，\n受到的傷害會變少。
25,10,137,中毒激升,陷入中毒狀態時，\n物理招式的威力會提高。
25,10,138,受熱激升,陷入灼傷狀態時，\n特殊招式的威力會提高。
25,10,139,收穫,可多次採收\n已被使用過的樹果。
25,10,140,心靈感應,預測我方的攻擊，\n並閃避其招式。
25,10,141,心情不定,每一回合，能力中的某項\n會大幅提高，相對地某項會降低。
25,10,142,防塵,不會受到沙暴的傷害。\n也不會受到粉末或孢子的影響。
25,10,143,毒手,有時僅是接觸\n就能讓對手中毒。
25,10,144,再生力,退回同行隊伍後，\nＨＰ會少量回復。
25,10,145,健壯胸肌,不會受到降低防禦的效果影響。
25,10,146,撥沙,天氣為沙暴時，\n速度會提高。
25,10,147,奇跡皮膚,不易受到變化類招式\n攻擊的身體。
25,10,148,分析,如果在最後使出招式，\n招式的威力就會變強。
25,10,149,幻覺,假扮成同行隊伍中的\n最後一隻寶可夢出場，\n迷惑對手。
25,10,150,變身者,變身為當前面對的寶可夢。
25,10,151,穿透,可穿透對手的屏障\n或替身進行攻擊。
25,10,152,木乃伊,被對手接觸到時，\n會將對手變成木乃伊。
25,10,153,自信過度,如果打倒對手，\n會充滿自信並提高攻擊。
25,10,154,正義之心,受到惡屬性的招式攻擊時，\n因為正義感，攻擊會提高。
25,10,155,膽怯,受到惡屬性、幽靈屬性和蟲屬性的\n招式攻擊，或受到威嚇時，\n會因膽怯而使得速度提高。
25,10,156,魔法鏡,可不受到由對手使出的\n變化類招式所影響，並將其反彈。
25,10,157,食草,受到草屬性的招式攻擊時，\n不但不會受到傷害，反而攻擊會提高。
25,10,158,惡作劇之心,可以搶先使出變化類招式。
25,10,159,沙之力,天氣為沙暴時，\n岩石屬性、地面屬性\n和鋼屬性招式的威力會提高。
25,10,160,鐵刺,用鐵刺給予接觸到自己的\n對手傷害。
25,10,161,達摩模式,ＨＰ變為一半以下時，\n樣子會改變。
25,10,162,勝利之星,自己和同伴的命中率會提高。
25,10,163,渦輪火焰,可以不受對手特性的干擾，\n向對手使出招式。
25,10,164,兆級電壓,可以不受對手特性的干擾，\n向對手使出招式。
25,10,165,芳香幕,可防住向自己和同伴\n發出的心靈攻擊。
25,10,166,花幕,我方的草屬性寶可夢\n能力不會降低。\n也不會陷入異常狀態。
25,10,167,頰囊,無論是哪種樹果，\n吃下去後ＨＰ都會回復。
25,10,168,變幻自如,每次出場戰鬥時，\n變為與自己使出的招式\n相同的屬性１次。
25,10,169,毛皮大衣,對手的物理招式造成的\n傷害會減半。
25,10,170,魔術師,奪走被自己招式\n擊中的對手的道具。
25,10,171,防彈,可防住對手的\n球和彈類的招式。
25,10,172,好勝,被對手降低能力時，\n特攻會大幅提高。
25,10,173,強壯之顎,顎部強壯，\n會提高啃咬類招式的威力。
25,10,174,冰凍皮膚,一般屬性的招式\n會變為冰屬性。\n威力會少量提高。
25,10,175,甜幕,自己和我方的寶可夢\n不會陷入睡眠狀態。
25,10,176,戰鬥切換,若使出攻擊招式，會變為刀劍形態，\n若使出招式「王者盾牌」，\n會變為盾牌形態。
25,10,177,疾風之翼,ＨＰ全滿時，\n可以搶先在對手之前\n使出飛行屬性的招式。
25,10,178,超級發射器,波動和波導類招式的\n威力會提高。
25,10,179,草之毛皮,在青草場地時，\n防禦會提高。
25,10,180,共生,同伴使用道具時，\n會把自己持有的道具交給同伴。
25,10,181,硬爪,接觸到對手的招式\n威力會提高。
25,10,182,妖精皮膚,一般屬性的招式\n會變為妖精屬性。\n威力會少量提高。
25,10,183,黏滑,對手用攻擊接觸到自己時，\n降低此對手的速度。
25,10,184,飛行皮膚,一般屬性的招式\n會變為飛行屬性。\n威力會少量提高。
25,10,185,親子愛,親子倆可合計攻擊２次。
25,10,186,暗黑氣場,全體的惡屬性招式變強。
25,10,187,妖精氣場,全體的妖精屬性招式變強。
25,10,188,氣場破壞,讓氣場的效果逆轉，\n並降低威力。
25,10,189,始源之海,變為讓火屬性攻擊\n失效的天氣。
25,10,190,終結之地,變為讓水屬性攻擊\n失效的天氣。
25,10,191,德爾塔氣流,變為令飛行屬性的弱點\n消失的天氣。
25,10,192,持久力,受到攻擊時，\n防禦會提高。
25,10,193,躍躍欲逃,ＨＰ變為一半時，\n會慌慌張張逃走，\n退回同行隊伍裡面。
25,10,194,危險迴避,ＨＰ減到一半時，\n為了避開危險，\n會退回同行隊伍裡面。
25,10,195,遇水凝固,受到水屬性的招式攻擊時，\n防禦會大幅提高。
25,10,196,不仁不義,攻擊中毒狀態的對手時，\n必定會擊中要害。
25,10,197,界限盾殼,ＨＰ變為一半時，\n殼會壞掉，變得更有攻擊性。
25,10,198,監視,可以向替換出場的對手\n以２倍的傷害進行攻擊。
25,10,199,水泡,降低自己受到的火屬性\n招式的威力。不會灼傷。
25,10,200,鋼能力者,鋼屬性的招式威力會提高。
25,10,201,怒火沖天,ＨＰ因對手的攻擊\n降到一半時，\n特攻會提高。
25,10,202,撥雪,天氣為下雪時，\n速度會提高。
25,10,203,遠隔,可以不接觸對手\n就使出所有的招式。
25,10,204,濕潤之聲,所有的聲音招式\n都變為水屬性。
25,10,205,先行治療,可以搶先使出回復招式。
25,10,206,電氣皮膚,一般屬性的招式\n會變為電屬性。\n威力會少量提高。
25,10,207,衝浪之尾,電氣場地時，\n速度會變為２倍。
25,10,208,魚群,ＨＰ多的時候會聚起來變強。\nＨＰ剩餘量變少時，\n群體會分崩離析。
25,10,209,畫皮,用畫皮覆蓋住身體，\n可防住１次攻擊。
25,10,210,牽絆變身,打倒對手時，與訓練家的牽絆會加深，\n自己的攻擊、特攻和速度會提高。
25,10,211,群聚變形,ＨＰ變為一半時，\n細胞們會趕來支援，\n變為完全體形態。
25,10,212,腐蝕,就算對方是鋼屬性或毒屬性寶可夢，\n也可讓對方陷入中毒狀態。
25,10,213,絕對睡眠,總是半夢半醒的狀態，\n絕對不會醒來。\n可在睡著的狀況下進行攻擊。
25,10,214,女王的威嚴,向對手施加威懾力，\n使其無法對我方使出先制招式。
25,10,215,飛出的內在物,被對手打倒的時候，\n會給予對手相當於\nＨＰ剩餘量的傷害。
25,10,216,舞者,當有誰使出跳舞招式時，\n自己也能接著使出跳舞招式。
25,10,217,蓄電池,會提高我方的\n特殊招式的威力。
25,10,218,毛茸茸,會將對手所給予的接觸類招式的傷害減半，\n但火屬性招式的傷害會變為２倍。
25,10,219,鮮艷之軀,讓對手嚇一跳，\n使其無法對我方使出先制招式。
25,10,220,魂心,每當場上有寶可夢\n陷入瀕死狀態時，\n特攻就會提高。
25,10,221,捲髮,對手用攻擊接觸到自己時，\n降低此對手的速度。
25,10,222,接球手,繼承被打倒的同伴的特性，\n變為相同的特性。
25,10,223,化學之力,繼承被打倒的同伴的特性，\n變為相同的特性。
25,10,224,異獸提升,打倒對手的時候，\n會提高自己最高的那項能力。
25,10,225,ＡＲ系統,根據持有的記憶碟，\n自己的屬性會改變。
25,10,226,電氣製造者,出場時，\n會布下電氣場地。
25,10,227,精神製造者,出場時，\n會布下精神場地。
25,10,228,薄霧製造者,出場時，\n會布下薄霧場地。
25,10,229,青草製造者,出場時，\n會布下青草場地。
25,10,230,金屬防護,不會因對手的招式或特性\n而被降低能力。
25,10,231,幻影防守,ＨＰ全滿時，\n受到的傷害會變少。
25,10,232,稜鏡裝甲,受到效果絕佳的攻擊時，\n可減弱其威力。
25,10,233,腦核之力,可進一步提升\n效果絕佳招式的威力。
25,10,234,不撓之劍,在戰鬥中首次出場時，\n攻擊會提高。
25,10,235,不屈之盾,在戰鬥中首次出場時，\n防禦會提高。
25,10,236,自由者,每次出場戰鬥時，\n變為與自己使出的招式\n相同的屬性１次。
25,10,237,撿球,當寶可夢沒有攜帶道具時，\n會撿回第１個投出後\n捕捉失敗的精靈球。
25,10,238,棉絮,受到攻擊時會撒下棉絮，\n降低除自己以外的\n所有寶可夢的速度。
25,10,239,螺旋尾鰭,能無視具有吸引\n對手招式效果的\n特性或招式的影響。
25,10,240,鏡甲,只反彈自己受到的\n能力降低效果。
25,10,241,一口飛彈,衝浪或潛水時會叼來獵物。\n當受到傷害時，\n會吐出獵物攻擊對手。
25,10,242,堅毅,能無視具有吸引\n對手招式效果的\n特性或招式的影響。
25,10,243,蒸汽機,受到水屬性或\n火屬性招式攻擊時，\n速度會極大幅提高。
25,10,244,龐克搖滾,聲音招式的威力會提高。\n受到聲音招式的傷害會減半。
25,10,245,吐沙,受到攻擊時，\n會刮起沙暴。
25,10,246,冰鱗粉,得到冰鱗粉的守護，\n受到的特殊攻擊傷害會減半。
25,10,247,熟成,讓樹果成熟，\n使效果變為２倍。
25,10,248,結凍頭,頭部的冰會代替自己承受\n物理攻擊，但是樣子會改變。\n下雪時，冰會回復原狀。
25,10,249,能量點,只要站在旁邊，\n招式的威力就會提高。
25,10,250,擬態,寶可夢的屬性會隨著\n場地的狀態而改變。
25,10,251,除障,出場時，敵方和我方的\n光牆、反射壁和極光幕的效果會消失。
25,10,252,鋼之意志,我方的鋼屬性\n攻擊威力會提高。
25,10,253,滅亡之軀,在受到接觸類招式攻擊時，\n３個回合後雙方都會陷入瀕死。\n替換寶可夢後效果就會消失。
25,10,254,遊魂,與使用接觸類招式\n攻擊自己的寶可夢互換特性。
25,10,255,一猩一意,攻擊雖然會提高，\n但只能使出\n最初選擇的招式。
25,10,256,化學變化氣體,當場上有特性是化學變化氣體的寶可夢時，\n所有寶可夢的特性效果\n都會消失或無法發動。
25,10,257,粉彩護幕,自己和我方同伴都不會\n陷入中毒的異常狀態。
25,10,258,飽了又餓,在每個回合結束時，\n會在滿腹花紋和空腹花紋之間\n交替改變樣子。
25,10,259,速擊,有時能比對手先一步行動。
25,10,260,無形拳,只要是接觸到對手的招式，\n就可以無視對手的防守效果進行攻擊。
25,10,261,怪藥,出場時，會從貝殼撒藥，\n將我方的能力變化復原。
25,10,262,電晶體,電屬性的招式威力會提高。
25,10,263,龍顎,龍屬性的招式威力會提高。
25,10,264,蒼白嘶鳴,打倒對手時\n會用冰冷的聲音嘶鳴\n並提高攻擊。
25,10,265,漆黑嘶鳴,打倒對手時\n會用恐怖的聲音嘶鳴\n並提高特攻。
25,10,266,人馬一體,兼具蕾冠王的緊張感和\n雪暴馬的蒼白嘶鳴這２種特性。
25,10,267,人馬一體,兼具蕾冠王的緊張感和\n靈幽馬的漆黑嘶鳴這２種特性。
25,10,268,甩不掉的氣味,被對手接觸到時，\n甩不掉的氣味會沾染給對手。
25,10,269,掉出種子,受到攻擊時，\n會將腳下變成青草場地。
25,10,270,熱交換,受到火屬性的招式攻擊時，\n攻擊會提高。\n不會陷入灼傷狀態。
25,10,271,憤怒甲殼,ＨＰ因對手的攻擊降到一半時，\n會因憤怒而降低防禦和特防，\n但攻擊、特攻和速度會提高。
25,10,272,潔淨之鹽,因潔淨的鹽而不會陷入異常狀態。\n能夠讓幽靈屬性招式的傷害減半。
25,10,273,焦香之軀,受到火屬性的招式攻擊時，\n不但不會受到傷害，反而防禦會大幅提高。
25,10,274,乘風,吹起順風或受到風的招式攻擊時，\n不但不會受到傷害，反而攻擊會提高。
25,10,275,看門犬,受到威嚇時，攻擊會提高。\n會讓替換寶可夢的招式和道具失效。
25,10,276,搬岩,岩石屬性的招式威力會提高。
25,10,277,風力發電,受到風的招式攻擊時，\n會變成充電狀態。
25,10,278,全能變身,離場後會變為全能形態。
25,10,279,發號施令,出場時，若我方有吃吼霸，\n便會進入吃吼霸的口中，\n從那裡發號施令。
25,10,280,電力轉換,受到傷害時，\n會變成充電狀態。
25,10,281,古代活性,攜帶著驅勁能量\n或天氣為晴朗時，\n數值最高的能力會提高。
25,10,282,夸克充能,攜帶著驅勁能量\n或在電氣場地時，\n數值最高的能力會提高。
25,10,283,黃金之軀,既不氧化又堅韌的黃金之軀\n不會受到對手的變化類招式攻擊。
25,10,284,災禍之鼎,在喚來災厄之鼎的力量下，\n除自己以外的特攻會變弱。
25,10,285,災禍之劍,在喚來災厄之劍的力量下，\n除自己以外的防禦會變弱。
25,10,286,災禍之簡,在喚來災厄之木簡的力量下，\n除自己以外的攻擊會變弱。
25,10,287,災禍之玉,在喚來災厄之勾玉的力量下，\n除自己以外的特防會變弱。
25,10,288,緋紅脈動,出場時，會將天氣變為晴朗。\n日照很強時，會因為古代的脈動\n而使攻擊升高。
25,10,289,強子引擎,出場時，會布下電氣場地。\n在電氣場地時，會因為未來的機關\n而使特攻升高。
25,10,290,跟風,對手的能力提高時，\n自己也會跟著提高能力。
25,10,291,反芻,食用樹果後，\n會在下一回合結束時從胃裡取出，\n以１次為限再次食用。
25,10,292,鋒銳,切斬對手的招式威力會提高。
25,10,293,大將,出場時，先前每有１隻同伴被打倒，\n攻擊和特攻就會提高少許。
25,10,294,同台共演,出場時，\n會複製同伴的能力變化。
25,10,295,毒滿地,因物理招式受到傷害時，\n會在對手腳下散布毒菱。
25,10,296,尾甲,包覆著頭部的神秘尾巴\n使對手無法對我方使出先制招式。
25,10,297,食土,受到地面屬性的招式攻擊時，\n不會受到傷害，而是會回復。
25,10,298,菌絲之力,使出變化類招式時，\n行動一定會變緩慢，\n但不會受到對手特性的干擾。
25,10,299,款待,出場時款待同伴，\n使其回復少量ＨＰ。
25,10,300,心眼,一般屬性和格鬥屬性的招式可擊中\n幽靈屬性的寶可夢。可無視對手\n閃避率的變化，且命中率不會被降低。
25,10,301,面影輝映,將回憶映於心中，\n使碧草面具發出光輝，\n提高自己的速度。
25,10,302,面影輝映,將回憶映於心中，\n使火灶面具發出光輝，\n提高自己的攻擊。
25,10,303,面影輝映,將回憶映於心中，\n使水井面具發出光輝，\n提高自己的特防。
25,10,304,面影輝映,將回憶映於心中，\n使礎石面具發出光輝，\n提高自己的防禦。
25,10,305,毒鎖鏈,靠著含有毒素的鎖鏈的力量，\n有時會讓被招式擊中的對手\n陷入劇毒狀態。
25,10,306,甘露之蜜,在對戰中首次出場時，\n會四處散播甜膩的蜜香，\n降低對手的閃避率。
25,10,307,太晶變形,出場時，會吸收周圍的能量，\n變為太晶形態。
25,10,308,太晶甲殼,蘊藏著所有屬性力量的甲殼\n會將自身ＨＰ全滿時受到的傷害\n全都變為效果不好。
25,10,309,歸零化境,太樂巴戈斯變為星晶形態時，\n蘊藏其身的力量會將\n天氣和場地的影響全部歸零。
25,10,310,毒傀儡,因為桃歹郎的招式\n而陷入中毒狀態的對手\n同時也會陷入混亂狀態。
26,1,1,あくしゅう,臭い　においを　放つことによって\n攻撃した　ときに　相手を\nひるませることが　ある。
26,1,2,あめふらし,登場　したときに\n天気を　雨に　する。
26,1,3,かそく,毎ターン　素早さが　上がる。
26,1,4,カブトアーマー,硬い　甲羅に　守られて\n相手の　攻撃が\n急所に　当たらない。
26,1,5,がんじょう,ＨＰが　満タンのとき　技を　受けても\n一撃で　倒されることが　ない。\n一撃必殺技も　効かない。
26,1,6,しめりけ,あたりを　湿らせることに　よって\nじばく　などの　爆発する　技を\nだれも　使えなくなる。
26,1,7,じゅうなん,柔軟な　体によって\nまひ状態に　ならない。
26,1,8,すながくれ,砂あらしの　とき\n回避率が　上がる。
26,1,9,せいでんき,静電気を　体に　まとい\n触った　相手を\nまひさせる　ことがある。
26,1,10,ちくでん,でんきタイプの　技を　受けると\nダメージを　受けずに　回復する。
26,1,11,ちょすい,みずタイプの　技を　受けると\nダメージを　受けずに　回復する。
26,1,12,どんかん,鈍感なので　メロメロや\nちょうはつ状態に　ならない。\nいかくにも　動じない。
26,1,13,ノーてんき,あらゆる　天気の　影響が\nなくなって　しまう。
26,1,14,ふくがん,複眼を　持っているため\n技の　命中率が　上がる。
26,1,15,ふみん,眠れない　体質　なので\nねむり状態に　ならない。
26,1,16,へんしょく,相手から　受けた　技の　タイプに\n自分の　タイプが　変化　する。
26,1,17,めんえき,体内に　免疫を　持っているため\nどく状態に　ならない。
26,1,18,もらいび,ほのおタイプの　技を　受けると\n炎を　もらい　自分が　出す\nほのおタイプの　技が　強くなる。
26,1,19,りんぷん,りんぷんに　守られて\n技の　追加効果を　受けなくなる。
26,1,20,マイペース,マイペースなので\nこんらん状態に　ならない。\nいかくにも　動じない。
26,1,21,きゅうばん,吸盤で　地面に　張り付き\nポケモンを　入れ替えさせる\n技や　道具が　効かなくなる。
26,1,22,いかく,登場　したとき　威嚇して\n相手を　萎縮させ\n相手の　攻撃を　下げて　しまう。
26,1,23,かげふみ,相手の　影を　踏み\n逃げたり　交代　できなくする。
26,1,24,さめはだ,攻撃を　受けたとき\n自分に　触れた　相手を\nざらざらの　肌で　キズつける。
26,1,25,ふしぎなまもり,効果バツグンの　技しか\n当たらない　不思議な　力。
26,1,26,ふゆう,地面から　浮くことによって\nじめんタイプの　技を　受けない。
26,1,27,ほうし,攻撃で　自分に　触れた　相手を\nどくや　まひや　ねむり状態に\nする　ことがある。
26,1,28,シンクロ,自分が　なってしまった\nどくや　まひや　やけどを\n相手に　うつす。
26,1,29,クリアボディ,相手の　技や　特性で\n能力を　下げられない。
26,1,30,しぜんかいふく,手持ちに　ひっこむと\n状態異常が　治る。
26,1,31,ひらいしん,でんきタイプの　技を　自分に\n寄せつけ　ダメージを　受けずに\n特攻が　上がる。
26,1,32,てんのめぐみ,天の恵みの　おかげで\n技の　追加効果が　でやすい。
26,1,33,すいすい,天気が　雨のとき\n素早さが　上がる。
26,1,34,ようりょくそ,天気が　晴れのとき\n素早さが　上がる。
26,1,35,はっこう,あたりを　明るくすることで\n命中率を　下げられない。
26,1,36,トレース,登場　したとき\n相手の　特性を　トレースして\n同じ　特性に　なる。
26,1,37,ちからもち,物理攻撃の\n威力が　２倍になる。
26,1,38,どくのトゲ,自分に　触った　相手を\nどく状態に　することがある。
26,1,39,せいしんりょく,鍛えられた　精神に　よって\n相手の　攻撃に　ひるまない。\nいかくにも　動じない。
26,1,40,マグマのよろい,熱い　マグマを　身にまとい\nこおり状態に　ならない。
26,1,41,みずのベール,水のベールを　身にまとい\nやけど状態に　ならない。
26,1,42,じりょく,はがねタイプの　ポケモンを\n磁力で　引きつけて\n逃げられなくする。
26,1,43,ぼうおん,音を　遮断することに　よって\n音の技を　受けない。
26,1,44,あめうけざら,天気が　雨のとき\n少しずつ　ＨＰを　回復する。
26,1,45,すなおこし,登場　したとき\n天気を　砂あらしにする。
26,1,46,プレッシャー,プレッシャーを　あたえて\n相手の　使う　技の　ＰＰを\n多く　減らす。
26,1,47,あついしぼう,厚い　脂肪で　守られているので\nほのおタイプと　こおりタイプの\n技の　ダメージを　半減させる。
26,1,48,はやおき,ねむり状態に　なっても\n２倍の　早さで\n目覚める　ことが　できる。
26,1,49,ほのおのからだ,自分に　触った　相手を\nやけど状態に　する　ことがある。
26,1,50,にげあし,野生の　ポケモンから\n必ず　逃げられる。
26,1,51,するどいめ,鋭い　目の　おかげで\n命中率を　下げられない。
26,1,52,かいりきバサミ,力自慢の　ハサミを　持っているので\n相手に　攻撃を　下げられない。
26,1,53,ものひろい,相手の　使った　道具を\n拾ってくることが　ある。\n冒険中も　拾ってくる。
26,1,54,なまけ,技を　出すと\n次の　ターンは　休んでしまう。
26,1,55,はりきり,自分の　攻撃が　高くなるが\n命中率が　下がる。
26,1,56,メロメロボディ,自分に　触った　相手を\nメロメロに　することが　ある。
26,1,57,プラス,プラスか　マイナスの　特性を　持つ\nポケモンが　仲間に　いると\n自分の　特攻が　上がる。
26,1,58,マイナス,プラスか　マイナスの　特性を　持つ\nポケモンが　仲間に　いると\n自分の　特攻が　上がる。
26,1,59,てんきや,天気の　影響を　受けて\nみずタイプ　ほのおタイプ　こおりタイプの\nどれかに　変化する。
26,1,60,ねんちゃく,粘着質の　体に\n道具が　くっついているため\n相手に　道具を　奪われない。
26,1,61,だっぴ,体の　皮を　脱ぎ捨てることで\n状態異常を\n治すことが　ある。
26,1,62,こんじょう,状態異常に　なると\n根性を　だして\n攻撃が　上がる。
26,1,63,ふしぎなうろこ,状態異常に　なると\n不思議なウロコが　反応して\n防御が　上がる。
26,1,64,ヘドロえき,ヘドロ液を　吸い取った　相手は\n強烈な　悪臭で\nダメージを　受けて　ＨＰを　減らす。
26,1,65,しんりょく,ＨＰが　減ったとき\nくさタイプの　技の\n威力が　上がる。
26,1,66,もうか,ＨＰが　減ったとき\nほのおタイプの　技の\n威力が　上がる。
26,1,67,げきりゅう,ＨＰが　減ったとき\nみずタイプの　技の\n威力が　上がる。
26,1,68,むしのしらせ,ＨＰが　減ったとき\nむしタイプの　技の\n威力が　上がる。
26,1,69,いしあたま,反動を　受ける　技を　出しても\nＨＰが　減らない。
26,1,70,ひでり,登場　したときに\n天気を　晴れに　する。
26,1,71,ありじごく,戦闘で　相手を\n逃げられなくする。
26,1,72,やるき,やる気を　だすことに　よって\nねむり状態に　ならない。
26,1,73,しろいけむり,白い煙に　守られて\n相手に　能力を　下げられない。
26,1,74,ヨガパワー,ヨガの　力で\n物理攻撃の　威力が\n２倍に　なる。
26,1,75,シェルアーマー,硬い　殻に　守られ\n相手の　攻撃が\n急所に　当たらない。
26,1,76,エアロック,あらゆる　天気の　影響が\n消えて　しまう。
26,1,77,ちどりあし,こんらん状態の　ときは\n回避率が　アップする。
26,1,78,でんきエンジン,でんきタイプの　技を　受けると\nダメージを　受けずに\n素早さが　上がる。
26,1,79,とうそうしん,性別が　同じだと\n闘争心を　燃やして　強くなる。\n性別が　違うと　弱くなる。
26,1,80,ふくつのこころ,ひるむ　たびに\n不屈の心を　燃やして\n素早さが　上がる。
26,1,81,ゆきがくれ,天気が　ゆきのとき\n回避率が　上がる。
26,1,82,くいしんぼう,ＨＰが　少なくなったら　食べる\nきのみを　ＨＰ　半分の\n時に　食べてしまう。
26,1,83,いかりのつぼ,急所に　攻撃が　当たると\n怒りくるって　攻撃力が\n最大に　なる。
26,1,84,かるわざ,持っていた　道具が　なくなると\n素早さが　上がる。
26,1,85,たいねつ,耐熱の　体に　よって\nほのおタイプの　技の\nダメージを　半減させる。
26,1,86,たんじゅん,能力　変化が\nいつもの　２倍に　なる。
26,1,87,かんそうはだ,天気が　雨の時や　みずタイプの\n技で　ＨＰが　回復し　はれの時や\nほのおタイプの　技で　減ってしまう。
26,1,88,ダウンロード,相手の　防御と　特防を　くらべて\n低い　ほうの　能力に　あわせて\n自分の　攻撃か　特攻を　上げる。
26,1,89,てつのこぶし,パンチを　使う　技の\n威力が　上がる。
26,1,90,ポイズンヒール,どく状態に　なると\nＨＰが　減らずに　増えていく。
26,1,91,てきおうりょく,自分と　おなじ　タイプの\n技の　威力が　上がる。
26,1,92,スキルリンク,連続技を　使うと　いつも\n最高回数　出すことが　できる。
26,1,93,うるおいボディ,天気が　雨のとき\n状態異常が　治る。
26,1,94,サンパワー,天気が　晴れると\n特攻が　上がるが\n毎ターン　ＨＰが　減る。
26,1,95,はやあし,状態異常に　なると\n素早さが　上がる。
26,1,96,ノーマルスキン,どんな　タイプの　技でも\nすべて　ノーマルタイプに　なる。\n威力が　少し　上がる。
26,1,97,スナイパー,攻撃を　急所に　当てると\n威力が　さらに　上がる。
26,1,98,マジックガード,攻撃　以外では\nダメージを　受けない。
26,1,99,ノーガード,ノーガード戦法に　よって\nお互いの　出す　技が\nかならず　当たる　ようになる。
26,1,100,あとだし,技を　出す　順番が\nかならず　最後に　なる。
26,1,101,テクニシャン,威力が　低い　技の\n威力を　高くして　攻撃できる。
26,1,102,リーフガード,天気が　晴れのときは\n状態異常に　ならない。
26,1,103,ぶきよう,持っている　道具を\n使うことが　できない。
26,1,104,かたやぶり,相手の　特性に\nジャマされる　ことなく　相手に\n技を　出すことが　できる。
26,1,105,きょううん,強運を　持っているため\n相手の　急所に\n攻撃が　当たりやすい。
26,1,106,ゆうばく,ひんしに　なったとき\n触った　相手に\nダメージを　あたえる。
26,1,107,きけんよち,相手の　持つ　危険な　技を\n察知する　ことができる。
26,1,108,よちむ,登場　したとき\n相手の　持つ　技を\nひとつだけ　読み取る。
26,1,109,てんねん,相手の　能力の　変化を\n無視して　攻撃が　できる。
26,1,110,いろめがね,効果が　いまひとつの　技を\n通常の　威力で\n出すことが　できる。
26,1,111,フィルター,効果バツグンに　なってしまう\n攻撃の　威力を\n弱める　ことが　できる。
26,1,112,スロースタート,５ターンの　あいだ\n攻撃と　素早さが\n半分に　なる。
26,1,113,きもったま,ノーマルタイプと　かくとうタイプの技を\nゴーストタイプに　当てることが　できる。\nいかくにも　動じない。
26,1,114,よびみず,みずタイプの　技を　自分に　よせつけ\nダメージは　受けずに　特攻が　上がる。
26,1,115,アイスボディ,天気が　ゆきのとき　ＨＰを\n少しずつ　回復　する。
26,1,116,ハードロック,効果バツグンに　なってしまう\n攻撃の　威力を\n弱める　ことが　できる。
26,1,117,ゆきふらし,登場　したときに\n天気を　ゆきに　する。
26,1,118,みつあつめ,戦闘が　終わったとき\nあまいミツを　拾うことが　ある。
26,1,119,おみとおし,登場　したとき\n相手の　持ち物を\n見通すことが　できる。
26,1,120,すてみ,反動で　ダメージを\n受ける　技の　威力が　上がる。
26,1,121,マルチタイプ,持っている　プレートによって\n自分の　タイプが　変わる。
26,1,122,フラワーギフト,天気が　晴れのとき\n自分と　味方の　攻撃と\n特防の　能力が　上がる。
26,1,123,ナイトメア,ねむり状態の　相手に\nダメージを　あたえる。
26,1,124,わるいてぐせ,触られた　相手の　道具を\n盗んで　しまう。
26,1,125,ちからずく,技の　追加効果は　なくなるが\nそのぶん　高い　威力で\n技を　出すことが　できる。
26,1,126,あまのじゃく,能力の　変化が　逆転して\n上がるときに　下がり\n下がるときに　上がる。
26,1,127,きんちょうかん,相手を　緊張させて\nきのみを　食べられなく　させる。
26,1,128,まけんき,相手に　能力を　下げられると\n攻撃が　ぐーんと　上がる。
26,1,129,よわき,ＨＰが　半分に　なると\n弱気に　なって　攻撃と\n特攻が　半減する。
26,1,130,のろわれボディ,攻撃を　受けると　相手の　技を\nかなしばり状態に\nすることが　ある。
26,1,131,いやしのこころ,状態異常の　味方を\nたまに　治してあげる。
26,1,132,フレンドガード,味方の　ダメージを\n減らすことが　できる。
26,1,133,くだけるよろい,物理技で　ダメージを　受けると\n防御が　下がり\n素早さが　ぐーんと　上がる。
26,1,134,ヘヴィメタル,自分の　重さが\n２倍に　なる。
26,1,135,ライトメタル,自分の　重さが\n半分に　なる。
26,1,136,マルチスケイル,ＨＰが　満タンの　ときに\n受ける　ダメージが　少なくなる。
26,1,137,どくぼうそう,どく状態に　なったとき\n物理技の　威力が　上がる。
26,1,138,ねつぼうそう,やけど状態に　なったとき\n特殊技の　威力が　上がる。
26,1,139,しゅうかく,使った　きのみを\n何回も　作りだす。
26,1,140,テレパシー,味方の　攻撃を　読み取って\n技を　回避する。
26,1,141,ムラっけ,毎ターン　能力の　どれかが\nぐーんと　上がって　どれかが　下がる。
26,1,142,ぼうじん,すなあらしの　ダメージを　受けない。\n粉や　胞子の　影響も　受けない。
26,1,143,どくしゅ,触る　だけで　相手を\nどく　状態に　することがある。
26,1,144,さいせいりょく,手持ちに　引っ込むと\nＨＰが　少し　回復する。
26,1,145,はとむね,防御を　下げる\n効果を　受けない。
26,1,146,すなかき,天気が　すなあらし　のとき\n素早さが　上がる。
26,1,147,ミラクルスキン,変化技を　受けにくい\n体に　なっている。
26,1,148,アナライズ,いちばん　最後に　技を　出すと\n技の　威力が　上がる。
26,1,149,イリュージョン,手持ちの　いちばん　うしろに　いる\nポケモンに　なりきって　登場して\n相手を　化かす。
26,1,150,かわりもの,目の前の　ポケモンに\n変身　してしまう。
26,1,151,すりぬけ,相手の　壁や　身代わりを\nすりぬけて　攻撃　できる。
26,1,152,ミイラ,相手に　触られると\n相手を　ミイラに　してしまう。
26,1,153,じしんかじょう,相手を　倒すと\n自信が　ついて\n攻撃が　上がる。
26,1,154,せいぎのこころ,あくタイプの　攻撃を　受けると\n正義感で　攻撃が　上がる。
26,1,155,びびり,あく　ゴースト　むしタイプの\n攻撃を　受けたり　いかくを　されると\nびびって　素早さが　上がる。
26,1,156,マジックミラー,相手に　だされた　変化技を　受けずに\nそのまま　返す　ことが　できる。
26,1,157,そうしょく,くさタイプの　技を　受けると\nダメージを　受けずに\n攻撃が　上がる。
26,1,158,いたずらごころ,変化技を　先制で\n出すことが　できる。
26,1,159,すなのちから,天気が　すなあらしの　とき\nいわタイプと　じめんタイプと\nはがねタイプの　威力が　上がる。
26,1,160,てつのトゲ,自分に　触った　相手に\n鉄のトゲで　ダメージを　あたえる。
26,1,161,ダルマモード,ＨＰが　半分　以下に　なると\n姿が　変化する。
26,1,162,しょうりのほし,自分や　味方の\n命中率が　上がる。
26,1,163,ターボブレイズ,相手の　特性に　ジャマされず\n相手に　技を　出すことが　できる。
26,1,164,テラボルテージ,相手の　特性に　ジャマされず\n相手に　技を　出すことが　できる。
26,1,165,アロマベール,自分と　味方への　メンタル\n攻撃を　防ぐことが　できる。
26,1,166,フラワーベール,味方の　草ポケモンは\n能力が　下がらず\n状態異常にも　ならない。
26,1,167,ほおぶくろ,どんな　きのみでも\n食べると　ＨＰも　回復する。
26,1,168,へんげんじざい,戦闘に　出るたび　１回だけ\n自分が　出す　技と\n同じ　タイプに　変化する。
26,1,169,ファーコート,相手から　受ける　物理技の\nダメージが　半分に　なる。
26,1,170,マジシャン,技を　当てた　相手の\n道具を　奪ってしまう。
26,1,171,ぼうだん,相手の　弾や　爆弾などの\n技を　防ぐことが　できる。
26,1,172,かちき,相手に　能力を　下げられると\n特攻が　ぐーんと　上がる。
26,1,173,がんじょうあご,あごが　頑丈で\n噛む　技の　威力が\n高くなる。
26,1,174,フリーズスキン,ノーマルタイプの　技が\nこおりタイプに　なる。\n威力が　少し　上がる。
26,1,175,スイートベール,自分と　味方の　ポケモンは\n眠らなくなる。
26,1,176,バトルスイッチ,攻撃技を　出すと　ブレードフォルムに\n技　キングシールドを　出すと\nシールドフォルムに　変化する。
26,1,177,はやてのつばさ,ＨＰが　満タン　だと\nひこうタイプの　技を\n先制で　出すことが　できる。
26,1,178,メガランチャー,波動の　技の\n威力が　高くなる。
26,1,179,くさのけがわ,グラスフィールドのとき\n防御が　上がる。
26,1,180,きょうせい,味方が　道具を　使うと\n自分の　持っている　道具を\n味方に　渡す。
26,1,181,かたいツメ,相手に　接触する　技の\n威力が　高くなる。
26,1,182,フェアリースキン,ノーマルタイプの　技が\nフェアリータイプになる。\n威力が　少し　上がる。
26,1,183,ぬめぬめ,攻撃で　自分に　触れた　相手の\n素早さを　下げる。
26,1,184,スカイスキン,ノーマルタイプの　技が\nひこうタイプになる。\n威力が　少し　上がる。
26,1,185,おやこあい,親子　２匹で　２回\n攻撃することが　できる。
26,1,186,ダークオーラ,全員の　あくタイプの\n技が　強くなる。
26,1,187,フェアリーオーラ,全員の　フェアリータイプの\n技が　強くなる。
26,1,188,オーラブレイク,オーラの　効果を　逆転させて\n威力を　下げる。
26,1,189,はじまりのうみ,ほのおタイプの　攻撃を\n受けない　天気にする。
26,1,190,おわりのだいち,みずタイプの　攻撃を\n受けない　天気にする。
26,1,191,デルタストリーム,ひこうタイプの　弱点が\nなくなる　天気にする。
26,1,192,じきゅうりょく,攻撃を　受けると\n防御が　上がる。
26,1,193,にげごし,ＨＰが　半分に　なると\nあわてて　逃げ出して\n手持ちに　引っ込んで　しまう。
26,1,194,ききかいひ,ＨＰが　半分に　なると\n危険を　回避するため\n手持ちに　引っ込んで　しまう。
26,1,195,みずがため,みずタイプの　技を　受けると\n防御が　ぐーんと　上がる。
26,1,196,ひとでなし,どく状態の\n相手を　攻撃すると\nかならず　急所に　当たる。
26,1,197,リミットシールド,ＨＰが　半分に　なると\n殻が　壊れて\n攻撃的に　なる。
26,1,198,はりこみ,交代で　出てきた　相手に\n２倍の　ダメージで　攻撃　できる。
26,1,199,すいほう,自分に　対する　ほのおタイプの\n技の　威力を　下げる。\nやけど　しない。
26,1,200,はがねつかい,はがねタイプの　技の\n威力が　上がる。
26,1,201,ぎゃくじょう,相手の　攻撃で\nＨＰが　半分に　なると\n特攻が　上がる。
26,1,202,ゆきかき,天気が　ゆき　のとき\n素早さが　上がる。
26,1,203,えんかく,すべての　技を\n相手に　接触　しないで\n出すことが　できる。
26,1,204,うるおいボイス,すべての　音技が\nみずタイプに　なる。
26,1,205,ヒーリングシフト,回復技を　先制で\n出すことが　できる。
26,1,206,エレキスキン,ノーマルタイプの　技が\nでんきタイプになる。\n威力が　少し　上がる。
26,1,207,サーフテール,エレキフィールド　のとき\n素早さが　２倍に　なる。
26,1,208,ぎょぐん,ＨＰが　多いときは　群れて　強くなる。\nＨＰの　残りが　少なくなると\n群れは　散り散りに　なってしまう。
26,1,209,ばけのかわ,体を　被う　化けの皮で\n１回　攻撃を　防ぐことが　できる。
26,1,210,きずなへんげ,相手を　倒すと　トレーナーとの\nキズナが　深まり　自分の\n攻撃　特攻　素早さが　上がる。
26,1,211,スワームチェンジ,ＨＰが　半分に　なると\nセルたちが　応援に　駆けつけ\nパーフェクトフォルムに　姿を　変える。
26,1,212,ふしょく,はがねタイプや　どくタイプも\nどく状態に　することが　できる。
26,1,213,ぜったいねむり,つねに　夢うつつの　状態で\n絶対に　目覚めない。\n眠ったまま　攻撃が　できる。
26,1,214,じょおうのいげん,相手に　威圧感を　あたえ\nこちらに　むかって　先制技を\n出せない　ようにする。
26,1,215,とびだすなかみ,相手に　倒されたとき\nＨＰの　残りの　ぶんだけ\n相手に　ダメージを　あたえる。
26,1,216,おどりこ,だれかが　踊り技を　使うと\n自分も　それに　続いて\n踊り技を　出すことが　できる。
26,1,217,バッテリー,味方の　特殊技の\n威力を　上げる。
26,1,218,もふもふ,相手から　受けた　接触する　技の\nダメージを　半減するが　ほのおタイプの\n技の　ダメージは　２倍になる。
26,1,219,ビビッドボディ,相手を　びっくり　させて\nこちらに　むかって　先制技を\n出せない　ようにする。
26,1,220,ソウルハート,ポケモンが　ひんしに　なるたびに\n特攻が　上がる。
26,1,221,カーリーヘアー,攻撃で　自分に　触れた　相手の\n素早さを　下げる。
26,1,222,レシーバー,倒された　味方の　特性を\n受け継いで　同じ　特性に　なる。
26,1,223,かがくのちから,倒された　味方の　特性を　受け継ぎ\n同じ　特性に　変わる。
26,1,224,ビーストブースト,相手を　倒したとき\n自分の　いちばん　高い\n能力が　上がる。
26,1,225,ＡＲシステム,持っている　メモリで\n自分の　タイプが　変わる。
26,1,226,エレキメイカー,登場　したときに\nエレキフィールドを　はりめぐらせる。
26,1,227,サイコメイカー,登場　したときに\nサイコフィールドを　はりめぐらせる。
26,1,228,ミストメイカー,登場　したときに\nミストフィールドを　はりめぐらせる。
26,1,229,グラスメイカー,登場　したときに\nグラスフィールドを　はりめぐらせる。
26,1,230,メタルプロテクト,相手の　技や　特性で\n能力を　下げられない。
26,1,231,ファントムガード,ＨＰが　満タンの　ときに\n受ける　ダメージが　少なくなる。
26,1,232,プリズムアーマー,効果バツグンに　なってしまう\n攻撃の　威力を\n弱める　ことが　できる。
26,1,233,ブレインフォース,効果バツグンの　攻撃で\n威力が　さらに　上がる。
26,1,234,ふとうのけん,最初に　登場　したとき\n攻撃が　上がる。
26,1,235,ふくつのたて,最初に　登場　したとき\n防御が　上がる。
26,1,236,リベロ,戦闘に　出るたび　１回だけ\n自分が　出す　技と\n同じ　タイプに　変化する。
26,1,237,たまひろい,道具を　持っていない　場合\n１回目に　投げて　失敗　した\nモンスターボールを　拾ってくる。
26,1,238,わたげ,攻撃を　受けると　わたげを　ばらまいて\n自分以外の　ポケモン　すべての\n素早さを　下げる。
26,1,239,スクリューおびれ,相手の　技を　引き受ける\n特性や　技の\n影響を　無視　できる。
26,1,240,ミラーアーマー,自分が　受けた\n能力　ダウンの\n効果　だけを　跳ね返す。
26,1,241,うのミサイル,なみのりか　ダイビングを　すると\n獲物を　くわえてくる。　ダメージを\n受けると　獲物を　吐きだして　攻撃。
26,1,242,すじがねいり,相手の　技を　引き受ける\n特性や　技の\n影響を　無視　できる。
26,1,243,じょうききかん,みずタイプ　ほのおタイプの\n技を　受けると\n素早さが　ぐぐーんと　上がる。
26,1,244,パンクロック,音技の　威力が　上がる。\n受けた　音技の\nダメージは　半分に　なる。
26,1,245,すなはき,攻撃を　受けると\n砂あらしを　起こす。
26,1,246,こおりのりんぷん,こおりのりんぷんに　守られて\n特殊攻撃で　受ける\nダメージが　半減　する。
26,1,247,じゅくせい,熟成　させることで\nきのみの　効果が\n倍に　なる。
26,1,248,アイスフェイス,物理攻撃は　頭の　氷が\nみがわりに　なるが　姿も　変わる。\n氷は　ゆきが　降ると　元に戻る。
26,1,249,パワースポット,隣に　いるだけで\n技の　威力が　上がる。
26,1,250,ぎたい,フィールドの　状態に　あわせて\nポケモンの　タイプが　変わる。
26,1,251,バリアフリー,登場　したときに　敵と　味方の\nひかりのかべ　リフレクター\nオーロラベールの　効果が　消える。
26,1,252,はがねのせいしん,味方の　はがねタイプの\n攻撃の　威力が　上がる。
26,1,253,ほろびのボディ,接触する　技を　受けると\nお互い　３ターン　たつと　ひんしになる。\n交代すると　効果は　なくなる。
26,1,254,さまようたましい,接触する　技で\n攻撃　してきた　ポケモンと\n特性を　入れ替える。
26,1,255,ごりむちゅう,攻撃は　上がるが\n最初に　選んだ\n技しか　出せなくなる。
26,1,256,かがくへんかガス,かがくへんかガスの　ポケモンが　場にいると\nすべての　ポケモンの　特性の\n効果が　消えたり　発動　しなくなる。
26,1,257,パステルベール,自分も　味方も\nどくの　状態異常を\n受けなくなる。
26,1,258,はらぺこスイッチ,ターンの　終わりに　まんぷくもよう\nはらぺこもよう　まんぷくもよう……と\n交互に　姿を　変える。
26,1,259,クイックドロウ,相手より　先に\n行動できることが　ある。
26,1,260,ふかしのこぶし,相手に　接触する　技なら\n守りの　効果を\n無視して　攻撃することが　できる。
26,1,261,きみょうなくすり,登場　したときに\n貝がらから　薬を　振りまいて\n味方の　能力変化を　元に戻す。
26,1,262,トランジスタ,でんきタイプの　技の\n威力が　上がる。
26,1,263,りゅうのあぎと,ドラゴンタイプの　技の\n威力が　上がる。
26,1,264,しろのいななき,相手を　倒すと\n冷たい　声で　いなないて\n攻撃が　上がる。
26,1,265,くろのいななき,相手を　倒すと\n恐ろしい　声で　いなないて\n特攻が　上がる。
26,1,266,じんばいったい,バドレックスの　きんちょうかんと\nブリザポスの　しろのいななきの\n二つの　特性を　あわせ持つ。
26,1,267,じんばいったい,バドレックスの　きんちょうかんと\nレイスポスの　くろのいななきの\n二つの　特性を　あわせ持つ。
26,1,268,とれないにおい,相手に　触られると\nとれないにおいが\n相手に　うつってしまう。
26,1,269,こぼれダネ,攻撃を　受けると\nグラスフィールドに　する。
26,1,270,ねつこうかん,ほのおタイプの　技を　受けると\n攻撃が　上がる。\nやけど状態に　ならない。
26,1,271,いかりのこうら,相手の攻撃で　ＨＰが　半分に　なると\n怒りで　防御と　特防が　下がるが\n攻撃　特攻　素早さが　上がる。
26,1,272,きよめのしお,清らかな塩で　状態異常に　ならない。\nゴーストタイプの　技の\nダメージを　半減させる。
26,1,273,こんがりボディ,ほのおタイプの　技を　受けると\nダメージを　受けずに\n防御が　ぐーんと　上がる。
26,1,274,かぜのり,おいかぜが　吹いたり　風技を　受けると\nダメージを　受けずに\n攻撃が　上がる。
26,1,275,ばんけん,いかく　されると　攻撃が　上がる。\nポケモンを　入れ替えさせる\n技や　道具が　効かない。
26,1,276,いわはこび,いわタイプの　技の\n威力が　上がる。
26,1,277,ふうりょくでんき,風技を　受けると\nじゅうでん　状態に　なる。
26,1,278,マイティチェンジ,手持ちに　ひっこむと\nマイティフォルムに　変化する。
26,1,279,しれいとう,登場したとき　味方に\nヘイラッシャが　いると　口の中に\n入って　そこから　指令を　だす。
26,1,280,でんきにかえる,ダメージを　受けると\nじゅうでん　状態に　なる。
26,1,281,こだいかっせい,ブーストエナジーを　持たせるか\n天気が　晴れのとき\nいちばん　高い能力が　上がる。
26,1,282,クォークチャージ,ブーストエナジーを　持たせるか\nエレキフィールドのとき\nいちばん　高い能力が　上がる。
26,1,283,おうごんのからだ,酸化せず　丈夫な　黄金の体は\n相手からの　変化技を　受けない。
26,1,284,わざわいのうつわ,災厄を　呼ぶ　器の力で\n自分以外の　特攻が　弱くなる。
26,1,285,わざわいのつるぎ,災厄を　呼ぶ　剣の力で\n自分以外の　防御が　弱くなる。
26,1,286,わざわいのおふだ,災厄を　呼ぶ　木札の力で\n自分以外の　攻撃が　弱くなる。
26,1,287,わざわいのたま,災厄を　呼ぶ　勾玉の力で\n自分以外の　特防が　弱くなる。
26,1,288,ひひいろのこどう,登場したとき　天気を　晴れにする。\n日差しが　強いと　古代の\n鼓動により　攻撃が　高まる。
26,1,289,ハドロンエンジン,登場したとき　エレキフィールドを　はる。\nエレキフィールドだと　未来の\n機関により　特攻が　高まる。
26,1,290,びんじょう,相手の　能力が　上がったとき\n自分も　便乗して\n同じように　能力を　上げる。
26,1,291,はんすう,きのみを　食べると\n次のターンの　終わりに　胃から\n出して　もう１回だけ　食べる。
26,1,292,きれあじ,相手を　切る技の\n威力が　上がる。
26,1,293,そうだいしょう,登場したとき　今まで　倒された\n味方の　数が　多いほど\n少しずつ　攻撃と　特攻が　上がる。
26,1,294,きょうえん,登場　したときに\n味方の　能力変化を　コピーする。
26,1,295,どくげしょう,物理技で　ダメージを　受けると\n相手の　足下に\nどくびしが　ちらばる。
26,1,296,テイルアーマー,頭を包む　謎のしっぽが\nこちらに　むかって　先制技を\n出せない　ようにする。
26,1,297,どしょく,じめんタイプの　技を　受けると\nダメージを　受けずに　回復する。
26,1,298,きんしのちから,変化技を　出すとき\n必ず　行動が　遅くなるが\n相手の　特性に　ジャマされない。
26,1,299,おもてなし,登場したとき　味方を　もてなして\nＨＰを　少しだけ　回復してあげる。
26,1,300,しんがん,ノーマル　かくとうタイプの技を　ゴーストタイプに\n当てることが　できる。　相手の　回避率の\n変化を　無視し　命中率も　下げられない。
26,1,301,おもかげやどし,思い出を　心に　宿すことで\nみどりのめんを　かがやかせ\n自分の　素早さを　上げる。
26,1,302,おもかげやどし,思い出を　心に　宿すことで\nかまどのめんを　かがやかせ\n自分の　攻撃を　上げる。
26,1,303,おもかげやどし,思い出を　心に　宿すことで\nいどのめんを　かがやかせ\n自分の　特防を　上げる。
26,1,304,おもかげやどし,思い出を　心に　宿すことで\nいしずえのめんを　かがやかせ\n自分の　防御を　上げる。
26,1,305,どくのくさり,毒素を　ふくんだ　鎖の力で\n技を　当てた　相手を\n猛毒の状態に　することが　ある。
26,1,306,かんろなミツ,最初に　登場　したとき\n甘ったるい　蜜の香りを　ふりまいて\n相手の　回避率を　下げる。
26,1,307,テラスチェンジ,登場したとき　周囲の\nエネルギーを　吸収し\nテラスタルフォルムに　変化する。
26,1,308,テラスシェル,全タイプの力を　秘めた甲羅は\nＨＰが　満タンの　ときに　受ける\nダメージを　すべて　今ひとつに　する。
26,1,309,ゼロフォーミング,テラパゴスが　ステラフォルムに　なったとき\n秘められた力で　天気と　フィールドの\n影響を　すべて　ゼロにする。
26,1,310,どくくぐつ,モモワロウの　技によって\nどく状態に　なった　相手は\nこんらん状態にも　なってしまう。
26,2,1,Stench,"By releasing a stench when attacking, the Pokémon may\ncause the target to flinch."
26,2,2,Drizzle,The Pokémon makes it rain when it enters a battle.
26,2,3,Speed Boost,The Pokémon’s Speed stat is boosted every turn.
26,2,4,Battle Armor,Hard armor protects the Pokémon from critical hits.
26,2,5,Sturdy,The Pokémon cannot be knocked out by a single hit\nas long as its HP is full. One-hit KO moves will also\nfail to knock it out.
26,2,6,Damp,"The Pokémon dampens its surroundings, preventing\nall Pokémon from using explosive moves such as\nSelf-Destruct."
26,2,7,Limber,The Pokémon’s limber body prevents it from being\nparalyzed.
26,2,8,Sand Veil,Boosts the Pokémon’s evasiveness in a sandstorm.
26,2,9,Static,The Pokémon is charged with static electricity and may\nparalyze attackers that make direct contact with it.
26,2,10,Volt Absorb,"If hit by an Electric-type move, the Pokémon has its HP\nrestored instead of taking damage."
26,2,11,Water Absorb,"If hit by a Water-type move, the Pokémon has its HP\nrestored instead of taking damage."
26,2,12,Oblivious,"The Pokémon is oblivious, keeping it from being\ninfatuated, falling for taunts, or being affected by\nIntimidate."
26,2,13,Cloud Nine,Eliminates the effects of weather.
26,2,14,Compound Eyes,The Pokémon’s compound eyes boost its accuracy.
26,2,15,Insomnia,The Pokémon’s insomnia prevents it from falling asleep.
26,2,16,Color Change,The Pokémon’s type becomes the type of the move\nused on it.
26,2,17,Immunity,The Pokémon’s immune system prevents it from being\npoisoned.
26,2,18,Flash Fire,"If hit by a Fire-type move, the Pokémon absorbs\nthe flames and uses them to power up its own\nFire-type moves."
26,2,19,Shield Dust,Protective dust shields the Pokémon from the additional\neffects of moves.
26,2,20,Own Tempo,"The Pokémon sticks to its own tempo, preventing it from\nbecoming confused or being affected by Intimidate."
26,2,21,Suction Cups,The Pokémon uses suction cups to stay in one spot.\nThis protects it from moves and items that would\nforce it to switch out.
26,2,22,Intimidate,"When the Pokémon enters a battle, it intimidates\nopposing Pokémon and makes them cower,\nlowering their Attack stats."
26,2,23,Shadow Tag,The Pokémon steps on the opposing Pokémon’s shadows\nto prevent them from fleeing or switching out.
26,2,24,Rough Skin,The Pokémon’s rough skin damages attackers that make\ndirect contact with it.
26,2,25,Wonder Guard,Its mysterious power only lets supereffective moves\nhit the Pokémon.
26,2,26,Levitate,"By floating in the air, the Pokémon receives full immunity\nto all Ground-type moves."
26,2,27,Effect Spore,"Contact with the Pokémon may inflict poison, sleep,\nor paralysis on the attacker."
26,2,28,Synchronize,"If the Pokémon is burned, paralyzed, or poisoned by\nanother Pokémon, that Pokémon will be inflicted with\nthe same status condition."
26,2,29,Clear Body,Prevents other Pokémon’s moves or Abilities from\nlowering the Pokémon’s stats.
26,2,30,Natural Cure,The Pokémon’s status conditions are cured when it\nswitches out.
26,2,31,Lightning Rod,"The Pokémon draws in all Electric-type moves. Instead\nof taking damage from them, its Sp. Atk stat is boosted."
26,2,32,Serene Grace,Raises the likelihood of additional effects occurring\nwhen the Pokémon uses its moves.
26,2,33,Swift Swim,Boosts the Pokémon’s Speed stat in rain.
26,2,34,Chlorophyll,Boosts the Pokémon’s Speed stat in harsh sunlight.
26,2,35,Illuminate,"By illuminating its surroundings, the Pokémon prevents\nits accuracy from being lowered."
26,2,36,Trace,"When it enters a battle, the Pokémon copies an\nopposing Pokémon’s Ability."
26,2,37,Huge Power,Doubles the Pokémon’s Attack stat.
26,2,38,Poison Point,Contact with the Pokémon may poison the attacker.
26,2,39,Inner Focus,The Pokémon’s intense focus prevents it from flinching\nor being affected by Intimidate.
26,2,40,Magma Armor,The Pokémon’s hot magma coating prevents it from\nbeing frozen.
26,2,41,Water Veil,The Pokémon’s water veil prevents it from being burned.
26,2,42,Magnet Pull,Prevents Steel-type Pokémon from fleeing by pulling\nthem in with magnetism.
26,2,43,Soundproof,Soundproofing gives the Pokémon full immunity to all\nsound-based moves.
26,2,44,Rain Dish,The Pokémon gradually regains HP in rain.
26,2,45,Sand Stream,The Pokémon summons a sandstorm when it enters\na battle.
26,2,46,Pressure,"Puts other Pokémon under pressure, causing them to\nexpend more PP to use their moves."
26,2,47,Thick Fat,"The Pokémon is protected by a layer of thick fat, which\nhalves the damage taken from Fire- and Ice-type moves."
26,2,48,Early Bird,The Pokémon awakens from sleep twice as fast\nas other Pokémon.
26,2,49,Flame Body,Contact with the Pokémon may burn the attacker.
26,2,50,Run Away,Enables a sure getaway from wild Pokémon.
26,2,51,Keen Eye,The Pokémon’s keen eyes prevent its accuracy from\nbeing lowered.
26,2,52,Hyper Cutter,"The Pokémon’s prized, mighty pincers prevent other\nPokémon from lowering its Attack stat."
26,2,53,Pickup,"The Pokémon may pick up an item another Pokémon\nused during a battle. It may pick up items outside of\nbattle, too."
26,2,54,Truant,"Each time the Pokémon uses a move, it spends the next\nturn loafing around."
26,2,55,Hustle,Boosts the Pokémon’s Attack stat but lowers its accuracy.
26,2,56,Cute Charm,The Pokémon may infatuate attackers that make direct\ncontact with it.
26,2,57,Plus,Boosts the Sp. Atk stat of the Pokémon if an ally with\nthe Plus or Minus Ability is also in battle.
26,2,58,Minus,Boosts the Sp. Atk stat of the Pokémon if an ally\nwith the Plus or Minus Ability is also in battle.
26,2,59,Forecast,"The Pokémon transforms with the weather to change\nits type to Water, Fire, or Ice."
26,2,60,Sticky Hold,The Pokémon’s held items cling to its sticky body and\ncannot be removed by other Pokémon.
26,2,61,Shed Skin,The Pokémon may cure its own status conditions by\nshedding its skin.
26,2,62,Guts,It’s so gutsy that having a status condition boosts\nthe Pokémon’s Attack stat.
26,2,63,Marvel Scale,The Pokémon’s marvelous scales boost its Defense stat\nif it has a status condition.
26,2,64,Liquid Ooze,The strong stench of the Pokémon’s oozed liquid\ndamages attackers that use HP-draining moves.
26,2,65,Overgrow,Powers up Grass-type moves when the Pokémon’s HP\nis low.
26,2,66,Blaze,Powers up Fire-type moves when the Pokémon’s HP\nis low.
26,2,67,Torrent,Powers up Water-type moves when the Pokémon’s HP\nis low.
26,2,68,Swarm,Powers up Bug-type moves when the Pokémon’s HP\nis low.
26,2,69,Rock Head,Protects the Pokémon from recoil damage.
26,2,70,Drought,Turns the sunlight harsh when the Pokémon enters\na battle.
26,2,71,Arena Trap,Prevents opposing Pokémon from fleeing from battle.
26,2,72,Vital Spirit,"The Pokémon is full of vitality, and that prevents it from\nfalling asleep."
26,2,73,White Smoke,"The Pokémon is protected by its white smoke, which\nprevents other Pokémon from lowering its stats."
26,2,74,Pure Power,"Using its pure power, the Pokémon doubles its\nAttack stat."
26,2,75,Shell Armor,A hard shell protects the Pokémon from critical hits.
26,2,76,Air Lock,Eliminates the effects of weather.
26,2,77,Tangled Feet,Boosts the Pokémon’s evasiveness if it is confused.
26,2,78,Motor Drive,"The Pokémon takes no damage when hit by Electric-type\nmoves. Instead, its Speed stat is boosted."
26,2,79,Rivalry,"The Pokémon’s competitive spirit makes it deal more\ndamage to Pokémon of the same gender, but less\ndamage to Pokémon of the opposite gender."
26,2,80,Steadfast,The Pokémon’s determination boosts its Speed stat\nevery time it flinches.
26,2,81,Snow Cloak,Boosts the Pokémon’s evasiveness in snow.
26,2,82,Gluttony,"If the Pokémon is holding a Berry to be eaten when its\nHP is low, it will instead eat the Berry when its HP drops\nto half or less."
26,2,83,Anger Point,"The Pokémon is angered when it takes a critical hit,\nand that maxes its Attack stat."
26,2,84,Unburden,Boosts the Speed stat if the Pokémon’s held item is\nused or lost.
26,2,85,Heatproof,The Pokémon’s heatproof body halves the damage\ntaken from Fire-type moves.
26,2,86,Simple,Doubles the effects of the Pokémon’s stat changes.
26,2,87,Dry Skin,"Restores the Pokémon’s HP in rain or when it is hit by\nWater-type moves. Reduces HP in harsh sunlight, and\nincreases the damage received from Fire-type moves."
26,2,88,Download,The Pokémon compares an opposing Pokémon’s\nDefense and Sp. Def stats before raising its own\nAttack or Sp. Atk stat—whichever will be more effective.
26,2,89,Iron Fist,Powers up punching moves.
26,2,90,Poison Heal,"If poisoned, the Pokémon has its HP restored instead of\ntaking damage."
26,2,91,Adaptability,Powers up moves of the same type as the Pokémon.
26,2,92,Skill Link,Maximizes the number of times multistrike moves hit.
26,2,93,Hydration,Cures the Pokémon’s status conditions in rain.
26,2,94,Solar Power,"In harsh sunlight, the Pokémon’s Sp. Atk stat is boosted,\nbut its HP decreases every turn."
26,2,95,Quick Feet,Boosts the Speed stat if the Pokémon has a status\ncondition.
26,2,96,Normalize,All the Pokémon’s moves become Normal type.\nThe power of those moves is boosted a little.
26,2,97,Sniper,"If the Pokémon’s attack lands a critical hit, the attack is\npowered up even further."
26,2,98,Magic Guard,The Pokémon only takes damage from attacks.
26,2,99,No Guard,The Pokémon employs no-guard tactics to ensure\nincoming and outgoing attacks always land.
26,2,100,Stall,The Pokémon is always the last to use its moves.
26,2,101,Technician,Powers up weak moves so the Pokémon can deal more\ndamage with them.
26,2,102,Leaf Guard,Prevents status conditions in harsh sunlight.
26,2,103,Klutz,The Pokémon can’t use any held items.
26,2,104,Mold Breaker,The Pokémon’s moves are unimpeded by the Ability\nof the target.
26,2,105,Super Luck,The Pokémon is so lucky that the critical-hit ratios\nof its moves are boosted.
26,2,106,Aftermath,Damages the attacker if it knocks out the Pokémon with\na move that makes direct contact.
26,2,107,Anticipation,The Pokémon can sense an opposing Pokémon’s\ndangerous moves.
26,2,108,Forewarn,"When it enters a battle, the Pokémon can tell one of\nthe moves an opposing Pokémon has."
26,2,109,Unaware,"When attacking, the Pokémon ignores the target’s\nstat changes."
26,2,110,Tinted Lens,The Pokémon can use “not very effective” moves\nto deal regular damage.
26,2,111,Filter,Reduces the power of supereffective attacks that hit\nthe Pokémon.
26,2,112,Slow Start,"For five turns, the Pokémon’s Attack and Speed stats\nare halved."
26,2,113,Scrappy,The Pokémon can hit Ghost-type Pokémon with Normal-\nand Fighting-type moves. It is also unaffected by\nIntimidate.
26,2,114,Storm Drain,"The Pokémon draws in all Water-type moves. Instead of\ntaking damage from them, its Sp. Atk stat is boosted."
26,2,115,Ice Body,The Pokémon gradually regains HP in snow.
26,2,116,Solid Rock,Reduces the power of supereffective attacks that hit\nthe Pokémon.
26,2,117,Snow Warning,The Pokémon makes it snow when it enters a battle.
26,2,118,Honey Gather,The Pokémon may gather Honey after a battle.
26,2,119,Frisk,"When it enters a battle, the Pokémon can check an\nopposing Pokémon’s held item."
26,2,120,Reckless,Powers up moves that have recoil damage.
26,2,121,Multitype,Changes the Pokémon’s type to match the plate it holds.
26,2,122,Flower Gift,Boosts the Attack and Sp. Def stats of the Pokémon and\nits allies in harsh sunlight.
26,2,123,Bad Dreams,Damages opposing Pokémon that are asleep.
26,2,124,Pickpocket,The Pokémon steals the held item from attackers that\nmake direct contact with it.
26,2,125,Sheer Force,"Removes any additional effects from the Pokémon’s\nmoves, but increases the moves’ power."
26,2,126,Contrary,Reverses any stat changes affecting the Pokémon\nso that attempts to boost its stats instead lower them—\nand attempts to lower its stats will boost them.
26,2,127,Unnerve,Unnerves opposing Pokémon and makes them unable\nto eat Berries.
26,2,128,Defiant,"If the Pokémon has any stat lowered by an opposing\nPokémon, its Attack stat will be boosted sharply."
26,2,129,Defeatist,Halves the Pokémon’s Attack and Sp. Atk stats when its\nHP drops to half or less.
26,2,130,Cursed Body,May disable a move that has dealt damage to\nthe Pokémon.
26,2,131,Healer,Sometimes cures the status conditions of the\nPokémon’s allies.
26,2,132,Friend Guard,Reduces damage dealt to allies.
26,2,133,Weak Armor,"The Pokémon’s Defense stat is lowered when it takes\ndamage from physical moves, but its Speed stat is\nsharply boosted."
26,2,134,Heavy Metal,Doubles the Pokémon’s weight.
26,2,135,Light Metal,Halves the Pokémon’s weight.
26,2,136,Multiscale,Reduces the amount of damage the Pokémon takes\nwhile its HP is full.
26,2,137,Toxic Boost,Powers up physical moves when the Pokémon\nis poisoned.
26,2,138,Flare Boost,Powers up special moves when the Pokémon is burned.
26,2,139,Harvest,May create another Berry after one is used.
26,2,140,Telepathy,The Pokémon anticipates and dodges the attacks\nof its allies.
26,2,141,Moody,"Every turn, one of the Pokémon’s stats will be boosted\nsharply but another stat will be lowered."
26,2,142,Overcoat,The Pokémon takes no damage from sandstorms. It is\nalso protected from the effects of powders and spores.
26,2,143,Poison Touch,May poison a target when the Pokémon makes contact.
26,2,144,Regenerator,The Pokémon has a little of its HP restored when\nwithdrawn from battle.
26,2,145,Big Pecks,Prevents the Pokémon from having its Defense\nstat lowered.
26,2,146,Sand Rush,Boosts the Pokémon’s Speed stat in a sandstorm.
26,2,147,Wonder Skin,Makes status moves more likely to miss the Pokémon.
26,2,148,Analytic,Boosts the power of the Pokémon’s move if it is the last\nto act that turn.
26,2,149,Illusion,The Pokémon fools opponents by entering battle\ndisguised as the last Pokémon in its Trainer’s party.
26,2,150,Imposter,The Pokémon transforms itself into the Pokémon\nit’s facing.
26,2,151,Infiltrator,"The Pokémon’s moves are unaffected by the target’s\nbarriers, substitutes, and the like."
26,2,152,Mummy,Contact with the Pokémon changes the attacker’s\nAbility to Mummy.
26,2,153,Moxie,"When the Pokémon knocks out a target, it shows moxie,\nwhich boosts its Attack stat."
26,2,154,Justified,"When the Pokémon is hit by a Dark-type attack,\nits Attack stat is boosted by its sense of justice."
26,2,155,Rattled,"The Pokémon gets scared when hit by a Dark-, Ghost-,\nor Bug-type attack or if intimidated, which boosts its\nSpeed stat."
26,2,156,Magic Bounce,The Pokémon reflects status moves instead of getting\nhit by them.
26,2,157,Sap Sipper,"The Pokémon takes no damage when hit by Grass-type\nmoves. Instead, its Attack stat is boosted."
26,2,158,Prankster,Gives priority to the Pokémon’s status moves.
26,2,159,Sand Force,"Boosts the power of Rock-, Ground-, and Steel-type\nmoves in a sandstorm."
26,2,160,Iron Barbs,The Pokémon’s iron barbs damage the attacker if it\nmakes direct contact.
26,2,161,Zen Mode,Changes the Pokémon’s shape when its HP drops\nto half or less.
26,2,162,Victory Star,Boosts the accuracy of the Pokémon and its allies.
26,2,163,Turboblaze,The Pokémon’s moves are unimpeded by the Ability\nof the target.
26,2,164,Teravolt,The Pokémon’s moves are unimpeded by the Ability\nof the target.
26,2,165,Aroma Veil,Protects the Pokémon and its allies from effects that\nprevent the use of moves.
26,2,166,Flower Veil,Ally Grass-type Pokémon are protected from status\nconditions and the lowering of their stats.
26,2,167,Cheek Pouch,"The Pokémon’s HP is restored when it eats any Berry,\nin addition to the Berry’s usual effect."
26,2,168,Protean,Changes the Pokémon’s type to the type of the move\nit’s about to use. This works only once each time the\nPokémon enters battle.
26,2,169,Fur Coat,Halves the damage from physical moves.
26,2,170,Magician,The Pokémon steals the held item from any target it hits\nwith a move.
26,2,171,Bulletproof,Protects the Pokémon from ball and bomb moves.
26,2,172,Competitive,Boosts the Pokémon’s Sp. Atk stat sharply when its stats\nare lowered by an opposing Pokémon.
26,2,173,Strong Jaw,The Pokémon’s strong jaw boosts the power of its\nbiting moves.
26,2,174,Refrigerate,Normal-type moves become Ice-type moves.\nThe power of those moves is boosted a little.
26,2,175,Sweet Veil,Prevents the Pokémon and its allies from falling asleep.
26,2,176,Stance Change,The Pokémon changes its form to Blade Forme when\nit uses an attack move and changes to Shield Forme\nwhen it uses King’s Shield.
26,2,177,Gale Wings,Gives priority to the Pokémon’s Flying-type moves\nwhile its HP is full.
26,2,178,Mega Launcher,Powers up pulse moves.
26,2,179,Grass Pelt,Boosts the Pokémon’s Defense stat on Grassy Terrain.
26,2,180,Symbiosis,The Pokémon passes its held item to an ally that has\nused up an item.
26,2,181,Tough Claws,Powers up moves that make direct contact.
26,2,182,Pixilate,Normal-type moves become Fairy-type moves.\nThe power of those moves is boosted a little.
26,2,183,Gooey,Contact with the Pokémon lowers the attacker’s\nSpeed stat.
26,2,184,Aerilate,Normal-type moves become Flying-type moves.\nThe power of those moves is boosted a little.
26,2,185,Parental Bond,The parent and child attack one after the other.
26,2,186,Dark Aura,Powers up the Dark-type moves of all Pokémon\non the field.
26,2,187,Fairy Aura,Powers up the Fairy-type moves of all Pokémon\non the field.
26,2,188,Aura Break,The effects of “Aura” Abilities are reversed to lower the\npower of affected moves.
26,2,189,Primordial Sea,The Pokémon changes the weather to nullify\nFire-type attacks.
26,2,190,Desolate Land,The Pokémon changes the weather to nullify\nWater-type attacks.
26,2,191,Delta Stream,The Pokémon changes the weather so that no moves are\nsuper effective against the Flying type.
26,2,192,Stamina,Boosts the Defense stat when the Pokémon is hit\nby an attack.
26,2,193,Wimp Out,The Pokémon cowardly switches out when its HP drops\nto half or less.
26,2,194,Emergency Exit,"The Pokémon, sensing danger, switches out when its HP\ndrops to half or less."
26,2,195,Water Compaction,Boosts the Defense stat sharply when the Pokémon is hit\nby a Water-type move.
26,2,196,Merciless,The Pokémon’s attacks become critical hits if the target\nis poisoned.
26,2,197,Shields Down,"When its HP drops to half or less, the Pokémon’s shell\nbreaks and it becomes aggressive."
26,2,198,Stakeout,Doubles the damage dealt to a target that has just\nswitched into battle.
26,2,199,Water Bubble,Lowers the power of Fire-type moves that hit the\nPokémon and prevents it from being burned.
26,2,200,Steelworker,Powers up Steel-type moves.
26,2,201,Berserk,Boosts the Pokémon’s Sp. Atk stat when it takes a hit\nthat causes its HP to drop to half or less.
26,2,202,Slush Rush,Boosts the Pokémon’s Speed stat in snow.
26,2,203,Long Reach,The Pokémon uses its moves without making contact\nwith the target.
26,2,204,Liquid Voice,Sound-based moves become Water-type moves.
26,2,205,Triage,Gives priority to the Pokémon’s healing moves.
26,2,206,Galvanize,Normal-type moves become Electric-type moves.\nThe power of those moves is boosted a little.
26,2,207,Surge Surfer,Doubles the Pokémon’s Speed stat on Electric Terrain.
26,2,208,Schooling,"When it has a lot of HP, the Pokémon forms a powerful\nschool. It stops schooling when its HP is low."
26,2,209,Disguise,"Once per battle, the shroud that covers the Pokémon\ncan protect it from an attack."
26,2,210,Battle Bond,"When the Pokémon knocks out a target, its bond with its\nTrainer is strengthened, and its Attack, Sp. Atk, and\nSpeed stats are boosted."
26,2,211,Power Construct,"Cells gather to aid the Pokémon when its HP\ndrops to half or less, causing it to change into\nits Complete Forme."
26,2,212,Corrosion,The Pokémon can poison the target even if it’s a Steel\nor Poison type.
26,2,213,Comatose,The Pokémon is always drowsing and will never wake up.\nIt can attack while in its sleeping state.
26,2,214,Queenly Majesty,The Pokémon’s majesty pressures opponents and makes\nthem unable to use priority moves against the Pokémon\nor its allies.
26,2,215,Innards Out,"When the Pokémon is knocked out, it damages its\nattacker by the amount equal to the HP it had left\nbefore it was hit."
26,2,216,Dancer,"Whenever a dance move is used in battle, the Pokémon\nwill copy the user to immediately perform that dance\nmove itself."
26,2,217,Battery,Powers up ally Pokémon’s special moves.
26,2,218,Fluffy,"Halves the damage taken from moves that make direct\ncontact, but doubles that of Fire-type moves."
26,2,219,Dazzling,"The Pokémon dazzles its opponents, making them\nunable to use priority moves against the Pokémon\nor its allies."
26,2,220,Soul-Heart,Boosts the Pokémon’s Sp. Atk stat every time another\nPokémon faints.
26,2,221,Tangling Hair,Contact with the Pokémon lowers the attacker’s\nSpeed stat.
26,2,222,Receiver,The Pokémon copies the Ability of a defeated ally.
26,2,223,Power of Alchemy,The Pokémon copies the Ability of a defeated ally.
26,2,224,Beast Boost,Boosts the Pokémon’s most proficient stat every time it\nknocks out a target.
26,2,225,RKS System,Changes the Pokémon’s type to match the memory disc\nit holds.
26,2,226,Electric Surge,Turns the ground into Electric Terrain when the Pokémon\nenters a battle.
26,2,227,Psychic Surge,Turns the ground into Psychic Terrain when the Pokémon\nenters a battle.
26,2,228,Misty Surge,Turns the ground into Misty Terrain when the Pokémon\nenters a battle.
26,2,229,Grassy Surge,Turns the ground into Grassy Terrain when the Pokémon\nenters a battle.
26,2,230,Full Metal Body,Prevents other Pokémon’s moves or Abilities from\nlowering the Pokémon’s stats.
26,2,231,Shadow Shield,Reduces the amount of damage the Pokémon takes\nwhile its HP is full.
26,2,232,Prism Armor,Reduces the power of supereffective attacks that hit\nthe Pokémon.
26,2,233,Neuroforce,Powers up the Pokémon’s supereffective attacks even\nfurther.
26,2,234,Intrepid Sword,Boosts the Pokémon’s Attack stat the first time the\nPokémon enters a battle.
26,2,235,Dauntless Shield,Boosts the Pokémon’s Defense stat the first time the\nPokémon enters a battle.
26,2,236,Libero,Changes the Pokémon’s type to the type of the move\nit’s about to use. This works only once each time the\nPokémon enters battle.
26,2,237,Ball Fetch,"If the Pokémon is not holding an item, it will fetch the\nPoké Ball from the first failed throw of the battle."
26,2,238,Cotton Down,"When the Pokémon is hit by an attack, it scatters cotton\nfluff around and lowers the Speed stats of all Pokémon\nexcept itself."
26,2,239,Propeller Tail,Ignores the effects of opposing Pokémon’s Abilities and\nmoves that draw in moves.
26,2,240,Mirror Armor,Bounces back only the stat-lowering effects that the\nPokémon receives.
26,2,241,Gulp Missile,"When the Pokémon uses Surf or Dive, it will come back\nwith prey. When it takes damage, it will spit out the prey\nto attack."
26,2,242,Stalwart,Ignores the effects of opposing Pokémon’s Abilities and\nmoves that draw in moves.
26,2,243,Steam Engine,Boosts the Speed stat drastically when the Pokémon is\nhit by a Fire- or Water-type move.
26,2,244,Punk Rock,Boosts the power of sound-based moves. The Pokémon\nalso takes half the damage from these kinds of moves.
26,2,245,Sand Spit,The Pokémon creates a sandstorm when it’s hit by\nan attack.
26,2,246,Ice Scales,"The Pokémon is protected by ice scales, which halve\nthe damage taken from special moves."
26,2,247,Ripen,Ripens Berries and doubles their effect.
26,2,248,Ice Face,"The Pokémon’s ice head can take a physical attack as\na substitute, but the attack also changes the Pokémon’s\nappearance. The ice will be restored when it snows."
26,2,249,Power Spot,Just being next to the Pokémon powers up moves.
26,2,250,Mimicry,Changes the Pokémon’s type depending on the terrain.
26,2,251,Screen Cleaner,"When the Pokémon enters a battle, the effects of\nLight Screen, Reflect, and Aurora Veil are nullified for\nboth opposing and ally Pokémon."
26,2,252,Steely Spirit,Powers up the Steel-type moves of the Pokémon\nand its allies.
26,2,253,Perish Body,"When hit by a move that makes direct contact, the\nPokémon and the attacker will faint after three turns\nunless they switch out of battle."
26,2,254,Wandering Spirit,The Pokémon exchanges Abilities with a Pokémon that\nhits it with a move that makes direct contact.
26,2,255,Gorilla Tactics,Boosts the Pokémon’s Attack stat but only allows the\nuse of the first selected move.
26,2,256,Neutralizing Gas,"While the Pokémon is in the battle, the effects of all\nother Pokémon’s Abilities will be nullified or will not\nbe triggered."
26,2,257,Pastel Veil,Prevents the Pokémon and its allies from being\npoisoned.
26,2,258,Hunger Switch,"The Pokémon changes its form, alternating between\nits Full Belly Mode and Hangry Mode after the end of\nevery turn."
26,2,259,Quick Draw,Enables the Pokémon to move first occasionally.
26,2,260,Unseen Fist,"If the Pokémon uses moves that make direct contact,\nit can attack the target even if the target protects itself."
26,2,261,Curious Medicine,"When the Pokémon enters a battle, it scatters medicine\nfrom its shell, which removes all stat changes from allies."
26,2,262,Transistor,Powers up Electric-type moves.
26,2,263,Dragon’s Maw,Powers up Dragon-type moves.
26,2,264,Chilling Neigh,"When the Pokémon knocks out a target, it utters a\nchilling neigh, which boosts its Attack stat."
26,2,265,Grim Neigh,"When the Pokémon knocks out a target, it utters a\nterrifying neigh, which boosts its Sp. Atk stat."
26,2,266,As One,This Ability combines the effects of both Calyrex’s\nUnnerve Ability and Glastrier’s Chilling Neigh Ability.
26,2,267,As One,This Ability combines the effects of both Calyrex’s\nUnnerve Ability and Spectrier’s Grim Neigh Ability.
26,2,268,Lingering Aroma,Contact with the Pokémon changes the attacker’s\nAbility to Lingering Aroma.
26,2,269,Seed Sower,Turns the ground into Grassy Terrain when the Pokémon\nis hit by an attack.
26,2,270,Thermal Exchange,Boosts the Attack stat when the Pokémon is hit by a\nFire-type move. The Pokémon also cannot be burned.
26,2,271,Anger Shell,"When an attack causes its HP to drop to half or less, the\nPokémon gets angry. This lowers its Defense and Sp. Def\nstats but boosts its Attack, Sp. Atk, and Speed stats."
26,2,272,Purifying Salt,The Pokémon’s pure salt protects it from status\nconditions and halves the damage taken from\nGhost-type moves.
26,2,273,Well-Baked Body,"The Pokémon takes no damage when hit by Fire-type\nmoves. Instead, its Defense stat is sharply boosted."
26,2,274,Wind Rider,Boosts the Pokémon’s Attack stat if Tailwind takes effect\nor if the Pokémon is hit by a wind move. The Pokémon\nalso takes no damage from wind moves.
26,2,275,Guard Dog,Boosts the Pokémon’s Attack stat if intimidated.\nMoves and items that would force the Pokémon\nto switch out also fail to work.
26,2,276,Rocky Payload,Powers up Rock-type moves.
26,2,277,Wind Power,"The Pokémon becomes charged when it is hit by a wind\nmove, boosting the power of the next Electric-type\nmove the Pokémon uses."
26,2,278,Zero to Hero,The Pokémon transforms into its Hero Form when it\nswitches out.
26,2,279,Commander,"When the Pokémon enters a battle, it goes inside the\nmouth of an ally Dondozo if one is on the field.\nThe Pokémon then issues commands from there."
26,2,280,Electromorphosis,"The Pokémon becomes charged when it takes damage,\nboosting the power of the next Electric-type move the\nPokémon uses."
26,2,281,Protosynthesis,Boosts the Pokémon’s most proficient stat in harsh\nsunlight or if the Pokémon is holding Booster Energy.
26,2,282,Quark Drive,Boosts the Pokémon’s most proficient stat on Electric\nTerrain or if the Pokémon is holding Booster Energy.
26,2,283,Good as Gold,"A body of pure, solid gold gives the Pokémon full\nimmunity to other Pokémon’s status moves."
26,2,284,Vessel of Ruin,The power of the Pokémon’s ruinous vessel lowers the\nSp. Atk stats of all Pokémon except itself.
26,2,285,Sword of Ruin,The power of the Pokémon’s ruinous sword lowers the\nDefense stats of all Pokémon except itself.
26,2,286,Tablets of Ruin,The power of the Pokémon’s ruinous wooden tablets\nlowers the Attack stats of all Pokémon except itself.
26,2,287,Beads of Ruin,The power of the Pokémon’s ruinous beads lowers the\nSp. Def stats of all Pokémon except itself.
26,2,288,Orichalcum Pulse,Turns the sunlight harsh when the Pokémon enters a\nbattle. The ancient pulse thrumming through the\nPokémon also boosts its Attack stat in harsh sunlight.
26,2,289,Hadron Engine,Turns the ground into Electric Terrain when the Pokémon\nenters a battle. The futuristic engine within the Pokémon\nalso boosts its Sp. Atk stat on Electric Terrain.
26,2,290,Opportunist,"If an opponent’s stat is boosted, the Pokémon seizes the\nopportunity to boost the same stat for itself."
26,2,291,Cud Chew,"When the Pokémon eats a Berry, it will regurgitate\nthat Berry at the end of the next turn and eat it one\nmore time."
26,2,292,Sharpness,Powers up slicing moves.
26,2,293,Supreme Overlord,"When the Pokémon enters a battle, its Attack and\nSp. Atk stats are slightly boosted for each of the allies\nin its party that have already been defeated."
26,2,294,Costar,"When the Pokémon enters a battle, it copies an ally’s\nstat changes."
26,2,295,Toxic Debris,Scatters poison spikes at the feet of the opposing team\nwhen the Pokémon takes damage from physical moves.
26,2,296,Armor Tail,The mysterious tail covering the Pokémon’s head makes\nopponents unable to use priority moves against the\nPokémon or its allies.
26,2,297,Earth Eater,"If hit by a Ground-type move, the Pokémon has its HP\nrestored instead of taking damage."
26,2,298,Mycelium Might,"The Pokémon will always act more slowly when using\nstatus moves, but these moves will be unimpeded by\nthe Ability of the target."
26,2,299,Hospitality,"When the Pokémon enters a battle, it showers its ally\nwith hospitality, restoring a small amount of the ally’s HP."
26,2,300,Mind’s Eye,"The Pokémon ignores changes to opponents’\nevasiveness, its accuracy can’t be lowered, and it can\nhit Ghost types with Normal- and Fighting-type moves."
26,2,301,Embody Aspect,"The Pokémon’s heart fills with memories, causing the\nTeal Mask to shine and the Pokémon’s Speed stat to\nbe boosted."
26,2,302,Embody Aspect,"The Pokémon’s heart fills with memories, causing the\nHearthflame Mask to shine and the Pokémon’s Attack\nstat to be boosted."
26,2,303,Embody Aspect,"The Pokémon’s heart fills with memories, causing the\nWellspring Mask to shine and the Pokémon’s Sp. Def\nstat to be boosted."
26,2,304,Embody Aspect,"The Pokémon’s heart fills with memories, causing the\nCornerstone Mask to shine and the Pokémon’s Defense\nstat to be boosted."
26,2,305,Toxic Chain,The power of the Pokémon’s toxic chain may badly\npoison any target the Pokémon hits with a move.
26,2,306,Supersweet Syrup,"A sickly sweet scent spreads across the field the\nfirst time the Pokémon enters a battle, lowering\nthe evasiveness of opposing Pokémon."
26,2,307,Tera Shift,"When the Pokémon enters a battle, it absorbs the energy\naround itself and transforms into its Terastal Form."
26,2,308,Tera Shell,The Pokémon’s shell contains the powers of each type.\nAll damage-dealing moves that hit the Pokémon when its\nHP is full will not be very effective.
26,2,309,Teraform Zero,"When Terapagos changes into its Stellar Form, it uses\nits hidden powers to eliminate all effects of weather and\nterrain, reducing them to zero."
26,2,310,Poison Puppeteer,Pokémon poisoned by Pecharunt’s moves will also\nbecome confused.
26,3,1,Puanteur,Le Pokémon émet une odeur si nauséabonde\nqu’il peut effrayer sa cible en l’attaquant.
26,3,2,Crachin,Le Pokémon invoque la pluie quand il entre au combat.
26,3,3,Turbo,La Vitesse du Pokémon augmente à chaque tour.
26,3,4,Armurbaston,Le Pokémon est protégé des coups critiques\npar une solide carapace.
26,3,5,Fermeté,Le Pokémon encaisse toujours au moins une attaque\ns’il a tous ses PV. Il est également immunisé contre\nles capacités pouvant mettre K.O. en un coup.
26,3,6,Moiteur,"Le Pokémon augmente l’humidité de l’air,\nce qui empêche tous les Pokémon d’utiliser\ndes capacités explosives telles que Destruction."
26,3,7,Échauffement,"Le Pokémon s’est suffisamment échauffé,\nce qui l’immunise contre la paralysie."
26,3,8,Voile Sable,Augmente l’Esquive du Pokémon lors des tempêtes\nde sable.
26,3,9,Statik,"Le Pokémon charge son corps en électricité statique,\net tout contact avec lui peut paralyser."
26,3,10,Absorbe-Volt,"Si le Pokémon est touché par une capacité Électrik,\nil ne subit aucun dégât et regagne des PV à la place."
26,3,11,Absorbe-Eau,"Si le Pokémon est touché par une capacité Eau,\nil ne subit aucun dégât et regagne des PV à la place."
26,3,12,Benêt,"Le Pokémon est un grand benêt, ce qui l’immunise\ncontre l’attraction, la provocation ou l’intimidation."
26,3,13,Ciel Gris,Annule tous les effets liés à la météo.
26,3,14,Œil Composé,Les yeux à facettes du Pokémon augmentent\nla Précision de ses capacités.
26,3,15,Insomnia,Le Pokémon est incapable de dormir.
26,3,16,Homochromie,"Lorsque le Pokémon est touché par une capacité,\nil prend le type de celle-ci."
26,3,17,Vaccin,Le Pokémon est naturellement immunisé\ncontre toute forme de poison.
26,3,18,Torche,"Lorsque le Pokémon est touché par une capacité\nde type Feu, il absorbe la chaleur pour renforcer\nses propres capacités Feu."
26,3,19,Écran Poudre,Le Pokémon dispose d’un écran naturel qui le protège\ndes effets additionnels des attaques ennemies.
26,3,20,Tempo Perso,"Le Pokémon vit sa vie à son propre rythme,\nce qui l’immunise contre la confusion et l’intimidation."
26,3,21,Ventouse,"Le Pokémon est solidement fixé au sol par des\nventouses, ce qui le protège des capacités ou\nobjets qui font changer de Pokémon."
26,3,22,Intimidation,"Le Pokémon rugit lorsqu’il arrive au combat,\nce qui intimide l’ennemi et baisse son Attaque."
26,3,23,Marque Ombre,Empêche les Pokémon ennemis de quitter le terrain.
26,3,24,Peau Dure,Blesse l’attaquant lorsque le Pokémon subit\nune attaque directe.
26,3,25,Garde Mystik,"Une puissance mystérieuse protège le Pokémon contre\ntoutes les capacités, sauf celles qui sont super efficaces."
26,3,26,Lévitation,"Le Pokémon flotte, ce qui l’immunise contre\nles capacités de type Sol."
26,3,27,Pose Spore,"Peut paralyser, empoisonner ou endormir l’attaquant\nlorsque le Pokémon subit une attaque directe."
26,3,28,Synchro,"Quand le Pokémon est brûlé, paralysé ou empoisonné\npar un autre Pokémon, il partage ce statut avec celui-ci."
26,3,29,Corps Sain,Empêche les stats du Pokémon de baisser à cause\ndu talent ou d’une capacité de l’adversaire.
26,3,30,Médic Nature,Le Pokémon soigne ses altérations de statut\nen quittant le combat.
26,3,31,Paratonnerre,"Le Pokémon détourne sur lui les capacités\nde type Électrik et les neutralise, tout en\naugmentant son Attaque Spéciale."
26,3,32,Sérénité,Augmente les chances d’infliger des effets additionnels.
26,3,33,Glissade,Augmente la Vitesse du Pokémon s’il pleut.
26,3,34,Chlorophylle,Augmente la Vitesse du Pokémon s’il y a du soleil.
26,3,35,Luminescence,"Le Pokémon illumine les alentours, ce qui empêche\nsa Précision de baisser."
26,3,36,Calque,"Lorsque le Pokémon entre au combat, il calque\nle talent d’un ennemi pour remplacer le sien."
26,3,37,Coloforce,Double la puissance des attaques physiques.
26,3,38,Point Poison,Peut empoisonner l’attaquant lorsque le Pokémon\nsubit une attaque directe.
26,3,39,Attention,Le Pokémon a un mental à toute épreuve qui empêche\nles attaques ennemies de lui faire peur. Il est aussi\nimmunisé contre le talent Intimidation.
26,3,40,Armumagma,Le magma qui recouvre le corps du Pokémon le protège\ncontre le gel.
26,3,41,Ignifu-Voile,Le voile qui recouvre le Pokémon le protège\ndes brûlures.
26,3,42,Magnépiège,"Attire les Pokémon Acier grâce à un champ magnétique,\nce qui les empêche de quitter le terrain."
26,3,43,Anti-Bruit,Protège le Pokémon de toutes les capacités sonores.
26,3,44,Cuvette,Le Pokémon récupère progressivement des PV\nlorsqu’il pleut.
26,3,45,Sable Volant,Le Pokémon invoque une tempête de sable\nquand il entre au combat.
26,3,46,Pression,Met la pression à l’adversaire pour le forcer\nà dépenser plus de PP.
26,3,47,Isograisse,Le Pokémon est protégé par une épaisse couche\nde graisse qui diminue de moitié les dégâts qu’il subit\ndes capacités de types Feu et Glace.
26,3,48,Matinal,Le Pokémon se réveille deux fois plus rapidement\nque les autres.
26,3,49,Corps Ardent,Peut brûler l’attaquant lorsque le Pokémon subit\nune attaque directe.
26,3,50,Fuite,Permet de fuir n’importe quel Pokémon sauvage.
26,3,51,Regard Vif,Les yeux perçants du Pokémon empêchent\nsa Précision de baisser.
26,3,52,Hyper Cutter,Le Pokémon est armé de puissantes pinces qui font\nsa fierté et empêchent son Attaque d’être baissée\npar l’adversaire.
26,3,53,Ramassage,Permet parfois au Pokémon de ramasser les objets\nque d’autres Pokémon ont utilisés. Il lui arrive aussi\nd’en trouver hors des combats.
26,3,54,Absentéisme,"Lorsque le Pokémon utilise une capacité,\nil passe le tour suivant à paresser."
26,3,55,Agitation,"Améliore l’Attaque du Pokémon, mais diminue\nla Précision."
26,3,56,Joli Sourire,Peut séduire l’attaquant lorsque le Pokémon subit\nune attaque directe.
26,3,57,Plus,L’Attaque Spéciale du Pokémon augmente\nsi un Pokémon allié a le talent Moins ou Plus.
26,3,58,Moins,L’Attaque Spéciale du Pokémon augmente\nsi un Pokémon allié a le talent Moins ou Plus.
26,3,59,Météo,"Le Pokémon prend le type Eau, Feu ou Glace\nen fonction de la météo."
26,3,60,Glu,"Les objets sont collés au corps gluant du Pokémon,\nce qui empêche ses adversaires de les dérober."
26,3,61,Mue,Le Pokémon soigne parfois ses altérations de statut\nen muant.
26,3,62,Cran,Augmente l’Attaque du Pokémon s’il est affecté\npar une altération de statut.
26,3,63,Écaille Spéciale,Les écailles mystérieuses du Pokémon réagissent\naux altérations de statut en augmentant sa Défense.
26,3,64,Suintement,Le Pokémon suinte un liquide toxique nauséabond\nqui blesse tous ceux qui tentent de voler ses PV.
26,3,65,Engrais,Augmente la puissance des capacités de type Plante\ndu Pokémon quand il a perdu une certaine quantité\nde PV.
26,3,66,Brasier,Augmente la puissance des capacités de type Feu\ndu Pokémon quand il a perdu une certaine quantité\nde PV.
26,3,67,Torrent,Augmente la puissance des capacités de type Eau\ndu Pokémon quand il a perdu une certaine quantité\nde PV.
26,3,68,Essaim,Augmente la puissance des capacités de type Insecte\ndu Pokémon quand il a perdu une certaine quantité\nde PV.
26,3,69,Tête de Roc,Le Pokémon peut utiliser des capacités occasionnant\nun contrecoup sans perdre de PV.
26,3,70,Sécheresse,Le Pokémon invoque le soleil quand il entre au combat.
26,3,71,Piège Sable,Empêche l’adversaire de quitter le terrain.
26,3,72,Esprit Vital,Empêche le Pokémon de s’endormir.
26,3,73,Écran Fumée,Un écran de fumée empêche l’adversaire de baisser\nles stats du Pokémon.
26,3,74,Force Pure,Le Pokémon utilise sa maîtrise du yoga pour doubler\nla puissance de ses attaques physiques.
26,3,75,Coque Armure,Le Pokémon est protégé des coups critiques\npar sa carapace.
26,3,76,Air Lock,Annule tous les effets de la météo.
26,3,77,Pieds Confus,Augmente l’Esquive du Pokémon s’il est confus.
26,3,78,Motorisé,"Si le Pokémon est touché par une capacité de type\nÉlectrik, il ne subit aucun dégât et sa Vitesse augmente."
26,3,79,Rivalité,"Le Pokémon déteste la concurrence et inflige plus\nde dégâts si sa cible est du même sexe. Par contre,\nil en inflige moins si sa cible est du sexe opposé."
26,3,80,Impassible,Augmente la Vitesse du Pokémon quand il a peur.
26,3,81,Rideau Neige,Augmente l’Esquive du Pokémon quand il neige.
26,3,82,Gloutonnerie,"Si le Pokémon tient une Baie à manger en cas de PV\nbas, il la mange dès qu’il a perdu la moitié de ses PV."
26,3,83,Colérique,"Si le Pokémon subit un coup critique, il entre\ndans une colère noire qui augmente son Attaque\nau maximum."
26,3,84,Délestage,Augmente la Vitesse du Pokémon s’il perd ou utilise\nl’objet qu’il tenait au début du combat.
26,3,85,Ignifugé,Diminue de moitié les dégâts infligés au Pokémon\npar les capacités de type Feu.
26,3,86,Simple,Les changements de stats sont deux fois plus importants\npour le Pokémon.
26,3,87,Peau Sèche,"Quand le soleil brille, le Pokémon perd des PV et subit\nplus de dégâts des capacités Feu, mais il regagne des PV\nlorsqu’il pleut ou s’il est touché par une capacité Eau."
26,3,88,Télécharge,"Le Pokémon compare la Défense et la Défense Spéciale\nde l’adversaire et, en fonction de la stat la plus basse,\nil augmente sa propre Attaque ou Attaque Spéciale."
26,3,89,Poing de Fer,Augmente la puissance des capacités coups de poing.
26,3,90,Soin Poison,"Quand le Pokémon est empoisonné, il regagne des PV\nau lieu d’en perdre."
26,3,91,Adaptabilité,"Quand le Pokémon utilise une capacité du même type\nque lui, le bonus de puissance qu’elle reçoit est encore\nplus important que normalement."
26,3,92,Multi-Coups,Les capacités pouvant frapper plusieurs fois frappent\ntoujours le nombre maximal de coups.
26,3,93,Hydratation,Soigne les altérations de statut du Pokémon\nquand il pleut.
26,3,94,Force Soleil,"Quand le soleil brille, l’Attaque Spéciale du Pokémon\naugmente mais il perd des PV à chaque tour."
26,3,95,Pied Véloce,Augmente la Vitesse du Pokémon en cas d’altération\nde statut.
26,3,96,Normalise,"Toutes les capacités du Pokémon deviennent\nde type Normal, quel que soit leur type original.\nLeur puissance augmente légèrement."
26,3,97,Sniper,"Lorsque le Pokémon porte un coup critique, les dégâts\ninfligés augmentent encore plus que d’habitude."
26,3,98,Garde Magik,Seules les attaques peuvent blesser le Pokémon.
26,3,99,Annule Garde,"Les capacités du Pokémon touchent leur cible à coup sûr,\nmais les capacités adverses le touchent aussi à coup sûr."
26,3,100,Frein,Le Pokémon utilise toujours sa capacité en dernier.
26,3,101,Technicien,Augmente la puissance des capacités les plus faibles.
26,3,102,Feuille Garde,Protège le Pokémon contre les altérations de statut\nquand le soleil brille.
26,3,103,Maladresse,Le Pokémon ne peut utiliser aucun objet tenu.
26,3,104,Brise Moule,Le Pokémon ignore les talents adverses qui auraient\nun effet sur ses capacités.
26,3,105,Chanceux,Le Pokémon est tellement chanceux qu’il inflige\nplus fréquemment des coups critiques.
26,3,106,Boom Final,"Si le Pokémon est mis K.O. par une attaque directe,\nil inflige des dégâts à l’attaquant avant de s’évanouir."
26,3,107,Anticipation,Le Pokémon devine si l’adversaire connaît une capacité\ndangereuse pour lui.
26,3,108,Prédiction,Révèle l’une des capacités de l’adversaire quand\nle combat commence.
26,3,109,Inconscient,"Le Pokémon ignore les changements de stats des autres\nPokémon, qu’il attaque ou soit attaqué."
26,3,110,Lentiteintée,Permet à une capacité qui n’est pas très efficace\nd’infliger des dégâts comme si elle était efficace\nnormalement.
26,3,111,Filtre,Diminue la puissance des attaques super efficaces\nsubies.
26,3,112,Début Calme,Divise la Vitesse et l’Attaque du Pokémon par deux\npendant les cinq premiers tours du combat.
26,3,113,Querelleur,Permet aux capacités de type Normal ou Combat\ndu Pokémon de toucher les Pokémon de type Spectre.\nImmunise aussi contre le talent Intimidation.
26,3,114,Lavabo,"Le Pokémon détourne sur lui les capacités de\ntype Eau et les neutralise, tout en augmentant\nson Attaque Spéciale."
26,3,115,Corps Gel,Régénère peu à peu les PV du Pokémon quand il neige.
26,3,116,Solide Roc,Diminue la puissance des attaques super efficaces\nsubies.
26,3,117,Alerte Neige,Le Pokémon invoque la neige quand il entre au combat.
26,3,118,Cherche Miel,Le Pokémon peut parfois trouver du Miel après\nun combat.
26,3,119,Fouille,Permet de connaître l’objet tenu par l’adversaire\nquand le combat commence.
26,3,120,Téméraire,Augmente la puissance des capacités occasionnant\nun contrecoup.
26,3,121,Multi-Type,Modifie le type du Pokémon en fonction de la plaque\nqu’il tient.
26,3,122,Don Floral,Augmente l’Attaque et la Défense Spéciale du Pokémon\net de ses alliés lorsque le soleil brille.
26,3,123,Mauvais Rêve,Inflige des dégâts aux ennemis endormis.
26,3,124,Pickpocket,Vole l’objet que tient l’attaquant quand le Pokémon\nsubit une attaque directe.
26,3,125,Sans Limite,"Les capacités ayant un effet additionnel le perdent,\nmais leur puissance augmente."
26,3,126,Contestation,"Inverse les changements de stats : les augmentations\nde stats se transforment en baisses, et vice-versa."
26,3,127,Tension,"Fait stresser l’adversaire, ce qui l’empêche de manger\ndes Baies."
26,3,128,Acharné,Augmente beaucoup l’Attaque du Pokémon\nquand ses stats sont baissées par l’adversaire.
26,3,129,Défaitiste,"Le Pokémon devient défaitiste quand ses PV tombent\nà la moitié, et son Attaque et son Attaque Spéciale\nsont divisées par deux."
26,3,130,Corps Maudit,"Quand le Pokémon est touché par une capacité adverse,\nil inflige parfois Entrave sur celle-ci."
26,3,131,Cœur Soin,Soigne parfois une altération de statut d’un allié proche.
26,3,132,Garde-Ami,Diminue les dégâts subis par les alliés.
26,3,133,Armurouillée,"Quand le Pokémon est touché par une capacité\nphysique, sa Défense baisse mais sa Vitesse\naugmente beaucoup."
26,3,134,Heavy Metal,Double le poids du Pokémon.
26,3,135,Light Metal,Divise par deux le poids du Pokémon.
26,3,136,Multiécaille,Le Pokémon subit moins de dégâts quand ses PV\nsont au maximum.
26,3,137,Rage Poison,Augmente la puissance des capacités physiques\nquand le Pokémon est empoisonné.
26,3,138,Rage Brûlure,Augmente la puissance des capacités spéciales\nquand le Pokémon est brûlé.
26,3,139,Récolte,Permet de réutiliser une même Baie plusieurs fois.
26,3,140,Télépathe,Le Pokémon anticipe et évite les attaques de ses alliés.
26,3,141,Lunatique,Augmente beaucoup une stat du Pokémon\net en baisse une autre au hasard à chaque tour.
26,3,142,Envelocape,"Protège des dégâts occasionnés par les tempêtes\nde sable, ainsi que des effets des capacités\nqui libèrent de la poudre et des spores."
26,3,143,Toxitouche,Peut empoisonner l’ennemi par simple contact.
26,3,144,Régé-Force,Restaure un peu de PV si le Pokémon est retiré\ndu combat.
26,3,145,Cœur de Coq,Protège des effets qui baissent la Défense.
26,3,146,Baigne Sable,Augmente la Vitesse lors des tempêtes de sable.
26,3,147,Peau Miracle,Le Pokémon résiste mieux aux capacités de statut.
26,3,148,Analyste,Augmente la puissance des capacités du Pokémon\ns’il attaque en dernier.
26,3,149,Illusion,Le Pokémon prend l’apparence du dernier membre\nde l’équipe pour tromper l’adversaire.
26,3,150,Imposteur,Le Pokémon prend l’apparence du Pokémon adverse.
26,3,151,Infiltration,Traverse les barrières et les clones adverses\npour attaquer directement.
26,3,152,Momie,"Lorsque le Pokémon subit une attaque directe, le talent\nde l’attaquant est remplacé par Momie."
26,3,153,Impudence,"Quand le Pokémon met un ennemi K.O.,\nsa confiance en lui ne connaît plus de limite\net son Attaque augmente."
26,3,154,Cœur Noble,"Réveille la noblesse du Pokémon lorsqu’il subit\nune attaque de type Ténèbres, ce qui augmente\nson Attaque."
26,3,155,Phobique,"Si le Pokémon est touché par le talent Intimidation ou\nune attaque de type Ténèbres, Spectre ou Insecte,\nsa phobie se révèle et sa Vitesse augmente."
26,3,156,Miroir Magik,Annule les effets des capacités de statut subies\npar le Pokémon et les retourne à l’envoyeur.
26,3,157,Herbivore,Annule les attaques de type Plante subies\npar le Pokémon et augmente son Attaque.
26,3,158,Farceur,Rend les capacités de statut du Pokémon prioritaires.
26,3,159,Force Sable,"Augmente la puissance des capacités de types Roche,\nSol et Acier en cas de tempête de sable."
26,3,160,Épine de Fer,Inflige des dégâts à l’attaquant lorsque le Pokémon\nsubit une attaque directe.
26,3,161,Mode Transe,Le Pokémon change de forme quand il lui reste moins\nde la moitié de ses PV.
26,3,162,Victorieux,Augmente la Précision du Pokémon et de ses alliés.
26,3,163,Turbo Brasier,Le Pokémon ignore les talents adverses qui auraient\nun effet sur ses capacités.
26,3,164,Téra-Voltage,Le Pokémon ignore les talents adverses qui auraient\nun effet sur ses capacités.
26,3,165,Aroma-Voile,Protège le Pokémon et ses alliés des effets limitant\nle libre arbitre.
26,3,166,Flora-Voile,Empêche les alliés de type Plante de subir des baisses\nde stats et des altérations de statut.
26,3,167,Bajoues,Le Pokémon récupère des PV lorsqu’il consomme\nn’importe quelle Baie en plus de bénéficier de\nses effets habituels.
26,3,168,Protéen,Le Pokémon prend le type de la capacité qu’il utilise.\nCe talent ne peut se déclencher qu’une fois par entrée\nau combat du Pokémon.
26,3,169,Toison Épaisse,Divise par deux les dégâts des capacités physiques\nsubies par le Pokémon.
26,3,170,Magicien,Les capacités volent aussi l’objet tenu par la cible.
26,3,171,Pare-Balles,Protège de certaines capacités lançant des projectiles\ncomme des bombes et des balles.
26,3,172,Battant,Augmente beaucoup l’Attaque Spéciale du Pokémon\nquand ses stats ont été baissées par l’adversaire.
26,3,173,Prognathe,Le Pokémon a une mâchoire robuste qui augmente\nla puissance de ses capacités de morsure.
26,3,174,Peau Gelée,Les capacités de type Normal deviennent de type Glace.\nLeur puissance augmente légèrement.
26,3,175,Gluco-Voile,Le Pokémon et ses alliés ne peuvent pas s’endormir.
26,3,176,Déclic Tactique,"Le Pokémon prend la Forme Assaut lorsqu’il utilise\nune capacité offensive, et la Forme Parade lorsqu’il\nutilise Bouclier Royal."
26,3,177,Ailes Bourrasque,"Quand les PV du Pokémon sont au maximum,\nses capacités de type Vol sont prioritaires."
26,3,178,Méga Blaster,Augmente la puissance des capacités qui projettent\nune aura.
26,3,179,Toison Herbue,Augmente la Défense du Pokémon si un champ herbu\nest actif.
26,3,180,Symbiose,"Quand les alliés utilisent l’objet qu’ils tiennent,\nle Pokémon leur donne l’objet qu’il tient\nen remplacement."
26,3,181,Griffe Dure,Augmente la puissance des attaques directes\ndu Pokémon.
26,3,182,Peau Féérique,Les capacités de type Normal deviennent de type Fée.\nLeur puissance augmente légèrement.
26,3,183,Poisseux,Baisse la Vitesse de l’attaquant lorsque le Pokémon\nsubit une attaque directe.
26,3,184,Peau Céleste,Les capacités de type Normal deviennent de type Vol.\nLeur puissance augmente légèrement.
26,3,185,Amour Filial,La mère et son petit unissent leurs forces pour\nattaquer deux fois d’affilée.
26,3,186,Aura Ténébreuse,Augmente la puissance des capacités de type Ténèbres\nde tous les Pokémon.
26,3,187,Aura Féérique,Augmente la puissance des capacités de type Fée\nde tous les Pokémon.
26,3,188,Aura Inversée,Inverse l’effet des talents « Aura » afin que ceux-ci\nbaissent la puissance des capacités affectées au lieu\nde l’augmenter.
26,3,189,Mer Primaire,Altère les conditions météo pour neutraliser\nles attaques de type Feu.
26,3,190,Terre Finale,Altère les conditions météo pour neutraliser\nles attaques de type Eau.
26,3,191,Souffle Delta,Altère les conditions météo pour annuler les faiblesses\ndu type Vol.
26,3,192,Endurance,Augmente la Défense du Pokémon lorsqu’il subit\nune attaque.
26,3,193,Escampette,Le Pokémon perd confiance quand ses PV tombent\nà la moitié et s’enfuit dans sa Poké Ball.
26,3,194,Repli Tactique,"Le Pokémon évite les situations inutilement\ndangereuses. Quand ses PV tombent à la moitié,\nil se réfugie dans sa Poké Ball."
26,3,195,Sable Humide,Augmente beaucoup la Défense du Pokémon\nquand il subit une capacité de type Eau.
26,3,196,Cruauté,"Lorsque le Pokémon attaque un adversaire empoisonné,\nle coup est forcément critique."
26,3,197,Bouclier-Carcan,"Lorsque le Pokémon perd la moitié de ses PV,\nson enveloppe se brise et il adopte une posture\noffensive."
26,3,198,Filature,"Lorsque le Pokémon attaque une cible qui vient d’entrer\nsur le terrain en remplacement d’un autre Pokémon,\nles dégâts infligés sont doublés."
26,3,199,Aquabulle,Réduit la puissance des capacités de type Feu subies\npar le Pokémon. Il est également immunisé contre\nles brûlures.
26,3,200,Expert Acier,Augmente la puissance des attaques de type Acier.
26,3,201,Folle Furie,Augmente l’Attaque Spéciale du Pokémon lorsque\nses PV tombent à la moitié à cause d’une attaque\nde l’adversaire.
26,3,202,Chasse-Neige,Augmente la Vitesse du Pokémon quand il neige.
26,3,203,Longue Portée,Le Pokémon est capable d’utiliser toutes ses capacités\nsans entrer en contact direct avec sa cible.
26,3,204,Hydrata-Son,Toutes les attaques sonores du Pokémon prennent\nle type Eau.
26,3,205,Prioguérison,Rend les capacités de soin prioritaires.
26,3,206,Peau Électrique,Les capacités de type Normal deviennent de type\nÉlectrik. Leur puissance augmente légèrement.
26,3,207,Surf Caudal,La Vitesse du Pokémon est doublée sur\nun champ électrifié.
26,3,208,Banc,"Le Pokémon se rassemble avec ses congénères\nquand ses PV sont élevés. Quand il ne lui reste\nplus beaucoup de PV, le banc se disperse."
26,3,209,Fantômasque,Le déguisement qui recouvre le corps du Pokémon\nest capable de le protéger d’une attaque.
26,3,210,Synergie,"En battant un ennemi, ce Pokémon renforce ses liens\navec son Dresseur, ce qui augmente son Attaque,\nson Attaque Spéciale et sa Vitesse."
26,3,211,Rassemblement,"Lorsque le Pokémon perd la moitié de ses PV,\nses cellules se rassemblent pour l’encourager,\nce qui lui permet de prendre sa Forme Parfaite."
26,3,212,Corrosion,Permet d’empoisonner les Pokémon de type Acier\nou Poison.
26,3,213,Hypersommeil,Le Pokémon rêve en permanence et ne se réveille\njamais. Il est capable d’attaquer normalement\ntout en dormant.
26,3,214,Prestance Royale,"L’adversaire est impressionné par la majesté\ndu Pokémon, ce qui l’empêche de viser ce dernier\net ses alliés avec une capacité prioritaire."
26,3,215,Expuls’Organes,Le Pokémon inflige à l’adversaire l’ayant mis K.O.\ndes dégâts égaux au nombre de PV qu’il lui restait\navant le coup de grâce.
26,3,216,Danseuse,"Si n’importe quel Pokémon utilise une capacité dansante,\nle Pokémon utilise immédiatement cette danse lui aussi."
26,3,217,Batterie,Augmente la puissance des capacités spéciales des alliés.
26,3,218,Boule de Poils,"Divise par deux les dégâts des attaques directes\nsubies par le Pokémon, mais double les dégâts\ndes capacités de type Feu."
26,3,219,Corps Coloré,"L’adversaire est abasourdi par le Pokémon,\nce qui l’empêche de viser ce dernier et\nses alliés avec une capacité prioritaire."
26,3,220,Animacœur,Augmente l’Attaque Spéciale du Pokémon\nlorsqu’un autre Pokémon est mis K.O.
26,3,221,Mèche Rebelle,Baisse la Vitesse de l’attaquant lorsque le Pokémon\nsubit une attaque directe.
26,3,222,Receveur,Le Pokémon reçoit le talent d’un allié mis K.O.
26,3,223,Osmose,Le Pokémon acquiert le talent d’un allié mis K.O.
26,3,224,Boost Chimère,Augmente la stat la plus élevée du Pokémon\nquand il met K.O. un autre Pokémon.
26,3,225,Système Alpha,Change le type du Pokémon en fonction\nde la ROM équipée.
26,3,226,Créa-Élec,Le Pokémon crée un champ électrifié au moment\noù il entre au combat.
26,3,227,Créa-Psy,Le Pokémon crée un champ psychique au moment\noù il entre au combat.
26,3,228,Créa-Brume,Le Pokémon crée un champ brumeux au moment\noù il entre au combat.
26,3,229,Créa-Herbe,Le Pokémon crée un champ herbu au moment\noù il entre au combat.
26,3,230,Métallo-Garde,Empêche les stats du Pokémon de baisser à cause\ndu talent ou d’une capacité de l’adversaire.
26,3,231,Spectro-Bouclier,Le Pokémon subit moins de dégâts quand ses PV\nsont au maximum.
26,3,232,Prisme-Armure,Diminue la puissance des attaques super efficaces\nsubies.
26,3,233,Cérébro-Force,Augmente encore plus la puissance des attaques\nsuper efficaces.
26,3,234,Lame Indomptable,Augmente l’Attaque du Pokémon la première fois\nqu’il entre au combat.
26,3,235,Égide Inflexible,Augmente la Défense du Pokémon la première fois\nqu’il entre au combat.
26,3,236,Libéro,Le Pokémon prend le type de la capacité qu’il utilise.\nCe talent ne peut se déclencher qu’une fois par entrée\nau combat du Pokémon.
26,3,237,Ramasse Ball,"Si le Pokémon ne tient aucun objet, il ramassera\nla Poké Ball lors du premier lancer raté du combat."
26,3,238,Effilochage,"Quand le Pokémon est touché par une attaque,\nil dissémine des aigrettes qui diminuent la Vitesse\nde tout le monde, sauf la sienne."
26,3,239,Propulseur,Permet d’ignorer l’effet des capacités ou des talents qui\nattirent les capacités.
26,3,240,Armure Miroir,Le Pokémon renvoie les effets réducteurs de stats\nqu’il reçoit.
26,3,241,Dégobage,"Quand le Pokémon utilise Surf ou Plongée, il revient\navec une proie. Lorsqu’il subit des dégâts par la suite,\nil attaque en recrachant sa proie."
26,3,242,Nerfs d’Acier,Permet d’ignorer l’effet des capacités ou des talents qui\nattirent les capacités.
26,3,243,Turbine,"Lorsque le Pokémon est touché par des capacités\nde type Eau ou Feu, sa Vitesse augmente énormément."
26,3,244,Punk Rock,Augmente la puissance des capacités basées sur le son.\nLe Pokémon ne subit que la moitié des dégâts quand\nil est touché par ce genre de capacités.
26,3,245,Expul’Sable,Le Pokémon déclenche une tempête de sable\nquand il subit une attaque.
26,3,246,Écailles Glacées,Le Pokémon est protégé par des écailles de glace.\nLes dégâts qu’il subit par des capacités spéciales\nsont divisés par deux.
26,3,247,Mûrissement,Le Pokémon fait mûrir la Baie qu’il tient\net double ainsi son effet.
26,3,248,Tête de Gel,"Le glaçon sur sa tête encaisse les attaques physiques\nà la place du Pokémon, mais sa destruction modifie\nson apparence. Le glaçon se reforme quand il neige."
26,3,249,Cercle d’Énergie,Augmente la puissance des capacités des Pokémon\nqui se trouvent à proximité.
26,3,250,Mimétisme,Le Pokémon adopte le même type que le terrain\nlorsqu’un champ est actif.
26,3,251,Brise-Barrière,"Quand le Pokémon entre au combat, les effets de\nMur Lumière, Protection et Voile Aurore disparaissent\npour les alliés comme pour les adversaires."
26,3,252,Boost Acier,Augmente la puissance des attaques de type Acier\ndu Pokémon et de ses alliés.
26,3,253,Corps Condamné,"Lorsque le Pokémon est directement touché par\nune capacité, l’assaillant et lui tomberont K.O. dans trois\ntours, à moins qu’ils ne soient remplacés entre temps."
26,3,254,Âme Vagabonde,"Lorsque le Pokémon est directement touché\npar une capacité, il échange son talent avec\ncelui de l’assaillant."
26,3,255,Entêtement,"Augmente l’Attaque, mais empêche d’utiliser\ntoute autre capacité que celle utilisée en premier\npar le Pokémon."
26,3,256,Gaz Inhibiteur,"Si un Pokémon avec Gaz Inhibiteur est sur le terrain,\nles effets des talents de tous les autres Pokémon ne\ns’activent pas ou sont neutralisés."
26,3,257,Voile Pastel,Protège le Pokémon et ses alliés contre toutes\nles altérations de statut liées à l’empoisonnement.
26,3,258,Déclic Fringale,"À la fin de chaque tour, le Pokémon alterne\nentre ses formes Mode Rassasié et Mode Affamé."
26,3,259,Tir Vif,Permet parfois au Pokémon d’agir en premier.
26,3,260,Poing Invisible,"Si le Pokémon utilise une attaque directe, celle-ci\npourra toucher la cible même si elle se protège."
26,3,261,Breuvage Suspect,"Quand il entre au combat, le Pokémon répand\nune substance qui annule les changements de stats\nde ses alliés."
26,3,262,Transistor,Augmente la puissance des capacités de type Électrik.
26,3,263,Dent de Dragon,Augmente la puissance des capacités de type Dragon.
26,3,264,Blanche Ruade,"Quand le Pokémon met un ennemi K.O., il émet\nun hennissement glaçant, ce qui augmente son Attaque."
26,3,265,Sombre Ruade,"Quand le Pokémon met un ennemi K.O., il émet\nun hennissement terrifiant qui augmente\nson Attaque Spéciale."
26,3,266,Osmose Équine,Les talents Tension de Sylveroy et Blanche Ruade\nde Blizzeval sont cumulés.
26,3,267,Osmose Équine,Les talents Tension de Sylveroy et Sombre Ruade\nde Spectreval sont cumulés.
26,3,268,Odeur Tenace,"Lorsque le Pokémon subit une attaque directe, le talent\nde l’attaquant est remplacé par Odeur Tenace."
26,3,269,Semencier,Le Pokémon crée un champ herbu quand\nil subit une attaque.
26,3,270,Thermodynamique,"Lorsque le Pokémon est touché par une capacité de type\nFeu, son Attaque augmente. Il ne peut pas être brûlé."
26,3,271,Courroupace,"Le Pokémon enrage s’il a moins de la moitié de ses PV\naprès avoir subi une attaque. Sa Déf. et sa Déf. Spé.\nbaissent, et son Atq., son Atq. Spé. et sa Vit. augmentent."
26,3,272,Sel Purificateur,"Le sel pur immunise le Pokémon contre les altérations\nde statut, et diminue de moitié les dégâts des capacités\nde type Spectre."
26,3,273,Bien Cuit,"Si le Pokémon est touché par une capacité de type Feu,\nil ne subit aucun dégât et sa Défense augmente\nbeaucoup."
26,3,274,Aéroporté,"L’Attaque du Pokémon augmente si un vent arrière souffle\nou s’il est touché par une capacité faisant appel au vent.\nDans ce dernier cas, il ne subit aucun dégât."
26,3,275,Chien de Garde,L’Attaque du Pokémon augmente s’il subit l’effet du\ntalent Intimidation. Les capacités ou objets qui font\nchanger de Pokémon n’ont aucun effet sur lui.
26,3,276,Porte-Roche,Augmente la puissance des capacités de type Roche.
26,3,277,Turbine Éolienne,"Si le Pokémon est touché par une capacité faisant appel\nau vent, il se charge en électricité."
26,3,278,Supermutation,Le Pokémon prend sa Forme Super en quittant\nle combat.
26,3,279,Commandant,"Si un Oyacata allié est sur le terrain quand ce Pokémon\nrejoint le combat, ce dernier entre dans sa bouche et\ndevient son commandant."
26,3,280,Grecharge,"Si le Pokémon subit des dégâts, il se charge\nen électricité."
26,3,281,Paléosynthèse,"Quand le soleil brille ou que le Pokémon tient\nune capsule d’Énergie Booster, sa stat la plus élevée\naugmente."
26,3,282,Charge Quantique,"Quand un champ électrifié est actif ou que le Pokémon\ntient une capsule d’Énergie Booster, sa stat la plus élevée\naugmente."
26,3,283,Corps en Or,Le corps en or pur et robuste du Pokémon l’immunise\ncontre les capacités de statut des autres Pokémon.
26,3,284,Urne du Fléau,Le pouvoir de l’urne qui appelle le fléau affaiblit\nl’Attaque Spéciale de tous les autres Pokémon.
26,3,285,Épée du Fléau,Le pouvoir de l’épée qui appelle le fléau affaiblit\nla Défense de tous les autres Pokémon.
26,3,286,Bois du Fléau,Le pouvoir du bois qui appelle le fléau affaiblit\nl’Attaque de tous les autres Pokémon.
26,3,287,Perles du Fléau,Le pouvoir des perles qui appellent le fléau affaiblit\nla Défense Spéciale de tous les autres Pokémon.
26,3,288,Pouls Orichalque,"Le Pokémon invoque le soleil quand il rejoint le combat.\nQuand le soleil brille, une pulsation primitive augmente\nson Attaque."
26,3,289,Moteur à Hadrons,Le Pokémon crée un champ électrifié quand il rejoint\nle combat. Une machine du futur fait monter son Attaque\nSpéciale si un champ électrifié est actif.
26,3,290,Opportuniste,"Quand les stats de l’ennemi augmentent, le Pokémon\nen profite pour augmenter ses stats de la même manière."
26,3,291,Ruminant,"Quand le Pokémon mange une Baie, il la régurgite\nà la fin du tour suivant et la mange une nouvelle fois."
26,3,292,Incisif,Augmente la puissance des capacités tranchantes.
26,3,293,Général Suprême,"Quand le Pokémon entre sur le terrain, son Attaque\net son Attaque Spéciale augmentent légèrement\npour chaque allié mis K.O. auparavant."
26,3,294,Collab,"Quand le Pokémon entre sur le terrain, il copie\nles changements de stats de son allié."
26,3,295,Dépôt Toxique,"Quand le Pokémon est touché par une capacité\nphysique, il répand des pics toxiques dans le camp\nadverse."
26,3,296,Armure Caudale,"Une étrange queue recouvre la tête du Pokémon,\nce qui empêche ce dernier et ses alliés d’être visés\npar une capacité prioritaire."
26,3,297,Absorbe-Terre,"Si le Pokémon est touché par une capacité de type Sol,\nil regagne des PV au lieu de subir des dégâts."
26,3,298,Force Fongique,"Le Pokémon agit toujours plus lentement quand il utilise\nune capacité de statut, mais il ignore les talents adverses."
26,3,299,Aux Petits Soins,"Quand il rejoint le combat, ce Pokémon est aux petits\nsoins avec son allié et restaure quelques PV."
26,3,300,Œil Révélateur,Le Pokémon ignore les changements d’Esquive des cibles\net peut toucher les Pokémon Spectre avec des capacités\nNormal ou Combat. Sa Précision ne peut pas baisser.
26,3,301,Force Mémorielle,"Le Pokémon fait briller le Masque Turquoise\nen puisant dans ses souvenirs, ce qui augmente\nsa Vitesse."
26,3,302,Force Mémorielle,"Le Pokémon fait briller le Masque du Fourneau\nen puisant dans ses souvenirs, ce qui augmente\nson Attaque."
26,3,303,Force Mémorielle,"Le Pokémon fait briller le Masque du Puits\nen puisant dans ses souvenirs, ce qui augmente\nsa Défense Spéciale."
26,3,304,Force Mémorielle,"Le Pokémon fait briller le Masque de la Pierre\nen puisant dans ses souvenirs, ce qui augmente\nsa Défense."
26,3,305,Chaîne Toxique,"Grâce aux pouvoirs de sa chaîne imprégnée de toxines,\nle Pokémon peut empoisonner gravement sa cible\nen la touchant avec une capacité."
26,3,306,Nectar Mielleux,"La première fois que le Pokémon entre au combat,\nune odeur de nectar sucré se répand sur le terrain,\nce qui baisse l’Esquive de l’adversaire."
26,3,307,Téramorphose,"Quand le Pokémon rejoint le combat, il absorbe\nl’énergie alentour et prend sa Forme Téracristal."
26,3,308,Téra-Carapace,"Grâce à sa carapace qui renferme l’énergie de tous\nles types, les capacités subies par ce Pokémon quand\nses PV sont au maximum ne sont pas très efficaces."
26,3,309,Téraformation 0,"Lorsque Terapagos prend sa Forme Stellaire, il utilise\nson pouvoir enfoui pour annuler les effets de la météo\net des champs actifs."
26,3,310,Emprise Toxique,"Lorsque Pêchaminus empoisonne un Pokémon grâce\nà l’une de ses capacités, ce dernier devient également\nconfus."
26,4,1,Duftnote,"Das Pokémon sondert einen Gestank ab, der bei einem\nAngriff das Ziel gelegentlich zurückschrecken lässt."
26,4,2,Niesel,Das Pokémon erzeugt bei Kampfantritt Regen.
26,4,3,Temposchub,Die Initiative des Pokémon steigt in jeder Runde.
26,4,4,Kampfpanzer,Das Pokémon wehrt Volltreffer mit einem harten\nPanzer ab.
26,4,5,Robustheit,Das Pokémon kann bei vollen KP nicht auf einen Schlag\nvon Attacken besiegt werden. Auch K.O.-Attacken wirken\nbei ihm nicht.
26,4,6,Feuchtigkeit,"Das Pokémon befeuchtet die Umgebung und verhindert\nso den Einsatz von Attacken wie Finale, die Explosionen\nauslösen."
26,4,7,Flexibilität,Dank seines flexiblen Körpers kann das Pokémon nicht\nparalysiert werden.
26,4,8,Sandschleier,In Sandstürmen steigt der Ausweichwert des Pokémon.
26,4,9,Statik,Durch den statisch aufgeladenen Körper des Pokémon\nwerden Angreifer bei Berührung gelegentlich paralysiert.
26,4,10,Voltabsorber,"Wird das Pokémon von einer Elektro-Attacke getroffen,\nerleidet es keinen Schaden, sondern regeneriert\nstattdessen KP."
26,4,11,H2O-Absorber,"Wird das Pokémon von einer Wasser-Attacke getroffen,\nerleidet es keinen Schaden, sondern regeneriert\nstattdessen KP."
26,4,12,Dösigkeit,"Das Pokémon ist so apathisch, dass es nicht betört oder\nprovoziert werden kann. Auch Bedroher wirkt bei ihm\nnicht."
26,4,13,Wolke Sieben,Alle Wettereffekte werden aufgehoben.
26,4,14,Facettenauge,Dank der Facettenaugen des Pokémon steigt die\nGenauigkeit seiner Attacken.
26,4,15,Insomnia,Das Pokémon leidet an Schlaflosigkeit und kann daher\nnicht in Schlaf versetzt werden.
26,4,16,Farbwechsel,"Wird das Pokémon von einer Attacke getroffen,\nändert sich sein Typ zu dem der Attacke."
26,4,17,Immunität,Dank seines starken Immunsystems kann das Pokémon\nnicht vergiftet werden.
26,4,18,Feuerfänger,"Wird das Pokémon von einer Feuer-Attacke getroffen,\nnimmt es die Flammen in sich auf und verstärkt damit\nseine eigenen Feuer-Attacken."
26,4,19,Puderabwehr,Das Pokémon ist durch Puder vor Zusatzeffekten von\nAttacken geschützt.
26,4,20,Gleichmut,Das Pokémon lässt sich nicht aus der Ruhe bringen und\nkann daher nicht verwirrt werden. Auch Bedroher wirkt\nbei ihm nicht.
26,4,21,Saugnapf,"Das Pokémon verankert sich mit einem Saugnapf am\nBoden, wodurch Attacken und Items, durch die Pokémon\nausgetauscht werden, keine Wirkung auf es haben."
26,4,22,Bedroher,"Das Pokémon senkt bei Kampfantritt den Angriff von\nGegnern, indem es sie bedroht und einschüchtert."
26,4,23,Wegsperre,"Das Pokémon hindert Gegner an der Flucht\nbeziehungsweise am Auswechseln, indem es\nihnen den Weg versperrt."
26,4,24,Rauhaut,Angreifer werden bei Berührung durch die raue Haut des\nPokémon verletzt.
26,4,25,Wunderwache,"Wundersame Kräfte bewirken, dass das Pokémon nur\nvon sehr effektiven Attacken getroffen werden kann."
26,4,26,Schwebe,Das Pokémon schwebt in der Luft und kann deshalb\nnicht von Boden-Attacken getroffen werden.
26,4,27,Sporenwirt,"Angreifer werden bei Berührung gelegentlich vergiftet,\nparalysiert oder in Schlaf versetzt."
26,4,28,Synchro,"Erleidet das Pokémon Verbrennungen, Vergiftungen\noder Paralyse, ereilt das jeweilige Statusproblem\nauch den Verursacher."
26,4,29,Neutraltorso,Die Statuswerte des Pokémon können nicht durch\nAttacken oder Fähigkeiten anderer Pokémon gesenkt\nwerden.
26,4,30,Innere Kraft,"Wird das Pokémon ausgewechselt, werden seine\nStatusprobleme geheilt."
26,4,31,Blitzfänger,"Das Pokémon zieht Elektro-Attacken an, erleidet\ndadurch aber keinen Schaden. Stattdessen steigt sein\nSpezial-Angriff."
26,4,32,Edelmut,"Durch den Edelmut des Pokémon steigt die\nWahrscheinlichkeit, dass Zusatzeffekte seiner\nAttacken auftreten."
26,4,33,Wassertempo,Bei Regen steigt die Initiative des Pokémon.
26,4,34,Chlorophyll,Bei Sonnenschein steigt die Initiative des Pokémon.
26,4,35,Erleuchtung,"Das Pokémon erhellt die Umgebung und verhindert\ndadurch, dass seine Genauigkeit gesenkt wird."
26,4,36,Erfassen,Das Pokémon kopiert bei Kampfantritt die Fähigkeit\neines Gegners.
26,4,37,Kraftkoloss,Die Stärke von physischen Angriffen des Pokémon wird\nverdoppelt.
26,4,38,Giftdorn,Angreifer werden bei Berührung gelegentlich vergiftet.
26,4,39,Konzentrator,"Die erhöhte Konzentrationsfähigkeit des Pokémon\nverhindert, dass es durch Angriffe anderer Pokémon\nzurückschreckt. Auch Bedroher wirkt bei ihm nicht."
26,4,40,Magmapanzer,Dank eines Panzers aus Magma kann das Pokémon nicht\neingefroren werden.
26,4,41,Aquahülle,Dank einer Hülle aus Wasser kann das Pokémon keine\nVerbrennungen erleiden.
26,4,42,Magnetfalle,Das Pokémon hindert Stahl-Pokémon durch Magnetismus\nan der Flucht beziehungsweise am Auswechseln.
26,4,43,Lärmschutz,Das Pokémon kann durch Schalldämmung nicht von\nGeräusch-Attacken getroffen werden.
26,4,44,Regengenuss,Bei Regen regeneriert das Pokémon nach und nach KP.
26,4,45,Sandsturm,Das Pokémon erzeugt bei Kampfantritt einen Sandsturm.
26,4,46,Erzwinger,"Das Pokémon zwingt Gegner dazu, beim Einsatz von\nAttacken mehr AP zu verbrauchen."
26,4,47,Speckschicht,"Das Pokémon wird von einer dicken Fettschicht\ngeschützt, was den durch Feuer- und Eis-Attacken\nerlittenen Schaden halbiert."
26,4,48,Frühwecker,"Wenn es in Schlaf versetzt wurde, wacht das Pokémon\ndoppelt so schnell wieder auf wie andere Pokémon."
26,4,49,Flammkörper,Angreifern werden bei Berührung gelegentlich\nVerbrennungen zugefügt.
26,4,50,Angsthase,Die Flucht vor wilden Pokémon gelingt immer.
26,4,51,Adlerauge,Dank seines scharfen Blicks kann die Genauigkeit des\nPokémon nicht gesenkt werden.
26,4,52,Scherenmacht,Dank seiner mächtigen Scheren kann der Angriff des\nPokémon nicht gesenkt werden.
26,4,53,Mitnahme,Das Pokémon hebt gelegentlich von anderen Pokémon\nim Kampf benutzte Items auf. Auch unterwegs kann es\nItems aufheben.
26,4,54,Schnarchnase,Das Pokémon muss nach Einsatz einer Attacke\neine Runde lang aussetzen.
26,4,55,Übereifer,"Der Angriff des Pokémon steigt, aber seine Genauigkeit\nsinkt."
26,4,56,Charmebolzen,Angreifer verlieben sich bei Berührung gelegentlich in\ndas Pokémon.
26,4,57,Plus,"Der Spezial-Angriff des Pokémon steigt, wenn es einen\nMitstreiter mit der Fähigkeit Plus oder Minus hat."
26,4,58,Minus,"Der Spezial-Angriff des Pokémon steigt, wenn es einen\nMitstreiter mit der Fähigkeit Plus oder Minus hat."
26,4,59,Prognose,"Das Pokémon nimmt je nach Wetter entweder den Typ\nWasser, Feuer oder Eis an."
26,4,60,Klebekörper,"Trägt das Pokémon ein Item, bleibt dieses an seinem\nklebrigen Körper haften, wodurch Item-Diebstahl\nverhindert wird."
26,4,61,Expidermis,"Das Pokémon befreit sich gelegentlich von\nStatusproblemen, indem es seine Haut abstreift."
26,4,62,Adrenalin,"Bei Statusproblemen setzt das Pokémon Adrenalin frei,\nwodurch sein Angriff steigt."
26,4,63,Notschutz,"Bei Statusproblemen schützt sich das Pokémon mit\nmysteriösen Schuppen, wodurch seine Verteidigung\nsteigt."
26,4,64,Kloakensoße,"Angreifer, die durch Saug-Attacken Kloakensoße\nin sich aufgenommen haben, erleiden durch deren\nwiderwärtigen Gestank Schaden."
26,4,65,Notdünger,"Wenn die KP des Pokémon auf einen gewissen Wert\nfallen, steigt die Stärke seiner Pflanzen-Attacken."
26,4,66,Großbrand,"Wenn die KP des Pokémon auf einen gewissen Wert\nfallen, steigt die Stärke seiner Feuer-Attacken."
26,4,67,Sturzbach,"Wenn die KP des Pokémon auf einen gewissen Wert\nfallen, steigt die Stärke seiner Wasser-Attacken."
26,4,68,Hexaplaga,"Wenn die KP des Pokémon auf einen gewissen Wert\nfallen, steigt die Stärke seiner Käfer-Attacken."
26,4,69,Steinhaupt,"Das Pokémon erleidet keinen Schaden, wenn es Attacken\nmit Rückstoß einsetzt."
26,4,70,Dürre,Das Pokémon erzeugt bei Kampfantritt Sonnenschein.
26,4,71,Ausweglos,Das Pokémon hindert Gegner an der Flucht\nbeziehungsweise am Auswechseln.
26,4,72,Munterkeit,"Das Pokémon ist so munter, dass es nicht in Schlaf\nversetzt werden kann."
26,4,73,Pulverrauch,"Indem es sich mit pulvrigem Rauch umhüllt, hindert das\nPokémon Angreifer daran, seine Statuswerte zu senken."
26,4,74,Mentalkraft,Das Pokémon verdoppelt mit reiner Willenskraft die\nStärke seiner physischen Angriffe.
26,4,75,Panzerhaut,Das Pokémon wehrt Volltreffer mit einem harten\nPanzer ab.
26,4,76,Klimaschutz,Alle Wettereffekte werden aufgehoben.
26,4,77,Taumelschritt,"Ist das Pokémon verwirrt, steigt sein Ausweichwert."
26,4,78,Starthilfe,"Wird das Pokémon von einer Elektro-Attacke getroffen,\nerleidet es keinen Schaden. Stattdessen steigt seine\nInitiative."
26,4,79,Rivalität,"Greift das Pokémon ein Ziel desselben Geschlechts an,\nverursacht es mehr Schaden. Bei einem Ziel des anderen\nGeschlechts hingegen teilt es weniger Schaden aus."
26,4,80,Felsenfest,"Dank seines eisernen Willens steigt die Initiative des\nPokémon, wann immer es zurückschreckt."
26,4,81,Schneemantel,Bei Schnee steigt der Ausweichwert des Pokémon.
26,4,82,Völlerei,"Das Pokémon setzt bestimmte Beeren nicht erst in einer\nNotlage ein, sondern bereits dann, wenn seine KP auf\ndie Hälfte des Maximalwerts oder weniger fallen."
26,4,83,Kurzschluss,Das Pokémon wird nach Einstecken eines Volltreffers\nwütend und maximiert dabei seinen Angriff.
26,4,84,Entlastung,"Wenn das vom Pokémon getragene Item verwendet wird\noder verloren geht, steigt seine Initiative."
26,4,85,Hitzeschutz,Der Hitze abweisende Körper des Pokémon halbiert den\ndurch Feuer-Attacken erlittenen Schaden.
26,4,86,Wankelmut,Statusveränderungen des Pokémon werden verdoppelt.
26,4,87,Trockenheit,Das Pokémon erleidet mehr Schaden durch Feuer-\nAttacken und verliert bei Sonnenschein KP. Bei Regen\nund Treffern durch Wasser-Attacken regeneriert es KP.
26,4,88,Download,"Ist die Spezial-Verteidigung des Gegners niedriger als\nseine Verteidigung, wird der eigene Spezial-Angriff\nerhöht. Ist die Verteidigung niedriger, steigt der Angriff."
26,4,89,Eisenfaust,"Die Stärke von Hieb-, Punch-, Faust- und\nSchlag-Attacken des Pokémon steigt."
26,4,90,Giftheilung,"Das Pokémon erleidet keinen Schaden durch Vergiftung,\nsondern regeneriert KP."
26,4,91,Anpassung,"Die Stärke von Attacken des Pokémon, die seinem Typ\nentsprechen, steigt."
26,4,92,Wertelink,Das Pokémon landet mit Serien-Attacken immer die\nmaximale Anzahl an Treffern.
26,4,93,Hydration,Bei Regen werden Statusprobleme des Pokémon geheilt.
26,4,94,Solarkraft,"Bei Sonnenschein steigt der Spezial-Angriff des\nPokémon, aber dafür verliert es in jeder Runde KP."
26,4,95,Rasanz,Bei Statusproblemen steigt die Initiative des Pokémon.
26,4,96,Regulierung,Alle Attacken des Pokémon nehmen den Typ Normal an\nund ihre Stärke steigt ein wenig.
26,4,97,Superschütze,"Landet das Pokémon einen Volltreffer, steigt die Stärke\nder Attacke noch weiter."
26,4,98,Magieschild,Das Pokémon erleidet nur durch Angriffe Schaden.
26,4,99,Schildlos,Alle Attacken des oder auf das Pokémon gelingen\naufgrund seiner deckungslosen Kampftaktik.
26,4,100,Zeitspiel,Das Pokémon setzt seine Attacken immer als Letztes ein.
26,4,101,Techniker,Die Stärke von schwächeren Attacken des Pokémon\nsteigt.
26,4,102,Floraschild,Bei Sonnenschein kann das Pokémon keine\nStatusprobleme erleiden.
26,4,103,Tollpatsch,Das Pokémon kann keine getragenen Items verwenden.
26,4,104,Überbrückung,Das Pokémon kann Attacken ungeachtet der Fähigkeit\ndes Zieles einsetzen.
26,4,105,Glückspilz,"Das große Glück des Pokémon erhöht die\nWahrscheinlichkeit, dass es einen Volltreffer landet."
26,4,106,Finalschlag,"Angreifer erleiden Schaden, wenn das Pokémon durch\neine Attacke mit Berührung besiegt wird."
26,4,107,Vorahnung,"Das Pokémon ahnt, wenn ein Gegner über gefährliche\nAttacken verfügt."
26,4,108,Vorwarnung,"Bei Kampfantritt erkennt das Pokémon eine der\nAttacken, über die ein Gegner verfügt."
26,4,109,Unkenntnis,Das Pokémon ignoriert beim Angriff sämtliche\nStatusveränderungen des Zieles.
26,4,110,Aufwertung,Nicht sehr effektive Attacken des Pokémon verursachen\nnormalen Schaden.
26,4,111,Filter,Die Stärke von sehr effektiven Angriffen gegen das\nPokémon wird gesenkt.
26,4,112,Saumselig,Der Angriff und die Initiative des Pokémon werden\nfünf Runden lang halbiert.
26,4,113,Rauflust,Normal- und Kampf-Attacken des Pokémon treffen auch\nPokémon vom Typ Geist. Außerdem wirkt Bedroher bei\nihm nicht.
26,4,114,Sturmsog,"Das Pokémon zieht Wasser-Attacken an, erleidet\ndadurch aber keinen Schaden. Stattdessen steigt sein\nSpezial-Angriff."
26,4,115,Eishaut,Bei Schnee regeneriert das Pokémon nach und nach KP.
26,4,116,Felskern,Die Stärke von sehr effektiven Angriffen gegen das\nPokémon wird gesenkt.
26,4,117,Schneeschauer,Das Pokémon erzeugt bei Kampfantritt Schnee.
26,4,118,Honigmaul,Das Pokémon sammelt nach Kämpfen gelegentlich\nHonig auf.
26,4,119,Schnüffler,Bei Kampfantritt gibt das Pokémon Auskunft über die\ngetragenen Items von Gegnern.
26,4,120,Achtlos,"Die Stärke von Attacken des Pokémon,\ndie Rückstoßschaden verursachen, steigt."
26,4,121,Variabilität,Das Pokémon passt seinen Typ dem der getragenen\nTafel an.
26,4,122,Pflanzengabe,Bei Sonnenschein steigen der Angriff und die\nSpezial-Verteidigung auf der Mitstreiterseite.
26,4,123,Alptraum,Schlafenden Gegnern wird Schaden zugefügt.
26,4,124,Langfinger,Das Pokémon stiehlt bei Berührung das Item des\nAngreifers.
26,4,125,Rohe Gewalt,"Die Zusatzeffekte der Attacken des Pokémon werden\naufgehoben, aber dafür steigt die Stärke der Attacken."
26,4,126,Umkehrung,"Statusveränderungen des Pokémon werden umgekehrt:\nStatuswerte, die eigentlich erhöht werden sollten,\nsinken und umgekehrt."
26,4,127,Anspannung,"Das Pokémon erzeugt bei Gegnern Stress und hindert sie\nso daran, Beeren zu konsumieren."
26,4,128,Siegeswille,"Der Angriff des Pokémon steigt stark, wenn einer seiner\nStatuswerte durch ein anderes Pokémon gesenkt wird."
26,4,129,Schwächling,"Fallen die KP des Pokémon auf die Hälfte des\nMaximalwerts oder weniger, bekommt es Angst und\nsein Angriff und Spezial-Angriff werden halbiert."
26,4,130,Tastfluch,"Das Pokémon blockiert gelegentlich die Attacke,\nmit der ein Angreifer es getroffen hat."
26,4,131,Heilherz,Das Pokémon befreit Mitstreiter gelegentlich von\nStatusproblemen.
26,4,132,Freundeshut,"Der Schaden, den Mitstreiter des Pokémon erleiden,\nwird gesenkt."
26,4,133,Bruchrüstung,"Erleidet das Pokémon Schaden durch eine physische\nAttacke, sinkt seine Verteidigung, aber dafür steigt\nseine Initiative stark."
26,4,134,Schwermetall,Das Gewicht des Pokémon wird verdoppelt.
26,4,135,Leichtmetall,Das Gewicht des Pokémon wird halbiert.
26,4,136,Multischuppe,Bei vollen KP wird der erlittene Schaden des Pokémon\ngesenkt.
26,4,137,Giftwahn,"Die Stärke seiner physischen Attacken steigt, wenn das\nPokémon vergiftet wurde."
26,4,138,Hitzewahn,"Die Stärke seiner Spezial-Attacken steigt, wenn das\nPokémon an Verbrennungen leidet."
26,4,139,Reiche Ernte,Das Pokémon kann dieselbe Beere mehrmals verwenden.
26,4,140,Telepathie,Das Pokémon erkennt die Angriffe von Mitstreitern und\nweicht ihnen aus.
26,4,141,Gefühlswippe,In jeder Runde steigt ein Statuswert des Pokémon stark\nund ein anderer sinkt.
26,4,142,Partikelschutz,"Das Pokémon erleidet keinen Schaden durch Sandstürme.\nAußerdem ist es vor Effekten von Puder, Pulver, Saat und\nSporen geschützt."
26,4,143,Giftgriff,Das Pokémon vergiftet das Ziel gelegentlich durch\nbloßes Berühren.
26,4,144,Belebekraft,"Wird das Pokémon ausgewechselt, regeneriert es eine\nkleine Menge an KP."
26,4,145,Brustbieter,Die Verteidigung des Pokémon kann nicht gesenkt\nwerden.
26,4,146,Sandscharrer,In Sandstürmen steigt die Initiative des Pokémon.
26,4,147,Wunderhaut,Durch seinen robusten Körper verfehlen Status-Attacken\nöfter das Pokémon.
26,4,148,Analyse,"Setzt das Pokémon als Letztes eine Attacke ein,\nsteigt deren Stärke."
26,4,149,Trugbild,"Das Pokémon führt Gegner hinters Licht, indem es bei\nKampfantritt die Gestalt des Pokémon an der letzten\nStelle im Team annimmt."
26,4,150,Doppelgänger,Das Pokémon kämpft als Kopie seines Gegenübers.
26,4,151,Schwebedurch,Das Pokémon überwindet beim Angriff gegnerische\nSchilde sowie Delegatoren.
26,4,152,Mumie,Das Pokémon überträgt bei Berührung die Fähigkeit\nMumie auf den Angreifer.
26,4,153,Hochmut,"Besiegt das Pokémon ein anderes Pokémon, steigt sein\nSelbstvertrauen und somit auch sein Angriff."
26,4,154,Redlichkeit,"Wird das Pokémon von einem Angriff vom Typ Unlicht\ngetroffen, meldet sich sein Sinn für Gerechtigkeit zu\nWort und sein Angriff steigt."
26,4,155,Hasenfuß,"Wird das Pokémon von einem Angriff vom Typ Unlicht,\nGeist oder Käfer getroffen oder bedroht, bekommt es\nAngst und seine Initiative steigt."
26,4,156,Magiespiegel,"Das Pokémon lenkt Status-Attacken auf den Angreifer\num, ohne selbst von ihnen getroffen zu werden."
26,4,157,Vegetarier,"Wird das Pokémon von einer Pflanzen-Attacke getroffen,\nerleidet es keinen Schaden. Stattdessen steigt sein\nAngriff."
26,4,158,Strolch,Die Fähigkeit ermöglicht dem Pokémon einen Erstschlag\nmit Status-Attacken.
26,4,159,Sandgewalt,"In Sandstürmen steigt die Stärke von Gesteins-, Boden-\nund Stahl-Attacken des Pokémon."
26,4,160,Eisenstachel,Das Pokémon fügt Angreifern bei Berührung mit eisernen\nStacheln Schaden zu.
26,4,161,Trance-Modus,"Fallen die KP des Pokémon auf die Hälfte des\nMaximalwerts oder weniger, wechselt es seine Form."
26,4,162,Triumphstern,Die Genauigkeit der Pokémon auf der Mitstreiterseite\nsteigt.
26,4,163,Turbobrand,Das Pokémon kann Attacken ungeachtet der Fähigkeit\ndes Zieles einsetzen.
26,4,164,Teravolt,Das Pokémon kann Attacken ungeachtet der Fähigkeit\ndes Zieles einsetzen.
26,4,165,Dufthülle,"Die Pokémon auf der Mitstreiterseite sind vor Effekten\ngeschützt, die den Einsatz von Attacken verhindern."
26,4,166,Blütenhülle,"Mitstreiter des Pokémon, die dem Typ Pflanze\nangehören, sind vor dem Senken ihrer Statuswerte\nsowie vor Statusproblemen geschützt."
26,4,167,Backentaschen,Das Pokémon regeneriert beim Konsum von Beeren\nungeachtet der Beerensorte zusätzlich KP.
26,4,168,Wandlungskunst,"Jedes Mal, wenn das Pokémon das Kampffeld betritt,\nnimmt es einmalig beim Einsatz einer Attacke deren\nTyp an."
26,4,169,Fellkleid,"Der Schaden, den das Pokémon durch physische\nAttacken erleidet, wird halbiert."
26,4,170,Zauberer,"Trifft das Pokémon ein Ziel mit einer Attacke, stiehlt es\nihm dabei sein Item."
26,4,171,Kugelsicher,"Das Pokémon ist vor Attacken mit kugelförmigen\nObjekten, wie zum Beispiel Bomben, geschützt."
26,4,172,Unbeugsamkeit,"Der Spezial-Angriff des Pokémon steigt stark, wenn einer\nseiner Statuswerte durch ein anderes Pokémon gesenkt\nwird."
26,4,173,Titankiefer,Der kräftige Kiefer des Pokémon erhöht die Stärke\nseiner Biss-Attacken.
26,4,174,Frostschicht,Normal-Attacken des Pokémon nehmen den Typ Eis an\nund ihre Stärke steigt ein wenig.
26,4,175,Zuckerhülle,Die Pokémon auf der Mitstreiterseite können nicht in\nSchlaf versetzt werden.
26,4,176,Taktikwechsel,"Setzt das Pokémon eine Angriffsattacke ein, nimmt es\ndie Klingenform an. Setzt es danach die Attacke\nKönigsschild ein, nimmt es die Schildform an."
26,4,177,Orkanschwingen,Die Fähigkeit ermöglicht dem Pokémon bei vollen KP\neinen Erstschlag mit Flug-Attacken.
26,4,178,Megawumme,"Die Stärke einiger Wellen-, Aura-, Puls-, Wogen- und\nImpuls-Attacken des Pokémon steigt."
26,4,179,Pflanzenpelz,"Die Verteidigung des Pokémon steigt, wenn ein Grasfeld\naktiv ist."
26,4,180,Symbiose,"Das Pokémon gibt Mitstreitern, die ihr Item aufgebraucht\nhaben, sein eigenes Item."
26,4,181,Krallenwucht,"Die Stärke von Attacken des Pokémon, bei denen das\nZiel berührt wird, steigt."
26,4,182,Feenschicht,Normal-Attacken des Pokémon nehmen den Typ Fee an\nund ihre Stärke steigt ein wenig.
26,4,183,Viskosität,Die Initiative von Angreifern wird bei Berührung gesenkt.
26,4,184,Zenithaut,Normal-Attacken des Pokémon nehmen den Typ Flug an\nund ihre Stärke steigt ein wenig.
26,4,185,Familienbande,Das Pokémon und sein Junges greifen beide jeweils\nein Mal an.
26,4,186,Dunkelaura,Die Unlicht-Attacken aller Pokémon werden verstärkt.
26,4,187,Feenaura,Die Feen-Attacken aller Pokémon werden verstärkt.
26,4,188,Aura-Umkehr,"Die Wirkung von Aura-Fähigkeiten wird umgekehrt,\nsodass die Stärke der betroffenen Attacken sinkt\nstatt steigt."
26,4,189,Urmeer,"Das Pokémon ändert das Wetter, um Angriffe vom Typ\nFeuer wirkungslos zu machen."
26,4,190,Endland,"Das Pokémon ändert das Wetter, um Angriffe vom Typ\nWasser wirkungslos zu machen."
26,4,191,Delta-Wind,"Das Pokémon ändert das Wetter, um die Schwächen des\nTyps Flug zu beseitigen."
26,4,192,Zähigkeit,"Wird das Pokémon von einem Angriff getroffen,\nsteigt seine Verteidigung."
26,4,193,Reißaus,"Fallen die KP des Pokémon auf die Hälfte des\nMaximalwerts oder weniger, zieht es sich ängstlich\nin seinen Pokéball zurück."
26,4,194,Rückzug,"Fallen die KP des Pokémon auf die Hälfte des\nMaximalwerts oder weniger, bringt es sich in Sicherheit\nund kehrt in seinen Pokéball zurück."
26,4,195,Verklumpen,"Wird das Pokémon von einer Wasser-Attacke getroffen,\nsteigt seine Verteidigung stark."
26,4,196,Quälerei,Bei Angriffen auf vergiftete Ziele hat das Pokémon\nVolltreffergarantie.
26,4,197,Limitschild,"Fallen die KP des Pokémon auf die Hälfte des\nMaximalwerts oder weniger, zerbricht seine Panzerung\nund es wird aggressiver."
26,4,198,Beschattung,Das Pokémon verursacht beim Angriff auf neu\neingewechselte Ziele doppelten Schaden.
26,4,199,Wasserblase,Die Stärke von Feuer-Attacken gegen das Pokémon wird\ngesenkt und es kann keine Verbrennungen erleiden.
26,4,200,Stahlprofi,Die Stärke von Stahl-Attacken des Pokémon steigt.
26,4,201,Wutausbruch,"Fallen die KP des Pokémon durch einen Angriff auf die\nHälfte des Maximalwerts oder weniger, steigt sein\nSpezial-Angriff."
26,4,202,Schneescharrer,Bei Schnee steigt die Initiative des Pokémon.
26,4,203,Langstrecke,"Das Pokémon kann alle seine Attacken einsetzen,\nohne das Ziel dabei zu berühren."
26,4,204,Plätscherstimme,Alle Geräusch-Attacken des Pokémon nehmen den Typ\nWasser an.
26,4,205,Heilwandel,"Die Fähigkeit ermöglicht dem Pokémon einen Erstschlag\nmit Attacken, welche die KP des Anwenders direkt\nregenerieren."
26,4,206,Elektrohaut,Normal-Attacken des Pokémon nehmen den Typ Elektro\nan und ihre Stärke steigt ein wenig.
26,4,207,Surf-Schweif,"Die Initiative des Pokémon wird verdoppelt, wenn ein\nElektrofeld aktiv ist."
26,4,208,Fischschwarm,"Verfügt das Pokémon über viele KP, bildet es einen\nSchwarm und gewinnt an Stärke. Wenn es nur noch\nwenige KP hat, löst sich der Schwarm wieder auf."
26,4,209,Kostümspuk,Das Pokémon wehrt ein Mal pro Kampf mit seinem\ngruseligen Kostüm einen Angriff ab.
26,4,210,Freundschaftsakt,"Besiegt das Pokémon ein Ziel, vertieft dies die\nFreundschaft zu seinem Trainer, wodurch sein Angriff\nund Spezial-Angriff sowie seine Initiative steigen."
26,4,211,Scharwandel,"Fallen die KP des Pokémon auf die Hälfte des\nMaximalwerts oder weniger, eilen ihm weitere Zellen\nzu Hilfe und es nimmt die Optimumform an."
26,4,212,Korrosion,Das Pokémon kann selbst Pokémon vom Typ Stahl oder\nGift vergiften.
26,4,213,Dauerschlaf,Das Pokémon befindet sich ununterbrochen im\nHalbschlaf und wacht nie vollständig auf. Es kann\njedoch im Schlaf angreifen.
26,4,214,Majestät,"Das Pokémon schüchtert Gegner ein und hindert sie so\ndaran, Erstschlag-Attacken gegen die Mitstreiterseite\neinzusetzen."
26,4,215,Magenkrempler,"Wird das Pokémon von einem Angreifer besiegt,\nfügt es diesem Schaden in Höhe des KP-Werts zu,\nden es besaß, bevor es kampfunfähig wurde."
26,4,216,Tänzer,Das Pokémon kann direkt im Anschluss an die\nTanz-Attacke eines anderen Pokémon dieselbe\nAttacke ebenfalls einsetzen.
26,4,217,Batterie,Die Stärke der Spezial-Attacken der Mitstreiter des\nPokémon steigt.
26,4,218,Flauschigkeit,"Das Pokémon erleidet nur halb so viel Schaden durch\nAttacken mit Berührung, aber dafür doppelt so viel\nSchaden durch Feuer-Attacken."
26,4,219,Buntkörper,"Das Pokémon überrascht Gegner und hindert sie so\ndaran, Erstschlag-Attacken gegen die Mitstreiterseite\neinzusetzen."
26,4,220,Seelenherz,"Jedes Mal, wenn ein anderes Pokémon besiegt wird,\nsteigt der Spezial-Angriff des Pokémon."
26,4,221,Lockenkopf,Die Initiative von Angreifern wird bei Berührung gesenkt.
26,4,222,Receiver,"Das Pokémon erhält die Fähigkeit eines Mitstreiters,\nwenn dieser besiegt wird."
26,4,223,Chemiekraft,"Das Pokémon übernimmt die Fähigkeit eines Mitstreiters,\nwenn dieser besiegt wird."
26,4,224,Bestien-Boost,"Besiegt das Pokémon ein anderes Pokémon, steigt sein\nhöchster Statuswert."
26,4,225,Alpha-System,Das Pokémon passt seinen Typ der getragenen Disc an.
26,4,226,Elektro-Erzeuger,Das Pokémon erzeugt bei Kampfantritt ein Elektrofeld.
26,4,227,Psycho-Erzeuger,Das Pokémon erzeugt bei Kampfantritt ein Psychofeld.
26,4,228,Nebel-Erzeuger,Das Pokémon erzeugt bei Kampfantritt ein Nebelfeld.
26,4,229,Gras-Erzeuger,Das Pokémon erzeugt bei Kampfantritt ein Grasfeld.
26,4,230,Metallprotektor,Die Statuswerte des Pokémon können nicht durch\nAttacken oder Fähigkeiten anderer Pokémon gesenkt\nwerden.
26,4,231,Phantomschutz,Bei vollen KP wird der erlittene Schaden des Pokémon\ngesenkt.
26,4,232,Prismarüstung,Die Stärke von sehr effektiven Angriffen gegen das\nPokémon wird gesenkt.
26,4,233,Zerebralmacht,Die Stärke von sehr effektiven Angriffen des Pokémon\nsteigt noch weiter.
26,4,234,Kühnes Schwert,Beim ersten Kampfantritt steigt der Angriff des Pokémon.
26,4,235,Wackerer Schild,Beim ersten Kampfantritt steigt die Verteidigung des\nPokémon.
26,4,236,Libero,"Jedes Mal, wenn das Pokémon das Kampffeld betritt,\nnimmt es einmalig beim Einsatz einer Attacke deren\nTyp an."
26,4,237,Apport,"Trägt das Pokémon kein Item bei sich, hebt es den Ball\naus dem ersten gescheiterten Fangversuch des Kampfes\nwieder auf."
26,4,238,Wollflaum,"Wird das Pokémon von einem Angriff getroffen,\nverstreut es Teile seines Wollflaums, wodurch die\nInitiative aller anderen Pokémon sinkt."
26,4,239,Schraubflosse,"Das Pokémon ignoriert die Effekte von Fähigkeiten und\nAttacken, die Attacken auf sich lenken."
26,4,240,Spiegelrüstung,"Das Pokémon lenkt ausschließlich Effekte, welche seine\nStatuswerte senken würden, auf den Angreifer um."
26,4,241,Würggeschoss,"Wenn das Pokémon Surfer oder Taucher einsetzt, fängt\nes sich dabei Beute. Erleidet es anschließend Schaden,\ngreift es an, indem es die Beute wieder ausspuckt."
26,4,242,Stahlrückgrat,"Das Pokémon ignoriert die Effekte von Fähigkeiten und\nAttacken, die Attacken auf sich lenken."
26,4,243,Dampfantrieb,"Wird das Pokémon von einer Wasser- oder\nFeuer-Attacke getroffen, steigt seine Initiative\ndrastisch."
26,4,244,Punk Rock,"Die Stärke der Geräusch-Attacken des Pokémon steigt\nund der Schaden, den es selbst durch Geräusch-Attacken\nerleidet, wird halbiert."
26,4,245,Sandspeier,"Wird das Pokémon von einem Angriff getroffen,\nerzeugt es einen Sandsturm."
26,4,246,Eisflügelstaub,"Eisflügelstaub schützt das Pokémon, wodurch der\nSchaden, den es durch Spezial-Angriffe erleidet,\nhalbiert wird."
26,4,247,Heranreifen,"Das Pokémon verdoppelt den Effekt von Beeren,\nindem es sie heranreifen lässt."
26,4,248,Tiefkühlkopf,"Der Eisblock um seinen Kopf blockt einen physischen\nAngriff ab, was jedoch einen Formwechsel bewirkt.\nDurch Schnee wird der Eisblock wiederhergestellt."
26,4,249,Kraftquelle,Das Pokémon erhöht bei direkt benachbarten Pokémon\ndie Stärke von Attacken.
26,4,250,Mimese,Der Typ des Pokémon ändert sich in Abhängigkeit vom\nZustand des Feldes.
26,4,251,Hemmungslos,"Das Pokémon hebt bei Kampfantritt die Wirkung\nvon Lichtschild, Reflektor und Auroraschleier auf\nMitstreiter- und Gegnerseite auf."
26,4,252,Stählerner Wille,Die Stärke von Stahl-Angriffen auf der Mitstreiterseite\nsteigt.
26,4,253,Unheilskörper,"Wird das Pokémon bei einer Attacke berührt, wird es\nzusammen mit dem Angreifer nach drei Runden besiegt.\nRettung ist durch Auswechseln möglich."
26,4,254,Rastlose Seele,"Wird das Pokémon bei einem Angriff berührt, tauscht es\nseine Fähigkeit mit der des Angreifers."
26,4,255,Affenfokus,"Der Angriff des Pokémon steigt, aber es kann nur die\nzuerst gewählte Attacke einsetzen."
26,4,256,Reaktionsgas,"Solange das Pokémon am Kampf beteiligt ist, werden die\nFähigkeiten aller anderen Pokémon unterdrückt oder\naufgehoben."
26,4,257,Pastellhülle,Die Pokémon auf der Mitstreiterseite sind vor Vergiftung\ngeschützt.
26,4,258,Heißhunger,Das Pokémon ändert zum Ende jeder Runde seine\nForm und wechselt somit zwischen dem Pappsatt- und\ndem Kohldampfmuster.
26,4,259,Schnellschuss,Das Pokémon handelt gelegentlich vor anderen\nPokémon.
26,4,260,Verborgene Faust,"Wenn das Pokémon eine Attacke einsetzt, bei der das\nZiel berührt wird, trifft diese auch dann, wenn sich das\nZiel selbst schützt."
26,4,261,Kuriose Arznei,"Das Pokémon versprüht bei Kampfantritt Arznei aus\nseiner Muschel, die alle Statusveränderungen von\nMitstreitern aufhebt."
26,4,262,Transistor,Die Stärke von Elektro-Attacken des Pokémon steigt.
26,4,263,Drachenkiefer,Die Stärke von Drachen-Attacken des Pokémon steigt.
26,4,264,Helles Wiehern,"Besiegt das Pokémon ein anderes Pokémon, stößt es ein\nfrostiges Wiehern aus, wodurch sein Angriff steigt."
26,4,265,Dunkles Wiehern,"Besiegt das Pokémon ein anderes Pokémon, stößt es\nein furchteinflößendes Wiehern aus, wodurch sein\nSpezial-Angriff steigt."
26,4,266,Reitgespann,Das Pokémon verfügt sowohl über Coronospas Fähigkeit\nAnspannung als auch über Polaross’ Fähigkeit\nHelles Wiehern.
26,4,267,Reitgespann,Das Pokémon verfügt sowohl über Coronospas Fähigkeit\nAnspannung als auch über Phantoross’ Fähigkeit\nDunkles Wiehern.
26,4,268,Duftschwade,Das Pokémon überträgt bei Berührung die Fähigkeit\nDuftschwade auf den Angreifer.
26,4,269,Streusaat,"Wird das Pokémon von einem Angriff getroffen,\nerzeugt es ein Grasfeld."
26,4,270,Thermowandel,"Wird das Pokémon von einer Feuer-Attacke\ngetroffen, steigt sein Angriff. Außerdem kann\nes keine Verbrennungen erleiden."
26,4,271,Wutpanzer,"Fallen die KP des Pokémon durch einen Angriff auf die\nHälfte des Maximalwerts oder weniger, sinken Vert. und\nSp.-Vert., aber Ang., Sp.-Ang. und Initiative steigen."
26,4,272,Läutersalz,Das Pokémon kann dank seines läuternden Salzes keine\nStatusprobleme erleiden und der durch Geister-Attacken\nerlittene Schaden wird halbiert.
26,4,273,Knusperkruste,"Wird das Pokémon von einer Feuer-Attacke getroffen,\nerleidet es keinen Schaden. Stattdessen steigt seine\nVerteidigung stark."
26,4,274,Windreiter,"Wirkt Rückenwind oder wird das Pokémon von einer\nWind-Attacke getroffen, steigt sein Angriff. Außerdem\nerleidet es keinen Schaden durch Wind-Attacken."
26,4,275,Wachhund,"Wird das Pokémon bedroht, steigt sein Angriff.\nAttacken und Items, durch die Pokémon ausgetauscht\nwerden, haben keine Wirkung auf es."
26,4,276,Steinträger,Die Stärke von Gesteins-Attacken des Pokémon steigt.
26,4,277,Windkraft,"Wird das Pokémon von einer Wind-Attacke getroffen,\nlädt es sich auf. Dadurch steigt die Stärke seiner\nnächsten Elektro-Attacke."
26,4,278,Superwechsel,"Wird das Pokémon ausgewechselt, nimmt es die\nHeldenform an."
26,4,279,Kommandant,"Befindet sich ein Heerashai auf der Mitstreiterseite,\nspringt das Pokémon bei Kampfantritt in dessen Maul\nund gibt von dort aus Befehle."
26,4,280,Dynamo,"Wenn das Pokémon Schaden erleidet, lädt es\nsich auf. Dadurch steigt die Stärke seiner nächsten\nElektro-Attacke."
26,4,281,Paläosynthese,"Bei Sonnenschein oder wenn das Pokémon eine\nEnergiekapsel trägt, steigt sein höchster Statuswert."
26,4,282,Quantenantrieb,"Wenn ein Elektrofeld aktiv ist oder das Pokémon eine\nEnergiekapsel trägt, steigt sein höchster Statuswert."
26,4,283,Goldkörper,"Dank seines robusten Körpers aus reinem, rostfreiem\nGold kann das Pokémon nicht von Status-Attacken\ngetroffen werden."
26,4,284,Unheilsgefäß,Mit der Macht seines Unheil bringenden Gefäßes\nschwächt das Pokémon den Spezial-Angriff aller\nanderen Pokémon.
26,4,285,Unheilsschwert,Mit der Macht seines Unheil bringenden Schwertes\nschwächt das Pokémon die Verteidigung aller anderen\nPokémon.
26,4,286,Unheilstafeln,Mit der Macht seiner Unheil bringenden Holztafeln\nschwächt das Pokémon den Angriff aller anderen\nPokémon.
26,4,287,Unheilsjuwelen,Mit der Macht seiner Unheil bringenden Juwelen\nschwächt das Pokémon die Spezial-Verteidigung aller\nanderen Pokémon.
26,4,288,Orichalkum-Puls,Das Pokémon erzeugt bei Kampfantritt Sonnenschein.\nBei Sonnenschein verstärkt ein urzeitlicher Puls seinen\nAngriff.
26,4,289,Hadronen-Motor,"Das Pokémon erzeugt bei Kampfantritt ein Elektrofeld.\nWenn ein Elektrofeld aktiv ist, verstärkt ein futuristischer\nMotor seinen Spezial-Angriff."
26,4,290,Profiteur,"Wenn ein Statuswert eines Gegners steigt, profitiert das\nPokémon ebenfalls davon und der gleiche Statuswert\nsteigt auch bei ihm."
26,4,291,Wiederkäuer,"Wenn das Pokémon eine Beere isst, stößt es diese am\nEnde der nächsten Runde wieder aus seinem Magen auf\nund verspeist sie erneut."
26,4,292,Scharfkantig,Die Stärke von Schnitt-Attacken des Pokémon steigt.
26,4,293,Feldherr,Bei Kampfantritt steigen der Angriff und Spezial-Angriff\ndes Pokémon ein bisschen für jedes bis dahin besiegte\nTeam-Mitglied.
26,4,294,Synchronauftritt,Das Pokémon kopiert bei Kampfantritt die\nStatusveränderungen eines Mitstreiters.
26,4,295,Giftbelag,"Erleidet das Pokémon Schaden durch eine physische\nAttacke, verstreut es giftige Stacheln auf der\ngegnerischen Seite."
26,4,296,Schweifrüstung,"Der rätselhafte Schweif, der den Kopf des Pokémon\numhüllt, hindert Gegner daran, Erstschlag-Attacken\ngegen die Mitstreiterseite einzusetzen."
26,4,297,Bodenschmaus,"Wird das Pokémon von einer Boden-Attacke getroffen,\nerleidet es keinen Schaden, sondern regeneriert\nstattdessen KP."
26,4,298,Myzelienkraft,"Beim Einsatz von Status-Attacken handelt das Pokémon\nstets langsamer, aber dafür kann es sie ungeachtet der\nFähigkeit des Zieles einsetzen."
26,4,299,Gastlichkeit,"Bei Kampfantritt zeigt das Pokémon seine Gastlichkeit,\nindem es die KP seines Mitstreiters ein wenig auffüllt."
26,4,300,Geistiges Auge,Die Genauigkeit des Pokémon kann nicht gesenkt werden.\nEs ignoriert Änderungen am Ausweichwert des Zieles und\ntrifft mit Normal- und Kampf-Attacken Geister-Pokémon.
26,4,301,Erinnerungskraft,"Die Erinnerungen, die das Pokémon in sich trägt,\nlassen die Türkisgrüne Maske aufleuchten und erhöhen\nseine Initiative."
26,4,302,Erinnerungskraft,"Die Erinnerungen, die das Pokémon in sich trägt,\nlassen die Ofenmaske aufleuchten und erhöhen\nseinen Angriff."
26,4,303,Erinnerungskraft,"Die Erinnerungen, die das Pokémon in sich trägt,\nlassen die Brunnenmaske aufleuchten und erhöhen\nseine Spezial-Verteidigung."
26,4,304,Erinnerungskraft,"Die Erinnerungen, die das Pokémon in sich trägt,\nlassen die Fundamentmaske aufleuchten und erhöhen\nseine Verteidigung."
26,4,305,Giftkette,"Durch die toxischen Stoffe in seiner Kette werden Ziele,\ndie das Pokémon mit einer Attacke trifft, gelegentlich\nschwer vergiftet."
26,4,306,Süßer Nektar,Beim ersten Kampfantritt verbreitet das Pokémon den\nDuft süßen Nektars und senkt so den Ausweichwert\nseiner Gegner.
26,4,307,Tera-Wandel,Bei Kampfantritt absorbiert das Pokémon Energie in\nseiner Umgebung und nimmt die Terakristall-Form an.
26,4,308,Tera-Panzer,"Der Panzer des Pokémon birgt die Kraft aller Typen\nin sich. Alle Schaden verursachenden Attacken, die es\nbei vollen KP treffen, sind nicht sehr effektiv."
26,4,309,Teraforming Null,"Wenn Terapagos die Stellarform annimmt, eliminiert es\ndank seiner verborgenen Kräfte sämtliche Wettereffekte\nund Felder."
26,4,310,Giftpuppenspiel,"Wenn Infamomo ein Ziel mit einer Attacke vergiftet,\nso wird dieses auch verwirrt."
26,5,1,Tanfo,"Quando il Pokémon attacca il bersaglio, può farlo\ntentennare grazie al cattivo odore che emana."
26,5,2,Piovischio,"Quando il Pokémon entra in campo, attira la pioggia."
26,5,3,Acceleratore,La Velocità aumenta a ogni turno.
26,5,4,Lottascudo,Il Pokémon è protetto da una dura corazza\nche gli evita di subire brutti colpi.
26,5,5,Vigore,Evita che il Pokémon vada KO in un sol colpo se ha\ntutti i PS e lo rende immune alle mosse che causano\nKO immediato.
26,5,6,Umidità,"Aumenta l’umidità circostante, impedendo l’uso\ndi Autodistruzione e di altre mosse esplosive."
26,5,7,Scioltezza,Il corpo flessibile del Pokémon gli impedisce\ndi subire gli effetti della paralisi.
26,5,8,Sabbiavelo,L’elusione aumenta durante le tempeste di sabbia.
26,5,9,Statico,Il Pokémon si ricopre di elettricità statica e può causare\nparalisi a chi è entrato in contatto con lui.
26,5,10,Assorbivolt,"Se il Pokémon viene colpito da una mossa di tipo\nElettro, recupera PS anziché subire danni."
26,5,11,Assorbacqua,"Se il Pokémon viene colpito da una mossa di tipo\nAcqua, recupera PS anziché subire danni."
26,5,12,Indifferenza,"L’imperturbabilità del Pokémon lo protegge\nda infatuazioni, provocazioni e dall’effetto\ndi Prepotenza."
26,5,13,Antimeteo,Neutralizza gli effetti di tutte le condizioni atmosferiche.
26,5,14,Insettocchi,La precisione del Pokémon aumenta grazie ai suoi\nocchi composti.
26,5,15,Insonnia,Il Pokémon soffre d’insonnia e non può addormentarsi.
26,5,16,Cambiacolore,Il Pokémon acquisisce il tipo della mossa subita.
26,5,17,Immunità,L’immunità naturale del Pokémon gli impedisce\ndi essere avvelenato.
26,5,18,Fuocardore,"Se il Pokémon subisce una mossa di tipo Fuoco,\nne sfrutta il calore per potenziare le proprie mosse\ndi tipo Fuoco."
26,5,19,Polvoscudo,Il Pokémon è protetto da uno strato di scaglie\nche annulla gli effetti aggiuntivi delle mosse subite.
26,5,20,Mente Locale,Il Pokémon affronta la vita al proprio ritmo e per\nquesto non può essere confuso o subire l’effetto\ndi Prepotenza.
26,5,21,Ventose,Il Pokémon resiste a strumenti e mosse che causano\nla sostituzione appiccicandosi al terreno con le ventose.
26,5,22,Prepotenza,"Quando il Pokémon entra in campo, la sua prepotenza\ncrea soggezione, riducendo l’Attacco degli avversari\nintimiditi."
26,5,23,Pedinombra,Il Pokémon impedisce la fuga o la sostituzione\ndegli avversari di cui calpesta l’ombra.
26,5,24,Cartavetro,"Quando il Pokémon subisce un attacco, grazie alla sua\npelle ruvida infligge a sua volta danni al Pokémon con\ncui è entrato in contatto."
26,5,25,Magidifesa,Un potere misterioso protegge il Pokémon e lo\nrende vulnerabile solo alle mosse superefficaci.
26,5,26,Levitazione,La capacità di levitare conferisce al Pokémon immunità\nagli attacchi di tipo Terra.
26,5,27,Spargispora,"Può causare avvelenamento, paralisi o sonno a chi\nattacca il Pokémon entrando in contatto con lui."
26,5,28,Sincronismo,"Se un Pokémon con questa abilità viene avvelenato,\nparalizzato o scottato, contagia con lo stesso problema\ndi stato chi lo ha causato."
26,5,29,Corpochiaro,Impedisce la diminuzione delle statistiche causata\nda abilità o mosse di altri Pokémon.
26,5,30,Alternacura,"Quando il Pokémon lascia il campo, guarisce\ndai problemi di stato."
26,5,31,Parafulmine,"Il Pokémon attira e neutralizza le mosse di tipo Elettro,\nfacendo aumentare il suo Attacco Speciale."
26,5,32,Leggiadro,Rende più probabili gli effetti aggiuntivi delle mosse.
26,5,33,Nuotovelox,"Se piove, la Velocità aumenta."
26,5,34,Clorofilla,"Se la luce del sole è intensa, la Velocità aumenta."
26,5,35,Risplendi,"Illuminando l’ambiente circostante, il Pokémon\nimpedisce che la sua precisione diminuisca."
26,5,36,Traccia,"Quando il Pokémon entra in campo, copia l’abilità\ndi un avversario."
26,5,37,Macroforza,Raddoppia la potenza degli attacchi fisici del Pokémon.
26,5,38,Velenopunte,Può avvelenare chi entra in contatto con il Pokémon.
26,5,39,Forza Interiore,La capacità di concentrazione del Pokémon evita che\ntentenni per gli attacchi subiti e lo protegge dall’effetto\ndi Prepotenza.
26,5,40,Magmascudo,Il magma riveste il corpo del Pokémon impedendogli\ndi venire congelato.
26,5,41,Idrovelo,Un velo d’acqua riveste il corpo del Pokémon\nimpedendogli di venire scottato.
26,5,42,Magnetismo,La carica magnetica attrae i Pokémon di tipo Acciaio\nimpedendogli la fuga o la sostituzione.
26,5,43,Antisuono,Il Pokémon è dotato di una sorta di isolamento acustico\nche lo rende immune alle mosse basate sul suono.
26,5,44,Copripioggia,Il Pokémon recupera PS quando piove.
26,5,45,Sabbiafiume,"Quando il Pokémon entra in campo, scatena\nuna tempesta di sabbia."
26,5,46,Pressione,"Il Pokémon mette pressione agli avversari, facendogli\nconsumare più PP."
26,5,47,Grassospesso,Il Pokémon è protetto da uno spesso strato di grasso\nche dimezza il danno causato da mosse di tipo Fuoco\ne Ghiaccio.
26,5,48,Sveglialampo,"Anche se il Pokémon si addormenta, può risvegliarsi\ndue volte più velocemente."
26,5,49,Corpodifuoco,Può scottare chi entra in contatto con il Pokémon.
26,5,50,Fugafacile,Garantisce la fuga dai Pokémon selvatici.
26,5,51,Sguardofermo,La vista acuta del Pokémon impedisce che la sua\nprecisione diminuisca.
26,5,52,Ipertaglio,Le possenti chele o tenaglie di cui è dotato il Pokémon\nfanno sì che il suo Attacco non possa essere diminuito\nda altri.
26,5,53,Raccolta,Il Pokémon può raccogliere strumenti usati da altri\ndurante la lotta. Potrebbe raccogliere strumenti\nanche fuori dalla lotta.
26,5,54,Pigrone,"Quando il Pokémon usa una mossa, nel turno\nsuccessivo si riposerà."
26,5,55,Tuttafretta,"L’Attacco aumenta, ma la precisione diminuisce."
26,5,56,Incantevole,Può causare infatuazione a chi entra in contatto\ncon il Pokémon.
26,5,57,Più,L’Attacco Speciale aumenta se ci sono alleati con\nl’abilità Meno o Più.
26,5,58,Meno,L’Attacco Speciale aumenta se ci sono alleati con\nl’abilità Meno o Più.
26,5,59,Previsioni,"Cambia il tipo del Pokémon in Acqua, Fuoco o Ghiaccio\nin base alle condizioni atmosferiche."
26,5,60,Antifurto,Gli strumenti restano appiccicati al corpo adesivo\ndel Pokémon e non possono essere rubati.
26,5,61,Muta,Il Pokémon può guarire dai problemi di stato facendo\nla muta completa della pelle.
26,5,62,Dentistretti,"Se il Pokémon è affetto da un problema di stato,\ntira fuori la grinta e aumenta il proprio Attacco."
26,5,63,Pelledura,"Se il Pokémon è affetto da un problema di stato,\nle squame sulla sua pelle si induriscono aumentando\nla sua Difesa."
26,5,64,Melma,"La melma del Pokémon infligge danni a chi la assorbe,\nfacendogli perdere PS a causa del fortissimo tanfo."
26,5,65,Erbaiuto,"Quando al Pokémon rimangono pochi PS, la potenza\ndelle sue mosse di tipo Erba aumenta."
26,5,66,Aiutofuoco,"Quando al Pokémon rimangono pochi PS, la potenza\ndelle sue mosse di tipo Fuoco aumenta."
26,5,67,Acquaiuto,"Quando al Pokémon rimangono pochi PS, la potenza\ndelle sue mosse di tipo Acqua aumenta."
26,5,68,Aiutinsetto,"Quando al Pokémon rimangono pochi PS, la potenza\ndelle sue mosse di tipo Coleottero aumenta."
26,5,69,Testadura,"Anche se il Pokémon usa delle mosse che causano\nun contraccolpo, non perde PS."
26,5,70,Siccità,"Quando il Pokémon entra in campo, la luce solare\ndiventa intensa."
26,5,71,Trappoarena,Impedisce la fuga agli avversari.
26,5,72,Spiritovivo,Il Pokémon è talmente vivace che non può\naddormentarsi.
26,5,73,Fumochiaro,Il Pokémon è protetto da un fumo chiaro che impedisce\nche le sue statistiche vengano diminuite da altri.
26,5,74,Forzapura,La potenza degli attacchi fisici del Pokémon raddoppia\ngrazie alla sua padronanza delle tecniche yoga.
26,5,75,Guscioscudo,Il Pokémon è protetto da un guscio robusto che gli evita\ndi subire brutti colpi.
26,5,76,Riparo,Neutralizza gli effetti di tutte le condizioni atmosferiche.
26,5,77,Intricopiedi,"Se il Pokémon è confuso, la sua elusione aumenta."
26,5,78,Elettrorapid,"Se il Pokémon viene colpito da una mossa di\ntipo Elettro, la neutralizza e sfrutta la carica\nelettrica per aumentare la propria Velocità."
26,5,79,Antagonismo,"Rende più forti contro Pokémon dello stesso sesso,\nma più deboli contro Pokémon di sesso opposto."
26,5,80,Cuordeciso,"Se il Pokémon tentenna, il suo animo indomito\nsi risveglia e la sua Velocità aumenta."
26,5,81,Mantelneve,"Se nevica, l’elusione aumenta."
26,5,82,Voracità,"Il Pokémon non attende di aver perso molti PS\nper mangiare la sua bacca, ma lo fa non appena\ni suoi PS scendono a metà o meno."
26,5,83,Grancollera,"Se il Pokémon subisce un brutto colpo, monta su\ntutte le furie e il suo Attacco aumenta al massimo."
26,5,84,Agiltecnica,"Se il Pokémon usa o perde uno strumento,\nla sua Velocità aumenta."
26,5,85,Antifuoco,Il corpo termoresistente del Pokémon dimezza i danni\nprovocati dalle mosse di tipo Fuoco che subisce.
26,5,86,Disinvoltura,Raddoppia le modifiche alle statistiche.
26,5,87,Pellearsa,"Il Pokémon recupera PS se piove o se subisce mosse\ndi tipo Acqua, ma perde PS con la luce solare intensa.\nSubisce più danni dalle mosse di tipo Fuoco."
26,5,88,Download,"Il Pokémon analizza Difesa e Difesa Speciale\ndegli avversari e, a seconda di qual è più bassa,\naumenta il proprio Attacco o Attacco Speciale."
26,5,89,Ferropugno,Potenzia le mosse che utilizzano pugni.
26,5,90,Velencura,"Se il Pokémon è avvelenato, recupera PS anziché\nperderli."
26,5,91,Adattabilità,Aumenta la potenza delle mosse dello stesso tipo\ndel Pokémon.
26,5,92,Abillegame,Le mosse multicolpo mandano a segno sempre\nil massimo dei colpi possibili.
26,5,93,Idratazione,"Se piove, il Pokémon guarisce dai problemi di stato."
26,5,94,Solarpotere,"Se la luce del sole è intensa, l’Attacco Speciale\naumenta, ma il Pokémon perde PS a ogni turno."
26,5,95,Piedisvelti,"Se il Pokémon è affetto da un problema di stato,\nla Velocità aumenta."
26,5,96,Normalità,Tutte le mosse del Pokémon diventano di tipo Normale\ne la loro potenza aumenta un po’.
26,5,97,Cecchino,Aumenta ulteriormente la potenza dei brutti colpi.
26,5,98,Magicscudo,Il Pokémon subisce danni solo dagli attacchi.
26,5,99,Nullodifesa,Il Pokémon e chiunque lo attacchi abbassano la guardia\ne le loro mosse vanno sempre a segno.
26,5,100,Rallentatore,Il Pokémon agisce sempre per ultimo.
26,5,101,Tecnico,Potenzia le mosse più deboli del Pokémon.
26,5,102,Fogliamanto,"Se la luce del sole è intensa, evita i problemi di stato."
26,5,103,Impaccio,Il Pokémon non può usare lo strumento che ha con sé.
26,5,104,Rompiforma,Il Pokémon può usare le sue mosse sul bersaglio\nindipendentemente dall’abilità di quest’ultimo.
26,5,105,Supersorte,L’incredibile fortuna del Pokémon aumenta\nla sua probabilità di infliggere brutti colpi.
26,5,106,Scoppio,Infligge danni a chi manda KO questo Pokémon\nentrando in contatto con lui.
26,5,107,Presagio,Rivela se gli avversari hanno mosse pericolose.
26,5,108,Premonizione,"Quando il Pokémon entra in campo, rivela una delle\nmosse degli avversari."
26,5,109,Imprudenza,Il Pokémon ignora le modifiche alle statistiche\ndel bersaglio e di chi lo attacca.
26,5,110,Lentifumé,Fa in modo che le mosse non molto efficaci abbiano\nla potenza usuale.
26,5,111,Filtro,Può ridurre la potenza degli attacchi superefficaci\nsubiti dal Pokémon.
26,5,112,Lentoinizio,Dimezza per cinque turni l’Attacco e la Velocità.
26,5,113,Nervisaldi,"Permette di colpire Pokémon di tipo Spettro con mosse\ndi tipo Normale e Lotta. Inoltre, rende immuni all’effetto\ndi Prepotenza."
26,5,114,Acquascolo,Il Pokémon attira e neutralizza le mosse di tipo Acqua\ne fa aumentare il proprio Attacco Speciale.
26,5,115,Corpogelo,"Se nevica, il Pokémon recupera gradualmente PS."
26,5,116,Solidroccia,Può ridurre la potenza degli attacchi superefficaci\nsubiti dal Pokémon.
26,5,117,Scendineve,"Quando il Pokémon entra in campo, provoca\nuna nevicata."
26,5,118,Mielincetta,Il Pokémon può raccogliere del Miele alla fine\ndella lotta.
26,5,119,Indagine,"Quando il Pokémon entra in campo, rivela lo strumento\ndi un avversario."
26,5,120,Temerarietà,Aumenta la potenza delle mosse che causano\ncontraccolpo.
26,5,121,Multitipo,Cambia il tipo del Pokémon a seconda della lastra\nche ha con sé.
26,5,122,Regalfiore,"Se la luce del sole è intensa, aumenta l’Attacco\ne la Difesa Speciale del Pokémon e dei suoi alleati."
26,5,123,Sogniamari,Infligge danni agli avversari addormentati.
26,5,124,Arraffalesto,"Se il Pokémon viene colpito, ruba lo strumento\ndi chi è entrato in contatto con lui."
26,5,125,Forzabruta,"Aumenta la potenza delle mosse, ma ne annulla\ngli effetti aggiuntivi."
26,5,126,Inversione,Le modifiche alle statistiche hanno effetto inverso:\nle statistiche aumentano quando dovrebbero diminuire\ne viceversa.
26,5,127,Agitazione,Gli avversari vengono intimiditi e non possono mangiare\nbacche.
26,5,128,Agonismo,L’Attacco aumenta di molto quando le statistiche\ndiminuiscono a causa di un avversario.
26,5,129,Sconforto,"Quando i PS scendono a metà o meno, il Pokémon\nsi scoraggia e l’Attacco e l’Attacco Speciale\nvengono dimezzati."
26,5,130,Corpofunesto,"Quando il Pokémon subisce un attacco, la mossa\ndi chi lo ha attaccato può essere bloccata."
26,5,131,Curacuore,A volte cura i problemi di stato degli alleati.
26,5,132,Amicoscudo,I danni inflitti agli alleati vengono ridotti.
26,5,133,Sottilguscio,"Se il Pokémon subisce danni da mosse fisiche, la Difesa\ndiminuisce e la Velocità aumenta di molto."
26,5,134,Metalpesante,Raddoppia il peso del Pokémon.
26,5,135,Metalleggero,Dimezza il peso del Pokémon.
26,5,136,Multisquame,"Se i PS sono al massimo, riduce il danno subito."
26,5,137,Velenimpeto,"Se il Pokémon è avvelenato, la potenza delle sue mosse\nfisiche aumenta."
26,5,138,Bruciaimpeto,"Se il Pokémon è scottato, la potenza delle sue mosse\nspeciali aumenta."
26,5,139,Coglibacche,Può ricreare più volte una bacca utilizzata.
26,5,140,Telepatia,Il Pokémon prevede ed evita gli attacchi degli alleati.
26,5,141,Altalena,"A ogni turno, aumenta di molto una statistica\ne ne riduce un’altra."
26,5,142,Copricapo,"Rende immuni ai danni da tempesta di sabbia, nonché\nagli effetti di polveri e spore, inclusi quelli delle mosse\nParalizzante e Sonnifero."
26,5,143,Velentocco,Il Pokémon può avvelenare al solo contatto.
26,5,144,Rigenergia,Il Pokémon recupera un po’ di PS quando lascia\nil campo.
26,5,145,Pettinfuori,Evita che la Difesa venga ridotta.
26,5,146,Remasabbia,"Se c’è una tempesta di sabbia, la Velocità aumenta."
26,5,147,Splendicute,Il Pokémon resiste più facilmente alle mosse di stato.
26,5,148,Ponderazione,"Se il Pokémon agisce per ultimo, la potenza\ndella mossa aumenta."
26,5,149,Illusione,Il Pokémon crea un’illusione entrando in campo con\nle sembianze dell’ultimo Pokémon della propria squadra.
26,5,150,Sosia,Il Pokémon si trasforma in chi ha davanti.
26,5,151,Intrapasso,Il Pokémon attacca evitando le barriere e i sostituti.
26,5,152,Mummia,L’abilità di chi entra in contatto con il Pokémon diventa\nMummia.
26,5,153,Arroganza,"Quando causa un KO, il Pokémon si fa sicuro di sé e\naumenta il proprio Attacco."
26,5,154,Giustizia,"Quando il Pokémon subisce un attacco di tipo Buio,\nil suo forte senso di giustizia fa sì che l’Attacco aumenti."
26,5,155,Paura,"Se il Pokémon subisce un attacco di tipo Buio, Spettro\no Coleottero, oppure subisce l’effetto di Prepotenza,\nsi spaventa e la sua Velocità aumenta."
26,5,156,Magispecchio,Il Pokémon rimanda al mittente le mosse di stato senza\nsubirne gli effetti.
26,5,157,Mangiaerba,"Se il Pokémon viene colpito da una mossa di tipo Erba,\nla neutralizza e aumenta il proprio Attacco."
26,5,158,Burla,Le mosse di stato del Pokémon acquistano priorità alta.
26,5,159,Silicoforza,"Potenzia le mosse di tipo Roccia, Terra e Acciaio\ndurante le tempeste di sabbia."
26,5,160,Spineferrate,"Grazie alle sue spine di ferro, il Pokémon infligge danni\na chi entra in contatto con lui."
26,5,161,Stato Zen,Cambia la forma del Pokémon se i PS scendono\na metà o meno.
26,5,162,Vittorstella,Aumenta la precisione del Pokémon e degli alleati.
26,5,163,Piroturbina,"Quando il Pokémon attacca, ignora l’abilità del\nbersaglio se questa ha effetto sulle mosse."
26,5,164,Teravolt,"Quando il Pokémon attacca, ignora l’abilità del\nbersaglio se questa ha effetto sulle mosse."
26,5,165,Aromavelo,Protegge tutta la squadra da certi effetti che limitano\nl’uso delle mosse.
26,5,166,Fiorvelo,Rende gli alleati di tipo Erba immuni alla diminuzione\ndelle statistiche e ai problemi di stato.
26,5,167,Guancegonfie,"Quando il Pokémon mangia una bacca, recupera anche\ndei PS."
26,5,168,Mutatipo,"Ogni volta che il Pokémon entra in campo, cambia\nil suo tipo in quello della prima mossa che usa."
26,5,169,Foltopelo,Dimezza il danno subito dalle mosse fisiche.
26,5,170,Prestigiatore,"Quando chi la usa colpisce un Pokémon con una mossa,\ngli ruba lo strumento."
26,5,171,Antiproiettile,Protegge da alcune mosse a base di proiettili e bombe.
26,5,172,Tenacia,L’Attacco Speciale aumenta di molto quando le\nstatistiche diminuiscono a causa di un avversario.
26,5,173,Ferromascella,La robusta mascella del Pokémon fa sì che la potenza\ndelle mosse basate sui morsi aumenti.
26,5,174,Pellegelo,Le mosse di tipo Normale diventano di tipo Ghiaccio\ne la loro potenza aumenta un po’.
26,5,175,Dolcevelo,Rende il Pokémon e i suoi alleati immuni al sonno.
26,5,176,Accendilotta,Assume la Forma Spada se usa una mossa d’attacco\ne la Forma Scudo se usa Scudo Reale.
26,5,177,Aliraffica,"Se il Pokémon ha tutti i PS, le sue mosse di tipo Volante\nacquistano priorità alta."
26,5,178,Megalancio,"Potenzia le mosse ""pulsar""."
26,5,179,Peloderba,"In presenza di un Campo Erboso, la Difesa aumenta."
26,5,180,Simbiosi,"Se un alleato usa uno strumento, il Pokémon\ngli passa il proprio."
26,5,181,Unghiedure,Potenzia le mosse da contatto.
26,5,182,Pellefolletto,Le mosse di tipo Normale diventano di tipo Folletto\ne la loro potenza aumenta un po’.
26,5,183,Viscosità,Diminuisce la Velocità di chi entra in contatto\ncon il Pokémon.
26,5,184,Pellecielo,Le mosse di tipo Normale diventano di tipo Volante\ne la loro potenza aumenta un po’.
26,5,185,Amorefiliale,Il Pokémon e il suo piccolo possono attaccare insieme.
26,5,186,Auratetra,Potenzia le mosse di tipo Buio di tutti i Pokémon.
26,5,187,Aurafolletto,Potenzia le mosse di tipo Folletto di tutti i Pokémon.
26,5,188,Frangiaura,Inverte gli effetti delle aure riducendo la potenza\ndelle mosse associate.
26,5,189,Mare Primordiale,Crea un clima che rende inefficaci gli attacchi\ndi tipo Fuoco.
26,5,190,Terra Estrema,Crea un clima che rende inefficaci gli attacchi\ndi tipo Acqua.
26,5,191,Flusso Delta,Crea un clima che annulla i punti deboli del tipo Volante.
26,5,192,Sopportazione,"Se il Pokémon subisce un attacco, la sua Difesa aumenta."
26,5,193,Fuggifuggi,"Se i PS scendono a metà o meno, il Pokémon\nsi fa prendere dalla paura e abbandona la lotta\nin tutta fretta."
26,5,194,Passoindietro,"Se i PS scendono a metà o meno, il Pokémon\nabbandona la lotta per sfuggire al pericolo."
26,5,195,Idrorinforzo,"Se il Pokémon subisce una mossa di tipo Acqua,\nla sua Difesa aumenta di molto."
26,5,196,Spietatezza,Gli attacchi sferrati su un bersaglio avvelenato\nproducono sempre brutti colpi.
26,5,197,Scudosoglia,"Se i PS scendono a metà o meno, il guscio si rompe\ne il Pokémon si prepara all’offensiva."
26,5,198,Sorveglianza,Può infliggere il doppio dei danni a un bersaglio\nche è appena entrato in campo per sostituire\nun altro Pokémon.
26,5,199,Bolladacqua,Diminuisce la potenza delle mosse di tipo Fuoco subite\ndal Pokémon e lo rende immune alle scottature.
26,5,200,Tempracciaio,Aumenta la potenza delle mosse di tipo Acciaio.
26,5,201,Furore,"Se i PS scendono a metà o meno a causa di un attacco,\nl’Attacco Speciale aumenta."
26,5,202,Spalaneve,"Se nevica, la Velocità aumenta."
26,5,203,Distacco,Il Pokémon è in grado di usare tutte le sue mosse\nsenza entrare in contatto con il bersaglio.
26,5,204,Idrovoce,Le mosse del Pokémon basate sul suono diventano\ndi tipo Acqua.
26,5,205,Primacura,Le mosse che ripristinano i PS del Pokémon acquistano\npriorità alta.
26,5,206,Pellelettro,Le mosse di tipo Normale diventano di tipo Elettro\ne la loro potenza aumenta un po’.
26,5,207,Codasurf,"In presenza di un Campo Elettrico, la Velocità\nraddoppia."
26,5,208,Banco,"Quando ha molti PS, il Pokémon forma un banco\ncon i propri simili e si rafforza.\nQuando ne ha pochi, il banco si disperde."
26,5,209,Fantasmanto,Il panno che ricopre il Pokémon può proteggerlo\nda un singolo attacco.
26,5,210,Morfosintonia,"Se il Pokémon causa un KO, il legame con l’Allenatore\nsi rafforza, e l’Attacco, l’Attacco Speciale e la Velocità\naumentano."
26,5,211,Sciamefusione,"Se i PS del Pokémon scendono a metà o meno, le\ncellule si raggruppano e gli permettono di assumere\nla Forma Perfetta."
26,5,212,Corrosione,Il Pokémon è in grado di avvelenare il bersaglio\nanche se questo è di tipo Acciaio o Veleno.
26,5,213,Sonno Assoluto,Il Pokémon si trova in un costante stato di\ndormiveglia che gli impedisce di svegliarsi.\nPuò attaccare anche da addormentato.
26,5,214,Regalità,L’aura di regalità del Pokémon impedisce agli avversari\ndi usare mosse che hanno priorità alta contro di lui o\ni suoi alleati.
26,5,215,Espellinterno,"Se il Pokémon va KO, infligge a chi lo ha colpito\ntanti danni quanti erano i PS che gli restavano."
26,5,216,Sincrodanza,Permette al Pokémon di copiare immediatamente\nqualsiasi mossa basata sulla danza usata da un altro\nPokémon in campo.
26,5,217,Batteria,Aumenta la potenza delle mosse speciali degli alleati.
26,5,218,Morbidone,"Dimezza il danno causato dalle mosse da contatto, ma\nraddoppia quello subito dalle mosse di tipo Fuoco."
26,5,219,Corposgargiante,Il Pokémon sbalordisce gli avversari e gli impedisce\ndi usare mosse che hanno priorità alta contro di lui\no i suoi alleati.
26,5,220,Cuoreanima,Aumenta l’Attacco Speciale ogni volta che\nun Pokémon va KO.
26,5,221,Boccolidoro,Diminuisce la Velocità di chi entra in contatto\ncon il Pokémon.
26,5,222,Ricezione,Il Pokémon acquisisce l’abilità di un alleato andato KO.
26,5,223,Forza Chimica,Il Pokémon trasforma la propria abilità in quella\ndi un alleato andato KO.
26,5,224,Ultraboost,"Quando il Pokémon manda KO un altro Pokémon,\naumenta la propria statistica di punta."
26,5,225,Sistema Primevo,Il tipo del Pokémon cambia in base alla ROM installata.
26,5,226,Elettrogenesi,"Quando il Pokémon entra in campo, lo trasforma\nin un Campo Elettrico."
26,5,227,Psicogenesi,"Quando il Pokémon entra in campo, lo trasforma\nin un Campo Psichico."
26,5,228,Nebbiogenesi,"Quando il Pokémon entra in campo, lo trasforma\nin un Campo Nebbioso."
26,5,229,Erbogenesi,"Quando il Pokémon entra in campo, lo trasforma\nin un Campo Erboso."
26,5,230,Metalprotezione,Impedisce la diminuzione delle statistiche causata\nda abilità o mosse di altri Pokémon.
26,5,231,Spettroguardia,"Se i PS sono al massimo, riduce il danno subito."
26,5,232,Scudoprisma,Può ridurre la potenza degli attacchi superefficaci\nsubiti dal Pokémon.
26,5,233,Cerebroforza,Potenzia ulteriormente gli attacchi superefficaci.
26,5,234,Spada Indomita,"La prima volta che il Pokémon entra in campo,\nil suo Attacco aumenta."
26,5,235,Scudo Saldo,"La prima volta che il Pokémon entra in campo,\nla sua Difesa aumenta."
26,5,236,Libero,"Ogni volta che il Pokémon entra in campo, cambia\nil suo tipo in quello della prima mossa che usa."
26,5,237,Raccattapalle,"Se il Pokémon non ha uno strumento con sé, raccoglie\nla Poké Ball del primo tentativo di cattura fallito."
26,5,238,Lanugine,"Se il Pokémon subisce un attacco, sparge della lanugine\nche diminuisce la Velocità di tutti i Pokémon in campo\ntranne la sua."
26,5,239,Elicopinna,Permette di ignorare gli effetti di mosse e abilità\navversarie che attirano le mosse.
26,5,240,Blindospecchio,Rimanda al mittente le diminuzioni alle statistiche subite.
26,5,241,Inghiottimissile,"Quando usa Surf o Sub, il Pokémon cattura una preda.\nSe subisce dei danni, la sputa fuori per attaccare."
26,5,242,Volontà di Ferro,Permette di ignorare gli effetti di mosse e abilità\navversarie che attirano le mosse.
26,5,243,Vapormacchina,"Se il Pokémon viene colpito da una mossa di tipo Acqua\no Fuoco, la sua Velocità aumenta moltissimo."
26,5,244,Punk Rock,"Aumenta la potenza delle mosse basate sul suono.\nInoltre, dimezza i danni subiti dal Pokémon se viene\ncolpito da tali mosse."
26,5,245,Sputasabbia,"Quando il Pokémon viene colpito da un attacco,\nscatena una tempesta di sabbia."
26,5,246,Geloscaglie,"Scaglie di ghiaccio proteggono il Pokémon dalle mosse\nspeciali, dimezzandone i danni subiti."
26,5,247,Maturazione,Fa maturare le bacche raddoppiandone gli effetti.
26,5,248,Gelofaccia,"Grazie al ghiaccio sulla testa, il Pokémon può incassare\ni danni causati dagli attacchi fisici, ma cambia forma.\nTorna al suo stato originale quando nevica."
26,5,249,Fonte Energetica,Potenzia le mosse di chi si trova nelle immediate\nvicinanze.
26,5,250,Mimetismo,Il tipo del Pokémon cambia a seconda dello stato\ndel campo.
26,5,251,Annullabarriere,"Quando il Pokémon entra in campo, annulla l’effetto\ndi Schermoluce, Riflesso e Velaurora sia per gli\navversari che per gli alleati."
26,5,252,Spiritoferreo,Potenzia gli attacchi di tipo Acciaio del Pokémon\ne dei suoi alleati.
26,5,253,Ultimotocco,"Se il Pokémon viene colpito da una mossa da contatto,\ndopo tre turni va KO assieme a chi lo ha attaccato.\nSe uno dei due viene sostituito, non va KO."
26,5,254,Anima Errante,"Se il Pokémon subisce una mossa da contatto, scambia\nla sua abilità con quella di chi lo ha colpito."
26,5,255,Vigorilla,Aumenta l’Attacco ma costringe il Pokémon a usare\nsolo la prima mossa selezionata.
26,5,256,Gas Reagente,"Se in campo c’è un Pokémon con Gas Reagente,\ngli effetti delle abilità di tutti gli altri Pokémon\nvengono annullati o non si attivano."
26,5,257,Pastelvelo,Protegge il Pokémon e gli alleati dai problemi di stato\ncausati dal veleno.
26,5,258,Pancialterna,"Alla fine di ogni turno cambia forma, alternando\ntra Motivo Panciapiena e Motivo Panciavuota."
26,5,259,Colpolesto,Il Pokémon può agire prima degli altri.
26,5,260,Pugni Invisibili,"Quando il Pokémon utilizza una mossa da contatto,\ngli effetti delle mosse protettive vengono ignorati."
26,5,261,Stranofarmaco,"Quando il Pokémon entra in campo, sparge un farmaco\ndalla conchiglia che annulla le modifiche alle statistiche\ndegli alleati."
26,5,262,Transistor,Potenzia le mosse di tipo Elettro.
26,5,263,Dragomascelle,Potenzia le mosse di tipo Drago.
26,5,264,Nitrito Bianco,"Quando il Pokémon causa un KO, emette un nitrito\nagghiacciante, aumentando il proprio Attacco."
26,5,265,Nitrito Nero,"Quando il Pokémon causa un KO, emette un nitrito\nterrificante, aumentando il proprio Attacco Speciale."
26,5,266,Sintonia Equina,Il Pokémon ha una doppia abilità: Agitazione di Calyrex\ne Nitrito Bianco di Glastrier.
26,5,267,Sintonia Equina,Il Pokémon ha una doppia abilità: Agitazione di Calyrex\ne Nitrito Nero di Spectrier.
26,5,268,Odore Tenace,L’abilità di chi entra in contatto con il Pokémon diventa\nOdore Tenace.
26,5,269,Spargisemi,"Se il Pokémon subisce un attacco, il terreno entra\nnello stato di Campo Erboso."
26,5,270,Termoscambio,Impedisce al Pokémon di venire scottato e aumenta\nil suo Attacco se subisce una mossa di tipo Fuoco.
26,5,271,Iraguscio,"Se un attacco subìto porta i PS a metà o meno, la rabbia\ndel Pokémon ne riduce la Difesa e la Difesa Speciale ma\nne aumenta l’Attacco, l’Attacco Speciale e la Velocità."
26,5,272,Sale Purificante,Protegge il Pokémon dai problemi di stato e dimezza\nil danno causato dalle mosse di tipo Spettro.
26,5,273,Bentostato,"Se il Pokémon viene colpito da una mossa di tipo Fuoco,\nla neutralizza e aumenta di molto la propria Difesa."
26,5,274,Vento Propizio,"L’Attacco aumenta se vengono usate mosse come\nVentoincoda o se il Pokémon è colpito da una mossa\nbasata sul vento, che viene inoltre neutralizzata."
26,5,275,Cane da Guardia,"Il Pokémon resiste a strumenti e mosse che causano\nla sostituzione. Se subisce l’effetto di Prepotenza,\nil suo Attacco aumenta."
26,5,276,Portamassi,Aumenta la potenza delle mosse di tipo Roccia.
26,5,277,Energia Eolica,"Se il Pokémon è esposto a una mossa basata sul vento,\nsi carica di elettricità."
26,5,278,Supercambio,"Se il Pokémon lascia il campo, assume la Forma\nPossente."
26,5,279,Torre di Comando,"Quando il Pokémon entra in campo ed è presente\nun Dondozo alleato, si ficca nella bocca di quest’ultimo\ne da lì impartisce ordini."
26,5,280,Convertivolt,"Se il Pokémon subisce danni, si carica di elettricità."
26,5,281,Paleoattivazione,"Quando il Pokémon ha con sé una Capsula energetica o\nla luce solare è intensa, la sua statistica più alta aumenta."
26,5,282,Carica Quark,"Quando il Pokémon ha con sé una Capsula energetica\no è in presenza di un Campo Elettrico, la sua statistica\npiù alta aumenta."
26,5,283,Corpo Aureo,"Grazie al robusto e inossidabile corpo d’oro, il Pokémon\nè immune alle mosse di stato sferrate da altri."
26,5,284,Vaso Nefasto,L’Attacco Speciale degli altri Pokémon viene indebolito\ndal potere del vaso che richiama le disgrazie.
26,5,285,Spada Nefasta,La Difesa degli altri Pokémon viene indebolita\ndal potere della spada che richiama le disgrazie.
26,5,286,Amuleto Nefasto,L’Attacco degli altri Pokémon viene indebolito\ndal potere delle tavolette che richiamano le disgrazie.
26,5,287,Monile Nefasto,La Difesa Speciale degli altri Pokémon viene indebolita\ndal potere dei gioielli che richiamano le disgrazie.
26,5,288,Ritmo d’Oricalco,"Quando il Pokémon entra in campo, la luce solare\ndiventa intensa. Con la luce solare intensa l’Attacco\ndel Pokémon aumenta grazie al battito dell’antichità."
26,5,289,Motore Adronico,Quando il Pokémon entra in campo il terreno entra nello\nstato di Campo Elettrico. In presenza di Campo Elettrico\nl’Attacco Speciale aumenta grazie al motore del futuro.
26,5,290,Scrocco,"Quando la statistica di un avversario viene aumentata,\nil Pokémon se ne approfitta e aumenta anche la propria."
26,5,291,Ruminante,"Se il Pokémon mangia una bacca, alla fine del turno\nsuccessivo questa risale dal suo stomaco per essere\nmangiata una seconda volta."
26,5,292,Affilama,Aumenta la potenza delle mosse che tagliano\nil bersaglio.
26,5,293,Generale Supremo,"Quando il Pokémon entra in campo, il suo Attacco e\nil suo Attacco Speciale aumentano un po’ per ciascuno\ndei suoi compagni di squadra andati KO."
26,5,294,Coprotagonismo,"Quando il Pokémon entra in campo, copia le modifiche\nalle statistiche dell’alleato."
26,5,295,Mantossina,"Se il Pokémon subisce danni da mosse fisiche, piazza\nai piedi degli avversari una trappola di punte velenose."
26,5,296,Codarmatura,La misteriosa coda che avvolge la testa del Pokémon\nimpedisce agli avversari di usare mosse che hanno\npriorità alta contro di lui o i suoi alleati.
26,5,297,Mangiaterra,"Se il Pokémon viene colpito da una mossa di tipo Terra,\nrecupera PS anziché subire danni."
26,5,298,Micoforza,"Quando usa mosse di stato, il Pokémon agisce\npiù lentamente, ma ignora l’abilità del bersaglio\nse questa ha effetto su tali mosse."
26,5,299,Ospitalità,"Quando il Pokémon entra in campo ricopre di attenzioni\nl’alleato, restituendogli un po’ dei suoi PS."
26,5,300,Occhio Interiore,"Permette di colpire bersagli di tipo Spettro con mosse\ndi tipo Normale e Lotta, di ignorare modifiche alla loro\nelusione e di non veder ridotta la propria precisione."
26,5,301,Albergamemorie,"Il Pokémon riporta alla mente vecchi ricordi, facendo\nrisplendere la Maschera Turchese e aumentando\nla propria Velocità."
26,5,302,Albergamemorie,"Il Pokémon riporta alla mente vecchi ricordi, facendo\nrisplendere la Maschera Focolare e aumentando\nil proprio Attacco."
26,5,303,Albergamemorie,"Il Pokémon riporta alla mente vecchi ricordi, facendo\nrisplendere la Maschera Pozzo e aumentando la propria\nDifesa Speciale."
26,5,304,Albergamemorie,"Il Pokémon riporta alla mente vecchi ricordi, facendo\nrisplendere la Maschera Fondamenta e aumentando\nla propria Difesa."
26,5,305,Catena Tossica,"Quando il Pokémon colpisce il bersaglio con una mossa,\npuò iperavvelenarlo grazie al potere della catena intrisa\ndi tossine."
26,5,306,Sciroppo Sublime,"La prima volta che il Pokémon entra in campo, spande\nun odore dolciastro che diminuisce l’elusione\ndegli avversari."
26,5,307,Teramorfosi,"Quando il Pokémon entra in campo, assorbe l’energia\ncircostante e assume la Forma Teracristal."
26,5,308,Teraguscio,"Grazie al suo guscio che racchiude il potere di tutti i tipi,\nse il Pokémon ha tutti i PS, le mosse che subisce non\nsaranno molto efficaci."
26,5,309,Zeroformazione,"Quando assume la Forma Astrale, Terapagos azzera\ntutti gli effetti delle condizioni atmosferiche e lo stato\ndel terreno di lotta grazie al suo potere occulto."
26,5,310,Malia Tossica,I Pokémon avvelenati dalle mosse di Pecharunt\nentreranno anche in stato di confusione.
26,6,1,Hedor,Puede amedrentar a un Pokémon al atacarlo debido al\nmal olor que emana.
26,6,2,Llovizna,Hace que llueva al entrar en combate.
26,6,3,Impulso,Aumenta su Velocidad en cada turno.
26,6,4,Armadura Batalla,La robusta coraza que lo protege bloquea los golpes\ncríticos.
26,6,5,Robustez,El Pokémon no puede debilitarse de un solo golpe\ncuando tiene los PS al máximo. También evita los\nmovimientos fulminantes.
26,6,6,Humedad,"Aumenta la humedad del entorno y evita que se\npuedan utilizar movimientos explosivos, tales como\nAutodestrucción."
26,6,7,Flexibilidad,Evita ser paralizado gracias a la flexibilidad de su\ncuerpo.
26,6,8,Velo Arena,Aumenta su Evasión durante las tormentas de arena.
26,6,9,Elec. Estática,La electricidad estática que lo envuelve puede paralizar\nal Pokémon que lo ataque con un movimiento de\ncontacto.
26,6,10,Absorbe Elec,"Si lo alcanza un movimiento de tipo Eléctrico, recupera\nPS en vez de sufrir daño."
26,6,11,Absorbe Agua,"Si lo alcanza un movimiento de tipo Agua, recupera PS\nen vez de sufrir daño."
26,6,12,Despiste,"Su indiferencia evita que sea provocado, caiga presa\ndel enamoramiento o sufra los efectos de Intimidación."
26,6,13,Aclimatación,Anula todos los efectos del tiempo atmosférico.
26,6,14,Ojo Compuesto,Aumenta la precisión de sus movimientos.
26,6,15,Insomnio,Su resistencia al sueño le impide quedarse dormido.
26,6,16,Cambio Color,Adopta el tipo del último movimiento del que es\nblanco.
26,6,17,Inmunidad,Su sistema inmunitario evita el envenenamiento.
26,6,18,Absorbe Fuego,"Si lo alcanza algún movimiento de tipo Fuego, potencia\nsus propios movimientos de dicho tipo."
26,6,19,Polvo Escudo,El polvo de escamas que lo envuelve lo protege de\nlos efectos secundarios de los ataques recibidos.
26,6,20,Ritmo Propio,"Como le gusta hacer las cosas a su manera, no le afecta\nla confusión ni sufre los efectos de Intimidación."
26,6,21,Ventosas,"Sus ventosas se aferran al suelo, con lo cual anula\nmovimientos y objetos que fuercen el cambio de\nPokémon."
26,6,22,Intimidación,"Al entrar en combate, amilana al rival de tal manera\nque reduce su Ataque."
26,6,23,Sombra Trampa,Pisa la sombra del rival para impedir que huya o lo\ncambien por otro.
26,6,24,Piel Tosca,Hiere con su piel áspera al Pokémon que lo ataque con\nun movimiento de contacto.
26,6,25,Superguarda,"Gracias a un poder misterioso, solo le hacen daño los\nmovimientos supereficaces."
26,6,26,Levitación,Su capacidad de flotar sobre el suelo le proporciona\ninmunidad frente a los movimientos de tipo Tierra.
26,6,27,Efecto Espora,"Puede dormir, envenenar o paralizar al Pokémon que lo\nataque con un movimiento de contacto."
26,6,28,Sincronía,"Contagia el envenenamiento, las quemaduras o la\nparálisis al Pokémon que le cause ese estado."
26,6,29,Cuerpo Puro,Evita que se reduzcan sus características a causa de\nmovimientos o habilidades de otros Pokémon.
26,6,30,Cura Natural,Sus problemas de estado desaparecen cuando se retira\ndel combate.
26,6,31,Pararrayos,"Atrae y neutraliza los movimientos de tipo Eléctrico,\nque además le aumentan el Ataque Especial."
26,6,32,Dicha,Aumenta la probabilidad de que los movimientos\ncausen efectos secundarios.
26,6,33,Nado Rápido,Aumenta su Velocidad cuando llueve.
26,6,34,Clorofila,Aumenta su Velocidad cuando hace sol.
26,6,35,Iluminación,"Al iluminar el entorno, evita que su Precisión se reduzca."
26,6,36,Calco,Copia la habilidad del rival al entrar en combate.
26,6,37,Potencia,Duplica la potencia de sus ataques físicos.
26,6,38,Punto Tóxico,Puede envenenar al Pokémon que lo ataque con un\nmovimiento de contacto.
26,6,39,Fuerza Mental,"Gracias a su profunda concentración, no se amedrenta\nante los ataques de otros Pokémon ni sufre los efectos\nde Intimidación."
26,6,40,Escudo Magma,"Gracias al magma candente que lo envuelve, no puede\nser congelado."
26,6,41,Velo Agua,Evita las quemaduras gracias a la capa de agua que\nlo envuelve.
26,6,42,Imán,Su magnetismo atrae a los Pokémon de tipo Acero y\nles impide huir o ser cambiados por otros.
26,6,43,Insonorizar,Su aislamiento acústico lo protege de movimientos\nque usan sonido.
26,6,44,Cura Lluvia,Recupera PS de forma gradual cuando llueve.
26,6,45,Chorro Arena,Provoca una tormenta de arena al entrar en combate.
26,6,46,Presión,Presiona al rival de tal manera que este consume más PP\nal usar sus movimientos.
26,6,47,Sebo,"Gracias a la gruesa capa de grasa que lo protege,\nreduce a la mitad el daño que recibe de ataques de\ntipo Fuego o Hielo."
26,6,48,Madrugar,"Si se duerme, tardará la mitad de tiempo en\ndespertarse."
26,6,49,Cuerpo Llama,Puede quemar al Pokémon que lo ataque con un\nmovimiento de contacto.
26,6,50,Fuga,Puede escapar de cualquier Pokémon salvaje.
26,6,51,Vista Lince,Su aguda vista evita que su Precisión se reduzca.
26,6,52,Corte Fuerte,Evita que otros Pokémon le reduzcan el Ataque.
26,6,53,Recogida,"Puede recoger objetos que otros Pokémon hayan usado,\no bien aquellos que encuentre en plena aventura."
26,6,54,Pereza,"Al ejecutar un movimiento, descansará en el turno\nsiguiente."
26,6,55,Entusiasmo,"Aumenta su Ataque, pero reduce su Precisión."
26,6,56,Gran Encanto,Puede causar enamoramiento al Pokémon que lo ataque\ncon un movimiento de contacto.
26,6,57,Más,Aumenta su Ataque Especial si un Pokémon aliado tiene\nla habilidad Más o la habilidad Menos.
26,6,58,Menos,Aumenta su Ataque Especial si un Pokémon aliado tiene\nla habilidad Más o la habilidad Menos.
26,6,59,Predicción,"Cambia a tipo Agua, Fuego o Hielo en función del\ntiempo atmosférico."
26,6,60,Viscosidad,"Los objetos se quedan pegados a su cuerpo, por lo que\nno pueden robárselos."
26,6,61,Mudar,Puede curar sus problemas de estado al mudar la piel.
26,6,62,Agallas,"Si sufre un problema de estado, se arma de valor y\naumenta su Ataque."
26,6,63,Escama Especial,"Si sufre un problema de estado, sus escamas especiales\nreaccionan y aumenta su Defensa."
26,6,64,Viscosecreción,Exuda una secreción viscosa y tóxica de intenso hedor\nque hiere a quienes intentan drenarle PS.
26,6,65,Espesura,Potencia sus movimientos de tipo Planta cuando le\nquedan pocos PS.
26,6,66,Mar Llamas,Potencia sus movimientos de tipo Fuego cuando le\nquedan pocos PS.
26,6,67,Torrente,Potencia sus movimientos de tipo Agua cuando le\nquedan pocos PS.
26,6,68,Enjambre,Potencia sus movimientos de tipo Bicho cuando le\nquedan pocos PS.
26,6,69,Cabeza Roca,No pierde PS al usar movimientos que también hieren\nal usuario.
26,6,70,Sequía,El tiempo pasa a ser soleado al entrar en combate.
26,6,71,Trampa Arena,Evita que el rival huya o sea cambiado por otro.
26,6,72,Espíritu Vital,Su determinación le impide quedarse dormido.
26,6,73,Humo Blanco,El humo blanco que lo protege evita que otros Pokémon\nle reduzcan las características.
26,6,74,Energía Pura,Duplica la potencia de sus ataques físicos gracias al\nyoga.
26,6,75,Caparazón,La robusta coraza que lo protege bloquea los golpes\ncríticos.
26,6,76,Esclusa de Aire,Neutraliza todos los efectos del tiempo atmosférico.
26,6,77,Tumbos,Aumenta su Evasión si está confuso.
26,6,78,Electromotor,"Si lo alcanza un movimiento de tipo Eléctrico, aumenta\nsu Velocidad en vez de sufrir daño."
26,6,79,Rivalidad,"Si el objetivo es del mismo sexo, su competitividad le\nlleva a infligir más daño. Si es del sexo contrario, en\ncambio, el daño será menor."
26,6,80,Impasible,"Cada vez que se amedrenta, aumenta su Velocidad\ndebido a su voluntad inquebrantable."
26,6,81,Manto Níveo,Aumenta su Evasión cuando nieva.
26,6,82,Gula,"Cuando sus PS se ven reducidos a la mitad, engulle\nla baya que normalmente solo se comería cuando le\nquedasen pocos PS."
26,6,83,Irascible,"Si recibe un golpe crítico, monta en cólera y su Ataque\naumenta al máximo."
26,6,84,Liviano,Aumenta su Velocidad si usa o pierde el objeto que\nlleva.
26,6,85,Ignífugo,"Su cuerpo, resistente al calor, reduce a la mitad el daño\nrecibido por movimientos de tipo Fuego."
26,6,86,Simple,Duplica los cambios en las características.
26,6,87,Piel Seca,"Pierde PS si hace sol y los recupera si llueve o recibe\nun movimiento de tipo Agua. Los movimientos de tipo\nFuego, por su parte, le hacen más daño de lo normal."
26,6,88,Descarga,Compara la Defensa y la Defensa Especial del rival\npara ver cuál es inferior y aumenta su propio Ataque\no Ataque Especial según sea lo más eficaz.
26,6,89,Puño Férreo,Aumenta la potencia de los movimientos con los puños.
26,6,90,Antídoto,"Si resulta envenenado, recupera PS en vez de perderlos."
26,6,91,Adaptable,Potencia aún más los movimientos cuyo tipo coincida\ncon el suyo.
26,6,92,Encadenado,Ejecuta siempre los movimientos de ataque múltiple con\nel número máximo de golpes.
26,6,93,Hidratación,Cura los problemas de estado si está lloviendo.
26,6,94,Poder Solar,"Si hace sol, aumenta su Ataque Especial, pero pierde PS\nen cada turno."
26,6,95,Pies Rápidos,Aumenta su Velocidad si sufre problemas de estado.
26,6,96,Normalidad,Hace que todos sus movimientos se vuelvan de tipo\nNormal y aumenta ligeramente su potencia.
26,6,97,Francotirador,Potencia los golpes críticos que asesta aún más de lo\nnormal.
26,6,98,Muro Mágico,Solo recibe daño de ataques.
26,6,99,Indefenso,"Al quedar ambos expuestos, tanto sus movimientos\ncomo los del Pokémon que lo ataque acertarán siempre."
26,6,100,Rezagado,Ejecuta su movimiento tras todos los demás.
26,6,101,Experto,Aumenta la potencia de sus movimientos débiles.
26,6,102,Defensa Hoja,Evita los problemas de estado si hace sol.
26,6,103,Zoquete,No puede usar objetos equipados.
26,6,104,Rompemoldes,Sus movimientos no se ven afectados por la habilidad\ndel objetivo.
26,6,105,Afortunado,Su buena suerte aumenta la probabilidad de asestar\ngolpes críticos.
26,6,106,Detonación,Daña al Pokémon que le ha dado el golpe de gracia con\nun movimiento de contacto.
26,6,107,Anticipación,Prevé los movimientos peligrosos del rival.
26,6,108,Alerta,Revela uno de los movimientos del rival al entrar\nen combate.
26,6,109,Ignorante,Pasa por alto los cambios en las características de un\nPokémon al atacarlo o recibir daño.
26,6,110,Cromolente,"Potencia los movimientos que no son muy eficaces, que\ninfligen ahora un daño normal."
26,6,111,Filtro,Mitiga el daño que le infligen los movimientos\nsupereficaces.
26,6,112,Inicio Lento,Reduce a la mitad su Ataque y su Velocidad durante\ncinco turnos.
26,6,113,Intrépido,"Alcanza a Pokémon de tipo Fantasma con movimientos\nde tipo Normal o Lucha. Además, no sufre los efectos de\nIntimidación."
26,6,114,Colector,"Atrae y neutraliza los movimientos de tipo Agua, que\nademás le aumentan el Ataque Especial."
26,6,115,Gélido,Recupera PS de forma gradual cuando nieva.
26,6,116,Roca Sólida,Mitiga el daño que le infligen los movimientos\nsupereficaces.
26,6,117,Nevada,Invoca una nevada al entrar en combate.
26,6,118,Recogemiel,Puede que encuentre Miel una vez concluido el\ncombate.
26,6,119,Cacheo,Puede ver el objeto que lleva el rival al entrar en\ncombate.
26,6,120,Audaz,Potencia los movimientos que también dañan al usuario.
26,6,121,Multitipo,Cambia su tipo al de la tabla que lleve.
26,6,122,Don Floral,"Si hace sol, aumenta su Ataque y su Defensa Especial,\nasí como los de sus aliados."
26,6,123,Mal Sueño,Inflige daño a cualquier rival que esté dormido.
26,6,124,Hurto,Roba el objeto del Pokémon que lo ataque con un\nmovimiento de contacto.
26,6,125,Potencia Bruta,"Aumenta la potencia de sus movimientos en detrimento\nde los efectos secundarios, que se ven anulados."
26,6,126,Respondón,Invierte los cambios en las características: bajan\ncuando les toca subir y suben cuando les toca bajar.
26,6,127,Nerviosismo,Pone nervioso al rival y le impide comer bayas.
26,6,128,Competitivo,Aumenta mucho su Ataque cuando el rival le reduce\ncualquiera de sus características.
26,6,129,Flaqueza,"Cuando sus PS se ven reducidos a la mitad, se cansa\ntanto que su Ataque y su Ataque Especial también se\nven reducidos a la mitad."
26,6,130,Cuerpo Maldito,Puede anular el movimiento usado en su contra.
26,6,131,Alma Cura,A veces cura los problemas de estado de un aliado.
26,6,132,Compiescolta,Reduce el daño que sufren los aliados.
26,6,133,Armadura Frágil,"Al recibir daño de un ataque físico, se reduce su\nDefensa, pero aumenta mucho su Velocidad."
26,6,134,Metal Pesado,Duplica su peso.
26,6,135,Metal Liviano,Reduce a la mitad su peso.
26,6,136,Multiescamas,Reduce el daño que sufre si sus PS están al máximo.
26,6,137,Ímpetu Tóxico,Aumenta la potencia de sus ataques físicos cuando\nestá envenenado.
26,6,138,Ímpetu Ardiente,Aumenta la potencia de sus ataques especiales cuando\nsufre quemaduras.
26,6,139,Cosecha,Puede reutilizar varias veces una misma baya.
26,6,140,Telepatía,Elude los ataques de los aliados durante el combate.
26,6,141,Veleta,"Aumenta mucho una característica en cada turno, pero\nreduce otra."
26,6,142,Funda,No recibe daño de las tormentas de arena ni sufre los\nefectos causados por polvos o esporas.
26,6,143,Toque Tóxico,Puede envenenar al Pokémon al que ataque con un\nmovimiento de contacto.
26,6,144,Regeneración,Recupera unos pocos PS cuando se retira del combate.
26,6,145,Sacapecho,Impide que otros Pokémon le reduzcan la Defensa.
26,6,146,Ímpetu Arena,Aumenta su Velocidad durante las tormentas de arena.
26,6,147,Piel Milagro,Presenta una mayor resistencia ante los movimientos de\nestado.
26,6,148,Cálculo Final,Aumenta la potencia de su movimiento si es el último\nen atacar.
26,6,149,Ilusión,Adopta el aspecto del último Pokémon del equipo al\nentrar en combate para desconcertar al rival.
26,6,150,Impostor,Se transforma en el Pokémon que tiene enfrente.
26,6,151,Allanamiento,Ataca sorteando las barreras o el sustituto del objetivo.
26,6,152,Momia,Contagia la habilidad Momia al Pokémon que lo ataque\ncon un movimiento de contacto.
26,6,153,Autoestima,"Al debilitar a un objetivo, su confianza se refuerza\nde tal manera que aumenta su Ataque."
26,6,154,Justiciero,"Si lo alcanza un movimiento de tipo Siniestro, aumenta\nsu Ataque debido a su integridad."
26,6,155,Cobardía,"Si lo alcanza un ataque de tipo Siniestro, Bicho o\nFantasma, o si sufre los efectos de Intimidación,\nel miedo hace que aumente su Velocidad."
26,6,156,Espejo Mágico,Puede devolver los movimientos de estado sin verse\nafectado por ellos.
26,6,157,Herbívoro,"Si lo alcanza un movimiento de tipo Planta, aumenta\nsu Ataque en vez de sufrir daño."
26,6,158,Bromista,Sus movimientos de estado tienen prioridad alta.
26,6,159,Poder Arena,"Potencia los movimientos de tipo Tierra, Acero y Roca\ndurante las tormentas de arena."
26,6,160,Punta Acero,Inflige daño con sus púas de acero al Pokémon que lo\nataque con un movimiento de contacto.
26,6,161,Modo Daruma,Cambia de forma si sus PS se ven reducidos a la mitad\no menos.
26,6,162,Tinovictoria,Aumenta su Precisión y la de sus aliados.
26,6,163,Turbollama,Sus movimientos no se ven afectados por la habilidad\ndel objetivo.
26,6,164,Terravoltaje,Sus movimientos no se ven afectados por la habilidad\ndel objetivo.
26,6,165,Velo Aroma,Se protege a sí mismo y a sus aliados de efectos que\nimpiden usar movimientos.
26,6,166,Velo Flor,Evita que los Pokémon de tipo Planta aliados sufran\nproblemas de estado o que les reduzcan sus\ncaracterísticas.
26,6,167,Carrillo,Recupera PS al comer cualquier baya.
26,6,168,Mutatipo,"Al entrar en combate, cambia su tipo al del primer\nmovimiento que va a usar."
26,6,169,Pelaje Recio,Reduce a la mitad el daño que recibe de ataques\nfísicos.
26,6,170,Prestidigitador,Roba el objeto del Pokémon al que alcance con un\nmovimiento.
26,6,171,Antibalas,No le afectan las bombas ni algunos proyectiles.
26,6,172,Tenacidad,Aumenta mucho su Ataque Especial cuando el rival\nle reduce cualquiera de sus características.
26,6,173,Mandíbula Fuerte,Su robusta mandíbula le confiere una mordedura\nmucho más potente.
26,6,174,Piel Helada,Convierte los movimientos de tipo Normal en tipo\nHielo y aumenta ligeramente su potencia.
26,6,175,Velo Dulce,No cae dormido y evita también que sus aliados se\nduerman.
26,6,176,Cambio Táctico,"Adopta la Forma Filo al lanzar un ataque, o bien la\nForma Escudo si usa el movimiento Escudo Real."
26,6,177,Alas Vendaval,Da prioridad a los movimientos de tipo Volador si sus\nPS están al máximo.
26,6,178,Megadisparador,Aumenta la potencia de algunos movimientos de pulsos\ny auras.
26,6,179,Manto Frondoso,Aumenta su Defensa si hay un campo de hierba en el\nterreno de combate.
26,6,180,Simbiosis,Pasa su objeto a un aliado cuando este use el suyo.
26,6,181,Garra Dura,Aumenta la potencia de los movimientos de contacto.
26,6,182,Piel Feérica,Convierte los movimientos de tipo Normal en tipo Hada\ny aumenta ligeramente su potencia.
26,6,183,Baba,Reduce la Velocidad del Pokémon que lo ataque con\nun movimiento de contacto.
26,6,184,Piel Celeste,Convierte los movimientos de tipo Normal en tipo\nVolador y aumenta ligeramente su potencia.
26,6,185,Amor Filial,Une fuerzas con su cría y ataca dos veces.
26,6,186,Aura Oscura,Aumenta la potencia de los movimientos de tipo\nSiniestro de todos los Pokémon.
26,6,187,Aura Feérica,Aumenta la potencia de los movimientos de tipo Hada\nde todos los Pokémon.
26,6,188,Rompeaura,"Invierte los efectos de las habilidades de auras, por lo\nque reduce la potencia de ciertos movimientos en vez\nde aumentarla."
26,6,189,Mar del Albor,Altera el clima para anular los ataques de tipo Fuego.
26,6,190,Tierra del Ocaso,Altera el clima para anular los ataques de tipo Agua.
26,6,191,Ráfaga Delta,Altera el clima para anular las vulnerabilidades del tipo\nVolador.
26,6,192,Firmeza,Aumenta su Defensa al recibir un ataque.
26,6,193,Huida,Se asusta y abandona el terreno de combate cuando\nsus PS se ven reducidos a la mitad.
26,6,194,Retirada,Abandona el terreno de combate cuando sus PS se ven\nreducidos a la mitad para evitar males mayores.
26,6,195,Hidrorrefuerzo,"Si lo alcanza un movimiento de tipo Agua, aumenta\nmucho su Defensa"
26,6,196,Ensañamiento,Hace que sus movimientos asesten siempre un golpe\ncrítico si el objetivo está envenenado.
26,6,197,Escudo Limitado,Rompe su coraza cuando sus PS se ven reducidos a\nla mitad y adopta una forma ofensiva.
26,6,198,Vigilante,"Si el objetivo de su ataque es sustituido por otro,\nduplica el daño que infligirá."
26,6,199,Pompa,Reduce el daño que le provocan los movimientos de\ntipo Fuego y es inmune a las quemaduras.
26,6,200,Acero Templado,Potencia los movimientos de tipo Acero.
26,6,201,Cólera,Aumenta su Ataque Especial si sus PS se ven reducidos\na la mitad debido a algún ataque.
26,6,202,Quitanieves,Aumenta su Velocidad cuando nieva.
26,6,203,Remoto,Puede usar cualquier movimiento sin entrar en contacto\ncon su objetivo.
26,6,204,Voz Fluida,Hace que todos sus movimientos que usan sonido pasen\na ser de tipo Agua.
26,6,205,Primer Auxilio,Da prioridad a los movimientos que restauran PS.
26,6,206,Piel Eléctrica,Convierte los movimientos de tipo Normal en tipo\nEléctrico y aumenta ligeramente su potencia.
26,6,207,Cola Surf,Duplica su Velocidad si hay un campo eléctrico en el\nterreno de combate.
26,6,208,Banco,"Forma bancos con sus congéneres cuando tiene muchos\nPS, lo cual le otorga más fuerza. Cuando le quedan\npocos PS, el banco se dispersa."
26,6,209,Disfraz,Puede eludir un ataque valiéndose de la tela que le\ncubre el cuerpo una vez por combate.
26,6,210,Fuerte Afecto,"Al derrotar a un Pokémon, los vínculos con su Entrenador\nse refuerzan y aumentan su Ataque, su Ataque Especial y\nsu Velocidad."
26,6,211,Agrupamiento,"Cuando sus PS se ven reducidos a la mitad, las células\nse reagrupan y adopta su Forma Completa."
26,6,212,Corrosión,Puede envenenar incluso a Pokémon de tipo Acero o\nVeneno.
26,6,213,Letargo Perenne,No despierta jamás de su profundo letargo e incluso\nataca dormido.
26,6,214,Regia Presencia,Intimida al rival y le impide usar movimientos con\nprioridad contra él y sus aliados.
26,6,215,Revés,"Al caer debilitado, inflige al atacante un daño\nequivalente a los PS que le quedaran antes de\nrecibir el golpe de gracia."
26,6,216,Pareja de Baile,Puede copiar inmediatamente cualquier movimiento\nde baile que haya usado otro Pokémon presente en\nel combate.
26,6,217,Batería,Potencia los ataques especiales de los aliados.
26,6,218,Peluche,"Reduce a la mitad el daño recibido por los movimientos\nde contacto, pero duplica el que le infligen los de tipo\nFuego."
26,6,219,Cuerpo Vívido,Desconcierta al rival y le impide usar movimientos\ncon prioridad contra él y sus aliados.
26,6,220,Coránima,Aumenta su Ataque Especial cada vez que un Pokémon\ncae debilitado.
26,6,221,Rizos Rebeldes,Reduce la Velocidad del Pokémon que lo ataque con\nun movimiento de contacto.
26,6,222,Receptor,Adquiere la habilidad de un aliado debilitado.
26,6,223,Reacción Química,Reacciona copiando la habilidad de un aliado\ndebilitado.
26,6,224,Ultraimpulso,"Al derrotar a un Pokémon, aumenta su característica más\nfuerte."
26,6,225,Sistema Alfa,Cambia su tipo según el disco que lleve instalado.
26,6,226,Electrogénesis,Crea un campo eléctrico al entrar en combate.
26,6,227,Psicogénesis,Crea un campo psíquico al entrar en combate.
26,6,228,Nebulogénesis,Crea un campo de niebla al entrar en combate.
26,6,229,Herbogénesis,Crea un campo de hierba al entrar en combate.
26,6,230,Guardia Metálica,Evita que se reduzcan sus características a causa de\nmovimientos o habilidades de otros Pokémon.
26,6,231,Guardia Espectro,Reduce el daño que sufre si sus PS están al máximo.
26,6,232,Armadura Prisma,Mitiga el daño que le infligen los movimientos\nsupereficaces.
26,6,233,Fuerza Cerebral,Potencia los ataques supereficaces.
26,6,234,Espada Indómita,Aumenta su Ataque al entrar en combate por primera\nvez.
26,6,235,Escudo Recio,Aumenta su Defensa al entrar en combate por primera\nvez.
26,6,236,Líbero,"Al entrar en combate, cambia su tipo al del primer\nmovimiento que va a usar."
26,6,237,Recogebolas,"Si no lleva equipado ningún objeto, recupera la\nPoké Ball del primer intento de captura fallido."
26,6,238,Pelusa,"Al ser alcanzado por un ataque, suelta una pelusa de\nalgodón que reduce la Velocidad de todos los demás\nPokémon."
26,6,239,Hélice Caudal,Ignora los efectos de las habilidades o los movimientos\nque permiten a un Pokémon centrar la atención sobre sí.
26,6,240,Coraza Reflejo,Refleja los efectos que reducen las características.
26,6,241,Tragamisil,"Tras usar Surf o Buceo, emerge con una presa en la\nboca. Al recibir daño, ataca escupiéndola."
26,6,242,Acérrimo,Ignora los efectos de las habilidades o los movimientos\nque permiten a un Pokémon centrar la atención sobre sí.
26,6,243,Combustible,"Si lo alcanza un movimiento de tipo Fuego o Agua,\naumenta muchísimo su Velocidad."
26,6,244,Punk Rock,Potencia los movimientos que usan sonido y reduce\na la mitad el daño que le infligen dichos movimientos.
26,6,245,Expulsarena,Provoca una tormenta de arena al recibir un ataque.
26,6,246,Escama de Hielo,Las gélidas escamas que protegen su cuerpo reducen a\nla mitad el daño que le infligen los ataques especiales.
26,6,247,Maduración,"Hace madurar las bayas, por lo que duplica sus efectos."
26,6,248,Cara de Hielo,"Absorbe el daño de un ataque físico con el hielo de\nla cabeza, tras lo cual cambia de forma. El hielo se\nregenerará la próxima vez que nieve."
26,6,249,Fuente Energía,Potencia los movimientos de los Pokémon adyacentes.
26,6,250,Mimetismo,Cambia su tipo según el campo que haya en el terreno\nde combate.
26,6,251,Antibarrera,"Anula los efectos de Pantalla de Luz, Reflejo y Velo\nAurora tanto de rivales como de aliados al entrar en\ncombate."
26,6,252,Alma Acerada,Potencia los movimientos de tipo Acero del Pokémon\ny sus aliados.
26,6,253,Cuerpo Mortal,"Si lo alcanza un movimiento de contacto, se debilitará\nal cabo de 3 turnos, así como el atacante, a menos que\nabandonen el terreno de combate."
26,6,254,Alma Errante,"Si lo alcanza un movimiento de contacto, intercambia\nsu habilidad con la del atacante."
26,6,255,Monotema,"Aumenta su Ataque, pero solo puede usar el primer\nmovimiento escogido."
26,6,256,Gas Reactivo,Anula los efectos de las habilidades de los demás\nPokémon presentes mientras esté en el terreno de\ncombate.
26,6,257,Velo Pastel,Se protege a sí mismo y a sus aliados del\nenvenenamiento.
26,6,258,Mutapetito,Alterna entre su Forma Saciada y Forma Voraz al final\nde cada turno.
26,6,259,Mano Rápida,"A veces, puede atacar el primero."
26,6,260,Puño Invisible,"Si usa un movimiento de contacto, puede infligir daño\nal objetivo aunque este se proteja."
26,6,261,Medicina Extraña,"Al entrar en combate, rezuma una substancia medicinal\npor la caracola que revierte los cambios en las\ncaracterísticas de los aliados."
26,6,262,Transistor,Potencia los movimientos de tipo Eléctrico.
26,6,263,Mandíbula Dragón,Potencia los movimientos de tipo Dragón.
26,6,264,Relincho Blanco,"Al derrotar a un objetivo, emite un relincho gélido y\naumenta su Ataque."
26,6,265,Relincho Negro,"Al derrotar a un objetivo, emite un relincho aterrador y\naumenta su Ataque Especial."
26,6,266,Unidad Ecuestre,El Pokémon tiene dos habilidades: Relincho Blanco de\nGlastrier y Nerviosismo de Calyrex.
26,6,267,Unidad Ecuestre,El Pokémon tiene dos habilidades: Relincho Negro de\nSpectrier y Nerviosismo de Calyrex.
26,6,268,Olor Persistente,Contagia la habilidad Olor Persistente al Pokémon que\nlo ataque con un movimiento de contacto.
26,6,269,Disemillar,Crea un campo de hierba al recibir un ataque.
26,6,270,Termoconversión,"Evita las quemaduras y, si lo alcanza un movimiento de\ntipo Fuego, aumenta su Ataque."
26,6,271,Coraza Ira,"Cuando un ataque reduce sus PS a la mitad, un arrebato\nde cólera reduce su Defensa y su Defensa Especial, pero\naumenta su Ataque, su Ataque Especial y su Velocidad."
26,6,272,Sal Purificadora,Su sal pura lo protege de los problemas de estado\ny reduce a la mitad el daño que recibe de ataques\nde tipo Fantasma.
26,6,273,Cuerpo Horneado,"Si lo alcanza un movimiento de tipo Fuego, aumenta\nmucho su Defensa en vez de sufrir daño."
26,6,274,Surcavientos,"Si sopla un Viento Afín o lo alcanza un movimiento\nque usa viento, aumenta su Ataque. Tampoco recibe\ndaño de este último."
26,6,275,Perro Guardián,Aumenta su Ataque si sufre los efectos de Intimidación.\nTambién anula movimientos y objetos que fuercen\nel cambio de Pokémon.
26,6,276,Transportarrocas,Potencia los movimientos de tipo Roca.
26,6,277,Energía Eólica,"Su cuerpo se carga de electricidad si lo alcanza\nun movimiento que usa viento, lo que potencia su\nsiguiente movimiento de tipo Eléctrico."
26,6,278,Cambio Heroico,Adopta la Forma Heroica cuando se retira del combate.
26,6,279,Comandar,"Si al entrar en combate coincide con un Dondozo aliado,\nse cuela en el interior de su boca para tomar el control."
26,6,280,Dinamo,"Su cuerpo se carga de electricidad al recibir daño, lo\nque potencia su siguiente movimiento de tipo Eléctrico."
26,6,281,Paleosíntesis,"Si hace sol o lleva un tanque de Energía Potenciadora,\naumenta su característica más alta."
26,6,282,Carga Cuark,"Si hay un campo eléctrico en el terreno de combate\no lleva un tanque de Energía Potenciadora, aumenta\nsu característica más alta."
26,6,283,Cuerpo Áureo,Su robusto cuerpo de oro inoxidable lo hace inmune\nfrente a movimientos de estado de otros Pokémon.
26,6,284,Caldero Debacle,Reduce el Ataque Especial de todos los demás Pokémon\ncon el poder de su caldero maldito.
26,6,285,Espada Debacle,Reduce la Defensa de todos los demás Pokémon con el\npoder de su espada maldita.
26,6,286,Tablilla Debacle,Reduce el Ataque de todos los demás Pokémon con el\npoder de sus tablillas malditas.
26,6,287,Abalorio Debacle,Reduce la Defensa Especial de todos los demás\nPokémon con el poder de sus abalorios malditos.
26,6,288,Latido Oricalco,"El tiempo pasa a ser soleado cuando entra en combate.\nSi hace mucho sol, su Ataque aumenta gracias a su\npulso primigenio."
26,6,289,Motor Hadrónico,"Crea un campo eléctrico al entrar en combate.\nSi hay un campo eléctrico, su Ataque Especial\naumenta gracias a su motor futurista."
26,6,290,Oportunista,"Copia las mejoras en las características del rival,\naprovechándose de la situación."
26,6,291,Rumia,"Cuando ingiere una baya, la regurgita al final del\nsiguiente turno y se la come por segunda vez."
26,6,292,Cortante,Aumenta la potencia de los movimientos cortantes.
26,6,293,General Supremo,"Al entrar en combate, su Ataque y su Ataque Especial\naumentan un poco por cada miembro del equipo que\nhaya sido derrotado hasta el momento."
26,6,294,Unísono,"Al entrar en combate, copia los cambios en\nlas características de su aliado."
26,6,295,Capa Tóxica,"Al recibir daño de un ataque físico, lanza una trampa\nde púas tóxicas a los pies del rival."
26,6,296,Cola Armadura,La extraña cola que le envuelve la cabeza impide\nal rival usar movimientos con prioridad contra él\ny sus aliados.
26,6,297,Geofagia,"Si lo alcanza un movimiento de tipo Tierra, recupera\nPS en vez de sufrir daño."
26,6,298,Poder Fúngico,"El Pokémon siempre actúa con lentitud cuando usa\nmovimientos de estado, pero estos no se ven afectados\npor la habilidad del objetivo."
26,6,299,Hospitalidad,"Al entrar en combate, restaura algunos PS de su aliado\ncomo muestra de hospitalidad."
26,6,300,Ojo Mental,Alcanza a Pokémon de tipo Fantasma con movimientos\nde tipo Normal o Lucha. Su Precisión no se puede\nreducir e ignora los cambios en la Evasión del objetivo.
26,6,301,Evocarrecuerdos,"Al evocar viejos recuerdos, el Pokémon hace brillar\nla Máscara Turquesa y aumenta su Velocidad."
26,6,302,Evocarrecuerdos,"Al evocar viejos recuerdos, el Pokémon hace brillar\nla Máscara Horno y aumenta su Ataque."
26,6,303,Evocarrecuerdos,"Al evocar viejos recuerdos, el Pokémon hace brillar\nla Máscara Fuente y aumenta su Defensa Especial."
26,6,304,Evocarrecuerdos,"Al evocar viejos recuerdos, el Pokémon hace brillar\nla Máscara Cimiento y aumenta su Defensa."
26,6,305,Cadena Tóxica,"Gracias al poder de su cadena impregnada de toxinas,\npuede envenenar gravemente al Pokémon al que ataque."
26,6,306,Néctar Dulce,"Al entrar en combate por primera vez, esparce un aroma\ndulzón a néctar que reduce la Evasión del rival."
26,6,307,Teracambio,"Al entrar en combate, adopta la Forma Teracristal tras\nabsorber la energía de su alrededor."
26,6,308,Teracaparazón,"Su caparazón encierra energía de todos los tipos.\nGracias a ello, si sus PS están al máximo, el movimiento\nque lo alcance no será muy eficaz."
26,6,309,Teraformación 0,"Cuando Terapagos adopta la Forma Astral, anula todos\nlos efectos del tiempo atmosférico y de los campos que\nhaya en el terreno gracias a su poder oculto."
26,6,310,Títere Tóxico,Los rivales que Pecharunt envenene con sus movimientos\ntambién sufrirán confusión.
26,7,1,악취,악취를 풍겨서\n공격했을 때 상대가\n풀죽을 때가 있다.
26,7,2,잔비,등장했을 때\n날씨를 비로 만든다.
26,7,3,가속,매 턴 스피드가 올라간다.
26,7,4,전투무장,단단한 껍질에 보호받아\n상대의 공격이\n급소에 맞지 않는다.
26,7,5,옹골참,HP가 꽉 찼을 때\n기술을 받아도 일격에 쓰러지지 않는다.\n일격필살 기술의 효과도 받지 않는다.
26,7,6,습기,주변을 습하게 함으로써\n자폭 등 폭발하는 기술을\n아무도 못 쓰게 한다.
26,7,7,유연,유연한 몸으로 인해\n마비 상태가 되지 않는다.
26,7,8,모래숨기,모래바람일 때\n회피율이 올라간다.
26,7,9,정전기,정전기를 몸에 둘러\n자신에게 접촉한 상대를\n마비시킬 때가 있다.
26,7,10,축전,전기타입의 기술로 공격받으면\n데미지를 받지 않고 회복한다.
26,7,11,저수,물타입의 기술로 공격받으면\n데미지를 받지 않고 회복한다.
26,7,12,둔감,둔감해서 헤롱헤롱이나\n도발 상태가 되지 않는다.\n위협을 당해도 동요하지 않는다.
26,7,13,날씨부정,모든 날씨의 영향이\n없어진다.
26,7,14,복안,복안을 가지고 있어\n기술의 명중률이 올라간다.
26,7,15,불면,잠들지 못하는 체질이라\n잠듦 상태가 되지 않는다.
26,7,16,변색,상대에게 받은 기술의 타입으로\n자신의 타입이 변화한다.
26,7,17,면역,체내에 면역을 가지고 있어\n독 상태가 되지 않는다.
26,7,18,타오르는불꽃,불꽃타입의 기술로 공격받으면\n불꽃을 받아서 자신이 사용하는\n불꽃타입의 기술이 강해진다.
26,7,19,인분,인분에 보호받아\n기술의 추가 효과를 받지 않게 된다.
26,7,20,마이페이스,마이페이스라서\n혼란 상태가 되지 않는다.\n위협을 당해도 동요하지 않는다.
26,7,21,흡반,흡반으로 지면에 달라붙어\n포켓몬을 교체시키는 기술이나\n도구의 효과를 발휘하지 못하게 한다.
26,7,22,위협,등장했을 때 위협해서\n상대를 위축시켜\n상대의 공격을 떨어뜨린다.
26,7,23,그림자밟기,상대의 그림자를 밟아\n도망치거나 교체할 수 없게 한다.
26,7,24,까칠한피부,공격을 받았을 때\n자신에게 접촉한 상대를\n까칠까칠한 피부로 상처를 입힌다.
26,7,25,불가사의부적,효과가 굉장한 기술만\n맞는 불가사의한 힘.
26,7,26,부유,땅에서 뜨는 성질 때문에\n땅타입의 기술로 공격받지 않는다.
26,7,27,포자,"공격으로 자신에게 접촉한 상대를\n독이나 마비, 잠듦 상태로\n만들 때가 있다."
26,7,28,싱크로,"자신이 걸린\n독이나 마비, 화상을\n상대에게 옮긴다."
26,7,29,클리어바디,상대 기술이나 특성으로\n능력이 떨어지지 않는다.
26,7,30,자연회복,지닌 포켓몬으로 돌아오면\n상태 이상이 회복된다.
26,7,31,피뢰침,전기타입의 기술을 자신에게\n끌어모아 데미지를 받지 않고\n특수공격을 올린다.
26,7,32,하늘의은총,하늘의 은총 덕분에\n기술의 추가 효과가 나오기 쉽다.
26,7,33,쓱쓱,비가 오는 날씨일 때\n스피드가 올라간다.
26,7,34,엽록소,날씨가 맑을 때\n스피드가 올라간다.
26,7,35,발광,주변을 밝게 하여\n명중률이 떨어지지 않는다.
26,7,36,트레이스,등장했을 때\n상대의 특성을 트레이스해서\n같은 특성이 된다.
26,7,37,천하장사,물리공격의\n위력이 2배가 된다.
26,7,38,독가시,자신에게 접촉한 상대를\n독 상태로 만들 때가 있다.
26,7,39,정신력,단련한 정신 덕분에\n상대의 공격에 풀죽지 않는다.\n위협을 당해도 동요하지 않는다.
26,7,40,마그마의무장,뜨거운 마그마를 몸에 둘러서\n얼음 상태가 되지 않는다.
26,7,41,수의베일,물의 베일을 몸에 둘러서\n화상 상태가 되지 않는다.
26,7,42,자력,강철타입의 포켓몬을\n자력으로 끌어모아\n도망칠 수 없게 한다.
26,7,43,방음,소리를 차단하여\n소리 기술의 영향을 받지 않는다.
26,7,44,젖은접시,비가 오는 날씨일 때\n조금씩 HP를 회복한다.
26,7,45,모래날림,등장했을 때\n날씨를 모래바람으로 만든다.
26,7,46,프레셔,프레셔를 줘서\n상대가 쓰는 기술의 PP를\n많이 줄인다.
26,7,47,두꺼운지방,두꺼운 지방으로 보호되고 있어\n불꽃타입과 얼음타입의\n기술의 데미지를 반감시킨다.
26,7,48,일찍기상,잠듦 상태가 되어도\n2배 빠르게\n깨어날 수 있다.
26,7,49,불꽃몸,자신에게 접촉한 상대를\n화상 상태로 만들 때가 있다.
26,7,50,도주,야생 포켓몬으로부터\n반드시 도망칠 수 있다.
26,7,51,날카로운눈,날카로운 눈 덕분에\n명중률이 떨어지지 않는다.
26,7,52,괴력집게,힘이 자랑인 집게를 가지고 있어\n상대가 공격을 떨어뜨리지 못하게 한다.
26,7,53,픽업,상대가 사용한 도구를\n주워 올 때가 있다.\n모험 중에도 주워 온다.
26,7,54,게으름,기술을 사용하면\n다음 턴은 쉰다.
26,7,55,의욕,자신의 공격이 높아지지만\n명중률이 떨어진다.
26,7,56,헤롱헤롱바디,자신에게 접촉한 상대를\n헤롱헤롱하게 만들 때가 있다.
26,7,57,플러스,플러스나 마이너스의 특성을 가진\n포켓몬이 동료에 있으면\n자신의 특수공격이 올라간다.
26,7,58,마이너스,플러스나 마이너스의 특성을 가진\n포켓몬이 동료에 있으면\n자신의 특수공격이 올라간다.
26,7,59,기분파,"날씨의 영향을 받아\n물타입, 불꽃타입, 얼음타입 중\n하나로 변화한다."
26,7,60,점착,점성이 높은 몸에\n도구가 달라붙어 있어\n상대에게 도구를 뺏기지 않는다.
26,7,61,탈피,몸의 껍질을 벗어 던져\n상태 이상을\n회복할 때가 있다.
26,7,62,근성,상태 이상이 되면\n근성을 보여서\n공격이 올라간다.
26,7,63,이상한비늘,상태 이상이 되면\n이상한 비늘이 반응해서\n방어가 올라간다.
26,7,64,해감액,해감액을 흡수한 상대는\n강렬한 악취로\n데미지를 받아 HP가 줄어든다.
26,7,65,심록,HP가 줄었을 때\n풀타입 기술의\n위력이 올라간다.
26,7,66,맹화,HP가 줄었을 때\n불꽃타입 기술의\n위력이 올라간다.
26,7,67,급류,HP가 줄었을 때\n물타입 기술의\n위력이 올라간다.
26,7,68,벌레의알림,HP가 줄었을 때\n벌레타입 기술의\n위력이 올라간다.
26,7,69,돌머리,반동을 받는 기술을 사용해도\nHP가 줄지 않는다.
26,7,70,가뭄,등장했을 때\n날씨를 맑음으로 만든다.
26,7,71,개미지옥,배틀에서 상대를\n도망칠 수 없게 한다.
26,7,72,의기양양,의기양양해져서\n잠듦 상태가 되지 않는다.
26,7,73,하얀연기,하얀 연기의 보호를 받아\n상대가 능력을 떨어뜨리지 못하게 한다.
26,7,74,순수한힘,요가의 힘으로\n물리공격의 위력이\n2배가 된다.
26,7,75,조가비갑옷,단단한 껍질의 보호를 받아\n상대의 공격이\n급소에 맞지 않는다.
26,7,76,에어록,모든 날씨의 영향이\n없어진다.
26,7,77,갈지자걸음,혼란 상태일 때는\n회피율이 올라간다.
26,7,78,전기엔진,전기타입의 기술로 공격받으면\n데미지를 받지 않고\n스피드가 올라간다.
26,7,79,투쟁심,성별이 같으면\n투쟁심을 불태워 강해진다.\n성별이 다르면 약해진다.
26,7,80,불굴의마음,풀죽을 때마다\n불굴의 마음을 불태워\n스피드가 올라간다.
26,7,81,눈숨기,날씨가 눈일 때\n회피율이 올라간다.
26,7,82,먹보,HP가 줄어들면 먹을\n나무열매를 HP가\n절반일 때 먹어 버린다.
26,7,83,분노의경혈,급소에 공격이 맞으면\n크게 분노해 공격력이\n최대가 된다.
26,7,84,곡예,지니던 도구가 없어지면\n스피드가 올라간다.
26,7,85,내열,내열인 몸으로 인해\n불꽃타입 공격의\n데미지를 반감한다.
26,7,86,단순,능력 변화가\n평소의 2배가 된다.
26,7,87,건조피부,비가 오는 날씨나\n물타입의 기술로 공격받으면 HP가 회복되고\n맑을 때나 불꽃타입의 기술로 공격받으면 줄어든다.
26,7,88,다운로드,상대의 방어와 특수방어를 비교해서\n낮은 쪽 능력에 맞춰서\n자신의 공격이나 특수공격을 올린다.
26,7,89,철주먹,펀치를 사용하는 기술의\n위력이 올라간다.
26,7,90,포이즌힐,독 상태가 되면\nHP가 줄지 않고 증가한다.
26,7,91,적응력,자신과 같은 타입인\n기술의 위력이 올라간다.
26,7,92,스킬링크,연속 기술을 사용하면 항상\n최고 횟수로 사용할 수 있다.
26,7,93,촉촉바디,비가 오는 날씨일 때\n상태 이상이 회복된다.
26,7,94,선파워,날씨가 맑으면\n특수공격이 올라가지만\n매 턴 HP가 줄어든다.
26,7,95,속보,상태 이상이 되면\n스피드가 올라간다.
26,7,96,노말스킨,사용하는 기술의 타입이\n모두 노말타입이 된다.\n위력이 조금 올라간다.
26,7,97,스나이퍼,공격을 급소에 맞혔을 때\n위력이 더욱 올라간다.
26,7,98,매직가드,공격 이외에는\n데미지를 받지 않는다.
26,7,99,노가드,노가드전법에 따라\n서로가 사용하는 기술이\n반드시 맞게 된다.
26,7,100,시간벌기,기술을 사용하는 순서가\n반드시 마지막이 된다.
26,7,101,테크니션,위력이 약한 기술의\n위력을 올려서 공격할 수 있다.
26,7,102,리프가드,날씨가 맑을 때는\n상태 이상이 되지 않는다.
26,7,103,서투름,지니고 있는 도구를\n쓸 수 없다.
26,7,104,틀깨기,상대 특성에\n방해받지 않고 상대에게\n기술을 쓸 수 있다.
26,7,105,대운,대운을 가지고 있어\n상대의 급소에\n공격이 맞기 쉽다.
26,7,106,유폭,기절했을 때\n접촉한 상대에게\n데미지를 준다.
26,7,107,위험예지,상대가 지닌 위험한 기술을\n감지할 수 있다.
26,7,108,예지몽,등장했을 때\n상대가 지닌 기술을\n하나만 간파한다.
26,7,109,천진,상대의 능력 변화를\n무시하고 공격할 수 있다.
26,7,110,색안경,효과가 별로인 기술을\n통상의 위력으로\n쓸 수 있다.
26,7,111,필터,자신이 받는 효과가 굉장한\n공격의 위력을\n약하게 만든다.
26,7,112,슬로스타트,5턴 동안\n공격과 스피드가\n절반이 된다.
26,7,113,배짱,노말타입과 격투타입 기술을\n고스트타입에게 맞힐 수 있다.\n위협을 당해도 동요하지 않는다.
26,7,114,마중물,물타입의 기술을 자신에게\n끌어모아 데미지를 받지 않고\n특수공격이 올라간다.
26,7,115,아이스바디,날씨가 눈일 때 HP를\n조금씩 회복한다.
26,7,116,하드록,자신이 받는 효과가 굉장한\n공격의 위력을\n약하게 만든다.
26,7,117,눈퍼뜨리기,등장했을 때\n날씨를 눈으로 만든다.
26,7,118,꿀모으기,배틀이 끝났을 때\n달콤한꿀을 주울 때가 있다.
26,7,119,통찰,등장했을 때\n상대의 지닌 물건을\n통찰할 수 있다.
26,7,120,이판사판,반동 데미지를\n받는 기술의 위력이 올라간다.
26,7,121,멀티타입,지니고 있는 플레이트에 따라\n자신의 타입이 바뀐다.
26,7,122,플라워기프트,날씨가 맑을 때\n자신과 같은 편의 공격과\n특수방어의 능력이 올라간다.
26,7,123,나이트메어,잠듦 상태의 상대에게\n데미지를 준다.
26,7,124,나쁜손버릇,자신에게 접촉한 상대의\n도구를 훔친다.
26,7,125,우격다짐,기술의 추가 효과가 없어지지만\n그만큼 높은 위력으로\n기술을 사용할 수 있다.
26,7,126,심술꾸러기,능력의 변화가 역전해서\n올라갈 때 떨어지고\n떨어질 때 올라간다.
26,7,127,긴장감,상대를 긴장시켜 나무열매를\n먹지 못하게 한다.
26,7,128,오기,상대에 의해 능력이 떨어지면\n공격이 크게 올라간다.
26,7,129,무기력,HP가 절반이 되면\n무기력해져서 공격과\n특수공격이 반감된다.
26,7,130,저주받은바디,공격을 받으면 상대의 기술을\n사슬묶기 상태로\n만들 때가 있다.
26,7,131,치유의마음,같은 편의 상태 이상을\n가끔 회복시킨다.
26,7,132,프렌드가드,같은 편의 데미지를\n줄일 수 있다.
26,7,133,깨어진갑옷,물리 기술로 데미지를 받으면\n방어가 떨어지고\n스피드가 크게 올라간다.
26,7,134,헤비메탈,자신의 무게가\n2배가 된다.
26,7,135,라이트메탈,자신의 무게가\n절반이 된다.
26,7,136,멀티스케일,HP가 꽉 찼을 때\n받는 데미지가 줄어든다.
26,7,137,독폭주,독 상태가 되었을 때\n물리 기술의 위력이 올라간다.
26,7,138,열폭주,화상 상태가 되었을 때\n특수 기술의 위력이 올라간다.
26,7,139,수확,사용한 나무열매를\n몇 번이고 만들어 낸다.
26,7,140,텔레파시,같은 편의 공격을 간파하여\n기술을 회피한다.
26,7,141,변덕쟁이,매 턴 능력 중 하나가\n크게 오르고 하나가 떨어진다.
26,7,142,방진,모래바람에 데미지를 받지 않는다.\n가루나 포자의 영향도 받지 않는다.
26,7,143,독수,접촉하기만 해도 상대를\n독 상태로 만들 때가 있다.
26,7,144,재생력,지닌 포켓몬으로 돌아오면\nHP를 조금 회복한다.
26,7,145,부풀린가슴,방어를 떨어뜨리는\n효과를 받지 않는다.
26,7,146,모래헤치기,날씨가 모래바람일 때\n스피드가 올라간다.
26,7,147,미라클스킨,변화 기술을 받기 어려운\n몸으로 되어 있다.
26,7,148,애널라이즈,제일 마지막에 기술을 쓰면\n기술의 위력이 올라간다.
26,7,149,일루전,지닌 포켓몬 중 제일 뒤에 있는\n포켓몬으로 둔갑하여 나와서\n상대를 속인다.
26,7,150,괴짜,눈앞의 포켓몬으로\n변신해 버린다.
26,7,151,틈새포착,상대의 벽이나 대타출동을\n뚫고 공격할 수 있다.
26,7,152,미라,상대가 접촉하면\n상대를 미라로 만들어 버린다.
26,7,153,자기과신,상대를 쓰러뜨리면\n자신감이 붙어서\n공격이 올라간다.
26,7,154,정의의마음,악타입 공격을 받으면\n정의감으로 공격이 올라간다.
26,7,155,주눅,"악, 고스트, 벌레타입 기술로\n공격받거나 위협을 받으면\n주눅이 들어 스피드가 올라간다."
26,7,156,매직미러,상대가 쓴 변화 기술을 반사해\n그대로 되돌려줄 수 있다.
26,7,157,초식,풀타입 기술로 공격받으면\n데미지를 받지 않고\n공격이 올라간다.
26,7,158,짓궂은마음,변화 기술을 먼저\n쓸 수 있다.
26,7,159,모래의힘,"날씨가 모래바람일 때\n바위타입과 땅타입,\n강철타입 기술의 위력이 올라간다."
26,7,160,철가시,자신에게 접촉한 상대에게\n철가시로 데미지를 준다.
26,7,161,달마모드,HP가 절반 이하가 되면\n모습이 변화한다.
26,7,162,승리의별,자신과 같은 편의\n명중률이 올라간다.
26,7,163,터보블레이즈,상대 특성에 방해받지 않고\n상대에게 기술을 쓸 수 있다.
26,7,164,테라볼티지,상대 특성에 방해받지 않고\n상대에게 기술을 쓸 수 있다.
26,7,165,아로마베일,자신과 같은 편으로 향하는\n멘탈 공격을 막을 수 있다.
26,7,166,플라워베일,같은 편의 풀타입 포켓몬은\n능력이 떨어지지 않고\n상태 이상도 되지 않는다.
26,7,167,볼주머니,나무열매를 먹으면\n추가로 HP를 회복한다.
26,7,168,변환자재,배틀에 나올 때마다 단 한 번\n자신이 사용한 기술과\n같은 타입으로 변화한다.
26,7,169,퍼코트,상대로부터 받는 물리 기술의\n데미지가 절반이 된다.
26,7,170,매지션,기술을 맞은 상대의\n도구를 빼앗아 버린다.
26,7,171,방탄,상대의 구슬이나 폭탄 등의\n기술을 막을 수 있다.
26,7,172,승기,상대에 의해 능력이 떨어지면\n특수공격이 크게 올라간다.
26,7,173,옹골찬턱,턱이 튼튼하여\n무는 기술의 위력이\n올라간다.
26,7,174,프리즈스킨,노말타입의 기술이\n얼음타입이 된다.\n위력이 조금 올라간다.
26,7,175,스위트베일,자신과 같은 편의 포켓몬이\n잠들지 않게 된다.
26,7,176,배틀스위치,공격 기술을 쓰면 블레이드폼으로\n기술 킹실드를 쓰면\n실드폼으로 변한다.
26,7,177,질풍날개,HP가 꽉 찼을 때\n비행타입의 기술을\n먼저 쓸 수 있다.
26,7,178,메가런처,파동 기술의\n위력이 올라간다.
26,7,179,풀모피,그래스필드일 때\n방어가 올라간다.
26,7,180,공생,같은 편이 도구를 쓰면\n자신이 지니고 있는 도구를\n같은 편에게 건넨다.
26,7,181,단단한발톱,상대에게 접촉하는 기술의\n위력이 올라간다.
26,7,182,페어리스킨,노말타입의 기술이\n페어리타입이 된다.\n위력이 조금 올라간다.
26,7,183,미끈미끈,공격으로 자신에게 접촉한 상대의\n스피드를 떨어뜨린다.
26,7,184,스카이스킨,노말타입의 기술이\n비행타입이 된다.\n위력이 조금 올라간다.
26,7,185,부자유친,부모와 자식 2마리로 2번\n공격할 수 있다.
26,7,186,다크오라,전원의 악타입\n기술이 강해진다.
26,7,187,페어리오라,전원의 페어리타입\n기술이 강해진다.
26,7,188,오라브레이크,오라의 효과를 역전시켜\n위력을 떨어뜨린다.
26,7,189,시작의바다,불꽃타입의 공격을\n받지 않는 날씨로 만든다.
26,7,190,끝의대지,물타입의 공격을\n받지 않는 날씨로 만든다.
26,7,191,델타스트림,비행타입의 약점이\n없어지는 날씨로 만든다.
26,7,192,지구력,공격을 받으면\n방어가 올라간다.
26,7,193,도망태세,HP가 절반이 되면\n황급히 도망쳐서\n지닌 포켓몬으로 돌아간다.
26,7,194,위기회피,HP가 절반이 되면\n위험을 회피하기 위해\n지닌 포켓몬으로 돌아간다.
26,7,195,꾸덕꾸덕굳기,물타입의 기술로 공격받으면\n방어가 크게 올라간다.
26,7,196,무도한행동,독 상태의\n상대를 공격하면\n반드시 급소에 맞는다.
26,7,197,리밋실드,HP가 절반이 되면\n껍질이 깨져\n공격적으로 된다.
26,7,198,잠복,교체로 나온 상대에게\n2배 데미지로 공격할 수 있다.
26,7,199,수포,자신을 향하는 불꽃타입\n기술의 위력을 떨어뜨린다.\n화상을 입지 않는다.
26,7,200,강철술사,강철타입 기술의\n위력이 올라간다.
26,7,201,발끈,상대의 공격으로\nHP가 절반이 되면\n특수공격이 올라간다.
26,7,202,눈치우기,날씨가 눈일 때\n스피드가 올라간다.
26,7,203,원격,모든 기술을\n상대에게 접촉하지 않고\n사용할 수 있다.
26,7,204,촉촉보이스,모든 소리 기술이\n물타입이 된다.
26,7,205,힐링시프트,회복 기술을 먼저\n사용할 수 있다.
26,7,206,일렉트릭스킨,노말타입 기술이\n전기타입이 된다.\n위력이 조금 올라간다.
26,7,207,서핑테일,일렉트릭필드일 때\n스피드가 2배가 된다.
26,7,208,어군,HP가 많을 때 무리 지어 강해진다.\nHP가 얼마 남지 않으면\n무리는 뿔뿔이 흩어진다.
26,7,209,탈,몸을 덮는 탈로\n1번 공격을 막을 수 있다.
26,7,210,유대변화,"상대를 쓰러뜨리면\n트레이너와의 유대감이 깊어져서\n자신의 공격, 특수공격, 스피드가 올라간다."
26,7,211,스웜체인지,HP가 절반이 되면\n셀들이 응원하러 달려와\n퍼펙트폼으로 모습이 변한다.
26,7,212,부식,강철타입이나 독타입 포켓몬도\n독 상태로 만들 수 있다.
26,7,213,절대안깸,항상 비몽사몽 상태로\n절대 깨지 않는다.\n잠든 상태로 공격할 수 있다.
26,7,214,여왕의위엄,상대에게 위압감을 줘서\n이쪽을 향한 선제 기술을\n사용할 수 없게 한다.
26,7,215,내용물분출,상대에게 쓰러졌을 때\n남아 있던 HP의 양만큼\n상대에게 데미지를 준다.
26,7,216,무희,누군가 춤 기술을 쓰면\n자신도 이어서\n춤 기술을 쓸 수 있다.
26,7,217,배터리,같은 편 특수 기술의\n위력을 올린다.
26,7,218,복슬복슬,상대로부터 받은 접촉하는 기술의\n데미지를 반감시키지만 불꽃타입\n기술의 데미지는 2배가 된다.
26,7,219,비비드바디,상대를 놀라게 해서\n이쪽을 향한 선제 기술을\n사용할 수 없게 한다.
26,7,220,소울하트,포켓몬이 기절할 때마다\n특수공격이 올라간다.
26,7,221,컬리헤어,공격으로 자신에게 접촉한 상대의\n스피드를 떨어뜨린다.
26,7,222,리시버,쓰러진 같은 편의 특성을\n이어받아 같은 특성이 된다.
26,7,223,화학의힘,쓰러진 같은 편의 특성을\n이어받아 같은 특성으로 바뀐다.
26,7,224,비스트부스트,상대를 기절시켰을 때\n자신의 가장 높은\n능력이 올라간다.
26,7,225,AR시스템,지니고 있는 메모리로\n자신의 타입이 변한다.
26,7,226,일렉트릭메이커,등장했을 때\n일렉트릭필드를 사용한다.
26,7,227,사이코메이커,등장했을 때\n사이코필드를 사용한다.
26,7,228,미스트메이커,등장했을 때\n미스트필드를 사용한다.
26,7,229,그래스메이커,등장했을 때\n그래스필드를 사용한다.
26,7,230,메탈프로텍트,상대 기술이나 특성으로\n능력이 떨어지지 않는다.
26,7,231,스펙터가드,HP가 꽉 찼을 때\n받는 데미지가 줄어든다.
26,7,232,프리즘아머,자신이 받는 효과가 굉장한\n공격의 위력을\n약하게 만든다.
26,7,233,브레인포스,효과가 굉장한 공격의\n위력이 더욱 올라간다.
26,7,234,불요의검,처음 등장했을 때\n공격이 올라간다.
26,7,235,불굴의방패,처음 등장했을 때\n방어가 올라간다.
26,7,236,리베로,배틀에 나올 때마다 단 한 번\n자신이 사용한 기술과\n같은 타입으로 변화한다.
26,7,237,볼줍기,도구를 지니고 있지 않은 경우\n첫 번째로 던져서 실패한\n몬스터볼을 주워 온다.
26,7,238,솜털,공격을 받으면 솜털을 흩뿌려서\n자신을 제외한 모든 포켓몬의\n스피드를 떨어뜨린다.
26,7,239,스크루지느러미,상대의 기술을 끌어모으는\n특성이나 기술의\n영향을 받지 않는다.
26,7,240,미러아머,자신이 받는\n능력 다운 효과에 한해\n되받아친다.
26,7,241,그대로꿀꺽미사일,파도타기나 다이빙을 쓰면\n먹이를 물어 온다. 데미지를 받으면\n먹이를 토해 내서 공격한다.
26,7,242,굳건한신념,상대의 기술을 끌어모으는\n특성이나 기술의\n영향을 받지 않는다.
26,7,243,증기기관,물타입이나 불꽃타입\n기술로 공격받으면\n스피드가 매우 크게 올라간다.
26,7,244,펑크록,소리 기술의 위력이 올라간다.\n상대로부터 받는 소리 기술의\n데미지는 절반이 된다.
26,7,245,모래뿜기,공격을 받으면\n모래바람을 일으킨다.
26,7,246,얼음인분,얼음인분의 보호를 받아\n특수공격으로 받는\n데미지가 절반이 된다.
26,7,247,숙성,나무열매를 숙성시켜서\n효과를 2배로 만든다.
26,7,248,아이스페이스,물리공격을 머리의 얼음이\n대신 맞아 주지만 모습도 바뀐다.\n얼음은 눈이 내리면 원래대로 돌아온다.
26,7,249,파워스폿,옆에 있기만 해도\n기술의 위력이 올라간다.
26,7,250,의태,필드의 상태에 따라\n포켓몬의 타입이 바뀐다.
26,7,251,배리어프리,"등장했을 때 상대와 같은 편의\n빛의장막, 리플렉터, 오로라베일의\n효과가 사라진다."
26,7,252,강철정신,같은 편의 강철타입\n공격의 위력이 올라간다.
26,7,253,멸망의바디,접촉하는 기술로 공격받으면\n3턴 후에 양쪽 모두 기절한다.\n교체되면 효과가 없어진다.
26,7,254,떠도는영혼,접촉하는 기술로\n공격해 온 포켓몬과\n특성을 바꾼다.
26,7,255,무아지경,공격이 올라가지만\n처음에 선택한\n기술 외에는 쓸 수 없게 된다.
26,7,256,화학변화가스,화학변화가스를 가진 포켓몬이 배틀에 나와 있으면\n모든 포켓몬이 가진 특성의 효과가\n사라지거나 발동하지 않게 된다.
26,7,257,파스텔베일,자신과 같은 편은\n독 상태가 되지 않는다.
26,7,258,꼬르륵스위치,"턴이 끝날 때마다 배부른 모양,\n배고픈 모양, 배부른 모양...으로\n번갈아서 모습을 바꾼다."
26,7,259,퀵드로,상대보다 먼저\n행동할 수도 있다.
26,7,260,보이지않는주먹,상대에게 접촉하는 기술을 사용하면\n방어의 효과를 무시하고 공격할 수 있다.
26,7,261,기묘한약,등장했을 때\n조개껍질에서 약을 흩뿌려서\n같은 편의 능력 변화를 원래대로 되돌린다.
26,7,262,트랜지스터,전기타입 기술의\n위력이 올라간다.
26,7,263,용의턱,드래곤타입 기술의\n위력이 올라간다.
26,7,264,백의울음,상대를 쓰러뜨리면\n차가운 울음소리를 내면서\n공격이 올라간다.
26,7,265,흑의울음,상대를 쓰러뜨리면\n무서운 울음소리를 내면서\n특수공격이 올라간다.
26,7,266,혼연일체,버드렉스의 긴장감과\n블리자포스의 백의울음\n두 가지 특성을 겸비한다.
26,7,267,혼연일체,버드렉스의 긴장감과\n레이스포스의 흑의울음\n두 가지 특성을 겸비한다.
26,7,268,가시지않는향기,상대가 접촉하면\n가시지 않는 향기가\n상대에게 배어 버린다.
26,7,269,넘치는씨,공격을 받으면\n필드를 그래스필드로 만든다.
26,7,270,열교환,불꽃타입 기술로 공격받으면\n공격이 올라간다.\n화상 상태가 되지 않는다.
26,7,271,분노의껍질,"상대의 공격에 의해 HP가 절반이 되면\n화가 나서 방어와 특수방어가 떨어지지만\n공격, 특수공격, 스피드가 올라간다."
26,7,272,정화의소금,깨끗한 소금에 의해\n상태 이상이 되지 않는다.\n고스트타입 기술의 데미지를 반감시킨다.
26,7,273,노릇노릇바디,불꽃타입 기술로 공격받으면\n데미지를 받지 않고\n방어가 크게 올라간다.
26,7,274,바람타기,순풍이 불거나 바람 기술로 공격받으면\n데미지를 받지 않고\n공격이 올라간다.
26,7,275,파수견,위협을 받으면 공격이 올라간다.\n포켓몬을 교체시키는\n기술이나 도구의 효과를 받지 않는다.
26,7,276,바위나르기,바위타입 기술의\n위력이 올라간다.
26,7,277,풍력발전,바람 기술을 받으면\n충전 상태가 된다.
26,7,278,마이티체인지,지닌 포켓몬으로 돌아오면\n마이티폼으로 변한다.
26,7,279,사령탑,등장했을 때 같은 편에\n어써러셔가 있으면 입속에 들어가\n안에서 지시를 내린다.
26,7,280,전기로바꾸기,데미지를 받으면\n충전 상태가 된다.
26,7,281,고대활성,부스트에너지를 지니고 있거나\n날씨가 맑을 때\n가장 높은 능력이 올라간다.
26,7,282,쿼크차지,부스트에너지를 지니고 있거나\n일렉트릭필드일 때\n가장 높은 능력이 올라간다.
26,7,283,황금몸,산화하지 않는 튼튼한 황금몸 덕분에\n상대의 변화 기술의 영향을 받지 않는다.
26,7,284,재앙의그릇,재앙을 부르는 그릇의 힘으로\n자신을 제외한 모든 포켓몬의\n특수공격을 약하게 만든다.
26,7,285,재앙의검,재앙을 부르는 검의 힘으로\n자신을 제외한 모든 포켓몬의\n방어를 약하게 만든다.
26,7,286,재앙의목간,재앙을 부르는 목간의 힘으로\n자신을 제외한 모든 포켓몬의\n공격을 약하게 만든다.
26,7,287,재앙의구슬,재앙을 부르는 곡옥의 힘으로\n자신을 제외한 모든 포켓몬의\n특수방어를 약하게 만든다.
26,7,288,진홍빛고동,등장했을 때 날씨를 맑음으로 만든다.\n햇살이 강하면 고대의 고동에 의해\n공격이 강화된다.
26,7,289,하드론엔진,등장했을 때 일렉트릭필드를 전개한다.\n일렉트릭필드일 때 미래 기관에 의해\n특수공격이 강화된다.
26,7,290,편승,상대의 능력이 올라가면\n자신도 편승해서\n똑같이 능력을 올린다.
26,7,291,되새김질,한 번에 한하여\n나무열매를 먹으면 다음 턴이 끝날 때\n위에서 꺼내서 또 먹는다.
26,7,292,예리함,상대를 베는 기술의\n위력이 올라간다.
26,7,293,총대장,등장했을 때 지금까지 쓰러진\n같은 편의 수가 많을수록\n조금씩 공격과 특수공격이 올라간다.
26,7,294,협연,등장했을 때\n같은 편의 능력 변화를 복사한다.
26,7,295,독치장,물리 기술로 데미지를 받으면\n상대의 발밑에\n독압정을 뿌린다.
26,7,296,테일아머,머리를 감싸고 있는 수수께끼의 꼬리가\n이쪽을 향한 선제 기술을\n사용할 수 없게 한다.
26,7,297,흙먹기,땅타입의 기술로 공격받으면\n데미지를 받지 않고 회복한다.
26,7,298,균사의힘,변화 기술을 사용할 때\n반드시 행동이 느려지지만\n상대 특성에 방해받지 않는다.
26,7,299,대접,등장했을 때 같은 편을 대접해서\nHP를 조금 회복시킨다.
26,7,300,심안,노말타입과 격투타입 기술을 고스트타입에게\n맞힐 수 있다. 상대의 회피율 변화를 무시하고\n명중률도 떨어지지 않는다.
26,7,301,초상투영,마음속에 깃든 추억의 힘으로\n벽록의가면을 빛나게 하여\n자신의 스피드를 올린다.
26,7,302,초상투영,마음속에 깃든 추억의 힘으로\n화덕의가면을 빛나게 하여\n자신의 공격을 올린다.
26,7,303,초상투영,마음속에 깃든 추억의 힘으로\n우물의가면을 빛나게 하여\n자신의 특수방어를 올린다.
26,7,304,초상투영,마음속에 깃든 추억의 힘으로\n주춧돌의가면을 빛나게 하여\n자신의 방어를 올린다.
26,7,305,독사슬,독소를 머금은 사슬의 힘으로\n기술에 맞은 상대를\n맹독 상태로 만들 때가 있다.
26,7,306,감미로운꿀,처음 등장했을 때\n감미로운 꿀의 향기를 흩뿌려서\n상대의 회피율을 떨어뜨린다.
26,7,307,테라체인지,등장했을 때\n주위의 에너지를 흡수하여\n테라스탈폼으로 변화한다.
26,7,308,테라셸,모든 타입의 힘이 담긴 등껍질이\nHP가 꽉 찼을 때 받는 데미지를 모두\n효과가 별로이게 만든다.
26,7,309,제로포밍,테라파고스가 스텔라폼이 되었을 때\n숨겨진 힘에 의해 날씨와 필드의 영향을\n모두 무효로 만든다.
26,7,310,독조종,복숭악동의 기술에 의해\n독 상태가 된 상대는\n혼란 상태도 되어 버린다.
26,8,1,あくしゅう,臭い　においを　放つことによって\n攻撃した　ときに　相手を\nひるませることが　ある。
26,8,2,あめふらし,登場　したときに\n天気を　雨に　する。
26,8,3,かそく,毎ターン　素早さが　上がる。
26,8,4,カブトアーマー,硬い　甲羅に　守られて\n相手の　攻撃が\n急所に　当たらない。
26,8,5,がんじょう,ＨＰが　満タンのとき　技を　受けても\n一撃で　倒されることが　ない。\n一撃必殺技も　効かない。
26,8,6,しめりけ,あたりを　湿らせることに　よって\nじばく　などの　爆発する　技を\nだれも　使えなくなる。
26,8,7,じゅうなん,柔軟な　体によって\nまひ状態に　ならない。
26,8,8,すながくれ,砂あらしの　とき\n回避率が　上がる。
26,8,9,せいでんき,静電気を　体に　まとい\n触った　相手を\nまひさせる　ことがある。
26,8,10,ちくでん,でんきタイプの　技を　受けると\nダメージを　受けずに　回復する。
26,8,11,ちょすい,みずタイプの　技を　受けると\nダメージを　受けずに　回復する。
26,8,12,どんかん,鈍感なので　メロメロや\nちょうはつ状態に　ならない。\nいかくにも　動じない。
26,8,13,ノーてんき,あらゆる　天気の　影響が\nなくなって　しまう。
26,8,14,ふくがん,複眼を　持っているため\n技の　命中率が　上がる。
26,8,15,ふみん,眠れない　体質　なので\nねむり状態に　ならない。
26,8,16,へんしょく,相手から　受けた　技の　タイプに\n自分の　タイプが　変化　する。
26,8,17,めんえき,体内に　免疫を　持っているため\nどく状態に　ならない。
26,8,18,もらいび,ほのおタイプの　技を　受けると\n炎を　もらい　自分が　出す\nほのおタイプの　技が　強くなる。
26,8,19,りんぷん,りんぷんに　守られて\n技の　追加効果を　受けなくなる。
26,8,20,マイペース,マイペースなので\nこんらん状態に　ならない。\nいかくにも　動じない。
26,8,21,きゅうばん,吸盤で　地面に　張り付き\nポケモンを　入れ替えさせる\n技や　道具が　効かなくなる。
26,8,22,いかく,登場　したとき　威嚇して\n相手を　萎縮させ\n相手の　攻撃を　下げて　しまう。
26,8,23,かげふみ,相手の　影を　踏み\n逃げたり　交代　できなくする。
26,8,24,さめはだ,攻撃を　受けたとき\n自分に　触れた　相手を\nざらざらの　肌で　キズつける。
26,8,25,ふしぎなまもり,効果バツグンの　技しか\n当たらない　不思議な　力。
26,8,26,ふゆう,地面から　浮くことによって\nじめんタイプの　技を　受けない。
26,8,27,ほうし,攻撃で　自分に　触れた　相手を\nどくや　まひや　ねむり状態に\nする　ことがある。
26,8,28,シンクロ,自分が　なってしまった\nどくや　まひや　やけどを\n相手に　うつす。
26,8,29,クリアボディ,相手の　技や　特性で\n能力を　下げられない。
26,8,30,しぜんかいふく,手持ちに　ひっこむと\n状態異常が　治る。
26,8,31,ひらいしん,でんきタイプの　技を　自分に\n寄せつけ　ダメージを　受けずに\n特攻が　上がる。
26,8,32,てんのめぐみ,天の恵みの　おかげで\n技の　追加効果が　でやすい。
26,8,33,すいすい,天気が　雨のとき\n素早さが　上がる。
26,8,34,ようりょくそ,天気が　晴れのとき\n素早さが　上がる。
26,8,35,はっこう,あたりを　明るくすることで\n命中率を　下げられない。
26,8,36,トレース,登場　したとき\n相手の　特性を　トレースして\n同じ　特性に　なる。
26,8,37,ちからもち,物理攻撃の\n威力が　２倍になる。
26,8,38,どくのトゲ,自分に　触った　相手を\nどく状態に　することがある。
26,8,39,せいしんりょく,鍛えられた　精神に　よって\n相手の　攻撃に　ひるまない。\nいかくにも　動じない。
26,8,40,マグマのよろい,熱い　マグマを　身にまとい\nこおり状態に　ならない。
26,8,41,みずのベール,水のベールを　身にまとい\nやけど状態に　ならない。
26,8,42,じりょく,はがねタイプの　ポケモンを\n磁力で　引きつけて\n逃げられなくする。
26,8,43,ぼうおん,音を　遮断することに　よって\n音の技を　受けない。
26,8,44,あめうけざら,天気が　雨のとき\n少しずつ　ＨＰを　回復する。
26,8,45,すなおこし,登場　したとき\n天気を　砂あらしにする。
26,8,46,プレッシャー,プレッシャーを　あたえて\n相手の　使う　技の　ＰＰを\n多く　減らす。
26,8,47,あついしぼう,厚い　脂肪で　守られているので\nほのおタイプと　こおりタイプの\n技の　ダメージを　半減させる。
26,8,48,はやおき,ねむり状態に　なっても\n２倍の　早さで\n目覚める　ことが　できる。
26,8,49,ほのおのからだ,自分に　触った　相手を\nやけど状態に　する　ことがある。
26,8,50,にげあし,野生の　ポケモンから\n必ず　逃げられる。
26,8,51,するどいめ,鋭い　目の　おかげで\n命中率を　下げられない。
26,8,52,かいりきバサミ,力自慢の　ハサミを　持っているので\n相手に　攻撃を　下げられない。
26,8,53,ものひろい,相手の　使った　道具を\n拾ってくることが　ある。\n冒険中も　拾ってくる。
26,8,54,なまけ,技を　出すと\n次の　ターンは　休んでしまう。
26,8,55,はりきり,自分の　攻撃が　高くなるが\n命中率が　下がる。
26,8,56,メロメロボディ,自分に　触った　相手を\nメロメロに　することが　ある。
26,8,57,プラス,プラスか　マイナスの　特性を　持つ\nポケモンが　仲間に　いると\n自分の　特攻が　上がる。
26,8,58,マイナス,プラスか　マイナスの　特性を　持つ\nポケモンが　仲間に　いると\n自分の　特攻が　上がる。
26,8,59,てんきや,天気の　影響を　受けて\nみずタイプ　ほのおタイプ　こおりタイプの\nどれかに　変化する。
26,8,60,ねんちゃく,粘着質の　体に\n道具が　くっついているため\n相手に　道具を　奪われない。
26,8,61,だっぴ,体の　皮を　脱ぎ捨てることで\n状態異常を\n治すことが　ある。
26,8,62,こんじょう,状態異常に　なると\n根性を　だして\n攻撃が　上がる。
26,8,63,ふしぎなうろこ,状態異常に　なると\n不思議なウロコが　反応して\n防御が　上がる。
26,8,64,ヘドロえき,ヘドロ液を　吸い取った　相手は\n強烈な　悪臭で\nダメージを　受けて　ＨＰを　減らす。
26,8,65,しんりょく,ＨＰが　減ったとき\nくさタイプの　技の\n威力が　上がる。
26,8,66,もうか,ＨＰが　減ったとき\nほのおタイプの　技の\n威力が　上がる。
26,8,67,げきりゅう,ＨＰが　減ったとき\nみずタイプの　技の\n威力が　上がる。
26,8,68,むしのしらせ,ＨＰが　減ったとき\nむしタイプの　技の\n威力が　上がる。
26,8,69,いしあたま,反動を　受ける　技を　出しても\nＨＰが　減らない。
26,8,70,ひでり,登場　したときに\n天気を　晴れに　する。
26,8,71,ありじごく,戦闘で　相手を\n逃げられなくする。
26,8,72,やるき,やる気を　だすことに　よって\nねむり状態に　ならない。
26,8,73,しろいけむり,白い煙に　守られて\n相手に　能力を　下げられない。
26,8,74,ヨガパワー,ヨガの　力で\n物理攻撃の　威力が\n２倍に　なる。
26,8,75,シェルアーマー,硬い　殻に　守られ\n相手の　攻撃が\n急所に　当たらない。
26,8,76,エアロック,あらゆる　天気の　影響が\n消えて　しまう。
26,8,77,ちどりあし,こんらん状態の　ときは\n回避率が　アップする。
26,8,78,でんきエンジン,でんきタイプの　技を　受けると\nダメージを　受けずに\n素早さが　上がる。
26,8,79,とうそうしん,性別が　同じだと\n闘争心を　燃やして　強くなる。\n性別が　違うと　弱くなる。
26,8,80,ふくつのこころ,ひるむ　たびに\n不屈の心を　燃やして\n素早さが　上がる。
26,8,81,ゆきがくれ,天気が　ゆきのとき\n回避率が　上がる。
26,8,82,くいしんぼう,ＨＰが　少なくなったら　食べる\nきのみを　ＨＰ　半分の\n時に　食べてしまう。
26,8,83,いかりのつぼ,急所に　攻撃が　当たると\n怒りくるって　攻撃力が\n最大に　なる。
26,8,84,かるわざ,持っていた　道具が　なくなると\n素早さが　上がる。
26,8,85,たいねつ,耐熱の　体に　よって\nほのおタイプの　技の\nダメージを　半減させる。
26,8,86,たんじゅん,能力　変化が\nいつもの　２倍に　なる。
26,8,87,かんそうはだ,天気が　雨の時や　みずタイプの\n技で　ＨＰが　回復し　はれの時や\nほのおタイプの　技で　減ってしまう。
26,8,88,ダウンロード,相手の　防御と　特防を　くらべて\n低い　ほうの　能力に　あわせて\n自分の　攻撃か　特攻を　上げる。
26,8,89,てつのこぶし,パンチを　使う　技の\n威力が　上がる。
26,8,90,ポイズンヒール,どく状態に　なると\nＨＰが　減らずに　増えていく。
26,8,91,てきおうりょく,自分と　おなじ　タイプの\n技の　威力が　上がる。
26,8,92,スキルリンク,連続技を　使うと　いつも\n最高回数　出すことが　できる。
26,8,93,うるおいボディ,天気が　雨のとき\n状態異常が　治る。
26,8,94,サンパワー,天気が　晴れると\n特攻が　上がるが\n毎ターン　ＨＰが　減る。
26,8,95,はやあし,状態異常に　なると\n素早さが　上がる。
26,8,96,ノーマルスキン,どんな　タイプの　技でも\nすべて　ノーマルタイプに　なる。\n威力が　少し　上がる。
26,8,97,スナイパー,攻撃を　急所に　当てると\n威力が　さらに　上がる。
26,8,98,マジックガード,攻撃　以外では\nダメージを　受けない。
26,8,99,ノーガード,ノーガード戦法に　よって\nお互いの　出す　技が\nかならず　当たる　ようになる。
26,8,100,あとだし,技を　出す　順番が\nかならず　最後に　なる。
26,8,101,テクニシャン,威力が　低い　技の\n威力を　高くして　攻撃できる。
26,8,102,リーフガード,天気が　晴れのときは\n状態異常に　ならない。
26,8,103,ぶきよう,持っている　道具を\n使うことが　できない。
26,8,104,かたやぶり,相手の　特性に\nジャマされる　ことなく　相手に\n技を　出すことが　できる。
26,8,105,きょううん,強運を　持っているため\n相手の　急所に\n攻撃が　当たりやすい。
26,8,106,ゆうばく,ひんしに　なったとき\n触った　相手に\nダメージを　あたえる。
26,8,107,きけんよち,相手の　持つ　危険な　技を\n察知する　ことができる。
26,8,108,よちむ,登場　したとき\n相手の　持つ　技を\nひとつだけ　読み取る。
26,8,109,てんねん,相手の　能力の　変化を\n無視して　攻撃が　できる。
26,8,110,いろめがね,効果が　いまひとつの　技を\n通常の　威力で\n出すことが　できる。
26,8,111,フィルター,効果バツグンに　なってしまう\n攻撃の　威力を\n弱める　ことが　できる。
26,8,112,スロースタート,５ターンの　あいだ\n攻撃と　素早さが\n半分に　なる。
26,8,113,きもったま,ノーマルタイプと　かくとうタイプの技を\nゴーストタイプに　当てることが　できる。\nいかくにも　動じない。
26,8,114,よびみず,みずタイプの　技を　自分に　よせつけ\nダメージは　受けずに　特攻が　上がる。
26,8,115,アイスボディ,天気が　ゆきのとき　ＨＰを\n少しずつ　回復　する。
26,8,116,ハードロック,効果バツグンに　なってしまう\n攻撃の　威力を\n弱める　ことが　できる。
26,8,117,ゆきふらし,登場　したときに\n天気を　ゆきに　する。
26,8,118,みつあつめ,戦闘が　終わったとき\nあまいミツを　拾うことが　ある。
26,8,119,おみとおし,登場　したとき\n相手の　持ち物を\n見通すことが　できる。
26,8,120,すてみ,反動で　ダメージを\n受ける　技の　威力が　上がる。
26,8,121,マルチタイプ,持っている　プレートによって\n自分の　タイプが　変わる。
26,8,122,フラワーギフト,天気が　晴れのとき\n自分と　味方の　攻撃と\n特防の　能力が　上がる。
26,8,123,ナイトメア,ねむり状態の　相手に\nダメージを　あたえる。
26,8,124,わるいてぐせ,触られた　相手の　道具を\n盗んで　しまう。
26,8,125,ちからずく,技の　追加効果は　なくなるが\nそのぶん　高い　威力で\n技を　出すことが　できる。
26,8,126,あまのじゃく,能力の　変化が　逆転して\n上がるときに　下がり\n下がるときに　上がる。
26,8,127,きんちょうかん,相手を　緊張させて\nきのみを　食べられなく　させる。
26,8,128,まけんき,相手に　能力を　下げられると\n攻撃が　ぐーんと　上がる。
26,8,129,よわき,ＨＰが　半分に　なると\n弱気に　なって　攻撃と\n特攻が　半減する。
26,8,130,のろわれボディ,攻撃を　受けると　相手の　技を\nかなしばり状態に\nすることが　ある。
26,8,131,いやしのこころ,状態異常の　味方を\nたまに　治してあげる。
26,8,132,フレンドガード,味方の　ダメージを\n減らすことが　できる。
26,8,133,くだけるよろい,物理技で　ダメージを　受けると\n防御が　下がり\n素早さが　ぐーんと　上がる。
26,8,134,ヘヴィメタル,自分の　重さが\n２倍に　なる。
26,8,135,ライトメタル,自分の　重さが\n半分に　なる。
26,8,136,マルチスケイル,ＨＰが　満タンの　ときに\n受ける　ダメージが　少なくなる。
26,8,137,どくぼうそう,どく状態に　なったとき\n物理技の　威力が　上がる。
26,8,138,ねつぼうそう,やけど状態に　なったとき\n特殊技の　威力が　上がる。
26,8,139,しゅうかく,使った　きのみを\n何回も　作りだす。
26,8,140,テレパシー,味方の　攻撃を　読み取って\n技を　回避する。
26,8,141,ムラっけ,毎ターン　能力の　どれかが\nぐーんと　上がって　どれかが　下がる。
26,8,142,ぼうじん,すなあらしの　ダメージを　受けない。\n粉や　胞子の　影響も　受けない。
26,8,143,どくしゅ,触る　だけで　相手を\nどく　状態に　することがある。
26,8,144,さいせいりょく,手持ちに　引っ込むと\nＨＰが　少し　回復する。
26,8,145,はとむね,防御を　下げる\n効果を　受けない。
26,8,146,すなかき,天気が　すなあらし　のとき\n素早さが　上がる。
26,8,147,ミラクルスキン,変化技を　受けにくい\n体に　なっている。
26,8,148,アナライズ,いちばん　最後に　技を　出すと\n技の　威力が　上がる。
26,8,149,イリュージョン,手持ちの　いちばん　うしろに　いる\nポケモンに　なりきって　登場して\n相手を　化かす。
26,8,150,かわりもの,目の前の　ポケモンに\n変身　してしまう。
26,8,151,すりぬけ,相手の　壁や　身代わりを\nすりぬけて　攻撃　できる。
26,8,152,ミイラ,相手に　触られると\n相手を　ミイラに　してしまう。
26,8,153,じしんかじょう,相手を　倒すと\n自信が　ついて\n攻撃が　上がる。
26,8,154,せいぎのこころ,あくタイプの　攻撃を　受けると\n正義感で　攻撃が　上がる。
26,8,155,びびり,あく　ゴースト　むしタイプの\n攻撃を　受けたり　いかくを　されると\nびびって　素早さが　上がる。
26,8,156,マジックミラー,相手に　だされた　変化技を　受けずに\nそのまま　返す　ことが　できる。
26,8,157,そうしょく,くさタイプの　技を　受けると\nダメージを　受けずに\n攻撃が　上がる。
26,8,158,いたずらごころ,変化技を　先制で\n出すことが　できる。
26,8,159,すなのちから,天気が　すなあらしの　とき\nいわタイプと　じめんタイプと\nはがねタイプの　威力が　上がる。
26,8,160,てつのトゲ,自分に　触った　相手に\n鉄のトゲで　ダメージを　あたえる。
26,8,161,ダルマモード,ＨＰが　半分　以下に　なると\n姿が　変化する。
26,8,162,しょうりのほし,自分や　味方の\n命中率が　上がる。
26,8,163,ターボブレイズ,相手の　特性に　ジャマされず\n相手に　技を　出すことが　できる。
26,8,164,テラボルテージ,相手の　特性に　ジャマされず\n相手に　技を　出すことが　できる。
26,8,165,アロマベール,自分と　味方への　メンタル\n攻撃を　防ぐことが　できる。
26,8,166,フラワーベール,味方の　草ポケモンは\n能力が　下がらず\n状態異常にも　ならない。
26,8,167,ほおぶくろ,どんな　きのみでも\n食べると　ＨＰも　回復する。
26,8,168,へんげんじざい,戦闘に　出るたび　１回だけ\n自分が　出す　技と\n同じ　タイプに　変化する。
26,8,169,ファーコート,相手から　受ける　物理技の\nダメージが　半分に　なる。
26,8,170,マジシャン,技を　当てた　相手の\n道具を　奪ってしまう。
26,8,171,ぼうだん,相手の　弾や　爆弾などの\n技を　防ぐことが　できる。
26,8,172,かちき,相手に　能力を　下げられると\n特攻が　ぐーんと　上がる。
26,8,173,がんじょうあご,あごが　頑丈で\n噛む　技の　威力が\n高くなる。
26,8,174,フリーズスキン,ノーマルタイプの　技が\nこおりタイプに　なる。\n威力が　少し　上がる。
26,8,175,スイートベール,自分と　味方の　ポケモンは\n眠らなくなる。
26,8,176,バトルスイッチ,攻撃技を　出すと　ブレードフォルムに\n技　キングシールドを　出すと\nシールドフォルムに　変化する。
26,8,177,はやてのつばさ,ＨＰが　満タン　だと\nひこうタイプの　技を\n先制で　出すことが　できる。
26,8,178,メガランチャー,波動の　技の\n威力が　高くなる。
26,8,179,くさのけがわ,グラスフィールドのとき\n防御が　上がる。
26,8,180,きょうせい,味方が　道具を　使うと\n自分の　持っている　道具を\n味方に　渡す。
26,8,181,かたいツメ,相手に　接触する　技の\n威力が　高くなる。
26,8,182,フェアリースキン,ノーマルタイプの　技が\nフェアリータイプになる。\n威力が　少し　上がる。
26,8,183,ぬめぬめ,攻撃で　自分に　触れた　相手の\n素早さを　下げる。
26,8,184,スカイスキン,ノーマルタイプの　技が\nひこうタイプになる。\n威力が　少し　上がる。
26,8,185,おやこあい,親子　２匹で　２回\n攻撃することが　できる。
26,8,186,ダークオーラ,全員の　あくタイプの\n技が　強くなる。
26,8,187,フェアリーオーラ,全員の　フェアリータイプの\n技が　強くなる。
26,8,188,オーラブレイク,オーラの　効果を　逆転させて\n威力を　下げる。
26,8,189,はじまりのうみ,ほのおタイプの　攻撃を\n受けない　天気にする。
26,8,190,おわりのだいち,みずタイプの　攻撃を\n受けない　天気にする。
26,8,191,デルタストリーム,ひこうタイプの　弱点が\nなくなる　天気にする。
26,8,192,じきゅうりょく,攻撃を　受けると\n防御が　上がる。
26,8,193,にげごし,ＨＰが　半分に　なると\nあわてて　逃げ出して\n手持ちに　引っ込んで　しまう。
26,8,194,ききかいひ,ＨＰが　半分に　なると\n危険を　回避するため\n手持ちに　引っ込んで　しまう。
26,8,195,みずがため,みずタイプの　技を　受けると\n防御が　ぐーんと　上がる。
26,8,196,ひとでなし,どく状態の\n相手を　攻撃すると\nかならず　急所に　当たる。
26,8,197,リミットシールド,ＨＰが　半分に　なると\n殻が　壊れて\n攻撃的に　なる。
26,8,198,はりこみ,交代で　出てきた　相手に\n２倍の　ダメージで　攻撃　できる。
26,8,199,すいほう,自分に　対する　ほのおタイプの\n技の　威力を　下げる。\nやけど　しない。
26,8,200,はがねつかい,はがねタイプの　技の\n威力が　上がる。
26,8,201,ぎゃくじょう,相手の　攻撃で\nＨＰが　半分に　なると\n特攻が　上がる。
26,8,202,ゆきかき,天気が　ゆき　のとき\n素早さが　上がる。
26,8,203,えんかく,すべての　技を\n相手に　接触　しないで\n出すことが　できる。
26,8,204,うるおいボイス,すべての　音技が\nみずタイプに　なる。
26,8,205,ヒーリングシフト,回復技を　先制で\n出すことが　できる。
26,8,206,エレキスキン,ノーマルタイプの　技が\nでんきタイプになる。\n威力が　少し　上がる。
26,8,207,サーフテール,エレキフィールド　のとき\n素早さが　２倍に　なる。
26,8,208,ぎょぐん,ＨＰが　多いときは　群れて　強くなる。\nＨＰの　残りが　少なくなると\n群れは　散り散りに　なってしまう。
26,8,209,ばけのかわ,体を　被う　化けの皮で\n１回　攻撃を　防ぐことが　できる。
26,8,210,きずなへんげ,相手を　倒すと　トレーナーとの\nキズナが　深まり　自分の\n攻撃　特攻　素早さが　上がる。
26,8,211,スワームチェンジ,ＨＰが　半分に　なると\nセルたちが　応援に　駆けつけ\nパーフェクトフォルムに　姿を　変える。
26,8,212,ふしょく,はがねタイプや　どくタイプも\nどく状態に　することが　できる。
26,8,213,ぜったいねむり,つねに　夢うつつの　状態で\n絶対に　目覚めない。\n眠ったまま　攻撃が　できる。
26,8,214,じょおうのいげん,相手に　威圧感を　あたえ\nこちらに　むかって　先制技を\n出せない　ようにする。
26,8,215,とびだすなかみ,相手に　倒されたとき\nＨＰの　残りの　ぶんだけ\n相手に　ダメージを　あたえる。
26,8,216,おどりこ,だれかが　踊り技を　使うと\n自分も　それに　続いて\n踊り技を　出すことが　できる。
26,8,217,バッテリー,味方の　特殊技の\n威力を　上げる。
26,8,218,もふもふ,相手から　受けた　接触する　技の\nダメージを　半減するが　ほのおタイプの\n技の　ダメージは　２倍になる。
26,8,219,ビビッドボディ,相手を　びっくり　させて\nこちらに　むかって　先制技を\n出せない　ようにする。
26,8,220,ソウルハート,ポケモンが　ひんしに　なるたびに\n特攻が　上がる。
26,8,221,カーリーヘアー,攻撃で　自分に　触れた　相手の\n素早さを　下げる。
26,8,222,レシーバー,倒された　味方の　特性を\n受け継いで　同じ　特性に　なる。
26,8,223,かがくのちから,倒された　味方の　特性を　受け継ぎ\n同じ　特性に　変わる。
26,8,224,ビーストブースト,相手を　倒したとき\n自分の　いちばん　高い\n能力が　上がる。
26,8,225,ＡＲシステム,持っている　メモリで\n自分の　タイプが　変わる。
26,8,226,エレキメイカー,登場　したときに\nエレキフィールドを　はりめぐらせる。
26,8,227,サイコメイカー,登場　したときに\nサイコフィールドを　はりめぐらせる。
26,8,228,ミストメイカー,登場　したときに\nミストフィールドを　はりめぐらせる。
26,8,229,グラスメイカー,登場　したときに\nグラスフィールドを　はりめぐらせる。
26,8,230,メタルプロテクト,相手の　技や　特性で\n能力を　下げられない。
26,8,231,ファントムガード,ＨＰが　満タンの　ときに\n受ける　ダメージが　少なくなる。
26,8,232,プリズムアーマー,効果バツグンに　なってしまう\n攻撃の　威力を\n弱める　ことが　できる。
26,8,233,ブレインフォース,効果バツグンの　攻撃で\n威力が　さらに　上がる。
26,8,234,ふとうのけん,最初に　登場　したとき\n攻撃が　上がる。
26,8,235,ふくつのたて,最初に　登場　したとき\n防御が　上がる。
26,8,236,リベロ,戦闘に　出るたび　１回だけ\n自分が　出す　技と\n同じ　タイプに　変化する。
26,8,237,たまひろい,道具を　持っていない　場合\n１回目に　投げて　失敗　した\nモンスターボールを　拾ってくる。
26,8,238,わたげ,攻撃を　受けると　わたげを　ばらまいて\n自分以外の　ポケモン　すべての\n素早さを　下げる。
26,8,239,スクリューおびれ,相手の　技を　引き受ける\n特性や　技の\n影響を　無視　できる。
26,8,240,ミラーアーマー,自分が　受けた\n能力　ダウンの\n効果　だけを　跳ね返す。
26,8,241,うのミサイル,なみのりか　ダイビングを　すると\n獲物を　くわえてくる。　ダメージを\n受けると　獲物を　吐きだして　攻撃。
26,8,242,すじがねいり,相手の　技を　引き受ける\n特性や　技の\n影響を　無視　できる。
26,8,243,じょうききかん,みずタイプ　ほのおタイプの\n技を　受けると\n素早さが　ぐぐーんと　上がる。
26,8,244,パンクロック,音技の　威力が　上がる。\n受けた　音技の\nダメージは　半分に　なる。
26,8,245,すなはき,攻撃を　受けると\n砂あらしを　起こす。
26,8,246,こおりのりんぷん,こおりのりんぷんに　守られて\n特殊攻撃で　受ける\nダメージが　半減　する。
26,8,247,じゅくせい,熟成　させることで\nきのみの　効果が\n倍に　なる。
26,8,248,アイスフェイス,物理攻撃は　頭の　氷が\nみがわりに　なるが　姿も　変わる。\n氷は　ゆきが　降ると　元に戻る。
26,8,249,パワースポット,隣に　いるだけで\n技の　威力が　上がる。
26,8,250,ぎたい,フィールドの　状態に　あわせて\nポケモンの　タイプが　変わる。
26,8,251,バリアフリー,登場　したときに　敵と　味方の\nひかりのかべ　リフレクター\nオーロラベールの　効果が　消える。
26,8,252,はがねのせいしん,味方の　はがねタイプの\n攻撃の　威力が　上がる。
26,8,253,ほろびのボディ,接触する　技を　受けると\nお互い　３ターン　たつと　ひんしになる。\n交代すると　効果は　なくなる。
26,8,254,さまようたましい,接触する　技で\n攻撃　してきた　ポケモンと\n特性を　入れ替える。
26,8,255,ごりむちゅう,攻撃は　上がるが\n最初に　選んだ\n技しか　出せなくなる。
26,8,256,かがくへんかガス,かがくへんかガスの　ポケモンが　場にいると\nすべての　ポケモンの　特性の\n効果が　消えたり　発動　しなくなる。
26,8,257,パステルベール,自分も　味方も\nどくの　状態異常を\n受けなくなる。
26,8,258,はらぺこスイッチ,ターンの　終わりに　まんぷくもよう\nはらぺこもよう　まんぷくもよう……と\n交互に　姿を　変える。
26,8,259,クイックドロウ,相手より　先に\n行動できることが　ある。
26,8,260,ふかしのこぶし,相手に　接触する　技なら\n守りの　効果を\n無視して　攻撃することが　できる。
26,8,261,きみょうなくすり,登場　したときに\n貝がらから　薬を　振りまいて\n味方の　能力変化を　元に戻す。
26,8,262,トランジスタ,でんきタイプの　技の\n威力が　上がる。
26,8,263,りゅうのあぎと,ドラゴンタイプの　技の\n威力が　上がる。
26,8,264,しろのいななき,相手を　倒すと\n冷たい　声で　いなないて\n攻撃が　上がる。
26,8,265,くろのいななき,相手を　倒すと\n恐ろしい　声で　いなないて\n特攻が　上がる。
26,8,266,じんばいったい,バドレックスの　きんちょうかんと\nブリザポスの　しろのいななきの\n二つの　特性を　あわせ持つ。
26,8,267,じんばいったい,バドレックスの　きんちょうかんと\nレイスポスの　くろのいななきの\n二つの　特性を　あわせ持つ。
26,8,268,とれないにおい,相手に　触られると\nとれないにおいが\n相手に　うつってしまう。
26,8,269,こぼれダネ,攻撃を　受けると\nグラスフィールドに　する。
26,8,270,ねつこうかん,ほのおタイプの　技を　受けると\n攻撃が　上がる。\nやけど状態に　ならない。
26,8,271,いかりのこうら,相手の攻撃で　ＨＰが　半分に　なると\n怒りで　防御と　特防が　下がるが\n攻撃　特攻　素早さが　上がる。
26,8,272,きよめのしお,清らかな塩で　状態異常に　ならない。\nゴーストタイプの　技の\nダメージを　半減させる。
26,8,273,こんがりボディ,ほのおタイプの　技を　受けると\nダメージを　受けずに\n防御が　ぐーんと　上がる。
26,8,274,かぜのり,おいかぜが　吹いたり　風技を　受けると\nダメージを　受けずに\n攻撃が　上がる。
26,8,275,ばんけん,いかく　されると　攻撃が　上がる。\nポケモンを　入れ替えさせる\n技や　道具が　効かない。
26,8,276,いわはこび,いわタイプの　技の\n威力が　上がる。
26,8,277,ふうりょくでんき,風技を　受けると\nじゅうでん　状態に　なる。
26,8,278,マイティチェンジ,手持ちに　ひっこむと\nマイティフォルムに　変化する。
26,8,279,しれいとう,登場したとき　味方に\nヘイラッシャが　いると　口の中に\n入って　そこから　指令を　だす。
26,8,280,でんきにかえる,ダメージを　受けると\nじゅうでん　状態に　なる。
26,8,281,こだいかっせい,ブーストエナジーを　持たせるか\n天気が　晴れのとき\nいちばん　高い能力が　上がる。
26,8,282,クォークチャージ,ブーストエナジーを　持たせるか\nエレキフィールドのとき\nいちばん　高い能力が　上がる。
26,8,283,おうごんのからだ,酸化せず　丈夫な　黄金の体は\n相手からの　変化技を　受けない。
26,8,284,わざわいのうつわ,災厄を　呼ぶ　器の力で\n自分以外の　特攻が　弱くなる。
26,8,285,わざわいのつるぎ,災厄を　呼ぶ　剣の力で\n自分以外の　防御が　弱くなる。
26,8,286,わざわいのおふだ,災厄を　呼ぶ　木札の力で\n自分以外の　攻撃が　弱くなる。
26,8,287,わざわいのたま,災厄を　呼ぶ　勾玉の力で\n自分以外の　特防が　弱くなる。
26,8,288,ひひいろのこどう,登場したとき　天気を　晴れにする。\n日差しが　強いと　古代の\n鼓動により　攻撃が　高まる。
26,8,289,ハドロンエンジン,登場したとき　エレキフィールドを　はる。\nエレキフィールドだと　未来の\n機関により　特攻が　高まる。
26,8,290,びんじょう,相手の　能力が　上がったとき\n自分も　便乗して\n同じように　能力を　上げる。
26,8,291,はんすう,きのみを　食べると\n次のターンの　終わりに　胃から\n出して　もう１回だけ　食べる。
26,8,292,きれあじ,相手を　切る技の\n威力が　上がる。
26,8,293,そうだいしょう,登場したとき　今まで　倒された\n味方の　数が　多いほど\n少しずつ　攻撃と　特攻が　上がる。
26,8,294,きょうえん,登場　したときに\n味方の　能力変化を　コピーする。
26,8,295,どくげしょう,物理技で　ダメージを　受けると\n相手の　足下に\nどくびしが　ちらばる。
26,8,296,テイルアーマー,頭を包む　謎のしっぽが\nこちらに　むかって　先制技を\n出せない　ようにする。
26,8,297,どしょく,じめんタイプの　技を　受けると\nダメージを　受けずに　回復する。
26,8,298,きんしのちから,変化技を　出すとき\n必ず　行動が　遅くなるが\n相手の　特性に　ジャマされない。
26,8,299,おもてなし,登場したとき　味方を　もてなして\nＨＰを　少しだけ　回復してあげる。
26,8,300,しんがん,ノーマル　かくとうタイプの技を　ゴーストタイプに\n当てることが　できる。　相手の　回避率の\n変化を　無視し　命中率も　下げられない。
26,8,301,おもかげやどし,思い出を　心に　宿すことで\nみどりのめんを　かがやかせ\n自分の　素早さを　上げる。
26,8,302,おもかげやどし,思い出を　心に　宿すことで\nかまどのめんを　かがやかせ\n自分の　攻撃を　上げる。
26,8,303,おもかげやどし,思い出を　心に　宿すことで\nいどのめんを　かがやかせ\n自分の　特防を　上げる。
26,8,304,おもかげやどし,思い出を　心に　宿すことで\nいしずえのめんを　かがやかせ\n自分の　防御を　上げる。
26,8,305,どくのくさり,毒素を　ふくんだ　鎖の力で\n技を　当てた　相手を\n猛毒の状態に　することが　ある。
26,8,306,かんろなミツ,最初に　登場　したとき\n甘ったるい　蜜の香りを　ふりまいて\n相手の　回避率を　下げる。
26,8,307,テラスチェンジ,登場したとき　周囲の\nエネルギーを　吸収し\nテラスタルフォルムに　変化する。
26,8,308,テラスシェル,全タイプの力を　秘めた甲羅は\nＨＰが　満タンの　ときに　受ける\nダメージを　すべて　今ひとつに　する。
26,8,309,ゼロフォーミング,テラパゴスが　ステラフォルムに　なったとき\n秘められた力で　天気と　フィールドの\n影響を　すべて　ゼロにする。
26,8,310,どくくぐつ,モモワロウの　技によって\nどく状態に　なった　相手は\nこんらん状態にも　なってしまう。
26,9,1,恶臭,通过释放臭臭的气味，\n在攻击的时候，\n有时会使对手畏缩。
26,9,2,降雨,出场时，\n会将天气变为下雨。
26,9,3,加速,每一回合速度会变快。
26,9,4,战斗盔甲,被坚硬的甲壳守护着，\n不会被对手的攻击击中要害。
26,9,5,结实,在ＨＰ全满时，即使受到招式攻击，\n也不会被一击打倒。\n一击必杀的招式也没有效果。
26,9,6,湿气,通过把周围都弄湿，\n使谁都无法使用玉石俱碎等爆炸类的招式。
26,9,7,柔软,因为身体柔软，\n不会变为麻痹状态。
26,9,8,沙隐,在沙暴的时候，\n闪避率会提高。
26,9,9,静电,身上带有静电，\n有时会让接触到的对手麻痹。
26,9,10,蓄电,受到电属性的招式攻击时，\n不会受到伤害，而是会回复。
26,9,11,储水,受到水属性的招式攻击时，\n不会受到伤害，而是会回复。
26,9,12,迟钝,因为感觉迟钝，\n不会变为着迷和被挑衅状态。\n对威吓也毫不动摇。
26,9,13,无关天气,任何天气的影响都会消失。
26,9,14,复眼,因为拥有复眼，\n招式的命中率会提高。
26,9,15,不眠,因为有着睡不着的体质，\n所以不会陷入睡眠状态。
26,9,16,变色,自己的属性会变为\n从对手处所受招式的属性。
26,9,17,免疫,因为体内拥有免疫能力，\n不会变为中毒状态。
26,9,18,引火,受到火属性的招式攻击时，\n吸收火焰，自己使出的\n火属性招式会变强。
26,9,19,鳞粉,被鳞粉守护着，\n不会受到招式的追加效果影响。
26,9,20,我行我素,因为我行我素，\n不会变为混乱状态。\n对威吓也毫不动摇。
26,9,21,吸盘,用吸盘牢牢贴在地面上，\n让替换宝可梦的招式和道具无效。
26,9,22,威吓,出场时威吓对手，\n让其退缩，\n降低对手的攻击。
26,9,23,踩影,踩住对手的影子\n使其无法逃走或替换。
26,9,24,粗糙皮肤,受到攻击时，\n用粗糙的皮肤弄伤\n接触到自己的对手。
26,9,25,神奇守护,不可思议的力量，\n只有效果绝佳的招式才能击中。
26,9,26,飘浮,从地面浮起，\n从而不会受到地面属性招式的攻击。
26,9,27,孢子,受到攻击时，\n有时会把接触到自己的对手\n变为中毒、麻痹或睡眠状态。
26,9,28,同步,将自己的中毒、麻痹\n或灼伤状态传染给对手。
26,9,29,恒净之躯,不会因为对手的招式或特性\n而被降低能力。
26,9,30,自然回复,回到同行队伍后，\n异常状态就会被治愈。
26,9,31,避雷针,将电属性的招式吸引到自己身上，\n不会受到伤害，而是会提高特攻。
26,9,32,天恩,托天恩的福，\n招式的追加效果容易出现。
26,9,33,悠游自如,下雨天气时，\n速度会提高。
26,9,34,叶绿素,晴朗天气时，\n速度会提高。
26,9,35,发光,通过让周围变亮\n来保持命中率不会被降低。
26,9,36,复制,出场时，复制对手的特性，\n变为与之相同的特性。
26,9,37,大力士,物理攻击的威力会变为２倍。
26,9,38,毒刺,有时会让接触到自己的\n对手变为中毒状态。
26,9,39,精神力,拥有经过锻炼的精神，\n而不会因对手的攻击而畏缩。\n对威吓也毫不动摇。
26,9,40,熔岩铠甲,将炽热的熔岩覆盖在身上，\n不会变为冰冻状态。
26,9,41,水幕,将水幕裹在身上，\n不会变为灼伤状态。
26,9,42,磁力,用磁力吸住钢属性的宝可梦，\n使其无法逃走。
26,9,43,隔音,通过屏蔽声音，\n不受到声音招式的影响。
26,9,44,雨盘,下雨天气时，\n会缓缓回复ＨＰ。
26,9,45,扬沙,出场时，\n会把天气变为沙暴。
26,9,46,压迫感,给予对手压迫感，\n大量减少其使用招式的ＰＰ。
26,9,47,厚脂肪,因为被厚厚的脂肪保护着，\n会让火属性和冰属性的招式伤害减半。
26,9,48,早起,即使变为睡眠状态，\n也能以２倍的速度提早醒来。
26,9,49,火焰之躯,有时会让接触到自己的\n对手变为灼伤状态。
26,9,50,逃跑,一定能从野生宝可梦\n那儿逃走。
26,9,51,锐利目光,多亏了锐利的目光，\n命中率不会被降低。
26,9,52,怪力钳,因为拥有以力量自豪的钳子，\n不会被对手降低攻击。
26,9,53,捡拾,有时会捡来对手用过的道具，\n冒险过程中也会捡到。
26,9,54,懒惰,如果使出招式，\n下一回合就会休息。
26,9,55,活力,自己的攻击变高，\n但命中率会降低。
26,9,56,迷人之躯,有时会让接触到自己的对手着迷。
26,9,57,正电,出场的伙伴之间\n如果有正电或负电特性的宝可梦，\n自己的特攻会提高。
26,9,58,负电,出场的伙伴之间\n如果有正电或负电特性的宝可梦，\n自己的特攻会提高。
26,9,59,阴晴不定,受天气的影响，\n会变为水属性、火属性\n或冰属性中的某一个。
26,9,60,黏着,因为道具是粘在黏性身体上的，\n所以不会被对手夺走。
26,9,61,蜕皮,通过蜕去身上的皮，\n有时会治愈异常状态。
26,9,62,毅力,如果变为异常状态，\n会拿出毅力，\n攻击会提高。
26,9,63,神奇鳞片,如果变为异常状态，\n神奇鳞片会发生反应，\n防御会提高。
26,9,64,污泥浆,吸收了污泥浆的对手\n会因强烈的恶臭\n而受到伤害，减少ＨＰ。
26,9,65,茂盛,ＨＰ减少的时候，\n草属性的招式威力会提高。
26,9,66,猛火,ＨＰ减少的时候，\n火属性的招式威力会提高。
26,9,67,激流,ＨＰ减少的时候，\n水属性的招式威力会提高。
26,9,68,虫之预感,ＨＰ减少的时候，\n虫属性的招式威力会提高。
26,9,69,坚硬脑袋,即使使出会受反作用力伤害的招式，\nＨＰ也不会减少。
26,9,70,日照,出场时，\n会将天气变为晴朗。
26,9,71,沙穴,在战斗中让对手无法逃走。
26,9,72,干劲,通过激发出干劲，\n不会变为睡眠状态。
26,9,73,白色烟雾,被白色烟雾保护着，\n不会被对手降低能力。
26,9,74,瑜伽之力,因瑜伽的力量，\n物理攻击的威力会变为２倍。
26,9,75,硬壳盔甲,被坚硬的壳保护着，\n对手的攻击不会击中要害。
26,9,76,气闸,所有天气的影响都会消失。
26,9,77,蹒跚,在混乱状态时，\n闪避率会提高。
26,9,78,电气引擎,受到电属性的招式攻击时，\n不会受到伤害，而是速度会提高。
26,9,79,斗争心,面对性别相同的对手，\n会燃起斗争心，变得更强。\n而面对性别不同的，则会变弱。
26,9,80,不屈之心,每次畏缩时，\n不屈之心就会燃起，\n速度也会提高。
26,9,81,雪隐,下雪天气时，\n闪避率会提高。
26,9,82,贪吃鬼,原本ＨＰ变得很少时才会吃树果，\n在ＨＰ还有一半时就会把它吃掉。
26,9,83,愤怒穴位,要害被击中时，\n会大发雷霆，\n攻击力变为最大。
26,9,84,轻装,失去所持有的道具时，\n速度会提高。
26,9,85,耐热,耐热的体质会\n让火属性的招式伤害减半。
26,9,86,单纯,能力变化会变为平时的２倍。
26,9,87,干燥皮肤,下雨天气时和受到水属性的招式时，\nＨＰ会回复。晴朗天气时和受到火属性的\n招式时，ＨＰ会减少。
26,9,88,下载,比较对手的防御和特防，\n根据较低的那项能力\n相应地提高自己的攻击或特攻。
26,9,89,铁拳,使用拳类招式的威力会提高。
26,9,90,毒疗,变为中毒状态时，\nＨＰ不会减少，反而会增加起来。
26,9,91,适应力,与自身同属性的招式\n威力会提高。
26,9,92,连续攻击,如果使用连续招式，\n总是能使出最高次数。
26,9,93,湿润之躯,下雨天气时，\n异常状态会治愈。
26,9,94,太阳之力,晴朗天气时，\n特攻会提高，\n而每回合ＨＰ会减少。
26,9,95,飞毛腿,变为异常状态时，\n速度会提高。
26,9,96,一般皮肤,无论是什么属性的招式，\n全部会变为一般属性。\n威力会少量提高。
26,9,97,狙击手,击中要害时，\n威力会变得更强。
26,9,98,魔法防守,不会受到攻击以外的伤害。
26,9,99,无防守,由于无防守战术，\n双方使出的招式都必定会击中。
26,9,100,慢出,使出招式的顺序\n必定会变为最后。
26,9,101,技术高手,攻击时可以将\n低威力招式的威力提高。
26,9,102,叶子防守,晴朗天气时，\n不会变为异常状态。
26,9,103,笨拙,无法使用持有的道具。
26,9,104,破格,可以不受对手特性的干扰，\n向对手使出招式。
26,9,105,超幸运,因为拥有超幸运，\n攻击容易击中对手的要害。
26,9,106,诱爆,变为昏厥时，\n会对接触到自己的对手造成伤害。
26,9,107,危险预知,可以察觉到\n对手拥有的危险招式。
26,9,108,预知梦,出场时，\n只读取１个对手拥有的招式。
26,9,109,纯朴,可以无视对手能力的变化，\n进行攻击。
26,9,110,有色眼镜,可以将效果不好的招式\n以通常的威力使出。
26,9,111,过滤,受到效果绝佳的攻击时，\n可以减弱其威力。
26,9,112,慢启动,在５回合内，\n攻击和速度减半。
26,9,113,胆量,一般属性和格斗属性的招式\n可以击中幽灵属性的宝可梦。\n对威吓也毫不动摇。
26,9,114,引水,将水属性的招式引到自己身上，\n不会受到伤害，而是会提高特攻。
26,9,115,冰冻之躯,下雪天气时，\n会缓缓回复ＨＰ。
26,9,116,坚硬岩石,受到效果绝佳的攻击时，\n可以减弱其威力。
26,9,117,降雪,出场时，\n会将天气变为下雪。
26,9,118,采蜜,战斗结束时，\n有时候会捡来甜甜蜜。
26,9,119,察觉,出场时，\n可以察觉对手的持有物。
26,9,120,舍身,自己会因反作用力受伤的招式，\n其威力会提高。
26,9,121,多属性,自己的属性会根据\n持有的石板而改变。
26,9,122,花之礼,晴朗天气时，\n自己与同伴的攻击和\n特防能力会提高。
26,9,123,梦魇,给予睡眠状态的对手伤害。
26,9,124,顺手牵羊,盗取接触到自己的\n对手的道具。
26,9,125,强行,招式的追加效果消失，\n但因此能以更高的威力使出招式。
26,9,126,唱反调,能力的变化发生逆转，\n原本提高时会降低，\n而原本降低时会提高。
26,9,127,紧张感,让对手紧张，\n使其无法食用树果。
26,9,128,不服输,被对手降低能力时，\n攻击会大幅提高。
26,9,129,软弱,ＨＰ减半时，\n会变得软弱，\n攻击和特攻会减半。
26,9,130,咒术之躯,受到攻击时，\n有时会把对手的招式\n变为定身法状态。
26,9,131,治愈之心,有时会治愈异常状态的同伴。
26,9,132,友情防守,可以减少我方的伤害。
26,9,133,碎裂铠甲,受到物理招式的伤害时，\n防御会降低，\n速度会大幅提高。
26,9,134,重金属,自身的重量会变为２倍。
26,9,135,轻金属,自身的重量会减半。
26,9,136,多重鳞片,ＨＰ全满时，\n受到的伤害会变少。
26,9,137,中毒激升,变为中毒状态时，\n物理招式的威力会提高。
26,9,138,受热激升,变为灼伤状态时，\n特殊招式的威力会提高。
26,9,139,收获,可以多次制作出\n已被使用掉的树果。
26,9,140,心灵感应,读取我方的攻击，\n并闪避其招式伤害。
26,9,141,心情不定,每一回合，能力中的某项\n会大幅提高，而某项会降低。
26,9,142,防尘,不会受到沙暴的伤害。也不会\n受到粉末类和孢子类招式的影响。
26,9,143,毒手,只通过接触就有可能\n让对手变为中毒状态。
26,9,144,再生力,退回同行队伍后，\nＨＰ会少量回复。
26,9,145,健壮胸肌,不会受到防御降低的效果。
26,9,146,拨沙,沙暴天气时，\n速度会提高。
26,9,147,奇迹皮肤,成为不易受到变化招式\n攻击的身体。
26,9,148,分析,如果在最后使出招式，\n招式的威力会提高。
26,9,149,幻觉,假扮成同行队伍中的\n最后一只宝可梦出场，\n迷惑对手。
26,9,150,变身者,变身为当前面对的宝可梦。
26,9,151,穿透,可以穿透对手的壁障\n或替身进行攻击。
26,9,152,木乃伊,被对手接触到后，\n会将对手变为木乃伊。
26,9,153,自信过度,如果打倒对手，\n就会充满自信，攻击会提高。
26,9,154,正义之心,受到恶属性的招式攻击时，\n因为正义感，攻击会提高。
26,9,155,胆怯,受到恶属性、幽灵属性\n和虫属性的攻击或威吓时，\n会因胆怯而速度提高。
26,9,156,魔法镜,可以不受到由对手使出的\n变化招式影响，并将其反弹。
26,9,157,食草,受到草属性的招式攻击时，\n不会受到伤害，而是攻击会提高。
26,9,158,恶作剧之心,可以率先使出变化招式。
26,9,159,沙之力,沙暴天气时，\n岩石属性、地面属性\n和钢属性的招式威力会提高。
26,9,160,铁刺,用铁刺给予接触到自己的\n对手伤害。
26,9,161,达摩模式,ＨＰ变为一半以下时，\n样子会改变。
26,9,162,胜利之星,自己和同伴的命中率会提高。
26,9,163,涡轮火焰,可以不受对手特性的干扰，\n向对手使出招式。
26,9,164,兆级电压,可以不受对手特性的干扰，\n向对手使出招式。
26,9,165,芳香幕,可以防住向自己和同伴\n发出的心灵攻击。
26,9,166,花幕,我方的草属性宝可梦\n能力不会降低，\n也不会变为异常状态。
26,9,167,颊囊,无论是哪种树果，\n食用后，ＨＰ都会回复。
26,9,168,变幻自如,变为与自己使出的招式\n相同的属性。\n每次出场战斗仅生效一次。
26,9,169,毛皮大衣,对手给予的物理招式的\n伤害会减半。
26,9,170,魔术师,夺走被自己的招式\n击中的对手的道具。
26,9,171,防弹,可以防住对手的\n球和弹类招式。
26,9,172,好胜,如果被对手降低能力，\n特攻会大幅提高。
26,9,173,强壮之颚,因为颚部强壮，\n啃咬类招式的威力会提高。
26,9,174,冰冻皮肤,一般属性的招式\n会变为冰属性。\n威力会少量提高。
26,9,175,甜幕,自己和同伴的宝可梦\n不会变为睡眠状态。
26,9,176,战斗切换,如果使出攻击招式，会变为刀剑形态，\n如果使出招式“王者盾牌”，\n会变为盾牌形态。
26,9,177,疾风之翼,ＨＰ全满时，\n飞行属性的招式可以率先使出。
26,9,178,超级发射器,波动和波导类招式的\n威力会提高。
26,9,179,草之毛皮,在青草场地时，\n防御会提高。
26,9,180,共生,同伴使用道具时，\n会把自己持有的道具传递给同伴。
26,9,181,硬爪,接触到对手的招式\n威力会提高。
26,9,182,妖精皮肤,一般属性的招式\n会变为妖精属性。\n威力会少量提高。
26,9,183,黏滑,对于用攻击接触到自己的对手，\n会降低其速度。
26,9,184,飞行皮肤,一般属性的招式\n会变为飞行属性。\n威力会少量提高。
26,9,185,亲子爱,亲子俩可以合计攻击２次。
26,9,186,暗黑气场,全体的恶属性招式变强。
26,9,187,妖精气场,全体的妖精属性招式变强。
26,9,188,气场破坏,让气场的效果发生逆转，\n降低威力。
26,9,189,始源之海,变为不会受到\n火属性攻击的天气。
26,9,190,终结之地,变为不会受到\n水属性攻击的天气。
26,9,191,德尔塔气流,变为令飞行属性的弱点\n消失的天气。
26,9,192,持久力,受到攻击时，\n防御会提高。
26,9,193,跃跃欲逃,ＨＰ变为一半时，\n会慌慌张张逃走，\n退回同行队伍中。
26,9,194,危险回避,ＨＰ变为一半时，\n为了回避危险，\n会退回到同行队伍中。
26,9,195,遇水凝固,受到水属性的招式攻击时，\n防御会大幅提高。
26,9,196,不仁不义,攻击中毒状态的对手时，\n必定会击中要害。
26,9,197,界限盾壳,ＨＰ变为一半时，\n壳会坏掉，变得有攻击性。
26,9,198,蹲守,可以对替换出场的对手\n以２倍的伤害进行攻击。
26,9,199,水泡,降低自己受到的火属性\n招式的威力，不会灼伤。
26,9,200,钢能力者,钢属性的招式威力会提高。
26,9,201,怒火冲天,因对手的攻击\nＨＰ变为一半时，\n特攻会提高。
26,9,202,拨雪,下雪天气时，\n速度会提高。
26,9,203,远隔,可以不接触对手\n就使出所有的招式。
26,9,204,湿润之声,所有的声音招式\n都变为水属性。
26,9,205,先行治疗,可以率先使出回复招式。
26,9,206,电气皮肤,一般属性的招式\n会变为电属性。\n威力会少量提高。
26,9,207,冲浪之尾,电气场地时，\n速度会变为２倍。
26,9,208,鱼群,ＨＰ多的时候会聚起来变强。\nＨＰ剩余量变少时，\n群体会分崩离析。
26,9,209,画皮,通过画皮覆盖住身体，\n可以防住１次攻击。
26,9,210,牵绊变身,打倒对手时，与训练家的牵绊会增强，\n自己的攻击、特攻、速度会提高。
26,9,211,群聚变形,ＨＰ变为一半时，\n细胞们会赶来支援，\n变为完全体形态。
26,9,212,腐蚀,可以使钢属性和毒属性的宝可梦\n也陷入中毒状态。
26,9,213,绝对睡眠,总是半梦半醒的状态，\n绝对不会醒来。\n可以就这么睡着进行攻击。
26,9,214,女王的威严,向对手施加威慑力，\n使其无法对我方使出先制招式。
26,9,215,飞出的内在物,被对手打倒的时候，\n会给予对手相当于\nＨＰ剩余量的伤害。
26,9,216,舞者,有谁使出跳舞招式时，\n自己也能就这么接着使出跳舞招式。
26,9,217,蓄电池,会提高我方的\n特殊招式的威力。
26,9,218,毛茸茸,会将对手所给予的接触类招式的伤害减半，\n但火属性招式的伤害会变为２倍。
26,9,219,鲜艳之躯,让对手吓一跳，\n使其无法对我方使出先制招式。
26,9,220,魂心,宝可梦每次变为昏厥状态时，\n特攻会提高。
26,9,221,卷发,对于用攻击接触到自己的对手，\n会降低其速度。
26,9,222,接球手,继承被打倒的同伴的特性，\n变为相同的特性。
26,9,223,化学之力,继承被打倒的同伴的特性，\n变为相同的特性。
26,9,224,异兽提升,打倒对手的时候，\n自己最高的那项能力会提高。
26,9,225,ＡＲ系统,根据持有的存储碟，\n自己的属性会改变。
26,9,226,电气制造者,出场时，\n会布下电气场地。
26,9,227,精神制造者,出场时，\n会布下精神场地。
26,9,228,薄雾制造者,出场时，\n会布下薄雾场地。
26,9,229,青草制造者,出场时，\n会布下青草场地。
26,9,230,金属防护,不会因为对手的招式或特性\n而被降低能力。
26,9,231,幻影防守,ＨＰ全满时，\n受到的伤害会变少。
26,9,232,棱镜装甲,受到效果绝佳的攻击时，\n可以减弱其威力。
26,9,233,脑核之力,效果绝佳的攻击，\n威力会变得更强。
26,9,234,不挠之剑,首次出场时，\n攻击会提高。
26,9,235,不屈之盾,首次出场时，\n防御会提高。
26,9,236,自由者,变为与自己使出的招式\n相同的属性。\n每次出场战斗仅生效一次。
26,9,237,捡球,没有携带道具时，\n会拾取第１个投出后\n捕捉失败的精灵球。
26,9,238,棉絮,受到攻击后撒下棉絮，\n降低除自己以外的\n所有宝可梦的速度。
26,9,239,螺旋尾鳍,能无视具有吸引\n对手招式效果的\n特性或招式的影响。
26,9,240,镜甲,只反弹自己受到的\n能力降低效果。
26,9,241,一口导弹,冲浪或潜水时会叼来猎物。\n受到伤害时，\n会吐出猎物进行攻击。
26,9,242,坚毅,能无视具有吸引\n对手招式效果的\n特性或招式的影响。
26,9,243,蒸汽机,受到水属性或\n火属性的招式攻击时，\n速度会巨幅提高。
26,9,244,庞克摇滚,声音招式的威力会提高。\n受到的声音招式伤害会减半。
26,9,245,吐沙,受到攻击时，\n会刮起沙暴。
26,9,246,冰鳞粉,由于有冰鳞粉的守护，\n受到的特殊攻击伤害会减半。
26,9,247,熟成,使树果成熟，\n效果变为２倍。
26,9,248,结冻头,头部的冰会代替自己承受\n物理攻击，但是样子会改变。\n下雪时，冰会恢复原状。
26,9,249,能量点,只要处在相邻位置，\n招式的威力就会提高。
26,9,250,拟态,宝可梦的属性会根据\n场地的状态而变化。
26,9,251,除障,出场时，敌方和我方的光墙、\n反射壁和极光幕的效果会消失。
26,9,252,钢之意志,我方的钢属性\n攻击威力会提高。
26,9,253,灭亡之躯,受到接触类招式攻击时，\n双方都会在３回合后变为昏厥状态。\n替换后效果消失。
26,9,254,游魂,与使用接触类招式\n攻击自己的宝可梦互换特性。
26,9,255,一猩一意,虽然攻击会提高，\n但是只能使出\n一开始所选的招式。
26,9,256,化学变化气体,特性为化学变化气体的宝可梦在场时，\n场上所有宝可梦的\n特性效果都会消失或者无法生效。
26,9,257,粉彩护幕,自己和同伴都不会\n陷入中毒的异常状态。
26,9,258,饱了又饿,每回合结束时会在\n满腹花纹与空腹花纹之间\n交替改变样子。
26,9,259,速击,有时能比对手先一步行动。
26,9,260,无形拳,如果使出的是接触到对手的招式，\n就可以无视守护效果进行攻击。
26,9,261,怪药,出场时会从贝壳撒药，\n将我方的能力变化复原。
26,9,262,电晶体,电属性的招式威力会提高。
26,9,263,龙颚,龙属性的招式威力会提高。
26,9,264,苍白嘶鸣,打倒对手时\n会用冰冷的声音嘶鸣\n并提高攻击。
26,9,265,漆黑嘶鸣,打倒对手时\n会用恐怖的声音嘶鸣\n并提高特攻。
26,9,266,人马一体,兼备蕾冠王的紧张感和\n雪暴马的苍白嘶鸣这两种特性。
26,9,267,人马一体,兼备蕾冠王的紧张感和\n灵幽马的漆黑嘶鸣这两种特性。
26,9,268,甩不掉的气味,被对手接触到后，\n甩不掉的气味\n会沾上对手。
26,9,269,掉出种子,受到攻击时，\n会将脚下变成青草场地。
26,9,270,热交换,受到火属性的招式攻击时，\n攻击会提高，且不会陷入灼伤状态。
26,9,271,愤怒甲壳,因被对手攻击而ＨＰ变为一半时，\n会因愤怒降低防御和特防。\n但攻击、特攻、速度会提高。
26,9,272,洁净之盐,因洁净的盐而不会陷入异常状态。\n会让幽灵属性的招式伤害减半。
26,9,273,焦香之躯,受到火属性的招式攻击时，\n不会受到伤害，而是会大幅提高防御。
26,9,274,乘风,吹起了顺风或受到风的招式攻击时，\n不会受到伤害，而是会提高攻击。
26,9,275,看门犬,受到威吓时，攻击会提高。\n让替换宝可梦的招式和道具无效。
26,9,276,搬岩,岩石属性的招式威力会提高。
26,9,277,风力发电,受到风的招式攻击时，\n会变为充电状态。
26,9,278,全能变身,回到同行队伍后，\n会变为全能形态。
26,9,279,发号施令,出场时，若我方当中有吃吼霸，\n就会进入其口中，\n并从其口中发出指令。
26,9,280,电力转换,受到伤害时，\n会变为充电状态。
26,9,281,古代活性,携带着驱劲能量\n或天气为晴朗时，\n数值最高的能力会提高。
26,9,282,夸克充能,携带着驱劲能量\n或在电气场地上时，\n数值最高的能力会提高。
26,9,283,黄金之躯,不会氧化的坚固黄金身躯\n不会受到对手的变化招式的影响。
26,9,284,灾祸之鼎,以能呼唤灾厄的鼎的力量\n降低除自己以外的宝可梦的特攻。
26,9,285,灾祸之剑,以能呼唤灾厄的剑的力量\n降低除自己以外的宝可梦的防御。
26,9,286,灾祸之简,以能呼唤灾厄的简的力量\n降低除自己以外的宝可梦的攻击。
26,9,287,灾祸之玉,以能呼唤灾厄的勾玉的力量\n降低除自己以外的宝可梦的特防。
26,9,288,绯红脉动,出场时，会将天气变为晴朗。\n日照强烈时，会通过\n古代的脉动升高攻击。
26,9,289,强子引擎,出场时，会布下电气场地。\n处于电气场地时，会通过\n未来的机关升高特攻。
26,9,290,跟风,对手的能力提高时，\n自己也会趁机\n同样地提高能力。
26,9,291,反刍,吃了树果后，会在下一回合结束时\n从胃反刍出来再吃１次。
26,9,292,锋锐,提高切割对手的\n招式的威力。
26,9,293,大将,出场时，攻击和特攻会按照目前\n被打倒的同伴数量逐渐提升，\n被打倒越多，提升越多。
26,9,294,同台共演,出场时，\n复制同伴的能力变化。
26,9,295,毒满地,受到物理招式的伤害时，\n会在对手脚下散布毒菱。
26,9,296,尾甲,包裹头部的神秘尾巴\n使对手无法对我方使出先制招式。
26,9,297,食土,受到地面属性的招式攻击时，\n不会受到伤害，而是会得到回复。
26,9,298,菌丝之力,使出变化招式时，\n虽然行动必定会变慢，\n但能不受对手的特性妨碍。
26,9,299,款待,出场时款待同伴，\n回复其少量ＨＰ。
26,9,300,心眼,一般属性和格斗属性的招式可以\n击中幽灵属性的宝可梦。无视对手的\n闪避率的变化，且命中率不会被降低。
26,9,301,面影辉映,将回忆映于心中，\n让碧草面具发出光辉，\n提高自己的速度。
26,9,302,面影辉映,将回忆映于心中，\n让火灶面具发出光辉，\n提高自己的攻击。
26,9,303,面影辉映,将回忆映于心中，\n让水井面具发出光辉，\n提高自己的特防。
26,9,304,面影辉映,将回忆映于心中，\n让础石面具发出光辉，\n提高自己的防御。
26,9,305,毒锁链,凭借含有毒素的锁链的力量，\n有时能让被招式击中的对手\n陷入剧毒状态。
26,9,306,甘露之蜜,首次出场时，\n会散发出甜腻的蜜的香味\n来降低对手的闪避率。
26,9,307,太晶变形,出场时，会吸收周围的能量，\n变为太晶形态。
26,9,308,太晶甲壳,甲壳蕴藏着全部属性的力量，\n会将自己ＨＰ全满时受到的伤害\n全都变为效果不好。
26,9,309,归零化境,太乐巴戈斯变为星晶形态时，\n蕴藏在它身上的力量会将\n天气和场地的影响全部归零。
26,9,310,毒傀儡,因桃歹郎的招式\n而陷入中毒状态的对手\n同时也会陷入混乱状态。
26,10,1,惡臭,發出臭氣，\n在攻擊的時候，\n有時會使對手畏縮。
26,10,2,降雨,出場時，\n會將天氣變為下雨。
26,10,3,加速,每一回合速度會變快。
26,10,4,戰鬥盔甲,被堅硬的甲殼守護著，\n不會被對手的攻擊擊中要害。
26,10,5,結實,在ＨＰ全滿時受到招式攻擊\n不會被一擊打倒。\n一擊必殺的招式也沒有效果。
26,10,6,濕氣,透過把周圍都弄濕，\n使誰都無法使用自爆等爆炸類的招式。
26,10,7,柔軟,因為身體柔軟，\n不會陷入麻痺狀態。
26,10,8,沙隱,在沙暴中\n閃避率會提高。
26,10,9,靜電,身上帶有靜電，\n有時會令接觸到的對手麻痺。
26,10,10,蓄電,受到電屬性的招式攻擊時，\n不會受到傷害，而是會回復。
26,10,11,儲水,受到水屬性的招式攻擊時，\n不會受到傷害，而是會回復。
26,10,12,遲鈍,感覺遲鈍，\n不會陷入著迷和被挑釁狀態。\n面對威嚇也不會動搖。
26,10,13,無關天氣,任何天氣的影響都會消失。
26,10,14,複眼,因為擁有複眼，\n會提高招式的命中率。
26,10,15,不眠,因為有著睡不著的體質，\n所以不會陷入睡眠狀態。
26,10,16,變色,自己的屬性會變為\n擊中自己的對手招式的屬性。
26,10,17,免疫,因為體內擁有免疫能力，\n不會陷入中毒狀態。
26,10,18,引火,受到火屬性的招式攻擊時，\n吸收火焰，讓自己使出的\n火屬性招式變強。
26,10,19,鱗粉,被鱗粉守護著，\n不會受到招式的追加效果影響。
26,10,20,我行我素,因為我行我素，\n不會陷入混亂狀態。\n面對威嚇也不會動搖。
26,10,21,吸盤,用吸盤將自己牢牢吸附在地面上，\n讓替換寶可夢的招式和道具失效。
26,10,22,威嚇,出場時威嚇對手，\n使其退縮，\n從而降低對手的攻擊。
26,10,23,踩影,踩住對手的影子\n使其無法逃走或替換。
26,10,24,粗糙皮膚,受到攻擊時，\n用粗糙的皮膚弄傷\n接觸到自己的對手。
26,10,25,神奇守護,不可思議的力量，\n只有效果絕佳的招式才會擊中自己。
26,10,26,飄浮,從地面浮起，\n從而不會受到地面屬性招式的攻擊。
26,10,27,孢子,受到攻擊時，\n有時會讓接觸到自己的對手\n陷入中毒、麻痺或睡眠狀態。
26,10,28,同步,將自己的中毒、麻痺或\n灼傷狀態傳染給對手。
26,10,29,恆淨之軀,不會因對手的招式或特性\n而被降低能力。
26,10,30,自然回復,異常狀態會在\n離場後治癒。
26,10,31,避雷針,將電屬性的招式吸引到自己身上，\n不但不會受到傷害，反而會提高特攻。
26,10,32,天恩,受到上天保佑，\n容易出現招式的追加效果。
26,10,33,悠游自如,天氣為下雨時，\n速度會提高。
26,10,34,葉綠素,天氣為晴朗時，\n速度會提高。
26,10,35,發光,透過讓周圍變亮，\n命中率不會被降低。
26,10,36,複製,出場時，複製對手的特性，\n變為與之相同的特性。
26,10,37,大力士,物理攻擊的威力會變為２倍。
26,10,38,毒刺,有時會讓接觸到自己的\n對手陷入中毒狀態。
26,10,39,精神力,靠著經過鍛鍊的精神，\n不會因對手的攻擊而畏縮。\n面對威嚇也不會動搖。
26,10,40,熔岩鎧甲,將熾熱的熔岩覆蓋在身上，\n不會陷入冰凍狀態。
26,10,41,水幕,將水幕裹在身上，\n不會陷入灼傷狀態。
26,10,42,磁力,用磁力吸住鋼屬性的寶可夢，\n使其無法逃走。
26,10,43,隔音,透過遮蔽聲音，\n不受到聲音招式的攻擊。
26,10,44,雨盤,天氣為下雨時，\n會漸漸回復ＨＰ。
26,10,45,揚沙,出場時，\n會把天氣變為沙暴。
26,10,46,壓迫感,給予對手壓迫感，\n大量減少其使用招式的ＰＰ。
26,10,47,厚脂肪,被厚厚的脂肪保護著，\n能夠讓火屬性和冰屬性\n招式的傷害減半。
26,10,48,早起,即使陷入睡眠狀態，\n也能以２倍的速度提早醒來。
26,10,49,火焰之軀,有時會讓接觸到自己的\n對手陷入灼傷狀態。
26,10,50,逃跑,一定能從野生寶可夢\n那裡逃走。
26,10,51,銳利目光,靠著銳利的目光，\n命中率不會被降低。
26,10,52,怪力鉗,因為擁有以力量為傲的鉗子，\n不會被對手降低攻擊。
26,10,53,撿拾,有時會撿來對手用過的道具。\n冒險過程中也會撿來。
26,10,54,懶惰,如果使出招式，\n下一回合就需要休息。
26,10,55,活力,自己的攻擊雖會變高，\n但命中率會降低。
26,10,56,迷人之軀,有時會讓接觸到自己的對手\n陷入著迷狀態。
26,10,57,正電,場上的夥伴之中，\n如果有正電或負電特性的寶可夢，\n自己的特攻會提高。
26,10,58,負電,場上的夥伴之中，\n如果有正電或負電特性的寶可夢，\n自己的特攻會提高。
26,10,59,陰晴不定,在天氣的影響下，\n會變成水屬性、火屬性\n或冰屬性之中的一種。
26,10,60,黏著,道具會黏在\n具有黏性的身體上，\n不會被對手奪走。
26,10,61,蛻皮,透過蛻去身上的皮，\n有時會治癒異常狀態。
26,10,62,毅力,陷入異常狀態時，\n會拿出毅力，\n攻擊會提高。
26,10,63,神奇鱗片,陷入異常狀態時，\n神奇鱗片會發生反應，\n防禦會提高。
26,10,64,污泥漿,吸收了污泥漿的對手\n會因為強烈的惡臭而\n使得ＨＰ減少。
26,10,65,茂盛,ＨＰ減少的時候，\n草屬性的招式威力會提高。
26,10,66,猛火,ＨＰ減少的時候，\n火屬性的招式威力會提高。
26,10,67,激流,ＨＰ減少的時候，\n水屬性的招式威力會提高。
26,10,68,蟲之預感,ＨＰ減少的時候，\n蟲屬性的招式威力會提高。
26,10,69,堅硬腦袋,即使使出會受反作用力傷害的招式，\nＨＰ也不會減少。
26,10,70,日照,出場時，\n會將天氣變為晴朗。
26,10,71,沙穴,在戰鬥中讓對手無法逃走。
26,10,72,幹勁,透過激發出幹勁，\n不會陷入睡眠狀態。
26,10,73,白色煙霧,被白色煙霧保護著，\n不會被對手降低能力。
26,10,74,瑜伽之力,因瑜伽的力量，\n物理攻擊的威力會變為２倍。
26,10,75,硬殼盔甲,被堅硬的殼保護著，\n對手的攻擊不會擊中要害。
26,10,76,氣閘,所有天氣的影響都會消失。
26,10,77,蹣跚,陷入混亂狀態時，\n閃避率會提高。
26,10,78,電氣引擎,受到電屬性的招式攻擊時，\n不但不會受到傷害，反而速度會提高。
26,10,79,鬥爭心,面對性別相同的對手，\n會燃起鬥爭心，變得更強。\n面對性別不同的對手時則會變弱。
26,10,80,不屈之心,每次畏縮時，\n不屈之心就會燃起，\n速度也會提高。
26,10,81,雪隱,天氣為下雪時，\n閃避率會提高。
26,10,82,貪吃鬼,原本ＨＰ變得很少時才會吃的樹果，\n在ＨＰ還有一半時就會把它吃掉。
26,10,83,憤怒穴位,要害被擊中時會大發雷霆。\n攻擊力會提高到最大。
26,10,84,輕裝,失去所持有的道具時，\n速度會提高。
26,10,85,耐熱,靠著耐熱的體質，\n讓火屬性的招式傷害減半。
26,10,86,單純,能力變化會變為平時的２倍。
26,10,87,乾燥皮膚,下雨天氣時和受到水屬性的招式攻擊時，\nＨＰ會回復。晴朗天氣時和受到火屬性的\n招式攻擊時，ＨＰ會減少。
26,10,88,下載,比較對手的防禦和特防，\n根據較低的那項能力\n相應地提高自己的攻擊或特攻。
26,10,89,鐵拳,使用到拳頭的招式\n威力會提高。
26,10,90,毒療,陷入中毒狀態時，\nＨＰ不會減少，反而會漸漸增加。
26,10,91,適應力,與自身同屬性的招式\n威力會提高。
26,10,92,連續攻擊,使用連續招式時，\n每回都能以最多次數進行攻擊。
26,10,93,濕潤之軀,天氣為下雨時，\n會治癒異常狀態。
26,10,94,太陽之力,天氣為晴朗時特攻會提高，\n但每回合ＨＰ會減少。
26,10,95,飛毛腿,陷入異常狀態時，\n速度會提高。
26,10,96,一般皮膚,無論是什麼屬性的招式，\n全部都會變為一般屬性。\n威力會少量提高。
26,10,97,狙擊手,擊中要害時，\n威力會進一步提高。
26,10,98,魔法防守,不會受到攻擊以外的傷害。
26,10,99,無防守,由於無防守戰術，\n雙方使出的招式都必定會擊中。
26,10,100,慢出,使出招式的順序\n必定會變為最後。
26,10,101,技術高手,可讓威力低的招式\n提高威力來進行攻擊。
26,10,102,葉子防守,天氣為晴朗時，\n不會陷入異常狀態。
26,10,103,笨拙,無法使用持有的道具。
26,10,104,破格,可不受特性影響，\n向對手使出招式。
26,10,105,超幸運,因為非常幸運，\n容易擊中對手的要害。
26,10,106,引爆,瀕死時，\n會對接觸到自己的對手造成傷害。
26,10,107,危險預知,察覺對手持有的\n危險招式。
26,10,108,預知夢,出場時，預見１個\n對手持有的招式。
26,10,109,純樸,可無視對手能力的變化，\n進行攻擊。
26,10,110,有色眼鏡,可將效果不好的招式\n以正常的威力使出。
26,10,111,過濾,受到效果絕佳的攻擊時，\n可減弱其威力。
26,10,112,慢啟動,在５回合內，\n攻擊和速度會減半。
26,10,113,膽量,一般屬性和格鬥屬性的招式\n可擊中幽靈屬性的寶可夢。\n面對威嚇也不會動搖。
26,10,114,引水,將水屬性的招式引到自己身上，\n不但不會受到傷害，\n反而會提高特攻。
26,10,115,冰凍之軀,天氣為下雪時，\n會漸漸回復ＨＰ。
26,10,116,堅硬岩石,受到效果絕佳的攻擊時，\n可減弱其威力。
26,10,117,降雪,出場時，\n會將天氣變為下雪。
26,10,118,採蜜,戰鬥結束時，\n有時候會撿來甜甜蜜。
26,10,119,察覺,出場時，\n可以察覺對手的持有物。
26,10,120,捨身,會讓自己因反作用力而受傷的招式\n威力會提高。
26,10,121,多屬性,自己的屬性會依\n持有的石板而改變。
26,10,122,花之禮,天氣為晴朗時，\n自己和同伴的攻擊和\n特防能力會提高。
26,10,123,夢魘,給予陷入睡眠狀態的對手傷害。
26,10,124,順手牽羊,盜取接觸到自己的\n對手的道具。
26,10,125,強行,招式會失去追加效果，\n但可以用更高的威力使出招式。
26,10,126,唱反調,能力的變化會逆轉，\n原本提高時會降低，\n原本降低時會提高。
26,10,127,緊張感,讓對手感到緊張，\n無法吃樹果。
26,10,128,不服輸,被對手降低能力時，\n攻擊會大幅提高。
26,10,129,軟弱,ＨＰ降到一半以下時，\n會變得軟弱而使得\n攻擊和特攻減半。
26,10,130,詛咒之軀,受到攻擊時，\n有時會把對手的招式\n變為定身法狀態。
26,10,131,治癒之心,有時會治癒同伴的異常狀態。
26,10,132,友情防守,可以減少我方受到的傷害。
26,10,133,碎裂鎧甲,因物理招式受到傷害時，\n防禦會降低，\n速度會大幅提高。
26,10,134,重金屬,自己的重量會變為２倍。
26,10,135,輕金屬,自己的重量會減半。
26,10,136,多重鱗片,ＨＰ全滿時，\n受到的傷害會變少。
26,10,137,中毒激升,陷入中毒狀態時，\n物理招式的威力會提高。
26,10,138,受熱激升,陷入灼傷狀態時，\n特殊招式的威力會提高。
26,10,139,收穫,可多次採收\n已被使用過的樹果。
26,10,140,心靈感應,預測我方的攻擊，\n並閃避其招式。
26,10,141,心情不定,每一回合，能力中的某項\n會大幅提高，相對地某項會降低。
26,10,142,防塵,不會受到沙暴的傷害。\n也不會受到粉末或孢子的影響。
26,10,143,毒手,有時僅是接觸\n就能讓對手中毒。
26,10,144,再生力,退回同行隊伍後，\nＨＰ會少量回復。
26,10,145,健壯胸肌,不會受到降低防禦的效果影響。
26,10,146,撥沙,天氣為沙暴時，\n速度會提高。
26,10,147,奇跡皮膚,不易受到變化招式\n攻擊的身體。
26,10,148,分析,如果在最後使出招式，\n招式的威力就會變強。
26,10,149,幻覺,假扮成同行隊伍中的\n最後一隻寶可夢出場，\n迷惑對手。
26,10,150,變身者,變身為當前面對的寶可夢。
26,10,151,穿透,可穿透對手的屏障\n或替身進行攻擊。
26,10,152,木乃伊,被對手接觸到時，\n會將對手變成木乃伊。
26,10,153,自信過度,如果打倒對手，\n會充滿自信並提高攻擊。
26,10,154,正義之心,受到惡屬性的招式攻擊時，\n因為正義感，攻擊會提高。
26,10,155,膽怯,受到惡屬性、幽靈屬性和蟲屬性的\n招式攻擊，或受到威嚇時，\n會因膽怯而使得速度提高。
26,10,156,魔法鏡,可不受到由對手使出的\n變化招式所影響，並將其反彈。
26,10,157,食草,受到草屬性的招式攻擊時，\n不但不會受到傷害，反而攻擊會提高。
26,10,158,惡作劇之心,可以搶先使出變化招式。
26,10,159,沙之力,天氣為沙暴時，\n岩石屬性、地面屬性\n和鋼屬性招式的威力會提高。
26,10,160,鐵刺,用鐵刺給予接觸到自己的\n對手傷害。
26,10,161,達摩模式,ＨＰ變為一半以下時，\n樣子會改變。
26,10,162,勝利之星,自己和同伴的命中率會提高。
26,10,163,渦輪火焰,可以不受對手特性的干擾，\n向對手使出招式。
26,10,164,兆級電壓,可以不受對手特性的干擾，\n向對手使出招式。
26,10,165,芳香幕,可防住向自己和同伴\n發出的心靈攻擊。
26,10,166,花幕,我方的草屬性寶可夢\n能力不會降低。\n也不會陷入異常狀態。
26,10,167,頰囊,無論是哪種樹果，\n吃下去後ＨＰ都會回復。
26,10,168,變幻自如,每次出場戰鬥時，\n變為與自己使出的招式\n相同的屬性１次。
26,10,169,毛皮大衣,對手的物理招式造成的\n傷害會減半。
26,10,170,魔術師,奪走被自己招式\n擊中的對手的道具。
26,10,171,防彈,可防住對手的\n球和彈類的招式。
26,10,172,好勝,被對手降低能力時，\n特攻會大幅提高。
26,10,173,強壯之顎,顎部強壯，\n會提高啃咬類招式的威力。
26,10,174,冰凍皮膚,一般屬性的招式\n會變為冰屬性。\n威力會少量提高。
26,10,175,甜幕,自己和我方的寶可夢\n不會陷入睡眠狀態。
26,10,176,戰鬥切換,若使出攻擊招式，會變為刀劍形態，\n若使出招式「王者盾牌」，\n會變為盾牌形態。
26,10,177,疾風之翼,ＨＰ全滿時，\n可以搶先在對手之前\n使出飛行屬性的招式。
26,10,178,超級發射器,波動和波導類招式的\n威力會提高。
26,10,179,草之毛皮,在青草場地時，\n防禦會提高。
26,10,180,共生,同伴使用道具時，\n會把自己持有的道具交給同伴。
26,10,181,硬爪,接觸到對手的招式\n威力會提高。
26,10,182,妖精皮膚,一般屬性的招式\n會變為妖精屬性。\n威力會少量提高。
26,10,183,黏滑,對手用攻擊接觸到自己時，\n降低此對手的速度。
26,10,184,飛行皮膚,一般屬性的招式\n會變為飛行屬性。\n威力會少量提高。
26,10,185,親子愛,親子倆可合計攻擊２次。
26,10,186,暗黑氣場,全體的惡屬性招式變強。
26,10,187,妖精氣場,全體的妖精屬性招式變強。
26,10,188,氣場破壞,讓氣場的效果逆轉，\n並降低威力。
26,10,189,始源之海,變為讓火屬性攻擊\n失效的天氣。
26,10,190,終結之地,變為讓水屬性攻擊\n失效的天氣。
26,10,191,德爾塔氣流,變為令飛行屬性的弱點\n消失的天氣。
26,10,192,持久力,受到攻擊時，\n防禦會提高。
26,10,193,躍躍欲逃,ＨＰ變為一半時，\n會慌慌張張逃走，\n退回同行隊伍裡面。
26,10,194,危險迴避,ＨＰ減到一半時，\n為了避開危險，\n會退回同行隊伍裡面。
26,10,195,遇水凝固,受到水屬性的招式攻擊時，\n防禦會大幅提高。
26,10,196,不仁不義,攻擊中毒狀態的對手時，\n必定會擊中要害。
26,10,197,界限盾殼,ＨＰ變為一半時，\n殼會壞掉，變得更有攻擊性。
26,10,198,監視,可以向替換出場的對手\n以２倍的傷害進行攻擊。
26,10,199,水泡,降低自己受到的火屬性\n招式的威力。不會灼傷。
26,10,200,鋼能力者,鋼屬性的招式威力會提高。
26,10,201,怒火沖天,ＨＰ因對手的攻擊\n降到一半時，\n特攻會提高。
26,10,202,撥雪,天氣為下雪時，\n速度會提高。
26,10,203,遠隔,可以不接觸對手\n就使出所有的招式。
26,10,204,濕潤之聲,所有的聲音招式\n都變為水屬性。
26,10,205,先行治療,可以搶先使出回復招式。
26,10,206,電氣皮膚,一般屬性的招式\n會變為電屬性。\n威力會少量提高。
26,10,207,衝浪之尾,電氣場地時，\n速度會變為２倍。
26,10,208,魚群,ＨＰ多的時候會聚起來變強。\nＨＰ剩餘量變少時，\n群體會分崩離析。
26,10,209,畫皮,用畫皮覆蓋住身體，\n可防住１次攻擊。
26,10,210,牽絆變身,打倒對手時，與訓練家的牽絆會加深，\n自己的攻擊、特攻和速度會提高。
26,10,211,群聚變形,ＨＰ變為一半時，\n細胞們會趕來支援，\n變為完全體形態。
26,10,212,腐蝕,就算對方是鋼屬性或毒屬性寶可夢，\n也可讓對方陷入中毒狀態。
26,10,213,絕對睡眠,總是半夢半醒的狀態，\n絕對不會醒來。\n可在睡著的狀況下進行攻擊。
26,10,214,女王的威嚴,向對手施加威懾力，\n使其無法對我方使出先制招式。
26,10,215,飛出的內在物,被對手打倒的時候，\n會給予對手相當於\nＨＰ剩餘量的傷害。
26,10,216,舞者,當有誰使出跳舞招式時，\n自己也能接著使出跳舞招式。
26,10,217,蓄電池,會提高我方的\n特殊招式的威力。
26,10,218,毛茸茸,會將對手所給予的接觸類招式的傷害減半，\n但火屬性招式的傷害會變為２倍。
26,10,219,鮮艷之軀,讓對手嚇一跳，\n使其無法對我方使出先制招式。
26,10,220,魂心,每當場上有寶可夢\n陷入瀕死狀態時，\n特攻就會提高。
26,10,221,捲髮,對手用攻擊接觸到自己時，\n降低此對手的速度。
26,10,222,接球手,繼承被打倒的同伴的特性，\n變為相同的特性。
26,10,223,化學之力,繼承被打倒的同伴的特性，\n變為相同的特性。
26,10,224,異獸提升,打倒對手的時候，\n會提高自己最高的那項能力。
26,10,225,ＡＲ系統,根據持有的記憶碟，\n自己的屬性會改變。
26,10,226,電氣製造者,出場時，\n會布下電氣場地。
26,10,227,精神製造者,出場時，\n會布下精神場地。
26,10,228,薄霧製造者,出場時，\n會布下薄霧場地。
26,10,229,青草製造者,出場時，\n會布下青草場地。
26,10,230,金屬防護,不會因對手的招式或特性\n而被降低能力。
26,10,231,幻影防守,ＨＰ全滿時，\n受到的傷害會變少。
26,10,232,稜鏡裝甲,受到效果絕佳的攻擊時，\n可減弱其威力。
26,10,233,腦核之力,可進一步提升\n效果絕佳招式的威力。
26,10,234,不撓之劍,在戰鬥中首次出場時，\n攻擊會提高。
26,10,235,不屈之盾,在戰鬥中首次出場時，\n防禦會提高。
26,10,236,自由者,每次出場戰鬥時，\n變為與自己使出的招式\n相同的屬性１次。
26,10,237,撿球,當寶可夢沒有攜帶道具時，\n會撿回第１個投出後\n捕捉失敗的精靈球。
26,10,238,棉絮,受到攻擊時會撒下棉絮，\n降低除自己以外的\n所有寶可夢的速度。
26,10,239,螺旋尾鰭,能無視具有吸引\n對手招式效果的\n特性或招式的影響。
26,10,240,鏡甲,只反彈自己受到的\n能力降低效果。
26,10,241,一口飛彈,衝浪或潛水時會叼來獵物。\n當受到傷害時，\n會吐出獵物攻擊對手。
26,10,242,堅毅,能無視具有吸引\n對手招式效果的\n特性或招式的影響。
26,10,243,蒸汽機,受到水屬性或\n火屬性招式攻擊時，\n速度會極大幅提高。
26,10,244,龐克搖滾,聲音招式的威力會提高。\n受到聲音招式的傷害會減半。
26,10,245,吐沙,受到攻擊時，\n會刮起沙暴。
26,10,246,冰鱗粉,得到冰鱗粉的守護，\n受到的特殊攻擊傷害會減半。
26,10,247,熟成,讓樹果成熟，\n使效果變為２倍。
26,10,248,結凍頭,頭部的冰會代替自己承受\n物理攻擊，但是樣子會改變。\n下雪時，冰會回復原狀。
26,10,249,能量點,只要站在旁邊，\n招式的威力就會提高。
26,10,250,擬態,寶可夢的屬性會隨著\n場地的狀態而改變。
26,10,251,除障,出場時，敵方和我方的\n光牆、反射壁和極光幕的效果會消失。
26,10,252,鋼之意志,我方的鋼屬性\n攻擊威力會提高。
26,10,253,滅亡之軀,在受到接觸類招式攻擊時，\n３個回合後雙方都會陷入瀕死。\n替換寶可夢後效果就會消失。
26,10,254,遊魂,與使用接觸類招式\n攻擊自己的寶可夢互換特性。
26,10,255,一猩一意,攻擊雖然會提高，\n但只能使出\n最初選擇的招式。
26,10,256,化學變化氣體,當場上有特性是化學變化氣體的寶可夢時，\n所有寶可夢的特性效果\n都會消失或無法發動。
26,10,257,粉彩護幕,自己和我方同伴都不會\n陷入中毒的異常狀態。
26,10,258,飽了又餓,在每個回合結束時，\n會在滿腹花紋和空腹花紋之間\n交替改變樣子。
26,10,259,速擊,有時能比對手先一步行動。
26,10,260,無形拳,只要是接觸到對手的招式，\n就可以無視對手的防守效果進行攻擊。
26,10,261,怪藥,出場時，會從貝殼撒藥，\n將我方的能力變化復原。
26,10,262,電晶體,電屬性的招式威力會提高。
26,10,263,龍顎,龍屬性的招式威力會提高。
26,10,264,蒼白嘶鳴,打倒對手時\n會用冰冷的聲音嘶鳴\n並提高攻擊。
26,10,265,漆黑嘶鳴,打倒對手時\n會用恐怖的聲音嘶鳴\n並提高特攻。
26,10,266,人馬一體,兼具蕾冠王的緊張感和\n雪暴馬的蒼白嘶鳴這２種特性。
26,10,267,人馬一體,兼具蕾冠王的緊張感和\n靈幽馬的漆黑嘶鳴這２種特性。
26,10,268,甩不掉的氣味,被對手接觸到時，\n甩不掉的氣味會沾染給對手。
26,10,269,掉出種子,受到攻擊時，\n會將腳下變成青草場地。
26,10,270,熱交換,受到火屬性的招式攻擊時，\n攻擊會提高。\n不會陷入灼傷狀態。
26,10,271,憤怒甲殼,ＨＰ因對手的攻擊降到一半時，\n會因憤怒而降低防禦和特防，\n但攻擊、特攻和速度會提高。
26,10,272,潔淨之鹽,因潔淨的鹽而不會陷入異常狀態。\n能夠讓幽靈屬性招式的傷害減半。
26,10,273,焦香之軀,受到火屬性的招式攻擊時，\n不但不會受到傷害，反而防禦會大幅提高。
26,10,274,乘風,吹起順風或受到風的招式攻擊時，\n不但不會受到傷害，反而攻擊會提高。
26,10,275,看門犬,受到威嚇時，攻擊會提高。\n會讓替換寶可夢的招式和道具失效。
26,10,276,搬岩,岩石屬性的招式威力會提高。
26,10,277,風力發電,受到風的招式攻擊時，\n會變成充電狀態。
26,10,278,全能變身,離場後會變為全能形態。
26,10,279,發號施令,出場時，若我方有吃吼霸，\n便會進入吃吼霸的口中，\n從那裡發號施令。
26,10,280,電力轉換,受到傷害時，\n會變成充電狀態。
26,10,281,古代活性,攜帶著驅勁能量\n或天氣為晴朗時，\n數值最高的能力會提高。
26,10,282,夸克充能,攜帶著驅勁能量\n或在電氣場地時，\n數值最高的能力會提高。
26,10,283,黃金之軀,既不氧化又堅韌的黃金之軀\n不會受到對手的變化招式攻擊。
26,10,284,災禍之鼎,在喚來災厄之鼎的力量下，\n除自己以外的特攻會變弱。
26,10,285,災禍之劍,在喚來災厄之劍的力量下，\n除自己以外的防禦會變弱。
26,10,286,災禍之簡,在喚來災厄之木簡的力量下，\n除自己以外的攻擊會變弱。
26,10,287,災禍之玉,在喚來災厄之勾玉的力量下，\n除自己以外的特防會變弱。
26,10,288,緋紅脈動,出場時，會將天氣變為晴朗。\n日照很強時，會因為古代的脈動\n而使攻擊升高。
26,10,289,強子引擎,出場時，會布下電氣場地。\n在電氣場地時，會因為未來的機關\n而使特攻升高。
26,10,290,跟風,對手的能力提高時，\n自己也會跟著提高能力。
26,10,291,反芻,食用樹果後，\n會在下一回合結束時從胃裡取出，\n以１次為限再次食用。
26,10,292,鋒銳,切斬對手的招式威力會提高。
26,10,293,大將,出場時，先前每有１隻同伴被打倒，\n攻擊和特攻就會提高少許。
26,10,294,同台共演,出場時，\n會複製同伴的能力變化。
26,10,295,毒滿地,因物理招式受到傷害時，\n會在對手腳下散布毒菱。
26,10,296,尾甲,包覆著頭部的神秘尾巴\n使對手無法對我方使出先制招式。
26,10,297,食土,受到地面屬性的招式攻擊時，\n不會受到傷害，而是會回復。
26,10,298,菌絲之力,使出變化招式時，\n行動一定會變緩慢，\n但不會受到對手特性的干擾。
26,10,299,款待,出場時款待同伴，\n使其回復少量ＨＰ。
26,10,300,心眼,一般屬性和格鬥屬性的招式可擊中\n幽靈屬性的寶可夢。可無視對手\n閃避率的變化，且命中率不會被降低。
26,10,301,面影輝映,將回憶映於心中，\n使碧草面具發出光輝，\n提高自己的速度。
26,10,302,面影輝映,將回憶映於心中，\n使火灶面具發出光輝，\n提高自己的攻擊。
26,10,303,面影輝映,將回憶映於心中，\n使水井面具發出光輝，\n提高自己的特防。
26,10,304,面影輝映,將回憶映於心中，\n使礎石面具發出光輝，\n提高自己的防禦。
26,10,305,毒鎖鏈,靠著含有毒素的鎖鏈的力量，\n有時會讓被招式擊中的對手\n陷入劇毒狀態。
26,10,306,甘露之蜜,在對戰中首次出場時，\n會四處散播甜膩的蜜香，\n降低對手的閃避率。
26,10,307,太晶變形,出場時，會吸收周圍的能量，\n變為太晶形態。
26,10,308,太晶甲殼,蘊藏著所有屬性力量的甲殼\n會將自身ＨＰ全滿時受到的傷害\n全都變為效果不好。
26,10,309,歸零化境,太樂巴戈斯變為星晶形態時，\n蘊藏其身的力量會將\n天氣和場地的影響全部歸零。
26,10,310,毒傀儡,因為桃歹郎的招式\n而陷入中毒狀態的對手\n同時也會陷入混亂狀態。
26,11,1,Hedor,"Debido al mal olor que emana al atacar,\npuede atemorizar a un Pokémon."
26,11,2,Llovizna,Hace que llueva al entrar en combate.
26,11,3,Impulso,Aumenta su Velocidad en cada turno.
26,11,4,Armadura Batalla,La robusta coraza que lo protege bloquea los golpes\ncríticos.
26,11,5,Robustez,"Si tiene los PS al máximo, el Pokémon\nno podrá debilitarse de un solo golpe.\nTambién evitará los movimientos fulminantes."
26,11,6,Humedad,"Aumenta la humedad del entorno y evita que se puedan\nutilizar movimientos explosivos, como Autodestrucción."
26,11,7,Flexibilidad,La flexibilidad de su cuerpo le permite evitar la parálisis.
26,11,8,Velo de Arena,Aumenta su Evasión durante las tormentas de arena.
26,11,9,Elec. Estática,La electricidad estática que lo envuelve puede paralizar\nal Pokémon que lo ataque con un movimiento\nde contacto.
26,11,10,Absorbevoltios,"Si lo alcanza un movimiento de tipo Eléctrico, recupera\nPS en vez de sufrir daño."
26,11,11,Absorbeagua,"Si lo alcanza un movimiento de tipo Agua, recupera PS\nen vez de sufrir daño."
26,11,12,Despistado,"Su indiferencia evita que sea provocado, caiga presa\ndel enamoramiento o sufra los efectos de Intimidación."
26,11,13,Aclimatación,Anula todos los efectos del tiempo atmosférico.
26,11,14,Ojo Compuesto,Aumenta la precisión de sus movimientos.
26,11,15,Insomnio,Su resistencia al sueño le impide quedarse dormido.
26,11,16,Cambio de Color,Adopta el tipo del último movimiento del que es blanco.
26,11,17,Inmunidad,Su sistema inmunológico evita el envenenamiento.
26,11,18,Absorbefuego,"Si lo alcanza algún movimiento de tipo Fuego, potencia\nsus propios movimientos de dicho tipo."
26,11,19,Polvo Escudo,El polvo de escamas que lo envuelve lo protege\nde los efectos secundarios de los ataques recibidos.
26,11,20,Ritmo Propio,"Como le gusta hacer las cosas a su manera, no le afecta\nla confusión ni sufre los efectos de Intimidación."
26,11,21,Ventosas,"Sus ventosas se aferran al suelo, lo que le permite anular\nmovimientos y objetos que quieran forzar el cambio\nde Pokémon."
26,11,22,Intimidación,"Al entrar en combate, intimida al rival de tal manera\nque reduce su Ataque."
26,11,23,Sombra Trampa,Pisa la sombra del rival para impedir que huya\no lo cambien por otro.
26,11,24,Piel Tosca,Daña con su piel áspera al Pokémon que lo ataque\ncon un movimiento de contacto.
26,11,25,Superguardia,"Gracias a un poder misterioso, solo le hacen daño\nlos movimientos supereficaces."
26,11,26,Levitación,Su capacidad de flotar sobre el suelo le proporciona\ninmunidad frente a los movimientos de tipo Tierra.
26,11,27,Efecto Espora,"Puede dormir, envenenar o paralizar al Pokémon\nque lo ataque con un movimiento de contacto."
26,11,28,Sincronía,"Contagia el envenenamiento, las quemaduras\no la parálisis al Pokémon que le cause ese estado."
26,11,29,Cuerpo Puro,Evita que sus características se reduzcan a causa de\nmovimientos o habilidades de otros Pokémon.
26,11,30,Curación Natural,Sus problemas de estado desaparecen cuando se retira\ndel combate.
26,11,31,Pararrayos,"Atrae y neutraliza los movimientos de tipo Eléctrico,\nque además le aumentan el Ataque Especial."
26,11,32,Dicha,Aumenta la probabilidad de que los movimientos\ncausen efectos secundarios.
26,11,33,Nado Rápido,Aumenta su Velocidad cuando llueve.
26,11,34,Clorofila,Aumenta su Velocidad cuando hace sol.
26,11,35,Iluminación,"Al iluminar el entorno, evita que su Precisión se reduzca."
26,11,36,Calco,Copia la habilidad del rival al entrar en combate.
26,11,37,Potencia,Duplica la potencia de sus ataques físicos.
26,11,38,Punto Tóxico,Puede envenenar al Pokémon que lo ataque\ncon un movimiento de contacto.
26,11,39,Fuerza Mental,"Gracias a su profunda concentración, no se atemoriza\nante los ataques de otros Pokémon ni sufre los efectos\nde Intimidación."
26,11,40,Escudo de Magma,Evita el congelamiento gracias al magma candente\nque lo envuelve.
26,11,41,Velo de Agua,Evita las quemaduras gracias a la capa de agua\nque lo envuelve.
26,11,42,Imán,Su magnetismo atrae a los Pokémon de tipo Acero\ny les impide huir o ser cambiados por otros.
26,11,43,Insonorización,Su aislamiento acústico lo protege de movimientos\nque usan sonido.
26,11,44,Curación Pluvial,Recupera PS de forma gradual cuando llueve.
26,11,45,Chorro de Arena,Crea una tormenta de arena al entrar en combate.
26,11,46,Presión,Presiona al rival de tal manera que este consume más PP\nal usar sus movimientos.
26,11,47,Sebo,"Gracias a la gruesa capa de grasa que lo protege,\nreduce a la mitad el daño que recibe de ataques\nde tipo Fuego o Hielo."
26,11,48,Madrugador,"Si se duerme, tardará la mitad de tiempo\nen despertarse."
26,11,49,Cuerpo de Fuego,Puede quemar al Pokémon que lo ataque\ncon un movimiento de contacto.
26,11,50,Fuga,Puede escaparse de cualquier Pokémon salvaje.
26,11,51,Perspicacia,Su aguda vista evita que su Precisión se reduzca.
26,11,52,Corte Fuerte,Evita que otros Pokémon le reduzcan el Ataque.
26,11,53,Recolección,"Puede recoger objetos que otros Pokémon hayan usado,\no bien los que encuentre en plena aventura."
26,11,54,Pereza,"Cada vez que ejecute un movimiento,\ntendrá que descansar en el turno siguiente."
26,11,55,Entusiasmo,"Aumenta su Ataque, pero reduce su Precisión."
26,11,56,Gran Encanto,Puede causar enamoramiento al Pokémon que lo ataque\ncon un movimiento de contacto.
26,11,57,Más,Aumenta su Ataque Especial si un Pokémon aliado\ntiene la habilidad Más o la habilidad Menos.
26,11,58,Menos,Aumenta su Ataque Especial si un Pokémon aliado\ntiene la habilidad Más o la habilidad Menos.
26,11,59,Predicción,"Cambia a tipo Agua, Fuego o Hielo dependiendo del\ntiempo atmosférico."
26,11,60,Viscosidad,"Los objetos se quedan pegados a su cuerpo,\npor lo que no pueden robárselos."
26,11,61,Mudar,Puede curar sus problemas de estado al mudar la piel.
26,11,62,Agallas,"Si sufre un problema de estado, se arma de valor\ny aumenta su Ataque."
26,11,63,Escama Especial,"Si sufre un problema de estado, sus escamas especiales\nreaccionan y aumenta su Defensa."
26,11,64,Toxisecreción,Exuda una secreción tóxica y viscosa de intenso hedor\nque hiere a quienes intentan drenarle PS.
26,11,65,Espesura,Potencia sus movimientos de tipo Planta\ncuando le quedan pocos PS.
26,11,66,Mar de Llamas,Potencia sus movimientos de tipo Fuego\ncuando le quedan pocos PS.
26,11,67,Torrente,Potencia sus movimientos de tipo Agua\ncuando le quedan pocos PS.
26,11,68,Enjambre,Potencia sus movimientos de tipo Insecto\ncuando le quedan pocos PS.
26,11,69,Cabeza Roca,No pierde PS al usar movimientos con los que puede\nherirse a sí mismo.
26,11,70,Sequía,"Al entrar en combate, el tiempo pasa a ser soleado."
26,11,71,Trampa de Arena,Evita que el rival huya o sea cambiado por otro.
26,11,72,Espíritu Vital,Su determinación le impide quedarse dormido.
26,11,73,Humo Blanco,El humo blanco que lo protege evita que otros Pokémon\nle reduzcan las características.
26,11,74,Energía Pura,Duplica la potencia de sus ataques físicos\ngracias al yoga.
26,11,75,Caparazón,La robusta coraza que lo protege bloquea los golpes\ncríticos.
26,11,76,Esclusa de Aire,Neutraliza todos los efectos del tiempo atmosférico.
26,11,77,Tambaleo,Aumenta su Evasión si está confundido.
26,11,78,Electromotor,"Si lo alcanza un movimiento de tipo Eléctrico,\naumenta su Velocidad en vez de sufrir daño."
26,11,79,Rivalidad,"Si el objetivo es del mismo sexo, su competitividad lo\nlleva a causar más daño. Si es del sexo contrario, en\ncambio, el daño será menor."
26,11,80,Impasible,"Cada vez que se atemoriza, aumenta su Velocidad\ngracias a su voluntad inquebrantable."
26,11,81,Manto Níveo,Aumenta su Evasión cuando nieva.
26,11,82,Gula,"Cuando sus PS se reducen a la mitad, engulle\nla baya que normalmente solo se comería\ncuando tuviese pocos PS."
26,11,83,Irascible,"Si recibe un golpe crítico, se enfurece y su Ataque\naumenta al máximo."
26,11,84,Liviano,Aumenta su Velocidad si usa o pierde el objeto\nque lleva.
26,11,85,Ignífugo,"Su cuerpo, resistente al calor, reduce a la mitad el daño\nrecibido por movimientos de tipo Fuego."
26,11,86,Simple,Duplica los cambios en las características.
26,11,87,Piel Seca,"Pierde PS si hace sol y los recupera si llueve o recibe\nun movimiento de tipo Agua. Los movimientos de tipo\nFuego, por su parte, le hacen más daño de lo normal."
26,11,88,Descarga,Compara la Defensa y la Defensa Especial del rival\npara ver cuál es inferior y aumenta su propio Ataque\no Ataque Especial según lo que sea más eficaz.
26,11,89,Puño Férreo,Aumenta la potencia de los movimientos con los puños.
26,11,90,Antídoto,"Si resulta envenenado, recupera PS en vez de perderlos."
26,11,91,Adaptable,Potencia aún más los movimientos cuyo tipo coincida\ncon el suyo.
26,11,92,Encadenado,Ejecuta siempre los movimientos de ataque múltiple\ncon el número máximo de golpes.
26,11,93,Hidratación,Cura los problemas de estado si está lloviendo.
26,11,94,Poder Solar,"Si hace sol, aumenta su Ataque Especial, pero pierde PS\nen cada turno."
26,11,95,Pies Rápidos,Aumenta su Velocidad si sufre problemas de estado.
26,11,96,Normalidad,Hace que todos sus movimientos se vuelvan de tipo\nNormal y aumenta ligeramente su potencia.
26,11,97,Puntería,Potencia aún más de lo normal los golpes críticos\nque lanza.
26,11,98,Muro Mágico,Solo recibe daño de ataques.
26,11,99,Indefenso,"Al quedar ambos expuestos, tanto sus movimientos\ncomo los del Pokémon que lo ataque acertarán siempre."
26,11,100,Rezagado,Ejecuta su movimiento luego de todos los demás.
26,11,101,Experto,Aumenta la potencia de sus movimientos débiles.
26,11,102,Defensa Hoja,Evita los problemas de estado si hace sol.
26,11,103,Torpeza,No puede usar objetos equipados.
26,11,104,Rompemoldes,La habilidad del objetivo no afectará sus movimientos.
26,11,105,Supersuerte,Su buena suerte aumenta la probabilidad de lanzar\ngolpes críticos.
26,11,106,Secuela,Daña al Pokémon que le dio el golpe de gracia\ncon un movimiento de contacto.
26,11,107,Anticipación,Prevé los movimientos peligrosos del rival.
26,11,108,Alerta,Revela uno de los movimientos del rival al entrar\nen combate.
26,11,109,Ignorancia,Ignora las mejoras en las características de un Pokémon\nal atacarlo o recibir daño.
26,11,110,Cromolente,Potencia los movimientos que no son muy eficaces\npara infligir daño normal.
26,11,111,Filtro,Mitiga el daño que le causan los movimientos\nsupereficaces.
26,11,112,Inicio Lento,Reduce su Ataque y su Velocidad a la mitad durante\ncinco turnos.
26,11,113,Intrépido,"Puede alcanzar a Pokémon de tipo Fantasma con\nmovimientos de tipo Normal o Pelea. Además, no sufre\nlos efectos de Intimidación."
26,11,114,Colector,"Atrae y neutraliza los movimientos de tipo Agua,\nque además le aumentan el Ataque Especial."
26,11,115,Cuerpo de Hielo,Recupera PS de forma gradual cuando nieva.
26,11,116,Roca Sólida,Mitiga el daño que le causan los movimientos\nsupereficaces.
26,11,117,Nevada,Invoca una nevada al entrar en combate.
26,11,118,Cosechamiel,Puede que encuentre Miel luego de terminar el combate.
26,11,119,Inspección,Puede ver el objeto que lleva el rival al entrar en combate.
26,11,120,Audaz,Potencia los movimientos que también dañan al usuario.
26,11,121,Multitipo,Cambia su tipo al de la placa que lleve.
26,11,122,Don Floral,"Si hace sol, aumenta su Ataque y su Defensa Especial,\nasí como los de sus aliados."
26,11,123,Mal Sueño,Causa daño a cualquier rival que esté dormido.
26,11,124,Hurto,Roba el objeto del Pokémon que lo ataque\ncon un movimiento de contacto.
26,11,125,Potencia Bruta,"Aumenta la potencia de sus movimientos, pero, a\ncambio, se anulan los efectos secundarios."
26,11,126,Respondón,Invierte los cambios en las características: se reducen\ncuando deben aumentar y aumentan cuando deben\nreducirse.
26,11,127,Nerviosismo,Pone nervioso al rival y le impide comer bayas.
26,11,128,Competitivo,Aumenta mucho su Ataque cuando el rival le reduce\ncualquiera de sus características.
26,11,129,Flaquear,"Cuando se reducen sus PS a la mitad, se cansa\ntanto que su Ataque y su Ataque Especial también\nse reducen a la mitad."
26,11,130,Cuerpo Maldito,Puede anular el movimiento usado en su contra.
26,11,131,Alma Sanadora,A veces cura los problemas de estado de un aliado.
26,11,132,Compiescolta,Reduce el daño que sufren los aliados.
26,11,133,Armadura Frágil,"Al recibir daño de un ataque físico, se reduce\nsu Defensa, pero aumenta mucho su Velocidad."
26,11,134,Metal Pesado,Duplica su peso.
26,11,135,Metal Liviano,Reduce su peso a la mitad.
26,11,136,Multiescamas,Reduce el daño que sufre si sus PS están al máximo.
26,11,137,Ímpetu Tóxico,Aumenta la potencia de sus ataques físicos cuando\nestá envenenado.
26,11,138,Ímpetu Ardiente,Aumenta la potencia de sus ataques especiales\ncuando sufre quemaduras.
26,11,139,Cosecha,Puede reutilizar varias veces una misma baya.
26,11,140,Telepatía,Elude los ataques de los aliados durante el combate.
26,11,141,Temperamental,"Aumenta mucho una característica en cada turno,\npero reduce otra."
26,11,142,Funda,No recibe daño de las tormentas de arena ni sufre\nlos efectos causados por polvos o esporas.
26,11,143,Contacto Tóxico,Puede envenenar al Pokémon al que ataque\ncon un movimiento de contacto.
26,11,144,Regeneración,Recupera unos pocos PS cuando se retira del combate.
26,11,145,Sacapecho,Impide que otros Pokémon le reduzcan la Defensa.
26,11,146,Ímpetu Arena,Aumenta su Velocidad durante las tormentas de arena.
26,11,147,Piel Milagrosa,Presenta una mayor resistencia frente a los movimientos\nde estado.
26,11,148,Cálculo Final,Aumenta la potencia de su movimiento si es el último\nen atacar.
26,11,149,Ilusión,"Al entrar en combate, adopta el aspecto del último\nPokémon del equipo para desconcertar al rival."
26,11,150,Impostor,Se transforma en el Pokémon que tiene enfrente.
26,11,151,Allanamiento,Ataca evitando las barreras o el sustituto del objetivo.
26,11,152,Momia,Contagia la habilidad Momia al Pokémon que lo ataque\ncon un movimiento de contacto.
26,11,153,Autoestima,"Al debilitar a un objetivo, su confianza se refuerza\nde tal manera que aumenta su Ataque."
26,11,154,Justiciero,"Si lo alcanza un movimiento de tipo Siniestro, aumenta\nsu Ataque debido a su integridad."
26,11,155,Cobardía,"Si lo alcanza un movimiento de tipo Siniestro, Insecto o\nFantasma, o si sufre los efectos de Intimidación,\nel miedo hace que aumente su Velocidad."
26,11,156,Espejo Mágico,Puede devolver los movimientos de estado sin verse\nafectado por ellos.
26,11,157,Herbívoro,"Si lo alcanza un movimiento de tipo Planta, aumenta\nsu Ataque en vez de sufrir daño."
26,11,158,Timador,Sus movimientos de estado tienen prioridad alta.
26,11,159,Poder Arenoso,"Potencia los movimientos de tipo Tierra, Acero y Roca\ndurante las tormentas de arena."
26,11,160,Punta Acero,Le causa daño con sus púas de acero al Pokémon\nque lo ataque con un movimiento de contacto.
26,11,161,Modo Zen,Cambia de forma si sus PS se reducen a la mitad\no menos.
26,11,162,Tinovictoria,Aumenta su Precisión y la de sus aliados.
26,11,163,Turbollama,La habilidad del objetivo no afecta a los\nmovimientos que usa.
26,11,164,Terravoltaje,La habilidad del objetivo no afecta a los\nmovimientos que usa.
26,11,165,Velo Aromático,Se protege a sí mismo y a sus aliados de efectos\nque impiden usar movimientos.
26,11,166,Velo Florido,Evita que los Pokémon de tipo Planta aliados\nsufran problemas de estado o que les reduzcan\nsus características.
26,11,167,Mejillas,Recupera PS al comer cualquier baya.
26,11,168,Mutatipo,"Al entrar en combate, cambia su tipo al del primer\nmovimiento que va a usar."
26,11,169,Pelaje Recio,Reduce a la mitad el daño que recibe de ataques\nfísicos.
26,11,170,Prestidigitador,Roba el objeto del Pokémon al que alcance\ncon un movimiento.
26,11,171,Antibalas,No le afectan las bombas ni algunos proyectiles.
26,11,172,Tenacidad,Aumenta mucho su Ataque Especial cuando el rival\nle reduce cualquiera de sus características.
26,11,173,Mandíbula Fuerte,Su robusta mandíbula le confiere una mordedura\nmucho más potente.
26,11,174,Piel Helada,Convierte los movimientos de tipo Normal en tipo\nHielo y aumenta ligeramente su potencia.
26,11,175,Velo Dulce,No cae dormido y también evita que sus aliados se\nduerman.
26,11,176,Cambio Táctico,"Adopta la Forma Espada al lanzar un ataque, o bien\nla Forma Escudo si usa el movimiento Escudo Real."
26,11,177,Alas Vendaval,Da prioridad a los movimientos de tipo Volador\nsi sus PS están al máximo.
26,11,178,Megalanzador,Aumenta la potencia de algunos movimientos de pulsos\ny auras.
26,11,179,Manto Frondoso,Aumenta su Defensa si hay un campo de césped\nen el terreno de combate.
26,11,180,Simbiosis,Pasa su objeto a un aliado que ya haya utilizado el suyo.
26,11,181,Garra Dura,Aumenta la potencia de los movimientos de contacto.
26,11,182,Piel Feérica,Convierte los movimientos de tipo Normal en tipo Hada\ny aumenta ligeramente su potencia.
26,11,183,Baba,Reduce la Velocidad del Pokémon que lo ataque\ncon un movimiento de contacto.
26,11,184,Piel Celeste,Convierte los movimientos de tipo Normal en tipo\nVolador y aumenta ligeramente su potencia.
26,11,185,Amor Filial,Une fuerzas con su cría y ataca dos veces.
26,11,186,Aura Oscura,Aumenta la potencia de los movimientos de tipo\nSiniestro de todos los Pokémon.
26,11,187,Aura Feérica,Aumenta la potencia de los movimientos de tipo Hada\nde todos los Pokémon.
26,11,188,Rompeaura,"Invierte los efectos de las habilidades de auras,\npor lo que reduce la potencia de ciertos movimientos\nen vez de aumentarla."
26,11,189,Mar del Albor,Altera el tiempo atmosférico para anular los ataques\nde tipo Fuego.
26,11,190,Tierra del Ocaso,Altera el tiempo atmosférico para anular los ataques\nde tipo Agua.
26,11,191,Ráfaga Delta,Altera el tiempo atmosférico para anular\nlas debilidades del tipo Volador.
26,11,192,Firmeza,Aumenta su Defensa al recibir un ataque.
26,11,193,Huida,Se asusta y abandona el terreno de combate\ncuando sus PS se reducen a la mitad.
26,11,194,Retirada,Abandona el terreno de combate cuando sus PS\nse reducen a la mitad para evitar males mayores.
26,11,195,Hidrorrefuerzo,"Si lo alcanza un movimiento de tipo Agua, aumenta\nmucho su Defensa"
26,11,196,Ensañamiento,Hace que sus movimientos lancen siempre un golpe\ncrítico si el rival está envenenado.
26,11,197,Escudo Limitado,Rompe su coraza cuando sus PS se reducen\na la mitad y adopta una forma ofensiva.
26,11,198,Vigilante,"Si el objetivo de su ataque es sustituido por otro,\nduplica el daño que causará."
26,11,199,Acuaburbuja,Reduce el daño que le provocan los movimientos\nde tipo Fuego y es inmune a las quemaduras.
26,11,200,Acero Templado,Potencia los movimientos de tipo Acero.
26,11,201,Ira,Aumenta su Ataque Especial si sus PS se reducen\na la mitad debido a algún ataque.
26,11,202,Quitanieves,Aumenta su Velocidad cuando nieva.
26,11,203,Remoto,Puede usar cualquier movimiento sin entrar en contacto\ncon su objetivo.
26,11,204,Voz Fluida,Hace que todos sus movimientos que usan sonido pasen\na ser de tipo Agua.
26,11,205,Socorro,Da prioridad a los movimientos que restauran PS.
26,11,206,Piel Eléctrica,Convierte los movimientos de tipo Normal en tipo\nEléctrico y aumenta ligeramente su potencia.
26,11,207,Cola Surf,Duplica su Velocidad si hay un campo eléctrico\nen el terreno de combate.
26,11,208,Banco,"Forma bancos con sus congéneres cuando tiene muchos\nPS, lo cual le otorga más fuerza. Cuando le quedan\npocos PS, el banco se dispersa."
26,11,209,Disfraz,Una vez por combate puede eludir un ataque usando\nla tela que le cubre el cuerpo.
26,11,210,Fuerte Afecto,"Al derrotar a un Pokémon, los vínculos con su Entrenador\nse refuerzan y aumentan su Ataque, su Ataque Especial\ny su Velocidad."
26,11,211,Agrupamiento,"Cuando sus PS se reducen a la mitad, las células\nse reagrupan y adopta su Forma Completa."
26,11,212,Corrosión,Puede envenenar incluso a Pokémon de tipo Acero\no Veneno.
26,11,213,Letargo Perenne,No despierta jamás de su profundo letargo e incluso\nataca dormido.
26,11,214,Regia Presencia,Intimida al rival y le impide usar movimientos\ncon prioridad contra él y sus aliados.
26,11,215,Revés,"Al caer debilitado, le causa al atacante un daño\nequivalente a los PS que le quedaran antes de\nrecibir el golpe de gracia."
26,11,216,Pareja de Baile,Puede copiar inmediatamente cualquier movimiento\nde baile que haya usado otro Pokémon presente\nen el combate.
26,11,217,Batería,Potencia los ataques especiales de los aliados.
26,11,218,Mullido,"Reduce a la mitad el daño recibido por los movimientos\nde contacto, pero duplica el que le infligen los de tipo\nFuego."
26,11,219,Cuerpo Vívido,Desconcierta al rival y le impide usar movimientos\ncon prioridad contra él y sus aliados.
26,11,220,Coránima,Aumenta su Ataque Especial cada vez que un Pokémon\ncae debilitado.
26,11,221,Rizos Rebeldes,Reduce la Velocidad del Pokémon que lo ataque\ncon un movimiento de contacto.
26,11,222,Receptor,Adquiere la habilidad de un aliado debilitado.
26,11,223,Reacción Química,Reacciona copiando la habilidad de un aliado\ndebilitado.
26,11,224,Ultraimpulso,"Al derrotar a un Pokémon, aumenta su característica\nmás fuerte."
26,11,225,Sistema Alfa,Cambia su tipo según el disco que tenga instalado.
26,11,226,Electrogénesis,Crea un campo eléctrico al entrar en combate.
26,11,227,Psicogénesis,Crea un campo psíquico al entrar en combate.
26,11,228,Nebulogénesis,Crea un campo de niebla al entrar en combate.
26,11,229,Herbogénesis,Crea un campo de césped al entrar en combate.
26,11,230,Guardia Metálica,Evita que sus características se reduzcan a causa de\nmovimientos o habilidades de otros Pokémon.
26,11,231,Guardia Espectro,Reduce el daño que sufre si sus PS están al máximo.
26,11,232,Armadura Prisma,Mitiga el daño que le causan los movimientos\nsupereficaces.
26,11,233,Fuerza Cerebral,Potencia los ataques supereficaces.
26,11,234,Espada Indómita,Aumenta su Ataque al entrar en combate por primera\nvez.
26,11,235,Escudo Recio,Aumenta su Defensa al entrar en combate por primera\nvez.
26,11,236,Líbero,"Al entrar en combate, cambia su tipo al del primer\nmovimiento que va a usar."
26,11,237,Buscabola,"Si no lleva equipado ningún objeto, recupera\nla Pokébola del primer intento de captura fallido."
26,11,238,Pelusa,"Al ser alcanzado por un ataque, suelta una pelusa\nde algodón que reduce la Velocidad de todos los demás\nPokémon."
26,11,239,Hélice Caudal,Ignora los efectos de las habilidades o los movimientos\nque permiten a un Pokémon centrar la atención sobre sí.
26,11,240,Coraza Reflejo,Refleja los efectos que reducen las características.
26,11,241,Tragamisil,"Tras usar Surf o Buceo, emerge con una presa\nen la boca. Al recibir daño, ataca escupiéndola."
26,11,242,Acérrimo,Ignora los efectos de las habilidades o los movimientos\nque permiten a un Pokémon centrar la atención sobre sí.
26,11,243,Combustible,"Si lo alcanza un movimiento de tipo Fuego o Agua,\naumenta muchísimo su Velocidad."
26,11,244,Punk Rock,Potencia los movimientos que usan sonido y reduce\na la mitad el daño que le causan dichos movimientos.
26,11,245,Expulsarena,Provoca una tormenta de arena al recibir un ataque.
26,11,246,Escama de Hielo,Las gélidas escamas que protegen su cuerpo reducen a\nla mitad el daño que le causan los ataques especiales.
26,11,247,Maduración,"Hace madurar las bayas, por lo que duplica sus efectos."
26,11,248,Cara de Hielo,"Absorbe el daño de un ataque físico con el hielo\nde la cabeza, tras lo cual cambia de forma. El hielo\nse regenerará la próxima vez que nieve."
26,11,249,Fuente Energía,Potencia los movimientos de los Pokémon adyacentes.
26,11,250,Mimetismo,Cambia su tipo según el campo que haya en el terreno\nde combate.
26,11,251,Antibarrera,"Anula los efectos de Pantalla de Luz, Reflejo\ny Velo Aurora tanto de rivales como de aliados\nal entrar en combate."
26,11,252,Alma Acerada,Potencia los movimientos de tipo Acero del Pokémon\ny sus aliados.
26,11,253,Cuerpo Mortal,"Si lo alcanza un movimiento de contacto, se debilitará\nal cabo de 3 turnos, al igual que el atacante, a menos\nque abandonen el terreno de combate."
26,11,254,Alma Errante,"Si lo alcanza un movimiento de contacto, intercambia\nsu habilidad con la del atacante."
26,11,255,Obstinación,"Aumenta su Ataque, pero solo puede usar el primer\nmovimiento elegido."
26,11,256,Gas Reactivo,Anula los efectos de las habilidades de los demás\nPokémon presentes mientras esté en el terreno\nde combate.
26,11,257,Velo Pastel,Se protege a sí mismo y a sus aliados\ndel envenenamiento.
26,11,258,Mutapetito,Alterna entre su Forma Saciada y Forma Voraz al final\nde cada turno.
26,11,259,Mano Rápida,A veces puede atacar primero.
26,11,260,Puño Invisible,"Si usa un movimiento de contacto, puede causar daño\nal objetivo aunque este se proteja."
26,11,261,Medicina Extraña,"Al entrar en combate, expulsa una sustancia medicinal\npor su caracola que revierte los cambios en las\ncaracterísticas de los aliados."
26,11,262,Transistor,Potencia los movimientos de tipo Eléctrico.
26,11,263,Mandíbula Dragón,Potencia los movimientos de tipo Dragón.
26,11,264,Relincho Blanco,"Al derrotar a un objetivo, emite un relincho gélido\ny aumenta su Ataque."
26,11,265,Relincho Negro,"Al derrotar a un objetivo, emite un relincho aterrador\ny aumenta su Ataque Especial."
26,11,266,Unidad Ecuestre,El Pokémon tiene dos habilidades: Relincho Blanco\nde Glastrier y Nerviosismo de Calyrex.
26,11,267,Unidad Ecuestre,El Pokémon tiene dos habilidades: Relincho Negro\nde Spectrier y Nerviosismo de Calyrex.
26,11,268,Aroma Incesante,Contagia la habilidad Aroma Incesante al Pokémon\nque lo ataque con un movimiento de contacto.
26,11,269,Disemillar,Crea un campo de césped al recibir un ataque.
26,11,270,Termoconversión,"Evita las quemaduras y, si lo alcanza un movimiento\nde tipo Fuego, aumenta su Ataque."
26,11,271,Coraza Ira,"Cuando un ataque reduce sus PS a la mitad, un arrebato\nde ira reduce su Defensa y su Defensa Especial, pero\naumenta su Ataque, su Ataque Especial y su Velocidad."
26,11,272,Sal Purificadora,Su sal pura lo protege de los problemas de estado\ny reduce a la mitad el daño que recibe de ataques\nde tipo Fantasma.
26,11,273,Pan Comido,"Si lo alcanza un movimiento de tipo Fuego, aumenta\nmucho su Defensa en vez de sufrir daño."
26,11,274,Surcavientos,"Si sopla un Viento Afín o lo alcanza un movimiento\nque usa viento, aumenta su Ataque. Tampoco recibe\ndaño de este último."
26,11,275,Perro Guardián,Aumenta su Ataque si sufre los efectos de Intimidación.\nTambién anula movimientos y objetos que fuercen\nel cambio de Pokémon.
26,11,276,Transportarrocas,Potencia los movimientos de tipo Roca.
26,11,277,Energía Eólica,"Su cuerpo se carga de electricidad si lo alcanza\nun movimiento que usa viento, lo que potencia\nsu siguiente movimiento de tipo Eléctrico."
26,11,278,Cambio Heroico,Adopta la Forma Heroica cuando se retira del combate.
26,11,279,Comandante,"Si al entrar en combate coincide con un Dondozo aliado,\nse cuela en el interior de su boca para tomar el control."
26,11,280,Dinamo,"Su cuerpo se carga de electricidad al recibir daño, lo\nque potencia su siguiente movimiento de tipo Eléctrico."
26,11,281,Paleosíntesis,"Si hace sol o lleva un tanque de Energía Potenciadora,\naumenta su característica más alta."
26,11,282,Carga Cuark,"Si hay un campo eléctrico en el terreno de combate\no lleva un tanque de Energía Potenciadora, aumenta\nsu característica más alta."
26,11,283,Cuerpo Áureo,Su robusto cuerpo de oro inoxidable lo hace inmune\nfrente a movimientos de estado de otros Pokémon.
26,11,284,Caldero Debacle,Reduce el Ataque Especial de todos los demás Pokémon\ncon el poder de su caldero maldito.
26,11,285,Espada Debacle,Reduce la Defensa de todos los demás Pokémon\ncon el poder de su espada maldita.
26,11,286,Tablilla Debacle,Reduce el Ataque de todos los demás Pokémon\ncon el poder de sus tablillas malditas.
26,11,287,Cuenta Debacle,Reduce la Defensa Especial de todos los demás\nPokémon con el poder de sus cuentas malditas.
26,11,288,Latido Oricalco,"El tiempo pasa a ser soleado cuando entra en combate.\nSi hace mucho sol, su Ataque aumenta gracias\na su pulso primigenio."
26,11,289,Motor Hadrónico,"Crea un campo eléctrico al entrar en combate.\nSi hay un campo eléctrico, su Ataque Especial\naumenta gracias a su motor futurista."
26,11,290,Oportunista,Se aprovecha de la situación y copia las mejoras\nen las características del rival.
26,11,291,Rumia,"Cuando ingiere una baya, la regurgita al final\ndel siguiente turno y se la come por segunda vez."
26,11,292,Cortante,Aumenta la potencia de los movimientos cortantes.
26,11,293,General Supremo,"Al entrar en combate, su Ataque y su Ataque Especial\naumentan un poco por cada miembro del equipo\nque haya sido derrotado hasta el momento."
26,11,294,Unísono,"Al entrar en combate, copia los cambios\nen las características de su aliado."
26,11,295,Capa Tóxica,"Al recibir daño de un ataque físico, lanza una trampa\nde púas tóxicas a los pies del rival."
26,11,296,Cola Armadura,La extraña cola que le envuelve la cabeza le impide\nal rival usar movimientos con prioridad contra él\ny sus aliados.
26,11,297,Geofagia,"Si lo alcanza un movimiento de tipo Tierra, recupera\nPS en vez de sufrir daño."
26,11,298,Poder Fúngico,"El Pokémon siempre actúa con lentitud cuando usa\nmovimientos de estado, pero estos no son afectados\npor la habilidad del objetivo."
26,11,299,Hospitalidad,"Al entrar en combate, restaura algunos PS de su aliado\ncomo muestra de hospitalidad."
26,11,300,Ojo Mental,Alcanza a Pokémon de tipo Fantasma con movimientos\nde tipo Normal o Pelea. Su Precisión no se puede\nreducir e ignora los cambios en la Evasión del objetivo.
26,11,301,Evocarrecuerdos,"Al evocar viejos recuerdos, el Pokémon hace brillar\nla Máscara Turquesa y aumenta su Velocidad."
26,11,302,Evocarrecuerdos,"Al evocar viejos recuerdos, el Pokémon hace brillar\nla Máscara Horno y aumenta su Ataque."
26,11,303,Evocarrecuerdos,"Al evocar viejos recuerdos, el Pokémon hace brillar\nla Máscara Fuente y aumenta su Defensa Especial."
26,11,304,Evocarrecuerdos,"Al evocar viejos recuerdos, el Pokémon hace brillar\nla Máscara Cimiento y aumenta su Defensa."
26,11,305,Cadena Tóxica,"Gracias al poder de su cadena impregnada de toxinas,\npuede envenenar gravemente al Pokémon al que ataque."
26,11,306,Néctar Dulce,"Al entrar en combate por primera vez, esparce un aroma\ndulzón a néctar que reduce la Evasión del rival."
26,11,307,Teracambio,"Al entrar en combate, adopta la Forma Teracristal tras\nabsorber la energía a su alrededor."
26,11,308,Teracaparazón,"Su caparazón encierra energía de todos los tipos.\nGracias a ello, si sus PS están al máximo, el movimiento\nque lo alcance no será muy eficaz."
26,11,309,Teraformación 0,"Cuando Terapagos adopta la Forma Astral, anula todos\nlos efectos del tiempo atmosférico y de los campos\nque haya en el terreno gracias a su poder oculto."
26,11,310,Títere Tóxico,Los rivales que Pecharunt envenene con sus movimientos\ntambién sufrirán confusión.
