version_group_id,form_id,is_female,is_right,is_shiny,image
1,1,0,0,0,rb/plant.gif
1,2,0,0,0,rb/plant.gif
1,3,0,0,0,rb/plant.gif
1,4,0,0,0,rb/biped.gif
1,5,0,0,0,rb/biped.gif
1,6,0,0,0,rb/biped.gif
1,7,0,0,0,rb/water.gif
1,8,0,0,0,rb/water.gif
1,9,0,0,0,rb/water.gif
1,10,0,0,0,rb/insect.gif
1,11,0,0,0,rb/insect.gif
1,12,0,0,0,rb/insect.gif
1,13,0,0,0,rb/insect.gif
1,14,0,0,0,rb/insect.gif
1,15,0,0,0,rb/insect.gif
1,16,0,0,0,rb/bird.gif
1,17,0,0,0,rb/bird.gif
1,18,0,0,0,rb/bird.gif
1,19,0,0,0,rb/quadruped.gif
1,20,0,0,0,rb/quadruped.gif
1,21,0,0,0,rb/bird.gif
1,22,0,0,0,rb/bird.gif
1,23,0,0,0,rb/snake.gif
1,24,0,0,0,rb/snake.gif
1,25,0,0,0,rb/fairy.gif
1,26,0,0,0,rb/fairy.gif
1,27,0,0,0,rb/biped.gif
1,28,0,0,0,rb/biped.gif
1,29,0,0,0,rb/biped.gif
1,30,0,0,0,rb/biped.gif
1,31,0,0,0,rb/biped.gif
1,32,0,0,0,rb/biped.gif
1,33,0,0,0,rb/biped.gif
1,34,0,0,0,rb/biped.gif
1,35,0,0,0,rb/fairy.gif
1,36,0,0,0,rb/fairy.gif
1,37,0,0,0,rb/quadruped.gif
1,38,0,0,0,rb/quadruped.gif
1,39,0,0,0,rb/fairy.gif
1,40,0,0,0,rb/fairy.gif
1,41,0,0,0,rb/biped.gif
1,42,0,0,0,rb/biped.gif
1,43,0,0,0,rb/plant.gif
1,44,0,0,0,rb/plant.gif
1,45,0,0,0,rb/plant.gif
1,46,0,0,0,rb/insect.gif
1,47,0,0,0,rb/insect.gif
1,48,0,0,0,rb/insect.gif
1,49,0,0,0,rb/insect.gif
1,50,0,0,0,rb/biped.gif
1,51,0,0,0,rb/biped.gif
1,52,0,0,0,rb/biped.gif
1,53,0,0,0,rb/biped.gif
1,54,0,0,0,rb/biped.gif
1,55,0,0,0,rb/biped.gif
1,56,0,0,0,rb/biped.gif
1,57,0,0,0,rb/biped.gif
1,58,0,0,0,rb/quadruped.gif
1,59,0,0,0,rb/quadruped.gif
1,60,0,0,0,rb/biped.gif
1,61,0,0,0,rb/biped.gif
1,62,0,0,0,rb/biped.gif
1,63,0,0,0,rb/biped.gif
1,64,0,0,0,rb/biped.gif
1,65,0,0,0,rb/biped.gif
1,66,0,0,0,rb/biped.gif
1,67,0,0,0,rb/biped.gif
1,68,0,0,0,rb/biped.gif
1,69,0,0,0,rb/plant.gif
1,70,0,0,0,rb/plant.gif
1,71,0,0,0,rb/plant.gif
1,72,0,0,0,rb/water.gif
1,73,0,0,0,rb/water.gif
1,74,0,0,0,rb/biped.gif
1,75,0,0,0,rb/biped.gif
1,76,0,0,0,rb/biped.gif
1,77,0,0,0,rb/quadruped.gif
1,78,0,0,0,rb/quadruped.gif
1,79,0,0,0,rb/quadruped.gif
1,80,0,0,0,rb/biped.gif
1,81,0,0,0,rb/ball.gif
1,82,0,0,0,rb/ball.gif
1,83,0,0,0,rb/bird.gif
1,84,0,0,0,rb/bird.gif
1,85,0,0,0,rb/bird.gif
1,86,0,0,0,rb/water.gif
1,87,0,0,0,rb/water.gif
1,88,0,0,0,rb/biped.gif
1,89,0,0,0,rb/biped.gif
1,90,0,0,0,rb/fossil.gif
1,91,0,0,0,rb/fossil.gif
1,92,0,0,0,rb/biped.gif
1,93,0,0,0,rb/biped.gif
1,94,0,0,0,rb/biped.gif
1,95,0,0,0,rb/snake.gif
1,96,0,0,0,rb/biped.gif
1,97,0,0,0,rb/biped.gif
1,98,0,0,0,rb/water.gif
1,99,0,0,0,rb/water.gif
1,100,0,0,0,rb/ball.gif
1,101,0,0,0,rb/ball.gif
1,102,0,0,0,rb/plant.gif
1,103,0,0,0,rb/plant.gif
1,104,0,0,0,rb/biped.gif
1,105,0,0,0,rb/biped.gif
1,106,0,0,0,rb/biped.gif
1,107,0,0,0,rb/biped.gif
1,108,0,0,0,rb/biped.gif
1,109,0,0,0,rb/biped.gif
1,110,0,0,0,rb/biped.gif
1,111,0,0,0,rb/quadruped.gif
1,112,0,0,0,rb/biped.gif
1,113,0,0,0,rb/fairy.gif
1,114,0,0,0,rb/plant.gif
1,115,0,0,0,rb/biped.gif
1,116,0,0,0,rb/water.gif
1,117,0,0,0,rb/water.gif
1,118,0,0,0,rb/water.gif
1,119,0,0,0,rb/water.gif
1,120,0,0,0,rb/fossil.gif
1,121,0,0,0,rb/fossil.gif
1,122,0,0,0,rb/biped.gif
1,123,0,0,0,rb/insect.gif
1,124,0,0,0,rb/biped.gif
1,125,0,0,0,rb/biped.gif
1,126,0,0,0,rb/biped.gif
1,127,0,0,0,rb/insect.gif
1,128,0,0,0,rb/quadruped.gif
1,129,0,0,0,rb/water.gif
1,130,0,0,0,rb/snake.gif
1,131,0,0,0,rb/water.gif
1,132,0,0,0,rb/biped.gif
1,133,0,0,0,rb/quadruped.gif
1,134,0,0,0,rb/quadruped.gif
1,135,0,0,0,rb/quadruped.gif
1,136,0,0,0,rb/quadruped.gif
1,137,0,0,0,rb/biped.gif
1,138,0,0,0,rb/fossil.gif
1,139,0,0,0,rb/fossil.gif
1,140,0,0,0,rb/fossil.gif
1,141,0,0,0,rb/fossil.gif
1,142,0,0,0,rb/bird.gif
1,143,0,0,0,rb/biped.gif
1,144,0,0,0,rb/bird.gif
1,145,0,0,0,rb/bird.gif
1,146,0,0,0,rb/bird.gif
1,147,0,0,0,rb/snake.gif
1,148,0,0,0,rb/snake.gif
1,149,0,0,0,rb/snake.gif
1,150,0,0,0,rb/biped.gif
1,151,0,0,0,rb/biped.gif
2,1,0,0,0,rb/plant.gif
2,2,0,0,0,rb/plant.gif
2,3,0,0,0,rb/plant.gif
2,4,0,0,0,rb/biped.gif
2,5,0,0,0,rb/biped.gif
2,6,0,0,0,rb/biped.gif
2,7,0,0,0,rb/water.gif
2,8,0,0,0,rb/water.gif
2,9,0,0,0,rb/water.gif
2,10,0,0,0,rb/insect.gif
2,11,0,0,0,rb/insect.gif
2,12,0,0,0,rb/insect.gif
2,13,0,0,0,rb/insect.gif
2,14,0,0,0,rb/insect.gif
2,15,0,0,0,rb/insect.gif
2,16,0,0,0,rb/bird.gif
2,17,0,0,0,rb/bird.gif
2,18,0,0,0,rb/bird.gif
2,19,0,0,0,rb/quadruped.gif
2,20,0,0,0,rb/quadruped.gif
2,21,0,0,0,rb/bird.gif
2,22,0,0,0,rb/bird.gif
2,23,0,0,0,rb/snake.gif
2,24,0,0,0,rb/snake.gif
2,25,0,0,0,rb/fairy.gif
2,26,0,0,0,rb/fairy.gif
2,27,0,0,0,rb/biped.gif
2,28,0,0,0,rb/biped.gif
2,29,0,0,0,rb/biped.gif
2,30,0,0,0,rb/biped.gif
2,31,0,0,0,rb/biped.gif
2,32,0,0,0,rb/biped.gif
2,33,0,0,0,rb/biped.gif
2,34,0,0,0,rb/biped.gif
2,35,0,0,0,rb/fairy.gif
2,36,0,0,0,rb/fairy.gif
2,37,0,0,0,rb/quadruped.gif
2,38,0,0,0,rb/quadruped.gif
2,39,0,0,0,rb/fairy.gif
2,40,0,0,0,rb/fairy.gif
2,41,0,0,0,rb/biped.gif
2,42,0,0,0,rb/biped.gif
2,43,0,0,0,rb/plant.gif
2,44,0,0,0,rb/plant.gif
2,45,0,0,0,rb/plant.gif
2,46,0,0,0,rb/insect.gif
2,47,0,0,0,rb/insect.gif
2,48,0,0,0,rb/insect.gif
2,49,0,0,0,rb/insect.gif
2,50,0,0,0,rb/biped.gif
2,51,0,0,0,rb/biped.gif
2,52,0,0,0,rb/biped.gif
2,53,0,0,0,rb/biped.gif
2,54,0,0,0,rb/biped.gif
2,55,0,0,0,rb/biped.gif
2,56,0,0,0,rb/biped.gif
2,57,0,0,0,rb/biped.gif
2,58,0,0,0,rb/quadruped.gif
2,59,0,0,0,rb/quadruped.gif
2,60,0,0,0,rb/biped.gif
2,61,0,0,0,rb/biped.gif
2,62,0,0,0,rb/biped.gif
2,63,0,0,0,rb/biped.gif
2,64,0,0,0,rb/biped.gif
2,65,0,0,0,rb/biped.gif
2,66,0,0,0,rb/biped.gif
2,67,0,0,0,rb/biped.gif
2,68,0,0,0,rb/biped.gif
2,69,0,0,0,rb/plant.gif
2,70,0,0,0,rb/plant.gif
2,71,0,0,0,rb/plant.gif
2,72,0,0,0,rb/water.gif
2,73,0,0,0,rb/water.gif
2,74,0,0,0,rb/biped.gif
2,75,0,0,0,rb/biped.gif
2,76,0,0,0,rb/biped.gif
2,77,0,0,0,rb/quadruped.gif
2,78,0,0,0,rb/quadruped.gif
2,79,0,0,0,rb/quadruped.gif
2,80,0,0,0,rb/biped.gif
2,81,0,0,0,rb/ball.gif
2,82,0,0,0,rb/ball.gif
2,83,0,0,0,rb/bird.gif
2,84,0,0,0,rb/bird.gif
2,85,0,0,0,rb/bird.gif
2,86,0,0,0,rb/water.gif
2,87,0,0,0,rb/water.gif
2,88,0,0,0,rb/biped.gif
2,89,0,0,0,rb/biped.gif
2,90,0,0,0,rb/fossil.gif
2,91,0,0,0,rb/fossil.gif
2,92,0,0,0,rb/biped.gif
2,93,0,0,0,rb/biped.gif
2,94,0,0,0,rb/biped.gif
2,95,0,0,0,rb/snake.gif
2,96,0,0,0,rb/biped.gif
2,97,0,0,0,rb/biped.gif
2,98,0,0,0,rb/water.gif
2,99,0,0,0,rb/water.gif
2,100,0,0,0,rb/ball.gif
2,101,0,0,0,rb/ball.gif
2,102,0,0,0,rb/plant.gif
2,103,0,0,0,rb/plant.gif
2,104,0,0,0,rb/biped.gif
2,105,0,0,0,rb/biped.gif
2,106,0,0,0,rb/biped.gif
2,107,0,0,0,rb/biped.gif
2,108,0,0,0,rb/biped.gif
2,109,0,0,0,rb/biped.gif
2,110,0,0,0,rb/biped.gif
2,111,0,0,0,rb/quadruped.gif
2,112,0,0,0,rb/biped.gif
2,113,0,0,0,rb/fairy.gif
2,114,0,0,0,rb/plant.gif
2,115,0,0,0,rb/biped.gif
2,116,0,0,0,rb/water.gif
2,117,0,0,0,rb/water.gif
2,118,0,0,0,rb/water.gif
2,119,0,0,0,rb/water.gif
2,120,0,0,0,rb/fossil.gif
2,121,0,0,0,rb/fossil.gif
2,122,0,0,0,rb/biped.gif
2,123,0,0,0,rb/insect.gif
2,124,0,0,0,rb/biped.gif
2,125,0,0,0,rb/biped.gif
2,126,0,0,0,rb/biped.gif
2,127,0,0,0,rb/insect.gif
2,128,0,0,0,rb/quadruped.gif
2,129,0,0,0,rb/water.gif
2,130,0,0,0,rb/snake.gif
2,131,0,0,0,rb/water.gif
2,132,0,0,0,rb/biped.gif
2,133,0,0,0,rb/quadruped.gif
2,134,0,0,0,rb/quadruped.gif
2,135,0,0,0,rb/quadruped.gif
2,136,0,0,0,rb/quadruped.gif
2,137,0,0,0,rb/biped.gif
2,138,0,0,0,rb/fossil.gif
2,139,0,0,0,rb/fossil.gif
2,140,0,0,0,rb/fossil.gif
2,141,0,0,0,rb/fossil.gif
2,142,0,0,0,rb/bird.gif
2,143,0,0,0,rb/biped.gif
2,144,0,0,0,rb/bird.gif
2,145,0,0,0,rb/bird.gif
2,146,0,0,0,rb/bird.gif
2,147,0,0,0,rb/snake.gif
2,148,0,0,0,rb/snake.gif
2,149,0,0,0,rb/snake.gif
2,150,0,0,0,rb/biped.gif
2,151,0,0,0,rb/biped.gif
3,1,0,0,0,rb/plant.gif
3,2,0,0,0,rb/plant.gif
3,3,0,0,0,rb/plant.gif
3,4,0,0,0,rb/biped.gif
3,5,0,0,0,rb/biped.gif
3,6,0,0,0,rb/biped.gif
3,7,0,0,0,rb/water.gif
3,8,0,0,0,rb/water.gif
3,9,0,0,0,rb/water.gif
3,10,0,0,0,rb/insect.gif
3,11,0,0,0,rb/insect.gif
3,12,0,0,0,rb/insect.gif
3,13,0,0,0,rb/insect.gif
3,14,0,0,0,rb/insect.gif
3,15,0,0,0,rb/insect.gif
3,16,0,0,0,rb/bird.gif
3,17,0,0,0,rb/bird.gif
3,18,0,0,0,rb/bird.gif
3,19,0,0,0,rb/quadruped.gif
3,20,0,0,0,rb/quadruped.gif
3,21,0,0,0,rb/bird.gif
3,22,0,0,0,rb/bird.gif
3,23,0,0,0,rb/snake.gif
3,24,0,0,0,rb/snake.gif
3,25,0,0,0,rb/fairy.gif
3,26,0,0,0,rb/fairy.gif
3,27,0,0,0,rb/biped.gif
3,28,0,0,0,rb/biped.gif
3,29,0,0,0,rb/biped.gif
3,30,0,0,0,rb/biped.gif
3,31,0,0,0,rb/biped.gif
3,32,0,0,0,rb/biped.gif
3,33,0,0,0,rb/biped.gif
3,34,0,0,0,rb/biped.gif
3,35,0,0,0,rb/fairy.gif
3,36,0,0,0,rb/fairy.gif
3,37,0,0,0,rb/quadruped.gif
3,38,0,0,0,rb/quadruped.gif
3,39,0,0,0,rb/fairy.gif
3,40,0,0,0,rb/fairy.gif
3,41,0,0,0,rb/biped.gif
3,42,0,0,0,rb/biped.gif
3,43,0,0,0,rb/plant.gif
3,44,0,0,0,rb/plant.gif
3,45,0,0,0,rb/plant.gif
3,46,0,0,0,rb/insect.gif
3,47,0,0,0,rb/insect.gif
3,48,0,0,0,rb/insect.gif
3,49,0,0,0,rb/insect.gif
3,50,0,0,0,rb/biped.gif
3,51,0,0,0,rb/biped.gif
3,52,0,0,0,rb/biped.gif
3,53,0,0,0,rb/biped.gif
3,54,0,0,0,rb/biped.gif
3,55,0,0,0,rb/biped.gif
3,56,0,0,0,rb/biped.gif
3,57,0,0,0,rb/biped.gif
3,58,0,0,0,rb/quadruped.gif
3,59,0,0,0,rb/quadruped.gif
3,60,0,0,0,rb/biped.gif
3,61,0,0,0,rb/biped.gif
3,62,0,0,0,rb/biped.gif
3,63,0,0,0,rb/biped.gif
3,64,0,0,0,rb/biped.gif
3,65,0,0,0,rb/biped.gif
3,66,0,0,0,rb/biped.gif
3,67,0,0,0,rb/biped.gif
3,68,0,0,0,rb/biped.gif
3,69,0,0,0,rb/plant.gif
3,70,0,0,0,rb/plant.gif
3,71,0,0,0,rb/plant.gif
3,72,0,0,0,rb/water.gif
3,73,0,0,0,rb/water.gif
3,74,0,0,0,rb/biped.gif
3,75,0,0,0,rb/biped.gif
3,76,0,0,0,rb/biped.gif
3,77,0,0,0,rb/quadruped.gif
3,78,0,0,0,rb/quadruped.gif
3,79,0,0,0,rb/quadruped.gif
3,80,0,0,0,rb/biped.gif
3,81,0,0,0,rb/ball.gif
3,82,0,0,0,rb/ball.gif
3,83,0,0,0,rb/bird.gif
3,84,0,0,0,rb/bird.gif
3,85,0,0,0,rb/bird.gif
3,86,0,0,0,rb/water.gif
3,87,0,0,0,rb/water.gif
3,88,0,0,0,rb/biped.gif
3,89,0,0,0,rb/biped.gif
3,90,0,0,0,rb/fossil.gif
3,91,0,0,0,rb/fossil.gif
3,92,0,0,0,rb/biped.gif
3,93,0,0,0,rb/biped.gif
3,94,0,0,0,rb/biped.gif
3,95,0,0,0,rb/snake.gif
3,96,0,0,0,rb/biped.gif
3,97,0,0,0,rb/biped.gif
3,98,0,0,0,rb/water.gif
3,99,0,0,0,rb/water.gif
3,100,0,0,0,rb/ball.gif
3,101,0,0,0,rb/ball.gif
3,102,0,0,0,rb/plant.gif
3,103,0,0,0,rb/plant.gif
3,104,0,0,0,rb/biped.gif
3,105,0,0,0,rb/biped.gif
3,106,0,0,0,rb/biped.gif
3,107,0,0,0,rb/biped.gif
3,108,0,0,0,rb/biped.gif
3,109,0,0,0,rb/biped.gif
3,110,0,0,0,rb/biped.gif
3,111,0,0,0,rb/quadruped.gif
3,112,0,0,0,rb/biped.gif
3,113,0,0,0,rb/fairy.gif
3,114,0,0,0,rb/plant.gif
3,115,0,0,0,rb/biped.gif
3,116,0,0,0,rb/water.gif
3,117,0,0,0,rb/water.gif
3,118,0,0,0,rb/water.gif
3,119,0,0,0,rb/water.gif
3,120,0,0,0,rb/fossil.gif
3,121,0,0,0,rb/fossil.gif
3,122,0,0,0,rb/biped.gif
3,123,0,0,0,rb/insect.gif
3,124,0,0,0,rb/biped.gif
3,125,0,0,0,rb/biped.gif
3,126,0,0,0,rb/biped.gif
3,127,0,0,0,rb/insect.gif
3,128,0,0,0,rb/quadruped.gif
3,129,0,0,0,rb/water.gif
3,130,0,0,0,rb/snake.gif
3,131,0,0,0,rb/water.gif
3,132,0,0,0,rb/biped.gif
3,133,0,0,0,rb/quadruped.gif
3,134,0,0,0,rb/quadruped.gif
3,135,0,0,0,rb/quadruped.gif
3,136,0,0,0,rb/quadruped.gif
3,137,0,0,0,rb/biped.gif
3,138,0,0,0,rb/fossil.gif
3,139,0,0,0,rb/fossil.gif
3,140,0,0,0,rb/fossil.gif
3,141,0,0,0,rb/fossil.gif
3,142,0,0,0,rb/bird.gif
3,143,0,0,0,rb/biped.gif
3,144,0,0,0,rb/bird.gif
3,145,0,0,0,rb/bird.gif
3,146,0,0,0,rb/bird.gif
3,147,0,0,0,rb/snake.gif
3,148,0,0,0,rb/snake.gif
3,149,0,0,0,rb/snake.gif
3,150,0,0,0,rb/biped.gif
3,151,0,0,0,rb/biped.gif
4,1,0,0,0,rb/plant.gif
4,2,0,0,0,rb/plant.gif
4,3,0,0,0,rb/plant.gif
4,4,0,0,0,rb/biped.gif
4,5,0,0,0,rb/biped.gif
4,6,0,0,0,rb/biped.gif
4,7,0,0,0,rb/water.gif
4,8,0,0,0,rb/water.gif
4,9,0,0,0,rb/water.gif
4,10,0,0,0,rb/insect.gif
4,11,0,0,0,rb/insect.gif
4,12,0,0,0,rb/insect.gif
4,13,0,0,0,rb/insect.gif
4,14,0,0,0,rb/insect.gif
4,15,0,0,0,rb/insect.gif
4,16,0,0,0,rb/bird.gif
4,17,0,0,0,rb/bird.gif
4,18,0,0,0,rb/bird.gif
4,19,0,0,0,rb/quadruped.gif
4,20,0,0,0,rb/quadruped.gif
4,21,0,0,0,rb/bird.gif
4,22,0,0,0,rb/bird.gif
4,23,0,0,0,rb/snake.gif
4,24,0,0,0,rb/snake.gif
4,25,0,0,0,rb/fairy.gif
4,26,0,0,0,rb/fairy.gif
4,27,0,0,0,rb/biped.gif
4,28,0,0,0,rb/biped.gif
4,29,0,0,0,rb/biped.gif
4,30,0,0,0,rb/biped.gif
4,31,0,0,0,rb/biped.gif
4,32,0,0,0,rb/biped.gif
4,33,0,0,0,rb/biped.gif
4,34,0,0,0,rb/biped.gif
4,35,0,0,0,rb/fairy.gif
4,36,0,0,0,rb/fairy.gif
4,37,0,0,0,rb/quadruped.gif
4,38,0,0,0,rb/quadruped.gif
4,39,0,0,0,rb/fairy.gif
4,40,0,0,0,rb/fairy.gif
4,41,0,0,0,rb/biped.gif
4,42,0,0,0,rb/biped.gif
4,43,0,0,0,rb/plant.gif
4,44,0,0,0,rb/plant.gif
4,45,0,0,0,rb/plant.gif
4,46,0,0,0,rb/insect.gif
4,47,0,0,0,rb/insect.gif
4,48,0,0,0,rb/insect.gif
4,49,0,0,0,rb/insect.gif
4,50,0,0,0,rb/biped.gif
4,51,0,0,0,rb/biped.gif
4,52,0,0,0,rb/biped.gif
4,53,0,0,0,rb/biped.gif
4,54,0,0,0,rb/biped.gif
4,55,0,0,0,rb/biped.gif
4,56,0,0,0,rb/biped.gif
4,57,0,0,0,rb/biped.gif
4,58,0,0,0,rb/quadruped.gif
4,59,0,0,0,rb/quadruped.gif
4,60,0,0,0,rb/biped.gif
4,61,0,0,0,rb/biped.gif
4,62,0,0,0,rb/biped.gif
4,63,0,0,0,rb/biped.gif
4,64,0,0,0,rb/biped.gif
4,65,0,0,0,rb/biped.gif
4,66,0,0,0,rb/biped.gif
4,67,0,0,0,rb/biped.gif
4,68,0,0,0,rb/biped.gif
4,69,0,0,0,rb/plant.gif
4,70,0,0,0,rb/plant.gif
4,71,0,0,0,rb/plant.gif
4,72,0,0,0,rb/water.gif
4,73,0,0,0,rb/water.gif
4,74,0,0,0,rb/biped.gif
4,75,0,0,0,rb/biped.gif
4,76,0,0,0,rb/biped.gif
4,77,0,0,0,rb/quadruped.gif
4,78,0,0,0,rb/quadruped.gif
4,79,0,0,0,rb/quadruped.gif
4,80,0,0,0,rb/biped.gif
4,81,0,0,0,rb/ball.gif
4,82,0,0,0,rb/ball.gif
4,83,0,0,0,rb/bird.gif
4,84,0,0,0,rb/bird.gif
4,85,0,0,0,rb/bird.gif
4,86,0,0,0,rb/water.gif
4,87,0,0,0,rb/water.gif
4,88,0,0,0,rb/biped.gif
4,89,0,0,0,rb/biped.gif
4,90,0,0,0,rb/fossil.gif
4,91,0,0,0,rb/fossil.gif
4,92,0,0,0,rb/biped.gif
4,93,0,0,0,rb/biped.gif
4,94,0,0,0,rb/biped.gif
4,95,0,0,0,rb/snake.gif
4,96,0,0,0,rb/biped.gif
4,97,0,0,0,rb/biped.gif
4,98,0,0,0,rb/water.gif
4,99,0,0,0,rb/water.gif
4,100,0,0,0,rb/ball.gif
4,101,0,0,0,rb/ball.gif
4,102,0,0,0,rb/plant.gif
4,103,0,0,0,rb/plant.gif
4,104,0,0,0,rb/biped.gif
4,105,0,0,0,rb/biped.gif
4,106,0,0,0,rb/biped.gif
4,107,0,0,0,rb/biped.gif
4,108,0,0,0,rb/biped.gif
4,109,0,0,0,rb/biped.gif
4,110,0,0,0,rb/biped.gif
4,111,0,0,0,rb/quadruped.gif
4,112,0,0,0,rb/biped.gif
4,113,0,0,0,rb/fairy.gif
4,114,0,0,0,rb/plant.gif
4,115,0,0,0,rb/biped.gif
4,116,0,0,0,rb/water.gif
4,117,0,0,0,rb/water.gif
4,118,0,0,0,rb/water.gif
4,119,0,0,0,rb/water.gif
4,120,0,0,0,rb/fossil.gif
4,121,0,0,0,rb/fossil.gif
4,122,0,0,0,rb/biped.gif
4,123,0,0,0,rb/insect.gif
4,124,0,0,0,rb/biped.gif
4,125,0,0,0,rb/biped.gif
4,126,0,0,0,rb/biped.gif
4,127,0,0,0,rb/insect.gif
4,128,0,0,0,rb/quadruped.gif
4,129,0,0,0,rb/water.gif
4,130,0,0,0,rb/snake.gif
4,131,0,0,0,rb/water.gif
4,132,0,0,0,rb/biped.gif
4,133,0,0,0,rb/quadruped.gif
4,134,0,0,0,rb/quadruped.gif
4,135,0,0,0,rb/quadruped.gif
4,136,0,0,0,rb/quadruped.gif
4,137,0,0,0,rb/biped.gif
4,138,0,0,0,rb/fossil.gif
4,139,0,0,0,rb/fossil.gif
4,140,0,0,0,rb/fossil.gif
4,141,0,0,0,rb/fossil.gif
4,142,0,0,0,rb/bird.gif
4,143,0,0,0,rb/biped.gif
4,144,0,0,0,rb/bird.gif
4,145,0,0,0,rb/bird.gif
4,146,0,0,0,rb/bird.gif
4,147,0,0,0,rb/snake.gif
4,148,0,0,0,rb/snake.gif
4,149,0,0,0,rb/snake.gif
4,150,0,0,0,rb/biped.gif
4,151,0,0,0,rb/biped.gif
5,1,0,0,0,gs/bulbasaur.gif
5,2,0,0,0,gs/bulbasaur.gif
5,3,0,0,0,gs/bulbasaur.gif
5,4,0,0,0,gs/charmander.gif
5,5,0,0,0,gs/charmander.gif
5,6,0,0,0,gs/dragon.gif
5,7,0,0,0,gs/squirtle.gif
5,8,0,0,0,gs/squirtle.gif
5,9,0,0,0,gs/squirtle.gif
5,10,0,0,0,gs/caterpillar.gif
5,11,0,0,0,gs/caterpillar.gif
5,12,0,0,0,gs/moth.gif
5,13,0,0,0,gs/caterpillar.gif
5,14,0,0,0,gs/caterpillar.gif
5,15,0,0,0,gs/insect.gif
5,16,0,0,0,gs/bird.gif
5,17,0,0,0,gs/bird.gif
5,18,0,0,0,gs/bird.gif
5,19,0,0,0,gs/feline.gif
5,20,0,0,0,gs/feline.gif
5,21,0,0,0,gs/bird.gif
5,22,0,0,0,gs/bird.gif
5,23,0,0,0,gs/serpent.gif
5,24,0,0,0,gs/serpent.gif
5,25,0,0,0,gs/pikachu.gif
5,26,0,0,0,gs/pikachu.gif
5,27,0,0,0,gs/biped.gif
5,28,0,0,0,gs/biped.gif
5,29,0,0,0,gs/feline.gif
5,30,0,0,0,gs/feline.gif
5,31,0,0,0,gs/biped.gif
5,32,0,0,0,gs/feline.gif
5,33,0,0,0,gs/feline.gif
5,34,0,0,0,gs/biped.gif
5,35,0,0,0,gs/fairy.gif
5,36,0,0,0,gs/fairy.gif
5,37,0,0,0,gs/feline.gif
5,38,0,0,0,gs/feline.gif
5,39,0,0,0,gs/jigglypuff.gif
5,40,0,0,0,gs/jigglypuff.gif
5,41,0,0,0,gs/bat.gif
5,42,0,0,0,gs/bat.gif
5,43,0,0,0,gs/plant.gif
5,44,0,0,0,gs/plant.gif
5,45,0,0,0,gs/plant.gif
5,46,0,0,0,gs/insect.gif
5,47,0,0,0,gs/insect.gif
5,48,0,0,0,gs/insect.gif
5,49,0,0,0,gs/moth.gif
5,50,0,0,0,gs/diglett.gif
5,51,0,0,0,gs/diglett.gif
5,52,0,0,0,gs/feline.gif
5,53,0,0,0,gs/feline.gif
5,54,0,0,0,gs/biped.gif
5,55,0,0,0,gs/biped.gif
5,56,0,0,0,gs/machoke.gif
5,57,0,0,0,gs/machoke.gif
5,58,0,0,0,gs/feline.gif
5,59,0,0,0,gs/feline.gif
5,60,0,0,0,gs/poliwag.gif
5,61,0,0,0,gs/poliwag.gif
5,62,0,0,0,gs/poliwag.gif
5,63,0,0,0,gs/mime.gif
5,64,0,0,0,gs/mime.gif
5,65,0,0,0,gs/mime.gif
5,66,0,0,0,gs/machoke.gif
5,67,0,0,0,gs/machoke.gif
5,68,0,0,0,gs/machoke.gif
5,69,0,0,0,gs/plant.gif
5,70,0,0,0,gs/plant.gif
5,71,0,0,0,gs/plant.gif
5,72,0,0,0,gs/squid.gif
5,73,0,0,0,gs/squid.gif
5,74,0,0,0,gs/geodude.gif
5,75,0,0,0,gs/geodude.gif
5,76,0,0,0,gs/geodude.gif
5,77,0,0,0,gs/quadruped.gif
5,78,0,0,0,gs/quadruped.gif
5,79,0,0,0,gs/slowpoke.gif
5,80,0,0,0,gs/slowpoke.gif
5,81,0,0,0,gs/ball.gif
5,82,0,0,0,gs/ball.gif
5,83,0,0,0,gs/bird.gif
5,84,0,0,0,gs/bird.gif
5,85,0,0,0,gs/bird.gif
5,86,0,0,0,gs/lapras.gif
5,87,0,0,0,gs/lapras.gif
5,88,0,0,0,gs/slime.gif
5,89,0,0,0,gs/slime.gif
5,90,0,0,0,gs/shell.gif
5,91,0,0,0,gs/shell.gif
5,92,0,0,0,gs/ghost.gif
5,93,0,0,0,gs/ghost.gif
5,94,0,0,0,gs/ghost.gif
5,95,0,0,0,gs/serpent.gif
5,96,0,0,0,gs/mime.gif
5,97,0,0,0,gs/mime.gif
5,98,0,0,0,gs/shell.gif
5,99,0,0,0,gs/shell.gif
5,100,0,0,0,gs/ball.gif
5,101,0,0,0,gs/ball.gif
5,102,0,0,0,gs/plant.gif
5,103,0,0,0,gs/plant.gif
5,104,0,0,0,gs/biped.gif
5,105,0,0,0,gs/biped.gif
5,106,0,0,0,gs/machoke.gif
5,107,0,0,0,gs/machoke.gif
5,108,0,0,0,gs/biped.gif
5,109,0,0,0,gs/slime.gif
5,110,0,0,0,gs/slime.gif
5,111,0,0,0,gs/quadruped.gif
5,112,0,0,0,gs/biped.gif
5,113,0,0,0,gs/fairy.gif
5,114,0,0,0,gs/plant.gif
5,115,0,0,0,gs/biped.gif
5,116,0,0,0,gs/fish.gif
5,117,0,0,0,gs/fish.gif
5,118,0,0,0,gs/fish.gif
5,119,0,0,0,gs/fish.gif
5,120,0,0,0,gs/staryu.gif
5,121,0,0,0,gs/staryu.gif
5,122,0,0,0,gs/mime.gif
5,123,0,0,0,gs/insect.gif
5,124,0,0,0,gs/mime.gif
5,125,0,0,0,gs/biped.gif
5,126,0,0,0,gs/biped.gif
5,127,0,0,0,gs/insect.gif
5,128,0,0,0,gs/quadruped.gif
5,129,0,0,0,gs/fish.gif
5,130,0,0,0,gs/gyarados.gif
5,131,0,0,0,gs/lapras.gif
5,132,0,0,0,gs/slime.gif
5,133,0,0,0,gs/feline.gif
5,134,0,0,0,gs/feline.gif
5,135,0,0,0,gs/feline.gif
5,136,0,0,0,gs/feline.gif
5,137,0,0,0,gs/ball.gif
5,138,0,0,0,gs/shell.gif
5,139,0,0,0,gs/shell.gif
5,140,0,0,0,gs/shell.gif
5,141,0,0,0,gs/shell.gif
5,142,0,0,0,gs/bird.gif
5,143,0,0,0,gs/snorlax.gif
5,144,0,0,0,gs/bird.gif
5,145,0,0,0,gs/bird.gif
5,146,0,0,0,gs/bird.gif
5,147,0,0,0,gs/serpent.gif
5,148,0,0,0,gs/serpent.gif
5,149,0,0,0,gs/dragon.gif
5,150,0,0,0,gs/mime.gif
5,151,0,0,0,gs/mime.gif
5,152,0,0,0,gs/plant.gif
5,153,0,0,0,gs/plant.gif
5,154,0,0,0,gs/plant.gif
5,155,0,0,0,gs/feline.gif
5,156,0,0,0,gs/feline.gif
5,157,0,0,0,gs/feline.gif
5,158,0,0,0,gs/biped.gif
5,159,0,0,0,gs/biped.gif
5,160,0,0,0,gs/biped.gif
5,161,0,0,0,gs/feline.gif
5,162,0,0,0,gs/feline.gif
5,163,0,0,0,gs/bird.gif
5,164,0,0,0,gs/bird.gif
5,165,0,0,0,gs/insect.gif
5,166,0,0,0,gs/insect.gif
5,167,0,0,0,gs/insect.gif
5,168,0,0,0,gs/insect.gif
5,169,0,0,0,gs/bat.gif
5,170,0,0,0,gs/squid.gif
5,171,0,0,0,gs/fish.gif
5,172,0,0,0,gs/pikachu.gif
5,173,0,0,0,gs/fairy.gif
5,174,0,0,0,gs/jigglypuff.gif
5,175,0,0,0,gs/fairy.gif
5,176,0,0,0,gs/bird.gif
5,177,0,0,0,gs/bird.gif
5,178,0,0,0,gs/bird.gif
5,179,0,0,0,gs/quadruped.gif
5,180,0,0,0,gs/quadruped.gif
5,181,0,0,0,gs/biped.gif
5,182,0,0,0,gs/plant.gif
5,183,0,0,0,gs/fairy.gif
5,184,0,0,0,gs/fairy.gif
5,185,0,0,0,gs/sudowoodo.gif
5,186,0,0,0,gs/poliwag.gif
5,187,0,0,0,gs/plant.gif
5,188,0,0,0,gs/plant.gif
5,189,0,0,0,gs/plant.gif
5,190,0,0,0,gs/biped.gif
5,191,0,0,0,gs/plant.gif
5,192,0,0,0,gs/plant.gif
5,193,0,0,0,gs/insect.gif
5,194,0,0,0,gs/fish.gif
5,195,0,0,0,gs/fish.gif
5,196,0,0,0,gs/feline.gif
5,197,0,0,0,gs/feline.gif
5,198,0,0,0,gs/bird.gif
5,199,0,0,0,gs/slowpoke.gif
5,200,0,0,0,gs/ghost.gif
5,201,0,0,0,gs/unown.gif
5,202,0,0,0,gs/ghost.gif
5,203,0,0,0,gs/quadruped.gif
5,204,0,0,0,gs/insect.gif
5,205,0,0,0,gs/insect.gif
5,206,0,0,0,gs/serpent.gif
5,207,0,0,0,gs/bat.gif
5,208,0,0,0,gs/serpent.gif
5,209,0,0,0,gs/biped.gif
5,210,0,0,0,gs/biped.gif
5,211,0,0,0,gs/fish.gif
5,212,0,0,0,gs/insect.gif
5,213,0,0,0,gs/insect.gif
5,214,0,0,0,gs/insect.gif
5,215,0,0,0,gs/feline.gif
5,216,0,0,0,gs/biped.gif
5,217,0,0,0,gs/biped.gif
5,218,0,0,0,gs/slime.gif
5,219,0,0,0,gs/slime.gif
5,220,0,0,0,gs/quadruped.gif
5,221,0,0,0,gs/quadruped.gif
5,222,0,0,0,gs/shell.gif
5,223,0,0,0,gs/fish.gif
5,224,0,0,0,gs/squid.gif
5,225,0,0,0,gs/bird.gif
5,226,0,0,0,gs/fish.gif
5,227,0,0,0,gs/bird.gif
5,228,0,0,0,gs/feline.gif
5,229,0,0,0,gs/feline.gif
5,230,0,0,0,gs/gyarados.gif
5,231,0,0,0,gs/quadruped.gif
5,232,0,0,0,gs/quadruped.gif
5,233,0,0,0,gs/ball.gif
5,234,0,0,0,gs/quadruped.gif
5,235,0,0,0,gs/biped.gif
5,236,0,0,0,gs/machoke.gif
5,237,0,0,0,gs/machoke.gif
5,238,0,0,0,gs/mime.gif
5,239,0,0,0,gs/mime.gif
5,240,0,0,0,gs/mime.gif
5,241,0,0,0,gs/quadruped.gif
5,242,0,0,0,gs/fairy.gif
5,243,0,0,0,gs/feline.gif
5,244,0,0,0,gs/feline.gif
5,245,0,0,0,gs/feline.gif
5,246,0,0,0,gs/biped.gif
5,247,0,0,0,gs/biped.gif
5,248,0,0,0,gs/biped.gif
5,249,0,0,0,gs/lugia.gif
5,250,0,0,0,gs/ho-oh.gif
5,251,0,0,0,gs/mime.gif
5,20001,0,0,0,gs/unown.gif
5,20002,0,0,0,gs/unown.gif
5,20003,0,0,0,gs/unown.gif
5,20004,0,0,0,gs/unown.gif
5,20005,0,0,0,gs/unown.gif
5,20006,0,0,0,gs/unown.gif
5,20007,0,0,0,gs/unown.gif
5,20008,0,0,0,gs/unown.gif
5,20009,0,0,0,gs/unown.gif
5,20010,0,0,0,gs/unown.gif
5,20011,0,0,0,gs/unown.gif
5,20012,0,0,0,gs/unown.gif
5,20013,0,0,0,gs/unown.gif
5,20014,0,0,0,gs/unown.gif
5,20015,0,0,0,gs/unown.gif
5,20016,0,0,0,gs/unown.gif
5,20017,0,0,0,gs/unown.gif
5,20018,0,0,0,gs/unown.gif
5,20019,0,0,0,gs/unown.gif
5,20020,0,0,0,gs/unown.gif
5,20021,0,0,0,gs/unown.gif
5,20022,0,0,0,gs/unown.gif
5,20023,0,0,0,gs/unown.gif
5,20024,0,0,0,gs/unown.gif
5,20025,0,0,0,gs/unown.gif
6,1,0,0,0,gs/bulbasaur.gif
6,2,0,0,0,gs/bulbasaur.gif
6,3,0,0,0,gs/bulbasaur.gif
6,4,0,0,0,gs/charmander.gif
6,5,0,0,0,gs/charmander.gif
6,6,0,0,0,gs/dragon.gif
6,7,0,0,0,gs/squirtle.gif
6,8,0,0,0,gs/squirtle.gif
6,9,0,0,0,gs/squirtle.gif
6,10,0,0,0,gs/caterpillar.gif
6,11,0,0,0,gs/caterpillar.gif
6,12,0,0,0,gs/moth.gif
6,13,0,0,0,gs/caterpillar.gif
6,14,0,0,0,gs/caterpillar.gif
6,15,0,0,0,gs/insect.gif
6,16,0,0,0,gs/bird.gif
6,17,0,0,0,gs/bird.gif
6,18,0,0,0,gs/bird.gif
6,19,0,0,0,gs/feline.gif
6,20,0,0,0,gs/feline.gif
6,21,0,0,0,gs/bird.gif
6,22,0,0,0,gs/bird.gif
6,23,0,0,0,gs/serpent.gif
6,24,0,0,0,gs/serpent.gif
6,25,0,0,0,gs/pikachu.gif
6,26,0,0,0,gs/pikachu.gif
6,27,0,0,0,gs/biped.gif
6,28,0,0,0,gs/biped.gif
6,29,0,0,0,gs/feline.gif
6,30,0,0,0,gs/feline.gif
6,31,0,0,0,gs/biped.gif
6,32,0,0,0,gs/feline.gif
6,33,0,0,0,gs/feline.gif
6,34,0,0,0,gs/biped.gif
6,35,0,0,0,gs/fairy.gif
6,36,0,0,0,gs/fairy.gif
6,37,0,0,0,gs/feline.gif
6,38,0,0,0,gs/feline.gif
6,39,0,0,0,gs/jigglypuff.gif
6,40,0,0,0,gs/jigglypuff.gif
6,41,0,0,0,gs/bat.gif
6,42,0,0,0,gs/bat.gif
6,43,0,0,0,gs/plant.gif
6,44,0,0,0,gs/plant.gif
6,45,0,0,0,gs/plant.gif
6,46,0,0,0,gs/insect.gif
6,47,0,0,0,gs/insect.gif
6,48,0,0,0,gs/insect.gif
6,49,0,0,0,gs/moth.gif
6,50,0,0,0,gs/diglett.gif
6,51,0,0,0,gs/diglett.gif
6,52,0,0,0,gs/feline.gif
6,53,0,0,0,gs/feline.gif
6,54,0,0,0,gs/biped.gif
6,55,0,0,0,gs/biped.gif
6,56,0,0,0,gs/machoke.gif
6,57,0,0,0,gs/machoke.gif
6,58,0,0,0,gs/feline.gif
6,59,0,0,0,gs/feline.gif
6,60,0,0,0,gs/poliwag.gif
6,61,0,0,0,gs/poliwag.gif
6,62,0,0,0,gs/poliwag.gif
6,63,0,0,0,gs/mime.gif
6,64,0,0,0,gs/mime.gif
6,65,0,0,0,gs/mime.gif
6,66,0,0,0,gs/machoke.gif
6,67,0,0,0,gs/machoke.gif
6,68,0,0,0,gs/machoke.gif
6,69,0,0,0,gs/plant.gif
6,70,0,0,0,gs/plant.gif
6,71,0,0,0,gs/plant.gif
6,72,0,0,0,gs/squid.gif
6,73,0,0,0,gs/squid.gif
6,74,0,0,0,gs/geodude.gif
6,75,0,0,0,gs/geodude.gif
6,76,0,0,0,gs/geodude.gif
6,77,0,0,0,gs/quadruped.gif
6,78,0,0,0,gs/quadruped.gif
6,79,0,0,0,gs/slowpoke.gif
6,80,0,0,0,gs/slowpoke.gif
6,81,0,0,0,gs/ball.gif
6,82,0,0,0,gs/ball.gif
6,83,0,0,0,gs/bird.gif
6,84,0,0,0,gs/bird.gif
6,85,0,0,0,gs/bird.gif
6,86,0,0,0,gs/lapras.gif
6,87,0,0,0,gs/lapras.gif
6,88,0,0,0,gs/slime.gif
6,89,0,0,0,gs/slime.gif
6,90,0,0,0,gs/shell.gif
6,91,0,0,0,gs/shell.gif
6,92,0,0,0,gs/ghost.gif
6,93,0,0,0,gs/ghost.gif
6,94,0,0,0,gs/ghost.gif
6,95,0,0,0,gs/serpent.gif
6,96,0,0,0,gs/mime.gif
6,97,0,0,0,gs/mime.gif
6,98,0,0,0,gs/shell.gif
6,99,0,0,0,gs/shell.gif
6,100,0,0,0,gs/ball.gif
6,101,0,0,0,gs/ball.gif
6,102,0,0,0,gs/plant.gif
6,103,0,0,0,gs/plant.gif
6,104,0,0,0,gs/biped.gif
6,105,0,0,0,gs/biped.gif
6,106,0,0,0,gs/machoke.gif
6,107,0,0,0,gs/machoke.gif
6,108,0,0,0,gs/biped.gif
6,109,0,0,0,gs/slime.gif
6,110,0,0,0,gs/slime.gif
6,111,0,0,0,gs/quadruped.gif
6,112,0,0,0,gs/biped.gif
6,113,0,0,0,gs/fairy.gif
6,114,0,0,0,gs/plant.gif
6,115,0,0,0,gs/biped.gif
6,116,0,0,0,gs/fish.gif
6,117,0,0,0,gs/fish.gif
6,118,0,0,0,gs/fish.gif
6,119,0,0,0,gs/fish.gif
6,120,0,0,0,gs/staryu.gif
6,121,0,0,0,gs/staryu.gif
6,122,0,0,0,gs/mime.gif
6,123,0,0,0,gs/insect.gif
6,124,0,0,0,gs/mime.gif
6,125,0,0,0,gs/biped.gif
6,126,0,0,0,gs/biped.gif
6,127,0,0,0,gs/insect.gif
6,128,0,0,0,gs/quadruped.gif
6,129,0,0,0,gs/fish.gif
6,130,0,0,0,gs/gyarados.gif
6,131,0,0,0,gs/lapras.gif
6,132,0,0,0,gs/slime.gif
6,133,0,0,0,gs/feline.gif
6,134,0,0,0,gs/feline.gif
6,135,0,0,0,gs/feline.gif
6,136,0,0,0,gs/feline.gif
6,137,0,0,0,gs/ball.gif
6,138,0,0,0,gs/shell.gif
6,139,0,0,0,gs/shell.gif
6,140,0,0,0,gs/shell.gif
6,141,0,0,0,gs/shell.gif
6,142,0,0,0,gs/bird.gif
6,143,0,0,0,gs/snorlax.gif
6,144,0,0,0,gs/bird.gif
6,145,0,0,0,gs/bird.gif
6,146,0,0,0,gs/bird.gif
6,147,0,0,0,gs/serpent.gif
6,148,0,0,0,gs/serpent.gif
6,149,0,0,0,gs/dragon.gif
6,150,0,0,0,gs/mime.gif
6,151,0,0,0,gs/mime.gif
6,152,0,0,0,gs/plant.gif
6,153,0,0,0,gs/plant.gif
6,154,0,0,0,gs/plant.gif
6,155,0,0,0,gs/feline.gif
6,156,0,0,0,gs/feline.gif
6,157,0,0,0,gs/feline.gif
6,158,0,0,0,gs/biped.gif
6,159,0,0,0,gs/biped.gif
6,160,0,0,0,gs/biped.gif
6,161,0,0,0,gs/feline.gif
6,162,0,0,0,gs/feline.gif
6,163,0,0,0,gs/bird.gif
6,164,0,0,0,gs/bird.gif
6,165,0,0,0,gs/insect.gif
6,166,0,0,0,gs/insect.gif
6,167,0,0,0,gs/insect.gif
6,168,0,0,0,gs/insect.gif
6,169,0,0,0,gs/bat.gif
6,170,0,0,0,gs/squid.gif
6,171,0,0,0,gs/fish.gif
6,172,0,0,0,gs/pikachu.gif
6,173,0,0,0,gs/fairy.gif
6,174,0,0,0,gs/jigglypuff.gif
6,175,0,0,0,gs/fairy.gif
6,176,0,0,0,gs/bird.gif
6,177,0,0,0,gs/bird.gif
6,178,0,0,0,gs/bird.gif
6,179,0,0,0,gs/quadruped.gif
6,180,0,0,0,gs/quadruped.gif
6,181,0,0,0,gs/biped.gif
6,182,0,0,0,gs/plant.gif
6,183,0,0,0,gs/fairy.gif
6,184,0,0,0,gs/fairy.gif
6,185,0,0,0,gs/sudowoodo.gif
6,186,0,0,0,gs/poliwag.gif
6,187,0,0,0,gs/plant.gif
6,188,0,0,0,gs/plant.gif
6,189,0,0,0,gs/plant.gif
6,190,0,0,0,gs/biped.gif
6,191,0,0,0,gs/plant.gif
6,192,0,0,0,gs/plant.gif
6,193,0,0,0,gs/insect.gif
6,194,0,0,0,gs/fish.gif
6,195,0,0,0,gs/fish.gif
6,196,0,0,0,gs/feline.gif
6,197,0,0,0,gs/feline.gif
6,198,0,0,0,gs/bird.gif
6,199,0,0,0,gs/slowpoke.gif
6,200,0,0,0,gs/ghost.gif
6,201,0,0,0,gs/unown.gif
6,202,0,0,0,gs/ghost.gif
6,203,0,0,0,gs/quadruped.gif
6,204,0,0,0,gs/insect.gif
6,205,0,0,0,gs/insect.gif
6,206,0,0,0,gs/serpent.gif
6,207,0,0,0,gs/bat.gif
6,208,0,0,0,gs/serpent.gif
6,209,0,0,0,gs/biped.gif
6,210,0,0,0,gs/biped.gif
6,211,0,0,0,gs/fish.gif
6,212,0,0,0,gs/insect.gif
6,213,0,0,0,gs/insect.gif
6,214,0,0,0,gs/insect.gif
6,215,0,0,0,gs/feline.gif
6,216,0,0,0,gs/biped.gif
6,217,0,0,0,gs/biped.gif
6,218,0,0,0,gs/slime.gif
6,219,0,0,0,gs/slime.gif
6,220,0,0,0,gs/quadruped.gif
6,221,0,0,0,gs/quadruped.gif
6,222,0,0,0,gs/shell.gif
6,223,0,0,0,gs/fish.gif
6,224,0,0,0,gs/squid.gif
6,225,0,0,0,gs/bird.gif
6,226,0,0,0,gs/fish.gif
6,227,0,0,0,gs/bird.gif
6,228,0,0,0,gs/feline.gif
6,229,0,0,0,gs/feline.gif
6,230,0,0,0,gs/gyarados.gif
6,231,0,0,0,gs/quadruped.gif
6,232,0,0,0,gs/quadruped.gif
6,233,0,0,0,gs/ball.gif
6,234,0,0,0,gs/quadruped.gif
6,235,0,0,0,gs/biped.gif
6,236,0,0,0,gs/machoke.gif
6,237,0,0,0,gs/machoke.gif
6,238,0,0,0,gs/mime.gif
6,239,0,0,0,gs/mime.gif
6,240,0,0,0,gs/mime.gif
6,241,0,0,0,gs/quadruped.gif
6,242,0,0,0,gs/fairy.gif
6,243,0,0,0,gs/feline.gif
6,244,0,0,0,gs/feline.gif
6,245,0,0,0,gs/feline.gif
6,246,0,0,0,gs/biped.gif
6,247,0,0,0,gs/biped.gif
6,248,0,0,0,gs/biped.gif
6,249,0,0,0,gs/lugia.gif
6,250,0,0,0,gs/ho-oh.gif
6,251,0,0,0,gs/mime.gif
6,20001,0,0,0,gs/unown.gif
6,20002,0,0,0,gs/unown.gif
6,20003,0,0,0,gs/unown.gif
6,20004,0,0,0,gs/unown.gif
6,20005,0,0,0,gs/unown.gif
6,20006,0,0,0,gs/unown.gif
6,20007,0,0,0,gs/unown.gif
6,20008,0,0,0,gs/unown.gif
6,20009,0,0,0,gs/unown.gif
6,20010,0,0,0,gs/unown.gif
6,20011,0,0,0,gs/unown.gif
6,20012,0,0,0,gs/unown.gif
6,20013,0,0,0,gs/unown.gif
6,20014,0,0,0,gs/unown.gif
6,20015,0,0,0,gs/unown.gif
6,20016,0,0,0,gs/unown.gif
6,20017,0,0,0,gs/unown.gif
6,20018,0,0,0,gs/unown.gif
6,20019,0,0,0,gs/unown.gif
6,20020,0,0,0,gs/unown.gif
6,20021,0,0,0,gs/unown.gif
6,20022,0,0,0,gs/unown.gif
6,20023,0,0,0,gs/unown.gif
6,20024,0,0,0,gs/unown.gif
6,20025,0,0,0,gs/unown.gif
7,1,0,0,0,rs/bulbasaur.gif
7,2,0,0,0,rs/ivysaur.gif
7,3,0,0,0,rs/venusaur.gif
7,4,0,0,0,rs/charmander.gif
7,5,0,0,0,rs/charmeleon.gif
7,6,0,0,0,rs/charizard.gif
7,7,0,0,0,rs/squirtle.gif
7,8,0,0,0,rs/wartortle.gif
7,9,0,0,0,rs/blastoise.gif
7,10,0,0,0,rs/caterpie.gif
7,11,0,0,0,rs/metapod.gif
7,12,0,0,0,rs/butterfree.gif
7,13,0,0,0,rs/weedle.gif
7,14,0,0,0,rs/kakuna.gif
7,15,0,0,0,rs/beedrill.gif
7,16,0,0,0,rs/pidgey.gif
7,17,0,0,0,rs/pidgeotto.gif
7,18,0,0,0,rs/pidgeot.gif
7,19,0,0,0,rs/rattata.gif
7,20,0,0,0,rs/raticate.gif
7,21,0,0,0,rs/spearow.gif
7,22,0,0,0,rs/fearow.gif
7,23,0,0,0,rs/ekans.gif
7,24,0,0,0,rs/arbok.gif
7,25,0,0,0,rs/pikachu.gif
7,26,0,0,0,rs/raichu.gif
7,27,0,0,0,rs/sandshrew.gif
7,28,0,0,0,rs/sandslash.gif
7,29,0,0,0,rs/nidoran-f.gif
7,30,0,0,0,rs/nidorina.gif
7,31,0,0,0,rs/nidoqueen.gif
7,32,0,0,0,rs/nidoran-m.gif
7,33,0,0,0,rs/nidorino.gif
7,34,0,0,0,rs/nidoking.gif
7,35,0,0,0,rs/clefairy.gif
7,36,0,0,0,rs/clefable.gif
7,37,0,0,0,rs/vulpix.gif
7,38,0,0,0,rs/ninetales.gif
7,39,0,0,0,rs/jigglypuff.gif
7,40,0,0,0,rs/wigglytuff.gif
7,41,0,0,0,rs/zubat.gif
7,42,0,0,0,rs/golbat.gif
7,43,0,0,0,rs/oddish.gif
7,44,0,0,0,rs/gloom.gif
7,45,0,0,0,rs/vileplume.gif
7,46,0,0,0,rs/paras.gif
7,47,0,0,0,rs/parasect.gif
7,48,0,0,0,rs/venonat.gif
7,49,0,0,0,rs/venomoth.gif
7,50,0,0,0,rs/diglett.gif
7,51,0,0,0,rs/dugtrio.gif
7,52,0,0,0,rs/meowth.gif
7,53,0,0,0,rs/persian.gif
7,54,0,0,0,rs/psyduck.gif
7,55,0,0,0,rs/golduck.gif
7,56,0,0,0,rs/mankey.gif
7,57,0,0,0,rs/primeape.gif
7,58,0,0,0,rs/growlithe.gif
7,59,0,0,0,rs/arcanine.gif
7,60,0,0,0,rs/poliwag.gif
7,61,0,0,0,rs/poliwhirl.gif
7,62,0,0,0,rs/poliwrath.gif
7,63,0,0,0,rs/abra.gif
7,64,0,0,0,rs/kadabra.gif
7,65,0,0,0,rs/alakazam.gif
7,66,0,0,0,rs/machop.gif
7,67,0,0,0,rs/machoke.gif
7,68,0,0,0,rs/machamp.gif
7,69,0,0,0,rs/bellsprout.gif
7,70,0,0,0,rs/weepinbell.gif
7,71,0,0,0,rs/victreebel.gif
7,72,0,0,0,rs/tentacool.gif
7,73,0,0,0,rs/tentacruel.gif
7,74,0,0,0,rs/geodude.gif
7,75,0,0,0,rs/graveler.gif
7,76,0,0,0,rs/golem.gif
7,77,0,0,0,rs/ponyta.gif
7,78,0,0,0,rs/rapidash.gif
7,79,0,0,0,rs/slowpoke.gif
7,80,0,0,0,rs/slowbro.gif
7,81,0,0,0,rs/magnemite.gif
7,82,0,0,0,rs/magneton.gif
7,83,0,0,0,rs/farfetch-d.gif
7,84,0,0,0,rs/doduo.gif
7,85,0,0,0,rs/dodrio.gif
7,86,0,0,0,rs/seel.gif
7,87,0,0,0,rs/dewgong.gif
7,88,0,0,0,rs/grimer.gif
7,89,0,0,0,rs/muk.gif
7,90,0,0,0,rs/shellder.gif
7,91,0,0,0,rs/cloyster.gif
7,92,0,0,0,rs/gastly.gif
7,93,0,0,0,rs/haunter.gif
7,94,0,0,0,rs/gengar.gif
7,95,0,0,0,rs/onix.gif
7,96,0,0,0,rs/drowzee.gif
7,97,0,0,0,rs/hypno.gif
7,98,0,0,0,rs/krabby.gif
7,99,0,0,0,rs/kingler.gif
7,100,0,0,0,rs/voltorb.gif
7,101,0,0,0,rs/electrode.gif
7,102,0,0,0,rs/exeggcute.gif
7,103,0,0,0,rs/exeggutor.gif
7,104,0,0,0,rs/cubone.gif
7,105,0,0,0,rs/marowak.gif
7,106,0,0,0,rs/hitmonlee.gif
7,107,0,0,0,rs/hitmonchan.gif
7,108,0,0,0,rs/lickitung.gif
7,109,0,0,0,rs/koffing.gif
7,110,0,0,0,rs/weezing.gif
7,111,0,0,0,rs/rhyhorn.gif
7,112,0,0,0,rs/rhydon.gif
7,113,0,0,0,rs/chansey.gif
7,114,0,0,0,rs/tangela.gif
7,115,0,0,0,rs/kangaskhan.gif
7,116,0,0,0,rs/horsea.gif
7,117,0,0,0,rs/seadra.gif
7,118,0,0,0,rs/goldeen.gif
7,119,0,0,0,rs/seaking.gif
7,120,0,0,0,rs/staryu.gif
7,121,0,0,0,rs/starmie.gif
7,122,0,0,0,rs/mr-mime.gif
7,123,0,0,0,rs/scyther.gif
7,124,0,0,0,rs/jynx.gif
7,125,0,0,0,rs/electabuzz.gif
7,126,0,0,0,rs/magmar.gif
7,127,0,0,0,rs/pinsir.gif
7,128,0,0,0,rs/tauros.gif
7,129,0,0,0,rs/magikarp.gif
7,130,0,0,0,rs/gyarados.gif
7,131,0,0,0,rs/lapras.gif
7,132,0,0,0,rs/ditto.gif
7,133,0,0,0,rs/eevee.gif
7,134,0,0,0,rs/vaporeon.gif
7,135,0,0,0,rs/jolteon.gif
7,136,0,0,0,rs/flareon.gif
7,137,0,0,0,rs/porygon.gif
7,138,0,0,0,rs/omanyte.gif
7,139,0,0,0,rs/omastar.gif
7,140,0,0,0,rs/kabuto.gif
7,141,0,0,0,rs/kabutops.gif
7,142,0,0,0,rs/aerodactyl.gif
7,143,0,0,0,rs/snorlax.gif
7,144,0,0,0,rs/articuno.gif
7,145,0,0,0,rs/zapdos.gif
7,146,0,0,0,rs/moltres.gif
7,147,0,0,0,rs/dratini.gif
7,148,0,0,0,rs/dragonair.gif
7,149,0,0,0,rs/dragonite.gif
7,150,0,0,0,rs/mewtwo.gif
7,151,0,0,0,rs/mew.gif
7,152,0,0,0,rs/chikorita.gif
7,153,0,0,0,rs/bayleef.gif
7,154,0,0,0,rs/meganium.gif
7,155,0,0,0,rs/cyndaquil.gif
7,156,0,0,0,rs/quilava.gif
7,157,0,0,0,rs/typhlosion.gif
7,158,0,0,0,rs/totodile.gif
7,159,0,0,0,rs/croconaw.gif
7,160,0,0,0,rs/feraligatr.gif
7,161,0,0,0,rs/sentret.gif
7,162,0,0,0,rs/furret.gif
7,163,0,0,0,rs/hoothoot.gif
7,164,0,0,0,rs/noctowl.gif
7,165,0,0,0,rs/ledyba.gif
7,166,0,0,0,rs/ledian.gif
7,167,0,0,0,rs/spinarak.gif
7,168,0,0,0,rs/ariados.gif
7,169,0,0,0,rs/crobat.gif
7,170,0,0,0,rs/chinchou.gif
7,171,0,0,0,rs/lanturn.gif
7,172,0,0,0,rs/pichu.gif
7,173,0,0,0,rs/cleffa.gif
7,174,0,0,0,rs/igglybuff.gif
7,175,0,0,0,rs/togepi.gif
7,176,0,0,0,rs/togetic.gif
7,177,0,0,0,rs/natu.gif
7,178,0,0,0,rs/xatu.gif
7,179,0,0,0,rs/mareep.gif
7,180,0,0,0,rs/flaaffy.gif
7,181,0,0,0,rs/ampharos.gif
7,182,0,0,0,rs/bellossom.gif
7,183,0,0,0,rs/marill.gif
7,184,0,0,0,rs/azumarill.gif
7,185,0,0,0,rs/sudowoodo.gif
7,186,0,0,0,rs/politoed.gif
7,187,0,0,0,rs/hoppip.gif
7,188,0,0,0,rs/skiploom.gif
7,189,0,0,0,rs/jumpluff.gif
7,190,0,0,0,rs/aipom.gif
7,191,0,0,0,rs/sunkern.gif
7,192,0,0,0,rs/sunflora.gif
7,193,0,0,0,rs/yanma.gif
7,194,0,0,0,rs/wooper.gif
7,195,0,0,0,rs/quagsire.gif
7,196,0,0,0,rs/espeon.gif
7,197,0,0,0,rs/umbreon.gif
7,198,0,0,0,rs/murkrow.gif
7,199,0,0,0,rs/slowking.gif
7,200,0,0,0,rs/misdreavus.gif
7,201,0,0,0,rs/unown-a.gif
7,202,0,0,0,rs/wobbuffet.gif
7,203,0,0,0,rs/girafarig.gif
7,204,0,0,0,rs/pineco.gif
7,205,0,0,0,rs/forretress.gif
7,206,0,0,0,rs/dunsparce.gif
7,207,0,0,0,rs/gligar.gif
7,208,0,0,0,rs/steelix.gif
7,209,0,0,0,rs/snubbull.gif
7,210,0,0,0,rs/granbull.gif
7,211,0,0,0,rs/qwilfish.gif
7,212,0,0,0,rs/scizor.gif
7,213,0,0,0,rs/shuckle.gif
7,214,0,0,0,rs/heracross.gif
7,215,0,0,0,rs/sneasel.gif
7,216,0,0,0,rs/teddiursa.gif
7,217,0,0,0,rs/ursaring.gif
7,218,0,0,0,rs/slugma.gif
7,219,0,0,0,rs/magcargo.gif
7,220,0,0,0,rs/swinub.gif
7,221,0,0,0,rs/piloswine.gif
7,222,0,0,0,rs/corsola.gif
7,223,0,0,0,rs/remoraid.gif
7,224,0,0,0,rs/octillery.gif
7,225,0,0,0,rs/delibird.gif
7,226,0,0,0,rs/mantine.gif
7,227,0,0,0,rs/skarmory.gif
7,228,0,0,0,rs/houndour.gif
7,229,0,0,0,rs/houndoom.gif
7,230,0,0,0,rs/kingdra.gif
7,231,0,0,0,rs/phanpy.gif
7,232,0,0,0,rs/donphan.gif
7,233,0,0,0,rs/porygon2.gif
7,234,0,0,0,rs/stantler.gif
7,235,0,0,0,rs/smeargle.gif
7,236,0,0,0,rs/tyrogue.gif
7,237,0,0,0,rs/hitmontop.gif
7,238,0,0,0,rs/smoochum.gif
7,239,0,0,0,rs/elekid.gif
7,240,0,0,0,rs/magby.gif
7,241,0,0,0,rs/miltank.gif
7,242,0,0,0,rs/blissey.gif
7,243,0,0,0,rs/raikou.gif
7,244,0,0,0,rs/entei.gif
7,245,0,0,0,rs/suicune.gif
7,246,0,0,0,rs/larvitar.gif
7,247,0,0,0,rs/pupitar.gif
7,248,0,0,0,rs/tyranitar.gif
7,249,0,0,0,rs/lugia.gif
7,250,0,0,0,rs/ho-oh.gif
7,251,0,0,0,rs/celebi.gif
7,252,0,0,0,rs/treecko.gif
7,253,0,0,0,rs/grovyle.gif
7,254,0,0,0,rs/sceptile.gif
7,255,0,0,0,rs/torchic.gif
7,256,0,0,0,rs/combusken.gif
7,257,0,0,0,rs/blaziken.gif
7,258,0,0,0,rs/mudkip.gif
7,259,0,0,0,rs/marshtomp.gif
7,260,0,0,0,rs/swampert.gif
7,261,0,0,0,rs/poochyena.gif
7,262,0,0,0,rs/mightyena.gif
7,263,0,0,0,rs/zigzagoon.gif
7,264,0,0,0,rs/linoone.gif
7,265,0,0,0,rs/wurmple.gif
7,266,0,0,0,rs/silcoon.gif
7,267,0,0,0,rs/beautifly.gif
7,268,0,0,0,rs/cascoon.gif
7,269,0,0,0,rs/dustox.gif
7,270,0,0,0,rs/lotad.gif
7,271,0,0,0,rs/lombre.gif
7,272,0,0,0,rs/ludicolo.gif
7,273,0,0,0,rs/seedot.gif
7,274,0,0,0,rs/nuzleaf.gif
7,275,0,0,0,rs/shiftry.gif
7,276,0,0,0,rs/taillow.gif
7,277,0,0,0,rs/swellow.gif
7,278,0,0,0,rs/wingull.gif
7,279,0,0,0,rs/pelipper.gif
7,280,0,0,0,rs/ralts.gif
7,281,0,0,0,rs/kirlia.gif
7,282,0,0,0,rs/gardevoir.gif
7,283,0,0,0,rs/surskit.gif
7,284,0,0,0,rs/masquerain.gif
7,285,0,0,0,rs/shroomish.gif
7,286,0,0,0,rs/breloom.gif
7,287,0,0,0,rs/slakoth.gif
7,288,0,0,0,rs/vigoroth.gif
7,289,0,0,0,rs/slaking.gif
7,290,0,0,0,rs/nincada.gif
7,291,0,0,0,rs/ninjask.gif
7,292,0,0,0,rs/shedinja.gif
7,293,0,0,0,rs/whismur.gif
7,294,0,0,0,rs/loudred.gif
7,295,0,0,0,rs/exploud.gif
7,296,0,0,0,rs/makuhita.gif
7,297,0,0,0,rs/hariyama.gif
7,298,0,0,0,rs/azurill.gif
7,299,0,0,0,rs/nosepass.gif
7,300,0,0,0,rs/skitty.gif
7,301,0,0,0,rs/delcatty.gif
7,302,0,0,0,rs/sableye.gif
7,303,0,0,0,rs/mawile.gif
7,304,0,0,0,rs/aron.gif
7,305,0,0,0,rs/lairon.gif
7,306,0,0,0,rs/aggron.gif
7,307,0,0,0,rs/meditite.gif
7,308,0,0,0,rs/medicham.gif
7,309,0,0,0,rs/electrike.gif
7,310,0,0,0,rs/manectric.gif
7,311,0,0,0,rs/plusle.gif
7,312,0,0,0,rs/minun.gif
7,313,0,0,0,rs/volbeat.gif
7,314,0,0,0,rs/illumise.gif
7,315,0,0,0,rs/roselia.gif
7,316,0,0,0,rs/gulpin.gif
7,317,0,0,0,rs/swalot.gif
7,318,0,0,0,rs/carvanha.gif
7,319,0,0,0,rs/sharpedo.gif
7,320,0,0,0,rs/wailmer.gif
7,321,0,0,0,rs/wailord.gif
7,322,0,0,0,rs/numel.gif
7,323,0,0,0,rs/camerupt.gif
7,324,0,0,0,rs/torkoal.gif
7,325,0,0,0,rs/spoink.gif
7,326,0,0,0,rs/grumpig.gif
7,327,0,0,0,rs/spinda.gif
7,328,0,0,0,rs/trapinch.gif
7,329,0,0,0,rs/vibrava.gif
7,330,0,0,0,rs/flygon.gif
7,331,0,0,0,rs/cacnea.gif
7,332,0,0,0,rs/cacturne.gif
7,333,0,0,0,rs/swablu.gif
7,334,0,0,0,rs/altaria.gif
7,335,0,0,0,rs/zangoose.gif
7,336,0,0,0,rs/seviper.gif
7,337,0,0,0,rs/lunatone.gif
7,338,0,0,0,rs/solrock.gif
7,339,0,0,0,rs/barboach.gif
7,340,0,0,0,rs/whiscash.gif
7,341,0,0,0,rs/corphish.gif
7,342,0,0,0,rs/crawdaunt.gif
7,343,0,0,0,rs/baltoy.gif
7,344,0,0,0,rs/claydol.gif
7,345,0,0,0,rs/lileep.gif
7,346,0,0,0,rs/cradily.gif
7,347,0,0,0,rs/anorith.gif
7,348,0,0,0,rs/armaldo.gif
7,349,0,0,0,rs/feebas.gif
7,350,0,0,0,rs/milotic.gif
7,351,0,0,0,rs/castform.gif
7,352,0,0,0,rs/kecleon.gif
7,353,0,0,0,rs/shuppet.gif
7,354,0,0,0,rs/banette.gif
7,355,0,0,0,rs/duskull.gif
7,356,0,0,0,rs/dusclops.gif
7,357,0,0,0,rs/tropius.gif
7,358,0,0,0,rs/chimecho.gif
7,359,0,0,0,rs/absol.gif
7,360,0,0,0,rs/wynaut.gif
7,361,0,0,0,rs/snorunt.gif
7,362,0,0,0,rs/glalie.gif
7,363,0,0,0,rs/spheal.gif
7,364,0,0,0,rs/sealeo.gif
7,365,0,0,0,rs/walrein.gif
7,366,0,0,0,rs/clamperl.gif
7,367,0,0,0,rs/huntail.gif
7,368,0,0,0,rs/gorebyss.gif
7,369,0,0,0,rs/relicanth.gif
7,370,0,0,0,rs/luvdisc.gif
7,371,0,0,0,rs/bagon.gif
7,372,0,0,0,rs/shelgon.gif
7,373,0,0,0,rs/salamence.gif
7,374,0,0,0,rs/beldum.gif
7,375,0,0,0,rs/metang.gif
7,376,0,0,0,rs/metagross.gif
7,377,0,0,0,rs/regirock.gif
7,378,0,0,0,rs/regice.gif
7,379,0,0,0,rs/registeel.gif
7,380,0,0,0,rs/latias.gif
7,381,0,0,0,rs/latios.gif
7,382,0,0,0,rs/kyogre.gif
7,383,0,0,0,rs/groudon.gif
7,384,0,0,0,rs/rayquaza.gif
7,385,0,0,0,rs/jirachi.gif
7,386,0,0,0,rs/deoxys-normal.gif
7,10001,0,0,0,rs/castform-sunny.gif
7,10002,0,0,0,rs/castform-rainy.gif
7,10003,0,0,0,rs/castform-snowy.gif
7,20001,0,0,0,rs/unown-b.gif
7,20002,0,0,0,rs/unown-c.gif
7,20003,0,0,0,rs/unown-d.gif
7,20004,0,0,0,rs/unown-e.gif
7,20005,0,0,0,rs/unown-f.gif
7,20006,0,0,0,rs/unown-g.gif
7,20007,0,0,0,rs/unown-h.gif
7,20008,0,0,0,rs/unown-i.gif
7,20009,0,0,0,rs/unown-j.gif
7,20010,0,0,0,rs/unown-k.gif
7,20011,0,0,0,rs/unown-l.gif
7,20012,0,0,0,rs/unown-m.gif
7,20013,0,0,0,rs/unown-n.gif
7,20014,0,0,0,rs/unown-o.gif
7,20015,0,0,0,rs/unown-p.gif
7,20016,0,0,0,rs/unown-q.gif
7,20017,0,0,0,rs/unown-r.gif
7,20018,0,0,0,rs/unown-s.gif
7,20019,0,0,0,rs/unown-t.gif
7,20020,0,0,0,rs/unown-u.gif
7,20021,0,0,0,rs/unown-v.gif
7,20022,0,0,0,rs/unown-w.gif
7,20023,0,0,0,rs/unown-x.gif
7,20024,0,0,0,rs/unown-y.gif
7,20025,0,0,0,rs/unown-z.gif
7,20026,0,0,0,rs/unown-exclamation.gif
7,20027,0,0,0,rs/unown-question.gif
8,1,0,0,0,rs/bulbasaur.gif
8,2,0,0,0,rs/ivysaur.gif
8,3,0,0,0,rs/venusaur.gif
8,4,0,0,0,rs/charmander.gif
8,5,0,0,0,rs/charmeleon.gif
8,6,0,0,0,rs/charizard.gif
8,7,0,0,0,rs/squirtle.gif
8,8,0,0,0,rs/wartortle.gif
8,9,0,0,0,rs/blastoise.gif
8,10,0,0,0,rs/caterpie.gif
8,11,0,0,0,rs/metapod.gif
8,12,0,0,0,rs/butterfree.gif
8,13,0,0,0,rs/weedle.gif
8,14,0,0,0,rs/kakuna.gif
8,15,0,0,0,rs/beedrill.gif
8,16,0,0,0,rs/pidgey.gif
8,17,0,0,0,rs/pidgeotto.gif
8,18,0,0,0,rs/pidgeot.gif
8,19,0,0,0,rs/rattata.gif
8,20,0,0,0,rs/raticate.gif
8,21,0,0,0,rs/spearow.gif
8,22,0,0,0,rs/fearow.gif
8,23,0,0,0,rs/ekans.gif
8,24,0,0,0,rs/arbok.gif
8,25,0,0,0,rs/pikachu.gif
8,26,0,0,0,rs/raichu.gif
8,27,0,0,0,rs/sandshrew.gif
8,28,0,0,0,rs/sandslash.gif
8,29,0,0,0,rs/nidoran-f.gif
8,30,0,0,0,rs/nidorina.gif
8,31,0,0,0,rs/nidoqueen.gif
8,32,0,0,0,rs/nidoran-m.gif
8,33,0,0,0,rs/nidorino.gif
8,34,0,0,0,rs/nidoking.gif
8,35,0,0,0,rs/clefairy.gif
8,36,0,0,0,rs/clefable.gif
8,37,0,0,0,rs/vulpix.gif
8,38,0,0,0,rs/ninetales.gif
8,39,0,0,0,rs/jigglypuff.gif
8,40,0,0,0,rs/wigglytuff.gif
8,41,0,0,0,rs/zubat.gif
8,42,0,0,0,rs/golbat.gif
8,43,0,0,0,rs/oddish.gif
8,44,0,0,0,rs/gloom.gif
8,45,0,0,0,rs/vileplume.gif
8,46,0,0,0,rs/paras.gif
8,47,0,0,0,rs/parasect.gif
8,48,0,0,0,rs/venonat.gif
8,49,0,0,0,rs/venomoth.gif
8,50,0,0,0,rs/diglett.gif
8,51,0,0,0,rs/dugtrio.gif
8,52,0,0,0,rs/meowth.gif
8,53,0,0,0,rs/persian.gif
8,54,0,0,0,rs/psyduck.gif
8,55,0,0,0,rs/golduck.gif
8,56,0,0,0,rs/mankey.gif
8,57,0,0,0,rs/primeape.gif
8,58,0,0,0,rs/growlithe.gif
8,59,0,0,0,rs/arcanine.gif
8,60,0,0,0,rs/poliwag.gif
8,61,0,0,0,rs/poliwhirl.gif
8,62,0,0,0,rs/poliwrath.gif
8,63,0,0,0,rs/abra.gif
8,64,0,0,0,rs/kadabra.gif
8,65,0,0,0,rs/alakazam.gif
8,66,0,0,0,rs/machop.gif
8,67,0,0,0,rs/machoke.gif
8,68,0,0,0,rs/machamp.gif
8,69,0,0,0,rs/bellsprout.gif
8,70,0,0,0,rs/weepinbell.gif
8,71,0,0,0,rs/victreebel.gif
8,72,0,0,0,rs/tentacool.gif
8,73,0,0,0,rs/tentacruel.gif
8,74,0,0,0,rs/geodude.gif
8,75,0,0,0,rs/graveler.gif
8,76,0,0,0,rs/golem.gif
8,77,0,0,0,rs/ponyta.gif
8,78,0,0,0,rs/rapidash.gif
8,79,0,0,0,rs/slowpoke.gif
8,80,0,0,0,rs/slowbro.gif
8,81,0,0,0,rs/magnemite.gif
8,82,0,0,0,rs/magneton.gif
8,83,0,0,0,rs/farfetch-d.gif
8,84,0,0,0,rs/doduo.gif
8,85,0,0,0,rs/dodrio.gif
8,86,0,0,0,rs/seel.gif
8,87,0,0,0,rs/dewgong.gif
8,88,0,0,0,rs/grimer.gif
8,89,0,0,0,rs/muk.gif
8,90,0,0,0,rs/shellder.gif
8,91,0,0,0,rs/cloyster.gif
8,92,0,0,0,rs/gastly.gif
8,93,0,0,0,rs/haunter.gif
8,94,0,0,0,rs/gengar.gif
8,95,0,0,0,rs/onix.gif
8,96,0,0,0,rs/drowzee.gif
8,97,0,0,0,rs/hypno.gif
8,98,0,0,0,rs/krabby.gif
8,99,0,0,0,rs/kingler.gif
8,100,0,0,0,rs/voltorb.gif
8,101,0,0,0,rs/electrode.gif
8,102,0,0,0,rs/exeggcute.gif
8,103,0,0,0,rs/exeggutor.gif
8,104,0,0,0,rs/cubone.gif
8,105,0,0,0,rs/marowak.gif
8,106,0,0,0,rs/hitmonlee.gif
8,107,0,0,0,rs/hitmonchan.gif
8,108,0,0,0,rs/lickitung.gif
8,109,0,0,0,rs/koffing.gif
8,110,0,0,0,rs/weezing.gif
8,111,0,0,0,rs/rhyhorn.gif
8,112,0,0,0,rs/rhydon.gif
8,113,0,0,0,rs/chansey.gif
8,114,0,0,0,rs/tangela.gif
8,115,0,0,0,rs/kangaskhan.gif
8,116,0,0,0,rs/horsea.gif
8,117,0,0,0,rs/seadra.gif
8,118,0,0,0,rs/goldeen.gif
8,119,0,0,0,rs/seaking.gif
8,120,0,0,0,rs/staryu.gif
8,121,0,0,0,rs/starmie.gif
8,122,0,0,0,rs/mr-mime.gif
8,123,0,0,0,rs/scyther.gif
8,124,0,0,0,rs/jynx.gif
8,125,0,0,0,rs/electabuzz.gif
8,126,0,0,0,rs/magmar.gif
8,127,0,0,0,rs/pinsir.gif
8,128,0,0,0,rs/tauros.gif
8,129,0,0,0,rs/magikarp.gif
8,130,0,0,0,rs/gyarados.gif
8,131,0,0,0,rs/lapras.gif
8,132,0,0,0,rs/ditto.gif
8,133,0,0,0,rs/eevee.gif
8,134,0,0,0,rs/vaporeon.gif
8,135,0,0,0,rs/jolteon.gif
8,136,0,0,0,rs/flareon.gif
8,137,0,0,0,rs/porygon.gif
8,138,0,0,0,rs/omanyte.gif
8,139,0,0,0,rs/omastar.gif
8,140,0,0,0,rs/kabuto.gif
8,141,0,0,0,rs/kabutops.gif
8,142,0,0,0,rs/aerodactyl.gif
8,143,0,0,0,rs/snorlax.gif
8,144,0,0,0,rs/articuno.gif
8,145,0,0,0,rs/zapdos.gif
8,146,0,0,0,rs/moltres.gif
8,147,0,0,0,rs/dratini.gif
8,148,0,0,0,rs/dragonair.gif
8,149,0,0,0,rs/dragonite.gif
8,150,0,0,0,rs/mewtwo.gif
8,151,0,0,0,rs/mew.gif
8,152,0,0,0,rs/chikorita.gif
8,153,0,0,0,rs/bayleef.gif
8,154,0,0,0,rs/meganium.gif
8,155,0,0,0,rs/cyndaquil.gif
8,156,0,0,0,rs/quilava.gif
8,157,0,0,0,rs/typhlosion.gif
8,158,0,0,0,rs/totodile.gif
8,159,0,0,0,rs/croconaw.gif
8,160,0,0,0,rs/feraligatr.gif
8,161,0,0,0,rs/sentret.gif
8,162,0,0,0,rs/furret.gif
8,163,0,0,0,rs/hoothoot.gif
8,164,0,0,0,rs/noctowl.gif
8,165,0,0,0,rs/ledyba.gif
8,166,0,0,0,rs/ledian.gif
8,167,0,0,0,rs/spinarak.gif
8,168,0,0,0,rs/ariados.gif
8,169,0,0,0,rs/crobat.gif
8,170,0,0,0,rs/chinchou.gif
8,171,0,0,0,rs/lanturn.gif
8,172,0,0,0,rs/pichu.gif
8,173,0,0,0,rs/cleffa.gif
8,174,0,0,0,rs/igglybuff.gif
8,175,0,0,0,rs/togepi.gif
8,176,0,0,0,rs/togetic.gif
8,177,0,0,0,rs/natu.gif
8,178,0,0,0,rs/xatu.gif
8,179,0,0,0,rs/mareep.gif
8,180,0,0,0,rs/flaaffy.gif
8,181,0,0,0,rs/ampharos.gif
8,182,0,0,0,rs/bellossom.gif
8,183,0,0,0,rs/marill.gif
8,184,0,0,0,rs/azumarill.gif
8,185,0,0,0,rs/sudowoodo.gif
8,186,0,0,0,rs/politoed.gif
8,187,0,0,0,rs/hoppip.gif
8,188,0,0,0,rs/skiploom.gif
8,189,0,0,0,rs/jumpluff.gif
8,190,0,0,0,rs/aipom.gif
8,191,0,0,0,rs/sunkern.gif
8,192,0,0,0,rs/sunflora.gif
8,193,0,0,0,rs/yanma.gif
8,194,0,0,0,rs/wooper.gif
8,195,0,0,0,rs/quagsire.gif
8,196,0,0,0,rs/espeon.gif
8,197,0,0,0,rs/umbreon.gif
8,198,0,0,0,rs/murkrow.gif
8,199,0,0,0,rs/slowking.gif
8,200,0,0,0,rs/misdreavus.gif
8,201,0,0,0,rs/unown-a.gif
8,202,0,0,0,rs/wobbuffet.gif
8,203,0,0,0,rs/girafarig.gif
8,204,0,0,0,rs/pineco.gif
8,205,0,0,0,rs/forretress.gif
8,206,0,0,0,rs/dunsparce.gif
8,207,0,0,0,rs/gligar.gif
8,208,0,0,0,rs/steelix.gif
8,209,0,0,0,rs/snubbull.gif
8,210,0,0,0,rs/granbull.gif
8,211,0,0,0,rs/qwilfish.gif
8,212,0,0,0,rs/scizor.gif
8,213,0,0,0,rs/shuckle.gif
8,214,0,0,0,rs/heracross.gif
8,215,0,0,0,rs/sneasel.gif
8,216,0,0,0,rs/teddiursa.gif
8,217,0,0,0,rs/ursaring.gif
8,218,0,0,0,rs/slugma.gif
8,219,0,0,0,rs/magcargo.gif
8,220,0,0,0,rs/swinub.gif
8,221,0,0,0,rs/piloswine.gif
8,222,0,0,0,rs/corsola.gif
8,223,0,0,0,rs/remoraid.gif
8,224,0,0,0,rs/octillery.gif
8,225,0,0,0,rs/delibird.gif
8,226,0,0,0,rs/mantine.gif
8,227,0,0,0,rs/skarmory.gif
8,228,0,0,0,rs/houndour.gif
8,229,0,0,0,rs/houndoom.gif
8,230,0,0,0,rs/kingdra.gif
8,231,0,0,0,rs/phanpy.gif
8,232,0,0,0,rs/donphan.gif
8,233,0,0,0,rs/porygon2.gif
8,234,0,0,0,rs/stantler.gif
8,235,0,0,0,rs/smeargle.gif
8,236,0,0,0,rs/tyrogue.gif
8,237,0,0,0,rs/hitmontop.gif
8,238,0,0,0,rs/smoochum.gif
8,239,0,0,0,rs/elekid.gif
8,240,0,0,0,rs/magby.gif
8,241,0,0,0,rs/miltank.gif
8,242,0,0,0,rs/blissey.gif
8,243,0,0,0,rs/raikou.gif
8,244,0,0,0,rs/entei.gif
8,245,0,0,0,rs/suicune.gif
8,246,0,0,0,rs/larvitar.gif
8,247,0,0,0,rs/pupitar.gif
8,248,0,0,0,rs/tyranitar.gif
8,249,0,0,0,rs/lugia.gif
8,250,0,0,0,rs/ho-oh.gif
8,251,0,0,0,rs/celebi.gif
8,252,0,0,0,rs/treecko.gif
8,253,0,0,0,rs/grovyle.gif
8,254,0,0,0,rs/sceptile.gif
8,255,0,0,0,rs/torchic.gif
8,256,0,0,0,rs/combusken.gif
8,257,0,0,0,rs/blaziken.gif
8,258,0,0,0,rs/mudkip.gif
8,259,0,0,0,rs/marshtomp.gif
8,260,0,0,0,rs/swampert.gif
8,261,0,0,0,rs/poochyena.gif
8,262,0,0,0,rs/mightyena.gif
8,263,0,0,0,rs/zigzagoon.gif
8,264,0,0,0,rs/linoone.gif
8,265,0,0,0,rs/wurmple.gif
8,266,0,0,0,rs/silcoon.gif
8,267,0,0,0,rs/beautifly.gif
8,268,0,0,0,rs/cascoon.gif
8,269,0,0,0,rs/dustox.gif
8,270,0,0,0,rs/lotad.gif
8,271,0,0,0,rs/lombre.gif
8,272,0,0,0,rs/ludicolo.gif
8,273,0,0,0,rs/seedot.gif
8,274,0,0,0,rs/nuzleaf.gif
8,275,0,0,0,rs/shiftry.gif
8,276,0,0,0,rs/taillow.gif
8,277,0,0,0,rs/swellow.gif
8,278,0,0,0,rs/wingull.gif
8,279,0,0,0,rs/pelipper.gif
8,280,0,0,0,rs/ralts.gif
8,281,0,0,0,rs/kirlia.gif
8,282,0,0,0,rs/gardevoir.gif
8,283,0,0,0,rs/surskit.gif
8,284,0,0,0,rs/masquerain.gif
8,285,0,0,0,rs/shroomish.gif
8,286,0,0,0,rs/breloom.gif
8,287,0,0,0,rs/slakoth.gif
8,288,0,0,0,rs/vigoroth.gif
8,289,0,0,0,rs/slaking.gif
8,290,0,0,0,rs/nincada.gif
8,291,0,0,0,rs/ninjask.gif
8,292,0,0,0,rs/shedinja.gif
8,293,0,0,0,rs/whismur.gif
8,294,0,0,0,rs/loudred.gif
8,295,0,0,0,rs/exploud.gif
8,296,0,0,0,rs/makuhita.gif
8,297,0,0,0,rs/hariyama.gif
8,298,0,0,0,rs/azurill.gif
8,299,0,0,0,rs/nosepass.gif
8,300,0,0,0,rs/skitty.gif
8,301,0,0,0,rs/delcatty.gif
8,302,0,0,0,rs/sableye.gif
8,303,0,0,0,rs/mawile.gif
8,304,0,0,0,rs/aron.gif
8,305,0,0,0,rs/lairon.gif
8,306,0,0,0,rs/aggron.gif
8,307,0,0,0,rs/meditite.gif
8,308,0,0,0,rs/medicham.gif
8,309,0,0,0,rs/electrike.gif
8,310,0,0,0,rs/manectric.gif
8,311,0,0,0,rs/plusle.gif
8,312,0,0,0,rs/minun.gif
8,313,0,0,0,rs/volbeat.gif
8,314,0,0,0,rs/illumise.gif
8,315,0,0,0,rs/roselia.gif
8,316,0,0,0,rs/gulpin.gif
8,317,0,0,0,rs/swalot.gif
8,318,0,0,0,rs/carvanha.gif
8,319,0,0,0,rs/sharpedo.gif
8,320,0,0,0,rs/wailmer.gif
8,321,0,0,0,rs/wailord.gif
8,322,0,0,0,rs/numel.gif
8,323,0,0,0,rs/camerupt.gif
8,324,0,0,0,rs/torkoal.gif
8,325,0,0,0,rs/spoink.gif
8,326,0,0,0,rs/grumpig.gif
8,327,0,0,0,rs/spinda.gif
8,328,0,0,0,rs/trapinch.gif
8,329,0,0,0,rs/vibrava.gif
8,330,0,0,0,rs/flygon.gif
8,331,0,0,0,rs/cacnea.gif
8,332,0,0,0,rs/cacturne.gif
8,333,0,0,0,rs/swablu.gif
8,334,0,0,0,rs/altaria.gif
8,335,0,0,0,rs/zangoose.gif
8,336,0,0,0,rs/seviper.gif
8,337,0,0,0,rs/lunatone.gif
8,338,0,0,0,rs/solrock.gif
8,339,0,0,0,rs/barboach.gif
8,340,0,0,0,rs/whiscash.gif
8,341,0,0,0,rs/corphish.gif
8,342,0,0,0,rs/crawdaunt.gif
8,343,0,0,0,rs/baltoy.gif
8,344,0,0,0,rs/claydol.gif
8,345,0,0,0,rs/lileep.gif
8,346,0,0,0,rs/cradily.gif
8,347,0,0,0,rs/anorith.gif
8,348,0,0,0,rs/armaldo.gif
8,349,0,0,0,rs/feebas.gif
8,350,0,0,0,rs/milotic.gif
8,351,0,0,0,rs/castform.gif
8,352,0,0,0,rs/kecleon.gif
8,353,0,0,0,rs/shuppet.gif
8,354,0,0,0,rs/banette.gif
8,355,0,0,0,rs/duskull.gif
8,356,0,0,0,rs/dusclops.gif
8,357,0,0,0,rs/tropius.gif
8,358,0,0,0,rs/chimecho.gif
8,359,0,0,0,rs/absol.gif
8,360,0,0,0,rs/wynaut.gif
8,361,0,0,0,rs/snorunt.gif
8,362,0,0,0,rs/glalie.gif
8,363,0,0,0,rs/spheal.gif
8,364,0,0,0,rs/sealeo.gif
8,365,0,0,0,rs/walrein.gif
8,366,0,0,0,rs/clamperl.gif
8,367,0,0,0,rs/huntail.gif
8,368,0,0,0,rs/gorebyss.gif
8,369,0,0,0,rs/relicanth.gif
8,370,0,0,0,rs/luvdisc.gif
8,371,0,0,0,rs/bagon.gif
8,372,0,0,0,rs/shelgon.gif
8,373,0,0,0,rs/salamence.gif
8,374,0,0,0,rs/beldum.gif
8,375,0,0,0,rs/metang.gif
8,376,0,0,0,rs/metagross.gif
8,377,0,0,0,rs/regirock.gif
8,378,0,0,0,rs/regice.gif
8,379,0,0,0,rs/registeel.gif
8,380,0,0,0,rs/latias.gif
8,381,0,0,0,rs/latios.gif
8,382,0,0,0,rs/kyogre.gif
8,383,0,0,0,rs/groudon.gif
8,384,0,0,0,rs/rayquaza.gif
8,385,0,0,0,rs/jirachi.gif
8,386,0,0,0,rs/deoxys-normal.gif
8,10001,0,0,0,rs/castform-sunny.gif
8,10002,0,0,0,rs/castform-rainy.gif
8,10003,0,0,0,rs/castform-snowy.gif
8,20001,0,0,0,rs/unown-b.gif
8,20002,0,0,0,rs/unown-c.gif
8,20003,0,0,0,rs/unown-d.gif
8,20004,0,0,0,rs/unown-e.gif
8,20005,0,0,0,rs/unown-f.gif
8,20006,0,0,0,rs/unown-g.gif
8,20007,0,0,0,rs/unown-h.gif
8,20008,0,0,0,rs/unown-i.gif
8,20009,0,0,0,rs/unown-j.gif
8,20010,0,0,0,rs/unown-k.gif
8,20011,0,0,0,rs/unown-l.gif
8,20012,0,0,0,rs/unown-m.gif
8,20013,0,0,0,rs/unown-n.gif
8,20014,0,0,0,rs/unown-o.gif
8,20015,0,0,0,rs/unown-p.gif
8,20016,0,0,0,rs/unown-q.gif
8,20017,0,0,0,rs/unown-r.gif
8,20018,0,0,0,rs/unown-s.gif
8,20019,0,0,0,rs/unown-t.gif
8,20020,0,0,0,rs/unown-u.gif
8,20021,0,0,0,rs/unown-v.gif
8,20022,0,0,0,rs/unown-w.gif
8,20023,0,0,0,rs/unown-x.gif
8,20024,0,0,0,rs/unown-y.gif
8,20025,0,0,0,rs/unown-z.gif
8,20026,0,0,0,rs/unown-exclamation.gif
8,20027,0,0,0,rs/unown-question.gif
9,1,0,0,0,rs/bulbasaur.gif
9,2,0,0,0,rs/ivysaur.gif
9,3,0,0,0,rs/venusaur.gif
9,4,0,0,0,rs/charmander.gif
9,5,0,0,0,rs/charmeleon.gif
9,6,0,0,0,rs/charizard.gif
9,7,0,0,0,rs/squirtle.gif
9,8,0,0,0,rs/wartortle.gif
9,9,0,0,0,rs/blastoise.gif
9,10,0,0,0,rs/caterpie.gif
9,11,0,0,0,rs/metapod.gif
9,12,0,0,0,rs/butterfree.gif
9,13,0,0,0,rs/weedle.gif
9,14,0,0,0,rs/kakuna.gif
9,15,0,0,0,rs/beedrill.gif
9,16,0,0,0,rs/pidgey.gif
9,17,0,0,0,rs/pidgeotto.gif
9,18,0,0,0,rs/pidgeot.gif
9,19,0,0,0,rs/rattata.gif
9,20,0,0,0,rs/raticate.gif
9,21,0,0,0,rs/spearow.gif
9,22,0,0,0,rs/fearow.gif
9,23,0,0,0,rs/ekans.gif
9,24,0,0,0,rs/arbok.gif
9,25,0,0,0,rs/pikachu.gif
9,26,0,0,0,rs/raichu.gif
9,27,0,0,0,rs/sandshrew.gif
9,28,0,0,0,rs/sandslash.gif
9,29,0,0,0,rs/nidoran-f.gif
9,30,0,0,0,rs/nidorina.gif
9,31,0,0,0,rs/nidoqueen.gif
9,32,0,0,0,rs/nidoran-m.gif
9,33,0,0,0,rs/nidorino.gif
9,34,0,0,0,rs/nidoking.gif
9,35,0,0,0,rs/clefairy.gif
9,36,0,0,0,rs/clefable.gif
9,37,0,0,0,rs/vulpix.gif
9,38,0,0,0,rs/ninetales.gif
9,39,0,0,0,rs/jigglypuff.gif
9,40,0,0,0,rs/wigglytuff.gif
9,41,0,0,0,rs/zubat.gif
9,42,0,0,0,rs/golbat.gif
9,43,0,0,0,rs/oddish.gif
9,44,0,0,0,rs/gloom.gif
9,45,0,0,0,rs/vileplume.gif
9,46,0,0,0,rs/paras.gif
9,47,0,0,0,rs/parasect.gif
9,48,0,0,0,rs/venonat.gif
9,49,0,0,0,rs/venomoth.gif
9,50,0,0,0,rs/diglett.gif
9,51,0,0,0,rs/dugtrio.gif
9,52,0,0,0,rs/meowth.gif
9,53,0,0,0,rs/persian.gif
9,54,0,0,0,rs/psyduck.gif
9,55,0,0,0,rs/golduck.gif
9,56,0,0,0,rs/mankey.gif
9,57,0,0,0,rs/primeape.gif
9,58,0,0,0,rs/growlithe.gif
9,59,0,0,0,rs/arcanine.gif
9,60,0,0,0,rs/poliwag.gif
9,61,0,0,0,rs/poliwhirl.gif
9,62,0,0,0,rs/poliwrath.gif
9,63,0,0,0,rs/abra.gif
9,64,0,0,0,rs/kadabra.gif
9,65,0,0,0,rs/alakazam.gif
9,66,0,0,0,rs/machop.gif
9,67,0,0,0,rs/machoke.gif
9,68,0,0,0,rs/machamp.gif
9,69,0,0,0,rs/bellsprout.gif
9,70,0,0,0,rs/weepinbell.gif
9,71,0,0,0,rs/victreebel.gif
9,72,0,0,0,rs/tentacool.gif
9,73,0,0,0,rs/tentacruel.gif
9,74,0,0,0,rs/geodude.gif
9,75,0,0,0,rs/graveler.gif
9,76,0,0,0,rs/golem.gif
9,77,0,0,0,rs/ponyta.gif
9,78,0,0,0,rs/rapidash.gif
9,79,0,0,0,rs/slowpoke.gif
9,80,0,0,0,rs/slowbro.gif
9,81,0,0,0,rs/magnemite.gif
9,82,0,0,0,rs/magneton.gif
9,83,0,0,0,rs/farfetch-d.gif
9,84,0,0,0,rs/doduo.gif
9,85,0,0,0,rs/dodrio.gif
9,86,0,0,0,rs/seel.gif
9,87,0,0,0,rs/dewgong.gif
9,88,0,0,0,rs/grimer.gif
9,89,0,0,0,rs/muk.gif
9,90,0,0,0,rs/shellder.gif
9,91,0,0,0,rs/cloyster.gif
9,92,0,0,0,rs/gastly.gif
9,93,0,0,0,rs/haunter.gif
9,94,0,0,0,rs/gengar.gif
9,95,0,0,0,rs/onix.gif
9,96,0,0,0,rs/drowzee.gif
9,97,0,0,0,rs/hypno.gif
9,98,0,0,0,rs/krabby.gif
9,99,0,0,0,rs/kingler.gif
9,100,0,0,0,rs/voltorb.gif
9,101,0,0,0,rs/electrode.gif
9,102,0,0,0,rs/exeggcute.gif
9,103,0,0,0,rs/exeggutor.gif
9,104,0,0,0,rs/cubone.gif
9,105,0,0,0,rs/marowak.gif
9,106,0,0,0,rs/hitmonlee.gif
9,107,0,0,0,rs/hitmonchan.gif
9,108,0,0,0,rs/lickitung.gif
9,109,0,0,0,rs/koffing.gif
9,110,0,0,0,rs/weezing.gif
9,111,0,0,0,rs/rhyhorn.gif
9,112,0,0,0,rs/rhydon.gif
9,113,0,0,0,rs/chansey.gif
9,114,0,0,0,rs/tangela.gif
9,115,0,0,0,rs/kangaskhan.gif
9,116,0,0,0,rs/horsea.gif
9,117,0,0,0,rs/seadra.gif
9,118,0,0,0,rs/goldeen.gif
9,119,0,0,0,rs/seaking.gif
9,120,0,0,0,rs/staryu.gif
9,121,0,0,0,rs/starmie.gif
9,122,0,0,0,rs/mr-mime.gif
9,123,0,0,0,rs/scyther.gif
9,124,0,0,0,rs/jynx.gif
9,125,0,0,0,rs/electabuzz.gif
9,126,0,0,0,rs/magmar.gif
9,127,0,0,0,rs/pinsir.gif
9,128,0,0,0,rs/tauros.gif
9,129,0,0,0,rs/magikarp.gif
9,130,0,0,0,rs/gyarados.gif
9,131,0,0,0,rs/lapras.gif
9,132,0,0,0,rs/ditto.gif
9,133,0,0,0,rs/eevee.gif
9,134,0,0,0,rs/vaporeon.gif
9,135,0,0,0,rs/jolteon.gif
9,136,0,0,0,rs/flareon.gif
9,137,0,0,0,rs/porygon.gif
9,138,0,0,0,rs/omanyte.gif
9,139,0,0,0,rs/omastar.gif
9,140,0,0,0,rs/kabuto.gif
9,141,0,0,0,rs/kabutops.gif
9,142,0,0,0,rs/aerodactyl.gif
9,143,0,0,0,rs/snorlax.gif
9,144,0,0,0,rs/articuno.gif
9,145,0,0,0,rs/zapdos.gif
9,146,0,0,0,rs/moltres.gif
9,147,0,0,0,rs/dratini.gif
9,148,0,0,0,rs/dragonair.gif
9,149,0,0,0,rs/dragonite.gif
9,150,0,0,0,rs/mewtwo.gif
9,151,0,0,0,rs/mew.gif
9,152,0,0,0,rs/chikorita.gif
9,153,0,0,0,rs/bayleef.gif
9,154,0,0,0,rs/meganium.gif
9,155,0,0,0,rs/cyndaquil.gif
9,156,0,0,0,rs/quilava.gif
9,157,0,0,0,rs/typhlosion.gif
9,158,0,0,0,rs/totodile.gif
9,159,0,0,0,rs/croconaw.gif
9,160,0,0,0,rs/feraligatr.gif
9,161,0,0,0,rs/sentret.gif
9,162,0,0,0,rs/furret.gif
9,163,0,0,0,rs/hoothoot.gif
9,164,0,0,0,rs/noctowl.gif
9,165,0,0,0,rs/ledyba.gif
9,166,0,0,0,rs/ledian.gif
9,167,0,0,0,rs/spinarak.gif
9,168,0,0,0,rs/ariados.gif
9,169,0,0,0,rs/crobat.gif
9,170,0,0,0,rs/chinchou.gif
9,171,0,0,0,rs/lanturn.gif
9,172,0,0,0,rs/pichu.gif
9,173,0,0,0,rs/cleffa.gif
9,174,0,0,0,rs/igglybuff.gif
9,175,0,0,0,rs/togepi.gif
9,176,0,0,0,rs/togetic.gif
9,177,0,0,0,rs/natu.gif
9,178,0,0,0,rs/xatu.gif
9,179,0,0,0,rs/mareep.gif
9,180,0,0,0,rs/flaaffy.gif
9,181,0,0,0,rs/ampharos.gif
9,182,0,0,0,rs/bellossom.gif
9,183,0,0,0,rs/marill.gif
9,184,0,0,0,rs/azumarill.gif
9,185,0,0,0,rs/sudowoodo.gif
9,186,0,0,0,rs/politoed.gif
9,187,0,0,0,rs/hoppip.gif
9,188,0,0,0,rs/skiploom.gif
9,189,0,0,0,rs/jumpluff.gif
9,190,0,0,0,rs/aipom.gif
9,191,0,0,0,rs/sunkern.gif
9,192,0,0,0,rs/sunflora.gif
9,193,0,0,0,rs/yanma.gif
9,194,0,0,0,rs/wooper.gif
9,195,0,0,0,rs/quagsire.gif
9,196,0,0,0,rs/espeon.gif
9,197,0,0,0,rs/umbreon.gif
9,198,0,0,0,rs/murkrow.gif
9,199,0,0,0,rs/slowking.gif
9,200,0,0,0,rs/misdreavus.gif
9,201,0,0,0,rs/unown-a.gif
9,202,0,0,0,rs/wobbuffet.gif
9,203,0,0,0,rs/girafarig.gif
9,204,0,0,0,rs/pineco.gif
9,205,0,0,0,rs/forretress.gif
9,206,0,0,0,rs/dunsparce.gif
9,207,0,0,0,rs/gligar.gif
9,208,0,0,0,rs/steelix.gif
9,209,0,0,0,rs/snubbull.gif
9,210,0,0,0,rs/granbull.gif
9,211,0,0,0,rs/qwilfish.gif
9,212,0,0,0,rs/scizor.gif
9,213,0,0,0,rs/shuckle.gif
9,214,0,0,0,rs/heracross.gif
9,215,0,0,0,rs/sneasel.gif
9,216,0,0,0,rs/teddiursa.gif
9,217,0,0,0,rs/ursaring.gif
9,218,0,0,0,rs/slugma.gif
9,219,0,0,0,rs/magcargo.gif
9,220,0,0,0,rs/swinub.gif
9,221,0,0,0,rs/piloswine.gif
9,222,0,0,0,rs/corsola.gif
9,223,0,0,0,rs/remoraid.gif
9,224,0,0,0,rs/octillery.gif
9,225,0,0,0,rs/delibird.gif
9,226,0,0,0,rs/mantine.gif
9,227,0,0,0,rs/skarmory.gif
9,228,0,0,0,rs/houndour.gif
9,229,0,0,0,rs/houndoom.gif
9,230,0,0,0,rs/kingdra.gif
9,231,0,0,0,rs/phanpy.gif
9,232,0,0,0,rs/donphan.gif
9,233,0,0,0,rs/porygon2.gif
9,234,0,0,0,rs/stantler.gif
9,235,0,0,0,rs/smeargle.gif
9,236,0,0,0,rs/tyrogue.gif
9,237,0,0,0,rs/hitmontop.gif
9,238,0,0,0,rs/smoochum.gif
9,239,0,0,0,rs/elekid.gif
9,240,0,0,0,rs/magby.gif
9,241,0,0,0,rs/miltank.gif
9,242,0,0,0,rs/blissey.gif
9,243,0,0,0,rs/raikou.gif
9,244,0,0,0,rs/entei.gif
9,245,0,0,0,rs/suicune.gif
9,246,0,0,0,rs/larvitar.gif
9,247,0,0,0,rs/pupitar.gif
9,248,0,0,0,rs/tyranitar.gif
9,249,0,0,0,rs/lugia.gif
9,250,0,0,0,rs/ho-oh.gif
9,251,0,0,0,rs/celebi.gif
9,252,0,0,0,rs/treecko.gif
9,253,0,0,0,rs/grovyle.gif
9,254,0,0,0,rs/sceptile.gif
9,255,0,0,0,rs/torchic.gif
9,256,0,0,0,rs/combusken.gif
9,257,0,0,0,rs/blaziken.gif
9,258,0,0,0,rs/mudkip.gif
9,259,0,0,0,rs/marshtomp.gif
9,260,0,0,0,rs/swampert.gif
9,261,0,0,0,rs/poochyena.gif
9,262,0,0,0,rs/mightyena.gif
9,263,0,0,0,rs/zigzagoon.gif
9,264,0,0,0,rs/linoone.gif
9,265,0,0,0,rs/wurmple.gif
9,266,0,0,0,rs/silcoon.gif
9,267,0,0,0,rs/beautifly.gif
9,268,0,0,0,rs/cascoon.gif
9,269,0,0,0,rs/dustox.gif
9,270,0,0,0,rs/lotad.gif
9,271,0,0,0,rs/lombre.gif
9,272,0,0,0,rs/ludicolo.gif
9,273,0,0,0,rs/seedot.gif
9,274,0,0,0,rs/nuzleaf.gif
9,275,0,0,0,rs/shiftry.gif
9,276,0,0,0,rs/taillow.gif
9,277,0,0,0,rs/swellow.gif
9,278,0,0,0,rs/wingull.gif
9,279,0,0,0,rs/pelipper.gif
9,280,0,0,0,rs/ralts.gif
9,281,0,0,0,rs/kirlia.gif
9,282,0,0,0,rs/gardevoir.gif
9,283,0,0,0,rs/surskit.gif
9,284,0,0,0,rs/masquerain.gif
9,285,0,0,0,rs/shroomish.gif
9,286,0,0,0,rs/breloom.gif
9,287,0,0,0,rs/slakoth.gif
9,288,0,0,0,rs/vigoroth.gif
9,289,0,0,0,rs/slaking.gif
9,290,0,0,0,rs/nincada.gif
9,291,0,0,0,rs/ninjask.gif
9,292,0,0,0,rs/shedinja.gif
9,293,0,0,0,rs/whismur.gif
9,294,0,0,0,rs/loudred.gif
9,295,0,0,0,rs/exploud.gif
9,296,0,0,0,rs/makuhita.gif
9,297,0,0,0,rs/hariyama.gif
9,298,0,0,0,rs/azurill.gif
9,299,0,0,0,rs/nosepass.gif
9,300,0,0,0,rs/skitty.gif
9,301,0,0,0,rs/delcatty.gif
9,302,0,0,0,rs/sableye.gif
9,303,0,0,0,rs/mawile.gif
9,304,0,0,0,rs/aron.gif
9,305,0,0,0,rs/lairon.gif
9,306,0,0,0,rs/aggron.gif
9,307,0,0,0,rs/meditite.gif
9,308,0,0,0,rs/medicham.gif
9,309,0,0,0,rs/electrike.gif
9,310,0,0,0,rs/manectric.gif
9,311,0,0,0,rs/plusle.gif
9,312,0,0,0,rs/minun.gif
9,313,0,0,0,rs/volbeat.gif
9,314,0,0,0,rs/illumise.gif
9,315,0,0,0,rs/roselia.gif
9,316,0,0,0,rs/gulpin.gif
9,317,0,0,0,rs/swalot.gif
9,318,0,0,0,rs/carvanha.gif
9,319,0,0,0,rs/sharpedo.gif
9,320,0,0,0,rs/wailmer.gif
9,321,0,0,0,rs/wailord.gif
9,322,0,0,0,rs/numel.gif
9,323,0,0,0,rs/camerupt.gif
9,324,0,0,0,rs/torkoal.gif
9,325,0,0,0,rs/spoink.gif
9,326,0,0,0,rs/grumpig.gif
9,327,0,0,0,rs/spinda.gif
9,328,0,0,0,rs/trapinch.gif
9,329,0,0,0,rs/vibrava.gif
9,330,0,0,0,rs/flygon.gif
9,331,0,0,0,rs/cacnea.gif
9,332,0,0,0,rs/cacturne.gif
9,333,0,0,0,rs/swablu.gif
9,334,0,0,0,rs/altaria.gif
9,335,0,0,0,rs/zangoose.gif
9,336,0,0,0,rs/seviper.gif
9,337,0,0,0,rs/lunatone.gif
9,338,0,0,0,rs/solrock.gif
9,339,0,0,0,rs/barboach.gif
9,340,0,0,0,rs/whiscash.gif
9,341,0,0,0,rs/corphish.gif
9,342,0,0,0,rs/crawdaunt.gif
9,343,0,0,0,rs/baltoy.gif
9,344,0,0,0,rs/claydol.gif
9,345,0,0,0,rs/lileep.gif
9,346,0,0,0,rs/cradily.gif
9,347,0,0,0,rs/anorith.gif
9,348,0,0,0,rs/armaldo.gif
9,349,0,0,0,rs/feebas.gif
9,350,0,0,0,rs/milotic.gif
9,351,0,0,0,rs/castform.gif
9,352,0,0,0,rs/kecleon.gif
9,353,0,0,0,rs/shuppet.gif
9,354,0,0,0,rs/banette.gif
9,355,0,0,0,rs/duskull.gif
9,356,0,0,0,rs/dusclops.gif
9,357,0,0,0,rs/tropius.gif
9,358,0,0,0,rs/chimecho.gif
9,359,0,0,0,rs/absol.gif
9,360,0,0,0,rs/wynaut.gif
9,361,0,0,0,rs/snorunt.gif
9,362,0,0,0,rs/glalie.gif
9,363,0,0,0,rs/spheal.gif
9,364,0,0,0,rs/sealeo.gif
9,365,0,0,0,rs/walrein.gif
9,366,0,0,0,rs/clamperl.gif
9,367,0,0,0,rs/huntail.gif
9,368,0,0,0,rs/gorebyss.gif
9,369,0,0,0,rs/relicanth.gif
9,370,0,0,0,rs/luvdisc.gif
9,371,0,0,0,rs/bagon.gif
9,372,0,0,0,rs/shelgon.gif
9,373,0,0,0,rs/salamence.gif
9,374,0,0,0,rs/beldum.gif
9,375,0,0,0,rs/metang.gif
9,376,0,0,0,rs/metagross.gif
9,377,0,0,0,rs/regirock.gif
9,378,0,0,0,rs/regice.gif
9,379,0,0,0,rs/registeel.gif
9,380,0,0,0,rs/latias.gif
9,381,0,0,0,rs/latios.gif
9,382,0,0,0,rs/kyogre.gif
9,383,0,0,0,rs/groudon.gif
9,384,0,0,0,rs/rayquaza.gif
9,385,0,0,0,rs/jirachi.gif
9,10001,0,0,0,rs/castform-sunny.gif
9,10002,0,0,0,rs/castform-rainy.gif
9,10003,0,0,0,rs/castform-snowy.gif
9,10004,0,0,0,rs/deoxys-attack.gif
9,10005,0,0,0,rs/deoxys-defense.gif
9,20001,0,0,0,rs/unown-b.gif
9,20002,0,0,0,rs/unown-c.gif
9,20003,0,0,0,rs/unown-d.gif
9,20004,0,0,0,rs/unown-e.gif
9,20005,0,0,0,rs/unown-f.gif
9,20006,0,0,0,rs/unown-g.gif
9,20007,0,0,0,rs/unown-h.gif
9,20008,0,0,0,rs/unown-i.gif
9,20009,0,0,0,rs/unown-j.gif
9,20010,0,0,0,rs/unown-k.gif
9,20011,0,0,0,rs/unown-l.gif
9,20012,0,0,0,rs/unown-m.gif
9,20013,0,0,0,rs/unown-n.gif
9,20014,0,0,0,rs/unown-o.gif
9,20015,0,0,0,rs/unown-p.gif
9,20016,0,0,0,rs/unown-q.gif
9,20017,0,0,0,rs/unown-r.gif
9,20018,0,0,0,rs/unown-s.gif
9,20019,0,0,0,rs/unown-t.gif
9,20020,0,0,0,rs/unown-u.gif
9,20021,0,0,0,rs/unown-v.gif
9,20022,0,0,0,rs/unown-w.gif
9,20023,0,0,0,rs/unown-x.gif
9,20024,0,0,0,rs/unown-y.gif
9,20025,0,0,0,rs/unown-z.gif
9,20026,0,0,0,rs/unown-exclamation.gif
9,20027,0,0,0,rs/unown-question.gif
10,1,0,0,0,rs/bulbasaur.gif
10,2,0,0,0,rs/ivysaur.gif
10,3,0,0,0,rs/venusaur.gif
10,4,0,0,0,rs/charmander.gif
10,5,0,0,0,rs/charmeleon.gif
10,6,0,0,0,rs/charizard.gif
10,7,0,0,0,rs/squirtle.gif
10,8,0,0,0,rs/wartortle.gif
10,9,0,0,0,rs/blastoise.gif
10,10,0,0,0,rs/caterpie.gif
10,11,0,0,0,rs/metapod.gif
10,12,0,0,0,rs/butterfree.gif
10,13,0,0,0,rs/weedle.gif
10,14,0,0,0,rs/kakuna.gif
10,15,0,0,0,rs/beedrill.gif
10,16,0,0,0,rs/pidgey.gif
10,17,0,0,0,rs/pidgeotto.gif
10,18,0,0,0,rs/pidgeot.gif
10,19,0,0,0,rs/rattata.gif
10,20,0,0,0,rs/raticate.gif
10,21,0,0,0,rs/spearow.gif
10,22,0,0,0,rs/fearow.gif
10,23,0,0,0,rs/ekans.gif
10,24,0,0,0,rs/arbok.gif
10,25,0,0,0,rs/pikachu.gif
10,26,0,0,0,rs/raichu.gif
10,27,0,0,0,rs/sandshrew.gif
10,28,0,0,0,rs/sandslash.gif
10,29,0,0,0,rs/nidoran-f.gif
10,30,0,0,0,rs/nidorina.gif
10,31,0,0,0,rs/nidoqueen.gif
10,32,0,0,0,rs/nidoran-m.gif
10,33,0,0,0,rs/nidorino.gif
10,34,0,0,0,rs/nidoking.gif
10,35,0,0,0,rs/clefairy.gif
10,36,0,0,0,rs/clefable.gif
10,37,0,0,0,rs/vulpix.gif
10,38,0,0,0,rs/ninetales.gif
10,39,0,0,0,rs/jigglypuff.gif
10,40,0,0,0,rs/wigglytuff.gif
10,41,0,0,0,rs/zubat.gif
10,42,0,0,0,rs/golbat.gif
10,43,0,0,0,rs/oddish.gif
10,44,0,0,0,rs/gloom.gif
10,45,0,0,0,rs/vileplume.gif
10,46,0,0,0,rs/paras.gif
10,47,0,0,0,rs/parasect.gif
10,48,0,0,0,rs/venonat.gif
10,49,0,0,0,rs/venomoth.gif
10,50,0,0,0,rs/diglett.gif
10,51,0,0,0,rs/dugtrio.gif
10,52,0,0,0,rs/meowth.gif
10,53,0,0,0,rs/persian.gif
10,54,0,0,0,rs/psyduck.gif
10,55,0,0,0,rs/golduck.gif
10,56,0,0,0,rs/mankey.gif
10,57,0,0,0,rs/primeape.gif
10,58,0,0,0,rs/growlithe.gif
10,59,0,0,0,rs/arcanine.gif
10,60,0,0,0,rs/poliwag.gif
10,61,0,0,0,rs/poliwhirl.gif
10,62,0,0,0,rs/poliwrath.gif
10,63,0,0,0,rs/abra.gif
10,64,0,0,0,rs/kadabra.gif
10,65,0,0,0,rs/alakazam.gif
10,66,0,0,0,rs/machop.gif
10,67,0,0,0,rs/machoke.gif
10,68,0,0,0,rs/machamp.gif
10,69,0,0,0,rs/bellsprout.gif
10,70,0,0,0,rs/weepinbell.gif
10,71,0,0,0,rs/victreebel.gif
10,72,0,0,0,rs/tentacool.gif
10,73,0,0,0,rs/tentacruel.gif
10,74,0,0,0,rs/geodude.gif
10,75,0,0,0,rs/graveler.gif
10,76,0,0,0,rs/golem.gif
10,77,0,0,0,rs/ponyta.gif
10,78,0,0,0,rs/rapidash.gif
10,79,0,0,0,rs/slowpoke.gif
10,80,0,0,0,rs/slowbro.gif
10,81,0,0,0,rs/magnemite.gif
10,82,0,0,0,rs/magneton.gif
10,83,0,0,0,rs/farfetch-d.gif
10,84,0,0,0,rs/doduo.gif
10,85,0,0,0,rs/dodrio.gif
10,86,0,0,0,rs/seel.gif
10,87,0,0,0,rs/dewgong.gif
10,88,0,0,0,rs/grimer.gif
10,89,0,0,0,rs/muk.gif
10,90,0,0,0,rs/shellder.gif
10,91,0,0,0,rs/cloyster.gif
10,92,0,0,0,rs/gastly.gif
10,93,0,0,0,rs/haunter.gif
10,94,0,0,0,rs/gengar.gif
10,95,0,0,0,rs/onix.gif
10,96,0,0,0,rs/drowzee.gif
10,97,0,0,0,rs/hypno.gif
10,98,0,0,0,rs/krabby.gif
10,99,0,0,0,rs/kingler.gif
10,100,0,0,0,rs/voltorb.gif
10,101,0,0,0,rs/electrode.gif
10,102,0,0,0,rs/exeggcute.gif
10,103,0,0,0,rs/exeggutor.gif
10,104,0,0,0,rs/cubone.gif
10,105,0,0,0,rs/marowak.gif
10,106,0,0,0,rs/hitmonlee.gif
10,107,0,0,0,rs/hitmonchan.gif
10,108,0,0,0,rs/lickitung.gif
10,109,0,0,0,rs/koffing.gif
10,110,0,0,0,rs/weezing.gif
10,111,0,0,0,rs/rhyhorn.gif
10,112,0,0,0,rs/rhydon.gif
10,113,0,0,0,rs/chansey.gif
10,114,0,0,0,rs/tangela.gif
10,115,0,0,0,rs/kangaskhan.gif
10,116,0,0,0,rs/horsea.gif
10,117,0,0,0,rs/seadra.gif
10,118,0,0,0,rs/goldeen.gif
10,119,0,0,0,rs/seaking.gif
10,120,0,0,0,rs/staryu.gif
10,121,0,0,0,rs/starmie.gif
10,122,0,0,0,rs/mr-mime.gif
10,123,0,0,0,rs/scyther.gif
10,124,0,0,0,rs/jynx.gif
10,125,0,0,0,rs/electabuzz.gif
10,126,0,0,0,rs/magmar.gif
10,127,0,0,0,rs/pinsir.gif
10,128,0,0,0,rs/tauros.gif
10,129,0,0,0,rs/magikarp.gif
10,130,0,0,0,rs/gyarados.gif
10,131,0,0,0,rs/lapras.gif
10,132,0,0,0,rs/ditto.gif
10,133,0,0,0,rs/eevee.gif
10,134,0,0,0,rs/vaporeon.gif
10,135,0,0,0,rs/jolteon.gif
10,136,0,0,0,rs/flareon.gif
10,137,0,0,0,rs/porygon.gif
10,138,0,0,0,rs/omanyte.gif
10,139,0,0,0,rs/omastar.gif
10,140,0,0,0,rs/kabuto.gif
10,141,0,0,0,rs/kabutops.gif
10,142,0,0,0,rs/aerodactyl.gif
10,143,0,0,0,rs/snorlax.gif
10,144,0,0,0,rs/articuno.gif
10,145,0,0,0,rs/zapdos.gif
10,146,0,0,0,rs/moltres.gif
10,147,0,0,0,rs/dratini.gif
10,148,0,0,0,rs/dragonair.gif
10,149,0,0,0,rs/dragonite.gif
10,150,0,0,0,rs/mewtwo.gif
10,151,0,0,0,rs/mew.gif
10,152,0,0,0,rs/chikorita.gif
10,153,0,0,0,rs/bayleef.gif
10,154,0,0,0,rs/meganium.gif
10,155,0,0,0,rs/cyndaquil.gif
10,156,0,0,0,rs/quilava.gif
10,157,0,0,0,rs/typhlosion.gif
10,158,0,0,0,rs/totodile.gif
10,159,0,0,0,rs/croconaw.gif
10,160,0,0,0,rs/feraligatr.gif
10,161,0,0,0,rs/sentret.gif
10,162,0,0,0,rs/furret.gif
10,163,0,0,0,rs/hoothoot.gif
10,164,0,0,0,rs/noctowl.gif
10,165,0,0,0,rs/ledyba.gif
10,166,0,0,0,rs/ledian.gif
10,167,0,0,0,rs/spinarak.gif
10,168,0,0,0,rs/ariados.gif
10,169,0,0,0,rs/crobat.gif
10,170,0,0,0,rs/chinchou.gif
10,171,0,0,0,rs/lanturn.gif
10,172,0,0,0,rs/pichu.gif
10,173,0,0,0,rs/cleffa.gif
10,174,0,0,0,rs/igglybuff.gif
10,175,0,0,0,rs/togepi.gif
10,176,0,0,0,rs/togetic.gif
10,177,0,0,0,rs/natu.gif
10,178,0,0,0,rs/xatu.gif
10,179,0,0,0,rs/mareep.gif
10,180,0,0,0,rs/flaaffy.gif
10,181,0,0,0,rs/ampharos.gif
10,182,0,0,0,rs/bellossom.gif
10,183,0,0,0,rs/marill.gif
10,184,0,0,0,rs/azumarill.gif
10,185,0,0,0,rs/sudowoodo.gif
10,186,0,0,0,rs/politoed.gif
10,187,0,0,0,rs/hoppip.gif
10,188,0,0,0,rs/skiploom.gif
10,189,0,0,0,rs/jumpluff.gif
10,190,0,0,0,rs/aipom.gif
10,191,0,0,0,rs/sunkern.gif
10,192,0,0,0,rs/sunflora.gif
10,193,0,0,0,rs/yanma.gif
10,194,0,0,0,rs/wooper.gif
10,195,0,0,0,rs/quagsire.gif
10,196,0,0,0,rs/espeon.gif
10,197,0,0,0,rs/umbreon.gif
10,198,0,0,0,rs/murkrow.gif
10,199,0,0,0,rs/slowking.gif
10,200,0,0,0,rs/misdreavus.gif
10,201,0,0,0,rs/unown-a.gif
10,202,0,0,0,rs/wobbuffet.gif
10,203,0,0,0,rs/girafarig.gif
10,204,0,0,0,rs/pineco.gif
10,205,0,0,0,rs/forretress.gif
10,206,0,0,0,rs/dunsparce.gif
10,207,0,0,0,rs/gligar.gif
10,208,0,0,0,rs/steelix.gif
10,209,0,0,0,rs/snubbull.gif
10,210,0,0,0,rs/granbull.gif
10,211,0,0,0,rs/qwilfish.gif
10,212,0,0,0,rs/scizor.gif
10,213,0,0,0,rs/shuckle.gif
10,214,0,0,0,rs/heracross.gif
10,215,0,0,0,rs/sneasel.gif
10,216,0,0,0,rs/teddiursa.gif
10,217,0,0,0,rs/ursaring.gif
10,218,0,0,0,rs/slugma.gif
10,219,0,0,0,rs/magcargo.gif
10,220,0,0,0,rs/swinub.gif
10,221,0,0,0,rs/piloswine.gif
10,222,0,0,0,rs/corsola.gif
10,223,0,0,0,rs/remoraid.gif
10,224,0,0,0,rs/octillery.gif
10,225,0,0,0,rs/delibird.gif
10,226,0,0,0,rs/mantine.gif
10,227,0,0,0,rs/skarmory.gif
10,228,0,0,0,rs/houndour.gif
10,229,0,0,0,rs/houndoom.gif
10,230,0,0,0,rs/kingdra.gif
10,231,0,0,0,rs/phanpy.gif
10,232,0,0,0,rs/donphan.gif
10,233,0,0,0,rs/porygon2.gif
10,234,0,0,0,rs/stantler.gif
10,235,0,0,0,rs/smeargle.gif
10,236,0,0,0,rs/tyrogue.gif
10,237,0,0,0,rs/hitmontop.gif
10,238,0,0,0,rs/smoochum.gif
10,239,0,0,0,rs/elekid.gif
10,240,0,0,0,rs/magby.gif
10,241,0,0,0,rs/miltank.gif
10,242,0,0,0,rs/blissey.gif
10,243,0,0,0,rs/raikou.gif
10,244,0,0,0,rs/entei.gif
10,245,0,0,0,rs/suicune.gif
10,246,0,0,0,rs/larvitar.gif
10,247,0,0,0,rs/pupitar.gif
10,248,0,0,0,rs/tyranitar.gif
10,249,0,0,0,rs/lugia.gif
10,250,0,0,0,rs/ho-oh.gif
10,251,0,0,0,rs/celebi.gif
10,252,0,0,0,rs/treecko.gif
10,253,0,0,0,rs/grovyle.gif
10,254,0,0,0,rs/sceptile.gif
10,255,0,0,0,rs/torchic.gif
10,256,0,0,0,rs/combusken.gif
10,257,0,0,0,rs/blaziken.gif
10,258,0,0,0,rs/mudkip.gif
10,259,0,0,0,rs/marshtomp.gif
10,260,0,0,0,rs/swampert.gif
10,261,0,0,0,rs/poochyena.gif
10,262,0,0,0,rs/mightyena.gif
10,263,0,0,0,rs/zigzagoon.gif
10,264,0,0,0,rs/linoone.gif
10,265,0,0,0,rs/wurmple.gif
10,266,0,0,0,rs/silcoon.gif
10,267,0,0,0,rs/beautifly.gif
10,268,0,0,0,rs/cascoon.gif
10,269,0,0,0,rs/dustox.gif
10,270,0,0,0,rs/lotad.gif
10,271,0,0,0,rs/lombre.gif
10,272,0,0,0,rs/ludicolo.gif
10,273,0,0,0,rs/seedot.gif
10,274,0,0,0,rs/nuzleaf.gif
10,275,0,0,0,rs/shiftry.gif
10,276,0,0,0,rs/taillow.gif
10,277,0,0,0,rs/swellow.gif
10,278,0,0,0,rs/wingull.gif
10,279,0,0,0,rs/pelipper.gif
10,280,0,0,0,rs/ralts.gif
10,281,0,0,0,rs/kirlia.gif
10,282,0,0,0,rs/gardevoir.gif
10,283,0,0,0,rs/surskit.gif
10,284,0,0,0,rs/masquerain.gif
10,285,0,0,0,rs/shroomish.gif
10,286,0,0,0,rs/breloom.gif
10,287,0,0,0,rs/slakoth.gif
10,288,0,0,0,rs/vigoroth.gif
10,289,0,0,0,rs/slaking.gif
10,290,0,0,0,rs/nincada.gif
10,291,0,0,0,rs/ninjask.gif
10,292,0,0,0,rs/shedinja.gif
10,293,0,0,0,rs/whismur.gif
10,294,0,0,0,rs/loudred.gif
10,295,0,0,0,rs/exploud.gif
10,296,0,0,0,rs/makuhita.gif
10,297,0,0,0,rs/hariyama.gif
10,298,0,0,0,rs/azurill.gif
10,299,0,0,0,rs/nosepass.gif
10,300,0,0,0,rs/skitty.gif
10,301,0,0,0,rs/delcatty.gif
10,302,0,0,0,rs/sableye.gif
10,303,0,0,0,rs/mawile.gif
10,304,0,0,0,rs/aron.gif
10,305,0,0,0,rs/lairon.gif
10,306,0,0,0,rs/aggron.gif
10,307,0,0,0,rs/meditite.gif
10,308,0,0,0,rs/medicham.gif
10,309,0,0,0,rs/electrike.gif
10,310,0,0,0,rs/manectric.gif
10,311,0,0,0,rs/plusle.gif
10,312,0,0,0,rs/minun.gif
10,313,0,0,0,rs/volbeat.gif
10,314,0,0,0,rs/illumise.gif
10,315,0,0,0,rs/roselia.gif
10,316,0,0,0,rs/gulpin.gif
10,317,0,0,0,rs/swalot.gif
10,318,0,0,0,rs/carvanha.gif
10,319,0,0,0,rs/sharpedo.gif
10,320,0,0,0,rs/wailmer.gif
10,321,0,0,0,rs/wailord.gif
10,322,0,0,0,rs/numel.gif
10,323,0,0,0,rs/camerupt.gif
10,324,0,0,0,rs/torkoal.gif
10,325,0,0,0,rs/spoink.gif
10,326,0,0,0,rs/grumpig.gif
10,327,0,0,0,rs/spinda.gif
10,328,0,0,0,rs/trapinch.gif
10,329,0,0,0,rs/vibrava.gif
10,330,0,0,0,rs/flygon.gif
10,331,0,0,0,rs/cacnea.gif
10,332,0,0,0,rs/cacturne.gif
10,333,0,0,0,rs/swablu.gif
10,334,0,0,0,rs/altaria.gif
10,335,0,0,0,rs/zangoose.gif
10,336,0,0,0,rs/seviper.gif
10,337,0,0,0,rs/lunatone.gif
10,338,0,0,0,rs/solrock.gif
10,339,0,0,0,rs/barboach.gif
10,340,0,0,0,rs/whiscash.gif
10,341,0,0,0,rs/corphish.gif
10,342,0,0,0,rs/crawdaunt.gif
10,343,0,0,0,rs/baltoy.gif
10,344,0,0,0,rs/claydol.gif
10,345,0,0,0,rs/lileep.gif
10,346,0,0,0,rs/cradily.gif
10,347,0,0,0,rs/anorith.gif
10,348,0,0,0,rs/armaldo.gif
10,349,0,0,0,rs/feebas.gif
10,350,0,0,0,rs/milotic.gif
10,351,0,0,0,rs/castform.gif
10,352,0,0,0,rs/kecleon.gif
10,353,0,0,0,rs/shuppet.gif
10,354,0,0,0,rs/banette.gif
10,355,0,0,0,rs/duskull.gif
10,356,0,0,0,rs/dusclops.gif
10,357,0,0,0,rs/tropius.gif
10,358,0,0,0,rs/chimecho.gif
10,359,0,0,0,rs/absol.gif
10,360,0,0,0,rs/wynaut.gif
10,361,0,0,0,rs/snorunt.gif
10,362,0,0,0,rs/glalie.gif
10,363,0,0,0,rs/spheal.gif
10,364,0,0,0,rs/sealeo.gif
10,365,0,0,0,rs/walrein.gif
10,366,0,0,0,rs/clamperl.gif
10,367,0,0,0,rs/huntail.gif
10,368,0,0,0,rs/gorebyss.gif
10,369,0,0,0,rs/relicanth.gif
10,370,0,0,0,rs/luvdisc.gif
10,371,0,0,0,rs/bagon.gif
10,372,0,0,0,rs/shelgon.gif
10,373,0,0,0,rs/salamence.gif
10,374,0,0,0,rs/beldum.gif
10,375,0,0,0,rs/metang.gif
10,376,0,0,0,rs/metagross.gif
10,377,0,0,0,rs/regirock.gif
10,378,0,0,0,rs/regice.gif
10,379,0,0,0,rs/registeel.gif
10,380,0,0,0,rs/latias.gif
10,381,0,0,0,rs/latios.gif
10,382,0,0,0,rs/kyogre.gif
10,383,0,0,0,rs/groudon.gif
10,384,0,0,0,rs/rayquaza.gif
10,385,0,0,0,rs/jirachi.gif
10,10001,0,0,0,rs/castform-sunny.gif
10,10002,0,0,0,rs/castform-rainy.gif
10,10003,0,0,0,rs/castform-snowy.gif
10,10006,0,0,0,rs/deoxys-speed.gif
10,20001,0,0,0,rs/unown-b.gif
10,20002,0,0,0,rs/unown-c.gif
10,20003,0,0,0,rs/unown-d.gif
10,20004,0,0,0,rs/unown-e.gif
10,20005,0,0,0,rs/unown-f.gif
10,20006,0,0,0,rs/unown-g.gif
10,20007,0,0,0,rs/unown-h.gif
10,20008,0,0,0,rs/unown-i.gif
10,20009,0,0,0,rs/unown-j.gif
10,20010,0,0,0,rs/unown-k.gif
10,20011,0,0,0,rs/unown-l.gif
10,20012,0,0,0,rs/unown-m.gif
10,20013,0,0,0,rs/unown-n.gif
10,20014,0,0,0,rs/unown-o.gif
10,20015,0,0,0,rs/unown-p.gif
10,20016,0,0,0,rs/unown-q.gif
10,20017,0,0,0,rs/unown-r.gif
10,20018,0,0,0,rs/unown-s.gif
10,20019,0,0,0,rs/unown-t.gif
10,20020,0,0,0,rs/unown-u.gif
10,20021,0,0,0,rs/unown-v.gif
10,20022,0,0,0,rs/unown-w.gif
10,20023,0,0,0,rs/unown-x.gif
10,20024,0,0,0,rs/unown-y.gif
10,20025,0,0,0,rs/unown-z.gif
10,20026,0,0,0,rs/unown-exclamation.gif
10,20027,0,0,0,rs/unown-question.gif
11,1,0,0,0,rs/bulbasaur.gif
11,2,0,0,0,rs/ivysaur.gif
11,3,0,0,0,rs/venusaur.gif
11,4,0,0,0,rs/charmander.gif
11,5,0,0,0,rs/charmeleon.gif
11,6,0,0,0,rs/charizard.gif
11,7,0,0,0,rs/squirtle.gif
11,8,0,0,0,rs/wartortle.gif
11,9,0,0,0,rs/blastoise.gif
11,10,0,0,0,rs/caterpie.gif
11,11,0,0,0,rs/metapod.gif
11,12,0,0,0,rs/butterfree.gif
11,13,0,0,0,rs/weedle.gif
11,14,0,0,0,rs/kakuna.gif
11,15,0,0,0,rs/beedrill.gif
11,16,0,0,0,rs/pidgey.gif
11,17,0,0,0,rs/pidgeotto.gif
11,18,0,0,0,rs/pidgeot.gif
11,19,0,0,0,rs/rattata.gif
11,20,0,0,0,rs/raticate.gif
11,21,0,0,0,rs/spearow.gif
11,22,0,0,0,rs/fearow.gif
11,23,0,0,0,rs/ekans.gif
11,24,0,0,0,rs/arbok.gif
11,25,0,0,0,rs/pikachu.gif
11,26,0,0,0,rs/raichu.gif
11,27,0,0,0,rs/sandshrew.gif
11,28,0,0,0,rs/sandslash.gif
11,29,0,0,0,rs/nidoran-f.gif
11,30,0,0,0,rs/nidorina.gif
11,31,0,0,0,rs/nidoqueen.gif
11,32,0,0,0,rs/nidoran-m.gif
11,33,0,0,0,rs/nidorino.gif
11,34,0,0,0,rs/nidoking.gif
11,35,0,0,0,rs/clefairy.gif
11,36,0,0,0,rs/clefable.gif
11,37,0,0,0,rs/vulpix.gif
11,38,0,0,0,rs/ninetales.gif
11,39,0,0,0,rs/jigglypuff.gif
11,40,0,0,0,rs/wigglytuff.gif
11,41,0,0,0,rs/zubat.gif
11,42,0,0,0,rs/golbat.gif
11,43,0,0,0,rs/oddish.gif
11,44,0,0,0,rs/gloom.gif
11,45,0,0,0,rs/vileplume.gif
11,46,0,0,0,rs/paras.gif
11,47,0,0,0,rs/parasect.gif
11,48,0,0,0,rs/venonat.gif
11,49,0,0,0,rs/venomoth.gif
11,50,0,0,0,rs/diglett.gif
11,51,0,0,0,rs/dugtrio.gif
11,52,0,0,0,rs/meowth.gif
11,53,0,0,0,rs/persian.gif
11,54,0,0,0,rs/psyduck.gif
11,55,0,0,0,rs/golduck.gif
11,56,0,0,0,rs/mankey.gif
11,57,0,0,0,rs/primeape.gif
11,58,0,0,0,rs/growlithe.gif
11,59,0,0,0,rs/arcanine.gif
11,60,0,0,0,rs/poliwag.gif
11,61,0,0,0,rs/poliwhirl.gif
11,62,0,0,0,rs/poliwrath.gif
11,63,0,0,0,rs/abra.gif
11,64,0,0,0,rs/kadabra.gif
11,65,0,0,0,rs/alakazam.gif
11,66,0,0,0,rs/machop.gif
11,67,0,0,0,rs/machoke.gif
11,68,0,0,0,rs/machamp.gif
11,69,0,0,0,rs/bellsprout.gif
11,70,0,0,0,rs/weepinbell.gif
11,71,0,0,0,rs/victreebel.gif
11,72,0,0,0,rs/tentacool.gif
11,73,0,0,0,rs/tentacruel.gif
11,74,0,0,0,rs/geodude.gif
11,75,0,0,0,rs/graveler.gif
11,76,0,0,0,rs/golem.gif
11,77,0,0,0,rs/ponyta.gif
11,78,0,0,0,rs/rapidash.gif
11,79,0,0,0,rs/slowpoke.gif
11,80,0,0,0,rs/slowbro.gif
11,81,0,0,0,rs/magnemite.gif
11,82,0,0,0,rs/magneton.gif
11,83,0,0,0,rs/farfetch-d.gif
11,84,0,0,0,rs/doduo.gif
11,85,0,0,0,rs/dodrio.gif
11,86,0,0,0,rs/seel.gif
11,87,0,0,0,rs/dewgong.gif
11,88,0,0,0,rs/grimer.gif
11,89,0,0,0,rs/muk.gif
11,90,0,0,0,rs/shellder.gif
11,91,0,0,0,rs/cloyster.gif
11,92,0,0,0,rs/gastly.gif
11,93,0,0,0,rs/haunter.gif
11,94,0,0,0,rs/gengar.gif
11,95,0,0,0,rs/onix.gif
11,96,0,0,0,rs/drowzee.gif
11,97,0,0,0,rs/hypno.gif
11,98,0,0,0,rs/krabby.gif
11,99,0,0,0,rs/kingler.gif
11,100,0,0,0,rs/voltorb.gif
11,101,0,0,0,rs/electrode.gif
11,102,0,0,0,rs/exeggcute.gif
11,103,0,0,0,rs/exeggutor.gif
11,104,0,0,0,rs/cubone.gif
11,105,0,0,0,rs/marowak.gif
11,106,0,0,0,rs/hitmonlee.gif
11,107,0,0,0,rs/hitmonchan.gif
11,108,0,0,0,rs/lickitung.gif
11,109,0,0,0,rs/koffing.gif
11,110,0,0,0,rs/weezing.gif
11,111,0,0,0,rs/rhyhorn.gif
11,112,0,0,0,rs/rhydon.gif
11,113,0,0,0,rs/chansey.gif
11,114,0,0,0,rs/tangela.gif
11,115,0,0,0,rs/kangaskhan.gif
11,116,0,0,0,rs/horsea.gif
11,117,0,0,0,rs/seadra.gif
11,118,0,0,0,rs/goldeen.gif
11,119,0,0,0,rs/seaking.gif
11,120,0,0,0,rs/staryu.gif
11,121,0,0,0,rs/starmie.gif
11,122,0,0,0,rs/mr-mime.gif
11,123,0,0,0,rs/scyther.gif
11,124,0,0,0,rs/jynx.gif
11,125,0,0,0,rs/electabuzz.gif
11,126,0,0,0,rs/magmar.gif
11,127,0,0,0,rs/pinsir.gif
11,128,0,0,0,rs/tauros.gif
11,129,0,0,0,rs/magikarp.gif
11,130,0,0,0,rs/gyarados.gif
11,131,0,0,0,rs/lapras.gif
11,132,0,0,0,rs/ditto.gif
11,133,0,0,0,rs/eevee.gif
11,134,0,0,0,rs/vaporeon.gif
11,135,0,0,0,rs/jolteon.gif
11,136,0,0,0,rs/flareon.gif
11,137,0,0,0,rs/porygon.gif
11,138,0,0,0,rs/omanyte.gif
11,139,0,0,0,rs/omastar.gif
11,140,0,0,0,rs/kabuto.gif
11,141,0,0,0,rs/kabutops.gif
11,142,0,0,0,rs/aerodactyl.gif
11,143,0,0,0,rs/snorlax.gif
11,144,0,0,0,rs/articuno.gif
11,145,0,0,0,rs/zapdos.gif
11,146,0,0,0,rs/moltres.gif
11,147,0,0,0,rs/dratini.gif
11,148,0,0,0,rs/dragonair.gif
11,149,0,0,0,rs/dragonite.gif
11,150,0,0,0,rs/mewtwo.gif
11,151,0,0,0,rs/mew.gif
11,152,0,0,0,rs/chikorita.gif
11,153,0,0,0,rs/bayleef.gif
11,154,0,0,0,rs/meganium.gif
11,155,0,0,0,rs/cyndaquil.gif
11,156,0,0,0,rs/quilava.gif
11,157,0,0,0,rs/typhlosion.gif
11,158,0,0,0,rs/totodile.gif
11,159,0,0,0,rs/croconaw.gif
11,160,0,0,0,rs/feraligatr.gif
11,161,0,0,0,rs/sentret.gif
11,162,0,0,0,rs/furret.gif
11,163,0,0,0,rs/hoothoot.gif
11,164,0,0,0,rs/noctowl.gif
11,165,0,0,0,rs/ledyba.gif
11,166,0,0,0,rs/ledian.gif
11,167,0,0,0,rs/spinarak.gif
11,168,0,0,0,rs/ariados.gif
11,169,0,0,0,rs/crobat.gif
11,170,0,0,0,rs/chinchou.gif
11,171,0,0,0,rs/lanturn.gif
11,172,0,0,0,rs/pichu.gif
11,173,0,0,0,rs/cleffa.gif
11,174,0,0,0,rs/igglybuff.gif
11,175,0,0,0,rs/togepi.gif
11,176,0,0,0,rs/togetic.gif
11,177,0,0,0,rs/natu.gif
11,178,0,0,0,rs/xatu.gif
11,179,0,0,0,rs/mareep.gif
11,180,0,0,0,rs/flaaffy.gif
11,181,0,0,0,rs/ampharos.gif
11,182,0,0,0,rs/bellossom.gif
11,183,0,0,0,rs/marill.gif
11,184,0,0,0,rs/azumarill.gif
11,185,0,0,0,rs/sudowoodo.gif
11,186,0,0,0,rs/politoed.gif
11,187,0,0,0,rs/hoppip.gif
11,188,0,0,0,rs/skiploom.gif
11,189,0,0,0,rs/jumpluff.gif
11,190,0,0,0,rs/aipom.gif
11,191,0,0,0,rs/sunkern.gif
11,192,0,0,0,rs/sunflora.gif
11,193,0,0,0,rs/yanma.gif
11,194,0,0,0,rs/wooper.gif
11,195,0,0,0,rs/quagsire.gif
11,196,0,0,0,rs/espeon.gif
11,197,0,0,0,rs/umbreon.gif
11,198,0,0,0,rs/murkrow.gif
11,199,0,0,0,rs/slowking.gif
11,200,0,0,0,rs/misdreavus.gif
11,201,0,0,0,rs/unown-a.gif
11,202,0,0,0,rs/wobbuffet.gif
11,203,0,0,0,rs/girafarig.gif
11,204,0,0,0,rs/pineco.gif
11,205,0,0,0,rs/forretress.gif
11,206,0,0,0,rs/dunsparce.gif
11,207,0,0,0,rs/gligar.gif
11,208,0,0,0,rs/steelix.gif
11,209,0,0,0,rs/snubbull.gif
11,210,0,0,0,rs/granbull.gif
11,211,0,0,0,rs/qwilfish.gif
11,212,0,0,0,rs/scizor.gif
11,213,0,0,0,rs/shuckle.gif
11,214,0,0,0,rs/heracross.gif
11,215,0,0,0,rs/sneasel.gif
11,216,0,0,0,rs/teddiursa.gif
11,217,0,0,0,rs/ursaring.gif
11,218,0,0,0,rs/slugma.gif
11,219,0,0,0,rs/magcargo.gif
11,220,0,0,0,rs/swinub.gif
11,221,0,0,0,rs/piloswine.gif
11,222,0,0,0,rs/corsola.gif
11,223,0,0,0,rs/remoraid.gif
11,224,0,0,0,rs/octillery.gif
11,225,0,0,0,rs/delibird.gif
11,226,0,0,0,rs/mantine.gif
11,227,0,0,0,rs/skarmory.gif
11,228,0,0,0,rs/houndour.gif
11,229,0,0,0,rs/houndoom.gif
11,230,0,0,0,rs/kingdra.gif
11,231,0,0,0,rs/phanpy.gif
11,232,0,0,0,rs/donphan.gif
11,233,0,0,0,rs/porygon2.gif
11,234,0,0,0,rs/stantler.gif
11,235,0,0,0,rs/smeargle.gif
11,236,0,0,0,rs/tyrogue.gif
11,237,0,0,0,rs/hitmontop.gif
11,238,0,0,0,rs/smoochum.gif
11,239,0,0,0,rs/elekid.gif
11,240,0,0,0,rs/magby.gif
11,241,0,0,0,rs/miltank.gif
11,242,0,0,0,rs/blissey.gif
11,243,0,0,0,rs/raikou.gif
11,244,0,0,0,rs/entei.gif
11,245,0,0,0,rs/suicune.gif
11,246,0,0,0,rs/larvitar.gif
11,247,0,0,0,rs/pupitar.gif
11,248,0,0,0,rs/tyranitar.gif
11,249,0,0,0,rs/lugia.gif
11,250,0,0,0,rs/ho-oh.gif
11,251,0,0,0,rs/celebi.gif
11,252,0,0,0,rs/treecko.gif
11,253,0,0,0,rs/grovyle.gif
11,254,0,0,0,rs/sceptile.gif
11,255,0,0,0,rs/torchic.gif
11,256,0,0,0,rs/combusken.gif
11,257,0,0,0,rs/blaziken.gif
11,258,0,0,0,rs/mudkip.gif
11,259,0,0,0,rs/marshtomp.gif
11,260,0,0,0,rs/swampert.gif
11,261,0,0,0,rs/poochyena.gif
11,262,0,0,0,rs/mightyena.gif
11,263,0,0,0,rs/zigzagoon.gif
11,264,0,0,0,rs/linoone.gif
11,265,0,0,0,rs/wurmple.gif
11,266,0,0,0,rs/silcoon.gif
11,267,0,0,0,rs/beautifly.gif
11,268,0,0,0,rs/cascoon.gif
11,269,0,0,0,rs/dustox.gif
11,270,0,0,0,rs/lotad.gif
11,271,0,0,0,rs/lombre.gif
11,272,0,0,0,rs/ludicolo.gif
11,273,0,0,0,rs/seedot.gif
11,274,0,0,0,rs/nuzleaf.gif
11,275,0,0,0,rs/shiftry.gif
11,276,0,0,0,rs/taillow.gif
11,277,0,0,0,rs/swellow.gif
11,278,0,0,0,rs/wingull.gif
11,279,0,0,0,rs/pelipper.gif
11,280,0,0,0,rs/ralts.gif
11,281,0,0,0,rs/kirlia.gif
11,282,0,0,0,rs/gardevoir.gif
11,283,0,0,0,rs/surskit.gif
11,284,0,0,0,rs/masquerain.gif
11,285,0,0,0,rs/shroomish.gif
11,286,0,0,0,rs/breloom.gif
11,287,0,0,0,rs/slakoth.gif
11,288,0,0,0,rs/vigoroth.gif
11,289,0,0,0,rs/slaking.gif
11,290,0,0,0,rs/nincada.gif
11,291,0,0,0,rs/ninjask.gif
11,292,0,0,0,rs/shedinja.gif
11,293,0,0,0,rs/whismur.gif
11,294,0,0,0,rs/loudred.gif
11,295,0,0,0,rs/exploud.gif
11,296,0,0,0,rs/makuhita.gif
11,297,0,0,0,rs/hariyama.gif
11,298,0,0,0,rs/azurill.gif
11,299,0,0,0,rs/nosepass.gif
11,300,0,0,0,rs/skitty.gif
11,301,0,0,0,rs/delcatty.gif
11,302,0,0,0,rs/sableye.gif
11,303,0,0,0,rs/mawile.gif
11,304,0,0,0,rs/aron.gif
11,305,0,0,0,rs/lairon.gif
11,306,0,0,0,rs/aggron.gif
11,307,0,0,0,rs/meditite.gif
11,308,0,0,0,rs/medicham.gif
11,309,0,0,0,rs/electrike.gif
11,310,0,0,0,rs/manectric.gif
11,311,0,0,0,rs/plusle.gif
11,312,0,0,0,rs/minun.gif
11,313,0,0,0,rs/volbeat.gif
11,314,0,0,0,rs/illumise.gif
11,315,0,0,0,rs/roselia.gif
11,316,0,0,0,rs/gulpin.gif
11,317,0,0,0,rs/swalot.gif
11,318,0,0,0,rs/carvanha.gif
11,319,0,0,0,rs/sharpedo.gif
11,320,0,0,0,rs/wailmer.gif
11,321,0,0,0,rs/wailord.gif
11,322,0,0,0,rs/numel.gif
11,323,0,0,0,rs/camerupt.gif
11,324,0,0,0,rs/torkoal.gif
11,325,0,0,0,rs/spoink.gif
11,326,0,0,0,rs/grumpig.gif
11,327,0,0,0,rs/spinda.gif
11,328,0,0,0,rs/trapinch.gif
11,329,0,0,0,rs/vibrava.gif
11,330,0,0,0,rs/flygon.gif
11,331,0,0,0,rs/cacnea.gif
11,332,0,0,0,rs/cacturne.gif
11,333,0,0,0,rs/swablu.gif
11,334,0,0,0,rs/altaria.gif
11,335,0,0,0,rs/zangoose.gif
11,336,0,0,0,rs/seviper.gif
11,337,0,0,0,rs/lunatone.gif
11,338,0,0,0,rs/solrock.gif
11,339,0,0,0,rs/barboach.gif
11,340,0,0,0,rs/whiscash.gif
11,341,0,0,0,rs/corphish.gif
11,342,0,0,0,rs/crawdaunt.gif
11,343,0,0,0,rs/baltoy.gif
11,344,0,0,0,rs/claydol.gif
11,345,0,0,0,rs/lileep.gif
11,346,0,0,0,rs/cradily.gif
11,347,0,0,0,rs/anorith.gif
11,348,0,0,0,rs/armaldo.gif
11,349,0,0,0,rs/feebas.gif
11,350,0,0,0,rs/milotic.gif
11,351,0,0,0,rs/castform.gif
11,352,0,0,0,rs/kecleon.gif
11,353,0,0,0,rs/shuppet.gif
11,354,0,0,0,rs/banette.gif
11,355,0,0,0,rs/duskull.gif
11,356,0,0,0,rs/dusclops.gif
11,357,0,0,0,rs/tropius.gif
11,358,0,0,0,rs/chimecho.gif
11,359,0,0,0,rs/absol.gif
11,360,0,0,0,rs/wynaut.gif
11,361,0,0,0,rs/snorunt.gif
11,362,0,0,0,rs/glalie.gif
11,363,0,0,0,rs/spheal.gif
11,364,0,0,0,rs/sealeo.gif
11,365,0,0,0,rs/walrein.gif
11,366,0,0,0,rs/clamperl.gif
11,367,0,0,0,rs/huntail.gif
11,368,0,0,0,rs/gorebyss.gif
11,369,0,0,0,rs/relicanth.gif
11,370,0,0,0,rs/luvdisc.gif
11,371,0,0,0,rs/bagon.gif
11,372,0,0,0,rs/shelgon.gif
11,373,0,0,0,rs/salamence.gif
11,374,0,0,0,rs/beldum.gif
11,375,0,0,0,rs/metang.gif
11,376,0,0,0,rs/metagross.gif
11,377,0,0,0,rs/regirock.gif
11,378,0,0,0,rs/regice.gif
11,379,0,0,0,rs/registeel.gif
11,380,0,0,0,rs/latias.gif
11,381,0,0,0,rs/latios.gif
11,382,0,0,0,rs/kyogre.gif
11,383,0,0,0,rs/groudon.gif
11,384,0,0,0,rs/rayquaza.gif
11,385,0,0,0,rs/jirachi.gif
11,386,0,0,0,rs/deoxys-normal.gif
11,10001,0,0,0,rs/castform-sunny.gif
11,10002,0,0,0,rs/castform-rainy.gif
11,10003,0,0,0,rs/castform-snowy.gif
11,20001,0,0,0,rs/unown-b.gif
11,20002,0,0,0,rs/unown-c.gif
11,20003,0,0,0,rs/unown-d.gif
11,20004,0,0,0,rs/unown-e.gif
11,20005,0,0,0,rs/unown-f.gif
11,20006,0,0,0,rs/unown-g.gif
11,20007,0,0,0,rs/unown-h.gif
11,20008,0,0,0,rs/unown-i.gif
11,20009,0,0,0,rs/unown-j.gif
11,20010,0,0,0,rs/unown-k.gif
11,20011,0,0,0,rs/unown-l.gif
11,20012,0,0,0,rs/unown-m.gif
11,20013,0,0,0,rs/unown-n.gif
11,20014,0,0,0,rs/unown-o.gif
11,20015,0,0,0,rs/unown-p.gif
11,20016,0,0,0,rs/unown-q.gif
11,20017,0,0,0,rs/unown-r.gif
11,20018,0,0,0,rs/unown-s.gif
11,20019,0,0,0,rs/unown-t.gif
11,20020,0,0,0,rs/unown-u.gif
11,20021,0,0,0,rs/unown-v.gif
11,20022,0,0,0,rs/unown-w.gif
11,20023,0,0,0,rs/unown-x.gif
11,20024,0,0,0,rs/unown-y.gif
11,20025,0,0,0,rs/unown-z.gif
11,20026,0,0,0,rs/unown-exclamation.gif
11,20027,0,0,0,rs/unown-question.gif
12,1,0,0,0,rs/bulbasaur.gif
12,2,0,0,0,rs/ivysaur.gif
12,3,0,0,0,rs/venusaur.gif
12,4,0,0,0,rs/charmander.gif
12,5,0,0,0,rs/charmeleon.gif
12,6,0,0,0,rs/charizard.gif
12,7,0,0,0,rs/squirtle.gif
12,8,0,0,0,rs/wartortle.gif
12,9,0,0,0,rs/blastoise.gif
12,10,0,0,0,rs/caterpie.gif
12,11,0,0,0,rs/metapod.gif
12,12,0,0,0,rs/butterfree.gif
12,13,0,0,0,rs/weedle.gif
12,14,0,0,0,rs/kakuna.gif
12,15,0,0,0,rs/beedrill.gif
12,16,0,0,0,rs/pidgey.gif
12,17,0,0,0,rs/pidgeotto.gif
12,18,0,0,0,rs/pidgeot.gif
12,19,0,0,0,rs/rattata.gif
12,20,0,0,0,rs/raticate.gif
12,21,0,0,0,rs/spearow.gif
12,22,0,0,0,rs/fearow.gif
12,23,0,0,0,rs/ekans.gif
12,24,0,0,0,rs/arbok.gif
12,25,0,0,0,rs/pikachu.gif
12,26,0,0,0,rs/raichu.gif
12,27,0,0,0,rs/sandshrew.gif
12,28,0,0,0,rs/sandslash.gif
12,29,0,0,0,rs/nidoran-f.gif
12,30,0,0,0,rs/nidorina.gif
12,31,0,0,0,rs/nidoqueen.gif
12,32,0,0,0,rs/nidoran-m.gif
12,33,0,0,0,rs/nidorino.gif
12,34,0,0,0,rs/nidoking.gif
12,35,0,0,0,rs/clefairy.gif
12,36,0,0,0,rs/clefable.gif
12,37,0,0,0,rs/vulpix.gif
12,38,0,0,0,rs/ninetales.gif
12,39,0,0,0,rs/jigglypuff.gif
12,40,0,0,0,rs/wigglytuff.gif
12,41,0,0,0,rs/zubat.gif
12,42,0,0,0,rs/golbat.gif
12,43,0,0,0,rs/oddish.gif
12,44,0,0,0,rs/gloom.gif
12,45,0,0,0,rs/vileplume.gif
12,46,0,0,0,rs/paras.gif
12,47,0,0,0,rs/parasect.gif
12,48,0,0,0,rs/venonat.gif
12,49,0,0,0,rs/venomoth.gif
12,50,0,0,0,rs/diglett.gif
12,51,0,0,0,rs/dugtrio.gif
12,52,0,0,0,rs/meowth.gif
12,53,0,0,0,rs/persian.gif
12,54,0,0,0,rs/psyduck.gif
12,55,0,0,0,rs/golduck.gif
12,56,0,0,0,rs/mankey.gif
12,57,0,0,0,rs/primeape.gif
12,58,0,0,0,rs/growlithe.gif
12,59,0,0,0,rs/arcanine.gif
12,60,0,0,0,rs/poliwag.gif
12,61,0,0,0,rs/poliwhirl.gif
12,62,0,0,0,rs/poliwrath.gif
12,63,0,0,0,rs/abra.gif
12,64,0,0,0,rs/kadabra.gif
12,65,0,0,0,rs/alakazam.gif
12,66,0,0,0,rs/machop.gif
12,67,0,0,0,rs/machoke.gif
12,68,0,0,0,rs/machamp.gif
12,69,0,0,0,rs/bellsprout.gif
12,70,0,0,0,rs/weepinbell.gif
12,71,0,0,0,rs/victreebel.gif
12,72,0,0,0,rs/tentacool.gif
12,73,0,0,0,rs/tentacruel.gif
12,74,0,0,0,rs/geodude.gif
12,75,0,0,0,rs/graveler.gif
12,76,0,0,0,rs/golem.gif
12,77,0,0,0,rs/ponyta.gif
12,78,0,0,0,rs/rapidash.gif
12,79,0,0,0,rs/slowpoke.gif
12,80,0,0,0,rs/slowbro.gif
12,81,0,0,0,rs/magnemite.gif
12,82,0,0,0,rs/magneton.gif
12,83,0,0,0,rs/farfetch-d.gif
12,84,0,0,0,rs/doduo.gif
12,85,0,0,0,rs/dodrio.gif
12,86,0,0,0,rs/seel.gif
12,87,0,0,0,rs/dewgong.gif
12,88,0,0,0,rs/grimer.gif
12,89,0,0,0,rs/muk.gif
12,90,0,0,0,rs/shellder.gif
12,91,0,0,0,rs/cloyster.gif
12,92,0,0,0,rs/gastly.gif
12,93,0,0,0,rs/haunter.gif
12,94,0,0,0,rs/gengar.gif
12,95,0,0,0,rs/onix.gif
12,96,0,0,0,rs/drowzee.gif
12,97,0,0,0,rs/hypno.gif
12,98,0,0,0,rs/krabby.gif
12,99,0,0,0,rs/kingler.gif
12,100,0,0,0,rs/voltorb.gif
12,101,0,0,0,rs/electrode.gif
12,102,0,0,0,rs/exeggcute.gif
12,103,0,0,0,rs/exeggutor.gif
12,104,0,0,0,rs/cubone.gif
12,105,0,0,0,rs/marowak.gif
12,106,0,0,0,rs/hitmonlee.gif
12,107,0,0,0,rs/hitmonchan.gif
12,108,0,0,0,rs/lickitung.gif
12,109,0,0,0,rs/koffing.gif
12,110,0,0,0,rs/weezing.gif
12,111,0,0,0,rs/rhyhorn.gif
12,112,0,0,0,rs/rhydon.gif
12,113,0,0,0,rs/chansey.gif
12,114,0,0,0,rs/tangela.gif
12,115,0,0,0,rs/kangaskhan.gif
12,116,0,0,0,rs/horsea.gif
12,117,0,0,0,rs/seadra.gif
12,118,0,0,0,rs/goldeen.gif
12,119,0,0,0,rs/seaking.gif
12,120,0,0,0,rs/staryu.gif
12,121,0,0,0,rs/starmie.gif
12,122,0,0,0,rs/mr-mime.gif
12,123,0,0,0,rs/scyther.gif
12,124,0,0,0,rs/jynx.gif
12,125,0,0,0,rs/electabuzz.gif
12,126,0,0,0,rs/magmar.gif
12,127,0,0,0,rs/pinsir.gif
12,128,0,0,0,rs/tauros.gif
12,129,0,0,0,rs/magikarp.gif
12,130,0,0,0,rs/gyarados.gif
12,131,0,0,0,rs/lapras.gif
12,132,0,0,0,rs/ditto.gif
12,133,0,0,0,rs/eevee.gif
12,134,0,0,0,rs/vaporeon.gif
12,135,0,0,0,rs/jolteon.gif
12,136,0,0,0,rs/flareon.gif
12,137,0,0,0,rs/porygon.gif
12,138,0,0,0,rs/omanyte.gif
12,139,0,0,0,rs/omastar.gif
12,140,0,0,0,rs/kabuto.gif
12,141,0,0,0,rs/kabutops.gif
12,142,0,0,0,rs/aerodactyl.gif
12,143,0,0,0,rs/snorlax.gif
12,144,0,0,0,rs/articuno.gif
12,145,0,0,0,rs/zapdos.gif
12,146,0,0,0,rs/moltres.gif
12,147,0,0,0,rs/dratini.gif
12,148,0,0,0,rs/dragonair.gif
12,149,0,0,0,rs/dragonite.gif
12,150,0,0,0,rs/mewtwo.gif
12,151,0,0,0,rs/mew.gif
12,152,0,0,0,rs/chikorita.gif
12,153,0,0,0,rs/bayleef.gif
12,154,0,0,0,rs/meganium.gif
12,155,0,0,0,rs/cyndaquil.gif
12,156,0,0,0,rs/quilava.gif
12,157,0,0,0,rs/typhlosion.gif
12,158,0,0,0,rs/totodile.gif
12,159,0,0,0,rs/croconaw.gif
12,160,0,0,0,rs/feraligatr.gif
12,161,0,0,0,rs/sentret.gif
12,162,0,0,0,rs/furret.gif
12,163,0,0,0,rs/hoothoot.gif
12,164,0,0,0,rs/noctowl.gif
12,165,0,0,0,rs/ledyba.gif
12,166,0,0,0,rs/ledian.gif
12,167,0,0,0,rs/spinarak.gif
12,168,0,0,0,rs/ariados.gif
12,169,0,0,0,rs/crobat.gif
12,170,0,0,0,rs/chinchou.gif
12,171,0,0,0,rs/lanturn.gif
12,172,0,0,0,rs/pichu.gif
12,173,0,0,0,rs/cleffa.gif
12,174,0,0,0,rs/igglybuff.gif
12,175,0,0,0,rs/togepi.gif
12,176,0,0,0,rs/togetic.gif
12,177,0,0,0,rs/natu.gif
12,178,0,0,0,rs/xatu.gif
12,179,0,0,0,rs/mareep.gif
12,180,0,0,0,rs/flaaffy.gif
12,181,0,0,0,rs/ampharos.gif
12,182,0,0,0,rs/bellossom.gif
12,183,0,0,0,rs/marill.gif
12,184,0,0,0,rs/azumarill.gif
12,185,0,0,0,rs/sudowoodo.gif
12,186,0,0,0,rs/politoed.gif
12,187,0,0,0,rs/hoppip.gif
12,188,0,0,0,rs/skiploom.gif
12,189,0,0,0,rs/jumpluff.gif
12,190,0,0,0,rs/aipom.gif
12,191,0,0,0,rs/sunkern.gif
12,192,0,0,0,rs/sunflora.gif
12,193,0,0,0,rs/yanma.gif
12,194,0,0,0,rs/wooper.gif
12,195,0,0,0,rs/quagsire.gif
12,196,0,0,0,rs/espeon.gif
12,197,0,0,0,rs/umbreon.gif
12,198,0,0,0,rs/murkrow.gif
12,199,0,0,0,rs/slowking.gif
12,200,0,0,0,rs/misdreavus.gif
12,201,0,0,0,rs/unown-a.gif
12,202,0,0,0,rs/wobbuffet.gif
12,203,0,0,0,rs/girafarig.gif
12,204,0,0,0,rs/pineco.gif
12,205,0,0,0,rs/forretress.gif
12,206,0,0,0,rs/dunsparce.gif
12,207,0,0,0,rs/gligar.gif
12,208,0,0,0,rs/steelix.gif
12,209,0,0,0,rs/snubbull.gif
12,210,0,0,0,rs/granbull.gif
12,211,0,0,0,rs/qwilfish.gif
12,212,0,0,0,rs/scizor.gif
12,213,0,0,0,rs/shuckle.gif
12,214,0,0,0,rs/heracross.gif
12,215,0,0,0,rs/sneasel.gif
12,216,0,0,0,rs/teddiursa.gif
12,217,0,0,0,rs/ursaring.gif
12,218,0,0,0,rs/slugma.gif
12,219,0,0,0,rs/magcargo.gif
12,220,0,0,0,rs/swinub.gif
12,221,0,0,0,rs/piloswine.gif
12,222,0,0,0,rs/corsola.gif
12,223,0,0,0,rs/remoraid.gif
12,224,0,0,0,rs/octillery.gif
12,225,0,0,0,rs/delibird.gif
12,226,0,0,0,rs/mantine.gif
12,227,0,0,0,rs/skarmory.gif
12,228,0,0,0,rs/houndour.gif
12,229,0,0,0,rs/houndoom.gif
12,230,0,0,0,rs/kingdra.gif
12,231,0,0,0,rs/phanpy.gif
12,232,0,0,0,rs/donphan.gif
12,233,0,0,0,rs/porygon2.gif
12,234,0,0,0,rs/stantler.gif
12,235,0,0,0,rs/smeargle.gif
12,236,0,0,0,rs/tyrogue.gif
12,237,0,0,0,rs/hitmontop.gif
12,238,0,0,0,rs/smoochum.gif
12,239,0,0,0,rs/elekid.gif
12,240,0,0,0,rs/magby.gif
12,241,0,0,0,rs/miltank.gif
12,242,0,0,0,rs/blissey.gif
12,243,0,0,0,rs/raikou.gif
12,244,0,0,0,rs/entei.gif
12,245,0,0,0,rs/suicune.gif
12,246,0,0,0,rs/larvitar.gif
12,247,0,0,0,rs/pupitar.gif
12,248,0,0,0,rs/tyranitar.gif
12,249,0,0,0,rs/lugia.gif
12,250,0,0,0,rs/ho-oh.gif
12,251,0,0,0,rs/celebi.gif
12,252,0,0,0,rs/treecko.gif
12,253,0,0,0,rs/grovyle.gif
12,254,0,0,0,rs/sceptile.gif
12,255,0,0,0,rs/torchic.gif
12,256,0,0,0,rs/combusken.gif
12,257,0,0,0,rs/blaziken.gif
12,258,0,0,0,rs/mudkip.gif
12,259,0,0,0,rs/marshtomp.gif
12,260,0,0,0,rs/swampert.gif
12,261,0,0,0,rs/poochyena.gif
12,262,0,0,0,rs/mightyena.gif
12,263,0,0,0,rs/zigzagoon.gif
12,264,0,0,0,rs/linoone.gif
12,265,0,0,0,rs/wurmple.gif
12,266,0,0,0,rs/silcoon.gif
12,267,0,0,0,rs/beautifly.gif
12,268,0,0,0,rs/cascoon.gif
12,269,0,0,0,rs/dustox.gif
12,270,0,0,0,rs/lotad.gif
12,271,0,0,0,rs/lombre.gif
12,272,0,0,0,rs/ludicolo.gif
12,273,0,0,0,rs/seedot.gif
12,274,0,0,0,rs/nuzleaf.gif
12,275,0,0,0,rs/shiftry.gif
12,276,0,0,0,rs/taillow.gif
12,277,0,0,0,rs/swellow.gif
12,278,0,0,0,rs/wingull.gif
12,279,0,0,0,rs/pelipper.gif
12,280,0,0,0,rs/ralts.gif
12,281,0,0,0,rs/kirlia.gif
12,282,0,0,0,rs/gardevoir.gif
12,283,0,0,0,rs/surskit.gif
12,284,0,0,0,rs/masquerain.gif
12,285,0,0,0,rs/shroomish.gif
12,286,0,0,0,rs/breloom.gif
12,287,0,0,0,rs/slakoth.gif
12,288,0,0,0,rs/vigoroth.gif
12,289,0,0,0,rs/slaking.gif
12,290,0,0,0,rs/nincada.gif
12,291,0,0,0,rs/ninjask.gif
12,292,0,0,0,rs/shedinja.gif
12,293,0,0,0,rs/whismur.gif
12,294,0,0,0,rs/loudred.gif
12,295,0,0,0,rs/exploud.gif
12,296,0,0,0,rs/makuhita.gif
12,297,0,0,0,rs/hariyama.gif
12,298,0,0,0,rs/azurill.gif
12,299,0,0,0,rs/nosepass.gif
12,300,0,0,0,rs/skitty.gif
12,301,0,0,0,rs/delcatty.gif
12,302,0,0,0,rs/sableye.gif
12,303,0,0,0,rs/mawile.gif
12,304,0,0,0,rs/aron.gif
12,305,0,0,0,rs/lairon.gif
12,306,0,0,0,rs/aggron.gif
12,307,0,0,0,rs/meditite.gif
12,308,0,0,0,rs/medicham.gif
12,309,0,0,0,rs/electrike.gif
12,310,0,0,0,rs/manectric.gif
12,311,0,0,0,rs/plusle.gif
12,312,0,0,0,rs/minun.gif
12,313,0,0,0,rs/volbeat.gif
12,314,0,0,0,rs/illumise.gif
12,315,0,0,0,rs/roselia.gif
12,316,0,0,0,rs/gulpin.gif
12,317,0,0,0,rs/swalot.gif
12,318,0,0,0,rs/carvanha.gif
12,319,0,0,0,rs/sharpedo.gif
12,320,0,0,0,rs/wailmer.gif
12,321,0,0,0,rs/wailord.gif
12,322,0,0,0,rs/numel.gif
12,323,0,0,0,rs/camerupt.gif
12,324,0,0,0,rs/torkoal.gif
12,325,0,0,0,rs/spoink.gif
12,326,0,0,0,rs/grumpig.gif
12,327,0,0,0,rs/spinda.gif
12,328,0,0,0,rs/trapinch.gif
12,329,0,0,0,rs/vibrava.gif
12,330,0,0,0,rs/flygon.gif
12,331,0,0,0,rs/cacnea.gif
12,332,0,0,0,rs/cacturne.gif
12,333,0,0,0,rs/swablu.gif
12,334,0,0,0,rs/altaria.gif
12,335,0,0,0,rs/zangoose.gif
12,336,0,0,0,rs/seviper.gif
12,337,0,0,0,rs/lunatone.gif
12,338,0,0,0,rs/solrock.gif
12,339,0,0,0,rs/barboach.gif
12,340,0,0,0,rs/whiscash.gif
12,341,0,0,0,rs/corphish.gif
12,342,0,0,0,rs/crawdaunt.gif
12,343,0,0,0,rs/baltoy.gif
12,344,0,0,0,rs/claydol.gif
12,345,0,0,0,rs/lileep.gif
12,346,0,0,0,rs/cradily.gif
12,347,0,0,0,rs/anorith.gif
12,348,0,0,0,rs/armaldo.gif
12,349,0,0,0,rs/feebas.gif
12,350,0,0,0,rs/milotic.gif
12,351,0,0,0,rs/castform.gif
12,352,0,0,0,rs/kecleon.gif
12,353,0,0,0,rs/shuppet.gif
12,354,0,0,0,rs/banette.gif
12,355,0,0,0,rs/duskull.gif
12,356,0,0,0,rs/dusclops.gif
12,357,0,0,0,rs/tropius.gif
12,358,0,0,0,rs/chimecho.gif
12,359,0,0,0,rs/absol.gif
12,360,0,0,0,rs/wynaut.gif
12,361,0,0,0,rs/snorunt.gif
12,362,0,0,0,rs/glalie.gif
12,363,0,0,0,rs/spheal.gif
12,364,0,0,0,rs/sealeo.gif
12,365,0,0,0,rs/walrein.gif
12,366,0,0,0,rs/clamperl.gif
12,367,0,0,0,rs/huntail.gif
12,368,0,0,0,rs/gorebyss.gif
12,369,0,0,0,rs/relicanth.gif
12,370,0,0,0,rs/luvdisc.gif
12,371,0,0,0,rs/bagon.gif
12,372,0,0,0,rs/shelgon.gif
12,373,0,0,0,rs/salamence.gif
12,374,0,0,0,rs/beldum.gif
12,375,0,0,0,rs/metang.gif
12,376,0,0,0,rs/metagross.gif
12,377,0,0,0,rs/regirock.gif
12,378,0,0,0,rs/regice.gif
12,379,0,0,0,rs/registeel.gif
12,380,0,0,0,rs/latias.gif
12,381,0,0,0,rs/latios.gif
12,382,0,0,0,rs/kyogre.gif
12,383,0,0,0,rs/groudon.gif
12,384,0,0,0,rs/rayquaza.gif
12,385,0,0,0,rs/jirachi.gif
12,386,0,0,0,rs/deoxys-normal.gif
12,387,0,0,0,rs/turtwig.gif
12,388,0,0,0,rs/grotle.gif
12,389,0,0,0,rs/torterra.gif
12,390,0,0,0,rs/chimchar.gif
12,391,0,0,0,rs/monferno.gif
12,392,0,0,0,rs/infernape.gif
12,393,0,0,0,rs/piplup.gif
12,394,0,0,0,rs/prinplup.gif
12,395,0,0,0,rs/empoleon.gif
12,396,0,0,0,rs/starly.gif
12,397,0,0,0,rs/staravia.gif
12,398,0,0,0,rs/staraptor.gif
12,399,0,0,0,rs/bidoof.gif
12,400,0,0,0,rs/bibarel.gif
12,401,0,0,0,rs/kricketot.gif
12,402,0,0,0,rs/kricketune.gif
12,403,0,0,0,rs/shinx.gif
12,404,0,0,0,rs/luxio.gif
12,405,0,0,0,rs/luxray.gif
12,406,0,0,0,rs/budew.gif
12,407,0,0,0,rs/roserade.gif
12,408,0,0,0,rs/cranidos.gif
12,409,0,0,0,rs/rampardos.gif
12,410,0,0,0,rs/shieldon.gif
12,411,0,0,0,rs/bastiodon.gif
12,412,0,0,0,rs/burmy-plant.gif
12,413,0,0,0,rs/wormadam-plant.gif
12,414,0,0,0,rs/mothim.gif
12,415,0,0,0,rs/combee.gif
12,416,0,0,0,rs/vespiquen.gif
12,417,0,0,0,rs/pachirisu.gif
12,418,0,0,0,rs/buizel.gif
12,419,0,0,0,rs/floatzel.gif
12,420,0,0,0,rs/cherubi.gif
12,421,0,0,0,rs/cherrim-overcast.gif
12,422,0,0,0,rs/shellos-west.gif
12,423,0,0,0,rs/gastrodon-west.gif
12,424,0,0,0,rs/ambipom.gif
12,425,0,0,0,rs/drifloon.gif
12,426,0,0,0,rs/drifblim.gif
12,427,0,0,0,rs/buneary.gif
12,428,0,0,0,rs/lopunny.gif
12,429,0,0,0,rs/mismagius.gif
12,430,0,0,0,rs/honchkrow.gif
12,431,0,0,0,rs/glameow.gif
12,432,0,0,0,rs/purugly.gif
12,433,0,0,0,rs/chingling.gif
12,434,0,0,0,rs/stunky.gif
12,435,0,0,0,rs/skuntank.gif
12,436,0,0,0,rs/bronzor.gif
12,437,0,0,0,rs/bronzong.gif
12,438,0,0,0,rs/bonsly.gif
12,439,0,0,0,rs/mime-jr.gif
12,440,0,0,0,rs/happiny.gif
12,441,0,0,0,rs/chatot.gif
12,442,0,0,0,rs/spiritomb.gif
12,443,0,0,0,rs/gible.gif
12,444,0,0,0,rs/gabite.gif
12,445,0,0,0,rs/garchomp.gif
12,446,0,0,0,rs/munchlax.gif
12,447,0,0,0,rs/riolu.gif
12,448,0,0,0,rs/lucario.gif
12,449,0,0,0,rs/hippopotas.gif
12,450,0,0,0,rs/hippowdon.gif
12,451,0,0,0,rs/skorupi.gif
12,452,0,0,0,rs/drapion.gif
12,453,0,0,0,rs/croagunk.gif
12,454,0,0,0,rs/toxicroak.gif
12,455,0,0,0,rs/carnivine.gif
12,456,0,0,0,rs/finneon.gif
12,457,0,0,0,rs/lumineon.gif
12,458,0,0,0,rs/mantyke.gif
12,459,0,0,0,rs/snover.gif
12,460,0,0,0,rs/abomasnow.gif
12,461,0,0,0,rs/weavile.gif
12,462,0,0,0,rs/magnezone.gif
12,463,0,0,0,rs/lickilicky.gif
12,464,0,0,0,rs/rhyperior.gif
12,465,0,0,0,rs/tangrowth.gif
12,466,0,0,0,rs/electivire.gif
12,467,0,0,0,rs/magmortar.gif
12,468,0,0,0,rs/togekiss.gif
12,469,0,0,0,rs/yanmega.gif
12,470,0,0,0,rs/leafeon.gif
12,471,0,0,0,rs/glaceon.gif
12,472,0,0,0,rs/gliscor.gif
12,473,0,0,0,rs/mamoswine.gif
12,474,0,0,0,rs/porygon-z.gif
12,475,0,0,0,rs/gallade.gif
12,476,0,0,0,rs/probopass.gif
12,477,0,0,0,rs/dusknoir.gif
12,478,0,0,0,rs/froslass.gif
12,479,0,0,0,rs/rotom.gif
12,480,0,0,0,rs/uxie.gif
12,481,0,0,0,rs/mesprit.gif
12,482,0,0,0,rs/azelf.gif
12,483,0,0,0,rs/dialga.gif
12,484,0,0,0,rs/palkia.gif
12,485,0,0,0,rs/heatran.gif
12,486,0,0,0,rs/regigigas.gif
12,487,0,0,0,rs/giratina-altered.gif
12,488,0,0,0,rs/cresselia.gif
12,489,0,0,0,rs/phione.gif
12,490,0,0,0,rs/manaphy.gif
12,491,0,0,0,rs/darkrai.gif
12,492,0,0,0,rs/shaymin-land.gif
12,493,0,0,0,rs/arceus.gif
12,10001,0,0,0,rs/castform-sunny.gif
12,10002,0,0,0,rs/castform-rainy.gif
12,10003,0,0,0,rs/castform-snowy.gif
12,10004,0,0,0,rs/deoxys-attack.gif
12,10005,0,0,0,rs/deoxys-defense.gif
12,10006,0,0,0,rs/deoxys-speed.gif
12,10007,0,0,0,rs/wormadam-sandy.gif
12,10008,0,0,0,rs/wormadam-trash.gif
12,10009,0,0,0,rs/arceus.gif
12,10010,0,0,0,rs/arceus.gif
12,10011,0,0,0,rs/arceus.gif
12,10012,0,0,0,rs/arceus.gif
12,10013,0,0,0,rs/arceus.gif
12,10014,0,0,0,rs/arceus.gif
12,10015,0,0,0,rs/arceus.gif
12,10016,0,0,0,rs/arceus.gif
12,10017,0,0,0,rs/arceus.gif
12,10018,0,0,0,rs/arceus.gif
12,10019,0,0,0,rs/arceus.gif
12,10020,0,0,0,rs/arceus.gif
12,10021,0,0,0,rs/arceus.gif
12,10022,0,0,0,rs/arceus.gif
12,10023,0,0,0,rs/arceus.gif
12,10024,0,0,0,rs/arceus.gif
12,20001,0,0,0,rs/unown-b.gif
12,20002,0,0,0,rs/unown-c.gif
12,20003,0,0,0,rs/unown-d.gif
12,20004,0,0,0,rs/unown-e.gif
12,20005,0,0,0,rs/unown-f.gif
12,20006,0,0,0,rs/unown-g.gif
12,20007,0,0,0,rs/unown-h.gif
12,20008,0,0,0,rs/unown-i.gif
12,20009,0,0,0,rs/unown-j.gif
12,20010,0,0,0,rs/unown-k.gif
12,20011,0,0,0,rs/unown-l.gif
12,20012,0,0,0,rs/unown-m.gif
12,20013,0,0,0,rs/unown-n.gif
12,20014,0,0,0,rs/unown-o.gif
12,20015,0,0,0,rs/unown-p.gif
12,20016,0,0,0,rs/unown-q.gif
12,20017,0,0,0,rs/unown-r.gif
12,20018,0,0,0,rs/unown-s.gif
12,20019,0,0,0,rs/unown-t.gif
12,20020,0,0,0,rs/unown-u.gif
12,20021,0,0,0,rs/unown-v.gif
12,20022,0,0,0,rs/unown-w.gif
12,20023,0,0,0,rs/unown-x.gif
12,20024,0,0,0,rs/unown-y.gif
12,20025,0,0,0,rs/unown-z.gif
12,20026,0,0,0,rs/unown-exclamation.gif
12,20027,0,0,0,rs/unown-question.gif
12,20028,0,0,0,rs/burmy-sandy.gif
12,20029,0,0,0,rs/burmy-trash.gif
12,20030,0,0,0,rs/cherrim-sunshine.gif
12,20031,0,0,0,rs/shellos-east.gif
12,20032,0,0,0,rs/gastrodon-east.gif
13,1,0,0,0,rs/bulbasaur.gif
13,2,0,0,0,rs/ivysaur.gif
13,3,0,0,0,rs/venusaur.gif
13,4,0,0,0,rs/charmander.gif
13,5,0,0,0,rs/charmeleon.gif
13,6,0,0,0,rs/charizard.gif
13,7,0,0,0,rs/squirtle.gif
13,8,0,0,0,rs/wartortle.gif
13,9,0,0,0,rs/blastoise.gif
13,10,0,0,0,rs/caterpie.gif
13,11,0,0,0,rs/metapod.gif
13,12,0,0,0,rs/butterfree.gif
13,13,0,0,0,rs/weedle.gif
13,14,0,0,0,rs/kakuna.gif
13,15,0,0,0,rs/beedrill.gif
13,16,0,0,0,rs/pidgey.gif
13,17,0,0,0,rs/pidgeotto.gif
13,18,0,0,0,rs/pidgeot.gif
13,19,0,0,0,rs/rattata.gif
13,20,0,0,0,rs/raticate.gif
13,21,0,0,0,rs/spearow.gif
13,22,0,0,0,rs/fearow.gif
13,23,0,0,0,rs/ekans.gif
13,24,0,0,0,rs/arbok.gif
13,25,0,0,0,rs/pikachu.gif
13,26,0,0,0,rs/raichu.gif
13,27,0,0,0,rs/sandshrew.gif
13,28,0,0,0,rs/sandslash.gif
13,29,0,0,0,rs/nidoran-f.gif
13,30,0,0,0,rs/nidorina.gif
13,31,0,0,0,rs/nidoqueen.gif
13,32,0,0,0,rs/nidoran-m.gif
13,33,0,0,0,rs/nidorino.gif
13,34,0,0,0,rs/nidoking.gif
13,35,0,0,0,rs/clefairy.gif
13,36,0,0,0,rs/clefable.gif
13,37,0,0,0,rs/vulpix.gif
13,38,0,0,0,rs/ninetales.gif
13,39,0,0,0,rs/jigglypuff.gif
13,40,0,0,0,rs/wigglytuff.gif
13,41,0,0,0,rs/zubat.gif
13,42,0,0,0,rs/golbat.gif
13,43,0,0,0,rs/oddish.gif
13,44,0,0,0,rs/gloom.gif
13,45,0,0,0,rs/vileplume.gif
13,46,0,0,0,rs/paras.gif
13,47,0,0,0,rs/parasect.gif
13,48,0,0,0,rs/venonat.gif
13,49,0,0,0,rs/venomoth.gif
13,50,0,0,0,rs/diglett.gif
13,51,0,0,0,rs/dugtrio.gif
13,52,0,0,0,rs/meowth.gif
13,53,0,0,0,rs/persian.gif
13,54,0,0,0,rs/psyduck.gif
13,55,0,0,0,rs/golduck.gif
13,56,0,0,0,rs/mankey.gif
13,57,0,0,0,rs/primeape.gif
13,58,0,0,0,rs/growlithe.gif
13,59,0,0,0,rs/arcanine.gif
13,60,0,0,0,rs/poliwag.gif
13,61,0,0,0,rs/poliwhirl.gif
13,62,0,0,0,rs/poliwrath.gif
13,63,0,0,0,rs/abra.gif
13,64,0,0,0,rs/kadabra.gif
13,65,0,0,0,rs/alakazam.gif
13,66,0,0,0,rs/machop.gif
13,67,0,0,0,rs/machoke.gif
13,68,0,0,0,rs/machamp.gif
13,69,0,0,0,rs/bellsprout.gif
13,70,0,0,0,rs/weepinbell.gif
13,71,0,0,0,rs/victreebel.gif
13,72,0,0,0,rs/tentacool.gif
13,73,0,0,0,rs/tentacruel.gif
13,74,0,0,0,rs/geodude.gif
13,75,0,0,0,rs/graveler.gif
13,76,0,0,0,rs/golem.gif
13,77,0,0,0,rs/ponyta.gif
13,78,0,0,0,rs/rapidash.gif
13,79,0,0,0,rs/slowpoke.gif
13,80,0,0,0,rs/slowbro.gif
13,81,0,0,0,rs/magnemite.gif
13,82,0,0,0,rs/magneton.gif
13,83,0,0,0,rs/farfetch-d.gif
13,84,0,0,0,rs/doduo.gif
13,85,0,0,0,rs/dodrio.gif
13,86,0,0,0,rs/seel.gif
13,87,0,0,0,rs/dewgong.gif
13,88,0,0,0,rs/grimer.gif
13,89,0,0,0,rs/muk.gif
13,90,0,0,0,rs/shellder.gif
13,91,0,0,0,rs/cloyster.gif
13,92,0,0,0,rs/gastly.gif
13,93,0,0,0,rs/haunter.gif
13,94,0,0,0,rs/gengar.gif
13,95,0,0,0,rs/onix.gif
13,96,0,0,0,rs/drowzee.gif
13,97,0,0,0,rs/hypno.gif
13,98,0,0,0,rs/krabby.gif
13,99,0,0,0,rs/kingler.gif
13,100,0,0,0,rs/voltorb.gif
13,101,0,0,0,rs/electrode.gif
13,102,0,0,0,rs/exeggcute.gif
13,103,0,0,0,rs/exeggutor.gif
13,104,0,0,0,rs/cubone.gif
13,105,0,0,0,rs/marowak.gif
13,106,0,0,0,rs/hitmonlee.gif
13,107,0,0,0,rs/hitmonchan.gif
13,108,0,0,0,rs/lickitung.gif
13,109,0,0,0,rs/koffing.gif
13,110,0,0,0,rs/weezing.gif
13,111,0,0,0,rs/rhyhorn.gif
13,112,0,0,0,rs/rhydon.gif
13,113,0,0,0,rs/chansey.gif
13,114,0,0,0,rs/tangela.gif
13,115,0,0,0,rs/kangaskhan.gif
13,116,0,0,0,rs/horsea.gif
13,117,0,0,0,rs/seadra.gif
13,118,0,0,0,rs/goldeen.gif
13,119,0,0,0,rs/seaking.gif
13,120,0,0,0,rs/staryu.gif
13,121,0,0,0,rs/starmie.gif
13,122,0,0,0,rs/mr-mime.gif
13,123,0,0,0,rs/scyther.gif
13,124,0,0,0,rs/jynx.gif
13,125,0,0,0,rs/electabuzz.gif
13,126,0,0,0,rs/magmar.gif
13,127,0,0,0,rs/pinsir.gif
13,128,0,0,0,rs/tauros.gif
13,129,0,0,0,rs/magikarp.gif
13,130,0,0,0,rs/gyarados.gif
13,131,0,0,0,rs/lapras.gif
13,132,0,0,0,rs/ditto.gif
13,133,0,0,0,rs/eevee.gif
13,134,0,0,0,rs/vaporeon.gif
13,135,0,0,0,rs/jolteon.gif
13,136,0,0,0,rs/flareon.gif
13,137,0,0,0,rs/porygon.gif
13,138,0,0,0,rs/omanyte.gif
13,139,0,0,0,rs/omastar.gif
13,140,0,0,0,rs/kabuto.gif
13,141,0,0,0,rs/kabutops.gif
13,142,0,0,0,rs/aerodactyl.gif
13,143,0,0,0,rs/snorlax.gif
13,144,0,0,0,rs/articuno.gif
13,145,0,0,0,rs/zapdos.gif
13,146,0,0,0,rs/moltres.gif
13,147,0,0,0,rs/dratini.gif
13,148,0,0,0,rs/dragonair.gif
13,149,0,0,0,rs/dragonite.gif
13,150,0,0,0,rs/mewtwo.gif
13,151,0,0,0,rs/mew.gif
13,152,0,0,0,rs/chikorita.gif
13,153,0,0,0,rs/bayleef.gif
13,154,0,0,0,rs/meganium.gif
13,155,0,0,0,rs/cyndaquil.gif
13,156,0,0,0,rs/quilava.gif
13,157,0,0,0,rs/typhlosion.gif
13,158,0,0,0,rs/totodile.gif
13,159,0,0,0,rs/croconaw.gif
13,160,0,0,0,rs/feraligatr.gif
13,161,0,0,0,rs/sentret.gif
13,162,0,0,0,rs/furret.gif
13,163,0,0,0,rs/hoothoot.gif
13,164,0,0,0,rs/noctowl.gif
13,165,0,0,0,rs/ledyba.gif
13,166,0,0,0,rs/ledian.gif
13,167,0,0,0,rs/spinarak.gif
13,168,0,0,0,rs/ariados.gif
13,169,0,0,0,rs/crobat.gif
13,170,0,0,0,rs/chinchou.gif
13,171,0,0,0,rs/lanturn.gif
13,172,0,0,0,rs/pichu.gif
13,173,0,0,0,rs/cleffa.gif
13,174,0,0,0,rs/igglybuff.gif
13,175,0,0,0,rs/togepi.gif
13,176,0,0,0,rs/togetic.gif
13,177,0,0,0,rs/natu.gif
13,178,0,0,0,rs/xatu.gif
13,179,0,0,0,rs/mareep.gif
13,180,0,0,0,rs/flaaffy.gif
13,181,0,0,0,rs/ampharos.gif
13,182,0,0,0,rs/bellossom.gif
13,183,0,0,0,rs/marill.gif
13,184,0,0,0,rs/azumarill.gif
13,185,0,0,0,rs/sudowoodo.gif
13,186,0,0,0,rs/politoed.gif
13,187,0,0,0,rs/hoppip.gif
13,188,0,0,0,rs/skiploom.gif
13,189,0,0,0,rs/jumpluff.gif
13,190,0,0,0,rs/aipom.gif
13,191,0,0,0,rs/sunkern.gif
13,192,0,0,0,rs/sunflora.gif
13,193,0,0,0,rs/yanma.gif
13,194,0,0,0,rs/wooper.gif
13,195,0,0,0,rs/quagsire.gif
13,196,0,0,0,rs/espeon.gif
13,197,0,0,0,rs/umbreon.gif
13,198,0,0,0,rs/murkrow.gif
13,199,0,0,0,rs/slowking.gif
13,200,0,0,0,rs/misdreavus.gif
13,201,0,0,0,rs/unown-a.gif
13,202,0,0,0,rs/wobbuffet.gif
13,203,0,0,0,rs/girafarig.gif
13,204,0,0,0,rs/pineco.gif
13,205,0,0,0,rs/forretress.gif
13,206,0,0,0,rs/dunsparce.gif
13,207,0,0,0,rs/gligar.gif
13,208,0,0,0,rs/steelix.gif
13,209,0,0,0,rs/snubbull.gif
13,210,0,0,0,rs/granbull.gif
13,211,0,0,0,rs/qwilfish.gif
13,212,0,0,0,rs/scizor.gif
13,213,0,0,0,rs/shuckle.gif
13,214,0,0,0,rs/heracross.gif
13,215,0,0,0,rs/sneasel.gif
13,216,0,0,0,rs/teddiursa.gif
13,217,0,0,0,rs/ursaring.gif
13,218,0,0,0,rs/slugma.gif
13,219,0,0,0,rs/magcargo.gif
13,220,0,0,0,rs/swinub.gif
13,221,0,0,0,rs/piloswine.gif
13,222,0,0,0,rs/corsola.gif
13,223,0,0,0,rs/remoraid.gif
13,224,0,0,0,rs/octillery.gif
13,225,0,0,0,rs/delibird.gif
13,226,0,0,0,rs/mantine.gif
13,227,0,0,0,rs/skarmory.gif
13,228,0,0,0,rs/houndour.gif
13,229,0,0,0,rs/houndoom.gif
13,230,0,0,0,rs/kingdra.gif
13,231,0,0,0,rs/phanpy.gif
13,232,0,0,0,rs/donphan.gif
13,233,0,0,0,rs/porygon2.gif
13,234,0,0,0,rs/stantler.gif
13,235,0,0,0,rs/smeargle.gif
13,236,0,0,0,rs/tyrogue.gif
13,237,0,0,0,rs/hitmontop.gif
13,238,0,0,0,rs/smoochum.gif
13,239,0,0,0,rs/elekid.gif
13,240,0,0,0,rs/magby.gif
13,241,0,0,0,rs/miltank.gif
13,242,0,0,0,rs/blissey.gif
13,243,0,0,0,rs/raikou.gif
13,244,0,0,0,rs/entei.gif
13,245,0,0,0,rs/suicune.gif
13,246,0,0,0,rs/larvitar.gif
13,247,0,0,0,rs/pupitar.gif
13,248,0,0,0,rs/tyranitar.gif
13,249,0,0,0,rs/lugia.gif
13,250,0,0,0,rs/ho-oh.gif
13,251,0,0,0,rs/celebi.gif
13,252,0,0,0,rs/treecko.gif
13,253,0,0,0,rs/grovyle.gif
13,254,0,0,0,rs/sceptile.gif
13,255,0,0,0,rs/torchic.gif
13,256,0,0,0,rs/combusken.gif
13,257,0,0,0,rs/blaziken.gif
13,258,0,0,0,rs/mudkip.gif
13,259,0,0,0,rs/marshtomp.gif
13,260,0,0,0,rs/swampert.gif
13,261,0,0,0,rs/poochyena.gif
13,262,0,0,0,rs/mightyena.gif
13,263,0,0,0,rs/zigzagoon.gif
13,264,0,0,0,rs/linoone.gif
13,265,0,0,0,rs/wurmple.gif
13,266,0,0,0,rs/silcoon.gif
13,267,0,0,0,rs/beautifly.gif
13,268,0,0,0,rs/cascoon.gif
13,269,0,0,0,rs/dustox.gif
13,270,0,0,0,rs/lotad.gif
13,271,0,0,0,rs/lombre.gif
13,272,0,0,0,rs/ludicolo.gif
13,273,0,0,0,rs/seedot.gif
13,274,0,0,0,rs/nuzleaf.gif
13,275,0,0,0,rs/shiftry.gif
13,276,0,0,0,rs/taillow.gif
13,277,0,0,0,rs/swellow.gif
13,278,0,0,0,rs/wingull.gif
13,279,0,0,0,rs/pelipper.gif
13,280,0,0,0,rs/ralts.gif
13,281,0,0,0,rs/kirlia.gif
13,282,0,0,0,rs/gardevoir.gif
13,283,0,0,0,rs/surskit.gif
13,284,0,0,0,rs/masquerain.gif
13,285,0,0,0,rs/shroomish.gif
13,286,0,0,0,rs/breloom.gif
13,287,0,0,0,rs/slakoth.gif
13,288,0,0,0,rs/vigoroth.gif
13,289,0,0,0,rs/slaking.gif
13,290,0,0,0,rs/nincada.gif
13,291,0,0,0,rs/ninjask.gif
13,292,0,0,0,rs/shedinja.gif
13,293,0,0,0,rs/whismur.gif
13,294,0,0,0,rs/loudred.gif
13,295,0,0,0,rs/exploud.gif
13,296,0,0,0,rs/makuhita.gif
13,297,0,0,0,rs/hariyama.gif
13,298,0,0,0,rs/azurill.gif
13,299,0,0,0,rs/nosepass.gif
13,300,0,0,0,rs/skitty.gif
13,301,0,0,0,rs/delcatty.gif
13,302,0,0,0,rs/sableye.gif
13,303,0,0,0,rs/mawile.gif
13,304,0,0,0,rs/aron.gif
13,305,0,0,0,rs/lairon.gif
13,306,0,0,0,rs/aggron.gif
13,307,0,0,0,rs/meditite.gif
13,308,0,0,0,rs/medicham.gif
13,309,0,0,0,rs/electrike.gif
13,310,0,0,0,rs/manectric.gif
13,311,0,0,0,rs/plusle.gif
13,312,0,0,0,rs/minun.gif
13,313,0,0,0,rs/volbeat.gif
13,314,0,0,0,rs/illumise.gif
13,315,0,0,0,rs/roselia.gif
13,316,0,0,0,rs/gulpin.gif
13,317,0,0,0,rs/swalot.gif
13,318,0,0,0,rs/carvanha.gif
13,319,0,0,0,rs/sharpedo.gif
13,320,0,0,0,rs/wailmer.gif
13,321,0,0,0,rs/wailord.gif
13,322,0,0,0,rs/numel.gif
13,323,0,0,0,rs/camerupt.gif
13,324,0,0,0,rs/torkoal.gif
13,325,0,0,0,rs/spoink.gif
13,326,0,0,0,rs/grumpig.gif
13,327,0,0,0,rs/spinda.gif
13,328,0,0,0,rs/trapinch.gif
13,329,0,0,0,rs/vibrava.gif
13,330,0,0,0,rs/flygon.gif
13,331,0,0,0,rs/cacnea.gif
13,332,0,0,0,rs/cacturne.gif
13,333,0,0,0,rs/swablu.gif
13,334,0,0,0,rs/altaria.gif
13,335,0,0,0,rs/zangoose.gif
13,336,0,0,0,rs/seviper.gif
13,337,0,0,0,rs/lunatone.gif
13,338,0,0,0,rs/solrock.gif
13,339,0,0,0,rs/barboach.gif
13,340,0,0,0,rs/whiscash.gif
13,341,0,0,0,rs/corphish.gif
13,342,0,0,0,rs/crawdaunt.gif
13,343,0,0,0,rs/baltoy.gif
13,344,0,0,0,rs/claydol.gif
13,345,0,0,0,rs/lileep.gif
13,346,0,0,0,rs/cradily.gif
13,347,0,0,0,rs/anorith.gif
13,348,0,0,0,rs/armaldo.gif
13,349,0,0,0,rs/feebas.gif
13,350,0,0,0,rs/milotic.gif
13,351,0,0,0,rs/castform.gif
13,352,0,0,0,rs/kecleon.gif
13,353,0,0,0,rs/shuppet.gif
13,354,0,0,0,rs/banette.gif
13,355,0,0,0,rs/duskull.gif
13,356,0,0,0,rs/dusclops.gif
13,357,0,0,0,rs/tropius.gif
13,358,0,0,0,rs/chimecho.gif
13,359,0,0,0,rs/absol.gif
13,360,0,0,0,rs/wynaut.gif
13,361,0,0,0,rs/snorunt.gif
13,362,0,0,0,rs/glalie.gif
13,363,0,0,0,rs/spheal.gif
13,364,0,0,0,rs/sealeo.gif
13,365,0,0,0,rs/walrein.gif
13,366,0,0,0,rs/clamperl.gif
13,367,0,0,0,rs/huntail.gif
13,368,0,0,0,rs/gorebyss.gif
13,369,0,0,0,rs/relicanth.gif
13,370,0,0,0,rs/luvdisc.gif
13,371,0,0,0,rs/bagon.gif
13,372,0,0,0,rs/shelgon.gif
13,373,0,0,0,rs/salamence.gif
13,374,0,0,0,rs/beldum.gif
13,375,0,0,0,rs/metang.gif
13,376,0,0,0,rs/metagross.gif
13,377,0,0,0,rs/regirock.gif
13,378,0,0,0,rs/regice.gif
13,379,0,0,0,rs/registeel.gif
13,380,0,0,0,rs/latias.gif
13,381,0,0,0,rs/latios.gif
13,382,0,0,0,rs/kyogre.gif
13,383,0,0,0,rs/groudon.gif
13,384,0,0,0,rs/rayquaza.gif
13,385,0,0,0,rs/jirachi.gif
13,386,0,0,0,rs/deoxys-normal.gif
13,387,0,0,0,rs/turtwig.gif
13,388,0,0,0,rs/grotle.gif
13,389,0,0,0,rs/torterra.gif
13,390,0,0,0,rs/chimchar.gif
13,391,0,0,0,rs/monferno.gif
13,392,0,0,0,rs/infernape.gif
13,393,0,0,0,rs/piplup.gif
13,394,0,0,0,rs/prinplup.gif
13,395,0,0,0,rs/empoleon.gif
13,396,0,0,0,rs/starly.gif
13,397,0,0,0,rs/staravia.gif
13,398,0,0,0,rs/staraptor.gif
13,399,0,0,0,rs/bidoof.gif
13,400,0,0,0,rs/bibarel.gif
13,401,0,0,0,rs/kricketot.gif
13,402,0,0,0,rs/kricketune.gif
13,403,0,0,0,rs/shinx.gif
13,404,0,0,0,rs/luxio.gif
13,405,0,0,0,rs/luxray.gif
13,406,0,0,0,rs/budew.gif
13,407,0,0,0,rs/roserade.gif
13,408,0,0,0,rs/cranidos.gif
13,409,0,0,0,rs/rampardos.gif
13,410,0,0,0,rs/shieldon.gif
13,411,0,0,0,rs/bastiodon.gif
13,412,0,0,0,rs/burmy-plant.gif
13,413,0,0,0,rs/wormadam-plant.gif
13,414,0,0,0,rs/mothim.gif
13,415,0,0,0,rs/combee.gif
13,416,0,0,0,rs/vespiquen.gif
13,417,0,0,0,rs/pachirisu.gif
13,418,0,0,0,rs/buizel.gif
13,419,0,0,0,rs/floatzel.gif
13,420,0,0,0,rs/cherubi.gif
13,421,0,0,0,rs/cherrim-overcast.gif
13,422,0,0,0,rs/shellos-west.gif
13,423,0,0,0,rs/gastrodon-west.gif
13,424,0,0,0,rs/ambipom.gif
13,425,0,0,0,rs/drifloon.gif
13,426,0,0,0,rs/drifblim.gif
13,427,0,0,0,rs/buneary.gif
13,428,0,0,0,rs/lopunny.gif
13,429,0,0,0,rs/mismagius.gif
13,430,0,0,0,rs/honchkrow.gif
13,431,0,0,0,rs/glameow.gif
13,432,0,0,0,rs/purugly.gif
13,433,0,0,0,rs/chingling.gif
13,434,0,0,0,rs/stunky.gif
13,435,0,0,0,rs/skuntank.gif
13,436,0,0,0,rs/bronzor.gif
13,437,0,0,0,rs/bronzong.gif
13,438,0,0,0,rs/bonsly.gif
13,439,0,0,0,rs/mime-jr.gif
13,440,0,0,0,rs/happiny.gif
13,441,0,0,0,rs/chatot.gif
13,442,0,0,0,rs/spiritomb.gif
13,443,0,0,0,rs/gible.gif
13,444,0,0,0,rs/gabite.gif
13,445,0,0,0,rs/garchomp.gif
13,446,0,0,0,rs/munchlax.gif
13,447,0,0,0,rs/riolu.gif
13,448,0,0,0,rs/lucario.gif
13,449,0,0,0,rs/hippopotas.gif
13,450,0,0,0,rs/hippowdon.gif
13,451,0,0,0,rs/skorupi.gif
13,452,0,0,0,rs/drapion.gif
13,453,0,0,0,rs/croagunk.gif
13,454,0,0,0,rs/toxicroak.gif
13,455,0,0,0,rs/carnivine.gif
13,456,0,0,0,rs/finneon.gif
13,457,0,0,0,rs/lumineon.gif
13,458,0,0,0,rs/mantyke.gif
13,459,0,0,0,rs/snover.gif
13,460,0,0,0,rs/abomasnow.gif
13,461,0,0,0,rs/weavile.gif
13,462,0,0,0,rs/magnezone.gif
13,463,0,0,0,rs/lickilicky.gif
13,464,0,0,0,rs/rhyperior.gif
13,465,0,0,0,rs/tangrowth.gif
13,466,0,0,0,rs/electivire.gif
13,467,0,0,0,rs/magmortar.gif
13,468,0,0,0,rs/togekiss.gif
13,469,0,0,0,rs/yanmega.gif
13,470,0,0,0,rs/leafeon.gif
13,471,0,0,0,rs/glaceon.gif
13,472,0,0,0,rs/gliscor.gif
13,473,0,0,0,rs/mamoswine.gif
13,474,0,0,0,rs/porygon-z.gif
13,475,0,0,0,rs/gallade.gif
13,476,0,0,0,rs/probopass.gif
13,477,0,0,0,rs/dusknoir.gif
13,478,0,0,0,rs/froslass.gif
13,479,0,0,0,rs/rotom.gif
13,480,0,0,0,rs/uxie.gif
13,481,0,0,0,rs/mesprit.gif
13,482,0,0,0,rs/azelf.gif
13,483,0,0,0,rs/dialga.gif
13,484,0,0,0,rs/palkia.gif
13,485,0,0,0,rs/heatran.gif
13,486,0,0,0,rs/regigigas.gif
13,487,0,0,0,rs/giratina-altered.gif
13,488,0,0,0,rs/cresselia.gif
13,489,0,0,0,rs/phione.gif
13,490,0,0,0,rs/manaphy.gif
13,491,0,0,0,rs/darkrai.gif
13,492,0,0,0,rs/shaymin-land.gif
13,493,0,0,0,rs/arceus.gif
13,10001,0,0,0,rs/castform-sunny.gif
13,10002,0,0,0,rs/castform-rainy.gif
13,10003,0,0,0,rs/castform-snowy.gif
13,10004,0,0,0,rs/deoxys-attack.gif
13,10005,0,0,0,rs/deoxys-defense.gif
13,10006,0,0,0,rs/deoxys-speed.gif
13,10007,0,0,0,rs/wormadam-sandy.gif
13,10008,0,0,0,rs/wormadam-trash.gif
13,10009,0,0,0,rs/arceus.gif
13,10010,0,0,0,rs/arceus.gif
13,10011,0,0,0,rs/arceus.gif
13,10012,0,0,0,rs/arceus.gif
13,10013,0,0,0,rs/arceus.gif
13,10014,0,0,0,rs/arceus.gif
13,10015,0,0,0,rs/arceus.gif
13,10016,0,0,0,rs/arceus.gif
13,10017,0,0,0,rs/arceus.gif
13,10018,0,0,0,rs/arceus.gif
13,10019,0,0,0,rs/arceus.gif
13,10020,0,0,0,rs/arceus.gif
13,10021,0,0,0,rs/arceus.gif
13,10022,0,0,0,rs/arceus.gif
13,10023,0,0,0,rs/arceus.gif
13,10024,0,0,0,rs/arceus.gif
13,10025,0,0,0,rs/rotom-heat.gif
13,10026,0,0,0,rs/rotom-wash.gif
13,10027,0,0,0,rs/rotom-frost.gif
13,10028,0,0,0,rs/rotom-fan.gif
13,10029,0,0,0,rs/rotom-mow.gif
13,10030,0,0,0,rs/giratina-origin.gif
13,10031,0,0,0,rs/shaymin-sky.gif
13,20001,0,0,0,rs/unown-b.gif
13,20002,0,0,0,rs/unown-c.gif
13,20003,0,0,0,rs/unown-d.gif
13,20004,0,0,0,rs/unown-e.gif
13,20005,0,0,0,rs/unown-f.gif
13,20006,0,0,0,rs/unown-g.gif
13,20007,0,0,0,rs/unown-h.gif
13,20008,0,0,0,rs/unown-i.gif
13,20009,0,0,0,rs/unown-j.gif
13,20010,0,0,0,rs/unown-k.gif
13,20011,0,0,0,rs/unown-l.gif
13,20012,0,0,0,rs/unown-m.gif
13,20013,0,0,0,rs/unown-n.gif
13,20014,0,0,0,rs/unown-o.gif
13,20015,0,0,0,rs/unown-p.gif
13,20016,0,0,0,rs/unown-q.gif
13,20017,0,0,0,rs/unown-r.gif
13,20018,0,0,0,rs/unown-s.gif
13,20019,0,0,0,rs/unown-t.gif
13,20020,0,0,0,rs/unown-u.gif
13,20021,0,0,0,rs/unown-v.gif
13,20022,0,0,0,rs/unown-w.gif
13,20023,0,0,0,rs/unown-x.gif
13,20024,0,0,0,rs/unown-y.gif
13,20025,0,0,0,rs/unown-z.gif
13,20026,0,0,0,rs/unown-exclamation.gif
13,20027,0,0,0,rs/unown-question.gif
13,20028,0,0,0,rs/burmy-sandy.gif
13,20029,0,0,0,rs/burmy-trash.gif
13,20030,0,0,0,rs/cherrim-sunshine.gif
13,20031,0,0,0,rs/shellos-east.gif
13,20032,0,0,0,rs/gastrodon-east.gif
14,1,0,0,0,rs/bulbasaur.gif
14,2,0,0,0,rs/ivysaur.gif
14,3,0,0,0,rs/venusaur.gif
14,4,0,0,0,rs/charmander.gif
14,5,0,0,0,rs/charmeleon.gif
14,6,0,0,0,rs/charizard.gif
14,7,0,0,0,rs/squirtle.gif
14,8,0,0,0,rs/wartortle.gif
14,9,0,0,0,rs/blastoise.gif
14,10,0,0,0,rs/caterpie.gif
14,11,0,0,0,rs/metapod.gif
14,12,0,0,0,rs/butterfree.gif
14,13,0,0,0,rs/weedle.gif
14,14,0,0,0,rs/kakuna.gif
14,15,0,0,0,rs/beedrill.gif
14,16,0,0,0,rs/pidgey.gif
14,17,0,0,0,rs/pidgeotto.gif
14,18,0,0,0,rs/pidgeot.gif
14,19,0,0,0,rs/rattata.gif
14,20,0,0,0,rs/raticate.gif
14,21,0,0,0,rs/spearow.gif
14,22,0,0,0,rs/fearow.gif
14,23,0,0,0,rs/ekans.gif
14,24,0,0,0,rs/arbok.gif
14,25,0,0,0,rs/pikachu.gif
14,26,0,0,0,rs/raichu.gif
14,27,0,0,0,rs/sandshrew.gif
14,28,0,0,0,rs/sandslash.gif
14,29,0,0,0,rs/nidoran-f.gif
14,30,0,0,0,rs/nidorina.gif
14,31,0,0,0,rs/nidoqueen.gif
14,32,0,0,0,rs/nidoran-m.gif
14,33,0,0,0,rs/nidorino.gif
14,34,0,0,0,rs/nidoking.gif
14,35,0,0,0,rs/clefairy.gif
14,36,0,0,0,rs/clefable.gif
14,37,0,0,0,rs/vulpix.gif
14,38,0,0,0,rs/ninetales.gif
14,39,0,0,0,rs/jigglypuff.gif
14,40,0,0,0,rs/wigglytuff.gif
14,41,0,0,0,rs/zubat.gif
14,42,0,0,0,rs/golbat.gif
14,43,0,0,0,rs/oddish.gif
14,44,0,0,0,rs/gloom.gif
14,45,0,0,0,rs/vileplume.gif
14,46,0,0,0,rs/paras.gif
14,47,0,0,0,rs/parasect.gif
14,48,0,0,0,rs/venonat.gif
14,49,0,0,0,rs/venomoth.gif
14,50,0,0,0,rs/diglett.gif
14,51,0,0,0,rs/dugtrio.gif
14,52,0,0,0,rs/meowth.gif
14,53,0,0,0,rs/persian.gif
14,54,0,0,0,rs/psyduck.gif
14,55,0,0,0,rs/golduck.gif
14,56,0,0,0,rs/mankey.gif
14,57,0,0,0,rs/primeape.gif
14,58,0,0,0,rs/growlithe.gif
14,59,0,0,0,rs/arcanine.gif
14,60,0,0,0,rs/poliwag.gif
14,61,0,0,0,rs/poliwhirl.gif
14,62,0,0,0,rs/poliwrath.gif
14,63,0,0,0,rs/abra.gif
14,64,0,0,0,rs/kadabra.gif
14,65,0,0,0,rs/alakazam.gif
14,66,0,0,0,rs/machop.gif
14,67,0,0,0,rs/machoke.gif
14,68,0,0,0,rs/machamp.gif
14,69,0,0,0,rs/bellsprout.gif
14,70,0,0,0,rs/weepinbell.gif
14,71,0,0,0,rs/victreebel.gif
14,72,0,0,0,rs/tentacool.gif
14,73,0,0,0,rs/tentacruel.gif
14,74,0,0,0,rs/geodude.gif
14,75,0,0,0,rs/graveler.gif
14,76,0,0,0,rs/golem.gif
14,77,0,0,0,rs/ponyta.gif
14,78,0,0,0,rs/rapidash.gif
14,79,0,0,0,rs/slowpoke.gif
14,80,0,0,0,rs/slowbro.gif
14,81,0,0,0,rs/magnemite.gif
14,82,0,0,0,rs/magneton.gif
14,83,0,0,0,rs/farfetch-d.gif
14,84,0,0,0,rs/doduo.gif
14,85,0,0,0,rs/dodrio.gif
14,86,0,0,0,rs/seel.gif
14,87,0,0,0,rs/dewgong.gif
14,88,0,0,0,rs/grimer.gif
14,89,0,0,0,rs/muk.gif
14,90,0,0,0,rs/shellder.gif
14,91,0,0,0,rs/cloyster.gif
14,92,0,0,0,rs/gastly.gif
14,93,0,0,0,rs/haunter.gif
14,94,0,0,0,rs/gengar.gif
14,95,0,0,0,rs/onix.gif
14,96,0,0,0,rs/drowzee.gif
14,97,0,0,0,rs/hypno.gif
14,98,0,0,0,rs/krabby.gif
14,99,0,0,0,rs/kingler.gif
14,100,0,0,0,rs/voltorb.gif
14,101,0,0,0,rs/electrode.gif
14,102,0,0,0,rs/exeggcute.gif
14,103,0,0,0,rs/exeggutor.gif
14,104,0,0,0,rs/cubone.gif
14,105,0,0,0,rs/marowak.gif
14,106,0,0,0,rs/hitmonlee.gif
14,107,0,0,0,rs/hitmonchan.gif
14,108,0,0,0,rs/lickitung.gif
14,109,0,0,0,rs/koffing.gif
14,110,0,0,0,rs/weezing.gif
14,111,0,0,0,rs/rhyhorn.gif
14,112,0,0,0,rs/rhydon.gif
14,113,0,0,0,rs/chansey.gif
14,114,0,0,0,rs/tangela.gif
14,115,0,0,0,rs/kangaskhan.gif
14,116,0,0,0,rs/horsea.gif
14,117,0,0,0,rs/seadra.gif
14,118,0,0,0,rs/goldeen.gif
14,119,0,0,0,rs/seaking.gif
14,120,0,0,0,rs/staryu.gif
14,121,0,0,0,rs/starmie.gif
14,122,0,0,0,rs/mr-mime.gif
14,123,0,0,0,rs/scyther.gif
14,124,0,0,0,rs/jynx.gif
14,125,0,0,0,rs/electabuzz.gif
14,126,0,0,0,rs/magmar.gif
14,127,0,0,0,rs/pinsir.gif
14,128,0,0,0,rs/tauros.gif
14,129,0,0,0,rs/magikarp.gif
14,130,0,0,0,rs/gyarados.gif
14,131,0,0,0,rs/lapras.gif
14,132,0,0,0,rs/ditto.gif
14,133,0,0,0,rs/eevee.gif
14,134,0,0,0,rs/vaporeon.gif
14,135,0,0,0,rs/jolteon.gif
14,136,0,0,0,rs/flareon.gif
14,137,0,0,0,rs/porygon.gif
14,138,0,0,0,rs/omanyte.gif
14,139,0,0,0,rs/omastar.gif
14,140,0,0,0,rs/kabuto.gif
14,141,0,0,0,rs/kabutops.gif
14,142,0,0,0,rs/aerodactyl.gif
14,143,0,0,0,rs/snorlax.gif
14,144,0,0,0,rs/articuno.gif
14,145,0,0,0,rs/zapdos.gif
14,146,0,0,0,rs/moltres.gif
14,147,0,0,0,rs/dratini.gif
14,148,0,0,0,rs/dragonair.gif
14,149,0,0,0,rs/dragonite.gif
14,150,0,0,0,rs/mewtwo.gif
14,151,0,0,0,rs/mew.gif
14,152,0,0,0,rs/chikorita.gif
14,153,0,0,0,rs/bayleef.gif
14,154,0,0,0,rs/meganium.gif
14,155,0,0,0,rs/cyndaquil.gif
14,156,0,0,0,rs/quilava.gif
14,157,0,0,0,rs/typhlosion.gif
14,158,0,0,0,rs/totodile.gif
14,159,0,0,0,rs/croconaw.gif
14,160,0,0,0,rs/feraligatr.gif
14,161,0,0,0,rs/sentret.gif
14,162,0,0,0,rs/furret.gif
14,163,0,0,0,rs/hoothoot.gif
14,164,0,0,0,rs/noctowl.gif
14,165,0,0,0,rs/ledyba.gif
14,166,0,0,0,rs/ledian.gif
14,167,0,0,0,rs/spinarak.gif
14,168,0,0,0,rs/ariados.gif
14,169,0,0,0,rs/crobat.gif
14,170,0,0,0,rs/chinchou.gif
14,171,0,0,0,rs/lanturn.gif
14,172,0,0,0,rs/pichu.gif
14,173,0,0,0,rs/cleffa.gif
14,174,0,0,0,rs/igglybuff.gif
14,175,0,0,0,rs/togepi.gif
14,176,0,0,0,rs/togetic.gif
14,177,0,0,0,rs/natu.gif
14,178,0,0,0,rs/xatu.gif
14,179,0,0,0,rs/mareep.gif
14,180,0,0,0,rs/flaaffy.gif
14,181,0,0,0,rs/ampharos.gif
14,182,0,0,0,rs/bellossom.gif
14,183,0,0,0,rs/marill.gif
14,184,0,0,0,rs/azumarill.gif
14,185,0,0,0,rs/sudowoodo.gif
14,186,0,0,0,rs/politoed.gif
14,187,0,0,0,rs/hoppip.gif
14,188,0,0,0,rs/skiploom.gif
14,189,0,0,0,rs/jumpluff.gif
14,190,0,0,0,rs/aipom.gif
14,191,0,0,0,rs/sunkern.gif
14,192,0,0,0,rs/sunflora.gif
14,193,0,0,0,rs/yanma.gif
14,194,0,0,0,rs/wooper.gif
14,195,0,0,0,rs/quagsire.gif
14,196,0,0,0,rs/espeon.gif
14,197,0,0,0,rs/umbreon.gif
14,198,0,0,0,rs/murkrow.gif
14,199,0,0,0,rs/slowking.gif
14,200,0,0,0,rs/misdreavus.gif
14,201,0,0,0,rs/unown-a.gif
14,202,0,0,0,rs/wobbuffet.gif
14,203,0,0,0,rs/girafarig.gif
14,204,0,0,0,rs/pineco.gif
14,205,0,0,0,rs/forretress.gif
14,206,0,0,0,rs/dunsparce.gif
14,207,0,0,0,rs/gligar.gif
14,208,0,0,0,rs/steelix.gif
14,209,0,0,0,rs/snubbull.gif
14,210,0,0,0,rs/granbull.gif
14,211,0,0,0,rs/qwilfish.gif
14,212,0,0,0,rs/scizor.gif
14,213,0,0,0,rs/shuckle.gif
14,214,0,0,0,rs/heracross.gif
14,215,0,0,0,rs/sneasel.gif
14,216,0,0,0,rs/teddiursa.gif
14,217,0,0,0,rs/ursaring.gif
14,218,0,0,0,rs/slugma.gif
14,219,0,0,0,rs/magcargo.gif
14,220,0,0,0,rs/swinub.gif
14,221,0,0,0,rs/piloswine.gif
14,222,0,0,0,rs/corsola.gif
14,223,0,0,0,rs/remoraid.gif
14,224,0,0,0,rs/octillery.gif
14,225,0,0,0,rs/delibird.gif
14,226,0,0,0,rs/mantine.gif
14,227,0,0,0,rs/skarmory.gif
14,228,0,0,0,rs/houndour.gif
14,229,0,0,0,rs/houndoom.gif
14,230,0,0,0,rs/kingdra.gif
14,231,0,0,0,rs/phanpy.gif
14,232,0,0,0,rs/donphan.gif
14,233,0,0,0,rs/porygon2.gif
14,234,0,0,0,rs/stantler.gif
14,235,0,0,0,rs/smeargle.gif
14,236,0,0,0,rs/tyrogue.gif
14,237,0,0,0,rs/hitmontop.gif
14,238,0,0,0,rs/smoochum.gif
14,239,0,0,0,rs/elekid.gif
14,240,0,0,0,rs/magby.gif
14,241,0,0,0,rs/miltank.gif
14,242,0,0,0,rs/blissey.gif
14,243,0,0,0,rs/raikou.gif
14,244,0,0,0,rs/entei.gif
14,245,0,0,0,rs/suicune.gif
14,246,0,0,0,rs/larvitar.gif
14,247,0,0,0,rs/pupitar.gif
14,248,0,0,0,rs/tyranitar.gif
14,249,0,0,0,rs/lugia.gif
14,250,0,0,0,rs/ho-oh.gif
14,251,0,0,0,rs/celebi.gif
14,252,0,0,0,rs/treecko.gif
14,253,0,0,0,rs/grovyle.gif
14,254,0,0,0,rs/sceptile.gif
14,255,0,0,0,rs/torchic.gif
14,256,0,0,0,rs/combusken.gif
14,257,0,0,0,rs/blaziken.gif
14,258,0,0,0,rs/mudkip.gif
14,259,0,0,0,rs/marshtomp.gif
14,260,0,0,0,rs/swampert.gif
14,261,0,0,0,rs/poochyena.gif
14,262,0,0,0,rs/mightyena.gif
14,263,0,0,0,rs/zigzagoon.gif
14,264,0,0,0,rs/linoone.gif
14,265,0,0,0,rs/wurmple.gif
14,266,0,0,0,rs/silcoon.gif
14,267,0,0,0,rs/beautifly.gif
14,268,0,0,0,rs/cascoon.gif
14,269,0,0,0,rs/dustox.gif
14,270,0,0,0,rs/lotad.gif
14,271,0,0,0,rs/lombre.gif
14,272,0,0,0,rs/ludicolo.gif
14,273,0,0,0,rs/seedot.gif
14,274,0,0,0,rs/nuzleaf.gif
14,275,0,0,0,rs/shiftry.gif
14,276,0,0,0,rs/taillow.gif
14,277,0,0,0,rs/swellow.gif
14,278,0,0,0,rs/wingull.gif
14,279,0,0,0,rs/pelipper.gif
14,280,0,0,0,rs/ralts.gif
14,281,0,0,0,rs/kirlia.gif
14,282,0,0,0,rs/gardevoir.gif
14,283,0,0,0,rs/surskit.gif
14,284,0,0,0,rs/masquerain.gif
14,285,0,0,0,rs/shroomish.gif
14,286,0,0,0,rs/breloom.gif
14,287,0,0,0,rs/slakoth.gif
14,288,0,0,0,rs/vigoroth.gif
14,289,0,0,0,rs/slaking.gif
14,290,0,0,0,rs/nincada.gif
14,291,0,0,0,rs/ninjask.gif
14,292,0,0,0,rs/shedinja.gif
14,293,0,0,0,rs/whismur.gif
14,294,0,0,0,rs/loudred.gif
14,295,0,0,0,rs/exploud.gif
14,296,0,0,0,rs/makuhita.gif
14,297,0,0,0,rs/hariyama.gif
14,298,0,0,0,rs/azurill.gif
14,299,0,0,0,rs/nosepass.gif
14,300,0,0,0,rs/skitty.gif
14,301,0,0,0,rs/delcatty.gif
14,302,0,0,0,rs/sableye.gif
14,303,0,0,0,rs/mawile.gif
14,304,0,0,0,rs/aron.gif
14,305,0,0,0,rs/lairon.gif
14,306,0,0,0,rs/aggron.gif
14,307,0,0,0,rs/meditite.gif
14,308,0,0,0,rs/medicham.gif
14,309,0,0,0,rs/electrike.gif
14,310,0,0,0,rs/manectric.gif
14,311,0,0,0,rs/plusle.gif
14,312,0,0,0,rs/minun.gif
14,313,0,0,0,rs/volbeat.gif
14,314,0,0,0,rs/illumise.gif
14,315,0,0,0,rs/roselia.gif
14,316,0,0,0,rs/gulpin.gif
14,317,0,0,0,rs/swalot.gif
14,318,0,0,0,rs/carvanha.gif
14,319,0,0,0,rs/sharpedo.gif
14,320,0,0,0,rs/wailmer.gif
14,321,0,0,0,rs/wailord.gif
14,322,0,0,0,rs/numel.gif
14,323,0,0,0,rs/camerupt.gif
14,324,0,0,0,rs/torkoal.gif
14,325,0,0,0,rs/spoink.gif
14,326,0,0,0,rs/grumpig.gif
14,327,0,0,0,rs/spinda.gif
14,328,0,0,0,rs/trapinch.gif
14,329,0,0,0,rs/vibrava.gif
14,330,0,0,0,rs/flygon.gif
14,331,0,0,0,rs/cacnea.gif
14,332,0,0,0,rs/cacturne.gif
14,333,0,0,0,rs/swablu.gif
14,334,0,0,0,rs/altaria.gif
14,335,0,0,0,rs/zangoose.gif
14,336,0,0,0,rs/seviper.gif
14,337,0,0,0,rs/lunatone.gif
14,338,0,0,0,rs/solrock.gif
14,339,0,0,0,rs/barboach.gif
14,340,0,0,0,rs/whiscash.gif
14,341,0,0,0,rs/corphish.gif
14,342,0,0,0,rs/crawdaunt.gif
14,343,0,0,0,rs/baltoy.gif
14,344,0,0,0,rs/claydol.gif
14,345,0,0,0,rs/lileep.gif
14,346,0,0,0,rs/cradily.gif
14,347,0,0,0,rs/anorith.gif
14,348,0,0,0,rs/armaldo.gif
14,349,0,0,0,rs/feebas.gif
14,350,0,0,0,rs/milotic.gif
14,351,0,0,0,rs/castform.gif
14,352,0,0,0,rs/kecleon.gif
14,353,0,0,0,rs/shuppet.gif
14,354,0,0,0,rs/banette.gif
14,355,0,0,0,rs/duskull.gif
14,356,0,0,0,rs/dusclops.gif
14,357,0,0,0,rs/tropius.gif
14,358,0,0,0,rs/chimecho.gif
14,359,0,0,0,rs/absol.gif
14,360,0,0,0,rs/wynaut.gif
14,361,0,0,0,rs/snorunt.gif
14,362,0,0,0,rs/glalie.gif
14,363,0,0,0,rs/spheal.gif
14,364,0,0,0,rs/sealeo.gif
14,365,0,0,0,rs/walrein.gif
14,366,0,0,0,rs/clamperl.gif
14,367,0,0,0,rs/huntail.gif
14,368,0,0,0,rs/gorebyss.gif
14,369,0,0,0,rs/relicanth.gif
14,370,0,0,0,rs/luvdisc.gif
14,371,0,0,0,rs/bagon.gif
14,372,0,0,0,rs/shelgon.gif
14,373,0,0,0,rs/salamence.gif
14,374,0,0,0,rs/beldum.gif
14,375,0,0,0,rs/metang.gif
14,376,0,0,0,rs/metagross.gif
14,377,0,0,0,rs/regirock.gif
14,378,0,0,0,rs/regice.gif
14,379,0,0,0,rs/registeel.gif
14,380,0,0,0,rs/latias.gif
14,381,0,0,0,rs/latios.gif
14,382,0,0,0,rs/kyogre.gif
14,383,0,0,0,rs/groudon.gif
14,384,0,0,0,rs/rayquaza.gif
14,385,0,0,0,rs/jirachi.gif
14,386,0,0,0,rs/deoxys-normal.gif
14,387,0,0,0,rs/turtwig.gif
14,388,0,0,0,rs/grotle.gif
14,389,0,0,0,rs/torterra.gif
14,390,0,0,0,rs/chimchar.gif
14,391,0,0,0,rs/monferno.gif
14,392,0,0,0,rs/infernape.gif
14,393,0,0,0,rs/piplup.gif
14,394,0,0,0,rs/prinplup.gif
14,395,0,0,0,rs/empoleon.gif
14,396,0,0,0,rs/starly.gif
14,397,0,0,0,rs/staravia.gif
14,398,0,0,0,rs/staraptor.gif
14,399,0,0,0,rs/bidoof.gif
14,400,0,0,0,rs/bibarel.gif
14,401,0,0,0,rs/kricketot.gif
14,402,0,0,0,rs/kricketune.gif
14,403,0,0,0,rs/shinx.gif
14,404,0,0,0,rs/luxio.gif
14,405,0,0,0,rs/luxray.gif
14,406,0,0,0,rs/budew.gif
14,407,0,0,0,rs/roserade.gif
14,408,0,0,0,rs/cranidos.gif
14,409,0,0,0,rs/rampardos.gif
14,410,0,0,0,rs/shieldon.gif
14,411,0,0,0,rs/bastiodon.gif
14,412,0,0,0,rs/burmy-plant.gif
14,413,0,0,0,rs/wormadam-plant.gif
14,414,0,0,0,rs/mothim.gif
14,415,0,0,0,rs/combee.gif
14,416,0,0,0,rs/vespiquen.gif
14,417,0,0,0,rs/pachirisu.gif
14,418,0,0,0,rs/buizel.gif
14,419,0,0,0,rs/floatzel.gif
14,420,0,0,0,rs/cherubi.gif
14,421,0,0,0,rs/cherrim-overcast.gif
14,422,0,0,0,rs/shellos-west.gif
14,423,0,0,0,rs/gastrodon-west.gif
14,424,0,0,0,rs/ambipom.gif
14,425,0,0,0,rs/drifloon.gif
14,426,0,0,0,rs/drifblim.gif
14,427,0,0,0,rs/buneary.gif
14,428,0,0,0,rs/lopunny.gif
14,429,0,0,0,rs/mismagius.gif
14,430,0,0,0,rs/honchkrow.gif
14,431,0,0,0,rs/glameow.gif
14,432,0,0,0,rs/purugly.gif
14,433,0,0,0,rs/chingling.gif
14,434,0,0,0,rs/stunky.gif
14,435,0,0,0,rs/skuntank.gif
14,436,0,0,0,rs/bronzor.gif
14,437,0,0,0,rs/bronzong.gif
14,438,0,0,0,rs/bonsly.gif
14,439,0,0,0,rs/mime-jr.gif
14,440,0,0,0,rs/happiny.gif
14,441,0,0,0,rs/chatot.gif
14,442,0,0,0,rs/spiritomb.gif
14,443,0,0,0,rs/gible.gif
14,444,0,0,0,rs/gabite.gif
14,445,0,0,0,rs/garchomp.gif
14,446,0,0,0,rs/munchlax.gif
14,447,0,0,0,rs/riolu.gif
14,448,0,0,0,rs/lucario.gif
14,449,0,0,0,rs/hippopotas.gif
14,450,0,0,0,rs/hippowdon.gif
14,451,0,0,0,rs/skorupi.gif
14,452,0,0,0,rs/drapion.gif
14,453,0,0,0,rs/croagunk.gif
14,454,0,0,0,rs/toxicroak.gif
14,455,0,0,0,rs/carnivine.gif
14,456,0,0,0,rs/finneon.gif
14,457,0,0,0,rs/lumineon.gif
14,458,0,0,0,rs/mantyke.gif
14,459,0,0,0,rs/snover.gif
14,460,0,0,0,rs/abomasnow.gif
14,461,0,0,0,rs/weavile.gif
14,462,0,0,0,rs/magnezone.gif
14,463,0,0,0,rs/lickilicky.gif
14,464,0,0,0,rs/rhyperior.gif
14,465,0,0,0,rs/tangrowth.gif
14,466,0,0,0,rs/electivire.gif
14,467,0,0,0,rs/magmortar.gif
14,468,0,0,0,rs/togekiss.gif
14,469,0,0,0,rs/yanmega.gif
14,470,0,0,0,rs/leafeon.gif
14,471,0,0,0,rs/glaceon.gif
14,472,0,0,0,rs/gliscor.gif
14,473,0,0,0,rs/mamoswine.gif
14,474,0,0,0,rs/porygon-z.gif
14,475,0,0,0,rs/gallade.gif
14,476,0,0,0,rs/probopass.gif
14,477,0,0,0,rs/dusknoir.gif
14,478,0,0,0,rs/froslass.gif
14,479,0,0,0,rs/rotom.gif
14,480,0,0,0,rs/uxie.gif
14,481,0,0,0,rs/mesprit.gif
14,482,0,0,0,rs/azelf.gif
14,483,0,0,0,rs/dialga.gif
14,484,0,0,0,rs/palkia.gif
14,485,0,0,0,rs/heatran.gif
14,486,0,0,0,rs/regigigas.gif
14,487,0,0,0,rs/giratina-altered.gif
14,488,0,0,0,rs/cresselia.gif
14,489,0,0,0,rs/phione.gif
14,490,0,0,0,rs/manaphy.gif
14,491,0,0,0,rs/darkrai.gif
14,492,0,0,0,rs/shaymin-land.gif
14,493,0,0,0,rs/arceus.gif
14,10001,0,0,0,rs/castform-sunny.gif
14,10002,0,0,0,rs/castform-rainy.gif
14,10003,0,0,0,rs/castform-snowy.gif
14,10004,0,0,0,rs/deoxys-attack.gif
14,10005,0,0,0,rs/deoxys-defense.gif
14,10006,0,0,0,rs/deoxys-speed.gif
14,10007,0,0,0,rs/wormadam-sandy.gif
14,10008,0,0,0,rs/wormadam-trash.gif
14,10009,0,0,0,rs/arceus.gif
14,10010,0,0,0,rs/arceus.gif
14,10011,0,0,0,rs/arceus.gif
14,10012,0,0,0,rs/arceus.gif
14,10013,0,0,0,rs/arceus.gif
14,10014,0,0,0,rs/arceus.gif
14,10015,0,0,0,rs/arceus.gif
14,10016,0,0,0,rs/arceus.gif
14,10017,0,0,0,rs/arceus.gif
14,10018,0,0,0,rs/arceus.gif
14,10019,0,0,0,rs/arceus.gif
14,10020,0,0,0,rs/arceus.gif
14,10021,0,0,0,rs/arceus.gif
14,10022,0,0,0,rs/arceus.gif
14,10023,0,0,0,rs/arceus.gif
14,10024,0,0,0,rs/arceus.gif
14,10025,0,0,0,rs/rotom-heat.gif
14,10026,0,0,0,rs/rotom-wash.gif
14,10027,0,0,0,rs/rotom-frost.gif
14,10028,0,0,0,rs/rotom-fan.gif
14,10029,0,0,0,rs/rotom-mow.gif
14,10030,0,0,0,rs/giratina-origin.gif
14,10031,0,0,0,rs/shaymin-sky.gif
14,10032,0,0,0,rs/pichu.gif
14,20001,0,0,0,rs/unown-b.gif
14,20002,0,0,0,rs/unown-c.gif
14,20003,0,0,0,rs/unown-d.gif
14,20004,0,0,0,rs/unown-e.gif
14,20005,0,0,0,rs/unown-f.gif
14,20006,0,0,0,rs/unown-g.gif
14,20007,0,0,0,rs/unown-h.gif
14,20008,0,0,0,rs/unown-i.gif
14,20009,0,0,0,rs/unown-j.gif
14,20010,0,0,0,rs/unown-k.gif
14,20011,0,0,0,rs/unown-l.gif
14,20012,0,0,0,rs/unown-m.gif
14,20013,0,0,0,rs/unown-n.gif
14,20014,0,0,0,rs/unown-o.gif
14,20015,0,0,0,rs/unown-p.gif
14,20016,0,0,0,rs/unown-q.gif
14,20017,0,0,0,rs/unown-r.gif
14,20018,0,0,0,rs/unown-s.gif
14,20019,0,0,0,rs/unown-t.gif
14,20020,0,0,0,rs/unown-u.gif
14,20021,0,0,0,rs/unown-v.gif
14,20022,0,0,0,rs/unown-w.gif
14,20023,0,0,0,rs/unown-x.gif
14,20024,0,0,0,rs/unown-y.gif
14,20025,0,0,0,rs/unown-z.gif
14,20026,0,0,0,rs/unown-exclamation.gif
14,20027,0,0,0,rs/unown-question.gif
14,20028,0,0,0,rs/burmy-sandy.gif
14,20029,0,0,0,rs/burmy-trash.gif
14,20030,0,0,0,rs/cherrim-sunshine.gif
14,20031,0,0,0,rs/shellos-east.gif
14,20032,0,0,0,rs/gastrodon-east.gif
15,1,0,0,0,rs/bulbasaur.gif
15,2,0,0,0,rs/ivysaur.gif
15,3,0,0,0,rs/venusaur.gif
15,4,0,0,0,rs/charmander.gif
15,5,0,0,0,rs/charmeleon.gif
15,6,0,0,0,rs/charizard.gif
15,7,0,0,0,rs/squirtle.gif
15,8,0,0,0,rs/wartortle.gif
15,9,0,0,0,rs/blastoise.gif
15,10,0,0,0,rs/caterpie.gif
15,11,0,0,0,rs/metapod.gif
15,12,0,0,0,rs/butterfree.gif
15,13,0,0,0,rs/weedle.gif
15,14,0,0,0,rs/kakuna.gif
15,15,0,0,0,rs/beedrill.gif
15,16,0,0,0,rs/pidgey.gif
15,17,0,0,0,rs/pidgeotto.gif
15,18,0,0,0,rs/pidgeot.gif
15,19,0,0,0,rs/rattata.gif
15,20,0,0,0,rs/raticate.gif
15,21,0,0,0,rs/spearow.gif
15,22,0,0,0,rs/fearow.gif
15,23,0,0,0,rs/ekans.gif
15,24,0,0,0,rs/arbok.gif
15,25,0,0,0,rs/pikachu.gif
15,26,0,0,0,rs/raichu.gif
15,27,0,0,0,rs/sandshrew.gif
15,28,0,0,0,rs/sandslash.gif
15,29,0,0,0,rs/nidoran-f.gif
15,30,0,0,0,rs/nidorina.gif
15,31,0,0,0,rs/nidoqueen.gif
15,32,0,0,0,rs/nidoran-m.gif
15,33,0,0,0,rs/nidorino.gif
15,34,0,0,0,rs/nidoking.gif
15,35,0,0,0,rs/clefairy.gif
15,36,0,0,0,rs/clefable.gif
15,37,0,0,0,rs/vulpix.gif
15,38,0,0,0,rs/ninetales.gif
15,39,0,0,0,rs/jigglypuff.gif
15,40,0,0,0,rs/wigglytuff.gif
15,41,0,0,0,rs/zubat.gif
15,42,0,0,0,rs/golbat.gif
15,43,0,0,0,rs/oddish.gif
15,44,0,0,0,rs/gloom.gif
15,45,0,0,0,rs/vileplume.gif
15,46,0,0,0,rs/paras.gif
15,47,0,0,0,rs/parasect.gif
15,48,0,0,0,rs/venonat.gif
15,49,0,0,0,rs/venomoth.gif
15,50,0,0,0,rs/diglett.gif
15,51,0,0,0,rs/dugtrio.gif
15,52,0,0,0,rs/meowth.gif
15,53,0,0,0,rs/persian.gif
15,54,0,0,0,rs/psyduck.gif
15,55,0,0,0,rs/golduck.gif
15,56,0,0,0,rs/mankey.gif
15,57,0,0,0,rs/primeape.gif
15,58,0,0,0,rs/growlithe.gif
15,59,0,0,0,rs/arcanine.gif
15,60,0,0,0,rs/poliwag.gif
15,61,0,0,0,rs/poliwhirl.gif
15,62,0,0,0,rs/poliwrath.gif
15,63,0,0,0,rs/abra.gif
15,64,0,0,0,rs/kadabra.gif
15,65,0,0,0,rs/alakazam.gif
15,66,0,0,0,rs/machop.gif
15,67,0,0,0,rs/machoke.gif
15,68,0,0,0,rs/machamp.gif
15,69,0,0,0,rs/bellsprout.gif
15,70,0,0,0,rs/weepinbell.gif
15,71,0,0,0,rs/victreebel.gif
15,72,0,0,0,rs/tentacool.gif
15,73,0,0,0,rs/tentacruel.gif
15,74,0,0,0,rs/geodude.gif
15,75,0,0,0,rs/graveler.gif
15,76,0,0,0,rs/golem.gif
15,77,0,0,0,rs/ponyta.gif
15,78,0,0,0,rs/rapidash.gif
15,79,0,0,0,rs/slowpoke.gif
15,80,0,0,0,rs/slowbro.gif
15,81,0,0,0,rs/magnemite.gif
15,82,0,0,0,rs/magneton.gif
15,83,0,0,0,rs/farfetch-d.gif
15,84,0,0,0,rs/doduo.gif
15,85,0,0,0,rs/dodrio.gif
15,86,0,0,0,rs/seel.gif
15,87,0,0,0,rs/dewgong.gif
15,88,0,0,0,rs/grimer.gif
15,89,0,0,0,rs/muk.gif
15,90,0,0,0,rs/shellder.gif
15,91,0,0,0,rs/cloyster.gif
15,92,0,0,0,rs/gastly.gif
15,93,0,0,0,rs/haunter.gif
15,94,0,0,0,rs/gengar.gif
15,95,0,0,0,rs/onix.gif
15,96,0,0,0,rs/drowzee.gif
15,97,0,0,0,rs/hypno.gif
15,98,0,0,0,rs/krabby.gif
15,99,0,0,0,rs/kingler.gif
15,100,0,0,0,rs/voltorb.gif
15,101,0,0,0,rs/electrode.gif
15,102,0,0,0,rs/exeggcute.gif
15,103,0,0,0,rs/exeggutor.gif
15,104,0,0,0,rs/cubone.gif
15,105,0,0,0,rs/marowak.gif
15,106,0,0,0,rs/hitmonlee.gif
15,107,0,0,0,rs/hitmonchan.gif
15,108,0,0,0,rs/lickitung.gif
15,109,0,0,0,rs/koffing.gif
15,110,0,0,0,rs/weezing.gif
15,111,0,0,0,rs/rhyhorn.gif
15,112,0,0,0,rs/rhydon.gif
15,113,0,0,0,rs/chansey.gif
15,114,0,0,0,rs/tangela.gif
15,115,0,0,0,rs/kangaskhan.gif
15,116,0,0,0,rs/horsea.gif
15,117,0,0,0,rs/seadra.gif
15,118,0,0,0,rs/goldeen.gif
15,119,0,0,0,rs/seaking.gif
15,120,0,0,0,rs/staryu.gif
15,121,0,0,0,rs/starmie.gif
15,122,0,0,0,rs/mr-mime.gif
15,123,0,0,0,rs/scyther.gif
15,124,0,0,0,rs/jynx.gif
15,125,0,0,0,rs/electabuzz.gif
15,126,0,0,0,rs/magmar.gif
15,127,0,0,0,rs/pinsir.gif
15,128,0,0,0,rs/tauros.gif
15,129,0,0,0,rs/magikarp.gif
15,130,0,0,0,rs/gyarados.gif
15,131,0,0,0,rs/lapras.gif
15,132,0,0,0,rs/ditto.gif
15,133,0,0,0,rs/eevee.gif
15,134,0,0,0,rs/vaporeon.gif
15,135,0,0,0,rs/jolteon.gif
15,136,0,0,0,rs/flareon.gif
15,137,0,0,0,rs/porygon.gif
15,138,0,0,0,rs/omanyte.gif
15,139,0,0,0,rs/omastar.gif
15,140,0,0,0,rs/kabuto.gif
15,141,0,0,0,rs/kabutops.gif
15,142,0,0,0,rs/aerodactyl.gif
15,143,0,0,0,rs/snorlax.gif
15,144,0,0,0,rs/articuno.gif
15,145,0,0,0,rs/zapdos.gif
15,146,0,0,0,rs/moltres.gif
15,147,0,0,0,rs/dratini.gif
15,148,0,0,0,rs/dragonair.gif
15,149,0,0,0,rs/dragonite.gif
15,150,0,0,0,rs/mewtwo.gif
15,151,0,0,0,rs/mew.gif
15,152,0,0,0,rs/chikorita.gif
15,153,0,0,0,rs/bayleef.gif
15,154,0,0,0,rs/meganium.gif
15,155,0,0,0,rs/cyndaquil.gif
15,156,0,0,0,rs/quilava.gif
15,157,0,0,0,rs/typhlosion.gif
15,158,0,0,0,rs/totodile.gif
15,159,0,0,0,rs/croconaw.gif
15,160,0,0,0,rs/feraligatr.gif
15,161,0,0,0,rs/sentret.gif
15,162,0,0,0,rs/furret.gif
15,163,0,0,0,rs/hoothoot.gif
15,164,0,0,0,rs/noctowl.gif
15,165,0,0,0,rs/ledyba.gif
15,166,0,0,0,rs/ledian.gif
15,167,0,0,0,rs/spinarak.gif
15,168,0,0,0,rs/ariados.gif
15,169,0,0,0,rs/crobat.gif
15,170,0,0,0,rs/chinchou.gif
15,171,0,0,0,rs/lanturn.gif
15,172,0,0,0,rs/pichu.gif
15,173,0,0,0,rs/cleffa.gif
15,174,0,0,0,rs/igglybuff.gif
15,175,0,0,0,rs/togepi.gif
15,176,0,0,0,rs/togetic.gif
15,177,0,0,0,rs/natu.gif
15,178,0,0,0,rs/xatu.gif
15,179,0,0,0,rs/mareep.gif
15,180,0,0,0,rs/flaaffy.gif
15,181,0,0,0,rs/ampharos.gif
15,182,0,0,0,rs/bellossom.gif
15,183,0,0,0,rs/marill.gif
15,184,0,0,0,rs/azumarill.gif
15,185,0,0,0,rs/sudowoodo.gif
15,186,0,0,0,rs/politoed.gif
15,187,0,0,0,rs/hoppip.gif
15,188,0,0,0,rs/skiploom.gif
15,189,0,0,0,rs/jumpluff.gif
15,190,0,0,0,rs/aipom.gif
15,191,0,0,0,rs/sunkern.gif
15,192,0,0,0,rs/sunflora.gif
15,193,0,0,0,rs/yanma.gif
15,194,0,0,0,rs/wooper.gif
15,195,0,0,0,rs/quagsire.gif
15,196,0,0,0,rs/espeon.gif
15,197,0,0,0,rs/umbreon.gif
15,198,0,0,0,rs/murkrow.gif
15,199,0,0,0,rs/slowking.gif
15,200,0,0,0,rs/misdreavus.gif
15,201,0,0,0,rs/unown-a.gif
15,202,0,0,0,rs/wobbuffet.gif
15,203,0,0,0,rs/girafarig.gif
15,204,0,0,0,rs/pineco.gif
15,205,0,0,0,rs/forretress.gif
15,206,0,0,0,rs/dunsparce.gif
15,207,0,0,0,rs/gligar.gif
15,208,0,0,0,rs/steelix.gif
15,209,0,0,0,rs/snubbull.gif
15,210,0,0,0,rs/granbull.gif
15,211,0,0,0,rs/qwilfish.gif
15,212,0,0,0,rs/scizor.gif
15,213,0,0,0,rs/shuckle.gif
15,214,0,0,0,rs/heracross.gif
15,215,0,0,0,rs/sneasel.gif
15,216,0,0,0,rs/teddiursa.gif
15,217,0,0,0,rs/ursaring.gif
15,218,0,0,0,rs/slugma.gif
15,219,0,0,0,rs/magcargo.gif
15,220,0,0,0,rs/swinub.gif
15,221,0,0,0,rs/piloswine.gif
15,222,0,0,0,rs/corsola.gif
15,223,0,0,0,rs/remoraid.gif
15,224,0,0,0,rs/octillery.gif
15,225,0,0,0,rs/delibird.gif
15,226,0,0,0,rs/mantine.gif
15,227,0,0,0,rs/skarmory.gif
15,228,0,0,0,rs/houndour.gif
15,229,0,0,0,rs/houndoom.gif
15,230,0,0,0,rs/kingdra.gif
15,231,0,0,0,rs/phanpy.gif
15,232,0,0,0,rs/donphan.gif
15,233,0,0,0,rs/porygon2.gif
15,234,0,0,0,rs/stantler.gif
15,235,0,0,0,rs/smeargle.gif
15,236,0,0,0,rs/tyrogue.gif
15,237,0,0,0,rs/hitmontop.gif
15,238,0,0,0,rs/smoochum.gif
15,239,0,0,0,rs/elekid.gif
15,240,0,0,0,rs/magby.gif
15,241,0,0,0,rs/miltank.gif
15,242,0,0,0,rs/blissey.gif
15,243,0,0,0,rs/raikou.gif
15,244,0,0,0,rs/entei.gif
15,245,0,0,0,rs/suicune.gif
15,246,0,0,0,rs/larvitar.gif
15,247,0,0,0,rs/pupitar.gif
15,248,0,0,0,rs/tyranitar.gif
15,249,0,0,0,rs/lugia.gif
15,250,0,0,0,rs/ho-oh.gif
15,251,0,0,0,rs/celebi.gif
15,252,0,0,0,rs/treecko.gif
15,253,0,0,0,rs/grovyle.gif
15,254,0,0,0,rs/sceptile.gif
15,255,0,0,0,rs/torchic.gif
15,256,0,0,0,rs/combusken.gif
15,257,0,0,0,rs/blaziken.gif
15,258,0,0,0,rs/mudkip.gif
15,259,0,0,0,rs/marshtomp.gif
15,260,0,0,0,rs/swampert.gif
15,261,0,0,0,rs/poochyena.gif
15,262,0,0,0,rs/mightyena.gif
15,263,0,0,0,rs/zigzagoon.gif
15,264,0,0,0,rs/linoone.gif
15,265,0,0,0,rs/wurmple.gif
15,266,0,0,0,rs/silcoon.gif
15,267,0,0,0,rs/beautifly.gif
15,268,0,0,0,rs/cascoon.gif
15,269,0,0,0,rs/dustox.gif
15,270,0,0,0,rs/lotad.gif
15,271,0,0,0,rs/lombre.gif
15,272,0,0,0,rs/ludicolo.gif
15,273,0,0,0,rs/seedot.gif
15,274,0,0,0,rs/nuzleaf.gif
15,275,0,0,0,rs/shiftry.gif
15,276,0,0,0,rs/taillow.gif
15,277,0,0,0,rs/swellow.gif
15,278,0,0,0,rs/wingull.gif
15,279,0,0,0,rs/pelipper.gif
15,280,0,0,0,rs/ralts.gif
15,281,0,0,0,rs/kirlia.gif
15,282,0,0,0,rs/gardevoir.gif
15,283,0,0,0,rs/surskit.gif
15,284,0,0,0,rs/masquerain.gif
15,285,0,0,0,rs/shroomish.gif
15,286,0,0,0,rs/breloom.gif
15,287,0,0,0,rs/slakoth.gif
15,288,0,0,0,rs/vigoroth.gif
15,289,0,0,0,rs/slaking.gif
15,290,0,0,0,rs/nincada.gif
15,291,0,0,0,rs/ninjask.gif
15,292,0,0,0,rs/shedinja.gif
15,293,0,0,0,rs/whismur.gif
15,294,0,0,0,rs/loudred.gif
15,295,0,0,0,rs/exploud.gif
15,296,0,0,0,rs/makuhita.gif
15,297,0,0,0,rs/hariyama.gif
15,298,0,0,0,rs/azurill.gif
15,299,0,0,0,rs/nosepass.gif
15,300,0,0,0,rs/skitty.gif
15,301,0,0,0,rs/delcatty.gif
15,302,0,0,0,rs/sableye.gif
15,303,0,0,0,rs/mawile.gif
15,304,0,0,0,rs/aron.gif
15,305,0,0,0,rs/lairon.gif
15,306,0,0,0,rs/aggron.gif
15,307,0,0,0,rs/meditite.gif
15,308,0,0,0,rs/medicham.gif
15,309,0,0,0,rs/electrike.gif
15,310,0,0,0,rs/manectric.gif
15,311,0,0,0,rs/plusle.gif
15,312,0,0,0,rs/minun.gif
15,313,0,0,0,rs/volbeat.gif
15,314,0,0,0,rs/illumise.gif
15,315,0,0,0,rs/roselia.gif
15,316,0,0,0,rs/gulpin.gif
15,317,0,0,0,rs/swalot.gif
15,318,0,0,0,rs/carvanha.gif
15,319,0,0,0,rs/sharpedo.gif
15,320,0,0,0,rs/wailmer.gif
15,321,0,0,0,rs/wailord.gif
15,322,0,0,0,rs/numel.gif
15,323,0,0,0,rs/camerupt.gif
15,324,0,0,0,rs/torkoal.gif
15,325,0,0,0,rs/spoink.gif
15,326,0,0,0,rs/grumpig.gif
15,327,0,0,0,rs/spinda.gif
15,328,0,0,0,rs/trapinch.gif
15,329,0,0,0,rs/vibrava.gif
15,330,0,0,0,rs/flygon.gif
15,331,0,0,0,rs/cacnea.gif
15,332,0,0,0,rs/cacturne.gif
15,333,0,0,0,rs/swablu.gif
15,334,0,0,0,rs/altaria.gif
15,335,0,0,0,rs/zangoose.gif
15,336,0,0,0,rs/seviper.gif
15,337,0,0,0,rs/lunatone.gif
15,338,0,0,0,rs/solrock.gif
15,339,0,0,0,rs/barboach.gif
15,340,0,0,0,rs/whiscash.gif
15,341,0,0,0,rs/corphish.gif
15,342,0,0,0,rs/crawdaunt.gif
15,343,0,0,0,rs/baltoy.gif
15,344,0,0,0,rs/claydol.gif
15,345,0,0,0,rs/lileep.gif
15,346,0,0,0,rs/cradily.gif
15,347,0,0,0,rs/anorith.gif
15,348,0,0,0,rs/armaldo.gif
15,349,0,0,0,rs/feebas.gif
15,350,0,0,0,rs/milotic.gif
15,351,0,0,0,rs/castform.gif
15,352,0,0,0,rs/kecleon.gif
15,353,0,0,0,rs/shuppet.gif
15,354,0,0,0,rs/banette.gif
15,355,0,0,0,rs/duskull.gif
15,356,0,0,0,rs/dusclops.gif
15,357,0,0,0,rs/tropius.gif
15,358,0,0,0,rs/chimecho.gif
15,359,0,0,0,rs/absol.gif
15,360,0,0,0,rs/wynaut.gif
15,361,0,0,0,rs/snorunt.gif
15,362,0,0,0,rs/glalie.gif
15,363,0,0,0,rs/spheal.gif
15,364,0,0,0,rs/sealeo.gif
15,365,0,0,0,rs/walrein.gif
15,366,0,0,0,rs/clamperl.gif
15,367,0,0,0,rs/huntail.gif
15,368,0,0,0,rs/gorebyss.gif
15,369,0,0,0,rs/relicanth.gif
15,370,0,0,0,rs/luvdisc.gif
15,371,0,0,0,rs/bagon.gif
15,372,0,0,0,rs/shelgon.gif
15,373,0,0,0,rs/salamence.gif
15,374,0,0,0,rs/beldum.gif
15,375,0,0,0,rs/metang.gif
15,376,0,0,0,rs/metagross.gif
15,377,0,0,0,rs/regirock.gif
15,378,0,0,0,rs/regice.gif
15,379,0,0,0,rs/registeel.gif
15,380,0,0,0,rs/latias.gif
15,381,0,0,0,rs/latios.gif
15,382,0,0,0,rs/kyogre.gif
15,383,0,0,0,rs/groudon.gif
15,384,0,0,0,rs/rayquaza.gif
15,385,0,0,0,rs/jirachi.gif
15,386,0,0,0,rs/deoxys-normal.gif
15,387,0,0,0,rs/turtwig.gif
15,388,0,0,0,rs/grotle.gif
15,389,0,0,0,rs/torterra.gif
15,390,0,0,0,rs/chimchar.gif
15,391,0,0,0,rs/monferno.gif
15,392,0,0,0,rs/infernape.gif
15,393,0,0,0,rs/piplup.gif
15,394,0,0,0,rs/prinplup.gif
15,395,0,0,0,rs/empoleon.gif
15,396,0,0,0,rs/starly.gif
15,397,0,0,0,rs/staravia.gif
15,398,0,0,0,rs/staraptor.gif
15,399,0,0,0,rs/bidoof.gif
15,400,0,0,0,rs/bibarel.gif
15,401,0,0,0,rs/kricketot.gif
15,402,0,0,0,rs/kricketune.gif
15,403,0,0,0,rs/shinx.gif
15,404,0,0,0,rs/luxio.gif
15,405,0,0,0,rs/luxray.gif
15,406,0,0,0,rs/budew.gif
15,407,0,0,0,rs/roserade.gif
15,408,0,0,0,rs/cranidos.gif
15,409,0,0,0,rs/rampardos.gif
15,410,0,0,0,rs/shieldon.gif
15,411,0,0,0,rs/bastiodon.gif
15,412,0,0,0,rs/burmy-plant.gif
15,413,0,0,0,rs/wormadam-plant.gif
15,414,0,0,0,rs/mothim.gif
15,415,0,0,0,rs/combee.gif
15,416,0,0,0,rs/vespiquen.gif
15,417,0,0,0,rs/pachirisu.gif
15,418,0,0,0,rs/buizel.gif
15,419,0,0,0,rs/floatzel.gif
15,420,0,0,0,rs/cherubi.gif
15,421,0,0,0,rs/cherrim-overcast.gif
15,422,0,0,0,rs/shellos-west.gif
15,423,0,0,0,rs/gastrodon-west.gif
15,424,0,0,0,rs/ambipom.gif
15,425,0,0,0,rs/drifloon.gif
15,426,0,0,0,rs/drifblim.gif
15,427,0,0,0,rs/buneary.gif
15,428,0,0,0,rs/lopunny.gif
15,429,0,0,0,rs/mismagius.gif
15,430,0,0,0,rs/honchkrow.gif
15,431,0,0,0,rs/glameow.gif
15,432,0,0,0,rs/purugly.gif
15,433,0,0,0,rs/chingling.gif
15,434,0,0,0,rs/stunky.gif
15,435,0,0,0,rs/skuntank.gif
15,436,0,0,0,rs/bronzor.gif
15,437,0,0,0,rs/bronzong.gif
15,438,0,0,0,rs/bonsly.gif
15,439,0,0,0,rs/mime-jr.gif
15,440,0,0,0,rs/happiny.gif
15,441,0,0,0,rs/chatot.gif
15,442,0,0,0,rs/spiritomb.gif
15,443,0,0,0,rs/gible.gif
15,444,0,0,0,rs/gabite.gif
15,445,0,0,0,rs/garchomp.gif
15,446,0,0,0,rs/munchlax.gif
15,447,0,0,0,rs/riolu.gif
15,448,0,0,0,rs/lucario.gif
15,449,0,0,0,rs/hippopotas.gif
15,450,0,0,0,rs/hippowdon.gif
15,451,0,0,0,rs/skorupi.gif
15,452,0,0,0,rs/drapion.gif
15,453,0,0,0,rs/croagunk.gif
15,454,0,0,0,rs/toxicroak.gif
15,455,0,0,0,rs/carnivine.gif
15,456,0,0,0,rs/finneon.gif
15,457,0,0,0,rs/lumineon.gif
15,458,0,0,0,rs/mantyke.gif
15,459,0,0,0,rs/snover.gif
15,460,0,0,0,rs/abomasnow.gif
15,461,0,0,0,rs/weavile.gif
15,462,0,0,0,rs/magnezone.gif
15,463,0,0,0,rs/lickilicky.gif
15,464,0,0,0,rs/rhyperior.gif
15,465,0,0,0,rs/tangrowth.gif
15,466,0,0,0,rs/electivire.gif
15,467,0,0,0,rs/magmortar.gif
15,468,0,0,0,rs/togekiss.gif
15,469,0,0,0,rs/yanmega.gif
15,470,0,0,0,rs/leafeon.gif
15,471,0,0,0,rs/glaceon.gif
15,472,0,0,0,rs/gliscor.gif
15,473,0,0,0,rs/mamoswine.gif
15,474,0,0,0,rs/porygon-z.gif
15,475,0,0,0,rs/gallade.gif
15,476,0,0,0,rs/probopass.gif
15,477,0,0,0,rs/dusknoir.gif
15,478,0,0,0,rs/froslass.gif
15,479,0,0,0,rs/rotom.gif
15,480,0,0,0,rs/uxie.gif
15,481,0,0,0,rs/mesprit.gif
15,482,0,0,0,rs/azelf.gif
15,483,0,0,0,rs/dialga.gif
15,484,0,0,0,rs/palkia.gif
15,485,0,0,0,rs/heatran.gif
15,486,0,0,0,rs/regigigas.gif
15,487,0,0,0,rs/giratina-altered.gif
15,488,0,0,0,rs/cresselia.gif
15,489,0,0,0,rs/phione.gif
15,490,0,0,0,rs/manaphy.gif
15,491,0,0,0,rs/darkrai.gif
15,492,0,0,0,rs/shaymin-land.gif
15,493,0,0,0,rs/arceus.gif
15,494,0,0,0,rs/victini.gif
15,495,0,0,0,rs/snivy.gif
15,496,0,0,0,rs/servine.gif
15,497,0,0,0,rs/serperior.gif
15,498,0,0,0,rs/tepig.gif
15,499,0,0,0,rs/pignite.gif
15,500,0,0,0,rs/emboar.gif
15,501,0,0,0,rs/oshawott.gif
15,502,0,0,0,rs/dewott.gif
15,503,0,0,0,rs/samurott.gif
15,504,0,0,0,rs/patrat.gif
15,505,0,0,0,rs/watchog.gif
15,506,0,0,0,rs/lillipup.gif
15,507,0,0,0,rs/herdier.gif
15,508,0,0,0,rs/stoutland.gif
15,509,0,0,0,rs/purrloin.gif
15,510,0,0,0,rs/liepard.gif
15,511,0,0,0,rs/pansage.gif
15,512,0,0,0,rs/simisage.gif
15,513,0,0,0,rs/pansear.gif
15,514,0,0,0,rs/simisear.gif
15,515,0,0,0,rs/panpour.gif
15,516,0,0,0,rs/simipour.gif
15,517,0,0,0,rs/munna.gif
15,518,0,0,0,rs/musharna.gif
15,519,0,0,0,rs/pidove.gif
15,520,0,0,0,rs/tranquill.gif
15,521,0,0,0,rs/unfezant-male.gif
15,521,1,0,0,rs/unfezant-female.gif
15,522,0,0,0,rs/blitzle.gif
15,523,0,0,0,rs/zebstrika.gif
15,524,0,0,0,rs/roggenrola.gif
15,525,0,0,0,rs/boldore.gif
15,526,0,0,0,rs/gigalith.gif
15,527,0,0,0,rs/woobat.gif
15,528,0,0,0,rs/swoobat.gif
15,529,0,0,0,rs/drilbur.gif
15,530,0,0,0,rs/excadrill.gif
15,531,0,0,0,rs/audino.gif
15,532,0,0,0,rs/timburr.gif
15,533,0,0,0,rs/gurdurr.gif
15,534,0,0,0,rs/conkeldurr.gif
15,535,0,0,0,rs/tympole.gif
15,536,0,0,0,rs/palpitoad.gif
15,537,0,0,0,rs/seismitoad.gif
15,538,0,0,0,rs/throh.gif
15,539,0,0,0,rs/sawk.gif
15,540,0,0,0,rs/sewaddle.gif
15,541,0,0,0,rs/swadloon.gif
15,542,0,0,0,rs/leavanny.gif
15,543,0,0,0,rs/venipede.gif
15,544,0,0,0,rs/whirlipede.gif
15,545,0,0,0,rs/scolipede.gif
15,546,0,0,0,rs/cottonee.gif
15,547,0,0,0,rs/whimsicott.gif
15,548,0,0,0,rs/petilil.gif
15,549,0,0,0,rs/lilligant.gif
15,550,0,0,0,rs/basculin-red.gif
15,551,0,0,0,rs/sandile.gif
15,552,0,0,0,rs/krokorok.gif
15,553,0,0,0,rs/krookodile.gif
15,554,0,0,0,rs/darumaka.gif
15,555,0,0,0,rs/darmanitan-standard.gif
15,556,0,0,0,rs/maractus.gif
15,557,0,0,0,rs/dwebble.gif
15,558,0,0,0,rs/crustle.gif
15,559,0,0,0,rs/scraggy.gif
15,560,0,0,0,rs/scrafty.gif
15,561,0,0,0,rs/sigilyph.gif
15,562,0,0,0,rs/yamask.gif
15,563,0,0,0,rs/cofagrigus.gif
15,564,0,0,0,rs/tirtouga.gif
15,565,0,0,0,rs/carracosta.gif
15,566,0,0,0,rs/archen.gif
15,567,0,0,0,rs/archeops.gif
15,568,0,0,0,rs/trubbish.gif
15,569,0,0,0,rs/garbodor.gif
15,570,0,0,0,rs/zorua.gif
15,571,0,0,0,rs/zoroark.gif
15,572,0,0,0,rs/minccino.gif
15,573,0,0,0,rs/cinccino.gif
15,574,0,0,0,rs/gothita.gif
15,575,0,0,0,rs/gothorita.gif
15,576,0,0,0,rs/gothitelle.gif
15,577,0,0,0,rs/solosis.gif
15,578,0,0,0,rs/duosion.gif
15,579,0,0,0,rs/reuniclus.gif
15,580,0,0,0,rs/ducklett.gif
15,581,0,0,0,rs/swanna.gif
15,582,0,0,0,rs/vanillite.gif
15,583,0,0,0,rs/vanillish.gif
15,584,0,0,0,rs/vanilluxe.gif
15,585,0,0,0,rs/deerling-spring.gif
15,586,0,0,0,rs/sawsbuck-spring.gif
15,587,0,0,0,rs/emolga.gif
15,588,0,0,0,rs/karrablast.gif
15,589,0,0,0,rs/escavalier.gif
15,590,0,0,0,rs/foongus.gif
15,591,0,0,0,rs/amoonguss.gif
15,592,0,0,0,rs/frillish-male.gif
15,592,1,0,0,rs/frillish-female.gif
15,593,0,0,0,rs/jellicent-male.gif
15,593,1,0,0,rs/jellicent-female.gif
15,594,0,0,0,rs/alomomola.gif
15,595,0,0,0,rs/joltik.gif
15,596,0,0,0,rs/galvantula.gif
15,597,0,0,0,rs/ferroseed.gif
15,598,0,0,0,rs/ferrothorn.gif
15,599,0,0,0,rs/klink.gif
15,600,0,0,0,rs/klang.gif
15,601,0,0,0,rs/klinklang.gif
15,602,0,0,0,rs/tynamo.gif
15,603,0,0,0,rs/eelektrik.gif
15,604,0,0,0,rs/eelektross.gif
15,605,0,0,0,rs/elgyem.gif
15,606,0,0,0,rs/beheeyem.gif
15,607,0,0,0,rs/litwick.gif
15,608,0,0,0,rs/lampent.gif
15,609,0,0,0,rs/chandelure.gif
15,610,0,0,0,rs/axew.gif
15,611,0,0,0,rs/fraxure.gif
15,612,0,0,0,rs/haxorus.gif
15,613,0,0,0,rs/cubchoo.gif
15,614,0,0,0,rs/beartic.gif
15,615,0,0,0,rs/cryogonal.gif
15,616,0,0,0,rs/shelmet.gif
15,617,0,0,0,rs/accelgor.gif
15,618,0,0,0,rs/stunfisk.gif
15,619,0,0,0,rs/mienfoo.gif
15,620,0,0,0,rs/mienshao.gif
15,621,0,0,0,rs/druddigon.gif
15,622,0,0,0,rs/golett.gif
15,623,0,0,0,rs/golurk.gif
15,624,0,0,0,rs/pawniard.gif
15,625,0,0,0,rs/bisharp.gif
15,626,0,0,0,rs/bouffalant.gif
15,627,0,0,0,rs/rufflet.gif
15,628,0,0,0,rs/braviary.gif
15,629,0,0,0,rs/vullaby.gif
15,630,0,0,0,rs/mandibuzz.gif
15,631,0,0,0,rs/heatmor.gif
15,632,0,0,0,rs/durant.gif
15,633,0,0,0,rs/deino.gif
15,634,0,0,0,rs/zweilous.gif
15,635,0,0,0,rs/hydreigon.gif
15,636,0,0,0,rs/larvesta.gif
15,637,0,0,0,rs/volcarona.gif
15,638,0,0,0,rs/cobalion.gif
15,639,0,0,0,rs/terrakion.gif
15,640,0,0,0,rs/virizion.gif
15,641,0,0,0,rs/tornadus-incarnate.gif
15,642,0,0,0,rs/thundurus-incarnate.gif
15,643,0,0,0,rs/reshiram.gif
15,644,0,0,0,rs/zekrom.gif
15,645,0,0,0,rs/landorus-incarnate.gif
15,646,0,0,0,rs/kyurem.gif
15,647,0,0,0,rs/keldeo-ordinary.gif
15,648,0,0,0,rs/meloetta-aria.gif
15,649,0,0,0,rs/genesect.gif
15,10001,0,0,0,rs/castform-sunny.gif
15,10002,0,0,0,rs/castform-rainy.gif
15,10003,0,0,0,rs/castform-snowy.gif
15,10004,0,0,0,rs/deoxys-attack.gif
15,10005,0,0,0,rs/deoxys-defense.gif
15,10006,0,0,0,rs/deoxys-speed.gif
15,10007,0,0,0,rs/wormadam-sandy.gif
15,10008,0,0,0,rs/wormadam-trash.gif
15,10009,0,0,0,rs/arceus.gif
15,10010,0,0,0,rs/arceus.gif
15,10011,0,0,0,rs/arceus.gif
15,10012,0,0,0,rs/arceus.gif
15,10013,0,0,0,rs/arceus.gif
15,10014,0,0,0,rs/arceus.gif
15,10015,0,0,0,rs/arceus.gif
15,10016,0,0,0,rs/arceus.gif
15,10017,0,0,0,rs/arceus.gif
15,10018,0,0,0,rs/arceus.gif
15,10019,0,0,0,rs/arceus.gif
15,10020,0,0,0,rs/arceus.gif
15,10021,0,0,0,rs/arceus.gif
15,10022,0,0,0,rs/arceus.gif
15,10023,0,0,0,rs/arceus.gif
15,10024,0,0,0,rs/arceus.gif
15,10025,0,0,0,rs/rotom-heat.gif
15,10026,0,0,0,rs/rotom-wash.gif
15,10027,0,0,0,rs/rotom-frost.gif
15,10028,0,0,0,rs/rotom-fan.gif
15,10029,0,0,0,rs/rotom-mow.gif
15,10030,0,0,0,rs/giratina-origin.gif
15,10031,0,0,0,rs/shaymin-sky.gif
15,10033,0,0,0,rs/basculin-blue.gif
15,10034,0,0,0,rs/darmanitan-zen.gif
15,10035,0,0,0,rs/meloetta-pirouette.gif
15,20001,0,0,0,rs/unown-b.gif
15,20002,0,0,0,rs/unown-c.gif
15,20003,0,0,0,rs/unown-d.gif
15,20004,0,0,0,rs/unown-e.gif
15,20005,0,0,0,rs/unown-f.gif
15,20006,0,0,0,rs/unown-g.gif
15,20007,0,0,0,rs/unown-h.gif
15,20008,0,0,0,rs/unown-i.gif
15,20009,0,0,0,rs/unown-j.gif
15,20010,0,0,0,rs/unown-k.gif
15,20011,0,0,0,rs/unown-l.gif
15,20012,0,0,0,rs/unown-m.gif
15,20013,0,0,0,rs/unown-n.gif
15,20014,0,0,0,rs/unown-o.gif
15,20015,0,0,0,rs/unown-p.gif
15,20016,0,0,0,rs/unown-q.gif
15,20017,0,0,0,rs/unown-r.gif
15,20018,0,0,0,rs/unown-s.gif
15,20019,0,0,0,rs/unown-t.gif
15,20020,0,0,0,rs/unown-u.gif
15,20021,0,0,0,rs/unown-v.gif
15,20022,0,0,0,rs/unown-w.gif
15,20023,0,0,0,rs/unown-x.gif
15,20024,0,0,0,rs/unown-y.gif
15,20025,0,0,0,rs/unown-z.gif
15,20026,0,0,0,rs/unown-exclamation.gif
15,20027,0,0,0,rs/unown-question.gif
15,20028,0,0,0,rs/burmy-sandy.gif
15,20029,0,0,0,rs/burmy-trash.gif
15,20030,0,0,0,rs/cherrim-sunshine.gif
15,20031,0,0,0,rs/shellos-east.gif
15,20032,0,0,0,rs/gastrodon-east.gif
15,20033,0,0,0,rs/deerling-summer.gif
15,20034,0,0,0,rs/deerling-autumn.gif
15,20035,0,0,0,rs/deerling-winter.gif
15,20036,0,0,0,rs/sawsbuck-summer.gif
15,20037,0,0,0,rs/sawsbuck-autumn.gif
15,20038,0,0,0,rs/sawsbuck-winter.gif
15,20039,0,0,0,rs/genesect.gif
15,20040,0,0,0,rs/genesect.gif
15,20041,0,0,0,rs/genesect.gif
15,20042,0,0,0,rs/genesect.gif
16,1,0,0,0,rs/bulbasaur.gif
16,2,0,0,0,rs/ivysaur.gif
16,3,0,0,0,rs/venusaur.gif
16,4,0,0,0,rs/charmander.gif
16,5,0,0,0,rs/charmeleon.gif
16,6,0,0,0,rs/charizard.gif
16,7,0,0,0,rs/squirtle.gif
16,8,0,0,0,rs/wartortle.gif
16,9,0,0,0,rs/blastoise.gif
16,10,0,0,0,rs/caterpie.gif
16,11,0,0,0,rs/metapod.gif
16,12,0,0,0,rs/butterfree.gif
16,13,0,0,0,rs/weedle.gif
16,14,0,0,0,rs/kakuna.gif
16,15,0,0,0,rs/beedrill.gif
16,16,0,0,0,rs/pidgey.gif
16,17,0,0,0,rs/pidgeotto.gif
16,18,0,0,0,rs/pidgeot.gif
16,19,0,0,0,rs/rattata.gif
16,20,0,0,0,rs/raticate.gif
16,21,0,0,0,rs/spearow.gif
16,22,0,0,0,rs/fearow.gif
16,23,0,0,0,rs/ekans.gif
16,24,0,0,0,rs/arbok.gif
16,25,0,0,0,rs/pikachu.gif
16,26,0,0,0,rs/raichu.gif
16,27,0,0,0,rs/sandshrew.gif
16,28,0,0,0,rs/sandslash.gif
16,29,0,0,0,rs/nidoran-f.gif
16,30,0,0,0,rs/nidorina.gif
16,31,0,0,0,rs/nidoqueen.gif
16,32,0,0,0,rs/nidoran-m.gif
16,33,0,0,0,rs/nidorino.gif
16,34,0,0,0,rs/nidoking.gif
16,35,0,0,0,rs/clefairy.gif
16,36,0,0,0,rs/clefable.gif
16,37,0,0,0,rs/vulpix.gif
16,38,0,0,0,rs/ninetales.gif
16,39,0,0,0,rs/jigglypuff.gif
16,40,0,0,0,rs/wigglytuff.gif
16,41,0,0,0,rs/zubat.gif
16,42,0,0,0,rs/golbat.gif
16,43,0,0,0,rs/oddish.gif
16,44,0,0,0,rs/gloom.gif
16,45,0,0,0,rs/vileplume.gif
16,46,0,0,0,rs/paras.gif
16,47,0,0,0,rs/parasect.gif
16,48,0,0,0,rs/venonat.gif
16,49,0,0,0,rs/venomoth.gif
16,50,0,0,0,rs/diglett.gif
16,51,0,0,0,rs/dugtrio.gif
16,52,0,0,0,rs/meowth.gif
16,53,0,0,0,rs/persian.gif
16,54,0,0,0,rs/psyduck.gif
16,55,0,0,0,rs/golduck.gif
16,56,0,0,0,rs/mankey.gif
16,57,0,0,0,rs/primeape.gif
16,58,0,0,0,rs/growlithe.gif
16,59,0,0,0,rs/arcanine.gif
16,60,0,0,0,rs/poliwag.gif
16,61,0,0,0,rs/poliwhirl.gif
16,62,0,0,0,rs/poliwrath.gif
16,63,0,0,0,rs/abra.gif
16,64,0,0,0,rs/kadabra.gif
16,65,0,0,0,rs/alakazam.gif
16,66,0,0,0,rs/machop.gif
16,67,0,0,0,rs/machoke.gif
16,68,0,0,0,rs/machamp.gif
16,69,0,0,0,rs/bellsprout.gif
16,70,0,0,0,rs/weepinbell.gif
16,71,0,0,0,rs/victreebel.gif
16,72,0,0,0,rs/tentacool.gif
16,73,0,0,0,rs/tentacruel.gif
16,74,0,0,0,rs/geodude.gif
16,75,0,0,0,rs/graveler.gif
16,76,0,0,0,rs/golem.gif
16,77,0,0,0,rs/ponyta.gif
16,78,0,0,0,rs/rapidash.gif
16,79,0,0,0,rs/slowpoke.gif
16,80,0,0,0,rs/slowbro.gif
16,81,0,0,0,rs/magnemite.gif
16,82,0,0,0,rs/magneton.gif
16,83,0,0,0,rs/farfetch-d.gif
16,84,0,0,0,rs/doduo.gif
16,85,0,0,0,rs/dodrio.gif
16,86,0,0,0,rs/seel.gif
16,87,0,0,0,rs/dewgong.gif
16,88,0,0,0,rs/grimer.gif
16,89,0,0,0,rs/muk.gif
16,90,0,0,0,rs/shellder.gif
16,91,0,0,0,rs/cloyster.gif
16,92,0,0,0,rs/gastly.gif
16,93,0,0,0,rs/haunter.gif
16,94,0,0,0,rs/gengar.gif
16,95,0,0,0,rs/onix.gif
16,96,0,0,0,rs/drowzee.gif
16,97,0,0,0,rs/hypno.gif
16,98,0,0,0,rs/krabby.gif
16,99,0,0,0,rs/kingler.gif
16,100,0,0,0,rs/voltorb.gif
16,101,0,0,0,rs/electrode.gif
16,102,0,0,0,rs/exeggcute.gif
16,103,0,0,0,rs/exeggutor.gif
16,104,0,0,0,rs/cubone.gif
16,105,0,0,0,rs/marowak.gif
16,106,0,0,0,rs/hitmonlee.gif
16,107,0,0,0,rs/hitmonchan.gif
16,108,0,0,0,rs/lickitung.gif
16,109,0,0,0,rs/koffing.gif
16,110,0,0,0,rs/weezing.gif
16,111,0,0,0,rs/rhyhorn.gif
16,112,0,0,0,rs/rhydon.gif
16,113,0,0,0,rs/chansey.gif
16,114,0,0,0,rs/tangela.gif
16,115,0,0,0,rs/kangaskhan.gif
16,116,0,0,0,rs/horsea.gif
16,117,0,0,0,rs/seadra.gif
16,118,0,0,0,rs/goldeen.gif
16,119,0,0,0,rs/seaking.gif
16,120,0,0,0,rs/staryu.gif
16,121,0,0,0,rs/starmie.gif
16,122,0,0,0,rs/mr-mime.gif
16,123,0,0,0,rs/scyther.gif
16,124,0,0,0,rs/jynx.gif
16,125,0,0,0,rs/electabuzz.gif
16,126,0,0,0,rs/magmar.gif
16,127,0,0,0,rs/pinsir.gif
16,128,0,0,0,rs/tauros.gif
16,129,0,0,0,rs/magikarp.gif
16,130,0,0,0,rs/gyarados.gif
16,131,0,0,0,rs/lapras.gif
16,132,0,0,0,rs/ditto.gif
16,133,0,0,0,rs/eevee.gif
16,134,0,0,0,rs/vaporeon.gif
16,135,0,0,0,rs/jolteon.gif
16,136,0,0,0,rs/flareon.gif
16,137,0,0,0,rs/porygon.gif
16,138,0,0,0,rs/omanyte.gif
16,139,0,0,0,rs/omastar.gif
16,140,0,0,0,rs/kabuto.gif
16,141,0,0,0,rs/kabutops.gif
16,142,0,0,0,rs/aerodactyl.gif
16,143,0,0,0,rs/snorlax.gif
16,144,0,0,0,rs/articuno.gif
16,145,0,0,0,rs/zapdos.gif
16,146,0,0,0,rs/moltres.gif
16,147,0,0,0,rs/dratini.gif
16,148,0,0,0,rs/dragonair.gif
16,149,0,0,0,rs/dragonite.gif
16,150,0,0,0,rs/mewtwo.gif
16,151,0,0,0,rs/mew.gif
16,152,0,0,0,rs/chikorita.gif
16,153,0,0,0,rs/bayleef.gif
16,154,0,0,0,rs/meganium.gif
16,155,0,0,0,rs/cyndaquil.gif
16,156,0,0,0,rs/quilava.gif
16,157,0,0,0,rs/typhlosion.gif
16,158,0,0,0,rs/totodile.gif
16,159,0,0,0,rs/croconaw.gif
16,160,0,0,0,rs/feraligatr.gif
16,161,0,0,0,rs/sentret.gif
16,162,0,0,0,rs/furret.gif
16,163,0,0,0,rs/hoothoot.gif
16,164,0,0,0,rs/noctowl.gif
16,165,0,0,0,rs/ledyba.gif
16,166,0,0,0,rs/ledian.gif
16,167,0,0,0,rs/spinarak.gif
16,168,0,0,0,rs/ariados.gif
16,169,0,0,0,rs/crobat.gif
16,170,0,0,0,rs/chinchou.gif
16,171,0,0,0,rs/lanturn.gif
16,172,0,0,0,rs/pichu.gif
16,173,0,0,0,rs/cleffa.gif
16,174,0,0,0,rs/igglybuff.gif
16,175,0,0,0,rs/togepi.gif
16,176,0,0,0,rs/togetic.gif
16,177,0,0,0,rs/natu.gif
16,178,0,0,0,rs/xatu.gif
16,179,0,0,0,rs/mareep.gif
16,180,0,0,0,rs/flaaffy.gif
16,181,0,0,0,rs/ampharos.gif
16,182,0,0,0,rs/bellossom.gif
16,183,0,0,0,rs/marill.gif
16,184,0,0,0,rs/azumarill.gif
16,185,0,0,0,rs/sudowoodo.gif
16,186,0,0,0,rs/politoed.gif
16,187,0,0,0,rs/hoppip.gif
16,188,0,0,0,rs/skiploom.gif
16,189,0,0,0,rs/jumpluff.gif
16,190,0,0,0,rs/aipom.gif
16,191,0,0,0,rs/sunkern.gif
16,192,0,0,0,rs/sunflora.gif
16,193,0,0,0,rs/yanma.gif
16,194,0,0,0,rs/wooper.gif
16,195,0,0,0,rs/quagsire.gif
16,196,0,0,0,rs/espeon.gif
16,197,0,0,0,rs/umbreon.gif
16,198,0,0,0,rs/murkrow.gif
16,199,0,0,0,rs/slowking.gif
16,200,0,0,0,rs/misdreavus.gif
16,201,0,0,0,rs/unown-a.gif
16,202,0,0,0,rs/wobbuffet.gif
16,203,0,0,0,rs/girafarig.gif
16,204,0,0,0,rs/pineco.gif
16,205,0,0,0,rs/forretress.gif
16,206,0,0,0,rs/dunsparce.gif
16,207,0,0,0,rs/gligar.gif
16,208,0,0,0,rs/steelix.gif
16,209,0,0,0,rs/snubbull.gif
16,210,0,0,0,rs/granbull.gif
16,211,0,0,0,rs/qwilfish.gif
16,212,0,0,0,rs/scizor.gif
16,213,0,0,0,rs/shuckle.gif
16,214,0,0,0,rs/heracross.gif
16,215,0,0,0,rs/sneasel.gif
16,216,0,0,0,rs/teddiursa.gif
16,217,0,0,0,rs/ursaring.gif
16,218,0,0,0,rs/slugma.gif
16,219,0,0,0,rs/magcargo.gif
16,220,0,0,0,rs/swinub.gif
16,221,0,0,0,rs/piloswine.gif
16,222,0,0,0,rs/corsola.gif
16,223,0,0,0,rs/remoraid.gif
16,224,0,0,0,rs/octillery.gif
16,225,0,0,0,rs/delibird.gif
16,226,0,0,0,rs/mantine.gif
16,227,0,0,0,rs/skarmory.gif
16,228,0,0,0,rs/houndour.gif
16,229,0,0,0,rs/houndoom.gif
16,230,0,0,0,rs/kingdra.gif
16,231,0,0,0,rs/phanpy.gif
16,232,0,0,0,rs/donphan.gif
16,233,0,0,0,rs/porygon2.gif
16,234,0,0,0,rs/stantler.gif
16,235,0,0,0,rs/smeargle.gif
16,236,0,0,0,rs/tyrogue.gif
16,237,0,0,0,rs/hitmontop.gif
16,238,0,0,0,rs/smoochum.gif
16,239,0,0,0,rs/elekid.gif
16,240,0,0,0,rs/magby.gif
16,241,0,0,0,rs/miltank.gif
16,242,0,0,0,rs/blissey.gif
16,243,0,0,0,rs/raikou.gif
16,244,0,0,0,rs/entei.gif
16,245,0,0,0,rs/suicune.gif
16,246,0,0,0,rs/larvitar.gif
16,247,0,0,0,rs/pupitar.gif
16,248,0,0,0,rs/tyranitar.gif
16,249,0,0,0,rs/lugia.gif
16,250,0,0,0,rs/ho-oh.gif
16,251,0,0,0,rs/celebi.gif
16,252,0,0,0,rs/treecko.gif
16,253,0,0,0,rs/grovyle.gif
16,254,0,0,0,rs/sceptile.gif
16,255,0,0,0,rs/torchic.gif
16,256,0,0,0,rs/combusken.gif
16,257,0,0,0,rs/blaziken.gif
16,258,0,0,0,rs/mudkip.gif
16,259,0,0,0,rs/marshtomp.gif
16,260,0,0,0,rs/swampert.gif
16,261,0,0,0,rs/poochyena.gif
16,262,0,0,0,rs/mightyena.gif
16,263,0,0,0,rs/zigzagoon.gif
16,264,0,0,0,rs/linoone.gif
16,265,0,0,0,rs/wurmple.gif
16,266,0,0,0,rs/silcoon.gif
16,267,0,0,0,rs/beautifly.gif
16,268,0,0,0,rs/cascoon.gif
16,269,0,0,0,rs/dustox.gif
16,270,0,0,0,rs/lotad.gif
16,271,0,0,0,rs/lombre.gif
16,272,0,0,0,rs/ludicolo.gif
16,273,0,0,0,rs/seedot.gif
16,274,0,0,0,rs/nuzleaf.gif
16,275,0,0,0,rs/shiftry.gif
16,276,0,0,0,rs/taillow.gif
16,277,0,0,0,rs/swellow.gif
16,278,0,0,0,rs/wingull.gif
16,279,0,0,0,rs/pelipper.gif
16,280,0,0,0,rs/ralts.gif
16,281,0,0,0,rs/kirlia.gif
16,282,0,0,0,rs/gardevoir.gif
16,283,0,0,0,rs/surskit.gif
16,284,0,0,0,rs/masquerain.gif
16,285,0,0,0,rs/shroomish.gif
16,286,0,0,0,rs/breloom.gif
16,287,0,0,0,rs/slakoth.gif
16,288,0,0,0,rs/vigoroth.gif
16,289,0,0,0,rs/slaking.gif
16,290,0,0,0,rs/nincada.gif
16,291,0,0,0,rs/ninjask.gif
16,292,0,0,0,rs/shedinja.gif
16,293,0,0,0,rs/whismur.gif
16,294,0,0,0,rs/loudred.gif
16,295,0,0,0,rs/exploud.gif
16,296,0,0,0,rs/makuhita.gif
16,297,0,0,0,rs/hariyama.gif
16,298,0,0,0,rs/azurill.gif
16,299,0,0,0,rs/nosepass.gif
16,300,0,0,0,rs/skitty.gif
16,301,0,0,0,rs/delcatty.gif
16,302,0,0,0,rs/sableye.gif
16,303,0,0,0,rs/mawile.gif
16,304,0,0,0,rs/aron.gif
16,305,0,0,0,rs/lairon.gif
16,306,0,0,0,rs/aggron.gif
16,307,0,0,0,rs/meditite.gif
16,308,0,0,0,rs/medicham.gif
16,309,0,0,0,rs/electrike.gif
16,310,0,0,0,rs/manectric.gif
16,311,0,0,0,rs/plusle.gif
16,312,0,0,0,rs/minun.gif
16,313,0,0,0,rs/volbeat.gif
16,314,0,0,0,rs/illumise.gif
16,315,0,0,0,rs/roselia.gif
16,316,0,0,0,rs/gulpin.gif
16,317,0,0,0,rs/swalot.gif
16,318,0,0,0,rs/carvanha.gif
16,319,0,0,0,rs/sharpedo.gif
16,320,0,0,0,rs/wailmer.gif
16,321,0,0,0,rs/wailord.gif
16,322,0,0,0,rs/numel.gif
16,323,0,0,0,rs/camerupt.gif
16,324,0,0,0,rs/torkoal.gif
16,325,0,0,0,rs/spoink.gif
16,326,0,0,0,rs/grumpig.gif
16,327,0,0,0,rs/spinda.gif
16,328,0,0,0,rs/trapinch.gif
16,329,0,0,0,rs/vibrava.gif
16,330,0,0,0,rs/flygon.gif
16,331,0,0,0,rs/cacnea.gif
16,332,0,0,0,rs/cacturne.gif
16,333,0,0,0,rs/swablu.gif
16,334,0,0,0,rs/altaria.gif
16,335,0,0,0,rs/zangoose.gif
16,336,0,0,0,rs/seviper.gif
16,337,0,0,0,rs/lunatone.gif
16,338,0,0,0,rs/solrock.gif
16,339,0,0,0,rs/barboach.gif
16,340,0,0,0,rs/whiscash.gif
16,341,0,0,0,rs/corphish.gif
16,342,0,0,0,rs/crawdaunt.gif
16,343,0,0,0,rs/baltoy.gif
16,344,0,0,0,rs/claydol.gif
16,345,0,0,0,rs/lileep.gif
16,346,0,0,0,rs/cradily.gif
16,347,0,0,0,rs/anorith.gif
16,348,0,0,0,rs/armaldo.gif
16,349,0,0,0,rs/feebas.gif
16,350,0,0,0,rs/milotic.gif
16,351,0,0,0,rs/castform.gif
16,352,0,0,0,rs/kecleon.gif
16,353,0,0,0,rs/shuppet.gif
16,354,0,0,0,rs/banette.gif
16,355,0,0,0,rs/duskull.gif
16,356,0,0,0,rs/dusclops.gif
16,357,0,0,0,rs/tropius.gif
16,358,0,0,0,rs/chimecho.gif
16,359,0,0,0,rs/absol.gif
16,360,0,0,0,rs/wynaut.gif
16,361,0,0,0,rs/snorunt.gif
16,362,0,0,0,rs/glalie.gif
16,363,0,0,0,rs/spheal.gif
16,364,0,0,0,rs/sealeo.gif
16,365,0,0,0,rs/walrein.gif
16,366,0,0,0,rs/clamperl.gif
16,367,0,0,0,rs/huntail.gif
16,368,0,0,0,rs/gorebyss.gif
16,369,0,0,0,rs/relicanth.gif
16,370,0,0,0,rs/luvdisc.gif
16,371,0,0,0,rs/bagon.gif
16,372,0,0,0,rs/shelgon.gif
16,373,0,0,0,rs/salamence.gif
16,374,0,0,0,rs/beldum.gif
16,375,0,0,0,rs/metang.gif
16,376,0,0,0,rs/metagross.gif
16,377,0,0,0,rs/regirock.gif
16,378,0,0,0,rs/regice.gif
16,379,0,0,0,rs/registeel.gif
16,380,0,0,0,rs/latias.gif
16,381,0,0,0,rs/latios.gif
16,382,0,0,0,rs/kyogre.gif
16,383,0,0,0,rs/groudon.gif
16,384,0,0,0,rs/rayquaza.gif
16,385,0,0,0,rs/jirachi.gif
16,386,0,0,0,rs/deoxys-normal.gif
16,387,0,0,0,rs/turtwig.gif
16,388,0,0,0,rs/grotle.gif
16,389,0,0,0,rs/torterra.gif
16,390,0,0,0,rs/chimchar.gif
16,391,0,0,0,rs/monferno.gif
16,392,0,0,0,rs/infernape.gif
16,393,0,0,0,rs/piplup.gif
16,394,0,0,0,rs/prinplup.gif
16,395,0,0,0,rs/empoleon.gif
16,396,0,0,0,rs/starly.gif
16,397,0,0,0,rs/staravia.gif
16,398,0,0,0,rs/staraptor.gif
16,399,0,0,0,rs/bidoof.gif
16,400,0,0,0,rs/bibarel.gif
16,401,0,0,0,rs/kricketot.gif
16,402,0,0,0,rs/kricketune.gif
16,403,0,0,0,rs/shinx.gif
16,404,0,0,0,rs/luxio.gif
16,405,0,0,0,rs/luxray.gif
16,406,0,0,0,rs/budew.gif
16,407,0,0,0,rs/roserade.gif
16,408,0,0,0,rs/cranidos.gif
16,409,0,0,0,rs/rampardos.gif
16,410,0,0,0,rs/shieldon.gif
16,411,0,0,0,rs/bastiodon.gif
16,412,0,0,0,rs/burmy-plant.gif
16,413,0,0,0,rs/wormadam-plant.gif
16,414,0,0,0,rs/mothim.gif
16,415,0,0,0,rs/combee.gif
16,416,0,0,0,rs/vespiquen.gif
16,417,0,0,0,rs/pachirisu.gif
16,418,0,0,0,rs/buizel.gif
16,419,0,0,0,rs/floatzel.gif
16,420,0,0,0,rs/cherubi.gif
16,421,0,0,0,rs/cherrim-overcast.gif
16,422,0,0,0,rs/shellos-west.gif
16,423,0,0,0,rs/gastrodon-west.gif
16,424,0,0,0,rs/ambipom.gif
16,425,0,0,0,rs/drifloon.gif
16,426,0,0,0,rs/drifblim.gif
16,427,0,0,0,rs/buneary.gif
16,428,0,0,0,rs/lopunny.gif
16,429,0,0,0,rs/mismagius.gif
16,430,0,0,0,rs/honchkrow.gif
16,431,0,0,0,rs/glameow.gif
16,432,0,0,0,rs/purugly.gif
16,433,0,0,0,rs/chingling.gif
16,434,0,0,0,rs/stunky.gif
16,435,0,0,0,rs/skuntank.gif
16,436,0,0,0,rs/bronzor.gif
16,437,0,0,0,rs/bronzong.gif
16,438,0,0,0,rs/bonsly.gif
16,439,0,0,0,rs/mime-jr.gif
16,440,0,0,0,rs/happiny.gif
16,441,0,0,0,rs/chatot.gif
16,442,0,0,0,rs/spiritomb.gif
16,443,0,0,0,rs/gible.gif
16,444,0,0,0,rs/gabite.gif
16,445,0,0,0,rs/garchomp.gif
16,446,0,0,0,rs/munchlax.gif
16,447,0,0,0,rs/riolu.gif
16,448,0,0,0,rs/lucario.gif
16,449,0,0,0,rs/hippopotas.gif
16,450,0,0,0,rs/hippowdon.gif
16,451,0,0,0,rs/skorupi.gif
16,452,0,0,0,rs/drapion.gif
16,453,0,0,0,rs/croagunk.gif
16,454,0,0,0,rs/toxicroak.gif
16,455,0,0,0,rs/carnivine.gif
16,456,0,0,0,rs/finneon.gif
16,457,0,0,0,rs/lumineon.gif
16,458,0,0,0,rs/mantyke.gif
16,459,0,0,0,rs/snover.gif
16,460,0,0,0,rs/abomasnow.gif
16,461,0,0,0,rs/weavile.gif
16,462,0,0,0,rs/magnezone.gif
16,463,0,0,0,rs/lickilicky.gif
16,464,0,0,0,rs/rhyperior.gif
16,465,0,0,0,rs/tangrowth.gif
16,466,0,0,0,rs/electivire.gif
16,467,0,0,0,rs/magmortar.gif
16,468,0,0,0,rs/togekiss.gif
16,469,0,0,0,rs/yanmega.gif
16,470,0,0,0,rs/leafeon.gif
16,471,0,0,0,rs/glaceon.gif
16,472,0,0,0,rs/gliscor.gif
16,473,0,0,0,rs/mamoswine.gif
16,474,0,0,0,rs/porygon-z.gif
16,475,0,0,0,rs/gallade.gif
16,476,0,0,0,rs/probopass.gif
16,477,0,0,0,rs/dusknoir.gif
16,478,0,0,0,rs/froslass.gif
16,479,0,0,0,rs/rotom.gif
16,480,0,0,0,rs/uxie.gif
16,481,0,0,0,rs/mesprit.gif
16,482,0,0,0,rs/azelf.gif
16,483,0,0,0,rs/dialga.gif
16,484,0,0,0,rs/palkia.gif
16,485,0,0,0,rs/heatran.gif
16,486,0,0,0,rs/regigigas.gif
16,487,0,0,0,rs/giratina-altered.gif
16,488,0,0,0,rs/cresselia.gif
16,489,0,0,0,rs/phione.gif
16,490,0,0,0,rs/manaphy.gif
16,491,0,0,0,rs/darkrai.gif
16,492,0,0,0,rs/shaymin-land.gif
16,493,0,0,0,rs/arceus.gif
16,494,0,0,0,rs/victini.gif
16,495,0,0,0,rs/snivy.gif
16,496,0,0,0,rs/servine.gif
16,497,0,0,0,rs/serperior.gif
16,498,0,0,0,rs/tepig.gif
16,499,0,0,0,rs/pignite.gif
16,500,0,0,0,rs/emboar.gif
16,501,0,0,0,rs/oshawott.gif
16,502,0,0,0,rs/dewott.gif
16,503,0,0,0,rs/samurott.gif
16,504,0,0,0,rs/patrat.gif
16,505,0,0,0,rs/watchog.gif
16,506,0,0,0,rs/lillipup.gif
16,507,0,0,0,rs/herdier.gif
16,508,0,0,0,rs/stoutland.gif
16,509,0,0,0,rs/purrloin.gif
16,510,0,0,0,rs/liepard.gif
16,511,0,0,0,rs/pansage.gif
16,512,0,0,0,rs/simisage.gif
16,513,0,0,0,rs/pansear.gif
16,514,0,0,0,rs/simisear.gif
16,515,0,0,0,rs/panpour.gif
16,516,0,0,0,rs/simipour.gif
16,517,0,0,0,rs/munna.gif
16,518,0,0,0,rs/musharna.gif
16,519,0,0,0,rs/pidove.gif
16,520,0,0,0,rs/tranquill.gif
16,521,0,0,0,rs/unfezant-male.gif
16,521,1,0,0,rs/unfezant-female.gif
16,522,0,0,0,rs/blitzle.gif
16,523,0,0,0,rs/zebstrika.gif
16,524,0,0,0,rs/roggenrola.gif
16,525,0,0,0,rs/boldore.gif
16,526,0,0,0,rs/gigalith.gif
16,527,0,0,0,rs/woobat.gif
16,528,0,0,0,rs/swoobat.gif
16,529,0,0,0,rs/drilbur.gif
16,530,0,0,0,rs/excadrill.gif
16,531,0,0,0,rs/audino.gif
16,532,0,0,0,rs/timburr.gif
16,533,0,0,0,rs/gurdurr.gif
16,534,0,0,0,rs/conkeldurr.gif
16,535,0,0,0,rs/tympole.gif
16,536,0,0,0,rs/palpitoad.gif
16,537,0,0,0,rs/seismitoad.gif
16,538,0,0,0,rs/throh.gif
16,539,0,0,0,rs/sawk.gif
16,540,0,0,0,rs/sewaddle.gif
16,541,0,0,0,rs/swadloon.gif
16,542,0,0,0,rs/leavanny.gif
16,543,0,0,0,rs/venipede.gif
16,544,0,0,0,rs/whirlipede.gif
16,545,0,0,0,rs/scolipede.gif
16,546,0,0,0,rs/cottonee.gif
16,547,0,0,0,rs/whimsicott.gif
16,548,0,0,0,rs/petilil.gif
16,549,0,0,0,rs/lilligant.gif
16,550,0,0,0,rs/basculin-red.gif
16,551,0,0,0,rs/sandile.gif
16,552,0,0,0,rs/krokorok.gif
16,553,0,0,0,rs/krookodile.gif
16,554,0,0,0,rs/darumaka.gif
16,555,0,0,0,rs/darmanitan-standard.gif
16,556,0,0,0,rs/maractus.gif
16,557,0,0,0,rs/dwebble.gif
16,558,0,0,0,rs/crustle.gif
16,559,0,0,0,rs/scraggy.gif
16,560,0,0,0,rs/scrafty.gif
16,561,0,0,0,rs/sigilyph.gif
16,562,0,0,0,rs/yamask.gif
16,563,0,0,0,rs/cofagrigus.gif
16,564,0,0,0,rs/tirtouga.gif
16,565,0,0,0,rs/carracosta.gif
16,566,0,0,0,rs/archen.gif
16,567,0,0,0,rs/archeops.gif
16,568,0,0,0,rs/trubbish.gif
16,569,0,0,0,rs/garbodor.gif
16,570,0,0,0,rs/zorua.gif
16,571,0,0,0,rs/zoroark.gif
16,572,0,0,0,rs/minccino.gif
16,573,0,0,0,rs/cinccino.gif
16,574,0,0,0,rs/gothita.gif
16,575,0,0,0,rs/gothorita.gif
16,576,0,0,0,rs/gothitelle.gif
16,577,0,0,0,rs/solosis.gif
16,578,0,0,0,rs/duosion.gif
16,579,0,0,0,rs/reuniclus.gif
16,580,0,0,0,rs/ducklett.gif
16,581,0,0,0,rs/swanna.gif
16,582,0,0,0,rs/vanillite.gif
16,583,0,0,0,rs/vanillish.gif
16,584,0,0,0,rs/vanilluxe.gif
16,585,0,0,0,rs/deerling-spring.gif
16,586,0,0,0,rs/sawsbuck-spring.gif
16,587,0,0,0,rs/emolga.gif
16,588,0,0,0,rs/karrablast.gif
16,589,0,0,0,rs/escavalier.gif
16,590,0,0,0,rs/foongus.gif
16,591,0,0,0,rs/amoonguss.gif
16,592,0,0,0,rs/frillish-male.gif
16,592,1,0,0,rs/frillish-female.gif
16,593,0,0,0,rs/jellicent-male.gif
16,593,1,0,0,rs/jellicent-female.gif
16,594,0,0,0,rs/alomomola.gif
16,595,0,0,0,rs/joltik.gif
16,596,0,0,0,rs/galvantula.gif
16,597,0,0,0,rs/ferroseed.gif
16,598,0,0,0,rs/ferrothorn.gif
16,599,0,0,0,rs/klink.gif
16,600,0,0,0,rs/klang.gif
16,601,0,0,0,rs/klinklang.gif
16,602,0,0,0,rs/tynamo.gif
16,603,0,0,0,rs/eelektrik.gif
16,604,0,0,0,rs/eelektross.gif
16,605,0,0,0,rs/elgyem.gif
16,606,0,0,0,rs/beheeyem.gif
16,607,0,0,0,rs/litwick.gif
16,608,0,0,0,rs/lampent.gif
16,609,0,0,0,rs/chandelure.gif
16,610,0,0,0,rs/axew.gif
16,611,0,0,0,rs/fraxure.gif
16,612,0,0,0,rs/haxorus.gif
16,613,0,0,0,rs/cubchoo.gif
16,614,0,0,0,rs/beartic.gif
16,615,0,0,0,rs/cryogonal.gif
16,616,0,0,0,rs/shelmet.gif
16,617,0,0,0,rs/accelgor.gif
16,618,0,0,0,rs/stunfisk.gif
16,619,0,0,0,rs/mienfoo.gif
16,620,0,0,0,rs/mienshao.gif
16,621,0,0,0,rs/druddigon.gif
16,622,0,0,0,rs/golett.gif
16,623,0,0,0,rs/golurk.gif
16,624,0,0,0,rs/pawniard.gif
16,625,0,0,0,rs/bisharp.gif
16,626,0,0,0,rs/bouffalant.gif
16,627,0,0,0,rs/rufflet.gif
16,628,0,0,0,rs/braviary.gif
16,629,0,0,0,rs/vullaby.gif
16,630,0,0,0,rs/mandibuzz.gif
16,631,0,0,0,rs/heatmor.gif
16,632,0,0,0,rs/durant.gif
16,633,0,0,0,rs/deino.gif
16,634,0,0,0,rs/zweilous.gif
16,635,0,0,0,rs/hydreigon.gif
16,636,0,0,0,rs/larvesta.gif
16,637,0,0,0,rs/volcarona.gif
16,638,0,0,0,rs/cobalion.gif
16,639,0,0,0,rs/terrakion.gif
16,640,0,0,0,rs/virizion.gif
16,641,0,0,0,rs/tornadus-incarnate.gif
16,642,0,0,0,rs/thundurus-incarnate.gif
16,643,0,0,0,rs/reshiram.gif
16,644,0,0,0,rs/zekrom.gif
16,645,0,0,0,rs/landorus-incarnate.gif
16,646,0,0,0,rs/kyurem.gif
16,647,0,0,0,rs/keldeo-ordinary.gif
16,648,0,0,0,rs/meloetta-aria.gif
16,649,0,0,0,rs/genesect.gif
16,10001,0,0,0,rs/castform-sunny.gif
16,10002,0,0,0,rs/castform-rainy.gif
16,10003,0,0,0,rs/castform-snowy.gif
16,10004,0,0,0,rs/deoxys-attack.gif
16,10005,0,0,0,rs/deoxys-defense.gif
16,10006,0,0,0,rs/deoxys-speed.gif
16,10007,0,0,0,rs/wormadam-sandy.gif
16,10008,0,0,0,rs/wormadam-trash.gif
16,10009,0,0,0,rs/arceus.gif
16,10010,0,0,0,rs/arceus.gif
16,10011,0,0,0,rs/arceus.gif
16,10012,0,0,0,rs/arceus.gif
16,10013,0,0,0,rs/arceus.gif
16,10014,0,0,0,rs/arceus.gif
16,10015,0,0,0,rs/arceus.gif
16,10016,0,0,0,rs/arceus.gif
16,10017,0,0,0,rs/arceus.gif
16,10018,0,0,0,rs/arceus.gif
16,10019,0,0,0,rs/arceus.gif
16,10020,0,0,0,rs/arceus.gif
16,10021,0,0,0,rs/arceus.gif
16,10022,0,0,0,rs/arceus.gif
16,10023,0,0,0,rs/arceus.gif
16,10024,0,0,0,rs/arceus.gif
16,10025,0,0,0,rs/rotom-heat.gif
16,10026,0,0,0,rs/rotom-wash.gif
16,10027,0,0,0,rs/rotom-frost.gif
16,10028,0,0,0,rs/rotom-fan.gif
16,10029,0,0,0,rs/rotom-mow.gif
16,10030,0,0,0,rs/giratina-origin.gif
16,10031,0,0,0,rs/shaymin-sky.gif
16,10033,0,0,0,rs/basculin-blue.gif
16,10034,0,0,0,rs/darmanitan-zen.gif
16,10035,0,0,0,rs/meloetta-pirouette.gif
16,10036,0,0,0,rs/tornadus-therian.gif
16,10037,0,0,0,rs/thundurus-therian.gif
16,10038,0,0,0,rs/landorus-therian.gif
16,10039,0,0,0,rs/kyurem-white.gif
16,10040,0,0,0,rs/kyurem-black.gif
16,20001,0,0,0,rs/unown-b.gif
16,20002,0,0,0,rs/unown-c.gif
16,20003,0,0,0,rs/unown-d.gif
16,20004,0,0,0,rs/unown-e.gif
16,20005,0,0,0,rs/unown-f.gif
16,20006,0,0,0,rs/unown-g.gif
16,20007,0,0,0,rs/unown-h.gif
16,20008,0,0,0,rs/unown-i.gif
16,20009,0,0,0,rs/unown-j.gif
16,20010,0,0,0,rs/unown-k.gif
16,20011,0,0,0,rs/unown-l.gif
16,20012,0,0,0,rs/unown-m.gif
16,20013,0,0,0,rs/unown-n.gif
16,20014,0,0,0,rs/unown-o.gif
16,20015,0,0,0,rs/unown-p.gif
16,20016,0,0,0,rs/unown-q.gif
16,20017,0,0,0,rs/unown-r.gif
16,20018,0,0,0,rs/unown-s.gif
16,20019,0,0,0,rs/unown-t.gif
16,20020,0,0,0,rs/unown-u.gif
16,20021,0,0,0,rs/unown-v.gif
16,20022,0,0,0,rs/unown-w.gif
16,20023,0,0,0,rs/unown-x.gif
16,20024,0,0,0,rs/unown-y.gif
16,20025,0,0,0,rs/unown-z.gif
16,20026,0,0,0,rs/unown-exclamation.gif
16,20027,0,0,0,rs/unown-question.gif
16,20028,0,0,0,rs/burmy-sandy.gif
16,20029,0,0,0,rs/burmy-trash.gif
16,20030,0,0,0,rs/cherrim-sunshine.gif
16,20031,0,0,0,rs/shellos-east.gif
16,20032,0,0,0,rs/gastrodon-east.gif
16,20033,0,0,0,rs/deerling-summer.gif
16,20034,0,0,0,rs/deerling-autumn.gif
16,20035,0,0,0,rs/deerling-winter.gif
16,20036,0,0,0,rs/sawsbuck-summer.gif
16,20037,0,0,0,rs/sawsbuck-autumn.gif
16,20038,0,0,0,rs/sawsbuck-winter.gif
16,20039,0,0,0,rs/genesect.gif
16,20040,0,0,0,rs/genesect.gif
16,20041,0,0,0,rs/genesect.gif
16,20042,0,0,0,rs/genesect.gif
16,20043,0,0,0,rs/keldeo-resolute.gif
17,1,0,0,0,xy/bulbasaur.png
17,2,0,0,0,xy/ivysaur.png
17,3,0,0,0,xy/venusaur.png
17,4,0,0,0,xy/charmander.png
17,5,0,0,0,xy/charmeleon.png
17,6,0,0,0,xy/charizard.png
17,7,0,0,0,xy/squirtle.png
17,8,0,0,0,xy/wartortle.png
17,9,0,0,0,xy/blastoise.png
17,10,0,0,0,xy/caterpie.png
17,11,0,0,0,xy/metapod.png
17,12,0,0,0,xy/butterfree.png
17,13,0,0,0,xy/weedle.png
17,14,0,0,0,xy/kakuna.png
17,15,0,0,0,xy/beedrill.png
17,16,0,0,0,xy/pidgey.png
17,17,0,0,0,xy/pidgeotto.png
17,18,0,0,0,xy/pidgeot.png
17,19,0,0,0,xy/rattata.png
17,20,0,0,0,xy/raticate.png
17,21,0,0,0,xy/spearow.png
17,22,0,0,0,xy/fearow.png
17,23,0,0,0,xy/ekans.png
17,24,0,0,0,xy/arbok.png
17,25,0,0,0,xy/pikachu.png
17,26,0,0,0,xy/raichu.png
17,27,0,0,0,xy/sandshrew.png
17,28,0,0,0,xy/sandslash.png
17,29,0,0,0,xy/nidoran-f.png
17,30,0,0,0,xy/nidorina.png
17,31,0,0,0,xy/nidoqueen.png
17,32,0,0,0,xy/nidoran-m.png
17,33,0,0,0,xy/nidorino.png
17,34,0,0,0,xy/nidoking.png
17,35,0,0,0,xy/clefairy.png
17,35,0,1,0,xy/right/clefairy.png
17,36,0,0,0,xy/clefable.png
17,36,0,1,0,xy/right/clefable.png
17,37,0,0,0,xy/vulpix.png
17,38,0,0,0,xy/ninetales.png
17,39,0,0,0,xy/jigglypuff.png
17,39,0,1,0,xy/right/jigglypuff.png
17,40,0,0,0,xy/wigglytuff.png
17,40,0,1,0,xy/right/wigglytuff.png
17,41,0,0,0,xy/zubat.png
17,42,0,0,0,xy/golbat.png
17,43,0,0,0,xy/oddish.png
17,44,0,0,0,xy/gloom.png
17,45,0,0,0,xy/vileplume.png
17,46,0,0,0,xy/paras.png
17,47,0,0,0,xy/parasect.png
17,48,0,0,0,xy/venonat.png
17,49,0,0,0,xy/venomoth.png
17,50,0,0,0,xy/diglett.png
17,51,0,0,0,xy/dugtrio.png
17,52,0,0,0,xy/meowth.png
17,53,0,0,0,xy/persian.png
17,54,0,0,0,xy/psyduck.png
17,55,0,0,0,xy/golduck.png
17,56,0,0,0,xy/mankey.png
17,57,0,0,0,xy/primeape.png
17,58,0,0,0,xy/growlithe.png
17,59,0,0,0,xy/arcanine.png
17,60,0,0,0,xy/poliwag.png
17,61,0,0,0,xy/poliwhirl.png
17,61,0,1,0,xy/right/poliwhirl.png
17,62,0,0,0,xy/poliwrath.png
17,62,0,1,0,xy/right/poliwrath.png
17,63,0,0,0,xy/abra.png
17,64,0,0,0,xy/kadabra.png
17,65,0,0,0,xy/alakazam.png
17,66,0,0,0,xy/machop.png
17,67,0,0,0,xy/machoke.png
17,68,0,0,0,xy/machamp.png
17,69,0,0,0,xy/bellsprout.png
17,70,0,0,0,xy/weepinbell.png
17,71,0,0,0,xy/victreebel.png
17,72,0,0,0,xy/tentacool.png
17,73,0,0,0,xy/tentacruel.png
17,74,0,0,0,xy/geodude.png
17,75,0,0,0,xy/graveler.png
17,76,0,0,0,xy/golem.png
17,77,0,0,0,xy/ponyta.png
17,78,0,0,0,xy/rapidash.png
17,79,0,0,0,xy/slowpoke.png
17,80,0,0,0,xy/slowbro.png
17,81,0,0,0,xy/magnemite.png
17,82,0,0,0,xy/magneton.png
17,83,0,0,0,xy/farfetch-d.png
17,84,0,0,0,xy/doduo.png
17,85,0,0,0,xy/dodrio.png
17,86,0,0,0,xy/seel.png
17,87,0,0,0,xy/dewgong.png
17,88,0,0,0,xy/grimer.png
17,89,0,0,0,xy/muk.png
17,90,0,0,0,xy/shellder.png
17,91,0,0,0,xy/cloyster.png
17,92,0,0,0,xy/gastly.png
17,93,0,0,0,xy/haunter.png
17,94,0,0,0,xy/gengar.png
17,95,0,0,0,xy/onix.png
17,96,0,0,0,xy/drowzee.png
17,97,0,0,0,xy/hypno.png
17,98,0,0,0,xy/krabby.png
17,99,0,0,0,xy/kingler.png
17,99,0,1,0,xy/right/kingler.png
17,100,0,0,0,xy/voltorb.png
17,101,0,0,0,xy/electrode.png
17,102,0,0,0,xy/exeggcute.png
17,103,0,0,0,xy/exeggutor.png
17,104,0,0,0,xy/cubone.png
17,105,0,0,0,xy/marowak.png
17,106,0,0,0,xy/hitmonlee.png
17,107,0,0,0,xy/hitmonchan.png
17,108,0,0,0,xy/lickitung.png
17,109,0,0,0,xy/koffing.png
17,110,0,0,0,xy/weezing.png
17,111,0,0,0,xy/rhyhorn.png
17,112,0,0,0,xy/rhydon.png
17,113,0,0,0,xy/chansey.png
17,114,0,0,0,xy/tangela.png
17,115,0,0,0,xy/kangaskhan.png
17,116,0,0,0,xy/horsea.png
17,117,0,0,0,xy/seadra.png
17,118,0,0,0,xy/goldeen.png
17,119,0,0,0,xy/seaking.png
17,120,0,0,0,xy/staryu.png
17,121,0,0,0,xy/starmie.png
17,122,0,0,0,xy/mr-mime.png
17,123,0,0,0,xy/scyther.png
17,124,0,0,0,xy/jynx.png
17,125,0,0,0,xy/electabuzz.png
17,126,0,0,0,xy/magmar.png
17,127,0,0,0,xy/pinsir.png
17,128,0,0,0,xy/tauros.png
17,129,0,0,0,xy/magikarp.png
17,130,0,0,0,xy/gyarados.png
17,131,0,0,0,xy/lapras.png
17,132,0,0,0,xy/ditto.png
17,133,0,0,0,xy/eevee.png
17,134,0,0,0,xy/vaporeon.png
17,135,0,0,0,xy/jolteon.png
17,136,0,0,0,xy/flareon.png
17,137,0,0,0,xy/porygon.png
17,138,0,0,0,xy/omanyte.png
17,139,0,0,0,xy/omastar.png
17,140,0,0,0,xy/kabuto.png
17,141,0,0,0,xy/kabutops.png
17,142,0,0,0,xy/aerodactyl.png
17,143,0,0,0,xy/snorlax.png
17,144,0,0,0,xy/articuno.png
17,145,0,0,0,xy/zapdos.png
17,146,0,0,0,xy/moltres.png
17,147,0,0,0,xy/dratini.png
17,148,0,0,0,xy/dragonair.png
17,149,0,0,0,xy/dragonite.png
17,150,0,0,0,xy/mewtwo.png
17,151,0,0,0,xy/mew.png
17,152,0,0,0,xy/chikorita.png
17,153,0,0,0,xy/bayleef.png
17,154,0,0,0,xy/meganium.png
17,155,0,0,0,xy/cyndaquil.png
17,156,0,0,0,xy/quilava.png
17,157,0,0,0,xy/typhlosion.png
17,158,0,0,0,xy/totodile.png
17,159,0,0,0,xy/croconaw.png
17,159,0,1,0,xy/right/croconaw.png
17,160,0,0,0,xy/feraligatr.png
17,161,0,0,0,xy/sentret.png
17,162,0,0,0,xy/furret.png
17,163,0,0,0,xy/hoothoot.png
17,164,0,0,0,xy/noctowl.png
17,165,0,0,0,xy/ledyba.png
17,166,0,0,0,xy/ledian.png
17,167,0,0,0,xy/spinarak.png
17,168,0,0,0,xy/ariados.png
17,169,0,0,0,xy/crobat.png
17,170,0,0,0,xy/chinchou.png
17,171,0,0,0,xy/lanturn.png
17,172,0,0,0,xy/pichu.png
17,173,0,0,0,xy/cleffa.png
17,173,0,1,0,xy/right/cleffa.png
17,174,0,0,0,xy/igglybuff.png
17,174,0,1,0,xy/right/igglybuff.png
17,175,0,0,0,xy/togepi.png
17,176,0,0,0,xy/togetic.png
17,177,0,0,0,xy/natu.png
17,178,0,0,0,xy/xatu.png
17,179,0,0,0,xy/mareep.png
17,180,0,0,0,xy/flaaffy.png
17,181,0,0,0,xy/ampharos.png
17,182,0,0,0,xy/bellossom.png
17,183,0,0,0,xy/marill.png
17,184,0,0,0,xy/azumarill.png
17,185,0,0,0,xy/sudowoodo.png
17,186,0,0,0,xy/politoed.png
17,186,0,1,0,xy/right/politoed.png
17,187,0,0,0,xy/hoppip.png
17,188,0,0,0,xy/skiploom.png
17,189,0,0,0,xy/jumpluff.png
17,190,0,0,0,xy/aipom.png
17,191,0,0,0,xy/sunkern.png
17,192,0,0,0,xy/sunflora.png
17,193,0,0,0,xy/yanma.png
17,194,0,0,0,xy/wooper.png
17,195,0,0,0,xy/quagsire.png
17,196,0,0,0,xy/espeon.png
17,197,0,0,0,xy/umbreon.png
17,198,0,0,0,xy/murkrow.png
17,199,0,0,0,xy/slowking.png
17,200,0,0,0,xy/misdreavus.png
17,201,0,0,0,xy/unown-a.png
17,202,0,0,0,xy/wobbuffet.png
17,203,0,0,0,xy/girafarig.png
17,204,0,0,0,xy/pineco.png
17,205,0,0,0,xy/forretress.png
17,206,0,0,0,xy/dunsparce.png
17,207,0,0,0,xy/gligar.png
17,208,0,0,0,xy/steelix.png
17,209,0,0,0,xy/snubbull.png
17,210,0,0,0,xy/granbull.png
17,211,0,0,0,xy/qwilfish.png
17,212,0,0,0,xy/scizor.png
17,213,0,0,0,xy/shuckle.png
17,214,0,0,0,xy/heracross.png
17,215,0,0,0,xy/sneasel.png
17,215,0,1,0,xy/right/sneasel.png
17,216,0,0,0,xy/teddiursa.png
17,216,0,1,0,xy/right/teddiursa.png
17,217,0,0,0,xy/ursaring.png
17,218,0,0,0,xy/slugma.png
17,219,0,0,0,xy/magcargo.png
17,220,0,0,0,xy/swinub.png
17,221,0,0,0,xy/piloswine.png
17,222,0,0,0,xy/corsola.png
17,223,0,0,0,xy/remoraid.png
17,224,0,0,0,xy/octillery.png
17,225,0,0,0,xy/delibird.png
17,226,0,0,0,xy/mantine.png
17,227,0,0,0,xy/skarmory.png
17,228,0,0,0,xy/houndour.png
17,229,0,0,0,xy/houndoom.png
17,230,0,0,0,xy/kingdra.png
17,231,0,0,0,xy/phanpy.png
17,232,0,0,0,xy/donphan.png
17,233,0,0,0,xy/porygon2.png
17,234,0,0,0,xy/stantler.png
17,235,0,0,0,xy/smeargle.png
17,236,0,0,0,xy/tyrogue.png
17,237,0,0,0,xy/hitmontop.png
17,238,0,0,0,xy/smoochum.png
17,239,0,0,0,xy/elekid.png
17,240,0,0,0,xy/magby.png
17,241,0,0,0,xy/miltank.png
17,242,0,0,0,xy/blissey.png
17,243,0,0,0,xy/raikou.png
17,244,0,0,0,xy/entei.png
17,245,0,0,0,xy/suicune.png
17,246,0,0,0,xy/larvitar.png
17,247,0,0,0,xy/pupitar.png
17,248,0,0,0,xy/tyranitar.png
17,249,0,0,0,xy/lugia.png
17,250,0,0,0,xy/ho-oh.png
17,251,0,0,0,xy/celebi.png
17,252,0,0,0,xy/treecko.png
17,253,0,0,0,xy/grovyle.png
17,254,0,0,0,xy/sceptile.png
17,255,0,0,0,xy/torchic.png
17,256,0,0,0,xy/combusken.png
17,257,0,0,0,xy/blaziken.png
17,258,0,0,0,xy/mudkip.png
17,259,0,0,0,xy/marshtomp.png
17,260,0,0,0,xy/swampert.png
17,261,0,0,0,xy/poochyena.png
17,262,0,0,0,xy/mightyena.png
17,263,0,0,0,xy/zigzagoon.png
17,264,0,0,0,xy/linoone.png
17,265,0,0,0,xy/wurmple.png
17,266,0,0,0,xy/silcoon.png
17,267,0,0,0,xy/beautifly.png
17,268,0,0,0,xy/cascoon.png
17,269,0,0,0,xy/dustox.png
17,270,0,0,0,xy/lotad.png
17,271,0,0,0,xy/lombre.png
17,272,0,0,0,xy/ludicolo.png
17,273,0,0,0,xy/seedot.png
17,274,0,0,0,xy/nuzleaf.png
17,275,0,0,0,xy/shiftry.png
17,276,0,0,0,xy/taillow.png
17,277,0,0,0,xy/swellow.png
17,278,0,0,0,xy/wingull.png
17,279,0,0,0,xy/pelipper.png
17,280,0,0,0,xy/ralts.png
17,281,0,0,0,xy/kirlia.png
17,282,0,0,0,xy/gardevoir.png
17,283,0,0,0,xy/surskit.png
17,284,0,0,0,xy/masquerain.png
17,285,0,0,0,xy/shroomish.png
17,286,0,0,0,xy/breloom.png
17,287,0,0,0,xy/slakoth.png
17,288,0,0,0,xy/vigoroth.png
17,289,0,0,0,xy/slaking.png
17,290,0,0,0,xy/nincada.png
17,291,0,0,0,xy/ninjask.png
17,292,0,0,0,xy/shedinja.png
17,293,0,0,0,xy/whismur.png
17,294,0,0,0,xy/loudred.png
17,295,0,0,0,xy/exploud.png
17,296,0,0,0,xy/makuhita.png
17,297,0,0,0,xy/hariyama.png
17,298,0,0,0,xy/azurill.png
17,299,0,0,0,xy/nosepass.png
17,300,0,0,0,xy/skitty.png
17,301,0,0,0,xy/delcatty.png
17,302,0,0,0,xy/sableye.png
17,303,0,0,0,xy/mawile.png
17,304,0,0,0,xy/aron.png
17,305,0,0,0,xy/lairon.png
17,306,0,0,0,xy/aggron.png
17,307,0,0,0,xy/meditite.png
17,308,0,0,0,xy/medicham.png
17,309,0,0,0,xy/electrike.png
17,310,0,0,0,xy/manectric.png
17,311,0,0,0,xy/plusle.png
17,312,0,0,0,xy/minun.png
17,313,0,0,0,xy/volbeat.png
17,314,0,0,0,xy/illumise.png
17,315,0,0,0,xy/roselia.png
17,315,0,1,0,xy/right/roselia.png
17,316,0,0,0,xy/gulpin.png
17,317,0,0,0,xy/swalot.png
17,318,0,0,0,xy/carvanha.png
17,319,0,0,0,xy/sharpedo.png
17,320,0,0,0,xy/wailmer.png
17,321,0,0,0,xy/wailord.png
17,322,0,0,0,xy/numel.png
17,323,0,0,0,xy/camerupt.png
17,324,0,0,0,xy/torkoal.png
17,325,0,0,0,xy/spoink.png
17,326,0,0,0,xy/grumpig.png
17,327,0,0,0,xy/spinda.png
17,328,0,0,0,xy/trapinch.png
17,329,0,0,0,xy/vibrava.png
17,330,0,0,0,xy/flygon.png
17,331,0,0,0,xy/cacnea.png
17,332,0,0,0,xy/cacturne.png
17,333,0,0,0,xy/swablu.png
17,334,0,0,0,xy/altaria.png
17,335,0,0,0,xy/zangoose.png
17,335,0,1,0,xy/right/zangoose.png
17,336,0,0,0,xy/seviper.png
17,336,0,1,0,xy/right/seviper.png
17,337,0,0,0,xy/lunatone.png
17,338,0,0,0,xy/solrock.png
17,339,0,0,0,xy/barboach.png
17,340,0,0,0,xy/whiscash.png
17,341,0,0,0,xy/corphish.png
17,342,0,0,0,xy/crawdaunt.png
17,343,0,0,0,xy/baltoy.png
17,344,0,0,0,xy/claydol.png
17,345,0,0,0,xy/lileep.png
17,346,0,0,0,xy/cradily.png
17,347,0,0,0,xy/anorith.png
17,348,0,0,0,xy/armaldo.png
17,349,0,0,0,xy/feebas.png
17,350,0,0,0,xy/milotic.png
17,351,0,0,0,xy/castform.png
17,352,0,0,0,xy/kecleon.png
17,353,0,0,0,xy/shuppet.png
17,354,0,0,0,xy/banette.png
17,355,0,0,0,xy/duskull.png
17,356,0,0,0,xy/dusclops.png
17,357,0,0,0,xy/tropius.png
17,358,0,0,0,xy/chimecho.png
17,359,0,0,0,xy/absol.png
17,359,0,1,0,xy/right/absol.png
17,360,0,0,0,xy/wynaut.png
17,361,0,0,0,xy/snorunt.png
17,362,0,0,0,xy/glalie.png
17,363,0,0,0,xy/spheal.png
17,364,0,0,0,xy/sealeo.png
17,365,0,0,0,xy/walrein.png
17,366,0,0,0,xy/clamperl.png
17,367,0,0,0,xy/huntail.png
17,368,0,0,0,xy/gorebyss.png
17,369,0,0,0,xy/relicanth.png
17,370,0,0,0,xy/luvdisc.png
17,371,0,0,0,xy/bagon.png
17,372,0,0,0,xy/shelgon.png
17,373,0,0,0,xy/salamence.png
17,374,0,0,0,xy/beldum.png
17,375,0,0,0,xy/metang.png
17,376,0,0,0,xy/metagross.png
17,377,0,0,0,xy/regirock.png
17,377,0,1,0,xy/right/regirock.png
17,378,0,0,0,xy/regice.png
17,379,0,0,0,xy/registeel.png
17,380,0,0,0,xy/latias.png
17,381,0,0,0,xy/latios.png
17,382,0,0,0,xy/kyogre.png
17,383,0,0,0,xy/groudon.png
17,384,0,0,0,xy/rayquaza.png
17,385,0,0,0,xy/jirachi.png
17,386,0,0,0,xy/deoxys-normal.png
17,387,0,0,0,xy/turtwig.png
17,388,0,0,0,xy/grotle.png
17,389,0,0,0,xy/torterra.png
17,389,0,1,0,xy/right/torterra.png
17,390,0,0,0,xy/chimchar.png
17,391,0,0,0,xy/monferno.png
17,392,0,0,0,xy/infernape.png
17,393,0,0,0,xy/piplup.png
17,394,0,0,0,xy/prinplup.png
17,395,0,0,0,xy/empoleon.png
17,396,0,0,0,xy/starly.png
17,397,0,0,0,xy/staravia.png
17,398,0,0,0,xy/staraptor.png
17,399,0,0,0,xy/bidoof.png
17,400,0,0,0,xy/bibarel.png
17,401,0,0,0,xy/kricketot.png
17,402,0,0,0,xy/kricketune.png
17,403,0,0,0,xy/shinx.png
17,404,0,0,0,xy/luxio.png
17,405,0,0,0,xy/luxray.png
17,406,0,0,0,xy/budew.png
17,406,0,1,0,xy/right/budew.png
17,407,0,0,0,xy/roserade.png
17,407,0,1,0,xy/right/roserade.png
17,408,0,0,0,xy/cranidos.png
17,409,0,0,0,xy/rampardos.png
17,410,0,0,0,xy/shieldon.png
17,411,0,0,0,xy/bastiodon.png
17,412,0,0,0,xy/burmy-plant.png
17,413,0,0,0,xy/wormadam-plant.png
17,414,0,0,0,xy/mothim.png
17,415,0,0,0,xy/combee.png
17,416,0,0,0,xy/vespiquen.png
17,417,0,0,0,xy/pachirisu.png
17,418,0,0,0,xy/buizel.png
17,419,0,0,0,xy/floatzel.png
17,420,0,0,0,xy/cherubi.png
17,421,0,0,0,xy/cherrim-overcast.png
17,422,0,0,0,xy/shellos-west.png
17,423,0,0,0,xy/gastrodon-west.png
17,424,0,0,0,xy/ambipom.png
17,425,0,0,0,xy/drifloon.png
17,426,0,0,0,xy/drifblim.png
17,427,0,0,0,xy/buneary.png
17,428,0,0,0,xy/lopunny.png
17,429,0,0,0,xy/mismagius.png
17,430,0,0,0,xy/honchkrow.png
17,431,0,0,0,xy/glameow.png
17,432,0,0,0,xy/purugly.png
17,433,0,0,0,xy/chingling.png
17,434,0,0,0,xy/stunky.png
17,435,0,0,0,xy/skuntank.png
17,436,0,0,0,xy/bronzor.png
17,437,0,0,0,xy/bronzong.png
17,438,0,0,0,xy/bonsly.png
17,439,0,0,0,xy/mime-jr.png
17,440,0,0,0,xy/happiny.png
17,441,0,0,0,xy/chatot.png
17,442,0,0,0,xy/spiritomb.png
17,443,0,0,0,xy/gible.png
17,444,0,0,0,xy/gabite.png
17,445,0,0,0,xy/garchomp.png
17,446,0,0,0,xy/munchlax.png
17,447,0,0,0,xy/riolu.png
17,448,0,0,0,xy/lucario.png
17,449,0,0,0,xy/hippopotas.png
17,450,0,0,0,xy/hippowdon.png
17,451,0,0,0,xy/skorupi.png
17,452,0,0,0,xy/drapion.png
17,453,0,0,0,xy/croagunk.png
17,454,0,0,0,xy/toxicroak.png
17,455,0,0,0,xy/carnivine.png
17,456,0,0,0,xy/finneon.png
17,457,0,0,0,xy/lumineon.png
17,458,0,0,0,xy/mantyke.png
17,459,0,0,0,xy/snover.png
17,460,0,0,0,xy/abomasnow.png
17,461,0,0,0,xy/weavile.png
17,462,0,0,0,xy/magnezone.png
17,463,0,0,0,xy/lickilicky.png
17,464,0,0,0,xy/rhyperior.png
17,465,0,0,0,xy/tangrowth.png
17,466,0,0,0,xy/electivire.png
17,467,0,0,0,xy/magmortar.png
17,467,0,1,0,xy/right/magmortar.png
17,468,0,0,0,xy/togekiss.png
17,468,0,1,0,xy/right/togekiss.png
17,469,0,0,0,xy/yanmega.png
17,470,0,0,0,xy/leafeon.png
17,471,0,0,0,xy/glaceon.png
17,472,0,0,0,xy/gliscor.png
17,473,0,0,0,xy/mamoswine.png
17,474,0,0,0,xy/porygon-z.png
17,475,0,0,0,xy/gallade.png
17,476,0,0,0,xy/probopass.png
17,477,0,0,0,xy/dusknoir.png
17,478,0,0,0,xy/froslass.png
17,479,0,0,0,xy/rotom.png
17,480,0,0,0,xy/uxie.png
17,481,0,0,0,xy/mesprit.png
17,482,0,0,0,xy/azelf.png
17,483,0,0,0,xy/dialga.png
17,484,0,0,0,xy/palkia.png
17,485,0,0,0,xy/heatran.png
17,486,0,0,0,xy/regigigas.png
17,487,0,0,0,xy/giratina-altered.png
17,488,0,0,0,xy/cresselia.png
17,489,0,0,0,xy/phione.png
17,490,0,0,0,xy/manaphy.png
17,491,0,0,0,xy/darkrai.png
17,492,0,0,0,xy/shaymin-land.png
17,493,0,0,0,xy/arceus.png
17,494,0,0,0,xy/victini.png
17,495,0,0,0,xy/snivy.png
17,496,0,0,0,xy/servine.png
17,497,0,0,0,xy/serperior.png
17,498,0,0,0,xy/tepig.png
17,499,0,0,0,xy/pignite.png
17,500,0,0,0,xy/emboar.png
17,500,0,1,0,xy/right/emboar.png
17,501,0,0,0,xy/oshawott.png
17,502,0,0,0,xy/dewott.png
17,503,0,0,0,xy/samurott.png
17,504,0,0,0,xy/patrat.png
17,505,0,0,0,xy/watchog.png
17,506,0,0,0,xy/lillipup.png
17,507,0,0,0,xy/herdier.png
17,508,0,0,0,xy/stoutland.png
17,509,0,0,0,xy/purrloin.png
17,510,0,0,0,xy/liepard.png
17,511,0,0,0,xy/pansage.png
17,512,0,0,0,xy/simisage.png
17,513,0,0,0,xy/pansear.png
17,513,0,1,0,xy/right/pansear.png
17,514,0,0,0,xy/simisear.png
17,514,0,1,0,xy/right/simisear.png
17,515,0,0,0,xy/panpour.png
17,516,0,0,0,xy/simipour.png
17,517,0,0,0,xy/munna.png
17,518,0,0,0,xy/musharna.png
17,519,0,0,0,xy/pidove.png
17,520,0,0,0,xy/tranquill.png
17,521,0,0,0,xy/unfezant-male.png
17,521,1,0,0,xy/unfezant-female.png
17,522,0,0,0,xy/blitzle.png
17,523,0,0,0,xy/zebstrika.png
17,524,0,0,0,xy/roggenrola.png
17,525,0,0,0,xy/boldore.png
17,526,0,0,0,xy/gigalith.png
17,527,0,0,0,xy/woobat.png
17,528,0,0,0,xy/swoobat.png
17,529,0,0,0,xy/drilbur.png
17,529,0,1,0,xy/right/drilbur.png
17,530,0,0,0,xy/excadrill.png
17,530,0,1,0,xy/right/excadrill.png
17,531,0,0,0,xy/audino.png
17,532,0,0,0,xy/timburr.png
17,533,0,0,0,xy/gurdurr.png
17,534,0,0,0,xy/conkeldurr.png
17,535,0,0,0,xy/tympole.png
17,536,0,0,0,xy/palpitoad.png
17,537,0,0,0,xy/seismitoad.png
17,538,0,0,0,xy/throh.png
17,539,0,0,0,xy/sawk.png
17,539,0,1,0,xy/right/sawk.png
17,540,0,0,0,xy/sewaddle.png
17,541,0,0,0,xy/swadloon.png
17,542,0,0,0,xy/leavanny.png
17,543,0,0,0,xy/venipede.png
17,544,0,0,0,xy/whirlipede.png
17,545,0,0,0,xy/scolipede.png
17,546,0,0,0,xy/cottonee.png
17,547,0,0,0,xy/whimsicott.png
17,548,0,0,0,xy/petilil.png
17,549,0,0,0,xy/lilligant.png
17,549,0,1,0,xy/right/lilligant.png
17,550,0,0,0,xy/basculin-red.png
17,551,0,0,0,xy/sandile.png
17,552,0,0,0,xy/krokorok.png
17,553,0,0,0,xy/krookodile.png
17,554,0,0,0,xy/darumaka.png
17,555,0,0,0,xy/darmanitan-standard.png
17,556,0,0,0,xy/maractus.png
17,557,0,0,0,xy/dwebble.png
17,558,0,0,0,xy/crustle.png
17,559,0,0,0,xy/scraggy.png
17,560,0,0,0,xy/scrafty.png
17,561,0,0,0,xy/sigilyph.png
17,562,0,0,0,xy/yamask.png
17,563,0,0,0,xy/cofagrigus.png
17,564,0,0,0,xy/tirtouga.png
17,565,0,0,0,xy/carracosta.png
17,566,0,0,0,xy/archen.png
17,567,0,0,0,xy/archeops.png
17,568,0,0,0,xy/trubbish.png
17,569,0,0,0,xy/garbodor.png
17,569,0,1,0,xy/right/garbodor.png
17,570,0,0,0,xy/zorua.png
17,571,0,0,0,xy/zoroark.png
17,572,0,0,0,xy/minccino.png
17,573,0,0,0,xy/cinccino.png
17,574,0,0,0,xy/gothita.png
17,575,0,0,0,xy/gothorita.png
17,576,0,0,0,xy/gothitelle.png
17,577,0,0,0,xy/solosis.png
17,577,0,1,0,xy/right/solosis.png
17,578,0,0,0,xy/duosion.png
17,579,0,0,0,xy/reuniclus.png
17,580,0,0,0,xy/ducklett.png
17,581,0,0,0,xy/swanna.png
17,582,0,0,0,xy/vanillite.png
17,583,0,0,0,xy/vanillish.png
17,584,0,0,0,xy/vanilluxe.png
17,584,0,1,0,xy/right/vanilluxe.png
17,585,0,0,0,xy/deerling-spring.png
17,586,0,0,0,xy/sawsbuck-spring.png
17,587,0,0,0,xy/emolga.png
17,588,0,0,0,xy/karrablast.png
17,589,0,0,0,xy/escavalier.png
17,590,0,0,0,xy/foongus.png
17,591,0,0,0,xy/amoonguss.png
17,591,0,1,0,xy/right/amoonguss.png
17,592,0,0,0,xy/frillish-male.png
17,592,1,0,0,xy/frillish-female.png
17,593,0,0,0,xy/jellicent-male.png
17,593,1,0,0,xy/jellicent-female.png
17,594,0,0,0,xy/alomomola.png
17,595,0,0,0,xy/joltik.png
17,596,0,0,0,xy/galvantula.png
17,597,0,0,0,xy/ferroseed.png
17,598,0,0,0,xy/ferrothorn.png
17,599,0,0,0,xy/klink.png
17,599,0,1,0,xy/right/klink.png
17,600,0,0,0,xy/klang.png
17,600,0,1,0,xy/right/klang.png
17,601,0,0,0,xy/klinklang.png
17,601,0,1,0,xy/right/klinklang.png
17,602,0,0,0,xy/tynamo.png
17,603,0,0,0,xy/eelektrik.png
17,604,0,0,0,xy/eelektross.png
17,605,0,0,0,xy/elgyem.png
17,606,0,0,0,xy/beheeyem.png
17,607,0,0,0,xy/litwick.png
17,607,0,1,0,xy/right/litwick.png
17,608,0,0,0,xy/lampent.png
17,609,0,0,0,xy/chandelure.png
17,610,0,0,0,xy/axew.png
17,611,0,0,0,xy/fraxure.png
17,612,0,0,0,xy/haxorus.png
17,613,0,0,0,xy/cubchoo.png
17,614,0,0,0,xy/beartic.png
17,615,0,0,0,xy/cryogonal.png
17,616,0,0,0,xy/shelmet.png
17,617,0,0,0,xy/accelgor.png
17,618,0,0,0,xy/stunfisk.png
17,619,0,0,0,xy/mienfoo.png
17,620,0,0,0,xy/mienshao.png
17,621,0,0,0,xy/druddigon.png
17,622,0,0,0,xy/golett.png
17,622,0,1,0,xy/right/golett.png
17,623,0,0,0,xy/golurk.png
17,623,0,1,0,xy/right/golurk.png
17,624,0,0,0,xy/pawniard.png
17,625,0,0,0,xy/bisharp.png
17,626,0,0,0,xy/bouffalant.png
17,627,0,0,0,xy/rufflet.png
17,628,0,0,0,xy/braviary.png
17,629,0,0,0,xy/vullaby.png
17,630,0,0,0,xy/mandibuzz.png
17,631,0,0,0,xy/heatmor.png
17,632,0,0,0,xy/durant.png
17,633,0,0,0,xy/deino.png
17,634,0,0,0,xy/zweilous.png
17,635,0,0,0,xy/hydreigon.png
17,636,0,0,0,xy/larvesta.png
17,637,0,0,0,xy/volcarona.png
17,638,0,0,0,xy/cobalion.png
17,639,0,0,0,xy/terrakion.png
17,640,0,0,0,xy/virizion.png
17,641,0,0,0,xy/tornadus-incarnate.png
17,642,0,0,0,xy/thundurus-incarnate.png
17,643,0,0,0,xy/reshiram.png
17,644,0,0,0,xy/zekrom.png
17,645,0,0,0,xy/landorus-incarnate.png
17,646,0,0,0,xy/kyurem.png
17,646,0,1,0,xy/right/kyurem.png
17,647,0,0,0,xy/keldeo-ordinary.png
17,648,0,0,0,xy/meloetta-aria.png
17,648,0,1,0,xy/right/meloetta-aria.png
17,649,0,0,0,xy/genesect.png
17,650,0,0,0,xy/chespin.png
17,651,0,0,0,xy/quilladin.png
17,652,0,0,0,xy/chesnaught.png
17,653,0,0,0,xy/fennekin.png
17,654,0,0,0,xy/braixen.png
17,655,0,0,0,xy/delphox.png
17,656,0,0,0,xy/froakie.png
17,657,0,0,0,xy/frogadier.png
17,658,0,0,0,xy/greninja.png
17,658,0,1,0,xy/right/greninja.png
17,659,0,0,0,xy/bunnelby.png
17,660,0,0,0,xy/diggersby.png
17,661,0,0,0,xy/fletchling.png
17,662,0,0,0,xy/fletchinder.png
17,663,0,0,0,xy/talonflame.png
17,664,0,0,0,xy/scatterbug.png
17,665,0,0,0,xy/spewpa.png
17,666,0,0,0,xy/vivillon-icy-snow.png
17,667,0,0,0,xy/litleo.png
17,668,0,0,0,xy/pyroar-male.png
17,668,1,0,0,xy/pyroar-female.png
17,669,0,0,0,xy/flabebe-red.png
17,670,0,0,0,xy/floette-red.png
17,671,0,0,0,xy/florges-red.png
17,672,0,0,0,xy/skiddo.png
17,673,0,0,0,xy/gogoat.png
17,674,0,0,0,xy/pancham.png
17,675,0,0,0,xy/pangoro.png
17,676,0,0,0,xy/furfrou-natural.png
17,677,0,0,0,xy/espurr.png
17,678,0,0,0,xy/meowstic-male.png
17,679,0,0,0,xy/honedge.png
17,680,0,0,0,xy/doublade.png
17,681,0,0,0,xy/aegislash-shield.png
17,682,0,0,0,xy/spritzee.png
17,683,0,0,0,xy/aromatisse.png
17,684,0,0,0,xy/swirlix.png
17,685,0,0,0,xy/slurpuff.png
17,686,0,0,0,xy/inkay.png
17,687,0,0,0,xy/malamar.png
17,688,0,0,0,xy/binacle.png
17,689,0,0,0,xy/barbaracle.png
17,689,0,1,0,xy/right/barbaracle.png
17,690,0,0,0,xy/skrelp.png
17,691,0,0,0,xy/dragalge.png
17,692,0,0,0,xy/clauncher.png
17,692,0,1,0,xy/right/clauncher.png
17,693,0,0,0,xy/clawitzer.png
17,693,0,1,0,xy/right/clawitzer.png
17,694,0,0,0,xy/helioptile.png
17,695,0,0,0,xy/heliolisk.png
17,696,0,0,0,xy/tyrunt.png
17,697,0,0,0,xy/tyrantrum.png
17,698,0,0,0,xy/amaura.png
17,699,0,0,0,xy/aurorus.png
17,700,0,0,0,xy/sylveon.png
17,700,0,1,0,xy/right/sylveon.png
17,701,0,0,0,xy/hawlucha.png
17,702,0,0,0,xy/dedenne.png
17,703,0,0,0,xy/carbink.png
17,704,0,0,0,xy/goomy.png
17,705,0,0,0,xy/sliggoo.png
17,706,0,0,0,xy/goodra.png
17,707,0,0,0,xy/klefki.png
17,707,0,1,0,xy/right/klefki.png
17,708,0,0,0,xy/phantump.png
17,709,0,0,0,xy/trevenant.png
17,710,0,0,0,xy/pumpkaboo.png
17,711,0,0,0,xy/gourgeist.png
17,712,0,0,0,xy/bergmite.png
17,713,0,0,0,xy/avalugg.png
17,714,0,0,0,xy/noibat.png
17,715,0,0,0,xy/noivern.png
17,716,0,0,0,xy/xerneas-neutral.png
17,717,0,0,0,xy/yveltal.png
17,718,0,0,0,xy/zygarde-50.png
17,718,0,1,0,xy/right/zygarde-50.png
17,719,0,0,0,xy/diancie.png
17,720,0,0,0,xy/hoopa-confined.png
17,721,0,0,0,xy/volcanion.png
17,10001,0,0,0,xy/castform-sunny.png
17,10002,0,0,0,xy/castform-rainy.png
17,10003,0,0,0,xy/castform-snowy.png
17,10003,0,1,0,xy/right/castform-snowy.png
17,10004,0,0,0,xy/deoxys-attack.png
17,10005,0,0,0,xy/deoxys-defense.png
17,10006,0,0,0,xy/deoxys-speed.png
17,10007,0,0,0,xy/wormadam-sandy.png
17,10008,0,0,0,xy/wormadam-trash.png
17,10009,0,0,0,xy/arceus.png
17,10010,0,0,0,xy/arceus.png
17,10011,0,0,0,xy/arceus.png
17,10012,0,0,0,xy/arceus.png
17,10013,0,0,0,xy/arceus.png
17,10014,0,0,0,xy/arceus.png
17,10015,0,0,0,xy/arceus.png
17,10016,0,0,0,xy/arceus.png
17,10017,0,0,0,xy/arceus.png
17,10018,0,0,0,xy/arceus.png
17,10019,0,0,0,xy/arceus.png
17,10020,0,0,0,xy/arceus.png
17,10021,0,0,0,xy/arceus.png
17,10022,0,0,0,xy/arceus.png
17,10023,0,0,0,xy/arceus.png
17,10024,0,0,0,xy/arceus.png
17,10025,0,0,0,xy/rotom-heat.png
17,10026,0,0,0,xy/rotom-wash.png
17,10026,0,1,0,xy/right/rotom-wash.png
17,10027,0,0,0,xy/rotom-frost.png
17,10028,0,0,0,xy/rotom-fan.png
17,10029,0,0,0,xy/rotom-mow.png
17,10030,0,0,0,xy/giratina-origin.png
17,10031,0,0,0,xy/shaymin-sky.png
17,10031,0,1,0,xy/right/shaymin-sky.png
17,10033,0,0,0,xy/basculin-blue.png
17,10034,0,0,0,xy/darmanitan-zen.png
17,10035,0,0,0,xy/meloetta-pirouette.png
17,10036,0,0,0,xy/tornadus-therian.png
17,10037,0,0,0,xy/thundurus-therian.png
17,10038,0,0,0,xy/landorus-therian.png
17,10039,0,0,0,xy/kyurem-white.png
17,10039,0,1,0,xy/right/kyurem-white.png
17,10040,0,0,0,xy/kyurem-black.png
17,10040,0,1,0,xy/right/kyurem-black.png
17,10041,0,0,0,xy/venusaur-mega.png
17,10042,0,0,0,xy/charizard-mega-x.png
17,10043,0,0,0,xy/charizard-mega-y.png
17,10044,0,0,0,xy/blastoise-mega.png
17,10045,0,0,0,xy/alakazam-mega.png
17,10046,0,0,0,xy/gengar-mega.png
17,10047,0,0,0,xy/kangaskhan-mega.png
17,10048,0,0,0,xy/pinsir-mega.png
17,10049,0,0,0,xy/gyarados-mega.png
17,10050,0,0,0,xy/aerodactyl-mega.png
17,10051,0,0,0,xy/mewtwo-mega-x.png
17,10052,0,0,0,xy/mewtwo-mega-y.png
17,10053,0,0,0,xy/ampharos-mega.png
17,10054,0,0,0,xy/scizor-mega.png
17,10055,0,0,0,xy/heracross-mega.png
17,10056,0,0,0,xy/houndoom-mega.png
17,10057,0,0,0,xy/tyranitar-mega.png
17,10058,0,0,0,xy/blaziken-mega.png
17,10059,0,0,0,xy/gardevoir-mega.png
17,10060,0,0,0,xy/mawile-mega.png
17,10061,0,0,0,xy/aggron-mega.png
17,10062,0,0,0,xy/medicham-mega.png
17,10063,0,0,0,xy/manectric-mega.png
17,10064,0,0,0,xy/banette-mega.png
17,10065,0,0,0,xy/absol-mega.png
17,10065,0,1,0,xy/right/absol-mega.png
17,10066,0,0,0,xy/latias-mega.png
17,10067,0,0,0,xy/latios-mega.png
17,10068,0,0,0,xy/garchomp-mega.png
17,10069,0,0,0,xy/lucario-mega.png
17,10070,0,0,0,xy/abomasnow-mega.png
17,10071,0,0,0,xy/arceus.png
17,10072,0,0,0,xy/floette-eternal.png
17,10073,0,0,0,xy/meowstic-female.png
17,10074,0,0,0,xy/aegislash-blade.png
17,10075,0,0,0,xy/pumpkaboo.png
17,10076,0,0,0,xy/pumpkaboo.png
17,10077,0,0,0,xy/pumpkaboo.png
17,10078,0,0,0,xy/gourgeist.png
17,10079,0,0,0,xy/gourgeist.png
17,10080,0,0,0,xy/gourgeist.png
17,20001,0,0,0,xy/unown-b.png
17,20001,0,1,0,xy/right/unown-b.png
17,20002,0,0,0,xy/unown-c.png
17,20002,0,1,0,xy/right/unown-c.png
17,20003,0,0,0,xy/unown-d.png
17,20003,0,1,0,xy/right/unown-d.png
17,20004,0,0,0,xy/unown-e.png
17,20004,0,1,0,xy/right/unown-e.png
17,20005,0,0,0,xy/unown-f.png
17,20005,0,1,0,xy/right/unown-f.png
17,20006,0,0,0,xy/unown-g.png
17,20006,0,1,0,xy/right/unown-g.png
17,20007,0,0,0,xy/unown-h.png
17,20007,0,1,0,xy/right/unown-h.png
17,20008,0,0,0,xy/unown-i.png
17,20009,0,0,0,xy/unown-j.png
17,20009,0,1,0,xy/right/unown-j.png
17,20010,0,0,0,xy/unown-k.png
17,20010,0,1,0,xy/right/unown-k.png
17,20011,0,0,0,xy/unown-l.png
17,20011,0,1,0,xy/right/unown-l.png
17,20012,0,0,0,xy/unown-m.png
17,20012,0,1,0,xy/right/unown-m.png
17,20013,0,0,0,xy/unown-n.png
17,20013,0,1,0,xy/right/unown-n.png
17,20014,0,0,0,xy/unown-o.png
17,20015,0,0,0,xy/unown-p.png
17,20015,0,1,0,xy/right/unown-p.png
17,20016,0,0,0,xy/unown-q.png
17,20016,0,1,0,xy/right/unown-q.png
17,20017,0,0,0,xy/unown-r.png
17,20017,0,1,0,xy/right/unown-r.png
17,20018,0,0,0,xy/unown-s.png
17,20018,0,1,0,xy/right/unown-s.png
17,20019,0,0,0,xy/unown-t.png
17,20019,0,1,0,xy/right/unown-t.png
17,20020,0,0,0,xy/unown-u.png
17,20021,0,0,0,xy/unown-v.png
17,20021,0,1,0,xy/right/unown-v.png
17,20022,0,0,0,xy/unown-w.png
17,20023,0,0,0,xy/unown-x.png
17,20024,0,0,0,xy/unown-y.png
17,20025,0,0,0,xy/unown-z.png
17,20025,0,1,0,xy/right/unown-z.png
17,20026,0,0,0,xy/unown-exclamation.png
17,20027,0,0,0,xy/unown-question.png
17,20027,0,1,0,xy/right/unown-question.png
17,20028,0,0,0,xy/burmy-sandy.png
17,20029,0,0,0,xy/burmy-trash.png
17,20030,0,0,0,xy/cherrim-sunshine.png
17,20031,0,0,0,xy/shellos-east.png
17,20032,0,0,0,xy/gastrodon-east.png
17,20033,0,0,0,xy/deerling-summer.png
17,20034,0,0,0,xy/deerling-autumn.png
17,20035,0,0,0,xy/deerling-winter.png
17,20036,0,0,0,xy/sawsbuck-summer.png
17,20037,0,0,0,xy/sawsbuck-autumn.png
17,20038,0,0,0,xy/sawsbuck-winter.png
17,20039,0,0,0,xy/genesect.png
17,20040,0,0,0,xy/genesect.png
17,20041,0,0,0,xy/genesect.png
17,20042,0,0,0,xy/genesect.png
17,20043,0,0,0,xy/keldeo-resolute.png
17,20043,0,1,0,xy/right/keldeo-resolute.png
17,20044,0,0,0,xy/scatterbug.png
17,20045,0,0,0,xy/scatterbug.png
17,20046,0,0,0,xy/scatterbug.png
17,20047,0,0,0,xy/scatterbug.png
17,20048,0,0,0,xy/scatterbug.png
17,20049,0,0,0,xy/scatterbug.png
17,20050,0,0,0,xy/scatterbug.png
17,20051,0,0,0,xy/scatterbug.png
17,20052,0,0,0,xy/scatterbug.png
17,20053,0,0,0,xy/scatterbug.png
17,20054,0,0,0,xy/scatterbug.png
17,20055,0,0,0,xy/scatterbug.png
17,20056,0,0,0,xy/scatterbug.png
17,20057,0,0,0,xy/scatterbug.png
17,20058,0,0,0,xy/scatterbug.png
17,20059,0,0,0,xy/scatterbug.png
17,20060,0,0,0,xy/scatterbug.png
17,20061,0,0,0,xy/scatterbug.png
17,20062,0,0,0,xy/scatterbug.png
17,20063,0,0,0,xy/spewpa.png
17,20064,0,0,0,xy/spewpa.png
17,20065,0,0,0,xy/spewpa.png
17,20066,0,0,0,xy/spewpa.png
17,20067,0,0,0,xy/spewpa.png
17,20068,0,0,0,xy/spewpa.png
17,20069,0,0,0,xy/spewpa.png
17,20070,0,0,0,xy/spewpa.png
17,20071,0,0,0,xy/spewpa.png
17,20072,0,0,0,xy/spewpa.png
17,20073,0,0,0,xy/spewpa.png
17,20074,0,0,0,xy/spewpa.png
17,20075,0,0,0,xy/spewpa.png
17,20076,0,0,0,xy/spewpa.png
17,20077,0,0,0,xy/spewpa.png
17,20078,0,0,0,xy/spewpa.png
17,20079,0,0,0,xy/spewpa.png
17,20080,0,0,0,xy/spewpa.png
17,20081,0,0,0,xy/spewpa.png
17,20082,0,0,0,xy/vivillon-polar.png
17,20083,0,0,0,xy/vivillon-tundra.png
17,20084,0,0,0,xy/vivillon-continental.png
17,20085,0,0,0,xy/vivillon-garden.png
17,20086,0,0,0,xy/vivillon-elegant.png
17,20087,0,0,0,xy/vivillon-meadow.png
17,20088,0,0,0,xy/vivillon-modern.png
17,20089,0,0,0,xy/vivillon-marine.png
17,20090,0,0,0,xy/vivillon-archipelago.png
17,20091,0,0,0,xy/vivillon-high-plains.png
17,20092,0,0,0,xy/vivillon-sandstorm.png
17,20093,0,0,0,xy/vivillon-river.png
17,20094,0,0,0,xy/vivillon-monsoon.png
17,20095,0,0,0,xy/vivillon-savanna.png
17,20096,0,0,0,xy/vivillon-sun.png
17,20097,0,0,0,xy/vivillon-ocean.png
17,20098,0,0,0,xy/vivillon-jungle.png
17,20099,0,0,0,xy/vivillon-fancy.png
17,20100,0,0,0,xy/vivillon-poke-ball.png
17,20101,0,0,0,xy/flabebe-yellow.png
17,20102,0,0,0,xy/flabebe-orange.png
17,20103,0,0,0,xy/flabebe-blue.png
17,20104,0,0,0,xy/flabebe-white.png
17,20105,0,0,0,xy/floette-yellow.png
17,20106,0,0,0,xy/floette-orange.png
17,20107,0,0,0,xy/floette-blue.png
17,20108,0,0,0,xy/floette-white.png
17,20109,0,0,0,xy/florges-yellow.png
17,20110,0,0,0,xy/florges-orange.png
17,20111,0,0,0,xy/florges-blue.png
17,20112,0,0,0,xy/florges-white.png
17,20113,0,0,0,xy/furfrou-heart.png
17,20114,0,0,0,xy/furfrou-star.png
17,20115,0,0,0,xy/furfrou-diamond.png
17,20116,0,0,0,xy/furfrou-debutante.png
17,20116,0,1,0,xy/right/furfrou-debutante.png
17,20117,0,0,0,xy/furfrou-matron.png
17,20118,0,0,0,xy/furfrou-dandy.png
17,20119,0,0,0,xy/furfrou-la-reine.png
17,20120,0,0,0,xy/furfrou-kabuki.png
17,20121,0,0,0,xy/furfrou-pharaoh.png
17,20122,0,0,0,xy/xerneas-active.png
18,1,0,0,0,xy/bulbasaur.png
18,2,0,0,0,xy/ivysaur.png
18,3,0,0,0,xy/venusaur.png
18,4,0,0,0,xy/charmander.png
18,5,0,0,0,xy/charmeleon.png
18,6,0,0,0,xy/charizard.png
18,7,0,0,0,xy/squirtle.png
18,8,0,0,0,xy/wartortle.png
18,9,0,0,0,xy/blastoise.png
18,10,0,0,0,xy/caterpie.png
18,11,0,0,0,xy/metapod.png
18,12,0,0,0,xy/butterfree.png
18,13,0,0,0,xy/weedle.png
18,14,0,0,0,xy/kakuna.png
18,15,0,0,0,xy/beedrill.png
18,16,0,0,0,xy/pidgey.png
18,17,0,0,0,xy/pidgeotto.png
18,18,0,0,0,xy/pidgeot.png
18,19,0,0,0,xy/rattata.png
18,20,0,0,0,xy/raticate.png
18,21,0,0,0,xy/spearow.png
18,22,0,0,0,xy/fearow.png
18,23,0,0,0,xy/ekans.png
18,24,0,0,0,xy/arbok.png
18,25,0,0,0,xy/pikachu.png
18,26,0,0,0,xy/raichu.png
18,27,0,0,0,xy/sandshrew.png
18,28,0,0,0,xy/sandslash.png
18,29,0,0,0,xy/nidoran-f.png
18,30,0,0,0,xy/nidorina.png
18,31,0,0,0,xy/nidoqueen.png
18,32,0,0,0,xy/nidoran-m.png
18,33,0,0,0,xy/nidorino.png
18,34,0,0,0,xy/nidoking.png
18,35,0,0,0,xy/clefairy.png
18,35,0,1,0,xy/right/clefairy.png
18,36,0,0,0,xy/clefable.png
18,36,0,1,0,xy/right/clefable.png
18,37,0,0,0,xy/vulpix.png
18,38,0,0,0,xy/ninetales.png
18,39,0,0,0,xy/jigglypuff.png
18,39,0,1,0,xy/right/jigglypuff.png
18,40,0,0,0,xy/wigglytuff.png
18,40,0,1,0,xy/right/wigglytuff.png
18,41,0,0,0,xy/zubat.png
18,42,0,0,0,xy/golbat.png
18,43,0,0,0,xy/oddish.png
18,44,0,0,0,xy/gloom.png
18,45,0,0,0,xy/vileplume.png
18,46,0,0,0,xy/paras.png
18,47,0,0,0,xy/parasect.png
18,48,0,0,0,xy/venonat.png
18,49,0,0,0,xy/venomoth.png
18,50,0,0,0,xy/diglett.png
18,51,0,0,0,xy/dugtrio.png
18,52,0,0,0,xy/meowth.png
18,53,0,0,0,xy/persian.png
18,54,0,0,0,xy/psyduck.png
18,55,0,0,0,xy/golduck.png
18,56,0,0,0,xy/mankey.png
18,57,0,0,0,xy/primeape.png
18,58,0,0,0,xy/growlithe.png
18,59,0,0,0,xy/arcanine.png
18,60,0,0,0,xy/poliwag.png
18,61,0,0,0,xy/poliwhirl.png
18,61,0,1,0,xy/right/poliwhirl.png
18,62,0,0,0,xy/poliwrath.png
18,62,0,1,0,xy/right/poliwrath.png
18,63,0,0,0,xy/abra.png
18,64,0,0,0,xy/kadabra.png
18,65,0,0,0,xy/alakazam.png
18,66,0,0,0,xy/machop.png
18,67,0,0,0,xy/machoke.png
18,68,0,0,0,xy/machamp.png
18,69,0,0,0,xy/bellsprout.png
18,70,0,0,0,xy/weepinbell.png
18,71,0,0,0,xy/victreebel.png
18,72,0,0,0,xy/tentacool.png
18,73,0,0,0,xy/tentacruel.png
18,74,0,0,0,xy/geodude.png
18,75,0,0,0,xy/graveler.png
18,76,0,0,0,xy/golem.png
18,77,0,0,0,xy/ponyta.png
18,78,0,0,0,xy/rapidash.png
18,79,0,0,0,xy/slowpoke.png
18,80,0,0,0,xy/slowbro.png
18,81,0,0,0,xy/magnemite.png
18,82,0,0,0,xy/magneton.png
18,83,0,0,0,xy/farfetch-d.png
18,84,0,0,0,xy/doduo.png
18,85,0,0,0,xy/dodrio.png
18,86,0,0,0,xy/seel.png
18,87,0,0,0,xy/dewgong.png
18,88,0,0,0,xy/grimer.png
18,89,0,0,0,xy/muk.png
18,90,0,0,0,xy/shellder.png
18,91,0,0,0,xy/cloyster.png
18,92,0,0,0,xy/gastly.png
18,93,0,0,0,xy/haunter.png
18,94,0,0,0,xy/gengar.png
18,95,0,0,0,xy/onix.png
18,96,0,0,0,xy/drowzee.png
18,97,0,0,0,xy/hypno.png
18,98,0,0,0,xy/krabby.png
18,99,0,0,0,xy/kingler.png
18,99,0,1,0,xy/right/kingler.png
18,100,0,0,0,xy/voltorb.png
18,101,0,0,0,xy/electrode.png
18,102,0,0,0,xy/exeggcute.png
18,103,0,0,0,xy/exeggutor.png
18,104,0,0,0,xy/cubone.png
18,105,0,0,0,xy/marowak.png
18,106,0,0,0,xy/hitmonlee.png
18,107,0,0,0,xy/hitmonchan.png
18,108,0,0,0,xy/lickitung.png
18,109,0,0,0,xy/koffing.png
18,110,0,0,0,xy/weezing.png
18,111,0,0,0,xy/rhyhorn.png
18,112,0,0,0,xy/rhydon.png
18,113,0,0,0,xy/chansey.png
18,114,0,0,0,xy/tangela.png
18,115,0,0,0,xy/kangaskhan.png
18,116,0,0,0,xy/horsea.png
18,117,0,0,0,xy/seadra.png
18,118,0,0,0,xy/goldeen.png
18,119,0,0,0,xy/seaking.png
18,120,0,0,0,xy/staryu.png
18,121,0,0,0,xy/starmie.png
18,122,0,0,0,xy/mr-mime.png
18,123,0,0,0,xy/scyther.png
18,124,0,0,0,xy/jynx.png
18,125,0,0,0,xy/electabuzz.png
18,126,0,0,0,xy/magmar.png
18,127,0,0,0,xy/pinsir.png
18,128,0,0,0,xy/tauros.png
18,129,0,0,0,xy/magikarp.png
18,130,0,0,0,xy/gyarados.png
18,131,0,0,0,xy/lapras.png
18,132,0,0,0,xy/ditto.png
18,133,0,0,0,xy/eevee.png
18,134,0,0,0,xy/vaporeon.png
18,135,0,0,0,xy/jolteon.png
18,136,0,0,0,xy/flareon.png
18,137,0,0,0,xy/porygon.png
18,138,0,0,0,xy/omanyte.png
18,139,0,0,0,xy/omastar.png
18,140,0,0,0,xy/kabuto.png
18,141,0,0,0,xy/kabutops.png
18,142,0,0,0,xy/aerodactyl.png
18,143,0,0,0,xy/snorlax.png
18,144,0,0,0,xy/articuno.png
18,145,0,0,0,xy/zapdos.png
18,146,0,0,0,xy/moltres.png
18,147,0,0,0,xy/dratini.png
18,148,0,0,0,xy/dragonair.png
18,149,0,0,0,xy/dragonite.png
18,150,0,0,0,xy/mewtwo.png
18,151,0,0,0,xy/mew.png
18,152,0,0,0,xy/chikorita.png
18,153,0,0,0,xy/bayleef.png
18,154,0,0,0,xy/meganium.png
18,155,0,0,0,xy/cyndaquil.png
18,156,0,0,0,xy/quilava.png
18,157,0,0,0,xy/typhlosion.png
18,158,0,0,0,xy/totodile.png
18,159,0,0,0,xy/croconaw.png
18,159,0,1,0,xy/right/croconaw.png
18,160,0,0,0,xy/feraligatr.png
18,161,0,0,0,xy/sentret.png
18,162,0,0,0,xy/furret.png
18,163,0,0,0,xy/hoothoot.png
18,164,0,0,0,xy/noctowl.png
18,165,0,0,0,xy/ledyba.png
18,166,0,0,0,xy/ledian.png
18,167,0,0,0,xy/spinarak.png
18,168,0,0,0,xy/ariados.png
18,169,0,0,0,xy/crobat.png
18,170,0,0,0,xy/chinchou.png
18,171,0,0,0,xy/lanturn.png
18,172,0,0,0,xy/pichu.png
18,173,0,0,0,xy/cleffa.png
18,173,0,1,0,xy/right/cleffa.png
18,174,0,0,0,xy/igglybuff.png
18,174,0,1,0,xy/right/igglybuff.png
18,175,0,0,0,xy/togepi.png
18,176,0,0,0,xy/togetic.png
18,177,0,0,0,xy/natu.png
18,178,0,0,0,xy/xatu.png
18,179,0,0,0,xy/mareep.png
18,180,0,0,0,xy/flaaffy.png
18,181,0,0,0,xy/ampharos.png
18,182,0,0,0,xy/bellossom.png
18,183,0,0,0,xy/marill.png
18,184,0,0,0,xy/azumarill.png
18,185,0,0,0,xy/sudowoodo.png
18,186,0,0,0,xy/politoed.png
18,186,0,1,0,xy/right/politoed.png
18,187,0,0,0,xy/hoppip.png
18,188,0,0,0,xy/skiploom.png
18,189,0,0,0,xy/jumpluff.png
18,190,0,0,0,xy/aipom.png
18,191,0,0,0,xy/sunkern.png
18,192,0,0,0,xy/sunflora.png
18,193,0,0,0,xy/yanma.png
18,194,0,0,0,xy/wooper.png
18,195,0,0,0,xy/quagsire.png
18,196,0,0,0,xy/espeon.png
18,197,0,0,0,xy/umbreon.png
18,198,0,0,0,xy/murkrow.png
18,199,0,0,0,xy/slowking.png
18,200,0,0,0,xy/misdreavus.png
18,201,0,0,0,xy/unown-a.png
18,202,0,0,0,xy/wobbuffet.png
18,203,0,0,0,xy/girafarig.png
18,204,0,0,0,xy/pineco.png
18,205,0,0,0,xy/forretress.png
18,206,0,0,0,xy/dunsparce.png
18,207,0,0,0,xy/gligar.png
18,208,0,0,0,xy/steelix.png
18,209,0,0,0,xy/snubbull.png
18,210,0,0,0,xy/granbull.png
18,211,0,0,0,xy/qwilfish.png
18,212,0,0,0,xy/scizor.png
18,213,0,0,0,xy/shuckle.png
18,214,0,0,0,xy/heracross.png
18,215,0,0,0,xy/sneasel.png
18,215,0,1,0,xy/right/sneasel.png
18,216,0,0,0,xy/teddiursa.png
18,216,0,1,0,xy/right/teddiursa.png
18,217,0,0,0,xy/ursaring.png
18,218,0,0,0,xy/slugma.png
18,219,0,0,0,xy/magcargo.png
18,220,0,0,0,xy/swinub.png
18,221,0,0,0,xy/piloswine.png
18,222,0,0,0,xy/corsola.png
18,223,0,0,0,xy/remoraid.png
18,224,0,0,0,xy/octillery.png
18,225,0,0,0,xy/delibird.png
18,226,0,0,0,xy/mantine.png
18,227,0,0,0,xy/skarmory.png
18,228,0,0,0,xy/houndour.png
18,229,0,0,0,xy/houndoom.png
18,230,0,0,0,xy/kingdra.png
18,231,0,0,0,xy/phanpy.png
18,232,0,0,0,xy/donphan.png
18,233,0,0,0,xy/porygon2.png
18,234,0,0,0,xy/stantler.png
18,235,0,0,0,xy/smeargle.png
18,236,0,0,0,xy/tyrogue.png
18,237,0,0,0,xy/hitmontop.png
18,238,0,0,0,xy/smoochum.png
18,239,0,0,0,xy/elekid.png
18,240,0,0,0,xy/magby.png
18,241,0,0,0,xy/miltank.png
18,242,0,0,0,xy/blissey.png
18,243,0,0,0,xy/raikou.png
18,244,0,0,0,xy/entei.png
18,245,0,0,0,xy/suicune.png
18,246,0,0,0,xy/larvitar.png
18,247,0,0,0,xy/pupitar.png
18,248,0,0,0,xy/tyranitar.png
18,249,0,0,0,xy/lugia.png
18,250,0,0,0,xy/ho-oh.png
18,251,0,0,0,xy/celebi.png
18,252,0,0,0,xy/treecko.png
18,253,0,0,0,xy/grovyle.png
18,254,0,0,0,xy/sceptile.png
18,255,0,0,0,xy/torchic.png
18,256,0,0,0,xy/combusken.png
18,257,0,0,0,xy/blaziken.png
18,258,0,0,0,xy/mudkip.png
18,259,0,0,0,xy/marshtomp.png
18,260,0,0,0,xy/swampert.png
18,261,0,0,0,xy/poochyena.png
18,262,0,0,0,xy/mightyena.png
18,263,0,0,0,xy/zigzagoon.png
18,264,0,0,0,xy/linoone.png
18,265,0,0,0,xy/wurmple.png
18,266,0,0,0,xy/silcoon.png
18,267,0,0,0,xy/beautifly.png
18,268,0,0,0,xy/cascoon.png
18,269,0,0,0,xy/dustox.png
18,270,0,0,0,xy/lotad.png
18,271,0,0,0,xy/lombre.png
18,272,0,0,0,xy/ludicolo.png
18,273,0,0,0,xy/seedot.png
18,274,0,0,0,xy/nuzleaf.png
18,275,0,0,0,xy/shiftry.png
18,276,0,0,0,xy/taillow.png
18,277,0,0,0,xy/swellow.png
18,278,0,0,0,xy/wingull.png
18,279,0,0,0,xy/pelipper.png
18,280,0,0,0,xy/ralts.png
18,281,0,0,0,xy/kirlia.png
18,282,0,0,0,xy/gardevoir.png
18,283,0,0,0,xy/surskit.png
18,284,0,0,0,xy/masquerain.png
18,285,0,0,0,xy/shroomish.png
18,286,0,0,0,xy/breloom.png
18,287,0,0,0,xy/slakoth.png
18,288,0,0,0,xy/vigoroth.png
18,289,0,0,0,xy/slaking.png
18,290,0,0,0,xy/nincada.png
18,291,0,0,0,xy/ninjask.png
18,292,0,0,0,xy/shedinja.png
18,293,0,0,0,xy/whismur.png
18,294,0,0,0,xy/loudred.png
18,295,0,0,0,xy/exploud.png
18,296,0,0,0,xy/makuhita.png
18,297,0,0,0,xy/hariyama.png
18,298,0,0,0,xy/azurill.png
18,299,0,0,0,xy/nosepass.png
18,300,0,0,0,xy/skitty.png
18,301,0,0,0,xy/delcatty.png
18,302,0,0,0,xy/sableye.png
18,303,0,0,0,xy/mawile.png
18,304,0,0,0,xy/aron.png
18,305,0,0,0,xy/lairon.png
18,306,0,0,0,xy/aggron.png
18,307,0,0,0,xy/meditite.png
18,308,0,0,0,xy/medicham.png
18,309,0,0,0,xy/electrike.png
18,310,0,0,0,xy/manectric.png
18,311,0,0,0,xy/plusle.png
18,312,0,0,0,xy/minun.png
18,313,0,0,0,xy/volbeat.png
18,314,0,0,0,xy/illumise.png
18,315,0,0,0,xy/roselia.png
18,315,0,1,0,xy/right/roselia.png
18,316,0,0,0,xy/gulpin.png
18,317,0,0,0,xy/swalot.png
18,318,0,0,0,xy/carvanha.png
18,319,0,0,0,xy/sharpedo.png
18,320,0,0,0,xy/wailmer.png
18,321,0,0,0,xy/wailord.png
18,322,0,0,0,xy/numel.png
18,323,0,0,0,xy/camerupt.png
18,324,0,0,0,xy/torkoal.png
18,325,0,0,0,xy/spoink.png
18,326,0,0,0,xy/grumpig.png
18,327,0,0,0,xy/spinda.png
18,328,0,0,0,xy/trapinch.png
18,329,0,0,0,xy/vibrava.png
18,330,0,0,0,xy/flygon.png
18,331,0,0,0,xy/cacnea.png
18,332,0,0,0,xy/cacturne.png
18,333,0,0,0,xy/swablu.png
18,334,0,0,0,xy/altaria.png
18,335,0,0,0,xy/zangoose.png
18,335,0,1,0,xy/right/zangoose.png
18,336,0,0,0,xy/seviper.png
18,336,0,1,0,xy/right/seviper.png
18,337,0,0,0,xy/lunatone.png
18,338,0,0,0,xy/solrock.png
18,339,0,0,0,xy/barboach.png
18,340,0,0,0,xy/whiscash.png
18,341,0,0,0,xy/corphish.png
18,342,0,0,0,xy/crawdaunt.png
18,343,0,0,0,xy/baltoy.png
18,344,0,0,0,xy/claydol.png
18,345,0,0,0,xy/lileep.png
18,346,0,0,0,xy/cradily.png
18,347,0,0,0,xy/anorith.png
18,348,0,0,0,xy/armaldo.png
18,349,0,0,0,xy/feebas.png
18,350,0,0,0,xy/milotic.png
18,351,0,0,0,xy/castform.png
18,352,0,0,0,xy/kecleon.png
18,353,0,0,0,xy/shuppet.png
18,354,0,0,0,xy/banette.png
18,355,0,0,0,xy/duskull.png
18,356,0,0,0,xy/dusclops.png
18,357,0,0,0,xy/tropius.png
18,358,0,0,0,xy/chimecho.png
18,359,0,0,0,xy/absol.png
18,359,0,1,0,xy/right/absol.png
18,360,0,0,0,xy/wynaut.png
18,361,0,0,0,xy/snorunt.png
18,362,0,0,0,xy/glalie.png
18,363,0,0,0,xy/spheal.png
18,364,0,0,0,xy/sealeo.png
18,365,0,0,0,xy/walrein.png
18,366,0,0,0,xy/clamperl.png
18,367,0,0,0,xy/huntail.png
18,368,0,0,0,xy/gorebyss.png
18,369,0,0,0,xy/relicanth.png
18,370,0,0,0,xy/luvdisc.png
18,371,0,0,0,xy/bagon.png
18,372,0,0,0,xy/shelgon.png
18,373,0,0,0,xy/salamence.png
18,374,0,0,0,xy/beldum.png
18,375,0,0,0,xy/metang.png
18,376,0,0,0,xy/metagross.png
18,377,0,0,0,xy/regirock.png
18,377,0,1,0,xy/right/regirock.png
18,378,0,0,0,xy/regice.png
18,379,0,0,0,xy/registeel.png
18,380,0,0,0,xy/latias.png
18,381,0,0,0,xy/latios.png
18,382,0,0,0,xy/kyogre.png
18,383,0,0,0,xy/groudon.png
18,384,0,0,0,xy/rayquaza.png
18,385,0,0,0,xy/jirachi.png
18,386,0,0,0,xy/deoxys-normal.png
18,387,0,0,0,xy/turtwig.png
18,388,0,0,0,xy/grotle.png
18,389,0,0,0,xy/torterra.png
18,389,0,1,0,xy/right/torterra.png
18,390,0,0,0,xy/chimchar.png
18,391,0,0,0,xy/monferno.png
18,392,0,0,0,xy/infernape.png
18,393,0,0,0,xy/piplup.png
18,394,0,0,0,xy/prinplup.png
18,395,0,0,0,xy/empoleon.png
18,396,0,0,0,xy/starly.png
18,397,0,0,0,xy/staravia.png
18,398,0,0,0,xy/staraptor.png
18,399,0,0,0,xy/bidoof.png
18,400,0,0,0,xy/bibarel.png
18,401,0,0,0,xy/kricketot.png
18,402,0,0,0,xy/kricketune.png
18,403,0,0,0,xy/shinx.png
18,404,0,0,0,xy/luxio.png
18,405,0,0,0,xy/luxray.png
18,406,0,0,0,xy/budew.png
18,406,0,1,0,xy/right/budew.png
18,407,0,0,0,xy/roserade.png
18,407,0,1,0,xy/right/roserade.png
18,408,0,0,0,xy/cranidos.png
18,409,0,0,0,xy/rampardos.png
18,410,0,0,0,xy/shieldon.png
18,411,0,0,0,xy/bastiodon.png
18,412,0,0,0,xy/burmy-plant.png
18,413,0,0,0,xy/wormadam-plant.png
18,414,0,0,0,xy/mothim.png
18,415,0,0,0,xy/combee.png
18,416,0,0,0,xy/vespiquen.png
18,417,0,0,0,xy/pachirisu.png
18,418,0,0,0,xy/buizel.png
18,419,0,0,0,xy/floatzel.png
18,420,0,0,0,xy/cherubi.png
18,421,0,0,0,xy/cherrim-overcast.png
18,422,0,0,0,xy/shellos-west.png
18,423,0,0,0,xy/gastrodon-west.png
18,424,0,0,0,xy/ambipom.png
18,425,0,0,0,xy/drifloon.png
18,426,0,0,0,xy/drifblim.png
18,427,0,0,0,xy/buneary.png
18,428,0,0,0,xy/lopunny.png
18,429,0,0,0,xy/mismagius.png
18,430,0,0,0,xy/honchkrow.png
18,431,0,0,0,xy/glameow.png
18,432,0,0,0,xy/purugly.png
18,433,0,0,0,xy/chingling.png
18,434,0,0,0,xy/stunky.png
18,435,0,0,0,xy/skuntank.png
18,436,0,0,0,xy/bronzor.png
18,437,0,0,0,xy/bronzong.png
18,438,0,0,0,xy/bonsly.png
18,439,0,0,0,xy/mime-jr.png
18,440,0,0,0,xy/happiny.png
18,441,0,0,0,xy/chatot.png
18,442,0,0,0,xy/spiritomb.png
18,443,0,0,0,xy/gible.png
18,444,0,0,0,xy/gabite.png
18,445,0,0,0,xy/garchomp.png
18,446,0,0,0,xy/munchlax.png
18,447,0,0,0,xy/riolu.png
18,448,0,0,0,xy/lucario.png
18,449,0,0,0,xy/hippopotas.png
18,450,0,0,0,xy/hippowdon.png
18,451,0,0,0,xy/skorupi.png
18,452,0,0,0,xy/drapion.png
18,453,0,0,0,xy/croagunk.png
18,454,0,0,0,xy/toxicroak.png
18,455,0,0,0,xy/carnivine.png
18,456,0,0,0,xy/finneon.png
18,457,0,0,0,xy/lumineon.png
18,458,0,0,0,xy/mantyke.png
18,459,0,0,0,xy/snover.png
18,460,0,0,0,xy/abomasnow.png
18,461,0,0,0,xy/weavile.png
18,462,0,0,0,xy/magnezone.png
18,463,0,0,0,xy/lickilicky.png
18,464,0,0,0,xy/rhyperior.png
18,465,0,0,0,xy/tangrowth.png
18,466,0,0,0,xy/electivire.png
18,467,0,0,0,xy/magmortar.png
18,467,0,1,0,xy/right/magmortar.png
18,468,0,0,0,xy/togekiss.png
18,468,0,1,0,xy/right/togekiss.png
18,469,0,0,0,xy/yanmega.png
18,470,0,0,0,xy/leafeon.png
18,471,0,0,0,xy/glaceon.png
18,472,0,0,0,xy/gliscor.png
18,473,0,0,0,xy/mamoswine.png
18,474,0,0,0,xy/porygon-z.png
18,475,0,0,0,xy/gallade.png
18,476,0,0,0,xy/probopass.png
18,477,0,0,0,xy/dusknoir.png
18,478,0,0,0,xy/froslass.png
18,479,0,0,0,xy/rotom.png
18,480,0,0,0,xy/uxie.png
18,481,0,0,0,xy/mesprit.png
18,482,0,0,0,xy/azelf.png
18,483,0,0,0,xy/dialga.png
18,484,0,0,0,xy/palkia.png
18,485,0,0,0,xy/heatran.png
18,486,0,0,0,xy/regigigas.png
18,487,0,0,0,xy/giratina-altered.png
18,488,0,0,0,xy/cresselia.png
18,489,0,0,0,xy/phione.png
18,490,0,0,0,xy/manaphy.png
18,491,0,0,0,xy/darkrai.png
18,492,0,0,0,xy/shaymin-land.png
18,493,0,0,0,xy/arceus.png
18,494,0,0,0,xy/victini.png
18,495,0,0,0,xy/snivy.png
18,496,0,0,0,xy/servine.png
18,497,0,0,0,xy/serperior.png
18,498,0,0,0,xy/tepig.png
18,499,0,0,0,xy/pignite.png
18,500,0,0,0,xy/emboar.png
18,500,0,1,0,xy/right/emboar.png
18,501,0,0,0,xy/oshawott.png
18,502,0,0,0,xy/dewott.png
18,503,0,0,0,xy/samurott.png
18,504,0,0,0,xy/patrat.png
18,505,0,0,0,xy/watchog.png
18,506,0,0,0,xy/lillipup.png
18,507,0,0,0,xy/herdier.png
18,508,0,0,0,xy/stoutland.png
18,509,0,0,0,xy/purrloin.png
18,510,0,0,0,xy/liepard.png
18,511,0,0,0,xy/pansage.png
18,512,0,0,0,xy/simisage.png
18,513,0,0,0,xy/pansear.png
18,513,0,1,0,xy/right/pansear.png
18,514,0,0,0,xy/simisear.png
18,514,0,1,0,xy/right/simisear.png
18,515,0,0,0,xy/panpour.png
18,516,0,0,0,xy/simipour.png
18,517,0,0,0,xy/munna.png
18,518,0,0,0,xy/musharna.png
18,519,0,0,0,xy/pidove.png
18,520,0,0,0,xy/tranquill.png
18,521,0,0,0,xy/unfezant-male.png
18,521,1,0,0,xy/unfezant-female.png
18,522,0,0,0,xy/blitzle.png
18,523,0,0,0,xy/zebstrika.png
18,524,0,0,0,xy/roggenrola.png
18,525,0,0,0,xy/boldore.png
18,526,0,0,0,xy/gigalith.png
18,527,0,0,0,xy/woobat.png
18,528,0,0,0,xy/swoobat.png
18,529,0,0,0,xy/drilbur.png
18,529,0,1,0,xy/right/drilbur.png
18,530,0,0,0,xy/excadrill.png
18,530,0,1,0,xy/right/excadrill.png
18,531,0,0,0,xy/audino.png
18,532,0,0,0,xy/timburr.png
18,533,0,0,0,xy/gurdurr.png
18,534,0,0,0,xy/conkeldurr.png
18,535,0,0,0,xy/tympole.png
18,536,0,0,0,xy/palpitoad.png
18,537,0,0,0,xy/seismitoad.png
18,538,0,0,0,xy/throh.png
18,539,0,0,0,xy/sawk.png
18,539,0,1,0,xy/right/sawk.png
18,540,0,0,0,xy/sewaddle.png
18,541,0,0,0,xy/swadloon.png
18,542,0,0,0,xy/leavanny.png
18,543,0,0,0,xy/venipede.png
18,544,0,0,0,xy/whirlipede.png
18,545,0,0,0,xy/scolipede.png
18,546,0,0,0,xy/cottonee.png
18,547,0,0,0,xy/whimsicott.png
18,548,0,0,0,xy/petilil.png
18,549,0,0,0,xy/lilligant.png
18,549,0,1,0,xy/right/lilligant.png
18,550,0,0,0,xy/basculin-red.png
18,551,0,0,0,xy/sandile.png
18,552,0,0,0,xy/krokorok.png
18,553,0,0,0,xy/krookodile.png
18,554,0,0,0,xy/darumaka.png
18,555,0,0,0,xy/darmanitan-standard.png
18,556,0,0,0,xy/maractus.png
18,557,0,0,0,xy/dwebble.png
18,558,0,0,0,xy/crustle.png
18,559,0,0,0,xy/scraggy.png
18,560,0,0,0,xy/scrafty.png
18,561,0,0,0,xy/sigilyph.png
18,562,0,0,0,xy/yamask.png
18,563,0,0,0,xy/cofagrigus.png
18,564,0,0,0,xy/tirtouga.png
18,565,0,0,0,xy/carracosta.png
18,566,0,0,0,xy/archen.png
18,567,0,0,0,xy/archeops.png
18,568,0,0,0,xy/trubbish.png
18,569,0,0,0,xy/garbodor.png
18,569,0,1,0,xy/right/garbodor.png
18,570,0,0,0,xy/zorua.png
18,571,0,0,0,xy/zoroark.png
18,572,0,0,0,xy/minccino.png
18,573,0,0,0,xy/cinccino.png
18,574,0,0,0,xy/gothita.png
18,575,0,0,0,xy/gothorita.png
18,576,0,0,0,xy/gothitelle.png
18,577,0,0,0,xy/solosis.png
18,577,0,1,0,xy/right/solosis.png
18,578,0,0,0,xy/duosion.png
18,579,0,0,0,xy/reuniclus.png
18,580,0,0,0,xy/ducklett.png
18,581,0,0,0,xy/swanna.png
18,582,0,0,0,xy/vanillite.png
18,583,0,0,0,xy/vanillish.png
18,584,0,0,0,xy/vanilluxe.png
18,584,0,1,0,xy/right/vanilluxe.png
18,585,0,0,0,xy/deerling-spring.png
18,586,0,0,0,xy/sawsbuck-spring.png
18,587,0,0,0,xy/emolga.png
18,588,0,0,0,xy/karrablast.png
18,589,0,0,0,xy/escavalier.png
18,590,0,0,0,xy/foongus.png
18,591,0,0,0,xy/amoonguss.png
18,591,0,1,0,xy/right/amoonguss.png
18,592,0,0,0,xy/frillish-male.png
18,592,1,0,0,xy/frillish-female.png
18,593,0,0,0,xy/jellicent-male.png
18,593,1,0,0,xy/jellicent-female.png
18,594,0,0,0,xy/alomomola.png
18,595,0,0,0,xy/joltik.png
18,596,0,0,0,xy/galvantula.png
18,597,0,0,0,xy/ferroseed.png
18,598,0,0,0,xy/ferrothorn.png
18,599,0,0,0,xy/klink.png
18,599,0,1,0,xy/right/klink.png
18,600,0,0,0,xy/klang.png
18,600,0,1,0,xy/right/klang.png
18,601,0,0,0,xy/klinklang.png
18,601,0,1,0,xy/right/klinklang.png
18,602,0,0,0,xy/tynamo.png
18,603,0,0,0,xy/eelektrik.png
18,604,0,0,0,xy/eelektross.png
18,605,0,0,0,xy/elgyem.png
18,606,0,0,0,xy/beheeyem.png
18,607,0,0,0,xy/litwick.png
18,607,0,1,0,xy/right/litwick.png
18,608,0,0,0,xy/lampent.png
18,609,0,0,0,xy/chandelure.png
18,610,0,0,0,xy/axew.png
18,611,0,0,0,xy/fraxure.png
18,612,0,0,0,xy/haxorus.png
18,613,0,0,0,xy/cubchoo.png
18,614,0,0,0,xy/beartic.png
18,615,0,0,0,xy/cryogonal.png
18,616,0,0,0,xy/shelmet.png
18,617,0,0,0,xy/accelgor.png
18,618,0,0,0,xy/stunfisk.png
18,619,0,0,0,xy/mienfoo.png
18,620,0,0,0,xy/mienshao.png
18,621,0,0,0,xy/druddigon.png
18,622,0,0,0,xy/golett.png
18,622,0,1,0,xy/right/golett.png
18,623,0,0,0,xy/golurk.png
18,623,0,1,0,xy/right/golurk.png
18,624,0,0,0,xy/pawniard.png
18,625,0,0,0,xy/bisharp.png
18,626,0,0,0,xy/bouffalant.png
18,627,0,0,0,xy/rufflet.png
18,628,0,0,0,xy/braviary.png
18,629,0,0,0,xy/vullaby.png
18,630,0,0,0,xy/mandibuzz.png
18,631,0,0,0,xy/heatmor.png
18,632,0,0,0,xy/durant.png
18,633,0,0,0,xy/deino.png
18,634,0,0,0,xy/zweilous.png
18,635,0,0,0,xy/hydreigon.png
18,636,0,0,0,xy/larvesta.png
18,637,0,0,0,xy/volcarona.png
18,638,0,0,0,xy/cobalion.png
18,639,0,0,0,xy/terrakion.png
18,640,0,0,0,xy/virizion.png
18,641,0,0,0,xy/tornadus-incarnate.png
18,642,0,0,0,xy/thundurus-incarnate.png
18,643,0,0,0,xy/reshiram.png
18,644,0,0,0,xy/zekrom.png
18,645,0,0,0,xy/landorus-incarnate.png
18,646,0,0,0,xy/kyurem.png
18,646,0,1,0,xy/right/kyurem.png
18,647,0,0,0,xy/keldeo-ordinary.png
18,648,0,0,0,xy/meloetta-aria.png
18,648,0,1,0,xy/right/meloetta-aria.png
18,649,0,0,0,xy/genesect.png
18,650,0,0,0,xy/chespin.png
18,651,0,0,0,xy/quilladin.png
18,652,0,0,0,xy/chesnaught.png
18,653,0,0,0,xy/fennekin.png
18,654,0,0,0,xy/braixen.png
18,655,0,0,0,xy/delphox.png
18,656,0,0,0,xy/froakie.png
18,657,0,0,0,xy/frogadier.png
18,658,0,0,0,xy/greninja.png
18,658,0,1,0,xy/right/greninja.png
18,659,0,0,0,xy/bunnelby.png
18,660,0,0,0,xy/diggersby.png
18,661,0,0,0,xy/fletchling.png
18,662,0,0,0,xy/fletchinder.png
18,663,0,0,0,xy/talonflame.png
18,664,0,0,0,xy/scatterbug.png
18,665,0,0,0,xy/spewpa.png
18,666,0,0,0,xy/vivillon-icy-snow.png
18,667,0,0,0,xy/litleo.png
18,668,0,0,0,xy/pyroar-male.png
18,668,1,0,0,xy/pyroar-female.png
18,669,0,0,0,xy/flabebe-red.png
18,670,0,0,0,xy/floette-red.png
18,671,0,0,0,xy/florges-red.png
18,672,0,0,0,xy/skiddo.png
18,673,0,0,0,xy/gogoat.png
18,674,0,0,0,xy/pancham.png
18,675,0,0,0,xy/pangoro.png
18,676,0,0,0,xy/furfrou-natural.png
18,677,0,0,0,xy/espurr.png
18,678,0,0,0,xy/meowstic-male.png
18,679,0,0,0,xy/honedge.png
18,680,0,0,0,xy/doublade.png
18,681,0,0,0,xy/aegislash-shield.png
18,682,0,0,0,xy/spritzee.png
18,683,0,0,0,xy/aromatisse.png
18,684,0,0,0,xy/swirlix.png
18,685,0,0,0,xy/slurpuff.png
18,686,0,0,0,xy/inkay.png
18,687,0,0,0,xy/malamar.png
18,688,0,0,0,xy/binacle.png
18,689,0,0,0,xy/barbaracle.png
18,689,0,1,0,xy/right/barbaracle.png
18,690,0,0,0,xy/skrelp.png
18,691,0,0,0,xy/dragalge.png
18,692,0,0,0,xy/clauncher.png
18,692,0,1,0,xy/right/clauncher.png
18,693,0,0,0,xy/clawitzer.png
18,693,0,1,0,xy/right/clawitzer.png
18,694,0,0,0,xy/helioptile.png
18,695,0,0,0,xy/heliolisk.png
18,696,0,0,0,xy/tyrunt.png
18,697,0,0,0,xy/tyrantrum.png
18,698,0,0,0,xy/amaura.png
18,699,0,0,0,xy/aurorus.png
18,700,0,0,0,xy/sylveon.png
18,700,0,1,0,xy/right/sylveon.png
18,701,0,0,0,xy/hawlucha.png
18,702,0,0,0,xy/dedenne.png
18,703,0,0,0,xy/carbink.png
18,704,0,0,0,xy/goomy.png
18,705,0,0,0,xy/sliggoo.png
18,706,0,0,0,xy/goodra.png
18,707,0,0,0,xy/klefki.png
18,707,0,1,0,xy/right/klefki.png
18,708,0,0,0,xy/phantump.png
18,709,0,0,0,xy/trevenant.png
18,710,0,0,0,xy/pumpkaboo.png
18,711,0,0,0,xy/gourgeist.png
18,712,0,0,0,xy/bergmite.png
18,713,0,0,0,xy/avalugg.png
18,714,0,0,0,xy/noibat.png
18,715,0,0,0,xy/noivern.png
18,716,0,0,0,xy/xerneas-neutral.png
18,717,0,0,0,xy/yveltal.png
18,718,0,0,0,xy/zygarde-50.png
18,718,0,1,0,xy/right/zygarde-50.png
18,719,0,0,0,xy/diancie.png
18,720,0,0,0,xy/hoopa-confined.png
18,721,0,0,0,xy/volcanion.png
18,10001,0,0,0,xy/castform-sunny.png
18,10002,0,0,0,xy/castform-rainy.png
18,10003,0,0,0,xy/castform-snowy.png
18,10003,0,1,0,xy/right/castform-snowy.png
18,10004,0,0,0,xy/deoxys-attack.png
18,10005,0,0,0,xy/deoxys-defense.png
18,10006,0,0,0,xy/deoxys-speed.png
18,10007,0,0,0,xy/wormadam-sandy.png
18,10008,0,0,0,xy/wormadam-trash.png
18,10009,0,0,0,xy/arceus.png
18,10010,0,0,0,xy/arceus.png
18,10011,0,0,0,xy/arceus.png
18,10012,0,0,0,xy/arceus.png
18,10013,0,0,0,xy/arceus.png
18,10014,0,0,0,xy/arceus.png
18,10015,0,0,0,xy/arceus.png
18,10016,0,0,0,xy/arceus.png
18,10017,0,0,0,xy/arceus.png
18,10018,0,0,0,xy/arceus.png
18,10019,0,0,0,xy/arceus.png
18,10020,0,0,0,xy/arceus.png
18,10021,0,0,0,xy/arceus.png
18,10022,0,0,0,xy/arceus.png
18,10023,0,0,0,xy/arceus.png
18,10024,0,0,0,xy/arceus.png
18,10025,0,0,0,xy/rotom-heat.png
18,10026,0,0,0,xy/rotom-wash.png
18,10026,0,1,0,xy/right/rotom-wash.png
18,10027,0,0,0,xy/rotom-frost.png
18,10028,0,0,0,xy/rotom-fan.png
18,10029,0,0,0,xy/rotom-mow.png
18,10030,0,0,0,xy/giratina-origin.png
18,10031,0,0,0,xy/shaymin-sky.png
18,10031,0,1,0,xy/right/shaymin-sky.png
18,10033,0,0,0,xy/basculin-blue.png
18,10034,0,0,0,xy/darmanitan-zen.png
18,10035,0,0,0,xy/meloetta-pirouette.png
18,10036,0,0,0,xy/tornadus-therian.png
18,10037,0,0,0,xy/thundurus-therian.png
18,10038,0,0,0,xy/landorus-therian.png
18,10039,0,0,0,xy/kyurem-white.png
18,10039,0,1,0,xy/right/kyurem-white.png
18,10040,0,0,0,xy/kyurem-black.png
18,10040,0,1,0,xy/right/kyurem-black.png
18,10041,0,0,0,xy/venusaur-mega.png
18,10042,0,0,0,xy/charizard-mega-x.png
18,10043,0,0,0,xy/charizard-mega-y.png
18,10044,0,0,0,xy/blastoise-mega.png
18,10045,0,0,0,xy/alakazam-mega.png
18,10046,0,0,0,xy/gengar-mega.png
18,10047,0,0,0,xy/kangaskhan-mega.png
18,10048,0,0,0,xy/pinsir-mega.png
18,10049,0,0,0,xy/gyarados-mega.png
18,10050,0,0,0,xy/aerodactyl-mega.png
18,10051,0,0,0,xy/mewtwo-mega-x.png
18,10052,0,0,0,xy/mewtwo-mega-y.png
18,10053,0,0,0,xy/ampharos-mega.png
18,10054,0,0,0,xy/scizor-mega.png
18,10055,0,0,0,xy/heracross-mega.png
18,10056,0,0,0,xy/houndoom-mega.png
18,10057,0,0,0,xy/tyranitar-mega.png
18,10058,0,0,0,xy/blaziken-mega.png
18,10059,0,0,0,xy/gardevoir-mega.png
18,10060,0,0,0,xy/mawile-mega.png
18,10061,0,0,0,xy/aggron-mega.png
18,10062,0,0,0,xy/medicham-mega.png
18,10063,0,0,0,xy/manectric-mega.png
18,10064,0,0,0,xy/banette-mega.png
18,10065,0,0,0,xy/absol-mega.png
18,10065,0,1,0,xy/right/absol-mega.png
18,10066,0,0,0,xy/latias-mega.png
18,10067,0,0,0,xy/latios-mega.png
18,10068,0,0,0,xy/garchomp-mega.png
18,10069,0,0,0,xy/lucario-mega.png
18,10070,0,0,0,xy/abomasnow-mega.png
18,10071,0,0,0,xy/arceus.png
18,10072,0,0,0,xy/floette-eternal.png
18,10073,0,0,0,xy/meowstic-female.png
18,10074,0,0,0,xy/aegislash-blade.png
18,10075,0,0,0,xy/pumpkaboo.png
18,10076,0,0,0,xy/pumpkaboo.png
18,10077,0,0,0,xy/pumpkaboo.png
18,10078,0,0,0,xy/gourgeist.png
18,10079,0,0,0,xy/gourgeist.png
18,10080,0,0,0,xy/gourgeist.png
18,10081,0,0,0,xy/beedrill-mega.png
18,10082,0,0,0,xy/pidgeot-mega.png
18,10083,0,0,0,xy/pikachu-cosplay-rock-star.png
18,10084,0,0,0,xy/pikachu-cosplay-belle.png
18,10084,0,1,0,xy/right/pikachu-cosplay-belle.png
18,10085,0,0,0,xy/pikachu-cosplay-pop-star.png
18,10085,0,1,0,xy/right/pikachu-cosplay-pop-star.png
18,10086,0,0,0,xy/pikachu-cosplay-ph-d.png
18,10087,0,0,0,xy/pikachu-cosplay-libre.png
18,10088,0,0,0,xy/pikachu-cosplay.png
18,10089,0,0,0,xy/slowbro-mega.png
18,10090,0,0,0,xy/steelix-mega.png
18,10091,0,0,0,xy/sceptile-mega.png
18,10092,0,0,0,xy/swampert-mega.png
18,10093,0,0,0,xy/sableye-mega.png
18,10094,0,0,0,xy/sharpedo-mega.png
18,10095,0,0,0,xy/camerupt-mega.png
18,10096,0,0,0,xy/altaria-mega.png
18,10097,0,0,0,xy/glalie-mega.png
18,10098,0,0,0,xy/salamence-mega.png
18,10099,0,0,0,xy/metagross-mega.png
18,10100,0,0,0,xy/kyogre-primal.png
18,10101,0,0,0,xy/groudon-primal.png
18,10102,0,0,0,xy/rayquaza-mega.png
18,10103,0,0,0,xy/lopunny-mega.png
18,10104,0,0,0,xy/gallade-mega.png
18,10105,0,0,0,xy/audino-mega.png
18,10106,0,0,0,xy/diancie-mega.png
18,10107,0,0,0,xy/hoopa-unbound.png
18,20001,0,0,0,xy/unown-b.png
18,20001,0,1,0,xy/right/unown-b.png
18,20002,0,0,0,xy/unown-c.png
18,20002,0,1,0,xy/right/unown-c.png
18,20003,0,0,0,xy/unown-d.png
18,20003,0,1,0,xy/right/unown-d.png
18,20004,0,0,0,xy/unown-e.png
18,20004,0,1,0,xy/right/unown-e.png
18,20005,0,0,0,xy/unown-f.png
18,20005,0,1,0,xy/right/unown-f.png
18,20006,0,0,0,xy/unown-g.png
18,20006,0,1,0,xy/right/unown-g.png
18,20007,0,0,0,xy/unown-h.png
18,20007,0,1,0,xy/right/unown-h.png
18,20008,0,0,0,xy/unown-i.png
18,20009,0,0,0,xy/unown-j.png
18,20009,0,1,0,xy/right/unown-j.png
18,20010,0,0,0,xy/unown-k.png
18,20010,0,1,0,xy/right/unown-k.png
18,20011,0,0,0,xy/unown-l.png
18,20011,0,1,0,xy/right/unown-l.png
18,20012,0,0,0,xy/unown-m.png
18,20012,0,1,0,xy/right/unown-m.png
18,20013,0,0,0,xy/unown-n.png
18,20013,0,1,0,xy/right/unown-n.png
18,20014,0,0,0,xy/unown-o.png
18,20015,0,0,0,xy/unown-p.png
18,20015,0,1,0,xy/right/unown-p.png
18,20016,0,0,0,xy/unown-q.png
18,20016,0,1,0,xy/right/unown-q.png
18,20017,0,0,0,xy/unown-r.png
18,20017,0,1,0,xy/right/unown-r.png
18,20018,0,0,0,xy/unown-s.png
18,20018,0,1,0,xy/right/unown-s.png
18,20019,0,0,0,xy/unown-t.png
18,20019,0,1,0,xy/right/unown-t.png
18,20020,0,0,0,xy/unown-u.png
18,20021,0,0,0,xy/unown-v.png
18,20021,0,1,0,xy/right/unown-v.png
18,20022,0,0,0,xy/unown-w.png
18,20023,0,0,0,xy/unown-x.png
18,20024,0,0,0,xy/unown-y.png
18,20025,0,0,0,xy/unown-z.png
18,20025,0,1,0,xy/right/unown-z.png
18,20026,0,0,0,xy/unown-exclamation.png
18,20027,0,0,0,xy/unown-question.png
18,20027,0,1,0,xy/right/unown-question.png
18,20028,0,0,0,xy/burmy-sandy.png
18,20029,0,0,0,xy/burmy-trash.png
18,20030,0,0,0,xy/cherrim-sunshine.png
18,20031,0,0,0,xy/shellos-east.png
18,20032,0,0,0,xy/gastrodon-east.png
18,20033,0,0,0,xy/deerling-summer.png
18,20034,0,0,0,xy/deerling-autumn.png
18,20035,0,0,0,xy/deerling-winter.png
18,20036,0,0,0,xy/sawsbuck-summer.png
18,20037,0,0,0,xy/sawsbuck-autumn.png
18,20038,0,0,0,xy/sawsbuck-winter.png
18,20039,0,0,0,xy/genesect.png
18,20040,0,0,0,xy/genesect.png
18,20041,0,0,0,xy/genesect.png
18,20042,0,0,0,xy/genesect.png
18,20043,0,0,0,xy/keldeo-resolute.png
18,20043,0,1,0,xy/right/keldeo-resolute.png
18,20044,0,0,0,xy/scatterbug.png
18,20045,0,0,0,xy/scatterbug.png
18,20046,0,0,0,xy/scatterbug.png
18,20047,0,0,0,xy/scatterbug.png
18,20048,0,0,0,xy/scatterbug.png
18,20049,0,0,0,xy/scatterbug.png
18,20050,0,0,0,xy/scatterbug.png
18,20051,0,0,0,xy/scatterbug.png
18,20052,0,0,0,xy/scatterbug.png
18,20053,0,0,0,xy/scatterbug.png
18,20054,0,0,0,xy/scatterbug.png
18,20055,0,0,0,xy/scatterbug.png
18,20056,0,0,0,xy/scatterbug.png
18,20057,0,0,0,xy/scatterbug.png
18,20058,0,0,0,xy/scatterbug.png
18,20059,0,0,0,xy/scatterbug.png
18,20060,0,0,0,xy/scatterbug.png
18,20061,0,0,0,xy/scatterbug.png
18,20062,0,0,0,xy/scatterbug.png
18,20063,0,0,0,xy/spewpa.png
18,20064,0,0,0,xy/spewpa.png
18,20065,0,0,0,xy/spewpa.png
18,20066,0,0,0,xy/spewpa.png
18,20067,0,0,0,xy/spewpa.png
18,20068,0,0,0,xy/spewpa.png
18,20069,0,0,0,xy/spewpa.png
18,20070,0,0,0,xy/spewpa.png
18,20071,0,0,0,xy/spewpa.png
18,20072,0,0,0,xy/spewpa.png
18,20073,0,0,0,xy/spewpa.png
18,20074,0,0,0,xy/spewpa.png
18,20075,0,0,0,xy/spewpa.png
18,20076,0,0,0,xy/spewpa.png
18,20077,0,0,0,xy/spewpa.png
18,20078,0,0,0,xy/spewpa.png
18,20079,0,0,0,xy/spewpa.png
18,20080,0,0,0,xy/spewpa.png
18,20081,0,0,0,xy/spewpa.png
18,20082,0,0,0,xy/vivillon-polar.png
18,20083,0,0,0,xy/vivillon-tundra.png
18,20084,0,0,0,xy/vivillon-continental.png
18,20085,0,0,0,xy/vivillon-garden.png
18,20086,0,0,0,xy/vivillon-elegant.png
18,20087,0,0,0,xy/vivillon-meadow.png
18,20088,0,0,0,xy/vivillon-modern.png
18,20089,0,0,0,xy/vivillon-marine.png
18,20090,0,0,0,xy/vivillon-archipelago.png
18,20091,0,0,0,xy/vivillon-high-plains.png
18,20092,0,0,0,xy/vivillon-sandstorm.png
18,20093,0,0,0,xy/vivillon-river.png
18,20094,0,0,0,xy/vivillon-monsoon.png
18,20095,0,0,0,xy/vivillon-savanna.png
18,20096,0,0,0,xy/vivillon-sun.png
18,20097,0,0,0,xy/vivillon-ocean.png
18,20098,0,0,0,xy/vivillon-jungle.png
18,20099,0,0,0,xy/vivillon-fancy.png
18,20100,0,0,0,xy/vivillon-poke-ball.png
18,20101,0,0,0,xy/flabebe-yellow.png
18,20102,0,0,0,xy/flabebe-orange.png
18,20103,0,0,0,xy/flabebe-blue.png
18,20104,0,0,0,xy/flabebe-white.png
18,20105,0,0,0,xy/floette-yellow.png
18,20106,0,0,0,xy/floette-orange.png
18,20107,0,0,0,xy/floette-blue.png
18,20108,0,0,0,xy/floette-white.png
18,20109,0,0,0,xy/florges-yellow.png
18,20110,0,0,0,xy/florges-orange.png
18,20111,0,0,0,xy/florges-blue.png
18,20112,0,0,0,xy/florges-white.png
18,20113,0,0,0,xy/furfrou-heart.png
18,20114,0,0,0,xy/furfrou-star.png
18,20115,0,0,0,xy/furfrou-diamond.png
18,20116,0,0,0,xy/furfrou-debutante.png
18,20116,0,1,0,xy/right/furfrou-debutante.png
18,20117,0,0,0,xy/furfrou-matron.png
18,20118,0,0,0,xy/furfrou-dandy.png
18,20119,0,0,0,xy/furfrou-la-reine.png
18,20120,0,0,0,xy/furfrou-kabuki.png
18,20121,0,0,0,xy/furfrou-pharaoh.png
18,20122,0,0,0,xy/xerneas-active.png
19,1,0,0,0,xy/bulbasaur.png
19,2,0,0,0,xy/ivysaur.png
19,3,0,0,0,xy/venusaur.png
19,4,0,0,0,xy/charmander.png
19,5,0,0,0,xy/charmeleon.png
19,6,0,0,0,xy/charizard.png
19,7,0,0,0,xy/squirtle.png
19,8,0,0,0,xy/wartortle.png
19,9,0,0,0,xy/blastoise.png
19,10,0,0,0,xy/caterpie.png
19,11,0,0,0,xy/metapod.png
19,12,0,0,0,xy/butterfree.png
19,13,0,0,0,xy/weedle.png
19,14,0,0,0,xy/kakuna.png
19,15,0,0,0,xy/beedrill.png
19,16,0,0,0,xy/pidgey.png
19,17,0,0,0,xy/pidgeotto.png
19,18,0,0,0,xy/pidgeot.png
19,19,0,0,0,xy/rattata.png
19,20,0,0,0,xy/raticate.png
19,21,0,0,0,xy/spearow.png
19,22,0,0,0,xy/fearow.png
19,23,0,0,0,xy/ekans.png
19,24,0,0,0,xy/arbok.png
19,25,0,0,0,xy/pikachu.png
19,26,0,0,0,xy/raichu.png
19,27,0,0,0,xy/sandshrew.png
19,28,0,0,0,xy/sandslash.png
19,29,0,0,0,xy/nidoran-f.png
19,30,0,0,0,xy/nidorina.png
19,31,0,0,0,xy/nidoqueen.png
19,32,0,0,0,xy/nidoran-m.png
19,33,0,0,0,xy/nidorino.png
19,34,0,0,0,xy/nidoking.png
19,35,0,0,0,xy/clefairy.png
19,35,0,1,0,xy/right/clefairy.png
19,36,0,0,0,xy/clefable.png
19,36,0,1,0,xy/right/clefable.png
19,37,0,0,0,xy/vulpix.png
19,38,0,0,0,xy/ninetales.png
19,39,0,0,0,xy/jigglypuff.png
19,39,0,1,0,xy/right/jigglypuff.png
19,40,0,0,0,xy/wigglytuff.png
19,40,0,1,0,xy/right/wigglytuff.png
19,41,0,0,0,xy/zubat.png
19,42,0,0,0,xy/golbat.png
19,43,0,0,0,xy/oddish.png
19,44,0,0,0,xy/gloom.png
19,45,0,0,0,xy/vileplume.png
19,46,0,0,0,xy/paras.png
19,47,0,0,0,xy/parasect.png
19,48,0,0,0,xy/venonat.png
19,49,0,0,0,xy/venomoth.png
19,50,0,0,0,xy/diglett.png
19,51,0,0,0,xy/dugtrio.png
19,52,0,0,0,xy/meowth.png
19,53,0,0,0,xy/persian.png
19,54,0,0,0,xy/psyduck.png
19,55,0,0,0,xy/golduck.png
19,56,0,0,0,xy/mankey.png
19,57,0,0,0,xy/primeape.png
19,58,0,0,0,xy/growlithe.png
19,59,0,0,0,xy/arcanine.png
19,60,0,0,0,xy/poliwag.png
19,61,0,0,0,xy/poliwhirl.png
19,61,0,1,0,xy/right/poliwhirl.png
19,62,0,0,0,xy/poliwrath.png
19,62,0,1,0,xy/right/poliwrath.png
19,63,0,0,0,xy/abra.png
19,64,0,0,0,xy/kadabra.png
19,65,0,0,0,xy/alakazam.png
19,66,0,0,0,xy/machop.png
19,67,0,0,0,xy/machoke.png
19,68,0,0,0,xy/machamp.png
19,69,0,0,0,xy/bellsprout.png
19,70,0,0,0,xy/weepinbell.png
19,71,0,0,0,xy/victreebel.png
19,72,0,0,0,xy/tentacool.png
19,73,0,0,0,xy/tentacruel.png
19,74,0,0,0,xy/geodude.png
19,75,0,0,0,xy/graveler.png
19,76,0,0,0,xy/golem.png
19,77,0,0,0,xy/ponyta.png
19,78,0,0,0,xy/rapidash.png
19,79,0,0,0,xy/slowpoke.png
19,80,0,0,0,xy/slowbro.png
19,81,0,0,0,xy/magnemite.png
19,82,0,0,0,xy/magneton.png
19,83,0,0,0,xy/farfetch-d.png
19,84,0,0,0,xy/doduo.png
19,85,0,0,0,xy/dodrio.png
19,86,0,0,0,xy/seel.png
19,87,0,0,0,xy/dewgong.png
19,88,0,0,0,xy/grimer.png
19,89,0,0,0,xy/muk.png
19,90,0,0,0,xy/shellder.png
19,91,0,0,0,xy/cloyster.png
19,92,0,0,0,xy/gastly.png
19,93,0,0,0,xy/haunter.png
19,94,0,0,0,xy/gengar.png
19,95,0,0,0,xy/onix.png
19,96,0,0,0,xy/drowzee.png
19,97,0,0,0,xy/hypno.png
19,98,0,0,0,xy/krabby.png
19,99,0,0,0,xy/kingler.png
19,99,0,1,0,xy/right/kingler.png
19,100,0,0,0,xy/voltorb.png
19,101,0,0,0,xy/electrode.png
19,102,0,0,0,xy/exeggcute.png
19,103,0,0,0,xy/exeggutor.png
19,104,0,0,0,xy/cubone.png
19,105,0,0,0,xy/marowak.png
19,106,0,0,0,xy/hitmonlee.png
19,107,0,0,0,xy/hitmonchan.png
19,108,0,0,0,xy/lickitung.png
19,109,0,0,0,xy/koffing.png
19,110,0,0,0,xy/weezing.png
19,111,0,0,0,xy/rhyhorn.png
19,112,0,0,0,xy/rhydon.png
19,113,0,0,0,xy/chansey.png
19,114,0,0,0,xy/tangela.png
19,115,0,0,0,xy/kangaskhan.png
19,116,0,0,0,xy/horsea.png
19,117,0,0,0,xy/seadra.png
19,118,0,0,0,xy/goldeen.png
19,119,0,0,0,xy/seaking.png
19,120,0,0,0,xy/staryu.png
19,121,0,0,0,xy/starmie.png
19,122,0,0,0,xy/mr-mime.png
19,123,0,0,0,xy/scyther.png
19,124,0,0,0,xy/jynx.png
19,125,0,0,0,xy/electabuzz.png
19,126,0,0,0,xy/magmar.png
19,127,0,0,0,xy/pinsir.png
19,128,0,0,0,xy/tauros.png
19,129,0,0,0,xy/magikarp.png
19,130,0,0,0,xy/gyarados.png
19,131,0,0,0,xy/lapras.png
19,132,0,0,0,xy/ditto.png
19,133,0,0,0,xy/eevee.png
19,134,0,0,0,xy/vaporeon.png
19,135,0,0,0,xy/jolteon.png
19,136,0,0,0,xy/flareon.png
19,137,0,0,0,xy/porygon.png
19,138,0,0,0,xy/omanyte.png
19,139,0,0,0,xy/omastar.png
19,140,0,0,0,xy/kabuto.png
19,141,0,0,0,xy/kabutops.png
19,142,0,0,0,xy/aerodactyl.png
19,143,0,0,0,xy/snorlax.png
19,144,0,0,0,xy/articuno.png
19,145,0,0,0,xy/zapdos.png
19,146,0,0,0,xy/moltres.png
19,147,0,0,0,xy/dratini.png
19,148,0,0,0,xy/dragonair.png
19,149,0,0,0,xy/dragonite.png
19,150,0,0,0,xy/mewtwo.png
19,151,0,0,0,xy/mew.png
19,152,0,0,0,xy/chikorita.png
19,153,0,0,0,xy/bayleef.png
19,154,0,0,0,xy/meganium.png
19,155,0,0,0,xy/cyndaquil.png
19,156,0,0,0,xy/quilava.png
19,157,0,0,0,xy/typhlosion.png
19,158,0,0,0,xy/totodile.png
19,159,0,0,0,xy/croconaw.png
19,159,0,1,0,xy/right/croconaw.png
19,160,0,0,0,xy/feraligatr.png
19,161,0,0,0,xy/sentret.png
19,162,0,0,0,xy/furret.png
19,163,0,0,0,xy/hoothoot.png
19,164,0,0,0,xy/noctowl.png
19,165,0,0,0,xy/ledyba.png
19,166,0,0,0,xy/ledian.png
19,167,0,0,0,xy/spinarak.png
19,168,0,0,0,xy/ariados.png
19,169,0,0,0,xy/crobat.png
19,170,0,0,0,xy/chinchou.png
19,171,0,0,0,xy/lanturn.png
19,172,0,0,0,xy/pichu.png
19,173,0,0,0,xy/cleffa.png
19,173,0,1,0,xy/right/cleffa.png
19,174,0,0,0,xy/igglybuff.png
19,174,0,1,0,xy/right/igglybuff.png
19,175,0,0,0,xy/togepi.png
19,176,0,0,0,xy/togetic.png
19,177,0,0,0,xy/natu.png
19,178,0,0,0,xy/xatu.png
19,179,0,0,0,xy/mareep.png
19,180,0,0,0,xy/flaaffy.png
19,181,0,0,0,xy/ampharos.png
19,182,0,0,0,xy/bellossom.png
19,183,0,0,0,xy/marill.png
19,184,0,0,0,xy/azumarill.png
19,185,0,0,0,xy/sudowoodo.png
19,186,0,0,0,xy/politoed.png
19,186,0,1,0,xy/right/politoed.png
19,187,0,0,0,xy/hoppip.png
19,188,0,0,0,xy/skiploom.png
19,189,0,0,0,xy/jumpluff.png
19,190,0,0,0,xy/aipom.png
19,191,0,0,0,xy/sunkern.png
19,192,0,0,0,xy/sunflora.png
19,193,0,0,0,xy/yanma.png
19,194,0,0,0,xy/wooper.png
19,195,0,0,0,xy/quagsire.png
19,196,0,0,0,xy/espeon.png
19,197,0,0,0,xy/umbreon.png
19,198,0,0,0,xy/murkrow.png
19,199,0,0,0,xy/slowking.png
19,200,0,0,0,xy/misdreavus.png
19,201,0,0,0,xy/unown-a.png
19,202,0,0,0,xy/wobbuffet.png
19,203,0,0,0,xy/girafarig.png
19,204,0,0,0,xy/pineco.png
19,205,0,0,0,xy/forretress.png
19,206,0,0,0,xy/dunsparce.png
19,207,0,0,0,xy/gligar.png
19,208,0,0,0,xy/steelix.png
19,209,0,0,0,xy/snubbull.png
19,210,0,0,0,xy/granbull.png
19,211,0,0,0,xy/qwilfish.png
19,212,0,0,0,xy/scizor.png
19,213,0,0,0,xy/shuckle.png
19,214,0,0,0,xy/heracross.png
19,215,0,0,0,xy/sneasel.png
19,215,0,1,0,xy/right/sneasel.png
19,216,0,0,0,xy/teddiursa.png
19,216,0,1,0,xy/right/teddiursa.png
19,217,0,0,0,xy/ursaring.png
19,218,0,0,0,xy/slugma.png
19,219,0,0,0,xy/magcargo.png
19,220,0,0,0,xy/swinub.png
19,221,0,0,0,xy/piloswine.png
19,222,0,0,0,xy/corsola.png
19,223,0,0,0,xy/remoraid.png
19,224,0,0,0,xy/octillery.png
19,225,0,0,0,xy/delibird.png
19,226,0,0,0,xy/mantine.png
19,227,0,0,0,xy/skarmory.png
19,228,0,0,0,xy/houndour.png
19,229,0,0,0,xy/houndoom.png
19,230,0,0,0,xy/kingdra.png
19,231,0,0,0,xy/phanpy.png
19,232,0,0,0,xy/donphan.png
19,233,0,0,0,xy/porygon2.png
19,234,0,0,0,xy/stantler.png
19,235,0,0,0,xy/smeargle.png
19,236,0,0,0,xy/tyrogue.png
19,237,0,0,0,xy/hitmontop.png
19,238,0,0,0,xy/smoochum.png
19,239,0,0,0,xy/elekid.png
19,240,0,0,0,xy/magby.png
19,241,0,0,0,xy/miltank.png
19,242,0,0,0,xy/blissey.png
19,243,0,0,0,xy/raikou.png
19,244,0,0,0,xy/entei.png
19,245,0,0,0,xy/suicune.png
19,246,0,0,0,xy/larvitar.png
19,247,0,0,0,xy/pupitar.png
19,248,0,0,0,xy/tyranitar.png
19,249,0,0,0,xy/lugia.png
19,250,0,0,0,xy/ho-oh.png
19,251,0,0,0,xy/celebi.png
19,252,0,0,0,xy/treecko.png
19,253,0,0,0,xy/grovyle.png
19,254,0,0,0,xy/sceptile.png
19,255,0,0,0,xy/torchic.png
19,256,0,0,0,xy/combusken.png
19,257,0,0,0,xy/blaziken.png
19,258,0,0,0,xy/mudkip.png
19,259,0,0,0,xy/marshtomp.png
19,260,0,0,0,xy/swampert.png
19,261,0,0,0,xy/poochyena.png
19,262,0,0,0,xy/mightyena.png
19,263,0,0,0,xy/zigzagoon.png
19,264,0,0,0,xy/linoone.png
19,265,0,0,0,xy/wurmple.png
19,266,0,0,0,xy/silcoon.png
19,267,0,0,0,xy/beautifly.png
19,268,0,0,0,xy/cascoon.png
19,269,0,0,0,xy/dustox.png
19,270,0,0,0,xy/lotad.png
19,271,0,0,0,xy/lombre.png
19,272,0,0,0,xy/ludicolo.png
19,273,0,0,0,xy/seedot.png
19,274,0,0,0,xy/nuzleaf.png
19,275,0,0,0,xy/shiftry.png
19,276,0,0,0,xy/taillow.png
19,277,0,0,0,xy/swellow.png
19,278,0,0,0,xy/wingull.png
19,279,0,0,0,xy/pelipper.png
19,280,0,0,0,xy/ralts.png
19,281,0,0,0,xy/kirlia.png
19,282,0,0,0,xy/gardevoir.png
19,283,0,0,0,xy/surskit.png
19,284,0,0,0,xy/masquerain.png
19,285,0,0,0,xy/shroomish.png
19,286,0,0,0,xy/breloom.png
19,287,0,0,0,xy/slakoth.png
19,288,0,0,0,xy/vigoroth.png
19,289,0,0,0,xy/slaking.png
19,290,0,0,0,xy/nincada.png
19,291,0,0,0,xy/ninjask.png
19,292,0,0,0,xy/shedinja.png
19,293,0,0,0,xy/whismur.png
19,294,0,0,0,xy/loudred.png
19,295,0,0,0,xy/exploud.png
19,296,0,0,0,xy/makuhita.png
19,297,0,0,0,xy/hariyama.png
19,298,0,0,0,xy/azurill.png
19,299,0,0,0,xy/nosepass.png
19,300,0,0,0,xy/skitty.png
19,301,0,0,0,xy/delcatty.png
19,302,0,0,0,xy/sableye.png
19,303,0,0,0,xy/mawile.png
19,304,0,0,0,xy/aron.png
19,305,0,0,0,xy/lairon.png
19,306,0,0,0,xy/aggron.png
19,307,0,0,0,xy/meditite.png
19,308,0,0,0,xy/medicham.png
19,309,0,0,0,xy/electrike.png
19,310,0,0,0,xy/manectric.png
19,311,0,0,0,xy/plusle.png
19,312,0,0,0,xy/minun.png
19,313,0,0,0,xy/volbeat.png
19,314,0,0,0,xy/illumise.png
19,315,0,0,0,xy/roselia.png
19,315,0,1,0,xy/right/roselia.png
19,316,0,0,0,xy/gulpin.png
19,317,0,0,0,xy/swalot.png
19,318,0,0,0,xy/carvanha.png
19,319,0,0,0,xy/sharpedo.png
19,320,0,0,0,xy/wailmer.png
19,321,0,0,0,xy/wailord.png
19,322,0,0,0,xy/numel.png
19,323,0,0,0,xy/camerupt.png
19,324,0,0,0,xy/torkoal.png
19,325,0,0,0,xy/spoink.png
19,326,0,0,0,xy/grumpig.png
19,327,0,0,0,xy/spinda.png
19,328,0,0,0,xy/trapinch.png
19,329,0,0,0,xy/vibrava.png
19,330,0,0,0,xy/flygon.png
19,331,0,0,0,xy/cacnea.png
19,332,0,0,0,xy/cacturne.png
19,333,0,0,0,xy/swablu.png
19,334,0,0,0,xy/altaria.png
19,335,0,0,0,xy/zangoose.png
19,335,0,1,0,xy/right/zangoose.png
19,336,0,0,0,xy/seviper.png
19,336,0,1,0,xy/right/seviper.png
19,337,0,0,0,xy/lunatone.png
19,338,0,0,0,xy/solrock.png
19,339,0,0,0,xy/barboach.png
19,340,0,0,0,xy/whiscash.png
19,341,0,0,0,xy/corphish.png
19,342,0,0,0,xy/crawdaunt.png
19,343,0,0,0,xy/baltoy.png
19,344,0,0,0,xy/claydol.png
19,345,0,0,0,xy/lileep.png
19,346,0,0,0,xy/cradily.png
19,347,0,0,0,xy/anorith.png
19,348,0,0,0,xy/armaldo.png
19,349,0,0,0,xy/feebas.png
19,350,0,0,0,xy/milotic.png
19,351,0,0,0,xy/castform.png
19,352,0,0,0,xy/kecleon.png
19,353,0,0,0,xy/shuppet.png
19,354,0,0,0,xy/banette.png
19,355,0,0,0,xy/duskull.png
19,356,0,0,0,xy/dusclops.png
19,357,0,0,0,xy/tropius.png
19,358,0,0,0,xy/chimecho.png
19,359,0,0,0,xy/absol.png
19,359,0,1,0,xy/right/absol.png
19,360,0,0,0,xy/wynaut.png
19,361,0,0,0,xy/snorunt.png
19,362,0,0,0,xy/glalie.png
19,363,0,0,0,xy/spheal.png
19,364,0,0,0,xy/sealeo.png
19,365,0,0,0,xy/walrein.png
19,366,0,0,0,xy/clamperl.png
19,367,0,0,0,xy/huntail.png
19,368,0,0,0,xy/gorebyss.png
19,369,0,0,0,xy/relicanth.png
19,370,0,0,0,xy/luvdisc.png
19,371,0,0,0,xy/bagon.png
19,372,0,0,0,xy/shelgon.png
19,373,0,0,0,xy/salamence.png
19,374,0,0,0,xy/beldum.png
19,375,0,0,0,xy/metang.png
19,376,0,0,0,xy/metagross.png
19,377,0,0,0,xy/regirock.png
19,377,0,1,0,xy/right/regirock.png
19,378,0,0,0,xy/regice.png
19,379,0,0,0,xy/registeel.png
19,380,0,0,0,xy/latias.png
19,381,0,0,0,xy/latios.png
19,382,0,0,0,xy/kyogre.png
19,383,0,0,0,xy/groudon.png
19,384,0,0,0,xy/rayquaza.png
19,385,0,0,0,xy/jirachi.png
19,386,0,0,0,xy/deoxys-normal.png
19,387,0,0,0,xy/turtwig.png
19,388,0,0,0,xy/grotle.png
19,389,0,0,0,xy/torterra.png
19,389,0,1,0,xy/right/torterra.png
19,390,0,0,0,xy/chimchar.png
19,391,0,0,0,xy/monferno.png
19,392,0,0,0,xy/infernape.png
19,393,0,0,0,xy/piplup.png
19,394,0,0,0,xy/prinplup.png
19,395,0,0,0,xy/empoleon.png
19,396,0,0,0,xy/starly.png
19,397,0,0,0,xy/staravia.png
19,398,0,0,0,xy/staraptor.png
19,399,0,0,0,xy/bidoof.png
19,400,0,0,0,xy/bibarel.png
19,401,0,0,0,xy/kricketot.png
19,402,0,0,0,xy/kricketune.png
19,403,0,0,0,xy/shinx.png
19,404,0,0,0,xy/luxio.png
19,405,0,0,0,xy/luxray.png
19,406,0,0,0,xy/budew.png
19,406,0,1,0,xy/right/budew.png
19,407,0,0,0,xy/roserade.png
19,407,0,1,0,xy/right/roserade.png
19,408,0,0,0,xy/cranidos.png
19,409,0,0,0,xy/rampardos.png
19,410,0,0,0,xy/shieldon.png
19,411,0,0,0,xy/bastiodon.png
19,412,0,0,0,xy/burmy-plant.png
19,413,0,0,0,xy/wormadam-plant.png
19,414,0,0,0,xy/mothim.png
19,415,0,0,0,xy/combee.png
19,416,0,0,0,xy/vespiquen.png
19,417,0,0,0,xy/pachirisu.png
19,418,0,0,0,xy/buizel.png
19,419,0,0,0,xy/floatzel.png
19,420,0,0,0,xy/cherubi.png
19,421,0,0,0,xy/cherrim-overcast.png
19,422,0,0,0,xy/shellos-west.png
19,423,0,0,0,xy/gastrodon-west.png
19,424,0,0,0,xy/ambipom.png
19,425,0,0,0,xy/drifloon.png
19,426,0,0,0,xy/drifblim.png
19,427,0,0,0,xy/buneary.png
19,428,0,0,0,xy/lopunny.png
19,429,0,0,0,xy/mismagius.png
19,430,0,0,0,xy/honchkrow.png
19,431,0,0,0,xy/glameow.png
19,432,0,0,0,xy/purugly.png
19,433,0,0,0,xy/chingling.png
19,434,0,0,0,xy/stunky.png
19,435,0,0,0,xy/skuntank.png
19,436,0,0,0,xy/bronzor.png
19,437,0,0,0,xy/bronzong.png
19,438,0,0,0,xy/bonsly.png
19,439,0,0,0,xy/mime-jr.png
19,440,0,0,0,xy/happiny.png
19,441,0,0,0,xy/chatot.png
19,442,0,0,0,xy/spiritomb.png
19,443,0,0,0,xy/gible.png
19,444,0,0,0,xy/gabite.png
19,445,0,0,0,xy/garchomp.png
19,446,0,0,0,xy/munchlax.png
19,447,0,0,0,xy/riolu.png
19,448,0,0,0,xy/lucario.png
19,449,0,0,0,xy/hippopotas.png
19,450,0,0,0,xy/hippowdon.png
19,451,0,0,0,xy/skorupi.png
19,452,0,0,0,xy/drapion.png
19,453,0,0,0,xy/croagunk.png
19,454,0,0,0,xy/toxicroak.png
19,455,0,0,0,xy/carnivine.png
19,456,0,0,0,xy/finneon.png
19,457,0,0,0,xy/lumineon.png
19,458,0,0,0,xy/mantyke.png
19,459,0,0,0,xy/snover.png
19,460,0,0,0,xy/abomasnow.png
19,461,0,0,0,xy/weavile.png
19,462,0,0,0,xy/magnezone.png
19,463,0,0,0,xy/lickilicky.png
19,464,0,0,0,xy/rhyperior.png
19,465,0,0,0,xy/tangrowth.png
19,466,0,0,0,xy/electivire.png
19,467,0,0,0,xy/magmortar.png
19,467,0,1,0,xy/right/magmortar.png
19,468,0,0,0,xy/togekiss.png
19,468,0,1,0,xy/right/togekiss.png
19,469,0,0,0,xy/yanmega.png
19,470,0,0,0,xy/leafeon.png
19,471,0,0,0,xy/glaceon.png
19,472,0,0,0,xy/gliscor.png
19,473,0,0,0,xy/mamoswine.png
19,474,0,0,0,xy/porygon-z.png
19,475,0,0,0,xy/gallade.png
19,476,0,0,0,xy/probopass.png
19,477,0,0,0,xy/dusknoir.png
19,478,0,0,0,xy/froslass.png
19,479,0,0,0,xy/rotom.png
19,480,0,0,0,xy/uxie.png
19,481,0,0,0,xy/mesprit.png
19,482,0,0,0,xy/azelf.png
19,483,0,0,0,xy/dialga.png
19,484,0,0,0,xy/palkia.png
19,485,0,0,0,xy/heatran.png
19,486,0,0,0,xy/regigigas.png
19,487,0,0,0,xy/giratina-altered.png
19,488,0,0,0,xy/cresselia.png
19,489,0,0,0,xy/phione.png
19,490,0,0,0,xy/manaphy.png
19,491,0,0,0,xy/darkrai.png
19,492,0,0,0,xy/shaymin-land.png
19,493,0,0,0,xy/arceus.png
19,494,0,0,0,xy/victini.png
19,495,0,0,0,xy/snivy.png
19,496,0,0,0,xy/servine.png
19,497,0,0,0,xy/serperior.png
19,498,0,0,0,xy/tepig.png
19,499,0,0,0,xy/pignite.png
19,500,0,0,0,xy/emboar.png
19,500,0,1,0,xy/right/emboar.png
19,501,0,0,0,xy/oshawott.png
19,502,0,0,0,xy/dewott.png
19,503,0,0,0,xy/samurott.png
19,504,0,0,0,xy/patrat.png
19,505,0,0,0,xy/watchog.png
19,506,0,0,0,xy/lillipup.png
19,507,0,0,0,xy/herdier.png
19,508,0,0,0,xy/stoutland.png
19,509,0,0,0,xy/purrloin.png
19,510,0,0,0,xy/liepard.png
19,511,0,0,0,xy/pansage.png
19,512,0,0,0,xy/simisage.png
19,513,0,0,0,xy/pansear.png
19,513,0,1,0,xy/right/pansear.png
19,514,0,0,0,xy/simisear.png
19,514,0,1,0,xy/right/simisear.png
19,515,0,0,0,xy/panpour.png
19,516,0,0,0,xy/simipour.png
19,517,0,0,0,xy/munna.png
19,518,0,0,0,xy/musharna.png
19,519,0,0,0,xy/pidove.png
19,520,0,0,0,xy/tranquill.png
19,521,0,0,0,xy/unfezant-male.png
19,521,1,0,0,xy/unfezant-female.png
19,522,0,0,0,xy/blitzle.png
19,523,0,0,0,xy/zebstrika.png
19,524,0,0,0,xy/roggenrola.png
19,525,0,0,0,xy/boldore.png
19,526,0,0,0,xy/gigalith.png
19,527,0,0,0,xy/woobat.png
19,528,0,0,0,xy/swoobat.png
19,529,0,0,0,xy/drilbur.png
19,529,0,1,0,xy/right/drilbur.png
19,530,0,0,0,xy/excadrill.png
19,530,0,1,0,xy/right/excadrill.png
19,531,0,0,0,xy/audino.png
19,532,0,0,0,xy/timburr.png
19,533,0,0,0,xy/gurdurr.png
19,534,0,0,0,xy/conkeldurr.png
19,535,0,0,0,xy/tympole.png
19,536,0,0,0,xy/palpitoad.png
19,537,0,0,0,xy/seismitoad.png
19,538,0,0,0,xy/throh.png
19,539,0,0,0,xy/sawk.png
19,539,0,1,0,xy/right/sawk.png
19,540,0,0,0,xy/sewaddle.png
19,541,0,0,0,xy/swadloon.png
19,542,0,0,0,xy/leavanny.png
19,543,0,0,0,xy/venipede.png
19,544,0,0,0,xy/whirlipede.png
19,545,0,0,0,xy/scolipede.png
19,546,0,0,0,xy/cottonee.png
19,547,0,0,0,xy/whimsicott.png
19,548,0,0,0,xy/petilil.png
19,549,0,0,0,xy/lilligant.png
19,549,0,1,0,xy/right/lilligant.png
19,550,0,0,0,xy/basculin-red.png
19,551,0,0,0,xy/sandile.png
19,552,0,0,0,xy/krokorok.png
19,553,0,0,0,xy/krookodile.png
19,554,0,0,0,xy/darumaka.png
19,555,0,0,0,xy/darmanitan-standard.png
19,556,0,0,0,xy/maractus.png
19,557,0,0,0,xy/dwebble.png
19,558,0,0,0,xy/crustle.png
19,559,0,0,0,xy/scraggy.png
19,560,0,0,0,xy/scrafty.png
19,561,0,0,0,xy/sigilyph.png
19,562,0,0,0,xy/yamask.png
19,563,0,0,0,xy/cofagrigus.png
19,564,0,0,0,xy/tirtouga.png
19,565,0,0,0,xy/carracosta.png
19,566,0,0,0,xy/archen.png
19,567,0,0,0,xy/archeops.png
19,568,0,0,0,xy/trubbish.png
19,569,0,0,0,xy/garbodor.png
19,569,0,1,0,xy/right/garbodor.png
19,570,0,0,0,xy/zorua.png
19,571,0,0,0,xy/zoroark.png
19,572,0,0,0,xy/minccino.png
19,573,0,0,0,xy/cinccino.png
19,574,0,0,0,xy/gothita.png
19,575,0,0,0,xy/gothorita.png
19,576,0,0,0,xy/gothitelle.png
19,577,0,0,0,xy/solosis.png
19,577,0,1,0,xy/right/solosis.png
19,578,0,0,0,xy/duosion.png
19,579,0,0,0,xy/reuniclus.png
19,580,0,0,0,xy/ducklett.png
19,581,0,0,0,xy/swanna.png
19,582,0,0,0,xy/vanillite.png
19,583,0,0,0,xy/vanillish.png
19,584,0,0,0,xy/vanilluxe.png
19,584,0,1,0,xy/right/vanilluxe.png
19,585,0,0,0,xy/deerling-spring.png
19,586,0,0,0,xy/sawsbuck-spring.png
19,587,0,0,0,xy/emolga.png
19,588,0,0,0,xy/karrablast.png
19,589,0,0,0,xy/escavalier.png
19,590,0,0,0,xy/foongus.png
19,591,0,0,0,xy/amoonguss.png
19,591,0,1,0,xy/right/amoonguss.png
19,592,0,0,0,xy/frillish-male.png
19,592,1,0,0,xy/frillish-female.png
19,593,0,0,0,xy/jellicent-male.png
19,593,1,0,0,xy/jellicent-female.png
19,594,0,0,0,xy/alomomola.png
19,595,0,0,0,xy/joltik.png
19,596,0,0,0,xy/galvantula.png
19,597,0,0,0,xy/ferroseed.png
19,598,0,0,0,xy/ferrothorn.png
19,599,0,0,0,xy/klink.png
19,599,0,1,0,xy/right/klink.png
19,600,0,0,0,xy/klang.png
19,600,0,1,0,xy/right/klang.png
19,601,0,0,0,xy/klinklang.png
19,601,0,1,0,xy/right/klinklang.png
19,602,0,0,0,xy/tynamo.png
19,603,0,0,0,xy/eelektrik.png
19,604,0,0,0,xy/eelektross.png
19,605,0,0,0,xy/elgyem.png
19,606,0,0,0,xy/beheeyem.png
19,607,0,0,0,xy/litwick.png
19,607,0,1,0,xy/right/litwick.png
19,608,0,0,0,xy/lampent.png
19,609,0,0,0,xy/chandelure.png
19,610,0,0,0,xy/axew.png
19,611,0,0,0,xy/fraxure.png
19,612,0,0,0,xy/haxorus.png
19,613,0,0,0,xy/cubchoo.png
19,614,0,0,0,xy/beartic.png
19,615,0,0,0,xy/cryogonal.png
19,616,0,0,0,xy/shelmet.png
19,617,0,0,0,xy/accelgor.png
19,618,0,0,0,xy/stunfisk.png
19,619,0,0,0,xy/mienfoo.png
19,620,0,0,0,xy/mienshao.png
19,621,0,0,0,xy/druddigon.png
19,622,0,0,0,xy/golett.png
19,622,0,1,0,xy/right/golett.png
19,623,0,0,0,xy/golurk.png
19,623,0,1,0,xy/right/golurk.png
19,624,0,0,0,xy/pawniard.png
19,625,0,0,0,xy/bisharp.png
19,626,0,0,0,xy/bouffalant.png
19,627,0,0,0,xy/rufflet.png
19,628,0,0,0,xy/braviary.png
19,629,0,0,0,xy/vullaby.png
19,630,0,0,0,xy/mandibuzz.png
19,631,0,0,0,xy/heatmor.png
19,632,0,0,0,xy/durant.png
19,633,0,0,0,xy/deino.png
19,634,0,0,0,xy/zweilous.png
19,635,0,0,0,xy/hydreigon.png
19,636,0,0,0,xy/larvesta.png
19,637,0,0,0,xy/volcarona.png
19,638,0,0,0,xy/cobalion.png
19,639,0,0,0,xy/terrakion.png
19,640,0,0,0,xy/virizion.png
19,641,0,0,0,xy/tornadus-incarnate.png
19,642,0,0,0,xy/thundurus-incarnate.png
19,643,0,0,0,xy/reshiram.png
19,644,0,0,0,xy/zekrom.png
19,645,0,0,0,xy/landorus-incarnate.png
19,646,0,0,0,xy/kyurem.png
19,646,0,1,0,xy/right/kyurem.png
19,647,0,0,0,xy/keldeo-ordinary.png
19,648,0,0,0,xy/meloetta-aria.png
19,648,0,1,0,xy/right/meloetta-aria.png
19,649,0,0,0,xy/genesect.png
19,650,0,0,0,xy/chespin.png
19,651,0,0,0,xy/quilladin.png
19,652,0,0,0,xy/chesnaught.png
19,653,0,0,0,xy/fennekin.png
19,654,0,0,0,xy/braixen.png
19,655,0,0,0,xy/delphox.png
19,656,0,0,0,xy/froakie.png
19,657,0,0,0,xy/frogadier.png
19,658,0,0,0,xy/greninja.png
19,658,0,1,0,xy/right/greninja.png
19,659,0,0,0,xy/bunnelby.png
19,660,0,0,0,xy/diggersby.png
19,661,0,0,0,xy/fletchling.png
19,662,0,0,0,xy/fletchinder.png
19,663,0,0,0,xy/talonflame.png
19,664,0,0,0,xy/scatterbug.png
19,665,0,0,0,xy/spewpa.png
19,666,0,0,0,xy/vivillon-icy-snow.png
19,667,0,0,0,xy/litleo.png
19,668,0,0,0,xy/pyroar-male.png
19,668,1,0,0,xy/pyroar-female.png
19,669,0,0,0,xy/flabebe-red.png
19,670,0,0,0,xy/floette-red.png
19,671,0,0,0,xy/florges-red.png
19,672,0,0,0,xy/skiddo.png
19,673,0,0,0,xy/gogoat.png
19,674,0,0,0,xy/pancham.png
19,675,0,0,0,xy/pangoro.png
19,676,0,0,0,xy/furfrou-natural.png
19,677,0,0,0,xy/espurr.png
19,678,0,0,0,xy/meowstic-male.png
19,679,0,0,0,xy/honedge.png
19,680,0,0,0,xy/doublade.png
19,681,0,0,0,xy/aegislash-shield.png
19,682,0,0,0,xy/spritzee.png
19,683,0,0,0,xy/aromatisse.png
19,684,0,0,0,xy/swirlix.png
19,685,0,0,0,xy/slurpuff.png
19,686,0,0,0,xy/inkay.png
19,687,0,0,0,xy/malamar.png
19,688,0,0,0,xy/binacle.png
19,689,0,0,0,xy/barbaracle.png
19,689,0,1,0,xy/right/barbaracle.png
19,690,0,0,0,xy/skrelp.png
19,691,0,0,0,xy/dragalge.png
19,692,0,0,0,xy/clauncher.png
19,692,0,1,0,xy/right/clauncher.png
19,693,0,0,0,xy/clawitzer.png
19,693,0,1,0,xy/right/clawitzer.png
19,694,0,0,0,xy/helioptile.png
19,695,0,0,0,xy/heliolisk.png
19,696,0,0,0,xy/tyrunt.png
19,697,0,0,0,xy/tyrantrum.png
19,698,0,0,0,xy/amaura.png
19,699,0,0,0,xy/aurorus.png
19,700,0,0,0,xy/sylveon.png
19,700,0,1,0,xy/right/sylveon.png
19,701,0,0,0,xy/hawlucha.png
19,702,0,0,0,xy/dedenne.png
19,703,0,0,0,xy/carbink.png
19,704,0,0,0,xy/goomy.png
19,705,0,0,0,xy/sliggoo.png
19,706,0,0,0,xy/goodra.png
19,707,0,0,0,xy/klefki.png
19,707,0,1,0,xy/right/klefki.png
19,708,0,0,0,xy/phantump.png
19,709,0,0,0,xy/trevenant.png
19,710,0,0,0,xy/pumpkaboo.png
19,711,0,0,0,xy/gourgeist.png
19,712,0,0,0,xy/bergmite.png
19,713,0,0,0,xy/avalugg.png
19,714,0,0,0,xy/noibat.png
19,715,0,0,0,xy/noivern.png
19,716,0,0,0,xy/xerneas-neutral.png
19,717,0,0,0,xy/yveltal.png
19,718,0,0,0,xy/zygarde-50.png
19,718,0,1,0,xy/right/zygarde-50.png
19,719,0,0,0,xy/diancie.png
19,720,0,0,0,xy/hoopa-confined.png
19,721,0,0,0,xy/volcanion.png
19,722,0,0,0,xy/rowlet.png
19,723,0,0,0,xy/dartrix.png
19,723,0,1,0,xy/right/dartrix.png
19,724,0,0,0,xy/decidueye.png
19,725,0,0,0,xy/litten.png
19,726,0,0,0,xy/torracat.png
19,727,0,0,0,xy/incineroar.png
19,728,0,0,0,xy/popplio.png
19,729,0,0,0,xy/brionne.png
19,730,0,0,0,xy/primarina.png
19,731,0,0,0,xy/pikipek.png
19,732,0,0,0,xy/trumbeak.png
19,733,0,0,0,xy/toucannon.png
19,734,0,0,0,xy/yungoos.png
19,735,0,0,0,xy/gumshoos.png
19,736,0,0,0,xy/grubbin.png
19,737,0,0,0,xy/charjabug.png
19,738,0,0,0,xy/vikavolt.png
19,739,0,0,0,xy/crabrawler.png
19,740,0,0,0,xy/crabominable.png
19,741,0,0,0,xy/oricorio-baile.png
19,742,0,0,0,xy/cutiefly.png
19,743,0,0,0,xy/ribombee.png
19,744,0,0,0,xy/rockruff.png
19,745,0,0,0,xy/lycanroc-midday.png
19,746,0,0,0,xy/wishiwashi-solo.png
19,747,0,0,0,xy/mareanie.png
19,748,0,0,0,xy/toxapex.png
19,749,0,0,0,xy/mudbray.png
19,750,0,0,0,xy/mudsdale.png
19,751,0,0,0,xy/dewpider.png
19,752,0,0,0,xy/araquanid.png
19,753,0,0,0,xy/fomantis.png
19,754,0,0,0,xy/lurantis.png
19,755,0,0,0,xy/morelull.png
19,756,0,0,0,xy/shiinotic.png
19,757,0,0,0,xy/salandit.png
19,758,0,0,0,xy/salazzle.png
19,759,0,0,0,xy/stufful.png
19,760,0,0,0,xy/bewear.png
19,761,0,0,0,xy/bounsweet.png
19,762,0,0,0,xy/steenee.png
19,762,0,1,0,xy/right/steenee.png
19,763,0,0,0,xy/tsareena.png
19,763,0,1,0,xy/right/tsareena.png
19,764,0,0,0,xy/comfey.png
19,764,0,1,0,xy/right/comfey.png
19,765,0,0,0,xy/oranguru.png
19,766,0,0,0,xy/passimian.png
19,767,0,0,0,xy/wimpod.png
19,768,0,0,0,xy/golisopod.png
19,769,0,0,0,xy/sandygast.png
19,770,0,0,0,xy/palossand.png
19,771,0,0,0,xy/pyukumuku.png
19,772,0,0,0,xy/type-null.png
19,773,0,0,0,xy/silvally.png
19,774,0,0,0,xy/minior-meteor.png
19,774,0,1,0,xy/right/minior-meteor.png
19,775,0,0,0,xy/komala.png
19,776,0,0,0,xy/turtonator.png
19,777,0,0,0,xy/togedemaru.png
19,778,0,0,0,xy/mimikyu.png
19,779,0,0,0,xy/bruxish.png
19,780,0,0,0,xy/drampa.png
19,781,0,0,0,xy/dhelmise.png
19,781,0,1,0,xy/right/dhelmise.png
19,782,0,0,0,xy/jangmo-o.png
19,783,0,0,0,xy/hakamo-o.png
19,784,0,0,0,xy/kommo-o.png
19,785,0,0,0,xy/tapu-koko.png
19,786,0,0,0,xy/tapu-lele.png
19,787,0,0,0,xy/tapu-bulu.png
19,788,0,0,0,xy/tapu-fini.png
19,789,0,0,0,xy/cosmog.png
19,790,0,0,0,xy/cosmoem.png
19,791,0,0,0,xy/solgaleo.png
19,792,0,0,0,xy/lunala.png
19,793,0,0,0,xy/nihilego.png
19,794,0,0,0,xy/buzzwole.png
19,795,0,0,0,xy/pheromosa.png
19,796,0,0,0,xy/xurkitree.png
19,797,0,0,0,xy/celesteela.png
19,798,0,0,0,xy/kartana.png
19,799,0,0,0,xy/guzzlord.png
19,800,0,0,0,xy/necrozma.png
19,800,0,1,0,xy/right/necrozma.png
19,801,0,0,0,xy/magearna.png
19,802,0,0,0,xy/marshadow.png
19,802,0,1,0,xy/right/marshadow.png
19,10001,0,0,0,xy/castform-sunny.png
19,10002,0,0,0,xy/castform-rainy.png
19,10003,0,0,0,xy/castform-snowy.png
19,10003,0,1,0,xy/right/castform-snowy.png
19,10004,0,0,0,xy/deoxys-attack.png
19,10005,0,0,0,xy/deoxys-defense.png
19,10006,0,0,0,xy/deoxys-speed.png
19,10007,0,0,0,xy/wormadam-sandy.png
19,10008,0,0,0,xy/wormadam-trash.png
19,10009,0,0,0,xy/arceus.png
19,10010,0,0,0,xy/arceus.png
19,10011,0,0,0,xy/arceus.png
19,10012,0,0,0,xy/arceus.png
19,10013,0,0,0,xy/arceus.png
19,10014,0,0,0,xy/arceus.png
19,10015,0,0,0,xy/arceus.png
19,10016,0,0,0,xy/arceus.png
19,10017,0,0,0,xy/arceus.png
19,10018,0,0,0,xy/arceus.png
19,10019,0,0,0,xy/arceus.png
19,10020,0,0,0,xy/arceus.png
19,10021,0,0,0,xy/arceus.png
19,10022,0,0,0,xy/arceus.png
19,10023,0,0,0,xy/arceus.png
19,10024,0,0,0,xy/arceus.png
19,10025,0,0,0,xy/rotom-heat.png
19,10026,0,0,0,xy/rotom-wash.png
19,10026,0,1,0,xy/right/rotom-wash.png
19,10027,0,0,0,xy/rotom-frost.png
19,10028,0,0,0,xy/rotom-fan.png
19,10029,0,0,0,xy/rotom-mow.png
19,10030,0,0,0,xy/giratina-origin.png
19,10031,0,0,0,xy/shaymin-sky.png
19,10031,0,1,0,xy/right/shaymin-sky.png
19,10033,0,0,0,xy/basculin-blue.png
19,10034,0,0,0,xy/darmanitan-zen.png
19,10035,0,0,0,xy/meloetta-pirouette.png
19,10036,0,0,0,xy/tornadus-therian.png
19,10037,0,0,0,xy/thundurus-therian.png
19,10038,0,0,0,xy/landorus-therian.png
19,10039,0,0,0,xy/kyurem-white.png
19,10039,0,1,0,xy/right/kyurem-white.png
19,10040,0,0,0,xy/kyurem-black.png
19,10040,0,1,0,xy/right/kyurem-black.png
19,10041,0,0,0,xy/venusaur-mega.png
19,10042,0,0,0,xy/charizard-mega-x.png
19,10043,0,0,0,xy/charizard-mega-y.png
19,10044,0,0,0,xy/blastoise-mega.png
19,10045,0,0,0,xy/alakazam-mega.png
19,10046,0,0,0,xy/gengar-mega.png
19,10047,0,0,0,xy/kangaskhan-mega.png
19,10048,0,0,0,xy/pinsir-mega.png
19,10049,0,0,0,xy/gyarados-mega.png
19,10050,0,0,0,xy/aerodactyl-mega.png
19,10051,0,0,0,xy/mewtwo-mega-x.png
19,10052,0,0,0,xy/mewtwo-mega-y.png
19,10053,0,0,0,xy/ampharos-mega.png
19,10054,0,0,0,xy/scizor-mega.png
19,10055,0,0,0,xy/heracross-mega.png
19,10056,0,0,0,xy/houndoom-mega.png
19,10057,0,0,0,xy/tyranitar-mega.png
19,10058,0,0,0,xy/blaziken-mega.png
19,10059,0,0,0,xy/gardevoir-mega.png
19,10060,0,0,0,xy/mawile-mega.png
19,10061,0,0,0,xy/aggron-mega.png
19,10062,0,0,0,xy/medicham-mega.png
19,10063,0,0,0,xy/manectric-mega.png
19,10064,0,0,0,xy/banette-mega.png
19,10065,0,0,0,xy/absol-mega.png
19,10065,0,1,0,xy/right/absol-mega.png
19,10066,0,0,0,xy/latias-mega.png
19,10067,0,0,0,xy/latios-mega.png
19,10068,0,0,0,xy/garchomp-mega.png
19,10069,0,0,0,xy/lucario-mega.png
19,10070,0,0,0,xy/abomasnow-mega.png
19,10071,0,0,0,xy/arceus.png
19,10072,0,0,0,xy/floette-eternal.png
19,10073,0,0,0,xy/meowstic-female.png
19,10074,0,0,0,xy/aegislash-blade.png
19,10075,0,0,0,xy/pumpkaboo.png
19,10076,0,0,0,xy/pumpkaboo.png
19,10077,0,0,0,xy/pumpkaboo.png
19,10078,0,0,0,xy/gourgeist.png
19,10079,0,0,0,xy/gourgeist.png
19,10080,0,0,0,xy/gourgeist.png
19,10081,0,0,0,xy/beedrill-mega.png
19,10082,0,0,0,xy/pidgeot-mega.png
19,10089,0,0,0,xy/slowbro-mega.png
19,10090,0,0,0,xy/steelix-mega.png
19,10091,0,0,0,xy/sceptile-mega.png
19,10092,0,0,0,xy/swampert-mega.png
19,10093,0,0,0,xy/sableye-mega.png
19,10094,0,0,0,xy/sharpedo-mega.png
19,10095,0,0,0,xy/camerupt-mega.png
19,10096,0,0,0,xy/altaria-mega.png
19,10097,0,0,0,xy/glalie-mega.png
19,10098,0,0,0,xy/salamence-mega.png
19,10099,0,0,0,xy/metagross-mega.png
19,10100,0,0,0,xy/kyogre-primal.png
19,10101,0,0,0,xy/groudon-primal.png
19,10102,0,0,0,xy/rayquaza-mega.png
19,10103,0,0,0,xy/lopunny-mega.png
19,10104,0,0,0,xy/gallade-mega.png
19,10105,0,0,0,xy/audino-mega.png
19,10106,0,0,0,xy/diancie-mega.png
19,10107,0,0,0,xy/hoopa-unbound.png
19,10108,0,0,0,xy/rattata-alola.png
19,10109,0,0,0,xy/raticate-alola.png
19,10110,0,0,0,xy/pikachu-cap-original.png
19,10110,0,1,0,xy/right/pikachu-cap-original.png
19,10111,0,0,0,xy/raichu-alola.png
19,10112,0,0,0,xy/sandshrew-alola.png
19,10113,0,0,0,xy/sandslash-alola.png
19,10114,0,0,0,xy/vulpix-alola.png
19,10115,0,0,0,xy/ninetales-alola.png
19,10116,0,0,0,xy/diglett-alola.png
19,10117,0,0,0,xy/dugtrio-alola.png
19,10117,0,1,0,xy/right/dugtrio-alola.png
19,10118,0,0,0,xy/meowth-alola.png
19,10119,0,0,0,xy/persian-alola.png
19,10120,0,0,0,xy/geodude-alola.png
19,10121,0,0,0,xy/graveler-alola.png
19,10122,0,0,0,xy/golem-alola.png
19,10123,0,0,0,xy/grimer-alola.png
19,10124,0,0,0,xy/muk-alola.png
19,10124,0,1,0,xy/right/muk-alola.png
19,10125,0,0,0,xy/exeggutor-alola.png
19,10126,0,0,0,xy/marowak-alola.png
19,10127,0,0,0,xy/greninja.png
19,10127,0,1,0,xy/right/greninja.png
19,10128,0,0,0,xy/greninja-ash.png
19,10128,0,1,0,xy/right/greninja-ash.png
19,10129,0,0,0,xy/zygarde-10.png
19,10129,0,1,0,xy/right/zygarde-10.png
19,10130,0,0,0,xy/zygarde-10.png
19,10130,0,1,0,xy/right/zygarde-10.png
19,10131,0,0,0,xy/zygarde-50.png
19,10131,0,1,0,xy/right/zygarde-50.png
19,10132,0,0,0,xy/zygarde-complete.png
19,10132,0,1,0,xy/right/zygarde-complete.png
19,10133,0,0,0,xy/oricorio-pom-pom.png
19,10134,0,0,0,xy/oricorio-pa-u.png
19,10135,0,0,0,xy/oricorio-sensu.png
19,10136,0,0,0,xy/lycanroc-midnight.png
19,10137,0,0,0,xy/wishiwashi-school.png
19,10138,0,0,0,xy/silvally.png
19,10139,0,0,0,xy/silvally.png
19,10140,0,0,0,xy/silvally.png
19,10141,0,0,0,xy/silvally.png
19,10142,0,0,0,xy/silvally.png
19,10143,0,0,0,xy/silvally.png
19,10144,0,0,0,xy/silvally.png
19,10145,0,0,0,xy/silvally.png
19,10146,0,0,0,xy/silvally.png
19,10147,0,0,0,xy/silvally.png
19,10148,0,0,0,xy/silvally.png
19,10149,0,0,0,xy/silvally.png
19,10150,0,0,0,xy/silvally.png
19,10151,0,0,0,xy/silvally.png
19,10152,0,0,0,xy/silvally.png
19,10153,0,0,0,xy/silvally.png
19,10154,0,0,0,xy/silvally.png
19,10155,0,0,0,xy/minior-core-red.png
19,10155,0,1,0,xy/right/minior-core-red.png
19,20001,0,0,0,xy/unown-b.png
19,20001,0,1,0,xy/right/unown-b.png
19,20002,0,0,0,xy/unown-c.png
19,20002,0,1,0,xy/right/unown-c.png
19,20003,0,0,0,xy/unown-d.png
19,20003,0,1,0,xy/right/unown-d.png
19,20004,0,0,0,xy/unown-e.png
19,20004,0,1,0,xy/right/unown-e.png
19,20005,0,0,0,xy/unown-f.png
19,20005,0,1,0,xy/right/unown-f.png
19,20006,0,0,0,xy/unown-g.png
19,20006,0,1,0,xy/right/unown-g.png
19,20007,0,0,0,xy/unown-h.png
19,20007,0,1,0,xy/right/unown-h.png
19,20008,0,0,0,xy/unown-i.png
19,20009,0,0,0,xy/unown-j.png
19,20009,0,1,0,xy/right/unown-j.png
19,20010,0,0,0,xy/unown-k.png
19,20010,0,1,0,xy/right/unown-k.png
19,20011,0,0,0,xy/unown-l.png
19,20011,0,1,0,xy/right/unown-l.png
19,20012,0,0,0,xy/unown-m.png
19,20012,0,1,0,xy/right/unown-m.png
19,20013,0,0,0,xy/unown-n.png
19,20013,0,1,0,xy/right/unown-n.png
19,20014,0,0,0,xy/unown-o.png
19,20015,0,0,0,xy/unown-p.png
19,20015,0,1,0,xy/right/unown-p.png
19,20016,0,0,0,xy/unown-q.png
19,20016,0,1,0,xy/right/unown-q.png
19,20017,0,0,0,xy/unown-r.png
19,20017,0,1,0,xy/right/unown-r.png
19,20018,0,0,0,xy/unown-s.png
19,20018,0,1,0,xy/right/unown-s.png
19,20019,0,0,0,xy/unown-t.png
19,20019,0,1,0,xy/right/unown-t.png
19,20020,0,0,0,xy/unown-u.png
19,20021,0,0,0,xy/unown-v.png
19,20021,0,1,0,xy/right/unown-v.png
19,20022,0,0,0,xy/unown-w.png
19,20023,0,0,0,xy/unown-x.png
19,20024,0,0,0,xy/unown-y.png
19,20025,0,0,0,xy/unown-z.png
19,20025,0,1,0,xy/right/unown-z.png
19,20026,0,0,0,xy/unown-exclamation.png
19,20027,0,0,0,xy/unown-question.png
19,20027,0,1,0,xy/right/unown-question.png
19,20028,0,0,0,xy/burmy-sandy.png
19,20029,0,0,0,xy/burmy-trash.png
19,20030,0,0,0,xy/cherrim-sunshine.png
19,20031,0,0,0,xy/shellos-east.png
19,20032,0,0,0,xy/gastrodon-east.png
19,20033,0,0,0,xy/deerling-summer.png
19,20034,0,0,0,xy/deerling-autumn.png
19,20035,0,0,0,xy/deerling-winter.png
19,20036,0,0,0,xy/sawsbuck-summer.png
19,20037,0,0,0,xy/sawsbuck-autumn.png
19,20038,0,0,0,xy/sawsbuck-winter.png
19,20039,0,0,0,xy/genesect.png
19,20040,0,0,0,xy/genesect.png
19,20041,0,0,0,xy/genesect.png
19,20042,0,0,0,xy/genesect.png
19,20043,0,0,0,xy/keldeo-resolute.png
19,20043,0,1,0,xy/right/keldeo-resolute.png
19,20044,0,0,0,xy/scatterbug.png
19,20045,0,0,0,xy/scatterbug.png
19,20046,0,0,0,xy/scatterbug.png
19,20047,0,0,0,xy/scatterbug.png
19,20048,0,0,0,xy/scatterbug.png
19,20049,0,0,0,xy/scatterbug.png
19,20050,0,0,0,xy/scatterbug.png
19,20051,0,0,0,xy/scatterbug.png
19,20052,0,0,0,xy/scatterbug.png
19,20053,0,0,0,xy/scatterbug.png
19,20054,0,0,0,xy/scatterbug.png
19,20055,0,0,0,xy/scatterbug.png
19,20056,0,0,0,xy/scatterbug.png
19,20057,0,0,0,xy/scatterbug.png
19,20058,0,0,0,xy/scatterbug.png
19,20059,0,0,0,xy/scatterbug.png
19,20060,0,0,0,xy/scatterbug.png
19,20061,0,0,0,xy/scatterbug.png
19,20062,0,0,0,xy/scatterbug.png
19,20063,0,0,0,xy/spewpa.png
19,20064,0,0,0,xy/spewpa.png
19,20065,0,0,0,xy/spewpa.png
19,20066,0,0,0,xy/spewpa.png
19,20067,0,0,0,xy/spewpa.png
19,20068,0,0,0,xy/spewpa.png
19,20069,0,0,0,xy/spewpa.png
19,20070,0,0,0,xy/spewpa.png
19,20071,0,0,0,xy/spewpa.png
19,20072,0,0,0,xy/spewpa.png
19,20073,0,0,0,xy/spewpa.png
19,20074,0,0,0,xy/spewpa.png
19,20075,0,0,0,xy/spewpa.png
19,20076,0,0,0,xy/spewpa.png
19,20077,0,0,0,xy/spewpa.png
19,20078,0,0,0,xy/spewpa.png
19,20079,0,0,0,xy/spewpa.png
19,20080,0,0,0,xy/spewpa.png
19,20081,0,0,0,xy/spewpa.png
19,20082,0,0,0,xy/vivillon-polar.png
19,20083,0,0,0,xy/vivillon-tundra.png
19,20084,0,0,0,xy/vivillon-continental.png
19,20085,0,0,0,xy/vivillon-garden.png
19,20086,0,0,0,xy/vivillon-elegant.png
19,20087,0,0,0,xy/vivillon-meadow.png
19,20088,0,0,0,xy/vivillon-modern.png
19,20089,0,0,0,xy/vivillon-marine.png
19,20090,0,0,0,xy/vivillon-archipelago.png
19,20091,0,0,0,xy/vivillon-high-plains.png
19,20092,0,0,0,xy/vivillon-sandstorm.png
19,20093,0,0,0,xy/vivillon-river.png
19,20094,0,0,0,xy/vivillon-monsoon.png
19,20095,0,0,0,xy/vivillon-savanna.png
19,20096,0,0,0,xy/vivillon-sun.png
19,20097,0,0,0,xy/vivillon-ocean.png
19,20098,0,0,0,xy/vivillon-jungle.png
19,20099,0,0,0,xy/vivillon-fancy.png
19,20100,0,0,0,xy/vivillon-poke-ball.png
19,20101,0,0,0,xy/flabebe-yellow.png
19,20102,0,0,0,xy/flabebe-orange.png
19,20103,0,0,0,xy/flabebe-blue.png
19,20104,0,0,0,xy/flabebe-white.png
19,20105,0,0,0,xy/floette-yellow.png
19,20106,0,0,0,xy/floette-orange.png
19,20107,0,0,0,xy/floette-blue.png
19,20108,0,0,0,xy/floette-white.png
19,20109,0,0,0,xy/florges-yellow.png
19,20110,0,0,0,xy/florges-orange.png
19,20111,0,0,0,xy/florges-blue.png
19,20112,0,0,0,xy/florges-white.png
19,20113,0,0,0,xy/furfrou-heart.png
19,20114,0,0,0,xy/furfrou-star.png
19,20115,0,0,0,xy/furfrou-diamond.png
19,20116,0,0,0,xy/furfrou-debutante.png
19,20116,0,1,0,xy/right/furfrou-debutante.png
19,20117,0,0,0,xy/furfrou-matron.png
19,20118,0,0,0,xy/furfrou-dandy.png
19,20119,0,0,0,xy/furfrou-la-reine.png
19,20120,0,0,0,xy/furfrou-kabuki.png
19,20121,0,0,0,xy/furfrou-pharaoh.png
19,20122,0,0,0,xy/xerneas-active.png
19,20123,0,0,0,xy/raticate-alola.png
19,20124,0,0,0,xy/pikachu-cap-hoenn.png
19,20125,0,0,0,xy/pikachu-cap-sinnoh.png
19,20126,0,0,0,xy/pikachu-cap-unova.png
19,20127,0,0,0,xy/pikachu-cap-kalos.png
19,20128,0,0,0,xy/pikachu-cap-alola.png
19,20129,0,0,0,xy/gumshoos.png
19,20130,0,0,0,xy/vikavolt.png
19,20131,0,0,0,xy/lurantis.png
19,20132,0,0,0,xy/salazzle.png
19,20133,0,0,0,xy/minior-meteor.png
19,20133,0,1,0,xy/right/minior-meteor.png
19,20134,0,0,0,xy/minior-meteor.png
19,20134,0,1,0,xy/right/minior-meteor.png
19,20135,0,0,0,xy/minior-meteor.png
19,20135,0,1,0,xy/right/minior-meteor.png
19,20136,0,0,0,xy/minior-meteor.png
19,20136,0,1,0,xy/right/minior-meteor.png
19,20137,0,0,0,xy/minior-meteor.png
19,20137,0,1,0,xy/right/minior-meteor.png
19,20138,0,0,0,xy/minior-meteor.png
19,20138,0,1,0,xy/right/minior-meteor.png
19,20139,0,0,0,xy/minior-core-orange.png
19,20139,0,1,0,xy/right/minior-core-orange.png
19,20140,0,0,0,xy/minior-core-yellow.png
19,20140,0,1,0,xy/right/minior-core-yellow.png
19,20141,0,0,0,xy/minior-core-green.png
19,20141,0,1,0,xy/right/minior-core-green.png
19,20142,0,0,0,xy/minior-core-blue.png
19,20142,0,1,0,xy/right/minior-core-blue.png
19,20143,0,0,0,xy/minior-core-indigo.png
19,20143,0,1,0,xy/right/minior-core-indigo.png
19,20144,0,0,0,xy/minior-core-violet.png
19,20144,0,1,0,xy/right/minior-core-violet.png
19,20145,0,0,0,xy/mimikyu.png
19,20146,0,0,0,xy/mimikyu.png
19,20147,0,0,0,xy/mimikyu.png
19,20148,0,0,0,xy/kommo-o.png
19,20149,0,0,0,xy/magearna-original.png
20,1,0,0,0,xy/bulbasaur.png
20,2,0,0,0,xy/ivysaur.png
20,3,0,0,0,xy/venusaur.png
20,4,0,0,0,xy/charmander.png
20,5,0,0,0,xy/charmeleon.png
20,6,0,0,0,xy/charizard.png
20,7,0,0,0,xy/squirtle.png
20,8,0,0,0,xy/wartortle.png
20,9,0,0,0,xy/blastoise.png
20,10,0,0,0,xy/caterpie.png
20,11,0,0,0,xy/metapod.png
20,12,0,0,0,xy/butterfree.png
20,13,0,0,0,xy/weedle.png
20,14,0,0,0,xy/kakuna.png
20,15,0,0,0,xy/beedrill.png
20,16,0,0,0,xy/pidgey.png
20,17,0,0,0,xy/pidgeotto.png
20,18,0,0,0,xy/pidgeot.png
20,19,0,0,0,xy/rattata.png
20,20,0,0,0,xy/raticate.png
20,21,0,0,0,xy/spearow.png
20,22,0,0,0,xy/fearow.png
20,23,0,0,0,xy/ekans.png
20,24,0,0,0,xy/arbok.png
20,25,0,0,0,xy/pikachu.png
20,26,0,0,0,xy/raichu.png
20,27,0,0,0,xy/sandshrew.png
20,28,0,0,0,xy/sandslash.png
20,29,0,0,0,xy/nidoran-f.png
20,30,0,0,0,xy/nidorina.png
20,31,0,0,0,xy/nidoqueen.png
20,32,0,0,0,xy/nidoran-m.png
20,33,0,0,0,xy/nidorino.png
20,34,0,0,0,xy/nidoking.png
20,35,0,0,0,xy/clefairy.png
20,35,0,1,0,xy/right/clefairy.png
20,36,0,0,0,xy/clefable.png
20,36,0,1,0,xy/right/clefable.png
20,37,0,0,0,xy/vulpix.png
20,38,0,0,0,xy/ninetales.png
20,39,0,0,0,xy/jigglypuff.png
20,39,0,1,0,xy/right/jigglypuff.png
20,40,0,0,0,xy/wigglytuff.png
20,40,0,1,0,xy/right/wigglytuff.png
20,41,0,0,0,xy/zubat.png
20,42,0,0,0,xy/golbat.png
20,43,0,0,0,xy/oddish.png
20,44,0,0,0,xy/gloom.png
20,45,0,0,0,xy/vileplume.png
20,46,0,0,0,xy/paras.png
20,47,0,0,0,xy/parasect.png
20,48,0,0,0,xy/venonat.png
20,49,0,0,0,xy/venomoth.png
20,50,0,0,0,xy/diglett.png
20,51,0,0,0,xy/dugtrio.png
20,52,0,0,0,xy/meowth.png
20,53,0,0,0,xy/persian.png
20,54,0,0,0,xy/psyduck.png
20,55,0,0,0,xy/golduck.png
20,56,0,0,0,xy/mankey.png
20,57,0,0,0,xy/primeape.png
20,58,0,0,0,xy/growlithe.png
20,59,0,0,0,xy/arcanine.png
20,60,0,0,0,xy/poliwag.png
20,61,0,0,0,xy/poliwhirl.png
20,61,0,1,0,xy/right/poliwhirl.png
20,62,0,0,0,xy/poliwrath.png
20,62,0,1,0,xy/right/poliwrath.png
20,63,0,0,0,xy/abra.png
20,64,0,0,0,xy/kadabra.png
20,65,0,0,0,xy/alakazam.png
20,66,0,0,0,xy/machop.png
20,67,0,0,0,xy/machoke.png
20,68,0,0,0,xy/machamp.png
20,69,0,0,0,xy/bellsprout.png
20,70,0,0,0,xy/weepinbell.png
20,71,0,0,0,xy/victreebel.png
20,72,0,0,0,xy/tentacool.png
20,73,0,0,0,xy/tentacruel.png
20,74,0,0,0,xy/geodude.png
20,75,0,0,0,xy/graveler.png
20,76,0,0,0,xy/golem.png
20,77,0,0,0,xy/ponyta.png
20,78,0,0,0,xy/rapidash.png
20,79,0,0,0,xy/slowpoke.png
20,80,0,0,0,xy/slowbro.png
20,81,0,0,0,xy/magnemite.png
20,82,0,0,0,xy/magneton.png
20,83,0,0,0,xy/farfetch-d.png
20,84,0,0,0,xy/doduo.png
20,85,0,0,0,xy/dodrio.png
20,86,0,0,0,xy/seel.png
20,87,0,0,0,xy/dewgong.png
20,88,0,0,0,xy/grimer.png
20,89,0,0,0,xy/muk.png
20,90,0,0,0,xy/shellder.png
20,91,0,0,0,xy/cloyster.png
20,92,0,0,0,xy/gastly.png
20,93,0,0,0,xy/haunter.png
20,94,0,0,0,xy/gengar.png
20,95,0,0,0,xy/onix.png
20,96,0,0,0,xy/drowzee.png
20,97,0,0,0,xy/hypno.png
20,98,0,0,0,xy/krabby.png
20,99,0,0,0,xy/kingler.png
20,99,0,1,0,xy/right/kingler.png
20,100,0,0,0,xy/voltorb.png
20,101,0,0,0,xy/electrode.png
20,102,0,0,0,xy/exeggcute.png
20,103,0,0,0,xy/exeggutor.png
20,104,0,0,0,xy/cubone.png
20,105,0,0,0,xy/marowak.png
20,106,0,0,0,xy/hitmonlee.png
20,107,0,0,0,xy/hitmonchan.png
20,108,0,0,0,xy/lickitung.png
20,109,0,0,0,xy/koffing.png
20,110,0,0,0,xy/weezing.png
20,111,0,0,0,xy/rhyhorn.png
20,112,0,0,0,xy/rhydon.png
20,113,0,0,0,xy/chansey.png
20,114,0,0,0,xy/tangela.png
20,115,0,0,0,xy/kangaskhan.png
20,116,0,0,0,xy/horsea.png
20,117,0,0,0,xy/seadra.png
20,118,0,0,0,xy/goldeen.png
20,119,0,0,0,xy/seaking.png
20,120,0,0,0,xy/staryu.png
20,121,0,0,0,xy/starmie.png
20,122,0,0,0,xy/mr-mime.png
20,123,0,0,0,xy/scyther.png
20,124,0,0,0,xy/jynx.png
20,125,0,0,0,xy/electabuzz.png
20,126,0,0,0,xy/magmar.png
20,127,0,0,0,xy/pinsir.png
20,128,0,0,0,xy/tauros.png
20,129,0,0,0,xy/magikarp.png
20,130,0,0,0,xy/gyarados.png
20,131,0,0,0,xy/lapras.png
20,132,0,0,0,xy/ditto.png
20,133,0,0,0,xy/eevee.png
20,134,0,0,0,xy/vaporeon.png
20,135,0,0,0,xy/jolteon.png
20,136,0,0,0,xy/flareon.png
20,137,0,0,0,xy/porygon.png
20,138,0,0,0,xy/omanyte.png
20,139,0,0,0,xy/omastar.png
20,140,0,0,0,xy/kabuto.png
20,141,0,0,0,xy/kabutops.png
20,142,0,0,0,xy/aerodactyl.png
20,143,0,0,0,xy/snorlax.png
20,144,0,0,0,xy/articuno.png
20,145,0,0,0,xy/zapdos.png
20,146,0,0,0,xy/moltres.png
20,147,0,0,0,xy/dratini.png
20,148,0,0,0,xy/dragonair.png
20,149,0,0,0,xy/dragonite.png
20,150,0,0,0,xy/mewtwo.png
20,151,0,0,0,xy/mew.png
20,152,0,0,0,xy/chikorita.png
20,153,0,0,0,xy/bayleef.png
20,154,0,0,0,xy/meganium.png
20,155,0,0,0,xy/cyndaquil.png
20,156,0,0,0,xy/quilava.png
20,157,0,0,0,xy/typhlosion.png
20,158,0,0,0,xy/totodile.png
20,159,0,0,0,xy/croconaw.png
20,159,0,1,0,xy/right/croconaw.png
20,160,0,0,0,xy/feraligatr.png
20,161,0,0,0,xy/sentret.png
20,162,0,0,0,xy/furret.png
20,163,0,0,0,xy/hoothoot.png
20,164,0,0,0,xy/noctowl.png
20,165,0,0,0,xy/ledyba.png
20,166,0,0,0,xy/ledian.png
20,167,0,0,0,xy/spinarak.png
20,168,0,0,0,xy/ariados.png
20,169,0,0,0,xy/crobat.png
20,170,0,0,0,xy/chinchou.png
20,171,0,0,0,xy/lanturn.png
20,172,0,0,0,xy/pichu.png
20,173,0,0,0,xy/cleffa.png
20,173,0,1,0,xy/right/cleffa.png
20,174,0,0,0,xy/igglybuff.png
20,174,0,1,0,xy/right/igglybuff.png
20,175,0,0,0,xy/togepi.png
20,176,0,0,0,xy/togetic.png
20,177,0,0,0,xy/natu.png
20,178,0,0,0,xy/xatu.png
20,179,0,0,0,xy/mareep.png
20,180,0,0,0,xy/flaaffy.png
20,181,0,0,0,xy/ampharos.png
20,182,0,0,0,xy/bellossom.png
20,183,0,0,0,xy/marill.png
20,184,0,0,0,xy/azumarill.png
20,185,0,0,0,xy/sudowoodo.png
20,186,0,0,0,xy/politoed.png
20,186,0,1,0,xy/right/politoed.png
20,187,0,0,0,xy/hoppip.png
20,188,0,0,0,xy/skiploom.png
20,189,0,0,0,xy/jumpluff.png
20,190,0,0,0,xy/aipom.png
20,191,0,0,0,xy/sunkern.png
20,192,0,0,0,xy/sunflora.png
20,193,0,0,0,xy/yanma.png
20,194,0,0,0,xy/wooper.png
20,195,0,0,0,xy/quagsire.png
20,196,0,0,0,xy/espeon.png
20,197,0,0,0,xy/umbreon.png
20,198,0,0,0,xy/murkrow.png
20,199,0,0,0,xy/slowking.png
20,200,0,0,0,xy/misdreavus.png
20,201,0,0,0,xy/unown-a.png
20,202,0,0,0,xy/wobbuffet.png
20,203,0,0,0,xy/girafarig.png
20,204,0,0,0,xy/pineco.png
20,205,0,0,0,xy/forretress.png
20,206,0,0,0,xy/dunsparce.png
20,207,0,0,0,xy/gligar.png
20,208,0,0,0,xy/steelix.png
20,209,0,0,0,xy/snubbull.png
20,210,0,0,0,xy/granbull.png
20,211,0,0,0,xy/qwilfish.png
20,212,0,0,0,xy/scizor.png
20,213,0,0,0,xy/shuckle.png
20,214,0,0,0,xy/heracross.png
20,215,0,0,0,xy/sneasel.png
20,215,0,1,0,xy/right/sneasel.png
20,216,0,0,0,xy/teddiursa.png
20,216,0,1,0,xy/right/teddiursa.png
20,217,0,0,0,xy/ursaring.png
20,218,0,0,0,xy/slugma.png
20,219,0,0,0,xy/magcargo.png
20,220,0,0,0,xy/swinub.png
20,221,0,0,0,xy/piloswine.png
20,222,0,0,0,xy/corsola.png
20,223,0,0,0,xy/remoraid.png
20,224,0,0,0,xy/octillery.png
20,225,0,0,0,xy/delibird.png
20,226,0,0,0,xy/mantine.png
20,227,0,0,0,xy/skarmory.png
20,228,0,0,0,xy/houndour.png
20,229,0,0,0,xy/houndoom.png
20,230,0,0,0,xy/kingdra.png
20,231,0,0,0,xy/phanpy.png
20,232,0,0,0,xy/donphan.png
20,233,0,0,0,xy/porygon2.png
20,234,0,0,0,xy/stantler.png
20,235,0,0,0,xy/smeargle.png
20,236,0,0,0,xy/tyrogue.png
20,237,0,0,0,xy/hitmontop.png
20,238,0,0,0,xy/smoochum.png
20,239,0,0,0,xy/elekid.png
20,240,0,0,0,xy/magby.png
20,241,0,0,0,xy/miltank.png
20,242,0,0,0,xy/blissey.png
20,243,0,0,0,xy/raikou.png
20,244,0,0,0,xy/entei.png
20,245,0,0,0,xy/suicune.png
20,246,0,0,0,xy/larvitar.png
20,247,0,0,0,xy/pupitar.png
20,248,0,0,0,xy/tyranitar.png
20,249,0,0,0,xy/lugia.png
20,250,0,0,0,xy/ho-oh.png
20,251,0,0,0,xy/celebi.png
20,252,0,0,0,xy/treecko.png
20,253,0,0,0,xy/grovyle.png
20,254,0,0,0,xy/sceptile.png
20,255,0,0,0,xy/torchic.png
20,256,0,0,0,xy/combusken.png
20,257,0,0,0,xy/blaziken.png
20,258,0,0,0,xy/mudkip.png
20,259,0,0,0,xy/marshtomp.png
20,260,0,0,0,xy/swampert.png
20,261,0,0,0,xy/poochyena.png
20,262,0,0,0,xy/mightyena.png
20,263,0,0,0,xy/zigzagoon.png
20,264,0,0,0,xy/linoone.png
20,265,0,0,0,xy/wurmple.png
20,266,0,0,0,xy/silcoon.png
20,267,0,0,0,xy/beautifly.png
20,268,0,0,0,xy/cascoon.png
20,269,0,0,0,xy/dustox.png
20,270,0,0,0,xy/lotad.png
20,271,0,0,0,xy/lombre.png
20,272,0,0,0,xy/ludicolo.png
20,273,0,0,0,xy/seedot.png
20,274,0,0,0,xy/nuzleaf.png
20,275,0,0,0,xy/shiftry.png
20,276,0,0,0,xy/taillow.png
20,277,0,0,0,xy/swellow.png
20,278,0,0,0,xy/wingull.png
20,279,0,0,0,xy/pelipper.png
20,280,0,0,0,xy/ralts.png
20,281,0,0,0,xy/kirlia.png
20,282,0,0,0,xy/gardevoir.png
20,283,0,0,0,xy/surskit.png
20,284,0,0,0,xy/masquerain.png
20,285,0,0,0,xy/shroomish.png
20,286,0,0,0,xy/breloom.png
20,287,0,0,0,xy/slakoth.png
20,288,0,0,0,xy/vigoroth.png
20,289,0,0,0,xy/slaking.png
20,290,0,0,0,xy/nincada.png
20,291,0,0,0,xy/ninjask.png
20,292,0,0,0,xy/shedinja.png
20,293,0,0,0,xy/whismur.png
20,294,0,0,0,xy/loudred.png
20,295,0,0,0,xy/exploud.png
20,296,0,0,0,xy/makuhita.png
20,297,0,0,0,xy/hariyama.png
20,298,0,0,0,xy/azurill.png
20,299,0,0,0,xy/nosepass.png
20,300,0,0,0,xy/skitty.png
20,301,0,0,0,xy/delcatty.png
20,302,0,0,0,xy/sableye.png
20,303,0,0,0,xy/mawile.png
20,304,0,0,0,xy/aron.png
20,305,0,0,0,xy/lairon.png
20,306,0,0,0,xy/aggron.png
20,307,0,0,0,xy/meditite.png
20,308,0,0,0,xy/medicham.png
20,309,0,0,0,xy/electrike.png
20,310,0,0,0,xy/manectric.png
20,311,0,0,0,xy/plusle.png
20,312,0,0,0,xy/minun.png
20,313,0,0,0,xy/volbeat.png
20,314,0,0,0,xy/illumise.png
20,315,0,0,0,xy/roselia.png
20,315,0,1,0,xy/right/roselia.png
20,316,0,0,0,xy/gulpin.png
20,317,0,0,0,xy/swalot.png
20,318,0,0,0,xy/carvanha.png
20,319,0,0,0,xy/sharpedo.png
20,320,0,0,0,xy/wailmer.png
20,321,0,0,0,xy/wailord.png
20,322,0,0,0,xy/numel.png
20,323,0,0,0,xy/camerupt.png
20,324,0,0,0,xy/torkoal.png
20,325,0,0,0,xy/spoink.png
20,326,0,0,0,xy/grumpig.png
20,327,0,0,0,xy/spinda.png
20,328,0,0,0,xy/trapinch.png
20,329,0,0,0,xy/vibrava.png
20,330,0,0,0,xy/flygon.png
20,331,0,0,0,xy/cacnea.png
20,332,0,0,0,xy/cacturne.png
20,333,0,0,0,xy/swablu.png
20,334,0,0,0,xy/altaria.png
20,335,0,0,0,xy/zangoose.png
20,335,0,1,0,xy/right/zangoose.png
20,336,0,0,0,xy/seviper.png
20,336,0,1,0,xy/right/seviper.png
20,337,0,0,0,xy/lunatone.png
20,338,0,0,0,xy/solrock.png
20,339,0,0,0,xy/barboach.png
20,340,0,0,0,xy/whiscash.png
20,341,0,0,0,xy/corphish.png
20,342,0,0,0,xy/crawdaunt.png
20,343,0,0,0,xy/baltoy.png
20,344,0,0,0,xy/claydol.png
20,345,0,0,0,xy/lileep.png
20,346,0,0,0,xy/cradily.png
20,347,0,0,0,xy/anorith.png
20,348,0,0,0,xy/armaldo.png
20,349,0,0,0,xy/feebas.png
20,350,0,0,0,xy/milotic.png
20,351,0,0,0,xy/castform.png
20,352,0,0,0,xy/kecleon.png
20,353,0,0,0,xy/shuppet.png
20,354,0,0,0,xy/banette.png
20,355,0,0,0,xy/duskull.png
20,356,0,0,0,xy/dusclops.png
20,357,0,0,0,xy/tropius.png
20,358,0,0,0,xy/chimecho.png
20,359,0,0,0,xy/absol.png
20,359,0,1,0,xy/right/absol.png
20,360,0,0,0,xy/wynaut.png
20,361,0,0,0,xy/snorunt.png
20,362,0,0,0,xy/glalie.png
20,363,0,0,0,xy/spheal.png
20,364,0,0,0,xy/sealeo.png
20,365,0,0,0,xy/walrein.png
20,366,0,0,0,xy/clamperl.png
20,367,0,0,0,xy/huntail.png
20,368,0,0,0,xy/gorebyss.png
20,369,0,0,0,xy/relicanth.png
20,370,0,0,0,xy/luvdisc.png
20,371,0,0,0,xy/bagon.png
20,372,0,0,0,xy/shelgon.png
20,373,0,0,0,xy/salamence.png
20,374,0,0,0,xy/beldum.png
20,375,0,0,0,xy/metang.png
20,376,0,0,0,xy/metagross.png
20,377,0,0,0,xy/regirock.png
20,377,0,1,0,xy/right/regirock.png
20,378,0,0,0,xy/regice.png
20,379,0,0,0,xy/registeel.png
20,380,0,0,0,xy/latias.png
20,381,0,0,0,xy/latios.png
20,382,0,0,0,xy/kyogre.png
20,383,0,0,0,xy/groudon.png
20,384,0,0,0,xy/rayquaza.png
20,385,0,0,0,xy/jirachi.png
20,386,0,0,0,xy/deoxys-normal.png
20,387,0,0,0,xy/turtwig.png
20,388,0,0,0,xy/grotle.png
20,389,0,0,0,xy/torterra.png
20,389,0,1,0,xy/right/torterra.png
20,390,0,0,0,xy/chimchar.png
20,391,0,0,0,xy/monferno.png
20,392,0,0,0,xy/infernape.png
20,393,0,0,0,xy/piplup.png
20,394,0,0,0,xy/prinplup.png
20,395,0,0,0,xy/empoleon.png
20,396,0,0,0,xy/starly.png
20,397,0,0,0,xy/staravia.png
20,398,0,0,0,xy/staraptor.png
20,399,0,0,0,xy/bidoof.png
20,400,0,0,0,xy/bibarel.png
20,401,0,0,0,xy/kricketot.png
20,402,0,0,0,xy/kricketune.png
20,403,0,0,0,xy/shinx.png
20,404,0,0,0,xy/luxio.png
20,405,0,0,0,xy/luxray.png
20,406,0,0,0,xy/budew.png
20,406,0,1,0,xy/right/budew.png
20,407,0,0,0,xy/roserade.png
20,407,0,1,0,xy/right/roserade.png
20,408,0,0,0,xy/cranidos.png
20,409,0,0,0,xy/rampardos.png
20,410,0,0,0,xy/shieldon.png
20,411,0,0,0,xy/bastiodon.png
20,412,0,0,0,xy/burmy-plant.png
20,413,0,0,0,xy/wormadam-plant.png
20,414,0,0,0,xy/mothim.png
20,415,0,0,0,xy/combee.png
20,416,0,0,0,xy/vespiquen.png
20,417,0,0,0,xy/pachirisu.png
20,418,0,0,0,xy/buizel.png
20,419,0,0,0,xy/floatzel.png
20,420,0,0,0,xy/cherubi.png
20,421,0,0,0,xy/cherrim-overcast.png
20,422,0,0,0,xy/shellos-west.png
20,423,0,0,0,xy/gastrodon-west.png
20,424,0,0,0,xy/ambipom.png
20,425,0,0,0,xy/drifloon.png
20,426,0,0,0,xy/drifblim.png
20,427,0,0,0,xy/buneary.png
20,428,0,0,0,xy/lopunny.png
20,429,0,0,0,xy/mismagius.png
20,430,0,0,0,xy/honchkrow.png
20,431,0,0,0,xy/glameow.png
20,432,0,0,0,xy/purugly.png
20,433,0,0,0,xy/chingling.png
20,434,0,0,0,xy/stunky.png
20,435,0,0,0,xy/skuntank.png
20,436,0,0,0,xy/bronzor.png
20,437,0,0,0,xy/bronzong.png
20,438,0,0,0,xy/bonsly.png
20,439,0,0,0,xy/mime-jr.png
20,440,0,0,0,xy/happiny.png
20,441,0,0,0,xy/chatot.png
20,442,0,0,0,xy/spiritomb.png
20,443,0,0,0,xy/gible.png
20,444,0,0,0,xy/gabite.png
20,445,0,0,0,xy/garchomp.png
20,446,0,0,0,xy/munchlax.png
20,447,0,0,0,xy/riolu.png
20,448,0,0,0,xy/lucario.png
20,449,0,0,0,xy/hippopotas.png
20,450,0,0,0,xy/hippowdon.png
20,451,0,0,0,xy/skorupi.png
20,452,0,0,0,xy/drapion.png
20,453,0,0,0,xy/croagunk.png
20,454,0,0,0,xy/toxicroak.png
20,455,0,0,0,xy/carnivine.png
20,456,0,0,0,xy/finneon.png
20,457,0,0,0,xy/lumineon.png
20,458,0,0,0,xy/mantyke.png
20,459,0,0,0,xy/snover.png
20,460,0,0,0,xy/abomasnow.png
20,461,0,0,0,xy/weavile.png
20,462,0,0,0,xy/magnezone.png
20,463,0,0,0,xy/lickilicky.png
20,464,0,0,0,xy/rhyperior.png
20,465,0,0,0,xy/tangrowth.png
20,466,0,0,0,xy/electivire.png
20,467,0,0,0,xy/magmortar.png
20,467,0,1,0,xy/right/magmortar.png
20,468,0,0,0,xy/togekiss.png
20,468,0,1,0,xy/right/togekiss.png
20,469,0,0,0,xy/yanmega.png
20,470,0,0,0,xy/leafeon.png
20,471,0,0,0,xy/glaceon.png
20,472,0,0,0,xy/gliscor.png
20,473,0,0,0,xy/mamoswine.png
20,474,0,0,0,xy/porygon-z.png
20,475,0,0,0,xy/gallade.png
20,476,0,0,0,xy/probopass.png
20,477,0,0,0,xy/dusknoir.png
20,478,0,0,0,xy/froslass.png
20,479,0,0,0,xy/rotom.png
20,480,0,0,0,xy/uxie.png
20,481,0,0,0,xy/mesprit.png
20,482,0,0,0,xy/azelf.png
20,483,0,0,0,xy/dialga.png
20,484,0,0,0,xy/palkia.png
20,485,0,0,0,xy/heatran.png
20,486,0,0,0,xy/regigigas.png
20,487,0,0,0,xy/giratina-altered.png
20,488,0,0,0,xy/cresselia.png
20,489,0,0,0,xy/phione.png
20,490,0,0,0,xy/manaphy.png
20,491,0,0,0,xy/darkrai.png
20,492,0,0,0,xy/shaymin-land.png
20,493,0,0,0,xy/arceus.png
20,494,0,0,0,xy/victini.png
20,495,0,0,0,xy/snivy.png
20,496,0,0,0,xy/servine.png
20,497,0,0,0,xy/serperior.png
20,498,0,0,0,xy/tepig.png
20,499,0,0,0,xy/pignite.png
20,500,0,0,0,xy/emboar.png
20,500,0,1,0,xy/right/emboar.png
20,501,0,0,0,xy/oshawott.png
20,502,0,0,0,xy/dewott.png
20,503,0,0,0,xy/samurott.png
20,504,0,0,0,xy/patrat.png
20,505,0,0,0,xy/watchog.png
20,506,0,0,0,xy/lillipup.png
20,507,0,0,0,xy/herdier.png
20,508,0,0,0,xy/stoutland.png
20,509,0,0,0,xy/purrloin.png
20,510,0,0,0,xy/liepard.png
20,511,0,0,0,xy/pansage.png
20,512,0,0,0,xy/simisage.png
20,513,0,0,0,xy/pansear.png
20,513,0,1,0,xy/right/pansear.png
20,514,0,0,0,xy/simisear.png
20,514,0,1,0,xy/right/simisear.png
20,515,0,0,0,xy/panpour.png
20,516,0,0,0,xy/simipour.png
20,517,0,0,0,xy/munna.png
20,518,0,0,0,xy/musharna.png
20,519,0,0,0,xy/pidove.png
20,520,0,0,0,xy/tranquill.png
20,521,0,0,0,xy/unfezant-male.png
20,521,1,0,0,xy/unfezant-female.png
20,522,0,0,0,xy/blitzle.png
20,523,0,0,0,xy/zebstrika.png
20,524,0,0,0,xy/roggenrola.png
20,525,0,0,0,xy/boldore.png
20,526,0,0,0,xy/gigalith.png
20,527,0,0,0,xy/woobat.png
20,528,0,0,0,xy/swoobat.png
20,529,0,0,0,xy/drilbur.png
20,529,0,1,0,xy/right/drilbur.png
20,530,0,0,0,xy/excadrill.png
20,530,0,1,0,xy/right/excadrill.png
20,531,0,0,0,xy/audino.png
20,532,0,0,0,xy/timburr.png
20,533,0,0,0,xy/gurdurr.png
20,534,0,0,0,xy/conkeldurr.png
20,535,0,0,0,xy/tympole.png
20,536,0,0,0,xy/palpitoad.png
20,537,0,0,0,xy/seismitoad.png
20,538,0,0,0,xy/throh.png
20,539,0,0,0,xy/sawk.png
20,539,0,1,0,xy/right/sawk.png
20,540,0,0,0,xy/sewaddle.png
20,541,0,0,0,xy/swadloon.png
20,542,0,0,0,xy/leavanny.png
20,543,0,0,0,xy/venipede.png
20,544,0,0,0,xy/whirlipede.png
20,545,0,0,0,xy/scolipede.png
20,546,0,0,0,xy/cottonee.png
20,547,0,0,0,xy/whimsicott.png
20,548,0,0,0,xy/petilil.png
20,549,0,0,0,xy/lilligant.png
20,549,0,1,0,xy/right/lilligant.png
20,550,0,0,0,xy/basculin-red.png
20,551,0,0,0,xy/sandile.png
20,552,0,0,0,xy/krokorok.png
20,553,0,0,0,xy/krookodile.png
20,554,0,0,0,xy/darumaka.png
20,555,0,0,0,xy/darmanitan-standard.png
20,556,0,0,0,xy/maractus.png
20,557,0,0,0,xy/dwebble.png
20,558,0,0,0,xy/crustle.png
20,559,0,0,0,xy/scraggy.png
20,560,0,0,0,xy/scrafty.png
20,561,0,0,0,xy/sigilyph.png
20,562,0,0,0,xy/yamask.png
20,563,0,0,0,xy/cofagrigus.png
20,564,0,0,0,xy/tirtouga.png
20,565,0,0,0,xy/carracosta.png
20,566,0,0,0,xy/archen.png
20,567,0,0,0,xy/archeops.png
20,568,0,0,0,xy/trubbish.png
20,569,0,0,0,xy/garbodor.png
20,569,0,1,0,xy/right/garbodor.png
20,570,0,0,0,xy/zorua.png
20,571,0,0,0,xy/zoroark.png
20,572,0,0,0,xy/minccino.png
20,573,0,0,0,xy/cinccino.png
20,574,0,0,0,xy/gothita.png
20,575,0,0,0,xy/gothorita.png
20,576,0,0,0,xy/gothitelle.png
20,577,0,0,0,xy/solosis.png
20,577,0,1,0,xy/right/solosis.png
20,578,0,0,0,xy/duosion.png
20,579,0,0,0,xy/reuniclus.png
20,580,0,0,0,xy/ducklett.png
20,581,0,0,0,xy/swanna.png
20,582,0,0,0,xy/vanillite.png
20,583,0,0,0,xy/vanillish.png
20,584,0,0,0,xy/vanilluxe.png
20,584,0,1,0,xy/right/vanilluxe.png
20,585,0,0,0,xy/deerling-spring.png
20,586,0,0,0,xy/sawsbuck-spring.png
20,587,0,0,0,xy/emolga.png
20,588,0,0,0,xy/karrablast.png
20,589,0,0,0,xy/escavalier.png
20,590,0,0,0,xy/foongus.png
20,591,0,0,0,xy/amoonguss.png
20,591,0,1,0,xy/right/amoonguss.png
20,592,0,0,0,xy/frillish-male.png
20,592,1,0,0,xy/frillish-female.png
20,593,0,0,0,xy/jellicent-male.png
20,593,1,0,0,xy/jellicent-female.png
20,594,0,0,0,xy/alomomola.png
20,595,0,0,0,xy/joltik.png
20,596,0,0,0,xy/galvantula.png
20,597,0,0,0,xy/ferroseed.png
20,598,0,0,0,xy/ferrothorn.png
20,599,0,0,0,xy/klink.png
20,599,0,1,0,xy/right/klink.png
20,600,0,0,0,xy/klang.png
20,600,0,1,0,xy/right/klang.png
20,601,0,0,0,xy/klinklang.png
20,601,0,1,0,xy/right/klinklang.png
20,602,0,0,0,xy/tynamo.png
20,603,0,0,0,xy/eelektrik.png
20,604,0,0,0,xy/eelektross.png
20,605,0,0,0,xy/elgyem.png
20,606,0,0,0,xy/beheeyem.png
20,607,0,0,0,xy/litwick.png
20,607,0,1,0,xy/right/litwick.png
20,608,0,0,0,xy/lampent.png
20,609,0,0,0,xy/chandelure.png
20,610,0,0,0,xy/axew.png
20,611,0,0,0,xy/fraxure.png
20,612,0,0,0,xy/haxorus.png
20,613,0,0,0,xy/cubchoo.png
20,614,0,0,0,xy/beartic.png
20,615,0,0,0,xy/cryogonal.png
20,616,0,0,0,xy/shelmet.png
20,617,0,0,0,xy/accelgor.png
20,618,0,0,0,xy/stunfisk.png
20,619,0,0,0,xy/mienfoo.png
20,620,0,0,0,xy/mienshao.png
20,621,0,0,0,xy/druddigon.png
20,622,0,0,0,xy/golett.png
20,622,0,1,0,xy/right/golett.png
20,623,0,0,0,xy/golurk.png
20,623,0,1,0,xy/right/golurk.png
20,624,0,0,0,xy/pawniard.png
20,625,0,0,0,xy/bisharp.png
20,626,0,0,0,xy/bouffalant.png
20,627,0,0,0,xy/rufflet.png
20,628,0,0,0,xy/braviary.png
20,629,0,0,0,xy/vullaby.png
20,630,0,0,0,xy/mandibuzz.png
20,631,0,0,0,xy/heatmor.png
20,632,0,0,0,xy/durant.png
20,633,0,0,0,xy/deino.png
20,634,0,0,0,xy/zweilous.png
20,635,0,0,0,xy/hydreigon.png
20,636,0,0,0,xy/larvesta.png
20,637,0,0,0,xy/volcarona.png
20,638,0,0,0,xy/cobalion.png
20,639,0,0,0,xy/terrakion.png
20,640,0,0,0,xy/virizion.png
20,641,0,0,0,xy/tornadus-incarnate.png
20,642,0,0,0,xy/thundurus-incarnate.png
20,643,0,0,0,xy/reshiram.png
20,644,0,0,0,xy/zekrom.png
20,645,0,0,0,xy/landorus-incarnate.png
20,646,0,0,0,xy/kyurem.png
20,646,0,1,0,xy/right/kyurem.png
20,647,0,0,0,xy/keldeo-ordinary.png
20,648,0,0,0,xy/meloetta-aria.png
20,648,0,1,0,xy/right/meloetta-aria.png
20,649,0,0,0,xy/genesect.png
20,650,0,0,0,xy/chespin.png
20,651,0,0,0,xy/quilladin.png
20,652,0,0,0,xy/chesnaught.png
20,653,0,0,0,xy/fennekin.png
20,654,0,0,0,xy/braixen.png
20,655,0,0,0,xy/delphox.png
20,656,0,0,0,xy/froakie.png
20,657,0,0,0,xy/frogadier.png
20,658,0,0,0,xy/greninja.png
20,658,0,1,0,xy/right/greninja.png
20,659,0,0,0,xy/bunnelby.png
20,660,0,0,0,xy/diggersby.png
20,661,0,0,0,xy/fletchling.png
20,662,0,0,0,xy/fletchinder.png
20,663,0,0,0,xy/talonflame.png
20,664,0,0,0,xy/scatterbug.png
20,665,0,0,0,xy/spewpa.png
20,666,0,0,0,xy/vivillon-icy-snow.png
20,667,0,0,0,xy/litleo.png
20,668,0,0,0,xy/pyroar-male.png
20,668,1,0,0,xy/pyroar-female.png
20,669,0,0,0,xy/flabebe-red.png
20,670,0,0,0,xy/floette-red.png
20,671,0,0,0,xy/florges-red.png
20,672,0,0,0,xy/skiddo.png
20,673,0,0,0,xy/gogoat.png
20,674,0,0,0,xy/pancham.png
20,675,0,0,0,xy/pangoro.png
20,676,0,0,0,xy/furfrou-natural.png
20,677,0,0,0,xy/espurr.png
20,678,0,0,0,xy/meowstic-male.png
20,679,0,0,0,xy/honedge.png
20,680,0,0,0,xy/doublade.png
20,681,0,0,0,xy/aegislash-shield.png
20,682,0,0,0,xy/spritzee.png
20,683,0,0,0,xy/aromatisse.png
20,684,0,0,0,xy/swirlix.png
20,685,0,0,0,xy/slurpuff.png
20,686,0,0,0,xy/inkay.png
20,687,0,0,0,xy/malamar.png
20,688,0,0,0,xy/binacle.png
20,689,0,0,0,xy/barbaracle.png
20,689,0,1,0,xy/right/barbaracle.png
20,690,0,0,0,xy/skrelp.png
20,691,0,0,0,xy/dragalge.png
20,692,0,0,0,xy/clauncher.png
20,692,0,1,0,xy/right/clauncher.png
20,693,0,0,0,xy/clawitzer.png
20,693,0,1,0,xy/right/clawitzer.png
20,694,0,0,0,xy/helioptile.png
20,695,0,0,0,xy/heliolisk.png
20,696,0,0,0,xy/tyrunt.png
20,697,0,0,0,xy/tyrantrum.png
20,698,0,0,0,xy/amaura.png
20,699,0,0,0,xy/aurorus.png
20,700,0,0,0,xy/sylveon.png
20,700,0,1,0,xy/right/sylveon.png
20,701,0,0,0,xy/hawlucha.png
20,702,0,0,0,xy/dedenne.png
20,703,0,0,0,xy/carbink.png
20,704,0,0,0,xy/goomy.png
20,705,0,0,0,xy/sliggoo.png
20,706,0,0,0,xy/goodra.png
20,707,0,0,0,xy/klefki.png
20,707,0,1,0,xy/right/klefki.png
20,708,0,0,0,xy/phantump.png
20,709,0,0,0,xy/trevenant.png
20,710,0,0,0,xy/pumpkaboo.png
20,711,0,0,0,xy/gourgeist.png
20,712,0,0,0,xy/bergmite.png
20,713,0,0,0,xy/avalugg.png
20,714,0,0,0,xy/noibat.png
20,715,0,0,0,xy/noivern.png
20,716,0,0,0,xy/xerneas-neutral.png
20,717,0,0,0,xy/yveltal.png
20,718,0,0,0,xy/zygarde-50.png
20,718,0,1,0,xy/right/zygarde-50.png
20,719,0,0,0,xy/diancie.png
20,720,0,0,0,xy/hoopa-confined.png
20,721,0,0,0,xy/volcanion.png
20,722,0,0,0,xy/rowlet.png
20,723,0,0,0,xy/dartrix.png
20,723,0,1,0,xy/right/dartrix.png
20,724,0,0,0,xy/decidueye.png
20,725,0,0,0,xy/litten.png
20,726,0,0,0,xy/torracat.png
20,727,0,0,0,xy/incineroar.png
20,728,0,0,0,xy/popplio.png
20,729,0,0,0,xy/brionne.png
20,730,0,0,0,xy/primarina.png
20,731,0,0,0,xy/pikipek.png
20,732,0,0,0,xy/trumbeak.png
20,733,0,0,0,xy/toucannon.png
20,734,0,0,0,xy/yungoos.png
20,735,0,0,0,xy/gumshoos.png
20,736,0,0,0,xy/grubbin.png
20,737,0,0,0,xy/charjabug.png
20,738,0,0,0,xy/vikavolt.png
20,739,0,0,0,xy/crabrawler.png
20,740,0,0,0,xy/crabominable.png
20,741,0,0,0,xy/oricorio-baile.png
20,742,0,0,0,xy/cutiefly.png
20,743,0,0,0,xy/ribombee.png
20,744,0,0,0,xy/rockruff.png
20,745,0,0,0,xy/lycanroc-midday.png
20,746,0,0,0,xy/wishiwashi-solo.png
20,747,0,0,0,xy/mareanie.png
20,748,0,0,0,xy/toxapex.png
20,749,0,0,0,xy/mudbray.png
20,750,0,0,0,xy/mudsdale.png
20,751,0,0,0,xy/dewpider.png
20,752,0,0,0,xy/araquanid.png
20,753,0,0,0,xy/fomantis.png
20,754,0,0,0,xy/lurantis.png
20,755,0,0,0,xy/morelull.png
20,756,0,0,0,xy/shiinotic.png
20,757,0,0,0,xy/salandit.png
20,758,0,0,0,xy/salazzle.png
20,759,0,0,0,xy/stufful.png
20,760,0,0,0,xy/bewear.png
20,761,0,0,0,xy/bounsweet.png
20,762,0,0,0,xy/steenee.png
20,762,0,1,0,xy/right/steenee.png
20,763,0,0,0,xy/tsareena.png
20,763,0,1,0,xy/right/tsareena.png
20,764,0,0,0,xy/comfey.png
20,764,0,1,0,xy/right/comfey.png
20,765,0,0,0,xy/oranguru.png
20,766,0,0,0,xy/passimian.png
20,767,0,0,0,xy/wimpod.png
20,768,0,0,0,xy/golisopod.png
20,769,0,0,0,xy/sandygast.png
20,770,0,0,0,xy/palossand.png
20,771,0,0,0,xy/pyukumuku.png
20,772,0,0,0,xy/type-null.png
20,773,0,0,0,xy/silvally.png
20,774,0,0,0,xy/minior-meteor.png
20,774,0,1,0,xy/right/minior-meteor.png
20,775,0,0,0,xy/komala.png
20,776,0,0,0,xy/turtonator.png
20,777,0,0,0,xy/togedemaru.png
20,778,0,0,0,xy/mimikyu.png
20,779,0,0,0,xy/bruxish.png
20,780,0,0,0,xy/drampa.png
20,781,0,0,0,xy/dhelmise.png
20,781,0,1,0,xy/right/dhelmise.png
20,782,0,0,0,xy/jangmo-o.png
20,783,0,0,0,xy/hakamo-o.png
20,784,0,0,0,xy/kommo-o.png
20,785,0,0,0,xy/tapu-koko.png
20,786,0,0,0,xy/tapu-lele.png
20,787,0,0,0,xy/tapu-bulu.png
20,788,0,0,0,xy/tapu-fini.png
20,789,0,0,0,xy/cosmog.png
20,790,0,0,0,xy/cosmoem.png
20,791,0,0,0,xy/solgaleo.png
20,792,0,0,0,xy/lunala.png
20,793,0,0,0,xy/nihilego.png
20,794,0,0,0,xy/buzzwole.png
20,795,0,0,0,xy/pheromosa.png
20,796,0,0,0,xy/xurkitree.png
20,797,0,0,0,xy/celesteela.png
20,798,0,0,0,xy/kartana.png
20,799,0,0,0,xy/guzzlord.png
20,800,0,0,0,xy/necrozma.png
20,800,0,1,0,xy/right/necrozma.png
20,801,0,0,0,xy/magearna.png
20,802,0,0,0,xy/marshadow.png
20,802,0,1,0,xy/right/marshadow.png
20,803,0,0,0,xy/poipole.png
20,804,0,0,0,xy/naganadel.png
20,805,0,0,0,xy/stakataka.png
20,805,0,1,0,xy/right/stakataka.png
20,806,0,0,0,xy/blacephalon.png
20,806,0,1,0,xy/right/blacephalon.png
20,807,0,0,0,xy/zeraora.png
20,10001,0,0,0,xy/castform-sunny.png
20,10002,0,0,0,xy/castform-rainy.png
20,10003,0,0,0,xy/castform-snowy.png
20,10003,0,1,0,xy/right/castform-snowy.png
20,10004,0,0,0,xy/deoxys-attack.png
20,10005,0,0,0,xy/deoxys-defense.png
20,10006,0,0,0,xy/deoxys-speed.png
20,10007,0,0,0,xy/wormadam-sandy.png
20,10008,0,0,0,xy/wormadam-trash.png
20,10009,0,0,0,xy/arceus.png
20,10010,0,0,0,xy/arceus.png
20,10011,0,0,0,xy/arceus.png
20,10012,0,0,0,xy/arceus.png
20,10013,0,0,0,xy/arceus.png
20,10014,0,0,0,xy/arceus.png
20,10015,0,0,0,xy/arceus.png
20,10016,0,0,0,xy/arceus.png
20,10017,0,0,0,xy/arceus.png
20,10018,0,0,0,xy/arceus.png
20,10019,0,0,0,xy/arceus.png
20,10020,0,0,0,xy/arceus.png
20,10021,0,0,0,xy/arceus.png
20,10022,0,0,0,xy/arceus.png
20,10023,0,0,0,xy/arceus.png
20,10024,0,0,0,xy/arceus.png
20,10025,0,0,0,xy/rotom-heat.png
20,10026,0,0,0,xy/rotom-wash.png
20,10026,0,1,0,xy/right/rotom-wash.png
20,10027,0,0,0,xy/rotom-frost.png
20,10028,0,0,0,xy/rotom-fan.png
20,10029,0,0,0,xy/rotom-mow.png
20,10030,0,0,0,xy/giratina-origin.png
20,10031,0,0,0,xy/shaymin-sky.png
20,10031,0,1,0,xy/right/shaymin-sky.png
20,10033,0,0,0,xy/basculin-blue.png
20,10034,0,0,0,xy/darmanitan-zen.png
20,10035,0,0,0,xy/meloetta-pirouette.png
20,10036,0,0,0,xy/tornadus-therian.png
20,10037,0,0,0,xy/thundurus-therian.png
20,10038,0,0,0,xy/landorus-therian.png
20,10039,0,0,0,xy/kyurem-white.png
20,10039,0,1,0,xy/right/kyurem-white.png
20,10040,0,0,0,xy/kyurem-black.png
20,10040,0,1,0,xy/right/kyurem-black.png
20,10041,0,0,0,xy/venusaur-mega.png
20,10042,0,0,0,xy/charizard-mega-x.png
20,10043,0,0,0,xy/charizard-mega-y.png
20,10044,0,0,0,xy/blastoise-mega.png
20,10045,0,0,0,xy/alakazam-mega.png
20,10046,0,0,0,xy/gengar-mega.png
20,10047,0,0,0,xy/kangaskhan-mega.png
20,10048,0,0,0,xy/pinsir-mega.png
20,10049,0,0,0,xy/gyarados-mega.png
20,10050,0,0,0,xy/aerodactyl-mega.png
20,10051,0,0,0,xy/mewtwo-mega-x.png
20,10052,0,0,0,xy/mewtwo-mega-y.png
20,10053,0,0,0,xy/ampharos-mega.png
20,10054,0,0,0,xy/scizor-mega.png
20,10055,0,0,0,xy/heracross-mega.png
20,10056,0,0,0,xy/houndoom-mega.png
20,10057,0,0,0,xy/tyranitar-mega.png
20,10058,0,0,0,xy/blaziken-mega.png
20,10059,0,0,0,xy/gardevoir-mega.png
20,10060,0,0,0,xy/mawile-mega.png
20,10061,0,0,0,xy/aggron-mega.png
20,10062,0,0,0,xy/medicham-mega.png
20,10063,0,0,0,xy/manectric-mega.png
20,10064,0,0,0,xy/banette-mega.png
20,10065,0,0,0,xy/absol-mega.png
20,10065,0,1,0,xy/right/absol-mega.png
20,10066,0,0,0,xy/latias-mega.png
20,10067,0,0,0,xy/latios-mega.png
20,10068,0,0,0,xy/garchomp-mega.png
20,10069,0,0,0,xy/lucario-mega.png
20,10070,0,0,0,xy/abomasnow-mega.png
20,10071,0,0,0,xy/arceus.png
20,10072,0,0,0,xy/floette-eternal.png
20,10073,0,0,0,xy/meowstic-female.png
20,10074,0,0,0,xy/aegislash-blade.png
20,10075,0,0,0,xy/pumpkaboo.png
20,10076,0,0,0,xy/pumpkaboo.png
20,10077,0,0,0,xy/pumpkaboo.png
20,10078,0,0,0,xy/gourgeist.png
20,10079,0,0,0,xy/gourgeist.png
20,10080,0,0,0,xy/gourgeist.png
20,10081,0,0,0,xy/beedrill-mega.png
20,10082,0,0,0,xy/pidgeot-mega.png
20,10089,0,0,0,xy/slowbro-mega.png
20,10090,0,0,0,xy/steelix-mega.png
20,10091,0,0,0,xy/sceptile-mega.png
20,10092,0,0,0,xy/swampert-mega.png
20,10093,0,0,0,xy/sableye-mega.png
20,10094,0,0,0,xy/sharpedo-mega.png
20,10095,0,0,0,xy/camerupt-mega.png
20,10096,0,0,0,xy/altaria-mega.png
20,10097,0,0,0,xy/glalie-mega.png
20,10098,0,0,0,xy/salamence-mega.png
20,10099,0,0,0,xy/metagross-mega.png
20,10100,0,0,0,xy/kyogre-primal.png
20,10101,0,0,0,xy/groudon-primal.png
20,10102,0,0,0,xy/rayquaza-mega.png
20,10103,0,0,0,xy/lopunny-mega.png
20,10104,0,0,0,xy/gallade-mega.png
20,10105,0,0,0,xy/audino-mega.png
20,10106,0,0,0,xy/diancie-mega.png
20,10107,0,0,0,xy/hoopa-unbound.png
20,10108,0,0,0,xy/rattata-alola.png
20,10109,0,0,0,xy/raticate-alola.png
20,10110,0,0,0,xy/pikachu-cap-original.png
20,10110,0,1,0,xy/right/pikachu-cap-original.png
20,10111,0,0,0,xy/raichu-alola.png
20,10112,0,0,0,xy/sandshrew-alola.png
20,10113,0,0,0,xy/sandslash-alola.png
20,10114,0,0,0,xy/vulpix-alola.png
20,10115,0,0,0,xy/ninetales-alola.png
20,10116,0,0,0,xy/diglett-alola.png
20,10117,0,0,0,xy/dugtrio-alola.png
20,10117,0,1,0,xy/right/dugtrio-alola.png
20,10118,0,0,0,xy/meowth-alola.png
20,10119,0,0,0,xy/persian-alola.png
20,10120,0,0,0,xy/geodude-alola.png
20,10121,0,0,0,xy/graveler-alola.png
20,10122,0,0,0,xy/golem-alola.png
20,10123,0,0,0,xy/grimer-alola.png
20,10124,0,0,0,xy/muk-alola.png
20,10124,0,1,0,xy/right/muk-alola.png
20,10125,0,0,0,xy/exeggutor-alola.png
20,10126,0,0,0,xy/marowak-alola.png
20,10127,0,0,0,xy/greninja.png
20,10127,0,1,0,xy/right/greninja.png
20,10128,0,0,0,xy/greninja-ash.png
20,10128,0,1,0,xy/right/greninja-ash.png
20,10129,0,0,0,xy/zygarde-10.png
20,10129,0,1,0,xy/right/zygarde-10.png
20,10130,0,0,0,xy/zygarde-10.png
20,10130,0,1,0,xy/right/zygarde-10.png
20,10131,0,0,0,xy/zygarde-50.png
20,10131,0,1,0,xy/right/zygarde-50.png
20,10132,0,0,0,xy/zygarde-complete.png
20,10132,0,1,0,xy/right/zygarde-complete.png
20,10133,0,0,0,xy/oricorio-pom-pom.png
20,10134,0,0,0,xy/oricorio-pa-u.png
20,10135,0,0,0,xy/oricorio-sensu.png
20,10136,0,0,0,xy/lycanroc-midnight.png
20,10137,0,0,0,xy/wishiwashi-school.png
20,10138,0,0,0,xy/silvally.png
20,10139,0,0,0,xy/silvally.png
20,10140,0,0,0,xy/silvally.png
20,10141,0,0,0,xy/silvally.png
20,10142,0,0,0,xy/silvally.png
20,10143,0,0,0,xy/silvally.png
20,10144,0,0,0,xy/silvally.png
20,10145,0,0,0,xy/silvally.png
20,10146,0,0,0,xy/silvally.png
20,10147,0,0,0,xy/silvally.png
20,10148,0,0,0,xy/silvally.png
20,10149,0,0,0,xy/silvally.png
20,10150,0,0,0,xy/silvally.png
20,10151,0,0,0,xy/silvally.png
20,10152,0,0,0,xy/silvally.png
20,10153,0,0,0,xy/silvally.png
20,10154,0,0,0,xy/silvally.png
20,10155,0,0,0,xy/minior-core-red.png
20,10155,0,1,0,xy/right/minior-core-red.png
20,10156,0,0,0,xy/rockruff.png
20,10157,0,0,0,xy/lycanroc-dusk.png
20,10158,0,0,0,xy/necrozma-dusk-mane.png
20,10158,0,1,0,xy/right/necrozma-dusk-mane.png
20,10159,0,0,0,xy/necrozma-dawn-wings.png
20,10159,0,1,0,xy/right/necrozma-dawn-wings.png
20,10160,0,0,0,xy/necrozma-ultra.png
20,10160,0,1,0,xy/right/necrozma-ultra.png
20,20001,0,0,0,xy/unown-b.png
20,20001,0,1,0,xy/right/unown-b.png
20,20002,0,0,0,xy/unown-c.png
20,20002,0,1,0,xy/right/unown-c.png
20,20003,0,0,0,xy/unown-d.png
20,20003,0,1,0,xy/right/unown-d.png
20,20004,0,0,0,xy/unown-e.png
20,20004,0,1,0,xy/right/unown-e.png
20,20005,0,0,0,xy/unown-f.png
20,20005,0,1,0,xy/right/unown-f.png
20,20006,0,0,0,xy/unown-g.png
20,20006,0,1,0,xy/right/unown-g.png
20,20007,0,0,0,xy/unown-h.png
20,20007,0,1,0,xy/right/unown-h.png
20,20008,0,0,0,xy/unown-i.png
20,20009,0,0,0,xy/unown-j.png
20,20009,0,1,0,xy/right/unown-j.png
20,20010,0,0,0,xy/unown-k.png
20,20010,0,1,0,xy/right/unown-k.png
20,20011,0,0,0,xy/unown-l.png
20,20011,0,1,0,xy/right/unown-l.png
20,20012,0,0,0,xy/unown-m.png
20,20012,0,1,0,xy/right/unown-m.png
20,20013,0,0,0,xy/unown-n.png
20,20013,0,1,0,xy/right/unown-n.png
20,20014,0,0,0,xy/unown-o.png
20,20015,0,0,0,xy/unown-p.png
20,20015,0,1,0,xy/right/unown-p.png
20,20016,0,0,0,xy/unown-q.png
20,20016,0,1,0,xy/right/unown-q.png
20,20017,0,0,0,xy/unown-r.png
20,20017,0,1,0,xy/right/unown-r.png
20,20018,0,0,0,xy/unown-s.png
20,20018,0,1,0,xy/right/unown-s.png
20,20019,0,0,0,xy/unown-t.png
20,20019,0,1,0,xy/right/unown-t.png
20,20020,0,0,0,xy/unown-u.png
20,20021,0,0,0,xy/unown-v.png
20,20021,0,1,0,xy/right/unown-v.png
20,20022,0,0,0,xy/unown-w.png
20,20023,0,0,0,xy/unown-x.png
20,20024,0,0,0,xy/unown-y.png
20,20025,0,0,0,xy/unown-z.png
20,20025,0,1,0,xy/right/unown-z.png
20,20026,0,0,0,xy/unown-exclamation.png
20,20027,0,0,0,xy/unown-question.png
20,20027,0,1,0,xy/right/unown-question.png
20,20028,0,0,0,xy/burmy-sandy.png
20,20029,0,0,0,xy/burmy-trash.png
20,20030,0,0,0,xy/cherrim-sunshine.png
20,20031,0,0,0,xy/shellos-east.png
20,20032,0,0,0,xy/gastrodon-east.png
20,20033,0,0,0,xy/deerling-summer.png
20,20034,0,0,0,xy/deerling-autumn.png
20,20035,0,0,0,xy/deerling-winter.png
20,20036,0,0,0,xy/sawsbuck-summer.png
20,20037,0,0,0,xy/sawsbuck-autumn.png
20,20038,0,0,0,xy/sawsbuck-winter.png
20,20039,0,0,0,xy/genesect.png
20,20040,0,0,0,xy/genesect.png
20,20041,0,0,0,xy/genesect.png
20,20042,0,0,0,xy/genesect.png
20,20043,0,0,0,xy/keldeo-resolute.png
20,20043,0,1,0,xy/right/keldeo-resolute.png
20,20044,0,0,0,xy/scatterbug.png
20,20045,0,0,0,xy/scatterbug.png
20,20046,0,0,0,xy/scatterbug.png
20,20047,0,0,0,xy/scatterbug.png
20,20048,0,0,0,xy/scatterbug.png
20,20049,0,0,0,xy/scatterbug.png
20,20050,0,0,0,xy/scatterbug.png
20,20051,0,0,0,xy/scatterbug.png
20,20052,0,0,0,xy/scatterbug.png
20,20053,0,0,0,xy/scatterbug.png
20,20054,0,0,0,xy/scatterbug.png
20,20055,0,0,0,xy/scatterbug.png
20,20056,0,0,0,xy/scatterbug.png
20,20057,0,0,0,xy/scatterbug.png
20,20058,0,0,0,xy/scatterbug.png
20,20059,0,0,0,xy/scatterbug.png
20,20060,0,0,0,xy/scatterbug.png
20,20061,0,0,0,xy/scatterbug.png
20,20062,0,0,0,xy/scatterbug.png
20,20063,0,0,0,xy/spewpa.png
20,20064,0,0,0,xy/spewpa.png
20,20065,0,0,0,xy/spewpa.png
20,20066,0,0,0,xy/spewpa.png
20,20067,0,0,0,xy/spewpa.png
20,20068,0,0,0,xy/spewpa.png
20,20069,0,0,0,xy/spewpa.png
20,20070,0,0,0,xy/spewpa.png
20,20071,0,0,0,xy/spewpa.png
20,20072,0,0,0,xy/spewpa.png
20,20073,0,0,0,xy/spewpa.png
20,20074,0,0,0,xy/spewpa.png
20,20075,0,0,0,xy/spewpa.png
20,20076,0,0,0,xy/spewpa.png
20,20077,0,0,0,xy/spewpa.png
20,20078,0,0,0,xy/spewpa.png
20,20079,0,0,0,xy/spewpa.png
20,20080,0,0,0,xy/spewpa.png
20,20081,0,0,0,xy/spewpa.png
20,20082,0,0,0,xy/vivillon-polar.png
20,20083,0,0,0,xy/vivillon-tundra.png
20,20084,0,0,0,xy/vivillon-continental.png
20,20085,0,0,0,xy/vivillon-garden.png
20,20086,0,0,0,xy/vivillon-elegant.png
20,20087,0,0,0,xy/vivillon-meadow.png
20,20088,0,0,0,xy/vivillon-modern.png
20,20089,0,0,0,xy/vivillon-marine.png
20,20090,0,0,0,xy/vivillon-archipelago.png
20,20091,0,0,0,xy/vivillon-high-plains.png
20,20092,0,0,0,xy/vivillon-sandstorm.png
20,20093,0,0,0,xy/vivillon-river.png
20,20094,0,0,0,xy/vivillon-monsoon.png
20,20095,0,0,0,xy/vivillon-savanna.png
20,20096,0,0,0,xy/vivillon-sun.png
20,20097,0,0,0,xy/vivillon-ocean.png
20,20098,0,0,0,xy/vivillon-jungle.png
20,20099,0,0,0,xy/vivillon-fancy.png
20,20100,0,0,0,xy/vivillon-poke-ball.png
20,20101,0,0,0,xy/flabebe-yellow.png
20,20102,0,0,0,xy/flabebe-orange.png
20,20103,0,0,0,xy/flabebe-blue.png
20,20104,0,0,0,xy/flabebe-white.png
20,20105,0,0,0,xy/floette-yellow.png
20,20106,0,0,0,xy/floette-orange.png
20,20107,0,0,0,xy/floette-blue.png
20,20108,0,0,0,xy/floette-white.png
20,20109,0,0,0,xy/florges-yellow.png
20,20110,0,0,0,xy/florges-orange.png
20,20111,0,0,0,xy/florges-blue.png
20,20112,0,0,0,xy/florges-white.png
20,20113,0,0,0,xy/furfrou-heart.png
20,20114,0,0,0,xy/furfrou-star.png
20,20115,0,0,0,xy/furfrou-diamond.png
20,20116,0,0,0,xy/furfrou-debutante.png
20,20116,0,1,0,xy/right/furfrou-debutante.png
20,20117,0,0,0,xy/furfrou-matron.png
20,20118,0,0,0,xy/furfrou-dandy.png
20,20119,0,0,0,xy/furfrou-la-reine.png
20,20120,0,0,0,xy/furfrou-kabuki.png
20,20121,0,0,0,xy/furfrou-pharaoh.png
20,20122,0,0,0,xy/xerneas-active.png
20,20123,0,0,0,xy/raticate-alola.png
20,20124,0,0,0,xy/pikachu-cap-hoenn.png
20,20125,0,0,0,xy/pikachu-cap-sinnoh.png
20,20126,0,0,0,xy/pikachu-cap-unova.png
20,20127,0,0,0,xy/pikachu-cap-kalos.png
20,20128,0,0,0,xy/pikachu-cap-alola.png
20,20129,0,0,0,xy/gumshoos.png
20,20130,0,0,0,xy/vikavolt.png
20,20131,0,0,0,xy/lurantis.png
20,20132,0,0,0,xy/salazzle.png
20,20133,0,0,0,xy/minior-meteor.png
20,20133,0,1,0,xy/right/minior-meteor.png
20,20134,0,0,0,xy/minior-meteor.png
20,20134,0,1,0,xy/right/minior-meteor.png
20,20135,0,0,0,xy/minior-meteor.png
20,20135,0,1,0,xy/right/minior-meteor.png
20,20136,0,0,0,xy/minior-meteor.png
20,20136,0,1,0,xy/right/minior-meteor.png
20,20137,0,0,0,xy/minior-meteor.png
20,20137,0,1,0,xy/right/minior-meteor.png
20,20138,0,0,0,xy/minior-meteor.png
20,20138,0,1,0,xy/right/minior-meteor.png
20,20139,0,0,0,xy/minior-core-orange.png
20,20139,0,1,0,xy/right/minior-core-orange.png
20,20140,0,0,0,xy/minior-core-yellow.png
20,20140,0,1,0,xy/right/minior-core-yellow.png
20,20141,0,0,0,xy/minior-core-green.png
20,20141,0,1,0,xy/right/minior-core-green.png
20,20142,0,0,0,xy/minior-core-blue.png
20,20142,0,1,0,xy/right/minior-core-blue.png
20,20143,0,0,0,xy/minior-core-indigo.png
20,20143,0,1,0,xy/right/minior-core-indigo.png
20,20144,0,0,0,xy/minior-core-violet.png
20,20144,0,1,0,xy/right/minior-core-violet.png
20,20145,0,0,0,xy/mimikyu.png
20,20146,0,0,0,xy/mimikyu.png
20,20147,0,0,0,xy/mimikyu.png
20,20148,0,0,0,xy/kommo-o.png
20,20149,0,0,0,xy/magearna-original.png
20,20150,0,0,0,xy/pikachu-cap-partner.png
20,20150,0,1,0,xy/right/pikachu-cap-partner.png
20,20151,0,0,0,xy/marowak-alola.png
20,20152,0,0,0,xy/ribombee.png
20,20153,0,0,0,xy/araquanid.png
20,20154,0,0,0,xy/togedemaru.png
21,1,0,0,0,xy/bulbasaur.png
21,2,0,0,0,xy/ivysaur.png
21,3,0,0,0,xy/venusaur.png
21,4,0,0,0,xy/charmander.png
21,5,0,0,0,xy/charmeleon.png
21,6,0,0,0,xy/charizard.png
21,7,0,0,0,xy/squirtle.png
21,8,0,0,0,xy/wartortle.png
21,9,0,0,0,xy/blastoise.png
21,10,0,0,0,xy/caterpie.png
21,11,0,0,0,xy/metapod.png
21,12,0,0,0,xy/butterfree.png
21,13,0,0,0,xy/weedle.png
21,14,0,0,0,xy/kakuna.png
21,15,0,0,0,xy/beedrill.png
21,16,0,0,0,xy/pidgey.png
21,17,0,0,0,xy/pidgeotto.png
21,18,0,0,0,xy/pidgeot.png
21,19,0,0,0,xy/rattata.png
21,20,0,0,0,xy/raticate.png
21,21,0,0,0,xy/spearow.png
21,22,0,0,0,xy/fearow.png
21,23,0,0,0,xy/ekans.png
21,24,0,0,0,xy/arbok.png
21,25,0,0,0,xy/pikachu.png
21,26,0,0,0,xy/raichu.png
21,27,0,0,0,xy/sandshrew.png
21,28,0,0,0,xy/sandslash.png
21,29,0,0,0,xy/nidoran-f.png
21,30,0,0,0,xy/nidorina.png
21,31,0,0,0,xy/nidoqueen.png
21,32,0,0,0,xy/nidoran-m.png
21,33,0,0,0,xy/nidorino.png
21,34,0,0,0,xy/nidoking.png
21,35,0,0,0,xy/clefairy.png
21,35,0,1,0,xy/right/clefairy.png
21,36,0,0,0,xy/clefable.png
21,36,0,1,0,xy/right/clefable.png
21,37,0,0,0,xy/vulpix.png
21,38,0,0,0,xy/ninetales.png
21,39,0,0,0,xy/jigglypuff.png
21,39,0,1,0,xy/right/jigglypuff.png
21,40,0,0,0,xy/wigglytuff.png
21,40,0,1,0,xy/right/wigglytuff.png
21,41,0,0,0,xy/zubat.png
21,42,0,0,0,xy/golbat.png
21,43,0,0,0,xy/oddish.png
21,44,0,0,0,xy/gloom.png
21,45,0,0,0,xy/vileplume.png
21,46,0,0,0,xy/paras.png
21,47,0,0,0,xy/parasect.png
21,48,0,0,0,xy/venonat.png
21,49,0,0,0,xy/venomoth.png
21,50,0,0,0,xy/diglett.png
21,51,0,0,0,xy/dugtrio.png
21,52,0,0,0,xy/meowth.png
21,53,0,0,0,xy/persian.png
21,54,0,0,0,xy/psyduck.png
21,55,0,0,0,xy/golduck.png
21,56,0,0,0,xy/mankey.png
21,57,0,0,0,xy/primeape.png
21,58,0,0,0,xy/growlithe.png
21,59,0,0,0,xy/arcanine.png
21,60,0,0,0,xy/poliwag.png
21,61,0,0,0,xy/poliwhirl.png
21,61,0,1,0,xy/right/poliwhirl.png
21,62,0,0,0,xy/poliwrath.png
21,62,0,1,0,xy/right/poliwrath.png
21,63,0,0,0,xy/abra.png
21,64,0,0,0,xy/kadabra.png
21,65,0,0,0,xy/alakazam.png
21,66,0,0,0,xy/machop.png
21,67,0,0,0,xy/machoke.png
21,68,0,0,0,xy/machamp.png
21,69,0,0,0,xy/bellsprout.png
21,70,0,0,0,xy/weepinbell.png
21,71,0,0,0,xy/victreebel.png
21,72,0,0,0,xy/tentacool.png
21,73,0,0,0,xy/tentacruel.png
21,74,0,0,0,xy/geodude.png
21,75,0,0,0,xy/graveler.png
21,76,0,0,0,xy/golem.png
21,77,0,0,0,xy/ponyta.png
21,78,0,0,0,xy/rapidash.png
21,79,0,0,0,xy/slowpoke.png
21,80,0,0,0,xy/slowbro.png
21,81,0,0,0,xy/magnemite.png
21,82,0,0,0,xy/magneton.png
21,83,0,0,0,xy/farfetch-d.png
21,84,0,0,0,xy/doduo.png
21,85,0,0,0,xy/dodrio.png
21,86,0,0,0,xy/seel.png
21,87,0,0,0,xy/dewgong.png
21,88,0,0,0,xy/grimer.png
21,89,0,0,0,xy/muk.png
21,90,0,0,0,xy/shellder.png
21,91,0,0,0,xy/cloyster.png
21,92,0,0,0,xy/gastly.png
21,93,0,0,0,xy/haunter.png
21,94,0,0,0,xy/gengar.png
21,95,0,0,0,xy/onix.png
21,96,0,0,0,xy/drowzee.png
21,97,0,0,0,xy/hypno.png
21,98,0,0,0,xy/krabby.png
21,99,0,0,0,xy/kingler.png
21,99,0,1,0,xy/right/kingler.png
21,100,0,0,0,xy/voltorb.png
21,101,0,0,0,xy/electrode.png
21,102,0,0,0,xy/exeggcute.png
21,103,0,0,0,xy/exeggutor.png
21,104,0,0,0,xy/cubone.png
21,105,0,0,0,xy/marowak.png
21,106,0,0,0,xy/hitmonlee.png
21,107,0,0,0,xy/hitmonchan.png
21,108,0,0,0,xy/lickitung.png
21,109,0,0,0,xy/koffing.png
21,110,0,0,0,xy/weezing.png
21,111,0,0,0,xy/rhyhorn.png
21,112,0,0,0,xy/rhydon.png
21,113,0,0,0,xy/chansey.png
21,114,0,0,0,xy/tangela.png
21,115,0,0,0,xy/kangaskhan.png
21,116,0,0,0,xy/horsea.png
21,117,0,0,0,xy/seadra.png
21,118,0,0,0,xy/goldeen.png
21,119,0,0,0,xy/seaking.png
21,120,0,0,0,xy/staryu.png
21,121,0,0,0,xy/starmie.png
21,122,0,0,0,xy/mr-mime.png
21,123,0,0,0,xy/scyther.png
21,124,0,0,0,xy/jynx.png
21,125,0,0,0,xy/electabuzz.png
21,126,0,0,0,xy/magmar.png
21,127,0,0,0,xy/pinsir.png
21,128,0,0,0,xy/tauros.png
21,129,0,0,0,xy/magikarp.png
21,130,0,0,0,xy/gyarados.png
21,131,0,0,0,xy/lapras.png
21,132,0,0,0,xy/ditto.png
21,133,0,0,0,xy/eevee.png
21,134,0,0,0,xy/vaporeon.png
21,135,0,0,0,xy/jolteon.png
21,136,0,0,0,xy/flareon.png
21,137,0,0,0,xy/porygon.png
21,138,0,0,0,xy/omanyte.png
21,139,0,0,0,xy/omastar.png
21,140,0,0,0,xy/kabuto.png
21,141,0,0,0,xy/kabutops.png
21,142,0,0,0,xy/aerodactyl.png
21,143,0,0,0,xy/snorlax.png
21,144,0,0,0,xy/articuno.png
21,145,0,0,0,xy/zapdos.png
21,146,0,0,0,xy/moltres.png
21,147,0,0,0,xy/dratini.png
21,148,0,0,0,xy/dragonair.png
21,149,0,0,0,xy/dragonite.png
21,150,0,0,0,xy/mewtwo.png
21,151,0,0,0,xy/mew.png
21,808,0,0,0,ss/meltan.png
21,809,0,0,0,ss/melmetal.png
21,10041,0,0,0,xy/venusaur-mega.png
21,10042,0,0,0,xy/charizard-mega-x.png
21,10043,0,0,0,xy/charizard-mega-y.png
21,10044,0,0,0,xy/blastoise-mega.png
21,10045,0,0,0,xy/alakazam-mega.png
21,10046,0,0,0,xy/gengar-mega.png
21,10047,0,0,0,xy/kangaskhan-mega.png
21,10048,0,0,0,xy/pinsir-mega.png
21,10049,0,0,0,xy/gyarados-mega.png
21,10050,0,0,0,xy/aerodactyl-mega.png
21,10051,0,0,0,xy/mewtwo-mega-x.png
21,10052,0,0,0,xy/mewtwo-mega-y.png
21,10081,0,0,0,xy/beedrill-mega.png
21,10082,0,0,0,xy/pidgeot-mega.png
21,10089,0,0,0,xy/slowbro-mega.png
21,10108,0,0,0,xy/rattata-alola.png
21,10109,0,0,0,xy/raticate-alola.png
21,10111,0,0,0,xy/raichu-alola.png
21,10112,0,0,0,xy/sandshrew-alola.png
21,10113,0,0,0,xy/sandslash-alola.png
21,10114,0,0,0,xy/vulpix-alola.png
21,10115,0,0,0,xy/ninetales-alola.png
21,10116,0,0,0,xy/diglett-alola.png
21,10117,0,0,0,xy/dugtrio-alola.png
21,10117,0,1,0,xy/right/dugtrio-alola.png
21,10118,0,0,0,xy/meowth-alola.png
21,10119,0,0,0,xy/persian-alola.png
21,10120,0,0,0,xy/geodude-alola.png
21,10121,0,0,0,xy/graveler-alola.png
21,10122,0,0,0,xy/golem-alola.png
21,10123,0,0,0,xy/grimer-alola.png
21,10124,0,0,0,xy/muk-alola.png
21,10124,0,1,0,xy/right/muk-alola.png
21,10125,0,0,0,xy/exeggutor-alola.png
21,10126,0,0,0,xy/marowak-alola.png
21,10161,0,0,0,ss/pikachu-partner.png
21,10162,0,0,0,ss/eevee-partner.png
22,1,0,0,0,ss/bulbasaur.png
22,2,0,0,0,ss/ivysaur.png
22,3,0,0,0,ss/venusaur.png
22,4,0,0,0,ss/charmander.png
22,5,0,0,0,ss/charmeleon.png
22,6,0,0,0,ss/charizard.png
22,7,0,0,0,ss/squirtle.png
22,8,0,0,0,ss/wartortle.png
22,9,0,0,0,ss/blastoise.png
22,10,0,0,0,ss/caterpie.png
22,11,0,0,0,ss/metapod.png
22,12,0,0,0,ss/butterfree.png
22,25,0,0,0,ss/pikachu.png
22,26,0,0,0,ss/raichu.png
22,27,0,0,0,ss/sandshrew.png
22,28,0,0,0,ss/sandslash.png
22,29,0,0,0,ss/nidoran-f.png
22,30,0,0,0,ss/nidorina.png
22,31,0,0,0,ss/nidoqueen.png
22,32,0,0,0,ss/nidoran-m.png
22,33,0,0,0,ss/nidorino.png
22,34,0,0,0,ss/nidoking.png
22,35,0,0,0,ss/clefairy.png
22,36,0,0,0,ss/clefable.png
22,37,0,0,0,ss/vulpix.png
22,38,0,0,0,ss/ninetales.png
22,39,0,0,0,ss/jigglypuff.png
22,40,0,0,0,ss/wigglytuff.png
22,41,0,0,0,ss/zubat.png
22,42,0,0,0,ss/golbat.png
22,43,0,0,0,ss/oddish.png
22,44,0,0,0,ss/gloom.png
22,45,0,0,0,ss/vileplume.png
22,50,0,0,0,ss/diglett.png
22,51,0,0,0,ss/dugtrio.png
22,52,0,0,0,ss/meowth.png
22,53,0,0,0,ss/persian.png
22,54,0,0,0,ss/psyduck.png
22,55,0,0,0,ss/golduck.png
22,58,0,0,0,ss/growlithe.png
22,59,0,0,0,ss/arcanine.png
22,60,0,0,0,ss/poliwag.png
22,61,0,0,0,ss/poliwhirl.png
22,62,0,0,0,ss/poliwrath.png
22,63,0,0,0,ss/abra.png
22,64,0,0,0,ss/kadabra.png
22,65,0,0,0,ss/alakazam.png
22,66,0,0,0,ss/machop.png
22,67,0,0,0,ss/machoke.png
22,68,0,0,0,ss/machamp.png
22,72,0,0,0,ss/tentacool.png
22,73,0,0,0,ss/tentacruel.png
22,77,0,0,0,ss/ponyta.png
22,78,0,0,0,ss/rapidash.png
22,79,0,0,0,ss/slowpoke.png
22,80,0,0,0,ss/slowbro.png
22,81,0,0,0,ss/magnemite.png
22,82,0,0,0,ss/magneton.png
22,83,0,0,0,ss/farfetch-d.png
22,90,0,0,0,ss/shellder.png
22,91,0,0,0,ss/cloyster.png
22,92,0,0,0,ss/gastly.png
22,93,0,0,0,ss/haunter.png
22,94,0,0,0,ss/gengar.png
22,95,0,0,0,ss/onix.png
22,98,0,0,0,ss/krabby.png
22,99,0,0,0,ss/kingler.png
22,102,0,0,0,ss/exeggcute.png
22,103,0,0,0,ss/exeggutor.png
22,104,0,0,0,ss/cubone.png
22,105,0,0,0,ss/marowak.png
22,106,0,0,0,ss/hitmonlee.png
22,107,0,0,0,ss/hitmonchan.png
22,108,0,0,0,ss/lickitung.png
22,109,0,0,0,ss/koffing.png
22,110,0,0,0,ss/weezing.png
22,111,0,0,0,ss/rhyhorn.png
22,112,0,0,0,ss/rhydon.png
22,113,0,0,0,ss/chansey.png
22,114,0,0,0,ss/tangela.png
22,115,0,0,0,ss/kangaskhan.png
22,116,0,0,0,ss/horsea.png
22,117,0,0,0,ss/seadra.png
22,118,0,0,0,ss/goldeen.png
22,119,0,0,0,ss/seaking.png
22,120,0,0,0,ss/staryu.png
22,121,0,0,0,ss/starmie.png
22,122,0,0,0,ss/mr-mime.png
22,123,0,0,0,ss/scyther.png
22,124,0,0,0,ss/jynx.png
22,125,0,0,0,ss/electabuzz.png
22,126,0,0,0,ss/magmar.png
22,127,0,0,0,ss/pinsir.png
22,128,0,0,0,ss/tauros.png
22,129,0,0,0,ss/magikarp.png
22,130,0,0,0,ss/gyarados.png
22,131,0,0,0,ss/lapras.png
22,132,0,0,0,ss/ditto.png
22,133,0,0,0,ss/eevee.png
22,134,0,0,0,ss/vaporeon.png
22,135,0,0,0,ss/jolteon.png
22,136,0,0,0,ss/flareon.png
22,137,0,0,0,ss/porygon.png
22,138,0,0,0,ss/omanyte.png
22,139,0,0,0,ss/omastar.png
22,140,0,0,0,ss/kabuto.png
22,141,0,0,0,ss/kabutops.png
22,142,0,0,0,ss/aerodactyl.png
22,143,0,0,0,ss/snorlax.png
22,144,0,0,0,ss/articuno.png
22,145,0,0,0,ss/zapdos.png
22,146,0,0,0,ss/moltres.png
22,147,0,0,0,ss/dratini.png
22,148,0,0,0,ss/dragonair.png
22,149,0,0,0,ss/dragonite.png
22,150,0,0,0,ss/mewtwo.png
22,151,0,0,0,ss/mew.png
22,163,0,0,0,ss/hoothoot.png
22,164,0,0,0,ss/noctowl.png
22,169,0,0,0,ss/crobat.png
22,170,0,0,0,ss/chinchou.png
22,171,0,0,0,ss/lanturn.png
22,172,0,0,0,ss/pichu.png
22,173,0,0,0,ss/cleffa.png
22,174,0,0,0,ss/igglybuff.png
22,175,0,0,0,ss/togepi.png
22,176,0,0,0,ss/togetic.png
22,177,0,0,0,ss/natu.png
22,178,0,0,0,ss/xatu.png
22,182,0,0,0,ss/bellossom.png
22,183,0,0,0,ss/marill.png
22,184,0,0,0,ss/azumarill.png
22,185,0,0,0,ss/sudowoodo.png
22,186,0,0,0,ss/politoed.png
22,194,0,0,0,ss/wooper.png
22,195,0,0,0,ss/quagsire.png
22,196,0,0,0,ss/espeon.png
22,197,0,0,0,ss/umbreon.png
22,199,0,0,0,ss/slowking.png
22,202,0,0,0,ss/wobbuffet.png
22,206,0,0,0,ss/dunsparce.png
22,208,0,0,0,ss/steelix.png
22,211,0,0,0,ss/qwilfish.png
22,212,0,0,0,ss/scizor.png
22,213,0,0,0,ss/shuckle.png
22,214,0,0,0,ss/heracross.png
22,215,0,0,0,ss/sneasel.png
22,220,0,0,0,ss/swinub.png
22,221,0,0,0,ss/piloswine.png
22,222,0,0,0,ss/corsola.png
22,223,0,0,0,ss/remoraid.png
22,224,0,0,0,ss/octillery.png
22,225,0,0,0,ss/delibird.png
22,226,0,0,0,ss/mantine.png
22,227,0,0,0,ss/skarmory.png
22,230,0,0,0,ss/kingdra.png
22,233,0,0,0,ss/porygon2.png
22,236,0,0,0,ss/tyrogue.png
22,237,0,0,0,ss/hitmontop.png
22,238,0,0,0,ss/smoochum.png
22,239,0,0,0,ss/elekid.png
22,240,0,0,0,ss/magby.png
22,241,0,0,0,ss/miltank.png
22,242,0,0,0,ss/blissey.png
22,243,0,0,0,ss/raikou.png
22,244,0,0,0,ss/entei.png
22,245,0,0,0,ss/suicune.png
22,246,0,0,0,ss/larvitar.png
22,247,0,0,0,ss/pupitar.png
22,248,0,0,0,ss/tyranitar.png
22,249,0,0,0,ss/lugia.png
22,250,0,0,0,ss/ho-oh.png
22,251,0,0,0,ss/celebi.png
22,252,0,0,0,ss/treecko.png
22,253,0,0,0,ss/grovyle.png
22,254,0,0,0,ss/sceptile.png
22,255,0,0,0,ss/torchic.png
22,256,0,0,0,ss/combusken.png
22,257,0,0,0,ss/blaziken.png
22,258,0,0,0,ss/mudkip.png
22,259,0,0,0,ss/marshtomp.png
22,260,0,0,0,ss/swampert.png
22,263,0,0,0,ss/zigzagoon.png
22,264,0,0,0,ss/linoone.png
22,270,0,0,0,ss/lotad.png
22,271,0,0,0,ss/lombre.png
22,272,0,0,0,ss/ludicolo.png
22,273,0,0,0,ss/seedot.png
22,274,0,0,0,ss/nuzleaf.png
22,275,0,0,0,ss/shiftry.png
22,278,0,0,0,ss/wingull.png
22,279,0,0,0,ss/pelipper.png
22,280,0,0,0,ss/ralts.png
22,281,0,0,0,ss/kirlia.png
22,282,0,0,0,ss/gardevoir.png
22,290,0,0,0,ss/nincada.png
22,291,0,0,0,ss/ninjask.png
22,292,0,0,0,ss/shedinja.png
22,293,0,0,0,ss/whismur.png
22,294,0,0,0,ss/loudred.png
22,295,0,0,0,ss/exploud.png
22,298,0,0,0,ss/azurill.png
22,302,0,0,0,ss/sableye.png
22,303,0,0,0,ss/mawile.png
22,304,0,0,0,ss/aron.png
22,305,0,0,0,ss/lairon.png
22,306,0,0,0,ss/aggron.png
22,309,0,0,0,ss/electrike.png
22,310,0,0,0,ss/manectric.png
22,315,0,0,0,ss/roselia.png
22,318,0,0,0,ss/carvanha.png
22,319,0,0,0,ss/sharpedo.png
22,320,0,0,0,ss/wailmer.png
22,321,0,0,0,ss/wailord.png
22,324,0,0,0,ss/torkoal.png
22,328,0,0,0,ss/trapinch.png
22,329,0,0,0,ss/vibrava.png
22,330,0,0,0,ss/flygon.png
22,333,0,0,0,ss/swablu.png
22,334,0,0,0,ss/altaria.png
22,337,0,0,0,ss/lunatone.png
22,338,0,0,0,ss/solrock.png
22,339,0,0,0,ss/barboach.png
22,340,0,0,0,ss/whiscash.png
22,341,0,0,0,ss/corphish.png
22,342,0,0,0,ss/crawdaunt.png
22,343,0,0,0,ss/baltoy.png
22,344,0,0,0,ss/claydol.png
22,345,0,0,0,ss/lileep.png
22,346,0,0,0,ss/cradily.png
22,347,0,0,0,ss/anorith.png
22,348,0,0,0,ss/armaldo.png
22,349,0,0,0,ss/feebas.png
22,350,0,0,0,ss/milotic.png
22,355,0,0,0,ss/duskull.png
22,356,0,0,0,ss/dusclops.png
22,359,0,0,0,ss/absol.png
22,360,0,0,0,ss/wynaut.png
22,361,0,0,0,ss/snorunt.png
22,362,0,0,0,ss/glalie.png
22,363,0,0,0,ss/spheal.png
22,364,0,0,0,ss/sealeo.png
22,365,0,0,0,ss/walrein.png
22,369,0,0,0,ss/relicanth.png
22,371,0,0,0,ss/bagon.png
22,372,0,0,0,ss/shelgon.png
22,373,0,0,0,ss/salamence.png
22,374,0,0,0,ss/beldum.png
22,375,0,0,0,ss/metang.png
22,376,0,0,0,ss/metagross.png
22,377,0,0,0,ss/regirock.png
22,378,0,0,0,ss/regice.png
22,379,0,0,0,ss/registeel.png
22,380,0,0,0,ss/latias.png
22,381,0,0,0,ss/latios.png
22,382,0,0,0,ss/kyogre.png
22,383,0,0,0,ss/groudon.png
22,384,0,0,0,ss/rayquaza.png
22,385,0,0,0,ss/jirachi.png
22,403,0,0,0,ss/shinx.png
22,404,0,0,0,ss/luxio.png
22,405,0,0,0,ss/luxray.png
22,406,0,0,0,ss/budew.png
22,407,0,0,0,ss/roserade.png
22,415,0,0,0,ss/combee.png
22,416,0,0,0,ss/vespiquen.png
22,420,0,0,0,ss/cherubi.png
22,421,0,0,0,ss/cherrim-overcast.png
22,422,0,0,0,ss/shellos-west.png
22,423,0,0,0,ss/gastrodon-west.png
22,425,0,0,0,ss/drifloon.png
22,426,0,0,0,ss/drifblim.png
22,427,0,0,0,ss/buneary.png
22,428,0,0,0,ss/lopunny.png
22,434,0,0,0,ss/stunky.png
22,435,0,0,0,ss/skuntank.png
22,436,0,0,0,ss/bronzor.png
22,437,0,0,0,ss/bronzong.png
22,438,0,0,0,ss/bonsly.png
22,439,0,0,0,ss/mime-jr.png
22,440,0,0,0,ss/happiny.png
22,442,0,0,0,ss/spiritomb.png
22,443,0,0,0,ss/gible.png
22,444,0,0,0,ss/gabite.png
22,445,0,0,0,ss/garchomp.png
22,446,0,0,0,ss/munchlax.png
22,447,0,0,0,ss/riolu.png
22,448,0,0,0,ss/lucario.png
22,449,0,0,0,ss/hippopotas.png
22,450,0,0,0,ss/hippowdon.png
22,451,0,0,0,ss/skorupi.png
22,452,0,0,0,ss/drapion.png
22,453,0,0,0,ss/croagunk.png
22,454,0,0,0,ss/toxicroak.png
22,458,0,0,0,ss/mantyke.png
22,459,0,0,0,ss/snover.png
22,460,0,0,0,ss/abomasnow.png
22,461,0,0,0,ss/weavile.png
22,462,0,0,0,ss/magnezone.png
22,463,0,0,0,ss/lickilicky.png
22,464,0,0,0,ss/rhyperior.png
22,465,0,0,0,ss/tangrowth.png
22,466,0,0,0,ss/electivire.png
22,467,0,0,0,ss/magmortar.png
22,468,0,0,0,ss/togekiss.png
22,470,0,0,0,ss/leafeon.png
22,471,0,0,0,ss/glaceon.png
22,473,0,0,0,ss/mamoswine.png
22,474,0,0,0,ss/porygon-z.png
22,475,0,0,0,ss/gallade.png
22,477,0,0,0,ss/dusknoir.png
22,478,0,0,0,ss/froslass.png
22,479,0,0,0,ss/rotom.png
22,480,0,0,0,ss/uxie.png
22,481,0,0,0,ss/mesprit.png
22,482,0,0,0,ss/azelf.png
22,483,0,0,0,ss/dialga.png
22,484,0,0,0,ss/palkia.png
22,485,0,0,0,ss/heatran.png
22,486,0,0,0,ss/regigigas.png
22,487,0,0,0,ss/giratina-altered.png
22,488,0,0,0,ss/cresselia.png
22,494,0,0,0,ss/victini.png
22,506,0,0,0,ss/lillipup.png
22,507,0,0,0,ss/herdier.png
22,508,0,0,0,ss/stoutland.png
22,509,0,0,0,ss/purrloin.png
22,510,0,0,0,ss/liepard.png
22,517,0,0,0,ss/munna.png
22,518,0,0,0,ss/musharna.png
22,519,0,0,0,ss/pidove.png
22,520,0,0,0,ss/tranquill.png
22,521,0,0,0,ss/unfezant.png
22,524,0,0,0,ss/roggenrola.png
22,525,0,0,0,ss/boldore.png
22,526,0,0,0,ss/gigalith.png
22,527,0,0,0,ss/woobat.png
22,528,0,0,0,ss/swoobat.png
22,529,0,0,0,ss/drilbur.png
22,530,0,0,0,ss/excadrill.png
22,531,0,0,0,ss/audino.png
22,532,0,0,0,ss/timburr.png
22,533,0,0,0,ss/gurdurr.png
22,534,0,0,0,ss/conkeldurr.png
22,535,0,0,0,ss/tympole.png
22,536,0,0,0,ss/palpitoad.png
22,537,0,0,0,ss/seismitoad.png
22,538,0,0,0,ss/throh.png
22,539,0,0,0,ss/sawk.png
22,543,0,0,0,ss/venipede.png
22,544,0,0,0,ss/whirlipede.png
22,545,0,0,0,ss/scolipede.png
22,546,0,0,0,ss/cottonee.png
22,547,0,0,0,ss/whimsicott.png
22,548,0,0,0,ss/petilil.png
22,549,0,0,0,ss/lilligant.png
22,550,0,0,0,ss/basculin-red.png
22,551,0,0,0,ss/sandile.png
22,552,0,0,0,ss/krokorok.png
22,553,0,0,0,ss/krookodile.png
22,554,0,0,0,ss/darumaka.png
22,555,0,0,0,ss/darmanitan-standard.png
22,556,0,0,0,ss/maractus.png
22,557,0,0,0,ss/dwebble.png
22,558,0,0,0,ss/crustle.png
22,559,0,0,0,ss/scraggy.png
22,560,0,0,0,ss/scrafty.png
22,561,0,0,0,ss/sigilyph.png
22,562,0,0,0,ss/yamask.png
22,563,0,0,0,ss/cofagrigus.png
22,564,0,0,0,ss/tirtouga.png
22,565,0,0,0,ss/carracosta.png
22,566,0,0,0,ss/archen.png
22,567,0,0,0,ss/archeops.png
22,568,0,0,0,ss/trubbish.png
22,569,0,0,0,ss/garbodor.png
22,570,0,0,0,ss/zorua.png
22,571,0,0,0,ss/zoroark.png
22,572,0,0,0,ss/minccino.png
22,573,0,0,0,ss/cinccino.png
22,574,0,0,0,ss/gothita.png
22,575,0,0,0,ss/gothorita.png
22,576,0,0,0,ss/gothitelle.png
22,577,0,0,0,ss/solosis.png
22,578,0,0,0,ss/duosion.png
22,579,0,0,0,ss/reuniclus.png
22,582,0,0,0,ss/vanillite.png
22,583,0,0,0,ss/vanillish.png
22,584,0,0,0,ss/vanilluxe.png
22,587,0,0,0,ss/emolga.png
22,588,0,0,0,ss/karrablast.png
22,589,0,0,0,ss/escavalier.png
22,590,0,0,0,ss/foongus.png
22,591,0,0,0,ss/amoonguss.png
22,592,0,0,0,ss/frillish.png
22,592,1,0,0,ss/female/frillish.png
22,593,0,0,0,ss/jellicent.png
22,593,1,0,0,ss/female/jellicent.png
22,595,0,0,0,ss/joltik.png
22,596,0,0,0,ss/galvantula.png
22,597,0,0,0,ss/ferroseed.png
22,598,0,0,0,ss/ferrothorn.png
22,599,0,0,0,ss/klink.png
22,600,0,0,0,ss/klang.png
22,601,0,0,0,ss/klinklang.png
22,605,0,0,0,ss/elgyem.png
22,606,0,0,0,ss/beheeyem.png
22,607,0,0,0,ss/litwick.png
22,608,0,0,0,ss/lampent.png
22,609,0,0,0,ss/chandelure.png
22,610,0,0,0,ss/axew.png
22,611,0,0,0,ss/fraxure.png
22,612,0,0,0,ss/haxorus.png
22,613,0,0,0,ss/cubchoo.png
22,614,0,0,0,ss/beartic.png
22,615,0,0,0,ss/cryogonal.png
22,616,0,0,0,ss/shelmet.png
22,617,0,0,0,ss/accelgor.png
22,618,0,0,0,ss/stunfisk.png
22,619,0,0,0,ss/mienfoo.png
22,620,0,0,0,ss/mienshao.png
22,621,0,0,0,ss/druddigon.png
22,622,0,0,0,ss/golett.png
22,623,0,0,0,ss/golurk.png
22,624,0,0,0,ss/pawniard.png
22,625,0,0,0,ss/bisharp.png
22,626,0,0,0,ss/bouffalant.png
22,627,0,0,0,ss/rufflet.png
22,628,0,0,0,ss/braviary.png
22,629,0,0,0,ss/vullaby.png
22,630,0,0,0,ss/mandibuzz.png
22,631,0,0,0,ss/heatmor.png
22,632,0,0,0,ss/durant.png
22,633,0,0,0,ss/deino.png
22,634,0,0,0,ss/zweilous.png
22,635,0,0,0,ss/hydreigon.png
22,636,0,0,0,ss/larvesta.png
22,637,0,0,0,ss/volcarona.png
22,638,0,0,0,ss/cobalion.png
22,639,0,0,0,ss/terrakion.png
22,640,0,0,0,ss/virizion.png
22,641,0,0,0,ss/tornadus-incarnate.png
22,642,0,0,0,ss/thundurus-incarnate.png
22,643,0,0,0,ss/reshiram.png
22,644,0,0,0,ss/zekrom.png
22,645,0,0,0,ss/landorus-incarnate.png
22,646,0,0,0,ss/kyurem.png
22,647,0,0,0,ss/keldeo-ordinary.png
22,649,0,0,0,ss/genesect.png
22,659,0,0,0,ss/bunnelby.png
22,660,0,0,0,ss/diggersby.png
22,661,0,0,0,ss/fletchling.png
22,662,0,0,0,ss/fletchinder.png
22,663,0,0,0,ss/talonflame.png
22,674,0,0,0,ss/pancham.png
22,675,0,0,0,ss/pangoro.png
22,677,0,0,0,ss/espurr.png
22,678,0,0,0,ss/meowstic-male.png
22,679,0,0,0,ss/honedge.png
22,680,0,0,0,ss/doublade.png
22,681,0,0,0,ss/aegislash-shield.png
22,682,0,0,0,ss/spritzee.png
22,683,0,0,0,ss/aromatisse.png
22,684,0,0,0,ss/swirlix.png
22,685,0,0,0,ss/slurpuff.png
22,686,0,0,0,ss/inkay.png
22,687,0,0,0,ss/malamar.png
22,688,0,0,0,ss/binacle.png
22,689,0,0,0,ss/barbaracle.png
22,690,0,0,0,ss/skrelp.png
22,691,0,0,0,ss/dragalge.png
22,692,0,0,0,ss/clauncher.png
22,693,0,0,0,ss/clawitzer.png
22,694,0,0,0,ss/helioptile.png
22,695,0,0,0,ss/heliolisk.png
22,696,0,0,0,ss/tyrunt.png
22,697,0,0,0,ss/tyrantrum.png
22,698,0,0,0,ss/amaura.png
22,699,0,0,0,ss/aurorus.png
22,700,0,0,0,ss/sylveon.png
22,701,0,0,0,ss/hawlucha.png
22,702,0,0,0,ss/dedenne.png
22,703,0,0,0,ss/carbink.png
22,704,0,0,0,ss/goomy.png
22,705,0,0,0,ss/sliggoo.png
22,706,0,0,0,ss/goodra.png
22,707,0,0,0,ss/klefki.png
22,708,0,0,0,ss/phantump.png
22,709,0,0,0,ss/trevenant.png
22,710,0,0,0,ss/pumpkaboo.png
22,711,0,0,0,ss/gourgeist.png
22,712,0,0,0,ss/bergmite.png
22,713,0,0,0,ss/avalugg.png
22,714,0,0,0,ss/noibat.png
22,715,0,0,0,ss/noivern.png
22,716,0,0,0,ss/xerneas-neutral.png
22,717,0,0,0,ss/yveltal.png
22,718,0,0,0,ss/zygarde-50.png
22,719,0,0,0,ss/diancie.png
22,721,0,0,0,ss/volcanion.png
22,722,0,0,0,ss/rowlet.png
22,723,0,0,0,ss/dartrix.png
22,724,0,0,0,ss/decidueye.png
22,725,0,0,0,ss/litten.png
22,726,0,0,0,ss/torracat.png
22,727,0,0,0,ss/incineroar.png
22,728,0,0,0,ss/popplio.png
22,729,0,0,0,ss/brionne.png
22,730,0,0,0,ss/primarina.png
22,736,0,0,0,ss/grubbin.png
22,737,0,0,0,ss/charjabug.png
22,738,0,0,0,ss/vikavolt.png
22,742,0,0,0,ss/cutiefly.png
22,743,0,0,0,ss/ribombee.png
22,744,0,0,0,ss/rockruff.png
22,745,0,0,0,ss/lycanroc-midday.png
22,746,0,0,0,ss/wishiwashi-solo.png
22,747,0,0,0,ss/mareanie.png
22,748,0,0,0,ss/toxapex.png
22,749,0,0,0,ss/mudbray.png
22,750,0,0,0,ss/mudsdale.png
22,751,0,0,0,ss/dewpider.png
22,752,0,0,0,ss/araquanid.png
22,753,0,0,0,ss/fomantis.png
22,754,0,0,0,ss/lurantis.png
22,755,0,0,0,ss/morelull.png
22,756,0,0,0,ss/shiinotic.png
22,757,0,0,0,ss/salandit.png
22,758,0,0,0,ss/salazzle.png
22,759,0,0,0,ss/stufful.png
22,760,0,0,0,ss/bewear.png
22,761,0,0,0,ss/bounsweet.png
22,762,0,0,0,ss/steenee.png
22,763,0,0,0,ss/tsareena.png
22,764,0,0,0,ss/comfey.png
22,765,0,0,0,ss/oranguru.png
22,766,0,0,0,ss/passimian.png
22,767,0,0,0,ss/wimpod.png
22,768,0,0,0,ss/golisopod.png
22,769,0,0,0,ss/sandygast.png
22,770,0,0,0,ss/palossand.png
22,771,0,0,0,ss/pyukumuku.png
22,772,0,0,0,ss/type-null.png
22,773,0,0,0,ss/silvally.png
22,776,0,0,0,ss/turtonator.png
22,777,0,0,0,ss/togedemaru.png
22,778,0,0,0,ss/mimikyu-disguised.png
22,780,0,0,0,ss/drampa.png
22,781,0,0,0,ss/dhelmise.png
22,782,0,0,0,ss/jangmo-o.png
22,783,0,0,0,ss/hakamo-o.png
22,784,0,0,0,ss/kommo-o.png
22,785,0,0,0,ss/tapu-koko.png
22,786,0,0,0,ss/tapu-lele.png
22,787,0,0,0,ss/tapu-bulu.png
22,788,0,0,0,ss/tapu-fini.png
22,789,0,0,0,ss/cosmog.png
22,790,0,0,0,ss/cosmoem.png
22,791,0,0,0,ss/solgaleo.png
22,792,0,0,0,ss/lunala.png
22,793,0,0,0,ss/nihilego.png
22,794,0,0,0,ss/buzzwole.png
22,795,0,0,0,ss/pheromosa.png
22,796,0,0,0,ss/xurkitree.png
22,797,0,0,0,ss/celesteela.png
22,798,0,0,0,ss/kartana.png
22,799,0,0,0,ss/guzzlord.png
22,800,0,0,0,ss/necrozma.png
22,801,0,0,0,ss/magearna.png
22,802,0,0,0,ss/marshadow.png
22,803,0,0,0,ss/poipole.png
22,804,0,0,0,ss/naganadel.png
22,805,0,0,0,ss/stakataka.png
22,806,0,0,0,ss/blacephalon.png
22,807,0,0,0,ss/zeraora.png
22,808,0,0,0,ss/meltan.png
22,809,0,0,0,ss/melmetal.png
22,810,0,0,0,ss/grookey.png
22,811,0,0,0,ss/thwackey.png
22,812,0,0,0,ss/rillaboom.png
22,813,0,0,0,ss/scorbunny.png
22,814,0,0,0,ss/raboot.png
22,815,0,0,0,ss/cinderace.png
22,816,0,0,0,ss/sobble.png
22,817,0,0,0,ss/drizzile.png
22,818,0,0,0,ss/inteleon.png
22,819,0,0,0,ss/skwovet.png
22,820,0,0,0,ss/greedent.png
22,821,0,0,0,ss/rookidee.png
22,822,0,0,0,ss/corvisquire.png
22,823,0,0,0,ss/corviknight.png
22,824,0,0,0,ss/blipbug.png
22,825,0,0,0,ss/dottler.png
22,826,0,0,0,ss/orbeetle.png
22,827,0,0,0,ss/nickit.png
22,828,0,0,0,ss/thievul.png
22,829,0,0,0,ss/gossifleur.png
22,830,0,0,0,ss/eldegoss.png
22,831,0,0,0,ss/wooloo.png
22,832,0,0,0,ss/dubwool.png
22,833,0,0,0,ss/chewtle.png
22,834,0,0,0,ss/drednaw.png
22,835,0,0,0,ss/yamper.png
22,836,0,0,0,ss/boltund.png
22,837,0,0,0,ss/rolycoly.png
22,838,0,0,0,ss/carkol.png
22,839,0,0,0,ss/coalossal.png
22,840,0,0,0,ss/applin.png
22,841,0,0,0,ss/flapple.png
22,842,0,0,0,ss/appletun.png
22,843,0,0,0,ss/silicobra.png
22,844,0,0,0,ss/sandaconda.png
22,845,0,0,0,ss/cramorant.png
22,846,0,0,0,ss/arrokuda.png
22,847,0,0,0,ss/barraskewda.png
22,848,0,0,0,ss/toxel.png
22,849,0,0,0,ss/toxtricity-amped.png
22,850,0,0,0,ss/sizzlipede.png
22,851,0,0,0,ss/centiskorch.png
22,852,0,0,0,ss/clobbopus.png
22,853,0,0,0,ss/grapploct.png
22,854,0,0,0,ss/sinistea.png
22,855,0,0,0,ss/polteageist.png
22,856,0,0,0,ss/hatenna.png
22,857,0,0,0,ss/hattrem.png
22,858,0,0,0,ss/hatterene.png
22,859,0,0,0,ss/impidimp.png
22,860,0,0,0,ss/morgrem.png
22,861,0,0,0,ss/grimmsnarl.png
22,862,0,0,0,ss/obstagoon.png
22,863,0,0,0,ss/perrserker.png
22,864,0,0,0,ss/cursola.png
22,865,0,0,0,ss/sirfetch-d.png
22,866,0,0,0,ss/mr-rime.png
22,867,0,0,0,ss/runerigus.png
22,868,0,0,0,ss/milcery.png
22,869,0,0,0,ss/alcremie-vanilla-cream-strawberry.png
22,870,0,0,0,ss/falinks.png
22,871,0,0,0,ss/pincurchin.png
22,872,0,0,0,ss/snom.png
22,873,0,0,0,ss/frosmoth.png
22,874,0,0,0,ss/stonjourner.png
22,875,0,0,0,ss/eiscue-ice-face.png
22,876,0,0,0,ss/indeedee-male.png
22,877,0,0,0,ss/morpeko-full-belly.png
22,878,0,0,0,ss/cufant.png
22,879,0,0,0,ss/copperajah.png
22,880,0,0,0,ss/dracozolt.png
22,881,0,0,0,ss/arctozolt.png
22,882,0,0,0,ss/dracovish.png
22,883,0,0,0,ss/arctovish.png
22,884,0,0,0,ss/duraludon.png
22,885,0,0,0,ss/dreepy.png
22,886,0,0,0,ss/drakloak.png
22,887,0,0,0,ss/dragapult.png
22,888,0,0,0,ss/zacian.png
22,889,0,0,0,ss/zamazenta.png
22,890,0,0,0,ss/eternatus.png
22,891,0,0,0,ss/kubfu.png
22,892,0,0,0,ss/urshifu.png
22,893,0,0,0,ss/zarude.png
22,894,0,0,0,ss/regieleki.png
22,895,0,0,0,ss/regidrago.png
22,896,0,0,0,ss/glastrier.png
22,897,0,0,0,ss/spectrier.png
22,898,0,0,0,ss/calyrex.png
22,10025,0,0,0,ss/rotom-heat.png
22,10026,0,0,0,ss/rotom-wash.png
22,10027,0,0,0,ss/rotom-frost.png
22,10028,0,0,0,ss/rotom-fan.png
22,10029,0,0,0,ss/rotom-mow.png
22,10030,0,0,0,ss/giratina-origin.png
22,10033,0,0,0,ss/basculin-blue.png
22,10034,0,0,0,ss/darmanitan-zen.png
22,10036,0,0,0,ss/tornadus-therian.png
22,10037,0,0,0,ss/thundurus-therian.png
22,10038,0,0,0,ss/landorus-therian.png
22,10039,0,0,0,ss/kyurem-white.png
22,10040,0,0,0,ss/kyurem-black.png
22,10073,0,0,0,ss/meowstic-female.png
22,10074,0,0,0,ss/aegislash-blade.png
22,10075,0,0,0,ss/pumpkaboo.png
22,10076,0,0,0,ss/pumpkaboo.png
22,10077,0,0,0,ss/pumpkaboo.png
22,10078,0,0,0,ss/gourgeist.png
22,10079,0,0,0,ss/gourgeist.png
22,10080,0,0,0,ss/gourgeist.png
22,10110,0,0,0,ss/pikachu-cap-original.png
22,10111,0,0,0,ss/raichu-alola.png
22,10112,0,0,0,ss/sandshrew-alola.png
22,10113,0,0,0,ss/sandslash-alola.png
22,10114,0,0,0,ss/vulpix-alola.png
22,10115,0,0,0,ss/ninetales-alola.png
22,10116,0,0,0,ss/diglett-alola.png
22,10117,0,0,0,ss/dugtrio-alola.png
22,10118,0,0,0,ss/meowth-alola.png
22,10119,0,0,0,ss/persian-alola.png
22,10125,0,0,0,ss/exeggutor-alola.png
22,10126,0,0,0,ss/marowak-alola.png
22,10129,0,0,0,ss/zygarde-10.png
22,10130,0,0,0,ss/zygarde-10.png
22,10131,0,0,0,ss/zygarde-50.png
22,10132,0,0,0,ss/zygarde-complete.png
22,10136,0,0,0,ss/lycanroc-midnight.png
22,10137,0,0,0,ss/wishiwashi-school.png
22,10138,0,0,0,ss/silvally.png
22,10139,0,0,0,ss/silvally.png
22,10140,0,0,0,ss/silvally.png
22,10141,0,0,0,ss/silvally.png
22,10142,0,0,0,ss/silvally.png
22,10143,0,0,0,ss/silvally.png
22,10144,0,0,0,ss/silvally.png
22,10145,0,0,0,ss/silvally.png
22,10146,0,0,0,ss/silvally.png
22,10147,0,0,0,ss/silvally.png
22,10148,0,0,0,ss/silvally.png
22,10149,0,0,0,ss/silvally.png
22,10150,0,0,0,ss/silvally.png
22,10151,0,0,0,ss/silvally.png
22,10152,0,0,0,ss/silvally.png
22,10153,0,0,0,ss/silvally.png
22,10154,0,0,0,ss/silvally.png
22,10156,0,0,0,ss/rockruff.png
22,10157,0,0,0,ss/lycanroc-dusk.png
22,10158,0,0,0,ss/necrozma-dusk-mane.png
22,10159,0,0,0,ss/necrozma-dawn-wings.png
22,10163,0,0,0,ss/meowth-galar.png
22,10164,0,0,0,ss/ponyta-galar.png
22,10165,0,0,0,ss/rapidash-galar.png
22,10166,0,0,0,ss/farfetch-d-galar.png
22,10167,0,0,0,ss/weezing-galar.png
22,10168,0,0,0,ss/mr-mime-galar.png
22,10169,0,0,0,ss/corsola-galar.png
22,10170,0,0,0,ss/zigzagoon-galar.png
22,10171,0,0,0,ss/linoone-galar.png
22,10172,0,0,0,ss/darumaka-galar.png
22,10173,0,0,0,ss/darmanitan-galar-standard.png
22,10174,0,0,0,ss/darmanitan-galar-zen.png
22,10175,0,0,0,ss/yamask-galar.png
22,10176,0,0,0,ss/stunfisk-galar.png
22,10177,0,0,0,ss/toxtricity-low-key.png
22,10178,0,0,0,ss/eiscue-noice-face.png
22,10179,0,0,0,ss/indeedee-female.png
22,10180,0,0,0,ss/zacian-crowned.png
22,10181,0,0,0,ss/zamazenta-crowned.png
22,10182,0,0,0,ss/eternatus-eternamax.png
22,10183,0,0,0,ss/slowpoke-galar.png
22,10184,0,0,0,ss/slowbro-galar.png
22,10185,0,0,0,ss/urshifu.png
22,10186,0,0,0,ss/articuno-galar.png
22,10187,0,0,0,ss/zapdos-galar.png
22,10188,0,0,0,ss/moltres-galar.png
22,10189,0,0,0,ss/slowking-galar.png
22,10190,0,0,0,ss/calyrex-ice-rider.png
22,10191,0,0,0,ss/calyrex-shadow-rider.png
22,20030,0,0,0,ss/cherrim-sunshine.png
22,20031,0,0,0,ss/shellos-east.png
22,20032,0,0,0,ss/gastrodon-east.png
22,20039,0,0,0,ss/genesect-douse.png
22,20040,0,0,0,ss/genesect-shock.png
22,20041,0,0,0,ss/genesect-burn.png
22,20042,0,0,0,ss/genesect-chill.png
22,20043,0,0,0,ss/keldeo-resolute.png
22,20122,0,0,0,xy/xerneas-active.png
22,20124,0,0,0,ss/pikachu-cap-hoenn.png
22,20125,0,0,0,ss/pikachu-cap-sinnoh.png
22,20126,0,0,0,ss/pikachu-cap-unova.png
22,20127,0,0,0,ss/pikachu-cap-kalos.png
22,20128,0,0,0,ss/pikachu-cap-alola.png
22,20145,0,0,0,ss/mimikyu-disguised.png
22,20149,0,0,0,ss/magearna-original.png
22,20150,0,0,0,ss/pikachu-cap-partner.png
22,20155,0,0,0,ss/charizard-gmax.png
22,20156,0,0,0,ss/butterfree-gmax.png
22,20157,0,0,0,ss/pikachu-gmax.png
22,20158,0,0,0,ss/meowth-gmax.png
22,20159,0,0,0,ss/machamp-gmax.png
22,20160,0,0,0,ss/gengar-gmax.png
22,20161,0,0,0,ss/kingler-gmax.png
22,20162,0,0,0,ss/lapras-gmax.png
22,20163,0,0,0,ss/eevee-gmax.png
22,20164,0,0,0,ss/snorlax-gmax.png
22,20165,0,0,0,ss/garbodor-gmax.png
22,20166,0,0,0,ss/melmetal-gmax.png
22,20167,0,0,0,ss/corviknight-gmax.png
22,20168,0,0,0,ss/orbeetle-gmax.png
22,20169,0,0,0,ss/drednaw-gmax.png
22,20170,0,0,0,ss/coalossal-gmax.png
22,20171,0,0,0,ss/flapple-gmax.png
22,20172,0,0,0,ss/appletun-gmax.png
22,20173,0,0,0,ss/sandaconda-gmax.png
22,20174,0,0,0,ss/cramorant-gulping.png
22,20175,0,0,0,ss/cramorant-gorging.png
22,20176,0,0,0,ss/toxtricity-gmax.png
22,20177,0,0,0,ss/centiskorch-gmax.png
22,20178,0,0,0,ss/sinistea.png
22,20179,0,0,0,ss/polteageist.png
22,20180,0,0,0,ss/hatterene-gmax.png
22,20181,0,0,0,ss/grimmsnarl-gmax.png
22,20182,0,0,0,ss/alcremie-vanilla-cream-strawberry.png
22,20183,0,0,0,ss/alcremie-vanilla-cream-strawberry.png
22,20184,0,0,0,ss/alcremie-vanilla-cream-strawberry.png
22,20185,0,0,0,ss/alcremie-vanilla-cream-strawberry.png
22,20186,0,0,0,ss/alcremie-vanilla-cream-strawberry.png
22,20187,0,0,0,ss/alcremie-vanilla-cream-strawberry.png
22,20188,0,0,0,ss/alcremie-ruby-cream-strawberry.png
22,20189,0,0,0,ss/alcremie-ruby-cream-strawberry.png
22,20190,0,0,0,ss/alcremie-ruby-cream-strawberry.png
22,20191,0,0,0,ss/alcremie-ruby-cream-strawberry.png
22,20192,0,0,0,ss/alcremie-ruby-cream-strawberry.png
22,20193,0,0,0,ss/alcremie-ruby-cream-strawberry.png
22,20194,0,0,0,ss/alcremie-ruby-cream-strawberry.png
22,20195,0,0,0,ss/alcremie-matcha-cream-strawberry.png
22,20196,0,0,0,ss/alcremie-matcha-cream-strawberry.png
22,20197,0,0,0,ss/alcremie-matcha-cream-strawberry.png
22,20198,0,0,0,ss/alcremie-matcha-cream-strawberry.png
22,20199,0,0,0,ss/alcremie-matcha-cream-strawberry.png
22,20200,0,0,0,ss/alcremie-matcha-cream-strawberry.png
22,20201,0,0,0,ss/alcremie-matcha-cream-strawberry.png
22,20202,0,0,0,ss/alcremie-mint-cream-strawberry.png
22,20203,0,0,0,ss/alcremie-mint-cream-strawberry.png
22,20204,0,0,0,ss/alcremie-mint-cream-strawberry.png
22,20205,0,0,0,ss/alcremie-mint-cream-strawberry.png
22,20206,0,0,0,ss/alcremie-mint-cream-strawberry.png
22,20207,0,0,0,ss/alcremie-mint-cream-strawberry.png
22,20208,0,0,0,ss/alcremie-mint-cream-strawberry.png
22,20209,0,0,0,ss/alcremie-lemon-cream-strawberry.png
22,20210,0,0,0,ss/alcremie-lemon-cream-strawberry.png
22,20211,0,0,0,ss/alcremie-lemon-cream-strawberry.png
22,20212,0,0,0,ss/alcremie-lemon-cream-strawberry.png
22,20213,0,0,0,ss/alcremie-lemon-cream-strawberry.png
22,20214,0,0,0,ss/alcremie-lemon-cream-strawberry.png
22,20215,0,0,0,ss/alcremie-lemon-cream-strawberry.png
22,20216,0,0,0,ss/alcremie-salted-cream-strawberry.png
22,20217,0,0,0,ss/alcremie-salted-cream-strawberry.png
22,20218,0,0,0,ss/alcremie-salted-cream-strawberry.png
22,20219,0,0,0,ss/alcremie-salted-cream-strawberry.png
22,20220,0,0,0,ss/alcremie-salted-cream-strawberry.png
22,20221,0,0,0,ss/alcremie-salted-cream-strawberry.png
22,20222,0,0,0,ss/alcremie-salted-cream-strawberry.png
22,20223,0,0,0,ss/alcremie-ruby-swirl-strawberry.png
22,20224,0,0,0,ss/alcremie-ruby-swirl-strawberry.png
22,20225,0,0,0,ss/alcremie-ruby-swirl-strawberry.png
22,20226,0,0,0,ss/alcremie-ruby-swirl-strawberry.png
22,20227,0,0,0,ss/alcremie-ruby-swirl-strawberry.png
22,20228,0,0,0,ss/alcremie-ruby-swirl-strawberry.png
22,20229,0,0,0,ss/alcremie-ruby-swirl-strawberry.png
22,20230,0,0,0,ss/alcremie-caramel-swirl-strawberry.png
22,20231,0,0,0,ss/alcremie-caramel-swirl-strawberry.png
22,20232,0,0,0,ss/alcremie-caramel-swirl-strawberry.png
22,20233,0,0,0,ss/alcremie-caramel-swirl-strawberry.png
22,20234,0,0,0,ss/alcremie-caramel-swirl-strawberry.png
22,20235,0,0,0,ss/alcremie-caramel-swirl-strawberry.png
22,20236,0,0,0,ss/alcremie-caramel-swirl-strawberry.png
22,20237,0,0,0,ss/alcremie-rainbow-swirl-strawberry.png
22,20238,0,0,0,ss/alcremie-rainbow-swirl-strawberry.png
22,20239,0,0,0,ss/alcremie-rainbow-swirl-strawberry.png
22,20240,0,0,0,ss/alcremie-rainbow-swirl-strawberry.png
22,20241,0,0,0,ss/alcremie-rainbow-swirl-strawberry.png
22,20242,0,0,0,ss/alcremie-rainbow-swirl-strawberry.png
22,20243,0,0,0,ss/alcremie-rainbow-swirl-strawberry.png
22,20244,0,0,0,ss/alcremie-gmax.png
22,20245,0,0,0,ss/morpeko-hangry.png
22,20246,0,0,0,ss/copperajah-gmax.png
22,20247,0,0,0,ss/duraludon-gmax.png
22,20248,0,0,0,ss/toxtricity-gmax.png
22,20249,0,0,0,ss/venusaur-gmax.png
22,20250,0,0,0,ss/blastoise-gmax.png
22,20251,0,0,0,ss/rillaboom-gmax.png
22,20252,0,0,0,ss/cinderace-gmax.png
22,20253,0,0,0,ss/intelleon-gmax.png
22,20254,0,0,0,ss/urshifu-single-strike-gmax.png
22,20255,0,0,0,ss/zarude-dada.png
22,20256,0,0,0,ss/pikachu-cap-world.png
22,20257,0,0,0,ss/urshifu-rapid-strike-gmax.png
23,1,0,0,0,bdsp/bulbasaur.png
23,2,0,0,0,bdsp/ivysaur.png
23,3,0,0,0,bdsp/venusaur.png
23,4,0,0,0,bdsp/charmander.png
23,5,0,0,0,bdsp/charmeleon.png
23,6,0,0,0,bdsp/charizard.png
23,7,0,0,0,bdsp/squirtle.png
23,8,0,0,0,bdsp/wartortle.png
23,9,0,0,0,bdsp/blastoise.png
23,10,0,0,0,bdsp/caterpie.png
23,11,0,0,0,bdsp/metapod.png
23,12,0,0,0,bdsp/butterfree.png
23,13,0,0,0,bdsp/weedle.png
23,14,0,0,0,bdsp/kakuna.png
23,15,0,0,0,bdsp/beedrill.png
23,16,0,0,0,bdsp/pidgey.png
23,17,0,0,0,bdsp/pidgeotto.png
23,18,0,0,0,bdsp/pidgeot.png
23,19,0,0,0,bdsp/rattata.png
23,20,0,0,0,bdsp/raticate.png
23,21,0,0,0,bdsp/spearow.png
23,22,0,0,0,bdsp/fearow.png
23,23,0,0,0,bdsp/ekans.png
23,24,0,0,0,bdsp/arbok.png
23,25,0,0,0,bdsp/pikachu.png
23,26,0,0,0,bdsp/raichu.png
23,27,0,0,0,bdsp/sandshrew.png
23,28,0,0,0,bdsp/sandslash.png
23,29,0,0,0,bdsp/nidoran-f.png
23,30,0,0,0,bdsp/nidorina.png
23,31,0,0,0,bdsp/nidoqueen.png
23,32,0,0,0,bdsp/nidoran-m.png
23,33,0,0,0,bdsp/nidorino.png
23,34,0,0,0,bdsp/nidoking.png
23,35,0,0,0,bdsp/clefairy.png
23,36,0,0,0,bdsp/clefable.png
23,37,0,0,0,bdsp/vulpix.png
23,38,0,0,0,bdsp/ninetales.png
23,39,0,0,0,bdsp/jigglypuff.png
23,40,0,0,0,bdsp/wigglytuff.png
23,41,0,0,0,bdsp/zubat.png
23,42,0,0,0,bdsp/golbat.png
23,43,0,0,0,bdsp/oddish.png
23,44,0,0,0,bdsp/gloom.png
23,45,0,0,0,bdsp/vileplume.png
23,46,0,0,0,bdsp/paras.png
23,47,0,0,0,bdsp/parasect.png
23,48,0,0,0,bdsp/venonat.png
23,49,0,0,0,bdsp/venomoth.png
23,50,0,0,0,bdsp/diglett.png
23,51,0,0,0,bdsp/dugtrio.png
23,52,0,0,0,bdsp/meowth.png
23,53,0,0,0,bdsp/persian.png
23,54,0,0,0,bdsp/psyduck.png
23,55,0,0,0,bdsp/golduck.png
23,56,0,0,0,bdsp/mankey.png
23,57,0,0,0,bdsp/primeape.png
23,58,0,0,0,bdsp/growlithe.png
23,59,0,0,0,bdsp/arcanine.png
23,60,0,0,0,bdsp/poliwag.png
23,61,0,0,0,bdsp/poliwhirl.png
23,62,0,0,0,bdsp/poliwrath.png
23,63,0,0,0,bdsp/abra.png
23,64,0,0,0,bdsp/kadabra.png
23,65,0,0,0,bdsp/alakazam.png
23,66,0,0,0,bdsp/machop.png
23,67,0,0,0,bdsp/machoke.png
23,68,0,0,0,bdsp/machamp.png
23,69,0,0,0,bdsp/bellsprout.png
23,70,0,0,0,bdsp/weepinbell.png
23,71,0,0,0,bdsp/victreebel.png
23,72,0,0,0,bdsp/tentacool.png
23,73,0,0,0,bdsp/tentacruel.png
23,74,0,0,0,bdsp/geodude.png
23,75,0,0,0,bdsp/graveler.png
23,76,0,0,0,bdsp/golem.png
23,77,0,0,0,bdsp/ponyta.png
23,78,0,0,0,bdsp/rapidash.png
23,79,0,0,0,bdsp/slowpoke.png
23,80,0,0,0,bdsp/slowbro.png
23,81,0,0,0,bdsp/magnemite.png
23,82,0,0,0,bdsp/magneton.png
23,83,0,0,0,bdsp/farfetch-d.png
23,84,0,0,0,bdsp/doduo.png
23,85,0,0,0,bdsp/dodrio.png
23,86,0,0,0,bdsp/seel.png
23,87,0,0,0,bdsp/dewgong.png
23,88,0,0,0,bdsp/grimer.png
23,89,0,0,0,bdsp/muk.png
23,90,0,0,0,bdsp/shellder.png
23,91,0,0,0,bdsp/cloyster.png
23,92,0,0,0,bdsp/gastly.png
23,93,0,0,0,bdsp/haunter.png
23,94,0,0,0,bdsp/gengar.png
23,95,0,0,0,bdsp/onix.png
23,96,0,0,0,bdsp/drowzee.png
23,97,0,0,0,bdsp/hypno.png
23,98,0,0,0,bdsp/krabby.png
23,99,0,0,0,bdsp/kingler.png
23,100,0,0,0,bdsp/voltorb.png
23,101,0,0,0,bdsp/electrode.png
23,102,0,0,0,bdsp/exeggcute.png
23,103,0,0,0,bdsp/exeggutor.png
23,104,0,0,0,bdsp/cubone.png
23,105,0,0,0,bdsp/marowak.png
23,106,0,0,0,bdsp/hitmonlee.png
23,107,0,0,0,bdsp/hitmonchan.png
23,108,0,0,0,bdsp/lickitung.png
23,109,0,0,0,bdsp/koffing.png
23,110,0,0,0,bdsp/weezing.png
23,111,0,0,0,bdsp/rhyhorn.png
23,112,0,0,0,bdsp/rhydon.png
23,113,0,0,0,bdsp/chansey.png
23,114,0,0,0,bdsp/tangela.png
23,115,0,0,0,bdsp/kangaskhan.png
23,116,0,0,0,bdsp/horsea.png
23,117,0,0,0,bdsp/seadra.png
23,118,0,0,0,bdsp/goldeen.png
23,119,0,0,0,bdsp/seaking.png
23,120,0,0,0,bdsp/staryu.png
23,121,0,0,0,bdsp/starmie.png
23,122,0,0,0,bdsp/mr-mime.png
23,123,0,0,0,bdsp/scyther.png
23,124,0,0,0,bdsp/jynx.png
23,125,0,0,0,bdsp/electabuzz.png
23,126,0,0,0,bdsp/magmar.png
23,127,0,0,0,bdsp/pinsir.png
23,128,0,0,0,bdsp/tauros.png
23,129,0,0,0,bdsp/magikarp.png
23,130,0,0,0,bdsp/gyarados.png
23,131,0,0,0,bdsp/lapras.png
23,132,0,0,0,bdsp/ditto.png
23,133,0,0,0,bdsp/eevee.png
23,134,0,0,0,bdsp/vaporeon.png
23,135,0,0,0,bdsp/jolteon.png
23,136,0,0,0,bdsp/flareon.png
23,137,0,0,0,bdsp/porygon.png
23,138,0,0,0,bdsp/omanyte.png
23,139,0,0,0,bdsp/omastar.png
23,140,0,0,0,bdsp/kabuto.png
23,141,0,0,0,bdsp/kabutops.png
23,142,0,0,0,bdsp/aerodactyl.png
23,143,0,0,0,bdsp/snorlax.png
23,144,0,0,0,bdsp/articuno.png
23,145,0,0,0,bdsp/zapdos.png
23,146,0,0,0,bdsp/moltres.png
23,147,0,0,0,bdsp/dratini.png
23,148,0,0,0,bdsp/dragonair.png
23,149,0,0,0,bdsp/dragonite.png
23,150,0,0,0,bdsp/mewtwo.png
23,151,0,0,0,bdsp/mew.png
23,152,0,0,0,bdsp/chikorita.png
23,153,0,0,0,bdsp/bayleef.png
23,154,0,0,0,bdsp/meganium.png
23,155,0,0,0,bdsp/cyndaquil.png
23,156,0,0,0,bdsp/quilava.png
23,157,0,0,0,bdsp/typhlosion.png
23,158,0,0,0,bdsp/totodile.png
23,159,0,0,0,bdsp/croconaw.png
23,160,0,0,0,bdsp/feraligatr.png
23,161,0,0,0,bdsp/sentret.png
23,162,0,0,0,bdsp/furret.png
23,163,0,0,0,bdsp/hoothoot.png
23,164,0,0,0,bdsp/noctowl.png
23,165,0,0,0,bdsp/ledyba.png
23,166,0,0,0,bdsp/ledian.png
23,167,0,0,0,bdsp/spinarak.png
23,168,0,0,0,bdsp/ariados.png
23,169,0,0,0,bdsp/crobat.png
23,170,0,0,0,bdsp/chinchou.png
23,171,0,0,0,bdsp/lanturn.png
23,172,0,0,0,bdsp/pichu.png
23,173,0,0,0,bdsp/cleffa.png
23,174,0,0,0,bdsp/igglybuff.png
23,175,0,0,0,bdsp/togepi.png
23,176,0,0,0,bdsp/togetic.png
23,177,0,0,0,bdsp/natu.png
23,178,0,0,0,bdsp/xatu.png
23,179,0,0,0,bdsp/mareep.png
23,180,0,0,0,bdsp/flaaffy.png
23,181,0,0,0,bdsp/ampharos.png
23,182,0,0,0,bdsp/bellossom.png
23,183,0,0,0,bdsp/marill.png
23,184,0,0,0,bdsp/azumarill.png
23,185,0,0,0,bdsp/sudowoodo.png
23,186,0,0,0,bdsp/politoed.png
23,187,0,0,0,bdsp/hoppip.png
23,188,0,0,0,bdsp/skiploom.png
23,189,0,0,0,bdsp/jumpluff.png
23,190,0,0,0,bdsp/aipom.png
23,191,0,0,0,bdsp/sunkern.png
23,192,0,0,0,bdsp/sunflora.png
23,193,0,0,0,bdsp/yanma.png
23,194,0,0,0,bdsp/wooper.png
23,195,0,0,0,bdsp/quagsire.png
23,196,0,0,0,bdsp/espeon.png
23,197,0,0,0,bdsp/umbreon.png
23,198,0,0,0,bdsp/murkrow.png
23,199,0,0,0,bdsp/slowking.png
23,200,0,0,0,bdsp/misdreavus.png
23,201,0,0,0,bdsp/unown-a.png
23,202,0,0,0,bdsp/wobbuffet.png
23,203,0,0,0,bdsp/girafarig.png
23,204,0,0,0,bdsp/pineco.png
23,205,0,0,0,bdsp/forretress.png
23,206,0,0,0,bdsp/dunsparce.png
23,207,0,0,0,bdsp/gligar.png
23,208,0,0,0,bdsp/steelix.png
23,209,0,0,0,bdsp/snubbull.png
23,210,0,0,0,bdsp/granbull.png
23,211,0,0,0,bdsp/qwilfish.png
23,212,0,0,0,bdsp/scizor.png
23,213,0,0,0,bdsp/shuckle.png
23,214,0,0,0,bdsp/heracross.png
23,215,0,0,0,bdsp/sneasel.png
23,216,0,0,0,bdsp/teddiursa.png
23,217,0,0,0,bdsp/ursaring.png
23,218,0,0,0,bdsp/slugma.png
23,219,0,0,0,bdsp/magcargo.png
23,220,0,0,0,bdsp/swinub.png
23,221,0,0,0,bdsp/piloswine.png
23,222,0,0,0,bdsp/corsola.png
23,223,0,0,0,bdsp/remoraid.png
23,224,0,0,0,bdsp/octillery.png
23,225,0,0,0,bdsp/delibird.png
23,226,0,0,0,bdsp/mantine.png
23,227,0,0,0,bdsp/skarmory.png
23,228,0,0,0,bdsp/houndour.png
23,229,0,0,0,bdsp/houndoom.png
23,230,0,0,0,bdsp/kingdra.png
23,231,0,0,0,bdsp/phanpy.png
23,232,0,0,0,bdsp/donphan.png
23,233,0,0,0,bdsp/porygon2.png
23,234,0,0,0,bdsp/stantler.png
23,235,0,0,0,bdsp/smeargle.png
23,236,0,0,0,bdsp/tyrogue.png
23,237,0,0,0,bdsp/hitmontop.png
23,238,0,0,0,bdsp/smoochum.png
23,239,0,0,0,bdsp/elekid.png
23,240,0,0,0,bdsp/magby.png
23,241,0,0,0,bdsp/miltank.png
23,242,0,0,0,bdsp/blissey.png
23,243,0,0,0,bdsp/raikou.png
23,244,0,0,0,bdsp/entei.png
23,245,0,0,0,bdsp/suicune.png
23,246,0,0,0,bdsp/larvitar.png
23,247,0,0,0,bdsp/pupitar.png
23,248,0,0,0,bdsp/tyranitar.png
23,249,0,0,0,bdsp/lugia.png
23,250,0,0,0,bdsp/ho-oh.png
23,251,0,0,0,bdsp/celebi.png
23,252,0,0,0,bdsp/treecko.png
23,253,0,0,0,bdsp/grovyle.png
23,254,0,0,0,bdsp/sceptile.png
23,255,0,0,0,bdsp/torchic.png
23,256,0,0,0,bdsp/combusken.png
23,257,0,0,0,bdsp/blaziken.png
23,258,0,0,0,bdsp/mudkip.png
23,259,0,0,0,bdsp/marshtomp.png
23,260,0,0,0,bdsp/swampert.png
23,261,0,0,0,bdsp/poochyena.png
23,262,0,0,0,bdsp/mightyena.png
23,263,0,0,0,bdsp/zigzagoon.png
23,264,0,0,0,bdsp/linoone.png
23,265,0,0,0,bdsp/wurmple.png
23,266,0,0,0,bdsp/silcoon.png
23,267,0,0,0,bdsp/beautifly.png
23,268,0,0,0,bdsp/cascoon.png
23,269,0,0,0,bdsp/dustox.png
23,270,0,0,0,bdsp/lotad.png
23,271,0,0,0,bdsp/lombre.png
23,272,0,0,0,bdsp/ludicolo.png
23,273,0,0,0,bdsp/seedot.png
23,274,0,0,0,bdsp/nuzleaf.png
23,275,0,0,0,bdsp/shiftry.png
23,276,0,0,0,bdsp/taillow.png
23,277,0,0,0,bdsp/swellow.png
23,278,0,0,0,bdsp/wingull.png
23,279,0,0,0,bdsp/pelipper.png
23,280,0,0,0,bdsp/ralts.png
23,281,0,0,0,bdsp/kirlia.png
23,282,0,0,0,bdsp/gardevoir.png
23,283,0,0,0,bdsp/surskit.png
23,284,0,0,0,bdsp/masquerain.png
23,285,0,0,0,bdsp/shroomish.png
23,286,0,0,0,bdsp/breloom.png
23,287,0,0,0,bdsp/slakoth.png
23,288,0,0,0,bdsp/vigoroth.png
23,289,0,0,0,bdsp/slaking.png
23,290,0,0,0,bdsp/nincada.png
23,291,0,0,0,bdsp/ninjask.png
23,292,0,0,0,bdsp/shedinja.png
23,293,0,0,0,bdsp/whismur.png
23,294,0,0,0,bdsp/loudred.png
23,295,0,0,0,bdsp/exploud.png
23,296,0,0,0,bdsp/makuhita.png
23,297,0,0,0,bdsp/hariyama.png
23,298,0,0,0,bdsp/azurill.png
23,299,0,0,0,bdsp/nosepass.png
23,300,0,0,0,bdsp/skitty.png
23,301,0,0,0,bdsp/delcatty.png
23,302,0,0,0,bdsp/sableye.png
23,303,0,0,0,bdsp/mawile.png
23,304,0,0,0,bdsp/aron.png
23,305,0,0,0,bdsp/lairon.png
23,306,0,0,0,bdsp/aggron.png
23,307,0,0,0,bdsp/meditite.png
23,308,0,0,0,bdsp/medicham.png
23,309,0,0,0,bdsp/electrike.png
23,310,0,0,0,bdsp/manectric.png
23,311,0,0,0,bdsp/plusle.png
23,312,0,0,0,bdsp/minun.png
23,313,0,0,0,bdsp/volbeat.png
23,314,0,0,0,bdsp/illumise.png
23,315,0,0,0,bdsp/roselia.png
23,316,0,0,0,bdsp/gulpin.png
23,317,0,0,0,bdsp/swalot.png
23,318,0,0,0,bdsp/carvanha.png
23,319,0,0,0,bdsp/sharpedo.png
23,320,0,0,0,bdsp/wailmer.png
23,321,0,0,0,bdsp/wailord.png
23,322,0,0,0,bdsp/numel.png
23,323,0,0,0,bdsp/camerupt.png
23,324,0,0,0,bdsp/torkoal.png
23,325,0,0,0,bdsp/spoink.png
23,326,0,0,0,bdsp/grumpig.png
23,327,0,0,0,bdsp/spinda.png
23,328,0,0,0,bdsp/trapinch.png
23,329,0,0,0,bdsp/vibrava.png
23,330,0,0,0,bdsp/flygon.png
23,331,0,0,0,bdsp/cacnea.png
23,332,0,0,0,bdsp/cacturne.png
23,333,0,0,0,bdsp/swablu.png
23,334,0,0,0,bdsp/altaria.png
23,335,0,0,0,bdsp/zangoose.png
23,336,0,0,0,bdsp/seviper.png
23,337,0,0,0,bdsp/lunatone.png
23,338,0,0,0,bdsp/solrock.png
23,339,0,0,0,bdsp/barboach.png
23,340,0,0,0,bdsp/whiscash.png
23,341,0,0,0,bdsp/corphish.png
23,342,0,0,0,bdsp/crawdaunt.png
23,343,0,0,0,bdsp/baltoy.png
23,344,0,0,0,bdsp/claydol.png
23,345,0,0,0,bdsp/lileep.png
23,346,0,0,0,bdsp/cradily.png
23,347,0,0,0,bdsp/anorith.png
23,348,0,0,0,bdsp/armaldo.png
23,349,0,0,0,bdsp/feebas.png
23,350,0,0,0,bdsp/milotic.png
23,351,0,0,0,bdsp/castform-normal.png
23,352,0,0,0,bdsp/kecleon.png
23,353,0,0,0,bdsp/shuppet.png
23,354,0,0,0,bdsp/banette.png
23,355,0,0,0,bdsp/duskull.png
23,356,0,0,0,bdsp/dusclops.png
23,357,0,0,0,bdsp/tropius.png
23,358,0,0,0,bdsp/chimecho.png
23,359,0,0,0,bdsp/absol.png
23,360,0,0,0,bdsp/wynaut.png
23,361,0,0,0,bdsp/snorunt.png
23,362,0,0,0,bdsp/glalie.png
23,363,0,0,0,bdsp/spheal.png
23,364,0,0,0,bdsp/sealeo.png
23,365,0,0,0,bdsp/walrein.png
23,366,0,0,0,bdsp/clamperl.png
23,367,0,0,0,bdsp/huntail.png
23,368,0,0,0,bdsp/gorebyss.png
23,369,0,0,0,bdsp/relicanth.png
23,370,0,0,0,bdsp/luvdisc.png
23,371,0,0,0,bdsp/bagon.png
23,372,0,0,0,bdsp/shelgon.png
23,373,0,0,0,bdsp/salamence.png
23,374,0,0,0,bdsp/beldum.png
23,375,0,0,0,bdsp/metang.png
23,376,0,0,0,bdsp/metagross.png
23,377,0,0,0,bdsp/regirock.png
23,378,0,0,0,bdsp/regice.png
23,379,0,0,0,bdsp/registeel.png
23,380,0,0,0,bdsp/latias.png
23,381,0,0,0,bdsp/latios.png
23,382,0,0,0,bdsp/kyogre.png
23,383,0,0,0,bdsp/groudon.png
23,384,0,0,0,bdsp/rayquaza.png
23,385,0,0,0,bdsp/jirachi.png
23,386,0,0,0,bdsp/deoxys-normal.png
23,387,0,0,0,bdsp/turtwig.png
23,388,0,0,0,bdsp/grotle.png
23,389,0,0,0,bdsp/torterra.png
23,390,0,0,0,bdsp/chimchar.png
23,391,0,0,0,bdsp/monferno.png
23,392,0,0,0,bdsp/infernape.png
23,393,0,0,0,bdsp/piplup.png
23,394,0,0,0,bdsp/prinplup.png
23,395,0,0,0,bdsp/empoleon.png
23,396,0,0,0,bdsp/starly.png
23,397,0,0,0,bdsp/staravia.png
23,398,0,0,0,bdsp/staraptor.png
23,399,0,0,0,bdsp/bidoof.png
23,400,0,0,0,bdsp/bibarel.png
23,401,0,0,0,bdsp/kricketot.png
23,402,0,0,0,bdsp/kricketune.png
23,403,0,0,0,bdsp/shinx.png
23,404,0,0,0,bdsp/luxio.png
23,405,0,0,0,bdsp/luxray.png
23,406,0,0,0,bdsp/budew.png
23,407,0,0,0,bdsp/roserade.png
23,408,0,0,0,bdsp/cranidos.png
23,409,0,0,0,bdsp/rampardos.png
23,410,0,0,0,bdsp/shieldon.png
23,411,0,0,0,bdsp/bastiodon.png
23,412,0,0,0,bdsp/burmy-plant.png
23,413,0,0,0,bdsp/wormadam-plant.png
23,414,0,0,0,bdsp/mothim.png
23,415,0,0,0,bdsp/combee.png
23,416,0,0,0,bdsp/vespiquen.png
23,417,0,0,0,bdsp/pachirisu.png
23,418,0,0,0,bdsp/buizel.png
23,419,0,0,0,bdsp/floatzel.png
23,420,0,0,0,bdsp/cherubi.png
23,421,0,0,0,bdsp/cherrim-overcast.png
23,422,0,0,0,bdsp/shellos-west.png
23,423,0,0,0,bdsp/gastrodon-west.png
23,424,0,0,0,bdsp/ambipom.png
23,425,0,0,0,bdsp/drifloon.png
23,426,0,0,0,bdsp/drifblim.png
23,427,0,0,0,bdsp/buneary.png
23,428,0,0,0,bdsp/lopunny.png
23,429,0,0,0,bdsp/mismagius.png
23,430,0,0,0,bdsp/honchkrow.png
23,431,0,0,0,bdsp/glameow.png
23,432,0,0,0,bdsp/purugly.png
23,433,0,0,0,bdsp/chingling.png
23,434,0,0,0,bdsp/stunky.png
23,435,0,0,0,bdsp/skuntank.png
23,436,0,0,0,bdsp/bronzor.png
23,437,0,0,0,bdsp/bronzong.png
23,438,0,0,0,bdsp/bonsly.png
23,439,0,0,0,bdsp/mime-jr.png
23,440,0,0,0,bdsp/happiny.png
23,441,0,0,0,bdsp/chatot.png
23,442,0,0,0,bdsp/spiritomb.png
23,443,0,0,0,bdsp/gible.png
23,444,0,0,0,bdsp/gabite.png
23,445,0,0,0,bdsp/garchomp.png
23,446,0,0,0,bdsp/munchlax.png
23,447,0,0,0,bdsp/riolu.png
23,448,0,0,0,bdsp/lucario.png
23,449,0,0,0,bdsp/hippopotas.png
23,450,0,0,0,bdsp/hippowdon.png
23,451,0,0,0,bdsp/skorupi.png
23,452,0,0,0,bdsp/drapion.png
23,453,0,0,0,bdsp/croagunk.png
23,454,0,0,0,bdsp/toxicroak.png
23,455,0,0,0,bdsp/carnivine.png
23,456,0,0,0,bdsp/finneon.png
23,457,0,0,0,bdsp/lumineon.png
23,458,0,0,0,bdsp/mantyke.png
23,459,0,0,0,bdsp/snover.png
23,460,0,0,0,bdsp/abomasnow.png
23,461,0,0,0,bdsp/weavile.png
23,462,0,0,0,bdsp/magnezone.png
23,463,0,0,0,bdsp/lickilicky.png
23,464,0,0,0,bdsp/rhyperior.png
23,465,0,0,0,bdsp/tangrowth.png
23,466,0,0,0,bdsp/electivire.png
23,467,0,0,0,bdsp/magmortar.png
23,468,0,0,0,bdsp/togekiss.png
23,469,0,0,0,bdsp/yanmega.png
23,470,0,0,0,bdsp/leafeon.png
23,471,0,0,0,bdsp/glaceon.png
23,472,0,0,0,bdsp/gliscor.png
23,473,0,0,0,bdsp/mamoswine.png
23,474,0,0,0,bdsp/porygon-z.png
23,475,0,0,0,bdsp/gallade.png
23,476,0,0,0,bdsp/probopass.png
23,477,0,0,0,bdsp/dusknoir.png
23,478,0,0,0,bdsp/froslass.png
23,479,0,0,0,bdsp/rotom.png
23,480,0,0,0,bdsp/uxie.png
23,481,0,0,0,bdsp/mesprit.png
23,482,0,0,0,bdsp/azelf.png
23,483,0,0,0,bdsp/dialga.png
23,484,0,0,0,bdsp/palkia.png
23,485,0,0,0,bdsp/heatran.png
23,486,0,0,0,bdsp/regigigas.png
23,487,0,0,0,bdsp/giratina-altered.png
23,488,0,0,0,bdsp/cresselia.png
23,489,0,0,0,bdsp/phione.png
23,490,0,0,0,bdsp/manaphy.png
23,491,0,0,0,bdsp/darkrai.png
23,492,0,0,0,bdsp/shaymin-land.png
23,493,0,0,0,bdsp/arceus.png
23,10001,0,0,0,bdsp/castform-sunny.png
23,10002,0,0,0,bdsp/castform-rainy.png
23,10003,0,0,0,bdsp/castform-snowy.png
23,10004,0,0,0,bdsp/deoxys-attack.png
23,10005,0,0,0,bdsp/deoxys-defense.png
23,10006,0,0,0,bdsp/deoxys-speed.png
23,10007,0,0,0,bdsp/wormadam-sandy.png
23,10008,0,0,0,bdsp/wormadam-trash.png
23,10009,0,0,0,bdsp/arceus.png
23,10010,0,0,0,bdsp/arceus.png
23,10011,0,0,0,bdsp/arceus.png
23,10012,0,0,0,bdsp/arceus.png
23,10013,0,0,0,bdsp/arceus.png
23,10014,0,0,0,bdsp/arceus.png
23,10015,0,0,0,bdsp/arceus.png
23,10016,0,0,0,bdsp/arceus.png
23,10017,0,0,0,bdsp/arceus.png
23,10018,0,0,0,bdsp/arceus.png
23,10019,0,0,0,bdsp/arceus.png
23,10020,0,0,0,bdsp/arceus.png
23,10021,0,0,0,bdsp/arceus.png
23,10022,0,0,0,bdsp/arceus.png
23,10023,0,0,0,bdsp/arceus.png
23,10024,0,0,0,bdsp/arceus.png
23,10025,0,0,0,bdsp/rotom-heat.png
23,10026,0,0,0,bdsp/rotom-wash.png
23,10027,0,0,0,bdsp/rotom-frost.png
23,10028,0,0,0,bdsp/rotom-fan.png
23,10029,0,0,0,bdsp/rotom-mow.png
23,10030,0,0,0,bdsp/giratina-origin.png
23,10031,0,0,0,bdsp/shaymin-sky.png
23,10071,0,0,0,bdsp/arceus.png
23,20001,0,0,0,bdsp/unown-b.png
23,20002,0,0,0,bdsp/unown-c.png
23,20003,0,0,0,bdsp/unown-d.png
23,20004,0,0,0,bdsp/unown-e.png
23,20005,0,0,0,bdsp/unown-f.png
23,20006,0,0,0,bdsp/unown-g.png
23,20007,0,0,0,bdsp/unown-h.png
23,20008,0,0,0,bdsp/unown-i.png
23,20009,0,0,0,bdsp/unown-j.png
23,20010,0,0,0,bdsp/unown-k.png
23,20011,0,0,0,bdsp/unown-l.png
23,20012,0,0,0,bdsp/unown-m.png
23,20013,0,0,0,bdsp/unown-n.png
23,20014,0,0,0,bdsp/unown-o.png
23,20015,0,0,0,bdsp/unown-p.png
23,20016,0,0,0,bdsp/unown-q.png
23,20017,0,0,0,bdsp/unown-r.png
23,20018,0,0,0,bdsp/unown-s.png
23,20019,0,0,0,bdsp/unown-t.png
23,20020,0,0,0,bdsp/unown-u.png
23,20021,0,0,0,bdsp/unown-v.png
23,20022,0,0,0,bdsp/unown-w.png
23,20023,0,0,0,bdsp/unown-x.png
23,20024,0,0,0,bdsp/unown-y.png
23,20025,0,0,0,bdsp/unown-z.png
23,20026,0,0,0,bdsp/unown-exclamation.png
23,20027,0,0,0,bdsp/unown-question.png
23,20028,0,0,0,bdsp/burmy-sandy.png
23,20029,0,0,0,bdsp/burmy-trash.png
23,20030,0,0,0,bdsp/cherrim-sunshine.png
23,20031,0,0,0,bdsp/shellos-east.png
23,20032,0,0,0,bdsp/gastrodon-east.png
24,25,0,0,0,la/pikachu-male.png
24,25,0,0,1,la/_shiny/pikachu-male.png
24,25,1,0,0,la/pikachu-female.png
24,25,1,0,1,la/_shiny/pikachu-female.png
24,26,0,0,0,la/raichu-male.png
24,26,0,0,1,la/_shiny/raichu-male.png
24,26,1,0,0,la/raichu-female.png
24,26,1,0,1,la/_shiny/raichu-female.png
24,35,0,0,0,la/clefairy.png
24,35,0,0,1,la/_shiny/clefairy.png
24,36,0,0,0,la/clefable.png
24,36,0,0,1,la/_shiny/clefable.png
24,37,0,0,0,la/vulpix.png
24,37,0,0,1,la/_shiny/vulpix.png
24,38,0,0,0,la/ninetales.png
24,38,0,0,1,la/_shiny/ninetales.png
24,41,0,0,0,la/zubat-male.png
24,41,0,0,1,la/_shiny/zubat-male.png
24,41,1,0,0,la/zubat-female.png
24,41,1,0,1,la/_shiny/zubat-female.png
24,42,0,0,0,la/golbat-male.png
24,42,0,0,1,la/_shiny/golbat-male.png
24,42,1,0,0,la/golbat-female.png
24,42,1,0,1,la/_shiny/golbat-female.png
24,46,0,0,0,la/paras.png
24,46,0,0,1,la/_shiny/paras.png
24,47,0,0,0,la/parasect.png
24,47,0,0,1,la/_shiny/parasect.png
24,54,0,0,0,la/psyduck.png
24,54,0,0,1,la/_shiny/psyduck.png
24,55,0,0,0,la/golduck.png
24,55,0,0,1,la/_shiny/golduck.png
24,63,0,0,0,la/abra.png
24,63,0,0,1,la/_shiny/abra.png
24,64,0,0,0,la/kadabra-male.png
24,64,0,0,1,la/_shiny/kadabra-male.png
24,64,1,0,0,la/kadabra-female.png
24,64,1,0,1,la/_shiny/kadabra-female.png
24,65,0,0,0,la/alakazam-male.png
24,65,0,0,1,la/_shiny/alakazam-male.png
24,65,1,0,0,la/alakazam-female.png
24,65,1,0,1,la/_shiny/alakazam-female.png
24,66,0,0,0,la/machop.png
24,66,0,0,1,la/_shiny/machop.png
24,67,0,0,0,la/machoke.png
24,67,0,0,1,la/_shiny/machoke.png
24,68,0,0,0,la/machamp.png
24,68,0,0,1,la/_shiny/machamp.png
24,72,0,0,0,la/tentacool.png
24,72,0,0,1,la/_shiny/tentacool.png
24,73,0,0,0,la/tentacruel.png
24,73,0,0,1,la/_shiny/tentacruel.png
24,74,0,0,0,la/geodude.png
24,74,0,0,1,la/_shiny/geodude.png
24,75,0,0,0,la/graveler.png
24,75,0,0,1,la/_shiny/graveler.png
24,76,0,0,0,la/golem.png
24,76,0,0,1,la/_shiny/golem.png
24,77,0,0,0,la/ponyta.png
24,77,0,0,1,la/_shiny/ponyta.png
24,78,0,0,0,la/rapidash.png
24,78,0,0,1,la/_shiny/rapidash.png
24,81,0,0,0,la/magnemite.png
24,81,0,0,1,la/_shiny/magnemite.png
24,82,0,0,0,la/magneton.png
24,82,0,0,1,la/_shiny/magneton.png
24,92,0,0,0,la/gastly.png
24,92,0,0,1,la/_shiny/gastly.png
24,93,0,0,0,la/haunter.png
24,93,0,0,1,la/_shiny/haunter.png
24,94,0,0,0,la/gengar.png
24,94,0,0,1,la/_shiny/gengar.png
24,95,0,0,0,la/onix.png
24,95,0,0,1,la/_shiny/onix.png
24,108,0,0,0,la/lickitung.png
24,108,0,0,1,la/_shiny/lickitung.png
24,111,0,0,0,la/rhyhorn-male.png
24,111,0,0,1,la/_shiny/rhyhorn-male.png
24,111,1,0,0,la/rhyhorn-female.png
24,111,1,0,1,la/_shiny/rhyhorn-female.png
24,112,0,0,0,la/rhydon-male.png
24,112,0,0,1,la/_shiny/rhydon-male.png
24,112,1,0,0,la/rhydon-female.png
24,112,1,0,1,la/_shiny/rhydon-female.png
24,113,0,0,0,la/chansey.png
24,113,0,0,1,la/_shiny/chansey.png
24,114,0,0,0,la/tangela.png
24,114,0,0,1,la/_shiny/tangela.png
24,122,0,0,0,la/mr-mime.png
24,122,0,0,1,la/_shiny/mr-mime.png
24,123,0,0,0,la/scyther-male.png
24,123,0,0,1,la/_shiny/scyther-male.png
24,123,1,0,0,la/scyther-female.png
24,123,1,0,1,la/_shiny/scyther-female.png
24,125,0,0,0,la/electabuzz.png
24,125,0,0,1,la/_shiny/electabuzz.png
24,126,0,0,0,la/magmar.png
24,126,0,0,1,la/_shiny/magmar.png
24,129,0,0,0,la/magikarp-male.png
24,129,0,0,1,la/_shiny/magikarp-male.png
24,129,1,0,0,la/magikarp-female.png
24,129,1,0,1,la/_shiny/magikarp-female.png
24,130,0,0,0,la/gyarados-male.png
24,130,0,0,1,la/_shiny/gyarados-male.png
24,130,1,0,0,la/gyarados-female.png
24,130,1,0,1,la/_shiny/gyarados-female.png
24,133,0,0,0,la/eevee-male.png
24,133,0,0,1,la/_shiny/eevee-male.png
24,133,1,0,0,la/eevee-female.png
24,133,1,0,1,la/_shiny/eevee-female.png
24,134,0,0,0,la/vaporeon.png
24,134,0,0,1,la/_shiny/vaporeon.png
24,135,0,0,0,la/jolteon.png
24,135,0,0,1,la/_shiny/jolteon.png
24,136,0,0,0,la/flareon.png
24,136,0,0,1,la/_shiny/flareon.png
24,137,0,0,0,la/porygon.png
24,137,0,0,1,la/_shiny/porygon.png
24,143,0,0,0,la/snorlax.png
24,143,0,0,1,la/_shiny/snorlax.png
24,155,0,0,0,la/cyndaquil.png
24,155,0,0,1,la/_shiny/cyndaquil.png
24,156,0,0,0,la/quilava.png
24,156,0,0,1,la/_shiny/quilava.png
24,169,0,0,0,la/crobat.png
24,169,0,0,1,la/_shiny/crobat.png
24,172,0,0,0,la/pichu.png
24,172,0,0,1,la/_shiny/pichu.png
24,173,0,0,0,la/cleffa.png
24,173,0,0,1,la/_shiny/cleffa.png
24,175,0,0,0,la/togepi.png
24,175,0,0,1,la/_shiny/togepi.png
24,176,0,0,0,la/togetic.png
24,176,0,0,1,la/_shiny/togetic.png
24,185,0,0,0,la/sudowoodo-male.png
24,185,0,0,1,la/_shiny/sudowoodo-male.png
24,185,1,0,0,la/sudowoodo-female.png
24,185,1,0,1,la/_shiny/sudowoodo-female.png
24,190,0,0,0,la/aipom-male.png
24,190,0,0,1,la/_shiny/aipom-male.png
24,190,1,0,0,la/aipom-female.png
24,190,1,0,1,la/_shiny/aipom-female.png
24,193,0,0,0,la/yanma.png
24,193,0,0,1,la/_shiny/yanma.png
24,196,0,0,0,la/espeon.png
24,196,0,0,1,la/_shiny/espeon.png
24,197,0,0,0,la/umbreon.png
24,197,0,0,1,la/_shiny/umbreon.png
24,198,0,0,0,la/murkrow-male.png
24,198,0,0,1,la/_shiny/murkrow-male.png
24,198,1,0,0,la/murkrow-female.png
24,198,1,0,1,la/_shiny/murkrow-female.png
24,200,0,0,0,la/misdreavus.png
24,200,0,0,1,la/_shiny/misdreavus.png
24,201,0,0,0,la/unown-a.png
24,201,0,0,1,la/_shiny/unown-a.png
24,207,0,0,0,la/gligar-male.png
24,207,0,0,1,la/_shiny/gligar-male.png
24,207,1,0,0,la/gligar-female.png
24,207,1,0,1,la/_shiny/gligar-female.png
24,208,0,0,0,la/steelix-male.png
24,208,0,0,1,la/_shiny/steelix-male.png
24,208,1,0,0,la/steelix-female.png
24,208,1,0,1,la/_shiny/steelix-female.png
24,212,0,0,0,la/scizor-male.png
24,212,0,0,1,la/_shiny/scizor-male.png
24,212,1,0,0,la/scizor-female.png
24,212,1,0,1,la/_shiny/scizor-female.png
24,214,0,0,0,la/heracross-male.png
24,214,0,0,1,la/_shiny/heracross-male.png
24,214,1,0,0,la/heracross-female.png
24,214,1,0,1,la/_shiny/heracross-female.png
24,215,0,0,0,la/sneasel-male.png
24,215,0,0,1,la/_shiny/sneasel-male.png
24,215,1,0,0,la/sneasel-female.png
24,215,1,0,1,la/_shiny/sneasel-female.png
24,216,0,0,0,la/teddiursa.png
24,216,0,0,1,la/_shiny/teddiursa.png
24,217,0,0,0,la/ursaring-male.png
24,217,0,0,1,la/_shiny/ursaring-male.png
24,217,1,0,0,la/ursaring-female.png
24,217,1,0,1,la/_shiny/ursaring-female.png
24,220,0,0,0,la/swinub.png
24,220,0,0,1,la/_shiny/swinub.png
24,221,0,0,0,la/piloswine-male.png
24,221,0,0,1,la/_shiny/piloswine-male.png
24,221,1,0,0,la/piloswine-female.png
24,221,1,0,1,la/_shiny/piloswine-female.png
24,223,0,0,0,la/remoraid.png
24,223,0,0,1,la/_shiny/remoraid.png
24,224,0,0,0,la/octillery-male.png
24,224,0,0,1,la/_shiny/octillery-male.png
24,224,1,0,0,la/octillery-female.png
24,224,1,0,1,la/_shiny/octillery-female.png
24,226,0,0,0,la/mantine.png
24,226,0,0,1,la/_shiny/mantine.png
24,233,0,0,0,la/porygon2.png
24,233,0,0,1,la/_shiny/porygon2.png
24,234,0,0,0,la/stantler.png
24,234,0,0,1,la/_shiny/stantler.png
24,239,0,0,0,la/elekid.png
24,239,0,0,1,la/_shiny/elekid.png
24,240,0,0,0,la/magby.png
24,240,0,0,1,la/_shiny/magby.png
24,242,0,0,0,la/blissey.png
24,242,0,0,1,la/_shiny/blissey.png
24,265,0,0,0,la/wurmple.png
24,265,0,0,1,la/_shiny/wurmple.png
24,266,0,0,0,la/silcoon.png
24,266,0,0,1,la/_shiny/silcoon.png
24,267,0,0,0,la/beautifly-male.png
24,267,0,0,1,la/_shiny/beautifly-male.png
24,267,1,0,0,la/beautifly-female.png
24,267,1,0,1,la/_shiny/beautifly-female.png
24,268,0,0,0,la/cascoon.png
24,268,0,0,1,la/_shiny/cascoon.png
24,269,0,0,0,la/dustox-male.png
24,269,0,0,1,la/_shiny/dustox-male.png
24,269,1,0,0,la/dustox-female.png
24,269,1,0,1,la/_shiny/dustox-female.png
24,280,0,0,0,la/ralts.png
24,280,0,0,1,la/_shiny/ralts.png
24,281,0,0,0,la/kirlia.png
24,281,0,0,1,la/_shiny/kirlia.png
24,282,0,0,0,la/gardevoir.png
24,282,0,0,1,la/_shiny/gardevoir.png
24,299,0,0,0,la/nosepass.png
24,299,0,0,1,la/_shiny/nosepass.png
24,315,0,0,0,la/roselia-male.png
24,315,0,0,1,la/_shiny/roselia-male.png
24,315,1,0,0,la/roselia-female.png
24,315,1,0,1,la/_shiny/roselia-female.png
24,339,0,0,0,la/barboach.png
24,339,0,0,1,la/_shiny/barboach.png
24,340,0,0,0,la/whiscash.png
24,340,0,0,1,la/_shiny/whiscash.png
24,355,0,0,0,la/duskull.png
24,355,0,0,1,la/_shiny/duskull.png
24,356,0,0,0,la/dusclops.png
24,356,0,0,1,la/_shiny/dusclops.png
24,358,0,0,0,la/chimecho.png
24,358,0,0,1,la/_shiny/chimecho.png
24,361,0,0,0,la/snorunt.png
24,361,0,0,1,la/_shiny/snorunt.png
24,362,0,0,0,la/glalie.png
24,362,0,0,1,la/_shiny/glalie.png
24,363,0,0,0,la/spheal.png
24,363,0,0,1,la/_shiny/spheal.png
24,364,0,0,0,la/sealeo.png
24,364,0,0,1,la/_shiny/sealeo.png
24,365,0,0,0,la/walrein.png
24,365,0,0,1,la/_shiny/walrein.png
24,387,0,0,0,la/turtwig.png
24,387,0,0,1,la/_shiny/turtwig.png
24,388,0,0,0,la/grotle.png
24,388,0,0,1,la/_shiny/grotle.png
24,389,0,0,0,la/torterra.png
24,389,0,0,1,la/_shiny/torterra.png
24,390,0,0,0,la/chimchar.png
24,390,0,0,1,la/_shiny/chimchar.png
24,391,0,0,0,la/monferno.png
24,391,0,0,1,la/_shiny/monferno.png
24,392,0,0,0,la/infernape.png
24,392,0,0,1,la/_shiny/infernape.png
24,393,0,0,0,la/piplup.png
24,393,0,0,1,la/_shiny/piplup.png
24,394,0,0,0,la/prinplup.png
24,394,0,0,1,la/_shiny/prinplup.png
24,395,0,0,0,la/empoleon.png
24,395,0,0,1,la/_shiny/empoleon.png
24,396,0,0,0,la/starly-male.png
24,396,0,0,1,la/_shiny/starly-male.png
24,396,1,0,0,la/starly-female.png
24,396,1,0,1,la/_shiny/starly-female.png
24,397,0,0,0,la/staravia-male.png
24,397,0,0,1,la/_shiny/staravia-male.png
24,397,1,0,0,la/staravia-female.png
24,397,1,0,1,la/_shiny/staravia-female.png
24,398,0,0,0,la/staraptor-male.png
24,398,0,0,1,la/_shiny/staraptor-male.png
24,398,1,0,0,la/staraptor-female.png
24,398,1,0,1,la/_shiny/staraptor-female.png
24,399,0,0,0,la/bidoof-male.png
24,399,0,0,1,la/_shiny/bidoof-male.png
24,399,1,0,0,la/bidoof-female.png
24,399,1,0,1,la/_shiny/bidoof-female.png
24,400,0,0,0,la/bibarel-male.png
24,400,0,0,1,la/_shiny/bibarel-male.png
24,400,1,0,0,la/bibarel-female.png
24,400,1,0,1,la/_shiny/bibarel-female.png
24,401,0,0,0,la/kricketot-male.png
24,401,0,0,1,la/_shiny/kricketot-male.png
24,401,1,0,0,la/kricketot-female.png
24,401,1,0,1,la/_shiny/kricketot-female.png
24,402,0,0,0,la/kricketune-male.png
24,402,0,0,1,la/_shiny/kricketune-male.png
24,402,1,0,0,la/kricketune-female.png
24,402,1,0,1,la/_shiny/kricketune-female.png
24,403,0,0,0,la/shinx-male.png
24,403,0,0,1,la/_shiny/shinx-male.png
24,403,1,0,0,la/shinx-female.png
24,403,1,0,1,la/_shiny/shinx-female.png
24,404,0,0,0,la/luxio-male.png
24,404,0,0,1,la/_shiny/luxio-male.png
24,404,1,0,0,la/luxio-female.png
24,404,1,0,1,la/_shiny/luxio-female.png
24,405,0,0,0,la/luxray-male.png
24,405,0,0,1,la/_shiny/luxray-male.png
24,405,1,0,0,la/luxray-female.png
24,405,1,0,1,la/_shiny/luxray-female.png
24,406,0,0,0,la/budew.png
24,406,0,0,1,la/_shiny/budew.png
24,407,0,0,0,la/roserade-male.png
24,407,0,0,1,la/_shiny/roserade-male.png
24,407,1,0,0,la/roserade-female.png
24,407,1,0,1,la/_shiny/roserade-female.png
24,408,0,0,0,la/cranidos.png
24,408,0,0,1,la/_shiny/cranidos.png
24,409,0,0,0,la/rampardos.png
24,409,0,0,1,la/_shiny/rampardos.png
24,410,0,0,0,la/shieldon.png
24,410,0,0,1,la/_shiny/shieldon.png
24,411,0,0,0,la/bastiodon.png
24,411,0,0,1,la/_shiny/bastiodon.png
24,412,0,0,0,la/burmy-plant.png
24,412,0,0,1,la/_shiny/burmy-plant.png
24,413,0,0,0,la/wormadam-plant.png
24,413,0,0,1,la/_shiny/wormadam-plant.png
24,414,0,0,0,la/mothim.png
24,414,0,0,1,la/_shiny/mothim.png
24,415,0,0,0,la/combee-male.png
24,415,0,0,1,la/_shiny/combee-male.png
24,415,1,0,0,la/combee-female.png
24,415,1,0,1,la/_shiny/combee-female.png
24,416,0,0,0,la/vespiquen.png
24,416,0,0,1,la/_shiny/vespiquen.png
24,417,0,0,0,la/pachirisu-male.png
24,417,0,0,1,la/_shiny/pachirisu-male.png
24,417,1,0,0,la/pachirisu-female.png
24,417,1,0,1,la/_shiny/pachirisu-female.png
24,418,0,0,0,la/buizel-male.png
24,418,0,0,1,la/_shiny/buizel-male.png
24,418,1,0,0,la/buizel-female.png
24,418,1,0,1,la/_shiny/buizel-female.png
24,419,0,0,0,la/floatzel-male.png
24,419,0,0,1,la/_shiny/floatzel-male.png
24,419,1,0,0,la/floatzel-female.png
24,419,1,0,1,la/_shiny/floatzel-female.png
24,420,0,0,0,la/cherubi.png
24,420,0,0,1,la/_shiny/cherubi.png
24,421,0,0,0,la/cherrim-overcast.png
24,421,0,0,1,la/_shiny/cherrim-overcast.png
24,422,0,0,0,la/shellos-west.png
24,422,0,0,1,la/_shiny/shellos-west.png
24,423,0,0,0,la/gastrodon-west.png
24,423,0,0,1,la/_shiny/gastrodon-west.png
24,424,0,0,0,la/ambipom-male.png
24,424,0,0,1,la/_shiny/ambipom-male.png
24,424,1,0,0,la/ambipom-female.png
24,424,1,0,1,la/_shiny/ambipom-female.png
24,425,0,0,0,la/drifloon.png
24,425,0,0,1,la/_shiny/drifloon.png
24,426,0,0,0,la/drifblim.png
24,426,0,0,1,la/_shiny/drifblim.png
24,427,0,0,0,la/buneary.png
24,427,0,0,1,la/_shiny/buneary.png
24,428,0,0,0,la/lopunny.png
24,428,0,0,1,la/_shiny/lopunny.png
24,429,0,0,0,la/mismagius.png
24,429,0,0,1,la/_shiny/mismagius.png
24,430,0,0,0,la/honchkrow.png
24,430,0,0,1,la/_shiny/honchkrow.png
24,431,0,0,0,la/glameow.png
24,431,0,0,1,la/_shiny/glameow.png
24,432,0,0,0,la/purugly.png
24,432,0,0,1,la/_shiny/purugly.png
24,433,0,0,0,la/chingling.png
24,433,0,0,1,la/_shiny/chingling.png
24,434,0,0,0,la/stunky.png
24,434,0,0,1,la/_shiny/stunky.png
24,435,0,0,0,la/skuntank.png
24,435,0,0,1,la/_shiny/skuntank.png
24,436,0,0,0,la/bronzor.png
24,436,0,0,1,la/_shiny/bronzor.png
24,437,0,0,0,la/bronzong.png
24,437,0,0,1,la/_shiny/bronzong.png
24,438,0,0,0,la/bonsly.png
24,438,0,0,1,la/_shiny/bonsly.png
24,439,0,0,0,la/mime-jr.png
24,439,0,0,1,la/_shiny/mime-jr.png
24,440,0,0,0,la/happiny.png
24,440,0,0,1,la/_shiny/happiny.png
24,441,0,0,0,la/chatot.png
24,441,0,0,1,la/_shiny/chatot.png
24,442,0,0,0,la/spiritomb.png
24,442,0,0,1,la/_shiny/spiritomb.png
24,443,0,0,0,la/gible-male.png
24,443,0,0,1,la/_shiny/gible-male.png
24,443,1,0,0,la/gible-female.png
24,443,1,0,1,la/_shiny/gible-female.png
24,444,0,0,0,la/gabite-male.png
24,444,0,0,1,la/_shiny/gabite-male.png
24,444,1,0,0,la/gabite-female.png
24,444,1,0,1,la/_shiny/gabite-female.png
24,445,0,0,0,la/garchomp-male.png
24,445,0,0,1,la/_shiny/garchomp-male.png
24,445,1,0,0,la/garchomp-female.png
24,445,1,0,1,la/_shiny/garchomp-female.png
24,446,0,0,0,la/munchlax.png
24,446,0,0,1,la/_shiny/munchlax.png
24,447,0,0,0,la/riolu.png
24,447,0,0,1,la/_shiny/riolu.png
24,448,0,0,0,la/lucario.png
24,448,0,0,1,la/_shiny/lucario.png
24,449,0,0,0,la/hippopotas-male.png
24,449,0,0,1,la/_shiny/hippopotas-male.png
24,449,1,0,0,la/hippopotas-female.png
24,449,1,0,1,la/_shiny/hippopotas-female.png
24,450,0,0,0,la/hippowdon-male.png
24,450,0,0,1,la/_shiny/hippowdon-male.png
24,450,1,0,0,la/hippowdon-female.png
24,450,1,0,1,la/_shiny/hippowdon-female.png
24,451,0,0,0,la/skorupi.png
24,451,0,0,1,la/_shiny/skorupi.png
24,452,0,0,0,la/drapion.png
24,452,0,0,1,la/_shiny/drapion.png
24,453,0,0,0,la/croagunk-male.png
24,453,0,0,1,la/_shiny/croagunk-male.png
24,453,1,0,0,la/croagunk-female.png
24,453,1,0,1,la/_shiny/croagunk-female.png
24,454,0,0,0,la/toxicroak-male.png
24,454,0,0,1,la/_shiny/toxicroak-male.png
24,454,1,0,0,la/toxicroak-female.png
24,454,1,0,1,la/_shiny/toxicroak-female.png
24,455,0,0,0,la/carnivine.png
24,455,0,0,1,la/_shiny/carnivine.png
24,456,0,0,0,la/finneon-male.png
24,456,0,0,1,la/_shiny/finneon-male.png
24,456,1,0,0,la/finneon-female.png
24,456,1,0,1,la/_shiny/finneon-female.png
24,457,0,0,0,la/lumineon-male.png
24,457,0,0,1,la/_shiny/lumineon-male.png
24,457,1,0,0,la/lumineon-female.png
24,457,1,0,1,la/_shiny/lumineon-female.png
24,458,0,0,0,la/mantyke.png
24,458,0,0,1,la/_shiny/mantyke.png
24,459,0,0,0,la/snover-male.png
24,459,0,0,1,la/_shiny/snover-male.png
24,459,1,0,0,la/snover-female.png
24,459,1,0,1,la/_shiny/snover-female.png
24,460,0,0,0,la/abomasnow-male.png
24,460,0,0,1,la/_shiny/abomasnow-male.png
24,460,1,0,0,la/abomasnow-female.png
24,460,1,0,1,la/_shiny/abomasnow-female.png
24,461,0,0,0,la/weavile-male.png
24,461,0,0,1,la/_shiny/weavile-male.png
24,461,1,0,0,la/weavile-female.png
24,461,1,0,1,la/_shiny/weavile-female.png
24,462,0,0,0,la/magnezone.png
24,462,0,0,1,la/_shiny/magnezone.png
24,463,0,0,0,la/lickilicky.png
24,463,0,0,1,la/_shiny/lickilicky.png
24,464,0,0,0,la/rhyperior-male.png
24,464,0,0,1,la/_shiny/rhyperior-male.png
24,464,1,0,0,la/rhyperior-female.png
24,464,1,0,1,la/_shiny/rhyperior-female.png
24,465,0,0,0,la/tangrowth-male.png
24,465,0,0,1,la/_shiny/tangrowth-male.png
24,465,1,0,0,la/tangrowth-female.png
24,465,1,0,1,la/_shiny/tangrowth-female.png
24,466,0,0,0,la/electivire.png
24,466,0,0,1,la/_shiny/electivire.png
24,467,0,0,0,la/magmortar.png
24,467,0,0,1,la/_shiny/magmortar.png
24,468,0,0,0,la/togekiss.png
24,468,0,0,1,la/_shiny/togekiss.png
24,469,0,0,0,la/yanmega.png
24,469,0,0,1,la/_shiny/yanmega.png
24,470,0,0,0,la/leafeon.png
24,470,0,0,1,la/_shiny/leafeon.png
24,471,0,0,0,la/glaceon.png
24,471,0,0,1,la/_shiny/glaceon.png
24,472,0,0,0,la/gliscor.png
24,472,0,0,1,la/_shiny/gliscor.png
24,473,0,0,0,la/mamoswine-male.png
24,473,0,0,1,la/_shiny/mamoswine-male.png
24,473,1,0,0,la/mamoswine-female.png
24,473,1,0,1,la/_shiny/mamoswine-female.png
24,474,0,0,0,la/porygon-z.png
24,474,0,0,1,la/_shiny/porygon-z.png
24,475,0,0,0,la/gallade.png
24,475,0,0,1,la/_shiny/gallade.png
24,476,0,0,0,la/probopass.png
24,476,0,0,1,la/_shiny/probopass.png
24,477,0,0,0,la/dusknoir.png
24,477,0,0,1,la/_shiny/dusknoir.png
24,478,0,0,0,la/froslass.png
24,478,0,0,1,la/_shiny/froslass.png
24,479,0,0,0,la/rotom.png
24,479,0,0,1,la/_shiny/rotom.png
24,480,0,0,0,la/uxie.png
24,480,0,0,1,la/_shiny/uxie.png
24,481,0,0,0,la/mesprit.png
24,481,0,0,1,la/_shiny/mesprit.png
24,482,0,0,0,la/azelf.png
24,482,0,0,1,la/_shiny/azelf.png
24,483,0,0,0,la/dialga.png
24,483,0,0,1,la/_shiny/dialga.png
24,484,0,0,0,la/palkia.png
24,484,0,0,1,la/_shiny/palkia.png
24,485,0,0,0,la/heatran.png
24,485,0,0,1,la/_shiny/heatran.png
24,486,0,0,0,la/regigigas.png
24,486,0,0,1,la/_shiny/regigigas.png
24,487,0,0,0,la/giratina-altered.png
24,487,0,0,1,la/_shiny/giratina-altered.png
24,488,0,0,0,la/cresselia.png
24,488,0,0,1,la/_shiny/cresselia.png
24,489,0,0,0,la/phione.png
24,489,0,0,1,la/_shiny/phione.png
24,490,0,0,0,la/manaphy.png
24,490,0,0,1,la/_shiny/manaphy.png
24,491,0,0,0,la/darkrai.png
24,491,0,0,1,la/_shiny/darkrai.png
24,492,0,0,0,la/shaymin-land.png
24,492,0,0,1,la/_shiny/shaymin-land.png
24,493,0,0,0,la/arceus-normal.png
24,493,0,0,1,la/_shiny/arceus-normal.png
24,501,0,0,0,la/oshawott.png
24,501,0,0,1,la/_shiny/oshawott.png
24,502,0,0,0,la/dewott.png
24,502,0,0,1,la/_shiny/dewott.png
24,548,0,0,0,la/petilil.png
24,548,0,0,1,la/_shiny/petilil.png
24,627,0,0,0,la/rufflet.png
24,627,0,0,1,la/_shiny/rufflet.png
24,641,0,0,0,la/tornadus-incarnate.png
24,641,0,0,1,la/_shiny/tornadus-incarnate.png
24,642,0,0,0,la/thundurus-incarnate.png
24,642,0,0,1,la/_shiny/thundurus-incarnate.png
24,645,0,0,0,la/landorus-incarnate.png
24,645,0,0,1,la/_shiny/landorus-incarnate.png
24,700,0,0,0,la/sylveon.png
24,700,0,0,1,la/_shiny/sylveon.png
24,704,0,0,0,la/goomy.png
24,704,0,0,1,la/_shiny/goomy.png
24,712,0,0,0,la/bergmite.png
24,712,0,0,1,la/_shiny/bergmite.png
24,722,0,0,0,la/rowlet.png
24,722,0,0,1,la/_shiny/rowlet.png
24,723,0,0,0,la/dartrix.png
24,723,0,0,1,la/_shiny/dartrix.png
24,899,0,0,0,la/wyrdeer.png
24,899,0,0,1,la/_shiny/wyrdeer.png
24,900,0,0,0,la/kleavor.png
24,900,0,0,1,la/_shiny/kleavor.png
24,901,0,0,0,la/ursaluna.png
24,901,0,0,1,la/_shiny/ursaluna.png
24,902,0,0,0,la/basculegion-male.png
24,902,0,0,1,la/_shiny/basculegion-male.png
24,903,0,0,0,la/sneasler.png
24,903,0,0,1,la/_shiny/sneasler.png
24,904,0,0,0,la/overqwil.png
24,904,0,0,1,la/_shiny/overqwil.png
24,905,0,0,0,la/enamorus-incarnate.png
24,905,0,0,1,la/_shiny/enamorus-incarnate.png
24,10007,0,0,0,la/wormadam-sandy.png
24,10007,0,0,1,la/_shiny/wormadam-sandy.png
24,10008,0,0,0,la/wormadam-trash.png
24,10008,0,0,1,la/_shiny/wormadam-trash.png
24,10009,0,0,0,la/arceus-fighting.png
24,10009,0,0,1,la/_shiny/arceus-fighting.png
24,10010,0,0,0,la/arceus-flying.png
24,10010,0,0,1,la/_shiny/arceus-flying.png
24,10011,0,0,0,la/arceus-poison.png
24,10011,0,0,1,la/_shiny/arceus-poison.png
24,10012,0,0,0,la/arceus-ground.png
24,10012,0,0,1,la/_shiny/arceus-ground.png
24,10013,0,0,0,la/arceus-rock.png
24,10013,0,0,1,la/_shiny/arceus-rock.png
24,10014,0,0,0,la/arceus-bug.png
24,10014,0,0,1,la/_shiny/arceus-bug.png
24,10015,0,0,0,la/arceus-ghost.png
24,10015,0,0,1,la/_shiny/arceus-ghost.png
24,10016,0,0,0,la/arceus-steel.png
24,10016,0,0,1,la/_shiny/arceus-steel.png
24,10017,0,0,0,la/arceus-fire.png
24,10017,0,0,1,la/_shiny/arceus-fire.png
24,10018,0,0,0,la/arceus-water.png
24,10018,0,0,1,la/_shiny/arceus-water.png
24,10019,0,0,0,la/arceus-grass.png
24,10019,0,0,1,la/_shiny/arceus-grass.png
24,10020,0,0,0,la/arceus-electric.png
24,10020,0,0,1,la/_shiny/arceus-electric.png
24,10021,0,0,0,la/arceus-psychic.png
24,10021,0,0,1,la/_shiny/arceus-psychic.png
24,10022,0,0,0,la/arceus-ice.png
24,10022,0,0,1,la/_shiny/arceus-ice.png
24,10023,0,0,0,la/arceus-dragon.png
24,10023,0,0,1,la/_shiny/arceus-dragon.png
24,10024,0,0,0,la/arceus-dark.png
24,10024,0,0,1,la/_shiny/arceus-dark.png
24,10025,0,0,0,la/rotom-heat.png
24,10025,0,0,1,la/_shiny/rotom-heat.png
24,10026,0,0,0,la/rotom-wash.png
24,10026,0,0,1,la/_shiny/rotom-wash.png
24,10027,0,0,0,la/rotom-frost.png
24,10027,0,0,1,la/_shiny/rotom-frost.png
24,10028,0,0,0,la/rotom-fan.png
24,10028,0,0,1,la/_shiny/rotom-fan.png
24,10029,0,0,0,la/rotom-mow.png
24,10029,0,0,1,la/_shiny/rotom-mow.png
24,10030,0,0,0,la/giratina-origin.png
24,10030,0,0,1,la/_shiny/giratina-origin.png
24,10031,0,0,0,la/shaymin-sky.png
24,10031,0,0,1,la/_shiny/shaymin-sky.png
24,10036,0,0,0,la/tornadus-therian.png
24,10036,0,0,1,la/_shiny/tornadus-therian.png
24,10037,0,0,0,la/thundurus-therian.png
24,10037,0,0,1,la/_shiny/thundurus-therian.png
24,10038,0,0,0,la/landorus-therian.png
24,10038,0,0,1,la/_shiny/landorus-therian.png
24,10071,0,0,0,la/arceus-fairy.png
24,10071,0,0,1,la/_shiny/arceus-fairy.png
24,10114,0,0,0,la/vulpix-alola.png
24,10114,0,0,1,la/_shiny/vulpix-alola.png
24,10115,0,0,0,la/ninetales-alola.png
24,10115,0,0,1,la/_shiny/ninetales-alola.png
24,10192,0,0,0,la/growlithe-hisui.png
24,10192,0,0,1,la/_shiny/growlithe-hisui.png
24,10193,0,0,0,la/arcanine-hisui.png
24,10193,0,0,1,la/_shiny/arcanine-hisui.png
24,10194,0,0,0,la/voltorb-hisui.png
24,10194,0,0,1,la/_shiny/voltorb-hisui.png
24,10195,0,0,0,la/electrode-hisui.png
24,10195,0,0,1,la/_shiny/electrode-hisui.png
24,10196,0,0,0,la/typhlosion-hisui.png
24,10196,0,0,1,la/_shiny/typhlosion-hisui.png
24,10197,0,0,0,la/qwilfish-hisui.png
24,10197,0,0,1,la/_shiny/qwilfish-hisui.png
24,10198,0,0,0,la/sneasel-hisui-male.png
24,10198,0,0,1,la/_shiny/sneasel-hisui-male.png
24,10198,1,0,0,la/sneasel-hisui-female.png
24,10198,1,0,1,la/_shiny/sneasel-hisui-female.png
24,10199,0,0,0,la/dialga-origin.png
24,10199,0,0,1,la/_shiny/dialga-origin.png
24,10200,0,0,0,la/palkia-origin.png
24,10200,0,0,1,la/_shiny/palkia-origin.png
24,10201,0,0,0,la/samurott-hisui.png
24,10201,0,0,1,la/_shiny/samurott-hisui.png
24,10202,0,0,0,la/lilligant-hisui.png
24,10202,0,0,1,la/_shiny/lilligant-hisui.png
24,10203,0,0,0,la/basculin-white.png
24,10203,0,0,1,la/_shiny/basculin-white.png
24,10204,0,0,0,la/zorua-hisui.png
24,10204,0,0,1,la/_shiny/zorua-hisui.png
24,10205,0,0,0,la/zoroark-hisui.png
24,10205,0,0,1,la/_shiny/zoroark-hisui.png
24,10206,0,0,0,la/braviary-hisui.png
24,10206,0,0,1,la/_shiny/braviary-hisui.png
24,10207,0,0,0,la/sliggoo-hisui.png
24,10207,0,0,1,la/_shiny/sliggoo-hisui.png
24,10208,0,0,0,la/goodra-hisui.png
24,10208,0,0,1,la/_shiny/goodra-hisui.png
24,10209,0,0,0,la/avalugg-hisui.png
24,10209,0,0,1,la/_shiny/avalugg-hisui.png
24,10210,0,0,0,la/decidueye-hisui.png
24,10210,0,0,1,la/_shiny/decidueye-hisui.png
24,10211,0,0,0,la/basculegion-female.png
24,10211,0,0,1,la/_shiny/basculegion-female.png
24,10212,0,0,0,la/enamorus-therian.png
24,10212,0,0,1,la/_shiny/enamorus-therian.png
24,20001,0,0,0,la/unown-b.png
24,20001,0,0,1,la/_shiny/unown-b.png
24,20002,0,0,0,la/unown-c.png
24,20002,0,0,1,la/_shiny/unown-c.png
24,20003,0,0,0,la/unown-d.png
24,20003,0,0,1,la/_shiny/unown-d.png
24,20004,0,0,0,la/unown-e.png
24,20004,0,0,1,la/_shiny/unown-e.png
24,20005,0,0,0,la/unown-f.png
24,20005,0,0,1,la/_shiny/unown-f.png
24,20006,0,0,0,la/unown-g.png
24,20006,0,0,1,la/_shiny/unown-g.png
24,20007,0,0,0,la/unown-h.png
24,20007,0,0,1,la/_shiny/unown-h.png
24,20008,0,0,0,la/unown-i.png
24,20008,0,0,1,la/_shiny/unown-i.png
24,20009,0,0,0,la/unown-j.png
24,20009,0,0,1,la/_shiny/unown-j.png
24,20010,0,0,0,la/unown-k.png
24,20010,0,0,1,la/_shiny/unown-k.png
24,20011,0,0,0,la/unown-l.png
24,20011,0,0,1,la/_shiny/unown-l.png
24,20012,0,0,0,la/unown-m.png
24,20012,0,0,1,la/_shiny/unown-m.png
24,20013,0,0,0,la/unown-n.png
24,20013,0,0,1,la/_shiny/unown-n.png
24,20014,0,0,0,la/unown-o.png
24,20014,0,0,1,la/_shiny/unown-o.png
24,20015,0,0,0,la/unown-p.png
24,20015,0,0,1,la/_shiny/unown-p.png
24,20016,0,0,0,la/unown-q.png
24,20016,0,0,1,la/_shiny/unown-q.png
24,20017,0,0,0,la/unown-r.png
24,20017,0,0,1,la/_shiny/unown-r.png
24,20018,0,0,0,la/unown-s.png
24,20018,0,0,1,la/_shiny/unown-s.png
24,20019,0,0,0,la/unown-t.png
24,20019,0,0,1,la/_shiny/unown-t.png
24,20020,0,0,0,la/unown-u.png
24,20020,0,0,1,la/_shiny/unown-u.png
24,20021,0,0,0,la/unown-v.png
24,20021,0,0,1,la/_shiny/unown-v.png
24,20022,0,0,0,la/unown-w.png
24,20022,0,0,1,la/_shiny/unown-w.png
24,20023,0,0,0,la/unown-x.png
24,20023,0,0,1,la/_shiny/unown-x.png
24,20024,0,0,0,la/unown-y.png
24,20024,0,0,1,la/_shiny/unown-y.png
24,20025,0,0,0,la/unown-z.png
24,20025,0,0,1,la/_shiny/unown-z.png
24,20026,0,0,0,la/unown-exclamation.png
24,20026,0,0,1,la/_shiny/unown-exclamation.png
24,20027,0,0,0,la/unown-question.png
24,20027,0,0,1,la/_shiny/unown-question.png
24,20028,0,0,0,la/burmy-sandy.png
24,20028,0,0,1,la/_shiny/burmy-sandy.png
24,20029,0,0,0,la/burmy-trash.png
24,20029,0,0,1,la/_shiny/burmy-trash.png
24,20030,0,0,0,la/cherrim-sunshine.png
24,20030,0,0,1,la/_shiny/cherrim-sunshine.png
24,20031,0,0,0,la/shellos-east.png
24,20031,0,0,1,la/_shiny/shellos-east.png
24,20032,0,0,0,la/gastrodon-east.png
24,20032,0,0,1,la/_shiny/gastrodon-east.png
24,20258,0,0,0,la/kleavor-noble.png
24,20259,0,0,0,la/arcanine-noble.png
24,20260,0,0,0,la/electrode-noble.png
24,20261,0,0,0,la/lilligant-noble.png
24,20262,0,0,0,la/avalugg-noble.png
25,1,0,0,0,sv/bulbasaur.png
25,2,0,0,0,sv/ivysaur.png
25,3,0,0,0,sv/venusaur.png
25,4,0,0,0,sv/charmander.png
25,5,0,0,0,sv/charmeleon.png
25,6,0,0,0,sv/charizard.png
25,7,0,0,0,sv/squirtle.png
25,8,0,0,0,sv/wartortle.png
25,9,0,0,0,sv/blastoise.png
25,23,0,0,0,sv/ekans.png
25,24,0,0,0,sv/arbok.png
25,25,0,0,0,sv/pikachu.png
25,26,0,0,0,sv/raichu.png
25,27,0,0,0,sv/sandshrew.png
25,28,0,0,0,sv/sandslash.png
25,35,0,0,0,sv/clefairy.png
25,36,0,0,0,sv/clefable.png
25,37,0,0,0,sv/vulpix.png
25,38,0,0,0,sv/ninetales.png
25,39,0,0,0,sv/jigglypuff.png
25,40,0,0,0,sv/wigglytuff.png
25,43,0,0,0,sv/oddish.png
25,44,0,0,0,sv/gloom.png
25,45,0,0,0,sv/vileplume.png
25,48,0,0,0,sv/venonat.png
25,49,0,0,0,sv/venomoth.png
25,50,0,0,0,sv/diglett.png
25,51,0,0,0,sv/dugtrio.png
25,52,0,0,0,sv/meowth.png
25,53,0,0,0,sv/persian.png
25,54,0,0,0,sv/psyduck.png
25,55,0,0,0,sv/golduck.png
25,56,0,0,0,sv/mankey.png
25,57,0,0,0,sv/primeape.png
25,58,0,0,0,sv/growlithe.png
25,59,0,0,0,sv/arcanine.png
25,60,0,0,0,sv/poliwag.png
25,61,0,0,0,sv/poliwhirl.png
25,62,0,0,0,sv/poliwrath.png
25,69,0,0,0,sv/bellsprout.png
25,70,0,0,0,sv/weepinbell.png
25,71,0,0,0,sv/victreebel.png
25,72,0,0,0,sv/tentacool.png
25,73,0,0,0,sv/tentacruel.png
25,74,0,0,0,sv/geodude.png
25,75,0,0,0,sv/graveler.png
25,76,0,0,0,sv/golem.png
25,79,0,0,0,sv/slowpoke.png
25,80,0,0,0,sv/slowbro.png
25,81,0,0,0,sv/magnemite.png
25,82,0,0,0,sv/magneton.png
25,84,0,0,0,sv/doduo.png
25,85,0,0,0,sv/dodrio.png
25,86,0,0,0,sv/seel.png
25,87,0,0,0,sv/dewgong.png
25,88,0,0,0,sv/grimer.png
25,89,0,0,0,sv/muk.png
25,90,0,0,0,sv/shellder.png
25,91,0,0,0,sv/cloyster.png
25,92,0,0,0,sv/gastly.png
25,93,0,0,0,sv/haunter.png
25,94,0,0,0,sv/gengar.png
25,96,0,0,0,sv/drowzee.png
25,97,0,0,0,sv/hypno.png
25,100,0,0,0,sv/voltorb.png
25,101,0,0,0,sv/electrode.png
25,102,0,0,0,sv/exeggcute.png
25,103,0,0,0,sv/exeggutor.png
25,106,0,0,0,sv/hitmonlee.png
25,107,0,0,0,sv/hitmonchan.png
25,109,0,0,0,sv/koffing.png
25,110,0,0,0,sv/weezing.png
25,111,0,0,0,sv/rhyhorn.png
25,112,0,0,0,sv/rhydon.png
25,113,0,0,0,sv/chansey.png
25,116,0,0,0,sv/horsea.png
25,117,0,0,0,sv/seadra.png
25,123,0,0,0,sv/scyther.png
25,125,0,0,0,sv/electabuzz.png
25,126,0,0,0,sv/magmar.png
25,128,0,0,0,sv/tauros.png
25,129,0,0,0,sv/magikarp.png
25,130,0,0,0,sv/gyarados.png
25,131,0,0,0,sv/lapras.png
25,132,0,0,0,sv/ditto.png
25,133,0,0,0,sv/eevee.png
25,134,0,0,0,sv/vaporeon.png
25,135,0,0,0,sv/jolteon.png
25,136,0,0,0,sv/flareon.png
25,137,0,0,0,sv/porygon.png
25,143,0,0,0,sv/snorlax.png
25,144,0,0,0,sv/articuno.png
25,145,0,0,0,sv/zapdos.png
25,146,0,0,0,sv/moltres.png
25,147,0,0,0,sv/dratini.png
25,148,0,0,0,sv/dragonair.png
25,149,0,0,0,sv/dragonite.png
25,150,0,0,0,sv/mewtwo.png
25,151,0,0,0,sv/mew.png
25,152,0,0,0,sv/chikorita.png
25,153,0,0,0,sv/bayleef.png
25,154,0,0,0,sv/meganium.png
25,155,0,0,0,sv/cyndaquil.png
25,156,0,0,0,sv/quilava.png
25,157,0,0,0,sv/typhlosion.png
25,158,0,0,0,sv/totodile.png
25,159,0,0,0,sv/croconaw.png
25,160,0,0,0,sv/feraligatr.png
25,161,0,0,0,sv/sentret.png
25,162,0,0,0,sv/furret.png
25,163,0,0,0,sv/hoothoot.png
25,164,0,0,0,sv/noctowl.png
25,167,0,0,0,sv/spinarak.png
25,168,0,0,0,sv/ariados.png
25,170,0,0,0,sv/chinchou.png
25,171,0,0,0,sv/lanturn.png
25,172,0,0,0,sv/pichu.png
25,173,0,0,0,sv/cleffa.png
25,174,0,0,0,sv/igglybuff.png
25,179,0,0,0,sv/mareep.png
25,180,0,0,0,sv/flaaffy.png
25,181,0,0,0,sv/ampharos.png
25,182,0,0,0,sv/bellossom.png
25,183,0,0,0,sv/marill.png
25,184,0,0,0,sv/azumarill.png
25,185,0,0,0,sv/sudowoodo.png
25,186,0,0,0,sv/politoed.png
25,187,0,0,0,sv/hoppip.png
25,188,0,0,0,sv/skiploom.png
25,189,0,0,0,sv/jumpluff.png
25,190,0,0,0,sv/aipom.png
25,191,0,0,0,sv/sunkern.png
25,192,0,0,0,sv/sunflora.png
25,193,0,0,0,sv/yanma.png
25,194,0,0,0,sv/wooper.png
25,195,0,0,0,sv/quagsire.png
25,196,0,0,0,sv/espeon.png
25,197,0,0,0,sv/umbreon.png
25,198,0,0,0,sv/murkrow.png
25,199,0,0,0,sv/slowking.png
25,200,0,0,0,sv/misdreavus.png
25,203,0,0,0,sv/girafarig.png
25,204,0,0,0,sv/pineco.png
25,205,0,0,0,sv/forretress.png
25,206,0,0,0,sv/dunsparce.png
25,207,0,0,0,sv/gligar.png
25,209,0,0,0,sv/snubbull.png
25,210,0,0,0,sv/granbull.png
25,211,0,0,0,sv/qwilfish.png
25,212,0,0,0,sv/scizor.png
25,214,0,0,0,sv/heracross.png
25,215,0,0,0,sv/sneasel.png
25,216,0,0,0,sv/teddiursa.png
25,217,0,0,0,sv/ursaring.png
25,218,0,0,0,sv/slugma.png
25,219,0,0,0,sv/magcargo.png
25,220,0,0,0,sv/swinub.png
25,221,0,0,0,sv/piloswine.png
25,225,0,0,0,sv/delibird.png
25,227,0,0,0,sv/skarmory.png
25,228,0,0,0,sv/houndour.png
25,229,0,0,0,sv/houndoom.png
25,230,0,0,0,sv/kingdra.png
25,231,0,0,0,sv/phanpy.png
25,232,0,0,0,sv/donphan.png
25,233,0,0,0,sv/porygon2.png
25,234,0,0,0,sv/stantler.png
25,235,0,0,0,sv/smeargle.png
25,236,0,0,0,sv/tyrogue.png
25,237,0,0,0,sv/hitmontop.png
25,239,0,0,0,sv/elekid.png
25,240,0,0,0,sv/magby.png
25,242,0,0,0,sv/blissey.png
25,243,0,0,0,sv/raikou.png
25,244,0,0,0,sv/entei.png
25,245,0,0,0,sv/suicune.png
25,246,0,0,0,sv/larvitar.png
25,247,0,0,0,sv/pupitar.png
25,248,0,0,0,sv/tyranitar.png
25,249,0,0,0,sv/lugia.png
25,250,0,0,0,sv/ho-oh.png
25,252,0,0,0,sv/treecko.png
25,253,0,0,0,sv/grovyle.png
25,254,0,0,0,sv/sceptile.png
25,255,0,0,0,sv/torchic.png
25,256,0,0,0,sv/combusken.png
25,257,0,0,0,sv/blaziken.png
25,258,0,0,0,sv/mudkip.png
25,259,0,0,0,sv/marshtomp.png
25,260,0,0,0,sv/swampert.png
25,261,0,0,0,sv/poochyena.png
25,262,0,0,0,sv/mightyena.png
25,270,0,0,0,sv/lotad.png
25,271,0,0,0,sv/lombre.png
25,272,0,0,0,sv/ludicolo.png
25,273,0,0,0,sv/seedot.png
25,274,0,0,0,sv/nuzleaf.png
25,275,0,0,0,sv/shiftry.png
25,278,0,0,0,sv/wingull.png
25,279,0,0,0,sv/pelipper.png
25,280,0,0,0,sv/ralts.png
25,281,0,0,0,sv/kirlia.png
25,282,0,0,0,sv/gardevoir.png
25,283,0,0,0,sv/surskit.png
25,284,0,0,0,sv/masquerain.png
25,285,0,0,0,sv/shroomish.png
25,286,0,0,0,sv/breloom.png
25,287,0,0,0,sv/slakoth.png
25,288,0,0,0,sv/vigoroth.png
25,289,0,0,0,sv/slaking.png
25,296,0,0,0,sv/makuhita.png
25,297,0,0,0,sv/hariyama.png
25,298,0,0,0,sv/azurill.png
25,299,0,0,0,sv/nosepass.png
25,302,0,0,0,sv/sableye.png
25,307,0,0,0,sv/meditite.png
25,308,0,0,0,sv/medicham.png
25,311,0,0,0,sv/plusle.png
25,312,0,0,0,sv/minun.png
25,313,0,0,0,sv/volbeat.png
25,314,0,0,0,sv/illumise.png
25,316,0,0,0,sv/gulpin.png
25,317,0,0,0,sv/swalot.png
25,322,0,0,0,sv/numel.png
25,323,0,0,0,sv/camerupt.png
25,324,0,0,0,sv/torkoal.png
25,325,0,0,0,sv/spoink.png
25,326,0,0,0,sv/grumpig.png
25,328,0,0,0,sv/trapinch.png
25,329,0,0,0,sv/vibrava.png
25,330,0,0,0,sv/flygon.png
25,331,0,0,0,sv/cacnea.png
25,332,0,0,0,sv/cacturne.png
25,333,0,0,0,sv/swablu.png
25,334,0,0,0,sv/altaria.png
25,335,0,0,0,sv/zangoose.png
25,336,0,0,0,sv/seviper.png
25,339,0,0,0,sv/barboach.png
25,340,0,0,0,sv/whiscash.png
25,341,0,0,0,sv/corphish.png
25,342,0,0,0,sv/crawdaunt.png
25,349,0,0,0,sv/feebas.png
25,350,0,0,0,sv/milotic.png
25,353,0,0,0,sv/shuppet.png
25,354,0,0,0,sv/banette.png
25,355,0,0,0,sv/duskull.png
25,356,0,0,0,sv/dusclops.png
25,357,0,0,0,sv/tropius.png
25,358,0,0,0,sv/chimecho.png
25,361,0,0,0,sv/snorunt.png
25,362,0,0,0,sv/glalie.png
25,370,0,0,0,sv/luvdisc.png
25,371,0,0,0,sv/bagon.png
25,372,0,0,0,sv/shelgon.png
25,373,0,0,0,sv/salamence.png
25,374,0,0,0,sv/beldum.png
25,375,0,0,0,sv/metang.png
25,376,0,0,0,sv/metagross.png
25,377,0,0,0,sv/regirock.png
25,378,0,0,0,sv/regice.png
25,379,0,0,0,sv/registeel.png
25,380,0,0,0,sv/latias.png
25,381,0,0,0,sv/latios.png
25,382,0,0,0,sv/kyogre.png
25,383,0,0,0,sv/groudon.png
25,384,0,0,0,sv/rayquaza.png
25,385,0,0,0,sv/jirachi.png
25,386,0,0,0,sv/deoxys-normal.png
25,387,0,0,0,sv/turtwig.png
25,388,0,0,0,sv/grotle.png
25,389,0,0,0,sv/torterra.png
25,390,0,0,0,sv/chimchar.png
25,391,0,0,0,sv/monferno.png
25,392,0,0,0,sv/infernape.png
25,393,0,0,0,sv/piplup.png
25,394,0,0,0,sv/prinplup.png
25,395,0,0,0,sv/empoleon.png
25,396,0,0,0,sv/starly.png
25,397,0,0,0,sv/staravia.png
25,398,0,0,0,sv/staraptor.png
25,401,0,0,0,sv/kricketot.png
25,402,0,0,0,sv/kricketune.png
25,403,0,0,0,sv/shinx.png
25,404,0,0,0,sv/luxio.png
25,405,0,0,0,sv/luxray.png
25,408,0,0,0,sv/cranidos.png
25,409,0,0,0,sv/rampardos.png
25,410,0,0,0,sv/shieldon.png
25,411,0,0,0,sv/bastiodon.png
25,415,0,0,0,sv/combee.png
25,416,0,0,0,sv/vespiquen.png
25,417,0,0,0,sv/pachirisu.png
25,418,0,0,0,sv/buizel.png
25,419,0,0,0,sv/floatzel.png
25,422,0,0,0,sv/shellos-west.png
25,423,0,0,0,sv/gastrodon-west.png
25,424,0,0,0,sv/ambipom.png
25,425,0,0,0,sv/drifloon.png
25,426,0,0,0,sv/drifblim.png
25,429,0,0,0,sv/mismagius.png
25,430,0,0,0,sv/honchkrow.png
25,433,0,0,0,sv/chingling.png
25,434,0,0,0,sv/stunky.png
25,435,0,0,0,sv/skuntank.png
25,436,0,0,0,sv/bronzor.png
25,437,0,0,0,sv/bronzong.png
25,438,0,0,0,sv/bonsly.png
25,440,0,0,0,sv/happiny.png
25,442,0,0,0,sv/spiritomb.png
25,443,0,0,0,sv/gible.png
25,444,0,0,0,sv/gabite.png
25,445,0,0,0,sv/garchomp.png
25,446,0,0,0,sv/munchlax.png
25,447,0,0,0,sv/riolu.png
25,448,0,0,0,sv/lucario.png
25,449,0,0,0,sv/hippopotas.png
25,450,0,0,0,sv/hippowdon.png
25,453,0,0,0,sv/croagunk.png
25,454,0,0,0,sv/toxicroak.png
25,456,0,0,0,sv/finneon.png
25,457,0,0,0,sv/lumineon.png
25,459,0,0,0,sv/snover.png
25,460,0,0,0,sv/abomasnow.png
25,461,0,0,0,sv/weavile.png
25,462,0,0,0,sv/magnezone.png
25,464,0,0,0,sv/rhyperior.png
25,466,0,0,0,sv/electivire.png
25,467,0,0,0,sv/magmortar.png
25,469,0,0,0,sv/yanmega.png
25,470,0,0,0,sv/leafeon.png
25,471,0,0,0,sv/glaceon.png
25,472,0,0,0,sv/gliscor.png
25,473,0,0,0,sv/mamoswine.png
25,474,0,0,0,sv/porygon-z.png
25,475,0,0,0,sv/gallade.png
25,476,0,0,0,sv/probopass.png
25,477,0,0,0,sv/dusknoir.png
25,478,0,0,0,sv/froslass.png
25,479,0,0,0,sv/rotom.png
25,480,0,0,0,sv/uxie.png
25,481,0,0,0,sv/mesprit.png
25,482,0,0,0,sv/azelf.png
25,483,0,0,0,sv/dialga.png
25,484,0,0,0,sv/palkia.png
25,485,0,0,0,sv/heatran.png
25,486,0,0,0,sv/regigigas.png
25,487,0,0,0,sv/giratina-altered.png
25,488,0,0,0,sv/cresselia.png
25,489,0,0,0,sv/phione.png
25,490,0,0,0,sv/manaphy.png
25,491,0,0,0,sv/darkrai.png
25,492,0,0,0,sv/shaymin-land.png
25,493,0,0,0,sv/arceus-normal.png
25,495,0,0,0,sv/snivy.png
25,496,0,0,0,sv/servine.png
25,497,0,0,0,sv/serperior.png
25,498,0,0,0,sv/tepig.png
25,499,0,0,0,sv/pignite.png
25,500,0,0,0,sv/emboar.png
25,501,0,0,0,sv/oshawott.png
25,502,0,0,0,sv/dewott.png
25,503,0,0,0,sv/samurott.png
25,522,0,0,0,sv/blitzle.png
25,523,0,0,0,sv/zebstrika.png
25,529,0,0,0,sv/drilbur.png
25,530,0,0,0,sv/excadrill.png
25,532,0,0,0,sv/timburr.png
25,533,0,0,0,sv/gurdurr.png
25,534,0,0,0,sv/conkeldurr.png
25,540,0,0,0,sv/sewaddle.png
25,541,0,0,0,sv/swadloon.png
25,542,0,0,0,sv/leavanny.png
25,546,0,0,0,sv/cottonee.png
25,547,0,0,0,sv/whimsicott.png
25,548,0,0,0,sv/petilil.png
25,549,0,0,0,sv/lilligant.png
25,550,0,0,0,sv/basculin-red.png
25,551,0,0,0,sv/sandile.png
25,552,0,0,0,sv/krokorok.png
25,553,0,0,0,sv/krookodile.png
25,559,0,0,0,sv/scraggy.png
25,560,0,0,0,sv/scrafty.png
25,570,0,0,0,sv/zorua.png
25,571,0,0,0,sv/zoroark.png
25,572,0,0,0,sv/minccino.png
25,573,0,0,0,sv/cinccino.png
25,574,0,0,0,sv/gothita.png
25,575,0,0,0,sv/gothorita.png
25,576,0,0,0,sv/gothitelle.png
25,577,0,0,0,sv/solosis.png
25,578,0,0,0,sv/duosion.png
25,579,0,0,0,sv/reuniclus.png
25,580,0,0,0,sv/ducklett.png
25,581,0,0,0,sv/swanna.png
25,585,0,0,0,sv/deerling-spring.png
25,586,0,0,0,sv/sawsbuck-spring.png
25,590,0,0,0,sv/foongus.png
25,591,0,0,0,sv/amoonguss.png
25,594,0,0,0,sv/alomomola.png
25,595,0,0,0,sv/joltik.png
25,596,0,0,0,sv/galvantula.png
25,602,0,0,0,sv/tynamo.png
25,603,0,0,0,sv/eelektrik.png
25,604,0,0,0,sv/eelektross.png
25,607,0,0,0,sv/litwick.png
25,608,0,0,0,sv/lampent.png
25,609,0,0,0,sv/chandelure.png
25,610,0,0,0,sv/axew.png
25,611,0,0,0,sv/fraxure.png
25,612,0,0,0,sv/haxorus.png
25,613,0,0,0,sv/cubchoo.png
25,614,0,0,0,sv/beartic.png
25,615,0,0,0,sv/cryogonal.png
25,619,0,0,0,sv/mienfoo.png
25,620,0,0,0,sv/mienshao.png
25,622,0,0,0,sv/golett.png
25,623,0,0,0,sv/golurk.png
25,624,0,0,0,sv/pawniard.png
25,625,0,0,0,sv/bisharp.png
25,627,0,0,0,sv/rufflet.png
25,628,0,0,0,sv/braviary.png
25,629,0,0,0,sv/vullaby.png
25,630,0,0,0,sv/mandibuzz.png
25,633,0,0,0,sv/deino.png
25,634,0,0,0,sv/zweilous.png
25,635,0,0,0,sv/hydreigon.png
25,636,0,0,0,sv/larvesta.png
25,637,0,0,0,sv/volcarona.png
25,638,0,0,0,sv/cobalion.png
25,639,0,0,0,sv/terrakion.png
25,640,0,0,0,sv/virizion.png
25,641,0,0,0,sv/tornadus-incarnate.png
25,642,0,0,0,sv/thundurus-incarnate.png
25,643,0,0,0,sv/reshiram.png
25,644,0,0,0,sv/zekrom.png
25,645,0,0,0,sv/landorus-incarnate.png
25,646,0,0,0,sv/kyurem.png
25,647,0,0,0,sv/keldeo-ordinary.png
25,648,0,0,0,sv/meloetta-aria.png
25,650,0,0,0,sv/chespin.png
25,651,0,0,0,sv/quilladin.png
25,652,0,0,0,sv/chesnaught.png
25,653,0,0,0,sv/fennekin.png
25,654,0,0,0,sv/braixen.png
25,655,0,0,0,sv/delphox.png
25,656,0,0,0,sv/froakie.png
25,657,0,0,0,sv/frogadier.png
25,658,0,0,0,sv/greninja.png
25,661,0,0,0,sv/fletchling.png
25,662,0,0,0,sv/fletchinder.png
25,663,0,0,0,sv/talonflame.png
25,664,0,0,0,sv/scatterbug.png
25,665,0,0,0,sv/spewpa.png
25,666,0,0,0,sv/vivillon-icy-snow.png
25,667,0,0,0,sv/litleo.png
25,668,0,0,0,sv/pyroar-male.png
25,668,1,0,0,sv/pyroar-female.png
25,669,0,0,0,sv/flabebe-red.png
25,670,0,0,0,sv/floette-red.png
25,671,0,0,0,sv/florges-red.png
25,672,0,0,0,sv/skiddo.png
25,673,0,0,0,sv/gogoat.png
25,677,0,0,0,sv/espurr.png
25,678,0,0,0,sv/meowstic-male.png
25,686,0,0,0,sv/inkay.png
25,687,0,0,0,sv/malamar.png
25,690,0,0,0,sv/skrelp.png
25,691,0,0,0,sv/dragalge.png
25,692,0,0,0,sv/clauncher.png
25,693,0,0,0,sv/clawitzer.png
25,700,0,0,0,sv/sylveon.png
25,701,0,0,0,sv/hawlucha.png
25,702,0,0,0,sv/dedenne.png
25,703,0,0,0,sv/carbink.png
25,704,0,0,0,sv/goomy.png
25,705,0,0,0,sv/sliggoo.png
25,706,0,0,0,sv/goodra.png
25,707,0,0,0,sv/klefki.png
25,708,0,0,0,sv/phantump.png
25,709,0,0,0,sv/trevenant.png
25,712,0,0,0,sv/bergmite.png
25,713,0,0,0,sv/avalugg.png
25,714,0,0,0,sv/noibat.png
25,715,0,0,0,sv/noivern.png
25,719,0,0,0,sv/diancie.png
25,720,0,0,0,sv/hoopa-confined.png
25,721,0,0,0,sv/volcanion.png
25,722,0,0,0,sv/rowlet.png
25,723,0,0,0,sv/dartrix.png
25,724,0,0,0,sv/decidueye.png
25,725,0,0,0,sv/litten.png
25,726,0,0,0,sv/torracat.png
25,727,0,0,0,sv/incineroar.png
25,728,0,0,0,sv/popplio.png
25,729,0,0,0,sv/brionne.png
25,730,0,0,0,sv/primarina.png
25,731,0,0,0,sv/pikipek.png
25,732,0,0,0,sv/trumbeak.png
25,733,0,0,0,sv/toucannon.png
25,734,0,0,0,sv/yungoos.png
25,735,0,0,0,sv/gumshoos.png
25,736,0,0,0,sv/grubbin.png
25,737,0,0,0,sv/charjabug.png
25,738,0,0,0,sv/vikavolt.png
25,739,0,0,0,sv/crabrawler.png
25,740,0,0,0,sv/crabominable.png
25,741,0,0,0,sv/oricorio-baile.png
25,742,0,0,0,sv/cutiefly.png
25,743,0,0,0,sv/ribombee.png
25,744,0,0,0,sv/rockruff.png
25,745,0,0,0,sv/lycanroc-midday.png
25,747,0,0,0,sv/mareanie.png
25,748,0,0,0,sv/toxapex.png
25,749,0,0,0,sv/mudbray.png
25,750,0,0,0,sv/mudsdale.png
25,751,0,0,0,sv/dewpider.png
25,752,0,0,0,sv/araquanid.png
25,753,0,0,0,sv/fomantis.png
25,754,0,0,0,sv/lurantis.png
25,757,0,0,0,sv/salandit.png
25,758,0,0,0,sv/salazzle.png
25,761,0,0,0,sv/bounsweet.png
25,762,0,0,0,sv/steenee.png
25,763,0,0,0,sv/tsareena.png
25,764,0,0,0,sv/comfey.png
25,765,0,0,0,sv/oranguru.png
25,766,0,0,0,sv/passimian.png
25,769,0,0,0,sv/sandygast.png
25,770,0,0,0,sv/palossand.png
25,774,0,0,0,sv/minior-meteor.png
25,775,0,0,0,sv/komala.png
25,778,0,0,0,sv/mimikyu.png
25,779,0,0,0,sv/bruxish.png
25,782,0,0,0,sv/jangmo-o.png
25,783,0,0,0,sv/hakamo-o.png
25,784,0,0,0,sv/kommo-o.png
25,789,0,0,0,sv/cosmog.png
25,790,0,0,0,sv/cosmoem.png
25,791,0,0,0,sv/solgaleo.png
25,792,0,0,0,sv/lunala.png
25,800,0,0,0,sv/necrozma.png
25,801,0,0,0,sv/magearna.png
25,810,0,0,0,sv/grookey.png
25,811,0,0,0,sv/thwackey.png
25,812,0,0,0,sv/rillaboom.png
25,813,0,0,0,sv/scorbunny.png
25,814,0,0,0,sv/raboot.png
25,815,0,0,0,sv/cinderace.png
25,816,0,0,0,sv/sobble.png
25,817,0,0,0,sv/drizzile.png
25,818,0,0,0,sv/inteleon.png
25,819,0,0,0,sv/skwovet.png
25,820,0,0,0,sv/greedent.png
25,821,0,0,0,sv/rookidee.png
25,822,0,0,0,sv/corvisquire.png
25,823,0,0,0,sv/corviknight.png
25,833,0,0,0,sv/chewtle.png
25,834,0,0,0,sv/drednaw.png
25,837,0,0,0,sv/rolycoly.png
25,838,0,0,0,sv/carkol.png
25,839,0,0,0,sv/coalossal.png
25,840,0,0,0,sv/applin.png
25,841,0,0,0,sv/flapple.png
25,842,0,0,0,sv/appletun.png
25,843,0,0,0,sv/silicobra.png
25,844,0,0,0,sv/sandaconda.png
25,845,0,0,0,sv/cramorant.png
25,846,0,0,0,sv/arrokuda.png
25,847,0,0,0,sv/barraskewda.png
25,848,0,0,0,sv/toxel.png
25,849,0,0,0,sv/toxtricity-amped.png
25,854,0,0,0,sv/sinistea.png
25,855,0,0,0,sv/polteageist.png
25,856,0,0,0,sv/hatenna.png
25,857,0,0,0,sv/hattrem.png
25,858,0,0,0,sv/hatterene.png
25,859,0,0,0,sv/impidimp.png
25,860,0,0,0,sv/morgrem.png
25,861,0,0,0,sv/grimmsnarl.png
25,863,0,0,0,sv/perrserker.png
25,868,0,0,0,sv/milcery.png
25,869,0,0,0,sv/alcremie-vanilla-cream.png
25,870,0,0,0,sv/falinks.png
25,871,0,0,0,sv/pincurchin.png
25,872,0,0,0,sv/snom.png
25,873,0,0,0,sv/frosmoth.png
25,874,0,0,0,sv/stonjourner.png
25,875,0,0,0,sv/eiscue-ice-face.png
25,876,0,0,0,sv/indeedee-male.png
25,877,0,0,0,sv/morpeko-full-belly.png
25,878,0,0,0,sv/cufant.png
25,879,0,0,0,sv/copperajah.png
25,884,0,0,0,sv/duraludon.png
25,885,0,0,0,sv/dreepy.png
25,886,0,0,0,sv/drakloak.png
25,887,0,0,0,sv/dragapult.png
25,888,0,0,0,sv/zacian.png
25,889,0,0,0,sv/zamazenta.png
25,890,0,0,0,sv/eternatus.png
25,891,0,0,0,sv/kubfu.png
25,892,0,0,0,sv/urshifu.png
25,893,0,0,0,sv/zarude.png
25,894,0,0,0,sv/regieleki.png
25,895,0,0,0,sv/regidrago.png
25,896,0,0,0,sv/glastrier.png
25,897,0,0,0,sv/spectrier.png
25,898,0,0,0,sv/calyrex.png
25,899,0,0,0,sv/wyrdeer.png
25,900,0,0,0,sv/kleavor.png
25,901,0,0,0,sv/ursaluna.png
25,902,0,0,0,sv/basculegion-male.png
25,903,0,0,0,sv/sneasler.png
25,904,0,0,0,sv/overqwil.png
25,905,0,0,0,sv/enamorus-incarnate.png
25,906,0,0,0,sv/sprigatito.png
25,907,0,0,0,sv/floragato.png
25,908,0,0,0,sv/meowscarada.png
25,909,0,0,0,sv/fuecoco.png
25,910,0,0,0,sv/crocalor.png
25,911,0,0,0,sv/skeledirge.png
25,912,0,0,0,sv/quaxly.png
25,913,0,0,0,sv/quaxwell.png
25,914,0,0,0,sv/quaquaval.png
25,915,0,0,0,sv/lechonk.png
25,916,0,0,0,sv/oinkologne-male.png
25,917,0,0,0,sv/tarountula.png
25,918,0,0,0,sv/spidops.png
25,919,0,0,0,sv/nymble.png
25,920,0,0,0,sv/lokix.png
25,921,0,0,0,sv/pawmi.png
25,922,0,0,0,sv/pawmo.png
25,923,0,0,0,sv/pawmot.png
25,924,0,0,0,sv/tandemaus.png
25,925,0,0,0,sv/maushold-family-of-three.png
25,926,0,0,0,sv/fidough.png
25,927,0,0,0,sv/dachsbun.png
25,928,0,0,0,sv/smoliv.png
25,929,0,0,0,sv/dolliv.png
25,930,0,0,0,sv/arboliva.png
25,931,0,0,0,sv/squawkabilly-green.png
25,932,0,0,0,sv/nacli.png
25,933,0,0,0,sv/naclstack.png
25,934,0,0,0,sv/garganacl.png
25,935,0,0,0,sv/charcadet.png
25,936,0,0,0,sv/armarouge.png
25,937,0,0,0,sv/ceruledge.png
25,938,0,0,0,sv/tadbulb.png
25,939,0,0,0,sv/bellibolt.png
25,940,0,0,0,sv/wattrel.png
25,941,0,0,0,sv/kilowattrel.png
25,942,0,0,0,sv/maschiff.png
25,943,0,0,0,sv/mabosstiff.png
25,944,0,0,0,sv/shroodle.png
25,945,0,0,0,sv/grafaiai.png
25,946,0,0,0,sv/bramblin.png
25,947,0,0,0,sv/brambleghast.png
25,948,0,0,0,sv/toedscool.png
25,949,0,0,0,sv/toedscruel.png
25,950,0,0,0,sv/klawf.png
25,951,0,0,0,sv/capsakid.png
25,952,0,0,0,sv/scovillain.png
25,953,0,0,0,sv/rellor.png
25,954,0,0,0,sv/rabsca.png
25,955,0,0,0,sv/flittle.png
25,956,0,0,0,sv/espathra.png
25,957,0,0,0,sv/tinkatink.png
25,958,0,0,0,sv/tinkatuff.png
25,959,0,0,0,sv/tinkaton.png
25,960,0,0,0,sv/wiglett.png
25,961,0,0,0,sv/wugtrio.png
25,962,0,0,0,sv/bombirdier.png
25,963,0,0,0,sv/finizen.png
25,964,0,0,0,sv/palafin-zero.png
25,965,0,0,0,sv/varoom.png
25,966,0,0,0,sv/revavroom.png
25,967,0,0,0,sv/cyclizar.png
25,968,0,0,0,sv/orthworm.png
25,969,0,0,0,sv/glimmet.png
25,970,0,0,0,sv/glimmora.png
25,971,0,0,0,sv/greavard.png
25,972,0,0,0,sv/houndstone.png
25,973,0,0,0,sv/flamigo.png
25,974,0,0,0,sv/cetoddle.png
25,975,0,0,0,sv/cetitan.png
25,976,0,0,0,sv/veluza.png
25,977,0,0,0,sv/dondozo.png
25,978,0,0,0,sv/tatsugiri-curly.png
25,979,0,0,0,sv/annihilape.png
25,980,0,0,0,sv/clodsire.png
25,981,0,0,0,sv/farigiraf.png
25,982,0,0,0,sv/dudunsparce.png
25,983,0,0,0,sv/kingambit.png
25,984,0,0,0,sv/great-tusk.png
25,985,0,0,0,sv/scream-tail.png
25,986,0,0,0,sv/brute-bonnet.png
25,987,0,0,0,sv/flutter-mane.png
25,988,0,0,0,sv/slither-wing.png
25,989,0,0,0,sv/sandy-shocks.png
25,990,0,0,0,sv/iron-treads.png
25,991,0,0,0,sv/iron-bundle.png
25,992,0,0,0,sv/iron-hands.png
25,993,0,0,0,sv/iron-jugulis.png
25,994,0,0,0,sv/iron-moth.png
25,995,0,0,0,sv/iron-thorns.png
25,996,0,0,0,sv/frigibax.png
25,997,0,0,0,sv/arctibax.png
25,998,0,0,0,sv/baxcalibur.png
25,999,0,0,0,sv/gimmighoul-chest.png
25,1000,0,0,0,sv/gholdengo.png
25,1001,0,0,0,sv/wo-chien.png
25,1002,0,0,0,sv/chien-pao.png
25,1003,0,0,0,sv/ting-lu.png
25,1004,0,0,0,sv/chi-yu.png
25,1005,0,0,0,sv/roaring-moon.png
25,1006,0,0,0,sv/iron-valiant.png
25,1007,0,0,0,sv/koraidon-apex-build.png
25,1008,0,0,0,sv/miraidon-ultimate-mode.png
25,1009,0,0,0,sv/walking-wake.png
25,1010,0,0,0,sv/iron-leaves.png
25,1011,0,0,0,sv/dipplin.png
25,1012,0,0,0,sv/poltchageist.png
25,1013,0,0,0,sv/sinistcha.png
25,1014,0,0,0,sv/okidogi.png
25,1015,0,0,0,sv/munkidori.png
25,1016,0,0,0,sv/fezandipiti.png
25,1017,0,0,0,sv/ogerpon-teal-mask.png
25,1018,0,0,0,sv/archaludon.png
25,1019,0,0,0,sv/hydrapple.png
25,1020,0,0,0,sv/gouging-fire.png
25,1021,0,0,0,sv/raging-bolt.png
25,1022,0,0,0,sv/iron-boulder.png
25,1023,0,0,0,sv/iron-crown.png
25,1024,0,0,0,sv/terapagos-normal.png
25,1025,0,0,0,sv/pecharunt.png
25,10004,0,0,0,sv/deoxys-attack.png
25,10005,0,0,0,sv/deoxys-defense.png
25,10006,0,0,0,sv/deoxys-speed.png
25,10009,0,0,0,sv/arceus-fighting.png
25,10010,0,0,0,sv/arceus-flying.png
25,10011,0,0,0,sv/arceus-poison.png
25,10012,0,0,0,sv/arceus-ground.png
25,10013,0,0,0,sv/arceus-rock.png
25,10014,0,0,0,sv/arceus-bug.png
25,10015,0,0,0,sv/arceus-ghost.png
25,10016,0,0,0,sv/arceus-steel.png
25,10017,0,0,0,sv/arceus-fire.png
25,10018,0,0,0,sv/arceus-water.png
25,10019,0,0,0,sv/arceus-grass.png
25,10020,0,0,0,sv/arceus-electric.png
25,10021,0,0,0,sv/arceus-psychic.png
25,10022,0,0,0,sv/arceus-ice.png
25,10023,0,0,0,sv/arceus-dragon.png
25,10024,0,0,0,sv/arceus-dark.png
25,10025,0,0,0,sv/rotom-heat.png
25,10026,0,0,0,sv/rotom-wash.png
25,10027,0,0,0,sv/rotom-frost.png
25,10028,0,0,0,sv/rotom-fan.png
25,10029,0,0,0,sv/rotom-mow.png
25,10030,0,0,0,sv/giratina-origin.png
25,10031,0,0,0,sv/shaymin-sky.png
25,10033,0,0,0,sv/basculin-blue.png
25,10035,0,0,0,sv/meloetta-pirouette.png
25,10036,0,0,0,sv/tornadus-therian.png
25,10037,0,0,0,sv/thundurus-therian.png
25,10038,0,0,0,sv/landorus-therian.png
25,10039,0,0,0,sv/kyurem-white.png
25,10040,0,0,0,sv/kyurem-black.png
25,10071,0,0,0,sv/arceus-fairy.png
25,10073,0,0,0,sv/meowstic-female.png
25,10107,0,0,0,sv/hoopa-unbound.png
25,10110,0,0,0,sv/pikachu-cap-original.png
25,10111,0,0,0,sv/raichu-alola.png
25,10112,0,0,0,sv/sandshrew-alola.png
25,10113,0,0,0,sv/sandslash-alola.png
25,10114,0,0,0,sv/vulpix-alola.png
25,10115,0,0,0,sv/ninetales-alola.png
25,10116,0,0,0,sv/diglett-alola.png
25,10117,0,0,0,sv/dugtrio-alola.png
25,10118,0,0,0,sv/meowth-alola.png
25,10119,0,0,0,sv/persian-alola.png
25,10120,0,0,0,sv/geodude-alola.png
25,10121,0,0,0,sv/graveler-alola.png
25,10122,0,0,0,sv/golem-alola.png
25,10123,0,0,0,sv/grimer-alola.png
25,10124,0,0,0,sv/muk-alola.png
25,10125,0,0,0,sv/exeggutor-alola.png
25,10127,0,0,0,sv/greninja.png
25,10133,0,0,0,sv/oricorio-pom-pom.png
25,10134,0,0,0,sv/oricorio-pa-u.png
25,10135,0,0,0,sv/oricorio-sensu.png
25,10136,0,0,0,sv/lycanroc-midnight.png
25,10155,0,0,0,sv/minior-core-red.png
25,10156,0,0,0,sv/rockruff.png
25,10157,0,0,0,sv/lycanroc-dusk.png
25,10158,0,0,0,sv/necrozma-dusk-mane.png
25,10159,0,0,0,sv/necrozma-dawn-wings.png
25,10163,0,0,0,sv/meowth-galar.png
25,10167,0,0,0,sv/weezing-galar.png
25,10177,0,0,0,sv/toxtricity-low-key.png
25,10178,0,0,0,sv/eiscue-noice-face.png
25,10179,0,0,0,sv/indeedee-female.png
25,10180,0,0,0,sv/zacian-crowned.png
25,10181,0,0,0,sv/zamazenta-crowned.png
25,10183,0,0,0,sv/slowpoke-galar.png
25,10184,0,0,0,sv/slowbro-galar.png
25,10185,0,0,0,sv/urshifu.png
25,10186,0,0,0,sv/articuno-galar.png
25,10187,0,0,0,sv/zapdos-galar.png
25,10188,0,0,0,sv/moltres-galar.png
25,10189,0,0,0,sv/slowking-galar.png
25,10190,0,0,0,sv/calyrex-ice-rider.png
25,10191,0,0,0,sv/calyrex-shadow-rider.png
25,10192,0,0,0,sv/growlithe-hisui.png
25,10193,0,0,0,sv/arcanine-hisui.png
25,10194,0,0,0,sv/voltorb-hisui.png
25,10195,0,0,0,sv/electrode-hisui.png
25,10196,0,0,0,sv/typhlosion-hisui.png
25,10197,0,0,0,sv/qwilfish-hisui.png
25,10198,0,0,0,sv/sneasel-hisui.png
25,10199,0,0,0,sv/dialga-origin.png
25,10200,0,0,0,sv/palkia-origin.png
25,10201,0,0,0,sv/samurott-hisui.png
25,10202,0,0,0,sv/lilligant-hisui.png
25,10203,0,0,0,sv/basculin-white.png
25,10204,0,0,0,sv/zorua-hisui.png
25,10205,0,0,0,sv/zoroark-hisui.png
25,10206,0,0,0,sv/braviary-hisui.png
25,10207,0,0,0,sv/sliggoo-hisui.png
25,10208,0,0,0,sv/goodra-hisui.png
25,10209,0,0,0,sv/avalugg-hisui.png
25,10210,0,0,0,sv/decidueye-hisui.png
25,10211,0,0,0,sv/basculegion-female.png
25,10212,0,0,0,sv/enamorus-therian.png
25,10213,0,0,0,sv/tauros-paldea-combat.png
25,10214,0,0,0,sv/tauros-paldea-blaze.png
25,10215,0,0,0,sv/tauros-paldea-aqua.png
25,10216,0,0,0,sv/wooper-paldea.png
25,10217,0,0,0,sv/oinkologne-female.png
25,10218,0,0,0,sv/squawkabilly-blue.png
25,10219,0,0,0,sv/squawkabilly-yellow.png
25,10220,0,0,0,sv/squawkabilly-white.png
25,10221,0,0,0,sv/palafin-hero.png
25,10222,0,0,0,sv/gimmighoul-roaming.png
25,10223,0,0,0,sv/ursaluna-bloodmoon.png
25,10224,0,0,0,sv/ogerpon-wellspring-mask.png
25,10225,0,0,0,sv/ogerpon-hearthflame-mask.png
25,10226,0,0,0,sv/ogerpon-cornerstone-mask.png
25,10227,0,0,0,sv/ogerpon-teal-mask.png
25,10228,0,0,0,sv/ogerpon-wellspring-mask.png
25,10229,0,0,0,sv/ogerpon-hearthflame-mask.png
25,10230,0,0,0,sv/ogerpon-cornerstone-mask.png
25,10231,0,0,0,sv/terapagos-terastal.png
25,10232,0,0,0,sv/terapagos-stellar.png
25,20031,0,0,0,sv/shellos-east.png
25,20032,0,0,0,sv/gastrodon-east.png
25,20033,0,0,0,sv/deerling-summer.png
25,20034,0,0,0,sv/deerling-autumn.png
25,20035,0,0,0,sv/deerling-winter.png
25,20036,0,0,0,sv/sawsbuck-summer.png
25,20037,0,0,0,sv/sawsbuck-autumn.png
25,20038,0,0,0,sv/sawsbuck-winter.png
25,20043,0,0,0,sv/keldeo-resolute.png
25,20044,0,0,0,sv/scatterbug.png
25,20045,0,0,0,sv/scatterbug.png
25,20046,0,0,0,sv/scatterbug.png
25,20047,0,0,0,sv/scatterbug.png
25,20048,0,0,0,sv/scatterbug.png
25,20049,0,0,0,sv/scatterbug.png
25,20050,0,0,0,sv/scatterbug.png
25,20051,0,0,0,sv/scatterbug.png
25,20052,0,0,0,sv/scatterbug.png
25,20053,0,0,0,sv/scatterbug.png
25,20054,0,0,0,sv/scatterbug.png
25,20055,0,0,0,sv/scatterbug.png
25,20056,0,0,0,sv/scatterbug.png
25,20057,0,0,0,sv/scatterbug.png
25,20058,0,0,0,sv/scatterbug.png
25,20059,0,0,0,sv/scatterbug.png
25,20060,0,0,0,sv/scatterbug.png
25,20061,0,0,0,sv/scatterbug.png
25,20062,0,0,0,sv/scatterbug.png
25,20063,0,0,0,sv/spewpa.png
25,20064,0,0,0,sv/spewpa.png
25,20065,0,0,0,sv/spewpa.png
25,20066,0,0,0,sv/spewpa.png
25,20067,0,0,0,sv/spewpa.png
25,20068,0,0,0,sv/spewpa.png
25,20069,0,0,0,sv/spewpa.png
25,20070,0,0,0,sv/spewpa.png
25,20071,0,0,0,sv/spewpa.png
25,20072,0,0,0,sv/spewpa.png
25,20073,0,0,0,sv/spewpa.png
25,20074,0,0,0,sv/spewpa.png
25,20075,0,0,0,sv/spewpa.png
25,20076,0,0,0,sv/spewpa.png
25,20077,0,0,0,sv/spewpa.png
25,20078,0,0,0,sv/spewpa.png
25,20079,0,0,0,sv/spewpa.png
25,20080,0,0,0,sv/spewpa.png
25,20081,0,0,0,sv/spewpa.png
25,20082,0,0,0,sv/vivillon-polar.png
25,20083,0,0,0,sv/vivillon-tundra.png
25,20084,0,0,0,sv/vivillon-continental.png
25,20085,0,0,0,sv/vivillon-garden.png
25,20086,0,0,0,sv/vivillon-elegant.png
25,20087,0,0,0,sv/vivillon-meadow.png
25,20088,0,0,0,sv/vivillon-modern.png
25,20089,0,0,0,sv/vivillon-marine.png
25,20090,0,0,0,sv/vivillon-archipelago.png
25,20091,0,0,0,sv/vivillon-high-plains.png
25,20092,0,0,0,sv/vivillon-sandstorm.png
25,20093,0,0,0,sv/vivillon-river.png
25,20094,0,0,0,sv/vivillon-monsoon.png
25,20095,0,0,0,sv/vivillon-savanna.png
25,20096,0,0,0,sv/vivillon-sun.png
25,20097,0,0,0,sv/vivillon-ocean.png
25,20098,0,0,0,sv/vivillon-jungle.png
25,20099,0,0,0,sv/vivillon-fancy.png
25,20100,0,0,0,sv/vivillon-poke-ball.png
25,20101,0,0,0,sv/flabebe-yellow.png
25,20102,0,0,0,sv/flabebe-orange.png
25,20103,0,0,0,sv/flabebe-blue.png
25,20104,0,0,0,sv/flabebe-white.png
25,20105,0,0,0,sv/floette-yellow.png
25,20106,0,0,0,sv/floette-orange.png
25,20107,0,0,0,sv/floette-blue.png
25,20108,0,0,0,sv/floette-white.png
25,20109,0,0,0,sv/florges-yellow.png
25,20110,0,0,0,sv/florges-orange.png
25,20111,0,0,0,sv/florges-blue.png
25,20112,0,0,0,sv/florges-white.png
25,20124,0,0,0,sv/pikachu-cap-hoenn.png
25,20125,0,0,0,sv/pikachu-cap-sinnoh.png
25,20126,0,0,0,sv/pikachu-cap-unova.png
25,20127,0,0,0,sv/pikachu-cap-kalos.png
25,20128,0,0,0,sv/pikachu-cap-alola.png
25,20133,0,0,0,sv/minior-meteor.png
25,20134,0,0,0,sv/minior-meteor.png
25,20135,0,0,0,sv/minior-meteor.png
25,20136,0,0,0,sv/minior-meteor.png
25,20137,0,0,0,sv/minior-meteor.png
25,20138,0,0,0,sv/minior-meteor.png
25,20139,0,0,0,sv/minior-core-orange.png
25,20140,0,0,0,sv/minior-core-yellow.png
25,20141,0,0,0,sv/minior-core-green.png
25,20142,0,0,0,sv/minior-core-blue.png
25,20143,0,0,0,sv/minior-core-indigo.png
25,20144,0,0,0,sv/minior-core-violet.png
25,20145,0,0,0,sv/mimikyu.png
25,20149,0,0,0,sv/magearna-original.png
25,20150,0,0,0,sv/pikachu-cap-partner.png
25,20174,0,0,0,sv/cramorant-gulping.png
25,20175,0,0,0,sv/cramorant-gorging.png
25,20178,0,0,0,sv/sinistea.png
25,20179,0,0,0,sv/polteageist.png
25,20182,0,0,0,sv/alcremie-vanilla-cream.png
25,20183,0,0,0,sv/alcremie-vanilla-cream.png
25,20184,0,0,0,sv/alcremie-vanilla-cream.png
25,20185,0,0,0,sv/alcremie-vanilla-cream.png
25,20186,0,0,0,sv/alcremie-vanilla-cream.png
25,20187,0,0,0,sv/alcremie-vanilla-cream.png
25,20188,0,0,0,sv/alcremie-ruby-cream.png
25,20189,0,0,0,sv/alcremie-ruby-cream.png
25,20190,0,0,0,sv/alcremie-ruby-cream.png
25,20191,0,0,0,sv/alcremie-ruby-cream.png
25,20192,0,0,0,sv/alcremie-ruby-cream.png
25,20193,0,0,0,sv/alcremie-ruby-cream.png
25,20194,0,0,0,sv/alcremie-ruby-cream.png
25,20195,0,0,0,sv/alcremie-matcha-cream.png
25,20196,0,0,0,sv/alcremie-matcha-cream.png
25,20197,0,0,0,sv/alcremie-matcha-cream.png
25,20198,0,0,0,sv/alcremie-matcha-cream.png
25,20199,0,0,0,sv/alcremie-matcha-cream.png
25,20200,0,0,0,sv/alcremie-matcha-cream.png
25,20201,0,0,0,sv/alcremie-matcha-cream.png
25,20202,0,0,0,sv/alcremie-mint-cream.png
25,20203,0,0,0,sv/alcremie-mint-cream.png
25,20204,0,0,0,sv/alcremie-mint-cream.png
25,20205,0,0,0,sv/alcremie-mint-cream.png
25,20206,0,0,0,sv/alcremie-mint-cream.png
25,20207,0,0,0,sv/alcremie-mint-cream.png
25,20208,0,0,0,sv/alcremie-mint-cream.png
25,20209,0,0,0,sv/alcremie-lemon-cream.png
25,20210,0,0,0,sv/alcremie-lemon-cream.png
25,20211,0,0,0,sv/alcremie-lemon-cream.png
25,20212,0,0,0,sv/alcremie-lemon-cream.png
25,20213,0,0,0,sv/alcremie-lemon-cream.png
25,20214,0,0,0,sv/alcremie-lemon-cream.png
25,20215,0,0,0,sv/alcremie-lemon-cream.png
25,20216,0,0,0,sv/alcremie-salted-cream.png
25,20217,0,0,0,sv/alcremie-salted-cream.png
25,20218,0,0,0,sv/alcremie-salted-cream.png
25,20219,0,0,0,sv/alcremie-salted-cream.png
25,20220,0,0,0,sv/alcremie-salted-cream.png
25,20221,0,0,0,sv/alcremie-salted-cream.png
25,20222,0,0,0,sv/alcremie-salted-cream.png
25,20223,0,0,0,sv/alcremie-ruby-swirl.png
25,20224,0,0,0,sv/alcremie-ruby-swirl.png
25,20225,0,0,0,sv/alcremie-ruby-swirl.png
25,20226,0,0,0,sv/alcremie-ruby-swirl.png
25,20227,0,0,0,sv/alcremie-ruby-swirl.png
25,20228,0,0,0,sv/alcremie-ruby-swirl.png
25,20229,0,0,0,sv/alcremie-ruby-swirl.png
25,20230,0,0,0,sv/alcremie-caramel-swirl.png
25,20231,0,0,0,sv/alcremie-caramel-swirl.png
25,20232,0,0,0,sv/alcremie-caramel-swirl.png
25,20233,0,0,0,sv/alcremie-caramel-swirl.png
25,20234,0,0,0,sv/alcremie-caramel-swirl.png
25,20235,0,0,0,sv/alcremie-caramel-swirl.png
25,20236,0,0,0,sv/alcremie-caramel-swirl.png
25,20237,0,0,0,sv/alcremie-rainbow-swirl.png
25,20238,0,0,0,sv/alcremie-rainbow-swirl.png
25,20239,0,0,0,sv/alcremie-rainbow-swirl.png
25,20240,0,0,0,sv/alcremie-rainbow-swirl.png
25,20241,0,0,0,sv/alcremie-rainbow-swirl.png
25,20242,0,0,0,sv/alcremie-rainbow-swirl.png
25,20243,0,0,0,sv/alcremie-rainbow-swirl.png
25,20245,0,0,0,sv/morpeko-hangry.png
25,20255,0,0,0,sv/zarude-dada.png
25,20256,0,0,0,sv/pikachu-cap-world.png
25,20263,0,0,0,sv/maushold-family-of-four.png
25,20264,0,0,0,sv/tatsugiri-droopy.png
25,20265,0,0,0,sv/tatsugiri-stretchy.png
25,20266,0,0,0,sv/dudunsparce.png
25,20267,0,0,0,sv/koraidon-limited-build.png
25,20268,0,0,0,sv/koraidon-limited-build.png
25,20269,0,0,0,sv/koraidon-limited-build.png
25,20270,0,0,0,sv/koraidon-limited-build.png
25,20271,0,0,0,sv/miraidon-low-power-mode.png
25,20272,0,0,0,sv/miraidon-low-power-mode.png
25,20273,0,0,0,sv/miraidon-low-power-mode.png
25,20274,0,0,0,sv/miraidon-low-power-mode.png
25,20275,0,0,0,sv/poltchageist.png
25,20276,0,0,0,sv/sinistcha.png
