version_group_id,language_id,move_id,name,description
27,1,1,はたく,
27,1,2,からてチョップ,
27,1,3,おうふくビンタ,
27,1,4,れんぞくパンチ,
27,1,5,メガトンパンチ,
27,1,6,ネコにこばん,
27,1,7,ほのおのパンチ,１０％の確率で相手をやけど状態にする。
27,1,8,れいとうパンチ,１０％の確率で相手をこおり状態にする。
27,1,9,かみなりパンチ,１０％の確率で相手をまひ状態にする。
27,1,10,ひっかく,
27,1,11,はさむ,
27,1,12,ハサミギロチン,相手をひんしにする。\n命中率３０％固定。
27,1,13,かまいたち,
27,1,14,つるぎのまい,自分の攻撃を２段階上げる。
27,1,15,いあいぎり,
27,1,16,かぜおこし,
27,1,17,つばさでうつ,
27,1,18,ふきとばし,相手に控えがいる場合\n相手をランダムに交代させる。
27,1,19,そらをとぶ,使ったターンで空中状態になり\n次のターンで攻撃する。
27,1,20,しめつける,相手をバインド状態にする。
27,1,21,たたきつける,
27,1,22,つるのムチ,
27,1,23,ふみつけ,
27,1,24,にどげり,
27,1,25,メガトンキック,
27,1,26,とびげり,
27,1,27,まわしげり,
27,1,28,すなかけ,
27,1,29,ずつき,
27,1,30,つのでつく,
27,1,31,みだれづき,
27,1,32,つのドリル,相手をひんしにする。\n命中率３０％固定。
27,1,33,たいあたり,
27,1,34,のしかかり,３０％の確率で相手をまひ状態にする。\nちいさくなる状態の相手には\n威力が２倍になり必ず命中する。
27,1,35,まきつく,相手をバインド状態にする。
27,1,36,とっしん,
27,1,37,あばれる,自分は　あばれ状態になる。
27,1,38,すてみタックル,与えたダメージの１／３を自分も受ける。
27,1,39,しっぽをふる,
27,1,40,どくばり,
27,1,41,ダブルニードル,
27,1,42,ミサイルばり,２ー５回連続で攻撃する。
27,1,43,にらみつける,
27,1,44,かみつく,３０％の確率で相手をひるませる。
27,1,45,なきごえ,
27,1,46,ほえる,相手に控えがいる場合\n相手をランダムに交代させる。
27,1,47,うたう,相手をねむり状態にする。
27,1,48,ちょうおんぱ,
27,1,49,ソニックブーム,
27,1,50,かなしばり,４ターンの間\n相手をわざふうじ状態にする。
27,1,51,ようかいえき,
27,1,52,ひのこ,
27,1,53,かえんほうしゃ,１０％の確率で相手をやけど状態にする。
27,1,54,しろいきり,
27,1,55,みずでっぽう,
27,1,56,ハイドロポンプ,
27,1,57,なみのり,水中状態の相手には\n威力が２倍になる。
27,1,58,れいとうビーム,１０％の確率で相手をこおり状態にする。
27,1,59,ふぶき,１０％の確率で相手をこおり状態にする。\nゆき状態の場合\n相手に必ず命中する。
27,1,60,サイケこうせん,
27,1,61,バブルこうせん,
27,1,62,オーロラビーム,
27,1,63,はかいこうせん,使った次のターン\n自分は　反動状態になる。
27,1,64,つつく,
27,1,65,ドリルくちばし,
27,1,66,じごくぐるま,
27,1,67,けたぐり,相手が重いほど威力が上がる。\n威力２０ー１２０。
27,1,68,カウンター,使ったターンに相手から受けた\n物理技のダメージを２倍にして返す。
27,1,69,ちきゅうなげ,相手のHPに５０ダメージを与える。
27,1,70,かいりき,
27,1,71,すいとる,
27,1,72,メガドレイン,
27,1,73,やどりぎのタネ,相手をやどりぎのタネ状態にする。
27,1,74,せいちょう,自分の攻撃　特攻を１段階上げる。\nにほんばれ状態の場合\n２段階上げる。
27,1,75,はっぱカッター,
27,1,76,ソーラービーム,使ったターンで溜め状態になり\n次のターンで攻撃する。\nにほんばれ状態の場合は溜め状態にならず\nすぐに攻撃できる。\n他の天気の場合は威力が１／２になる。
27,1,77,どくのこな,相手をどく状態にする。\nくさタイプの　ポケモンには効かない。
27,1,78,しびれごな,相手をまひ状態にする。\nくさタイプの　ポケモンには効かない。
27,1,79,ねむりごな,相手をねむり状態にする。\nくさタイプの　ポケモンには効かない。
27,1,80,はなびらのまい,自分は　あばれ状態になる。
27,1,81,いとをはく,相手の素早さを２段階下げる。
27,1,82,りゅうのいかり,
27,1,83,ほのおのうず,相手をバインド状態にする。
27,1,84,でんきショック,
27,1,85,１０まんボルト,１０％の確率で相手をまひ状態にする。
27,1,86,でんじは,相手をまひ状態にする。\nじめんタイプの　ポケモンには効かない。
27,1,87,かみなり,３０％の確率で相手をまひ状態にする。\nあめ状態の場合　相手に必ず命中する。\nにほんばれ状態の場合　命中率は５０％になる。\n空中状態の相手にも当たる。
27,1,88,いわおとし,
27,1,89,じしん,地中状態の相手には威力が２倍になる。\nグラスフィールド状態の時\n威力が１／２になる。
27,1,90,じわれ,相手をひんしにする。\n命中率３０％固定。
27,1,91,あなをほる,使ったターンで地中状態になり\n次のターンで攻撃する。
27,1,92,どくどく,相手をもうどく状態にする。\nどくタイプが使うと相手に必ず命中する。
27,1,93,ねんりき,
27,1,94,サイコキネシス,１０％の確率で相手の特防を１段階下げる。
27,1,95,さいみんじゅつ,相手をねむり状態にする。
27,1,96,ヨガのポーズ,
27,1,97,こうそくいどう,自分の素早さを２段階上げる。
27,1,98,でんこうせっか,
27,1,99,いかり,
27,1,100,テレポート,
27,1,101,ナイトヘッド,相手のHPに５０ダメージを与える。
27,1,102,ものまね,
27,1,103,いやなおと,相手の防御を２段階下げる。
27,1,104,かげぶんしん,自分の回避率を１段階上げる。
27,1,105,じこさいせい,自分のＨＰを最大ＨＰの１／２回復する。
27,1,106,かたくなる,
27,1,107,ちいさくなる,自分の回避率を２段階上げる。\n自分は　ちいさくなる状態になる。
27,1,108,えんまく,
27,1,109,あやしいひかり,相手をこんらん状態にする。
27,1,110,からにこもる,
27,1,111,まるくなる,
27,1,112,バリアー,
27,1,113,ひかりのかべ,５ターンの間　味方の場を\nひかりのかべ状態にする。
27,1,114,くろいきり,全体の場の\n能力変化をなくす。
27,1,115,リフレクター,５ターンの間　味方の場を\nリフレクター状態にする。
27,1,116,きあいだめ,自分はきゅうしょアップ状態＋２　になる。
27,1,117,がまん,
27,1,118,ゆびをふる,
27,1,119,オウムがえし,
27,1,120,じばく,使うと自分はひんしになる。
27,1,121,タマゴばくだん,
27,1,122,したでなめる,
27,1,123,スモッグ,
27,1,124,ヘドロこうげき,
27,1,125,ホネこんぼう,
27,1,126,だいもんじ,１０％の確率で相手をやけど状態にする。
27,1,127,たきのぼり,２０％の確率で相手をひるませる。
27,1,128,からではさむ,
27,1,129,スピードスター,
27,1,130,ロケットずつき,
27,1,131,とげキャノン,
27,1,132,からみつく,
27,1,133,ドわすれ,自分の特防を２段階上げる。
27,1,134,スプーンまげ,
27,1,135,タマゴうみ,自分のＨＰを最大ＨＰの１／２回復する。
27,1,136,とびひざげり,外れるか失敗すると自分の最大ＨＰの\n１／２のダメージを受ける。
27,1,137,へびにらみ,相手をまひ状態にする。
27,1,138,ゆめくい,
27,1,139,どくガス,
27,1,140,たまなげ,
27,1,141,きゅうけつ,相手に与えたダメージの１／２\n自分のＨＰを回復する。
27,1,142,あくまのキッス,
27,1,143,ゴッドバード,使ったターンで溜め状態になり\n次のターンで攻撃する。\n３０％の確率で相手をひるませる。\nきゅうしょアップ＋１　で攻撃する。
27,1,144,へんしん,相手と同じポケモンに変身する。\nＨＰ以外のステータスも同じになる。
27,1,145,あわ,
27,1,146,ピヨピヨパンチ,
27,1,147,キノコのほうし,相手をねむり状態にする。\nくさタイプの　ポケモンには効かない。
27,1,148,フラッシュ,
27,1,149,サイコウェーブ,
27,1,150,はねる,
27,1,151,とける,自分の防御を２段階上げる。
27,1,152,クラブハンマー,きゅうしょアップ＋１　で攻撃する。
27,1,153,だいばくはつ,使うと自分はひんしになる。
27,1,154,みだれひっかき,
27,1,155,ホネブーメラン,
27,1,156,ねむる,自分のＨＰを全回復し状態異常も回復する。\n２ターンの間　ねむり状態になる。\nＨＰが満タンだと失敗する。
27,1,157,いわなだれ,３０％の確率で相手をひるませる。
27,1,158,ひっさつまえば,
27,1,159,かくばる,
27,1,160,テクスチャー,
27,1,161,トライアタック,２０％の確率で相手を　まひ　やけど\nこおり状態のいずれかにする。
27,1,162,いかりのまえば,相手の残りＨＰの\n１／２のダメージを与える。\n残り１の場合は１ダメージを与える。
27,1,163,きりさく,きゅうしょアップ＋１　で攻撃する。
27,1,164,みがわり,自分のＨＰを最大ＨＰの１／４減らし\nみがわりを出す。\nみがわりは　自分の代わりに技を受ける。\n最大ＨＰの１／４分のダメージを受けると消える。\n音の技は　みがわりを無視して受ける。
27,1,165,わるあがき,
27,1,166,スケッチ,
27,1,167,トリプルキック,
27,1,168,どろぼう,自分が道具を持っていない場合\n相手の道具を奪う。
27,1,169,クモのす,
27,1,170,こころのめ,
27,1,171,あくむ,
27,1,172,かえんぐるま,
27,1,173,いびき,自分がねむり状態の場合　使うことができる。\n３０％の確率で相手をひるませる。
27,1,174,のろい,自分の素早さを１段階下げて\n攻撃　防御を１段階上げる。
27,1,175,じたばた,自分の残りＨＰが少ないほど威力が上がる。\n威力２０ー２００。
27,1,176,テクスチャー２,
27,1,177,エアロブラスト,
27,1,178,わたほうし,相手の素早さを２段階下げる。\nくさタイプの　ポケモンには効かない。
27,1,179,きしかいせい,自分の残りＨＰが少ないほど威力が上がる。\n威力２０ー２００。
27,1,180,うらみ,相手が最後に使用した技のＰＰを４減らす。
27,1,181,こなゆき,
27,1,182,まもる,使ったターン中　相手の技から身を守る。\n連続で使うと成功率が\n前に使った時の１／３になる。
27,1,183,マッハパンチ,
27,1,184,こわいかお,相手の素早さを２段階下げる。
27,1,185,だましうち,
27,1,186,てんしのキッス,相手をこんらん状態にする。
27,1,187,はらだいこ,自分のＨＰを最大ＨＰの１／２減らし\n攻撃を６段階目まで上げる。\n残りＨＰが足りない場合は失敗する。
27,1,188,ヘドロばくだん,３０％の確率で相手をどく状態にする。
27,1,189,どろかけ,相手の命中率を１段階下げる。
27,1,190,オクタンほう,５０％の確率で　相手の命中率を１段階下げる。
27,1,191,まきびし,相手の場を\nまきびし状態にする。
27,1,192,でんじほう,相手をまひ状態にする。
27,1,193,みやぶる,
27,1,194,みちづれ,自分は　みちづれ状態になる。\n連続で使うと失敗する。
27,1,195,ほろびのうた,場の全員を\nほろび状態にする。
27,1,196,こごえるかぜ,相手の素早さを１段階下げる。
27,1,197,みきり,使ったターン中　相手の技から身を守る。\n連続で使うと成功率が\n前に使った時の１／３になる。
27,1,198,ボーンラッシュ,２ー５回連続で攻撃する。
27,1,199,ロックオン,自分は　ロックオン状態になる。
27,1,200,げきりん,自分は　あばれ状態になる。
27,1,201,すなあらし,５ターンの間　すなあらし状態にする。
27,1,202,ギガドレイン,相手に与えたダメージの１／２\n自分のＨＰを回復する。
27,1,203,こらえる,使ったターン中は\nひんしになる技のダメージを受けると\nＨＰを１残して耐える。\n連続で使うと成功率が\n前に使った時の１／３になる。
27,1,204,あまえる,相手の攻撃を２段階下げる。
27,1,205,ころがる,
27,1,206,みねうち,
27,1,207,いばる,相手の攻撃を２段階上げ\nこんらん状態にする。
27,1,208,ミルクのみ,自分か味方の\nＨＰを最大ＨＰの１／２回復する。
27,1,209,スパーク,
27,1,210,れんぞくぎり,
27,1,211,はがねのつばさ,１０％の確率で自分の防御を１段階上げる。
27,1,212,くろいまなざし,相手をにげられない状態にする。
27,1,213,メロメロ,相手をメロメロ状態にする。\n同性　性別不明の相手には失敗する。
27,1,214,ねごと,自分がねむり状態の場合　使うことができる。\n自分が覚えている他の技の中から\nいずれかの技を使う。
27,1,215,いやしのすず,自分と味方と\n手持ちのポケモン全員の\n状態異常を回復する。
27,1,216,おんがえし,
27,1,217,プレゼント,
27,1,218,やつあたり,
27,1,219,しんぴのまもり,５ターンの間　味方の場を\nしんぴのまもり状態にする。
27,1,220,いたみわけ,自分と相手の残りＨＰを足して\n互いに１／２ずつに分ける。
27,1,221,せいなるほのお,
27,1,222,マグニチュード,
27,1,223,ばくれつパンチ,相手をこんらん状態にする。
27,1,224,メガホーン,
27,1,225,りゅうのいぶき,
27,1,226,バトンタッチ,手持ちの他のポケモンと交代する。\n能力変化　みがわり等を\nそのポケモンに引き継ぐ。
27,1,227,アンコール,相手をアンコール状態にする。
27,1,228,おいうち,
27,1,229,こうそくスピン,自分にかかっているバインド　やどりぎのタネ状態と\n味方の場にかかっているまきびし　どくびし\nねばねばネット　ステルスロック状態を解除する。\n自分の素早さを１段階上げる。
27,1,230,あまいかおり,相手の回避率を２段階下げる。
27,1,231,アイアンテール,３０％の確率で相手の防御を１段階下げる。
27,1,232,メタルクロー,
27,1,233,あてみなげ,
27,1,234,あさのひざし,自分のＨＰを最大ＨＰの１／２回復する。\nにほんばれ状態の場合は２／３回復する。\nそれ以外の天気の場合は１／４回復する。
27,1,235,こうごうせい,自分のＨＰを最大ＨＰの１／２回復する。\nにほんばれ状態の場合は２／３回復する。\nそれ以外の天気の場合は１／４回復する。
27,1,236,つきのひかり,自分のＨＰを最大ＨＰの１／２回復する。\nにほんばれ状態の場合は２／３回復する。\nそれ以外の天気の場合は１／４回復する。
27,1,237,めざめるパワー,
27,1,238,クロスチョップ,きゅうしょアップ＋１　で攻撃する。
27,1,239,たつまき,
27,1,240,あまごい,５ターンの間　あめ状態にする。
27,1,241,にほんばれ,５ターンの間　にほんばれ状態にする。
27,1,242,かみくだく,２０％の確率で相手の防御を１段階下げる。
27,1,243,ミラーコート,使ったターンに相手から受けた\n特殊技のダメージを２倍にして返す。
27,1,244,じこあんじ,相手にかかっている能力変化を\n自分にもかける。
27,1,245,しんそく,
27,1,246,げんしのちから,１０％の確率で自分の攻撃　防御　特攻\n特防　素早さを１段階上げる。
27,1,247,シャドーボール,２０％の確率で相手の特防を１段階下げる。
27,1,248,みらいよち,相手がいる場所を\nみらいにこうげき状態にする。
27,1,249,いわくだき,
27,1,250,うずしお,相手をバインド状態にする。\n水中状態の相手には\n威力が２倍になる。
27,1,251,ふくろだたき,手持ちのポケモンの数だけ相手を攻撃する。\nひんしや状態異常のポケモンは数えない。\n技の威力は手持ちポケモンのこうげきで計算する。
27,1,252,ねこだまし,相手をひるませる。\n登場して最初に出す技でない場合\n失敗する。
27,1,253,さわぐ,自分は　さわぐ状態になる。
27,1,254,たくわえる,自分の防御　特防を１段階上げる。\nたくわえる状態を１増やす。\n最大３回までたくわえられる。
27,1,255,はきだす,たくわえる状態の数値が多いほど\n威力が上がる。威力１００ー３００。\nたくわえる状態ではない場合この技は失敗する。
27,1,256,のみこむ,たくわえる状態の数値が多いとＨＰを多く回復する。\n１回だと最大ＨＰの１／４回復する。\n２回だと最大ＨＰの１／２回復する。\n３回だと全回復する。\nたくわえる状態ではない場合この技は失敗する。
27,1,257,ねっぷう,１０％の確率で相手をやけど状態にする。
27,1,258,あられ,
27,1,259,いちゃもん,相手を連続不可状態にする。
27,1,260,おだてる,相手の特攻を１段階上げ\nこんらん状態にする。
27,1,261,おにび,相手をやけど状態にする。
27,1,262,おきみやげ,自分はひんしになるが\n相手の攻撃　特攻を２段階下げる。
27,1,263,からげんき,自分がどく　もうどく　まひ　やけど状態の\nいずれかの場合　威力が２倍になる。\nやけど状態による物理技のダメージが\n半減される効果は無視する。
27,1,264,きあいパンチ,自分が技を使うターンで\n先に相手からの技のダメージを受けると失敗する。
27,1,265,きつけ,
27,1,266,このゆびとまれ,相手の技を全て自分が受ける。\n相手を選ぶ技にしか効果はない。
27,1,267,しぜんのちから,
27,1,268,じゅうでん,自分の特防を１段階上げる。\nでんき威力アップ状態になる。
27,1,269,ちょうはつ,相手をちょうはつ状態にする。
27,1,270,てだすけ,使ったターン中\n味方の技の威力を１．５倍する。
27,1,271,トリック,相手と自分の持っている道具を入れ替える。
27,1,272,なりきり,自分の特性を相手と同じ特性に変える。
27,1,273,ねがいごと,自分がいる場所を\nねがいごと状態にする。
27,1,274,ねこのて,
27,1,275,ねをはる,自分は　ねをはる状態になる。
27,1,276,ばかぢから,自分の攻撃　防御を１段階下げる。
27,1,277,マジックコート,
27,1,278,リサイクル,自分が最後に消費した道具を\n元に戻し　再び持つ。
27,1,279,リベンジ,
27,1,280,かわらわり,相手の場の　ひかりのかべ　リフレクター\nオーロラベール状態を解除して攻撃する。
27,1,281,あくび,相手をねむけ状態にする。\n相手に必ず命中する。
27,1,282,はたきおとす,相手が道具を持っていると\n威力が１．５倍になる。\n相手の道具を失わせる。
27,1,283,がむしゃら,相手の残りＨＰから自分の残りＨＰを\n引いた数値のダメージを与える。\n相手のＨＰが自分のＨＰ以下なら失敗する。
27,1,284,ふんか,自分の残りＨＰが少ないほど威力が下がる。\n威力１ー１５０。
27,1,285,スキルスワップ,自分と相手の特性を入れ替える。
27,1,286,ふういん,自分は　ふういん状態になる。
27,1,287,リフレッシュ,
27,1,288,おんねん,
27,1,289,よこどり,
27,1,290,ひみつのちから,
27,1,291,ダイビング,使ったターンで水中状態になり\n次のターンで攻撃する。
27,1,292,つっぱり,
27,1,293,ほごしょく,
27,1,294,ほたるび,
27,1,295,ラスターパージ,
27,1,296,ミストボール,
27,1,297,フェザーダンス,相手の攻撃を２段階下げる。
27,1,298,フラフラダンス,自分以外の場の全員を\nこんらん状態にする。
27,1,299,ブレイズキック,１０％の確率で相手をやけど状態にする。\nきゅうしょアップ＋１　で攻撃する。
27,1,300,どろあそび,
27,1,301,アイスボール,
27,1,302,ニードルアーム,
27,1,303,なまける,自分のＨＰを最大ＨＰの１／２回復する。
27,1,304,ハイパーボイス,
27,1,305,どくどくのキバ,５０％の確率で相手をもうどく状態にする。
27,1,306,ブレイククロー,５０％の確率で相手の防御を１段階下げる。
27,1,307,ブラストバーン,使った次のターン\n自分は　反動状態になる。
27,1,308,ハイドロカノン,使った次のターン\n自分は　反動状態になる。
27,1,309,コメットパンチ,２０％の確率で自分の攻撃を１段階上げる。
27,1,310,おどろかす,
27,1,311,ウェザーボール,天気が変わっていると\n威力が２倍になり　タイプも変わる。\nにほんばれ状態：ほのお　　あめ状態：みず\nゆき状態：こおり　　すなあらし状態：いわ
27,1,312,アロマセラピー,
27,1,313,うそなき,相手の特防を２段階下げる。
27,1,314,エアカッター,きゅうしょアップ＋１　で攻撃する。
27,1,315,オーバーヒート,自分の特攻を２段階下げる。
27,1,316,かぎわける,
27,1,317,がんせきふうじ,相手の素早さを１段階下げる。
27,1,318,ぎんいろのかぜ,
27,1,319,きんぞくおん,相手の特防を２段階下げる。
27,1,320,くさぶえ,
27,1,321,くすぐる,相手の攻撃　防御を１段階下げる。
27,1,322,コスモパワー,自分の防御　特防を１段階上げる。
27,1,323,しおふき,自分の残りＨＰが少ないほど威力が下がる。\n威力１ー１５０。
27,1,324,シグナルビーム,
27,1,325,シャドーパンチ,相手に必ず命中する。
27,1,326,じんつうりき,１０％の確率で相手をひるませる。
27,1,327,スカイアッパー,
27,1,328,すなじごく,相手をバインド状態にする。
27,1,329,ぜったいれいど,相手をひんしにする。命中率３０％固定。\nこおりタイプの相手には当たらない。\nこおりタイプ以外が使うと命中率が２０％になる。
27,1,330,だくりゅう,３０％の確率で相手の命中率を１段階下げる。
27,1,331,タネマシンガン,２ー５回連続で攻撃する。
27,1,332,つばめがえし,相手に必ず命中する。
27,1,333,つららばり,２ー５回連続で攻撃する。
27,1,334,てっぺき,自分の防御を２段階上げる。
27,1,335,とおせんぼう,相手をにげられない状態にする。
27,1,336,とおぼえ,自分と味方の攻撃を１段階上げる。
27,1,337,ドラゴンクロー,
27,1,338,ハードプラント,使った次のターン\n自分は　反動状態になる。
27,1,339,ビルドアップ,自分の攻撃　防御を１段階上げる。
27,1,340,とびはねる,使ったターンで空中状態になり\n次のターンで攻撃する。\n３０％の確率で相手をまひ状態にする。
27,1,341,マッドショット,相手の素早さを１段階下げる。
27,1,342,ポイズンテール,
27,1,343,ほしがる,自分が道具を持っていない場合\n相手の道具を奪う。
27,1,344,ボルテッカー,与えたダメージの１／３を自分も受ける。\n１０％の確率で相手をまひ状態にする。
27,1,345,マジカルリーフ,
27,1,346,みずあそび,
27,1,347,めいそう,自分の特攻　特防を１段階上げる。
27,1,348,リーフブレード,きゅうしょアップ＋１　で攻撃する。
27,1,349,りゅうのまい,自分の攻撃　素早さを１段階上げる。
27,1,350,ロックブラスト,２ー５回連続で攻撃する。
27,1,351,でんげきは,
27,1,352,みずのはどう,２０％の確率で相手をこんらん状態にする。
27,1,353,はめつのねがい,
27,1,354,サイコブースト,
27,1,355,はねやすめ,自分のＨＰを最大ＨＰの１／２回復する。\nひこうタイプが使うとそのターン中\nひこうタイプでなくなる。
27,1,356,じゅうりょく,５ターンの間　全体の場を\nじゅうりょく状態にする。
27,1,357,ミラクルアイ,
27,1,358,めざましビンタ,
27,1,359,アームハンマー,自分の素早さを１段階下げる。
27,1,360,ジャイロボール,自分の素早さが相手より低いほど\n威力が大きくなる。\n威力１ー１５０。
27,1,361,いやしのねがい,自分はひんしになるが\n次にこちらが出すポケモンの\nＨＰを全回復し状態異常を回復する。
27,1,362,しおみず,
27,1,363,しぜんのめぐみ,
27,1,364,フェイント,まもる　みきり等の効果を\n解除して攻撃する。
27,1,365,ついばむ,相手がきのみを持っていれば\nそのきのみを代わりに食べ\n自分がその効果を受ける。
27,1,366,おいかぜ,４ターンの間　味方の場を\nおいかぜ状態にする。
27,1,367,つぼをつく,自分か味方の\n攻撃　防御　特攻　特防　素早さ\n命中率　回避率のいずれか１つを\n２段階上げる。
27,1,368,メタルバースト,使ったターンに相手から受けた\n技のダメージを１．５倍にして返す。
27,1,369,とんぼがえり,攻撃した後\n手持ちの他のポケモンと交代する。
27,1,370,インファイト,自分の防御　特防を１段階下げる。
27,1,371,しっぺがえし,相手より後に攻撃すると\n威力が２倍になる。
27,1,372,ダメおし,使ったターン中\n相手がすでにダメージを受けているなら\n威力が２倍になる。
27,1,373,さしおさえ,
27,1,374,なげつける,持っている道具によって\n威力と効果が変わる。\n使うと道具はなくなる。
27,1,375,サイコシフト,
27,1,376,きりふだ,
27,1,377,かいふくふうじ,
27,1,378,しぼりとる,
27,1,379,パワートリック,自分は　攻防反転状態になる。
27,1,380,いえき,相手をとくせいなし状態にする。
27,1,381,おまじない,
27,1,382,さきどり,
27,1,383,まねっこ,最後に使われた技を出す。\n使われた技がない場合　失敗する。
27,1,384,パワースワップ,自分の攻撃　特攻の能力変化を\n相手の攻撃　特攻の能力変化と入れ替える。
27,1,385,ガードスワップ,自分の防御　特防の能力変化を\n相手の防御　特防の能力変化と入れ替える。
27,1,386,おしおき,
27,1,387,とっておき,他に覚えている技を\n全て使っていない場合　失敗する。
27,1,388,なやみのタネ,相手の特性を　ふみん　にする。
27,1,389,ふいうち,相手が攻撃を選んでおり　かつ\nこの技を使ったターン中　まだ攻撃を\nしていない時でないと失敗する。
27,1,390,どくびし,相手の場を\nどくびし状態にする。
27,1,391,ハートスワップ,
27,1,392,アクアリング,自分は　アクアリング状態になる。
27,1,393,でんじふゆう,自分は　でんじふゆう状態になる。
27,1,394,フレアドライブ,与えたダメージの１／３を自分も受ける。\n１０％の確率で相手をやけど状態にする。\n使うと自分のこおり状態を治す。
27,1,395,はっけい,
27,1,396,はどうだん,相手に必ず命中する。
27,1,397,ロックカット,自分の素早さを２段階上げる。
27,1,398,どくづき,３０％の確率で相手をどく状態にする。
27,1,399,あくのはどう,２０％の確率で相手をひるませる。
27,1,400,つじぎり,きゅうしょアップ＋１　で攻撃する。
27,1,401,アクアテール,
27,1,402,タネばくだん,
27,1,403,エアスラッシュ,３０％の確率で相手をひるませる。
27,1,404,シザークロス,
27,1,405,むしのさざめき,１０％の確率で相手の特防を１段階下げる。
27,1,406,りゅうのはどう,
27,1,407,ドラゴンダイブ,２０％の確率で相手をひるませる。\nちいさくなる状態の相手には\n威力が２倍になり必ず命中する。
27,1,408,パワージェム,
27,1,409,ドレインパンチ,相手に与えたダメージの１／２\n自分のＨＰを回復する。
27,1,410,しんくうは,
27,1,411,きあいだま,１０％の確率で相手の特防を１段階下げる。
27,1,412,エナジーボール,１０％の確率で相手の特防を１段階下げる。
27,1,413,ブレイブバード,与えたダメージの１／３を自分も受ける。
27,1,414,だいちのちから,１０％の確率で相手の特防を１段階下げる。
27,1,415,すりかえ,相手と自分の持っている道具を入れ替える。
27,1,416,ギガインパクト,使った次のターン\n自分は　反動状態になる。
27,1,417,わるだくみ,自分の特攻を２段階上げる。
27,1,418,バレットパンチ,
27,1,419,ゆきなだれ,この技を使うターンに　相手からの\n技のダメージを受けていれば威力が２倍になる。
27,1,420,こおりのつぶて,
27,1,421,シャドークロー,きゅうしょアップ＋１　で攻撃する。
27,1,422,かみなりのキバ,１０％の確率で相手をまひ状態にする。\n１０％の確率で相手をひるませる。
27,1,423,こおりのキバ,１０％の確率で相手をこおり状態にする。\n１０％の確率で相手をひるませる。
27,1,424,ほのおのキバ,１０％の確率で相手をやけど状態にする。\n１０％の確率で相手をひるませる。
27,1,425,かげうち,
27,1,426,どろばくだん,
27,1,427,サイコカッター,きゅうしょアップ＋１　で攻撃する。
27,1,428,しねんのずつき,２０％の確率で相手をひるませる。
27,1,429,ミラーショット,
27,1,430,ラスターカノン,１０％の確率で相手の特防を１段階下げる。
27,1,431,ロッククライム,
27,1,432,きりばらい,相手の回避率を１段階下げる。\nリフレクター　まきびし　しんぴのまもり\nフィールド等を解除する。
27,1,433,トリックルーム,５ターンの間　全体の場を\nトリックルーム状態にする。
27,1,434,りゅうせいぐん,自分の特攻を２段階下げる。
27,1,435,ほうでん,３０％の確率で相手をまひ状態にする。
27,1,436,ふんえん,３０％の確率で相手をやけど状態にする。
27,1,437,リーフストーム,自分の特攻を２段階下げる。
27,1,438,パワーウィップ,
27,1,439,がんせきほう,使った次のターン\n自分は　反動状態になる。
27,1,440,クロスポイズン,１０％の確率で相手をどく状態にする。\nきゅうしょアップ＋１　で攻撃する。
27,1,441,ダストシュート,３０％の確率で相手をどく状態にする。
27,1,442,アイアンヘッド,２０％の確率で相手をひるませる。
27,1,443,マグネットボム,
27,1,444,ストーンエッジ,きゅうしょアップ＋１　で攻撃する。
27,1,445,ゆうわく,
27,1,446,ステルスロック,相手の場を\nステルスロック状態にする。
27,1,447,くさむすび,相手が重いほど威力が上がる。\n威力２０ー１２０。
27,1,448,おしゃべり,
27,1,449,さばきのつぶて,
27,1,450,むしくい,相手がきのみを持っていれば\nそのきのみを代わりに食べ\n自分がその効果を受ける。
27,1,451,チャージビーム,７０％の確率で自分の特攻を１段階上げる。
27,1,452,ウッドハンマー,与えたダメージの１／３を自分も受ける。
27,1,453,アクアジェット,
27,1,454,こうげきしれい,
27,1,455,ぼうぎょしれい,
27,1,456,かいふくしれい,
27,1,457,もろはのずつき,与えたダメージの１／２を自分も受ける。
27,1,458,ダブルアタック,２回連続で攻撃する。
27,1,459,ときのほうこう,
27,1,460,あくうせつだん,
27,1,461,みかづきのまい,
27,1,462,にぎりつぶす,
27,1,463,マグマストーム,
27,1,464,ダークホール,
27,1,465,シードフレア,
27,1,466,あやしいかぜ,
27,1,467,シャドーダイブ,
27,1,468,つめとぎ,
27,1,469,ワイドガード,使ったターン中\n味方全員に当たる技から身を守る。
27,1,470,ガードシェア,自分と相手の\n防御の数値と特防の数値を足して\n互いに１／２ずつに分ける。
27,1,471,パワーシェア,自分と相手の\n攻撃の数値と特攻の数値を足して\n互いに１／２ずつに分ける。
27,1,472,ワンダールーム,５ターンの間　全体の場を\nワンダールーム状態にする。
27,1,473,サイコショック,この技は特殊技だが\n相手の防御でダメージを計算する。
27,1,474,ベノムショック,相手がどく　もうどく状態の場合\n威力が２倍になる。
27,1,475,ボディパージ,
27,1,476,いかりのこな,相手の技を全て自分が受ける。\n相手を選ぶ技にしか効果はない。\nくさタイプの　ポケモンには効かない。
27,1,477,テレキネシス,
27,1,478,マジックルーム,５ターンの間　全体の場を\nマジックルーム状態にする。
27,1,479,うちおとす,地面にいない相手を着地状態にする。\n空中状態の相手にも当たる。
27,1,480,やまあらし,必ず急所に当たる。
27,1,481,はじけるほのお,
27,1,482,ヘドロウェーブ,１０％の確率で相手をどく状態にする。
27,1,483,ちょうのまい,自分の特攻　特防　素早さを\n１段階上げる。
27,1,484,ヘビーボンバー,自分が相手より重いほど威力が上がる。\n威力４０ー１２０。\nちいさくなる状態の相手には\n威力が２倍になり必ず命中する。
27,1,485,シンクロノイズ,
27,1,486,エレキボール,自分の素早さが相手より高いほど\n威力が上がる。威力４０ー１５０。
27,1,487,みずびたし,相手のタイプをみずタイプに変える。
27,1,488,ニトロチャージ,自分の素早さを１段階上げる。
27,1,489,とぐろをまく,自分の攻撃　防御　命中率を\n１段階上げる。
27,1,490,ローキック,相手の素早さを１段階下げる。
27,1,491,アシッドボム,相手の特防を２段階下げる。
27,1,492,イカサマ,自分の攻撃ではなく\n相手の攻撃の数値でダメージが決まる。
27,1,493,シンプルビーム,相手の特性を　たんじゅん　にする。
27,1,494,なかまづくり,相手の特性を自分と同じ特性にする。
27,1,495,おさきにどうぞ,相手の行動を自分の行動のすぐ後にする。
27,1,496,りんしょう,同じターンに複数のポケモンがこの技を使うと\n１匹目が使ったすぐ後に２匹目以降が使う。\n２匹目以降の威力は２倍になる。
27,1,497,エコーボイス,
27,1,498,なしくずし,
27,1,499,クリアスモッグ,相手の能力変化を元に戻す。\n相手に必ず命中する。
27,1,500,アシストパワー,自分の能力変化が１段階上がるごとに\nこの技の威力は２０上がる。
27,1,501,ファストガード,使ったターン中\n自分と味方を先制技から守る。
27,1,502,サイドチェンジ,自分と味方の場所を入れ替える。\n連続で使うと成功率が\n前に使った時の１／３になる。
27,1,503,ねっとう,３０％の確率で相手をやけど状態にする。\n相手のこおり状態を治す。\n使うと自分のこおり状態を治す。
27,1,504,からをやぶる,自分の防御　特防を１段階下げて\n攻撃　特攻　素早さを２段階上げる。
27,1,505,いやしのはどう,相手のＨＰを最大ＨＰの１／２回復する。
27,1,506,たたりめ,相手が状態異常だと威力が２倍になる。
27,1,507,フリーフォール,
27,1,508,ギアチェンジ,自分の攻撃を１段階上げて\n素早さを２段階上げる。
27,1,509,ともえなげ,相手に控えがいる場合\n相手をランダムに交代させる。
27,1,510,やきつくす,
27,1,511,さきおくり,相手の行動の順番を\nそのターンの最後にする。
27,1,512,アクロバット,自分が道具を持っていない場合\n威力が２倍になる。
27,1,513,ミラータイプ,自分のタイプを相手のタイプと同じにする。
27,1,514,かたきうち,
27,1,515,いのちがけ,自分はひんしになり\nその時に残っていたＨＰ分の\nダメージを与える。
27,1,516,ギフトパス,
27,1,517,れんごく,相手をやけど状態にする。
27,1,518,みずのちかい,
27,1,519,ほのおのちかい,
27,1,520,くさのちかい,
27,1,521,ボルトチェンジ,攻撃した後\n手持ちの他のポケモンと交代する。
27,1,522,むしのていこう,相手の特攻を１段階下げる。
27,1,523,じならし,相手の素早さを１段階下げる。\nグラスフィールド状態の時\n威力が１／２になる。
27,1,524,こおりのいぶき,必ず急所に当たる。
27,1,525,ドラゴンテール,相手に控えがいる場合\n相手をランダムに交代させる。
27,1,526,ふるいたてる,
27,1,527,エレキネット,相手の素早さを１段階下げる。
27,1,528,ワイルドボルト,与えたダメージの１／４を自分も受ける。
27,1,529,ドリルライナー,きゅうしょアップ＋１　で攻撃する。
27,1,530,ダブルチョップ,
27,1,531,ハートスタンプ,
27,1,532,ウッドホーン,相手に与えたダメージの１／２\n自分のＨＰを回復する。
27,1,533,せいなるつるぎ,相手の能力変化を無視してダメージを与える。
27,1,534,シェルブレード,５０％の確率で相手の防御を１段階下げる。
27,1,535,ヒートスタンプ,自分が相手より重いほど威力が上がる。\n威力４０ー１２０。\nちいさくなる状態の相手には\n威力が２倍になり必ず命中する。
27,1,536,グラスミキサー,
27,1,537,ハードローラー,
27,1,538,コットンガード,自分の防御を３段階上げる。
27,1,539,ナイトバースト,４０％の確率で相手の命中率を１段階下げる。
27,1,540,サイコブレイク,
27,1,541,スイープビンタ,２ー５回連続で攻撃する。
27,1,542,ぼうふう,３０％の確率で相手をこんらん状態にする。\nあめ状態の場合　相手に必ず命中する。\nにほんばれ状態の場合　命中率は５０％になる。\n空中状態の相手にも当たる。
27,1,543,アフロブレイク,
27,1,544,ギアソーサー,
27,1,545,かえんだん,
27,1,546,テクノバスター,
27,1,547,いにしえのうた,
27,1,548,しんぴのつるぎ,
27,1,549,こごえるせかい,
27,1,550,らいげき,
27,1,551,あおいほのお,
27,1,552,ほのおのまい,５０％の確率で自分の特攻を１段階上げる。
27,1,553,フリーズボルト,
27,1,554,コールドフレア,
27,1,555,バークアウト,相手の特攻を１段階下げる。
27,1,556,つららおとし,３０％の確率で相手をひるませる。
27,1,557,Ｖジェネレート,
27,1,558,クロスフレイム,
27,1,559,クロスサンダー,
27,1,560,フライングプレス,この技のタイプとひこうタイプの\n２つの相性を組み合わせてダメージが決まる。\nちいさくなる状態の相手には\n威力が２倍になり必ず命中する。
27,1,561,たたみがえし,
27,1,562,ゲップ,戦闘中にきのみを食べていない場合\nこの技は失敗する。
27,1,563,たがやす,
27,1,564,ねばねばネット,相手の場を\nねばねばネット状態にする。
27,1,565,とどめばり,この技で相手を倒すと\n攻撃が３段階上がる。
27,1,566,ゴーストダイブ,使ったターンで潜伏状態になり\n次のターンで攻撃する。\nまもる　みきり等の効果を\n解除して攻撃する。
27,1,567,ハロウィン,相手をハロウィン状態にする。
27,1,568,おたけび,相手の攻撃　特攻を１段階下げる。
27,1,569,プラズマシャワー,
27,1,570,パラボラチャージ,相手に与えたダメージの１／２\n自分のＨＰを回復する。
27,1,571,もりののろい,相手を\nもりののろい状態にする。
27,1,572,はなふぶき,
27,1,573,フリーズドライ,みずタイプの相手にも効果バツグンとなる。
27,1,574,チャームボイス,
27,1,575,すてゼリフ,相手の攻撃　特攻を１段階下げ\n自分は手持ちの他のポケモンと交代する。
27,1,576,ひっくりかえす,相手の能力変化を全て逆にする。
27,1,577,ドレインキッス,相手に与えたダメージの３／４\n自分のＨＰを回復する。
27,1,578,トリックガード,
27,1,579,フラワーガード,
27,1,580,グラスフィールド,５ターンの間　全体の場を\nグラスフィールド状態にする。
27,1,581,ミストフィールド,５ターンの間　全体の場を\nミストフィールド状態にする。
27,1,582,そうでん,相手が技を出す前に　この技が命中すると\nそのターン　相手の技はでんきタイプになる。
27,1,583,じゃれつく,１０％の確率で相手の攻撃を１段階下げる。
27,1,584,ようせいのかぜ,
27,1,585,ムーンフォース,１０％の確率で相手の特攻を１段階下げる。
27,1,586,ばくおんぱ,
27,1,587,フェアリーロック,場の全員を\nフェアリーロック状態にする。
27,1,588,キングシールド,使ったターン中　相手の攻撃から身を守り\n接触技をしてきた相手の攻撃を１段階下げる。\nシールドフォルムにフォルムチェンジする。\n連続で使うと成功率が\n前に使った時の１／３になる。
27,1,589,なかよくする,
27,1,590,ないしょばなし,
27,1,591,ダイヤストーム,
27,1,592,スチームバースト,
27,1,593,いじげんホール,
27,1,594,みずしゅりけん,２ー５回連続で攻撃する。
27,1,595,マジカルフレイム,相手の特攻を１段階下げる。
27,1,596,ニードルガード,使ったターン中　相手の技から身を守り\n接触技をしてきた相手の最大ＨＰの\n１／８のダメージを与える。\n連続で使うと成功率が\n前に使った時の１／３になる。
27,1,597,アロマミスト,味方の特防を１段階上げる。
27,1,598,かいでんぱ,相手の特攻を２段階下げる。
27,1,599,ベノムトラップ,
27,1,600,ふんじん,
27,1,601,ジオコントロール,
27,1,602,じばそうさ,特性が　プラス　マイナス　である\n自分と味方の防御　特防を１段階上げる。
27,1,603,ハッピータイム,
27,1,604,エレキフィールド,５ターンの間　全体の場を\nエレキフィールド状態にする。
27,1,605,マジカルシャイン,
27,1,606,おいわい,
27,1,607,てをつなぐ,
27,1,608,つぶらなひとみ,相手の攻撃を１段階下げる。
27,1,609,ほっぺすりすり,相手をまひ状態にする。
27,1,610,てかげん,
27,1,611,まとわりつく,相手をバインド状態にする。
27,1,612,グロウパンチ,
27,1,613,デスウイング,
27,1,614,サウザンアロー,
27,1,615,サウザンウェーブ,
27,1,616,グランドフォース,
27,1,617,はめつのひかり,与えたダメージの１／２を自分も受ける。
27,1,618,こんげんのはどう,
27,1,619,だんがいのつるぎ,
27,1,620,ガリョウテンセイ,
27,1,621,いじげんラッシュ,
27,1,659,すなあつめ,
27,1,660,であいがしら,登場して最初に出す技でない場合\n失敗する。
27,1,661,トーチカ,使ったターン中　相手の技から身を守る。\n接触技をしてきた相手をどく状態にする。\n連続で使うと成功率が\n前に使った時の１／３になる。
27,1,662,かげぬい,相手をにげられない状態にする。
27,1,663,ＤＤラリアット,相手の能力変化を無視して\nダメージを与える。
27,1,664,うたかたのアリア,相手のやけど状態を治す。
27,1,665,アイスハンマー,自分の素早さを１段階下げる。
27,1,666,フラワーヒール,
27,1,667,１０まんばりき,
27,1,668,ちからをすいとる,相手の攻撃の数値分\n自分のＨＰを回復する。\n相手の攻撃を１段階下げる。
27,1,669,ソーラーブレード,使ったターンで溜め状態になり\n次のターンで攻撃する。\nにほんばれ状態の場合は溜め状態にならず\nすぐに攻撃できる。\n他の天気の場合は威力が１／２になる。
27,1,670,このは,
27,1,671,スポットライト,
27,1,672,どくのいと,相手の素早さを２段階下げる。\n相手をどく状態にする。
27,1,673,とぎすます,
27,1,674,アシストギア,
27,1,675,じごくづき,相手をじごくづき状態にする。
27,1,676,かふんだんご,味方に使うとダメージを与えず\nその味方のＨＰを\n味方の最大ＨＰの１／２回復する。
27,1,677,アンカーショット,
27,1,678,サイコフィールド,５ターンの間　全体の場を\nサイコフィールド状態にする。
27,1,679,とびかかる,相手の攻撃を１段階下げる。
27,1,680,ほのおのムチ,相手の防御を１段階下げる。
27,1,681,つけあがる,自分の能力変化が１段階上がるごとに\nこの技の威力は２０上がる。
27,1,682,もえつきる,自分のほのおタイプがなくなる。\n使うと自分のこおり状態を治す。\n自分がほのおタイプではない場合　失敗する。
27,1,683,スピードスワップ,自分と相手の素早さを入れ替える。
27,1,684,スマートホーン,相手に必ず命中する。
27,1,685,じょうか,
27,1,686,めざめるダンス,
27,1,687,コアパニッシャー,
27,1,688,トロピカルキック,相手の攻撃を１段階下げる。
27,1,689,さいはい,相手が直前に使った技を\nもう１度使わせる。
27,1,690,くちばしキャノン,技を使う前に接触技を受けると\nその相手をやけど状態にする。
27,1,691,スケイルノイズ,自分の防御を１段階下げる。
27,1,692,ドラゴンハンマー,
27,1,693,ぶんまわす,
27,1,694,オーロラベール,５ターンの間　味方の場を\nオーロラベール状態にする。\nゆき状態の場合にしか使えない。
27,1,704,トラップシェル,
27,1,705,フルールカノン,
27,1,706,サイコファング,相手の場の　ひかりのかべ　リフレクター\nオーロラベール状態を解除して攻撃する。
27,1,707,じだんだ,前のターン　自分が動けなかったり\n技を外したり失敗していた場合\n威力が２倍になる。
27,1,708,シャドーボーン,
27,1,709,アクセルロック,
27,1,710,アクアブレイク,２０％の確率で相手の防御を１段階下げる。
27,1,711,プリズムレーザー,
27,1,712,シャドースチール,
27,1,713,メテオドライブ,
27,1,714,シャドーレイ,
27,1,715,なみだめ,相手の攻撃　特攻を１段階下げる。\n相手の回避率　まもる等を無視して当たる。
27,1,716,びりびりちくちく,３０％の確率で相手をひるませる。
27,1,717,しぜんのいかり,
27,1,718,マルチアタック,
27,1,720,ビックリヘッド,
27,1,721,プラズマフィスト,
27,1,722,フォトンゲイザー,
27,1,742,ダブルパンツァー,
27,1,744,ダイマックスほう,
27,1,745,ねらいうち,技を引き受ける特性や技の影響を無視する。\nきゅうしょアップ＋１　で攻撃する。
27,1,746,くらいつく,相手と自分を　くらいつく状態にする。
27,1,747,ほおばる,持っているきのみを食べる。\n自分の防御を２段階上げる。\nきのみを持っていないと　この技は使えない。
27,1,748,はいすいのじん,自分の攻撃　防御　特攻　特防　素早さを\n１段階上げる。自分は　にげられない状態になる。\n登場するたび　１回だけ使える。\n２回目以降は失敗する。
27,1,749,タールショット,
27,1,750,まほうのこな,相手のタイプをエスパータイプに変える。\nくさタイプの　ポケモンには効かない。
27,1,751,ドラゴンアロー,２回連続で攻撃する。\n相手が２匹いる場合は\nそれぞれに１回ずつ攻撃する。
27,1,752,おちゃかい,場の全員は\nそれぞれ持っているきのみを食べて使う。
27,1,753,たこがため,相手を　にげられない状態と\nたこがため状態にする。
27,1,754,でんげきくちばし,
27,1,755,エラがみ,
27,1,756,コートチェンジ,味方と相手の場の状態を入れ替える。
27,1,775,ソウルビート,自分のＨＰを最大ＨＰの１／３減らし\n自分の攻撃　防御　特攻　特防　素早さを\n１段階上げる。\n残りＨＰが足りない場合は失敗する。
27,1,776,ボディプレス,この技は攻撃ではなく\n防御の数値でダメージが決まる。
27,1,777,デコレーション,相手の攻撃　特攻を２段階上げる。
27,1,778,ドラムアタック,相手の素早さを１段階下げる。
27,1,779,トラバサミ,相手をバインド状態にする。
27,1,780,かえんボール,１０％の確率で相手をやけど状態にする。\n使うと自分のこおり状態をなおす。
27,1,781,きょじゅうざん,
27,1,782,きょじゅうだん,
27,1,783,オーラぐるま,自分の素早さを１段階上げる。\nモルペコのフォルムでタイプが変わる。
27,1,784,ワイドブレイカー,相手の攻撃を１段階下げる。
27,1,785,えだづき,
27,1,786,オーバードライブ,
27,1,787,りんごさん,相手の特防を１段階下げる。
27,1,788,Ｇのちから,相手の防御を１段階下げる。\nじゅうりょく状態の場合\n威力が１．５倍になる。
27,1,789,ソウルクラッシュ,相手の特攻を１段階下げる。
27,1,790,ワンダースチーム,
27,1,791,いのちのしずく,自分と味方のＨＰを\nそれぞれの最大ＨＰの１／４回復する。
27,1,792,ブロッキング,
27,1,793,どげざつき,
27,1,794,スターアサルト,使った次のターン\n自分は　反動状態になる。
27,1,795,ムゲンダイビーム,
27,1,796,てっていこうせん,攻撃した後　自分の最大ＨＰの\n１／２のダメージを受ける。
27,1,797,ワイドフォース,サイコフィールド状態の効果を\n受けている場合\n威力が１．５倍になり\n相手全体を攻撃する。
27,1,798,アイアンローラー,場にフィールドがない場合　失敗する。\nフィールドを解除する。
27,1,799,スケイルショット,２ー５回連続で攻撃する。\n自分の防御を１段階下げ\n素早さを１段階上げる。
27,1,800,メテオビーム,使ったターンで溜め状態になり\n次のターンで攻撃する。\n使ったターンに自分の特攻を\n１段階上げる。
27,1,801,シェルアームズ,２０％の確率で相手をどく状態にする。\n物理技である方がダメージが大きい場合は\n物理技になる。
27,1,802,ミストバースト,使うと自分はひんしになる。\nミストフィールド状態の効果を\n受けている場合\n威力が１．５倍になる。
27,1,803,グラススライダー,グラスフィールド状態の\n効果を受けている場合\n優先度＋１　になる。
27,1,804,ライジングボルト,相手がエレキフィールド状態の効果を\n受けている場合　威力が２倍になる。
27,1,805,だいちのはどう,自分がフィールドの効果を\n受けている場合　威力が２倍になる。\nフィールドの種類によってタイプが変わる。
27,1,806,はいよるいちげき,相手の特攻を１段階下げる。
27,1,807,しっとのほのお,使ったターンに相手の能力が上がっている場合\n相手をやけど状態にする。
27,1,808,うっぷんばらし,使ったターンに自分の能力が下がっている場合\n威力が２倍になる。
27,1,809,ポルターガイスト,相手が道具を持っていない場合\n失敗する。
27,1,810,ふしょくガス,自分以外の場の全員の\n持っている道具を失わせる。
27,1,811,コーチング,味方の攻撃　防御を１段階上げる。
27,1,812,クイックターン,攻撃した後\n手持ちの他のポケモンと交代する。
27,1,813,トリプルアクセル,１回目は威力２０　２回目は威力４０\n３回目は威力６０　の３回連続攻撃。\n途中で外れると攻撃は終わる。
27,1,814,ダブルウイング,２回連続で攻撃する。
27,1,815,ねっさのだいち,３０％の確率で相手をやけど状態にする。\n相手のこおり状態を治す。\n使うと自分のこおり状態を治す。
27,1,816,ジャングルヒール,
27,1,817,あんこくきょうだ,
27,1,818,すいりゅうれんだ,
27,1,819,サンダープリズン,
27,1,820,ドラゴンエナジー,
27,1,821,いてつくしせん,
27,1,822,もえあがるいかり,
27,1,823,らいめいげり,
27,1,824,ブリザードランス,
27,1,825,アストラルビット,
27,1,826,ぶきみなじゅもん,相手が最後に使用した技のＰＰを３減らす。
27,1,827,フェイタルクロー,３０％の確率で相手を\nどく　まひ　ねむり状態のいずれかにする。
27,1,828,バリアーラッシュ,自分の防御を１段階上げる。
27,1,829,パワーシフト,自分は　攻防反転状態になる。
27,1,830,がんせきアックス,相手の場を\nステルスロック状態にする。
27,1,831,はるのあらし,
27,1,832,しんぴのちから,
27,1,833,だいふんげき,自分は　あばれ状態になる。
27,1,834,ウェーブタックル,与えたダメージの１／３を自分も受ける。
27,1,835,クロロブラスト,
27,1,836,ひょうざんおろし,３０％の確率で相手をひるませる。
27,1,837,しょうりのまい,
27,1,838,ぶちかまし,自分の防御　特防を１段階下げる。
27,1,839,どくばりセンボン,５０％の確率で相手をどく状態にする。\n相手がどく　もうどく状態の場合\n威力が２倍になる。
27,1,840,オーラウイング,
27,1,841,うらみつらみ,相手の攻撃を１段階下げる。
27,1,842,たてこもる,自分の防御を２段階上げる。
27,1,843,３ぼんのや,５０％の確率で相手の防御を１段階下げる。\n３０％の確率で相手をひるませる。\nきゅうしょアップ＋１　で攻撃する。
27,1,844,ひゃっきやこう,３０％の確率で相手をやけど状態にする。\n相手が状態異常だと威力が２倍になる。
27,1,845,ひけん・ちえなみ,相手の場を\nまきびし状態にする。
27,1,846,こがらしあらし,
27,1,847,かみなりあらし,
27,1,848,ねっさのあらし,
27,1,849,みかづきのいのり,
27,1,850,ブレイブチャージ,
27,1,851,テラバースト,
27,1,852,スレッドトラップ,
27,1,853,かかとおとし,３０％の確率で相手をこんらん状態にする。\n外れるか失敗すると自分の最大ＨＰの\n１／２のダメージを受ける。
27,1,854,おはかまいり,手持ちのポケモンが１匹ひんしになるたび\n威力が５０上がる。
27,1,855,ルミナコリジョン,相手の特防を２段階下げる。
27,1,856,いっちょうあがり,
27,1,857,ジェットパンチ,
27,1,858,ハバネロエキス,相手の防御を２段階下げて\n攻撃を２段階上げる。
27,1,859,ホイールスピン,
27,1,860,ネズミざん,１ー１０回連続で攻撃する。\n途中で外れると攻撃は終わる。
27,1,861,アイススピナー,フィールドを解除する。
27,1,862,きょけんとつげき,次に自分が行動するまで\n自分は　無防備状態になる。
27,1,863,さいきのいのり,手持ちのひんしのポケモンを\n最大ＨＰの１／２の状態で復活させる。
27,1,864,しおづけ,相手をしおづけ状態にする。
27,1,865,トリプルダイブ,
27,1,866,キラースピン,自分にかかっているバインド　やどりぎのタネ状態と\n味方の場にかかっているまきびし　どくびし\nねばねばネット　ステルスロック状態を解除する。\n相手をどく状態にする。
27,1,867,うつしえ,
27,1,868,みをけずる,
27,1,869,ドゲザン,相手に必ず命中する。
27,1,870,トリックフラワー,相手に必ず命中する。\n必ず急所に当たる。
27,1,871,フレアソング,自分の特攻を１段階上げる。
27,1,872,アクアステップ,自分の素早さを１段階上げる。
27,1,873,レイジングブル,自分のフォルムによって技のタイプが変わる。\n相手の場の　ひかりのかべ　リフレクター\nオーロラベール状態を解除して攻撃する。
27,1,874,ゴールドラッシュ,自分の特攻を２段階下げる。
27,1,875,サイコブレイド,
27,1,876,ハイドロスチーム,
27,1,877,カタストロフィ,
27,1,878,アクセルブレイク,
27,1,879,イナズマドライブ,
27,1,880,しっぽきり,自分のＨＰを最大ＨＰの１／２減らし\nみがわりを出す。\nその後　手持ちの他のポケモンと交代する。\nみがわりは　自分の代わりに技を受ける。\n最大ＨＰの１／４分のダメージを受けると消える。
27,1,881,さむいギャグ,５ターンの間　ゆき状態にする。\n手持ちの他のポケモンと交代する。
27,1,882,おかたづけ,全体の場の　ねばねばネット　ステルスロック\nみがわり　まきびし　どくびし状態を解除する。\n自分の攻撃　素早さを１段階上げる。
27,1,883,ゆきげしき,５ターンの間　ゆき状態にする。
27,1,884,とびつく,相手の素早さを１段階下げる。
27,1,885,くさわけ,自分の素早さを１段階上げる。
27,1,886,ひやみず,相手の攻撃を１段階下げる。
27,1,887,ハイパードリル,
27,1,888,ツインビーム,２回連続で攻撃する。
27,1,889,ふんどのこぶし,技のダメージを受けるたび\n威力が５０上がる。最大威力３５０。\n手持ちに戻ると　威力は元に戻る。
27,1,890,アーマーキャノン,自分の防御　特防を１段階下げる。
27,1,891,むねんのつるぎ,相手に与えたダメージの１／２\n自分のＨＰを回復する。
27,1,892,でんこうそうげき,自分のでんきタイプがなくなる。\n自分がでんきタイプではない場合　失敗する。
27,1,893,デカハンマー,この技は２回連続で出すことはできない。
27,1,894,ほうふく,使ったターンに相手から受けた\n技のダメージを１．５倍にして返す。
27,1,895,アクアカッター,きゅうしょアップ＋１　で攻撃する。
27,1,896,バーンアクセル,
27,1,897,ダークアクセル,
27,1,898,ポイズンアクセル,
27,1,899,ファイトアクセル,
27,1,900,マジカルアクセル,
27,1,901,ブラッドムーン,
27,1,902,シャカシャカほう,相手に与えたダメージの１／２\n自分のＨＰを回復する。\n２０％の確率で相手をやけど状態にする。
27,1,903,みずあめボム,３ターンの間　相手を\nあめまみれ状態にする。
27,1,904,ツタこんぼう,
27,1,905,エレクトロビーム,使ったターンで溜め状態になり\n次のターンで攻撃する。\nあめ状態の場合は溜め状態にならず\nすぐに攻撃できる。\n使ったターンに\n自分の特攻を１段階上げる。
27,1,906,テラクラスター,
27,1,907,きまぐレーザー,３０％の確率で威力が２倍になる。
27,1,908,かえんのまもり,
27,1,909,じんらい,
27,1,910,パワフルエッジ,
27,1,911,タキオンカッター,
27,1,912,ハードプレス,相手の残りＨＰが多いほど威力が高くなる。\n威力１ー１００。
27,1,913,ドラゴンエール,味方をきゅうしょアップ状態にする。\nドラゴンタイプなら＋２\nそれ以外のタイプなら＋１。
27,1,914,みわくのボイス,使ったターン中\n相手の能力が上がっている場合\n相手をこんらん状態にする。
27,1,915,やけっぱち,前のターン　自分が動けなかったり\n技を外したり失敗していた場合\n威力が２倍になる。
27,1,916,サンダーダイブ,外れるか失敗すると自分の最大ＨＰの\n１／２のダメージを受ける。\nちいさくなる状態の相手には\n威力が２倍になり必ず命中する。
27,1,917,サイコノイズ,２ターンの間\n相手をかいふくふうじ状態にする。
27,1,918,はやてがえし,相手が　先制できる攻撃を使っていない場合\n失敗する。相手をひるませる。
27,1,919,じゃどくのくさり,
27,1,920,むにきすひかり,
27,2,1,Pound,
27,2,2,Karate Chop,
27,2,3,Double Slap,
27,2,4,Comet Punch,
27,2,5,Mega Punch,
27,2,6,Pay Day,
27,2,7,Fire Punch,Has a 10% chance of burning the target.
27,2,8,Ice Punch,Has a 10% chance of freezing the target.
27,2,9,Thunder Punch,Has a 10% chance of paralyzing the target.
27,2,10,Scratch,
27,2,11,Vise Grip,
27,2,12,Guillotine,Knocks out the target. The accuracy of this move is fixed\nat 30%.
27,2,13,Razor Wind,
27,2,14,Swords Dance,Boosts the user’s Attack stat by 2 stages.
27,2,15,Cut,
27,2,16,Gust,
27,2,17,Wing Attack,
27,2,18,Whirlwind,"If there are other Pokémon in the target’s party that can switch\ninto battle, the target is forced to switch out of battle and is\nreplaced by one of those Pokémon at random."
27,2,19,Fly,"The user gains the Sky-High status on the turn this move is used,\nthen attacks on the following turn."
27,2,20,Bind,Gives the target the Bound status.
27,2,21,Slam,
27,2,22,Vine Whip,
27,2,23,Stomp,
27,2,24,Double Kick,
27,2,25,Mega Kick,
27,2,26,Jump Kick,
27,2,27,Rolling Kick,
27,2,28,Sand Attack,
27,2,29,Headbutt,
27,2,30,Horn Attack,
27,2,31,Fury Attack,
27,2,32,Horn Drill,Knocks out the target. The accuracy of this move is fixed\nat 30%.
27,2,33,Tackle,
27,2,34,Body Slam,"Has a 30% chance of paralyzing the target. If the target has the\nMinimized status, this move’s power is doubled and it will be\nsure to hit."
27,2,35,Wrap,Gives the target the Bound status.
27,2,36,Take Down,
27,2,37,Thrash,The user gains the Rampaging status.
27,2,38,Double-Edge,The user takes 1/3 of the damage dealt by this move.
27,2,39,Tail Whip,
27,2,40,Poison Sting,
27,2,41,Twineedle,
27,2,42,Pin Missile,The user attacks 2 to 5 times in a row.
27,2,43,Leer,
27,2,44,Bite,Has a 30% chance of making the target flinch.
27,2,45,Growl,
27,2,46,Roar,"If there are other Pokémon in the target’s party that can switch\ninto battle, the target is forced to switch out of battle and is\nreplaced by one of those Pokémon at random."
27,2,47,Sing,Puts the target to sleep.
27,2,48,Supersonic,
27,2,49,Sonic Boom,
27,2,50,Disable,Gives the target the Move Disabled status for 4 turns.
27,2,51,Acid,
27,2,52,Ember,
27,2,53,Flamethrower,Has a 10% chance of burning the target.
27,2,54,Mist,
27,2,55,Water Gun,
27,2,56,Hydro Pump,
27,2,57,Surf,This move’s power is doubled against targets that have the\nSubmerged status.
27,2,58,Ice Beam,Has a 10% chance of freezing the target.
27,2,59,Blizzard,Has a 10% chance of freezing targets. This move never misses\nin snow.
27,2,60,Psybeam,
27,2,61,Bubble Beam,
27,2,62,Aurora Beam,
27,2,63,Hyper Beam,The user gains the Recharging status on the turn after this move\nis used.
27,2,64,Peck,
27,2,65,Drill Peck,
27,2,66,Submission,
27,2,67,Low Kick,"The heavier the target, the greater this move’s power (ranging\nbetween 20 and 120)."
27,2,68,Counter,The user retaliates to deal double the damage it took from an\nopponent’s physical move during the turn this move is used.
27,2,69,Seismic Toss,Deals 50 HP of damage.
27,2,70,Strength,
27,2,71,Absorb,
27,2,72,Mega Drain,
27,2,73,Leech Seed,Gives the target the Leech Seeded status.
27,2,74,Growth,"Boosts the user’s Attack and Sp. Atk stats by 1 stage. In harsh\nsunlight, these stats will be boosted by 2 stages instead."
27,2,75,Razor Leaf,
27,2,76,Solar Beam,"The user gains the Charging status on the turn this move is used,\nthen attacks on the following turn. In harsh sunlight, the user\ndoes not gain the Charging status and can attack immediately.\nThis move’s power is halved in any other weather condition."
27,2,77,Poison Powder,Poisons the target. Grass-type Pokémon are unaffected.
27,2,78,Stun Spore,Paralyzes the target. Grass-type Pokémon are unaffected.
27,2,79,Sleep Powder,Puts the target to sleep. Grass-type Pokémon are unaffected.
27,2,80,Petal Dance,The user gains the Rampaging status.
27,2,81,String Shot,Lowers targets’ Speed stats by 2 stages.
27,2,82,Dragon Rage,
27,2,83,Fire Spin,Gives the target the Bound status.
27,2,84,Thunder Shock,
27,2,85,Thunderbolt,Has a 10% chance of paralyzing the target.
27,2,86,Thunder Wave,Paralyzes the target. Ground-type Pokémon are unaffected.
27,2,87,Thunder,"Has a 30% chance of paralyzing the target. In rain, this move\nnever misses. In harsh sunlight, this move’s accuracy is 50%.\nThis move can hit a target that has the Sky-High status."
27,2,88,Rock Throw,
27,2,89,Earthquake,"This move’s power is doubled against targets that have\nthe Underground status. When Grassy Terrain is active,\nthis move’s power is halved."
27,2,90,Fissure,Knocks out the target. The accuracy of this move is fixed\nat 30%.
27,2,91,Dig,"The user gains the Underground status on the turn this move is\nused, then attacks on the following turn."
27,2,92,Toxic,"Badly poisons the target. If the user is a Poison type, this move\nwill never miss."
27,2,93,Confusion,
27,2,94,Psychic,Has a 10% chance of lowering the target’s Sp. Def stat by\n1 stage.
27,2,95,Hypnosis,Puts the target to sleep.
27,2,96,Meditate,
27,2,97,Agility,Boosts the user’s Speed stat by 2 stages.
27,2,98,Quick Attack,
27,2,99,Rage,
27,2,100,Teleport,
27,2,101,Night Shade,Deals 50 HP of damage.
27,2,102,Mimic,
27,2,103,Screech,Lowers the target’s Defense stat by 2 stages.
27,2,104,Double Team,Boosts the user’s evasiveness by 1 stage.
27,2,105,Recover,Restores 1/2 of the user’s max HP.
27,2,106,Harden,
27,2,107,Minimize,Boosts the user’s evasiveness by 2 stages. The user gains the\nMinimized status.
27,2,108,Smokescreen,
27,2,109,Confuse Ray,Confuses the target.
27,2,110,Withdraw,
27,2,111,Defense Curl,
27,2,112,Barrier,
27,2,113,Light Screen,Gives the user’s side the Light Screen status for 5 turns.
27,2,114,Haze,Eliminates every stat change on the entire field.
27,2,115,Reflect,Gives the user’s side the Reflect status for 5 turns.
27,2,116,Focus Energy,The user gains a 2-stage Critical-Hit Ratio Boost.
27,2,117,Bide,
27,2,118,Metronome,
27,2,119,Mirror Move,
27,2,120,Self-Destruct,The user faints upon using this move.
27,2,121,Egg Bomb,
27,2,122,Lick,
27,2,123,Smog,
27,2,124,Sludge,
27,2,125,Bone Club,
27,2,126,Fire Blast,Has a 10% chance of burning the target.
27,2,127,Waterfall,Has a 20% chance of making the target flinch.
27,2,128,Clamp,
27,2,129,Swift,
27,2,130,Skull Bash,
27,2,131,Spike Cannon,
27,2,132,Constrict,
27,2,133,Amnesia,Boosts the user’s Sp. Def stat by 2 stages.
27,2,134,Kinesis,
27,2,135,Soft-Boiled,Restores 1/2 of the user’s max HP.
27,2,136,High Jump Kick,"If this move misses or fails, the user takes damage equal to 1/2\nof its max HP."
27,2,137,Glare,Paralyzes the target.
27,2,138,Dream Eater,
27,2,139,Poison Gas,
27,2,140,Barrage,
27,2,141,Leech Life,The user’s HP is restored by 1/2 of the damage dealt by\nthis move.
27,2,142,Lovely Kiss,
27,2,143,Sky Attack,"The user gains the Charging status on the turn this move is used,\nthen attacks on the following turn. This move has a 30% chance\nof making the target flinch, and it has a 1-stage Critical-Hit\nRatio Boost."
27,2,144,Transform,The user transforms into a copy of the target. It also copies all\nof the target’s stats apart from its HP.
27,2,145,Bubble,
27,2,146,Dizzy Punch,
27,2,147,Spore,Puts the target to sleep. Grass-type Pokémon are unaffected.
27,2,148,Flash,
27,2,149,Psywave,
27,2,150,Splash,
27,2,151,Acid Armor,Boosts the user’s Defense stat by 2 stages.
27,2,152,Crabhammer,This move has a 1-stage Critical-Hit Ratio Boost.
27,2,153,Explosion,The user faints upon using this move.
27,2,154,Fury Swipes,
27,2,155,Bonemerang,
27,2,156,Rest,Fully restores the user’s HP and cures any status conditions.\nThe user falls asleep for 2 turns. This move fails if the user’s\nHP is full.
27,2,157,Rock Slide,Has a 30% chance of making targets flinch.
27,2,158,Hyper Fang,
27,2,159,Sharpen,
27,2,160,Conversion,
27,2,161,Tri Attack,"Has a 20% chance of leaving the target burned, frozen,\nor paralyzed."
27,2,162,Super Fang,Deals damage to the target equal to 1/2 of its remaining HP.\nDeals 1 HP of damage to a target that has only 1 HP left.
27,2,163,Slash,This move has a 1-stage Critical-Hit Ratio Boost.
27,2,164,Substitute,"The user loses 1/4 of its max HP to create a substitute. The\nsubstitute will be hit by moves instead of the user, and it will\nvanish when it takes damage equal to 1/4 of the user’s max HP.\nSound-based moves will hit the user through the substitute."
27,2,165,Struggle,
27,2,166,Sketch,
27,2,167,Triple Kick,
27,2,168,Thief,"If the user is not already holding an item, it steals the target’s\nheld item."
27,2,169,Spider Web,
27,2,170,Mind Reader,
27,2,171,Nightmare,
27,2,172,Flame Wheel,
27,2,173,Snore,Can be used only if the user is asleep. Has a 30% chance of\nmaking the target flinch.
27,2,174,Curse,Lowers the user’s Speed stat by 1 stage and boosts its Attack\nand Defense stats by 1 stage.
27,2,175,Flail,"The less HP the user has left, the greater this move’s power\n(ranging between 20 and 200)."
27,2,176,Conversion 2,
27,2,177,Aeroblast,
27,2,178,Cotton Spore,Lowers targets’ Speed stats by 2 stages. Grass-type Pokémon\nare unaffected.
27,2,179,Reversal,"The less HP the user has left, the greater this move’s power\n(ranging between 20 and 200)."
27,2,180,Spite,Removes 4 PP from the move last used by the target.
27,2,181,Powder Snow,
27,2,182,Protect,"The user protects itself from incoming moves for the turn. With\neach consecutive use, this move’s chance of success becomes\n1/3 of what it was before."
27,2,183,Mach Punch,
27,2,184,Scary Face,Lowers the target’s Speed stat by 2 stages.
27,2,185,Feint Attack,
27,2,186,Sweet Kiss,Confuses the target.
27,2,187,Belly Drum,The user loses 1/2 of its max HP to boost its Attack stat to its\nsixth stage. This move fails if the user doesn’t have enough\nremaining HP.
27,2,188,Sludge Bomb,Has a 30% chance of poisoning the target.
27,2,189,Mud-Slap,Lowers the target’s accuracy by 1 stage.
27,2,190,Octazooka,Has a 50% chance of lowering the target’s accuracy by 1 stage.
27,2,191,Spikes,Gives the opponent’s side the Spikes status.
27,2,192,Zap Cannon,Paralyzes the target.
27,2,193,Foresight,
27,2,194,Destiny Bond,The user gains the Destiny Bound status. This move fails if used\nin succession.
27,2,195,Perish Song,Gives all Pokémon on the field the Perishing status.
27,2,196,Icy Wind,Lowers targets’ Speed stats by 1 stage.
27,2,197,Detect,"The user protects itself from incoming moves for the turn. With\neach consecutive use, this move’s chance of success becomes\n1/3 of what it was before."
27,2,198,Bone Rush,The user attacks 2 to 5 times in a row.
27,2,199,Lock-On,The user gains the Locked On status.
27,2,200,Outrage,The user gains the Rampaging status.
27,2,201,Sandstorm,Summons a sandstorm for 5 turns.
27,2,202,Giga Drain,The user’s HP is restored by 1/2 of the damage dealt by\nthis move.
27,2,203,Endure,"During the turn this move is used, if the user takes damage from\na move that would knock it out, it will endure the hit with 1 HP.\nWith each consecutive use, this move’s chance of success\nbecomes 1/3 of what it was before."
27,2,204,Charm,Lowers the target’s Attack stat by 2 stages.
27,2,205,Rollout,
27,2,206,False Swipe,
27,2,207,Swagger,Boosts the target’s Attack stat by 2 stages and confuses it.
27,2,208,Milk Drink,Restores 1/2 of the max HP of the user or an ally.
27,2,209,Spark,
27,2,210,Fury Cutter,
27,2,211,Steel Wing,Has a 10% chance of boosting the user’s Defense stat by\n1 stage.
27,2,212,Mean Look,Gives the target the Can’t Escape status.
27,2,213,Attract,Gives the target the Infatuated status. This move will fail against\na target that is the same gender as the user or whose gender\nis unknown.
27,2,214,Sleep Talk,Can be used only if the user is asleep. The user uses one of the\nother moves it knows at random.
27,2,215,Heal Bell,"The user cures the status conditions of all the Pokémon in\nits party, including itself, as well as its allies."
27,2,216,Return,
27,2,217,Present,
27,2,218,Frustration,
27,2,219,Safeguard,Gives the user’s side the Safeguard status for 5 turns.
27,2,220,Pain Split,"The user adds its remaining HP to the target’s remaining HP,\nthen splits the total in half for them to share."
27,2,221,Sacred Fire,
27,2,222,Magnitude,
27,2,223,Dynamic Punch,Confuses the target.
27,2,224,Megahorn,
27,2,225,Dragon Breath,
27,2,226,Baton Pass,"The user switches out of battle to be replaced by another party\nPokémon. If the user had any stat changes, a substitute, or other\nsuch effects, they will be passed on to the Pokémon switching in."
27,2,227,Encore,Gives the target the Encore status.
27,2,228,Pursuit,
27,2,229,Rapid Spin,"Removes the Bound and Leech Seeded statuses from the user\nand removes the Sticky Web, Stealth Rock, Spikes, and Toxic\nSpikes statuses from the user’s side. Boosts the user’s Speed stat\nby 1 stage."
27,2,230,Sweet Scent,Lowers targets’ evasiveness by 2 stages.
27,2,231,Iron Tail,Has a 30% chance of lowering the target’s Defense stat by\n1 stage.
27,2,232,Metal Claw,
27,2,233,Vital Throw,
27,2,234,Morning Sun,"Restores 1/2 of the user’s max HP. In harsh sunlight, 2/3 of its\nmax HP will be restored instead. In all other weather conditions,\n1/4 of its max HP will be restored instead."
27,2,235,Synthesis,"Restores 1/2 of the user’s max HP. In harsh sunlight, 2/3 of its\nmax HP will be restored instead. In all other weather conditions,\n1/4 of its max HP will be restored instead."
27,2,236,Moonlight,"Restores 1/2 of the user’s max HP. In harsh sunlight, 2/3 of its\nmax HP will be restored instead. In all other weather conditions,\n1/4 of its max HP will be restored instead."
27,2,237,Hidden Power,
27,2,238,Cross Chop,This move has a 1-stage Critical-Hit Ratio Boost.
27,2,239,Twister,
27,2,240,Rain Dance,Summons rain for 5 turns.
27,2,241,Sunny Day,Summons harsh sunlight for 5 turns.
27,2,242,Crunch,Has a 20% chance of lowering the target’s Defense stat by\n1 stage.
27,2,243,Mirror Coat,The user retaliates to deal double the damage it took from an\nopponent’s special move during the turn this move is used.
27,2,244,Psych Up,The user copies the target’s stat changes.
27,2,245,Extreme Speed,
27,2,246,Ancient Power,"Has a 10% chance of boosting the user’s Attack, Defense,\nSp. Atk, Sp. Def, and Speed stats by 1 stage."
27,2,247,Shadow Ball,Has a 20% chance of lowering the target’s Sp. Def stat by\n1 stage.
27,2,248,Future Sight,Gives the target’s spot the Future Attack status.
27,2,249,Rock Smash,
27,2,250,Whirlpool,Gives the target the Bound status. This move’s power is\ndoubled if the target has the Submerged status.
27,2,251,Beat Up,The target is attacked as many times as the number of Pokémon\nin the user’s party. Pokémon that have fainted or have a status\ncondition are not counted. This move’s power is calculated\nbased on the Attack stats of the party Pokémon.
27,2,252,Fake Out,Makes the target flinch. This move fails unless it is the first move\nused by the user after it enters a battle.
27,2,253,Uproar,The user gains the Uproar status.
27,2,254,Stockpile,Boosts the user’s Defense and Sp. Def stats by 1 stage. Raises\nthe user’s Stockpiling level by 1. Can be used up to 3 times.
27,2,255,Spit Up,"The higher the user’s Stockpiling level, the greater this move’s\npower (ranging between 100 and 300). This move fails unless\nthe user has the Stockpiling status."
27,2,256,Swallow,"The higher the user’s Stockpiling level, the more HP the\nuser restores. Level 1: 1/4 of the user’s max HP is restored.\nLevel 2: 1/2 of the user’s max HP is restored. Level 3: The\nuser’s HP is fully restored. This move fails unless the user\nhas the Stockpiling status."
27,2,257,Heat Wave,Has a 10% chance of burning targets.
27,2,258,Hail,
27,2,259,Torment,Gives the target the Unable to Repeat status.
27,2,260,Flatter,Boosts the target’s Sp. Atk stat by 1 stage and confuses it.
27,2,261,Will-O-Wisp,Burns the target.
27,2,262,Memento,Lowers the target’s Attack and Sp. Atk stats by 2 stages.\nThe user faints upon using this move.
27,2,263,Facade,"This move’s power is doubled if the user is poisoned, badly\npoisoned, burned, or paralyzed. Although this move is a\nphysical move, the damage it deals is not halved when the\nuser is burned."
27,2,264,Focus Punch,This move fails if the user has already taken damage from a\nmove in the same turn.
27,2,265,Smelling Salts,
27,2,266,Follow Me,The user redirects opponents’ moves toward itself. This effect\nworks only on single-target moves.
27,2,267,Nature Power,
27,2,268,Charge,Boosts the user’s Sp. Def stat by 1 stage. The user gains the\nElectric Boost status.
27,2,269,Taunt,Gives the target the Taunted status.
27,2,270,Helping Hand,Boosts the power of an ally’s move by 50% during the turn this\nmove is used.
27,2,271,Trick,The user and the target swap their held items.
27,2,272,Role Play,Changes the user’s Ability to be the same as the target’s.
27,2,273,Wish,Gives the user’s spot the Wish status.
27,2,274,Assist,
27,2,275,Ingrain,The user gains the Ingrained status.
27,2,276,Superpower,Lowers the user’s Attack and Defense stats by 1 stage.
27,2,277,Magic Coat,
27,2,278,Recycle,Regenerates the last held item that the user consumed. The user\nthen holds this item once more.
27,2,279,Revenge,
27,2,280,Brick Break,"Removes the Light Screen, Reflect, and Aurora Veil statuses on\nthe target’s side."
27,2,281,Yawn,Makes the target drowsy. This move never misses.
27,2,282,Knock Off,This move’s power is boosted by 50% if the target is holding an\nitem. Causes the target to lose its held item.
27,2,283,Endeavor,Deals damage to the target equal to its remaining HP minus the\nuser’s remaining HP. This move fails if the target’s HP is the same\nas or lower than the user’s.
27,2,284,Eruption,"The less HP the user has left, the lower this move’s power\n(ranging between 1 and 150)."
27,2,285,Skill Swap,The user and the target swap their Abilities.
27,2,286,Imprison,The user gains the Sealing Off status.
27,2,287,Refresh,
27,2,288,Grudge,
27,2,289,Snatch,
27,2,290,Secret Power,
27,2,291,Dive,"The user gains the Submerged status on the turn this move is\nused, then attacks on the following turn."
27,2,292,Arm Thrust,
27,2,293,Camouflage,
27,2,294,Tail Glow,
27,2,295,Luster Purge,
27,2,296,Mist Ball,
27,2,297,Feather Dance,Lowers the target’s Attack stat by 2 stages.
27,2,298,Teeter Dance,Confuses all other Pokémon on the field.
27,2,299,Blaze Kick,Has a 10% chance of burning the target. This move has a\n1-stage Critical-Hit Ratio Boost.
27,2,300,Mud Sport,
27,2,301,Ice Ball,
27,2,302,Needle Arm,
27,2,303,Slack Off,Restores 1/2 of the user’s max HP.
27,2,304,Hyper Voice,
27,2,305,Poison Fang,Has a 50% chance of badly poisoning the target.
27,2,306,Crush Claw,Has a 50% chance of lowering the target’s Defense stat by\n1 stage.
27,2,307,Blast Burn,The user gains the Recharging status on the turn after this move\nis used.
27,2,308,Hydro Cannon,The user gains the Recharging status on the turn after this move\nis used.
27,2,309,Meteor Mash,Has a 20% chance of boosting the user’s Attack stat by 1 stage.
27,2,310,Astonish,
27,2,311,Weather Ball,"When a weather condition is present, this move’s power is\ndoubled and its type changes. Harsh sunlight: Fire type.\nRain: Water type. Snow: Ice type. Sandstorm: Rock type."
27,2,312,Aromatherapy,
27,2,313,Fake Tears,Lowers the target’s Sp. Def stat by 2 stages.
27,2,314,Air Cutter,This move has a 1-stage Critical-Hit Ratio Boost.
27,2,315,Overheat,Lowers the user’s Sp. Atk stat by 2 stages.
27,2,316,Odor Sleuth,
27,2,317,Rock Tomb,Lowers the target’s Speed stat by 1 stage.
27,2,318,Silver Wind,
27,2,319,Metal Sound,Lowers the target’s Sp. Def stat by 2 stages.
27,2,320,Grass Whistle,
27,2,321,Tickle,Lowers the target’s Attack and Defense stats by 1 stage.
27,2,322,Cosmic Power,Boosts the user’s Defense and Sp. Def stats by 1 stage.
27,2,323,Water Spout,"The less HP the user has left, the lower this move’s power\n(ranging between 1 and 150)."
27,2,324,Signal Beam,
27,2,325,Shadow Punch,This move never misses.
27,2,326,Extrasensory,Has a 10% chance of making the target flinch.
27,2,327,Sky Uppercut,
27,2,328,Sand Tomb,Gives the target the Bound status.
27,2,329,Sheer Cold,"Knocks out the target. This move does not affect Ice types. The\naccuracy of this move is fixed at 30%. If used by Pokémon other\nthan Ice types, the accuracy of this move is 20%."
27,2,330,Muddy Water,Has a 30% chance of lowering targets’ accuracy by 1 stage.
27,2,331,Bullet Seed,The user attacks 2 to 5 times in a row.
27,2,332,Aerial Ace,This move never misses.
27,2,333,Icicle Spear,The user attacks 2 to 5 times in a row.
27,2,334,Iron Defense,Boosts the user’s Defense stat by 2 stages.
27,2,335,Block,Gives the target the Can’t Escape status.
27,2,336,Howl,Boosts the Attack stats of the user and its allies by 1 stage.
27,2,337,Dragon Claw,
27,2,338,Frenzy Plant,The user gains the Recharging status on the turn after this move\nis used.
27,2,339,Bulk Up,Boosts the user’s Attack and Defense stats by 1 stage.
27,2,340,Bounce,"The user gains the Sky-High status on the turn this move is used,\nthen attacks on the following turn. This move has a 30% chance\nof paralyzing the target."
27,2,341,Mud Shot,Lowers the target’s Speed stat by 1 stage.
27,2,342,Poison Tail,
27,2,343,Covet,"If the user is not already holding an item, it steals the target’s\nheld item."
27,2,344,Volt Tackle,Has a 10% chance of paralyzing the target. The user also takes\n1/3 of the damage dealt by this move.
27,2,345,Magical Leaf,
27,2,346,Water Sport,
27,2,347,Calm Mind,Boosts the user’s Sp. Atk and Sp. Def stats by 1 stage.
27,2,348,Leaf Blade,This move has a 1-stage Critical-Hit Ratio Boost.
27,2,349,Dragon Dance,Boosts the user’s Attack and Speed stats by 1 stage.
27,2,350,Rock Blast,The user attacks 2 to 5 times in a row.
27,2,351,Shock Wave,
27,2,352,Water Pulse,Has a 20% chance of confusing the target.
27,2,353,Doom Desire,
27,2,354,Psycho Boost,
27,2,355,Roost,"Restores 1/2 of the user’s max HP. If the user is a Flying type,\nit will lose the Flying type for the turn."
27,2,356,Gravity,Gives the entire field the Gravity status for 5 turns.
27,2,357,Miracle Eye,
27,2,358,Wake-Up Slap,
27,2,359,Hammer Arm,Lowers the user’s Speed stat by 1 stage.
27,2,360,Gyro Ball,"The lower the user’s Speed stat compared to the target’s, the\ngreater this move’s power (ranging between 1 and 150)."
27,2,361,Healing Wish,The user faints. The Pokémon taking its place will have its HP\nfully restored and its status conditions cured.
27,2,362,Brine,
27,2,363,Natural Gift,
27,2,364,Feint,This move can hit a target using a move such as Protect or\nDetect and removes the effects of those moves.
27,2,365,Pluck,"If the target is holding a Berry, the user eats that Berry and\ngains its effect."
27,2,366,Tailwind,Gives the user’s side the Tailwind status for 4 turns.
27,2,367,Acupressure,"Boosts the Attack, Defense, Sp. Atk, Sp. Def, Speed, accuracy,\nor evasiveness of the user or an ally by 2 stages."
27,2,368,Metal Burst,The user retaliates to deal 150% of the damage it took from an\nopponent’s move during the turn this move is used.
27,2,369,U-turn,"After attacking, the user switches out of battle to be replaced\nby another party Pokémon."
27,2,370,Close Combat,Lowers the user’s Defense and Sp. Def stats by 1 stage.
27,2,371,Payback,This move’s power is doubled if the user attacks after the target.
27,2,372,Assurance,This move’s power is doubled if the target has already taken\ndamage during the turn this move is used.
27,2,373,Embargo,
27,2,374,Fling,This move’s power and effects depend on the user’s held item.\nThe held item is lost after this move is used.
27,2,375,Psycho Shift,
27,2,376,Trump Card,
27,2,377,Heal Block,
27,2,378,Wring Out,
27,2,379,Power Trick,The user gains the Atk/Def Swapped status.
27,2,380,Gastro Acid,Gives the target the No Ability status.
27,2,381,Lucky Chant,
27,2,382,Me First,
27,2,383,Copycat,The user mimics the move that was last used. This move fails if\nno other move has been used yet.
27,2,384,Power Swap,The user swaps the changes to its Attack and Sp. Atk stats with\nthe changes to the target’s Attack and Sp. Atk stats.
27,2,385,Guard Swap,The user swaps the changes to its Defense and Sp. Def stats with\nthe changes to the target’s Defense and Sp. Def stats.
27,2,386,Punishment,
27,2,387,Last Resort,This move fails unless the user has already used all the other\nmoves it knows.
27,2,388,Worry Seed,Changes the target’s Ability to Insomnia.
27,2,389,Sucker Punch,This move fails unless the target has chosen an attack and has\nnot yet attacked during the turn this move is used.
27,2,390,Toxic Spikes,Gives the opponent’s side the Toxic Spikes status.
27,2,391,Heart Swap,
27,2,392,Aqua Ring,The user gains the Aqua Ring status.
27,2,393,Magnet Rise,The user gains the Magnet Rise status.
27,2,394,Flare Blitz,Has a 10% chance of burning the target. Cures the user of\nbeing frozen. The user also takes 1/3 of the damage dealt by\nthis move.
27,2,395,Force Palm,
27,2,396,Aura Sphere,This move never misses.
27,2,397,Rock Polish,Boosts the user’s Speed stat by 2 stages.
27,2,398,Poison Jab,Has a 30% chance of poisoning the target.
27,2,399,Dark Pulse,Has a 20% chance of making the target flinch.
27,2,400,Night Slash,This move has a 1-stage Critical-Hit Ratio Boost.
27,2,401,Aqua Tail,
27,2,402,Seed Bomb,
27,2,403,Air Slash,Has a 30% chance of making the target flinch.
27,2,404,X-Scissor,
27,2,405,Bug Buzz,Has a 10% chance of lowering the target’s Sp. Def stat by\n1 stage.
27,2,406,Dragon Pulse,
27,2,407,Dragon Rush,"Has a 20% chance of making the target flinch. If the target has\nthe Minimized status, this move’s power is doubled and it will\nbe sure to hit."
27,2,408,Power Gem,
27,2,409,Drain Punch,The user’s HP is restored by 1/2 of the damage dealt by\nthis move.
27,2,410,Vacuum Wave,
27,2,411,Focus Blast,Has a 10% chance of lowering the target’s Sp. Def stat by\n1 stage.
27,2,412,Energy Ball,Has a 10% chance of lowering the target’s Sp. Def stat by\n1 stage.
27,2,413,Brave Bird,The user takes 1/3 of the damage dealt by this move.
27,2,414,Earth Power,Has a 10% chance of lowering the target’s Sp. Def stat by\n1 stage.
27,2,415,Switcheroo,The user and the target swap their held items.
27,2,416,Giga Impact,The user gains the Recharging status on the turn after this move\nis used.
27,2,417,Nasty Plot,Boosts the user’s Sp. Atk stat by 2 stages.
27,2,418,Bullet Punch,
27,2,419,Avalanche,This move’s power is doubled if the target has already dealt\ndamage to the user with a move in the same turn.
27,2,420,Ice Shard,
27,2,421,Shadow Claw,This move has a 1-stage Critical-Hit Ratio Boost.
27,2,422,Thunder Fang,Has a 10% chance of paralyzing the target and a 10% chance\nof making the target flinch.
27,2,423,Ice Fang,Has a 10% chance of freezing the target and a 10% chance of\nmaking the target flinch.
27,2,424,Fire Fang,Has a 10% chance of burning the target and a 10% chance of\nmaking the target flinch.
27,2,425,Shadow Sneak,
27,2,426,Mud Bomb,
27,2,427,Psycho Cut,This move has a 1-stage Critical-Hit Ratio Boost.
27,2,428,Zen Headbutt,Has a 20% chance of making the target flinch.
27,2,429,Mirror Shot,
27,2,430,Flash Cannon,Has a 10% chance of lowering the target’s Sp. Def stat by\n1 stage.
27,2,431,Rock Climb,
27,2,432,Defog,"Lowers the target’s evasiveness by 1 stage. Removes statuses\nsuch as Reflect, Spikes, and Safeguard, as well as any terrain."
27,2,433,Trick Room,Gives the entire field the Trick Room status for 5 turns.
27,2,434,Draco Meteor,Lowers the user’s Sp. Atk stat by 2 stages.
27,2,435,Discharge,Has a 30% chance of paralyzing targets.
27,2,436,Lava Plume,Has a 30% chance of burning targets.
27,2,437,Leaf Storm,Lowers the user’s Sp. Atk stat by 2 stages.
27,2,438,Power Whip,
27,2,439,Rock Wrecker,The user gains the Recharging status on the turn after this move\nis used.
27,2,440,Cross Poison,Has a 10% chance of poisoning the target. This move has a\n1-stage Critical-Hit Ratio Boost.
27,2,441,Gunk Shot,Has a 30% chance of poisoning the target.
27,2,442,Iron Head,Has a 20% chance of making the target flinch.
27,2,443,Magnet Bomb,
27,2,444,Stone Edge,This move has a 1-stage Critical-Hit Ratio Boost.
27,2,445,Captivate,
27,2,446,Stealth Rock,Gives the opponent’s side the Stealth Rock status.
27,2,447,Grass Knot,"The heavier the target, the greater this move’s power (ranging\nbetween 20 and 120)."
27,2,448,Chatter,
27,2,449,Judgment,
27,2,450,Bug Bite,"If the target is holding a Berry, the user eats that Berry and gains\nits effect."
27,2,451,Charge Beam,Has a 70% chance of boosting the user’s Sp. Atk stat by 1 stage.
27,2,452,Wood Hammer,The user takes 1/3 of the damage dealt by this move.
27,2,453,Aqua Jet,
27,2,454,Attack Order,
27,2,455,Defend Order,
27,2,456,Heal Order,
27,2,457,Head Smash,The user takes 1/2 of the damage dealt by this move.
27,2,458,Double Hit,The user attacks twice in a row.
27,2,459,Roar of Time,
27,2,460,Spacial Rend,
27,2,461,Lunar Dance,
27,2,462,Crush Grip,
27,2,463,Magma Storm,
27,2,464,Dark Void,
27,2,465,Seed Flare,
27,2,466,Ominous Wind,
27,2,467,Shadow Force,
27,2,468,Hone Claws,
27,2,469,Wide Guard,"During the turn this move is used, the user protects its side from\nmoves that target all allies."
27,2,470,Guard Split,"The user adds its Defense stat to the target’s Defense stat, then\nsplits the total in half for them to share. It does the same with\neach of their Sp. Def stats."
27,2,471,Power Split,"The user adds its Attack stat to the target’s Attack stat, then\nsplits the total in half for them to share. It does the same with\neach of their Sp. Atk stats."
27,2,472,Wonder Room,Gives the entire field the Wonder Room status for 5 turns.
27,2,473,Psyshock,"This is a special move, but the damage it deals is calculated\nusing the target’s Defense stat."
27,2,474,Venoshock,This move’s power is doubled if the target is poisoned or\nbadly poisoned.
27,2,475,Autotomize,
27,2,476,Rage Powder,The user redirects opponents’ moves toward itself. This effect\nworks only on single-target moves. Grass-type Pokémon are\nunaffected.
27,2,477,Telekinesis,
27,2,478,Magic Room,Gives the entire field the Magic Room status for 5 turns.
27,2,479,Smack Down,"If the target is off the ground, it gains the Landed status. This\nmove can hit a target that has the Sky-High status."
27,2,480,Storm Throw,Always a critical hit.
27,2,481,Flame Burst,
27,2,482,Sludge Wave,Has a 10% chance of poisoning targets.
27,2,483,Quiver Dance,"Boosts the user’s Sp. Atk, Sp. Def, and Speed stats by 1 stage."
27,2,484,Heavy Slam,"The more the user outweighs the target, the greater this move’s\npower (ranging between 40 and 120). If the target has the\nMinimized status, this move’s power is doubled and it will be\nsure to hit."
27,2,485,Synchronoise,
27,2,486,Electro Ball,"The higher the user’s Speed stat compared to the target’s, the\ngreater this move’s power (ranging between 40 and 150)."
27,2,487,Soak,Changes the target’s type to Water.
27,2,488,Flame Charge,Boosts the user’s Speed stat by 1 stage.
27,2,489,Coil,Boosts the user’s Attack and Defense stats as well as its\naccuracy by 1 stage.
27,2,490,Low Sweep,Lowers the target’s Speed stat by 1 stage.
27,2,491,Acid Spray,Lowers the target’s Sp. Def stat by 2 stages.
27,2,492,Foul Play,The damage dealt by this move is calculated using the target’s\nAttack stat instead of the user’s Attack stat.
27,2,493,Simple Beam,Changes the target’s Ability to Simple.
27,2,494,Entrainment,Changes the target’s Ability to be the same as the user’s.
27,2,495,After You,Makes the target move immediately after the user.
27,2,496,Round,"If multiple Pokémon use this move in the same turn, the second\nuser onward will act immediately after the first, and the power\nof the second Round onward will be doubled."
27,2,497,Echoed Voice,
27,2,498,Chip Away,
27,2,499,Clear Smog,Removes all stat changes from the target. This move never\nmisses.
27,2,500,Stored Power,This move’s power is increased by 20 for each stage that the\nuser’s stats have been boosted.
27,2,501,Quick Guard,The user protects itself and its allies from priority moves for\nthe turn.
27,2,502,Ally Switch,"The user switches spots with one of its allies. With each\nconsecutive use, this move’s chance of success becomes 1/3 of\nwhat it was before."
27,2,503,Scald,Has a 30% chance of burning the target. Cures the user and\ntarget of being frozen.
27,2,504,Shell Smash,"Lowers the user’s Defense and Sp. Def stats by 1 stage and\nboosts its Attack, Sp. Atk, and Speed stats by 2 stages."
27,2,505,Heal Pulse,Restores 1/2 of the target’s max HP.
27,2,506,Hex,This move’s power is doubled if the target has a\nstatus condition.
27,2,507,Sky Drop,
27,2,508,Shift Gear,Boosts the user’s Attack stat by 1 stage and Speed stat by\n2 stages.
27,2,509,Circle Throw,"If there are other Pokémon in the target’s party that can switch\ninto battle, the target is forced to switch out of battle and is\nreplaced by one of those Pokémon at random."
27,2,510,Incinerate,
27,2,511,Quash,Causes the target to move last in the turn.
27,2,512,Acrobatics,This move’s power is doubled if the user isn’t holding an item.
27,2,513,Reflect Type,The user becomes the same type or types as the target.
27,2,514,Retaliate,
27,2,515,Final Gambit,The user faints. This move deals damage to the target equal to\nthe user’s remaining HP at the time this move was used.
27,2,516,Bestow,
27,2,517,Inferno,Burns the target.
27,2,518,Water Pledge,
27,2,519,Fire Pledge,
27,2,520,Grass Pledge,
27,2,521,Volt Switch,"After attacking, the user switches out of battle to be replaced\nby another party Pokémon."
27,2,522,Struggle Bug,Lowers targets’ Sp. Atk stats by 1 stage.
27,2,523,Bulldoze,"Lowers targets’ Speed stats by 1 stage. When Grassy Terrain\nis active, this move’s power is halved."
27,2,524,Frost Breath,Always a critical hit.
27,2,525,Dragon Tail,"If there are other Pokémon in the target’s party that can switch\ninto battle, the target is forced to switch out of battle and is\nreplaced by one of those Pokémon at random."
27,2,526,Work Up,
27,2,527,Electroweb,Lowers targets’ Speed stats by 1 stage.
27,2,528,Wild Charge,The user takes 1/4 of the damage dealt by this move.
27,2,529,Drill Run,This move has a 1-stage Critical-Hit Ratio Boost.
27,2,530,Dual Chop,
27,2,531,Heart Stamp,
27,2,532,Horn Leech,The user’s HP is restored by 1/2 of the damage dealt by\nthis move.
27,2,533,Sacred Sword,This move ignores the target’s stat changes when dealing\ndamage.
27,2,534,Razor Shell,Has a 50% chance of lowering the target’s Defense stat by\n1 stage.
27,2,535,Heat Crash,"The more the user outweighs the target, the greater this move’s\npower (ranging between 40 and 120). If the target has the\nMinimized status, this move’s power is doubled and it will be\nsure to hit."
27,2,536,Leaf Tornado,
27,2,537,Steamroller,
27,2,538,Cotton Guard,Boosts the user’s Defense stat by 3 stages.
27,2,539,Night Daze,Has a 40% chance of lowering the target’s accuracy by 1 stage.
27,2,540,Psystrike,
27,2,541,Tail Slap,The user attacks 2 to 5 times in a row.
27,2,542,Hurricane,"Has a 30% chance of confusing the target. In rain, this move\nnever misses. In harsh sunlight, this move’s accuracy is 50%.\nThis move can hit a target that has the Sky-High status."
27,2,543,Head Charge,
27,2,544,Gear Grind,
27,2,545,Searing Shot,
27,2,546,Techno Blast,
27,2,547,Relic Song,
27,2,548,Secret Sword,
27,2,549,Glaciate,
27,2,550,Bolt Strike,
27,2,551,Blue Flare,
27,2,552,Fiery Dance,Has a 50% chance of boosting the user’s Sp. Atk stat by 1 stage.
27,2,553,Freeze Shock,
27,2,554,Ice Burn,
27,2,555,Snarl,Lowers targets’ Sp. Atk stats by 1 stage.
27,2,556,Icicle Crash,Has a 30% chance of making the target flinch.
27,2,557,V-create,
27,2,558,Fusion Flare,
27,2,559,Fusion Bolt,
27,2,560,Flying Press,"The damage dealt by this move is calculated by combining the\neffectiveness of the move’s own type with that of the Flying\ntype. If the target has the Minimized status, this move’s power\nis doubled and it will be sure to hit."
27,2,561,Mat Block,
27,2,562,Belch,This move fails unless the user has eaten a Berry during\nthe battle.
27,2,563,Rototiller,
27,2,564,Sticky Web,Gives the opponent’s side the Sticky Web status.
27,2,565,Fell Stinger,Boosts the user’s Attack stat by 3 stages if this move knocks\nout the target.
27,2,566,Phantom Force,"The user gains the Concealed status on the turn this move is\nused, then attacks on the following turn. This move can hit a\ntarget using a move such as Protect or Detect and removes\nthe effects of those moves."
27,2,567,Trick-or-Treat,Gives the target the Trick-or-Treating status.
27,2,568,Noble Roar,Lowers the target’s Attack and Sp. Atk stats by 1 stage.
27,2,569,Ion Deluge,
27,2,570,Parabolic Charge,The user’s HP is restored by 1/2 of the damage dealt by\nthis move.
27,2,571,Forest’s Curse,Gives the target the Forest Cursed status.
27,2,572,Petal Blizzard,
27,2,573,Freeze-Dry,This move is also super effective against Water-type Pokémon.
27,2,574,Disarming Voice,
27,2,575,Parting Shot,Lowers the target’s Attack and Sp. Atk stats by 1 stage. The\nuser then switches out of battle to be replaced by another\nparty Pokémon.
27,2,576,Topsy-Turvy,Inverts all stat changes affecting the target.
27,2,577,Draining Kiss,The user’s HP is restored by 3/4 of the damage dealt by\nthis move.
27,2,578,Crafty Shield,
27,2,579,Flower Shield,
27,2,580,Grassy Terrain,Turns the entire field into Grassy Terrain for 5 turns.
27,2,581,Misty Terrain,Turns the entire field into Misty Terrain for 5 turns.
27,2,582,Electrify,"If this move hits the target before it uses a move, its move\nbecomes Electric type for that turn."
27,2,583,Play Rough,Has a 10% chance of lowering the target’s Attack stat by\n1 stage.
27,2,584,Fairy Wind,
27,2,585,Moonblast,Has a 10% chance of lowering the target’s Sp. Atk stat by\n1 stage.
27,2,586,Boomburst,
27,2,587,Fairy Lock,Gives all Pokémon on the field the Fairy Locked status.
27,2,588,King’s Shield,"The user protects itself from incoming attacks for the turn and\nchanges into its Shield Forme. Any attackers that use contact\nmoves against the user during this turn will have their Attack\nstats lowered by 1 stage. With each consecutive use, this move’s\nchance of success becomes 1/3 of what it was before."
27,2,589,Play Nice,
27,2,590,Confide,
27,2,591,Diamond Storm,
27,2,592,Steam Eruption,
27,2,593,Hyperspace Hole,
27,2,594,Water Shuriken,The user attacks 2 to 5 times in a row.
27,2,595,Mystical Fire,Lowers the target’s Sp. Atk stat by 1 stage.
27,2,596,Spiky Shield,"The user protects itself from incoming moves for the turn. Any\nattackers that use contact moves against the user during this\nturn take damage equal to 1/8 of their max HP. With each\nconsecutive use, this move’s chance of success becomes 1/3\nof what it was before."
27,2,597,Aromatic Mist,Boosts an ally’s Sp. Def stat by 1 stage.
27,2,598,Eerie Impulse,Lowers the target’s Sp. Atk stat by 2 stages.
27,2,599,Venom Drench,
27,2,600,Powder,
27,2,601,Geomancy,
27,2,602,Magnetic Flux,"If the user or its allies have the Plus Ability or the Minus Ability,\ntheir Defense and Sp. Def stats are boosted by 1 stage."
27,2,603,Happy Hour,
27,2,604,Electric Terrain,Turns the entire field into Electric Terrain for 5 turns.
27,2,605,Dazzling Gleam,
27,2,606,Celebrate,
27,2,607,Hold Hands,
27,2,608,Baby-Doll Eyes,Lowers the target’s Attack stat by 1 stage.
27,2,609,Nuzzle,Paralyzes the target.
27,2,610,Hold Back,
27,2,611,Infestation,Gives the target the Bound status.
27,2,612,Power-Up Punch,
27,2,613,Oblivion Wing,
27,2,614,Thousand Arrows,
27,2,615,Thousand Waves,
27,2,616,Land’s Wrath,
27,2,617,Light of Ruin,The user takes 1/2 of the damage dealt by this move.
27,2,618,Origin Pulse,
27,2,619,Precipice Blades,
27,2,620,Dragon Ascent,
27,2,621,Hyperspace Fury,
27,2,659,Shore Up,
27,2,660,First Impression,This move fails unless it is the first move used by the user after\nit enters a battle.
27,2,661,Baneful Bunker,"The user protects itself from incoming moves for the turn. Any\nattackers that use contact moves against the user during this\nturn become poisoned. With each consecutive use, this move’s\nchance of success becomes 1/3 of what it was before."
27,2,662,Spirit Shackle,Gives the target the Can’t Escape status.
27,2,663,Darkest Lariat,This move ignores the target’s stat changes when dealing\ndamage.
27,2,664,Sparkling Aria,Cures targets of their burns.
27,2,665,Ice Hammer,Lowers the user’s Speed stat by 1 stage.
27,2,666,Floral Healing,
27,2,667,High Horsepower,
27,2,668,Strength Sap,Restores the user’s HP by an amount equal to the target’s\nAttack stat. Lowers the target’s Attack stat by 1 stage.
27,2,669,Solar Blade,"The user gains the Charging status on the turn this move is used,\nthen attacks on the following turn. In harsh sunlight, the user\ndoes not gain the Charging status and can attack immediately.\nThis move’s power is halved in any other weather condition."
27,2,670,Leafage,
27,2,671,Spotlight,
27,2,672,Toxic Thread,Lowers the target’s Speed stat by 2 stages and poisons it.
27,2,673,Laser Focus,
27,2,674,Gear Up,
27,2,675,Throat Chop,Gives the target the Throat Chopped status.
27,2,676,Pollen Puff,"When used on an ally, this move restores 1/2 of its max HP\ninstead of dealing damage."
27,2,677,Anchor Shot,
27,2,678,Psychic Terrain,Turns the entire field into Psychic Terrain for 5 turns.
27,2,679,Lunge,Lowers the target’s Attack stat by 1 stage.
27,2,680,Fire Lash,Lowers the target’s Defense stat by 1 stage.
27,2,681,Power Trip,This move’s power is increased by 20 for each stage that the\nuser’s stats have been boosted.
27,2,682,Burn Up,The user loses the Fire type. Cures the user of being frozen.\nThis move fails unless it is used by a Fire type.
27,2,683,Speed Swap,The user and the target swap their Speed stats.
27,2,684,Smart Strike,This move never misses.
27,2,685,Purify,
27,2,686,Revelation Dance,
27,2,687,Core Enforcer,
27,2,688,Trop Kick,Lowers the target’s Attack stat by 1 stage.
27,2,689,Instruct,The user makes the target reuse the last move it used.
27,2,690,Beak Blast,"If the user is hit by a contact move before it uses this move, the\nattacker will be burned."
27,2,691,Clanging Scales,Lowers the user’s Defense stat by 1 stage.
27,2,692,Dragon Hammer,
27,2,693,Brutal Swing,
27,2,694,Aurora Veil,Gives the user’s side the Aurora Veil status for 5 turns. This\nmove can be used only in snow.
27,2,704,Shell Trap,
27,2,705,Fleur Cannon,
27,2,706,Psychic Fangs,"Removes the Light Screen, Reflect, and Aurora Veil statuses on\nthe target’s side."
27,2,707,Stomping Tantrum,This move’s power is doubled if the user couldn’t act or its move\nmissed or failed on the previous turn.
27,2,708,Shadow Bone,
27,2,709,Accelerock,
27,2,710,Liquidation,Has a 20% chance of lowering the target’s Defense stat by\n1 stage.
27,2,711,Prismatic Laser,
27,2,712,Spectral Thief,
27,2,713,Sunsteel Strike,
27,2,714,Moongeist Beam,
27,2,715,Tearful Look,Lowers the target’s Attack and Sp. Atk stats by 1 stage. This\nmove ignores the target’s evasiveness and can hit a target using\na move such as Protect.
27,2,716,Zing Zap,Has a 30% chance of making the target flinch.
27,2,717,Nature’s Madness,
27,2,718,Multi-Attack,
27,2,720,Mind Blown,
27,2,721,Plasma Fists,
27,2,722,Photon Geyser,
27,2,742,Double Iron Bash,
27,2,744,Dynamax Cannon,
27,2,745,Snipe Shot,This move ignores the effects of Abilities and moves that draw\nin moves. It has a 1-stage Critical-Hit Ratio Boost.
27,2,746,Jaw Lock,The user and target gain the Jaw Locked status.
27,2,747,Stuff Cheeks,The user eats its held Berry and boosts its Defense stat by 2\nstages. This move can’t be used if the user is not holding a Berry.
27,2,748,No Retreat,"Boosts the user’s Attack, Defense, Sp. Atk, Sp. Def, and Speed\nstats by 1 stage. The user gains the Can’t Escape status. This\nmove can only be used once per time the user enters battle—\notherwise it will fail."
27,2,749,Tar Shot,
27,2,750,Magic Powder,Changes the target’s type to Psychic. Grass-type Pokémon\nare unaffected.
27,2,751,Dragon Darts,"The user attacks twice in a row. If there are 2 opposing\nPokémon, each of them is attacked once."
27,2,752,Teatime,Causes all Pokémon on the field to eat their held Berries.
27,2,753,Octolock,Gives the target the Octolocked and Can’t Escape statuses.
27,2,754,Bolt Beak,
27,2,755,Fishious Rend,
27,2,756,Court Change,Swaps the statuses affecting the user’s side of the field with the\nstatuses affecting the opponent’s side of the field.
27,2,775,Clangorous Soul,"The user loses 1/3 of its max HP to boost its Attack, Defense,\nSp. Atk, Sp. Def, and Speed stats by 1 stage. This move fails if\nthe user doesn’t have enough remaining HP."
27,2,776,Body Press,The damage dealt by this move is calculated using the user’s\nDefense stat instead of its Attack stat.
27,2,777,Decorate,Boosts the target’s Attack and Sp. Atk stats by 2 stages.
27,2,778,Drum Beating,Lowers the target’s Speed stat by 1 stage.
27,2,779,Snap Trap,Gives the target the Bound status.
27,2,780,Pyro Ball,Has a 10% chance of burning the target. Cures the user of\nbeing frozen.
27,2,781,Behemoth Blade,
27,2,782,Behemoth Bash,
27,2,783,Aura Wheel,Boosts the user’s Speed stat by 1 stage. This move’s type\ndepends on Morpeko’s form.
27,2,784,Breaking Swipe,Lowers targets’ Attack stats by 1 stage.
27,2,785,Branch Poke,
27,2,786,Overdrive,
27,2,787,Apple Acid,Lowers the target’s Sp. Def stat by 1 stage.
27,2,788,Grav Apple,Lowers the target’s Defense stat by 1 stage. This move’s power\nis boosted by 50% when the Gravity status is active.
27,2,789,Spirit Break,Lowers the target’s Sp. Atk stat by 1 stage.
27,2,790,Strange Steam,
27,2,791,Life Dew,Restores 1/4 of the max HP of the user and its allies.
27,2,792,Obstruct,
27,2,793,False Surrender,
27,2,794,Meteor Assault,The user gains the Recharging status on the turn after this move\nis used.
27,2,795,Eternabeam,
27,2,796,Steel Beam,"After attacking, the user takes damage equal to 1/2 of its\nmax HP."
27,2,797,Expanding Force,"If the user is under the effect of Psychic Terrain, this move’s\npower is boosted by 50% and its range extends to\nall opponents."
27,2,798,Steel Roller,Removes any terrain. This move fails if there is no terrain on\nthe field.
27,2,799,Scale Shot,The user attacks 2 to 5 times in a row. This move lowers the\nuser’s Defense stat by 1 stage and boosts its Speed stat by\n1 stage.
27,2,800,Meteor Beam,"The user gains the Charging status on the turn this move is used,\nthen attacks on the following turn. The user’s Sp. Atk stat is\nboosted by 1 stage on the turn this move is used."
27,2,801,Shell Side Arm,Has a 20% chance of poisoning the target. Becomes a physical\nmove if that will deal more damage.
27,2,802,Misty Explosion,"If the user is under the effect of Misty Terrain, this move’s power\nis boosted by 50%. The user faints upon using this move."
27,2,803,Grassy Glide,"If the user is under the effect of Grassy Terrain, this move’s\npriority becomes +1."
27,2,804,Rising Voltage,This move’s power is doubled if the target is under the effect of\nElectric Terrain.
27,2,805,Terrain Pulse,This move’s power is doubled if the user is under the effect of\na terrain. This move’s type depends on the terrain.
27,2,806,Skitter Smack,Lowers the target’s Sp. Atk stat by 1 stage.
27,2,807,Burning Jealousy,Burns targets if their stats were boosted during the turn this\nmove is used.
27,2,808,Lash Out,This move’s power is doubled if the user’s stats were lowered\nduring the turn this move is used.
27,2,809,Poltergeist,This move fails if the target isn’t holding an item.
27,2,810,Corrosive Gas,Causes all other Pokémon on the field to lose their held items.
27,2,811,Coaching,Boosts allies’ Attack and Defense stats by 1 stage.
27,2,812,Flip Turn,"After attacking, the user switches out of battle to be replaced\nby another party Pokémon."
27,2,813,Triple Axel,"The user attacks 3 times in a row—first with a power of 20, then\nwith a power of 40, then with a power of 60. The attack ends if\nthe user misses."
27,2,814,Dual Wingbeat,The user attacks twice in a row.
27,2,815,Scorching Sands,Has a 30% chance of burning the target. Cures the user and\ntarget of being frozen.
27,2,816,Jungle Healing,
27,2,817,Wicked Blow,
27,2,818,Surging Strikes,
27,2,819,Thunder Cage,
27,2,820,Dragon Energy,
27,2,821,Freezing Glare,
27,2,822,Fiery Wrath,
27,2,823,Thunderous Kick,
27,2,824,Glacial Lance,
27,2,825,Astral Barrage,
27,2,826,Eerie Spell,Removes 3 PP from the move last used by the target.
27,2,827,Dire Claw,"Has a 30% chance of leaving the target poisoned, paralyzed,\nor asleep."
27,2,828,Psyshield Bash,Boosts the user’s Defense stat by 1 stage.
27,2,829,Power Shift,The user gains the Atk/Def Swapped status.
27,2,830,Stone Axe,Gives the opponent’s side the Stealth Rock status.
27,2,831,Springtide Storm,
27,2,832,Mystical Power,
27,2,833,Raging Fury,The user gains the Rampaging status.
27,2,834,Wave Crash,The user takes 1/3 of the damage dealt by this move.
27,2,835,Chloroblast,
27,2,836,Mountain Gale,Has a 30% chance of making the target flinch.
27,2,837,Victory Dance,
27,2,838,Headlong Rush,Lowers the user’s Defense and Sp. Def stats by 1 stage.
27,2,839,Barb Barrage,Has a 50% chance of poisoning the target. This move’s power is\ndoubled if the target is poisoned or badly poisoned.
27,2,840,Esper Wing,
27,2,841,Bitter Malice,Lowers the target’s Attack stat by 1 stage.
27,2,842,Shelter,Boosts the user’s Defense stat by 2 stages.
27,2,843,Triple Arrows,Has a 50% chance of lowering the target’s Defense stat by\n1 stage and has a 30% chance of making the target flinch.\nThis move has a 1-stage Critical-Hit Ratio Boost.
27,2,844,Infernal Parade,Has a 30% chance of burning the target. This move’s power is\ndoubled if the target has a status condition.
27,2,845,Ceaseless Edge,Gives the opponent’s side the Spikes status.
27,2,846,Bleakwind Storm,
27,2,847,Wildbolt Storm,
27,2,848,Sandsear Storm,
27,2,849,Lunar Blessing,
27,2,850,Take Heart,
27,2,851,Tera Blast,
27,2,852,Silk Trap,
27,2,853,Axe Kick,"Has a 30% chance of confusing the target. If this move misses\nor fails, the user takes damage equal to 1/2 of its max HP."
27,2,854,Last Respects,This move’s power is increased by 50 for each time that a\nPokémon in the user’s party has fainted.
27,2,855,Lumina Crash,Lowers the target’s Sp. Def stat by 2 stages.
27,2,856,Order Up,
27,2,857,Jet Punch,
27,2,858,Spicy Extract,Lowers the target’s Defense stat by 2 stages and boosts its\nAttack stat by 2 stages.
27,2,859,Spin Out,
27,2,860,Population Bomb,The user attacks 1 to 10 times in a row. The attack ends if the\nuser misses.
27,2,861,Ice Spinner,Removes any terrain.
27,2,862,Glaive Rush,The user gains the Wide Open status until the next time it takes\nan action.
27,2,863,Revival Blessing,Revives a Pokémon in the user’s party that has fainted and\nrestores 1/2 of that Pokémon’s max HP.
27,2,864,Salt Cure,Gives the target the Salt Cured status.
27,2,865,Triple Dive,
27,2,866,Mortal Spin,"Removes the Bound and Leech Seeded statuses from the user\nand removes the Sticky Web, Stealth Rock, Spikes, and Toxic\nSpikes statuses from the user’s side. Poisons targets."
27,2,867,Doodle,
27,2,868,Fillet Away,
27,2,869,Kowtow Cleave,This move never misses.
27,2,870,Flower Trick,This move never misses and is always a critical hit.
27,2,871,Torch Song,Boosts the user’s Sp. Atk stat by 1 stage.
27,2,872,Aqua Step,Boosts the user’s Speed stat by 1 stage.
27,2,873,Raging Bull,"Removes the Light Screen, Reflect, and Aurora Veil statuses on\nthe target’s side. This move’s type depends on the user’s form."
27,2,874,Make It Rain,Lowers the user’s Sp. Atk stat by 2 stages.
27,2,875,Psyblade,
27,2,876,Hydro Steam,
27,2,877,Ruination,
27,2,878,Collision Course,
27,2,879,Electro Drift,
27,2,880,Shed Tail,"The user loses 1/2 of its max HP to create a substitute, then\nswitches out of battle to be replaced by another party\nPokémon. The substitute will be hit by moves instead of that\nPokémon, and it will vanish when it takes damage equal to 1/4\nof the user’s max HP."
27,2,881,Chilly Reception,Summons snow for 5 turns. The user switches out of battle to be\nreplaced by another party Pokémon.
27,2,882,Tidy Up,"Removes the Sticky Web, Stealth Rock, Substitute, Spikes, and\nToxic Spikes statuses from the entire field. Boosts the user’s\nAttack and Speed stats by 1 stage."
27,2,883,Snowscape,Summons snow for 5 turns.
27,2,884,Pounce,Lowers the target’s Speed stat by 1 stage.
27,2,885,Trailblaze,Boosts the user’s Speed stat by 1 stage.
27,2,886,Chilling Water,Lowers the target’s Attack stat by 1 stage.
27,2,887,Hyper Drill,
27,2,888,Twin Beam,The user attacks twice in a row.
27,2,889,Rage Fist,"This move’s power is increased by 50 each time the user takes\ndamage from a move, up to a maximum power of 350. If the\nuser switches out of battle, the move’s power returns to its\nusual value."
27,2,890,Armor Cannon,Lowers the user’s Defense and Sp. Def stats by 1 stage.
27,2,891,Bitter Blade,The user’s HP is restored by 1/2 of the damage dealt by\nthis move.
27,2,892,Double Shock,The user loses the Electric type. This move fails unless it is used\nby an Electric type.
27,2,893,Gigaton Hammer,This move can’t be used twice in a row.
27,2,894,Comeuppance,The user retaliates to deal 150% of the damage it took from an\nopponent’s move during the turn this move is used.
27,2,895,Aqua Cutter,This move has a 1-stage Critical-Hit Ratio Boost.
27,2,896,Blazing Torque,
27,2,897,Wicked Torque,
27,2,898,Noxious Torque,
27,2,899,Combat Torque,
27,2,900,Magical Torque,
27,2,901,Blood Moon,
27,2,902,Matcha Gotcha,Has a 20% chance of burning targets. The user’s HP is restored\nby 1/2 of the damage dealt by this move.
27,2,903,Syrup Bomb,Gives the target the Syrupy status for 3 turns.
27,2,904,Ivy Cudgel,
27,2,905,Electro Shot,"The user gains the Charging status on the turn this move is used,\nthen attacks on the following turn. In rain, the user does not\ngain the Charging status and can attack immediately. The user’s\nSp. Atk stat is boosted by 1 stage on the turn this move is used."
27,2,906,Tera Starstorm,
27,2,907,Fickle Beam,This move has a 30% chance of its power being doubled.
27,2,908,Burning Bulwark,
27,2,909,Thunderclap,
27,2,910,Mighty Cleave,
27,2,911,Tachyon Cutter,
27,2,912,Hard Press,"The more HP the target has left, the greater this move’s power\n(ranging between 1 and 100)."
27,2,913,Dragon Cheer,Gives allies a Critical-Hit Ratio Boost. Dragon types receive a\n2-stage boost. All other types receive a 1-stage boost.
27,2,914,Alluring Voice,Confuses the target if its stats were boosted during the turn this\nmove is used.
27,2,915,Temper Flare,This move’s power is doubled if the user couldn’t act or its move\nmissed or failed on the previous turn.
27,2,916,Supercell Slam,"If this move misses or fails, the user takes damage equal to 1/2\nof its max HP. If the target has the Minimized status, this move’s\npower is doubled and it will be sure to hit."
27,2,917,Psychic Noise,Gives the target the Healing Prevented status for 2 turns.
27,2,918,Upper Hand,Makes the target flinch. This move fails if the target isn’t about\nto use a priority attack.
27,2,919,Malignant Chain,
27,2,920,Nihil Light,
27,3,1,Écras’Face,
27,3,2,Poing Karaté,
27,3,3,Torgnoles,
27,3,4,Poing Comète,
27,3,5,Ultimapoing,
27,3,6,Jackpot,
27,3,7,Poing Feu,A 10 % de chances de brûler l’adversaire.
27,3,8,Poing Glace,A 10 % de chances de geler l’adversaire.
27,3,9,Poing Éclair,A 10 % de chances de paralyser l’adversaire.
27,3,10,Griffe,
27,3,11,Force Poigne,
27,3,12,Guillotine,Met l’adversaire K.O.\nLa Précision est fixée à 30 %.
27,3,13,Coupe-Vent,
27,3,14,Danse Lames,Augmente l’Attaque du lanceur de 2 crans.
27,3,15,Coupe,
27,3,16,Tornade,
27,3,17,Cru-Ailes,
27,3,18,Cyclone,Force l’adversaire à changer aléatoirement de Pokémon\nsi son équipe en contient d’autres.
27,3,19,Vol,Le lanceur va dans le ciel lors du tour d’utilisation de la capacité\net attaque au tour suivant.
27,3,20,Étreinte,Piège l’adversaire.
27,3,21,Souplesse,
27,3,22,Fouet Lianes,
27,3,23,Écrasement,
27,3,24,Double Pied,
27,3,25,Ultimawashi,
27,3,26,Pied Sauté,
27,3,27,Mawashi Geri,
27,3,28,Jet de Sable,
27,3,29,Coup d’Boule,
27,3,30,Koud’Korne,
27,3,31,Furie,
27,3,32,Empal’Korne,Met l’adversaire K.O.\nLa Précision est fixée à 30 %.
27,3,33,Charge,
27,3,34,Plaquage,"A 30 % de chances de paralyser l’adversaire.\nSi ce dernier est lilliputien, la capacité n’échoue\njamais et sa puissance est multipliée par 2."
27,3,35,Ligotage,Piège l’adversaire.
27,3,36,Bélier,
27,3,37,Mania,Le lanceur devient enragé.
27,3,38,Damoclès,Le lanceur subit 1/3 des dégâts infligés.
27,3,39,Mimi-Queue,
27,3,40,Dard-Venin,
27,3,41,Double Dard,
27,3,42,Dard-Nuée,Le lanceur attaque de 2 à 5 fois d’affilée.
27,3,43,Groz’Yeux,
27,3,44,Morsure,A 30 % de chances d’apeurer l’adversaire.
27,3,45,Rugissement,
27,3,46,Hurlement,Force l’adversaire à changer aléatoirement de Pokémon\nsi son équipe en contient d’autres.
27,3,47,Berceuse,Endort l’adversaire.
27,3,48,Ultrason,
27,3,49,Sonic Boom,
27,3,50,Entrave,Inflige l’état « Capacité bloquée » à l’adversaire\npendant 4 tours.
27,3,51,Acide,
27,3,52,Flammèche,
27,3,53,Lance-Flammes,A 10 % de chances de brûler l’adversaire.
27,3,54,Brume,
27,3,55,Pistolet à O,
27,3,56,Hydrocanon,
27,3,57,Surf,La puissance de cette capacité est multipliée par 2\nsur les cibles sous l’eau.
27,3,58,Laser Glace,A 10 % de chances de geler l’adversaire.
27,3,59,Blizzard,A 10 % de chances de geler les adversaires.\nN’échoue jamais quand il neige.
27,3,60,Rafale Psy,
27,3,61,Bulles d’O,
27,3,62,Onde Boréale,
27,3,63,Ultralaser,Le lanceur sera épuisé au tour suivant l’utilisation de\ncette capacité.
27,3,64,Picpic,
27,3,65,Bec Vrille,
27,3,66,Sacrifice,
27,3,67,Balayage,"Plus l’adversaire est lourd, plus cette capacité est puissante.\nLa puissance peut varier entre 20 et 120."
27,3,68,Riposte,"Lors du tour d’utilisation de cette capacité, si le lanceur subit\ndes dégâts infligés par une capacité physique de l’adversaire,\nil riposte et lui inflige le double de dégâts."
27,3,69,Frappe Atlas,Inflige 50 points de dégâts à l’adversaire.
27,3,70,Force,
27,3,71,Vole-Vie,
27,3,72,Méga-Sangsue,
27,3,73,Vampigraine,Inflige l’état « Vampigraine » à l’adversaire.
27,3,74,Croissance,"Augmente l’Attaque et l’Attaque Spéciale du lanceur de 1 cran.\nSi le soleil brille, elles augmentent de 2 crans."
27,3,75,Tranch’Herbe,
27,3,76,Lance-Soleil,"Le lanceur charge la capacité pendant 1 tour\net attaque au tour suivant.\nSi le soleil brille, le lanceur peut attaquer au tour\nd’utilisation de la capacité sans avoir à la charger.\nSi n’importe quelle autre condition météo est active,\nla puissance de cette capacité est réduite de moitié."
27,3,77,Poudre Toxik,Empoisonne l’adversaire.\nN’affecte pas les Pokémon de type Plante.
27,3,78,Para-Spore,Paralyse l’adversaire.\nN’affecte pas les Pokémon de type Plante.
27,3,79,Poudre Dodo,Endort l’adversaire.\nN’affecte pas les Pokémon de type Plante.
27,3,80,Danse Fleurs,Le lanceur devient enragé.
27,3,81,Sécrétion,Baisse la Vitesse des adversaires de 2 crans.
27,3,82,Draco-Rage,
27,3,83,Danse Flammes,Piège l’adversaire.
27,3,84,Éclair,
27,3,85,Tonnerre,A 10 % de chances de paralyser l’adversaire.
27,3,86,Cage Éclair,Paralyse l’adversaire.\nN’affecte pas les Pokémon de type Sol.
27,3,87,Fatal-Foudre,"A 30 % de chances de paralyser l’adversaire.\nPeut aussi toucher les adversaires dans le ciel.\nN’échoue jamais quand il pleut.\nSi le soleil brille, la Précision de cette capacité passe à 50 %."
27,3,88,Jet-Pierres,
27,3,89,Séisme,"La puissance de cette capacité est multipliée par 2 sur les cibles\nsous la terre. Quand un champ herbu est actif, la puissance de\ncette capacité est réduite de moitié."
27,3,90,Abîme,Met l’adversaire K.O.\nLa Précision est fixée à 30 %.
27,3,91,Tunnel,Le lanceur s’enfouit sous la terre lors du tour d’utilisation\nde la capacité et attaque au tour suivant.
27,3,92,Toxik,Empoisonne gravement l’adversaire.\nN’échoue jamais si le lanceur est de type Poison.
27,3,93,Choc Mental,
27,3,94,Psyko,A 10 % de chances de baisser la Défense Spéciale\nde l’adversaire de 1 cran.
27,3,95,Hypnose,Endort l’adversaire.
27,3,96,Yoga,
27,3,97,Hâte,Augmente la Vitesse du lanceur de 2 crans.
27,3,98,Vive-Attaque,
27,3,99,Frénésie,
27,3,100,Téléport,
27,3,101,Ombre Nocturne,Inflige 50 points de dégâts à l’adversaire.
27,3,102,Copie,
27,3,103,Grincement,Baisse la Défense de l’adversaire de 2 crans.
27,3,104,Reflet,Augmente l’Esquive du lanceur de 1 cran.
27,3,105,Soin,Le lanceur récupère la moitié de ses PV max.
27,3,106,Armure,
27,3,107,Lilliput,Augmente l’Esquive du lanceur de 2 crans.\nLe lanceur devient lilliputien.
27,3,108,Brouillard,
27,3,109,Onde Folie,Rend l’adversaire confus.
27,3,110,Repli,
27,3,111,Boul’Armure,
27,3,112,Bouclier,
27,3,113,Mur Lumière,Crée un mur lumière sur le côté allié pendant 5 tours.
27,3,114,Buée Noire,Annule les changements de stats sur tout le terrain.
27,3,115,Protection,Crée une protection sur le côté allié pendant 5 tours.
27,3,116,Puissance,Augmente le taux de critiques du lanceur de 2 crans.
27,3,117,Patience,
27,3,118,Métronome,
27,3,119,Mimique,
27,3,120,Destruction,"Après l’utilisation, le lanceur tombe K.O."
27,3,121,Bombe Œuf,
27,3,122,Léchouille,
27,3,123,Purédpois,
27,3,124,Détritus,
27,3,125,Massd’Os,
27,3,126,Déflagration,A 10 % de chances de brûler l’adversaire.
27,3,127,Cascade,A 20 % de chances d’apeurer l’adversaire.
27,3,128,Claquoir,
27,3,129,Météores,
27,3,130,Coud’Krâne,
27,3,131,Picanon,
27,3,132,Constriction,
27,3,133,Amnésie,Augmente la Défense Spéciale du lanceur de 2 crans.
27,3,134,Télékinésie,
27,3,135,E-Coque,Le lanceur récupère la moitié de ses PV max.
27,3,136,Pied Voltige,"Si cette capacité rate sa cible ou échoue, le lanceur subit\ndes dégâts équivalents à la moitié de ses PV max."
27,3,137,Regard Médusant,Paralyse l’adversaire.
27,3,138,Dévorêve,
27,3,139,Gaz Toxik,
27,3,140,Pilonnage,
27,3,141,Vampirisme,Le lanceur récupère des PV équivalents à la moitié des dégâts\ninfligés par cette capacité à l’adversaire.
27,3,142,Grobisou,
27,3,143,Piqué,Le lanceur charge la capacité pendant 1 tour\net attaque au tour suivant.\nA 30 % de chances d’apeurer l’adversaire.\nCette capacité a un taux de critiques augmenté de 1 cran.
27,3,144,Morphing,"Le lanceur prend l’apparence de l’adversaire.\nToutes les caractéristiques de ce dernier,\nà l’exception de ses PV, sont également dupliquées."
27,3,145,Écume,
27,3,146,Uppercut,
27,3,147,Spore,Endort l’adversaire.\nN’affecte pas les Pokémon de type Plante.
27,3,148,Flash,
27,3,149,Vague Psy,
27,3,150,Trempette,
27,3,151,Acidarmure,Augmente la Défense du lanceur de 2 crans.
27,3,152,Pince-Masse,Cette capacité a un taux de critiques augmenté de 1 cran.
27,3,153,Explosion,"Après l’utilisation, le lanceur tombe K.O."
27,3,154,Combo-Griffe,
27,3,155,Osmerang,
27,3,156,Repos,"Le lanceur récupère tous ses PV, ses altérations de statut sont\nsoignées, et il s’endort pendant 2 tours.\nÉchoue si ses PV sont déjà au maximum."
27,3,157,Éboulement,A 30 % de chances d’apeurer les adversaires.
27,3,158,Croc de Mort,
27,3,159,Affûtage,
27,3,160,Conversion,
27,3,161,Triplattaque,"A 20 % de chances de paralyser, de brûler ou de geler\nl’adversaire."
27,3,162,Croc Fatal,Inflige des dégâts équivalents à la moitié des PV restants de\nl’adversaire. Inflige 1 point de dégâts s’il ne reste que 1 PV\nà l’adversaire.
27,3,163,Tranche,Cette capacité a un taux de critiques augmenté de 1 cran.
27,3,164,Clonage,Le lanceur perd 1/4 de ses PV max et crée un clone.\nLe clone subit les capacités à la place du lanceur et disparaît\naprès avoir subi des dégâts équivalents à 1/4 des PV max\ndu lanceur.\nLes capacités de son touchent la cible en ignorant le clone.
27,3,165,Lutte,
27,3,166,Gribouille,
27,3,167,Triple Pied,
27,3,168,Larcin,"Si le lanceur ne tient pas d’objet, il vole celui de l’adversaire."
27,3,169,Toile,
27,3,170,Lire-Esprit,
27,3,171,Cauchemar,
27,3,172,Roue de Feu,
27,3,173,Ronflement,Ne peut être utilisée que si le lanceur est endormi.\nA 30 % de chances d’apeurer l’adversaire.
27,3,174,Malédiction,Baisse la Vitesse du lanceur de 1 cran et\naugmente son Attaque et sa Défense de 1 cran.
27,3,175,Gigotage,"Plus les PV restants du lanceur sont bas,\nplus cette capacité est puissante.\nLa puissance peut varier entre 20 et 200."
27,3,176,Conversion 2,
27,3,177,Aéroblast,
27,3,178,Spore Coton,Baisse la Vitesse des adversaires de 2 crans.\nN’affecte pas les Pokémon de type Plante.
27,3,179,Contre,"Plus les PV restants du lanceur sont bas,\nplus cette capacité est puissante.\nLa puissance peut varier entre 20 et 200."
27,3,180,Dépit,Retire 4 PP à la dernière capacité utilisée par l’adversaire.
27,3,181,Poudreuse,
27,3,182,Abri,"Le lanceur se protège de toutes les capacités adverses\nlors du tour d’utilisation de cette capacité.\nÀ chaque utilisation consécutive, les chances de réussite\ntombent à 1/3 de ce qu’elles étaient à l’utilisation précédente."
27,3,183,Mach Punch,
27,3,184,Grimace,Baisse la Vitesse de l’adversaire de 2 crans.
27,3,185,Feinte,
27,3,186,Doux Baiser,Rend l’adversaire confus.
27,3,187,Cognobidon,Le lanceur perd la moitié de ses PV max et augmente\nson Attaque jusqu’au 6 cran.\nLa capacité échoue s’il ne reste pas assez de PV au lanceur.
27,3,188,Bombe Beurk,A 30 % de chances d’empoisonner l’adversaire.
27,3,189,Coud’Boue,Baisse la Précision de l’adversaire de 1 cran.
27,3,190,Octazooka,A 50 % de chances de baisser la Précision de l’adversaire\nde 1 cran.
27,3,191,Picots,Répand des picots sur le côté adverse.
27,3,192,Élecanon,Paralyse l’adversaire.
27,3,193,Clairvoyance,
27,3,194,Lien du Destin,Le lanceur entre dans l’état « Lien du Destin ».\nLa capacité échoue si elle est utilisée plusieurs fois d’affilée.
27,3,195,Requiem,Condamne tous les Pokémon présents sur le terrain.
27,3,196,Vent Glace,Baisse la Vitesse des adversaires de 1 cran.
27,3,197,Détection,"Le lanceur se protège de toutes les capacités adverses\nlors du tour d’utilisation de cette capacité.\nÀ chaque utilisation consécutive, les chances de réussite\ntombent à 1/3 de ce qu’elles étaient à l’utilisation précédente."
27,3,198,Charge Os,Le lanceur attaque de 2 à 5 fois d’affilée.
27,3,199,Verrouillage,Le lanceur entre dans l’état « Verrouillage ».
27,3,200,Colère,Le lanceur devient enragé.
27,3,201,Tempête de Sable,Invoque une tempête de sable pendant cinq tours.
27,3,202,Giga-Sangsue,Le lanceur récupère des PV équivalents à la moitié des dégâts\ninfligés par cette capacité à l’adversaire.
27,3,203,Ténacité,"Lors du tour d’utilisation de cette capacité, le lanceur\nrésiste avec 1 PV s’il subit des dégâts d’une capacité\nqui devrait le mettre K.O.\nÀ chaque utilisation consécutive, les chances de réussite\ntombent à 1/3 de ce qu’elles étaient à l’utilisation précédente."
27,3,204,Charme,Baisse l’Attaque de l’adversaire de 2 crans.
27,3,205,Roulade,
27,3,206,Faux-Chage,
27,3,207,Vantardise,Augmente l’Attaque de l’adversaire de 2 crans\net le rend confus.
27,3,208,Lait à Boire,Le lanceur ou un allié récupère la moitié de ses PV max.
27,3,209,Étincelle,
27,3,210,Taillade,
27,3,211,Ailes d’Acier,A 10 % de chances d’augmenter la Défense du lanceur\nde 1 cran.
27,3,212,Regard Noir,Empêche l’adversaire de fuir.
27,3,213,Attraction,Inflige l’état « Attraction » à l’adversaire.\nÉchoue s’il est du même sexe ou de sexe inconnu.
27,3,214,Blabla Dodo,Ne peut être utilisée que si le lanceur est endormi.\nLe lanceur utilise au hasard une des autres capacités\nqu’il connaît.
27,3,215,Glas de Soin,"Le lanceur soigne ses altérations de statut, ainsi que celles\nde ses alliés et de tous les Pokémon de son équipe."
27,3,216,Retour,
27,3,217,Cadeau,
27,3,218,Frustration,
27,3,219,Rune Protect,Met le côté allié dans l’état « Rune Protect » pendant 5 tours.
27,3,220,Balance,"Ajoute les PV restants du lanceur à ceux de la cible,\ndivise le total par deux, et attribue une moitié à chacun."
27,3,221,Feu Sacré,
27,3,222,Ampleur,
27,3,223,Dynamo-Poing,Rend l’adversaire confus.
27,3,224,Mégacorne,
27,3,225,Draco-Souffle,
27,3,226,Relais,"Le lanceur échange sa place avec un autre Pokémon\nde son équipe. Tout changement de stat, clone et\nautres sont transmis à ce Pokémon."
27,3,227,Encore,Inflige l’état « Encore » à l’adversaire.
27,3,228,Poursuite,
27,3,229,Tour Rapide,"Annule l’état « Vampigraine » et les pièges qui affectent\nle lanceur, ainsi que les effets de Picots, Pics Toxik,\nToile Gluante et Piège de Roc sur le côté allié.\nAugmente la Vitesse du lanceur de 1 cran."
27,3,230,Doux Parfum,Baisse l’Esquive des adversaires de 2 crans.
27,3,231,Queue de Fer,A 30 % de chances de baisser la Défense de l’adversaire\nde 1 cran.
27,3,232,Griffe Acier,
27,3,233,Corps Perdu,
27,3,234,Aurore,"Le lanceur récupère la moitié de ses PV max.\nSi le soleil brille, il récupère 2/3 de ses PV max.\nSi n’importe quelle autre condition météo est active,\nil ne récupère que 1/4 de ses PV max."
27,3,235,Synthèse,"Le lanceur récupère la moitié de ses PV max.\nSi le soleil brille, il récupère 2/3 de ses PV max.\nSi n’importe quelle autre condition météo est active,\nil ne récupère que 1/4 de ses PV max."
27,3,236,Rayon Lune,"Le lanceur récupère la moitié de ses PV max.\nSi le soleil brille, il récupère 2/3 de ses PV max.\nSi n’importe quelle autre condition météo est active,\nil ne récupère que 1/4 de ses PV max."
27,3,237,Puissance Cachée,
27,3,238,Coup Croix,Cette capacité a un taux de critiques augmenté de 1 cran.
27,3,239,Ouragan,
27,3,240,Danse Pluie,Invoque la pluie pendant 5 tours.
27,3,241,Zénith,Invoque le soleil pendant 5 tours.
27,3,242,Mâchouille,A 20 % de chances de baisser la Défense de l’adversaire\nde 1 cran.
27,3,243,Voile Miroir,"Lors du tour d’utilisation de cette capacité, si le lanceur subit\ndes dégâts infligés par une capacité spéciale de l’adversaire,\nil riposte et lui inflige le double de dégâts."
27,3,244,Boost,Le lanceur copie les changements de stats de l’adversaire.
27,3,245,Vitesse Extrême,
27,3,246,Pouvoir Antique,"Le lanceur a 10 % de chances d’augmenter son Attaque,\nsa Défense, son Attaque Spéciale, sa Défense Spéciale et\nsa Vitesse de 1 cran."
27,3,247,Ball’Ombre,A 20 % de chances de baisser la Défense Spéciale\nde l’adversaire de 1 cran.
27,3,248,Prescience,Prévoit une attaque future à l’endroit où l’adversaire\nse trouve.
27,3,249,Éclate-Roc,
27,3,250,Siphon,Piège l’adversaire.\nLa puissance de cette capacité est multipliée par 2\nsur les adversaires sous l’eau.
27,3,251,Baston,"Le lanceur attaque l’adversaire autant de fois qu’il y a\nde Pokémon dans son équipe, sans compter ceux qui\nsont K.O. ou qui souffrent d’une altération de statut.\nLa puissance de cette capacité est calculée en fonction\nde l’Attaque des Pokémon de l’équipe du lanceur."
27,3,252,Bluff,Apeure l’adversaire.\nCette capacité échoue si elle n’est pas la première utilisée\npar le lanceur après être arrivé sur le terrain.
27,3,253,Brouhaha,Le lanceur fait du brouhaha.
27,3,254,Stockage,"Augmente la Défense et la Défense Spéciale du lanceur\nde 1 cran.\nAugmente le niveau de Stockage du lanceur de 1 niveau,\njusqu’à un maximum de 3 niveaux."
27,3,255,Relâche,"Plus le niveau de Stockage du lanceur est élevé,\nplus cette capacité est puissante.\nLa puissance peut varier entre 100 et 300.\nLa capacité échoue si le lanceur n’a aucun niveau de Stockage."
27,3,256,Avale,Le lanceur récupère des PV en fonction de son niveau\nde Stockage.\nNiveau 1 : 1/4 de ses PV max ;\nNiveau 2 : la moitié de ses PV max ;\nNiveau 3 : tous ses PV.\nLa capacité échoue si le lanceur n’a aucun niveau de Stockage.
27,3,257,Canicule,A 10 % de chances de brûler les adversaires.
27,3,258,Grêle,
27,3,259,Tourmente,Empêche l’adversaire d’utiliser la même capacité\n2 fois d’affilée.
27,3,260,Flatterie,Augmente l’Attaque Spéciale de l’adversaire de 1 cran.\nRend l’adversaire confus.
27,3,261,Feu Follet,Brûle l’adversaire.
27,3,262,Souvenir,Le lanceur tombe K.O. pour baisser l’Attaque\net l’Attaque Spéciale de l’adversaire de 2 crans.
27,3,263,Façade,"Si le lanceur est empoisonné, gravement empoisonné, paralysé\nou brûlé, la puissance de cette capacité est multipliée par 2.\nDe plus, lorsque le lanceur est brûlé, les dégâts qu’il inflige à\nl’aide de cette capacité physique ne sont pas réduits de moitié."
27,3,264,Mitra-Poing,Échoue si le lanceur a déjà subi des dégâts d’une capacité\nadverse lors du tour d’utilisation de cette capacité.
27,3,265,Stimulant,
27,3,266,Par Ici,Redirige toutes les capacités adverses vers le lanceur.\nN’affecte que les capacités à cible unique.
27,3,267,Force Nature,
27,3,268,Chargeur,Augmente la Défense Spéciale du lanceur de 1 cran.\nDonne au lanceur un boost Électrik.
27,3,269,Provoc,Provoque l’adversaire.
27,3,270,Coup d’Main,"Multiplie la puissance des capacités d’un allié par 1,5\nlors du tour d’utilisation de cette capacité."
27,3,271,Tour de Magie,Échange l’objet que tient le lanceur et celui de la cible.
27,3,272,Imitation,Change le talent du lanceur pour qu’il soit identique à celui\nde la cible.
27,3,273,Vœu,Le lanceur fait un vœu à l’endroit où il se trouve.
27,3,274,Assistance,
27,3,275,Racines,Enracine le lanceur.
27,3,276,Surpuissance,Baisse l’Attaque et la Défense du lanceur de 1 cran.
27,3,277,Reflet Magik,
27,3,278,Recyclage,Restaure le dernier objet que le lanceur a consommé.\nLe lanceur tient alors cet objet à nouveau.
27,3,279,Vendetta,
27,3,280,Casse-Brique,"Annule les effets de Mur Lumière, Protection et Voile Aurore\nsur le côté adverse, puis le lanceur attaque."
27,3,281,Bâillement,Rend l’adversaire somnolent.\nN’échoue jamais.
27,3,282,Sabotage,"Si l’adversaire tient un objet, la puissance de cette capacité\nest multipliée par 1,5.\nL’adversaire perd son objet."
27,3,283,Effort,Inflige des dégâts équivalents aux PV restants de l’adversaire\nmoins les PV restants du lanceur.\nÉchoue si l’adversaire a moins ou autant de PV que le lanceur.
27,3,284,Éruption,"Plus les PV restants du lanceur sont bas,\nmoins cette capacité est puissante.\nLa puissance peut varier entre 1 et 150."
27,3,285,Échange,Échange les talents du lanceur et de l’adversaire.
27,3,286,Possessif,Le lanceur devient possessif.
27,3,287,Régénération,
27,3,288,Rancune,
27,3,289,Saisie,
27,3,290,Force Cachée,
27,3,291,Plongée,Le lanceur va sous l’eau lors du tour d’utilisation\nde cette capacité et attaque au tour suivant.
27,3,292,Cogne,
27,3,293,Camouflage,
27,3,294,Lumi-Queue,
27,3,295,Lumi-Éclat,
27,3,296,Ball’Brume,
27,3,297,Danse Plumes,Baisse l’Attaque de l’adversaire de 2 crans.
27,3,298,Danse Folle,"Rend confus tous les Pokémon présents sur le terrain,\nà part le lanceur."
27,3,299,Pied Brûleur,A 10 % de chances de brûler l’adversaire.\nCette capacité a un taux de critiques augmenté de 1 cran.
27,3,300,Lance-Boue,
27,3,301,Ball’Glace,
27,3,302,Poing Dard,
27,3,303,Paresse,Le lanceur récupère la moitié de ses PV max.
27,3,304,Mégaphone,
27,3,305,Crochet Venin,A 50 % de chances d’empoisonner gravement l’adversaire.
27,3,306,Éclate Griffe,A 50 % de chances de baisser la Défense de l’adversaire\nde 1 cran.
27,3,307,Rafale Feu,Le lanceur sera épuisé au tour suivant l’utilisation de\ncette capacité.
27,3,308,Hydroblast,Le lanceur sera épuisé au tour suivant l’utilisation de\ncette capacité.
27,3,309,Poing Météore,A 20 % de chances d’augmenter l’Attaque du lanceur de 1 cran.
27,3,310,Étonnement,
27,3,311,Ball’Météo,"Si une condition météo est active, la puissance de\nla capacité est multipliée par 2 et son type change.\nSi le soleil brille : type Feu ;\nS’il pleut : type Eau ;\nS’il neige : type Glace ;\nS’il y a une tempête de sable : type Roche."
27,3,312,Aromathérapie,
27,3,313,Croco Larme,Baisse la Défense Spéciale de l’adversaire de 2 crans.
27,3,314,Tranch’Air,Cette capacité a un taux de critiques augmenté de 1 cran.
27,3,315,Surchauffe,Baisse l’Attaque Spéciale du lanceur de 2 crans.
27,3,316,Flair,
27,3,317,Tomberoche,Baisse la Vitesse de l’adversaire de 1 cran.
27,3,318,Vent Argenté,
27,3,319,Strido-Son,Baisse la Défense Spéciale de l’adversaire de 2 crans.
27,3,320,Siffl’Herbe,
27,3,321,Chatouille,Baisse l’Attaque et la Défense de l’adversaire de 1 cran.
27,3,322,Force Cosmique,Augmente la Défense et la Défense Spéciale du lanceur\nde 1 cran.
27,3,323,Giclédo,"Plus les PV restants du lanceur sont bas,\nmoins cette capacité est puissante.\nLa puissance peut varier entre 1 et 150."
27,3,324,Rayon Signal,
27,3,325,Poing Ombre,N’échoue jamais.
27,3,326,Extrasenseur,A 10 % de chances d’apeurer l’adversaire.
27,3,327,Stratopercut,
27,3,328,Tourbi-Sable,Piège l’adversaire.
27,3,329,Glaciation,"Met l’adversaire K.O.\nLa Précision est fixée à 30 %, mais si le lanceur\nn’est pas de type Glace, elle passe à 20 %.\nCette capacité ne touche pas les adversaires de type Glace."
27,3,330,Ocroupi,A 30 % de chances de baisser la Précision des adversaires\nde 1 cran.
27,3,331,Balle Graine,Le lanceur attaque de 2 à 5 fois d’affilée.
27,3,332,Aéropique,N’échoue jamais.
27,3,333,Stalactite,Le lanceur attaque de 2 à 5 fois d’affilée.
27,3,334,Mur de Fer,Augmente la Défense du lanceur de 2 crans.
27,3,335,Barrage,Empêche l’adversaire de fuir.
27,3,336,Grondement,Augmente l’Attaque du lanceur et de ses alliés de 1 cran.
27,3,337,Draco-Griffe,
27,3,338,Végé-Attaque,Le lanceur sera épuisé au tour suivant l’utilisation\nde cette capacité.
27,3,339,Gonflette,Augmente l’Attaque et la Défense du lanceur de 1 cran.
27,3,340,Rebond,Le lanceur va dans le ciel lors du tour d’utilisation\nde cette capacité et attaque au tour suivant.\nA 30 % de chances de paralyser l’adversaire.
27,3,341,Tir de Boue,Baisse la Vitesse de l’adversaire de 1 cran.
27,3,342,Queue-Poison,
27,3,343,Implore,"Si le lanceur ne tient pas d’objet, il vole celui de l’adversaire."
27,3,344,Électacle,Le lanceur subit 1/3 des dégâts infligés.\nA 10 % de chances de paralyser l’adversaire.
27,3,345,Feuille Magik,
27,3,346,Tourniquet,
27,3,347,Plénitude,Augmente l’Attaque Spéciale et la Défense Spéciale du lanceur\nde 1 cran.
27,3,348,Lame Feuille,Cette capacité a un taux de critiques augmenté de 1 cran.
27,3,349,Danse Draco,Augmente l’Attaque et la Vitesse du lanceur de 1 cran.
27,3,350,Boule Roc,Le lanceur attaque de 2 à 5 fois d’affilée.
27,3,351,Onde de Choc,
27,3,352,Vibraqua,A 20 % de chances de rendre l’adversaire confus.
27,3,353,Vœu Destructeur,
27,3,354,Psycho-Boost,
27,3,355,Atterrissage,"Le lanceur récupère la moitié de ses PV max.\nSi le lanceur est de type Vol, il ne l’est plus pendant ce tour."
27,3,356,Gravité,Met tout le terrain dans l’état « Gravité » pendant 5 tours.
27,3,357,Œil Miracle,
27,3,358,Réveil Forcé,
27,3,359,Marto-Poing,Baisse la Vitesse du lanceur de 1 cran.
27,3,360,Gyroballe,"Plus la Vitesse du lanceur est basse comparée à celle de\nl’adversaire, plus la puissance de cette capacité augmente.\nLa puissance peut varier entre 1 et 150."
27,3,361,Vœu Soin,Le lanceur tombe K.O. Le prochain Pokémon envoyé pour\nle remplacer récupère tous ses PV et ses altérations de statut\nsont soignées.
27,3,362,Saumure,
27,3,363,Don Naturel,
27,3,364,Ruse,"Annule les effets de capacités telles qu’Abri ou Détection,\npuis le lanceur attaque."
27,3,365,Picore,"Si l’adversaire tient une Baie, le lanceur la mange à sa place\net en reçoit les effets."
27,3,366,Vent Arrière,Fait souffler un vent arrière sur le côté allié pendant 4 tours.
27,3,367,Acupression,"Augmente de 2 crans l’une des stats suivantes au hasard\ndu lanceur ou d’un allié : Attaque, Défense, Attaque Spéciale,\nDéfense Spéciale, Vitesse, Précision ou Esquive."
27,3,368,Fulmifer,"Lors du tour d’utilisation de cette capacité, si le lanceur\nsubit des dégâts infligés par une capacité de l’adversaire,\nil riposte et lui inflige 1,5 fois les dégâts qu’il a subis."
27,3,369,Demi-Tour,Le lanceur échange sa place avec un autre Pokémon de\nson équipe après avoir attaqué.
27,3,370,Close Combat,Baisse la Défense et la Défense Spéciale du lanceur de 1 cran.
27,3,371,Représailles,"Si le lanceur attaque après l’adversaire, la puissance\nde la capacité est multipliée par 2."
27,3,372,Assurance,"Si l’adversaire a déjà subi des dégâts lors du tour d’utilisation\nde cette capacité, la puissance de cette capacité est multipliée\npar 2."
27,3,373,Embargo,
27,3,374,Dégommage,La puissance et l’effet de la capacité changent en fonction\nde l’objet tenu par le lanceur. L’objet disparaît après utilisation\nde cette capacité.
27,3,375,Échange Psy,
27,3,376,Atout,
27,3,377,Anti-Soin,
27,3,378,Essorage,
27,3,379,Astuce Force,Échange l’Attaque et la Défense du lanceur.
27,3,380,Suc Digestif,Fait perdre son talent à l’adversaire.
27,3,381,Air Veinard,
27,3,382,Moi d’Abord,
27,3,383,Photocopie,Le lanceur utilise la dernière capacité utilisée.\nCette capacité échoue si aucune autre capacité n’a été utilisée.
27,3,384,Permuforce,Échange les changements d’Attaque et d’Attaque Spéciale\ndu lanceur et ceux de la cible.
27,3,385,Permugarde,Échange les changements de Défense et de Défense Spéciale\ndu lanceur et ceux de la cible.
27,3,386,Punition,
27,3,387,Dernier Recours,Cette capacité échoue si le lanceur n’a pas d’abord utilisé\ntoutes les autres capacités qu’il connaît.
27,3,388,Soucigraine,Remplace le talent de l’adversaire par Insomnia.
27,3,389,Coup Bas,"Pour que cette capacité fonctionne, l’adversaire doit avoir\nsélectionné une attaque, mais ne pas avoir encore attaqué\nlors du tour d’utilisation de cette capacité."
27,3,390,Pics Toxik,Répand des pics toxiques sur le côté adverse.
27,3,391,Permucœur,
27,3,392,Anneau Hydro,Le lanceur s’entoure d’un anneau hydro.
27,3,393,Vol Magnétik,Le lanceur entre dans l’état « Vol Magnétik ».
27,3,394,Boutefeu,"À l’utilisation, soigne le gel du lanceur.\nLe lanceur subit 1/3 des dégâts infligés.\nA 10 % de chances de brûler l’adversaire."
27,3,395,Forte-Paume,
27,3,396,Aurasphère,N’échoue jamais.
27,3,397,Poliroche,Augmente la Vitesse du lanceur de 2 crans.
27,3,398,Direct Toxik,A 30 % de chances d’empoisonner l’adversaire.
27,3,399,Vibrobscur,A 20 % de chances d’apeurer l’adversaire.
27,3,400,Tranche-Nuit,Cette capacité a un taux de critiques augmenté de 1 cran.
27,3,401,Hydro-Queue,
27,3,402,Canon Graine,
27,3,403,Lame d’Air,A 30 % de chances d’apeurer l’adversaire.
27,3,404,Plaie Croix,
27,3,405,Bourdon,A 10 % de chances de baisser la Défense Spéciale\nde l’adversaire de 1 cran.
27,3,406,Draco-Choc,
27,3,407,Draco-Charge,"A 20 % de chances d’apeurer l’adversaire.\nSi ce dernier est lilliputien, la capacité n’échoue jamais\net sa puissance est multipliée par 2."
27,3,408,Rayon Gemme,
27,3,409,Vampi-Poing,Le lanceur récupère des PV équivalents à la moitié des dégâts\ninfligés par cette capacité à l’adversaire.
27,3,410,Onde Vide,
27,3,411,Exploforce,A 10 % de chances de baisser la Défense Spéciale\nde l’adversaire de 1 cran.
27,3,412,Éco-Sphère,A 10 % de chances de baisser la Défense Spéciale\nde l’adversaire de 1 cran.
27,3,413,Rapace,Le lanceur subit 1/3 des dégâts infligés.
27,3,414,Telluriforce,A 10 % de chances de baisser la Défense Spéciale\nde l’adversaire de 1 cran.
27,3,415,Passe-Passe,Échange l’objet que tient le lanceur et celui de la cible.
27,3,416,Giga Impact,Le lanceur sera épuisé au tour suivant l’utilisation de\ncette capacité.
27,3,417,Machination,Augmente l’Attaque Spéciale du lanceur de 2 crans.
27,3,418,Pisto-Poing,
27,3,419,Avalanche,La puissance de cette capacité est multipliée par 2 si le lanceur\na subi des dégâts de capacités adverses lors du tour d’utilisation\nde cette capacité.
27,3,420,Éclats Glace,
27,3,421,Griffe Ombre,Cette capacité a un taux de critiques augmenté de 1 cran.
27,3,422,Crocs Éclair,A 10 % de chances de paralyser l’adversaire.\nA 10 % de chances d’apeurer l’adversaire.
27,3,423,Crocs Givre,A 10 % de chances de geler l’adversaire.\nA 10 % de chances d’apeurer l’adversaire.
27,3,424,Crocs Feu,A 10 % de chances de brûler l’adversaire.\nA 10 % de chances d’apeurer l’adversaire.
27,3,425,Ombre Portée,
27,3,426,Boue-Bombe,
27,3,427,Coupe Psycho,Cette capacité a un taux de critiques augmenté de 1 cran.
27,3,428,Psykoud’Boul,A 20 % de chances d’apeurer l’adversaire.
27,3,429,Miroi-Tir,
27,3,430,Luminocanon,A 10 % de chances de baisser la Défense Spéciale\nde l’adversaire de 1 cran.
27,3,431,Escalade,
27,3,432,Anti-Brume,"Baisse l’Esquive de l’adversaire de 1 cran.\nAnnule les effets tels que ceux de Protection, Picots,\nRune Protect, ou les différents champs."
27,3,433,Distorsion,Crée une distorsion sur tout le terrain pendant 5 tours.
27,3,434,Draco-Météore,Baisse l’Attaque Spéciale du lanceur de 2 crans.
27,3,435,Coup d’Jus,A 30 % de chances de paralyser les cibles.
27,3,436,Ébullilave,A 30 % de chances de brûler les cibles.
27,3,437,Tempête Verte,Baisse l’Attaque Spéciale du lanceur de 2 crans.
27,3,438,Mégafouet,
27,3,439,Roc-Boulet,Le lanceur sera épuisé au tour suivant l’utilisation\nde cette capacité.
27,3,440,Poison Croix,A 10 % de chances d’empoisonner l’adversaire.\nCette capacité a un taux de critiques augmenté de 1 cran.
27,3,441,Détricanon,A 30 % de chances d’empoisonner l’adversaire.
27,3,442,Tête de Fer,A 20 % de chances d’apeurer l’adversaire.
27,3,443,Bombe Aimant,
27,3,444,Lame de Roc,Cette capacité a un taux de critiques augmenté de 1 cran.
27,3,445,Séduction,
27,3,446,Piège de Roc,Crée un piège de roc sur le côté adverse.
27,3,447,Nœud Herbe,"Plus l’adversaire est lourd, plus cette capacité est puissante.\nLa puissance peut varier entre 20 et 120."
27,3,448,Babil,
27,3,449,Jugement,
27,3,450,Piqûre,"Si l’adversaire tient une Baie, le lanceur la mange à sa place\net en reçoit les effets."
27,3,451,Rayon Chargé,A 70 % de chances d’augmenter l’Attaque Spéciale du lanceur\nde 1 cran.
27,3,452,Martobois,Le lanceur subit 1/3 des dégâts infligés.
27,3,453,Aqua-Jet,
27,3,454,Appel Attaque,
27,3,455,Appel Défense,
27,3,456,Appel Soins,
27,3,457,Fracass’Tête,Le lanceur subit la moitié des dégâts infligés.
27,3,458,Coup Double,Le lanceur attaque 2 fois d’affilée.
27,3,459,Hurle-Temps,
27,3,460,Spatio-Rift,
27,3,461,Danse Lune,
27,3,462,Presse,
27,3,463,Vortex Magma,
27,3,464,Trou Noir,
27,3,465,Fulmigraine,
27,3,466,Vent Mauvais,
27,3,467,Revenant,
27,3,468,Aiguisage,
27,3,469,Garde Large,Le lanceur protège l’équipe des capacités touchant\ntous les alliés lors du tour d’utilisation de cette capacité.
27,3,470,Partage Garde,"Ajoute la valeur de la Défense du lanceur à celle de la cible,\ndivise le total par deux, et attribue une moitié à chacun.\nFait de même avec la Défense Spéciale."
27,3,471,Partage Force,"Ajoute la valeur de l’Attaque du lanceur à celle de la cible,\ndivise le total par deux, et attribue une moitié à chacun.\nFait de même avec l’Attaque Spéciale."
27,3,472,Zone Étrange,Crée une zone étrange sur tout le terrain pendant 5 tours.
27,3,473,Choc Psy,"Bien que cette capacité soit spéciale, les dégâts qu’elle inflige\nsont calculés en fonction de la Défense de l’adversaire."
27,3,474,Choc Venin,"Si l’adversaire est empoisonné ou gravement empoisonné,\nla puissance de cette capacité est multipliée par 2."
27,3,475,Allègement,
27,3,476,Poudre Fureur,Redirige toutes les capacités adverses vers le lanceur.\nN’affecte que les capacités à cible unique.\nN’affecte pas les Pokémon de type Plante.
27,3,477,Lévikinésie,
27,3,478,Zone Magique,Crée une zone magique sur tout le terrain pendant 5 tours.
27,3,479,Anti-Air,Cloue au sol l’adversaire s’il n’y était pas.\nPeut aussi toucher les adversaires dans le ciel.
27,3,480,Yama Arashi,Inflige toujours un coup critique.
27,3,481,Rebondifeu,
27,3,482,Cradovague,A 10 % de chances d’empoisonner les cibles.
27,3,483,Papillodanse,"Augmente l’Attaque Spéciale, la Défense Spéciale et la Vitesse\ndu lanceur de 1 cran."
27,3,484,Tacle Lourd,"Plus le lanceur pèse lourd par rapport à l’adversaire,\nplus cette capacité est puissante.\nLa puissance peut varier entre 40 et 120.\nSi l’adversaire est lilliputien, la capacité n’échoue jamais\net sa puissance est multipliée par 2."
27,3,485,Synchropeine,
27,3,486,Boule Élek,"Plus la Vitesse du lanceur est élevée par rapport à\ncelle de l’adversaire, plus cette capacité est puissante.\nLa puissance peut varier entre 40 et 150."
27,3,487,Détrempage,Le ou les types de la cible sont remplacés par le type Eau.
27,3,488,Nitrocharge,Augmente la Vitesse du lanceur de 1 cran.
27,3,489,Enroulement,"Augmente l’Attaque, la Défense et la Précision du lanceur\nde 1 cran."
27,3,490,Balayette,Baisse la Vitesse de l’adversaire de 1 cran.
27,3,491,Bombe Acide,Baisse la Défense Spéciale de l’adversaire de 2 crans.
27,3,492,Tricherie,Les dégâts sont calculés en fonction de l’Attaque\nde l’adversaire au lieu de celle du lanceur.
27,3,493,Rayon Simple,Remplace le talent de l’adversaire par Simple.
27,3,494,Ten-Danse,Remplace le talent de l’adversaire par le même que celui\ndu lanceur.
27,3,495,Après Vous,Force la cible à agir immédiatement après le lanceur.
27,3,496,Chant Canon,"Si plusieurs Pokémon utilisent cette capacité\nlors du même tour, ils l’utilisent l’un après l’autre,\nimmédiatement après le premier.\nLa puissance de chaque capacité Chant Canon utilisée\naprès la première fois est multipliée par 2."
27,3,497,Écho,
27,3,498,Attrition,
27,3,499,Bain de Smog,Annule les changements de stats de l’adversaire.\nN’échoue jamais.
27,3,500,Force Ajoutée,La puissance de cette capacité augmente de 20 pour chaque\ncran d’augmentation que contiennent les stats du lanceur.
27,3,501,Prévention,Protège le lanceur et ses alliés des capacités prioritaires\nlors du tour d’utilisation de cette capacité.
27,3,502,Interversion,"Le lanceur échange sa place avec un de ses alliés.\nÀ chaque utilisation consécutive, les chances de réussite\ntombent à 1/3 de ce qu’elles étaient à l’utilisation précédente."
27,3,503,Ébullition,"À l’utilisation, soigne le gel du lanceur.\nA 30 % de chances de brûler l’adversaire.\nSoigne le gel de l’adversaire."
27,3,504,Exuviation,"Baisse la Défense et la Défense Spéciale du lanceur de 1 cran,\net augmente son Attaque, son Attaque Spéciale et sa Vitesse\nde 2 crans."
27,3,505,Vibra Soin,Soigne la moitié des PV max de la cible.
27,3,506,Châtiment,"Si l’adversaire souffre d’une altération de statut,\nla puissance de cette capacité est multipliée par 2."
27,3,507,Chute Libre,
27,3,508,Change-Vitesse,Augmente l’Attaque du lanceur de 1 cran\net sa Vitesse de 2 crans.
27,3,509,Projection,Force l’adversaire à changer aléatoirement de Pokémon\nsi son équipe en contient d’autres.
27,3,510,Calcination,
27,3,511,À la Queue,Force la cible à agir en dernier lors de ce tour.
27,3,512,Acrobatie,"Si le lanceur ne tient pas d’objet, la puissance\nde cette capacité est multipliée par 2."
27,3,513,Copie-Type,Le lanceur prend le ou les types de la cible.
27,3,514,Vengeance,
27,3,515,Tout ou Rien,"Le lanceur tombe K.O., puis inflige des dégâts équivalents\naux PV qu’il lui restait quand cette capacité a été utilisée."
27,3,516,Passe-Cadeau,
27,3,517,Feu d’Enfer,Brûle l’adversaire.
27,3,518,Aire d’Eau,
27,3,519,Aire de Feu,
27,3,520,Aire d’Herbe,
27,3,521,Change-Éclair,Le lanceur échange sa place avec un autre Pokémon de\nson équipe après avoir attaqué.
27,3,522,Survinsecte,Baisse l’Attaque Spéciale des adversaires de 1 cran.
27,3,523,Piétisol,"Baisse la Vitesse des cibles de 1 cran. Quand un champ herbu\nest actif, la puissance de cette capacité est réduite de moitié."
27,3,524,Souffle Glacé,Inflige toujours un coup critique.
27,3,525,Draco-Queue,Force l’adversaire à changer aléatoirement de Pokémon\nsi son équipe en contient d’autres.
27,3,526,Rengorgement,
27,3,527,Toile Élek,Baisse la Vitesse des adversaires de 1 cran.
27,3,528,Éclair Fou,Le lanceur subit 1/4 des dégâts infligés.
27,3,529,Tunnelier,Cette capacité a un taux de critiques augmenté de 1 cran.
27,3,530,Double Baffe,
27,3,531,Crève-Cœur,
27,3,532,Encornebois,Le lanceur récupère des PV équivalents à la moitié des dégâts\ninfligés par cette capacité à l’adversaire.
27,3,533,Lame Sainte,Inflige des dégâts en ignorant les changements de stats\nde l’adversaire.
27,3,534,Coqui-Lame,A 50 % de chances de baisser la Défense de l’adversaire\nde 1 cran.
27,3,535,Tacle Feu,"Plus le lanceur pèse lourd par rapport à l’adversaire,\nplus cette capacité est puissante.\nLa puissance peut varier entre 40 et 120.\nSi l’adversaire est lilliputien, la capacité n’échoue jamais\net sa puissance est multipliée par 2."
27,3,536,Phytomixeur,
27,3,537,Bulldoboule,
27,3,538,Cotogarde,Augmente la Défense du lanceur de 3 crans.
27,3,539,Explonuit,A 40 % de chances de baisser la Précision de l’adversaire\nde 1 cran.
27,3,540,Frappe Psy,
27,3,541,Plumo-Queue,Le lanceur attaque de 2 à 5 fois d’affilée.
27,3,542,Vent Violent,"A 30 % de chances de rendre l’adversaire confus.\nPeut aussi toucher les adversaires dans le ciel.\nN’échoue jamais quand il pleut.\nSi le soleil brille, la Précision de cette capacité passe à 50 %."
27,3,543,Peignée,
27,3,544,Lancécrou,
27,3,545,Incendie,
27,3,546,Techno-Buster,
27,3,547,Chant Antique,
27,3,548,Lame Ointe,
27,3,549,Ère Glaciaire,
27,3,550,Charge Foudre,
27,3,551,Flamme Bleue,
27,3,552,Danse du Feu,A 50 % de chances d’augmenter l’Attaque Spéciale du lanceur\nde 1 cran.
27,3,553,Éclair Gelé,
27,3,554,Feu Glacé,
27,3,555,Aboiement,Baisse l’Attaque Spéciale des adversaires de 1 cran.
27,3,556,Chute Glace,A 30 % de chances d’apeurer l’adversaire.
27,3,557,Coup Victoire,
27,3,558,Flamme Croix,
27,3,559,Éclair Croix,
27,3,560,Flying Press,"Les dégâts de cette capacité sont calculés en tenant compte\ndes affinités du type de la capacité et de celles du type Vol.\nSi l’adversaire est lilliputien, la capacité n’échoue jamais et\nsa puissance est multipliée par 2."
27,3,561,Tatamigaeshi,
27,3,562,Éructation,Cette capacité échoue si le lanceur n’a pas mangé de Baie\ndurant le combat.
27,3,563,Fertilisation,
27,3,564,Toile Gluante,Crée une toile gluante sur le côté adverse.
27,3,565,Dard Mortel,"Si le lanceur met l’adversaire K.O. avec cette capacité,\nson Attaque augmente de 3 crans."
27,3,566,Hantise,"Le lanceur disparaît lors du tour d’utilisation de la capacité\net attaque au tour suivant.\nAnnule les effets tels que ceux d’Abri et de Détection,\npuis le lanceur attaque."
27,3,567,Halloween,Inflige l’état « Halloween » à la cible.
27,3,568,Râle Mâle,Baisse l’Attaque et l’Attaque Spéciale de l’adversaire de 1 cran.
27,3,569,Déluge Plasmique,
27,3,570,Parabocharge,Le lanceur récupère des PV équivalents à la moitié des dégâts\ninfligés par cette capacité aux cibles.
27,3,571,Maléfice Sylvain,Inflige l’état « Maléfice Sylvain » à l’adversaire.
27,3,572,Tempête Florale,
27,3,573,Lyophilisation,Est aussi super efficace sur les adversaires de type Eau.
27,3,574,Voix Enjôleuse,
27,3,575,Dernier Mot,Baisse l’Attaque et l’Attaque Spéciale de l’adversaire de 1 cran.\nLe lanceur échange sa place avec un autre Pokémon de\nson équipe.
27,3,576,Renversement,Inverse tous les changements de stats de la cible.
27,3,577,Vampibaiser,Le lanceur récupère des PV équivalents à 3/4 des dégâts\ninfligés par cette capacité à l’adversaire.
27,3,578,Vigilance,
27,3,579,Garde Florale,
27,3,580,Champ Herbu,Crée un champ herbu sur tout le terrain pendant 5 tours.
27,3,581,Champ Brumeux,Crée un champ brumeux sur tout le terrain pendant 5 tours.
27,3,582,Électrisation,"Si cette capacité touche la cible avant que cette dernière\nne puisse lancer une capacité, la capacité de la cible\ndevient de type Électrik pendant ce tour."
27,3,583,Câlinerie,A 10 % de chances de baisser l’Attaque de l’adversaire\nde 1 cran.
27,3,584,Vent Féérique,
27,3,585,Pouvoir Lunaire,A 10 % de chances de baisser l’Attaque Spéciale\nde l’adversaire de 1 cran.
27,3,586,Bang Sonique,
27,3,587,Verrou Enchanté,Inflige l’état « Verrou Enchanté » à tous les Pokémon présents\nsur le terrain.
27,3,588,Bouclier Royal,"Le lanceur se protège de toutes les attaques adverses lors du\ntour d’utilisation de cette capacité et prend la Forme Parade.\nBaisse l’Attaque de l’adversaire de 1 cran si celui-ci utilise\nune capacité à contact sur le lanceur.\nÀ chaque utilisation consécutive, les chances de réussite\ntombent à 1/3 de ce qu’elles étaient à l’utilisation précédente."
27,3,589,Camaraderie,
27,3,590,Confidence,
27,3,591,Orage Adamantin,
27,3,592,Jet de Vapeur,
27,3,593,TrouDimensionnel,
27,3,594,Sheauriken,Le lanceur attaque de 2 à 5 fois d’affilée.
27,3,595,Feu Ensorcelé,Baisse l’Attaque Spéciale de l’adversaire de 1 cran.
27,3,596,Pico-Défense,"Le lanceur se protège de toutes les capacités adverses\nlors du tour d’utilisation de cette capacité.\nInflige à l’adversaire des dégâts équivalents à 1/8 de ses PV\nmax si celui-ci utilise une capacité à contact sur le lanceur.\nÀ chaque utilisation consécutive, les chances de réussite\ntombent à 1/3 de ce qu’elles étaient à l’utilisation précédente."
27,3,597,Brume Capiteuse,Augmente la Défense Spéciale d’un allié de 1 cran.
27,3,598,Ondes Étranges,Baisse l’Attaque Spéciale de l’adversaire de 2 crans.
27,3,599,Piège de Venin,
27,3,600,Nuée de Poudre,
27,3,601,Géo-Contrôle,
27,3,602,Magné-Contrôle,Augmente la Défense et la Défense Spéciale du lanceur\net/ou de ses alliés de 1 cran s’ils ont le talent Plus\nou le talent Moins.
27,3,603,Étrennes,
27,3,604,Champ Électrifié,Crée un champ électrifié sur tout le terrain pendant 5 tours.
27,3,605,Éclat Magique,
27,3,606,Célébration,
27,3,607,Mains Jointes,
27,3,608,Regard Touchant,Baisse l’Attaque de l’adversaire de 1 cran.
27,3,609,Frotte-Frimousse,Paralyse l’adversaire.
27,3,610,Retenue,
27,3,611,Harcèlement,Piège l’adversaire.
27,3,612,Poing Boost,
27,3,613,Mort’Ailes,
27,3,614,Myria-Flèches,
27,3,615,Myria-Vagues,
27,3,616,Force Chtonienne,
27,3,617,Lumière du Néant,Le lanceur subit la moitié des dégâts infligés.
27,3,618,Onde Originelle,
27,3,619,Lame Pangéenne,
27,3,620,Draco-Ascension,
27,3,621,Furie Dimension,
27,3,659,Amass’Sable,
27,3,660,Escarmouche,Cette capacité échoue si elle n’est pas la première capacité\nutilisée par le lanceur après être arrivé sur le terrain.
27,3,661,Blockhaus,"Le lanceur se protège de toutes les capacités adverses\nlors du tour d’utilisation de cette capacité.\nEmpoisonne l’adversaire si celui-ci utilise une capacité\nà contact sur le lanceur.\nÀ chaque utilisation consécutive, les chances de réussite\ntombent à 1/3 de ce qu’elles étaient à l’utilisation précédente."
27,3,662,Tisse Ombre,Empêche l’adversaire de fuir.
27,3,663,Dark Lariat,Inflige des dégâts en ignorant les changements de stats\nde l’adversaire.
27,3,664,Aria de l’Écume,Soigne la brûlure des Pokémon touchés.
27,3,665,Marteau de Glace,Baisse la Vitesse du lanceur de 1 cran.
27,3,666,Soin Floral,
27,3,667,Cavalerie Lourde,
27,3,668,Vole-Force,Le lanceur récupère des PV équivalents à la valeur de l’Attaque\nde la cible. Baisse l’Attaque de la cible de 1 cran.
27,3,669,Lame Solaire,"Le lanceur charge la capacité pendant 1 tour\net attaque au tour suivant.\nSi le soleil brille, le lanceur peut attaquer au tour\nd’utilisation de la capacité sans avoir à la charger.\nSi n’importe quelle autre condition météo est active,\nla puissance de cette capacité est réduite de moitié."
27,3,670,Feuillage,
27,3,671,Projecteur,
27,3,672,Fil Toxique,Baisse la Vitesse de l’adversaire de 2 crans.\nEmpoisonne l’adversaire.
27,3,673,Affilage,
27,3,674,Engrenage,
27,3,675,Exécu-Son,Inflige l’état « Exécu-Son » à l’adversaire.
27,3,676,Boule Pollen,"Si cette capacité est utilisée sur un allié, elle lui restaure\nla moitié de ses PV max au lieu de lui infliger des dégâts."
27,3,677,Ancrage,
27,3,678,Champ Psychique,Crée un champ psychique sur tout le terrain pendant 5 tours.
27,3,679,Furie-Bond,Baisse l’Attaque de l’adversaire de 1 cran.
27,3,680,Fouet de Feu,Baisse la Défense de l’adversaire de 1 cran.
27,3,681,Arrogance,La puissance de cette capacité augmente de 20 pour chaque\ncran d’augmentation que contiennent les stats du lanceur.
27,3,682,Flamme Ultime,"À l’utilisation, soigne le gel du lanceur.\nLe lanceur perd le type Feu.\nS’il n’est pas de type Feu, cette capacité échoue."
27,3,683,Permuvitesse,Échange la Vitesse du lanceur et celle de la cible.
27,3,684,Estocorne,N’échoue jamais.
27,3,685,Purification,
27,3,686,Danse Éveil,
27,3,687,Sanction Suprême,
27,3,688,Botte Sucrette,Baisse l’Attaque de l’adversaire de 1 cran.
27,3,689,Sommation,Force l’adversaire à utiliser une nouvelle fois la capacité\nqu’il vient d’utiliser.
27,3,690,Bec-Canon,"Si le lanceur subit une capacité à contact avant d’utiliser\ncette capacité, il brûle l’adversaire qui l’a touché."
27,3,691,Vibrécaille,Baisse la Défense du lanceur de 1 cran.
27,3,692,Draco-Marteau,
27,3,693,Centrifugifle,
27,3,694,Voile Aurore,Crée un voile aurore sur le côté allié pendant 5 tours.\nNe peut être utilisée que quand il neige.
27,3,704,Carapiège,
27,3,705,Canon Floral,
27,3,706,Psycho-Croc,"Annule les effets de Mur Lumière, Protection et Voile Aurore\nsur le côté adverse, puis le lanceur attaque."
27,3,707,Trépignement,"La puissance de cette capacité est multipliée par 2 si le lanceur\nn’a pas pu agir, ou si sa capacité a raté sa cible ou échoué\nau tour précédent."
27,3,708,Os Ombre,
27,3,709,Vif Roc,
27,3,710,Aqua-Brèche,A 20 % de chances de baisser la Défense de l’adversaire\nde 1 cran.
27,3,711,Laser Prisme,
27,3,712,Clepto-Mânes,
27,3,713,Choc Météore,
27,3,714,Rayon Spectral,
27,3,715,Larme à l’Œil,Baisse l’Attaque et l’Attaque Spéciale de l’adversaire de 1 cran.\nAtteint sa cible en ignorant l’Esquive de cette dernière\net les effets des capacités telles qu’Abri.
27,3,716,Électrikipik,A 30 % de chances d’apeurer l’adversaire.
27,3,717,Ire de la Nature,
27,3,718,Coup Varia-Type,
27,3,720,Caboche-Kaboum,
27,3,721,Plasma Punch,
27,3,722,Photo-Geyser,
27,3,742,Écrous d’Poing,
27,3,744,Canon Dynamax,
27,3,745,Tir de Précision,Le lanceur peut utiliser cette capacité en ignorant les effets\ndes capacités ou des talents qui attirent les capacités.\nCette capacité a un taux de critiques augmenté de 1 cran.
27,3,746,Croque Fort,Inflige l’état « Croque Fort » au lanceur et à l’adversaire.
27,3,747,Garde-à-Joues,"Le lanceur mange la Baie qu’il tient.\nAugmente la Défense du lanceur de 2 crans.\nSi le lanceur ne tient pas de Baie, il ne peut pas utiliser\ncette capacité."
27,3,748,Ultime Bastion,"Augmente l’Attaque, la Défense, l’Attaque Spéciale,\nla Défense Spéciale et la Vitesse du lanceur de 1 cran.\nIl ne peut plus fuir.\nCette capacité ne peut être utilisée qu’une seule fois\npar arrivée du Pokémon sur le terrain. Elle échouera\nà partir de la deuxième utilisation."
27,3,749,Goudronnage,
27,3,750,Poudre Magique,Le ou les types de la cible sont remplacés par le type Psy.\nN’affecte pas les Pokémon de type Plante.
27,3,751,Draco-Flèches,"Le lanceur attaque 2 fois d’affilée.\nS’il y a 2 adversaires, le lanceur les attaque chacun 1 fois."
27,3,752,Thérémonie,Tous les Pokémon présents sur le terrain mangent la Baie\nqu’ils tiennent.
27,3,753,Octoprise,Empêche l’adversaire de fuir et lui inflige l’état « Octoprise ».
27,3,754,Prise de Bec,
27,3,755,Branchicrok,
27,3,756,Change-Côté,Échange les effets qui affectent le côté allié et le côté adverse.
27,3,775,Dracacophonie,"Le lanceur perd 1/3 de ses PV max pour augmenter\nson Attaque, sa Défense, son Attaque Spéciale,\nsa Défense Spéciale et sa Vitesse de 1 cran.\nCette capacité échoue s’il ne reste pas assez de PV au lanceur."
27,3,776,Big Splash,"Les dégâts sont calculés en fonction de la valeur de la Défense\ndu lanceur, au lieu de celle de son Attaque."
27,3,777,Nappage,Augmente l’Attaque et l’Attaque Spéciale de la cible\nde 2 crans.
27,3,778,Tambour Battant,Baisse la Vitesse de l’adversaire de 1 cran.
27,3,779,Troquenard,Piège l’adversaire.
27,3,780,Ballon Brûlant,"À l’utilisation, soigne le gel du lanceur.\nA 10 % de chances de brûler l’adversaire."
27,3,781,Gladius Maximus,
27,3,782,Aegis Maxima,
27,3,783,Roue Libre,Augmente la Vitesse du lanceur de 1 cran.\nLa capacité change de type en fonction de la forme\nde Morpeko.
27,3,784,Abattage,Baisse l’Attaque des adversaires de 1 cran.
27,3,785,Tapotige,
27,3,786,Overdrive,
27,3,787,Acide Malique,Baisse la Défense Spéciale de l’adversaire de 1 cran.
27,3,788,Force G,"Baisse la Défense de l’adversaire de 1 cran.\nSi l’état « Gravité » est actif, la puissance de cette capacité\nest multipliée par 1,5."
27,3,789,Choc Émotionnel,Baisse l’Attaque Spéciale de l’adversaire de 1 cran.
27,3,790,Vapeur Féérique,
27,3,791,Fontaine de Vie,Le lanceur et ses alliés récupèrent chacun 1/4 de leurs PV max.
27,3,792,Blocage,
27,3,793,Fourbette,
27,3,794,Joute Astrale,Le lanceur sera épuisé au tour suivant l’utilisation de\ncette capacité.
27,3,795,Laser Infinimax,
27,3,796,Métalaser,Le lanceur subit des dégâts équivalents à la moitié\nde ses PV max après avoir attaqué.
27,3,797,Vaste Pouvoir,"Si le lanceur est affecté par un champ psychique, la capacité\ntouche tous les adversaires et sa puissance\nest multipliée par 1,5."
27,3,798,Métalliroue,Annule tout champ actif sur le terrain.\nÉchoue s’il n’y a pas de champ sur le terrain.
27,3,799,Rafale Écailles,Le lanceur attaque de 2 à 5 fois d’affilée.\nBaisse la Défense du lanceur de 1 cran et\naugmente sa Vitesse de 1 cran.
27,3,800,Laser Météore,Le lanceur charge la capacité pendant 1 tour\net attaque au tour suivant.\nAugmente l’Attaque Spéciale du lanceur de 1 cran\nlors du tour d’utilisation de la capacité.
27,3,801,Kokiyarme,A 20 % de chances d’empoisonner l’adversaire.\nCette capacité devient une capacité physique si\nelle peut infliger plus de dégâts ainsi.
27,3,802,Explo-Brume,"Après l’utilisation, le lanceur tombe K.O.\nSi le lanceur est affecté par un champ brumeux, la puissance\nde cette capacité est multipliée par 1,5."
27,3,803,Gliss’Herbe,"Si le lanceur est affecté par un champ herbu, la priorité\nde la capacité est augmentée de 1 cran."
27,3,804,Monte-Tension,"Si l’adversaire est affecté par un champ électrifié,\nla puissance de cette capacité est multipliée par 2."
27,3,805,Champlification,"Si le lanceur est affecté par un champ, la puissance de\nla capacité est multipliée par 2 et son type change\nen fonction du champ."
27,3,806,Ravage Rampant,Baisse l’Attaque Spéciale de l’adversaire de 1 cran.
27,3,807,Feu Envieux,Brûle les adversaires si leurs stats ont augmenté lors du tour\nd’utilisation de cette capacité.
27,3,808,Cent Rancunes,"Si les stats du lanceur ont baissé lors du tour d’utilisation de\ncette capacité, la puissance de cette dernière est multipliée\npar 2."
27,3,809,Esprit Frappeur,Échoue si l’adversaire ne tient pas d’objet.
27,3,810,Gaz Corrosif,Tous les Pokémon présents sur le terrain à part le lanceur\nperdent l’objet qu’ils tiennent.
27,3,811,Coaching,Augmente l’Attaque et la Défense des alliés du lanceur\nde 1 cran.
27,3,812,Eau Revoir,Le lanceur échange sa place avec un autre Pokémon\nde son équipe après avoir attaqué.
27,3,813,Triple Axel,"Le lanceur attaque 3 fois d’affilée.\nPremier coup : puissance de 20 ;\nDeuxième coup : puissance de 40 ;\nTroisième coup : puissance de 60.\nSi un des coups rate la cible, l’attaque s’arrête."
27,3,814,Double Volée,Le lanceur attaque 2 fois d’affilée.
27,3,815,Sable Ardent,"À l’utilisation, soigne le gel du lanceur.\nA 30 % de chances de brûler l’adversaire.\nSoigne le gel de l’adversaire."
27,3,816,Selve Salvatrice,
27,3,817,Poing Obscur,
27,3,818,Torrent de Coups,
27,3,819,Voltageôle,
27,3,820,Draco-Énergie,
27,3,821,Regard Glaçant,
27,3,822,Fureur Ardente,
27,3,823,Coup Fulgurant,
27,3,824,Lance de Glace,
27,3,825,Éclat Spectral,
27,3,826,Sort Sinistre,Retire 3 PP à la dernière capacité utilisée par l’adversaire.
27,3,827,Griffes Funestes,"A 30 % de chances d’empoisonner, de paralyser ou d’endormir\nl’adversaire."
27,3,828,Sprint Bouclier,Augmente la Défense du lanceur de 1 cran.
27,3,829,Échange Force,Échange l’Attaque et la Défense du lanceur.
27,3,830,Hache de Pierre,Crée un piège de roc sur le côté adverse.
27,3,831,Typhon Passionné,
27,3,832,Force Mystique,
27,3,833,Grand Courroux,Le lanceur devient enragé.
27,3,834,Aquatacle,Le lanceur subit 1/3 des dégâts infligés.
27,3,835,Herblast,
27,3,836,Bise Glaciaire,A 30 % de chances d’apeurer l’adversaire.
27,3,837,Danse Victoire,
27,3,838,Assaut Frontal,Baisse la Défense et la Défense Spéciale du lanceur de 1 cran.
27,3,839,Multitoxik,"A 50 % de chances d’empoisonner l’adversaire.\nSi l’adversaire est empoisonné ou gravement empoisonné,\nla puissance de cette capacité est multipliée par 2."
27,3,840,Ailes Psycho,
27,3,841,Cœur de Rancœur,Baisse l’Attaque de l’adversaire de 1 cran.
27,3,842,Mur Fumigène,Augmente la Défense du lanceur de 2 crans.
27,3,843,Triple Flèche,A 50 % de chances de baisser la Défense de l’adversaire\nde 1 cran.\nA 30 % de chances d’apeurer l’adversaire.\nCette capacité a un taux de critiques augmenté de 1 cran.
27,3,844,Cortège Funèbre,"A 30 % de chances de brûler l’adversaire.\nSi l’adversaire souffre d’une altération de statut,\nla puissance de cette capacité est multipliée par 2."
27,3,845,Vagues à Lames,Répand des picots sur le côté adverse.
27,3,846,Typhon Hivernal,
27,3,847,Typhon Fulgurant,
27,3,848,Typhon Pyrosable,
27,3,849,Prière Lunaire,
27,3,850,Extravaillance,
27,3,851,Téra Explosion,
27,3,852,Piège de Fil,
27,3,853,Talon-Marteau,"A 30 % de chances de rendre l’adversaire confus.\nSi cette capacité rate sa cible ou échoue, le lanceur subit\ndes dégâts équivalents à la moitié de ses PV max."
27,3,854,Hommage Posthume,La puissance de cette capacité augmente de 50 à chaque fois\nqu’un Pokémon de l’équipe est mis K.O.
27,3,855,Lumino-Impact,Baisse la Défense Spéciale de l’adversaire de 2 crans.
27,3,856,Plat du Jour,
27,3,857,Poing Sonique,
27,3,858,Habanerage,Baisse la Défense de l’adversaire de 2 crans\net augmente son Attaque de 2 crans.
27,3,859,Dérapage,
27,3,860,Prolifération,"Le lanceur attaque de 1 à 10 fois d’affilée.\nSi un des coups rate la cible, l’attaque s’arrête."
27,3,861,Cryo-Pirouette,Annule tout champ actif sur le terrain.
27,3,862,Charge Glaive,Le lanceur devient vulnérable jusqu’à ce qu’il agisse à nouveau.
27,3,863,Second Souffle,Ranime un Pokémon de l’équipe K.O. et lui restaure la moitié\nde ses PV max.
27,3,864,Salaison,Inflige l’état « Salaison » à l’adversaire.
27,3,865,Triple Plongeon,
27,3,866,Toupie Éclat,"Annule l’état « Vampigraine » et les pièges qui affectent\nle lanceur, ainsi que les effets de Picots, Pics Toxik,\nToile Gluante et Piège de Roc sur le côté allié.\nEmpoisonne les adversaires."
27,3,867,Décalquage,
27,3,868,Décharnement,
27,3,869,Génusection,N’échoue jamais.
27,3,870,Magie Florale,N’échoue jamais.\nInflige toujours un coup critique.
27,3,871,Chant Flamboyant,Augmente l’Attaque Spéciale du lanceur de 1 cran.
27,3,872,Danse Aquatique,Augmente la Vitesse du lanceur de 1 cran.
27,3,873,Taurogne,"Le type de cette capacité change en fonction de la forme\ndu lanceur.\nAnnule les effets de Mur Lumière, Protection et Voile Aurore\nsur le côté adverse, puis le lanceur attaque."
27,3,874,Ruée d’Or,Baisse l’Attaque Spéciale du lanceur de 2 crans.
27,3,875,Lame Psychique,
27,3,876,Hydrovapeur,
27,3,877,Cataclysme,
27,3,878,Nitro Crash,
27,3,879,Turbo Volt,
27,3,880,Queulonage,Le lanceur perd la moitié de ses PV max et crée un clone.\nIl échange sa place avec un autre Pokémon de son équipe.\nLe clone subit les capacités à la place de ce Pokémon\net disparaît après avoir subi des dégâts équivalents à 1/4\ndes PV max du lanceur.
27,3,881,Neigeux de Mots,Invoque la neige pendant 5 tours. Le lanceur échange\nsa place avec un autre Pokémon de son équipe.
27,3,882,Grand Nettoyage,"Annule les effets de Toile Gluante, Piège de Roc, Clonage,\nPicots et Pics Toxik sur le tout le terrain.\nAugmente l’Attaque et la Vitesse du lanceur de 1 cran."
27,3,883,Chute de Neige,Invoque la neige pendant 5 tours.
27,3,884,Bond,Baisse la Vitesse de l’adversaire de 1 cran.
27,3,885,Désherbaffe,Augmente la Vitesse du lanceur de 1 cran.
27,3,886,Douche Froide,Baisse l’Attaque de l’adversaire de 1 cran.
27,3,887,Hyperceuse,
27,3,888,Double Laser,Le lanceur attaque 2 fois d’affilée.
27,3,889,Poing de Colère,"La puissance de cette capacité augmente de 50 à chaque fois\nque le lanceur subit des dégâts causés par une capacité,\njusqu’à un maximum de 350.\nQuand le lanceur revient dans son équipe, la puissance\nrevient à la normale."
27,3,890,Canon Blindé,Baisse la Défense et la Défense Spéciale du lanceur de 1 cran.
27,3,891,Lame en Peine,Le lanceur récupère des PV équivalents à la moitié des dégâts\ninfligés par cette capacité à l’adversaire.
27,3,892,Double Décharge,"Le lanceur perd le type Électrik.\nS’il n’est pas de type Électrik, cette capacité échoue."
27,3,893,Marteau Mastoc,Cette capacité ne peut pas être utilisée 2 fois d’affilée.
27,3,894,Vindicte,"Lors du tour d’utilisation de cette capacité, si le lanceur\nsubit des dégâts infligés par une capacité de l’adversaire,\nil riposte et lui inflige 1,5 fois les dégâts qu’il a subis."
27,3,895,Tranch’Aqua,Cette capacité a un taux de critiques augmenté de 1 cran.
27,3,896,Crash Brûlant,
27,3,897,Crash Obscur,
27,3,898,Crash Toxique,
27,3,899,Crash Musclé,
27,3,900,Crash Magique,
27,3,901,Lune Rouge,
27,3,902,Mortier Matcha,Le lanceur récupère des PV équivalents à la moitié des dégâts\ninfligés par cette capacité aux adversaires.\nA 20 % de chances de brûler les adversaires.
27,3,903,Bombe au Sirop,Recouvre l’adversaire de sirop pendant 3 tours.
27,3,904,Massue Liane,
27,3,905,Fulgurayon,"Le lanceur charge la capacité pendant 1 tour\net attaque au tour suivant.\nS’il pleut, le lanceur peut attaquer au tour\nd’utilisation de la capacité sans avoir à la charger.\nAugmente l’Attaque Spéciale du lanceur de 1 cran\nau tour d’utilisation de la capacité."
27,3,906,Pluie Térastrale,
27,3,907,Laser Hasard,La puissance de cette capacité a 30 % de chances\nd’être multipliée par 2.
27,3,908,Rempart Brûlant,
27,3,909,Vif Éclair,
27,3,910,Lame Puissante,
27,3,911,Lame Tachyonique,
27,3,912,Pression Extrême,"Plus les PV restants de l’adversaire sont élevés,\nplus cette capacité est puissante.\nLa puissance peut varier entre 1 et 100."
27,3,913,Cri Draconique,"Augmente le taux de critiques des alliés de 1 cran.\nS’ils sont de type Dragon, leur taux de critiques\naugmente de 2 crans."
27,3,914,Voix Envoûtante,"Si les stats de l’adversaire ont augmenté lors du tour\nd’utilisation de cette capacité, il devient confus."
27,3,915,Indignition,"La puissance de cette capacité est multipliée par 2 si le lanceur\nn’a pas pu agir, ou si sa capacité a raté sa cible ou échoué\nau tour précédent."
27,3,916,Volt Assaut,"Si cette capacité rate sa cible ou échoue, le lanceur subit\ndes dégâts équivalents à la moitié de ses PV max.\nSi l’adversaire est lilliputien, la capacité n’échoue jamais\net sa puissance est multipliée par 2."
27,3,917,Dissonance Psy,Empêche l’adversaire de se soigner pendant 2 tours.
27,3,918,Prio-Parade,Apeure l’adversaire.\nÉchoue si l’adversaire n’est pas en train de préparer\nune attaque prioritaire.
27,3,919,Chaîne Malsaine,
27,3,920,Lux Nihilum,
27,4,1,Klaps,
27,4,2,Karateschlag,
27,4,3,Duplexhieb,
27,4,4,Kometenhieb,
27,4,5,Megahieb,
27,4,6,Zahltag,
27,4,7,Feuerschlag,Das Ziel erleidet mit 10%iger Wahrscheinlichkeit\nVerbrennungen.
27,4,8,Eishieb,Das Ziel wird mit 10%iger Wahrscheinlichkeit eingefroren.
27,4,9,Donnerschlag,Das Ziel wird mit 10%iger Wahrscheinlichkeit paralysiert.
27,4,10,Kratzer,
27,4,11,Klammer,
27,4,12,Guillotine,Das Ziel wird kampfunfähig. Die Genauigkeit dieser Attacke ist\nauf 30 % festgesetzt.
27,4,13,Klingensturm,
27,4,14,Schwerttanz,Der Angriff des Anwenders wird um 2 Stufen erhöht.
27,4,15,Zerschneider,
27,4,16,Windstoß,
27,4,17,Flügelschlag,
27,4,18,Wirbelwind,"Das Ziel wird mit einem zufälligen Team-Mitglied\nausgewechselt, insofern ein Team-Mitglied vorhanden ist."
27,4,19,Fliegen,Der Anwender wird in der Runde des Einsatzes in den Zustand\nAbgehoben versetzt und greift in der nächsten Runde an.
27,4,20,Klammergriff,Das Ziel wird in den Zustand Umschlingung versetzt.
27,4,21,Slam,
27,4,22,Rankenhieb,
27,4,23,Stampfer,
27,4,24,Doppelkick,
27,4,25,Megakick,
27,4,26,Sprungkick,
27,4,27,Fegekick,
27,4,28,Sandwirbel,
27,4,29,Kopfnuss,
27,4,30,Hornattacke,
27,4,31,Furienschlag,
27,4,32,Hornbohrer,Das Ziel wird kampfunfähig. Die Genauigkeit dieser Attacke ist\nauf 30 % festgesetzt.
27,4,33,Tackle,
27,4,34,Bodyslam,Das Ziel wird mit 30%iger Wahrscheinlichkeit paralysiert.\nBei Zielen im Zustand Komprimator wird die Stärke dieser\nAttacke verdoppelt und sie trifft garantiert.
27,4,35,Wickel,Das Ziel wird in den Zustand Umschlingung versetzt.
27,4,36,Bodycheck,
27,4,37,Fuchtler,Der Anwender wird in den Zustand Tobsucht versetzt.
27,4,38,Risikotackle,Der Anwender erleidet 1/3 des verursachten Schadens selbst.
27,4,39,Rutenschlag,
27,4,40,Giftstachel,
27,4,41,Duonadel,
27,4,42,Nadelrakete,Der Anwender greift 2- bis 5-mal in Serie an.
27,4,43,Silberblick,
27,4,44,Biss,Das Ziel schreckt mit 30%iger Wahrscheinlichkeit zurück.
27,4,45,Heuler,
27,4,46,Brüller,"Das Ziel wird mit einem zufälligen Team-Mitglied\nausgewechselt, insofern ein Team-Mitglied vorhanden ist."
27,4,47,Gesang,Das Ziel wird in Schlaf versetzt.
27,4,48,Superschall,
27,4,49,Ultraschall,
27,4,50,Aussetzer,Das Ziel wird 4 Runden lang in den Zustand Attackenblockade\nversetzt.
27,4,51,Säure,
27,4,52,Glut,
27,4,53,Flammenwurf,Das Ziel erleidet mit 10%iger Wahrscheinlichkeit\nVerbrennungen.
27,4,54,Weißnebel,
27,4,55,Aquaknarre,
27,4,56,Hydropumpe,
27,4,57,Surfer,Bei Zielen im Zustand Abgetaucht wird die Stärke\ndieser Attacke verdoppelt.
27,4,58,Eisstrahl,Das Ziel wird mit 10%iger Wahrscheinlichkeit eingefroren.
27,4,59,Blizzard,Ziele werden mit 10%iger Wahrscheinlichkeit eingefroren.\nBei Schnee trifft diese Attacke garantiert.
27,4,60,Psystrahl,
27,4,61,Blubbstrahl,
27,4,62,Aurorastrahl,
27,4,63,Hyperstrahl,In der Runde nach Einsatz ist der Anwender handlungsunfähig.
27,4,64,Pikser,
27,4,65,Bohrschnabel,
27,4,66,Überroller,
27,4,67,Fußkick,"Je schwerer das Ziel, desto höher die Stärke dieser Attacke.\nDie Stärke kann zwischen 20 und 120 liegen."
27,4,68,Konter,"Wurde der Anwender in der Runde des Einsatzes von der\nphysischen Attacke eines Gegners getroffen, wird das Doppelte\ndes Schadens auf den Angreifer zurückgeworfen."
27,4,69,Geowurf,Dem Ziel wird Schaden in Höhe von 50 KP zugefügt.
27,4,70,Stärke,
27,4,71,Absorber,
27,4,72,Megasauger,
27,4,73,Egelsamen,Das Ziel wird in den Zustand Egelsamen versetzt.
27,4,74,Wachstum,Der Angriff und der Spezial-Angriff des Anwenders werden\num 1 Stufe erhöht. Bei Sonnenschein werden sie um 2 Stufen\nerhöht.
27,4,75,Rasierblatt,
27,4,76,Solarstrahl,Der Anwender wird in der Runde des Einsatzes in den Zustand\nKraftsammeln versetzt und greift in der nächsten Runde an.\nBei Sonnenschein wird er nicht in den Zustand Kraftsammeln\nversetzt und greift stattdessen sofort an.\nBei allen anderen Wettereffekten wird die Stärke dieser\nAttacke halbiert.
27,4,77,Giftpuder,Das Ziel wird vergiftet.\nDiese Attacke hat keine Wirkung auf Pokémon vom\nTyp Pflanze.
27,4,78,Stachelspore,Das Ziel wird paralysiert.\nDiese Attacke hat keine Wirkung auf Pokémon vom\nTyp Pflanze.
27,4,79,Schlafpuder,Das Ziel wird in Schlaf versetzt.\nDiese Attacke hat keine Wirkung auf Pokémon vom\nTyp Pflanze.
27,4,80,Blättertanz,Der Anwender wird in den Zustand Tobsucht versetzt.
27,4,81,Fadenschuss,Die Initiative der Ziele wird um 2 Stufen gesenkt.
27,4,82,Drachenwut,
27,4,83,Feuerwirbel,Das Ziel wird in den Zustand Umschlingung versetzt.
27,4,84,Donnerschock,
27,4,85,Donnerblitz,Das Ziel wird mit 10%iger Wahrscheinlichkeit paralysiert.
27,4,86,Donnerwelle,Das Ziel wird paralysiert.\nDiese Attacke hat keine Wirkung auf Pokémon vom\nTyp Boden.
27,4,87,Donner,"Das Ziel wird mit 30%iger Wahrscheinlichkeit paralysiert.\nDiese Attacke kann auch Ziele treffen, die sich im Zustand\nAbgehoben befinden.\nBei Sonnenschein beträgt die Genauigkeit 50 %.\nBei Regen trifft die Attacke garantiert."
27,4,88,Steinwurf,
27,4,89,Erdbeben,"Bei Zielen im Zustand Eingegraben wird die Stärke dieser\nAttacke verdoppelt.\nIst ein Grasfeld aktiv, wird die Stärke der Attacke halbiert."
27,4,90,Geofissur,Das Ziel wird kampfunfähig. Die Genauigkeit dieser Attacke ist\nauf 30 % festgesetzt.
27,4,91,Schaufler,Der Anwender wird in der Runde des Einsatzes in den Zustand\nEingegraben versetzt und greift in der nächsten Runde an.
27,4,92,Toxin,"Das Ziel wird schwer vergiftet.\nGehört der Anwender dem Typ Gift an, trifft diese Attacke\ngarantiert."
27,4,93,Konfusion,
27,4,94,Psychokinese,Die Spezial-Verteidigung des Ziels wird mit 10%iger\nWahrscheinlichkeit um 1 Stufe gesenkt.
27,4,95,Hypnose,Das Ziel wird in Schlaf versetzt.
27,4,96,Meditation,
27,4,97,Agilität,Die Initiative des Anwenders wird um 2 Stufen erhöht.
27,4,98,Ruckzuckhieb,
27,4,99,Raserei,
27,4,100,Teleport,
27,4,101,Nachtnebel,Dem Ziel wird Schaden in Höhe von 50 KP zugefügt.
27,4,102,Mimikry,
27,4,103,Kreideschrei,Die Verteidigung des Ziels wird um 2 Stufen gesenkt.
27,4,104,Doppelteam,Der Ausweichwert des Anwenders wird um 1 Stufe erhöht.
27,4,105,Genesung,Die KP des Anwenders werden um die Hälfte des\nMaximalwerts aufgefüllt.
27,4,106,Härtner,
27,4,107,Komprimator,Der Anwender wird in den Zustand Komprimator versetzt und\nsein Ausweichwert um 2 Stufen erhöht.
27,4,108,Rauchwolke,
27,4,109,Konfusstrahl,Das Ziel wird verwirrt.
27,4,110,Panzerschutz,
27,4,111,Einigler,
27,4,112,Barriere,
27,4,113,Lichtschild,"Auf der Mitstreiterseite wird der Zustand Lichtschild erzeugt,\nder 5 Runden lang anhält."
27,4,114,Dunkelnebel,Die Statuswertänderungen aller Pokémon auf dem Kampffeld\nwerden zurückgesetzt.
27,4,115,Reflektor,"Auf der Mitstreiterseite wird der Zustand Reflektor erzeugt,\nder 5 Runden lang anhält."
27,4,116,Energiefokus,Der Anwender wird in den Zustand Erhöhte Volltrefferquote +2\nversetzt.
27,4,117,Geduld,
27,4,118,Metronom,
27,4,119,Spiegeltrick,
27,4,120,Finale,Der Anwender wird bei Einsatz kampfunfähig.
27,4,121,Eierbombe,
27,4,122,Schlecker,
27,4,123,Smog,
27,4,124,Schlammbad,
27,4,125,Knochenkeule,
27,4,126,Feuersturm,Das Ziel erleidet mit 10%iger Wahrscheinlichkeit\nVerbrennungen.
27,4,127,Kaskade,Das Ziel schreckt mit 20%iger Wahrscheinlichkeit zurück.
27,4,128,Schnapper,
27,4,129,Sternschauer,
27,4,130,Schädelwumme,
27,4,131,Dornkanone,
27,4,132,Umklammerung,
27,4,133,Amnesie,Die Spezial-Verteidigung des Anwenders wird um\n2 Stufen erhöht.
27,4,134,Psykraft,
27,4,135,Weichei,Die KP des Anwenders werden um die Hälfte des\nMaximalwerts aufgefüllt.
27,4,136,Turmkick,"Schlägt die Attacke fehl oder trifft nicht, erleidet der Anwender\nSchaden in Höhe der Hälfte seiner maximalen KP."
27,4,137,Schlangenblick,Das Ziel wird paralysiert.
27,4,138,Traumfresser,
27,4,139,Giftwolke,
27,4,140,Stakkato,
27,4,141,Blutsauger,Die KP des Anwenders werden um die Hälfte des verursachten\nSchadens aufgefüllt.
27,4,142,Todeskuss,
27,4,143,Himmelsfeger,Der Anwender wird in der Runde des Einsatzes in den Zustand\nKraftsammeln versetzt und greift in der nächsten Runde an.\nDas Ziel schreckt mit 30%iger Wahrscheinlichkeit zurück.\nDer Angriff erfolgt mit um 1 Stufe erhöhter Volltrefferquote.
27,4,144,Wandler,"Der Anwender verwandelt sich in eine Kopie des Ziels.\nDabei übernimmt er auch dessen Statuswerte, mit Ausnahme\nder KP."
27,4,145,Blubber,
27,4,146,Irrschlag,
27,4,147,Pilzspore,Das Ziel wird in Schlaf versetzt.\nDiese Attacke hat keine Wirkung auf Pokémon vom\nTyp Pflanze.
27,4,148,Blitz,
27,4,149,Psywelle,
27,4,150,Platscher,
27,4,151,Säurepanzer,Die Verteidigung des Anwenders wird um 2 Stufen erhöht.
27,4,152,Krabbhammer,Der Angriff erfolgt mit um 1 Stufe erhöhter Volltrefferquote.
27,4,153,Explosion,Der Anwender wird bei Einsatz kampfunfähig.
27,4,154,Kratzfurie,
27,4,155,Knochmerang,
27,4,156,Erholung,Der Anwender wird für 2 Runden in Schlaf versetzt.\nDafür werden seine KP vollständig aufgefüllt und alle\nseine Statusprobleme geheilt.\nBei vollen KP schlägt die Attacke fehl.
27,4,157,Steinhagel,Ziele schrecken mit 30%iger Wahrscheinlichkeit zurück.
27,4,158,Hyperzahn,
27,4,159,Schärfer,
27,4,160,Umwandlung,
27,4,161,Triplette,"Das Ziel wird mit 20%iger Wahrscheinlichkeit paralysiert,\neingefroren oder erleidet Verbrennungen."
27,4,162,Superzahn,"Die verbleibenden KP des Ziels werden halbiert.\nSollte es über genau 1 KP verfügen, erleidet es Schaden\nin Höhe von 1 KP."
27,4,163,Schlitzer,Der Angriff erfolgt mit um 1 Stufe erhöhter Volltrefferquote.
27,4,164,Delegator,"Der Anwender verliert 1/4 seiner maximalen KP und erzeugt\neinen Delegator.\nDer Delegator wird anstelle des Anwenders von Attacken\ngetroffen und verschwindet dann, wenn er Schaden in Höhe\nvon 1/4 der maximalen KP des Anwenders erlitten hat.\nGeräuschattacken ignorieren die Wirkung von Delegator."
27,4,165,Verzweifler,
27,4,166,Nachahmer,
27,4,167,Dreifachkick,
27,4,168,Raub,"Trägt der Anwender kein Item, stiehlt er das Item des Ziels."
27,4,169,Spinnennetz,
27,4,170,Willensleser,
27,4,171,Nachtmahr,
27,4,172,Flammenrad,
27,4,173,Schnarcher,"Der Einsatz dieser Attacke ist nur möglich, wenn der Anwender\nschläft. Das Ziel schreckt mit 30%iger Wahrscheinlichkeit zurück."
27,4,174,Fluch,Die Initiative des Anwenders wird um 1 Stufe gesenkt und\nsein Angriff und seine Verteidigung werden um 1 Stufe erhöht.
27,4,175,Dreschflegel,"Je geringer die verbleibenden KP des Anwenders,\ndesto höher die Stärke dieser Attacke.\nDie Stärke kann zwischen 20 und 200 liegen."
27,4,176,Umwandlung 2,
27,4,177,Luftstoß,
27,4,178,Baumwollsaat,Die Initiative der Ziele wird um 2 Stufen gesenkt.\nDiese Attacke hat keine Wirkung auf Pokémon vom\nTyp Pflanze.
27,4,179,Gegenschlag,"Je geringer die verbleibenden KP des Anwenders,\ndesto höher die Stärke dieser Attacke.\nDie Stärke kann zwischen 20 und 200 liegen."
27,4,180,Groll,Die AP der zuletzt eingesetzten Attacke des Ziels werden\num 4 gesenkt.
27,4,181,Pulverschnee,
27,4,182,Schutzschild,In der Runde des Einsatzes wird der Anwender vor Attacken\ngeschützt. Mit jedem aufeinanderfolgenden Einsatz wird die\nErfolgschance gedrittelt.
27,4,183,Tempohieb,
27,4,184,Grimasse,Die Initiative des Ziels wird um 2 Stufen gesenkt.
27,4,185,Finte,
27,4,186,Bitterkuss,Das Ziel wird verwirrt.
27,4,187,Bauchtrommel,"Der Anwender verliert die Hälfte seiner maximalen KP und sein\nAngriff wird auf Stufe 6 erhöht. Verfügt er nicht über genügend\nverbleibende KP, schlägt die Attacke fehl."
27,4,188,Matschbombe,Das Ziel wird mit 30%iger Wahrscheinlichkeit vergiftet.
27,4,189,Lehmschelle,Die Genauigkeit des Ziels wird um 1 Stufe gesenkt.
27,4,190,Octazooka,Die Genauigkeit des Ziels wird mit 50%iger Wahrscheinlichkeit\num 1 Stufe gesenkt.
27,4,191,Stachler,Auf der Gegnerseite wird der Zustand Stachler erzeugt.
27,4,192,Blitzkanone,Das Ziel wird paralysiert.
27,4,193,Scharfblick,
27,4,194,Abgangsbund,Der Anwender wird in den Zustand Abgangsbund versetzt.\nBei aufeinanderfolgenden Einsätzen schlägt die Attacke fehl.
27,4,195,Abgesang,Alle am Kampf beteiligten Pokémon werden in den Zustand\nUntergang versetzt.
27,4,196,Eissturm,Die Initiative der Ziele wird um 1 Stufe gesenkt.
27,4,197,Scanner,In der Runde des Einsatzes wird der Anwender vor Attacken\ngeschützt. Mit jedem aufeinanderfolgenden Einsatz wird die\nErfolgschance gedrittelt.
27,4,198,Knochenhatz,Der Anwender greift 2- bis 5-mal in Serie an.
27,4,199,Zielschuss,Der Anwender wird in den Zustand Zielschuss versetzt.
27,4,200,Wutanfall,Der Anwender wird in den Zustand Tobsucht versetzt.
27,4,201,Sandsturm,"Der Anwender erzeugt einen Sandsturm, der 5 Runden lang\nanhält."
27,4,202,Gigasauger,Die KP des Anwenders werden um die Hälfte des verursachten\nSchadens aufgefüllt.
27,4,203,Ausdauer,"Erleidet der Anwender in der Runde des Einsatzes Schaden\ndurch eine Attacke, die ihn kampfunfähig machen würde,\nübersteht er diese mit 1 KP.\nMit jedem aufeinanderfolgenden Einsatz wird die Erfolgschance\ngedrittelt."
27,4,204,Charme,Der Angriff des Ziels wird um 2 Stufen gesenkt.
27,4,205,Walzer,
27,4,206,Trugschlag,
27,4,207,Angeberei,Der Angriff des Ziels wird um 2 Stufen erhöht und es wird\nverwirrt.
27,4,208,Milchgetränk,Die KP des Anwenders oder eines Mitstreiters werden um\ndie Hälfte des Maximalwerts aufgefüllt.
27,4,209,Funkensprung,
27,4,210,Zornklinge,
27,4,211,Stahlflügel,Die Verteidigung des Anwenders wird mit 10%iger\nWahrscheinlichkeit um 1 Stufe erhöht.
27,4,212,Horrorblick,Das Ziel wird in den Zustand Wechselsperre versetzt.
27,4,213,Anziehung,Das Ziel wird in den Zustand Anziehung versetzt.\nBei einem Ziel desselben oder unbekannten Geschlechts\nschlägt die Attacke fehl.
27,4,214,Schlafrede,"Der Einsatz dieser Attacke ist nur möglich, wenn der Anwender\nschläft. Der Anwender setzt eine zufällig ausgewählte Attacke\naus seinem Repertoire ein."
27,4,215,Vitalglocke,Alle Pokémon im Team des Anwenders und seines Mitstreiters\nwerden von Statusproblemen befreit.
27,4,216,Rückkehr,
27,4,217,Geschenk,
27,4,218,Frustration,
27,4,219,Bodyguard,"Auf der Mitstreiterseite wird der Zustand Bodyguard erzeugt,\nder 5 Runden lang anhält."
27,4,220,Leidteiler,Die verbleibenden KP von Anwender und Ziel werden addiert\nund gleichmäßig unter beiden aufgeteilt.
27,4,221,Läuterfeuer,
27,4,222,Intensität,
27,4,223,Wuchtschlag,Das Ziel wird verwirrt.
27,4,224,Vielender,
27,4,225,Feuerodem,
27,4,226,Stafette,Der Anwender wird gegen ein anderes Pokémon seines Teams\nausgewechselt. Sämtliche Statuswertänderungen und Effekte\nwie Delegator werden auf dieses Pokémon übertragen.
27,4,227,Zugabe,Das Ziel wird in den Zustand Zugabe versetzt.
27,4,228,Verfolgung,
27,4,229,Turbodreher,"Der Anwender wird von den Zuständen Umschlingung und\nEgelsamen, und die Mitstreiterseite von Stachler, Giftspitzen,\nKlebenetz und Tarnsteine befreit.\nDie Initiative des Anwenders wird um 1 Stufe erhöht."
27,4,230,Lockduft,Der Ausweichwert der Ziele wird um 2 Stufen gesenkt.
27,4,231,Eisenschweif,Die Verteidigung des Ziels wird mit 30%iger Wahrscheinlichkeit\num 1 Stufe gesenkt.
27,4,232,Metallklaue,
27,4,233,Überwurf,
27,4,234,Morgengrauen,"Die KP des Anwenders werden um die Hälfte des\nMaximalwerts aufgefüllt.\nBei Sonnenschein werden sie um 2/3 des Maximalwerts\naufgefüllt, bei allen anderen Wettereffekten um 1/4 des\nMaximalwerts."
27,4,235,Synthese,"Die KP des Anwenders werden um die Hälfte des\nMaximalwerts aufgefüllt.\nBei Sonnenschein werden sie um 2/3 des Maximalwerts\naufgefüllt, bei allen anderen Wettereffekten um 1/4 des\nMaximalwerts."
27,4,236,Mondschein,"Die KP des Anwenders werden um die Hälfte des\nMaximalwerts aufgefüllt.\nBei Sonnenschein werden sie um 2/3 des Maximalwerts\naufgefüllt, bei allen anderen Wettereffekten um 1/4 des\nMaximalwerts."
27,4,237,Kraftreserve,
27,4,238,Kreuzhieb,Der Angriff erfolgt mit um 1 Stufe erhöhter Volltrefferquote.
27,4,239,Windhose,
27,4,240,Regentanz,"Der Anwender erzeugt Regen, der 5 Runden lang anhält."
27,4,241,Sonnentag,"Der Anwender erzeugt Sonnenschein, der 5 Runden lang anhält."
27,4,242,Knirscher,Die Verteidigung des Ziels wird mit 20%iger Wahrscheinlichkeit\num 1 Stufe gesenkt.
27,4,243,Spiegelcape,"Wurde der Anwender in der Runde des Einsatzes von der\nSpezial-Attacke eines Gegners getroffen, wird das Doppelte\ndes Schadens auf den Angreifer zurückgeworfen."
27,4,244,Psycho-Plus,Der Anwender kopiert die Statuswertänderungen des Ziels.
27,4,245,Turbotempo,
27,4,246,Antik-Kraft,"Der Angriff, der Spezial-Angriff, die Verteidigung,\ndie Spezial-Verteidigung und die Initiative des Anwenders\nwerden mit 10%iger Wahrscheinlichkeit um 1 Stufe erhöht."
27,4,247,Spukball,Die Spezial-Verteidigung des Ziels wird mit 20%iger\nWahrscheinlichkeit um 1 Stufe gesenkt.
27,4,248,Seher,"Die Stelle, an der sich das Ziel befindet, wird in den Zustand\nZukunftsangriff versetzt."
27,4,249,Zertrümmerer,
27,4,250,Whirlpool,Das Ziel wird in den Zustand Umschlingung versetzt.\nBei Zielen im Zustand Abgetaucht wird die Stärke\ndieser Attacke verdoppelt.
27,4,251,Prügler,"Die Anzahl der Angriffe entspricht der Anzahl der\nTeam-Mitglieder des Anwenders.\nKampfunfähige Team-Mitglieder oder Team-Mitglieder,\ndie unter Statusproblemen leiden, zählen nicht.\nDie Stärke der Attacke berechnet sich aus den Angriffs-Werten\nder Team-Mitglieder."
27,4,252,Mogelhieb,"Das Ziel schreckt zurück. Die Attacke wird nur erfolgreich\nausgeführt, wenn sie sofort nach Kampfantritt eingesetzt wird."
27,4,253,Aufruhr,Der Anwender wird in den Zustand Aufruhr versetzt.
27,4,254,Horter,"Die Verteidigung und die Spezial-Verteidigung des Anwenders\nwerden um 1 Stufe erhöht. Der Zustand Horter nimmt um 1 zu,\nmit einem Maximalwert von 3."
27,4,255,Entfessler,"Je höher der Wert des Zustands Horter, desto höher die Stärke\nder Attacke. Die Stärke kann zwischen 100 und 300 liegen.\nBefindet sich der Anwender nicht im Zustand Horter, schlägt\ndie Attacke fehl."
27,4,256,Verzehrer,"KP des Anwenders werden abhängig vom Horter-Wert aufgefüllt.\nWert von 1: 25 % der maximalen KP.\nWert von 2: 50 % der maximalen KP.\nWert von 3: 100 % der maximalen KP.\nSchlägt fehl, wenn Anwender sich nicht im Zustand Horter befindet."
27,4,257,Hitzewelle,Ziele erleiden mit 10%iger Wahrscheinlichkeit\nVerbrennungen.
27,4,258,Hagelsturm,
27,4,259,Folterknecht,Das Ziel wird in den Zustand Folgensperre versetzt.
27,4,260,Schmeichler,Der Spezial-Angriff des Ziels wird um 1 Stufe erhöht und\nes wird verwirrt.
27,4,261,Irrlicht,Das Ziel erleidet Verbrennungen.
27,4,262,Memento-Mori,Der Anwender wird kampfunfähig.\nIm Gegenzug werden Angriff und Spezial-Angriff des Ziels\num 2 Stufen gesenkt.
27,4,263,Fassade,"Die Stärke der Attacke wird verdoppelt, wenn der Anwender\nvergiftet, schwer vergiftet oder paralysiert ist oder unter\nVerbrennungen leidet.\nAußerdem wird der den Schaden von physischen Attacken\nhalbierende Effekt von Verbrennungen ignoriert."
27,4,264,Power-Punch,"Diese Attacke schlägt fehl, wenn der Anwender in derselben\nRunde vor ihrem Einsatz von einer Attacke getroffen wird."
27,4,265,Riechsalz,
27,4,266,Spotlight,"Alle gegnerischen Attacken werden auf den Anwender\numgeleitet. Wirkt nur bei Attacken, für die ein einzelnes Ziel\nausgewählt werden muss."
27,4,267,Natur-Kraft,
27,4,268,Ladevorgang,Die Spezial-Verteidigung des Anwenders wird um 1 Stufe\nerhöht.\nDer Anwender wird in den Zustand Elektro-Boost versetzt.
27,4,269,Verhöhner,Das Ziel wird in den Zustand Verhöhner versetzt.
27,4,270,Rechte Hand,In der Runde des Einsatzes wird die Stärke der Attacke eines\nMitstreiters um 50 % erhöht.
27,4,271,Trickbetrug,Die getragenen Items von Anwender und Ziel werden getauscht.
27,4,272,Rollenspiel,Der Anwender nimmt die Fähigkeit des Ziels an.
27,4,273,Wunschtraum,"An der Stelle, an der sich der Anwender befindet,\nwird der Zustand Wunschtraum erzeugt."
27,4,274,Zuschuss,
27,4,275,Verwurzler,Der Anwender wird in den Zustand Verwurzler versetzt.
27,4,276,Kraftkoloss,Der Angriff und die Verteidigung des Anwenders werden um\n1 Stufe gesenkt.
27,4,277,Magiemantel,
27,4,278,Aufbereitung,Der Anwender stellt sein zuletzt verbrauchtes Item wieder her\nund trägt es erneut.
27,4,279,Vergeltung,
27,4,280,Durchbruch,"Beim Angriff des Anwenders werden die Zustände Reflektor,\nLichtschild und Auroraschleier auf der Seite des Ziels\naufgehoben."
27,4,281,Gähner,Das Ziel wird schläfrig gemacht.\nDiese Attacke trifft garantiert.
27,4,282,Abschlag,"Trägt das Ziel ein Item, steigt die Stärke dieser Attacke um 50 %.\nDas Ziel verliert sein Item."
27,4,283,Notsituation,"Der Anwender verursacht Schaden, dessen Höhe den\nverbleibenden KP des Ziels minus denen des Anwenders\nentspricht.\nSind die KP des Ziels gleich oder geringer als die des\nAnwenders, schlägt die Attacke fehl."
27,4,284,Eruption,"Je geringer die verbleibenden KP des Anwenders,\ndesto niedriger die Stärke dieser Attacke.\nDie Stärke kann zwischen 1 und 150 liegen."
27,4,285,Fähigkeitstausch,Die Fähigkeiten von Anwender und Ziel werden getauscht.
27,4,286,Begrenzer,Der Anwender wird in den Zustand Begrenzer versetzt.
27,4,287,Heilung,
27,4,288,Nachspiel,
27,4,289,Übernahme,
27,4,290,Geheimpower,
27,4,291,Taucher,Der Anwender wird in der Runde des Einsatzes in den Zustand\nAbgetaucht versetzt und greift in der nächsten Runde an.
27,4,292,Armstoß,
27,4,293,Tarnung,
27,4,294,Schweifglanz,
27,4,295,Scheinwerfer,
27,4,296,Nebelball,
27,4,297,Daunenreigen,Der Angriff des Ziels wird um 2 Stufen gesenkt.
27,4,298,Taumeltanz,Alle am Kampf beteiligten Pokémon außer dem Anwender\nwerden verwirrt.
27,4,299,Feuerfeger,Das Ziel erleidet mit 10%iger Wahrscheinlichkeit\nVerbrennungen.\nDer Angriff erfolgt mit um 1 Stufe erhöhter Volltrefferquote.
27,4,300,Lehmsuhler,
27,4,301,Frostbeule,
27,4,302,Nietenranke,
27,4,303,Tagedieb,Die KP des Anwenders werden um die Hälfte des\nMaximalwerts aufgefüllt.
27,4,304,Schallwelle,
27,4,305,Giftzahn,Das Ziel wird mit 50%iger Wahrscheinlichkeit schwer vergiftet.
27,4,306,Zermalmklaue,Die Verteidigung des Ziels wird mit 50%iger Wahrscheinlichkeit\num 1 Stufe gesenkt.
27,4,307,Lohekanonade,In der Runde nach Einsatz ist der Anwender handlungsunfähig.
27,4,308,Aquahaubitze,In der Runde nach Einsatz ist der Anwender handlungsunfähig.
27,4,309,Sternenhieb,Der Angriff des Anwenders wird mit 20%iger Wahrscheinlichkeit\num 1 Stufe erhöht.
27,4,310,Erstauner,
27,4,311,Meteorologe,"Ist ein Wettereffekt aktiv, wird die Stärke dieser Attacke\nverdoppelt und ihr Typ ändert sich.\nBei Sonnenschein nimmt sie den Typ Feuer an, bei Regen den\nTyp Wasser, bei Schnee den Typ Eis und bei einem Sandsturm\nden Typ Gestein."
27,4,312,Aromakur,
27,4,313,Trugträne,Die Spezial-Verteidigung des Ziels wird um 2 Stufen gesenkt.
27,4,314,Windschnitt,Der Angriff erfolgt mit um 1 Stufe erhöhter Volltrefferquote.
27,4,315,Hitzekoller,Der Spezial-Angriff des Anwenders wird um 2 Stufen gesenkt.
27,4,316,Schnüffler,
27,4,317,Felsgrab,Die Initiative des Ziels wird um 1 Stufe gesenkt.
27,4,318,Silberhauch,
27,4,319,Metallsound,Die Spezial-Verteidigung des Ziels wird um 2 Stufen gesenkt.
27,4,320,Grasflöte,
27,4,321,Spaßkanone,Der Angriff und die Verteidigung des Ziels werden um\n1 Stufe gesenkt.
27,4,322,Kosmik-Kraft,Die Verteidigung und die Spezial-Verteidigung des Anwenders\nwerden um 1 Stufe erhöht.
27,4,323,Fontränen,"Je geringer die verbleibenden KP des Anwenders,\ndesto niedriger die Stärke dieser Attacke.\nDie Stärke kann zwischen 1 und 150 liegen."
27,4,324,Ampelleuchte,
27,4,325,Finsterfaust,Diese Attacke trifft garantiert.
27,4,326,Sondersensor,Das Ziel schreckt mit 10%iger Wahrscheinlichkeit zurück.
27,4,327,Himmelhieb,
27,4,328,Sandgrab,Das Ziel wird in den Zustand Umschlingung versetzt.
27,4,329,Eiseskälte,"Das Ziel wird kampfunfähig. Die Genauigkeit dieser Attacke ist\nauf 30 % festgesetzt. Ziele vom Typ Eis werden nicht getroffen.\nGehört der Anwender nicht dem Typ Eis an, beträgt die\nGenauigkeit der Attacke 20 %."
27,4,330,Lehmbrühe,Die Genauigkeit der Ziele wird mit 30%iger Wahrscheinlichkeit\num 1 Stufe gesenkt.
27,4,331,Kugelsaat,Der Anwender greift 2- bis 5-mal in Serie an.
27,4,332,Aero-Ass,Diese Attacke trifft garantiert.
27,4,333,Eisspeer,Der Anwender greift 2- bis 5-mal in Serie an.
27,4,334,Eisenabwehr,Die Verteidigung des Anwenders wird um 2 Stufen erhöht.
27,4,335,Rückentzug,Das Ziel wird in den Zustand Wechselsperre versetzt.
27,4,336,Jauler,Der Angriff des Anwenders und seiner Mitstreiter wird um\n1 Stufe erhöht.
27,4,337,Drachenklaue,
27,4,338,Flora-Statue,In der Runde nach Einsatz ist der Anwender handlungsunfähig.
27,4,339,Protzer,Der Angriff und die Verteidigung des Anwenders werden um\n1 Stufe erhöht.
27,4,340,Sprungfeder,Der Anwender wird in der Runde des Einsatzes in den Zustand\nAbgehoben versetzt und greift in der nächsten Runde an.\nDas Ziel wird mit 30%iger Wahrscheinlichkeit paralysiert.
27,4,341,Lehmschuss,Die Initiative des Ziels wird um 1 Stufe gesenkt.
27,4,342,Giftschweif,
27,4,343,Bezirzer,"Trägt der Anwender kein Item, stiehlt er das Item des Ziels."
27,4,344,Volttackle,Der Anwender erleidet 1/3 des verursachten Schadens selbst.\nDas Ziel wird mit 10%iger Wahrscheinlichkeit paralysiert.
27,4,345,Zauberblatt,
27,4,346,Nassmacher,
27,4,347,Gedankengut,Der Spezial-Angriff und die Spezial-Verteidigung des Anwenders\nwerden um 1 Stufe erhöht.
27,4,348,Laubklinge,Der Angriff erfolgt mit um 1 Stufe erhöhter Volltrefferquote.
27,4,349,Drachentanz,Der Angriff und die Initiative des Anwenders werden um\n1 Stufe erhöht.
27,4,350,Felswurf,Der Anwender greift 2- bis 5-mal in Serie an.
27,4,351,Schockwelle,
27,4,352,Aquawelle,Das Ziel wird mit 20%iger Wahrscheinlichkeit verwirrt.
27,4,353,Kismetwunsch,
27,4,354,Psyschub,
27,4,355,Ruheort,"Die KP des Anwenders werden um die Hälfte des\nMaximalwerts aufgefüllt.\nGehört der Anwender dem Typ Flug an, verliert er diesen\nTyp in der Runde des Einsatzes."
27,4,356,Erdanziehung,"Auf dem gesamten Kampffeld wird der Zustand Erdanziehung\nerzeugt, der 5 Runden lang anhält."
27,4,357,Wunderauge,
27,4,358,Weckruf,
27,4,359,Hammerarm,Die Initiative des Anwenders wird um 1 Stufe gesenkt.
27,4,360,Gyroball,"Je niedriger die Initiative des Anwenders im Vergleich\nzu der des Ziels, desto höher die Stärke dieser Attacke.\nDie Stärke kann zwischen 1 und 150 liegen."
27,4,361,Heilopfer,Der Anwender wird kampfunfähig.\nIm Gegenzug werden die KP des an seiner Stelle\neingewechselten Pokémon vollständig aufgefüllt und\nes wird von sämtlichen Statusproblemen befreit.
27,4,362,Lake,
27,4,363,Beerenkräfte,
27,4,364,Offenlegung,Durch den Angriff des Anwenders werden Effekte von Attacken\nwie Schutzschild und Scanner aufgehoben.
27,4,365,Pflücker,"Trägt das Ziel eine Beere, isst der Anwender sie stattdessen und\nbeansprucht ihren Effekt für sich."
27,4,366,Rückenwind,"Auf der Mitstreiterseite wird der Zustand Rückenwind erzeugt,\nder 4 Runden lang anhält."
27,4,367,Akupressur,"Einer der folgenden Statuswerte des Anwenders oder eines\nMitstreiters wird um 2 Stufen erhöht:\nAngriff, Spezial-Angriff, Verteidigung, Spezial-Verteidigung,\nInitiative, Genauigkeit oder Ausweichwert."
27,4,368,Metallstoß,"Wurde der Anwender in der Runde des Einsatzes von der\nAttacke eines Gegners getroffen, werden 150 % des Schadens\nauf den Angreifer zurückgeworfen."
27,4,369,Kehrtwende,Der Anwender wird nach dem Angriff gegen ein anderes\nPokémon seines Teams ausgewechselt.
27,4,370,Nahkampf,Die Verteidigung und die Spezial-Verteidigung des Anwenders\nwerden um 1 Stufe gesenkt.
27,4,371,Gegenstoß,"Greift der Anwender nach dem Ziel an, wird die Stärke dieser\nAttacke verdoppelt."
27,4,372,Gewissheit,"Hat das Ziel in der Runde des Einsatzes bereits Schaden\nerlitten, wird die Stärke dieser Attacke verdoppelt."
27,4,373,Itemsperre,
27,4,374,Schleuder,"Stärke und Effekt dieser Attacke hängen davon ab,\nwelches Item der Anwender trägt.\nBei Einsatz der Attacke wird das Item verbraucht."
27,4,375,Psybann,
27,4,376,Trumpfkarte,
27,4,377,Heilblockade,
27,4,378,Auswringen,
27,4,379,Krafttrick,Der Anwender wird in den Zustand Ang.-Vert.-Tausch versetzt.
27,4,380,Magensäfte,Das Ziel wird in den Zustand Keine Fähigkeit versetzt.
27,4,381,Beschwörung,
27,4,382,Egotrip,
27,4,383,Imitator,"Der Anwender setzt die zuletzt verwendete Attacke ein.\nWurde zuvor keine andere Attacke eingesetzt, schlägt diese\nAttacke fehl."
27,4,384,Krafttausch,Die Änderungen am Angriffs- und Spezial-Angriffs-Wert des\nAnwenders werden mit denen des Ziels getauscht.
27,4,385,Schutztausch,Die Änderungen am Verteidigungs- und Spezial-Verteidigungs-\nWert des Anwenders werden mit denen des Ziels getauscht.
27,4,386,Strafattacke,
27,4,387,Zuflucht,"Diese Attacke gelingt nur, wenn der Anwender zuvor alle\nanderen erlernten Attacken eingesetzt hat."
27,4,388,Sorgensamen,Die Fähigkeit des Ziels wird durch die Fähigkeit Insomnia\nersetzt.
27,4,389,Tiefschlag,"Diese Attacke gelingt nur, wenn das Ziel in der Runde des\nEinsatzes einen Angriff ausgewählt, diesen aber noch\nnicht ausgeführt hat."
27,4,390,Giftspitzen,Auf der Gegnerseite wird der Zustand Giftspitzen erzeugt.
27,4,391,Statustausch,
27,4,392,Wasserring,Der Anwender wird in den Zustand Wasserring versetzt.
27,4,393,Magnetflug,Der Anwender wird in den Zustand Magnetflug versetzt.
27,4,394,Flammenblitz,Der Anwender erleidet 1/3 des verursachten Schadens selbst.\nDas Ziel erleidet mit 10%iger Wahrscheinlichkeit\nVerbrennungen.\nBei Einsatz wird der Anwender aufgetaut.
27,4,395,Kraftwelle,
27,4,396,Aurasphäre,Diese Attacke trifft garantiert.
27,4,397,Steinpolitur,Die Initiative des Anwenders wird um 2 Stufen erhöht.
27,4,398,Gifthieb,Das Ziel wird mit 30%iger Wahrscheinlichkeit vergiftet.
27,4,399,Finsteraura,Das Ziel schreckt mit 20%iger Wahrscheinlichkeit zurück.
27,4,400,Nachthieb,Der Angriff erfolgt mit um 1 Stufe erhöhter Volltrefferquote.
27,4,401,Nassschweif,
27,4,402,Samenbomben,
27,4,403,Luftschnitt,Das Ziel schreckt mit 30%iger Wahrscheinlichkeit zurück.
27,4,404,Kreuzschere,
27,4,405,Käfergebrumm,Die Spezial-Verteidigung des Ziels wird mit 10%iger\nWahrscheinlichkeit um 1 Stufe gesenkt.
27,4,406,Drachenpuls,
27,4,407,Drachenstoß,Das Ziel schreckt mit 20%iger Wahrscheinlichkeit zurück.\nBei Zielen im Zustand Komprimator wird die Stärke dieser\nAttacke verdoppelt und sie trifft garantiert.
27,4,408,Juwelenkraft,
27,4,409,Ableithieb,Die KP des Anwenders werden um die Hälfte des verursachten\nSchadens aufgefüllt.
27,4,410,Vakuumwelle,
27,4,411,Fokusstoß,Die Spezial-Verteidigung des Ziels wird mit 10%iger\nWahrscheinlichkeit um 1 Stufe gesenkt.
27,4,412,Energieball,Die Spezial-Verteidigung des Ziels wird mit 10%iger\nWahrscheinlichkeit um 1 Stufe gesenkt.
27,4,413,Sturzflug,Der Anwender erleidet 1/3 des verursachten Schadens selbst.
27,4,414,Erdkräfte,Die Spezial-Verteidigung des Ziels wird mit 10%iger\nWahrscheinlichkeit um 1 Stufe gesenkt.
27,4,415,Wechseldich,Die getragenen Items von Anwender und Ziel werden getauscht.
27,4,416,Gigastoß,In der Runde nach Einsatz ist der Anwender handlungsunfähig.
27,4,417,Ränkeschmied,Der Spezial-Angriff des Anwenders wird um 2 Stufen erhöht.
27,4,418,Patronenhieb,
27,4,419,Lawine,"Die Stärke dieser Attacke verdoppelt sich, wenn der Anwender\nin der Runde des Einsatzes Schaden durch eine Attacke des\nZiels erlitten hat."
27,4,420,Eissplitter,
27,4,421,Dunkelklaue,Der Angriff erfolgt mit um 1 Stufe erhöhter Volltrefferquote.
27,4,422,Donnerzahn,Das Ziel wird mit 10%iger Wahrscheinlichkeit paralysiert und\nschreckt mit 10%iger Wahrscheinlichkeit zurück.
27,4,423,Eiszahn,Das Ziel wird mit 10%iger Wahrscheinlichkeit eingefroren und\nschreckt mit 10%iger Wahrscheinlichkeit zurück.
27,4,424,Feuerzahn,Das Ziel erleidet mit 10%iger Wahrscheinlichkeit Verbrennungen\nund schreckt mit 10%iger Wahrscheinlichkeit zurück.
27,4,425,Schattenstoß,
27,4,426,Schlammbombe,
27,4,427,Psychoklinge,Der Angriff erfolgt mit um 1 Stufe erhöhter Volltrefferquote.
27,4,428,Zen-Kopfstoß,Das Ziel schreckt mit 20%iger Wahrscheinlichkeit zurück.
27,4,429,Spiegelsalve,
27,4,430,Lichtkanone,Die Spezial-Verteidigung des Ziels wird mit 10%iger\nWahrscheinlichkeit um 1 Stufe gesenkt.
27,4,431,Kraxler,
27,4,432,Auflockern,"Der Ausweichwert des Ziels wird um 1 Stufe gesenkt.\nZustände wie Reflektor, Stachler, Bodyguard oder Felder\nwerden aufgehoben."
27,4,433,Bizarroraum,"Auf dem gesamten Kampffeld wird der Zustand Bizarroraum\nerzeugt, der 5 Runden lang anhält."
27,4,434,Draco Meteor,Der Spezial-Angriff des Anwenders wird um 2 Stufen gesenkt.
27,4,435,Ladungsstoß,Ziele werden mit 30%iger Wahrscheinlichkeit paralysiert.
27,4,436,Flammensturm,Ziele erleiden mit 30%iger Wahrscheinlichkeit Verbrennungen.
27,4,437,Blättersturm,Der Spezial-Angriff des Anwenders wird um 2 Stufen gesenkt.
27,4,438,Blattgeißel,
27,4,439,Felswerfer,In der Runde nach Einsatz ist der Anwender handlungsunfähig.
27,4,440,Giftstreich,Das Ziel wird mit 10%iger Wahrscheinlichkeit vergiftet.\nDer Angriff erfolgt mit um 1 Stufe erhöhter Volltrefferquote.
27,4,441,Mülltreffer,Das Ziel wird mit 30%iger Wahrscheinlichkeit vergiftet.
27,4,442,Eisenschädel,Das Ziel schreckt mit 20%iger Wahrscheinlichkeit zurück.
27,4,443,Magnetbombe,
27,4,444,Steinkante,Der Angriff erfolgt mit um 1 Stufe erhöhter Volltrefferquote.
27,4,445,Liebreiz,
27,4,446,Tarnsteine,Auf der Gegnerseite wird der Zustand Tarnsteine erzeugt.
27,4,447,Strauchler,"Je schwerer das Ziel, desto höher die Stärke dieser Attacke.\nDie Stärke kann zwischen 20 und 120 liegen."
27,4,448,Geschwätz,
27,4,449,Urteilskraft,
27,4,450,Käferbiss,"Trägt das Ziel eine Beere, isst der Anwender sie stattdessen\nund beansprucht ihren Effekt für sich."
27,4,451,Ladestrahl,Der Spezial-Angriff des Anwenders wird mit 70%iger\nWahrscheinlichkeit um 1 Stufe erhöht.
27,4,452,Holzhammer,Der Anwender erleidet 1/3 des verursachten Schadens selbst.
27,4,453,Wasserdüse,
27,4,454,Schlagbefehl,
27,4,455,Blockbefehl,
27,4,456,Heilbefehl,
27,4,457,Kopfstoß,Der Anwender erleidet die Hälfte des verursachten\nSchadens selbst.
27,4,458,Doppelschlag,Der Anwender greift 2-mal in Serie an.
27,4,459,Zeitenlärm,
27,4,460,Raumschlag,
27,4,461,Lunartanz,
27,4,462,Quetschgriff,
27,4,463,Lavasturm,
27,4,464,Schlummerort,
27,4,465,Schocksamen,
27,4,466,Unheilböen,
27,4,467,Schemenkraft,
27,4,468,Klauenwetzer,
27,4,469,Rundumschutz,"In der Runde des Einsatzes werden Anwender und Mitstreiter vor\nAttacken geschützt, die alle Pokémon auf der Mitstreiterseite\ntreffen würden."
27,4,470,Schutzteiler,Die Verteidigungs- und Spezial-Verteidigungs-Werte von\nAnwender und Ziel werden jeweils addiert und gleichmäßig\nunter beiden aufgeteilt.
27,4,471,Kraftteiler,Die Angriffs- und Spezial-Angriffs-Werte von Anwender und\nZiel werden jeweils addiert und gleichmäßig unter beiden\naufgeteilt.
27,4,472,Wunderraum,"Auf dem gesamten Kampffeld wird der Zustand Wunderraum\nerzeugt, der 5 Runden lang anhält."
27,4,473,Psychoschock,"Obwohl es sich um eine Spezial-Attacke handelt, wird der\nSchaden der Attacke mit dem Verteidigungs-Wert des Ziels\nerrechnet."
27,4,474,Giftschock,"Ist das Ziel vergiftet oder schwer vergiftet, wird die Stärke\ndieser Attacke verdoppelt."
27,4,475,Autotomie,
27,4,476,Wutpulver,"Alle gegnerischen Attacken werden auf den Anwender\numgeleitet. Wirkt nur bei Attacken, für die ein einzelnes Ziel\nausgewählt werden muss.\nDiese Attacke hat keine Wirkung auf Pokémon vom\nTyp Pflanze."
27,4,477,Telekinese,
27,4,478,Magieraum,"Auf dem gesamten Kampffeld wird der Zustand Magieraum\nerzeugt, der 5 Runden lang anhält."
27,4,479,Katapult,"Ziele, die sich nicht auf dem Boden befinden, werden in den\nZustand Herabgestürzt versetzt.\nDiese Attacke kann auch Ziele treffen, die sich im Zustand\nAbgehoben befinden."
27,4,480,Bergsturm,Diese Attacke hat Volltreffergarantie.
27,4,481,Funkenflug,
27,4,482,Schlammwoge,Ziele werden mit 10%iger Wahrscheinlichkeit vergiftet.
27,4,483,Falterreigen,"Der Spezial-Angriff, die Spezial-Verteidigung und die Initiative\ndes Anwenders werden um 1 Stufe erhöht."
27,4,484,Rammboss,"Je schwerer der Anwender im Vergleich zum Ziel, desto höher\ndie Stärke dieser Attacke.\nDie Stärke kann zwischen 40 und 120 liegen.\nBei Zielen im Zustand Komprimator wird die Stärke der Attacke\nverdoppelt und sie trifft garantiert."
27,4,485,Synchrolärm,
27,4,486,Elektroball,"Je höher die Initiative des Anwenders im Vergleich zum Ziel,\ndesto höher die Stärke dieser Attacke.\nDie Stärke kann zwischen 40 und 150 liegen."
27,4,487,Überflutung,Der Typ des Ziels wird durch den Typ Wasser ersetzt.
27,4,488,Nitroladung,Die Initiative des Anwenders wird um 1 Stufe erhöht.
27,4,489,Einrollen,"Der Angriff, die Verteidigung und die Genauigkeit des\nAnwenders werden um 1 Stufe erhöht."
27,4,490,Fußtritt,Die Initiative des Ziels wird um 1 Stufe gesenkt.
27,4,491,Säurespeier,Die Spezial-Verteidigung des Ziels wird um 2 Stufen gesenkt.
27,4,492,Schmarotzer,"Der Schaden der Attacke hängt nicht vom Angriffs-Wert des\nAnwenders, sondern von dem des Ziels ab."
27,4,493,Wankelstrahl,Die Fähigkeit des Ziels wird durch die Fähigkeit Wankelmut\nersetzt.
27,4,494,Zwango,Die Fähigkeit des Ziels wird durch die Fähigkeit des Anwenders\nersetzt.
27,4,495,Galanterie,Der Anwender lässt das Ziel direkt nach ihm handeln.
27,4,496,Kanon,"Setzen mehrere Pokémon diese Attacke in derselben Runde ein,\nerfolgt der zweite Einsatz direkt nach dem ersten. Ab dem\nzweiten Einsatz wird die Stärke der Attacke verdoppelt."
27,4,497,Widerhall,
27,4,498,Zermürben,
27,4,499,Klärsmog,Die Statuswertänderungen des Ziels werden zurückgesetzt.\nDiese Attacke trifft garantiert.
27,4,500,Kraftvorrat,"Mit jeder Stufe, um die die Statuswerte des Anwenders erhöht\nwurden, steigt die Stärke dieser Attacke um 20."
27,4,501,Rapidschutz,In der Runde des Einsatzes werden der Anwender und seine\nMitstreiter vor Prioritätsattacken geschützt.
27,4,502,Seitentausch,Der Anwender tauscht den Platz mit seinem Mitstreiter.\nMit jedem aufeinanderfolgenden Einsatz wird die Erfolgschance\ngedrittelt.
27,4,503,Siedewasser,Das Ziel erleidet mit 30%iger Wahrscheinlichkeit\nVerbrennungen.\nBei Einsatz werden der Anwender und das Ziel aufgetaut.
27,4,504,Hausbruch,"Die Verteidigung und die Spezial-Verteidigung des Anwenders\nwerden um 1 Stufe gesenkt, aber der Angriff, der Spezial-Angriff\nund die Initiative werden um 2 Stufen erhöht."
27,4,505,Heilwoge,Die KP des Ziels werden um die Hälfte des Maximalwerts\naufgefüllt.
27,4,506,Bürde,Bei Zielen mit einem Statusproblem wird die Stärke dieser\nAttacke verdoppelt.
27,4,507,Freier Fall,
27,4,508,Gangwechsel,Der Angriff des Anwenders wird um 1 Stufe und seine Initiative\num 2 Stufen erhöht.
27,4,509,Überkopfwurf,"Das Ziel wird mit einem zufälligen Team-Mitglied\nausgewechselt, insofern ein Team-Mitglied vorhanden ist."
27,4,510,Einäschern,
27,4,511,Verzögerung,Der Anwender lässt das Ziel in der Runde des Einsatzes zuletzt\nhandeln.
27,4,512,Akrobatik,"Trägt der Anwender kein Item, wird die Stärke dieser Attacke\nverdoppelt."
27,4,513,Typenspiegel,Der Typ des Anwenders wird mit dem Typ des Ziels ersetzt.
27,4,514,Heimzahlung,
27,4,515,Wagemut,Der Anwender verursacht Schaden in Höhe seiner\nverbleibenden KP und wird kampfunfähig.
27,4,516,Offerte,
27,4,517,Inferno,Das Ziel erleidet Verbrennungen.
27,4,518,Wassersäulen,
27,4,519,Feuersäulen,
27,4,520,Pflanzensäulen,
27,4,521,Voltwechsel,Der Anwender wird nach dem Angriff gegen ein anderes\nPokémon seines Teams ausgewechselt.
27,4,522,Käfertrutz,Der Spezial-Angriff der Ziele wird um 1 Stufe gesenkt.
27,4,523,Dampfwalze,"Die Initiative der Ziele wird um 1 Stufe gesenkt.\nIst ein Grasfeld aktiv, wird die Stärke der Attacke halbiert."
27,4,524,Eisesodem,Diese Attacke hat Volltreffergarantie.
27,4,525,Drachenrute,"Das Ziel wird mit einem zufälligen Team-Mitglied\nausgewechselt, insofern ein Team-Mitglied vorhanden ist."
27,4,526,Kraftschub,
27,4,527,Elektronetz,Die Initiative der Ziele wird um 1 Stufe gesenkt.
27,4,528,Stromstoß,Der Anwender erleidet 1/4 des verursachten Schadens selbst.
27,4,529,Schlagbohrer,Der Angriff erfolgt mit um 1 Stufe erhöhter Volltrefferquote.
27,4,530,Doppelhieb,
27,4,531,Herzstempel,
27,4,532,Holzgeweih,Die KP des Anwenders werden um die Hälfte des verursachten\nSchadens aufgefüllt.
27,4,533,Sanctoklinge,Der Anwender ignoriert beim Angriff sämtliche\nStatuswertänderungen des Ziels.
27,4,534,Kalkklinge,Die Verteidigung des Ziels wird mit 50%iger Wahrscheinlichkeit\num 1 Stufe gesenkt.
27,4,535,Brandstempel,"Je schwerer der Anwender im Vergleich zum Ziel, desto höher\ndie Stärke dieser Attacke.\nDie Stärke kann zwischen 40 und 120 liegen.\nBei Zielen im Zustand Komprimator wird die Stärke der Attacke\nverdoppelt und sie trifft garantiert."
27,4,536,Grasmixer,
27,4,537,Quetschwalze,
27,4,538,Watteschild,Die Verteidigung des Anwenders wird um 3 Stufen erhöht.
27,4,539,Nachtflut,Die Genauigkeit des Ziels wird mit 40%iger Wahrscheinlichkeit\num 1 Stufe gesenkt.
27,4,540,Psychostoß,
27,4,541,Kehrschelle,Der Anwender greift 2- bis 5-mal in Serie an.
27,4,542,Orkan,"Das Ziel wird mit 30%iger Wahrscheinlichkeit verwirrt.\nDiese Attacke kann auch Ziele treffen, die sich im Zustand\nAbgehoben befinden.\nBei Sonnenschein beträgt die Genauigkeit 50 %.\nBei Regen trifft die Attacke garantiert."
27,4,543,Steinschädel,
27,4,544,Klikkdiskus,
27,4,545,Flammenball,
27,4,546,Techblaster,
27,4,547,Urgesang,
27,4,548,Mystoschwert,
27,4,549,Eiszeit,
27,4,550,Blitzschlag,
27,4,551,Blauflammen,
27,4,552,Feuerreigen,Der Spezial-Angriff des Anwenders wird mit 50%iger\nWahrscheinlichkeit um 1 Stufe erhöht.
27,4,553,Frostvolt,
27,4,554,Frosthauch,
27,4,555,Standpauke,Der Spezial-Angriff der Ziele wird um 1 Stufe gesenkt.
27,4,556,Eiszapfhagel,Das Ziel schreckt mit 30%iger Wahrscheinlichkeit zurück.
27,4,557,V-Generator,
27,4,558,Kreuzflamme,
27,4,559,Kreuzdonner,
27,4,560,Flying Press,"Der Schaden dieser Attacke ergibt sich, indem die\nWechselwirkungen ihres Typs und die des Typs Flug\nkombiniert werden.\nBei Zielen im Zustand Komprimator wird die Stärke der Attacke\nverdoppelt und sie trifft garantiert."
27,4,561,Tatami-Schild,
27,4,562,Rülpser,"Hat der Anwender während des Kampfs noch keine Beere\ngegessen, schlägt die Attacke fehl."
27,4,563,Pflüger,
27,4,564,Klebenetz,Auf der Gegnerseite wird der Zustand Klebenetz erzeugt.
27,4,565,Stachelfinale,"Der Angriff des Anwenders wird um 3 Stufen erhöht,\nwenn er das Ziel mit dieser Attacke besiegt."
27,4,566,Phantomkraft,Der Anwender wird in der Runde des Einsatzes in den Zustand\nVerborgen versetzt und greift in der nächsten Runde an.\nDurch den Angriff des Anwenders werden Effekte von Attacken\nwie Schutzschild und Scanner aufgehoben.
27,4,567,Halloween,Das Ziel wird in den Zustand Halloween versetzt.
27,4,568,Kampfgebrüll,Der Angriff und der Spezial-Angriff des Ziels werden um\n1 Stufe gesenkt.
27,4,569,Plasmaschauer,
27,4,570,Parabolladung,Die KP des Anwenders werden um die Hälfte des verursachten\nSchadens aufgefüllt.
27,4,571,Waldesfluch,Das Ziel wird in den Zustand Waldesfluch versetzt.
27,4,572,Blütenwirbel,
27,4,573,Gefriertrockner,Diese Attacke ist auch gegen Wasser-Pokémon sehr effektiv.
27,4,574,Säuselstimme,
27,4,575,Abgangstirade,Der Angriff und der Spezial-Angriff des Ziels werden um 1 Stufe\ngesenkt und der Anwender wird gegen ein anderes Pokémon\nseines Teams ausgewechselt.
27,4,576,Invertigo,Sämtliche Statuswertänderungen des Ziels werden umgekehrt.
27,4,577,Diebeskuss,Die KP des Anwenders werden um 3/4 des verursachten\nSchadens aufgefüllt.
27,4,578,Trickschutz,
27,4,579,Floraschutz,
27,4,580,Grasfeld,"Auf dem gesamten Kampffeld wird ein Grasfeld erzeugt,\ndas 5 Runden lang anhält."
27,4,581,Nebelfeld,"Auf dem gesamten Kampffeld wird ein Nebelfeld erzeugt,\ndas 5 Runden lang anhält."
27,4,582,Elektrifizierung,"Trifft diese Attacke das Ziel, bevor es selbst eine Attacke\nausgeführt hat, nimmt seine Attacke in dieser Runde den\nTyp Elektro an."
27,4,583,Knuddler,Der Angriff des Ziels wird mit 10%iger Wahrscheinlichkeit um\n1 Stufe gesenkt.
27,4,584,Feenbrise,
27,4,585,Mondgewalt,Der Spezial-Angriff des Ziels wird mit 10%iger\nWahrscheinlichkeit um 1 Stufe gesenkt.
27,4,586,Überschallknall,
27,4,587,Feenschloss,Alle am Kampf beteiligten Pokémon werden in den Zustand\nFeenschloss versetzt.
27,4,588,Königsschild,"Der Anwender nimmt die Schildform an und wird in der Runde\ndes Einsatzes vor Angriffen geschützt.\nWird er dabei von einer Kontaktattacke getroffen, wird der\nAngriff des Angreifers um 1 Stufe gesenkt.\nMit jedem aufeinanderfolgenden Einsatz wird die Erfolgschance\ngedrittelt."
27,4,589,Kameradschaft,
27,4,590,Vertrauenssache,
27,4,591,Diamantsturm,
27,4,592,Dampfschwall,
27,4,593,Dimensionsloch,
27,4,594,Wasser-Shuriken,Der Anwender greift 2- bis 5-mal in Serie an.
27,4,595,Magieflamme,Der Spezial-Angriff des Ziels wird um 1 Stufe gesenkt.
27,4,596,Schutzstacheln,"In der Runde des Einsatzes wird der Anwender vor Attacken\ngeschützt.\nWird er dabei von einer Kontaktattacke getroffen, erleidet der\nAngreifer Schaden in Höhe von 1/8 seiner maximalen KP.\nMit jedem aufeinanderfolgenden Einsatz wird die Erfolgschance\ngedrittelt."
27,4,597,Duftwolke,Die Spezial-Verteidigung eines Mitstreiters wird um 1 Stufe\nerhöht.
27,4,598,Mystowellen,Der Spezial-Angriff des Ziels wird um 2 Stufen gesenkt.
27,4,599,Giftfalle,
27,4,600,Pulverschleuder,
27,4,601,Geokontrolle,
27,4,602,Magnetregler,"Die Verteidigung und die Spezial-Verteidigung des Anwenders\nund seiner Mitstreiter werden um 1 Stufe erhöht, insofern sie\nüber die Fähigkeit Plus oder die Fähigkeit Minus verfügen."
27,4,603,Goldene Zeiten,
27,4,604,Elektrofeld,"Auf dem gesamten Kampffeld wird ein Elektrofeld erzeugt,\ndas 5 Runden lang anhält."
27,4,605,Zauberschein,
27,4,606,Ehrentag,
27,4,607,Händchenhalten,
27,4,608,Kulleraugen,Der Angriff des Ziels wird um 1 Stufe gesenkt.
27,4,609,Wangenrubbler,Das Ziel wird paralysiert.
27,4,610,Zurückhaltung,
27,4,611,Plage,Das Ziel wird in den Zustand Umschlingung versetzt.
27,4,612,Steigerungshieb,
27,4,613,Unheilsschwingen,
27,4,614,Tausend Pfeile,
27,4,615,Tausend Wellen,
27,4,616,Bodengewalt,
27,4,617,Lux Calamitatis,Der Anwender erleidet die Hälfte des verursachten Schadens\nselbst.
27,4,618,Ursprungswoge,
27,4,619,Abgrundsklinge,
27,4,620,Zenitstürmer,
27,4,621,Dimensionswahn,
27,4,659,Sandsammler,
27,4,660,Überrumpler,"Die Attacke wird nur erfolgreich ausgeführt, wenn sie sofort\nnach Kampfantritt eingesetzt wird."
27,4,661,Bunker,"In der Runde des Einsatzes wird der Anwender vor Attacken\ngeschützt.\nWird er dabei von einer Kontaktattacke getroffen, wird der\nAngreifer vergiftet.\nMit jedem aufeinanderfolgenden Einsatz wird die Erfolgschance\ngedrittelt."
27,4,662,Schattenfessel,Das Ziel wird in den Zustand Wechselsperre versetzt.
27,4,663,Dark Lariat,Der Anwender ignoriert beim Angriff sämtliche\nStatuswertänderungen des Ziels.
27,4,664,Schaumserenade,Das Ziel wird von Verbrennungen geheilt.
27,4,665,Eishammer,Die Initiative des Anwenders wird um 1 Stufe gesenkt.
27,4,666,Florakur,
27,4,667,Pferdestärke,
27,4,668,Kraftabsorber,Die KP des Anwenders werden um die Höhe des Angriffs-Werts\ndes Ziels aufgefüllt.\nDer Angriff des Ziels wird um 1 Stufe gesenkt.
27,4,669,Solarklinge,Der Anwender wird in der Runde des Einsatzes in den Zustand\nKraftsammeln versetzt und greift in der nächsten Runde an.\nBei Sonnenschein wird er nicht in den Zustand Kraftsammeln\nversetzt und greift stattdessen sofort an.\nBei allen anderen Wettereffekten wird die Stärke dieser\nAttacke halbiert.
27,4,670,Blattwerk,
27,4,671,Rampenlicht,
27,4,672,Giftfaden,Die Initiative des Ziels wird um 2 Stufen gesenkt und es wird\nvergiftet.
27,4,673,Konzentration,
27,4,674,Hilfsmechanik,
27,4,675,Neck Strike,Das Ziel wird in den Zustand Neck Strike versetzt.
27,4,676,Pollenknödel,"Mitstreiter erleiden durch diese Attacke keinen Schaden,\nsondern ihre KP werden um die Hälfte des Maximalwerts\naufgefüllt."
27,4,677,Ankerschuss,
27,4,678,Psychofeld,"Auf dem gesamten Kampffeld wird ein Psychofeld erzeugt,\ndas 5 Runden lang anhält."
27,4,679,Anfallen,Der Angriff des Ziels wird um 1 Stufe gesenkt.
27,4,680,Feuerpeitsche,Die Verteidigung des Ziels wird um 1 Stufe gesenkt.
27,4,681,Überheblichkeit,"Mit jeder Stufe, um die die Statuswerte des Anwenders erhöht\nwurden, steigt die Stärke dieser Attacke um 20."
27,4,682,Ausbrennen,"Der Anwender verliert den Typ Feuer und wird aufgetaut.\nGehört der Anwender nicht dem Typ Feuer an, schlägt die\nAttacke fehl."
27,4,683,Initiativetausch,Die Initiative-Werte von Anwender und Ziel werden getauscht.
27,4,684,Schmalhorn,Diese Attacke trifft garantiert.
27,4,685,Läuterung,
27,4,686,Wecktanz,
27,4,687,Sanktionskern,
27,4,688,Tropenkick,Der Angriff des Ziels wird um 1 Stufe gesenkt.
27,4,689,Kommando,"Das Ziel wird dazu gezwungen, die zuletzt eingesetzte Attacke\nerneut einzusetzen."
27,4,690,Schnabelkanone,"Wird der Anwender vor dem Einsatz dieser Attacke von einer\nKontaktattacke getroffen, erleidet der Angreifer Verbrennungen."
27,4,691,Schuppenrasseln,Die Verteidigung des Anwenders wird um 1 Stufe gesenkt.
27,4,692,Drachenhammer,
27,4,693,Wirbler,
27,4,694,Auroraschleier,"Auf der Mitstreiterseite wird der Zustand Auroraschleier erzeugt,\nder 5 Runden lang anhält.\nDiese Attacke kann nur bei Schnee eingesetzt werden."
27,4,704,Panzerfalle,
27,4,705,Kanonenbouquet,
27,4,706,Psychobeißer,"Beim Angriff des Anwenders werden die Zustände Reflektor,\nLichtschild und Auroraschleier auf der Seite des Ziels\naufgehoben."
27,4,707,Fruststampfer,"Hat der Anwender in der vorherigen Runde nicht gehandelt,\nist seine Attacke fehlgeschlagen oder hat nicht getroffen,\nwird die Stärke dieser Attacke verdoppelt."
27,4,708,Schattenknochen,
27,4,709,Turbofelsen,
27,4,710,Aquadurchstoß,Die Verteidigung des Ziels wird mit 20%iger Wahrscheinlichkeit\num 1 Stufe gesenkt.
27,4,711,Prisma-Laser,
27,4,712,Diebesschatten,
27,4,713,Stahlgestirn,
27,4,714,Schattenstrahl,
27,4,715,Tränendrüse,Der Angriff und der Spezial-Angriff des Ziels werden um\n1 Stufe gesenkt. Diese Attacke trifft das Ziel unabhängig von\ndessen Ausweichwert und Effekten wie Schutzschild.
27,4,716,Elektropikser,Das Ziel schreckt mit 30%iger Wahrscheinlichkeit zurück.
27,4,717,Naturzorn,
27,4,718,Multi-Angriff,
27,4,720,Knallkopf,
27,4,721,Plasmafäuste,
27,4,722,Photonen-Geysir,
27,4,742,Panzerfäuste,
27,4,744,Dynamax-Kanone,
27,4,745,Präzisionsschuss,"Der Anwender ignoriert die Effekte von Fähigkeiten und\nAttacken, die Attacken umleiten.\nDer Angriff erfolgt mit um 1 Stufe erhöhter Volltrefferquote."
27,4,746,Fesselbiss,Das Ziel und der Anwender werden in den Zustand Fesselbiss\nversetzt.
27,4,747,Backenstopfer,"Der Anwender isst die Beere, die er bei sich trägt.\nSeine Verteidigung wird um 2 Stufen erhöht. Trägt er keine\nBeere bei sich, kann die Attacke nicht eingesetzt werden."
27,4,748,Finalformation,"Der Angriff, der Spezial-Angriff, die Verteidigung,\ndie Spezial-Verteidigung und die Initiative des Anwenders\nwerden um 1 Stufe erhöht.\nDer Anwender wird in den Zustand Wechselsperre versetzt.\nDiese Attacke kann nur ein Mal pro Kampfantritt erfolgreich\neingesetzt werden."
27,4,749,Teerschuss,
27,4,750,Magiepuder,Der Typ des Ziels wird durch den Typ Psycho ersetzt.\nDiese Attacke hat keine Wirkung auf Pokémon vom\nTyp Pflanze.
27,4,751,Drachenpfeile,"Der Anwender greift 2-mal in Serie an. Befinden sich zwei\nPokémon auf der Gegnerseite, greift er jedes davon jeweils\nein Mal an."
27,4,752,Teatime,"Alle am Kampf beteiligten Pokémon werden dazu gezwungen,\ndie Beeren zu essen, die sie tragen."
27,4,753,Octoklammer,Das Ziel wird in die Zustände Wechselsperre und\nOctoklammer versetzt.
27,4,754,Schockschnabel,
27,4,755,Kiemenbiss,
27,4,756,Seitenwechsel,Die Zustände von Mitstreiterseite und Gegnerseite\nwerden getauscht.
27,4,775,Seelentanz,"Der Anwender verliert 1/3 seiner maximalen KP,\naber sein Angriff, sein Spezial-Angriff, seine Verteidigung,\nseine Spezial-Verteidigung und seine Initiative werden um\n1 Stufe erhöht.\nVerfügt er nicht über genügend verbleibende KP,\nschlägt die Attacke fehl."
27,4,776,Body Press,"Der Schaden dieser Attacke hängt nicht vom Angriffs-Wert des\nAnwenders, sondern von seinem Verteidigungs-Wert ab."
27,4,777,Verzierung,Der Angriff und der Spezial-Angriff des Ziels werden um\n2 Stufen erhöht.
27,4,778,Trommelschläge,Die Initiative des Ziels wird um 1 Stufe gesenkt.
27,4,779,Fangeisen,Das Ziel wird in den Zustand Umschlingung versetzt.
27,4,780,Feuerball,Das Ziel erleidet mit 10%iger Wahrscheinlichkeit\nVerbrennungen.\nBei Einsatz wird der Anwender aufgetaut.
27,4,781,Gigantenhieb,
27,4,782,Gigantenstoß,
27,4,783,Aura-Rad,Die Initiative des Anwenders wird um 1 Stufe erhöht.\nDer Typ dieser Attacke hängt von Morpekos Form ab.
27,4,784,Breitseite,Der Angriff der Ziele wird um 1 Stufe gesenkt.
27,4,785,Zweigstoß,
27,4,786,Overdrive,
27,4,787,Apfelsäure,Die Spezial-Verteidigung des Ziels wird um 1 Stufe gesenkt.
27,4,788,Gravitation,"Die Verteidigung des Ziels wird um 1 Stufe gesenkt.\nWenn der Zustand Erdanziehung aktiv ist, steigt die Stärke\ndieser Attacke um 50 %."
27,4,789,Seelenbruch,Der Spezial-Angriff des Ziels wird um 1 Stufe gesenkt.
27,4,790,Wunderdampf,
27,4,791,Lebenstropfen,Die KP des Anwenders und seiner Mitstreiter werden um 1/4\nihres jeweiligen Maximalwerts aufgefüllt.
27,4,792,Abblocker,
27,4,793,Kniefalltrick,
27,4,794,Sternensturm,In der Runde nach Einsatz ist der Anwender handlungsunfähig.
27,4,795,Unendynastrahlen,
27,4,796,Stahlstrahl,Der Anwender erleidet nach dem Angriff Schaden in Höhe\nder Hälfte seiner maximalen KP.
27,4,797,Flächenmacht,"Steht der Anwender unter dem Einfluss eines Psychofelds,\nwird die Stärke der Attacke um 50 % erhöht und es werden\nalle Gegner angegriffen."
27,4,798,Eisenwalze,"Diese Attacke schlägt fehl, wenn kein Feld aktiv ist.\nDas aktive Feld wird aufgehoben."
27,4,799,Schuppenschuss,Der Anwender greift 2- bis 5-mal in Serie an.\nDie Verteidigung des Anwenders wird um 1 Stufe gesenkt\nund seine Initiative um 1 Stufe erhöht.
27,4,800,Meteorstrahl,In der Runde des Einsatzes wird der Spezial-Angriff des\nAnwenders um 1 Stufe erhöht und er wird in den Zustand\nKraftsammeln versetzt. In der nächsten Runde greift er an.
27,4,801,Muschelwaffe,"Das Ziel wird mit 20%iger Wahrscheinlichkeit vergiftet.\nSollte die Attacke als physische Attacke mehr Schaden\nanrichten, wird sie zu einer physischen Attacke."
27,4,802,Nebelexplosion,"Der Anwender wird bei Einsatz kampfunfähig.\nSteht er unter dem Einfluss eines Nebelfelds, steigt die Stärke\ndieser Attacke um 50 %."
27,4,803,Grasrutsche,"Steht der Anwender unter dem Einfluss eines Grasfelds,\nwird diese Attacke mit um 1 Stufe erhöhter Priorität eingesetzt."
27,4,804,Hochspannung,"Steht das Ziel unter dem Einfluss eines Elektrofelds,\nwird die Stärke dieser Attacke verdoppelt."
27,4,805,Feldimpuls,"Steht der Anwender unter dem Einfluss eines Felds,\nwird die Stärke dieser Attacke verdoppelt.\nDer Typ der Attacke ändert sich abhängig von der Art des Felds."
27,4,806,Krabbelkracher,Der Spezial-Angriff des Ziels wird um 1 Stufe gesenkt.
27,4,807,Neidflammen,"Wurden die Statuswerte der Ziele in der Runde des Einsatzes\nerhöht, erleiden sie Verbrennungen."
27,4,808,Frustventil,"Wurden die Statuswerte des Anwenders in der Runde des\nEinsatzes gesenkt, wird die Stärke dieser Attacke verdoppelt."
27,4,809,Poltergeist,"Trägt das Ziel kein Item, schlägt diese Attacke fehl."
27,4,810,Korrosionsgas,Alle Pokémon außer dem Anwender verlieren ihre\ngetragenen Items.
27,4,811,Coaching,Der Angriff und die Verteidigung der Mitstreiter werden um\n1 Stufe erhöht.
27,4,812,Rollwende,Der Anwender wird nach dem Angriff gegen ein anderes\nPokémon seines Teams ausgewechselt.
27,4,813,Dreifach-Axel,"Der Anwender greift 3-mal in Serie an.\nBeim ersten Angriff beträgt die Stärke 20, beim zweiten 40 und\nbeim dritten 60.\nTrifft einer der Angriffe nicht, wird die Serie unterbrochen."
27,4,814,Doppelflügel,Der Anwender greift 2-mal in Serie an.
27,4,815,Brandsand,Das Ziel erleidet mit 30%iger Wahrscheinlichkeit\nVerbrennungen.\nBei Einsatz werden der Anwender und das Ziel aufgetaut.
27,4,816,Dschungelheilung,
27,4,817,Finstertreffer,
27,4,818,Trefferschwall,
27,4,819,Blitzgefängnis,
27,4,820,Drachenkräfte,
27,4,821,Eisiger Blick,
27,4,822,Brennender Zorn,
27,4,823,Donnernder Tritt,
27,4,824,Blizzardlanze,
27,4,825,Astralfragmente,
27,4,826,Schauderspruch,Die AP der zuletzt eingesetzten Attacke des Ziels werden\num 3 gesenkt.
27,4,827,Unheilsklauen,"Das Ziel wird mit 30%iger Wahrscheinlichkeit entweder\nvergiftet, paralysiert oder in Schlaf versetzt."
27,4,828,Barrierenstoß,Die Verteidigung des Anwenders wird um 1 Stufe erhöht.
27,4,829,Kraftwechsel,Der Anwender wird in den Zustand Ang.-Vert.-Tausch versetzt.
27,4,830,Felsaxt,Auf der Gegnerseite wird der Zustand Tarnsteine erzeugt.
27,4,831,Frühlingsorkan,
27,4,832,Mythenkraft,
27,4,833,Flammenwut,Der Anwender wird in den Zustand Tobsucht versetzt.
27,4,834,Wellentackle,Der Anwender erleidet 1/3 des verursachten Schadens selbst.
27,4,835,Chlorostrahl,
27,4,836,Frostfallwind,Das Ziel schreckt mit 30%iger Wahrscheinlichkeit zurück.
27,4,837,Siegestanz,
27,4,838,Schmetterramme,Die Verteidigung und die Spezial-Verteidigung des Anwenders\nwerden um 1 Stufe gesenkt.
27,4,839,Giftstachelregen,"Das Ziel wird mit 50%iger Wahrscheinlichkeit vergiftet.\nIst das Ziel vergiftet oder schwer vergiftet, wird die Stärke\ndieser Attacke verdoppelt."
27,4,840,Auraschwingen,
27,4,841,Niedertracht,Der Angriff des Ziels wird um 1 Stufe gesenkt.
27,4,842,Refugium,Die Verteidigung des Anwenders wird um 2 Stufen erhöht.
27,4,843,Drillingspfeile,Die Verteidigung des Ziels wird mit 50%iger Wahrscheinlichkeit\num 1 Stufe gesenkt.\nDas Ziel schreckt mit 30%iger Wahrscheinlichkeit zurück.\nDer Angriff erfolgt mit um 1 Stufe erhöhter Volltrefferquote.
27,4,844,Phantomparade,Das Ziel erleidet mit 30%iger Wahrscheinlichkeit\nVerbrennungen.\nBei Zielen mit einem Statusproblem wird die Stärke dieser\nAttacke verdoppelt.
27,4,845,Klingenschwall,Auf der Gegnerseite wird der Zustand Stachler erzeugt.
27,4,846,Polarorkan,
27,4,847,Donnerorkan,
27,4,848,Wüstenorkan,
27,4,849,Lunargebet,
27,4,850,Mutschub,
27,4,851,Tera-Ausbruch,
27,4,852,Fadenfalle,
27,4,853,Fersenkick,"Das Ziel wird mit 30%iger Wahrscheinlichkeit verwirrt.\nSchlägt die Attacke fehl oder trifft nicht, erleidet der Anwender\nSchaden in Höhe der Hälfte seiner maximalen KP."
27,4,854,Letzte Ehre,"Die Stärke dieser Attacke wird für jedes Mal, wenn ein Pokémon\nim Team des Anwenders kampfunfähig wird, um 50 erhöht."
27,4,855,Lichteinschlag,Die Spezial-Verteidigung des Ziels wird um 2 Stufen gesenkt.
27,4,856,Auftischen,
27,4,857,Düsenhieb,
27,4,858,Chili-Essenz,Die Verteidigung des Ziels wird um 2 Stufen gesenkt und sein\nAngriff um 2 Stufen erhöht.
27,4,859,Reifendrehung,
27,4,860,Mäuseplage,"Der Anwender greift 1- bis 10-mal in Serie an.\nTrifft einer der Angriffe nicht, wird die Serie unterbrochen."
27,4,861,Eiskreisel,Das aktive Feld wird aufgehoben.
27,4,862,Großklingenstoß,Der Anwender wird bis zu seiner nächsten Handlung in den\nZustand Schutzlos versetzt.
27,4,863,Vitalsegen,Ein kampfunfähiges Team-Mitglied wird wiederbelebt und\nseine KP werden um die Hälfte des Maximalwerts aufgefüllt.
27,4,864,Pökelsalz,Das Ziel wird in den Zustand Pökelsalz versetzt.
27,4,865,Tauchtriade,
27,4,866,Letalwirbler,"Der Anwender wird von den Zuständen Umschlingung und\nEgelsamen, und die Mitstreiterseite von Stachler, Giftspitzen,\nKlebenetz und Tarnsteine befreit. Das Ziel wird vergiftet."
27,4,867,Abpausen,
27,4,868,Abspaltung,
27,4,869,Kniefallspalter,Diese Attacke trifft garantiert.
27,4,870,Blumentrick,Diese Attacke trifft garantiert und hat Volltreffergarantie.
27,4,871,Loderlied,Der Spezial-Angriff des Anwenders wird um 1 Stufe erhöht.
27,4,872,Wogentanz,Die Initiative des Anwenders wird um 1 Stufe erhöht.
27,4,873,Rasender Stier,"Der Typ der Attacke hängt von der Form des Anwenders ab.\nBeim Angriff des Anwenders werden die Zustände Reflektor,\nLichtschild und Auroraschleier auf der Seite des Ziels\naufgehoben."
27,4,874,Goldrausch,Der Spezial-Angriff des Anwenders wird um 2 Stufen gesenkt.
27,4,875,Psychoschneide,
27,4,876,Hydrodampf,
27,4,877,Verderben,
27,4,878,Kollisionskurs,
27,4,879,Blitztour,
27,4,880,Schwanzabwurf,"Der Anwender verliert die Hälfte seiner maximalen KP und\nerzeugt einen Delegator. Danach wird er gegen ein anderes\nPokémon seines Teams ausgewechselt.\nDer Delegator wird anstelle dieses Pokémon von Attacken\ngetroffen und verschwindet dann, wenn er Schaden in Höhe\nvon 1/4 der maximalen KP des Anwenders erlitten hat."
27,4,881,Eisige Stimmung,"Der Anwender erzeugt Schnee, der 5 Runden lang anhält.\nDanach wird er gegen ein anderes Pokémon seines Teams\nausgewechselt."
27,4,882,Aufräumen,"Die Zustände Stachler, Tarnsteine, Klebenetz, Giftspitzen und\nDelegator werden auf dem gesamten Kampffeld aufgehoben.\nDer Angriff und die Initiative des Anwenders werden um\n1 Stufe erhöht."
27,4,883,Schneelandschaft,"Der Anwender erzeugt Schnee, der 5 Runden lang anhält."
27,4,884,Anspringen,Die Initiative des Ziels wird um 1 Stufe gesenkt.
27,4,885,Wegbereiter,Die Initiative des Anwenders wird um 1 Stufe erhöht.
27,4,886,Kalte Dusche,Der Angriff des Ziels wird um 1 Stufe gesenkt.
27,4,887,Hyperbohrer,
27,4,888,Doppelstrahl,Der Anwender greift 2-mal in Serie an.
27,4,889,Zornesfaust,"Jedes Mal, wenn der Anwender Schaden durch eine Attacke\nerleidet, steigt die Stärke von Zornesfaust um 50, bis zu einer\nmaximalen Stärke von 350.\nWird der Anwender ausgewechselt, wird die Stärke der Attacke\nzurückgesetzt."
27,4,890,Rüstungskanone,Die Verteidigung und die Spezial-Verteidigung des Anwenders\nwerden um 1 Stufe gesenkt.
27,4,891,Reueschwert,Die KP des Anwenders werden um die Hälfte des verursachten\nSchadens aufgefüllt.
27,4,892,Zweifachladung,"Der Anwender verliert den Typ Elektro.\nGehört der Anwender nicht dem Typ Elektro an, schlägt die\nAttacke fehl."
27,4,893,Riesenhammer,Diese Attacke kann nicht 2-mal in Folge eingesetzt werden.
27,4,894,Vendetta,"Wurde der Anwender in der Runde des Einsatzes von der\nAttacke eines Gegners getroffen, werden 150 % des Schadens\nauf den Angreifer zurückgeworfen."
27,4,895,Aquaschnitt,Der Angriff erfolgt mit um 1 Stufe erhöhter Volltrefferquote.
27,4,896,Hitzeturbo,
27,4,897,Finsterturbo,
27,4,898,Toxiturbo,
27,4,899,Raufturbo,
27,4,900,Zauberturbo,
27,4,901,Blutmond,
27,4,902,Quirlschuss,Die KP des Anwenders werden um die Hälfte des verursachten\nSchadens aufgefüllt.\nZiele erleiden mit 20%iger Wahrscheinlichkeit Verbrennungen.
27,4,903,Sirupbombe,Das Ziel wird 3 Runden lang in den Zustand Siruphülle versetzt.
27,4,904,Rankenkeule,
27,4,905,Stromstrahl,In der Runde des Einsatzes wird der Spezial-Angriff des\nAnwenders um 1 Stufe erhöht und er wird in den Zustand\nKraftsammeln versetzt. In der nächsten Runde greift er an.\nBei Regen wird der Anwender nicht in den Zustand\nKraftsammeln versetzt und greift stattdessen sofort an.
27,4,906,Tera-Sternhagel,
27,4,907,Launenlaser,Die Stärke der Attacke wird mit 30%iger Wahrscheinlichkeit\nverdoppelt.
27,4,908,Flammenschild,
27,4,909,Sturmblitz,
27,4,910,Wuchtklinge,
27,4,911,Tachyon-Schnitt,
27,4,912,Stahlpresse,"Je höher die verbleibenden KP des Ziels, desto höher die\nStärke dieser Attacke.\nDie Stärke kann zwischen 1 und 100 liegen."
27,4,913,Drachenschrei,Mitstreiter werden in den Zustand Erhöhte Volltrefferquote\nversetzt.\nBei Mitstreitern vom Typ Drache wird die Volltrefferquote\num 2 Stufen erhöht.\nBei allen anderen Typen wird sie um 1 Stufe erhöht.
27,4,914,Lockstimme,"Wurden die Statuswerte des Ziels in der Runde des Einsatzes\nerhöht, wird das Ziel verwirrt."
27,4,915,Frustflamme,"Hat der Anwender in der vorherigen Runde nicht gehandelt,\nist seine Attacke fehlgeschlagen oder hat nicht getroffen,\nwird die Stärke dieser Attacke verdoppelt."
27,4,916,Donnerstoß,"Schlägt die Attacke fehl oder trifft nicht, erleidet der Anwender\nSchaden in Höhe der Hälfte seiner maximalen KP.\nBei Zielen im Zustand Komprimator wird die Stärke der Attacke\nverdoppelt und sie trifft garantiert."
27,4,917,Psycholärm,Das Ziel wird 2 Runden lang in den Zustand Heilblockade\nversetzt.
27,4,918,Schnellkonter,"Das Ziel schreckt zurück.\nSetzt das Ziel keinen Prioritätsangriff ein, schlägt die\nAttacke fehl."
27,4,919,Giftkettung,
27,4,920,Tilgungslicht,
27,5,1,Botta,
27,5,2,Colpokarate,
27,5,3,Doppiasberla,
27,5,4,Cometapugno,
27,5,5,Megapugno,
27,5,6,Giornopaga,
27,5,7,Fuocopugno,Il Pokémon ha il 10% di probabilità di causare lo stato\nScottatura al bersaglio.
27,5,8,Gelopugno,Il Pokémon ha il 10% di probabilità di causare lo stato\nCongelamento al bersaglio.
27,5,9,Tuonopugno,Il Pokémon ha il 10% di probabilità di causare lo stato Paralisi\nal bersaglio.
27,5,10,Graffio,
27,5,11,Presa,
27,5,12,Ghigliottina,Il Pokémon manda KO il bersaglio. La precisione di questa\nmossa è del 30%.
27,5,13,Ventagliente,
27,5,14,Danzaspada,Il Pokémon aumenta di 2 gradi il suo Attacco.
27,5,15,Taglio,
27,5,16,Raffica,
27,5,17,Attacco d’Ala,
27,5,18,Turbine,"Il bersaglio viene sostituito da un compagno di squadra casuale,\nse presente."
27,5,19,Volo,Il Pokémon entra nello stato In aria nel turno in cui usa la mossa\ne attacca in quello seguente.
27,5,20,Legatutto,Il Pokémon causa lo stato Imprigionamento al bersaglio.
27,5,21,Schianto,
27,5,22,Frustata,
27,5,23,Pestone,
27,5,24,Doppiocalcio,
27,5,25,Megacalcio,
27,5,26,Calciosalto,
27,5,27,Calciorullo,
27,5,28,Turbosabbia,
27,5,29,Bottintesta,
27,5,30,Incornata,
27,5,31,Furia,
27,5,32,Perforcorno,Il Pokémon manda KO il bersaglio. La precisione di questa\nmossa è del 30%.
27,5,33,Azione,
27,5,34,Corposcontro,"Il Pokémon ha il 30% di probabilità di causare lo stato Paralisi\nal bersaglio. Se il bersaglio è affetto dallo stato Minimizzato,\nla mossa va sempre a segno e la sua potenza raddoppia."
27,5,35,Avvolgibotta,Il Pokémon causa lo stato Imprigionamento al bersaglio.
27,5,36,Riduttore,
27,5,37,Colpo,Il Pokémon entra nello stato Collera.
27,5,38,Sdoppiatore,Il Pokémon subisce 1/3 dei danni inflitti.
27,5,39,Colpocoda,
27,5,40,Velenospina,
27,5,41,Doppio Ago,
27,5,42,Missilspillo,Il Pokémon colpisce da 2 a 5 volte di fila.
27,5,43,Fulmisguardo,
27,5,44,Morso,Il Pokémon ha il 30% di probabilità di far tentennare\nil bersaglio.
27,5,45,Ruggito,
27,5,46,Boato,"Il bersaglio viene sostituito da un compagno di squadra casuale,\nse presente."
27,5,47,Canto,Il Pokémon causa lo stato Sonno al bersaglio.
27,5,48,Supersuono,
27,5,49,Sonicboom,
27,5,50,Inibitore,Il Pokémon causa lo stato Mossa bloccata al bersaglio\nper 4 turni.
27,5,51,Acido,
27,5,52,Braciere,
27,5,53,Lanciafiamme,Il Pokémon ha il 10% di probabilità di causare lo stato\nScottatura al bersaglio.
27,5,54,Nebbia,
27,5,55,Pistolacqua,
27,5,56,Idropompa,
27,5,57,Surf,"Se il bersaglio è nello stato Sott’acqua, la potenza della mossa\nraddoppia."
27,5,58,Geloraggio,Il Pokémon ha il 10% di probabilità di causare lo stato\nCongelamento al bersaglio.
27,5,59,Bora,"Il Pokémon ha il 10% di probabilità di causare lo stato\nCongelamento al bersaglio. Se lo stato Neve è attivo,\nquesta mossa va sempre a segno."
27,5,60,Psicoraggio,
27,5,61,Bollaraggio,
27,5,62,Raggiaurora,
27,5,63,Iper Raggio,"Il turno dopo aver usato questa mossa, il Pokémon è affetto\ndallo stato Ricarica."
27,5,64,Beccata,
27,5,65,Perforbecco,
27,5,66,Sottomissione,
27,5,67,Colpo Basso,"Più pesante è il bersaglio, maggiore è la potenza della mossa,\nda un minimo di 20 a un massimo di 120."
27,5,68,Contrattacco,"Se il Pokémon ha subito una mossa fisica durante il turno in\ncorso, infligge a chi lo ha attaccato il doppio dei danni ricevuti."
27,5,69,Movim. Sismico,Il Pokémon infligge al bersaglio un danno pari a 50 PS.
27,5,70,Forza,
27,5,71,Assorbimento,
27,5,72,Megassorbimento,
27,5,73,Parassiseme,Il Pokémon causa lo stato Seme parassita al bersaglio.
27,5,74,Crescita,"Il Pokémon aumenta di 1 grado il suo Attacco e il suo Attacco\nSpeciale. Se lo stato Sole intenso è attivo, li aumenta di 2 gradi."
27,5,75,Foglielama,
27,5,76,Solarraggio,"Il Pokémon entra nello stato Carica nel turno in cui usa la mossa\ne attacca in quello seguente. Se lo stato Sole intenso è attivo,\nil Pokémon non entra nello stato Carica e può attaccare\nimmediatamente. Se invece sono attive altre condizioni\natmosferiche, la potenza di questa mossa è dimezzata."
27,5,77,Velenpolvere,Il Pokémon causa lo stato Avvelenamento al bersaglio.\nNon ha effetto sui Pokémon di tipo Erba.
27,5,78,Paralizzante,Il Pokémon causa lo stato Paralisi al bersaglio.\nNon ha effetto sui Pokémon di tipo Erba.
27,5,79,Sonnifero,Il Pokémon causa lo stato Sonno al bersaglio.\nNon ha effetto sui Pokémon di tipo Erba.
27,5,80,Petalodanza,Il Pokémon entra nello stato Collera.
27,5,81,Millebave,Il Pokémon riduce di 2 gradi la Velocità del bersaglio.
27,5,82,Ira di Drago,
27,5,83,Turbofuoco,Il Pokémon causa lo stato Imprigionamento al bersaglio.
27,5,84,Tuonoshock,
27,5,85,Fulmine,Il Pokémon ha il 10% di probabilità di causare lo stato Paralisi\nal bersaglio.
27,5,86,Tuononda,Il Pokémon causa lo stato Paralisi al bersaglio.\nNon ha effetto sui Pokémon di tipo Terra.
27,5,87,Tuono,"Il Pokémon ha il 30% di probabilità di causare lo stato Paralisi\nal bersaglio e può colpire anche bersagli nello stato In aria.\nCon lo stato Pioggia attivo, questa mossa va sempre a segno,\nmentre con lo stato Sole intenso attivo la sua precisione\nè del 50%."
27,5,88,Sassata,
27,5,89,Terremoto,"La potenza della mossa raddoppia se il bersaglio è nello stato\nSottoterra, mentre si dimezza se lo stato Campo erboso\nè attivo."
27,5,90,Abisso,Il Pokémon manda KO il bersaglio. La precisione di questa\nmossa è del 30%.
27,5,91,Fossa,Il Pokémon entra nello stato Sottoterra nel turno in cui usa\nla mossa e attacca in quello seguente.
27,5,92,Tossina,"Il Pokémon causa lo stato Iperavvelenamento al bersaglio.\nSe usata da un Pokémon di tipo Veleno, la mossa va sempre\na segno."
27,5,93,Confusione,
27,5,94,Psichico,Il Pokémon ha il 10% di probabilità di ridurre di 1 grado\nla Difesa Speciale del bersaglio.
27,5,95,Ipnosi,Il Pokémon causa lo stato Sonno al bersaglio.
27,5,96,Meditazione,
27,5,97,Agilità,Il Pokémon aumenta di 2 gradi la sua Velocità.
27,5,98,Attacco Rapido,
27,5,99,Ira,
27,5,100,Teletrasporto,
27,5,101,Ombra Notturna,Il Pokémon infligge al bersaglio un danno pari a 50 PS.
27,5,102,Mimica,
27,5,103,Stridio,Il Pokémon riduce di 2 gradi la Difesa del bersaglio.
27,5,104,Doppioteam,Il Pokémon aumenta di 1 grado la sua elusione.
27,5,105,Ripresa,Il Pokémon recupera metà dei suoi PS massimi.
27,5,106,Rafforzatore,
27,5,107,Minimizzato,Il Pokémon aumenta di 2 gradi la sua elusione ed entra\nnello stato Minimizzato.
27,5,108,Muro di Fumo,
27,5,109,Stordiraggio,Il Pokémon causa lo stato Confusione al bersaglio.
27,5,110,Ritirata,
27,5,111,Ricciolscudo,
27,5,112,Barriera,
27,5,113,Schermoluce,Il Pokémon causa lo stato Schermo di luce sul proprio campo\ndi lotta per 5 turni.
27,5,114,Nube,Le modifiche alle statistiche di tutti i Pokémon in campo\nvengono eliminate.
27,5,115,Riflesso,Il Pokémon causa lo stato Riflesso sul proprio campo di lotta\nper 5 turni.
27,5,116,Focalenergia,Il Pokémon entra nello stato Brutto colpo+2.
27,5,117,Pazienza,
27,5,118,Metronomo,
27,5,119,Speculmossa,
27,5,120,Autodistruzione,Il Pokémon va KO.
27,5,121,Uovobomba,
27,5,122,Leccata,
27,5,123,Smog,
27,5,124,Fango,
27,5,125,Ossoclava,
27,5,126,Fuocobomba,Il Pokémon ha il 10% di probabilità di causare lo stato\nScottatura al bersaglio.
27,5,127,Cascata,Il Pokémon ha il 20% di probabilità di far tentennare\nil bersaglio.
27,5,128,Tenaglia,
27,5,129,Comete,
27,5,130,Capocciata,
27,5,131,Sparalance,
27,5,132,Limitazione,
27,5,133,Amnesia,Il Pokémon aumenta di 2 gradi la sua Difesa Speciale.
27,5,134,Cinèsi,
27,5,135,Covauova,Il Pokémon recupera metà dei suoi PS massimi.
27,5,136,Calcinvolo,"Se questa mossa non va a segno o fallisce, il Pokémon subisce\ndanni pari alla metà dei suoi PS massimi."
27,5,137,Sguardo Feroce,Il Pokémon causa lo stato Paralisi al bersaglio.
27,5,138,Mangiasogni,
27,5,139,Velenogas,
27,5,140,Sferattacco,
27,5,141,Sanguisuga,Il Pokémon recupera PS pari alla metà dei danni inflitti\nal bersaglio.
27,5,142,Demonbacio,
27,5,143,Aeroattacco,Il Pokémon entra nello stato Carica nel turno in cui usa la mossa\ne attacca in quello seguente con lo stato Brutto colpo+1.\nQuesta mossa ha il 30% di probabilità di far tentennare\nil bersaglio.
27,5,144,Trasformazione,"Il Pokémon si trasforma nel bersaglio, copiandone le statistiche\nma non i PS."
27,5,145,Bolla,
27,5,146,Stordipugno,
27,5,147,Spora,Il Pokémon causa lo stato Sonno al bersaglio.\nNon ha effetto sui Pokémon di tipo Erba.
27,5,148,Flash,
27,5,149,Psiconda,
27,5,150,Splash,
27,5,151,Scudo Acido,Il Pokémon aumenta di 2 gradi la sua Difesa.
27,5,152,Martellata,Il Pokémon attacca con lo stato Brutto colpo+1.
27,5,153,Esplosione,Il Pokémon va KO.
27,5,154,Sfuriate,
27,5,155,Ossomerang,
27,5,156,Riposo,"Il Pokémon recupera tutti i PS e guarisce dai problemi di stato,\nma entra nello stato Sonno per 2 turni. Se il Pokémon ha tutti\ni PS, la mossa fallisce."
27,5,157,Frana,Il Pokémon ha il 30% di probabilità di far tentennare\nil bersaglio.
27,5,158,Iperzanna,
27,5,159,Affilatore,
27,5,160,Conversione,
27,5,161,Tripletta,"Il Pokémon ha il 20% di probabilità di causare lo stato Paralisi,\nScottatura o Congelamento al bersaglio."
27,5,162,Superzanna,Il Pokémon dimezza i PS residui del bersaglio. Infligge danni\npari a 1 PS se è quanto resta al bersaglio.
27,5,163,Lacerazione,Il Pokémon attacca con lo stato Brutto colpo+1.
27,5,164,Sostituto,Il Pokémon perde 1/4 dei suoi PS massimi e crea un sostituto\nche viene colpito dalle mosse al posto del Pokémon e sparisce\ndopo aver subito danni pari a 1/4 dei PS massimi del Pokémon\nche lo ha creato. Le mosse della classe Suono possono colpire\nil Pokémon ignorando il sostituto.
27,5,165,Scontro,
27,5,166,Schizzo,
27,5,167,Triplocalcio,
27,5,168,Furto,Il Pokémon ruba lo strumento del bersaglio se non ne ha già\nuno con sé.
27,5,169,Ragnatela,
27,5,170,Leggimente,
27,5,171,Incubo,
27,5,172,Ruotafuoco,
27,5,173,Russare,Il Pokémon ha il 30% di probabilità di far tentennare\nil bersaglio. Questa mossa può essere usata solo se è affetto\ndallo stato Sonno.
27,5,174,Maledizione,"Il Pokémon riduce di 1 grado la sua Velocità, ma aumenta\ndi 1 grado il suo Attacco e la sua Difesa."
27,5,175,Flagello,"Più bassi sono i PS residui del Pokémon, maggiore è la potenza\ndella mossa, da un minimo di 20 a un massimo di 200."
27,5,176,Conversione2,
27,5,177,Aerocolpo,
27,5,178,Cotonspora,Il Pokémon riduce di 2 gradi la Velocità del bersaglio.\nNon ha effetto sui Pokémon di tipo Erba.
27,5,179,Contropiede,"Più bassi sono i PS residui del Pokémon, maggiore è la potenza\ndella mossa, da un minimo di 20 a un massimo di 200."
27,5,180,Dispetto,Il Pokémon riduce di 4 i PP dell’ultima mossa usata\ndal bersaglio.
27,5,181,Polneve,
27,5,182,Protezione,"Il Pokémon si protegge dalle mosse altrui durante il turno\nin corso. Con ogni uso consecutivo, la probabilità che\nquesta mossa vada a segno diminuisce di 2/3 rispetto all’uso\nprecedente."
27,5,183,Pugnorapido,
27,5,184,Visotruce,Il Pokémon riduce di 2 gradi la Velocità del bersaglio.
27,5,185,Finta,
27,5,186,Dolcebacio,Il Pokémon causa lo stato Confusione al bersaglio.
27,5,187,Panciamburo,"Il Pokémon perde metà dei suoi PS massimi e aumenta\nil suo Attacco fino al sesto grado. Se non ha abbastanza PS,\nla mossa fallisce."
27,5,188,Fangobomba,Il Pokémon ha il 30% di probabilità di causare lo stato\nAvvelenamento al bersaglio.
27,5,189,Fangosberla,Il Pokémon riduce di 1 grado la precisione del bersaglio.
27,5,190,Octazooka,Il Pokémon ha il 50% di probabilità di ridurre di 1 grado\nla precisione del bersaglio.
27,5,191,Punte,Il Pokémon causa lo stato Punte sul campo di lotta avversario.
27,5,192,Elettrocannone,Il Pokémon causa lo stato Paralisi al bersaglio.
27,5,193,Preveggenza,
27,5,194,Destinobbligato,"Il Pokémon è affetto dallo stato Destino obbligato. Se usata\nconsecutivamente, questa mossa fallisce."
27,5,195,Ultimocanto,Il Pokémon causa lo stato Turni contati a tutti i Pokémon\nin campo.
27,5,196,Ventogelato,Il Pokémon riduce di 1 grado la Velocità del bersaglio.
27,5,197,Individua,"Il Pokémon si protegge dalle mosse altrui durante il turno\nin corso. Con ogni uso consecutivo, la probabilità che\nquesta mossa vada a segno diminuisce di 2/3 rispetto all’uso\nprecedente."
27,5,198,Ossoraffica,Il Pokémon colpisce da 2 a 5 volte di fila.
27,5,199,Localizza,Il Pokémon entra nello stato Localizzato.
27,5,200,Oltraggio,Il Pokémon entra nello stato Collera.
27,5,201,Terrempesta,Il Pokémon causa lo stato Tempesta di sabbia per 5 turni.
27,5,202,Gigassorbimento,Il Pokémon recupera PS pari alla metà dei danni inflitti\nal bersaglio.
27,5,203,Resistenza,"Il Pokémon resiste a una mossa che lo manderebbe KO e\nrimane invece con 1 PS. Con ogni uso consecutivo,\nla probabilità che questa mossa vada a segno diminuisce di 2/3\nrispetto all’uso precedente."
27,5,204,Fascino,Il Pokémon riduce di 2 gradi l’Attacco del bersaglio.
27,5,205,Rotolamento,
27,5,206,Falsofinale,
27,5,207,Bullo,Il Pokémon aumenta di 2 gradi l’Attacco del bersaglio e\ngli causa lo stato Confusione.
27,5,208,Buonlatte,Il Pokémon e il suo alleato recuperano metà dei rispettivi\nPS massimi.
27,5,209,Scintilla,
27,5,210,Tagliofuria,
27,5,211,Alacciaio,Il Pokémon ha il 10% di probabilità di aumentare di 1 grado\nla sua Difesa.
27,5,212,Malosguardo,Il Pokémon causa lo stato Antifuga al bersaglio.
27,5,213,Attrazione,"Il Pokémon causa lo stato Infatuazione al bersaglio. Se usata\nsu bersagli dello stesso sesso o di sesso sconosciuto,\nla mossa fallisce."
27,5,214,Sonnolalia,Il Pokémon sferra una mossa a caso tra le altre mosse\nconosciute. Questa mossa può essere usata solo se è affetto\ndallo stato Sonno.
27,5,215,Rintoccasana,Il Pokémon cura i suoi problemi di stato e quelli di tutta\nla sua squadra.
27,5,216,Ritorno,
27,5,217,Regalino,
27,5,218,Frustrazione,
27,5,219,Salvaguardia,Il Pokémon causa lo stato Salvaguardia sul proprio campo\ndi lotta per 5 turni.
27,5,220,Malcomune,"Il Pokémon somma i propri PS residui a quelli del bersaglio,\npoi ridistribuisce equamente il risultato a ciascuno dei due."
27,5,221,Magifuoco,
27,5,222,Magnitudo,
27,5,223,Dinamipugno,Il Pokémon causa lo stato Confusione al bersaglio.
27,5,224,Megacorno,
27,5,225,Dragospiro,
27,5,226,Staffetta,"Il Pokémon si fa sostituire da un compagno di squadra,\nche eredita anche tutte le modifiche alle statistiche e gli effetti\ndi mosse come Sostituto."
27,5,227,Ripeti,Il Pokémon causa lo stato Ripetizione al bersaglio.
27,5,228,Inseguimento,
27,5,229,Rapigiro,"Il Pokémon si libera dagli stati Imprigionamento e\nSeme parassita, e rimuove gli stati Punte, Punte velenose,\nRete vischiosa e Rocce levitanti dal suo campo di lotta.\nAumenta inoltre di 1 grado la sua Velocità."
27,5,230,Profumino,Il Pokémon riduce di 2 gradi l’elusione del bersaglio.
27,5,231,Codacciaio,Il Pokémon ha il 30% di probabilità di ridurre di 1 grado\nla Difesa del bersaglio.
27,5,232,Ferrartigli,
27,5,233,Vitaltiro,
27,5,234,Mattindoro,"Il Pokémon recupera metà dei suoi PS massimi. Se lo stato\nSole intenso è attivo, ne recupera 2/3. Se è attiva un’altra\ncondizione atmosferica, ne recupera invece 1/4."
27,5,235,Sintesi,"Il Pokémon recupera metà dei suoi PS massimi. Se lo stato\nSole intenso è attivo, ne recupera 2/3. Se è attiva un’altra\ncondizione atmosferica, ne recupera invece 1/4."
27,5,236,Lucelunare,"Il Pokémon recupera metà dei suoi PS massimi. Se lo stato\nSole intenso è attivo, ne recupera 2/3. Se è attiva un’altra\ncondizione atmosferica, ne recupera invece 1/4."
27,5,237,Introforza,
27,5,238,Incrocolpo,Il Pokémon attacca con lo stato Brutto colpo+1.
27,5,239,Tornado,
27,5,240,Pioggiadanza,Il Pokémon causa lo stato Pioggia per 5 turni.
27,5,241,Giornodisole,Il Pokémon causa lo stato Sole intenso per 5 turni.
27,5,242,Sgranocchio,Il Pokémon ha il 20% di probabilità di ridurre di 1 grado\nla Difesa del bersaglio.
27,5,243,Specchiovelo,"Se il Pokémon ha subito una mossa speciale durante il turno\nin corso, infligge all’attaccante il doppio dei danni ricevuti."
27,5,244,Psicamisù,Il Pokémon copia le modifiche alle statistiche del bersaglio.
27,5,245,Extrarapido,
27,5,246,Forzantica,"Il Pokémon ha il 10% di probabilità di aumentare di 1 grado\nl’Attacco, la Difesa, l’Attacco Speciale, la Difesa Speciale\ne la Velocità."
27,5,247,Palla Ombra,Il Pokémon ha il 20% di probabilità di ridurre di 1 grado\nla Difesa Speciale del bersaglio.
27,5,248,Divinazione,Il Pokémon causa lo stato Attacco futuro nella posizione\ndel bersaglio.
27,5,249,Spaccaroccia,
27,5,250,Mulinello,"Il Pokémon causa lo stato Imprigionamento al bersaglio.\nSe il bersaglio è nello stato Sott’acqua, la potenza della mossa\nraddoppia."
27,5,251,Picchiaduro,"Il Pokémon attacca tante volte quanti sono i membri della\nsua squadra, eccetto quelli KO o affetti da problemi di stato.\nLa potenza della mossa è calcolata in base all’Attacco\ndei membri della squadra."
27,5,252,Bruciapelo,"Il Pokémon fa tentennare il bersaglio. Se non è la prima a essere\nusata quando il Pokémon entra in campo, questa mossa fallisce."
27,5,253,Baraonda,Il Pokémon entra nello stato Baraonda.
27,5,254,Accumulo,"Il Pokémon aumenta di 1 grado la sua Difesa e la sua Difesa\nSpeciale, e di 1 livello il suo stato Accumulo. Quest’ultimo\nnon può aumentare più di 3 volte."
27,5,255,Sfoghenergia,"Più il livello dello stato Accumulo del Pokémon è alto, maggiore\nè la potenza della mossa, da un minimo di 100 a un massimo\ndi 300. Se il Pokémon non è nello stato Accumulo, questa\nmossa fallisce."
27,5,256,Introenergia,"Più il livello dello stato Accumulo del Pokémon è alto, maggiori\nsono i PS recuperati con questa mossa. A 1 livello, il Pokémon\nrecupera 1/4 dei suoi PS massimi, a 2 livelli metà, e a 3 livelli\nrecupera tutti i PS. Se il Pokémon non è nello stato Accumulo,\nquesta mossa fallisce."
27,5,257,Ondacalda,Il Pokémon ha il 10% di probabilità di causare lo stato\nScottatura al bersaglio.
27,5,258,Grandine,
27,5,259,Attaccalite,Il Pokémon causa lo stato Ripetizione bloccata al bersaglio.
27,5,260,Adulazione,"Il Pokémon aumenta di 1 grado l’Attacco Speciale del bersaglio,\nma gli causa lo stato Confusione."
27,5,261,Fuocofatuo,Il Pokémon causa lo stato Scottatura al bersaglio.
27,5,262,Memento,"Il Pokémon va KO, ma riduce di 2 gradi l’Attacco e l’Attacco\nSpeciale del bersaglio."
27,5,263,Facciata,"Se il Pokémon è affetto dallo stato Avvelenamento,\nIperavvelenamento, Paralisi o Scottatura, la potenza della\nmossa raddoppia, ignorando anche il dimezzamento dei\ndanni delle mosse fisiche dovuto allo stato Scottatura."
27,5,264,Centripugno,"Se il Pokémon subisce danni da un attacco nel turno in cui sta\nper sferrarla, questa mossa fallisce."
27,5,265,Maniereforti,
27,5,266,Sonoqui,Il Pokémon diventa il bersaglio di tutte le mosse avversarie\nche permettono di selezionarne uno.
27,5,267,Naturforza,
27,5,268,Sottocarica,Il Pokémon aumenta di 1 grado la sua Difesa Speciale\ned entra nello stato Carica elettrica.
27,5,269,Provocazione,Il Pokémon causa lo stato Provocazione al bersaglio.
27,5,270,Altruismo,Il Pokémon aumenta del 50% la potenza delle mosse sferrate\nda un alleato durante questo turno.
27,5,271,Raggiro,Il Pokémon scambia lo strumento che ha con sé con quello\ndel bersaglio.
27,5,272,Giocodiruolo,Il Pokémon cambia la propria abilità in quella del bersaglio.
27,5,273,Desiderio,Il Pokémon causa lo stato Desiderio nella posizione in cui\nsi trova.
27,5,274,Assistente,
27,5,275,Radicamento,Il Pokémon entra nello stato Radicamento.
27,5,276,Troppoforte,Il Pokémon riduce di 1 grado il suo Attacco e la sua Difesa.
27,5,277,Magivelo,
27,5,278,Riciclo,Il Pokémon rigenera l’ultimo strumento consumato che aveva\ncon sé.
27,5,279,Vendetta,
27,5,280,Breccia,"Il Pokémon attacca rimuovendo gli stati Schermo di luce,\nRiflesso e Velo dell’aurora dal campo di lotta del bersaglio."
27,5,281,Sbadiglio,Il Pokémon causa lo stato Sonnolenza al bersaglio.\nQuesta mossa va sempre a segno.
27,5,282,Privazione,"Se il bersaglio ha con sé uno strumento, la potenza di questa\nmossa aumenta del 50% e il Pokémon fa perdere lo strumento\nal bersaglio."
27,5,283,Rimonta,"Il Pokémon infligge al bersaglio una quantità di danni pari\nalla differenza tra i PS residui del bersaglio e i suoi.\nSe i PS residui del bersaglio sono uguali o inferiori a quelli\ndel Pokémon, questa mossa fallisce."
27,5,284,Eruzione,"Più bassi sono i PS residui del Pokémon, minore è la potenza\ndella mossa, da un minimo di 1 a un massimo di 150."
27,5,285,Baratto,Il Pokémon scambia la propria abilità con quella del bersaglio.
27,5,286,Esclusiva,Il Pokémon entra nello stato Esclusiva.
27,5,287,Rinfrescata,
27,5,288,Rancore,
27,5,289,Scippo,
27,5,290,Forzasegreta,
27,5,291,Sub,Il Pokémon entra nello stato Sott’acqua nel turno in cui usa\nla mossa e attacca in quello seguente.
27,5,292,Sberletese,
27,5,293,Camuffamento,
27,5,294,Codadiluce,
27,5,295,Abbagliante,
27,5,296,Foschisfera,
27,5,297,Danzadipiume,Il Pokémon riduce di 2 gradi l’Attacco del bersaglio.
27,5,298,Strampadanza,Il Pokémon causa lo stato Confusione a tutti gli altri Pokémon.
27,5,299,Calciardente,"Il Pokémon attacca con lo stato Brutto colpo+1, e ha il 10%\ndi probabilità di causare lo stato Scottatura al bersaglio."
27,5,300,Fangata,
27,5,301,Palla Gelo,
27,5,302,Pugnospine,
27,5,303,Pigro,Il Pokémon recupera metà dei suoi PS massimi.
27,5,304,Granvoce,
27,5,305,Velenodenti,Il Pokémon ha il 50% di probabilità di causare lo stato\nIperavvelenamento al bersaglio.
27,5,306,Tritartigli,Il Pokémon ha il 50% di probabilità di ridurre di 1 grado\nla Difesa del bersaglio.
27,5,307,Incendio,"Il turno dopo aver usato questa mossa, il Pokémon è affetto\ndallo stato Ricarica."
27,5,308,Idrocannone,"Il turno dopo aver usato questa mossa, il Pokémon è affetto\ndallo stato Ricarica."
27,5,309,Meteorpugno,Il Pokémon ha il 20% di probabilità di aumentare di 1 grado\nil suo Attacco.
27,5,310,Sgomento,
27,5,311,Palla Clima,"Se è attiva una condizione atmosferica, la potenza di questa\nmossa raddoppia e il suo tipo cambia: Fuoco se è attivo\nlo stato Sole intenso, Acqua se è attivo lo stato Pioggia,\nGhiaccio se è attivo lo stato Neve e Roccia se è attivo lo stato\nTempesta di sabbia."
27,5,312,Aromaterapia,
27,5,313,Falselacrime,Il Pokémon riduce di 2 gradi la Difesa Speciale del bersaglio.
27,5,314,Aerasoio,Il Pokémon attacca con lo stato Brutto colpo+1.
27,5,315,Vampata,Il Pokémon riduce di 2 gradi il suo Attacco Speciale.
27,5,316,Segugio,
27,5,317,Rocciotomba,Il Pokémon riduce di 1 grado la Velocità del bersaglio.
27,5,318,Ventargenteo,
27,5,319,Ferrostrido,Il Pokémon riduce di 2 gradi la Difesa Speciale del bersaglio.
27,5,320,Meloderba,
27,5,321,Solletico,Il Pokémon riduce di 1 grado l’Attacco e la Difesa del bersaglio.
27,5,322,Cosmoforza,Il Pokémon aumenta di 1 grado la sua Difesa e la sua\nDifesa Speciale.
27,5,323,Zampillo,"Più bassi sono i PS residui del Pokémon, minore è la potenza\ndella mossa, da un minimo di 1 a un massimo di 150."
27,5,324,Segnoraggio,
27,5,325,Pugnodombra,Questa mossa va sempre a segno.
27,5,326,Extrasenso,Il Pokémon ha il 10% di probabilità di far tentennare\nil bersaglio.
27,5,327,Stramontante,
27,5,328,Sabbiotomba,Il Pokémon causa lo stato Imprigionamento al bersaglio.
27,5,329,Purogelo,"Il Pokémon manda KO il bersaglio. La precisione di questa\nmossa è del 30%, ma se usata da un Pokémon che non è\ndi tipo Ghiaccio, scende al 20%. Inoltre, la mossa non ha\neffetto sui bersagli di tipo Ghiaccio."
27,5,330,Fanghiglia,Il Pokémon ha il 30% di probabilità di ridurre di 1 grado\nla precisione del bersaglio.
27,5,331,Semitraglia,Il Pokémon colpisce da 2 a 5 volte di fila.
27,5,332,Aeroassalto,Questa mossa va sempre a segno.
27,5,333,Gelolancia,Il Pokémon colpisce da 2 a 5 volte di fila.
27,5,334,Ferroscudo,Il Pokémon aumenta di 2 gradi la sua Difesa.
27,5,335,Blocco,Il Pokémon causa lo stato Antifuga al bersaglio.
27,5,336,Gridodilotta,Il Pokémon aumenta di 1 grado il suo Attacco e quello\ndell’alleato.
27,5,337,Dragartigli,
27,5,338,Radicalbero,"Il turno dopo aver usato questa mossa, il Pokémon è affetto\ndallo stato Ricarica."
27,5,339,Granfisico,Il Pokémon aumenta di 1 grado il suo Attacco e la sua Difesa.
27,5,340,Rimbalzo,Il Pokémon entra nello stato In aria nel turno in cui usa la mossa\ne attacca in quello seguente. Questa mossa ha il 30%\ndi probabilità di causare lo stato Paralisi al bersaglio.
27,5,341,Colpodifango,Il Pokémon riduce di 1 grado la Velocità del bersaglio.
27,5,342,Velenocoda,
27,5,343,Supplica,Il Pokémon ruba lo strumento del bersaglio se non ne ha già\nuno con sé.
27,5,344,Locomovolt,Il Pokémon subisce 1/3 dei danni inflitti. Ha il 10%\ndi probabilità di causare lo stato Paralisi al bersaglio.
27,5,345,Fogliamagica,
27,5,346,Docciascudo,
27,5,347,Calmamente,Il Pokémon aumenta di 1 grado il suo Attacco Speciale\ne la sua Difesa Speciale.
27,5,348,Fendifoglia,Il Pokémon attacca con lo stato Brutto colpo+1.
27,5,349,Dragodanza,Il Pokémon aumenta di 1 grado il suo Attacco e la sua Velocità.
27,5,350,Cadutamassi,Il Pokémon colpisce da 2 a 5 volte di fila.
27,5,351,Ondashock,
27,5,352,Idropulsar,Il Pokémon ha il 20% di probabilità di causare lo stato\nConfusione al bersaglio.
27,5,353,Desiderio Fatale,
27,5,354,Psicoslancio,
27,5,355,Trespolo,"Il Pokémon recupera metà dei suoi PS massimi. Se è di tipo\nVolante, lo perde nel turno in cui usa questa mossa."
27,5,356,Gravità,Il Pokémon causa lo stato Gravità sull’intero campo di lotta\nper 5 turni.
27,5,357,Miracolvista,
27,5,358,Svegliopacca,
27,5,359,Martelpugno,Il Pokémon riduce di 1 grado la sua Velocità.
27,5,360,Vortexpalla,"Minore è la Velocità del Pokémon rispetto a quella\ndel bersaglio, maggiore è la potenza della mossa,\nda un minimo di 1 a un massimo di 150."
27,5,361,Curardore,"Il Pokémon va KO, ma chi lo sostituisce recupera tutti i PS\ne guarisce dai problemi di stato."
27,5,362,Acquadisale,
27,5,363,Dononaturale,
27,5,364,Fintoattacco,Il Pokémon attacca rimuovendo dal bersaglio gli effetti di mosse\ncome Protezione e Individua.
27,5,365,Spennata,"Se il bersaglio ha con sé una bacca, il Pokémon la mangia\nricevendone gli effetti."
27,5,366,Ventoincoda,Il Pokémon causa lo stato Vento in coda sul proprio campo\ndi lotta per 4 turni.
27,5,367,Acupressione,"Il Pokémon aumenta di 2 gradi una statistica sua o del suo\nalleato, scelta a caso tra Attacco, Difesa, Attacco Speciale,\nDifesa Speciale, Velocità, precisione ed elusione."
27,5,368,Metalscoppio,"Se il Pokémon ha subito danni da una mossa durante il turno\nin corso, infligge a chi lo ha colpito il 150% dei danni ricevuti."
27,5,369,Retromarcia,Il Pokémon si fa sostituire da un compagno di squadra subito\ndopo aver attaccato.
27,5,370,Zuffa,Il Pokémon riduce di 1 grado la sua Difesa e la sua\nDifesa Speciale.
27,5,371,Rivincita,"Se il Pokémon attacca dopo il bersaglio, la potenza della mossa\nraddoppia."
27,5,372,Garanzia,"Se il bersaglio ha già subito danni in questo turno, la potenza\ndella mossa raddoppia."
27,5,373,Divieto,
27,5,374,Lancio,"La potenza e l’effetto di questa mossa dipendono dallo\nstrumento che il Pokémon ha con sé. Dopo averla usata,\nil Pokémon perde lo strumento."
27,5,375,Psicotransfer,
27,5,376,Asso,
27,5,377,Anticura,
27,5,378,Strizzata,
27,5,379,Ingannoforza,Il Pokémon entra nello stato Statistiche scambiate.
27,5,380,Gastroacido,Il Pokémon causa lo stato Abilità bloccata al bersaglio.
27,5,381,Fortuncanto,
27,5,382,Precedenza,
27,5,383,Copione,"Il Pokémon copia l’ultima mossa utilizzata. Se non ne è ancora\nstata usata una, questa mossa fallisce."
27,5,384,Barattoforza,Il Pokémon scambia le proprie modifiche all’Attacco e\nall’Attacco Speciale con quelle del bersaglio.
27,5,385,Barattoscudo,Il Pokémon scambia le proprie modifiche alla Difesa e\nalla Difesa Speciale con quelle del bersaglio.
27,5,386,Punizione,
27,5,387,Ultimascelta,"Se il Pokémon non ha usato tutte le altre mosse che conosce,\nquesta mossa fallisce."
27,5,388,Affannoseme,Il Pokémon cambia l’abilità del bersaglio in Insonnia.
27,5,389,Sbigoattacco,La mossa va a segno solo se nel turno in corso il bersaglio\nha scelto di usare un attacco e non l’ha ancora sferrato.
27,5,390,Fielepunte,Il Pokémon causa lo stato Punte velenose sul campo di lotta\navversario.
27,5,391,Cuorbaratto,
27,5,392,Acquanello,Il Pokémon entra nello stato Velo d’acqua.
27,5,393,Magnetascesa,Il Pokémon entra nello stato Ascesa magnetica.
27,5,394,Fuococarica,"Il Pokémon subisce 1/3 dei danni inflitti e ha il 10%\ndi probabilità di causare lo stato Scottatura al bersaglio.\nInoltre, guarisce dallo stato Congelamento."
27,5,395,Palmoforza,
27,5,396,Sferapulsar,Questa mossa va sempre a segno.
27,5,397,Lucidatura,Il Pokémon aumenta di 2 gradi la sua Velocità.
27,5,398,Velenpuntura,Il Pokémon ha il 30% di probabilità di causare lo stato\nAvvelenamento al bersaglio.
27,5,399,Neropulsar,Il Pokémon ha il 20% di probabilità di far tentennare\nil bersaglio.
27,5,400,Nottesferza,Il Pokémon attacca con lo stato Brutto colpo+1.
27,5,401,Idrondata,
27,5,402,Semebomba,
27,5,403,Eterelama,Il Pokémon ha il 30% di probabilità di far tentennare\nil bersaglio.
27,5,404,Forbice X,
27,5,405,Ronzio,Il Pokémon ha il 10% di probabilità di ridurre di 1 grado\nla Difesa Speciale del bersaglio.
27,5,406,Dragopulsar,
27,5,407,Dragofuria,"Il Pokémon ha il 20% di probabilità di far tentennare\nil bersaglio. Inoltre, se questo è affetto dallo stato Minimizzato,\nla mossa va sempre a segno e la sua potenza raddoppia."
27,5,408,Gemmoforza,
27,5,409,Assorbipugno,Il Pokémon recupera PS pari alla metà dei danni inflitti\nal bersaglio.
27,5,410,Vuotonda,
27,5,411,Focalcolpo,Il Pokémon ha il 10% di probabilità di ridurre di 1 grado\nla Difesa Speciale del bersaglio.
27,5,412,Energipalla,Il Pokémon ha il 10% di probabilità di ridurre di 1 grado\nla Difesa Speciale del bersaglio.
27,5,413,Baldeali,Il Pokémon subisce 1/3 dei danni inflitti.
27,5,414,Geoforza,Il Pokémon ha il 10% di probabilità di ridurre di 1 grado\nla Difesa Speciale del bersaglio.
27,5,415,Rapidscambio,Il Pokémon scambia lo strumento che ha con sé con quello\ndel bersaglio.
27,5,416,Gigaimpatto,"Il turno dopo aver usato questa mossa, il Pokémon è affetto\ndallo stato Ricarica."
27,5,417,Congiura,Il Pokémon aumenta di 2 gradi il suo Attacco Speciale.
27,5,418,Pugnoscarica,
27,5,419,Slavina,"Se il Pokémon ha subito danni dal bersaglio nel turno in corso,\nla potenza di questa mossa raddoppia."
27,5,420,Geloscheggia,
27,5,421,Ombrartigli,Il Pokémon attacca con lo stato Brutto colpo+1.
27,5,422,Fulmindenti,Il Pokémon ha il 10% di probabilità di causare lo stato Paralisi\nal bersaglio e il 10% di probabilità di farlo tentennare.
27,5,423,Gelodenti,Il Pokémon ha il 10% di probabilità di causare lo stato\nCongelamento al bersaglio e il 10% di probabilità\ndi farlo tentennare.
27,5,424,Rogodenti,Il Pokémon ha il 10% di probabilità di causare lo stato\nScottatura al bersaglio e il 10% di probabilità\ndi farlo tentennare.
27,5,425,Furtivombra,
27,5,426,Pantanobomba,
27,5,427,Psicotaglio,Il Pokémon attacca con lo stato Brutto colpo+1.
27,5,428,Cozzata Zen,Il Pokémon ha il 20% di probabilità di far tentennare\nil bersaglio.
27,5,429,Cristalcolpo,
27,5,430,Cannonflash,Il Pokémon ha il 10% di probabilità di ridurre di 1 grado\nla Difesa Speciale del bersaglio.
27,5,431,Scalaroccia,
27,5,432,Scacciabruma,"Il Pokémon riduce di 1 grado l’elusione del bersaglio. Inoltre\nrimuove gli stati Riflesso, Punte, Salvaguardia, gli stati Campo\ne simili."
27,5,433,Distortozona,Il Pokémon causa lo stato Zona distorta sull’intero campo\ndi lotta per 5 turni.
27,5,434,Dragobolide,Il Pokémon riduce di 2 gradi il suo Attacco Speciale.
27,5,435,Scarica,Il Pokémon ha il 30% di probabilità di causare lo stato Paralisi\nal bersaglio.
27,5,436,Lavasbuffo,Il Pokémon ha il 30% di probabilità di causare lo stato\nScottatura al bersaglio.
27,5,437,Verdebufera,Il Pokémon riduce di 2 gradi il suo Attacco Speciale.
27,5,438,Vigorcolpo,
27,5,439,Devastomasso,"Il turno dopo aver usato questa mossa, il Pokémon è affetto\ndallo stato Ricarica."
27,5,440,Velenocroce,Il Pokémon attacca con lo stato Brutto colpo+1 e ha il 10%\ndi probabilità di causare lo stato Avvelenamento al bersaglio.
27,5,441,Sporcolancio,Il Pokémon ha il 30% di probabilità di causare lo stato\nAvvelenamento al bersaglio.
27,5,442,Metaltestata,Il Pokémon ha il 20% di probabilità di far tentennare\nil bersaglio.
27,5,443,Bombagnete,
27,5,444,Pietrataglio,Il Pokémon attacca con lo stato Brutto colpo+1.
27,5,445,Incanto,
27,5,446,Levitoroccia,Il Pokémon causa lo stato Rocce levitanti sul campo di lotta\navversario.
27,5,447,Laccioerboso,"Più pesante è il bersaglio, maggiore è la potenza della mossa,\nda un minimo di 20 a un massimo di 120."
27,5,448,Schiamazzo,
27,5,449,Giudizio,
27,5,450,Coleomorso,"Se il bersaglio ha con sé una bacca, il Pokémon la mangia\nricevendone gli effetti."
27,5,451,Raggioscossa,Il Pokémon ha il 70% di probabilità di aumentare di 1 grado\nil suo Attacco Speciale.
27,5,452,Mazzuolegno,Il Pokémon subisce 1/3 dei danni inflitti.
27,5,453,Acquagetto,
27,5,454,Comandourto,
27,5,455,Comandoscudo,
27,5,456,Comandocura,
27,5,457,Zuccata,Il Pokémon subisce metà dei danni inflitti.
27,5,458,Doppiosmash,Il Pokémon colpisce 2 volte di fila.
27,5,459,Fragortempo,
27,5,460,Fendispazio,
27,5,461,Lunardanza,
27,5,462,Sbriciolmano,
27,5,463,Magmaclisma,
27,5,464,Vuototetro,
27,5,465,Infuriaseme,
27,5,466,Funestovento,
27,5,467,Oscurotuffo,
27,5,468,Unghiaguzze,
27,5,469,Bodyguard,Il Pokémon protegge sé stesso e l’alleato dalle mosse che\ncolpiscono tutti gli alleati durante il turno in corso.
27,5,470,Paridifesa,"Il Pokémon somma la propria Difesa e Difesa Speciale a quelle\ndel bersaglio, poi ridistribuisce equamente il risultato a ciascuno\ndei due."
27,5,471,Pariattacco,"Il Pokémon somma il proprio Attacco e Attacco Speciale\na quelli del bersaglio, poi ridistribuisce equamente il risultato\na ciascuno dei due."
27,5,472,Mirabilzona,Il Pokémon causa lo stato Zona miracolosa sull’intero campo\ndi lotta per 5 turni.
27,5,473,Psicoshock,I danni di questa mossa speciale vengono calcolati in base\nalla Difesa del bersaglio.
27,5,474,Velenoshock,"Se il bersaglio è affetto dallo stato Avvelenamento\no Iperavvelenamento, la potenza della mossa raddoppia."
27,5,475,Sganciapesi,
27,5,476,Polverabbia,Il Pokémon diventa il bersaglio di tutte le mosse\navversarie che permettono di selezionarne uno.\nNon ha effetto sui Pokémon di tipo Erba.
27,5,477,Telecinesi,
27,5,478,Magicozona,Il Pokémon causa lo stato Zona magica sull’intero campo\ndi lotta per 5 turni.
27,5,479,Abbattimento,Il Pokémon causa lo stato Atterrato al bersaglio se questo\nnon è a contatto con il terreno. La mossa può colpire anche\nse il bersaglio è nello stato In aria.
27,5,480,Tempestretta,Questa mossa risulta sempre in un brutto colpo.
27,5,481,Pirolancio,
27,5,482,Fangonda,Il Pokémon ha il 10% di probabilità di causare lo stato\nAvvelenamento al bersaglio.
27,5,483,Eledanza,"Il Pokémon aumenta di 1 grado il suo Attacco Speciale, la sua\nDifesa Speciale e la sua Velocità."
27,5,484,Pesobomba,"Più pesante è il Pokémon rispetto al bersaglio, maggiore è\nla potenza della mossa, da un minimo di 40 a un massimo\ndi 120. Se il bersaglio è affetto dallo stato Minimizzato,\nla mossa va sempre a segno e la sua potenza raddoppia."
27,5,485,Sincrumore,
27,5,486,Energisfera,"Maggiore è la Velocità del Pokémon rispetto a quella\ndel bersaglio, maggiore è la potenza della mossa,\nda un minimo di 40 a un massimo di 150."
27,5,487,Inondazione,Cambia il tipo del bersaglio in Acqua.
27,5,488,Nitrocarica,Il Pokémon aumenta di 1 grado la sua Velocità.
27,5,489,Arrotola,"Il Pokémon aumenta di 1 grado il suo Attacco, la sua Difesa\ne la sua precisione."
27,5,490,Calciobasso,Il Pokémon riduce di 1 grado la Velocità del bersaglio.
27,5,491,Acidobomba,Il Pokémon riduce di 2 gradi la Difesa Speciale del bersaglio.
27,5,492,Ripicca,I danni di questa mossa non vengono calcolati in base\nall’Attacco del Pokémon che la usa ma in base all’Attacco\ndel bersaglio.
27,5,493,Ondisinvolta,Il Pokémon cambia l’abilità del bersaglio in Disinvoltura.
27,5,494,Saltamicizia,"Il Pokémon cambia l’abilità del bersaglio, copiando la propria.\n"
27,5,495,Cortesia,Il Pokémon costringe il bersaglio ad agire subito dopo di sé.
27,5,496,Coro,"Se più Pokémon usano questa mossa nello stesso turno,\nattaccheranno uno dopo l’altro. Inoltre, la potenza della mossa\nraddoppia dal secondo Pokémon che la usa in poi."
27,5,497,Echeggiavoce,
27,5,498,Insidia,
27,5,499,Pulifumo,Il Pokémon annulla tutte le modifiche alle statistiche\ndel bersaglio. Questa mossa va sempre a segno.
27,5,500,Veicolaforza,La potenza di questa mossa aumenta di 20 per ogni grado\ndi aumento alle statistiche del Pokémon.
27,5,501,Anticipo,Il Pokémon protegge sé stesso e l’alleato dalle mosse ad alta\npriorità durante il turno in corso.
27,5,502,Cambiaposto,"Il Pokémon cambia di posto con l’alleato. Con ogni uso\nconsecutivo, la probabilità che questa mossa vada a segno\ndiminuisce di 2/3 rispetto all’uso precedente."
27,5,503,Idrovampata,Il Pokémon ha il 30% di probabilità di causare lo stato\nScottatura al bersaglio. Sia il Pokémon che il bersaglio\nguariscono dallo stato Congelamento.
27,5,504,Gettaguscio,"Il Pokémon riduce di 1 grado la sua Difesa e Difesa Speciale,\nma aumenta di 2 gradi l’Attacco, l’Attacco Speciale\ne la Velocità."
27,5,505,Curapulsar,Il Pokémon fa recuperare al bersaglio metà dei suoi PS massimi.
27,5,506,Sciagura,"Se il bersaglio è affetto da problemi di stato, la potenza\ndella mossa raddoppia."
27,5,507,Cadutalibera,
27,5,508,Cambiomarcia,Il Pokémon aumenta di 1 grado il suo Attacco e di 2 gradi\nla sua Velocità.
27,5,509,Ribaltiro,"Il bersaglio viene sostituito da un compagno di squadra casuale,\nse presente."
27,5,510,Bruciatutto,
27,5,511,Spintone,Il bersaglio agisce per ultimo nel turno in corso.
27,5,512,Acrobazia,"Se il Pokémon non ha con sé uno strumento, la potenza\ndella mossa raddoppia."
27,5,513,Riflettipo,Il Pokémon cambia il proprio tipo in quello del bersaglio.
27,5,514,Nemesi,
27,5,515,Azzardo,"Il Pokémon infligge danni pari ai suoi PS residui al bersaglio,\ne poi va KO."
27,5,516,Cediregalo,
27,5,517,Marchiatura,Il Pokémon causa lo stato Scottatura al bersaglio.
27,5,518,Acquapatto,
27,5,519,Fiammapatto,
27,5,520,Erbapatto,
27,5,521,Invertivolt,Il Pokémon si fa sostituire da un compagno di squadra subito\ndopo aver attaccato.
27,5,522,Entomoblocco,Il Pokémon riduce di 1 grado l’Attacco Speciale del bersaglio.
27,5,523,Battiterra,"Il Pokémon riduce di 1 grado la Velocità del bersaglio.\nSe lo stato Campo erboso è attivo, la potenza della mossa\nsi dimezza."
27,5,524,Alitogelido,Questa mossa risulta sempre in un brutto colpo.
27,5,525,Codadrago,"Il bersaglio viene sostituito da un compagno di squadra casuale,\nse presente."
27,5,526,Cuordileone,
27,5,527,Elettrotela,Il Pokémon riduce di 1 grado la Velocità del bersaglio.
27,5,528,Sprizzalampo,Il Pokémon subisce 1/4 dei danni inflitti.
27,5,529,Giravvita,Il Pokémon attacca con lo stato Brutto colpo+1.
27,5,530,Doppiocolpo,
27,5,531,Cuorestampo,
27,5,532,Legnicorno,Il Pokémon recupera PS pari alla metà dei danni inflitti\nal bersaglio.
27,5,533,Spadasolenne,I danni di questa mossa vengono calcolati ignorando\nle modifiche alle statistiche del bersaglio.
27,5,534,Conchilama,Il Pokémon ha il 50% di probabilità di ridurre di 1 grado\nla Difesa del bersaglio.
27,5,535,Marchiafuoco,"Più pesante è il Pokémon rispetto al bersaglio, maggiore è\nla potenza della mossa, da un minimo di 40 a un massimo\ndi 120. Se il bersaglio è affetto dallo stato Minimizzato,\nla mossa va sempre a segno e la sua potenza raddoppia."
27,5,536,Vorticerba,
27,5,537,Rulloduro,
27,5,538,Cotonscudo,Il Pokémon aumenta di 3 gradi la sua Difesa.
27,5,539,Urtoscuro,Il Pokémon ha il 40% di probabilità di ridurre di 1 grado\nla precisione del bersaglio.
27,5,540,Psicobotta,
27,5,541,Spazzasberla,Il Pokémon colpisce da 2 a 5 volte di fila.
27,5,542,Tifone,"Il Pokémon ha il 30% di probabilità di causare lo stato\nConfusione al bersaglio e può colpire anche bersagli\nnello stato In aria. Con lo stato Pioggia attivo, questa\nmossa va sempre a segno, mentre con lo stato Sole intenso\nattivo la sua precisione è del 50%."
27,5,543,Ricciolata,
27,5,544,Ingracolpo,
27,5,545,Sparafuoco,
27,5,546,Tecnobotto,
27,5,547,Cantoantico,
27,5,548,Spadamistica,
27,5,549,Gelamondo,
27,5,550,Lucesiluro,
27,5,551,Fuocoblu,
27,5,552,Voldifuoco,Il Pokémon ha il 50% di probabilità di aumentare di 1 grado\nil suo Attacco Speciale.
27,5,553,Elettrogelo,
27,5,554,Vampagelida,
27,5,555,Urlorabbia,Il Pokémon riduce di 1 grado l’Attacco Speciale del bersaglio.
27,5,556,Scagliagelo,Il Pokémon ha il 30% di probabilità di far tentennare\nil bersaglio.
27,5,557,Generatore V,
27,5,558,Incrofiamma,
27,5,559,Incrotuono,
27,5,560,Schiacciatuffo,"I danni di questa mossa sono il risultato della combinazione\ndell’efficacia del suo tipo e del tipo Volante. Se il bersaglio\nè affetto dallo stato Minimizzato, la mossa va sempre a segno\ne la sua potenza raddoppia."
27,5,561,Ribaltappeto,
27,5,562,Rutto,"Se il Pokémon non ha mangiato una bacca durante la lotta,\nquesta mossa fallisce."
27,5,563,Aracampo,
27,5,564,Rete Vischiosa,Il Pokémon causa lo stato Rete vischiosa sul campo di lotta\navversario.
27,5,565,Pungiglione,Il Pokémon aumenta di 3 gradi il suo Attacco quando causa\nun KO con questa mossa.
27,5,566,Spettrotuffo,"Il Pokémon entra nello stato Scomparso nel turno in cui usa\nla mossa e attacca in quello seguente, rimuovendo dal bersaglio\ngli effetti di mosse come Protezione e Individua."
27,5,567,Halloween,Il Pokémon causa lo stato Halloween al bersaglio.
27,5,568,Urlo,Il Pokémon riduce di 1 grado l’Attacco e l’Attacco Speciale\ndel bersaglio.
27,5,569,Pioggiaplasma,
27,5,570,Caricaparabola,Il Pokémon recupera PS pari alla metà dei danni inflitti\nal bersaglio.
27,5,571,Boscomalocchio,Il Pokémon causa lo stato Malocchio del bosco al bersaglio.
27,5,572,Fiortempesta,
27,5,573,Liofilizzazione,Questa mossa è superefficace anche sui Pokémon di tipo Acqua.
27,5,574,Incantavoce,
27,5,575,Monito,Il Pokémon riduce di 1 grado l’Attacco e l’Attacco Speciale\ndel bersaglio e si fa sostituire da un compagno di squadra.
27,5,576,Sottosopra,Il Pokémon inverte tutte le modifiche alle statistiche\ndel bersaglio.
27,5,577,Assorbibacio,Il Pokémon recupera PS pari a 3/4 dei danni inflitti\nal bersaglio.
27,5,578,Truccodifesa,
27,5,579,Fiordifesa,
27,5,580,Campo Erboso,Il Pokémon causa lo stato Campo erboso sull’intero campo\ndi lotta per 5 turni.
27,5,581,Campo Nebbioso,Il Pokémon causa lo stato Campo nebbioso sull’intero campo\ndi lotta per 5 turni.
27,5,582,Elettrocontagio,"Se questa mossa va a segno prima che il bersaglio abbia\nsferrato la sua, quest’ultima diventa di tipo Elettro."
27,5,583,Carineria,Il Pokémon ha il 10% di probabilità di ridurre di 1 grado\nl’Attacco del bersaglio.
27,5,584,Vento di Fata,
27,5,585,Forza Lunare,Il Pokémon ha il 10% di probabilità di ridurre di 1 grado\nl’Attacco Speciale del bersaglio.
27,5,586,Ondaboato,
27,5,587,Blocco Fatato,Il Pokémon causa lo stato Blocco fatato a tutti i Pokémon\nin campo.
27,5,588,Scudo Reale,"Il Pokémon assume la Forma Scudo, proteggendosi\ndagli attacchi altrui e riducendo di 1 grado l’Attacco di chi\nlo colpisce con una mossa da contatto durante il turno in corso.\nCon ogni uso consecutivo, la probabilità che questa mossa\nvada a segno diminuisce di 2/3 rispetto all’uso precedente."
27,5,589,Simpatia,
27,5,590,Confidenza,
27,5,591,Diamantempesta,
27,5,592,Vaporscoppio,
27,5,593,Forodimensionale,
27,5,594,Acqualame,Il Pokémon colpisce da 2 a 5 volte di fila.
27,5,595,Magifiamma,Il Pokémon riduce di 1 grado l’Attacco Speciale del bersaglio.
27,5,596,Agodifesa,"Il Pokémon si protegge dalle mosse altrui durante il turno\nin corso, infliggendo inoltre danni pari a 1/8 dei suoi PS\nmassimi a chi lo colpisce con una mossa da contatto.\nCon ogni uso consecutivo, la probabilità che questa mossa\nvada a segno diminuisce di 2/3 rispetto all’uso precedente."
27,5,597,Nebularoma,Il Pokémon aumenta di 1 grado la Difesa Speciale di un alleato.
27,5,598,Elettromistero,Il Pokémon riduce di 2 gradi l’Attacco Speciale del bersaglio.
27,5,599,Velenotrappola,
27,5,600,Pulviscoppio,
27,5,601,Geocontrollo,
27,5,602,Controllo Polare,"Se il Pokémon o l’alleato hanno l’abilità Più o Meno, la loro\nDifesa e Difesa Speciale aumentano di 1 grado."
27,5,603,Cuccagna,
27,5,604,Campo Elettrico,Il Pokémon causa lo stato Campo elettrico sull’intero campo\ndi lotta per 5 turni.
27,5,605,Magibrillio,
27,5,606,Auguri,
27,5,607,Mano nella Mano,
27,5,608,Occhioni Teneri,Il Pokémon riduce di 1 grado l’Attacco del bersaglio.
27,5,609,Elettrococcola,Il Pokémon causa lo stato Paralisi al bersaglio.
27,5,610,Riguardo,
27,5,611,Assillo,Il Pokémon causa lo stato Imprigionamento al bersaglio.
27,5,612,Crescipugno,
27,5,613,Ali del Fato,
27,5,614,Mille Frecce,
27,5,615,Mille Onde,
27,5,616,Forza Tellurica,
27,5,617,Luce Nefasta,Il Pokémon subisce metà dei danni inflitti.
27,5,618,Primopulsar,
27,5,619,Spade Telluriche,
27,5,620,Ascesa del Drago,
27,5,621,Urtodimensionale,
27,5,659,Sabbiaccumulo,
27,5,660,Schermaglia,"Se non è la prima a essere usata quando il Pokémon entra\nin campo, questa mossa fallisce."
27,5,661,Fortino,"Il Pokémon si protegge dalle mosse altrui durante il turno\nin corso, causando inoltre lo stato Avvelenamento a chi\nlo colpisce con una mossa da contatto.\nCon ogni uso consecutivo, la probabilità che questa mossa\nvada a segno diminuisce di 2/3 rispetto all’uso precedente."
27,5,662,Cucitura d’Ombra,Il Pokémon causa lo stato Antifuga al bersaglio.
27,5,663,Braccioteso,I danni di questa mossa vengono calcolati ignorando\nle modifiche alle statistiche del bersaglio.
27,5,664,Canto Effimero,Il Pokémon cura lo stato Scottatura del bersaglio.
27,5,665,Martelgelo,Il Pokémon riduce di 1 grado la sua Velocità.
27,5,666,Cura Floreale,
27,5,667,Forza Equina,
27,5,668,Assorbiforza,"Il Pokémon recupera PS pari all’Attacco del bersaglio, e poi\nlo riduce di 1 grado."
27,5,669,Lama Solare,"Il Pokémon entra nello stato Carica nel turno in cui usa la mossa\ne attacca in quello seguente. Se lo stato Sole intenso è attivo,\nil Pokémon non entra nello stato Carica e può attaccare\nimmediatamente. Se invece sono attive altre condizioni\natmosferiche, la potenza di questa mossa è dimezzata."
27,5,670,Fogliame,
27,5,671,Riflettore,
27,5,672,Velenotela,Il Pokémon riduce di 2 gradi la Velocità del bersaglio e gli\ncausa lo stato Avvelenamento.
27,5,673,Concentrazione,
27,5,674,Marciainpiù,
27,5,675,Colpo Infernale,Il Pokémon causa lo stato Colpo infernale al bersaglio.
27,5,676,Sferapolline,"Se usata sull’alleato, questa mossa non infligge danni,\nma gli fa recuperare invece metà dei suoi PS massimi."
27,5,677,Colpo d’Ancora,
27,5,678,Campo Psichico,Il Pokémon causa lo stato Campo psichico sull’intero campo\ndi lotta per 5 turni.
27,5,679,Assalto,Il Pokémon riduce di 1 grado l’Attacco del bersaglio.
27,5,680,Frusta di Fuoco,Il Pokémon riduce di 1 grado la Difesa del bersaglio.
27,5,681,Tracotanza,La potenza di questa mossa aumenta di 20 per ogni grado\ndi aumento alle statistiche del Pokémon.
27,5,682,Ultima Fiamma,"Il Pokémon perde il tipo Fuoco e guarisce dallo stato\nCongelamento. Se il Pokémon non è di tipo Fuoco,\nla mossa fallisce."
27,5,683,Velociscambio,Il Pokémon scambia la propria Velocità con quella del bersaglio.
27,5,684,Sottilcorno,Questa mossa va sempre a segno.
27,5,685,Purificazione,
27,5,686,Mutadanza,
27,5,687,Nucleocastigo,
27,5,688,Tropicalcio,Il Pokémon riduce di 1 grado l’Attacco del bersaglio.
27,5,689,Imposizione,Il Pokémon costringe il bersaglio a ripetere l’ultima mossa\nche ha sferrato.
27,5,690,Cannonbecco,Il Pokémon causa lo stato Scottatura a chi lo colpisce con\nuna mossa da contatto prima di aver sferrato questa mossa.
27,5,691,Clamorsquame,Il Pokémon riduce di 1 grado la sua Difesa.
27,5,692,Marteldrago,
27,5,693,Vorticolpo,
27,5,694,Velaurora,Il Pokémon causa lo stato Velo dell’aurora sul proprio campo\ndi lotta per 5 turni. Questa mossa può essere usata solo\nse lo stato Neve è attivo.
27,5,704,Gusciotrappola,
27,5,705,Cannonfiore,
27,5,706,Psicozanna,"Il Pokémon attacca rimuovendo gli stati Schermo di luce,\nRiflesso e Velo dell’aurora dal campo di lotta del bersaglio."
27,5,707,Battipiedi,"La potenza della mossa raddoppia se nel turno precedente\nil Pokémon non ha potuto agire, se la sua mossa ha fallito\no se non è andata a segno."
27,5,708,Ossotetro,
27,5,709,Rocciarapida,
27,5,710,Idrobreccia,Il Pokémon ha il 20% di probabilità di ridurre di 1 grado\nla Difesa del bersaglio.
27,5,711,Prismalaser,
27,5,712,Ombrafurto,
27,5,713,Astrocarica,
27,5,714,Raggio d’Ombra,
27,5,715,Occhionilucidi,Il Pokémon riduce di 1 grado l’Attacco e l’Attacco Speciale\ndel bersaglio. Questa mossa ignora l’elusione del bersaglio\ne gli effetti di mosse come Protezione.
27,5,716,Elettropizzico,Il Pokémon ha il 30% di probabilità di far tentennare\nil bersaglio.
27,5,717,Ira della Natura,
27,5,718,Multiattacco,
27,5,720,Sbalorditesta,
27,5,721,Pugni Plasma,
27,5,722,Geyser Fotonico,
27,5,742,Pugni Corazzati,
27,5,744,Cannone Dynamax,
27,5,745,Tiromirato,"Il Pokémon attacca con lo stato Brutto colpo+1, e ignora\ngli effetti di mosse e abilità che attirano le mosse."
27,5,746,Morsostretto,Il Pokémon e il bersaglio entrano nello stato Morsostretto.
27,5,747,Riempiguance,Il Pokémon mangia la bacca che ha con sé e aumenta di 2 gradi\nla sua Difesa. Questa mossa può essere usata solo se il Pokémon\nha con sé una bacca.
27,5,748,Spalle al Muro,"Il Pokémon aumenta di 1 grado l’Attacco, la Difesa, l’Attacco\nSpeciale, la Difesa Speciale e la Velocità, ma entra nello stato\nAntifuga. Ogni volta che il Pokémon entra in campo, può usare\nquesta mossa una volta sola. Se usata più volte di seguito,\nfallisce."
27,5,749,Colpocatrame,
27,5,750,Magipolvere,Il Pokémon cambia il tipo del bersaglio in Psico.\nNon ha effetto sui Pokémon di tipo Erba.
27,5,751,Dragofrecce,"Il Pokémon colpisce 2 volte di fila. Se sono presenti due\navversari, colpisce entrambi i bersagli, una volta ciascuno."
27,5,752,Ora del Tè,Il Pokémon fa sì che tutti i Pokémon in campo mangino\nle bacche che hanno con sé.
27,5,753,Tentacolock,Il Pokémon causa gli stati Antifuga e Blocco tentacolare\nal bersaglio.
27,5,754,Beccoshock,
27,5,755,Branchiomorso,
27,5,756,Cambiocampo,Il Pokémon scambia lo stato del campo alleato con quello\ndel campo avversario.
27,5,775,Dracofonia,"Il Pokémon perde 1/3 dei suoi PS massimi e aumenta di 1 grado\nl’Attacco, la Difesa, l’Attacco Speciale, la Difesa Speciale\ne la Velocità. Se il Pokémon non ha abbastanza PS, questa\nmossa fallisce."
27,5,776,Schiacciacorpo,I danni di questa mossa non vengono calcolati in base\nall’Attacco del Pokémon che la usa ma in base alla sua Difesa.
27,5,777,Decorazione,Il Pokémon aumenta di 2 gradi l’Attacco e l’Attacco Speciale\ndel bersaglio.
27,5,778,Tamburattacco,Il Pokémon riduce di 1 grado la Velocità del bersaglio.
27,5,779,Tagliola,Il Pokémon causa lo stato Imprigionamento al bersaglio.
27,5,780,Palla Infuocata,"Il Pokémon guarisce dallo stato Congelamento, e ha il 10%\ndi probabilità di causare lo stato Scottatura al bersaglio."
27,5,781,Taglio Maestoso,
27,5,782,Colpo Maestoso,
27,5,783,Ruota d’Aura,Il Pokémon aumenta di 1 grado la sua Velocità. Il tipo di questa\nmossa cambia in base alla forma assunta da Morpeko.
27,5,784,Vastoimpatto,Il Pokémon riduce di 1 grado l’Attacco del bersaglio.
27,5,785,Ramostoccata,
27,5,786,Overdrive,
27,5,787,Acido Malico,Il Pokémon riduce di 1 grado la Difesa Speciale del bersaglio.
27,5,788,Forza G,"Il Pokémon riduce di 1 grado la Difesa del bersaglio.\nSe lo stato Gravità è attivo, la potenza della mossa\naumenta del 50%."
27,5,789,Frantumanima,Il Pokémon riduce di 1 grado l’Attacco Speciale del bersaglio.
27,5,790,Vapore Incantato,
27,5,791,Goccia Vitale,Il Pokémon e il suo alleato recuperano 1/4 dei rispettivi PS\nmassimi.
27,5,792,Sbarramento,
27,5,793,Supplicolpo,
27,5,794,Sfolgorassalto,"Il turno dopo aver usato questa mossa, il Pokémon è affetto\ndallo stato Ricarica."
27,5,795,Raggio Infinito,
27,5,796,Raggio d’Acciaio,"Dopo aver attaccato, il Pokémon perde metà dei PS massimi."
27,5,797,Vastenergia,"Se il Pokémon subisce l’effetto dello stato Campo psichico,\nquesto attacco ha come bersaglio tutti gli avversari\ne la sua potenza aumenta del 50%."
27,5,798,Ferrorullo,"Il Pokémon rimuove lo stato Campo attivo. Se non ce ne sono\nattivi, la mossa fallisce."
27,5,799,Squamacolpo,"Il Pokémon colpisce da 2 a 5 volte di fila, riducendo di 1 grado\nla sua Difesa e aumentando di 1 grado la sua Velocità."
27,5,800,Raggiometeora,"Il Pokémon entra nello stato Carica e aumenta di 1 grado\nil suo Attacco Speciale nel turno in corso, poi attacca\nin quello seguente."
27,5,801,Armaguscio,Il Pokémon ha il 20% di probabilità di causare lo stato\nAvvelenamento al bersaglio. Questa mossa diventa fisica\nse così dovesse infliggere più danni.
27,5,802,Nebbioscoppio,"Se il Pokémon subisce l’effetto dello stato Campo nebbioso,\nla potenza della mossa aumenta del 50%, poi il Pokémon\nva KO."
27,5,803,Erboscivolata,"Se il Pokémon subisce l’effetto dello stato Campo erboso,\nla mossa guadagna priorità +1."
27,5,804,Elettroimpennata,"Se il bersaglio subisce l’effetto dello stato Campo elettrico,\nla potenza della mossa raddoppia."
27,5,805,Campopulsar,"Se il Pokémon subisce l’effetto di uno stato Campo, la potenza\ndella mossa raddoppia. Il tipo della mossa cambia in base\nallo stato Campo attivo."
27,5,806,Strisciacolpo,Il Pokémon riduce di 1 grado l’Attacco Speciale del bersaglio.
27,5,807,Fiamminvidia,"Se una delle statistiche del bersaglio è stata aumentata durante\nil turno in corso, il Pokémon gli causa lo stato Scottatura."
27,5,808,Sfogarabbia,"Se una delle statistiche del Pokémon è stata ridotta durante\nil turno in corso, la potenza della mossa raddoppia."
27,5,809,Poltergeist,"Se il bersaglio non ha con sé uno strumento, questa mossa\nfallisce."
27,5,810,Gas Corrosivo,Il Pokémon fa sì che tutti gli altri Pokémon in campo perdano\ngli strumenti che hanno con sé.
27,5,811,Coaching,Il Pokémon aumenta di 1 grado l’Attacco e la Difesa\ndell’alleato.
27,5,812,Virata,Il Pokémon si fa sostituire da un compagno di squadra subito\ndopo aver attaccato.
27,5,813,Triplo Axel,"Il Pokémon colpisce 3 volte di fila: la prima volta con\npotenza 20, la seconda 40 e la terza 60. L’attacco termina\nappena un colpo non va a segno."
27,5,814,Doppia Ala,Il Pokémon colpisce 2 volte di fila.
27,5,815,Sabbiardente,Il Pokémon ha il 30% di probabilità di causare lo stato\nScottatura al bersaglio. Sia il Pokémon che il bersaglio\nguariscono dallo stato Congelamento.
27,5,816,Giunglacura,
27,5,817,Pugnotenebra,
27,5,818,Idroraffica,
27,5,819,Elettrogabbia,
27,5,820,Dragoenergia,
27,5,821,Sguardo Gelido,
27,5,822,Furia Ardente,
27,5,823,Calcio Tonante,
27,5,824,Lancia Glaciale,
27,5,825,Schegge Astrali,
27,5,826,Inquietantesimo,Il Pokémon riduce di 3 i PP dell’ultima mossa usata\ndal bersaglio.
27,5,827,Artigli Fatali,"Il Pokémon ha il 30% di probabilità di causare lo stato\nAvvelenamento, Paralisi o Sonno al bersaglio."
27,5,828,Barrierassalto,Il Pokémon aumenta di 1 grado la sua Difesa.
27,5,829,Scambioforza,Il Pokémon entra nello stato Statistiche scambiate.
27,5,830,Rocciascure,Il Pokémon causa lo stato Rocce levitanti sul campo di lotta\navversario.
27,5,831,Tempesta Zefirea,
27,5,832,Forza Mistica,
27,5,833,Ira Furente,Il Pokémon entra nello stato Collera.
27,5,834,Ondaschianto,Il Pokémon subisce 1/3 dei danni inflitti.
27,5,835,Clorofillaser,
27,5,836,Soffio d’Iceberg,Il Pokémon ha il 30% di probabilità di far tentennare\nil bersaglio.
27,5,837,Danzavittoria,
27,5,838,Scontro Frontale,Il Pokémon riduce di 1 grado la sua Difesa e la sua\nDifesa Speciale.
27,5,839,Mille Fielespine,"Il Pokémon ha il 50% di probabilità di causare lo stato\nAvvelenamento al bersaglio. Se il bersaglio è già affetto\ndallo stato Avvelenamento o Iperavvelenamento, la potenza\ndella mossa raddoppia."
27,5,840,Ali d’Aura,
27,5,841,Livore,Il Pokémon riduce di 1 grado l’Attacco del bersaglio.
27,5,842,Barricata,Il Pokémon aumenta di 2 gradi la sua Difesa.
27,5,843,Triplodardo,"Il Pokémon attacca con lo stato Brutto colpo+1.\nInoltre, ha il 50% di probabilità di ridurre di 1 grado\nla Difesa del bersaglio e il 30% di probabilità di farlo\ntentennare."
27,5,844,Corteo Spettrale,"Il Pokémon ha il 30% di probabilità di causare lo stato\nScottatura al bersaglio. Se il bersaglio è affetto da problemi\ndi stato, la potenza della mossa raddoppia."
27,5,845,Lama Milleflutti,Il Pokémon causa lo stato Punte sul campo di lotta avversario.
27,5,846,Tempesta Boreale,
27,5,847,Tempesta Tonante,
27,5,848,Tempesta Ardente,
27,5,849,Invocaluna,
27,5,850,Baldimpulso,
27,5,851,Terascoppio,
27,5,852,Telatrappola,
27,5,853,Calcio ad Ascia,"Il Pokémon ha il 30% di probabilità di causare lo stato\nConfusione al bersaglio. Se questa mossa non va a segno\no fallisce, il Pokémon subisce danni pari alla metà\ndei suoi PS massimi."
27,5,854,Omaggio ai KO,"Ogni volta che un compagno di squadra va KO, la potenza\ndi questa mossa aumenta di 50."
27,5,855,Fotocollisione,Il Pokémon riduce di 2 gradi la Difesa Speciale del bersaglio.
27,5,856,Alta Cucina,
27,5,857,Pugnojet,
27,5,858,Essenza Piccante,Il Pokémon riduce di 2 gradi la Difesa del bersaglio\nma ne aumenta l’Attacco di 2 gradi.
27,5,859,Slittaruote,
27,5,860,Infestazione,Il Pokémon colpisce da 1 a 10 volte di fila. L’attacco termina\nappena un colpo non va a segno.
27,5,861,Vortighiaccio,Il Pokémon rimuove lo stato Campo attivo.
27,5,862,Spadoncarica,Il Pokémon è affetto dallo stato Indifeso fino alla sua prossima\nazione.
27,5,863,Preghiera Vitale,"Il Pokémon rimette in sesto un compagno di squadra andato KO,\nfacendogli recuperare metà dei suoi PS massimi."
27,5,864,Sotto Sale,Il Pokémon causa lo stato Sotto sale al bersaglio.
27,5,865,Triplo Tuffo,
27,5,866,Glitturbine,"Il Pokémon si libera dagli stati Imprigionamento e\nSeme parassita, e rimuove gli stati Punte, Punte velenose,\nRete vischiosa e Rocce levitanti dal suo campo di lotta.\nCausa inoltre lo stato Avvelenamento al bersaglio."
27,5,867,Ricalco,
27,5,868,Alleggerimento,
27,5,869,Genufendente,Questa mossa va sempre a segno.
27,5,870,Prestigiafiore,Questa mossa va sempre a segno e risulta sempre in\nun brutto colpo.
27,5,871,Canzone Ardente,Il Pokémon aumenta di 1 grado il suo Attacco Speciale.
27,5,872,Idroballetto,Il Pokémon aumenta di 1 grado la sua Velocità.
27,5,873,Scatenatoro,"Il Pokémon attacca rimuovendo gli stati Schermo di luce,\nRiflesso e Velo dell’aurora dal campo di lotta del bersaglio.\nIl tipo di questa mossa cambia in base alla forma di chi la usa."
27,5,874,Corsa all’Oro,Il Pokémon riduce di 2 gradi il suo Attacco Speciale.
27,5,875,Psicolama,
27,5,876,Idrovapore,
27,5,877,Catastrofe,
27,5,878,Turboschianto,
27,5,879,Fulmiscatto,
27,5,880,Tagliacoda,"Il Pokémon perde metà dei suoi PS massimi, crea un sostituto e\npoi si fa sostituire da un compagno di squadra. Il sostituto viene\ncolpito dalle mosse al posto del Pokémon e sparisce dopo aver\nsubito danni pari a 1/4 dei PS massimi del Pokémon che\nlo ha creato."
27,5,881,Freddura,Il Pokémon causa lo stato Neve per 5 turni e si fa sostituire\nda un compagno di squadra.
27,5,882,Pulizie,"Il Pokémon rimuove gli stati Rete vischiosa, Rocce levitanti,\nSostituto, Punte e Punte velenose dall’intero campo di lotta,\ne aumenta di 1 grado il suo Attacco e la sua Velocità."
27,5,883,Vista Innevata,Il Pokémon causa lo stato Neve per 5 turni.
27,5,884,Balzo,Il Pokémon riduce di 1 grado la Velocità del bersaglio.
27,5,885,Apripista,Il Pokémon aumenta di 1 grado la sua Velocità.
27,5,886,Doccia Fredda,Il Pokémon riduce di 1 grado l’Attacco del bersaglio.
27,5,887,Ipertrapano,
27,5,888,Doppioraggio,Il Pokémon colpisce 2 volte di fila.
27,5,889,Pugno Furibondo,"La potenza di questa mossa aumenta di 50 ogni volta che\nil Pokémon subisce danni da una mossa, fino a un massimo\ndi 350. Quando il Pokémon lascia il campo, l’aumento\nviene azzerato."
27,5,890,Corazza Cannone,Il Pokémon riduce di 1 grado la sua Difesa e la sua\nDifesa Speciale.
27,5,891,Lama del Rimorso,Il Pokémon recupera PS pari alla metà dei danni inflitti\nal bersaglio.
27,5,892,Doppiolampo,"Il Pokémon perde il tipo Elettro. Se il Pokémon non è\ndi tipo Elettro, la mossa fallisce."
27,5,893,Granmartello,Questa mossa non può essere usata 2 volte di fila.
27,5,894,Ritorsione,"Se il Pokémon ha subito danni da una mossa durante il turno\nin corso, infligge a chi lo ha colpito il 150% dei danni ricevuti."
27,5,895,Idrotaglio,Il Pokémon attacca con lo stato Brutto colpo+1.
27,5,896,Turboustione,
27,5,897,Turbotenebra,
27,5,898,Turbotossina,
27,5,899,Turborissa,
27,5,900,Turboincanto,
27,5,901,Luna Rossa,
27,5,902,Spruzzatè,"Il Pokémon recupera PS pari alla metà dei danni inflitti\nal bersaglio, e ha il 20% di probabilità di causargli lo stato\nScottatura."
27,5,903,Bomba Sciroppata,Il Pokémon causa al bersaglio lo stato Ricoperto di sciroppo\nper 3 turni.
27,5,904,Clava di Liane,
27,5,905,Elettroraggio,"Il Pokémon entra nello stato Carica e aumenta di 1 grado\nil suo Attacco Speciale nel turno in corso, poi attacca in quello\nseguente. Se lo stato Pioggia è attivo, il Pokémon non entra\nnello stato Carica e può attaccare immediatamente."
27,5,906,Teracluster,
27,5,907,Irregolaser,La potenza di questa mossa ha il 30% di probabilità\ndi raddoppiare.
27,5,908,Egida Ignea,
27,5,909,Saetta,
27,5,910,Taglio Poderoso,
27,5,911,Tachiontaglio,
27,5,912,Pressa d’Acciaio,"Più alti sono i PS residui del bersaglio, maggiore è la potenza\ndella mossa, da un minimo di 1 a un massimo di 100."
27,5,913,Grido del Drago,"Il Pokémon fa entrare l’alleato nello stato Brutto colpo+1.\nSe l’alleato è di tipo Drago, entra nello stato Brutto colpo+2."
27,5,914,Ammaliavoce,"Se una delle statistiche del bersaglio è stata aumentata durante\nil turno in corso, il Pokémon gli causa lo stato Confusione."
27,5,915,Rabbia Bruciante,"La potenza della mossa raddoppia se nel turno precedente\nil Pokémon non ha potuto agire, se la sua mossa ha fallito\no se non è andata a segno."
27,5,916,Elettrotuffo,"Se questa mossa non va a segno o fallisce, il Pokémon subisce\ndanni pari alla metà dei suoi PS massimi. Se il bersaglio è\naffetto dallo stato Minimizzato, la mossa va sempre a segno\ne la sua potenza raddoppia."
27,5,917,Psicorumore,Il Pokémon causa lo stato Cura disabilitata al bersaglio\nper 2 turni.
27,5,918,Colpo di Mano,Il Pokémon fa tentennare il bersaglio. Questa mossa fallisce\nse il bersaglio non ha scelto di usare un attacco ad alta priorità.
27,5,919,Intossicatena,
27,5,920,Tabula Laser,
27,6,1,Destructor,
27,6,2,Golpe Kárate,
27,6,3,Doble Bofetón,
27,6,4,Puño Cometa,
27,6,5,Megapuño,
27,6,6,Día de Pago,
27,6,7,Puño Fuego,Tiene una probabilidad del 10 % de quemar al objetivo.
27,6,8,Puño Hielo,Tiene una probabilidad del 10 % de congelar al objetivo.
27,6,9,Puño Trueno,Tiene una probabilidad del 10 % de paralizar al objetivo.
27,6,10,Arañazo,
27,6,11,Agarre,
27,6,12,Guillotina,Debilita al objetivo. Tiene una precisión fija del 30 %.
27,6,13,Viento Cortante,
27,6,14,Danza Espada,Aumenta dos niveles el Ataque del usuario.
27,6,15,Corte,
27,6,16,Tornado,
27,6,17,Ataque Ala,
27,6,18,Remolino,Obliga al objetivo a cambiarse por otro Pokémon de su equipo\nal azar si hay alguno que pueda sustituirlo.
27,6,19,Vuelo,El usuario adquiere el estado A gran altitud en el turno en el\nque usa este movimiento y ataca en el siguiente.
27,6,20,Atadura,Provoca el estado Apresado en el objetivo.
27,6,21,Atizar,
27,6,22,Látigo Cepa,
27,6,23,Pisotón,
27,6,24,Doble Patada,
27,6,25,Megapatada,
27,6,26,Patada Salto,
27,6,27,Patada Giro,
27,6,28,Ataque Arena,
27,6,29,Golpe Cabeza,
27,6,30,Cornada,
27,6,31,Ataque Furia,
27,6,32,Perforador,Debilita al objetivo. Tiene una precisión fija del 30 %.
27,6,33,Placaje,
27,6,34,Golpe Cuerpo,Tiene una probabilidad del 30 % de paralizar al objetivo.\nSu potencia se duplica y nunca falla contra objetivos con\nel estado Reducido.
27,6,35,Constricción,Provoca el estado Apresado en el objetivo.
27,6,36,Derribo,
27,6,37,Saña,Provoca el estado Enfurecido en el usuario.
27,6,38,Doble Filo,El usuario recibe 1/3 del daño que inflige.
27,6,39,Agitacola,
27,6,40,Picotazo Veneno,
27,6,41,Doble Ataque,
27,6,42,Pin Misil,Ataca de dos a cinco veces seguidas.
27,6,43,Malicioso,
27,6,44,Mordisco,Tiene una probabilidad del 30 % de amedrentar al objetivo.
27,6,45,Gruñido,
27,6,46,Rugido,Obliga al objetivo a cambiarse por otro Pokémon de su equipo\nal azar si hay alguno que pueda sustituirlo.
27,6,47,Canto,Duerme al objetivo.
27,6,48,Supersónico,
27,6,49,Bomba Sónica,
27,6,50,Anulación,Provoca el estado Movimiento anulado en el objetivo durante\ncuatro turnos.
27,6,51,Ácido,
27,6,52,Ascuas,
27,6,53,Lanzallamas,Tiene una probabilidad del 10 % de quemar al objetivo.
27,6,54,Neblina,
27,6,55,Pistola Agua,
27,6,56,Hidrobomba,
27,6,57,Surf,Su potencia se duplica contra objetivos con el estado\nSumergido.
27,6,58,Rayo Hielo,Tiene una probabilidad del 10 % de congelar al objetivo.
27,6,59,Ventisca,Tiene una probabilidad del 10 % de congelar al objetivo.\nNunca falla cuando nieva.
27,6,60,Psicorrayo,
27,6,61,Rayo Burbuja,
27,6,62,Rayo Aurora,
27,6,63,Hiperrayo,El usuario adquiere el estado Descansando en el siguiente\nturno.
27,6,64,Picotazo,
27,6,65,Pico Taladro,
27,6,66,Sumisión,
27,6,67,Patada Baja,"Tiene mayor potencia cuanto más pesado sea el objetivo,\ncon un rango entre 20 y 120."
27,6,68,Contraataque,"Si el usuario ha recibido daño de un ataque físico en ese turno,\nse lo devuelve al atacante por duplicado."
27,6,69,Sísmico,El objetivo pierde 50 PS.
27,6,70,Fuerza,
27,6,71,Absorber,
27,6,72,Megaagotar,
27,6,73,Drenadoras,Provoca el estado Drenadoras en el objetivo.
27,6,74,Desarrollo,"Aumenta un nivel el Ataque y el Ataque Especial del usuario,\no dos niveles cuando hace sol."
27,6,75,Hoja Afilada,
27,6,76,Rayo Solar,"El usuario adquiere el estado Cargando en el turno en el que\nusa este movimiento y ataca en el siguiente. Si hace sol,\nno adquiere dicho estado y ataca inmediatamente. Si hay otro\ntiempo atmosférico activo, la potencia del movimiento se ve\nreducida a la mitad."
27,6,77,Polvo Veneno,Envenena al objetivo. No afecta a los Pokémon de tipo Planta.
27,6,78,Paralizador,Paraliza al objetivo. No afecta a los Pokémon de tipo Planta.
27,6,79,Somnífero,Duerme al objetivo. No afecta a los Pokémon de tipo Planta.
27,6,80,Danza Pétalo,Provoca el estado Enfurecido en el usuario.
27,6,81,Disparo Demora,Reduce dos niveles la Velocidad del objetivo.
27,6,82,Furia Dragón,
27,6,83,Giro Fuego,Provoca el estado Apresado en el objetivo.
27,6,84,Impactrueno,
27,6,85,Rayo,Tiene una probabilidad del 10 % de paralizar al objetivo.
27,6,86,Onda Trueno,Paraliza al objetivo. No afecta a los Pokémon de tipo Tierra.
27,6,87,Trueno,"Tiene una probabilidad del 30 % de paralizar al objetivo.\nNunca falla cuando llueve. Si hace sol, tiene una precisión del\n50 %. Puede golpear a objetivos con el estado A gran altitud."
27,6,88,Lanzarrocas,
27,6,89,Terremoto,"Su potencia se duplica contra objetivos con el estado\nEnterrado, pero se reduce a la mitad cuando hay un campo\nde hierba activo en el terreno de combate."
27,6,90,Fisura,Debilita al objetivo. Tiene una precisión fija del 30 %.
27,6,91,Excavar,El usuario adquiere el estado Enterrado en el turno en el que\nusa este movimiento y ataca en el siguiente.
27,6,92,Tóxico,Envenena gravemente al objetivo. Nunca falla si el usuario es\nde tipo Veneno.
27,6,93,Confusión,
27,6,94,Psíquico,Tiene una probabilidad del 10 % de reducir un nivel\nla Defensa Especial del objetivo.
27,6,95,Hipnosis,Duerme al objetivo.
27,6,96,Meditación,
27,6,97,Agilidad,Aumenta dos niveles la Velocidad del usuario.
27,6,98,Ataque Rápido,
27,6,99,Furia,
27,6,100,Teletransporte,
27,6,101,Tinieblas,El objetivo pierde 50 PS.
27,6,102,Mimético,
27,6,103,Chirrido,Reduce dos niveles la Defensa del objetivo.
27,6,104,Doble Equipo,Aumenta un nivel la Evasión del usuario.
27,6,105,Recuperación,Restaura la mitad de los PS máximos del usuario.
27,6,106,Fortaleza,
27,6,107,Reducción,Aumenta dos niveles la Evasión del usuario y le provoca\nel estado Reducido.
27,6,108,Pantalla de Humo,
27,6,109,Rayo Confuso,Confunde al objetivo.
27,6,110,Refugio,
27,6,111,Rizo Defensa,
27,6,112,Barrera,
27,6,113,Pantalla de Luz,Provoca el estado Pantalla de Luz en el lado del usuario durante\ncinco turnos.
27,6,114,Niebla,Elimina los cambios en las características de todos los Pokémon\nen combate.
27,6,115,Reflejo,Provoca el estado Reflejo en el lado del usuario durante\ncinco turnos.
27,6,116,Foco Energía,El usuario adquiere el estado Más críticos +2.
27,6,117,Venganza,
27,6,118,Metrónomo,
27,6,119,Espejo,
27,6,120,Autodestrucción,El usuario se debilita tras usar este movimiento.
27,6,121,Bomba Huevo,
27,6,122,Lengüetazo,
27,6,123,Polución,
27,6,124,Residuos,
27,6,125,Hueso Palo,
27,6,126,Llamarada,Tiene una probabilidad del 10 % de quemar al objetivo.
27,6,127,Cascada,Tiene una probabilidad del 20 % de amedrentar al objetivo.
27,6,128,Tenaza,
27,6,129,Meteoros,
27,6,130,Cabezazo,
27,6,131,Clavo Cañón,
27,6,132,Restricción,
27,6,133,Amnesia,Aumenta dos niveles la Defensa Especial del usuario.
27,6,134,Kinético,
27,6,135,Ovocuración,Restaura la mitad de los PS máximos del usuario.
27,6,136,Patada Salto Alta,El usuario recibe daño equivalente a la mitad de sus PS máximos\nsi falla.
27,6,137,Deslumbrar,Paraliza al objetivo.
27,6,138,Comesueños,
27,6,139,Gas Venenoso,
27,6,140,Bombardeo,
27,6,141,Chupavidas,El usuario recupera una cantidad de PS equivalente a la mitad\ndel daño que inflige.
27,6,142,Beso Amoroso,
27,6,143,Ataque Aéreo,El usuario adquiere el estado Cargando en el turno en el\nque usa este movimiento y ataca en el siguiente. Tiene una\nprobabilidad del 30 % de amedrentar al objetivo. Aumenta\nun nivel la probabilidad de asestar golpes críticos del usuario\ndurante este ataque.
27,6,144,Transformación,Transforma al usuario en el mismo Pokémon que el objetivo.\nCopia todos los valores de las características del objetivo a\nexcepción de los PS.
27,6,145,Burbuja,
27,6,146,Puño Mareo,
27,6,147,Espora,Duerme al objetivo. No afecta a los Pokémon de tipo Planta.
27,6,148,Destello,
27,6,149,Psicoonda,
27,6,150,Salpicadura,
27,6,151,Armadura Ácida,Aumenta dos niveles la Defensa del usuario.
27,6,152,Martillazo,Aumenta un nivel la probabilidad de asestar golpes críticos\ndel usuario durante este ataque.
27,6,153,Explosión,El usuario se debilita tras usar este movimiento.
27,6,154,Golpes Furia,
27,6,155,Huesomerang,
27,6,156,Descanso,"Restaura todos los PS y elimina todos los problemas de\nestado del usuario, pero lo duerme durante dos turnos.\nFalla si el usuario tiene los PS al máximo."
27,6,157,Avalancha,Tiene una probabilidad del 30 % de amedrentar al objetivo.
27,6,158,Hipercolmillo,
27,6,159,Afilar,
27,6,160,Conversión,
27,6,161,Triataque,"Tiene una probabilidad del 20 % de paralizar, quemar\no congelar al objetivo."
27,6,162,Superdiente,"El objetivo pierde la mitad de sus PS restantes.\nSi solo le queda 1 PS, pierde 1 PS."
27,6,163,Cuchillada,Aumenta un nivel la probabilidad de asestar golpes críticos\ndel usuario durante este ataque.
27,6,164,Sustituto,El usuario sacrifica 1/4 de sus PS máximos para crear un\nsustituto. El sustituto recibirá los movimientos dirigidos al\nusuario en su lugar y desaparecerá cuando haya recibido una\ncantidad de daño equivalente a 1/4 de los PS máximos del\nusuario. Los movimientos que usan sonido ignoran el sustituto\ny alcanzan al Pokémon.
27,6,165,Forcejeo,
27,6,166,Esquema,
27,6,167,Triple Patada,
27,6,168,Ladrón,"Si el usuario no lleva un objeto, roba el del objetivo."
27,6,169,Telaraña,
27,6,170,Telépata,
27,6,171,Pesadilla,
27,6,172,Rueda Fuego,
27,6,173,Ronquido,Solo puede usarse si el usuario está dormido.\nTiene una probabilidad del 30 % de amedrentar al objetivo.
27,6,174,Maldición,Reduce un nivel la Velocidad del usuario y aumenta un nivel\nsu Ataque y su Defensa.
27,6,175,Azote,"Tiene mayor potencia cuantos menos PS tenga el usuario,\ncon un rango entre 20 y 200."
27,6,176,Conversión 2,
27,6,177,Aerochorro,
27,6,178,Esporagodón,Reduce dos niveles la Velocidad del objetivo. No afecta a\nlos Pokémon de tipo Planta.
27,6,179,Inversión,"Tiene mayor potencia cuantos menos PS tenga el usuario,\ncon un rango entre 20 y 200."
27,6,180,Rencor,Reduce 4 PP del último movimiento usado por el objetivo.
27,6,181,Nieve Polvo,
27,6,182,Protección,"Protege al usuario de los movimientos de los demás Pokémon\ndurante ese turno. Con cada uso consecutivo, la probabilidad\nde éxito del movimiento se reduce a 1/3 con respecto a la\nprobabilidad anterior."
27,6,183,Ultrapuño,
27,6,184,Cara Susto,Reduce dos niveles la Velocidad del objetivo.
27,6,185,Finta,
27,6,186,Beso Dulce,Confunde al objetivo.
27,6,187,Tambor,Sacrifica la mitad de los PS máximos del usuario para aumentar\nhasta el sexto nivel su Ataque. Falla si el usuario no tiene\nsuficientes PS.
27,6,188,Bomba Lodo,Tiene una probabilidad del 30 % de envenenar al objetivo.
27,6,189,Bofetón Lodo,Reduce un nivel la Precisión del objetivo.
27,6,190,Pulpocañón,Tiene una probabilidad del 50 % de reducir un nivel la Precisión\ndel objetivo.
27,6,191,Púas,Provoca el estado Púas en el lado rival.
27,6,192,Electrocañón,Paraliza al objetivo.
27,6,193,Profecía,
27,6,194,Mismo Destino,Provoca el estado Mismo Destino en el usuario.\nFalla si se usa de forma consecutiva.
27,6,195,Canto Mortal,Provoca el estado Cuenta atrás en todos los Pokémon en\ncombate.
27,6,196,Viento Hielo,Reduce un nivel la Velocidad del objetivo.
27,6,197,Detección,"Protege al usuario de los movimientos de los demás Pokémon\ndurante ese turno. Con cada uso consecutivo, la probabilidad\nde éxito del movimiento se reduce a 1/3 con respecto a la\nprobabilidad anterior."
27,6,198,Ataque Óseo,Ataca de dos a cinco veces seguidas.
27,6,199,Fijar Blanco,Provoca el estado Blanco fijado en el usuario.
27,6,200,Enfado,Provoca el estado Enfurecido en el usuario.
27,6,201,Tormenta de Arena,Provoca una tormenta de arena que dura cinco turnos.
27,6,202,Gigadrenado,El usuario recupera una cantidad de PS equivalente a la mitad\ndel daño que inflige.
27,6,203,Aguante,"El usuario aguanta con 1 PS un movimiento que lo debilitaría\nen ese turno. Con cada uso consecutivo, la probabilidad\nde éxito del movimiento se reduce a 1/3 con respecto a\nla probabilidad anterior."
27,6,204,Encanto,Reduce dos niveles el Ataque del objetivo.
27,6,205,Rodar,
27,6,206,Falso Tortazo,
27,6,207,Fanfarronear,Aumenta dos niveles el Ataque del objetivo y lo confunde.
27,6,208,Batido,Restaura la mitad de los PS máximos del usuario o un aliado.
27,6,209,Chispa,
27,6,210,Corte Furia,
27,6,211,Ala de Acero,Tiene una probabilidad del 10 % de aumentar un nivel\nla Defensa del usuario.
27,6,212,Mal de Ojo,Provoca el estado Huida imposible en el objetivo.
27,6,213,Atracción,Provoca el estado Enamorado en el objetivo.\nFalla contra objetivos del mismo sexo que el usuario o de sexo\ndesconocido.
27,6,214,Sonámbulo,Solo puede usarse si el usuario está dormido. El usuario usa\nal azar uno de los otros movimientos que conoce.
27,6,215,Cascabel Cura,"Elimina los problemas de estado de todos los Pokémon del\nequipo del usuario, incluyendo al usuario y a sus aliados."
27,6,216,Retribución,
27,6,217,Presente,
27,6,218,Frustración,
27,6,219,Velo Sagrado,Provoca el estado Velo Sagrado en el lado del usuario durante\ncinco turnos.
27,6,220,Divide Dolor,Combina los PS restantes del usuario con los del objetivo\ny los reparte a partes iguales.
27,6,221,Fuego Sagrado,
27,6,222,Magnitud,
27,6,223,Puño Dinámico,Confunde al objetivo.
27,6,224,Megacuerno,
27,6,225,Dragoaliento,
27,6,226,Relevo,"El usuario se cambia por otro Pokémon del equipo.\nEl Pokémon que lo releva hereda sus cambios en las\ncaracterísticas, su sustituto y otros efectos."
27,6,227,Otra Vez,Provoca el estado Otra Vez en el objetivo.
27,6,228,Persecución,
27,6,229,Giro Rápido,"Elimina los estados Apresado y Drenadoras del usuario, así\ncomo los estados Púas, Púas tóxicas, Red Viscosa y Trampa\nRocas en el lado del usuario. Aumenta un nivel la Velocidad\ndel usuario."
27,6,230,Dulce Aroma,Reduce dos niveles la Evasión del objetivo.
27,6,231,Cola Férrea,Tiene una probabilidad del 30 % de reducir un nivel la Defensa\ndel objetivo.
27,6,232,Garra Metal,
27,6,233,Llave Vital,
27,6,234,Sol Matinal,"Restaura la mitad de los PS máximos del usuario, o 2/3 cuando\nhace sol. Si hay otro tiempo atmosférico activo, solo restaura\n1/4 de sus PS máximos."
27,6,235,Fotosíntesis,"Restaura la mitad de los PS máximos del usuario, o 2/3 cuando\nhace sol. Si hay otro tiempo atmosférico activo, solo restaura\n1/4 de sus PS máximos."
27,6,236,Luz Lunar,"Restaura la mitad de los PS máximos del usuario, o 2/3 cuando\nhace sol. Si hay otro tiempo atmosférico activo, solo restaura\n1/4 de sus PS máximos."
27,6,237,Poder Oculto,
27,6,238,Tajo Cruzado,Aumenta un nivel la probabilidad de asestar golpes críticos\ndel usuario durante este ataque.
27,6,239,Ciclón,
27,6,240,Danza Lluvia,Hace que llueva durante cinco turnos.
27,6,241,Día Soleado,Hace que salga el sol durante cinco turnos.
27,6,242,Triturar,Tiene una probabilidad del 20 % de reducir un nivel la Defensa\ndel objetivo.
27,6,243,Manto Espejo,"Si el usuario ha recibido daño de un ataque especial en ese\nturno, se lo devuelve al atacante por duplicado."
27,6,244,Autosugestión,El usuario copia los cambios en las características del objetivo.
27,6,245,Velocidad Extrema,
27,6,246,Poder Pasado,"Tiene una probabilidad del 10 % de aumentar un nivel\nel Ataque, la Defensa, el Ataque Especial, la Defensa Especial\ny la Velocidad del usuario."
27,6,247,Bola Sombra,Tiene una probabilidad del 20 % de reducir un nivel\nla Defensa Especial del objetivo.
27,6,248,Premonición,Provoca el estado Ataque futuro en la posición del objetivo.
27,6,249,Golpe Roca,
27,6,250,Torbellino,Provoca el estado Apresado en el objetivo. Su potencia\nse duplica contra objetivos con el estado Sumergido.
27,6,251,Paliza,Golpea al objetivo tantas veces como Pokémon haya\nen el equipo del usuario. Los Pokémon debilitados o\ncon problemas de estado no se cuentan. La potencia\ndel movimiento se calcula en base al Ataque de los\nPokémon del equipo del usuario.
27,6,252,Sorpresa,Amedrenta al objetivo. Falla si no es el primer movimiento que\nel usuario utiliza tras entrar en combate.
27,6,253,Alboroto,Provoca el estado Alboroto en el usuario.
27,6,254,Reserva,"Aumenta un nivel la Defensa y la Defensa Especial del usuario.\nAumenta en uno el número de reservas, hasta un máximo de\ntres."
27,6,255,Escupir,"Tiene mayor potencia cuantas más reservas acumule el usuario,\ncon un rango entre 100 y 300.\nFalla si el usuario no se encuentra en el estado Reserva."
27,6,256,Tragar,Restaura más PS del usuario cuanto mayor sea su número\nde reservas.\n1 reserva: 1/4 de los PS máximos.\n2 reservas: la mitad de los PS máximos.\n3 reservas: todos los PS.\nFalla si el usuario no se encuentra en el estado Reserva.
27,6,257,Onda Ígnea,Tiene una probabilidad del 10 % de quemar al objetivo.
27,6,258,Granizo,
27,6,259,Tormento,Provoca el estado Repetición anulada en el objetivo.
27,6,260,Camelo,Aumenta un nivel el Ataque Especial del objetivo y lo confunde.
27,6,261,Fuego Fatuo,Quema al objetivo.
27,6,262,Legado,Reduce dos niveles el Ataque y el Ataque Especial del objetivo.\nEl usuario se debilita tras usar este movimiento.
27,6,263,Fachada,"Su potencia se duplica si el usuario está envenenado,\ngravemente envenenado, paralizado o quemado. El daño que\ninflige este ataque físico no se ve reducido a la mitad aunque\nel usuario sufra quemaduras."
27,6,264,Puño Certero,Falla si el usuario recibe daño de un movimiento antes de usar\nel movimiento en ese turno.
27,6,265,Estímulo,
27,6,266,Señuelo,Centra sobre el usuario todos los movimientos de los rivales.\nSolo tiene efecto con movimientos que permiten seleccionar\na un objetivo.
27,6,267,Adaptación,
27,6,268,Carga,Aumenta un nivel la Defensa Especial del usuario y le provoca\nel estado Cargado de electricidad.
27,6,269,Mofa,Provoca el estado Mofa en el objetivo.
27,6,270,Refuerzo,Aumenta un 50 % la potencia del movimiento de un aliado\ndurante ese turno.
27,6,271,Truco,Intercambia los objetos del usuario y el objetivo.
27,6,272,Imitación,Sustituye la habilidad del usuario por la del objetivo.
27,6,273,Deseo,Provoca el estado Deseo en la posición del usuario.
27,6,274,Ayuda,
27,6,275,Arraigo,Provoca el estado Arraigo en el usuario.
27,6,276,Fuerza Bruta,Reduce un nivel el Ataque y la Defensa del usuario.
27,6,277,Capa Mágica,
27,6,278,Reciclaje,El usuario recupera el último objeto que haya consumido\ny vuelve a equipárselo.
27,6,279,Desquite,
27,6,280,Demolición,"Elimina los estados Pantalla de Luz, Reflejo y Velo Aurora\nen el lado del objetivo antes de infligir daño."
27,6,281,Bostezo,Provoca somnolencia al objetivo. Nunca falla.
27,6,282,Desarme,Aumenta un 50 % su potencia si el objetivo lleva un objeto.\nHace que el objetivo pierda el objeto que lleva.
27,6,283,Esfuerzo,Inflige una cantidad de daño equivalente a la diferencia entre\nlos PS restantes del objetivo y los del usuario.\nFalla si el objetivo tiene los mismos PS que el usuario o menos.
27,6,284,Estallido,"Tiene menor potencia cuantos menos PS tenga el usuario,\ncon un rango entre 1 y 150."
27,6,285,Intercambio,Intercambia las habilidades del usuario y el objetivo.
27,6,286,Sellar,Provoca el estado Sellar en el usuario.
27,6,287,Alivio,
27,6,288,Rabia,
27,6,289,Robo,
27,6,290,Daño Secreto,
27,6,291,Buceo,El usuario adquiere el estado Sumergido en el turno en el que\nusa este movimiento y ataca en el siguiente.
27,6,292,Empujón,
27,6,293,Camuflaje,
27,6,294,Luminicola,
27,6,295,Resplandor,
27,6,296,Bola Neblina,
27,6,297,Danza Pluma,Reduce dos niveles el Ataque del objetivo.
27,6,298,Danza Caos,Confunde a todos los Pokémon en combate salvo al usuario.
27,6,299,Patada Ígnea,Tiene una probabilidad del 10 % de quemar al objetivo.\nAumenta un nivel la probabilidad de asestar golpes críticos\ndel usuario durante este ataque.
27,6,300,Chapoteo Lodo,
27,6,301,Bola Hielo,
27,6,302,Brazo Pincho,
27,6,303,Relajo,Restaura la mitad de los PS máximos del usuario.
27,6,304,Vozarrón,
27,6,305,Colmillo Veneno,Tiene una probabilidad del 50 % de envenenar gravemente\nal objetivo.
27,6,306,Garra Brutal,Tiene una probabilidad del 50 % de reducir un nivel la Defensa\ndel objetivo.
27,6,307,Anillo Ígneo,El usuario adquiere el estado Descansando en el siguiente\nturno.
27,6,308,Hidrocañón,El usuario adquiere el estado Descansando en el siguiente\nturno.
27,6,309,Puño Meteoro,Tiene una probabilidad del 20 % de aumentar un nivel\nel Ataque del usuario.
27,6,310,Impresionar,
27,6,311,Meteorobola,"Si hay algún tiempo atmosférico activo, su potencia se duplica\ny cambia de tipo.\nSol: cambia a tipo Fuego.\nLluvia: cambia a tipo Agua.\nNieve: cambia a tipo Hielo.\nTormenta de arena: cambia a tipo Roca."
27,6,312,Aromaterapia,
27,6,313,Llanto Falso,Reduce dos niveles la Defensa Especial del objetivo.
27,6,314,Aire Afilado,Aumenta un nivel la probabilidad de asestar golpes críticos\ndel usuario durante este ataque.
27,6,315,Sofoco,Reduce dos niveles el Ataque Especial del usuario.
27,6,316,Rastreo,
27,6,317,Tumba Rocas,Reduce un nivel la Velocidad del objetivo.
27,6,318,Viento Plata,
27,6,319,Eco Metálico,Reduce dos niveles la Defensa Especial del objetivo.
27,6,320,Silbato,
27,6,321,Cosquillas,Reduce un nivel el Ataque y la Defensa del objetivo.
27,6,322,Masa Cósmica,Aumenta un nivel la Defensa y la Defensa Especial del usuario.
27,6,323,Salpicar,"Tiene menor potencia cuantos menos PS tenga el usuario,\ncon un rango entre 1 y 150."
27,6,324,Rayo Señal,
27,6,325,Puño Sombra,Nunca falla.
27,6,326,Paranormal,Tiene una probabilidad del 10 % de amedrentar al objetivo.
27,6,327,Gancho Alto,
27,6,328,Bucle Arena,Provoca el estado Apresado en el objetivo.
27,6,329,Frío Polar,Debilita al objetivo. Tiene una precisión fija del 20 % o del\n30 % si el usuario es de tipo Hielo. No afecta a los Pokémon\nde tipo Hielo.
27,6,330,Agua Lodosa,Tiene una probabilidad del 30 % de reducir un nivel la Precisión\ndel objetivo.
27,6,331,Semilladora,Ataca de dos a cinco veces seguidas.
27,6,332,Golpe Aéreo,Nunca falla.
27,6,333,Carámbano,Ataca de dos a cinco veces seguidas.
27,6,334,Defensa Férrea,Aumenta dos niveles la Defensa del usuario.
27,6,335,Bloqueo,Provoca el estado Huida imposible en el objetivo.
27,6,336,Aullido,Aumenta un nivel el Ataque del usuario y sus aliados.
27,6,337,Garra Dragón,
27,6,338,Planta Feroz,El usuario adquiere el estado Descansando en el siguiente\nturno.
27,6,339,Corpulencia,Aumenta un nivel el Ataque y la Defensa del usuario.
27,6,340,Bote,El usuario adquiere el estado A gran altitud en el turno en el\nque usa este movimiento y ataca en el siguiente. Tiene una\nprobabilidad del 30 % de paralizar al objetivo.
27,6,341,Disparo Lodo,Reduce un nivel la Velocidad del objetivo.
27,6,342,Cola Veneno,
27,6,343,Antojo,"Si el usuario no lleva un objeto, roba el del objetivo."
27,6,344,Placaje Eléctrico,El usuario recibe 1/3 del daño que inflige. Este movimiento\ntiene una probabilidad del 10 % de paralizar al objetivo.
27,6,345,Hoja Mágica,
27,6,346,Hidrochorro,
27,6,347,Paz Mental,Aumenta un nivel el Ataque Especial y la Defensa Especial\ndel usuario.
27,6,348,Hoja Aguda,Aumenta un nivel la probabilidad de asestar golpes críticos\ndel usuario durante este ataque.
27,6,349,Danza Dragón,Aumenta un nivel el Ataque y la Velocidad del usuario.
27,6,350,Pedrada,Ataca de dos a cinco veces seguidas.
27,6,351,Onda Voltio,
27,6,352,Hidropulso,Tiene una probabilidad del 20 % de confundir al objetivo.
27,6,353,Deseo Oculto,
27,6,354,Psicoataque,
27,6,355,Respiro,"Restaura la mitad de los PS máximos del usuario. Si el usuario es\nde tipo Volador, deja de serlo durante ese turno."
27,6,356,Gravedad,Provoca el estado Gravedad en ambos lados durante cinco\nturnos.
27,6,357,Gran Ojo,
27,6,358,Espabila,
27,6,359,Machada,Reduce un nivel la Velocidad del usuario.
27,6,360,Giro Bola,"Tiene mayor potencia cuanto menor sea la Velocidad del\nusuario en comparación con la del objetivo, con un rango\nentre 1 y 150."
27,6,361,Deseo Cura,"El usuario se debilita, pero cura los problemas de estado\ny restaura todos los PS del Pokémon que sale a combatir\nen su lugar."
27,6,362,Salmuera,
27,6,363,Don Natural,
27,6,364,Amago,Puede golpear a objetivos que hayan usado movimientos como\nProtección o Detección y elimina sus efectos.
27,6,365,Picoteo,"Si el objetivo lleva una baya, el usuario la consume y obtiene\nsus efectos."
27,6,366,Viento Afín,Provoca el estado Viento Afín en el lado del usuario durante\ncuatro turnos.
27,6,367,Acupresión,"Aumenta dos niveles una de las siguientes características al azar\ndel usuario o un aliado: Ataque, Defensa, Ataque Especial,\nDefensa Especial, Velocidad, Precisión o Evasión."
27,6,368,Represión Metal,"Si el usuario ha recibido daño de un ataque en ese turno,\nle devuelve al rival el 150 % del daño infligido."
27,6,369,Ida y Vuelta,El usuario se cambia por otro Pokémon del equipo tras atacar.
27,6,370,A Bocajarro,Reduce un nivel la Defensa y la Defensa Especial del usuario.
27,6,371,Vendetta,Su potencia se duplica si el usuario ataca después del objetivo.
27,6,372,Buena Baza,Su potencia se duplica si el objetivo ya ha sufrido daño en ese\nturno.
27,6,373,Embargo,
27,6,374,Lanzamiento,Su potencia y efecto varían según el objeto que lleve el usuario.\nEl usuario pierde el objeto tras atacar.
27,6,375,Psicocambio,
27,6,376,As Oculto,
27,6,377,Anticura,
27,6,378,Estrujón,
27,6,379,Truco Fuerza,Provoca el estado Ataque y Defensa invertidos en el usuario.
27,6,380,Bilis,Provoca el estado Habilidad anulada en el objetivo.
27,6,381,Conjuro,
27,6,382,Yo Primero,
27,6,383,Copión,El usuario imita el último movimiento que se haya usado.\nEste movimiento falla si no se ha utilizado aún ninguno.
27,6,384,Cambiafuerza,Intercambia los cambios en el Ataque y el Ataque Especial\ndel usuario y el objetivo.
27,6,385,Cambiadefensa,Intercambia los cambios en la Defensa y la Defensa Especial\ndel usuario y el objetivo.
27,6,386,Castigo,
27,6,387,Última Baza,Falla si el usuario no ha usado antes todos los demás\nmovimientos que conoce.
27,6,388,Abatidoras,Sustituye la habilidad del objetivo por Insomnio.
27,6,389,Golpe Bajo,Falla si el objetivo no ha seleccionado un ataque o si ya\nha atacado en ese turno.
27,6,390,Púas Tóxicas,Provoca el estado Púas tóxicas en el lado rival.
27,6,391,Cambiaalmas,
27,6,392,Acua Aro,Provoca el estado Acua Aro en el usuario.
27,6,393,Levitón,El usuario se ve afectado por Levitón.
27,6,394,Envite Ígneo,El usuario recibe 1/3 del daño que inflige y se libra de la\ncongelación. Este movimiento tiene una probabilidad del 10 %\nde quemar al objetivo.
27,6,395,Palmeo,
27,6,396,Esfera Aural,Nunca falla.
27,6,397,Pulimento,Aumenta dos niveles la Velocidad del usuario.
27,6,398,Puya Nociva,Tiene una probabilidad del 30 % de envenenar al objetivo.
27,6,399,Pulso Umbrío,Tiene una probabilidad del 20 % de amedrentar al objetivo.
27,6,400,Tajo Umbrío,Aumenta un nivel la probabilidad de asestar golpes críticos\ndel usuario durante este ataque.
27,6,401,Acua Cola,
27,6,402,Bomba Germen,
27,6,403,Tajo Aéreo,Tiene una probabilidad del 30 % de amedrentar al objetivo.
27,6,404,Tijera X,
27,6,405,Zumbido,Tiene una probabilidad del 10 % de reducir un nivel\nla Defensa Especial del objetivo.
27,6,406,Pulso Dragón,
27,6,407,Carga Dragón,Tiene una probabilidad del 20 % de amedrentar al objetivo.\nSu potencia se duplica y nunca falla contra objetivos con\nel estado Reducido.
27,6,408,Joya de Luz,
27,6,409,Puño Drenaje,El usuario recupera una cantidad de PS equivalente a la mitad\ndel daño que inflige.
27,6,410,Onda Vacío,
27,6,411,Onda Certera,Tiene una probabilidad del 10 % de reducir un nivel\nla Defensa Especial del objetivo.
27,6,412,Energibola,Tiene una probabilidad del 10 % de reducir un nivel\nla Defensa Especial del objetivo.
27,6,413,Pájaro Osado,El usuario recibe 1/3 del daño que inflige.
27,6,414,Tierra Viva,Tiene una probabilidad del 10 % de reducir un nivel\nla Defensa Especial del objetivo.
27,6,415,Trapicheo,Intercambia los objetos del usuario y el objetivo.
27,6,416,Gigaimpacto,El usuario adquiere el estado Descansando en el siguiente\nturno.
27,6,417,Maquinación,Aumenta dos niveles el Ataque Especial del usuario.
27,6,418,Puño Bala,
27,6,419,Alud,Su potencia se duplica si el usuario ha recibido daño de\nun movimiento del objetivo en ese mismo turno.
27,6,420,Esquirla Helada,
27,6,421,Garra Umbría,Aumenta un nivel la probabilidad de asestar golpes críticos\ndel usuario durante este ataque.
27,6,422,Colmillo Rayo,Tiene una probabilidad del 10 % de paralizar al objetivo\ny una probabilidad del 10 % de amedrentarlo.
27,6,423,Colmillo Hielo,Tiene una probabilidad del 10 % de congelar al objetivo\ny una probabilidad del 10 % de amedrentarlo.
27,6,424,Colmillo Ígneo,Tiene una probabilidad del 10 % de quemar al objetivo\ny una probabilidad del 10 % de amedrentarlo.
27,6,425,Sombra Vil,
27,6,426,Bomba Fango,
27,6,427,Psicocorte,Aumenta un nivel la probabilidad de asestar golpes críticos\ndel usuario durante este ataque.
27,6,428,Cabezazo Zen,Tiene una probabilidad del 20 % de amedrentar al objetivo.
27,6,429,Disparo Espejo,
27,6,430,Cañón Resplandor,Tiene una probabilidad del 10 % de reducir un nivel\nla Defensa Especial del objetivo.
27,6,431,Treparrocas,
27,6,432,Despejar,"Reduce un nivel la Evasión del objetivo. Elimina los estados\nReflejo, Púas y Velo Sagrado, entre otros, así como el campo\nactivo en el terreno de combate."
27,6,433,Espacio Raro,Provoca el estado Espacio Raro en ambos lados durante\ncinco turnos.
27,6,434,Cometa Draco,Reduce dos niveles el Ataque Especial del usuario.
27,6,435,Chispazo,Tiene una probabilidad del 30 % de paralizar al objetivo.
27,6,436,Humareda,Tiene una probabilidad del 30 % de quemar al objetivo.
27,6,437,Lluevehojas,Reduce dos niveles el Ataque Especial del usuario.
27,6,438,Latigazo,
27,6,439,Romperrocas,El usuario adquiere el estado Descansando en el siguiente\nturno.
27,6,440,Veneno X,Tiene una probabilidad del 10 % de envenenar al objetivo.\nAumenta un nivel la probabilidad de asestar golpes críticos\ndel usuario durante este ataque.
27,6,441,Lanzamugre,Tiene una probabilidad del 30 % de envenenar al objetivo.
27,6,442,Cabeza de Hierro,Tiene una probabilidad del 20 % de amedrentar al objetivo.
27,6,443,Bomba Imán,
27,6,444,Roca Afilada,Aumenta un nivel la probabilidad de asestar golpes críticos\ndel usuario durante este ataque.
27,6,445,Seducción,
27,6,446,Trampa Rocas,Provoca el estado Trampa Rocas en el lado rival.
27,6,447,Hierba Lazo,"Tiene mayor potencia cuanto más pesado sea el objetivo,\ncon un rango entre 20 y 120."
27,6,448,Cháchara,
27,6,449,Sentencia,
27,6,450,Picadura,"Si el objetivo lleva una baya, el usuario la consume y obtiene\nsus efectos."
27,6,451,Rayo Carga,Tiene una probabilidad del 70 % de aumentar un nivel\nel Ataque Especial del usuario.
27,6,452,Mazazo,El usuario recibe 1/3 del daño que inflige.
27,6,453,Acua Jet,
27,6,454,Al Ataque,
27,6,455,A Defender,
27,6,456,Auxilio,
27,6,457,Testarazo,El usuario recibe la mitad del daño que inflige.
27,6,458,Doble Golpe,Ataca dos veces seguidas.
27,6,459,Distorsión,
27,6,460,Corte Vacío,
27,6,461,Danza Lunar,
27,6,462,Agarrón,
27,6,463,Lluvia Ígnea,
27,6,464,Brecha Negra,
27,6,465,Fulgor Semilla,
27,6,466,Viento Aciago,
27,6,467,Golpe Umbrío,
27,6,468,Afilagarras,
27,6,469,Vasta Guardia,Protege al usuario y a sus aliados de los movimientos que\nafectarían a todos los aliados durante ese turno.
27,6,470,Isoguardia,Combina los valores de la Defensa y la Defensa Especial\ndel usuario con los del objetivo y los reparte a partes iguales.
27,6,471,Isofuerza,Combina los valores del Ataque y el Ataque Especial del usuario\ncon los del objetivo y los reparte a partes iguales.
27,6,472,Zona Extraña,Provoca el estado Zona Extraña en ambos lados durante\ncinco turnos.
27,6,473,Psicocarga,"A pesar de ser un ataque especial, el daño que inflige se calcula\ncon el valor de la Defensa del objetivo."
27,6,474,Carga Tóxica,Su potencia se duplica si el objetivo está envenenado\no gravemente envenenado.
27,6,475,Aligerar,
27,6,476,Polvo Ira,Centra sobre el usuario todos los movimientos de los rivales.\nSolo tiene efecto con movimientos que permiten seleccionar\na un objetivo. No afecta a los Pokémon de tipo Planta.
27,6,477,Telequinesis,
27,6,478,Zona Mágica,Provoca el estado Zona Mágica en ambos lados durante\ncinco turnos.
27,6,479,Antiaéreo,Hace que los rivales que no están en contacto con el suelo\nadquieran el estado Derribado. Puede golpear a objetivos con\nel estado A gran altitud.
27,6,480,Llave Corsé,Siempre asesta un golpe crítico.
27,6,481,Pirotecnia,
27,6,482,Onda Tóxica,Tiene una probabilidad del 10 % de envenenar al objetivo.
27,6,483,Danza Aleteo,"Aumenta un nivel el Ataque Especial, la Defensa Especial\ny la Velocidad del usuario."
27,6,484,Cuerpo Pesado,"Tiene mayor potencia cuanto más pesado sea el usuario en\ncomparación con el objetivo, con un rango entre 40 y 120.\nSu potencia se duplica y nunca falla contra objetivos con\nel estado Reducido."
27,6,485,Sincrorruido,
27,6,486,Bola Voltio,"Tiene mayor potencia cuanto mayor sea la Velocidad del\nusuario en comparación con la del objetivo, con un rango\nentre 40 y 150."
27,6,487,Empapar,Cambia el tipo del objetivo al tipo Agua.
27,6,488,Nitrocarga,Aumenta un nivel la Velocidad del usuario.
27,6,489,Enrosque,"Aumenta un nivel el Ataque, la Defensa y la Precisión\ndel usuario."
27,6,490,Puntapié,Reduce un nivel la Velocidad del objetivo.
27,6,491,Bomba Ácida,Reduce dos niveles la Defensa Especial del objetivo.
27,6,492,Juego Sucio,El daño que inflige se calcula con el valor del Ataque del\nobjetivo en vez del valor del Ataque del usuario.
27,6,493,Onda Simple,Sustituye la habilidad del objetivo por Simple.
27,6,494,Danza Amiga,Sustituye la habilidad del objetivo por la del usuario.
27,6,495,Cede Paso,Hace que el objetivo actúe justo a continuación del usuario.
27,6,496,Canon,"Si varios Pokémon usan este movimiento en un mismo turno,\natacarán uno a continuación del otro. Además, se duplica la\npotencia del movimiento a partir del segundo Pokémon que\nlo use."
27,6,497,Eco Voz,
27,6,498,Guardia Baja,
27,6,499,Niebla Clara,Elimina los cambios en las características del objetivo.\nNunca falla.
27,6,500,Poder Reserva,Aumenta en 20 su potencia por cada nivel de incremento\nen las características del usuario.
27,6,501,Anticipo,Protege al usuario y a sus aliados de movimientos de prioridad\nalta durante ese turno.
27,6,502,Cambio de Banda,"Intercambia la posición del usuario con la de un aliado.\nCon cada uso consecutivo, la probabilidad de éxito del\nmovimiento se reduce a 1/3 con respecto a la probabilidad\nanterior."
27,6,503,Escaldar,Tiene una probabilidad del 30 % de quemar al objetivo.\nElimina la congelación del usuario y el objetivo.
27,6,504,Rompecoraza,"Reduce un nivel la Defensa y la Defensa Especial del usuario\ny aumenta dos niveles su Ataque, su Ataque Especial\ny su Velocidad."
27,6,505,Pulso Cura,Restaura la mitad de los PS máximos del objetivo.
27,6,506,Infortunio,Su potencia se duplica si el objetivo sufre un problema de\nestado.
27,6,507,Caída Libre,
27,6,508,Cambio de Marcha,Aumenta un nivel el Ataque del usuario y dos niveles\nsu Velocidad.
27,6,509,Llave Giro,Obliga al objetivo a cambiarse por otro Pokémon de su equipo\nal azar si hay alguno que pueda sustituirlo.
27,6,510,Calcinación,
27,6,511,Último Lugar,Hace que el objetivo actúe el último en ese turno.
27,6,512,Acróbata,Su potencia se duplica si el usuario no lleva un objeto.
27,6,513,Clonatipo,Cambia el tipo del usuario al tipo del objetivo.
27,6,514,Represalia,
27,6,515,Sacrificio,Inflige una cantidad de daño equivalente a los PS restantes del\nusuario. El usuario se debilita tras usar este movimiento.
27,6,516,Ofrenda,
27,6,517,Infierno,Quema al objetivo.
27,6,518,Voto Agua,
27,6,519,Voto Fuego,
27,6,520,Voto Planta,
27,6,521,Voltiocambio,El usuario se cambia por otro Pokémon del equipo tras atacar.
27,6,522,Estoicismo,Reduce un nivel el Ataque Especial del objetivo.
27,6,523,Terratemblor,Reduce un nivel la Velocidad del objetivo. Su potencia\nse reduce a la mitad cuando hay un campo de hierba\nactivo en el terreno de combate.
27,6,524,Vaho Gélido,Siempre asesta un golpe crítico.
27,6,525,Cola Dragón,Obliga al objetivo a cambiarse por otro Pokémon de su equipo\nal azar si hay alguno que pueda sustituirlo.
27,6,526,Avivar,
27,6,527,Electrotela,Reduce un nivel la Velocidad del objetivo.
27,6,528,Voltio Cruel,El usuario recibe 1/4 del daño que inflige.
27,6,529,Taladradora,Aumenta un nivel la probabilidad de asestar golpes críticos\ndel usuario durante este ataque.
27,6,530,Golpe Bis,
27,6,531,Arrumaco,
27,6,532,Asta Drenaje,El usuario recupera una cantidad de PS equivalente a la mitad\ndel daño que inflige.
27,6,533,Espada Santa,Ignora los cambios en las características del objetivo al infligir\ndaño.
27,6,534,Concha Filo,Tiene una probabilidad del 50 % de reducir un nivel\nla Defensa del objetivo.
27,6,535,Golpe Calor,"Tiene mayor potencia cuanto más pesado sea el usuario en\ncomparación con el objetivo, con un rango entre 40 y 120.\nSu potencia se duplica y nunca falla contra objetivos con\nel estado Reducido."
27,6,536,Ciclón de Hojas,
27,6,537,Rodillo de Púas,
27,6,538,Rizo Algodón,Aumenta tres niveles la Defensa del usuario.
27,6,539,Pulso Noche,Tiene una probabilidad del 40 % de reducir un nivel la Precisión\ndel objetivo.
27,6,540,Onda Mental,
27,6,541,Plumerazo,Ataca de dos a cinco veces seguidas.
27,6,542,Vendaval,"Tiene una probabilidad del 30 % de confundir al objetivo.\nNunca falla cuando llueve. Si hace sol, tiene una precisión del\n50 %. Puede golpear a objetivos con el estado A gran altitud."
27,6,543,Ariete,
27,6,544,Rueda Doble,
27,6,545,Bomba Ígnea,
27,6,546,Tecno Shock,
27,6,547,Canto Arcaico,
27,6,548,Sable Místico,
27,6,549,Mundo Gélido,
27,6,550,Ataque Fulgor,
27,6,551,Llama Azul,
27,6,552,Danza Llama,Tiene una probabilidad del 50 % de aumentar un nivel\nel Ataque Especial del usuario.
27,6,553,Rayo Gélido,
27,6,554,Llama Gélida,
27,6,555,Alarido,Reduce un nivel el Ataque Especial del objetivo.
27,6,556,Chuzos,Tiene una probabilidad del 30 % de amedrentar al objetivo.
27,6,557,V de Fuego,
27,6,558,Llama Fusión,
27,6,559,Rayo Fusión,
27,6,560,Plancha Voladora,El daño que inflige se calcula con la compatibilidad entre tipos\ndel tipo de este movimiento y la del tipo Volador. Su potencia\nse duplica y nunca falla contra objetivos con el estado\nReducido.
27,6,561,Escudo Tatami,
27,6,562,Eructo,Falla si el usuario no ha consumido una baya durante\nel combate.
27,6,563,Fertilizante,
27,6,564,Red Viscosa,Provoca el estado Red Viscosa en el lado rival.
27,6,565,Aguijón Letal,Aumenta tres niveles el Ataque del usuario si debilita al objetivo\ncon este movimiento.
27,6,566,Golpe Fantasma,El usuario adquiere el estado Oculto en el turno en el que\nusa este movimiento y ataca en el siguiente. Puede golpear\na objetivos que hayan usado movimientos como Protección\no Detección y elimina sus efectos.
27,6,567,Halloween,Provoca el estado Halloween en el objetivo.
27,6,568,Rugido de Guerra,Reduce un nivel el Ataque y el Ataque Especial del objetivo.
27,6,569,Cortina Plasma,
27,6,570,Carga Parábola,El usuario recupera una cantidad de PS equivalente a la mitad\ndel daño que inflige.
27,6,571,Condena Silvana,Provoca el estado Condena Silvana en el objetivo.
27,6,572,Tormenta Floral,
27,6,573,Liofilización,Es supereficaz contra Pokémon de tipo Agua.
27,6,574,Voz Cautivadora,
27,6,575,Última Palabra,El usuario se cambia por otro Pokémon del equipo tras reducir\nun nivel el Ataque y el Ataque Especial del objetivo.
27,6,576,Reversión,Invierte todos los cambios en las características del objetivo.
27,6,577,Beso Drenaje,El usuario recupera una cantidad de PS equivalente a 3/4\ndel daño que inflige.
27,6,578,Truco Defensa,
27,6,579,Defensa Floral,
27,6,580,Campo de Hierba,Crea un campo de hierba en el terreno de combate durante\ncinco turnos.
27,6,581,Campo de Niebla,Crea un campo de niebla en el terreno de combate durante\ncinco turnos.
27,6,582,Electrificación,"Si acierta al objetivo antes de que use un movimiento,\nsu movimiento pasará a ser de tipo Eléctrico durante ese turno."
27,6,583,Carantoña,Tiene una probabilidad del 10 % de reducir un nivel el Ataque\ndel objetivo.
27,6,584,Viento Feérico,
27,6,585,Fuerza Lunar,Tiene una probabilidad del 10 % de reducir un nivel\nel Ataque Especial del objetivo.
27,6,586,Estruendo,
27,6,587,Cerrojo Feérico,Provoca el estado Cerrojo Feérico en todos los Pokémon\nen combate.
27,6,588,Escudo Real,"El usuario cambia a su Forma Escudo y se protege de los\nataques durante ese turno. Reduce un nivel el Ataque del\nPokémon que golpee al usuario con un movimiento de contacto.\nCon cada uso consecutivo, la probabilidad de éxito del\nmovimiento se reduce a 1/3 con respecto a la probabilidad\nanterior."
27,6,589,Camaradería,
27,6,590,Confidencia,
27,6,591,Tormenta de Diamantes,
27,6,592,Chorro de Vapor,
27,6,593,Paso Dimensional,
27,6,594,Shuriken de Agua,Ataca de dos a cinco veces seguidas.
27,6,595,Llama Embrujada,Reduce un nivel el Ataque Especial del objetivo.
27,6,596,Barrera Espinosa,"El usuario se protege de los ataques durante ese turno.\nEl Pokémon que golpee al usuario con un movimiento de\ncontacto pierde 1/8 de sus PS máximos. Con cada uso\nconsecutivo, la probabilidad de éxito del movimiento se\nreduce a 1/3 con respecto a la probabilidad anterior."
27,6,597,Niebla Aromática,Aumenta un nivel la Defensa Especial de un aliado.
27,6,598,Onda Anómala,Reduce dos niveles el Ataque Especial del objetivo.
27,6,599,Trampa Venenosa,
27,6,600,Polvo Explosivo,
27,6,601,Geocontrol,
27,6,602,Aura Magnética,Aumenta un nivel la Defensa y la Defensa Especial del usuario\ny sus aliados si tienen la habilidad Más o la habilidad Menos.
27,6,603,Paga Extra,
27,6,604,Campo Eléctrico,Crea un campo eléctrico en el terreno de combate durante\ncinco turnos.
27,6,605,Brillo Mágico,
27,6,606,Celebración,
27,6,607,Manos Juntas,
27,6,608,Ojitos Tiernos,Reduce un nivel el Ataque del objetivo.
27,6,609,Moflete Estático,Paraliza al objetivo.
27,6,610,Clemencia,
27,6,611,Acoso,Provoca el estado Apresado en el objetivo.
27,6,612,Puño Incremento,
27,6,613,Ala Mortífera,
27,6,614,Mil Flechas,
27,6,615,Mil Temblores,
27,6,616,Fuerza Telúrica,
27,6,617,Luz Aniquiladora,El usuario recibe la mitad del daño que inflige.
27,6,618,Pulso Primigenio,
27,6,619,Filo del Abismo,
27,6,620,Ascenso Draco,
27,6,621,Cerco Dimensión,
27,6,659,Recogearena,
27,6,660,Escaramuza,Falla si no es el primer movimiento que el usuario utiliza tras\nentrar en combate.
27,6,661,Búnker,"Protege al usuario de los movimientos de los demás Pokémon\ndurante ese turno. Envenena al Pokémon que ataque al usuario\ncon un movimiento de contacto. Con cada uso consecutivo,\nla probabilidad de éxito del movimiento se reduce a 1/3 con\nrespecto a la probabilidad anterior."
27,6,662,Puntada Sombría,Provoca el estado Huida imposible en el objetivo.
27,6,663,Lariat Oscuro,Ignora los cambios en las características del objetivo al infligir\ndaño.
27,6,664,Aria Burbuja,Elimina las quemaduras del objetivo.
27,6,665,Martillo Hielo,Reduce un nivel la Velocidad del usuario.
27,6,666,Cura Floral,
27,6,667,Fuerza Equina,
27,6,668,Absorbefuerza,"El usuario recupera una cantidad de PS equivalente al valor\ndel Ataque del objetivo. Además, este movimiento reduce\nun nivel el Ataque del objetivo."
27,6,669,Cuchilla Solar,"El usuario adquiere el estado Cargando en el turno en el que\nusa este movimiento y ataca en el siguiente. Si hace sol,\nno adquiere dicho estado y ataca inmediatamente. Si hay otro\ntiempo atmosférico activo, la potencia del movimiento se ve\nreducida a la mitad."
27,6,670,Follaje,
27,6,671,Foco,
27,6,672,Hilo Venenoso,Reduce dos niveles la Velocidad del objetivo y lo envenena.
27,6,673,Aguzar,
27,6,674,Piñón Auxiliar,
27,6,675,Golpe Mordaza,Provoca el estado Golpe Mordaza en el objetivo.
27,6,676,Bola de Polen,"Si se usa contra un aliado, restaura la mitad de sus PS máximos\nen vez de infligirle daño."
27,6,677,Anclaje,
27,6,678,Campo Psíquico,Crea un campo psíquico en el terreno de combate durante\ncinco turnos.
27,6,679,Plancha,Reduce un nivel el Ataque del objetivo.
27,6,680,Látigo Ígneo,Reduce un nivel la Defensa del objetivo.
27,6,681,Chulería,Aumenta en 20 su potencia por cada nivel de incremento\nen las características del usuario.
27,6,682,Llama Final,El usuario deja de ser de tipo Fuego y se libra de la\ncongelación. Este movimiento falla si el usuario no es de tipo\nFuego.
27,6,683,Cambiavelocidad,Intercambia la Velocidad del usuario y el objetivo.
27,6,684,Cuerno Certero,Nunca falla.
27,6,685,Purificación,
27,6,686,Danza Despertar,
27,6,687,Núcleo Castigo,
27,6,688,Patada Tropical,Reduce un nivel el Ataque del objetivo.
27,6,689,Mandato,Fuerza al objetivo a repetir inmediatamente su último\nmovimiento.
27,6,690,Pico Cañón,"Si el usuario es alcanzado por un movimiento de contacto antes\nde golpear con este movimiento, quema al atacante."
27,6,691,Fragor Escamas,Reduce un nivel la Defensa del usuario.
27,6,692,Martillo Dragón,
27,6,693,Giro Vil,
27,6,694,Velo Aurora,Provoca el estado Velo Aurora en el lado del usuario durante\ncinco turnos. Solo puede usarse cuando nieva.
27,6,704,Coraza Trampa,
27,6,705,Cañón Floral,
27,6,706,Psicocolmillo,"Elimina los estados Pantalla de Luz, Reflejo y Velo Aurora\nen el lado del objetivo antes de infligir daño."
27,6,707,Pataleta,Su potencia se duplica si el usuario no pudo actuar o falló\nsu movimiento en el turno anterior.
27,6,708,Hueso Sombrío,
27,6,709,Roca Veloz,
27,6,710,Hidroariete,Tiene una probabilidad del 20 % de reducir un nivel la Defensa\ndel objetivo.
27,6,711,Láser Prisma,
27,6,712,Robasombra,
27,6,713,Meteoimpacto,
27,6,714,Rayo Umbrío,
27,6,715,Ojos Llorosos,Reduce un nivel el Ataque y el Ataque Especial del objetivo.\nIgnora la Evasión del objetivo y puede golpear a objetivos\nque hayan usado movimientos como Protección.
27,6,716,Electropunzada,Tiene una probabilidad del 30 % de amedrentar al objetivo.
27,6,717,Furia Natural,
27,6,718,Multiataque,
27,6,720,Cabeza Sorpresa,
27,6,721,Puños Plasma,
27,6,722,Géiser Fotónico,
27,6,742,Ferropuño Doble,
27,6,744,Cañón Dinamax,
27,6,745,Disparo Certero,Ignora los efectos de las habilidades o los movimientos\nque permiten a un Pokémon centrar la atención sobre sí.\nAumenta un nivel la probabilidad de asestar golpes críticos\ndel usuario durante este ataque.
27,6,746,Presa Maxilar,Provoca el estado Presa Maxilar en el usuario y el objetivo.
27,6,747,Atiborramiento,"El usuario consume la baya que lleva, lo que aumenta dos\nniveles su Defensa. Este movimiento no se puede usar si el\nusuario no lleva una baya."
27,6,748,Bastión Final,"Aumenta un nivel el Ataque, la Defensa, el Ataque Especial,\nla Defensa Especial y la Velocidad del usuario, pero le provoca\nel estado Huida imposible. Puede usarse una vez tras entrar en\ncombate y fallará si se usa una segunda vez."
27,6,749,Alquitranazo,
27,6,750,Polvo Mágico,Cambia el tipo del objetivo al tipo Psíquico. No afecta a\nlos Pokémon de tipo Planta.
27,6,751,Dracoflechas,"Ataca dos veces seguidas. Si hay dos rivales, ataca una vez\na cada uno."
27,6,752,Hora del Té,Todos los Pokémon en combate consumen las bayas que llevan.
27,6,753,Octopresa,Provoca los estados Huida imposible y Octopresa\nen el objetivo.
27,6,754,Electropico,
27,6,755,Branquibocado,
27,6,756,Cambio de Cancha,Intercambia los estados del lado del usuario y el lado rival.
27,6,775,Estruendo Escama,"Sacrifica 1/3 de los PS máximos del usuario para aumentar\nun nivel su Ataque, su Defensa, su Ataque Especial, su Defensa\nEspecial y su Velocidad. Falla si el usuario no tiene suficientes\nPS."
27,6,776,Plancha Corporal,El daño que inflige se calcula con el valor de la Defensa del\nusuario en vez del de su Ataque.
27,6,777,Decoración,Aumenta dos niveles el Ataque y el Ataque Especial del\nobjetivo.
27,6,778,Batería Asalto,Reduce un nivel la Velocidad del objetivo.
27,6,779,Cepo,Provoca el estado Apresado en el objetivo.
27,6,780,Balón Ígneo,Tiene una probabilidad del 10 % de quemar al objetivo.\nElimina la congelación del usuario.
27,6,781,Tajo Supremo,
27,6,782,Embate Supremo,
27,6,783,Rueda Aural,Aumenta un nivel la Velocidad del usuario. Su tipo varía según\nla forma que adopte Morpeko.
27,6,784,Vasto Impacto,Reduce un nivel el Ataque del objetivo.
27,6,785,Punzada Rama,
27,6,786,Amplificador,
27,6,787,Ácido Málico,Reduce un nivel la Defensa Especial del objetivo.
27,6,788,Fuerza G,Reduce un nivel la Defensa del objetivo. Aumenta un 50 %\nsu potencia si el estado Gravedad está activo.
27,6,789,Choque Anímico,Reduce un nivel el Ataque Especial del objetivo.
27,6,790,Cautivapor,
27,6,791,Gota Vital,Restaura 1/4 de los PS máximos del usuario y sus aliados.
27,6,792,Obstrucción,
27,6,793,Irreverencia,
27,6,794,Asalto Estelar,El usuario adquiere el estado Descansando en el siguiente\nturno.
27,6,795,Rayo Infinito,
27,6,796,Metaláser,El usuario recibe daño equivalente a la mitad de sus PS máximos\ntras atacar.
27,6,797,Vasta Fuerza,Aumenta un 50 % su potencia y ataca a todos los rivales\nsi el usuario está en contacto con un campo psíquico.
27,6,798,Allanador Férreo,Elimina el campo activo en el terreno de combate.\nFalla si no hay ninguno.
27,6,799,Ráfaga Escamas,Ataca de dos a cinco veces seguidas. Reduce un nivel\nla Defensa del usuario y aumenta un nivel su Velocidad.
27,6,800,Rayo Meteórico,El usuario adquiere el estado Cargando y aumenta un nivel\nsu Ataque Especial en el turno en el que usa este movimiento\ny ataca en el siguiente.
27,6,801,Moluscañón,Tiene una probabilidad del 20 % de envenenar al objetivo.\nSe convierte en un ataque físico si de ese modo va a infligir\nmás daño.
27,6,802,Bruma Explosiva,Aumenta un 50 % su potencia si el usuario está en contacto con\nun campo de niebla. El usuario se debilita tras usarlo.
27,6,803,Fitoimpulso,Aumenta un nivel su prioridad si el usuario está en contacto\ncon un campo de hierba.
27,6,804,Alto Voltaje,Su potencia se duplica si el objetivo está en contacto con\nun campo eléctrico.
27,6,805,Pulso de Campo,Su potencia se duplica si el usuario está en contacto con\nun campo. Su tipo varía según el campo que esté activo.
27,6,806,Golpe Rastrero,Reduce un nivel el Ataque Especial del objetivo.
27,6,807,Envidia Ardiente,Quema al objetivo si sus características han aumentado en ese\nturno.
27,6,808,Desahogo,Su potencia se duplica si las características del usuario se han\nreducido en ese turno.
27,6,809,Poltergeist,Falla si el objetivo no lleva un objeto.
27,6,810,Gas Corrosivo,Hace que todos los Pokémon en combate salvo el usuario\npierdan el objeto que llevan.
27,6,811,Motivación,Aumenta un nivel el Ataque y la Defensa de todos los aliados.
27,6,812,Viraje,El usuario se cambia por otro Pokémon del equipo tras atacar.
27,6,813,Triple Axel,"Ataca tres veces seguidas. La potencia del primer golpe\nes de 20; la del segundo, de 40; y la del tercero, de 60.\nSe detiene si falla."
27,6,814,Ala Bis,Ataca dos veces seguidas.
27,6,815,Arenas Ardientes,Tiene una probabilidad del 30 % de quemar al objetivo.\nElimina la congelación del usuario y el objetivo.
27,6,816,Cura Selvática,
27,6,817,Golpe Oscuro,
27,6,818,Azote Torrencial,
27,6,819,Electrojaula,
27,6,820,Dracoenergía,
27,6,821,Mirada Heladora,
27,6,822,Furia Candente,
27,6,823,Patada Relámpago,
27,6,824,Lanza Glacial,
27,6,825,Orbes Espectro,
27,6,826,Conjuro Funesto,Reduce 3 PP del último movimiento usado por el objetivo.
27,6,827,Garra Nociva,"Tiene una probabilidad del 30 % de envenenar, paralizar\no dormir al objetivo."
27,6,828,Asalto Barrera,Aumenta un nivel la Defensa del usuario.
27,6,829,Cambiapoder,Provoca el estado Ataque y Defensa invertidos en el usuario.
27,6,830,Hachazo Pétreo,Provoca el estado Trampa Rocas en el lado rival.
27,6,831,Ciclón Primavera,
27,6,832,Poder Místico,
27,6,833,Erupción de Ira,Provoca el estado Enfurecido en el usuario.
27,6,834,Envite Acuático,El usuario recibe 1/3 del daño que inflige.
27,6,835,Clorofiláser,
27,6,836,Viento Carámbano,Tiene una probabilidad del 30 % de amedrentar al objetivo.
27,6,837,Danza Triunfal,
27,6,838,Arremetida,Reduce un nivel la Defensa y la Defensa Especial del usuario.
27,6,839,Mil Púas Tóxicas,Tiene una probabilidad del 50 % de envenenar al objetivo.\nSu potencia se duplica si el objetivo está envenenado\no gravemente envenenado.
27,6,840,Ala Aural,
27,6,841,Rencor Reprimido,Reduce un nivel el Ataque del objetivo.
27,6,842,Retracción,Aumenta dos niveles la Defensa del usuario.
27,6,843,Triple Flecha,Tiene una probabilidad del 50 % de reducir un nivel la Defensa\ndel objetivo y una probabilidad del 30 % de amedrentarlo.\nAumenta un nivel la probabilidad de asestar golpes críticos\ndel usuario durante este ataque.
27,6,844,Marcha Espectral,Tiene una probabilidad del 30 % de quemar al objetivo.\nSu potencia se duplica si el objetivo sufre un problema de\nestado.
27,6,845,Tajo Metralla,Provoca el estado Púas en el lado rival.
27,6,846,Vendaval Gélido,
27,6,847,Electormenta,
27,6,848,Simún de Arena,
27,6,849,Plegaria Lunar,
27,6,850,Bálsamo Osado,
27,6,851,Teraexplosión,
27,6,852,Telatrampa,
27,6,853,Patada Hacha,Tiene una probabilidad del 30 % de confundir al objetivo.\nEl usuario recibe daño equivalente a la mitad de sus PS máximos\nsi falla.
27,6,854,Homenaje Póstumo,Aumenta en 50 su potencia cada vez que se debilita\nun Pokémon del equipo del usuario.
27,6,855,Fotocolisión,Reduce dos niveles la Defensa Especial del objetivo.
27,6,856,Oído Cocina,
27,6,857,Puño Jet,
27,6,858,Extracto Picante,Reduce dos niveles la Defensa y aumenta dos niveles el Ataque\ndel objetivo.
27,6,859,Quemarrueda,
27,6,860,Proliferación,Ataca de una a diez veces seguidas. Se detiene si falla.
27,6,861,Pirueta Helada,Elimina el campo activo en el terreno de combate.
27,6,862,Asalto Espadón,El usuario adquiere el estado Vulnerable hasta que vuelve a\nactuar.
27,6,863,Plegaria Vital,Revive a un Pokémon del equipo del usuario que se haya\ndebilitado y le restaura la mitad de sus PS máximos.
27,6,864,Salazón,Provoca el estado Salazón en el objetivo.
27,6,865,Triple Inmersión,
27,6,866,Giro Mortífero,"Elimina los estados Apresado y Drenadoras del usuario, así\ncomo los estados Púas, Púas tóxicas, Red Viscosa y Trampa\nRocas en el lado del usuario. Envenena al objetivo."
27,6,867,Decalcomanía,
27,6,868,Deslome,
27,6,869,Genufendiente,Nunca falla.
27,6,870,Truco Floral,Nunca falla y siempre asesta un golpe crítico.
27,6,871,Canto Ardiente,Aumenta un nivel el Ataque Especial del usuario.
27,6,872,Danza Acuática,Aumenta un nivel la Velocidad del usuario.
27,6,873,Furia Taurina,"Su tipo varía según la forma del usuario. Elimina los estados\nPantalla de Luz, Reflejo y Velo Aurora en el lado del objetivo."
27,6,874,Fiebre Dorada,Reduce dos niveles el Ataque Especial del usuario.
27,6,875,Psicohojas,
27,6,876,Hidrovapor,
27,6,877,Calamidad,
27,6,878,Nitrochoque,
27,6,879,Electroderrape,
27,6,880,Autotomía,El usuario sacrifica la mitad de sus PS máximos para crear un\nsustituto y se cambia por otro Pokémon del equipo. El sustituto\nrecibirá los movimientos dirigidos al Pokémon en su lugar y\ndesaparecerá cuando haya recibido una cantidad de daño\nequivalente a 1/4 de los PS máximos del usuario.
27,6,881,Fría Acogida,Hace que nieve durante cinco turnos. El usuario se cambia por\notro Pokémon del equipo tras atacar.
27,6,882,Limpieza General,"Elimina los estados Red Viscosa, Trampa Rocas, Púas tóxicas\ny Púas, así como los sustitutos, en ambos lados. Además,\naumenta un nivel el Ataque y la Velocidad del usuario."
27,6,883,Paisaje Nevado,Hace que nieve durante cinco turnos.
27,6,884,Brinco,Reduce un nivel la Velocidad del objetivo.
27,6,885,Abrecaminos,Aumenta un nivel la Velocidad del usuario.
27,6,886,Agua Fría,Reduce un nivel el Ataque del objetivo.
27,6,887,Hipertaladro,
27,6,888,Láser Doble,Ataca dos veces seguidas.
27,6,889,Puño Furia,"Aumenta en 50 su potencia cada vez que el usuario recibe\ndaño de un movimiento, hasta un máximo de 350.\nLa potencia vuelve a su valor original cuando el usuario se\nretira del combate."
27,6,890,Cañón Armadura,Reduce un nivel la Defensa y la Defensa Especial del usuario.
27,6,891,Espada Lamento,El usuario recupera una cantidad de PS equivalente a la mitad\ndel daño que inflige.
27,6,892,Electropalmas,El usuario deja de ser de tipo Eléctrico. Este movimiento\nfalla si el usuario no es de tipo Eléctrico.
27,6,893,Martillo Colosal,No puede usarse dos veces seguidas.
27,6,894,Resarcimiento,"Si el usuario ha recibido daño de un ataque en ese turno,\nle devuelve al rival el 150 % del daño infligido."
27,6,895,Tajo Acuático,Aumenta un nivel la probabilidad de asestar golpes críticos\ndel usuario durante este ataque.
27,6,896,Pirochoque,
27,6,897,Ominochoque,
27,6,898,Ponzochoque,
27,6,899,Pugnachoque,
27,6,900,Feerichoque,
27,6,901,Luna Roja,
27,6,902,Cañón Batidor,El usuario recupera una cantidad de PS equivalente a la mitad\ndel daño que inflige. Este movimiento tiene una probabilidad\ndel 20 % de quemar al objetivo.
27,6,903,Bomba Caramelo,Provoca el estado Caramelizado en el objetivo durante\ntres turnos.
27,6,904,Garrote Liana,
27,6,905,Electrorrayo,"El usuario adquiere el estado Cargando en el turno en el que\nusa este movimiento y ataca en el siguiente. Si llueve, no\nadquiere dicho estado y ataca inmediatamente.\nSu Ataque Especial aumenta un nivel al usar el movimiento."
27,6,906,Teraclúster,
27,6,907,Láser Veleidoso,Tiene una probabilidad del 30 % de que su potencia se\nduplique.
27,6,908,Llama Protectora,
27,6,909,Relámpago Súbito,
27,6,910,Filo Potente,
27,6,911,Tajo Taquión,
27,6,912,Prensa Metálica,"Tiene mayor potencia cuantos más PS tenga el objetivo,\ncon un rango entre 1 y 100."
27,6,913,Bramido Dragón,"Provoca el estado Más Críticos +1 en los aliados. Si son\nde tipo Dragón, les provoca el estado Más Críticos +2."
27,6,914,Canto Encantador,Confunde al objetivo si sus características han aumentado en\nese turno.
27,6,915,Cólera Ardiente,Su potencia se duplica si el usuario no pudo actuar o falló\nsu movimiento en el turno anterior.
27,6,916,Plancha Voltaica,El usuario recibe daño equivalente a la mitad de sus PS máximos\nsi falla. Su potencia se duplica y nunca falla contra objetivos con\nel estado Reducido.
27,6,917,Psicorruido,Provoca el estado Cura anulada en el objetivo durante\ndos turnos.
27,6,918,Palma Rauda,Amedrenta al objetivo. Falla si el objetivo no va a usar\nun ataque de prioridad alta.
27,6,919,Cadena Virulenta,
27,6,920,Luz Devastadora,
27,7,1,막치기,
27,7,2,태권당수,
27,7,3,연속뺨치기,
27,7,4,연속펀치,
27,7,5,메가톤펀치,
27,7,6,고양이돈받기,
27,7,7,불꽃펀치,10% 확률로 상대를 화상 상태로 만든다.
27,7,8,냉동펀치,10% 확률로 상대를 얼음 상태로 만든다.
27,7,9,번개펀치,10% 확률로 상대를 마비 상태로 만든다.
27,7,10,할퀴기,
27,7,11,찝기,
27,7,12,가위자르기,상대를 기절시킨다.\n명중률은 30%로 고정된다.
27,7,13,칼바람,
27,7,14,칼춤,자신의 공격을 2단계 올린다.
27,7,15,풀베기,
27,7,16,바람일으키기,
27,7,17,날개치기,
27,7,18,날려버리기,상대에게 교체할 포켓몬이 있는 경우\n랜덤한 포켓몬으로 교체시킨다.
27,7,19,공중날기,사용한 턴에 공중 상태가 되어\n다음 턴에 공격한다.
27,7,20,조이기,상대를 바인드 상태로 만든다.
27,7,21,힘껏치기,
27,7,22,덩굴채찍,
27,7,23,짓밟기,
27,7,24,두번차기,
27,7,25,메가톤킥,
27,7,26,점프킥,
27,7,27,돌려차기,
27,7,28,모래뿌리기,
27,7,29,박치기,
27,7,30,뿔찌르기,
27,7,31,마구찌르기,
27,7,32,뿔드릴,상대를 기절시킨다.\n명중률은 30%로 고정된다.
27,7,33,몸통박치기,
27,7,34,누르기,30% 확률로 상대를 마비 상태로 만든다.\n작아지기 상태인 상대에게는\n위력이 2배가 되며 반드시 명중한다.
27,7,35,김밥말이,상대를 바인드 상태로 만든다.
27,7,36,돌진,
27,7,37,난동부리기,자신은 난동 상태가 된다.
27,7,38,이판사판태클,준 데미지의 1/3만큼 자신도 데미지를 입는다.
27,7,39,꼬리흔들기,
27,7,40,독침,
27,7,41,더블니들,
27,7,42,바늘미사일,2~5회 연속으로 공격한다.
27,7,43,째려보기,
27,7,44,물기,30% 확률로 상대를 풀죽게 한다.
27,7,45,울음소리,
27,7,46,울부짖기,상대에게 교체할 포켓몬이 있는 경우\n랜덤한 포켓몬으로 교체시킨다.
27,7,47,노래하기,상대를 잠듦 상태로 만든다.
27,7,48,초음파,
27,7,49,소닉붐,
27,7,50,사슬묶기,4턴 동안\n상대를 기술봉인 상태로 만든다.
27,7,51,용해액,
27,7,52,불꽃세례,
27,7,53,화염방사,10% 확률로 상대를 화상 상태로 만든다.
27,7,54,흰안개,
27,7,55,물대포,
27,7,56,하이드로펌프,
27,7,57,파도타기,수중 상태인 상대에게는 위력이 2배가 된다.
27,7,58,냉동빔,10% 확률로 상대를 얼음 상태로 만든다.
27,7,59,눈보라,10% 확률로 상대를 얼음 상태로 만든다.\n눈 상태인 경우 상대에게 반드시 명중한다.
27,7,60,환상빔,
27,7,61,거품광선,
27,7,62,오로라빔,
27,7,63,파괴광선,사용한 다음 턴에\n자신은 반동 상태가 된다.
27,7,64,쪼기,
27,7,65,회전부리,
27,7,66,지옥의바퀴,
27,7,67,안다리걸기,상대가 무거울수록 위력이 올라간다.\n(위력은 20~120)
27,7,68,카운터,사용한 턴에 상대의 물리 기술로 입은 데미지를\n2배로 돌려준다.
27,7,69,지구던지기,상대 HP에 50데미지를 준다.
27,7,70,괴력,
27,7,71,흡수,
27,7,72,메가드레인,
27,7,73,씨뿌리기,상대를 씨뿌리기 상태로 만든다.
27,7,74,성장,"자신의 공격, 특수공격을 1단계 올린다.\n쾌청 상태인 경우 2단계 올린다."
27,7,75,잎날가르기,
27,7,76,솔라빔,사용한 턴에 차지 상태가 되어 다음 턴에 공격한다.\n쾌청 상태인 경우 차지 상태를 생략하고\n바로 공격할 수 있다.\n다른 날씨인 경우 위력이 1/2이 된다.
27,7,77,독가루,상대를 독 상태로 만든다.\n풀타입 포켓몬에게는 효과가 없다.
27,7,78,저리가루,상대를 마비 상태로 만든다.\n풀타입 포켓몬에게는 효과가 없다.
27,7,79,수면가루,상대를 잠듦 상태로 만든다.\n풀타입 포켓몬에게는 효과가 없다.
27,7,80,꽃잎댄스,자신은 난동 상태가 된다.
27,7,81,실뿜기,상대의 스피드를 2단계 떨어뜨린다.
27,7,82,용의분노,
27,7,83,회오리불꽃,상대를 바인드 상태로 만든다.
27,7,84,전기쇼크,
27,7,85,10만볼트,10% 확률로 상대를 마비 상태로 만든다.
27,7,86,전기자석파,상대를 마비 상태로 만든다.\n땅타입 포켓몬에게는 효과가 없다.
27,7,87,번개,30% 확률로 상대를 마비 상태로 만든다.\n비 상태인 경우 상대에게 반드시 명중한다.\n쾌청 상태인 경우 명중률은 50%가 된다.\n공중 상태인 상대에게도 맞는다.
27,7,88,돌떨구기,
27,7,89,지진,지중 상태인 상대에게는 위력이 2배가 된다.\n그래스필드 상태일 때\n위력이 1/2이 된다.
27,7,90,땅가르기,상대를 기절시킨다.\n명중률은 30%로 고정된다.
27,7,91,구멍파기,사용한 턴에 지중 상태가 되어\n다음 턴에 공격한다.
27,7,92,맹독,상대를 맹독 상태로 만든다.\n독타입 포켓몬이 사용하면\n상대에게 반드시 명중한다.
27,7,93,염동력,
27,7,94,사이코키네시스,10% 확률로 상대의 특수방어를 1단계 떨어뜨린다.
27,7,95,최면술,상대를 잠듦 상태로 만든다.
27,7,96,요가포즈,
27,7,97,고속이동,자신의 스피드를 2단계 올린다.
27,7,98,전광석화,
27,7,99,분노,
27,7,100,순간이동,
27,7,101,나이트헤드,상대 HP에 50데미지를 준다.
27,7,102,흉내내기,
27,7,103,싫은소리,상대의 방어를 2단계 떨어뜨린다.
27,7,104,그림자분신,자신의 회피율을 1단계 올린다.
27,7,105,HP회복,자신의 최대 HP의 1/2만큼 회복한다.
27,7,106,단단해지기,
27,7,107,작아지기,자신의 회피율을 2단계 올린다.\n자신은 작아지기 상태가 된다.
27,7,108,연막,
27,7,109,이상한빛,상대를 혼란 상태로 만든다.
27,7,110,껍질에숨기,
27,7,111,웅크리기,
27,7,112,배리어,
27,7,113,빛의장막,5턴 동안 같은 편 필드를\n빛의장막 상태로 만든다.
27,7,114,흑안개,전체 필드의 능력 변화를 없앤다.
27,7,115,리플렉터,5턴 동안 같은 편 필드를\n리플렉터 상태로 만든다.
27,7,116,기충전,자신은 급소업 상태가 된다. (+2)
27,7,117,참기,
27,7,118,손가락흔들기,
27,7,119,따라하기,
27,7,120,자폭,사용하면 자신은 기절하게 된다.
27,7,121,알폭탄,
27,7,122,핥기,
27,7,123,스모그,
27,7,124,오물공격,
27,7,125,뼈다귀치기,
27,7,126,불대문자,10% 확률로 상대를 화상 상태로 만든다.
27,7,127,폭포오르기,20% 확률로 상대를 풀죽게 한다.
27,7,128,껍질끼우기,
27,7,129,스피드스타,
27,7,130,로켓박치기,
27,7,131,가시대포,
27,7,132,휘감기,
27,7,133,망각술,자신의 특수방어를 2단계 올린다.
27,7,134,숟가락휘기,
27,7,135,알낳기,자신의 최대 HP의 1/2만큼 회복한다.
27,7,136,무릎차기,빗나가거나 실패하면 자신의 최대 HP의\n1/2만큼 데미지를 입는다.
27,7,137,뱀눈초리,상대를 마비 상태로 만든다.
27,7,138,꿈먹기,
27,7,139,독가스,
27,7,140,구슬던지기,
27,7,141,흡혈,상대에게 준 데미지의 1/2만큼\n자신의 HP를 회복한다.
27,7,142,악마의키스,
27,7,143,불새,사용한 턴에 차지 상태가 되어 다음 턴에 공격한다.\n30% 확률로 상대를 풀죽게 한다.\n급소업+1로 공격한다.
27,7,144,변신,상대와 같은 포켓몬으로 변신한다.\nHP 이외의 스테이터스도 똑같아진다.
27,7,145,거품,
27,7,146,잼잼펀치,
27,7,147,버섯포자,상대를 잠듦 상태로 만든다.\n풀타입 포켓몬에게는 효과가 없다.
27,7,148,플래시,
27,7,149,사이코웨이브,
27,7,150,튀어오르기,
27,7,151,녹기,자신의 방어를 2단계 올린다.
27,7,152,집게해머,급소업+1로 공격한다.
27,7,153,대폭발,사용하면 자신은 기절하게 된다.
27,7,154,마구할퀴기,
27,7,155,뼈다귀부메랑,
27,7,156,잠자기,자신의 HP와 상태 이상을 모두 회복한다.\n2턴 동안 잠듦 상태가 된다.\nHP가 꽉 찬 상태면 실패한다.
27,7,157,스톤샤워,30% 확률로 상대를 풀죽게 한다.
27,7,158,필살앞니,
27,7,159,각지기,
27,7,160,텍스처,
27,7,161,트라이어택,"20% 확률로 상대를 마비, 화상, 얼음 중\n하나의 상태로 만든다."
27,7,162,분노의앞니,상대의 남은 HP의 절반만큼 데미지를 준다.\n1만 남은 경우 1데미지를 준다.
27,7,163,베어가르기,급소업+1로 공격한다.
27,7,164,대타출동,자신의 최대 HP의 1/4만큼 HP를 소비하여\n대타를 내보낸다.\n대타는 자신을 대신해 기술을 받는다.\n최대 HP의 1/4의 데미지를 입으면 사라진다.\n소리 기술에는 대타가 무시된다.
27,7,165,발버둥,
27,7,166,스케치,
27,7,167,트리플킥,
27,7,168,도둑질,자신이 도구를 지니고 있지 않은 경우\n상대의 도구를 빼앗는다.
27,7,169,거미집,
27,7,170,마음의눈,
27,7,171,악몽,
27,7,172,화염바퀴,
27,7,173,코골기,자신이 잠듦 상태인 경우 사용할 수 있다.\n30% 확률로 상대를 풀죽게 한다.
27,7,174,저주,"자신의 스피드를 1단계 떨어뜨리고\n공격, 방어를 1단계 올린다."
27,7,175,바둥바둥,자신의 남은 HP가 적을수록 위력이 올라간다.\n(위력은 20~200)
27,7,176,텍스처2,
27,7,177,에어로블라스트,
27,7,178,목화포자,상대의 스피드를 2단계 떨어뜨린다.\n풀타입 포켓몬에게는 효과가 없다.
27,7,179,기사회생,자신의 남은 HP가 적을수록 위력이 올라간다.\n(위력은 20~200)
27,7,180,원한,상대가 마지막으로 사용한 기술의 PP를 4 줄인다.
27,7,181,눈싸라기,
27,7,182,방어,사용한 턴 동안 상대의 기술로부터 몸을 보호한다.\n연속해서 사용하면\n성공률이 이전에 사용했을 때의 1/3이 된다.
27,7,183,마하펀치,
27,7,184,겁나는얼굴,상대의 스피드를 2단계 떨어뜨린다.
27,7,185,속여때리기,
27,7,186,천사의키스,상대를 혼란 상태로 만든다.
27,7,187,배북,자신의 최대 HP의 1/2만큼 HP를 소비하여\n공격을 6단계까지 올린다.\n남은 HP가 부족한 경우 실패한다.
27,7,188,오물폭탄,30% 확률로 상대를 독 상태로 만든다.
27,7,189,진흙뿌리기,상대의 명중률을 1단계 떨어뜨린다.
27,7,190,대포무노포,50% 확률로 상대의 명중률을 1단계 떨어뜨린다.
27,7,191,압정뿌리기,상대 필드를\n압정뿌리기 상태로 만든다.
27,7,192,전자포,상대를 마비 상태로 만든다.
27,7,193,꿰뚫어보기,
27,7,194,길동무,자신은 길동무 상태가 된다.\n연속해서 사용하면 실패한다.
27,7,195,멸망의노래,필드의 전원을\n멸망 상태로 만든다.
27,7,196,얼어붙은바람,상대의 스피드를 1단계 떨어뜨린다.
27,7,197,판별,사용한 턴 동안 상대의 기술로부터 몸을 보호한다.\n연속해서 사용하면\n성공률이 이전에 사용했을 때의 1/3이 된다.
27,7,198,본러시,2~5회 연속으로 공격한다.
27,7,199,록온,자신은 록온 상태가 된다.
27,7,200,역린,자신은 난동 상태가 된다.
27,7,201,모래바람,5턴 동안 모래바람 상태로 만든다.
27,7,202,기가드레인,상대에게 준 데미지의 1/2만큼\n자신의 HP를 회복한다.
27,7,203,버티기,사용한 턴 동안 기절할 듯한 기술로\n데미지를 입으면 HP를 1 남기고 버틴다.\n연속해서 사용하면\n성공률이 이전에 사용했을 때의 1/3이 된다.
27,7,204,애교부리기,상대의 공격을 2단계 떨어뜨린다.
27,7,205,구르기,
27,7,206,칼등치기,
27,7,207,뽐내기,상대의 공격을 2단계 올리고\n혼란 상태로 만든다.
27,7,208,우유마시기,자신 또는 같은 편의 HP를\n최대 HP의 1/2만큼 회복한다.
27,7,209,스파크,
27,7,210,연속자르기,
27,7,211,강철날개,10% 확률로 자신의 방어를 1단계 올린다.
27,7,212,검은눈빛,상대를 교체 불가 상태로 만든다.
27,7,213,헤롱헤롱,상대를 헤롱헤롱 상태로 만든다.\n성별이 같거나 불명인 상대에게는 실패한다.
27,7,214,잠꼬대,자신이 잠듦 상태인 경우 사용할 수 있다.\n자신이 배운 다른 기술 중에서\n무작위로 기술을 사용한다.
27,7,215,치료방울,자신과 같은 편과\n지닌 포켓몬 전원의\n상태 이상을 회복한다.
27,7,216,은혜갚기,
27,7,217,프레젠트,
27,7,218,화풀이,
27,7,219,신비의부적,5턴 동안 같은 편 필드를\n신비의부적 상태로 만든다.
27,7,220,아픔나누기,자신과 상대의 남은 HP를 더한 다음\n1/2씩 나눠 갖는다.
27,7,221,성스러운불꽃,
27,7,222,매그니튜드,
27,7,223,폭발펀치,상대를 혼란 상태로 만든다.
27,7,224,메가혼,
27,7,225,용의숨결,
27,7,226,배턴터치,"다른 지닌 포켓몬과 교체한다.\n능력 변화, 대타출동 등을\n그 포켓몬이 이어받는다."
27,7,227,앙코르,상대를 앙코르 상태로 만든다.
27,7,228,따라가때리기,
27,7,229,고속스핀,"자신의 바인드, 씨뿌리기 상태와\n같은 편 필드의 압정뿌리기, 독압정,\n끈적끈적네트, 스텔스록 상태를 해제한다.\n자신의 스피드를 1단계 올린다."
27,7,230,달콤한향기,상대의 회피율을 2단계 떨어뜨린다.
27,7,231,아이언테일,30% 확률로 상대의 방어를 1단계 떨어뜨린다.
27,7,232,메탈클로,
27,7,233,받아던지기,
27,7,234,아침햇살,자신의 최대 HP의 1/2만큼 회복한다.\n쾌청 상태인 경우 2/3만큼 회복한다.\n다른 날씨인 경우 1/4만큼 회복한다.
27,7,235,광합성,자신의 최대 HP의 1/2만큼 회복한다.\n쾌청 상태인 경우 2/3만큼 회복한다.\n다른 날씨인 경우 1/4만큼 회복한다.
27,7,236,달빛,자신의 최대 HP의 1/2만큼 회복한다.\n쾌청 상태인 경우 2/3만큼 회복한다.\n다른 날씨인 경우 1/4만큼 회복한다.
27,7,237,잠재파워,
27,7,238,크로스촙,급소업+1로 공격한다.
27,7,239,회오리,
27,7,240,비바라기,5턴 동안 비 상태로 만든다.
27,7,241,쾌청,5턴 동안 쾌청 상태로 만든다.
27,7,242,깨물어부수기,20% 확률로 상대의 방어를 1단계 떨어뜨린다.
27,7,243,미러코트,사용한 턴에 상대의 특수 기술로 입은 데미지를\n2배로 돌려준다.
27,7,244,자기암시,상대의 능력 변화를\n자신도 똑같이 만든다.
27,7,245,신속,
27,7,246,원시의힘,"10% 확률로 자신의 공격, 방어, 특수공격,\n특수방어, 스피드를 1단계 올린다."
27,7,247,섀도볼,20% 확률로 상대의 특수방어를 1단계 떨어뜨린다.
27,7,248,미래예지,상대가 위치한 자리를\n미래의 공격 상태로 만든다.
27,7,249,바위깨기,
27,7,250,바다회오리,상대를 바인드 상태로 만든다.\n수중 상태인 상대에게는 위력이 2배가 된다.
27,7,251,집단구타,지닌 포켓몬의 수만큼 상대를 공격한다.\n기절했거나 상태 이상에 걸린 포켓몬은 포함하지 않는다.\n기술의 위력은 지닌 포켓몬의 공격으로 계산된다.
27,7,252,속이기,상대를 풀죽게 한다.\n등장하고 가장 먼저 사용하지 않으면 실패한다.
27,7,253,소란피기,자신은 소란피기 상태가 된다.
27,7,254,비축하기,"자신의 방어, 특수방어를 1단계 올린다.\n비축하기 상태를 1회 추가한다.\n비축하기 상태는 최대 3회까지 추가할 수 있다."
27,7,255,토해내기,비축하기 상태의 수치가 높을수록 위력이 올라간다.\n(위력은 100~300)\n비축하기 상태가 아닌 경우 이 기술은 실패한다.
27,7,256,꿀꺽,비축하기 상태의 수치가 높을수록 HP를 많이 회복한다.\n1번이라면 최대 HP의 1/4만큼 회복한다.\n2번이라면 최대 HP의 1/2만큼 회복한다.\n3번이라면 모두 회복한다.\n비축하기 상태가 아닌 경우 이 기술은 실패한다.
27,7,257,열풍,10% 확률로 상대를 화상 상태로 만든다.
27,7,258,싸라기눈,
27,7,259,트집,상대를 연속 불가 상태로 만든다.
27,7,260,부추기기,상대의 특수공격을 1단계 올리고\n혼란 상태로 만든다.\n
27,7,261,도깨비불,상대를 화상 상태로 만든다.
27,7,262,추억의선물,"자신은 기절하게 되지만\n상대의 공격, 특수공격을 2단계 떨어뜨린다."
27,7,263,객기,"자신이 독, 맹독, 마비, 화상 상태일 때\n위력이 2배가 된다.\n화상 상태에 의한 물리 기술의 데미지가\n반감되는 효과는 무시한다."
27,7,264,힘껏펀치,자신이 기술을 사용하는 턴에\n상대로부터 먼저 기술로 데미지를 입으면 실패한다.
27,7,265,정신차리기,
27,7,266,날따름,상대의 기술을 모두 자신이 받는다.\n상대를 선택하는 기술에만 효과가 있다.
27,7,267,자연의힘,
27,7,268,충전,자신의 특수방어를 1단계 올린다.\n전기위력업 상태가 된다.
27,7,269,도발,상대를 도발 상태로 만든다.
27,7,270,도우미,사용한 턴 동안\n같은 편의 기술 위력을 1.5배로 만든다.
27,7,271,트릭,상대와 자신의 지니고 있는 도구를 바꾼다.
27,7,272,역할,자신의 특성을 상대와 같은 특성으로 바꾼다.
27,7,273,희망사항,자신이 위치한 자리를\n희망사항 상태로 만든다.
27,7,274,조수,
27,7,275,뿌리박기,자신은 뿌리박기 상태가 된다.
27,7,276,엄청난힘,"자신의 공격, 방어를 1단계 떨어뜨린다."
27,7,277,매직코트,
27,7,278,리사이클,자신이 마지막으로 소비한 도구를\n원래 상태로 돌려놓아 다시 지닌다.
27,7,279,리벤지,
27,7,280,깨트리기,"상대 필드의 빛의장막, 리플렉터,\n오로라베일 상태를 해제하고 공격한다."
27,7,281,하품,상대를 졸음 상태로 만든다.\n상대에게 반드시 명중한다.
27,7,282,탁쳐서떨구기,상대가 도구를 지니고 있으면 위력이 1.5배가 된다.\n상대의 도구를 없앤다.
27,7,283,죽기살기,상대의 남은 HP에서 자신의 남은 HP를\n뺀 수치만큼 데미지를 준다.\n상대의 HP가 자신의 HP 이하면 실패한다.
27,7,284,분화,자신의 남은 HP가 적을수록 위력이 떨어진다.\n(위력은 1~150)
27,7,285,스킬스왑,자신과 상대의 특성을 바꾼다.
27,7,286,봉인,자신은 봉인 상태가 된다.
27,7,287,리프레시,
27,7,288,원념,
27,7,289,가로채기,
27,7,290,비밀의힘,
27,7,291,다이빙,사용한 턴에 수중 상태가 되어\n다음 턴에 공격한다.
27,7,292,손바닥치기,
27,7,293,보호색,
27,7,294,반딧불,
27,7,295,러스터퍼지,
27,7,296,미스트볼,
27,7,297,깃털댄스,상대의 공격을 2단계 떨어뜨린다.
27,7,298,흔들흔들댄스,자신을 제외한 필드의 전원을\n혼란 상태로 만든다.
27,7,299,블레이즈킥,10% 확률로 상대를 화상 상태로 만든다.\n급소업+1로 공격한다.
27,7,300,흙놀이,
27,7,301,아이스볼,
27,7,302,바늘팔,
27,7,303,게으름피우기,자신의 최대 HP의 1/2만큼 회복한다.
27,7,304,하이퍼보이스,
27,7,305,맹독엄니,50% 확률로 상대를 맹독 상태로 만든다.
27,7,306,브레이크클로,50% 확률로 상대의 방어를 1단계 떨어뜨린다.
27,7,307,블라스트번,사용한 다음 턴에\n자신은 반동 상태가 된다.
27,7,308,하이드로캐논,사용한 다음 턴에\n자신은 반동 상태가 된다.
27,7,309,코멧펀치,20% 확률로 자신의 공격을 1단계 올린다.
27,7,310,놀래키기,
27,7,311,웨더볼,날씨가 바뀐 경우 위력이 2배가 되며\n기술의 타입도 바뀐다.\n쾌청 상태: 불꽃\n비 상태: 물\n눈 상태: 얼음\n모래바람 상태: 바위
27,7,312,아로마테라피,
27,7,313,거짓울음,상대의 특수방어를 2단계 떨어뜨린다.
27,7,314,에어커터,급소업+1로 공격한다.
27,7,315,오버히트,자신의 특수공격을 2단계 떨어뜨린다.
27,7,316,냄새구별,
27,7,317,암석봉인,상대의 스피드를 1단계 떨어뜨린다.
27,7,318,은빛바람,
27,7,319,금속음,상대의 특수방어를 2단계 떨어뜨린다.
27,7,320,풀피리,
27,7,321,간지르기,"상대의 공격, 방어를 1단계 떨어뜨린다."
27,7,322,코스믹파워,"자신의 방어, 특수방어를 1단계 올린다."
27,7,323,해수스파우팅,자신의 남은 HP가 적을수록 위력이 떨어진다.\n(위력은 1~150)
27,7,324,시그널빔,
27,7,325,섀도펀치,상대에게 반드시 명중한다.
27,7,326,신통력,10% 확률로 상대를 풀죽게 한다.
27,7,327,스카이어퍼,
27,7,328,모래지옥,상대를 바인드 상태로 만든다.
27,7,329,절대영도,상대를 기절시킨다. 명중률은 30%로 고정된다.\n얼음타입인 상대에게는 맞지 않는다.\n얼음타입 이외의 포켓몬이 사용하면\n명중률이 20%가 된다.
27,7,330,탁류,30% 확률로 상대의 명중률을 1단계 떨어뜨린다.
27,7,331,씨기관총,2~5회 연속으로 공격한다.
27,7,332,제비반환,상대에게 반드시 명중한다.
27,7,333,고드름침,2~5회 연속으로 공격한다.
27,7,334,철벽,자신의 방어를 2단계 올린다.
27,7,335,블록,상대를 교체 불가 상태로 만든다.
27,7,336,멀리짖기,자신과 같은 편의 공격을 1단계 올린다.
27,7,337,드래곤클로,
27,7,338,하드플랜트,사용한 다음 턴에\n자신은 반동 상태가 된다.
27,7,339,벌크업,"자신의 공격, 방어를 1단계 올린다."
27,7,340,뛰어오르기,사용한 턴에 공중 상태가 되어\n다음 턴에 공격한다.\n30% 확률로 상대를 마비 상태로 만든다.
27,7,341,머드샷,상대의 스피드를 1단계 떨어뜨린다.
27,7,342,포이즌테일,
27,7,343,탐내기,자신이 도구를 지니고 있지 않은 경우\n상대의 도구를 빼앗는다.
27,7,344,볼트태클,준 데미지의 1/3만큼 자신도 데미지를 입는다.\n10% 확률로 상대를 마비 상태로 만든다.
27,7,345,매지컬리프,
27,7,346,물놀이,
27,7,347,명상,"자신의 특수공격, 특수방어를 1단계 올린다."
27,7,348,리프블레이드,급소업+1로 공격한다.
27,7,349,용의춤,"자신의 공격, 스피드를 1단계 올린다."
27,7,350,록블라스트,2~5회 연속으로 공격한다.
27,7,351,전격파,
27,7,352,물의파동,20% 확률로 상대를 혼란 상태로 만든다.
27,7,353,파멸의소원,
27,7,354,사이코부스트,
27,7,355,날개쉬기,자신의 최대 HP의 1/2만큼 회복한다.\n비행타입이 사용하면 그 턴 동안\n비행타입이 아니게 된다.
27,7,356,중력,5턴 동안 전체 필드를\n중력 상태로 만든다.
27,7,357,미라클아이,
27,7,358,잠깨움뺨치기,
27,7,359,암해머,자신의 스피드를 1단계 떨어뜨린다.
27,7,360,자이로볼,자신의 스피드가 상대보다 느릴수록\n위력이 올라간다. (위력은 1~150)
27,7,361,치유소원,자신은 기절하게 되지만\n다음에 내보내는 포켓몬의\nHP를 모두 회복하고 상태 이상을 회복한다.
27,7,362,소금물,
27,7,363,자연의은혜,
27,7,364,페인트,"방어, 판별 등의 효과를\n해제하고 공격한다."
27,7,365,쪼아대기,상대가 나무열매를 지니고 있으면\n그 나무열매를 대신 먹고\n자신이 효과를 받는다.
27,7,366,순풍,4턴 동안 같은 편 필드를\n순풍 상태로 만든다.
27,7,367,경혈찌르기,"자신 또는 같은 편의\n공격, 방어, 특수공격, 특수방어, 스피드,\n명중률, 회피율 중 하나를 2단계 올린다."
27,7,368,메탈버스트,사용한 턴에 상대의 기술로 입은 데미지를\n1.5배로 돌려준다.
27,7,369,유턴,공격한 다음 다른 지닌 포켓몬과 교체한다.
27,7,370,인파이트,"자신의 방어, 특수방어를 1단계 떨어뜨린다."
27,7,371,보복,상대보다 나중에 공격하면 위력이 2배가 된다.
27,7,372,승부굳히기,사용한 턴 동안\n상대가 이미 데미지를 입었다면\n위력이 2배가 된다.
27,7,373,금제,
27,7,374,내던지기,지니고 있는 도구에 따라\n위력과 효과가 바뀐다.\n사용하면 도구는 사라진다.
27,7,375,사이코시프트,
27,7,376,마지막수단,
27,7,377,회복봉인,
27,7,378,쥐어짜기,
27,7,379,파워트릭,자신은 공방반전 상태가 된다.
27,7,380,위액,상대를 특성 없음 상태로 만든다.
27,7,381,주술,
27,7,382,선취,
27,7,383,흉내쟁이,마지막으로 사용된 기술을 사용한다.\n사용된 기술이 없는 경우 실패한다.
27,7,384,파워스왑,"자신의 공격, 특수공격 능력 변화를\n상대의 공격, 특수공격 능력 변화와 바꾼다."
27,7,385,가드스왑,"자신의 방어, 특수방어 능력 변화를\n상대의 방어, 특수방어 능력 변화와 바꾼다."
27,7,386,혼내기,
27,7,387,비장의무기,다른 배운 기술을\n모두 사용하지 않은 경우 실패한다.
27,7,388,고민씨,상대의 특성을 불면으로 만든다.
27,7,389,기습,상대가 공격 기술을 선택하였고\n이 기술을 사용한 턴 동안\n이미 공격하였다면 실패한다.
27,7,390,독압정,상대 필드를\n독압정 상태로 만든다.
27,7,391,하트스왑,
27,7,392,아쿠아링,자신은 아쿠아링 상태가 된다.
27,7,393,전자부유,자신은 전자부유 상태가 된다.
27,7,394,플레어드라이브,준 데미지의 1/3만큼 자신도 데미지를 입는다.\n10% 확률로 상대를 화상 상태로 만든다.\n사용하면 자신의 얼음 상태를 회복한다.
27,7,395,발경,
27,7,396,파동탄,상대에게 반드시 명중한다.
27,7,397,록커트,자신의 스피드를 2단계 올린다.
27,7,398,독찌르기,30% 확률로 상대를 독 상태로 만든다.
27,7,399,악의파동,20% 확률로 상대를 풀죽게 한다.
27,7,400,깜짝베기,급소업+1로 공격한다.
27,7,401,아쿠아테일,
27,7,402,씨폭탄,
27,7,403,에어슬래시,30% 확률로 상대를 풀죽게 한다.
27,7,404,시저크로스,
27,7,405,벌레의야단법석,10% 확률로 상대의 특수방어를 1단계 떨어뜨린다.
27,7,406,용의파동,
27,7,407,드래곤다이브,20% 확률로 상대를 풀죽게 한다.\n작아지기 상태인 상대에게는\n위력이 2배가 되며 반드시 명중한다.
27,7,408,파워젬,
27,7,409,드레인펀치,상대에게 준 데미지의 1/2만큼\n자신의 HP를 회복한다.
27,7,410,진공파,
27,7,411,기합구슬,10% 확률로 상대의 특수방어를 1단계 떨어뜨린다.
27,7,412,에너지볼,10% 확률로 상대의 특수방어를 1단계 떨어뜨린다.
27,7,413,브레이브버드,준 데미지의 1/3만큼 자신도 데미지를 입는다.
27,7,414,대지의힘,10% 확률로 상대의 특수방어를 1단계 떨어뜨린다.
27,7,415,바꿔치기,상대와 자신의 지니고 있는 도구를 바꾼다.
27,7,416,기가임팩트,사용한 다음 턴에\n자신은 반동 상태가 된다.
27,7,417,나쁜음모,자신의 특수공격을 2단계 올린다.
27,7,418,불릿펀치,
27,7,419,눈사태,이 기술을 사용하는 턴에\n상대에게 기술의 데미지를 입으면 위력이 2배가 된다.
27,7,420,얼음뭉치,
27,7,421,섀도클로,급소업+1로 공격한다.
27,7,422,번개엄니,10% 확률로 상대를 마비 상태로 만든다.\n10% 확률로 상대를 풀죽게 한다.
27,7,423,얼음엄니,10% 확률로 상대를 얼음 상태로 만든다.\n10% 확률로 상대를 풀죽게 한다.
27,7,424,불꽃엄니,10% 확률로 상대를 화상 상태로 만든다.\n10% 확률로 상대를 풀죽게 한다.
27,7,425,야습,
27,7,426,진흙폭탄,
27,7,427,사이코커터,급소업+1로 공격한다.
27,7,428,사념의박치기,20% 확률로 상대를 풀죽게 한다.
27,7,429,미러샷,
27,7,430,러스터캐논,10% 확률로 상대의 특수방어를 1단계 떨어뜨린다.
27,7,431,록클라임,
27,7,432,안개제거,"상대의 회피율을 1단계 떨어뜨린다.\n리플렉터, 압정뿌리기, 신비의부적,\n필드 등을 해제한다."
27,7,433,트릭룸,5턴 동안 전체 필드를\n트릭룸 상태로 만든다.
27,7,434,용성군,자신의 특수공격을 2단계 떨어뜨린다.
27,7,435,방전,30% 확률로 상대를 마비 상태로 만든다.
27,7,436,분연,30% 확률로 상대를 화상 상태로 만든다.
27,7,437,리프스톰,자신의 특수공격을 2단계 떨어뜨린다.
27,7,438,파워휩,
27,7,439,암석포,사용한 다음 턴에\n자신은 반동 상태가 된다.
27,7,440,크로스포이즌,10% 확률로 상대를 독 상태로 만든다.\n급소업+1로 공격한다.
27,7,441,더스트슈트,30% 확률로 상대를 독 상태로 만든다.
27,7,442,아이언헤드,20% 확률로 상대를 풀죽게 한다.
27,7,443,마그넷봄,
27,7,444,스톤에지,급소업+1로 공격한다.
27,7,445,유혹,
27,7,446,스텔스록,상대 필드를\n스텔스록 상태로 만든다.
27,7,447,풀묶기,상대가 무거울수록 위력이 올라간다.\n(위력은 20~120)
27,7,448,수다,
27,7,449,심판의뭉치,
27,7,450,벌레먹기,상대가 나무열매를 지니고 있으면\n그 나무열매를 대신 먹고\n자신이 효과를 받는다.
27,7,451,차지빔,70% 확률로 자신의 특수공격을 1단계 올린다.
27,7,452,우드해머,준 데미지의 1/3만큼 자신도 데미지를 입는다.
27,7,453,아쿠아제트,
27,7,454,공격지령,
27,7,455,방어지령,
27,7,456,회복지령,
27,7,457,양날박치기,준 데미지의 1/2만큼 자신도 데미지를 입는다.
27,7,458,더블어택,2회 연속으로 공격한다.
27,7,459,시간의포효,
27,7,460,공간절단,
27,7,461,초승달춤,
27,7,462,묵사발,
27,7,463,마그마스톰,
27,7,464,다크홀,
27,7,465,시드플레어,
27,7,466,괴상한바람,
27,7,467,섀도다이브,
27,7,468,손톱갈기,
27,7,469,와이드가드,사용한 턴 동안\n같은 편 전원을 공격하는 기술로부터 몸을 보호한다.
27,7,470,가드셰어,자신과 상대의\n방어와 특수방어 수치를 각각 더해서\n1/2씩 나눠 갖는다.
27,7,471,파워셰어,자신과 상대의\n공격과 특수공격 수치를 각각 더해서\n1/2씩 나눠 갖는다.
27,7,472,원더룸,5턴 동안 전체 필드를\n원더룸 상태로 만든다.
27,7,473,사이코쇼크,이 기술은 특수 기술이나\n상대의 방어를 기준으로 데미지를 계산한다.
27,7,474,베놈쇼크,"상대가 독, 맹독 상태인 경우 위력이 2배가 된다."
27,7,475,바디퍼지,
27,7,476,분노가루,상대의 기술을 모두 자신이 받는다.\n상대를 선택하는 기술에만 효과가 있다.\n풀타입 포켓몬에게는 효과가 없다.
27,7,477,텔레키네시스,
27,7,478,매직룸,5턴 동안 전체 필드를\n매직룸 상태로 만든다.
27,7,479,떨어뜨리기,땅 위에 있지 않은 상대를 추락 상태로 만든다.\n공중 상태인 상대에게도 맞는다.
27,7,480,업어후리기,반드시 급소에 맞는다.
27,7,481,불꽃튀기기,
27,7,482,오물웨이브,10% 확률로 상대를 독 상태로 만든다.
27,7,483,나비춤,"자신의 특수공격, 특수방어, 스피드를 1단계 올린다."
27,7,484,헤비봄버,자신이 상대보다 무거울수록\n위력이 올라간다. (위력은 40~120)\n작아지기 상태인 상대에게는\n위력이 2배가 되며 반드시 명중한다.
27,7,485,싱크로노이즈,
27,7,486,일렉트릭볼,자신의 스피드가 상대보다 빠를수록\n위력이 올라간다. (위력은 40~150)
27,7,487,물붓기,상대의 타입을 물타입으로 바꾼다.
27,7,488,니트로차지,자신의 스피드를 1단계 올린다.
27,7,489,똬리틀기,"자신의 공격, 방어, 명중률을 1단계 올린다."
27,7,490,로킥,상대의 스피드를 1단계 떨어뜨린다.
27,7,491,애시드봄,상대의 특수방어를 2단계 떨어뜨린다.
27,7,492,속임수,자신의 공격이 아닌\n상대의 공격 수치에 따라 데미지가 결정된다.
27,7,493,심플빔,상대의 특성을 단순으로 만든다.
27,7,494,동료만들기,상대의 특성을 자신과 같은 특성으로 만든다.
27,7,495,당신먼저,상대의 행동 순서를\n자신의 바로 다음으로 만든다.
27,7,496,돌림노래,같은 턴에 복수의 포켓몬이 이 기술을 사용하면\n첫 번째가 사용한 바로 다음에 두 번째 이후가 사용한다.\n두 번째 이후의 위력은 2배가 된다.
27,7,497,에코보이스,
27,7,498,야금야금,
27,7,499,클리어스모그,상대의 능력 변화를 원래대로 되돌린다.\n상대에게 반드시 명중한다.
27,7,500,어시스트파워,자신의 올라간 능력 변화 1단계당\n이 기술의 위력이 20씩 올라간다.
27,7,501,패스트가드,사용한 턴 동안 자신과 같은 편을\n선제 기술로부터 보호한다.
27,7,502,사이드체인지,자신과 같은 편의 자리를 바꾼다.\n연속해서 사용하면\n성공률이 이전에 사용했을 때의 1/3이 된다.
27,7,503,열탕,30% 확률로 상대를 화상 상태로 만든다.\n상대의 얼음 상태를 회복한다.\n사용하면 자신의 얼음 상태를 회복한다.
27,7,504,껍질깨기,"자신의 방어, 특수방어를 1단계 떨어뜨리고\n공격, 특수공격, 스피드를 2단계 올린다."
27,7,505,치유파동,상대의 HP를 최대 HP의 1/2만큼 회복시킨다.
27,7,506,병상첨병,상대가 상태 이상인 경우\n위력이 2배가 된다.
27,7,507,프리폴,
27,7,508,기어체인지,자신의 공격을 1단계 올리고\n스피드를 2단계 올린다.
27,7,509,배대뒤치기,상대에게 교체할 포켓몬이 있는 경우\n랜덤한 포켓몬으로 교체시킨다.
27,7,510,불태우기,
27,7,511,순서미루기,상대의 행동 순서를\n사용한 턴의 가장 마지막으로 만든다.
27,7,512,애크러뱃,자신이 도구를 지니고 있지 않은 경우\n위력이 2배가 된다.
27,7,513,미러타입,자신의 타입을 상대와 같은 타입으로 바꾼다.
27,7,514,원수갚기,
27,7,515,목숨걸기,자신은 기절하게 되며\n사용할 때 남은 HP만큼의 데미지를 준다.
27,7,516,기프트패스,
27,7,517,연옥,상대를 화상 상태로 만든다.
27,7,518,물의맹세,
27,7,519,불꽃의맹세,
27,7,520,풀의맹세,
27,7,521,볼트체인지,공격한 다음 다른 지닌 포켓몬과 교체한다.
27,7,522,벌레의저항,상대의 특수공격을 1단계 떨어뜨린다.
27,7,523,땅고르기,상대의 스피드를 1단계 떨어뜨린다.\n그래스필드 상태일 때\n위력이 1/2이 된다.
27,7,524,얼음숨결,반드시 급소에 맞는다.
27,7,525,드래곤테일,상대에게 교체할 포켓몬이 있는 경우\n랜덤한 포켓몬으로 교체시킨다.
27,7,526,분발,
27,7,527,일렉트릭네트,상대의 스피드를 1단계 떨어뜨린다.
27,7,528,와일드볼트,준 데미지의 1/4만큼 자신도 데미지를 입는다.
27,7,529,드릴라이너,급소업+1로 공격한다.
27,7,530,더블촙,
27,7,531,하트스탬프,
27,7,532,우드혼,상대에게 준 데미지의 1/2만큼\n자신의 HP를 회복한다.
27,7,533,성스러운칼,상대의 능력 변화를 무시하고 데미지를 준다.
27,7,534,셸블레이드,50% 확률로 상대의 방어를 1단계 떨어뜨린다.
27,7,535,히트스탬프,자신이 상대보다 무거울수록\n위력이 올라간다. (위력은 40~120)\n작아지기 상태인 상대에게는\n위력이 2배가 되며 반드시 명중한다.
27,7,536,그래스믹서,
27,7,537,하드롤러,
27,7,538,코튼가드,자신의 방어를 3단계 올린다.
27,7,539,나이트버스트,40% 확률로 상대의 명중률을 1단계 떨어뜨린다.
27,7,540,사이코브레이크,
27,7,541,스위프뺨치기,2~5회 연속으로 공격한다.
27,7,542,폭풍,30% 확률로 상대를 혼란 상태로 만든다.\n비 상태인 경우 상대에게 반드시 명중한다.\n쾌청 상태인 경우 명중률은 50%가 된다.\n공중 상태인 상대에게도 맞는다.
27,7,543,아프로브레이크,
27,7,544,기어소서,
27,7,545,화염탄,
27,7,546,테크노버스터,
27,7,547,옛노래,
27,7,548,신비의칼,
27,7,549,얼어붙은세계,
27,7,550,뇌격,
27,7,551,푸른불꽃,
27,7,552,불꽃춤,50% 확률로 자신의 특수공격을 1단계 올린다.
27,7,553,프리즈볼트,
27,7,554,콜드플레어,
27,7,555,바크아웃,상대의 특수공격을 1단계 떨어뜨린다.
27,7,556,고드름떨구기,30% 확률로 상대를 풀죽게 한다.
27,7,557,V제너레이트,
27,7,558,크로스플레임,
27,7,559,크로스썬더,
27,7,560,플라잉프레스,이 기술의 타입과 비행타입\n두 타입의 상성을 종합하여 데미지가 결정된다.\n작아지기 상태인 상대에게는\n위력이 2배가 되며 반드시 명중한다.
27,7,561,마룻바닥세워막기,
27,7,562,트림,배틀 중에 나무열매를 먹지 않은 경우\n이 기술은 실패한다.
27,7,563,일구기,
27,7,564,끈적끈적네트,상대 필드를\n끈적끈적네트 상태로 만든다.
27,7,565,마지막일침,이 기술로 상대를 쓰러뜨리면\n공격이 3단계 올라간다.
27,7,566,고스트다이브,"사용한 턴에 잠복 상태가 되어\n다음 턴에 공격한다.\n방어, 판별 등의 효과를\n해제하고 공격한다."
27,7,567,핼러윈,상대를 핼러윈 상태로 만든다.
27,7,568,부르짖기,"상대의 공격, 특수공격을 1단계 떨어뜨린다."
27,7,569,플라스마샤워,
27,7,570,파라볼라차지,상대에게 준 데미지의 1/2만큼\n자신의 HP를 회복한다.
27,7,571,숲의저주,상대를 숲의저주 상태로 만든다.
27,7,572,꽃보라,
27,7,573,프리즈드라이,물타입인 상대에게도 효과가 굉장해진다.
27,7,574,차밍보이스,
27,7,575,막말내뱉기,"상대의 공격, 특수공격을 1단계 떨어뜨리고\n자신은 다른 지닌 포켓몬과 교체한다."
27,7,576,뒤집어엎기,상대의 능력 변화를 모두 반대로 만든다.
27,7,577,드레인키스,상대에게 준 데미지의 3/4만큼\n자신의 HP를 회복한다.
27,7,578,트릭가드,
27,7,579,플라워가드,
27,7,580,그래스필드,5턴 동안 전체 필드를\n그래스필드 상태로 만든다.
27,7,581,미스트필드,5턴 동안 전체 필드를\n미스트필드 상태로 만든다.
27,7,582,송전,상대가 기술을 사용하기 전에 이 기술이 명중하면\n그 턴 동안 상대의 기술은 전기타입이 된다.
27,7,583,치근거리기,10% 확률로 상대의 공격을 1단계 떨어뜨린다.
27,7,584,요정의바람,
27,7,585,문포스,10% 확률로 상대의 특수공격을 1단계 떨어뜨린다.
27,7,586,폭음파,
27,7,587,페어리록,필드의 전원을\n페어리록 상태로 만든다.
27,7,588,킹실드,사용한 턴 동안 상대의 공격으로부터 몸을 보호하며\n접촉 기술을 받으면 상대의 공격을 1단계 떨어뜨린다.\n실드폼으로 폼체인지한다.\n연속해서 사용하면\n성공률이 이전에 사용했을 때의 1/3이 된다.
27,7,589,친해지기,
27,7,590,비밀이야기,
27,7,591,다이아스톰,
27,7,592,스팀버스트,
27,7,593,이차원홀,
27,7,594,물수리검,2~5회 연속으로 공격한다.
27,7,595,매지컬플레임,상대의 특수공격을 1단계 떨어뜨린다.
27,7,596,니들가드,사용한 턴 동안 상대의 기술로부터 몸을 보호하며\n접촉 기술로 공격한 상대 최대 HP의\n1/8만큼 데미지를 준다.\n연속해서 사용하면\n성공률이 이전에 사용했을 때의 1/3이 된다.
27,7,597,아로마미스트,자신의 특수방어를 1단계 올린다.
27,7,598,괴전파,상대의 특수공격을 2단계 떨어뜨린다.
27,7,599,베놈트랩,
27,7,600,분진,
27,7,601,지오컨트롤,
27,7,602,자기장조작,"특성이 플러스, 마이너스인\n자신과 같은 편의 방어, 특수방어를 1단계 올린다."
27,7,603,해피타임,
27,7,604,일렉트릭필드,5턴 동안 전체 필드를\n일렉트릭필드 상태로 만든다.
27,7,605,매지컬샤인,
27,7,606,축하,
27,7,607,손에손잡기,
27,7,608,초롱초롱눈동자,상대의 공격을 1단계 떨어뜨린다.
27,7,609,볼부비부비,상대를 마비 상태로 만든다.
27,7,610,적당히손봐주기,
27,7,611,엉겨붙기,상대를 바인드 상태로 만든다.
27,7,612,그로우펀치,
27,7,613,데스윙,
27,7,614,사우전드애로,
27,7,615,사우전드웨이브,
27,7,616,그라운드포스,
27,7,617,파멸의빛,준 데미지의 1/2만큼 자신도 데미지를 입는다.
27,7,618,근원의파동,
27,7,619,단애의칼,
27,7,620,화룡점정,
27,7,621,이차원러시,
27,7,659,모래모으기,
27,7,660,만나자마자,등장하고 가장 먼저 사용하지 않으면 실패한다.
27,7,661,토치카,사용한 턴 동안 상대의 기술로부터 몸을 보호한다.\n접촉 기술을 받으면 상대를 독 상태로 만든다.\n연속해서 사용하면\n성공률이 이전에 사용했을 때의 1/3이 된다.
27,7,662,그림자꿰매기,상대를 교체 불가 상태로 만든다.
27,7,663,DD래리어트,상대의 능력 변화를 무시하고 데미지를 준다.
27,7,664,물거품아리아,상대의 화상 상태를 회복한다.
27,7,665,아이스해머,자신의 스피드를 1단계 떨어뜨린다.
27,7,666,플라워힐,
27,7,667,10만마력,
27,7,668,힘흡수,상대의 공격 수치만큼\n자신의 HP를 회복한다.\n상대의 공격을 1단계 떨어뜨린다.
27,7,669,솔라블레이드,사용한 턴에 차지 상태가 되어 다음 턴에 공격한다.\n쾌청 상태인 경우 차지 상태를 생략하고\n바로 공격할 수 있다.\n다른 날씨인 경우 위력이 1/2이 된다.
27,7,670,나뭇잎,
27,7,671,스포트라이트,
27,7,672,독실,상대의 스피드를 2단계 떨어뜨린다.\n상대를 독 상태로 만든다.
27,7,673,예민해지기,
27,7,674,어시스트기어,
27,7,675,지옥찌르기,상대를 지옥찌르기 상태로 만든다.
27,7,676,꽃가루경단,같은 편에게 사용하면 데미지를 주는 대신\n최대 HP의 1/2만큼 같은 편의 HP를 회복한다.
27,7,677,앵커샷,
27,7,678,사이코필드,5턴 동안 전체 필드를\n사이코필드 상태로 만든다.
27,7,679,덤벼들기,상대의 공격을 1단계 떨어뜨린다.
27,7,680,불꽃채찍,상대의 방어를 1단계 떨어뜨린다.
27,7,681,기어오르기,자신의 올라간 능력 변화 1단계당\n이 기술의 위력이 20씩 올라간다.
27,7,682,불사르기,자신의 불꽃타입이 없어진다.\n사용하면 자신의 얼음 상태를 회복한다.\n자신이 불꽃타입이 아닌 경우 실패한다.
27,7,683,스피드스왑,자신과 상대의 스피드를 바꾼다.
27,7,684,스마트혼,상대에게 반드시 명중한다.
27,7,685,정화,
27,7,686,잠재댄스,
27,7,687,코어퍼니셔,
27,7,688,트로피컬킥,상대의 공격을 1단계 떨어뜨린다.
27,7,689,지휘,상대가 직전에 사용한 기술을\n한 번 더 사용하게 한다.
27,7,690,부리캐논,기술을 사용하기 전에 접촉 기술을 받으면\n그 상대를 화상 상태로 만든다.
27,7,691,스케일노이즈,자신의 방어를 1단계 떨어뜨린다.
27,7,692,드래곤해머,
27,7,693,세차게휘두르기,
27,7,694,오로라베일,5턴 동안 같은 편 필드를\n오로라베일 상태로 만든다.\n눈 상태인 경우에만 사용할 수 있다.
27,7,704,트랩셸,
27,7,705,플뢰르캐논,
27,7,706,사이코팽,"상대 필드의 빛의장막, 리플렉터,\n오로라베일 상태를 해제하고 공격한다."
27,7,707,분함의발구르기,직전 턴에 자신이 행동하지 못했거나\n기술이 빗나가거나 실패한 경우\n위력이 2배가 된다.
27,7,708,섀도본,
27,7,709,액셀록,
27,7,710,아쿠아브레이크,20% 확률로 상대의 방어를 1단계 떨어뜨린다.
27,7,711,프리즘레이저,
27,7,712,섀도스틸,
27,7,713,메테오드라이브,
27,7,714,섀도레이,
27,7,715,눈물그렁그렁,"상대의 공격, 특수공격을 1단계 떨어뜨린다.\n상대의 회피율, 기술 방어 등을 무시하고 맞힐 수 있다."
27,7,716,찌리리따끔따끔,30% 확률로 상대를 풀죽게 한다.
27,7,717,자연의분노,
27,7,718,멀티어택,
27,7,720,깜짝헤드,
27,7,721,플라스마피스트,
27,7,722,포톤가이저,
27,7,742,더블펀처,
27,7,744,다이맥스포,
27,7,745,노려맞히기,기술을 끌어모으는\n특성이나 기술의 영향을 무시한다.\n급소업+1로 공격한다.
27,7,746,물고버티기,상대와 자신을 물고버티기 상태로 만든다.
27,7,747,볼가득넣기,지니고 있는 나무열매를 먹는다.\n자신의 방어를 2단계 올린다.\n나무열매를 지니고 있지 않다면 이 기술을 사용할 수 없다.
27,7,748,배수의진,"자신의 공격, 방어, 특수공격, 특수방어, 스피드를\n1단계 올린다. 자신은 교체 불가 상태가 된다.\n등장할 때마다 단 한 번 사용할 수 있다.\n두 번째 이후에는 실패한다."
27,7,749,타르샷,
27,7,750,마법가루,상대의 타입을 에스퍼타입으로 바꾼다.\n풀타입 포켓몬에게는 효과가 없다.
27,7,751,드래곤애로,2회 연속으로 공격한다.\n상대가 2마리 있는 경우\n각각 1회씩 공격한다.
27,7,752,다과회,필드의 전원은\n각각 지니고 있는 나무열매를 먹는다.
27,7,753,문어굳히기,"상대를 교체 불가 상태,\n문어굳히기 상태로 만든다."
27,7,754,전격부리,
27,7,755,아가미물기,
27,7,756,코트체인지,같은 편과 상대의 필드 상태를 교체한다.
27,7,775,소울비트,"자신의 최대 HP의 1/3만큼 HP를 소비하여\n자신의 공격, 방어, 특수공격, 특수방어, 스피드를\n1단계 올린다.\n남은 HP가 부족한 경우 실패한다."
27,7,776,바디프레스,이 기술은 공격이 아닌\n방어 수치에 따라 데미지가 결정된다.
27,7,777,데코레이션,"상대의 공격, 특수공격을 2단계 올린다."
27,7,778,드럼어택,상대의 스피드를 1단계 떨어뜨린다.
27,7,779,집게덫,상대를 바인드 상태로 만든다.
27,7,780,화염볼,10% 확률로 상대를 화상 상태로 만든다.\n사용하면 자신의 얼음 상태를 회복한다.
27,7,781,거수참,
27,7,782,거수탄,
27,7,783,오라휠,자신의 스피드를 1단계 올린다.\n모르페코의 폼에 따라 타입이 바뀐다.
27,7,784,와이드브레이커,상대의 공격을 1단계 떨어뜨린다.
27,7,785,가지찌르기,
27,7,786,오버드라이브,
27,7,787,사과산,상대의 특수방어를 1단계 떨어뜨린다.
27,7,788,G의힘,상대의 방어를 1단계 떨어뜨린다.\n중력 상태인 경우 위력이 1.5배가 된다.
27,7,789,소울크래시,상대의 특수공격을 1단계 떨어뜨린다.
27,7,790,원더스팀,
27,7,791,생명의물방울,자신과 같은 편의 HP를\n각각 최대 HP의 1/4만큼 회복한다.
27,7,792,블로킹,
27,7,793,사죄의찌르기,
27,7,794,스타어설트,사용한 다음 턴에\n자신은 반동 상태가 된다.
27,7,795,무한다이빔,
27,7,796,철제광선,공격한 다음 자신의 최대 HP의\n1/2만큼 데미지를 입는다.
27,7,797,와이드포스,사이코필드 상태의 효과를 받고 있는 경우\n위력이 1.5배가 되며 상대 전체를 공격한다.
27,7,798,아이언롤러,필드가 전개되어 있지 않은 경우 실패한다.\n필드를 해제한다.
27,7,799,스케일샷,2~5회 연속으로 공격한다.\n자신의 방어를 1단계 떨어뜨리고\n스피드를 1단계 올린다.
27,7,800,메테오빔,사용한 턴에 차지 상태가 되어 다음 턴에 공격한다.\n사용한 턴에 자신의 특수공격을 1단계 올린다.
27,7,801,셸암즈,20% 확률로 상대를 독 상태로 만든다.\n물리 기술일 때 데미지가 더 높은 경우\n물리 기술이 된다.
27,7,802,미스트버스트,사용하면 자신은 기절하게 된다.\n미스트필드 상태의 효과를 받고 있는 경우\n위력이 1.5배가 된다.
27,7,803,그래스슬라이더,그래스필드 상태의 효과를 받고 있는 경우\n우선도 +1이 된다.
27,7,804,라이징볼트,상대가 일렉트릭필드 상태의\n효과를 받고 있는 경우 위력이 2배가 된다.
27,7,805,대지의파동,자신이 필드의 효과를 받고 있는 경우\n위력이 2배가 된다.\n필드의 종류에 따라 타입이 바뀐다.
27,7,806,엄습하는일격,상대의 특수공격을 1단계 떨어뜨린다.
27,7,807,질투의불꽃,사용한 턴 동안 상대의 능력이 올라간 경우\n상대를 화상 상태로 만든다.
27,7,808,분풀이,사용한 턴 동안 자신의 능력이 떨어진 경우\n위력이 2배가 된다.
27,7,809,폴터가이스트,상대가 도구를 지니고 있지 않은 경우 실패한다.
27,7,810,부식가스,자신을 제외한 필드의 전원이\n지니고 있는 도구를 없앤다.
27,7,811,코칭,"같은 편의 공격, 방어를 1단계 올린다."
27,7,812,퀵턴,공격한 다음 다른 지닌 포켓몬과 교체한다.
27,7,813,트리플악셀,"첫 번째는 위력 20, 두 번째는 위력 40,\n세 번째는 위력 60으로 3회 연속 공격한다.\n도중에 빗나가면 공격이 끝난다."
27,7,814,더블윙,2회 연속으로 공격한다.
27,7,815,열사의대지,30% 확률로 상대를 화상 상태로 만든다.\n상대의 얼음 상태를 회복한다.\n사용하면 자신의 얼음 상태를 회복한다.
27,7,816,정글힐,
27,7,817,암흑강타,
27,7,818,수류연타,
27,7,819,썬더프리즌,
27,7,820,드래곤에너지,
27,7,821,얼어붙는시선,
27,7,822,타오르는분노,
27,7,823,천둥차기,
27,7,824,블리자드랜스,
27,7,825,아스트랄비트,
27,7,826,섬뜩한주문,상대가 마지막으로 사용한 기술의 PP를 3 줄인다.
27,7,827,페이탈클로,"30% 확률로 상대를 독, 마비, 잠듦 중\n하나의 상태로 만든다."
27,7,828,배리어러시,자신의 방어를 1단계 올린다.
27,7,829,파워시프트,자신은 공방반전 상태가 된다.
27,7,830,암석액스,상대 필드를\n스텔스록 상태로 만든다.
27,7,831,봄의폭풍,
27,7,832,신비의힘,
27,7,833,대격분,자신은 난동 상태가 된다.
27,7,834,웨이브태클,준 데미지의 1/3만큼 자신도 데미지를 입는다.
27,7,835,클로로블라스트,
27,7,836,빙산바람,30% 확률로 상대를 풀죽게 한다.
27,7,837,승리의춤,
27,7,838,들이받기,"자신의 방어, 특수방어를 1단계 떨어뜨린다."
27,7,839,독침천발,"50% 확률로 상대를 독 상태로 만든다.\n상대가 독, 맹독 상태인 경우\n위력이 2배가 된다."
27,7,840,오라윙,
27,7,841,천추지한,상대의 공격을 1단계 떨어뜨린다.
27,7,842,농성,자신의 방어를 2단계 올린다.
27,7,843,3연화살,50% 확률로 상대의 방어를 1단계 떨어뜨린다.\n30% 확률로 상대를 풀죽게 한다.\n급소업+1로 공격한다.
27,7,844,백귀야행,30% 확률로 상대를 화상 상태로 만든다.\n상대가 상태 이상인 경우\n위력이 2배가 된다.
27,7,845,비검천중파,상대 필드를\n압정뿌리기 상태로 만든다.
27,7,846,찬바람폭풍,
27,7,847,번개폭풍,
27,7,848,열사의폭풍,
27,7,849,초승달의기도,
27,7,850,브레이브차지,
27,7,851,테라버스트,
27,7,852,스레드트랩,
27,7,853,발꿈치찍기,30% 확률로 상대를 혼란 상태로 만든다.\n빗나가거나 실패하면 자신의 최대 HP의\n1/2만큼 데미지를 입는다.
27,7,854,성묘,지닌 포켓몬이 1마리 기절할 때마다\n위력이 50 올라간다.
27,7,855,루미나콜리전,상대의 특수방어를 2단계 떨어뜨린다.
27,7,856,한판내기,
27,7,857,제트펀치,
27,7,858,하바네로엑기스,상대의 방어를 2단계 떨어뜨리고\n공격을 2단계 올린다.
27,7,859,휠스핀,
27,7,860,찍찍베기,1~10회 연속으로 공격한다.\n도중에 빗나가면 공격이 끝난다.
27,7,861,아이스스피너,필드를 해제한다.
27,7,862,대검돌격,다음에 자신이 행동할 때까지\n자신은 무방비 상태가 된다.
27,7,863,회생의기도,기절한 지닌 포켓몬을\n최대 HP의 1/2 상태로 부활시킨다.
27,7,864,소금절이,상대를 소금절이 상태로 만든다.
27,7,865,트리플다이브,
27,7,866,킬러스핀,"자신의 바인드, 씨뿌리기 상태와\n같은 편 필드의 압정뿌리기, 독압정,\n끈적끈적네트, 스텔스록 상태를 해제한다.\n상대를 독 상태로 만든다."
27,7,867,베껴그리기,
27,7,868,제살깎기,
27,7,869,도각참,상대에게 반드시 명중한다.
27,7,870,트릭플라워,상대에게 반드시 명중한다.\n반드시 급소에 맞는다.
27,7,871,플레어송,자신의 특수공격을 1단계 올린다.
27,7,872,아쿠아스텝,자신의 스피드를 1단계 올린다.
27,7,873,레이징불,"자신의 폼에 따라 기술의 타입이 바뀐다.\n상대 필드의 리플렉터, 빛의장막,\n오로라베일 상태를 해제하고 공격한다."
27,7,874,골드러시,자신의 특수공격을 2단계 떨어뜨린다.
27,7,875,사이코블레이드,
27,7,876,하이드로스팀,
27,7,877,카타스트로피,
27,7,878,액셀브레이크,
27,7,879,라이트닝드라이브,
27,7,880,꼬리자르기,자신의 최대 HP의 1/2만큼 HP를 소비하여\n대타를 내보낸다.\n이후 다른 지닌 포켓몬과 교체한다.\n대타는 자신을 대신해 기술을 받는다.\n최대 HP의 1/4의 데미지를 입으면 사라진다.
27,7,881,썰렁개그,5턴 동안 눈 상태로 만든다.\n다른 지닌 포켓몬과 교체한다.
27,7,882,정리정돈,"전체 필드의 끈적끈적네트, 스텔스록,\n대타출동, 압정뿌리기, 독압정 상태를 해제한다.\n자신의 공격, 스피드를 1단계 올린다."
27,7,883,설경,5턴 동안 눈 상태로 만든다.
27,7,884,달려들기,상대의 스피드를 1단계 떨어뜨린다.
27,7,885,개척하기,자신의 스피드를 1단계 올린다.
27,7,886,찬물끼얹기,상대의 공격을 1단계 떨어뜨린다.
27,7,887,하이퍼드릴,
27,7,888,트윈빔,2회 연속으로 공격한다.
27,7,889,분노의주먹,기술로 데미지를 입을 때마다\n위력이 50 올라간다. (최대 위력은 350)\n지닌 포켓몬으로 돌아오면 위력이 원래대로 돌아온다.
27,7,890,아머캐논,"자신의 방어, 특수방어를 1단계 떨어뜨린다."
27,7,891,원념의칼,상대에게 준 데미지의 1/2만큼\n자신의 HP를 회복한다.
27,7,892,전광쌍격,자신의 전기타입이 없어진다.\n자신이 전기타입이 아닌 경우 실패한다.
27,7,893,거대해머,이 기술은 2회 연속으로 사용할 수 없다.
27,7,894,앙갚음,사용한 턴에 상대의 기술로 입은 데미지를\n1.5배로 돌려준다.
27,7,895,아쿠아커터,급소업+1로 공격한다.
27,7,896,번액셀,
27,7,897,다크액셀,
27,7,898,포이즌액셀,
27,7,899,파이트액셀,
27,7,900,매지컬액셀,
27,7,901,블러드문,
27,7,902,휘적휘적포,상대에게 준 데미지의 1/2만큼\n자신의 HP를 회복한다.\n20% 확률로 상대를 화상 상태로 만든다.
27,7,903,시럽봄,3턴 동안\n상대를 물엿범벅 상태로 만든다.
27,7,904,덩굴방망이,
27,7,905,일렉트로빔,사용한 턴에 차지 상태가 되어 다음 턴에 공격한다.\n비 상태인 경우 차지 상태를 생략하고\n바로 공격할 수 있다.\n사용한 턴에 자신의 특수공격을 1단계 올린다.
27,7,906,테라클러스터,
27,7,907,변덕레이저,30% 확률로 위력이 2배가 된다.
27,7,908,화염의수호,
27,7,909,질풍신뢰,
27,7,910,파워풀에지,
27,7,911,타키온커터,
27,7,912,하드프레스,상대의 남은 HP가 많을수록 위력이 올라간다.\n(위력은 1~100)
27,7,913,드래곤옐,"같은 편을 급소업 상태로 만든다.\n(드래곤타입은 +2, 그 외 타입은 +1)"
27,7,914,매혹의보이스,사용한 턴 동안\n상대의 능력이 올라간 경우\n상대를 혼란 상태로 만든다.
27,7,915,열불내기,직전 턴에 자신이 행동하지 못했거나\n기술이 빗나가거나 실패한 경우\n위력이 2배가 된다.
27,7,916,썬더다이브,빗나가거나 실패하면 자신의 최대 HP의\n1/2만큼 데미지를 입는다.\n작아지기 상태인 상대에게는\n위력이 2배가 되며 반드시 명중한다.
27,7,917,사이코노이즈,2턴 동안\n상대를 회복봉인 상태로 만든다.
27,7,918,기선제압,상대가 선제 공격 기술을 사용하지 않은 경우 실패한다.\n상대를 풀죽게 한다.
27,7,919,악독사슬,
27,7,920,니힐레이저,
27,9,1,拍击,
27,9,2,空手劈,
27,9,3,连环巴掌,
27,9,4,连续拳,
27,9,5,百万吨重拳,
27,9,6,聚宝功,
27,9,7,火焰拳,有10%的机率会让对手陷入灼伤状态。
27,9,8,冰冻拳,有10%的机率会让对手陷入冰冻状态。
27,9,9,雷电拳,有10%的机率会让对手陷入麻痹状态。
27,9,10,抓,
27,9,11,夹住,
27,9,12,极落钳,会让对手陷入昏厥。\n命中率固定为30%。
27,9,13,旋风刀,
27,9,14,剑舞,会让自己的攻击提高2阶。
27,9,15,居合劈,
27,9,16,起风,
27,9,17,翅膀攻击,
27,9,18,吹飞,若对手有后备宝可梦，\n则会让对手随机进行替换。
27,9,19,飞翔,会在使用的回合变为空中状态，\n并在下一回合进行攻击。
27,9,20,绑紧,会让对手陷入束缚状态。
27,9,21,摔打,
27,9,22,藤鞭,
27,9,23,踩踏,
27,9,24,二连踢,
27,9,25,百万吨重踢,
27,9,26,飞踢,
27,9,27,回旋踢,
27,9,28,泼沙,
27,9,29,头锤,
27,9,30,角撞,
27,9,31,乱击,
27,9,32,角钻,会让对手陷入昏厥。\n命中率固定为30%。
27,9,33,撞击,
27,9,34,泰山压顶,有30%的机率会让对手陷入麻痹状态。\n对变小状态的对手的\n威力会变为2倍，且必定会命中。
27,9,35,紧束,会让对手陷入束缚状态。
27,9,36,猛撞,
27,9,37,大闹一番,自己会变为大闹状态。
27,9,38,舍身冲撞,自己也会受到给予的伤害的1/3。
27,9,39,摇尾巴,
27,9,40,毒针,
27,9,41,双针,
27,9,42,飞弹针,会连续攻击2～5次。
27,9,43,瞪眼,
27,9,44,咬住,有30%的机率会让对手畏缩。
27,9,45,叫声,
27,9,46,吼叫,若对手有后备宝可梦，\n则会让对手随机进行替换。
27,9,47,唱歌,会让对手陷入睡眠状态。
27,9,48,超音波,
27,9,49,音爆,
27,9,50,定身法,在4回合内，\n会让对手陷入招式封锁状态。
27,9,51,溶解液,
27,9,52,火花,
27,9,53,喷射火焰,有10%的机率会让对手陷入灼伤状态。
27,9,54,白雾,
27,9,55,水枪,
27,9,56,水炮,
27,9,57,冲浪,对水中状态的对手的\n威力会变为2倍。
27,9,58,冰冻光束,有10%的机率会让对手陷入冰冻状态。
27,9,59,暴风雪,有10%的机率会让对手陷入冰冻状态。\n下雪状态时，必定会命中对手。
27,9,60,幻象光线,
27,9,61,泡沫光线,
27,9,62,极光束,
27,9,63,破坏光线,在使用后的下一回合，\n自己会陷入反作用力状态。
27,9,64,啄,
27,9,65,啄钻,
27,9,66,深渊翻滚,
27,9,67,踢倒,对手越重，威力就会越大。\n威力为20～120。
27,9,68,双倍奉还,会将在使用的回合受到的来自对手的\n物理招式的伤害变为2倍返还给对手。
27,9,69,地球上投,会给予对手的HP50伤害。
27,9,70,怪力,
27,9,71,吸取,
27,9,72,超级吸取,
27,9,73,寄生种子,会让对手陷入寄生种子状态。
27,9,74,生长,会让自己的攻击、特攻提高1阶。\n若为大晴天状态，则会提高2阶。
27,9,75,飞叶快刀,
27,9,76,日光束,会在使用的回合变为积蓄状态，\n并在下一回合进行攻击。\n若为大晴天状态，则不会变为积蓄状态，\n并能立即进行攻击。\n若为其他天气，则威力会变为1/2。
27,9,77,毒粉,会让对手陷入中毒状态。\n对草属性的宝可梦将无效。
27,9,78,麻痹粉,会让对手陷入麻痹状态。\n对草属性的宝可梦将无效。
27,9,79,催眠粉,会让对手陷入睡眠状态。\n对草属性的宝可梦将无效。
27,9,80,花瓣舞,自己会变为大闹状态。
27,9,81,吐丝,会让对手的速度降低2阶。
27,9,82,龙之怒,
27,9,83,火焰旋涡,会让对手陷入束缚状态。
27,9,84,电击,
27,9,85,十万伏特,有10%的机率会让对手陷入麻痹状态。
27,9,86,电磁波,会让对手陷入麻痹状态。\n对地面属性的宝可梦将无效。
27,9,87,打雷,有30%的机率会让对手陷入麻痹状态。\n若为下雨状态，则必定会命中对手。\n若为大晴天状态，则命中率会变为50%。\n也会击中空中状态的对手。
27,9,88,落石,
27,9,89,地震,对地下状态的对手的威力会变为2倍。\n青草场地状态时，\n威力会变为1/2。
27,9,90,地裂,会让对手陷入昏厥。\n命中率固定为30%。
27,9,91,挖洞,会在使用的回合变为地下状态，\n并在下一回合进行攻击。
27,9,92,剧毒,让对手陷入剧毒状态。\n由毒属性使用时必定会命中对手。
27,9,93,念力,
27,9,94,精神强念,有10%的机率会让对手的特防降低1阶。
27,9,95,催眠术,会让对手陷入睡眠状态。
27,9,96,瑜伽姿势,
27,9,97,高速移动,会让自己的速度提高2阶。
27,9,98,电光一闪,
27,9,99,愤怒,
27,9,100,瞬间移动,
27,9,101,黑夜魔影,会给予对手的HP50伤害。
27,9,102,模仿,
27,9,103,刺耳声,会让对手的防御降低2阶。
27,9,104,影子分身,会让自己的闪避率提高1阶。
27,9,105,自我再生,会让自己的HP回复最大HP的1/2。
27,9,106,变硬,
27,9,107,变小,会让自己的闪避率提高2阶。\n自己会变为变小状态。
27,9,108,烟幕,
27,9,109,奇异之光,会让对手陷入混乱状态。
27,9,110,缩入壳中,
27,9,111,变圆,
27,9,112,屏障,
27,9,113,光墙,在5回合内，\n会让我方场地变为光墙状态。
27,9,114,黑雾,会消除整个场地的能力变化。
27,9,115,反射壁,在5回合内，\n会让我方场地变为反射壁状态。
27,9,116,聚气,自己会变为易中要害状态+2。
27,9,117,忍耐,
27,9,118,挥指,
27,9,119,鹦鹉学舌,
27,9,120,玉石俱碎,使用后自己会陷入昏厥。
27,9,121,炸蛋,
27,9,122,舌舔,
27,9,123,浊雾,
27,9,124,污泥攻击,
27,9,125,骨棒,
27,9,126,大字爆炎,有10%的机率会让对手陷入灼伤状态。
27,9,127,攀瀑,有20%的机率会让对手畏缩。
27,9,128,贝壳夹击,
27,9,129,高速星星,
27,9,130,火箭头锤,
27,9,131,尖刺加农炮,
27,9,132,缠绕,
27,9,133,瞬间失忆,会让自己的特防提高2阶。
27,9,134,折弯汤匙,
27,9,135,生蛋,会让自己的HP回复最大HP的1/2。
27,9,136,飞膝踢,落空或失败时，会受到自己\n最大HP的1/2的伤害。
27,9,137,大蛇瞪眼,会让对手陷入麻痹状态。
27,9,138,食梦,
27,9,139,毒瓦斯,
27,9,140,投球,
27,9,141,汲取,会让自己的HP回复\n给予对手伤害的1/2。
27,9,142,恶魔之吻,
27,9,143,神鸟猛击,会在使用的回合变为积蓄状态，\n并在下一回合进行攻击。\n有30%的机率会让对手畏缩。\n会以易中要害+1来进行攻击。
27,9,144,变身,会变身为和对手相同的宝可梦。\nHP以外的能力也会变为相同。
27,9,145,泡沫,
27,9,146,迷昏拳,
27,9,147,蘑菇孢子,会让对手陷入睡眠状态。\n对草属性的宝可梦将无效。
27,9,148,闪光,
27,9,149,精神波,
27,9,150,跃起,
27,9,151,溶化,会让自己的防御提高2阶。
27,9,152,蟹钳锤,会以易中要害+1来进行攻击。
27,9,153,大爆炸,使用后自己会陷入昏厥。
27,9,154,乱抓,
27,9,155,骨头回力镖,
27,9,156,睡觉,会让自己的HP完全回复，且会治愈异常状态。\n在2回合内会陷入睡眠状态。\nHP全满时会失败。
27,9,157,岩崩,有30%的机率会让对手畏缩。
27,9,158,终结门牙,
27,9,159,棱角化,
27,9,160,纹理,
27,9,161,三重攻击,有20%的机率会让对手陷入\n麻痹、灼伤、冰冻之中的一种状态。
27,9,162,愤怒门牙,会给予对手的剩余HP的1/2的伤害。\n若剩余HP为1，则会给予1伤害。
27,9,163,劈开,会以易中要害+1来进行攻击。
27,9,164,替身,会让自己的HP减少最大HP的1/4\n并制造替身。\n替身会代替自己承受招式。\n受到相当于最大HP的1/4的伤害时会消失。\n声音类招式会无视替身造成影响。
27,9,165,挣扎,
27,9,166,写生,
27,9,167,三连踢,
27,9,168,小偷,若自己没有携带道具，\n则会夺走对手的道具。
27,9,169,蛛网,
27,9,170,心之眼,
27,9,171,恶梦,
27,9,172,火焰轮,
27,9,173,打鼾,若自己是睡眠状态，则能使用。\n有30%的机率会让对手畏缩。
27,9,174,咒术,会让自己的速度降低1阶，\n攻击、防御提高1阶。
27,9,175,抓狂,自己的剩余HP越少，威力就会越大。\n威力为20～200。
27,9,176,纹理２,
27,9,177,气旋攻击,
27,9,178,棉孢子,会让对手的速度降低2阶。\n对草属性的宝可梦将无效。
27,9,179,绝处逢生,自己的剩余HP越少，威力就会越大。\n威力为20～200。
27,9,180,怨恨,会让对手最后使用的招式的PP减少4。
27,9,181,细雪,
27,9,182,守住,在使用的回合内，会在对手的招式中守护自己。\n连续使用时，成功率会变为上次使用时的1/3。
27,9,183,音速拳,
27,9,184,可怕面孔,会让对手的速度降低2阶。
27,9,185,出奇一击,
27,9,186,天使之吻,会让对手陷入混乱状态。
27,9,187,腹鼓,会让自己的HP减少最大HP的1/2，\n让攻击提高至第6阶。\n若剩余HP不足，则会失败。
27,9,188,污泥炸弹,有30%的机率会让对手陷入中毒状态。
27,9,189,掷泥,会让对手的命中率降低1阶。
27,9,190,章鱼桶炮,有50%的机率会让对手的命中率降低1阶。
27,9,191,撒菱,会让对手的场地变为撒菱状态。
27,9,192,电磁炮,会让对手陷入麻痹状态。
27,9,193,识破,
27,9,194,同命,自己会变为同命状态。\n连续使用时会失败。
27,9,195,终焉之歌,会让场上的所有宝可梦\n都陷入终焉状态。
27,9,196,冰冻之风,会让对手的速度降低1阶。
27,9,197,看穿,在使用的回合内，会在对手的招式中守护自己。\n连续使用时，成功率会变为上次使用时的1/3。
27,9,198,骨棒乱打,会连续攻击2～5次。
27,9,199,锁定,自己会变为锁定状态。
27,9,200,逆鳞,自己会变为大闹状态。
27,9,201,沙暴,在5回合内会变为沙暴状态。
27,9,202,终极吸取,会让自己的HP回复\n给予对手伤害的1/2。
27,9,203,挺住,在使用的回合内，\n受到会导致昏厥的招式的伤害时，\n会剩下1HP并撑过去。\n连续使用时，成功率会变为上次使用时的1/3。
27,9,204,撒娇,会让对手的攻击降低2阶。
27,9,205,滚动,
27,9,206,点到为止,
27,9,207,虚张声势,会让对手的攻击提高2阶\n并陷入混乱状态。
27,9,208,喝牛奶,会让自己或同伴的\nHP回复最大HP的1/2。
27,9,209,电光,
27,9,210,连斩,
27,9,211,钢翼,有10%的机率会让自己的防御提高1阶。
27,9,212,黑色目光,会让对手陷入无法逃走状态。
27,9,213,迷人,会让对手陷入着迷状态。\n对同性、性别不明的对手使用会失败。
27,9,214,梦话,若自己是睡眠状态，则能使用。\n会从自己已学会的其他招式中\n使用一种招式。
27,9,215,治愈铃声,治愈自己和同伴以及同行队伍中\n所有宝可梦的异常状态。
27,9,216,报恩,
27,9,217,礼物,
27,9,218,迁怒,
27,9,219,神秘守护,在5回合内，\n会让我方场地变为神秘守护状态。
27,9,220,分担痛楚,会将自己和对手的剩余HP相加，\n并各分1/2。
27,9,221,神圣之火,
27,9,222,震级,
27,9,223,爆裂拳,会让对手陷入混乱状态。
27,9,224,超级角击,
27,9,225,龙息,
27,9,226,接棒,会和同行队伍中的其他宝可梦进行替换。\n该宝可梦会继承能力变化、替身等。
27,9,227,再来一次,会让对手陷入再来一次状态。
27,9,228,追打,
27,9,229,高速旋转,会解除自己的束缚、寄生种子状态，\n以及我方场地的撒菱、毒菱、\n黏黏网、隐形岩状态。\n会让自己的速度提高1阶。
27,9,230,甜甜香气,会让对手的闪避率降低2阶。
27,9,231,铁尾,有30%的机率会让对手的防御降低1阶。
27,9,232,金属爪,
27,9,233,借力摔,
27,9,234,晨光,会让自己的HP回复最大HP的1/2。\n若为大晴天状态则会回复2/3。\n若为其他天气则会回复1/4。
27,9,235,光合作用,会让自己的HP回复最大HP的1/2。\n若为大晴天状态则会回复2/3。\n若为其他天气则会回复1/4。
27,9,236,月光,会让自己的HP回复最大HP的1/2。\n若为大晴天状态则会回复2/3。\n若为其他天气则会回复1/4。
27,9,237,觉醒力量,
27,9,238,十字劈,会以易中要害+1来进行攻击。
27,9,239,龙卷风,
27,9,240,求雨,在5回合内会变为下雨状态。
27,9,241,大晴天,在5回合内会变为大晴天状态。
27,9,242,咬碎,有20%的机率会让对手的防御降低1阶。
27,9,243,镜面反射,会将在使用的回合受到的来自对手的\n特殊招式的伤害变为2倍返还给对手。
27,9,244,自我暗示,会让自己获得与对手相同的能力变化。
27,9,245,神速,
27,9,246,原始之力,有10%的机率会让自己的\n攻击、防御、特攻、特防、速度提高1阶。
27,9,247,暗影球,有20%的机率会让对手的特防降低1阶。
27,9,248,预知未来,会让对手所在的位置\n变为未来攻击状态。
27,9,249,碎岩,
27,9,250,潮旋,会让对手陷入束缚状态。\n对水中状态的对手的\n威力会变为2倍。
27,9,251,围攻,会攻击对手，攻击次数为同行队伍中的宝可梦数量。\n不计算昏厥和异常状态的宝可梦。\n招式的威力会以同行宝可梦的攻击来计算。
27,9,252,击掌奇袭,会让对手畏缩。\n若不是出场后第一个使出的招式，\n则会失败。
27,9,253,吵闹,自己会变为吵闹状态。
27,9,254,蓄力,会让自己的防御、特防提高1阶。\n会让蓄力状态增加1。\n最多能蓄力3次。
27,9,255,喷出,蓄力状态的数值越大，威力就会越大。\n威力为100～300。\n若不是蓄力状态，则此招式会失败。
27,9,256,吞下,蓄力状态的数值越大，就会让HP回复得越多。\n1次则会回复最大HP的1/4。\n2次则会回复最大HP的1/2。\n3次则会完全回复。\n若不是蓄力状态，则此招式会失败。
27,9,257,热风,有10%的机率会让对手陷入灼伤状态。
27,9,258,冰雹,
27,9,259,无理取闹,会让对手陷入无法连续状态。
27,9,260,吹捧,会让对手的特攻提高1阶\n并陷入混乱状态。
27,9,261,磷火,会让对手陷入灼伤状态。
27,9,262,临别礼物,自己会陷入昏厥，\n但会让对手的攻击、特攻降低2阶。
27,9,263,硬撑,若自己是中毒、剧毒、麻痹、灼伤状态\n之中的一种状态，则威力会变为2倍。\n会无视灼伤状态造成的\n物理招式的伤害减半的效果。
27,9,264,真气拳,若在自己使出招式的回合\n先受到来自对手的招式的伤害，则会失败。
27,9,265,清醒,
27,9,266,看我嘛,对手的招式全部会由自己承受。\n只对需要选择对手的招式有效。
27,9,267,自然之力,
27,9,268,充电,会让自己的特防提高1阶。\n会变为电属性威力提高状态。
27,9,269,挑衅,会让对手陷入挑衅状态。
27,9,270,帮助,在使用的回合内，\n会让同伴的招式威力变为1.5倍。
27,9,271,戏法,会将对手和自己携带的道具互换。
27,9,272,扮演,会让自己的特性变为和对手相同。
27,9,273,祈愿,会让自己所在的位置\n变为祈愿状态。
27,9,274,借助,
27,9,275,扎根,自己会变为扎根状态。
27,9,276,蛮力,会让自己的攻击、防御降低1阶。
27,9,277,魔法反射,
27,9,278,回收利用,会复原自己最后消耗的道具\n并再次携带。
27,9,279,报复,
27,9,280,劈瓦,会解除对手场地的光墙、反射壁、\n极光幕状态并进行攻击。
27,9,281,哈欠,会让对手陷入瞌睡状态。\n必定会命中对手。
27,9,282,拍落,对手有携带道具时，\n威力会变为1.5倍。\n会让对手失去道具。
27,9,283,蛮干,给予伤害的数值会是\n对手的剩余HP减去自己的剩余HP。\n对手的HP为自己的HP以下时会失败。
27,9,284,喷火,自己的剩余HP越少，威力就会越小。\n威力为1～150。
27,9,285,特性互换,会将自己和对手的特性互换。
27,9,286,封印,自己会变为封印状态。
27,9,287,焕然一新,
27,9,288,怨念,
27,9,289,化为己用,
27,9,290,秘密之力,
27,9,291,潜水,会在使用的回合变为水中状态，\n并在下一回合进行攻击。
27,9,292,猛推,
27,9,293,保护色,
27,9,294,萤火,
27,9,295,洁净光芒,
27,9,296,薄雾球,
27,9,297,羽毛舞,会让对手的攻击降低2阶。
27,9,298,摇晃舞,会让自己以外的场上的所有宝可梦\n陷入混乱状态。
27,9,299,火焰踢,有10%的机率会让对手陷入灼伤状态。\n能以易中要害+1进行攻击。
27,9,300,玩泥巴,
27,9,301,冰球,
27,9,302,尖刺臂,
27,9,303,偷懒,会让自己的HP回复最大HP的1/2。
27,9,304,巨声,
27,9,305,剧毒牙,有50%的机率会让对手陷入剧毒状态。
27,9,306,撕裂爪,有50%的机率会让对手的防御降低1阶。
27,9,307,爆炸烈焰,在使用后的下一回合，\n自己会陷入反作用力状态。
27,9,308,加农水炮,在使用后的下一回合，\n自己会陷入反作用力状态。
27,9,309,彗星拳,有20%的机率会让自己的攻击提高1阶。
27,9,310,惊吓,
27,9,311,气象球,天气有所改变时，\n威力会变为2倍，属性也会改变。\n大晴天状态：火属性　　下雨状态：水属性\n下雪状态：冰属性　　沙暴状态：岩石属性
27,9,312,芳香治疗,
27,9,313,假哭,会让对手的特防降低2阶。
27,9,314,空气利刃,会以易中要害+1来进行攻击。
27,9,315,过热,会让自己的特攻降低2阶。
27,9,316,气味侦测,
27,9,317,岩石封锁,会让对手的速度降低1阶。
27,9,318,银色旋风,
27,9,319,金属音,会让对手的特防降低2阶。
27,9,320,草笛,
27,9,321,挠痒,会让对手的攻击、防御降低1阶。
27,9,322,宇宙力量,会让自己的防御、特防提高1阶。
27,9,323,喷水,自己的剩余HP越少，威力就会越小。\n威力为1～150。
27,9,324,信号光束,
27,9,325,暗影拳,必定会命中对手。
27,9,326,神通力,有10%的机率会让对手畏缩。
27,9,327,冲天拳,
27,9,328,流沙深渊,会让对手陷入束缚状态。
27,9,329,绝对零度,会让对手陷入昏厥。命中率固定为30%。\n不会击中冰属性的对手。\n由冰属性以外的宝可梦使用时，命中率会变为20%。
27,9,330,浊流,有30%的机率会让对手的命中率降低1阶。
27,9,331,种子机关枪,会连续攻击2～5次。
27,9,332,燕返,必定会命中对手。
27,9,333,冰锥,会连续攻击2～5次。
27,9,334,铁壁,会让自己的防御提高2阶。
27,9,335,挡路,会让对手陷入无法逃走状态。
27,9,336,长嚎,会让自己和同伴的攻击提高1阶。
27,9,337,龙爪,
27,9,338,疯狂植物,在使用后的下一回合，\n自己会陷入反作用力状态。
27,9,339,健美,会让自己的攻击、防御提高1阶。
27,9,340,弹跳,会在使用的回合变为空中状态，\n并在下一回合进行攻击。\n有30%的机率会让对手陷入麻痹状态。
27,9,341,泥巴射击,会让对手的速度降低1阶。
27,9,342,毒尾,
27,9,343,渴望,若自己没有携带道具，\n则会夺走对手的道具。
27,9,344,伏特攻击,自己也会受到给予的伤害的1/3。\n有10%的机率会让对手陷入麻痹状态。
27,9,345,魔法叶,
27,9,346,玩水,
27,9,347,冥想,会让自己的特攻、特防提高1阶。
27,9,348,叶刃,会以易中要害+1来进行攻击。
27,9,349,龙之舞,会让自己的攻击、速度提高1阶。
27,9,350,岩石爆击,会连续攻击2～5次。
27,9,351,电击波,
27,9,352,水之波动,有20%的机率会让对手陷入混乱状态。
27,9,353,破灭之愿,
27,9,354,精神突进,
27,9,355,羽栖,会让自己的HP回复最大HP的1/2。\n由飞行属性使用时，\n在此回合内将不再是飞行属性。
27,9,356,重力,在5回合内，\n会让整个场地变为重力状态。
27,9,357,奇迹之眼,
27,9,358,唤醒巴掌,
27,9,359,臂锤,会让自己的速度降低1阶。
27,9,360,陀螺球,自己的速度比对手越低，威力就会越大。\n威力为1～150。
27,9,361,治愈之愿,虽然自己会陷入昏厥，\n但会完全回复接下来我方派出的\n宝可梦的HP，并治愈其异常状态。
27,9,362,盐水,
27,9,363,自然之恩,
27,9,364,佯攻,会解除守住、看穿等效果并进行攻击。
27,9,365,啄食,若对手有携带树果，\n则会代替对手吃掉该树果，\n并由自己获得其效果。
27,9,366,顺风,在4回合内，\n会让我方场地变为顺风状态。
27,9,367,点穴,会让自己或同伴的\n攻击、防御、特攻、特防、速度、\n命中率、闪避率之中的1种能力提高2阶。
27,9,368,金属爆炸,会将在使用的回合受到的来自对手的\n招式的伤害变为1.5倍返还给对手。
27,9,369,急速折返,攻击后，会和同行队伍中的\n其他宝可梦进行替换。
27,9,370,近身战,会让自己的防御、特防降低1阶。
27,9,371,以牙还牙,在对手之后进行攻击时，\n威力会变为2倍。
27,9,372,恶意追击,在使用的回合内，\n若对手已经受到伤害，\n则威力会变为2倍。
27,9,373,查封,
27,9,374,投掷,威力和效果会根据\n携带的道具而改变。\n使用后道具就会消失。
27,9,375,精神转移,
27,9,376,王牌,
27,9,377,回复封锁,
27,9,378,绞紧,
27,9,379,力量戏法,自己会变为攻防转换状态。
27,9,380,胃液,会让对手变为无特性状态。
27,9,381,幸运咒语,
27,9,382,抢先一步,
27,9,383,仿效,会使出最后被使用的招式。\n若没有被使用过的招式，则会失败。
27,9,384,力量互换,会将自己的攻击、特攻的能力变化和\n对手的攻击、特攻的能力变化互换。
27,9,385,防守互换,会将自己的防御、特防的能力变化和\n对手的防御、特防的能力变化互换。
27,9,386,惩罚,
27,9,387,珍藏,若没有将其他已学会的招式\n全部使用过，则会失败。
27,9,388,烦恼种子,会让对手的特性变为不眠。
27,9,389,突袭,此招式必须在对手已经选择了攻击，\n且对手在使用此招式的回合内还没有\n进行攻击时使出，否则会失败。
27,9,390,毒菱,会让对手的场地变为毒菱状态。
27,9,391,心灵互换,
27,9,392,水流环,自己会变为水流环状态。
27,9,393,电磁飘浮,自己会变为电磁飘浮状态。
27,9,394,闪焰冲锋,自己也会受到给予的伤害的1/3。\n有10%的机率会让对手陷入灼伤状态。\n使用后会治愈自己的冰冻状态。
27,9,395,发劲,
27,9,396,波导弹,必定会命中对手。
27,9,397,岩石打磨,会让自己的速度提高2阶。
27,9,398,毒击,有30%的机率会让对手陷入中毒状态。
27,9,399,恶之波动,有20%的机率会让对手畏缩。
27,9,400,暗袭要害,会以易中要害+1来进行攻击。
27,9,401,水流尾,
27,9,402,种子炸弹,
27,9,403,空气之刃,有30%的机率会让对手畏缩。
27,9,404,十字剪,
27,9,405,虫鸣,有10%的机率会让对手的特防降低1阶。
27,9,406,龙之波动,
27,9,407,龙之俯冲,有20%的机率会让对手畏缩。\n对变小状态的对手的\n威力会变为2倍，且必定会命中。
27,9,408,力量宝石,
27,9,409,吸取拳,会让自己的HP回复\n给予对手伤害的1/2。
27,9,410,真空波,
27,9,411,真气弹,有10%的机率会让对手的特防降低1阶。
27,9,412,能量球,有10%的机率会让对手的特防降低1阶。
27,9,413,勇鸟猛攻,自己也会受到给予的伤害的1/3。
27,9,414,大地之力,有10%的机率会让对手的特防降低1阶。
27,9,415,掉包,会将对手和自己携带的道具互换。
27,9,416,终极冲击,在使用后的下一回合，\n自己会陷入反作用力状态。
27,9,417,诡计,会让自己的特攻提高2阶。
27,9,418,子弹拳,
27,9,419,雪崩,若在使用此招式的回合受到来自对手的\n招式的伤害，则威力会变为2倍。
27,9,420,冰砾,
27,9,421,暗影爪,会以易中要害+1来进行攻击。
27,9,422,雷电牙,有10%的机率会让对手陷入麻痹状态。\n有10%的机率会让对手畏缩。
27,9,423,冰冻牙,有10%的机率会让对手陷入冰冻状态。\n有10%的机率会让对手畏缩。
27,9,424,火焰牙,有10%的机率会让对手陷入灼伤状态。\n有10%的机率会让对手畏缩。
27,9,425,影子偷袭,
27,9,426,泥巴炸弹,
27,9,427,精神利刃,会以易中要害+1来进行攻击。
27,9,428,意念头锤,有20%的机率会让对手畏缩。
27,9,429,镜光射击,
27,9,430,加农光炮,有10%的机率会让对手的特防降低1阶。
27,9,431,攀岩,
27,9,432,清除浓雾,会让对手的闪避率降低1阶。\n会解除反射壁、撒菱、神秘守护、\n场地等状态。
27,9,433,戏法空间,在5回合内，\n会让整个场地变为戏法空间状态。
27,9,434,流星群,会让自己的特攻降低2阶。
27,9,435,放电,有30%的机率会让对手陷入麻痹状态。
27,9,436,喷烟,有30%的机率会让对手陷入灼伤状态。
27,9,437,飞叶风暴,会让自己的特攻降低2阶。
27,9,438,强力鞭打,
27,9,439,岩石炮,在使用后的下一回合，\n自己会陷入反作用力状态。
27,9,440,十字毒刃,有10%的机率会让对手陷入中毒状态。\n会以易中要害+1进行攻击。
27,9,441,垃圾射击,有30%的机率会让对手陷入中毒状态。
27,9,442,铁头,有20%的机率会让对手畏缩。
27,9,443,磁铁炸弹,
27,9,444,尖石攻击,会以易中要害+1来进行攻击。
27,9,445,诱惑,
27,9,446,隐形岩,会让对手的场地变为隐形岩状态。
27,9,447,打草结,对手越重，威力就会越大。\n威力为20～120。
27,9,448,喋喋不休,
27,9,449,制裁光砾,
27,9,450,虫咬,若对手有携带树果，\n则会代替对手吃掉该树果，\n并由自己获得其效果。
27,9,451,充电光束,有70%的机率会让自己的特攻提高1阶。
27,9,452,木槌,自己也会受到给予的伤害的1/3。
27,9,453,水流喷射,
27,9,454,攻击指令,
27,9,455,防御指令,
27,9,456,回复指令,
27,9,457,双刃头锤,自己也会受到给予的伤害的1/2。
27,9,458,二连击,会连续攻击2次。
27,9,459,时光咆哮,
27,9,460,亚空裂斩,
27,9,461,新月舞,
27,9,462,捏碎,
27,9,463,熔岩风暴,
27,9,464,暗黑洞,
27,9,465,种子闪光,
27,9,466,奇异之风,
27,9,467,暗影潜袭,
27,9,468,磨爪,
27,9,469,广域防守,在使用的回合内，\n会在击中我方所有宝可梦的招式中\n守护自己和同伴。
27,9,470,防守平分,会将自己和对手的\n防御的数值和特防的数值相加，\n并各分1/2。
27,9,471,力量平分,会将自己和对手的\n攻击的数值和特攻的数值相加，\n并各分1/2。
27,9,472,奇妙空间,在5回合内，\n会让整个场地变为奇妙空间状态。
27,9,473,精神冲击,此招式虽然为特殊招式，\n但会以对手的防御来计算伤害。
27,9,474,毒液冲击,若对手为中毒、剧毒状态，\n则威力会变为2倍。
27,9,475,身体轻量化,
27,9,476,愤怒粉,对手的招式全部会由自己承受。\n只对需要选择对手的招式有效。\n对草属性的宝可梦将无效。
27,9,477,意念移物,
27,9,478,魔法空间,在5回合内，\n会让整个场地变为魔法空间状态。
27,9,479,击落,会让不在地面上的对手变为落地状态。\n也会击中空中状态的对手。
27,9,480,山岚摔,必定会击中要害。
27,9,481,烈焰溅射,
27,9,482,污泥波,有10%的机率会让对手陷入中毒状态。
27,9,483,蝶舞,会让自己的特攻、特防、速度提高1阶。
27,9,484,重磅冲撞,自己比对手越重，威力就会越大。\n威力为40～120。\n对变小状态的对手的\n威力会变为2倍，且必定会命中。
27,9,485,同步干扰,
27,9,486,电球,自己的速度比对手越高，威力就会越大。\n威力为40～150。
27,9,487,浸水,会让对手的属性变为水属性。
27,9,488,蓄能焰袭,会让自己的速度提高1阶。
27,9,489,盘蜷,会让自己的攻击、防御、命中率提高1阶。
27,9,490,下盘踢,会让对手的速度降低1阶。
27,9,491,酸液炸弹,会让对手的特防降低2阶。
27,9,492,移花接木,会以对手的攻击的数值\n而不是自己的攻击的数值来决定伤害。
27,9,493,单纯光束,会让对手的特性变为单纯。
27,9,494,找伙伴,会让对手的特性变为和自己一样的特性。
27,9,495,您先请,会让对手的行动紧接在\n自己的行动之后。
27,9,496,轮唱,在同一回合有复数的宝可梦使用此招式时，\n在第1只使出后，第2只及以后会紧接着使出。\n第2只及以后的威力会变为2倍。
27,9,497,回声,
27,9,498,逐步击破,
27,9,499,清除之烟,会让对手的能力变化复原。\n必定会命中对手。
27,9,500,辅助力量,自己的能力变化每提高1阶，\n此招式的威力就会提高20。
27,9,501,快速防守,在使用的回合内，\n会保护自己和同伴不受先制招式影响。
27,9,502,交换场地,会将自己和同伴的位置互换。\n连续使用时，成功率会变为\n上次使用时的1/3。
27,9,503,热水,有30%的机率会让对手陷入灼伤状态。\n会治愈对手的冰冻状态。\n使用后会治愈自己的冰冻状态。
27,9,504,破壳,会让自己的防御、特防降低1阶，\n攻击、特攻、速度提高2阶。
27,9,505,治愈波动,会让对手的HP回复最大HP的1/2。
27,9,506,祸不单行,对手为异常状态时，\n威力会变为2倍。
27,9,507,自由落体,
27,9,508,换档,会让自己的攻击提高1阶，\n速度提高2阶。
27,9,509,巴投,若对手有后备宝可梦，\n则会让对手随机进行替换。
27,9,510,烧净,
27,9,511,延后,会让对手的行动顺序\n变为该回合的最后。
27,9,512,杂技,若自己没有携带道具，\n则威力会变为2倍。
27,9,513,镜面属性,会让自己的属性变为和对手相同的属性。
27,9,514,报仇,
27,9,515,搏命,自己会陷入昏厥，\n且会给予相当于当时HP剩余量的伤害。
27,9,516,传递礼物,
27,9,517,烈火深渊,会让对手陷入灼伤状态。
27,9,518,水之誓约,
27,9,519,火之誓约,
27,9,520,草之誓约,
27,9,521,伏特替换,攻击后，会和同行队伍中的\n其他宝可梦进行替换。
27,9,522,虫之抵抗,会让对手的特攻降低1阶。
27,9,523,重踏,会让对手的速度降低1阶。\n青草场地状态时，\n威力会变为1/2。
27,9,524,冰息,必定会击中要害。
27,9,525,龙尾,若对手有后备宝可梦，\n则会让对手随机进行替换。
27,9,526,自我激励,
27,9,527,电网,会让对手的速度降低1阶。
27,9,528,疯狂伏特,自己也会受到给予的伤害的1/4。
27,9,529,直冲钻,会以易中要害+1来进行攻击。
27,9,530,二连劈,
27,9,531,爱心印章,
27,9,532,木角,会让自己的HP回复\n给予对手伤害的1/2。
27,9,533,圣剑,会无视对手的能力变化给予伤害。
27,9,534,贝壳刃,有50%的机率会让对手的防御降低1阶。
27,9,535,高温重压,自己比对手越重，威力就会越大。\n威力为40～120。\n对变小状态的对手的\n威力会变为2倍，且必定会命中。
27,9,536,青草搅拌器,
27,9,537,疯狂滚压,
27,9,538,棉花防守,会让自己的防御提高3阶。
27,9,539,暗黑爆破,有40%的机率会让对手的命中率降低1阶。
27,9,540,精神击破,
27,9,541,扫尾拍打,会连续攻击2～5次。
27,9,542,暴风,有30%的机率会让对手陷入混乱状态。\n若为下雨状态，则必定会命中对手。\n若为大晴天状态，则命中率会变为50%。\n也会击中空中状态的对手。
27,9,543,爆炸头突击,
27,9,544,齿轮飞盘,
27,9,545,火焰弹,
27,9,546,高科技光炮,
27,9,547,古老之歌,
27,9,548,神秘之剑,
27,9,549,冰封世界,
27,9,550,雷击,
27,9,551,青焰,
27,9,552,火之舞,有50%的机率会让自己的特攻提高1阶。
27,9,553,冰冻伏特,
27,9,554,极寒冷焰,
27,9,555,大声咆哮,会让对手的特攻降低1阶。
27,9,556,冰柱坠击,有30%的机率会让对手畏缩。
27,9,557,Ｖ热焰,
27,9,558,交错火焰,
27,9,559,交错闪电,
27,9,560,飞身重压,会结合此招式的属性和飞行属性\n这2种属性的相克关系来决定伤害。\n对变小状态的对手的\n威力会变为2倍，且必定会命中。
27,9,561,掀榻榻米,
27,9,562,打嗝,若在战斗中没有吃树果，\n则此招式会失败。
27,9,563,耕地,
27,9,564,黏黏网,会让对手的场地变为黏黏网状态。
27,9,565,致命针刺,用此招式打倒对手时，\n攻击会提高3阶。
27,9,566,潜灵奇袭,会在使用的回合变为潜伏状态，\n并在下一回合进行攻击。\n会解除守住、看穿等效果并进行攻击。
27,9,567,万圣夜,会让对手陷入万圣夜状态。
27,9,568,战吼,会让对手的攻击、特攻降低1阶。
27,9,569,等离子浴,
27,9,570,抛物面充电,会让自己的HP回复\n给予对手伤害的1/2。
27,9,571,森林咒术,会让对手陷入森林咒术状态。
27,9,572,落英缤纷,
27,9,573,冷冻干燥,对水属性的对手也会效果绝佳。
27,9,574,魅惑之声,
27,9,575,抛下狠话,会让对手的攻击、特攻降低1阶。\n自己会和同行队伍中的其他宝可梦进行替换。
27,9,576,颠倒,会让对手的能力变化全部变为相反。
27,9,577,吸取之吻,会让自己的HP回复\n给予对手伤害的3/4。
27,9,578,戏法防守,
27,9,579,鲜花防守,
27,9,580,青草场地,在5回合内，\n会让整个场地变为青草场地状态。
27,9,581,薄雾场地,在5回合内，\n会让整个场地变为薄雾场地状态。
27,9,582,输电,若此招式在对手使出招式前命中，\n则在该回合，对手的招式会变为电属性。
27,9,583,嬉闹,有10%的机率会让对手的攻击降低1阶。
27,9,584,妖精之风,
27,9,585,月亮之力,有10%的机率会让对手的特攻降低1阶。
27,9,586,爆音波,
27,9,587,妖精之锁,会让场上的所有宝可梦\n都陷入妖精之锁状态。
27,9,588,王者盾牌,在使用的回合内，会在对手的招式中守护自己，\n且会让对自己使出接触类招式的对手的攻击降低1阶。\n会进行形态变化，变为盾牌形态。\n连续使用时，成功率会变为上次使用时的1/3。
27,9,589,和睦相处,
27,9,590,密语,
27,9,591,钻石风暴,
27,9,592,蒸汽爆炸,
27,9,593,异次元洞,
27,9,594,飞水手里剑,会连续攻击2～5次。
27,9,595,魔法火焰,会让对手的特攻降低1阶。
27,9,596,尖刺防守,在使用的回合内，会在对手的招式中守护自己，\n且会给予对自己使出接触类招式的对手\n其最大HP的1/8的伤害。\n连续使用时，成功率会变为上次使用时的1/3。
27,9,597,芳香薄雾,会让同伴的特防提高1阶。
27,9,598,怪异电波,会让对手的特攻降低2阶。
27,9,599,毒液陷阱,
27,9,600,粉尘,
27,9,601,大地掌控,
27,9,602,磁场操控,会让特性为正电和负电的\n自己和同伴的防御、特防提高1阶。
27,9,603,欢乐时光,
27,9,604,电气场地,在5回合内，\n会让整个场地变为电气场地状态。
27,9,605,魔法闪耀,
27,9,606,庆祝,
27,9,607,牵手,
27,9,608,圆瞳,会让对手的攻击降低1阶。
27,9,609,蹭蹭脸颊,会让对手陷入麻痹状态。
27,9,610,手下留情,
27,9,611,纠缠不休,会让对手陷入束缚状态。
27,9,612,增强拳,
27,9,613,归天之翼,
27,9,614,千箭齐发,
27,9,615,千波激荡,
27,9,616,大地神力,
27,9,617,破灭之光,自己也会受到给予的伤害的1/2。
27,9,618,根源波动,
27,9,619,断崖之剑,
27,9,620,画龙点睛,
27,9,621,异次元猛攻,
27,9,659,集沙,
27,9,660,迎头一击,若不是出场后第一个使出的招式，\n则会失败。
27,9,661,碉堡,在使用的回合内，会在对手的招式中守护自己。\n且会让对自己使出接触类招式的对手陷入中毒状态。\n连续使用时，成功率会变为上次使用时的1/3。
27,9,662,缝影,会让对手陷入无法逃走状态。
27,9,663,ＤＤ金勾臂,会无视对手的能力变化给予伤害。
27,9,664,泡影的咏叹调,会治愈对手的灼伤状态。
27,9,665,冰锤,会让自己的速度降低1阶。
27,9,666,花疗,
27,9,667,十万马力,
27,9,668,吸取力量,会让自己的HP回复\n相当于对手的攻击的数值。\n会让对手的攻击降低1阶。
27,9,669,日光刃,会在使用的回合变为积蓄状态，\n并在下一回合进行攻击。\n若为大晴天状态，则不会变为积蓄状态，\n并能立即进行攻击。\n若为其他天气，则威力会变为1/2。
27,9,670,树叶,
27,9,671,聚光灯,
27,9,672,毒丝,会让对手的速度降低2阶。\n会让对手陷入中毒状态。
27,9,673,磨砺,
27,9,674,辅助齿轮,
27,9,675,深渊突刺,会让对手陷入深渊突刺状态。
27,9,676,花粉团,对同伴使用时不会给予伤害，\n而是会让该同伴的HP\n回复其最大HP的1/2。
27,9,677,掷锚,
27,9,678,精神场地,在5回合内，\n会让整个场地变为精神场地状态。
27,9,679,猛扑,会让对手的攻击降低1阶。
27,9,680,火焰鞭,会让对手的防御降低1阶。
27,9,681,嚣张,自己的能力变化每提高1阶，\n此招式的威力就会提高20。
27,9,682,燃尽,自己的火属性会消失。\n使用后会治愈自己的冰冻状态。\n若自己不是火属性，则会失败。
27,9,683,速度互换,会将自己和对手的速度互换。
27,9,684,修长之角,必定会命中对手。
27,9,685,净化,
27,9,686,觉醒之舞,
27,9,687,核心惩罚者,
27,9,688,热带踢,会让对手的攻击降低1阶。
27,9,689,号令,会让对手再次使用\n最近一次使用的招式。
27,9,690,鸟嘴加农炮,在使用招式前受到接触类招式影响时，\n会让该对手陷入灼伤状态。
27,9,691,鳞片噪音,会让自己的防御降低1阶。
27,9,692,龙锤,
27,9,693,狂舞挥打,
27,9,694,极光幕,在5回合内，\n会让我方场地变为极光幕状态。\n只有在下雪状态时才能使用。
27,9,704,陷阱甲壳,
27,9,705,花朵加农炮,
27,9,706,精神之牙,会解除对手场地的光墙、反射壁、\n极光幕状态并进行攻击。
27,9,707,跺脚,若上一回合自己无法行动、\n招式落空或失败，\n则威力会变为2倍。
27,9,708,暗影之骨,
27,9,709,冲岩,
27,9,710,水流裂破,有20%的机率会让对手的防御降低1阶。
27,9,711,棱镜镭射,
27,9,712,暗影偷盗,
27,9,713,流星闪冲,
27,9,714,暗影之光,
27,9,715,泪眼汪汪,会让对手的攻击、特攻降低1阶。\n会无视对手的闪避率、守住等击中对手。
27,9,716,麻麻刺刺,有30%的机率会让对手畏缩。
27,9,717,自然之怒,
27,9,718,多属性攻击,
27,9,720,惊爆大头,
27,9,721,等离子闪电拳,
27,9,722,光子喷涌,
27,9,742,钢拳双击,
27,9,744,极巨炮,
27,9,745,狙击,会无视具有吸引招式效果的\n特性或招式的影响。\n会以易中要害+1来进行攻击。
27,9,746,紧咬不放,会让对手和自己陷入紧咬不放状态。
27,9,747,大快朵颐,会吃掉携带的树果。\n会让自己的防御提高2阶。\n若没有携带树果，则无法使用此招式。
27,9,748,背水一战,会让自己的攻击、防御、特攻、特防、速度\n提高1阶。自己会变为无法逃走状态。\n每次出场只能使用1次。\n第2次及以后则会失败。
27,9,749,沥青射击,
27,9,750,魔法粉,会让对手的属性变为超能力属性。\n对草属性的宝可梦将无效。
27,9,751,龙箭,会连续攻击2次。\n若对手有2只宝可梦，\n则会对它们各进行1次攻击。
27,9,752,茶会,场上的所有宝可梦都会\n吃掉并使用各自携带的树果。
27,9,753,蛸固,会让对手陷入\n无法逃走状态和蛸固状态。
27,9,754,电喙,
27,9,755,鳃咬,
27,9,756,换场,会将我方和对手的场地状态互换。
27,9,775,魂舞烈音爆,会让自己的HP减少最大HP的1/3，\n自己的攻击、防御、特攻、特防、\n速度提高1阶。\n若剩余HP不足，则会失败。
27,9,776,扑击,此招式会以防御的数值而不是\n攻击的数值来决定伤害。
27,9,777,装饰,会让对手的攻击、特攻提高2阶。
27,9,778,鼓击,会让对手的速度降低1阶。
27,9,779,捕兽夹,会让对手陷入束缚状态。
27,9,780,火焰球,有10%的机率会让对手陷入灼伤状态。\n使用后会治愈自己的冰冻状态。
27,9,781,巨兽斩,
27,9,782,巨兽弹,
27,9,783,气场轮,会让自己的速度提高1阶。\n招式的属性会随莫鲁贝可的形态而改变。
27,9,784,广域破坏,会让对手的攻击降低1阶。
27,9,785,木枝突刺,
27,9,786,破音,
27,9,787,苹果酸,会让对手的特防降低1阶。
27,9,788,万有引力,会让对手的防御降低1阶。\n若为重力状态，则威力会变为1.5倍。
27,9,789,灵魂冲击,会让对手的特攻降低1阶。
27,9,790,神奇蒸汽,
27,9,791,生命水滴,会让自己和同伴的HP\n回复各自最大HP的1/4。
27,9,792,拦堵,
27,9,793,假跪真撞,
27,9,794,流星突击,在使用后的下一回合，\n自己会陷入反作用力状态。
27,9,795,无极光束,
27,9,796,铁蹄光线,攻击后，会受到自己\n最大HP的1/2的伤害。
27,9,797,广域战力,若受到精神场地状态的效果影响，\n则威力会变为1.5倍，\n且会攻击全体对手。
27,9,798,铁滚轮,若场上没有场地，则会失败。\n会解除场地。
27,9,799,鳞射,会连续攻击2～5次。\n会让自己的防御降低1阶，\n速度提高1阶。
27,9,800,流星光束,会在使用的回合变为积蓄状态，\n并在下一回合进行攻击。\n在使用的回合会让自己的特攻提高1阶。
27,9,801,臂贝武器,有20%的机率会让对手陷入中毒状态。\n若作为物理招式的伤害更大，\n则会变为物理招式。
27,9,802,薄雾炸裂,使用后自己会陷入昏厥。\n若受到薄雾场地状态的效果影响，\n则威力会变为1.5倍。
27,9,803,青草滑梯,若受到青草场地状态的效果影响，\n则会变为优先度+1。
27,9,804,电力上升,若对手受到电气场地状态的效果影响，\n则威力会变为2倍。
27,9,805,大地波动,若自己受到场地的效果影响，\n则威力会变为2倍。\n属性会根据场地的种类而改变。
27,9,806,爬击,会让对手的特攻降低1阶。
27,9,807,妒火,若在使用的回合对手的能力有所提高，\n则会让对手陷入灼伤状态。
27,9,808,泄愤,若在使用的回合自己的能力有所降低，\n则威力会变为2倍。
27,9,809,灵骚,若对手没有携带道具，则会失败。
27,9,810,腐蚀气体,会让自己以外的场上的所有宝可梦\n失去携带的道具。
27,9,811,指导,会让同伴的攻击、防御提高1阶。
27,9,812,快速折返,攻击后，会和同行队伍中的\n其他宝可梦进行替换。
27,9,813,三旋击,会连续进行3次攻击，第1次的威力为20，\n第2次的威力为40，第3次的威力为60。\n途中招式落空时，攻击会结束。
27,9,814,双翼,会连续攻击2次。
27,9,815,热沙大地,有30%的机率会让对手陷入灼伤状态。\n会治愈对手的冰冻状态。\n使用后会治愈自己的冰冻状态。
27,9,816,丛林治疗,
27,9,817,暗冥强击,
27,9,818,水流连打,
27,9,819,雷电囚笼,
27,9,820,巨龙威能,
27,9,821,冰冷视线,
27,9,822,怒火中烧,
27,9,823,雷鸣蹴击,
27,9,824,雪矛,
27,9,825,星碎,
27,9,826,诡异咒语,会让对手最后使用的招式的PP减少3。
27,9,827,克命爪,有30%的机率会让对手陷入\n中毒、麻痹、睡眠之中的一种状态。
27,9,828,屏障猛攻,会让自己的防御提高1阶。
27,9,829,力量转换,自己会变为攻防转换状态。
27,9,830,岩斧,会让对手的场地变为隐形岩状态。
27,9,831,阳春风暴,
27,9,832,神秘之力,
27,9,833,大愤慨,自己会变为大闹状态。
27,9,834,波动冲,自己也会受到给予的伤害的1/3。
27,9,835,叶绿爆震,
27,9,836,冰山风,有30%的机率会让对手畏缩。
27,9,837,胜利之舞,
27,9,838,突飞猛扑,会让自己的防御、特防降低1阶。
27,9,839,毒千针,有50%的机率会让对手陷入中毒状态。\n若对手为中毒、剧毒状态，\n则威力会变为2倍。
27,9,840,气场之翼,
27,9,841,冤冤相报,会让对手的攻击降低1阶。
27,9,842,闭关,会让自己的防御提高2阶。
27,9,843,三连箭,有50%的机率会让对手的防御降低1阶。\n有30%的机率会让对手畏缩。\n会以易中要害+1进行攻击。
27,9,844,群魔乱舞,有30%的机率会让对手陷入灼伤状态。\n对手为异常状态时，威力会变为2倍。
27,9,845,秘剑・千重涛,会让对手的场地变为撒菱状态。
27,9,846,枯叶风暴,
27,9,847,鸣雷风暴,
27,9,848,热沙风暴,
27,9,849,新月祈祷,
27,9,850,勇气填充,
27,9,851,太晶爆发,
27,9,852,线阱,
27,9,853,下压踢,有30%的机率会让对手陷入混乱状态。\n落空或失败时，会受到自己\n最大HP的1/2的伤害。
27,9,854,扫墓,每有1只同行队伍中的宝可梦陷入昏厥，\n威力就会提高50。
27,9,855,琉光冲激,会让对手的特防降低2阶。
27,9,856,上菜,
27,9,857,喷射拳,
27,9,858,辣椒精华,会让对手的防御降低2阶，\n攻击提高2阶。
27,9,859,疾速转轮,
27,9,860,鼠数儿,连续进行1～10次攻击。\n途中招式落空时，攻击会结束。
27,9,861,冰旋,会解除场地。
27,9,862,巨剑突击,直到自己下次行动为止，\n自己会陷入无防备状态。
27,9,863,复生祈祷,会让同行队伍中陷入昏厥的宝可梦\n以最大HP1/2的状态复活。
27,9,864,盐腌,会让对手陷入盐腌状态。
27,9,865,三连钻,
27,9,866,晶光转转,会解除自己的束缚、寄生种子状态，\n以及我方场地的撒菱、毒菱、\n黏黏网、隐形岩状态。\n会让对手陷入中毒状态。
27,9,867,描绘,
27,9,868,甩肉,
27,9,869,仆刀,必定会命中对手。
27,9,870,千变万花,必定会命中对手。\n必定会击中要害。
27,9,871,闪焰高歌,会让自己的特攻提高1阶。
27,9,872,流水旋舞,会让自己的速度提高1阶。
27,9,873,怒牛,招式的属性会根据自己的形态而改变。\n会解除对手场地的光墙、反射壁、\n极光幕状态并进行攻击。
27,9,874,淘金潮,会让自己的特攻降低2阶。
27,9,875,精神剑,
27,9,876,水蒸气,
27,9,877,大灾难,
27,9,878,全开猛撞,
27,9,879,闪电猛冲,
27,9,880,断尾,会让自己的HP减少最大HP的1/2\n并制造替身。\n之后会和同行队伍中的其他宝可梦进行替换。\n替身会代替自己承受招式。\n受到相当于最大HP的1/4的伤害时会消失。
27,9,881,冷笑话,在5回合内会变为下雪状态。\n会和同行队伍中的其他宝可梦进行替换。
27,9,882,大扫除,会解除整个场地的黏黏网、隐形岩、\n替身、撒菱、毒菱状态。\n会让自己的攻击、速度提高1阶。
27,9,883,雪景,在5回合内会变为下雪状态。
27,9,884,虫扑,会让对手的速度降低1阶。
27,9,885,起草,会让自己的速度提高1阶。
27,9,886,泼冷水,会让对手的攻击降低1阶。
27,9,887,强力钻,
27,9,888,双光束,会连续攻击2次。
27,9,889,愤怒之拳,每当受到招式的伤害，\n威力都会提高50。最大威力为350。\n回到同行队伍后，威力会复原。
27,9,890,铠农炮,会让自己的防御、特防降低1阶。
27,9,891,悔念剑,会让自己的HP回复\n给予对手伤害的1/2。
27,9,892,电光双击,自己的电属性会消失。\n若自己不是电属性，则会失败。
27,9,893,巨力锤,此招式无法连续使出2次。
27,9,894,复仇,会将在使用的回合受到的来自对手的\n招式的伤害变为1.5倍返还给对手。
27,9,895,水波刀,会以易中要害+1来进行攻击。
27,9,896,灼热暴冲,
27,9,897,黑暗暴冲,
27,9,898,剧毒暴冲,
27,9,899,格斗暴冲,
27,9,900,魔法暴冲,
27,9,901,血月,
27,9,902,刷刷茶炮,会让自己的HP回复\n给予对手伤害的1/2。\n有20%的机率会让对手陷入灼伤状态。
27,9,903,糖浆炸弹,在3回合内，\n会让对手陷入满身糖状态。
27,9,904,棘藤棒,
27,9,905,电光束,会在使用的回合变为积蓄状态，\n并在下一回合进行攻击。\n若为下雨状态，则不会变为积蓄状态，\n并能立即进行攻击。\n在使用的回合，会让自己的特攻提高1阶。
27,9,906,晶光星群,
27,9,907,随机光,有30%的机率会让威力变为2倍。
27,9,908,火焰守护,
27,9,909,迅雷,
27,9,910,强刃攻击,
27,9,911,迅子利刃,
27,9,912,硬压,对手的剩余HP越多，威力就会越大。\n威力为1～100。
27,9,913,龙声鼓舞,会让同伴变为易中要害状态。\n为龙属性时+2，\n为其他属性时+1。
27,9,914,魅诱之声,在使用的回合内，\n若对手的能力有所提高，\n则会让对手陷入混乱状态。
27,9,915,豁出去,若上一回合自己无法行动、\n招式落空或失败，\n则威力会变为2倍。
27,9,916,闪电强袭,落空或失败时，会受到自己\n最大HP的1/2的伤害。\n对变小状态的对手的\n威力会变为2倍，且必定会命中。
27,9,917,精神噪音,在2回合内，\n会让对手陷入回复封锁状态。
27,9,918,快手还击,若对手没有使用可抢先攻击的招式，\n则会失败。会让对手畏缩。
27,9,919,邪毒锁链,
27,9,920,归无之光,
27,10,1,拍擊,
27,10,2,空手劈,
27,10,3,連環巴掌,
27,10,4,連續拳,
27,10,5,百萬噸重拳,
27,10,6,聚寶功,
27,10,7,火焰拳,有10%的機率會讓對手變為灼傷狀態。
27,10,8,冰凍拳,有10%的機率會讓對手變為冰凍狀態。
27,10,9,雷電拳,有10%的機率會讓對手變為麻痺狀態。
27,10,10,抓,
27,10,11,夾住,
27,10,12,斷頭鉗,會讓對手瀕死。\n命中率固定是30%。
27,10,13,旋風刀,
27,10,14,劍舞,會讓自己的攻擊提高2階。
27,10,15,居合斬,
27,10,16,起風,
27,10,17,翅膀攻擊,
27,10,18,吹飛,對手有後備寶可夢時，\n會讓對手隨機替換。
27,10,19,飛翔,在使用的回合變為空中狀態，\n在下一回合進行攻擊。
27,10,20,綁緊,會讓對手變為束縛狀態。
27,10,21,摔打,
27,10,22,藤鞭,
27,10,23,踩踏,
27,10,24,二連踢,
27,10,25,百萬噸重踢,
27,10,26,飛踢,
27,10,27,迴旋踢,
27,10,28,潑沙,
27,10,29,頭錘,
27,10,30,角撞,
27,10,31,亂擊,
27,10,32,角鑽,會讓對手瀕死。\n命中率固定是30%。
27,10,33,撞擊,
27,10,34,泰山壓頂,有30%的機率會讓對手變為麻痺狀態。\n對變小狀態的對手，\n威力會變為2倍且必定會命中。
27,10,35,緊束,會讓對手變為束縛狀態。
27,10,36,猛撞,
27,10,37,大鬧一番,自己會變為大鬧狀態。
27,10,38,捨身衝撞,自己也會受到給予對手傷害的1/3。
27,10,39,搖尾巴,
27,10,40,毒針,
27,10,41,雙針,
27,10,42,飛彈針,連續攻擊2～5次。
27,10,43,瞪眼,
27,10,44,咬住,有30%的機率會讓對手畏縮。
27,10,45,叫聲,
27,10,46,吼叫,對手有後備寶可夢時，\n會讓對手隨機替換。
27,10,47,唱歌,會讓對手變為睡眠狀態。
27,10,48,超音波,
27,10,49,音爆,
27,10,50,定身法,在4回合內，\n會讓對手變為招式封鎖狀態。
27,10,51,溶解液,
27,10,52,火花,
27,10,53,噴射火焰,有10%的機率會讓對手變為灼傷狀態。
27,10,54,白霧,
27,10,55,水槍,
27,10,56,水炮,
27,10,57,衝浪,對水中狀態的對手，\n威力會變為2倍。
27,10,58,冰凍光束,有10%的機率會讓對手變為冰凍狀態。
27,10,59,暴風雪,有10%的機率會讓對手變為冰凍狀態。\n下雪狀態時，必定會命中對手。
27,10,60,幻象光線,
27,10,61,泡沫光線,
27,10,62,極光束,
27,10,63,破壞光線,在使用後的下一回合，\n自己會變為反作用力狀態。
27,10,64,啄,
27,10,65,啄鑽,
27,10,66,地獄翻滾,
27,10,67,踢倒,對手越重，威力越大。\n威力會是20～120。
27,10,68,雙倍奉還,會讓在使用的回合從對手受到的\n物理招式傷害變為2倍還給對手。
27,10,69,地球上投,會給予對手的HP50傷害。
27,10,70,怪力,
27,10,71,吸取,
27,10,72,超級吸取,
27,10,73,寄生種子,會讓對手變為寄生種子狀態。
27,10,74,生長,會讓自己的攻擊、特攻提高1階。\n大晴天狀態時會提高2階。
27,10,75,飛葉快刀,
27,10,76,日光束,在使用的回合變為蓄勢狀態，\n在下一回合進行攻擊。\n大晴天狀態時，\n可不變為蓄勢狀態立即攻擊。\n其他天氣時，威力會變為1/2。
27,10,77,毒粉,會讓對手變為中毒狀態。\n對草屬性的寶可夢無效。
27,10,78,麻痺粉,會讓對手變為麻痺狀態。\n對草屬性的寶可夢無效。
27,10,79,催眠粉,會讓對手變為睡眠狀態。\n對草屬性的寶可夢無效。
27,10,80,花瓣舞,自己會變為大鬧狀態。
27,10,81,吐絲,會讓對手的速度降低2階。
27,10,82,龍之怒,
27,10,83,火焰旋渦,會讓對手變為束縛狀態。
27,10,84,電擊,
27,10,85,十萬伏特,有10%的機率會讓對手變為麻痺狀態。
27,10,86,電磁波,會讓對手變為麻痺狀態。\n對地面屬性的寶可夢無效。
27,10,87,打雷,有30%的機率會讓對手變為麻痺狀態。\n下雨狀態時，必定會命中對手。\n大晴天狀態時，命中率會變為50%。\n也會擊中空中狀態的對手。
27,10,88,落石,
27,10,89,地震,對地下狀態的對手，威力會變為2倍。\n青草場地狀態時，\n威力會變為1/2。
27,10,90,地裂,會讓對手瀕死。\n命中率固定是30%。
27,10,91,挖洞,在使用的回合變為地下狀態，\n在下一回合進行攻擊。
27,10,92,劇毒,會讓對手變為劇毒狀態。\n毒屬性使用時，必定會命中對手。
27,10,93,念力,
27,10,94,精神強念,有10％的機率會讓對手的特防降低1階。
27,10,95,催眠術,會讓對手變為睡眠狀態。
27,10,96,瑜伽姿勢,
27,10,97,高速移動,會讓自己的速度提高2階。
27,10,98,電光一閃,
27,10,99,憤怒,
27,10,100,瞬間移動,
27,10,101,黑夜魔影,會給予對手的HP50傷害。
27,10,102,模仿,
27,10,103,刺耳聲,會讓對手的防禦降低2階。
27,10,104,影子分身,會讓自己的閃避率提高1階。
27,10,105,自我再生,會回復自己最大HP的1/2。
27,10,106,變硬,
27,10,107,變小,會讓自己的閃避率提高2階。\n自己會變為變小狀態。
27,10,108,煙幕,
27,10,109,奇異之光,會讓對手變為混亂狀態。
27,10,110,縮入殼中,
27,10,111,變圓,
27,10,112,屏障,
27,10,113,光牆,在5回合內，\n會讓我方場上變為光牆狀態。
27,10,114,黑霧,會讓整個場上的\n能力變化消失。
27,10,115,反射壁,在5回合內，\n會讓我方場上變為反射壁狀態。
27,10,116,聚氣,自己的易中要害狀態+2。
27,10,117,忍耐,
27,10,118,揮指,
27,10,119,鸚鵡學舌,
27,10,120,自爆,使用後自己會瀕死。
27,10,121,炸蛋,
27,10,122,舌舔,
27,10,123,濁霧,
27,10,124,污泥攻擊,
27,10,125,骨棒,
27,10,126,大字爆炎,有10%的機率會讓對手變為灼傷狀態。
27,10,127,攀瀑,有20%的機率會讓對手畏縮。
27,10,128,貝殼夾擊,
27,10,129,高速星星,
27,10,130,火箭頭錘,
27,10,131,尖刺加農炮,
27,10,132,纏繞,
27,10,133,瞬間失憶,會讓自己的特防提高2階。
27,10,134,折彎湯匙,
27,10,135,生蛋,會回復自己最大HP的1/2。
27,10,136,飛膝踢,未能擊中或失敗時會受到自己\n最大HP的1/2的傷害。
27,10,137,大蛇瞪眼,會讓對手變為麻痺狀態。
27,10,138,食夢,
27,10,139,毒瓦斯,
27,10,140,投球,
27,10,141,吸血,會回復自己給予對手傷害的\n1/2的HP。
27,10,142,惡魔之吻,
27,10,143,神鳥猛擊,在使用的回合變為蓄勢狀態，\n在下一回合進行攻擊。\n有30%的機率會讓對手畏縮。\n攻擊的易中要害+1。
27,10,144,變身,變身為和對手相同的寶可夢。\nHP以外的能力也會變為一樣。
27,10,145,泡沫,
27,10,146,迷昏拳,
27,10,147,蘑菇孢子,會讓對手變為睡眠狀態。\n對草屬性的寶可夢無效。
27,10,148,閃光,
27,10,149,精神波,
27,10,150,躍起,
27,10,151,溶化,會讓自己的防禦提高2階。
27,10,152,蟹鉗錘,攻擊的易中要害+1。
27,10,153,大爆炸,使用後自己會瀕死。
27,10,154,亂抓,
27,10,155,骨頭回力鏢,
27,10,156,睡覺,會完全回復自己的HP和異常狀態。\n在2回合內，會變為睡眠狀態。\nHP全滿時招式會失敗。
27,10,157,岩崩,有30%的機率會讓對手畏縮。
27,10,158,必殺門牙,
27,10,159,稜角化,
27,10,160,紋理,
27,10,161,三重攻擊,有20%的機率會讓對手變為\n麻痺、灼傷、冰凍之中的一種狀態。
27,10,162,憤怒門牙,會給予對手剩餘HP的1/2的傷害。\n對手HP為1時，會給予1傷害。
27,10,163,劈開,攻擊的易中要害+1。
27,10,164,替身,會減少自己最大HP的1/4製造替身。\n替身會代替自己受到招式影響。\n受到相當於最大HP的1/4的傷害時會消失。\n聲音類招式會無視替身，寶可夢會受到招式影響。
27,10,165,掙扎,
27,10,166,寫生,
27,10,167,三連踢,
27,10,168,小偷,自己沒有攜帶道具時，\n會奪取對手的道具。
27,10,169,蛛網,
27,10,170,心之眼,
27,10,171,惡夢,
27,10,172,火焰輪,
27,10,173,打鼾,自己是睡眠狀態時才能使用。\n有30%的機率會讓對手畏縮。
27,10,174,詛咒,會讓自己的速度降低1階，\n攻擊、防禦提高1階。
27,10,175,抓狂,自己的剩餘HP越少，威力越大。\n威力會是20～200。
27,10,176,紋理２,
27,10,177,氣旋攻擊,
27,10,178,棉孢子,會讓對手的速度降低2階。\n對草屬性的寶可夢無效。
27,10,179,起死回生,自己的剩餘HP越少，威力越大。\n威力會是20～200。
27,10,180,怨恨,會讓對手最近一次使用的\n招式減少4PP。
27,10,181,細雪,
27,10,182,守住,在使用的回合內，從對手的招式保護自己。\n連續使用時，成功率會變為上次使用時的1/3。
27,10,183,音速拳,
27,10,184,鬼面,會讓對手的速度降低2階。
27,10,185,出奇一擊,
27,10,186,天使之吻,會讓對手變為混亂狀態。
27,10,187,腹鼓,會減少自己最大HP的1/2，\n讓攻擊提高到第6階。\n剩餘HP不夠時會失敗。
27,10,188,污泥炸彈,有30%的機率會讓對手變為中毒狀態。
27,10,189,擲泥,會讓對手的命中率降低1階。
27,10,190,章魚桶炮,有50%的機率會讓對手的命中率降低1階。
27,10,191,撒菱,會讓對手場上變為\n撒菱狀態。
27,10,192,電磁炮,會讓對手變為麻痺狀態。
27,10,193,識破,
27,10,194,同命,自己會變為同命狀態。\n連續使用時會失敗。
27,10,195,滅亡之歌,會讓場上所有寶可夢\n變為滅亡狀態。
27,10,196,冰凍之風,會讓對手的速度降低1階。
27,10,197,看穿,在使用的回合內，從對手的招式保護自己。\n連續使用時，成功率會變為上次使用時的1/3。
27,10,198,骨棒亂打,連續攻擊2～5次。
27,10,199,鎖定,自己會變為鎖定狀態。
27,10,200,逆鱗,自己會變為大鬧狀態。
27,10,201,沙暴,在5回合內，會變為沙暴狀態。
27,10,202,終極吸取,會回復自己給予對手傷害的\n1/2的HP。
27,10,203,挺住,在使用的回合內，\n受到會瀕死的招式傷害時\n會剩下1HP撐過去。\n連續使用時，成功率會變為上次使用時的1/3。
27,10,204,撒嬌,會讓對手的攻擊降低2階。
27,10,205,滾動,
27,10,206,點到為止,
27,10,207,虛張聲勢,會讓對手的攻擊提高2階，\n並變為混亂狀態。
27,10,208,喝牛奶,會回復自己或同伴\n最大HP的1/2。
27,10,209,電光,
27,10,210,連斬,
27,10,211,鋼翼,有10%的機率會讓自己的防禦提高1階。
27,10,212,黑色目光,會讓對手變為無法逃走狀態。
27,10,213,迷人,會讓對手變為著迷狀態。\n對於性別相同、性別不明的對手會失敗。
27,10,214,夢話,自己是睡眠狀態時才能使用。\n會從自己已學會的其他招式之中，\n使用一種招式。
27,10,215,治癒鈴聲,治癒自己、同伴，以及同行隊伍中\n所有寶可夢的異常狀態。
27,10,216,報恩,
27,10,217,禮物,
27,10,218,遷怒,
27,10,219,神秘守護,在5回合內，\n會讓我方場上變為神秘守護狀態。
27,10,220,分擔痛楚,會相加自己和對手的剩餘HP，\n然後各分1/2。
27,10,221,神聖之火,
27,10,222,震級,
27,10,223,爆裂拳,會讓對手變為混亂狀態。
27,10,224,超級角擊,
27,10,225,龍息,
27,10,226,接棒,會和同行隊伍中的其他寶可夢替換。\n上場的寶可夢會承接能力變化、替身等。
27,10,227,再來一次,會讓對手變為再來一次狀態。
27,10,228,追打,
27,10,229,高速旋轉,會解除自己的束縛、寄生種子狀態，\n以及我方場上的撒菱、毒菱、\n黏黏網、隱形岩狀態。\n會讓自己的速度提高1階。
27,10,230,甜甜香氣,會讓對手的閃避率降低2階。
27,10,231,鐵尾,有30%的機率會讓對手的防禦降低1階。
27,10,232,金屬爪,
27,10,233,借力摔,
27,10,234,晨光,會回復自己最大HP的1/2。\n大晴天狀態時會回復2/3。\n其他天氣時會回復1/4。
27,10,235,光合作用,會回復自己最大HP的1/2。\n大晴天狀態時會回復2/3。\n其他天氣時會回復1/4。
27,10,236,月光,會回復自己最大HP的1/2。\n大晴天狀態時會回復2/3。\n其他天氣時會回復1/4。
27,10,237,覺醒力量,
27,10,238,十字劈,攻擊的易中要害+1。
27,10,239,龍捲風,
27,10,240,求雨,在5回合內，會變為下雨狀態。
27,10,241,大晴天,在5回合內，會變為大晴天狀態。
27,10,242,咬碎,有20%的機率會讓對手的防禦降低1階。
27,10,243,鏡面反射,會讓在使用的回合從對手受到的\n特殊招式傷害變為2倍還給對手。
27,10,244,自我暗示,讓自己擁有和對手相同的能力變化。
27,10,245,神速,
27,10,246,原始之力,有10%的機率會讓自己的攻擊、防禦、\n特攻、特防、速度提高1階。
27,10,247,暗影球,有20%的機率會讓對手的特防降低1階。
27,10,248,預知未來,會讓對手所在的位置\n變為未來攻擊狀態。
27,10,249,碎岩,
27,10,250,潮旋,會讓對手變為束縛狀態。\n對水中狀態的對手，\n威力會變為2倍。
27,10,251,圍攻,以同行隊伍中的寶可夢的數量為次數，對對手進行攻擊。\n不計算瀕死或異常狀態的寶可夢。\n招式威力會以同行隊伍中的寶可夢的攻擊來計算。
27,10,252,擊掌奇襲,會讓對手畏縮。\n不是出場後第一個使出的招式時會失敗。
27,10,253,吵鬧,自己會變為吵鬧狀態。
27,10,254,蓄力,會讓自己的防禦、特防提高1階。\n蓄力狀態增加1。\n最多可蓄積3次。
27,10,255,噴出,蓄力狀態的數值越大，威力越大。\n威力會是100～300。\n不是蓄力狀態時，此招式會失敗。
27,10,256,吞下,蓄力狀態的數值越大，回復的HP越多。\n蓄力1次時會回復最大HP的1/4。\n蓄力2次時會回復最大HP的1/2。\n蓄力3次時會完全回復。\n不是蓄力狀態時，此招式會失敗。
27,10,257,熱風,有10%的機率會讓對手變為灼傷狀態。
27,10,258,冰雹,
27,10,259,無理取鬧,會讓對手變為不可連續狀態。
27,10,260,吹捧,會讓對手的特攻提高1階，\n並變為混亂狀態。
27,10,261,鬼火,會讓對手變為灼傷狀態。
27,10,262,臨別禮物,使用後自己會瀕死，\n但會讓對手的攻擊、特攻降低2階。
27,10,263,硬撐,自己是中毒、劇毒、麻痺、灼傷之中的\n一種狀態時，威力會變為2倍。\n可無視灼傷狀態時物理招式傷害\n會減半的影響。
27,10,264,真氣拳,若是在自己使用招式的回合\n先受到對手的招式傷害，則會失敗。
27,10,265,清醒,
27,10,266,看我嘛,由自己承受對手的所有招式。\n只對需要選擇對手的招式有效。
27,10,267,自然之力,
27,10,268,充電,會讓自己的特防提高1階。\n會變為電屬性威力提高狀態。
27,10,269,挑釁,會讓對手變為挑釁狀態。
27,10,270,幫助,在使用的回合內，\n會讓同伴的招式威力變為1.5倍。
27,10,271,戲法,會讓對手和自己攜帶的道具互換。
27,10,272,扮演,會讓自己的特性變為和對手相同。
27,10,273,祈願,會讓自己所在的位置\n變為祈願狀態。
27,10,274,借助,
27,10,275,扎根,自己會變為扎根狀態。
27,10,276,蠻力,會讓自己的攻擊、防禦降低1階。
27,10,277,魔法反射,
27,10,278,回收利用,會復原自己最近一次消耗的道具，\n並再次攜帶。
27,10,279,報復,
27,10,280,劈瓦,會解除對手場上的光牆、反射壁、\n極光幕狀態進行攻擊。
27,10,281,哈欠,會讓對手變為瞌睡狀態。\n必定會命中對手。
27,10,282,拍落,對手有攜帶道具時，威力會變為1.5倍。\n會讓對手失去道具。
27,10,283,蠻幹,會根據對手剩餘HP減去\n自己剩餘HP的數值給予對手傷害。\n若對手的HP少於自己的HP，則會失敗。
27,10,284,噴火,自己的剩餘HP越少，威力就越小。\n威力會是1～150。
27,10,285,特性互換,會讓自己和對手的特性互換。
27,10,286,封印,自己會變為封印狀態。
27,10,287,煥然一新,
27,10,288,怨念,
27,10,289,搶奪,
27,10,290,秘密之力,
27,10,291,潛水,在使用的回合變為水中狀態，\n在下一回合進行攻擊。
27,10,292,猛推,
27,10,293,保護色,
27,10,294,螢火,
27,10,295,潔淨光芒,
27,10,296,薄霧球,
27,10,297,羽毛舞,會讓對手的攻擊降低2階。
27,10,298,搖晃舞,會讓場上自己以外的\n所有寶可夢變為混亂狀態。
27,10,299,火焰踢,有10%的機率會讓對手變為灼傷狀態。\n攻擊的易中要害+1。
27,10,300,玩泥巴,
27,10,301,冰球,
27,10,302,尖刺臂,
27,10,303,偷懶,會回復自己最大HP的1/2。
27,10,304,巨聲,
27,10,305,劇毒牙,有50%的機率會讓對手變為劇毒狀態。
27,10,306,撕裂爪,有50%的機率會讓對手的防禦降低1階。
27,10,307,爆炸烈焰,在使用後的下一回合，\n自己會變為反作用力狀態。
27,10,308,加農水炮,在使用後的下一回合，\n自己會變為反作用力狀態。
27,10,309,彗星拳,有20%的機率會讓自己的攻擊提高1階。
27,10,310,驚嚇,
27,10,311,氣象球,天氣有所改變時，\n威力會變為2倍，屬性也會改變。\n大晴天狀態：火屬性  下雨狀態：水屬性\n下雪狀態：冰屬性  沙暴狀態：岩石屬性
27,10,312,芳香治療,
27,10,313,假哭,會讓對手的特防降低2階。
27,10,314,空氣利刃,攻擊的易中要害+1。
27,10,315,過熱,會讓自己的特攻降低2階。
27,10,316,氣味偵測,
27,10,317,岩石封鎖,會讓對手的速度降低1階。
27,10,318,銀色旋風,
27,10,319,金屬音,會讓對手的特防降低2階。
27,10,320,草笛,
27,10,321,搔癢,會讓對手的攻擊、防禦降低1階。
27,10,322,宇宙力量,會讓自己的防禦、特防提高1階。
27,10,323,噴水,自己的剩餘HP越少，威力就越小。\n威力會是1～150。
27,10,324,信號光束,
27,10,325,暗影拳,必定會命中對手。
27,10,326,神通力,有10%的機率會讓對手變為麻痺狀態。
27,10,327,衝天拳,
27,10,328,流沙地獄,會讓對手變為束縛狀態。
27,10,329,絕對零度,會讓對手瀕死。命中率固定是30%。\n不會擊中冰屬性的對手。\n由冰屬性以外的寶可夢使用時，命中率會變為20%。
27,10,330,濁流,有30%的機率會讓對手的命中率降低1階。
27,10,331,種子機關槍,連續攻擊2～5次。
27,10,332,燕返,必定會命中對手。
27,10,333,冰錐,連續攻擊2～5次。
27,10,334,鐵壁,會讓自己的防禦提高2階。
27,10,335,擋路,會讓對手變為無法逃走狀態。
27,10,336,長嚎,會讓自己和同伴的攻擊提高1階。
27,10,337,龍爪,
27,10,338,瘋狂植物,在使用後的下一回合，\n自己會變為反作用力狀態。
27,10,339,健美,會讓自己的攻擊、防禦提高1階。
27,10,340,彈跳,在使用的回合變為空中狀態，\n在下一回合進行攻擊。\n有30%的機率會讓對手變為麻痺狀態。
27,10,341,泥巴射擊,會讓對手的速度降低1階。
27,10,342,毒尾,
27,10,343,渴望,自己沒有攜帶道具時，\n會奪取對手的道具。
27,10,344,伏特攻擊,自己也會受到給予對手傷害的1/3。\n有10%的機率會讓對手變為麻痺狀態。
27,10,345,魔法葉,
27,10,346,玩水,
27,10,347,冥想,會讓自己的特攻、特防提高1階。
27,10,348,葉刃,攻擊的易中要害+1。
27,10,349,龍之舞,會讓自己的攻擊、速度提高1階。
27,10,350,岩石爆擊,連續攻擊2～5次。
27,10,351,電擊波,
27,10,352,水之波動,有20%的機率會讓對手變為混亂狀態。
27,10,353,破滅之願,
27,10,354,精神突進,
27,10,355,羽棲,會回復自己最大HP的1/2。\n飛行屬性使用後，\n在此回合內就不再是飛行屬性。
27,10,356,重力,在5回合內，\n會讓整個場上變為重力狀態。
27,10,357,奇跡之眼,
27,10,358,喚醒巴掌,
27,10,359,臂錘,會讓自己的速度降低1階。
27,10,360,陀螺球,自己的速度比對手慢越多，威力越大。\n威力會是1～150。
27,10,361,治癒之願,雖然自己會瀕死，\n但可完全回復我方接替上場的\n寶可夢的HP和異常狀態。
27,10,362,鹽水,
27,10,363,自然之恩,
27,10,364,佯攻,會解除守住、看穿等的效果\n進行攻擊。
27,10,365,啄食,若對手攜帶著樹果，\n會替對方吃掉該樹果，\n並由自己獲得其效果。
27,10,366,順風,在4回合內，\n會讓我方場上變為順風狀態。
27,10,367,點穴,會讓自己或同伴的攻擊、防禦、特攻、\n特防、速度、命中率、閃避率之中的\n1種能力提高2階。
27,10,368,金屬爆炸,會讓在使用的回合從對手受到的招式傷害\n變為1.5倍還給對手。
27,10,369,急速折返,攻擊後，會和同行隊伍中的\n其他寶可夢替換。
27,10,370,近身戰,會讓自己的防禦、特防降低1階。
27,10,371,以牙還牙,若在對手之後進行攻擊，\n威力會變為2倍。
27,10,372,惡意追擊,在使用的回合內，\n若對手已受到傷害，\n威力會變為2倍。
27,10,373,查封,
27,10,374,投擲,威力和效果會根據\n攜帶的道具而改變。\n使用後道具會消失。
27,10,375,精神轉移,
27,10,376,王牌,
27,10,377,回復封鎖,
27,10,378,絞緊,
27,10,379,力量戲法,自己會變為攻防轉換狀態。
27,10,380,胃液,會讓對手變為無特性狀態。
27,10,381,幸運咒語,
27,10,382,搶先一步,
27,10,383,仿效,使出最近一次被使用的招式。\n沒有被使用的招式時會失敗。
27,10,384,力量互換,會讓自己的攻擊、特攻的能力變化和\n對手的攻擊、特攻的能力變化互換。
27,10,385,防守互換,會讓自己的防禦、特防的能力變化和\n對手的防禦、特防的能力變化互換。
27,10,386,懲罰,
27,10,387,珍藏,在沒有將其他已學會的招式\n全部都使出時會失敗。
27,10,388,煩惱種子,會讓對手的特性變為不眠。
27,10,389,突襲,必須是對手已選擇了攻擊，\n且在使用了此招式的回合內\n還沒進行攻擊時，否則此招式會失敗。
27,10,390,毒菱,會讓對手場上變為\n毒菱狀態。
27,10,391,心靈互換,
27,10,392,水流環,自己會變為水流環狀態。
27,10,393,電磁飄浮,自己會變為電磁飄浮狀態。
27,10,394,閃焰衝鋒,自己也會受到給予對手傷害的1/3。\n有10%的機率會讓對手變為灼傷狀態。\n使用後會治癒自己的冰凍狀態。
27,10,395,發勁,
27,10,396,波導彈,必定會命中對手。
27,10,397,岩石打磨,會讓自己的速度提高2階。
27,10,398,毒擊,有30%的機率會讓對手變為中毒狀態。
27,10,399,惡之波動,有20%的機率會讓對手畏縮。
27,10,400,暗襲要害,攻擊的易中要害+1。
27,10,401,水流尾,
27,10,402,種子炸彈,
27,10,403,空氣斬,有30%的機率會讓對手畏縮。
27,10,404,十字剪,
27,10,405,蟲鳴,有10%的機率會讓對手的特防降低1階。
27,10,406,龍之波動,
27,10,407,龍之俯衝,有20%的機率會讓對手畏縮。\n對變小狀態的對手，\n威力會變為2倍且必定會命中。
27,10,408,力量寶石,
27,10,409,吸取拳,會回復自己給予對手傷害的\n1/2的HP。
27,10,410,真空波,
27,10,411,真氣彈,有10%的機率會讓對手的特防降低1階。
27,10,412,能量球,有10%的機率會讓對手的特防降低1階。
27,10,413,勇鳥猛攻,自己也會受到給予對手傷害的1/3。
27,10,414,大地之力,有10%的機率會讓對手的特防降低1階。
27,10,415,掉包,會讓對手和自己攜帶的道具互換。
27,10,416,終極衝擊,在使用後的下一回合，\n自己會變為反作用力狀態。
27,10,417,詭計,會讓自己的特攻提高2階。
27,10,418,子彈拳,
27,10,419,雪崩,若在使用此招式的回合受到\n對手的招式傷害，則威力會變為2倍。
27,10,420,冰礫,
27,10,421,暗影爪,攻擊的易中要害+1。
27,10,422,雷電牙,有10%的機率會讓對手變為麻痺狀態。\n有10%的機率會讓對手畏縮。
27,10,423,冰凍牙,有10%的機率會讓對手變為冰凍狀態。\n有10%的機率會讓對手畏縮。
27,10,424,火焰牙,有10%的機率會讓對手變為灼傷狀態。\n有10%的機率會讓對手畏縮。
27,10,425,影子偷襲,
27,10,426,泥巴炸彈,
27,10,427,精神利刃,攻擊的易中要害+1。
27,10,428,意念頭錘,有20%的機率會讓對手畏縮。
27,10,429,鏡光射擊,
27,10,430,加農光炮,有10%的機率會讓對手的特防降低1階。
27,10,431,攀岩,
27,10,432,清除濃霧,會讓對手的閃避率降低1階。\n會解除反射壁、撒菱、\n神秘守護、場地等狀態。
27,10,433,戲法空間,在5回合內，\n會讓整個場上變為戲法空間狀態。
27,10,434,流星群,會讓自己的特攻降低2階。
27,10,435,放電,有30%的機率會讓對手變為麻痺狀態。
27,10,436,噴煙,有30%的機率會讓對手變為灼傷狀態。
27,10,437,飛葉風暴,會讓自己的特攻降低2階。
27,10,438,強力鞭打,
27,10,439,岩石炮,在使用後的下一回合，\n自己會變為反作用力狀態。
27,10,440,十字毒刃,有10%的機率會讓對手變為中毒狀態。\n攻擊的易中要害+1。
27,10,441,垃圾射擊,有30%的機率會讓對手變為中毒狀態。
27,10,442,鐵頭,有20%的機率會讓對手畏縮。
27,10,443,磁鐵炸彈,
27,10,444,尖石攻擊,攻擊的易中要害+1。
27,10,445,誘惑,
27,10,446,隱形岩,會讓對手場上變為\n隱形岩狀態。
27,10,447,打草結,對手越重，威力越大。\n威力會是20～120。
27,10,448,喋喋不休,
27,10,449,制裁光礫,
27,10,450,蟲咬,若對手攜帶著樹果，\n會替對方吃掉該樹果，\n並由自己獲得其效果。
27,10,451,充電光束,有70%的機率會讓自己的特攻提高1階。
27,10,452,木槌,自己也會受到給予對手傷害的1/3。
27,10,453,水流噴射,
27,10,454,攻擊指令,
27,10,455,防禦指令,
27,10,456,回復指令,
27,10,457,雙刃頭錘,自己也會受到給予對手傷害的1/2。
27,10,458,二連擊,連續攻擊2次。
27,10,459,時光咆哮,
27,10,460,亞空裂斬,
27,10,461,新月舞,
27,10,462,捏碎,
27,10,463,熔岩風暴,
27,10,464,暗黑洞,
27,10,465,種子閃光,
27,10,466,奇異之風,
27,10,467,暗影潛襲,
27,10,468,磨爪,
27,10,469,廣域防守,在使用的回合內，從對手會擊中\n我方全體的招式保護自己和同伴。
27,10,470,防守平分,會各別相加自己和對手的\n防禦數值和特防數值，\n然後各分1/2。
27,10,471,力量平分,會各別相加自己和對手的\n攻擊數值和特攻數值，\n然後各分1/2。
27,10,472,奇妙空間,在5回合內，\n會讓整個場上變為奇妙空間狀態。
27,10,473,精神衝擊,此招式雖然是特殊招式，\n但會以對手的防禦來計算傷害。
27,10,474,毒液衝擊,對手為中毒、劇毒狀態時，\n威力會變為2倍。
27,10,475,身體輕量化,
27,10,476,憤怒粉,由自己承受對手的所有招式。\n只對需要選擇對手的招式有效。\n對草屬性的寶可夢無效。
27,10,477,意念移物,
27,10,478,魔法空間,在5回合內，\n會讓整個場上變為魔法空間狀態。
27,10,479,擊落,會讓不在地面上的對手變為落地狀態。\n也會擊中空中狀態的對手。
27,10,480,山嵐摔,必定會擊中要害。
27,10,481,烈焰濺射,
27,10,482,污泥波,有10%的機率會讓對手變為中毒狀態。
27,10,483,蝶舞,會讓自己的特攻、特防、速度提高1階。
27,10,484,重磅衝撞,自己越重，威力越大。\n威力會是40～120。\n對變小狀態的對手，\n威力會變為2倍且必定會命中。
27,10,485,同步干擾,
27,10,486,電球,自己的速度比對手快越多，威力越大。\n威力會是40～150。
27,10,487,浸水,會讓對手的屬性變為水屬性。
27,10,488,蓄能焰襲,會讓自己的速度提高1階。
27,10,489,盤蜷,會讓自己的攻擊、防禦、命中率\n提高1階。
27,10,490,下盤踢,會讓對手的速度降低1階。
27,10,491,酸液炸彈,會讓對手的特防降低2階。
27,10,492,欺詐,不會以自己的攻擊數值，\n而是會以對手的攻擊數值來決定傷害。
27,10,493,單純光束,會讓對手的特性變為單純。
27,10,494,找夥伴,會讓對手的特性變為和自己相同的特性。
27,10,495,您先請,會讓對手緊接在自己之後行動。
27,10,496,輪唱,在同一回合有多隻寶可夢使用此招式時，\n第1隻使用後，第2隻以後會緊接著使用。\n第2隻以後的威力會變為2倍。
27,10,497,回聲,
27,10,498,逐步擊破,
27,10,499,清除之煙,會讓對手的能力變化復原。\n必定會命中對手。
27,10,500,輔助力量,自己的能力變化每提高1階，\n此招式的威力會提高20。
27,10,501,快速防守,在使用的回合內，從對手的\n先制招式保護自己和同伴。
27,10,502,交換場地,會讓自己和同伴所在的位置互換。\n連續使用時，成功率會變為上次使用時的1/3。
27,10,503,熱水,有30%的機率會讓對手變為灼傷狀態。\n會治癒對手的冰凍狀態。\n使用後會治癒自己的冰凍狀態。
27,10,504,破殼,會讓自己的防禦、特防降低1階，\n攻擊、特攻、速度提高2階。
27,10,505,治癒波動,會讓對手回復最大HP的1/2。
27,10,506,禍不單行,對手為異常狀態時，\n威力會變為2倍。
27,10,507,自由落體,
27,10,508,換檔,會讓自己的攻擊提高1階，\n速度提高2階。
27,10,509,巴投,對手有後備寶可夢時，\n會讓對手隨機替換。
27,10,510,燒盡,
27,10,511,延後,會讓對手在該回合的最後\n才能行動。
27,10,512,雜技,自己沒有攜帶道具時，\n威力會變為2倍。
27,10,513,鏡面屬性,會讓自己的屬性變為和對手相同的屬性。
27,10,514,報仇,
27,10,515,搏命,自己會瀕死，\n然後給予對手相當於\n當時HP剩餘量的傷害。
27,10,516,傳遞禮物,
27,10,517,煉獄,會讓對手變為灼傷狀態。
27,10,518,水之誓約,
27,10,519,火之誓約,
27,10,520,草之誓約,
27,10,521,伏特替換,攻擊後，會和同行隊伍中的\n其他寶可夢替換。
27,10,522,蟲之抵抗,會讓對手的特攻降低1階。
27,10,523,重踏,會讓對手的速度降低1階。\n青草場地狀態時，\n威力會變為1/2。
27,10,524,冰息,必定會擊中要害。
27,10,525,龍尾,對手有後備寶可夢時，\n會讓對手隨機替換。
27,10,526,自我激勵,
27,10,527,電網,會讓對手的速度降低1階。
27,10,528,瘋狂伏特,自己也會受到給予對手傷害的1/4。
27,10,529,直衝鑽,攻擊的易中要害+1。
27,10,530,二連劈,
27,10,531,愛心印章,
27,10,532,木角,會回復自己給予對手傷害的\n1/2的HP。
27,10,533,聖劍,會無視對手的能力變化\n給予傷害。
27,10,534,貝殼刃,有50%的機率會讓對手的防禦降低1階。
27,10,535,高溫重壓,自己越重，威力越大。\n威力會是40～120。\n對變小狀態的對手，\n威力會變為2倍且必定會命中。
27,10,536,青草攪拌器,
27,10,537,瘋狂滾壓,
27,10,538,棉花防守,會讓自己的防禦提高3階。
27,10,539,暗黑爆破,有40%的機率會讓對手的命中率降低1階。
27,10,540,精神擊破,
27,10,541,掃尾拍打,連續攻擊2～5次。
27,10,542,暴風,有30%的機率會讓對手變為混亂狀態。\n下雨狀態時，必定會命中對手。\n大晴天狀態時，命中率會變為50%。\n也會擊中空中狀態的對手。
27,10,543,爆炸頭突擊,
27,10,544,齒輪飛盤,
27,10,545,火焰彈,
27,10,546,高科技光炮,
27,10,547,古老之歌,
27,10,548,神秘之劍,
27,10,549,冰封世界,
27,10,550,雷擊,
27,10,551,青焰,
27,10,552,火之舞,有50%的機率會讓自己的特攻提高1階。
27,10,553,冰凍伏特,
27,10,554,極寒冷焰,
27,10,555,大聲咆哮,會讓對手的特攻降低1階。
27,10,556,冰柱墜擊,有30%的機率會讓對手畏縮。
27,10,557,Ｖ熱焰,
27,10,558,交錯火焰,
27,10,559,交錯閃電,
27,10,560,飛身重壓,傷害由對此招式屬性及對飛行屬性\n這2種屬性的相剋關係相乘而定。\n對變小狀態的對手，\n威力會變為2倍且必定會命中。
27,10,561,掀榻榻米,
27,10,562,打嗝,戰鬥中沒有吃樹果時，\n此招式會失敗。
27,10,563,耕地,
27,10,564,黏黏網,會讓對手場上變為\n黏黏網狀態。
27,10,565,致命針刺,使用此招式打倒對手時，\n攻擊會提高3階。
27,10,566,潛靈奇襲,在使用的回合變為潛伏狀態，\n在下一回合進行攻擊。\n會解除守住、看穿等的效果\n進行攻擊。
27,10,567,萬聖夜,會讓對手變為萬聖夜狀態。
27,10,568,戰吼,會讓對手的攻擊、特攻降低1階。
27,10,569,等離子浴,
27,10,570,拋物面充電,會回復自己給予對手傷害的\n1/2的HP。
27,10,571,森林詛咒,會讓對手變為森林詛咒狀態。
27,10,572,落英繽紛,
27,10,573,冷凍乾燥,對水屬性的對手也是效果絕佳。
27,10,574,魅惑之聲,
27,10,575,拋下狠話,會讓對手的攻擊、特攻降低1階，\n並讓自己和同行隊伍中的其他寶可夢替換。
27,10,576,顛倒,會讓對手的能力變化全部顛倒。
27,10,577,吸取之吻,會回復自己給予對手傷害的\n3/4的HP。
27,10,578,戲法防守,
27,10,579,鮮花防守,
27,10,580,青草場地,在5回合內，\n會讓整個場上變為青草場地狀態。
27,10,581,薄霧場地,在5回合內，\n會讓整個場上變為薄霧場地狀態。
27,10,582,輸電,若此招式在對手使出招式前命中對手，\n則此回合對手的招式會變為電屬性。
27,10,583,嬉鬧,有10%的機率會讓對手的攻擊降低1階。
27,10,584,妖精之風,
27,10,585,月亮之力,有10%的機率會讓對手的特攻降低1階。
27,10,586,爆音波,
27,10,587,妖精之鎖,會讓場上所有寶可夢\n變為妖精之鎖狀態。
27,10,588,王者盾牌,在使用的回合內，從對手的攻擊保護自己。\n會讓對自己使出接觸類招式的對手攻擊降低1階。\n自己會變化為盾牌形態。\n連續使用時，成功率會變為上次使用時的1/3。
27,10,589,和睦相處,
27,10,590,密語,
27,10,591,鑽石風暴,
27,10,592,蒸汽爆炸,
27,10,593,異次元洞,
27,10,594,飛水手裡劍,連續攻擊2～5次。
27,10,595,魔法火焰,會讓對手的特攻降低1階。
27,10,596,尖刺防守,在使用的回合內，從對手的招式保護自己。\n會給予對自己使出接觸類招式的對手\n最大HP的1/8的傷害。\n連續使用時，成功率會變為上次使用時的1/3。
27,10,597,芳香薄霧,會讓同伴的特防提高1階。
27,10,598,怪異電波,會讓對手的特攻降低2階。
27,10,599,毒液陷阱,
27,10,600,粉塵,
27,10,601,大地掌控,
27,10,602,磁場操控,會讓特性是正電、負電的\n自己和同伴防禦、特防提高1階。
27,10,603,歡樂時光,
27,10,604,電氣場地,在5回合內，\n會讓整個場上變為電氣場地狀態。
27,10,605,魔法閃耀,
27,10,606,慶祝,
27,10,607,牽手,
27,10,608,圓瞳,會讓對手的攻擊降低1階。
27,10,609,蹭蹭臉頰,會讓對手變為麻痺狀態。
27,10,610,手下留情,
27,10,611,死纏爛打,會讓對手變為束縛狀態。
27,10,612,增強拳,
27,10,613,死亡之翼,
27,10,614,千箭齊發,
27,10,615,千波激盪,
27,10,616,大地神力,
27,10,617,破滅之光,自己也會受到給予對手傷害的1/2。
27,10,618,根源波動,
27,10,619,斷崖之劍,
27,10,620,畫龍點睛,
27,10,621,異次元猛攻,
27,10,659,集沙,
27,10,660,迎頭一擊,不是出場後第一個使出的招式時會失敗。
27,10,661,碉堡,在使用的回合內，從對手的招式保護自己。\n會讓對自己使出接觸類招式的對手變為中毒狀態。\n連續使用時，成功率會變為上次使用時的1/3。
27,10,662,縫影,會讓對手變為無法逃走狀態。
27,10,663,ＤＤ金勾臂,會無視對手的能力變化\n給予傷害。
27,10,664,泡影的詠歎調,會治癒對手的灼傷狀態。
27,10,665,冰錘,會讓自己的速度降低1階。
27,10,666,花療,
27,10,667,十萬馬力,
27,10,668,吸取力量,會讓自己回復相當於\n對手攻擊數值的HP。\n會讓對手的攻擊降低1階。
27,10,669,日光刃,在使用的回合變為蓄勢狀態，\n在下一回合進行攻擊。\n大晴天狀態時，\n可不變為蓄勢狀態立即攻擊。\n其他天氣時，威力會變為1/2。
27,10,670,樹葉,
27,10,671,聚光燈,
27,10,672,毒絲,會讓對手的速度降低2階。\n會讓對手變為中毒狀態。
27,10,673,磨礪,
27,10,674,輔助齒輪,
27,10,675,地獄突刺,會讓對手變為地獄突刺狀態。
27,10,676,花粉團,對同伴使用時，不會給予傷害，\n而是會讓該同伴回復\n最大HP的1/2。
27,10,677,擲錨,
27,10,678,精神場地,在5回合內，\n會讓整個場上變為精神場地狀態。
27,10,679,猛撲,會讓對手的攻擊降低1階。
27,10,680,火焰鞭,會讓對手的防禦降低1階。
27,10,681,囂張,自己的能力變化每提高1階，\n此招式的威力會提高20。
27,10,682,燃盡,自己的火屬性會消失。\n使用後會治癒自己的冰凍狀態。\n自己不是火屬性時會失敗。
27,10,683,速度互換,會讓自己和對手的速度互換。
27,10,684,修長之角,必定會命中對手。
27,10,685,淨化,
27,10,686,覺醒之舞,
27,10,687,核心懲罰者,
27,10,688,熱帶踢,會讓對手的攻擊降低1階。
27,10,689,號令,讓對手再用一次\n最近一次使出的招式。
27,10,690,鳥嘴加農炮,使用招式前受到接觸類招式時，\n會讓該對手變為灼傷狀態。
27,10,691,鱗片噪音,會讓自己的防禦降低1階。
27,10,692,龍錘,
27,10,693,狂舞揮打,
27,10,694,極光幕,在5回合內，\n會讓我方場上變為極光幕狀態。\n只能在下雪狀態時使用。
27,10,704,陷阱甲殼,
27,10,705,花朵加農炮,
27,10,706,精神之牙,會解除對手場上的光牆、反射壁、\n極光幕狀態進行攻擊。
27,10,707,跺腳,上一回合自己無法行動、\n招式未能擊中或招式失敗時，\n威力會變為2倍。
27,10,708,暗影之骨,
27,10,709,衝岩,
27,10,710,水流裂破,有20%的機率讓對手的防禦降低1階。
27,10,711,稜鏡鐳射,
27,10,712,暗影偷盜,
27,10,713,流星閃衝,
27,10,714,暗影之光,
27,10,715,淚眼汪汪,會讓對手的攻擊、特攻降低1階。\n可無視對手的閃避率、守住等擊中對手。
27,10,716,麻麻刺刺,有30%的機率會讓對手畏縮。
27,10,717,自然之怒,
27,10,718,多屬性攻擊,
27,10,720,驚爆大頭,
27,10,721,等離子閃電拳,
27,10,722,光子噴湧,
27,10,742,鋼拳雙擊,
27,10,744,極巨炮,
27,10,745,狙擊,會無視具有吸引招式效果的\n特性或招式的影響。\n攻擊的易中要害+1。
27,10,746,緊咬不放,會讓對手和自己變為緊咬不放狀態。
27,10,747,大快朵頤,吃掉攜帶的樹果。\n會讓自己的防禦提高2階。\n沒有攜帶樹果時，無法使用此招式。
27,10,748,背水一戰,會讓自己的攻擊、防禦、特攻、特防、速度提高1階。\n自己會變為無法逃走狀態。\n每次出場時能使用1次。\n第2次以後會失敗。
27,10,749,瀝青射擊,
27,10,750,魔法粉,會讓對手的屬性變為超能力屬性。\n對草屬性的寶可夢無效。
27,10,751,龍箭,連續攻擊2次。\n對手場上有2隻寶可夢時，\n則向牠們各進行1次攻擊。
27,10,752,茶會,場上所有寶可夢都會\n吃掉並使用各自攜帶的樹果。
27,10,753,蛸固,會讓對手變為\n無法逃走狀態和蛸固狀態。
27,10,754,電喙,
27,10,755,鰓咬,
27,10,756,換場,會讓我方和對手的場上的狀態互換。
27,10,775,魂舞烈音爆,會減少自己最大HP的1/3，\n讓自己的攻擊、防禦、特攻、\n特防、速度提高1階。\n剩餘HP不夠時會失敗。
27,10,776,撲擊,此招式不會以攻擊數值，\n而是會以防禦數值來決定傷害。
27,10,777,裝飾,會讓對手的攻擊、特攻提高2階。
27,10,778,鼓擊,會讓對手的速度降低1階。
27,10,779,捕獸夾,會讓對手變為束縛狀態。
27,10,780,火焰球,有10%的機率會讓對手變為灼傷狀態。\n使用後會治癒自己的冰凍狀態。
27,10,781,巨獸斬,
27,10,782,巨獸彈,
27,10,783,氣場輪,會讓自己的速度提高1階。\n屬性會依莫魯貝可的形態而改變。
27,10,784,廣域破壞,會讓對手的攻擊降低1階。
27,10,785,木枝突刺,
27,10,786,破音,
27,10,787,蘋果酸,會讓對手的特防降低1階。
27,10,788,萬有引力,會讓對手的防禦降低1階。\n重力狀態時，\n威力會變為1.5倍。
27,10,789,靈魂衝擊,會讓對手的特攻降低1階。
27,10,790,神奇蒸汽,
27,10,791,生命水滴,會讓自己和同伴回復\n各自最大HP的1/4。
27,10,792,攔堵,
27,10,793,假跪真撞,
27,10,794,流星突擊,在使用後的下一回合，\n自己會變為反作用力狀態。
27,10,795,無極光束,
27,10,796,鐵蹄光線,攻擊後，會受到自己\n最大HP的1/2的傷害。
27,10,797,廣域戰力,受到精神場地狀態的效果時，\n威力會變為1.5倍，\n且會攻擊對手全體。
27,10,798,鐵滾輪,場上沒有場地時會失敗。\n會解除場地。
27,10,799,鱗射,連續攻擊2～5次。\n讓自己的防禦降低1階，\n速度提高1階。
27,10,800,流星光束,在使用的回合變為蓄勢狀態，\n在下一個回合進行攻擊。\n在使用的回合讓自己的特攻提高1階。
27,10,801,臂貝武器,有20%的機率會讓對手變為中毒狀態。\n作為物理招式的傷害更大時，\n會變為物理招式。
27,10,802,薄霧炸裂,使用後自己會瀕死。\n受到薄霧場地狀態的效果時，\n威力會變為1.5倍。
27,10,803,青草滑梯,受到青草場地狀態的效果時，\n優先度+1。
27,10,804,電力上升,對手受到電氣場地狀態的效果時，\n威力會變為2倍。
27,10,805,大地波動,自己受到場地狀態的效果時，\n威力會變為2倍。\n屬性會依場地種類而改變。
27,10,806,爬擊,會讓對手的特攻降低1階。
27,10,807,妒火,在使用的回合對手的能力有所提高時，\n會讓對手變為灼傷狀態。
27,10,808,洩憤,在使用的回合自己的能力有所降低時，\n威力會變為2倍。
27,10,809,靈騷,對手沒有攜帶道具時會失敗。
27,10,810,腐蝕氣體,會讓場上自己以外的\n所有寶可夢失去攜帶的道具。
27,10,811,指導,會讓同伴的攻擊、防禦提高1階。
27,10,812,快速折返,攻擊後，會和同行隊伍中的\n其他寶可夢替換。
27,10,813,三旋擊,連續攻擊3次，第1次的威力會是20，\n第2次的威力會是40，第3次的威力會是60。\n途中未能擊中對手時，攻擊就會結束。
27,10,814,雙翼,連續攻擊2次。
27,10,815,熱沙大地,有30%的機率會讓對手變為灼傷狀態。\n會治癒對手的冰凍狀態。\n使用後會治癒自己的冰凍狀態。
27,10,816,叢林治療,
27,10,817,暗冥強擊,
27,10,818,水流連打,
27,10,819,雷電囚籠,
27,10,820,巨龍威能,
27,10,821,冰冷視線,
27,10,822,怒火中燒,
27,10,823,雷鳴蹴擊,
27,10,824,雪矛,
27,10,825,星碎,
27,10,826,詭異咒語,會讓對手最近一次使用的\n招式減少3PP。
27,10,827,剋命爪,有30%的機率會讓對手變為\n中毒、麻痺、睡眠之中的一種狀態。
27,10,828,屏障猛攻,會讓自己的防禦提高1階。
27,10,829,力量轉換,自己會變為攻防轉換狀態。
27,10,830,岩斧,會讓對手場上變為\n隱形岩狀態。
27,10,831,陽春風暴,
27,10,832,神秘之力,
27,10,833,大憤慨,自己會變為大鬧狀態。
27,10,834,波動衝,自己也會受到給予對手傷害的1/3。
27,10,835,葉綠爆震,
27,10,836,冰山風,有30%的機率會讓對手畏縮。
27,10,837,勝利之舞,
27,10,838,突飛猛撲,會讓自己的防禦、特防降低1階。
27,10,839,毒千針,有50%的機率會讓對手變為中毒狀態。\n對手為中毒、劇毒狀態時，\n威力會變為2倍。
27,10,840,氣場之翼,
27,10,841,冤冤相報,會讓對手的攻擊降低1階。
27,10,842,閉關,會讓自己的防禦提高2階。
27,10,843,三連箭,有50%的機率會讓對手的防禦降低1階。\n有30%的機率會讓對手畏縮。\n攻擊的易中要害+1。
27,10,844,群魔亂舞,有30%的機率會讓對手變為灼傷狀態。\n對手為異常狀態時，威力會變為2倍。
27,10,845,秘劍・千重濤,會讓對手場上變為\n撒菱狀態。
27,10,846,枯葉風暴,
27,10,847,鳴雷風暴,
27,10,848,熱沙風暴,
27,10,849,新月祈禱,
27,10,850,勇氣填充,
27,10,851,太晶爆發,
27,10,852,線阱,
27,10,853,下壓踢,有30%的機率會讓對手變為混亂狀態。\n未能擊中或失敗時會受到自己\n最大HP的1/2的傷害。
27,10,854,掃墓,每當有1隻同行隊伍中的寶可夢瀕死時，\n威力會提高50。
27,10,855,琉光衝激,會讓對手的特防降低2階。
27,10,856,上菜,
27,10,857,噴射拳,
27,10,858,辣椒精華,會讓對手的防禦降低2階，\n攻擊提高2階。
27,10,859,疾速轉輪,
27,10,860,鼠數兒,連續攻擊1～10次。\n途中未能擊中對手時，攻擊就會結束。
27,10,861,冰旋,會解除場地。
27,10,862,巨劍突擊,直到自己下次行動為止，\n自己會變為無防備狀態。
27,10,863,復生祈禱,會讓同行隊伍中瀕死的寶可夢\n以最大HP的1/2的狀態復活。
27,10,864,鹽醃,會讓對手變為鹽醃狀態。
27,10,865,三連鑽,
27,10,866,晶光轉轉,會解除自己的束縛、寄生種子狀態，\n以及我方場上的撒菱、毒菱、\n黏黏網、隱形岩狀態。\n會讓對手變為中毒狀態。
27,10,867,描繪,
27,10,868,甩肉,
27,10,869,仆斬,必定會命中對手。
27,10,870,千變萬花,必定會命中對手。\n必定會擊中要害。
27,10,871,閃焰高歌,會讓自己的特攻提高1階。
27,10,872,流水旋舞,會讓自己的速度提高1階。
27,10,873,怒牛,招式屬性會依自己的形態而改變。\n會解除對手場上的光牆、反射壁、\n極光幕狀態進行攻擊。
27,10,874,淘金潮,會讓自己的特攻降低2階。
27,10,875,精神劍,
27,10,876,水蒸氣,
27,10,877,大災難,
27,10,878,全開猛撞,
27,10,879,閃電猛衝,
27,10,880,斷尾,會減少自己最大HP的1/2製造替身。\n在那之後會和同行隊伍中的其他寶可夢替換。\n替身會代替自己受到招式。\n受到相當於最大HP的1/4的傷害時會消失。
27,10,881,冷笑話,在5回合內，會變為下雪狀態。\n會和同行隊伍中的其他寶可夢替換。
27,10,882,大掃除,會解除整個場上的黏黏網、隱形岩、\n替身、撒菱、毒菱狀態。\n會讓自己的攻擊、速度提高1階。
27,10,883,雪景,在5回合內，會變為下雪狀態。
27,10,884,蟲撲,會讓對手的速度降低1階。
27,10,885,起草,會讓自己的速度提高1階。
27,10,886,潑冷水,會讓對手的攻擊降低1階。
27,10,887,強力鑽,
27,10,888,雙光束,連續攻擊2次。
27,10,889,憤怒之拳,每當受到招式傷害時，\n威力會提高50。最大威力為350。\n退回同行隊伍後，威力就會復原。
27,10,890,鎧農炮,會讓自己的防禦、特防降低1階。
27,10,891,悔念劍,會回復自己給予對手傷害的\n1/2的HP。
27,10,892,電光雙擊,自己的電屬性會消失。\n自己不是電屬性時會失敗。
27,10,893,巨力錘,此招式無法連續使出2次。
27,10,894,復仇,會讓在使用的回合從對手受到的招式傷害\n變為1.5倍還給對手。
27,10,895,水波刀,攻擊的易中要害+1。
27,10,896,灼熱暴衝,
27,10,897,黑暗暴衝,
27,10,898,劇毒暴衝,
27,10,899,格鬥暴衝,
27,10,900,魔法暴衝,
27,10,901,血月,
27,10,902,刷刷茶炮,會回復自己給予對手傷害的1/2的HP。\n有20%的機率會讓對手變為灼傷狀態。
27,10,903,糖漿炸彈,在3回合內，\n會讓對手變為滿身糖狀態。
27,10,904,棘藤棒,
27,10,905,電光束,在使用的回合變為蓄勢狀態，\n在下一回合進行攻擊。\n下雨狀態時，\n可不變為蓄勢狀態立即攻擊。\n在使用的回合讓自己的特攻提高1階。
27,10,906,晶光星群,
27,10,907,隨機光,有30%的機率威力會變為2倍。
27,10,908,火焰守護,
27,10,909,迅雷,
27,10,910,強刃攻擊,
27,10,911,迅子利刃,
27,10,912,硬壓,對手的剩餘HP越多，威力越大。\n威力會是1～100。
27,10,913,龍聲鼓舞,會讓同伴變為易中要害狀態。\n龍屬性時+2，其他屬性時+1。
27,10,914,魅誘之聲,在使用的回合內，\n對手的能力有所提高時，\n會讓對手變為混亂狀態。
27,10,915,豁出去,上一回合自己無法行動、\n招式未能擊中或招式失敗時，\n威力會變為2倍。
27,10,916,閃電強襲,未能擊中或失敗時會受到自己\n最大HP的1/2的傷害。\n對變小狀態的對手，\n威力會變為2倍且必定會命中。
27,10,917,精神噪音,在2回合內，\n會讓對手變為回復封鎖狀態。
27,10,918,快手還擊,對手沒有使出能夠搶先攻擊的招式時會失敗。\n會讓對手畏縮。
27,10,919,邪毒鎖鏈,
27,10,920,歸無之光,
27,11,1,Destructor,
27,11,2,Golpe Karate,
27,11,3,Doble Bofetón,
27,11,4,Puño Cometa,
27,11,5,Megapuño,
27,11,6,Día de Pago,
27,11,7,Puño Fuego,Tiene una probabilidad del 10 % de quemar al objetivo.
27,11,8,Puño Hielo,Tiene una probabilidad del 10 % de congelar al objetivo.
27,11,9,Puño Trueno,Tiene una probabilidad del 10 % de paralizar al objetivo.
27,11,10,Arañazo,
27,11,11,Fuerza de Garra,
27,11,12,Guillotina,Debilita al objetivo. Tiene una precisión fija del 30 %.
27,11,13,Viento Cortante,
27,11,14,Danza de Espadas,Aumenta dos niveles el Ataque del usuario.
27,11,15,Corte,
27,11,16,Ráfaga de Aire,
27,11,17,Ataque de Ala,
27,11,18,Torbellino,Obliga al objetivo a ser cambiado por otro Pokémon de su\nequipo al azar si hay alguno que pueda sustituirlo.
27,11,19,Vuelo,El usuario adquiere el estado A gran altitud en el turno en el\nque usa este movimiento y ataca en el siguiente.
27,11,20,Atadura,Provoca el estado Apresado en el objetivo.
27,11,21,Golpazo,
27,11,22,Látigo Cepa,
27,11,23,Pisotón,
27,11,24,Doble Patada,
27,11,25,Megapatada,
27,11,26,Patada Salto,
27,11,27,Patada Giro,
27,11,28,Ataque Arena,
27,11,29,Golpe Cabeza,
27,11,30,Ataque Cuerno,
27,11,31,Ataque Furia,
27,11,32,Cuerno Taladro,Debilita al objetivo. Tiene una precisión fija del 30 %.
27,11,33,Tacleada,
27,11,34,Golpe de Cuerpo,Tiene una probabilidad del 30 % de paralizar al objetivo.\nSu potencia se duplica y nunca falla contra objetivos con\nel estado Reducido.
27,11,35,Constricción,Provoca el estado Apresado en el objetivo.
27,11,36,Derribo,
27,11,37,Golpiza,Provoca el estado Enojado en el usuario.
27,11,38,Doble Filo,El usuario recibe un 33.3 % del daño que causa.
27,11,39,Látigo de Cola,
27,11,40,Piquete Venenoso,
27,11,41,Doble Aguijón,
27,11,42,Misil Aguja,Ataca de dos a cinco veces seguidas.
27,11,43,Malicioso,
27,11,44,Mordida,Tiene una probabilidad del 30 % de atemorizar al objetivo.
27,11,45,Gruñido,
27,11,46,Rugido,Obliga al objetivo a ser cambiado por otro Pokémon de su\nequipo al azar si hay alguno que pueda sustituirlo.
27,11,47,Canto,Duerme al objetivo.
27,11,48,Supersónico,
27,11,49,Explosión Sónica,
27,11,50,Anulación,Provoca el estado Movimiento anulado en el objetivo durante\ncuatro turnos.
27,11,51,Ácido,
27,11,52,Brasas,
27,11,53,Lanzallamas,Tiene una probabilidad del 10 % de quemar al objetivo.
27,11,54,Neblina,
27,11,55,Chorro de Agua,
27,11,56,Hidrobomba,
27,11,57,Surf,Su potencia se duplica contra objetivos con el\nestado Sumergido.
27,11,58,Rayo de Hielo,Tiene una probabilidad del 10 % de congelar al objetivo.
27,11,59,Ventisca,Tiene una probabilidad del 10 % de congelar al objetivo.\nNunca falla cuando nieva.
27,11,60,Psicorrayo,
27,11,61,Rayo Burbuja,
27,11,62,Rayo Aurora,
27,11,63,Hiperrayo,El usuario adquiere el estado Descansando en el\nsiguiente turno.
27,11,64,Picotazo,
27,11,65,Pico Taladro,
27,11,66,Sumisión,
27,11,67,Patada Baja,"Tiene mayor potencia entre más pesado sea el objetivo,\ncon un rango entre 20 y 120."
27,11,68,Contraataque,"Si el usuario recibió daño de un ataque físico en ese turno,\nle devuelve el doble del daño al atacante."
27,11,69,Sísmico,El objetivo pierde 50 PS.
27,11,70,Fuerza,
27,11,71,Absorción,
27,11,72,Megadrenado,
27,11,73,Drenadoras,Provoca el estado Drenadoras en el objetivo.
27,11,74,Crecimiento,"Aumenta un nivel el Ataque y el Ataque Especial del usuario,\no dos niveles cuando hace sol."
27,11,75,Hojas Navaja,
27,11,76,Rayo Solar,"El usuario adquiere el estado Cargando en el turno en el que\nusa este movimiento y ataca en el siguiente. Si hace sol,\nno adquiere este estado y ataca inmediatamente. Si hay otro\ntiempo atmosférico activo, la potencia del movimiento\nse reduce un 50 %."
27,11,77,Polvo Venenoso,Envenena al objetivo. No afecta a los Pokémon de tipo Planta.
27,11,78,Paralizador,Paraliza al objetivo. No afecta a los Pokémon de tipo Planta.
27,11,79,Somnífero,Duerme al objetivo. No afecta a los Pokémon de tipo Planta.
27,11,80,Danza de Pétalos,Provoca el estado Enojado en el usuario.
27,11,81,Disparo de Seda,Reduce dos niveles la Velocidad del objetivo.
27,11,82,Furia Dragón,
27,11,83,Giro Fuego,Provoca el estado Apresado en el objetivo.
27,11,84,Impactrueno,
27,11,85,Atactrueno,Tiene una probabilidad del 10 % de paralizar al objetivo.
27,11,86,Onda Trueno,Paraliza al objetivo. No afecta a los Pokémon de tipo Tierra.
27,11,87,Trueno,"Tiene una probabilidad del 30 % de paralizar al objetivo.\nNunca falla cuando llueve. Si hace sol, tiene una precisión del\n50 %. Puede golpear a objetivos con el estado A gran altitud."
27,11,88,Lanzarrocas,
27,11,89,Terremoto,"Su potencia se duplica contra objetivos con el estado\nEnterrado, pero se reduce un 50 % cuando hay un campo\nde césped activo en el terreno de combate."
27,11,90,Fisura,Debilita al objetivo. Tiene una precisión fija del 30 %.
27,11,91,Excavar,El usuario adquiere el estado Enterrado en el turno en el que\nusa este movimiento y ataca en el siguiente.
27,11,92,Tóxico,Envenena gravemente al objetivo. Nunca falla si el usuario es\nde tipo Veneno.
27,11,93,Confusión,
27,11,94,Fuerza Psíquica,Tiene una probabilidad del 10 % de reducir un nivel\nla Defensa Especial del objetivo.
27,11,95,Hipnosis,Duerme al objetivo.
27,11,96,Meditación,
27,11,97,Agilidad,Aumenta dos niveles la Velocidad del usuario.
27,11,98,Ataque Rápido,
27,11,99,Furia,
27,11,100,Teletransporte,
27,11,101,Tinieblas,El objetivo pierde 50 PS.
27,11,102,Mímica,
27,11,103,Chillido,Reduce dos niveles la Defensa del objetivo.
27,11,104,Doble Equipo,Aumenta un nivel la Evasión del usuario.
27,11,105,Recuperación,Restaura un 50 % de los PS máximos del usuario.
27,11,106,Fortaleza,
27,11,107,Reducción,Aumenta dos niveles la Evasión del usuario y le provoca\nel estado Reducido.
27,11,108,Pantalla de Humo,
27,11,109,Rayo de Confusión,Confunde al objetivo.
27,11,110,Refugio,
27,11,111,Hacerse Bolita,
27,11,112,Barrera,
27,11,113,Pantalla de Luz,Provoca el estado Pantalla de Luz en el lado del usuario durante\ncinco turnos.
27,11,114,Niebla,Elimina los cambios en las características de todos los Pokémon\nen combate.
27,11,115,Reflejo,Provoca el estado Reflejo en el lado del usuario durante\ncinco turnos.
27,11,116,Centrar Energía,El usuario adquiere el estado Más críticos +2.
27,11,117,Venganza,
27,11,118,Metrónomo,
27,11,119,Espejo,
27,11,120,Autodestrucción,El usuario se debilita luego de usar este movimiento.
27,11,121,Bomba Huevo,
27,11,122,Lengüetazo,
27,11,123,Humo,
27,11,124,Residuos,
27,11,125,Maza de Hueso,
27,11,126,Llamarada,Tiene una probabilidad del 10 % de quemar al objetivo.
27,11,127,Cascada,Tiene una probabilidad del 20 % de atemorizar al objetivo.
27,11,128,Tenaza,
27,11,129,Meteoros,
27,11,130,Cabezazo,
27,11,131,Cañón de Púas,
27,11,132,Restricción,
27,11,133,Amnesia,Aumenta dos niveles la Defensa Especial del usuario.
27,11,134,Kinético,
27,11,135,Ovocuración,Restaura un 50 % de los PS máximos del usuario.
27,11,136,Patada Salto Alto,El usuario recibe daño equivalente al 50 % de sus PS máximos\nsi falla.
27,11,137,Fulmirada,Paraliza al objetivo.
27,11,138,Comesueños,
27,11,139,Gas Venenoso,
27,11,140,Bombardeo,
27,11,141,Chupavidas,El usuario recupera una cantidad de PS equivalente al 50 %\ndel daño que causa.
27,11,142,Beso Amoroso,
27,11,143,Ataque Celestial,El usuario adquiere el estado Cargando en el turno en el\nque usa este movimiento y ataca en el siguiente. Tiene una\nprobabilidad del 30 % de atemorizar al objetivo. Aumenta\nun nivel la probabilidad de lanzar golpes críticos del usuario\ndurante este ataque.
27,11,144,Transformación,Transforma al usuario en el mismo Pokémon que el objetivo.\nCopia todos los valores de las características del objetivo a\nexcepción de los PS.
27,11,145,Burbuja,
27,11,146,Puño Mareador,
27,11,147,Esporas,Duerme al objetivo. No afecta a los Pokémon de tipo Planta.
27,11,148,Destello,
27,11,149,Psicoonda,
27,11,150,Salpicadura,
27,11,151,Armadura Ácida,Aumenta dos niveles la Defensa del usuario.
27,11,152,Martillazo,Aumenta un nivel la probabilidad de lanzar golpes críticos\ndel usuario durante este ataque.
27,11,153,Explosión,El usuario se debilita luego de usar este movimiento.
27,11,154,Garras Furiosas,
27,11,155,Huesomerang,
27,11,156,Descanso,"Restaura todos los PS y elimina todos los problemas de\nestado del usuario, pero lo duerme durante dos turnos.\nFalla si el usuario tiene los PS al máximo."
27,11,157,Avalancha,Tiene una probabilidad del 30 % de atemorizar al objetivo.
27,11,158,Hipercolmillo,
27,11,159,Afilar,
27,11,160,Conversión,
27,11,161,Triataque,"Tiene una probabilidad del 20 % de paralizar, quemar\no congelar al objetivo."
27,11,162,Supercolmillo,"El objetivo pierde un 50 % de sus PS restantes.\nSi solo le queda 1 PS, pierde 1 PS."
27,11,163,Cuchillada,Aumenta un nivel la probabilidad de lanzar golpes críticos\ndel usuario durante este ataque.
27,11,164,Sustituto,El usuario sacrifica un 25 % de sus PS máximos para crear un\nsustituto. El sustituto recibirá los movimientos dirigidos al\nusuario en su lugar y desaparecerá cuando haya recibido una\ncantidad de daño equivalente a un 25 % de los PS máximos\ndel usuario. Los movimientos que usan sonido ignoran al\nsustituto y alcanza al Pokémon.
27,11,165,Forcejeo,
27,11,166,Boceto,
27,11,167,Triple Patada,
27,11,168,Ladrón,"Si el usuario no lleva un objeto, roba el del objetivo."
27,11,169,Telaraña,
27,11,170,Telépata,
27,11,171,Pesadilla,
27,11,172,Rueda Ígnea,
27,11,173,Ronquido,Solo se puede usar si el usuario está dormido. Tiene una\nprobabilidad del 30 % de atemorizar al objetivo.
27,11,174,Maldición,Reduce un nivel la Velocidad del usuario y aumenta un nivel\nsu Ataque y su Defensa.
27,11,175,Azote,"Tiene mayor potencia entre menos PS tenga el usuario,\ncon un rango entre 20 y 200."
27,11,176,Conversión 2,
27,11,177,Aerochorro,
27,11,178,Esporagodón,Reduce dos niveles la Velocidad del objetivo. No afecta a\nlos Pokémon de tipo Planta.
27,11,179,Inversión,"Tiene mayor potencia entre menos PS tenga el usuario,\ncon un rango entre 20 y 200."
27,11,180,Rencor,Reduce 4 PP del último movimiento que usó el objetivo.
27,11,181,Polvo de Nieve,
27,11,182,Protección,"Protege al usuario de los movimientos de los demás\nPokémon durante ese turno. Si se usa de forma consecutiva,\nsu probabilidad de éxito se reduce a 33.3 % con respecto a la\nprobabilidad anterior."
27,11,183,Superpuño,
27,11,184,Cara Aterradora,Reduce dos niveles la Velocidad del objetivo.
27,11,185,Ataque Finta,
27,11,186,Beso Dulce,Confunde al objetivo.
27,11,187,Tambor,Sacrifica un 50 % de los PS máximos del usuario para aumentar\nhasta el sexto nivel su Ataque. Falla si el usuario no tiene\nsuficientes PS.
27,11,188,Bomba Lodo,Tiene una probabilidad del 30 % de envenenar al objetivo.
27,11,189,Bofetón Lodo,Reduce un nivel la Precisión del objetivo.
27,11,190,Octazuca,Tiene una probabilidad del 50 % de reducir un nivel la Precisión\ndel objetivo.
27,11,191,Púas,Provoca el estado Púas en el lado rival.
27,11,192,Electrocañón,Paraliza al objetivo.
27,11,193,Visión,
27,11,194,Lazo del Destino,Provoca el estado Lazo del Destino en el usuario.\nFalla si se usa de forma consecutiva.
27,11,195,Canto Mortal,Provoca el estado Cuenta regresiva en todos los Pokémon\nen combate.
27,11,196,Viento Helado,Reduce un nivel la Velocidad del objetivo.
27,11,197,Detección,"Protege al usuario de los movimientos de los demás\nPokémon durante ese turno. Si se usa de forma consecutiva,\nsu probabilidad de éxito se reduce a 33.3 % con respecto a la\nprobabilidad anterior."
27,11,198,Hueso Veloz,Ataca de dos a cinco veces seguidas.
27,11,199,Fijar Blanco,Provoca el estado Blanco fijado en el usuario.
27,11,200,Enfado,Provoca el estado Enojado en el usuario.
27,11,201,Tormenta de Arena,Provoca una tormenta de arena que dura cinco turnos.
27,11,202,Gigadrenado,El usuario recupera una cantidad de PS equivalente al 50 %\ndel daño que causa.
27,11,203,Aguante,"El usuario aguanta con 1 PS un movimiento que lo debilitaría\nen ese turno. Si se usa de forma consecutiva, su probabilidad\nde éxito se reduce a 33.3 % con respecto a la\nprobabilidad anterior."
27,11,204,Encanto,Reduce dos niveles el Ataque del objetivo.
27,11,205,Rodada,
27,11,206,Falsa Bofetada,
27,11,207,Fanfarronear,Aumenta dos niveles el Ataque del objetivo y lo confunde.
27,11,208,Licuado,Restaura un 50 % de los PS máximos del usuario o un aliado.
27,11,209,Chispa,
27,11,210,Corte Furia,
27,11,211,Ala de Acero,Tiene una probabilidad del 10 % de aumentar un nivel\nla Defensa del usuario.
27,11,212,Mal de Ojo,Provoca el estado Huida imposible en el objetivo.
27,11,213,Atracción,Provoca el estado Enamorado en el objetivo. Falla\ncontra objetivos del mismo sexo que el usuario o de\nsexo desconocido.
27,11,214,Sonámbulo,Solo se puede usar si el usuario está dormido. El usuario usa\nal azar uno de los otros movimientos que conoce.
27,11,215,Cascabel Sanador,"Elimina los problemas de estado de todos los Pokémon del\nequipo del usuario, incluyendo al usuario y a sus aliados."
27,11,216,Retribución,
27,11,217,Obsequio,
27,11,218,Frustración,
27,11,219,Velo Sagrado,Provoca el estado Velo Sagrado en el lado del usuario durante\ncinco turnos.
27,11,220,Dividedolor,Combina los PS restantes del usuario con los del objetivo\ny los reparte en partes iguales.
27,11,221,Fuego Sagrado,
27,11,222,Magnitud,
27,11,223,Puño Dinámico,Confunde al objetivo.
27,11,224,Megacuerno,
27,11,225,Aliento Dragón,
27,11,226,Relevo,"El usuario se cambia por otro Pokémon del equipo.\nEl Pokémon que lo reemplaza hereda sus cambios en las\ncaracterísticas, su sustituto y otros efectos."
27,11,227,Otra Vez,Provoca el estado Otra Vez en el objetivo.
27,11,228,Persecución,
27,11,229,Giro Rápido,"Elimina los estados Apresado y Drenadoras del usuario, así\ncomo los estados Púas, Púas tóxicas, Red Pegajosa y Trampa\nde Rocas en el lado del usuario. Aumenta un nivel la Velocidad\ndel usuario."
27,11,230,Dulce Aroma,Reduce dos niveles la Evasión del objetivo.
27,11,231,Cola de Hierro,Tiene una probabilidad del 30 % de reducir un nivel la Defensa\ndel objetivo.
27,11,232,Garra de Metal,
27,11,233,Llave Vital,
27,11,234,Sol Matutino,"Restaura un 50 % de los PS máximos del usuario, o un 66.6 %\ncuando hace sol. Si hay otro tiempo atmosférico activo,\nsolo restaura un 25 % de sus PS máximos."
27,11,235,Fotosíntesis,"Restaura un 50 % de los PS máximos del usuario, o un 66.6 %\ncuando hace sol. Si hay otro tiempo atmosférico activo,\nsolo restaura un 25 % de sus PS máximos."
27,11,236,Luz Lunar,"Restaura un 50 % de los PS máximos del usuario, o un 66.6 %\ncuando hace sol. Si hay otro tiempo atmosférico activo,\nsolo restaura un 25 % de sus PS máximos."
27,11,237,Poder Oculto,
27,11,238,Golpe Cruzado,Aumenta un nivel la probabilidad de lanzar golpes críticos\ndel usuario durante este ataque.
27,11,239,Tornado,
27,11,240,Danza de Lluvia,Hace que llueva durante cinco turnos.
27,11,241,Día Soleado,Hace que salga el sol durante cinco turnos.
27,11,242,Triturar,Tiene una probabilidad del 20 % de reducir un nivel la Defensa\ndel objetivo.
27,11,243,Escudo Espejo,"Si el usuario recibió daño de un ataque especial en ese turno,\nle devuelve el doble del daño al atacante."
27,11,244,Autosugestión,El usuario copia los cambios en las características del objetivo.
27,11,245,Velocidad Extrema,
27,11,246,Poder Antiguo,"Tiene una probabilidad del 10 % de aumentar un nivel\nel Ataque, la Defensa, el Ataque Especial, la Defensa Especial\ny la Velocidad del usuario."
27,11,247,Bola Sombra,Tiene una probabilidad del 20 % de reducir un nivel\nla Defensa Especial del objetivo.
27,11,248,Premonición,Provoca el estado Ataque futuro en la posición del objetivo.
27,11,249,Golpe Roca,
27,11,250,Remolino,Provoca el estado Apresado en el objetivo. Su potencia\nse duplica contra objetivos con el estado Sumergido.
27,11,251,Paliza,Golpea al objetivo tantas veces como Pokémon haya\nen el equipo del usuario. Los Pokémon debilitados o\ncon problemas de estado no se cuentan. La potencia\ndel movimiento se calcula con base en el Ataque de los\nPokémon del equipo del usuario.
27,11,252,Sorpresa,Atemoriza al objetivo. Falla si no es el primer movimiento que\nel usuario utiliza luego de entrar en combate.
27,11,253,Alboroto,Provoca el estado Alboroto en el usuario.
27,11,254,Reserva,"Aumenta un nivel la Defensa y la Defensa Especial del usuario.\nAumenta en uno el número de reservas, hasta un\nmáximo de tres."
27,11,255,Escupida,"Tiene mayor potencia entre más reservas acumule el usuario,\ncon un rango entre 100 y 300.\nFalla si el usuario no se encuentra en el estado Reserva."
27,11,256,Tragar,Restaura más PS del usuario entre mayor sea su número\nde reservas.\n1 reserva: 25 % de los PS máximos.\n2 reservas: 50 % de los PS máximos.\n3 reservas: todos los PS.\nFalla si el usuario no se encuentra en el estado Reserva.
27,11,257,Onda Ígnea,Tiene una probabilidad del 10 % de quemar al objetivo.
27,11,258,Granizo,
27,11,259,Tormento,Provoca el estado Repetición anulada en el objetivo.
27,11,260,Halago,Aumenta un nivel el Ataque Especial del objetivo y lo confunde.
27,11,261,Fuego Fatuo,Quema al objetivo.
27,11,262,Recuerdo,Reduce dos niveles el Ataque y el Ataque Especial del objetivo.\nEl usuario se debilita luego de usar este movimiento.
27,11,263,Fachada,"Si el usuario está envenenado, gravemente envenenado,\nparalizado o quemado, se duplica su potencia. El daño que\ncausa este ataque físico no es reducido a la mitad aunque\nel usuario esté quemado."
27,11,264,Puño Centrado,Falla si el usuario recibe daño de otro movimiento antes de usar\nel movimiento en ese turno.
27,11,265,Estímulo,
27,11,266,Señuelo,Concentra sobre el usuario todos los movimientos de los rivales.\nSolo tiene efecto con movimientos que permiten seleccionar\na un objetivo.
27,11,267,Adaptación,
27,11,268,Carga,Aumenta un nivel la Defensa Especial del usuario y le provoca\nel estado Cargado de electricidad.
27,11,269,Provocación,Provoca el estado Provocación en el objetivo.
27,11,270,Refuerzos,Aumenta un 50 % la potencia del movimiento de un aliado\ndurante ese turno.
27,11,271,Truco,Intercambia los objetos del usuario y el objetivo.
27,11,272,Imitación,Sustituye la habilidad del usuario por la del objetivo.
27,11,273,Deseo,Provoca el estado Deseo en la posición del usuario.
27,11,274,Ayuda,
27,11,275,Arraigo,Provoca el estado Arraigo en el usuario.
27,11,276,Fuerza Bruta,Reduce un nivel el Ataque y la Defensa del usuario.
27,11,277,Capa Mágica,
27,11,278,Reciclaje,El usuario recupera el último objeto que haya consumido\ny vuelve a equipárselo.
27,11,279,Desquite,
27,11,280,Karatazo,"Elimina los estados Pantalla de Luz, Reflejo y Velo Aurora\nen el lado del objetivo antes de causar daño."
27,11,281,Bostezo,Provoca somnolencia en el objetivo. Nunca falla.
27,11,282,Desarme,Aumenta un 50 % su potencia si el objetivo lleva un objeto.\nHace que el objetivo pierda el objeto que lleva.
27,11,283,Esfuerzo,Causa una cantidad de daño equivalente a la diferencia entre\nlos PS restantes del objetivo y los del usuario. Falla si el \nobjetivo tiene los mismos PS que el usuario o menos.
27,11,284,Estallido,"Tiene menor potencia entre menos PS tenga el usuario,\ncon un rango entre 1 y 150."
27,11,285,Intercambio,Intercambia las habilidades del usuario y el objetivo.
27,11,286,Sellar,Provoca el estado Sellar en el usuario.
27,11,287,Alivio,
27,11,288,Rabia,
27,11,289,Robo,
27,11,290,Poder Secreto,
27,11,291,Buceo,El usuario adquiere el estado Sumergido en el turno en el que\nusa este movimiento y ataca en el siguiente.
27,11,292,Empujón,
27,11,293,Camuflaje,
27,11,294,Luminicola,
27,11,295,Resplandor,
27,11,296,Bola Neblina,
27,11,297,Danza de Plumas,Reduce dos niveles el Ataque del objetivo.
27,11,298,Danza del Caos,Confunde a todos los Pokémon en combate menos al usuario.
27,11,299,Patada Ígnea,Tiene una probabilidad del 10 % de quemar al objetivo.\nAumenta un nivel la probabilidad de lanzar golpes críticos\ndel usuario durante este ataque.
27,11,300,Chapoteo de Lodo,
27,11,301,Bola Hielo,
27,11,302,Brazo Aguja,
27,11,303,Relajar,Restaura un 50 % de los PS máximos del usuario.
27,11,304,Hipervoz,
27,11,305,Colmillo Veneno,Tiene una probabilidad del 50 % de envenenar gravemente\nal objetivo.
27,11,306,Garra Brutal,Tiene una probabilidad del 50 % de reducir un nivel la Defensa\ndel objetivo.
27,11,307,Anillo de Fuego,El usuario adquiere el estado Descansando en el\nsiguiente turno.
27,11,308,Hidrocañón,El usuario adquiere el estado Descansando en el\nsiguiente turno.
27,11,309,Puño Meteoro,Tiene una probabilidad del 20 % de aumentar un nivel\nel Ataque del usuario.
27,11,310,Impresión,
27,11,311,Meteorobola,"Si hay algún tiempo atmosférico activo, su potencia se duplica\ny cambia de tipo.\nSol: cambia a tipo Fuego.\nLluvia: cambia a tipo Agua.\nNieve: cambia a tipo Hielo.\nTormenta de arena: cambia a tipo Roca."
27,11,312,Aromaterapia,
27,11,313,Llanto Falso,Reduce dos niveles la Defensa Especial del objetivo.
27,11,314,Aire Cortante,Aumenta un nivel la probabilidad de lanzar golpes críticos\ndel usuario durante este ataque.
27,11,315,Supercalor,Reduce dos niveles el Ataque Especial del usuario.
27,11,316,Rastreo,
27,11,317,Tumba de Rocas,Reduce un nivel la Velocidad del objetivo.
27,11,318,Viento Plateado,
27,11,319,Sonido Metálico,Reduce dos niveles la Defensa Especial del objetivo.
27,11,320,Silbato de Hoja,
27,11,321,Cosquillas,Reduce un nivel el Ataque y la Defensa del objetivo.
27,11,322,Masa Cósmica,Aumenta un nivel la Defensa y la Defensa Especial del usuario.
27,11,323,Columna de Agua,"Tiene menor potencia entre menos PS tenga el usuario,\ncon un rango entre 1 y 150."
27,11,324,Rayo Señal,
27,11,325,Puño Sombra,Nunca falla.
27,11,326,Extrasensorial,Tiene una probabilidad del 10 % de atemorizar al objetivo.
27,11,327,Corte Elevado,
27,11,328,Tumba de Arena,Provoca el estado Apresado en el objetivo.
27,11,329,Frío Extremo,Debilita al objetivo. Tiene una precisión fija del 20 % o del\n30 % si el usuario es de tipo Hielo. No afecta a los Pokémon\nde tipo Hielo.
27,11,330,Agua Lodosa,Tiene una probabilidad del 30 % de reducir un nivel la Precisión\ndel objetivo.
27,11,331,Bala Semilla,Ataca de dos a cinco veces seguidas.
27,11,332,As Aéreo,Nunca falla.
27,11,333,Lanza de Hielo,Ataca de dos a cinco veces seguidas.
27,11,334,Defensa de Hierro,Aumenta dos niveles la Defensa del usuario.
27,11,335,Bloqueo,Provoca el estado Huida imposible en el objetivo.
27,11,336,Aullido,Aumenta un nivel el Ataque del usuario y sus aliados.
27,11,337,Garra Dragón,
27,11,338,Planta Feroz,El usuario adquiere el estado Descansando en el\nsiguiente turno.
27,11,339,Corpulencia,Aumenta un nivel el Ataque y la Defensa del usuario.
27,11,340,Rebote,El usuario adquiere el estado A gran altitud en el turno en el\nque usa este movimiento y ataca en el siguiente. Tiene una\nprobabilidad del 30 % de paralizar al objetivo.
27,11,341,Disparo de Lodo,Reduce un nivel la Velocidad del objetivo.
27,11,342,Cola Venenosa,
27,11,343,Antojo,"Si el usuario no lleva un objeto, roba el del objetivo."
27,11,344,Tacleada de Voltios,El usuario recibe un 33.3 % del daño que causa.\nEste movimiento tiene una probabilidad del 10 %\nde paralizar al objetivo.
27,11,345,Hojas Mágicas,
27,11,346,Chapoteo de Agua,
27,11,347,Paz Mental,Aumenta un nivel el Ataque Especial y la Defensa Especial\ndel usuario.
27,11,348,Hoja Aguda,Aumenta un nivel la probabilidad de lanzar golpes críticos\ndel usuario durante este ataque.
27,11,349,Danza de Dragón,Aumenta un nivel el Ataque y la Velocidad del usuario.
27,11,350,Pedrada,Ataca de dos a cinco veces seguidas.
27,11,351,Onda de Choque,
27,11,352,Pulso de Agua,Tiene una probabilidad del 20 % de confundir al objetivo.
27,11,353,Deseo Final,
27,11,354,Psicoimpulso,
27,11,355,Respiro,"Restaura un 50 % de los PS máximos del usuario. Si el usuario es\nde tipo Volador, deja de serlo durante ese turno."
27,11,356,Gravedad,Provoca el estado Gravedad en ambos lados durante\ncinco turnos.
27,11,357,Gran Ojo,
27,11,358,Despabilador,
27,11,359,Brazo Martillo,Reduce un nivel la Velocidad del usuario.
27,11,360,Giro Bola,"Tiene mayor potencia entre menor sea la Velocidad del\nusuario en comparación con la del objetivo, con un rango\nentre 1 y 150."
27,11,361,Deseo Sanador,"El usuario se debilita, pero cura los problemas de estado\ny restaura todos los PS del Pokémon que sale a combatir\nen su lugar."
27,11,362,Agua Salada,
27,11,363,Don Natural,
27,11,364,Amago,Puede golpear a objetivos que hayan usado movimientos como\nProtección o Detección y elimina sus efectos.
27,11,365,Picoteo,"Si el objetivo lleva una baya, el usuario la consume y obtiene\nsus efectos."
27,11,366,Viento Afín,Provoca el estado Viento Afín en el lado del usuario durante\ncuatro turnos.
27,11,367,Acupresión,"Aumenta dos niveles una de las siguientes características al azar\ndel usuario o un aliado: Ataque, Defensa, Ataque Especial,\nDefensa Especial, Velocidad, Precisión o Evasión."
27,11,368,Expl. Metálica,"Si el usuario recibió daño de un ataque en ese turno,\nle devuelve al rival el 150 % del daño causado."
27,11,369,Ida y Vuelta,El usuario se cambia por otro Pokémon del equipo luego\nde atacar.
27,11,370,Cuerpo a Cuerpo,Reduce un nivel la Defensa y la Defensa Especial del usuario.
27,11,371,Revancha,Su potencia se duplica si el usuario ataca después del objetivo.
27,11,372,Garantía,Su potencia se duplica si el objetivo ya recibió daño en\nese turno.
27,11,373,Embargo,
27,11,374,Lanzamiento,Su potencia y efecto varían según el objeto que lleve el usuario.\nEl usuario pierde el objeto luego de atacar.
27,11,375,Psicocambio,
27,11,376,As Oculto,
27,11,377,Anticuración,
27,11,378,Apretón,
27,11,379,Truco Fuerza,Provoca el estado Ataque y Defensa invertidos en el usuario.
27,11,380,Ácido Gástrico,Provoca el estado Habilidad anulada en el objetivo.
27,11,381,Cántico Suerte,
27,11,382,Yo Primero,
27,11,383,Copión,El usuario imita el último movimiento que se usó.\nEste movimiento falla si aún no se ha utilizado ninguno.
27,11,384,Cambiafuerza,Intercambia los cambios en el Ataque y el Ataque Especial\ndel usuario y el objetivo.
27,11,385,Cambiadefensa,Intercambia los cambios en la Defensa y la Defensa Especial\ndel usuario y el objetivo.
27,11,386,Castigo,
27,11,387,Último Recurso,Falla si el usuario no usa antes todos los demás\nmovimientos que conoce.
27,11,388,Abatidoras,Sustituye la habilidad del objetivo por Insomnio.
27,11,389,Golpe Bajo,Falla si el objetivo no seleccionó un ataque o si ya\natacó en ese turno.
27,11,390,Púas Tóxicas,Provoca el estado Púas tóxicas en el lado rival.
27,11,391,Cambiaalmas,
27,11,392,Acuaanillo,Provoca el estado Acuaanillo en el usuario.
27,11,393,Superimán,El usuario es afectado por Superimán.
27,11,394,Erupción,El usuario recibe un 33.3 % del daño que causa y se libra de la\ncongelación. Este movimiento tiene una probabilidad del 10 %\nde quemar al objetivo.
27,11,395,Fuerza de Palma,
27,11,396,Aura Esfera,Nunca falla.
27,11,397,Pulimento,Aumenta dos niveles la Velocidad del usuario.
27,11,398,Golpe Venenoso,Tiene una probabilidad del 30 % de envenenar al objetivo.
27,11,399,Pulso Oscuro,Tiene una probabilidad del 20 % de atemorizar al objetivo.
27,11,400,Corte Umbrío,Aumenta un nivel la probabilidad de lanzar golpes críticos\ndel usuario durante este ataque.
27,11,401,Cola de Agua,
27,11,402,Bomba Semilla,
27,11,403,Corte Aéreo,Tiene una probabilidad del 30 % de atemorizar al objetivo.
27,11,404,Tijera X,
27,11,405,Zumbido,Tiene una probabilidad del 10 % de reducir un nivel\nla Defensa Especial del objetivo.
27,11,406,Pulso Dragón,
27,11,407,Carga Dragón,Tiene una probabilidad del 20 % de atemorizar al objetivo.\nSu potencia se duplica y nunca falla contra objetivos con\nel estado Reducido.
27,11,408,Joya de Luz,
27,11,409,Puño Drenador,El usuario recupera una cantidad de PS equivalente al 50 %\ndel daño que causa.
27,11,410,Onda de Vacío,
27,11,411,Ataque Centrado,Tiene una probabilidad del 10 % de reducir un nivel\nla Defensa Especial del objetivo.
27,11,412,Bola de Energía,Tiene una probabilidad del 10 % de reducir un nivel\nla Defensa Especial del objetivo.
27,11,413,Ave Brava,El usuario recibe un 33.3 % del daño que causa.
27,11,414,Poder Terrestre,Tiene una probabilidad del 10 % de reducir un nivel\nla Defensa Especial del objetivo.
27,11,415,Trueque,Intercambia los objetos del usuario y el objetivo.
27,11,416,Gigaimpacto,El usuario adquiere el estado Descansando en el\nsiguiente turno.
27,11,417,Maquinación,Aumenta dos niveles el Ataque Especial del usuario.
27,11,418,Puño Bala,
27,11,419,Alud,Su potencia se duplica si el usuario recibió daño de\nun movimiento del objetivo en ese mismo turno.
27,11,420,Esquirla Helada,
27,11,421,Garra de Sombra,Aumenta un nivel la probabilidad de lanzar golpes críticos\ndel usuario durante este ataque.
27,11,422,Colmillo Trueno,Tiene una probabilidad del 10 % de paralizar al objetivo\ny una probabilidad del 10 % de atemorizarlo.
27,11,423,Colmillo Hielo,Tiene una probabilidad del 10 % de congelar al objetivo\ny una probabilidad del 10 % de atemorizarlo.
27,11,424,Colmillo Fuego,Tiene una probabilidad del 10 % de quemar al objetivo\ny una probabilidad del 10 % de atemorizarlo.
27,11,425,Sombra Vil,
27,11,426,Bomba Fango,
27,11,427,Psicocorte,Aumenta un nivel la probabilidad de lanzar golpes críticos\ndel usuario durante este ataque.
27,11,428,Cabezazo Zen,Tiene una probabilidad del 20 % de atemorizar al objetivo.
27,11,429,Disparo Espejo,
27,11,430,Cañón Resplandor,Tiene una probabilidad del 10 % de reducir un nivel\nla Defensa Especial del objetivo.
27,11,431,Treparrocas,
27,11,432,Desempañar,"Reduce un nivel la Evasión del objetivo. Elimina los estados\nReflejo, Púas y Velo Sagrado, entre otros, así como el campo\nactivo en el terreno de combate."
27,11,433,Espacio Raro,Provoca el estado Espacio Raro en ambos lados durante\ncinco turnos.
27,11,434,Meteoro Dragón,Reduce dos niveles el Ataque Especial del usuario.
27,11,435,Chispazo,Tiene una probabilidad del 30 % de paralizar al objetivo.
27,11,436,Bomba de Lava,Tiene una probabilidad del 30 % de quemar al objetivo.
27,11,437,Tormenta de Hojas,Reduce dos niveles el Ataque Especial del usuario.
27,11,438,Latigazo,
27,11,439,Romperrocas,El usuario adquiere el estado Descansando en el siguiente\nturno.
27,11,440,Veneno X,Tiene una probabilidad del 10 % de envenenar al objetivo.\nAumenta un nivel la probabilidad de lanzar golpes críticos\ndel usuario durante este ataque.
27,11,441,Lanzamugre,Tiene una probabilidad del 30 % de envenenar al objetivo.
27,11,442,Cabeza de Hierro,Tiene una probabilidad del 20 % de atemorizar al objetivo.
27,11,443,Magnetobomba,
27,11,444,Roca Afilada,Aumenta un nivel la probabilidad de lanzar golpes críticos\ndel usuario durante este ataque.
27,11,445,Seducción,
27,11,446,Trampa de Rocas,Provoca el estado Trampa de Rocas en el lado rival.
27,11,447,Nudo de Pasto,"Tiene mayor potencia entre más pesado sea el objetivo,\ncon un rango entre 20 y 120."
27,11,448,Parloteo,
27,11,449,Juicio Final,
27,11,450,Picadura,"Si el objetivo lleva una baya, el usuario la consume y obtiene\nsus efectos."
27,11,451,Rayo Carga,Tiene una probabilidad del 70 % de aumentar un nivel\nel Ataque Especial del usuario.
27,11,452,Mazazo,El usuario recibe un 33.3 % del daño que causa.
27,11,453,Acuajet,
27,11,454,Al Ataque,
27,11,455,A Defender,
27,11,456,Auxilio,
27,11,457,Topetazo,El usuario recibe un 50 % del daño que causa.
27,11,458,Doble Golpe,Ataca dos veces seguidas.
27,11,459,Rugido Temporal,
27,11,460,Corte Espacial,
27,11,461,Danza de la Luna,
27,11,462,Garra Aplastante,
27,11,463,Lluvia Ígnea,
27,11,464,Abismo Negro,
27,11,465,Fulgor Semilla,
27,11,466,Viento Ominoso,
27,11,467,Golpe Umbrío,
27,11,468,Afilagarras,
27,11,469,Guardia Amplia,Protege al usuario y a sus aliados de los movimientos que\nafectarían a todos los aliados durante ese turno.
27,11,470,Guardia Dividida,Combina los valores de la Defensa y la Defensa Especial\ndel usuario con los del objetivo y los reparte en partes iguales.
27,11,471,Fuerza Dividida,Combina los valores del Ataque y el Ataque Especial del usuario\ncon los del objetivo y los reparte en partes iguales.
27,11,472,Zona Extraña,Provoca el estado Zona Extraña en ambos lados durante\ncinco turnos.
27,11,473,Choque Psíquico,"A pesar de ser un ataque especial, el daño que causa se calcula\ncon el valor de la Defensa del objetivo."
27,11,474,Carga Tóxica,Su potencia se duplica si el objetivo está envenenado\no gravemente envenenado.
27,11,475,Aligerar,
27,11,476,Polvo Ira,Concentra sobre el usuario todos los movimientos de los rivales.\nSolo tiene efecto con movimientos que permiten seleccionar\na un objetivo. No afecta a los Pokémon de tipo Planta.
27,11,477,Telequinesis,
27,11,478,Zona Mágica,Provoca el estado Zona Mágica en ambos lados durante\ncinco turnos.
27,11,479,Antiaéreo,Hace que los rivales que no están en contacto con el suelo\nadquieran el estado Derribado. Puede golpear a objetivos con\nel estado A gran altitud.
27,11,480,Llave Tempestad,Siempre lanza un golpe crítico.
27,11,481,Golpe de Fuego,
27,11,482,Ola de Lodo,Tiene una probabilidad del 10 % de envenenar al objetivo.
27,11,483,Danza del Aleteo,"Aumenta un nivel el Ataque Especial, la Defensa Especial\ny la Velocidad del usuario."
27,11,484,Golpe Pesado,"Tiene mayor potencia entre más pesado sea el usuario en\ncomparación con el objetivo, con un rango entre 40 y 120.\nSu potencia se duplica y nunca falla contra objetivos con\nel estado Reducido."
27,11,485,Sincrorruido,
27,11,486,Electrobola,"Tiene mayor potencia entre mayor sea la Velocidad del\nusuario en comparación con la del objetivo, con un rango\nentre 40 y 150."
27,11,487,Empapar,Cambia el tipo del objetivo al tipo Agua.
27,11,488,Carga de Fuego,Aumenta un nivel la Velocidad del usuario.
27,11,489,Enrosque,"Aumenta un nivel el Ataque, la Defensa y la Precisión\ndel usuario."
27,11,490,Barredora,Reduce un nivel la Velocidad del objetivo.
27,11,491,Bomba Ácida,Reduce dos niveles la Defensa Especial del objetivo.
27,11,492,Juego Sucio,El daño que causa se calcula con el valor del Ataque del\nobjetivo en vez del valor del Ataque del usuario.
27,11,493,Onda Simple,Sustituye la habilidad del objetivo por Simple.
27,11,494,Danza Amiga,Sustituye la habilidad del objetivo por la del usuario.
27,11,495,Ceda el Paso,Hace que el objetivo actúe justo a continuación del usuario.
27,11,496,Canon,"Si varios Pokémon usan este movimiento en un mismo turno,\natacarán uno a continuación del otro. Además, se duplica la\npotencia del movimiento a partir del segundo Pokémon que\nlo use."
27,11,497,Eco Voz,
27,11,498,Guardia Baja,
27,11,499,Humo Claro,Elimina los cambios en las características del objetivo.\nNunca falla.
27,11,500,Poder Acumulado,Aumenta en 20 su potencia por cada nivel de incremento\nen las características del usuario.
27,11,501,Defensa Rápida,Protege al usuario y a sus aliados de movimientos de prioridad\nalta durante ese turno.
27,11,502,Cambio de Lado,"Intercambia la posición del usuario con la de un aliado.\nSi se usa de forma consecutiva, su probabilidad de éxito\nse reduce a 33.3 % con respecto a la probabilidad\nanterior."
27,11,503,Escaldar,Tiene una probabilidad del 30 % de quemar al objetivo.\nElimina la congelación del usuario y el objetivo.
27,11,504,Rompecoraza,"Reduce un nivel la Defensa y la Defensa Especial del usuario\ny aumenta dos niveles su Ataque, su Ataque Especial\ny su Velocidad."
27,11,505,Pulso Sanador,Restaura un 50 % de los PS máximos del objetivo.
27,11,506,Infortunio,Su potencia se duplica si el objetivo sufre un problema de\nestado.
27,11,507,Caída Libre,
27,11,508,Cambio de Marcha,Aumenta un nivel el Ataque del usuario y dos niveles\nsu Velocidad.
27,11,509,Llave Giro,Obliga al objetivo a ser cambiado por otro Pokémon de su\nequipo al azar si hay alguno que pueda sustituirlo.
27,11,510,Incinerar,
27,11,511,Último Lugar,Hace que el objetivo actúe de último en ese turno.
27,11,512,Acrobacia,Su potencia se duplica si el usuario no lleva un objeto.
27,11,513,Clonatipo,Cambia el tipo del usuario al tipo del objetivo.
27,11,514,Represalia,
27,11,515,Sacrificio,Causa una cantidad de daño equivalente a los PS restantes del\nusuario. El usuario se debilita tras usar este movimiento.
27,11,516,Ofrenda,
27,11,517,Infierno,Quema al objetivo.
27,11,518,Voto Agua,
27,11,519,Voto Fuego,
27,11,520,Voto Planta,
27,11,521,Cambiavoltaje,El usuario se cambia por otro Pokémon del equipo luego\nde atacar.
27,11,522,Lucha Insecto,Reduce un nivel el Ataque Especial del objetivo.
27,11,523,Terratemblor,Reduce un nivel la Velocidad del objetivo. Su potencia\nse reduce a la mitad cuando hay un campo de césped\nactivo en el terreno de combate.
27,11,524,Vaho Helado,Siempre lanza un golpe crítico.
27,11,525,Cola de Dragón,Obliga al objetivo a ser cambiado por otro Pokémon de su\nequipo al azar si hay alguno que pueda sustituirlo.
27,11,526,Avivar,
27,11,527,Electrotela,Reduce un nivel la Velocidad del objetivo.
27,11,528,Carga Salvaje,El usuario recibe 25 % del daño que causa.
27,11,529,Taladradora,Aumenta un nivel la probabilidad de lanzar golpes críticos\ndel usuario durante este ataque.
27,11,530,Golpe Dual,
27,11,531,Sello de Corazón,
27,11,532,Drenacuerno,El usuario recupera una cantidad de PS equivalente al 50 %\ndel daño que causa.
27,11,533,Espada Sagrada,Ignora los cambios en las características del objetivo al \ncausar daño.
27,11,534,Coraza Afilada,Tiene una probabilidad del 50 % de reducir un nivel\nla Defensa del objetivo.
27,11,535,Golpe de Calor,"Tiene mayor potencia entre más pesado sea el usuario en\ncomparación con el objetivo, con un rango entre 40 y 120.\nSu potencia se duplica y nunca falla contra objetivos con\nel estado Reducido."
27,11,536,Ciclón de Hojas,
27,11,537,Aplanadora,
27,11,538,Guardialgodón,Aumenta tres niveles la Defensa del usuario.
27,11,539,Pulso Nocturno,Tiene una probabilidad del 40 % de reducir un nivel la Precisión\ndel objetivo.
27,11,540,Onda Mental,
27,11,541,Golpe de Cola,Ataca de dos a cinco veces seguidas.
27,11,542,Huracán,"Tiene una probabilidad del 30 % de confundir al objetivo.\nNunca falla cuando llueve. Si hace sol, tiene una precisión del\n50 %. Puede golpear a objetivos con el estado A gran altitud."
27,11,543,Carga de Cabeza,
27,11,544,Rueda Doble,
27,11,545,Bomba Ígnea,
27,11,546,Tecno Shock,
27,11,547,Canto Arcaico,
27,11,548,Espada Secreta,
27,11,549,Mundo Gélido,
27,11,550,Ataque Fulgor,
27,11,551,Llama Azul,
27,11,552,Danza de Llamas,Tiene una probabilidad del 50 % de aumentar un nivel\nel Ataque Especial del usuario.
27,11,553,Rayo Gélido,
27,11,554,Llama Gélida,
27,11,555,Alarido,Reduce un nivel el Ataque Especial del objetivo.
27,11,556,Carámbano,Tiene una probabilidad del 30 % de atemorizar al objetivo.
27,11,557,V de Fuego,
27,11,558,Llama Fusión,
27,11,559,Rayo Fusión,
27,11,560,Plancha Voladora,El daño que causa se calcula con la compatibilidad entre tipos\ndel tipo de este movimiento y la del tipo Volador. Su potencia\nse duplica y nunca falla contra objetivos con el \nestado Reducido.
27,11,561,Escudo Tatami,
27,11,562,Eructo,Falla si el usuario no consumió una baya durante\nel combate.
27,11,563,Fertilizante,
27,11,564,Red Pegajosa,Provoca el estado Red Pegajosa en el lado rival.
27,11,565,Aguijón Letal,Aumenta tres niveles el Ataque del usuario si debilita al objetivo\ncon este movimiento.
27,11,566,Golpe Fantasma,El usuario adquiere el estado Oculto en el turno en el que\nusa este movimiento y ataca en el siguiente. Puede golpear\na objetivos que hayan usado movimientos como Protección\no Detección y elimina sus efectos.
27,11,567,Halloween,Provoca el estado Halloween en el objetivo.
27,11,568,Rugido de Guerra,Reduce un nivel el Ataque y el Ataque Especial del objetivo.
27,11,569,Cortina Plasma,
27,11,570,Carga Parabólica,El usuario recupera una cantidad de PS equivalente al 50 %\ndel daño que causa.
27,11,571,Condena Silvana,Provoca el estado Condena Silvana en el objetivo.
27,11,572,Tormenta de Pétalos,
27,11,573,Liofilización,Es supereficaz contra Pokémon de tipo Agua.
27,11,574,Voz Encantadora,
27,11,575,Última Palabra,El usuario cambia a otro Pokémon del equipo luego de\nreducir un nivel el Ataque y el Ataque Especial del objetivo.
27,11,576,Reversión,Invierte todos los cambios en las características del objetivo.
27,11,577,Beso Drenador,El usuario recupera una cantidad de PS equivalente al 75 % \ndel daño que causa.
27,11,578,Truco Defensa,
27,11,579,Defensa Floral,
27,11,580,Campo de Césped,Crea un campo de césped en el terreno de combate durante\ncinco turnos.
27,11,581,Campo de Niebla,Crea un campo de niebla en el terreno de combate durante\ncinco turnos.
27,11,582,Electrificación,"Si acierta al objetivo antes de que use un movimiento,\nsu movimiento pasará a ser de tipo Eléctrico durante ese turno."
27,11,583,Juego Rudo,Tiene una probabilidad del 10 % de reducir un nivel el Ataque\ndel objetivo.
27,11,584,Viento Feérico,
27,11,585,Fuerza Lunar,Tiene una probabilidad del 10 % de reducir un nivel\nel Ataque Especial del objetivo.
27,11,586,Estruendo,
27,11,587,Cerrojo Feérico,Provoca el estado Cerrojo Feérico en todos los Pokémon\nen combate.
27,11,588,Escudo Real,"El usuario cambia a su Forma Escudo y se protege de los\nataques durante ese turno. Reduce un nivel el Ataque del\nPokémon que golpee al usuario con un movimiento de contacto.\nSi se usa de forma consecutiva, su probabilidad de éxito\nse reduce a 33.3 % con respecto a la probabilidad\nanterior."
27,11,589,Camaradería,
27,11,590,Confidencia,
27,11,591,Tormenta de Diamantes,
27,11,592,Chorro de Vapor,
27,11,593,Paso Dimensional,
27,11,594,Shuriken de Agua,Ataca de dos a cinco veces seguidas.
27,11,595,Fuego Místico,Reduce un nivel el Ataque Especial del objetivo.
27,11,596,Barrera Espinosa,"El usuario se protege de los ataques durante ese turno.\nEl Pokémon que golpee al usuario con un movimiento de\ncontacto pierde un 12.5 % de sus PS máximos. Si se usa de\nforma consecutiva, la probabilidad de éxito del movimiento\nse reduce a 33.3 % con respecto a la probabilidad anterior."
27,11,597,Niebla Aromática,Aumenta un nivel la Defensa Especial de un aliado.
27,11,598,Onda Anómala,Reduce dos niveles el Ataque Especial del objetivo.
27,11,599,Trampa Venenosa,
27,11,600,Pólvora,
27,11,601,Geocontrol,
27,11,602,Aura Magnética,Aumenta un nivel la Defensa y la Defensa Especial del usuario\ny sus aliados si tienen la habilidad Más o la habilidad Menos.
27,11,603,Paga Extra,
27,11,604,Campo Eléctrico,Crea un campo eléctrico en el terreno de combate durante\ncinco turnos.
27,11,605,Brillo Mágico,
27,11,606,Celebración,
27,11,607,Manos Juntas,
27,11,608,Ojitos Tiernos,Reduce un nivel el Ataque del objetivo.
27,11,609,Frote,Paraliza al objetivo.
27,11,610,Clemencia,
27,11,611,Infestación,Provoca el estado Apresado en el objetivo.
27,11,612,Puño Incremento,
27,11,613,Ala del Olvido,
27,11,614,Mil Flechas,
27,11,615,Mil Temblores,
27,11,616,Fuerza Telúrica,
27,11,617,Luz Aniquiladora,El usuario recibe un 50 % del daño que causa.
27,11,618,Pulso Primigenio,
27,11,619,Filo del Abismo,
27,11,620,Ascenso Dracónico,
27,11,621,Cerco Dimensión,
27,11,659,Recogearena,
27,11,660,Escaramuza,Falla si no es el primer movimiento que el usuario utiliza\nluego de entrar en combate.
27,11,661,Búnker,"Protege al usuario de los movimientos de los demás Pokémon\ndurante ese turno. Envenena al Pokémon que ataque al usuario\ncon un movimiento de contacto. Si se usa de forma consecutiva,\nsu probabilidad de éxito se reduce a 33.3 % con respecto a la\nprobabilidad anterior."
27,11,662,Puntada Sombría,Provoca el estado Huida imposible en el objetivo.
27,11,663,Lariat Oscuro,Ignora los cambios en las características del objetivo al\ncausar daño.
27,11,664,Aria Burbuja,Elimina las quemaduras del objetivo.
27,11,665,Martillo Hielo,Reduce un nivel la Velocidad del usuario.
27,11,666,Flores Sanadoras,
27,11,667,Fuerza Equina,
27,11,668,Absorbefuerza,"El usuario recupera una cantidad de PS equivalente al valor\ndel Ataque del objetivo. Además, este movimiento reduce\nun nivel el Ataque del objetivo."
27,11,669,Cuchillada Solar,"El usuario adquiere el estado Cargando en el turno en el que\nusa este movimiento y ataca en el siguiente. Si hace sol,\nno adquiere este estado y ataca inmediatamente. Si hay otro\ntiempo atmosférico activo, la potencia del movimiento se\nreduce un 50 %."
27,11,670,Follaje,
27,11,671,Foco,
27,11,672,Hilo Venenoso,Reduce dos niveles la Velocidad del objetivo y lo envenena.
27,11,673,Agudizar,
27,11,674,Engranajes,
27,11,675,Golpe al Cuello,Provoca el estado Golpe al Cuello en el objetivo.
27,11,676,Bola de Polen,"Si se usa contra un aliado, restaura un 50 % de sus PS máximos\nen vez de causarle daño."
27,11,677,Anclaje,
27,11,678,Campo Psíquico,Crea un campo psíquico en el terreno de combate durante\ncinco turnos.
27,11,679,Plancha,Reduce un nivel el Ataque del objetivo.
27,11,680,Látigo Ígneo,Reduce un nivel la Defensa del objetivo.
27,11,681,Arrogancia,Aumenta en 20 su potencia por cada nivel de incremento\nen las características del usuario.
27,11,682,Llama Final,El usuario deja de ser de tipo Fuego y se libra de la\ncongelación. Este movimiento falla si el usuario no es de \ntipo Fuego.
27,11,683,Cambiavelocidad,Intercambia la Velocidad del usuario y el objetivo.
27,11,684,Cuerno Certero,Nunca falla.
27,11,685,Purificación,
27,11,686,Danza Revelación,
27,11,687,Núcleo Castigo,
27,11,688,Patada Tropical,Reduce un nivel el Ataque del objetivo.
27,11,689,Mandato,Fuerza al objetivo a repetir inmediatamente su último\nmovimiento.
27,11,690,Pico Cañón,"Si el usuario es alcanzado por un movimiento de contacto antes\nde golpear con este movimiento, quema al atacante."
27,11,691,Fragor Escamas,Reduce un nivel la Defensa del usuario.
27,11,692,Martillo Dragón,
27,11,693,Giro Vil,
27,11,694,Velo Aurora,Provoca el estado Velo Aurora en el lado del usuario durante\ncinco turnos. Solo se puede usar cuando nieva.
27,11,704,Trampa Coraza,
27,11,705,Cañón Floral,
27,11,706,Psicocolmillo,"Elimina los estados Pantalla de Luz, Reflejo y Velo Aurora\nen el lado del objetivo antes de causar daño."
27,11,707,Pataleta,Su potencia se duplica si el usuario no pudo actuar o falló\nsu movimiento en el turno anterior.
27,11,708,Hueso Sombrío,
27,11,709,Roca Veloz,
27,11,710,Hidroariete,Tiene una probabilidad del 20 % de reducir un nivel la Defensa\ndel objetivo.
27,11,711,Láser Prisma,
27,11,712,Robasombra,
27,11,713,Meteoimpacto,
27,11,714,Rayo Umbrío,
27,11,715,Ojos Llorosos,Reduce un nivel el Ataque y el Ataque Especial del objetivo.\nIgnora la Evasión del objetivo y puede golpear a objetivos\nque hayan usado movimientos como Protección.
27,11,716,Electropunzada,Tiene una probabilidad del 30 % de atemorizar al objetivo.
27,11,717,Ira Natural,
27,11,718,Multiataque,
27,11,720,Cabeza Sorpresa,
27,11,721,Puños Plasma,
27,11,722,Géiser Fotónico,
27,11,742,Ferropuño Doble,
27,11,744,Cañón Dinamax,
27,11,745,Disparo Certero,Ignora los efectos de las habilidades o los movimientos que\nle permiten a un Pokémon centrar la atención sobre sí mismo.\nAumenta un nivel la probabilidad de lanzar golpes críticos\ndel usuario durante este ataque.
27,11,746,Presa Maxilar,Provoca el estado Presa Maxilar en el usuario y el objetivo.
27,11,747,Atiborramiento,"El usuario consume la baya que lleva, lo que aumenta dos\nniveles su Defensa. Este movimiento no se puede usar si el\nusuario no lleva una baya."
27,11,748,Bastión Final,"Aumenta un nivel el Ataque, la Defensa, el Ataque Especial,\nla Defensa Especial y la Velocidad del usuario, pero le provoca\nel estado Huida imposible. Se puede usar una vez luego de\nentrar en combate y fallará si se usa una segunda vez."
27,11,749,Alquitranazo,
27,11,750,Polvo Magia,Cambia el tipo del objetivo al tipo Psíquico. No afecta a\nlos Pokémon de tipo Planta.
27,11,751,Dracoflechas,"Ataca dos veces seguidas. Si hay dos rivales, ataca una vez\na cada uno."
27,11,752,Hora del Té,Todos los Pokémon en combate consumen las bayas que llevan.
27,11,753,Octopresa,Provoca los estados Huida imposible y Octopresa\nen el objetivo.
27,11,754,Electropico,
27,11,755,Branquibocado,
27,11,756,Cambio de Cancha,Intercambia los estados del lado del usuario y el lado rival.
27,11,775,Estruendo Escama,"Sacrifica un 33.3 % de los PS máximos del usuario para\naumentar un nivel su Ataque, su Defensa, su Ataque Especial,\nsu Defensa Especial y su Velocidad. Falla si el usuario no tiene\nsuficientes PS."
27,11,776,Plancha Corporal,El daño que causa se calcula con el valor de la Defensa del\nusuario en vez del de su Ataque.
27,11,777,Decoración,Aumenta dos niveles el Ataque y el Ataque Especial \ndel objetivo.
27,11,778,Batería Asalto,Reduce un nivel la Velocidad del objetivo.
27,11,779,Trampa Presión,Provoca el estado Apresado en el objetivo.
27,11,780,Balón Ígneo,Tiene una probabilidad del 10 % de quemar al objetivo.\nElimina la congelación del usuario.
27,11,781,Corte Supremo,
27,11,782,Golpe Supremo,
27,11,783,Rueda Aural,Aumenta un nivel la Velocidad del usuario. Su tipo varía según\nla forma que adopte Morpeko.
27,11,784,Vasto Impacto,Reduce un nivel el Ataque del objetivo.
27,11,785,Ramazo Punzante,
27,11,786,Amplificador,
27,11,787,Ácido Málico,Reduce un nivel la Defensa Especial del objetivo.
27,11,788,Fuerza G,Reduce un nivel la Defensa del objetivo. Aumenta un 50 %\nsu potencia si el estado Gravedad está activo.
27,11,789,Choque Anímico,Reduce un nivel el Ataque Especial del objetivo.
27,11,790,Cautivapor,
27,11,791,Gota Vital,Restaura 25 % de los PS máximos del usuario y sus aliados.
27,11,792,Obstrucción,
27,11,793,Irreverencia,
27,11,794,Asalto Estelar,El usuario adquiere el estado Descansando en el\nsiguiente turno.
27,11,795,Rayo Infinito,
27,11,796,Metaláser,El usuario recibe daño equivalente a un 50 % de sus PS máximos\nluego de atacar.
27,11,797,Vasta Fuerza,Aumenta un 50 % su potencia y ataca a todos los rivales\nsi el usuario está en contacto con un campo psíquico.
27,11,798,Ferroaplanadora,Elimina el campo activo en el terreno de combate.\nFalla si no hay ninguno.
27,11,799,Disparo Escamas,Ataca de dos a cinco veces seguidas. Reduce un nivel\nla Defensa del usuario y aumenta un nivel su Velocidad.
27,11,800,Rayo Meteórico,"El usuario adquiere el estado Cargando, aumenta un nivel\nsu Ataque Especial en el turno en el que usa este movimiento\ny ataca en el siguiente."
27,11,801,Moluscañón,Tiene una probabilidad del 20 % de envenenar al objetivo.\nSe convierte en un ataque físico si de esa manera va a\ncausar más daño.
27,11,802,Bruma Explosiva,Aumenta un 50 % su potencia si el usuario está en contacto con\nun campo de niebla. El usuario se debilita luego de usarlo.
27,11,803,Fitoimpulso,Aumenta un nivel su prioridad si el usuario está en contacto\ncon un campo de césped.
27,11,804,Alto Voltaje,Su potencia se duplica si el objetivo está en contacto con\nun campo eléctrico.
27,11,805,Pulso de Campo,Su potencia se duplica si el usuario está en contacto con\nun campo. Su tipo varía según el campo que esté activo.
27,11,806,Golpe Rastrero,Reduce un nivel el Ataque Especial del objetivo.
27,11,807,Envidia Ardiente,Quema al objetivo si sus características aumentaron en ese\nturno.
27,11,808,Desahogo,Su potencia se duplica si las características del usuario se\nredujeron en este turno.
27,11,809,Poltergeist,Falla si el objetivo no lleva un objeto.
27,11,810,Gas Corrosivo,"Hace que todos los Pokémon en combate, menos el usuario,\npierdan el objeto que llevan."
27,11,811,Motivación,Aumenta un nivel el Ataque y la Defensa de todos los aliados.
27,11,812,Viraje,El usuario se cambia por otro Pokémon del equipo luego\nde atacar.
27,11,813,Triple Axel,"Ataca tres veces seguidas. La potencia del primer golpe\nes de 20; la del segundo, de 40; y la del tercero, de 60.\nSe detiene si falla."
27,11,814,Aletazo Doble,Ataca dos veces seguidas.
27,11,815,Arenas Ardientes,Tiene una probabilidad del 30 % de quemar al objetivo.\nElimina la congelación del usuario y el objetivo.
27,11,816,Selva Sanadora,
27,11,817,Golpe Oscuro,
27,11,818,Golpe Torrencial,
27,11,819,Electrojaula,
27,11,820,Dracoenergía,
27,11,821,Mirada Glacial,
27,11,822,Furia Candente,
27,11,823,Patada Relámpago,
27,11,824,Lanza Glacial,
27,11,825,Orbes Espectro,
27,11,826,Conjuro Funesto,Reduce 3 PP del último movimiento que usó el objetivo.
27,11,827,Garra Nociva,"Tiene una probabilidad del 30 % de envenenar, paralizar\no dormir al objetivo."
27,11,828,Asalto Barrera,Aumenta un nivel la Defensa del usuario.
27,11,829,Cambiapoder,Provoca el estado Ataque y Defensa invertidos en el usuario.
27,11,830,Hachazo Pétreo,Provoca el estado Trampa de Rocas en el lado rival.
27,11,831,Ciclón Primavera,
27,11,832,Poder Místico,
27,11,833,Erupción de Ira,Provoca el estado Enojado en el usuario.
27,11,834,Acuatacleada,El usuario recibe un 33.3 % del daño que causa.
27,11,835,Clorofiláser,
27,11,836,Viento Carámbano,Tiene una probabilidad del 30 % de atemorizar al objetivo.
27,11,837,Danza Triunfal,
27,11,838,Asalto Frontal,Reduce un nivel la Defensa y la Defensa Especial del usuario.
27,11,839,Mil Púas Tóxicas,Tiene una probabilidad del 50 % de envenenar al objetivo.\nSu potencia se duplica si el objetivo está envenenado\no gravemente envenenado.
27,11,840,Ala Aural,
27,11,841,Rencor Reprimido,Reduce un nivel el Ataque del objetivo.
27,11,842,Retracción,Aumenta dos niveles la Defensa del usuario.
27,11,843,Triple Flecha,Tiene una probabilidad del 50 % de reducir un nivel la Defensa\ndel objetivo y una probabilidad del 30 % de atemorizarlo.\nAumenta un nivel la probabilidad de lanzar golpes críticos\ndel usuario durante este ataque.
27,11,844,Marcha Espectral,Tiene una probabilidad del 30 % de quemar al objetivo.\nSu potencia se duplica si el objetivo sufre un problema\nde estado.
27,11,845,Corte Metralla,Provoca el estado Púas en el lado rival.
27,11,846,Vendaval Gélido,
27,11,847,Electormenta,
27,11,848,Tifón de Arena,
27,11,849,Plegaria Lunar,
27,11,850,Bálsamo Osado,
27,11,851,Teraexplosión,
27,11,852,Telatrampa,
27,11,853,Patada Hacha,Tiene una probabilidad del 30 % de confundir al objetivo.\nEl usuario recibe daño equivalente al 50 % de sus PS máximos\nsi falla.
27,11,854,Homenaje Póstumo,Aumenta en 50 su potencia cada vez que se debilita\nun Pokémon del equipo del usuario.
27,11,855,Fotocolisión,Reduce dos niveles la Defensa Especial del objetivo.
27,11,856,Emplatar,
27,11,857,Puño Jet,
27,11,858,Extracto Picante,Reduce dos niveles la Defensa y aumenta dos niveles el Ataque\ndel objetivo.
27,11,859,Quemarrueda,
27,11,860,Proliferación,Ataca de una a diez veces seguidas. Se detiene si falla.
27,11,861,Pirueta Helada,Elimina el campo activo en el terreno de combate.
27,11,862,Asalto Espadón,El usuario adquiere el estado Vulnerable hasta que vuelve a\nactuar.
27,11,863,Plegaria Vital,Revive a un Pokémon del equipo del usuario que se haya\ndebilitado y le restaura el 50 % de sus PS máximos.
27,11,864,Salación,Provoca el estado Salación en el objetivo.
27,11,865,Triple Inmersión,
27,11,866,Giro Mortífero,"Elimina los estados Apresado y Drenadoras del usuario, así\ncomo los estados Púas, Púas tóxicas, Red Pegajosa y Trampa\nde Rocas en el lado del usuario. Envenena al objetivo."
27,11,867,Plagio,
27,11,868,Fileteo,
27,11,869,Genufendiente,Nunca falla.
27,11,870,Truco Floral,Nunca falla y siempre lanza un golpe crítico.
27,11,871,Canto Ígneo,Aumenta un nivel el Ataque Especial del usuario.
27,11,872,Danza Acuática,Aumenta un nivel la Velocidad del usuario.
27,11,873,Furia Taurina,"Su tipo varía según la forma del usuario. Elimina los estados\nPantalla de Luz, Reflejo y Velo Aurora en el lado del objetivo."
27,11,874,Fiebre Dorada,Reduce dos niveles el Ataque Especial del usuario.
27,11,875,Psicohojas,
27,11,876,Hidrovapor,
27,11,877,Calamidad,
27,11,878,Nitrochoque,
27,11,879,Electroderrape,
27,11,880,Autotomía,El usuario sacrifica un 50 % de sus PS máximos para crear un\nsustituto y se cambia por otro Pokémon del equipo. El sustituto\nrecibirá los movimientos dirigidos al Pokémon en su lugar y\ndesaparecerá cuando haya recibido una cantidad de daño\nequivalente al 25 % de los PS máximos del usuario.
27,11,881,Respuesta Fría,Hace que nieve durante cinco turnos. El usuario se cambia por\notro Pokémon del equipo luego de atacar.
27,11,882,Limpieza General,"Elimina los estados Red Pegajosa, Trampa de Rocas,\nPúas tóxicas y Púas, así como los sustitutos, en ambos lados.\nAdemás, aumenta un nivel el Ataque y la Velocidad del usuario."
27,11,883,Paisaje Nevado,Hace que nieve durante cinco turnos.
27,11,884,Brinco,Reduce un nivel la Velocidad del objetivo.
27,11,885,Abrecaminos,Aumenta un nivel la Velocidad del usuario.
27,11,886,Agua Fría,Reduce un nivel el Ataque del objetivo.
27,11,887,Hipertaladro,
27,11,888,Láser Doble,Ataca dos veces seguidas.
27,11,889,Puño Furia,"Aumenta en 50 su potencia cada vez que el usuario recibe\ndaño de un movimiento, hasta un máximo de 350.\nLa potencia vuelve a su valor original cuando el usuario se\nretira del combate."
27,11,890,Cañón Armadura,Reduce un nivel la Defensa y la Defensa Especial del usuario.
27,11,891,Espada Lamento,El usuario recupera una cantidad de PS equivalente al 50 %\ndel daño que causa.
27,11,892,Electropalmas,El usuario deja de ser de tipo Eléctrico. Este movimiento\nfalla si el usuario no es de tipo Eléctrico.
27,11,893,Martillo Colosal,No se puede usar dos veces seguidas.
27,11,894,Resarcimiento,"Si el usuario recibió daño de un ataque en ese turno,\nle devuelve al rival el 150 % del daño causado."
27,11,895,Corte Acuático,Aumenta un nivel la probabilidad de lanzar golpes críticos\ndel usuario durante este ataque.
27,11,896,Pirochoque,
27,11,897,Ominochoque,
27,11,898,Ponzochoque,
27,11,899,Pugnachoque,
27,11,900,Feerichoque,
27,11,901,Luna Roja,
27,11,902,Cañón Batidor,El usuario recupera una cantidad de PS equivalente al 50 %\ndel daño que causa. Este movimiento tiene una probabilidad\ndel 20 % de quemar al objetivo.
27,11,903,Bomba Caramelo,Provoca el estado Caramelizado en el objetivo durante\ntres turnos.
27,11,904,Garrote Liana,
27,11,905,Electrorrayo,"El usuario adquiere el estado Cargando en el turno en el que\nusa este movimiento y ataca en el siguiente. Si llueve, no\nadquiere este estado y ataca inmediatamente.\nSu Ataque Especial aumenta un nivel al usar el movimiento."
27,11,906,Teraclúster,
27,11,907,Láser Caprichoso,Tiene una probabilidad del 30 % de que su potencia\nse duplique.
27,11,908,Llama Protectora,
27,11,909,Relámpago Súbito,
27,11,910,Corte Potente,
27,11,911,Corte Taquión,
27,11,912,Prensa Metálica,"Tiene mayor potencia entre más PS tenga el objetivo,\ncon un rango entre 1 y 100."
27,11,913,Bramido Dragón,"Provoca el estado Más Críticos +1 en los aliados. Si son\nde tipo Dragón, les provoca el estado Más Críticos +2."
27,11,914,Canto Encantador,Confunde al objetivo si sus características aumentaron en\nese turno.
27,11,915,Furia Ardiente,Su potencia se duplica si el usuario no pudo actuar o falló\nsu movimiento en el turno anterior.
27,11,916,Golpe Voltaico,El usuario recibe daño equivalente al 50 % de sus PS máximos\nsi falla. Su potencia se duplica y nunca falla contra objetivos con\nel estado Reducido.
27,11,917,Psicorruido,Provoca el estado Curación anulada en el objetivo durante\ndos turnos.
27,11,918,Palma Rauda,Atemoriza al objetivo. Falla si el objetivo no va a usar\nun ataque de prioridad alta.
27,11,919,Cadena Virulenta,
27,11,920,Luz Devastadora,
