version_group_id,pokemon_id,move_id,move_method_id,level,mastery_level,sort
1,1000,14,2,0,0,0
1,1000,15,2,0,0,0
1,1000,22,1,13,0,0
1,1000,33,1,1,0,1
1,1000,34,2,0,0,0
1,1000,36,2,0,0,0
1,1000,38,2,0,0,0
1,1000,45,1,1,0,2
1,1000,72,2,0,0,0
1,1000,73,1,7,0,0
1,1000,74,1,34,0,0
1,1000,75,1,27,0,0
1,1000,76,1,48,0,0
1,1000,76,2,0,0,0
1,1000,77,1,20,0,0
1,1000,79,1,41,0,0
1,1000,92,2,0,0,0
1,1000,99,2,0,0,0
1,1000,102,2,0,0,0
1,1000,104,2,0,0,0
1,1000,115,2,0,0,0
1,1000,117,2,0,0,0
1,1000,156,2,0,0,0
1,1000,164,2,0,0,0
1,2000,14,2,0,0,0
1,2000,15,2,0,0,0
1,2000,22,1,13,0,0
1,2000,33,1,1,0,1
1,2000,34,2,0,0,0
1,2000,36,2,0,0,0
1,2000,38,2,0,0,0
1,2000,45,1,1,0,2
1,2000,72,2,0,0,0
1,2000,73,1,1,0,3
1,2000,73,1,7,0,0
1,2000,74,1,38,0,0
1,2000,75,1,30,0,0
1,2000,76,1,54,0,0
1,2000,76,2,0,0,0
1,2000,77,1,22,0,0
1,2000,79,1,46,0,0
1,2000,92,2,0,0,0
1,2000,99,2,0,0,0
1,2000,102,2,0,0,0
1,2000,104,2,0,0,0
1,2000,115,2,0,0,0
1,2000,117,2,0,0,0
1,2000,156,2,0,0,0
1,2000,164,2,0,0,0
1,3000,14,2,0,0,0
1,3000,15,2,0,0,0
1,3000,22,1,1,0,4
1,3000,22,1,13,0,0
1,3000,33,1,1,0,1
1,3000,34,2,0,0,0
1,3000,36,2,0,0,0
1,3000,38,2,0,0,0
1,3000,45,1,1,0,2
1,3000,63,2,0,0,0
1,3000,72,2,0,0,0
1,3000,73,1,1,0,3
1,3000,73,1,7,0,0
1,3000,74,1,43,0,0
1,3000,75,1,30,0,0
1,3000,76,1,65,0,0
1,3000,76,2,0,0,0
1,3000,77,1,22,0,0
1,3000,79,1,55,0,0
1,3000,92,2,0,0,0
1,3000,99,2,0,0,0
1,3000,102,2,0,0,0
1,3000,104,2,0,0,0
1,3000,115,2,0,0,0
1,3000,117,2,0,0,0
1,3000,156,2,0,0,0
1,3000,164,2,0,0,0
1,4000,5,2,0,0,0
1,4000,10,1,1,0,1
1,4000,14,2,0,0,0
1,4000,15,2,0,0,0
1,4000,25,2,0,0,0
1,4000,34,2,0,0,0
1,4000,36,2,0,0,0
1,4000,38,2,0,0,0
1,4000,43,1,15,0,0
1,4000,45,1,1,0,2
1,4000,52,1,9,0,0
1,4000,53,1,38,0,0
1,4000,66,2,0,0,0
1,4000,68,2,0,0,0
1,4000,69,2,0,0,0
1,4000,70,2,0,0,0
1,4000,82,2,0,0,0
1,4000,83,1,46,0,0
1,4000,91,2,0,0,0
1,4000,92,2,0,0,0
1,4000,99,1,22,0,0
1,4000,99,2,0,0,0
1,4000,102,2,0,0,0
1,4000,104,2,0,0,0
1,4000,115,2,0,0,0
1,4000,117,2,0,0,0
1,4000,126,2,0,0,0
1,4000,129,2,0,0,0
1,4000,130,2,0,0,0
1,4000,156,2,0,0,0
1,4000,163,1,30,0,0
1,4000,164,2,0,0,0
1,5000,5,2,0,0,0
1,5000,10,1,1,0,1
1,5000,14,2,0,0,0
1,5000,15,2,0,0,0
1,5000,25,2,0,0,0
1,5000,34,2,0,0,0
1,5000,36,2,0,0,0
1,5000,38,2,0,0,0
1,5000,43,1,15,0,0
1,5000,45,1,1,0,2
1,5000,52,1,1,0,3
1,5000,52,1,9,0,0
1,5000,53,1,42,0,0
1,5000,66,2,0,0,0
1,5000,68,2,0,0,0
1,5000,69,2,0,0,0
1,5000,70,2,0,0,0
1,5000,82,2,0,0,0
1,5000,83,1,56,0,0
1,5000,91,2,0,0,0
1,5000,92,2,0,0,0
1,5000,99,1,24,0,0
1,5000,99,2,0,0,0
1,5000,102,2,0,0,0
1,5000,104,2,0,0,0
1,5000,115,2,0,0,0
1,5000,117,2,0,0,0
1,5000,126,2,0,0,0
1,5000,129,2,0,0,0
1,5000,130,2,0,0,0
1,5000,156,2,0,0,0
1,5000,163,1,33,0,0
1,5000,164,2,0,0,0
1,6000,5,2,0,0,0
1,6000,10,1,1,0,1
1,6000,14,2,0,0,0
1,6000,15,2,0,0,0
1,6000,25,2,0,0,0
1,6000,34,2,0,0,0
1,6000,36,2,0,0,0
1,6000,38,2,0,0,0
1,6000,43,1,1,0,4
1,6000,43,1,15,0,0
1,6000,45,1,1,0,2
1,6000,52,1,1,0,3
1,6000,52,1,9,0,0
1,6000,53,1,46,0,0
1,6000,63,2,0,0,0
1,6000,66,2,0,0,0
1,6000,68,2,0,0,0
1,6000,69,2,0,0,0
1,6000,70,2,0,0,0
1,6000,82,2,0,0,0
1,6000,83,1,55,0,0
1,6000,89,2,0,0,0
1,6000,90,2,0,0,0
1,6000,91,2,0,0,0
1,6000,92,2,0,0,0
1,6000,99,1,24,0,0
1,6000,99,2,0,0,0
1,6000,102,2,0,0,0
1,6000,104,2,0,0,0
1,6000,115,2,0,0,0
1,6000,117,2,0,0,0
1,6000,126,2,0,0,0
1,6000,129,2,0,0,0
1,6000,130,2,0,0,0
1,6000,156,2,0,0,0
1,6000,163,1,36,0,0
1,6000,164,2,0,0,0
1,7000,5,2,0,0,0
1,7000,25,2,0,0,0
1,7000,33,1,1,0,1
1,7000,34,2,0,0,0
1,7000,36,2,0,0,0
1,7000,38,2,0,0,0
1,7000,39,1,1,0,2
1,7000,44,1,22,0,0
1,7000,55,1,15,0,0
1,7000,55,2,0,0,0
1,7000,56,1,42,0,0
1,7000,57,2,0,0,0
1,7000,58,2,0,0,0
1,7000,59,2,0,0,0
1,7000,61,2,0,0,0
1,7000,66,2,0,0,0
1,7000,68,2,0,0,0
1,7000,69,2,0,0,0
1,7000,70,2,0,0,0
1,7000,91,2,0,0,0
1,7000,92,2,0,0,0
1,7000,99,2,0,0,0
1,7000,102,2,0,0,0
1,7000,104,2,0,0,0
1,7000,110,1,28,0,0
1,7000,115,2,0,0,0
1,7000,117,2,0,0,0
1,7000,130,1,35,0,0
1,7000,130,2,0,0,0
1,7000,145,1,8,0,0
1,7000,156,2,0,0,0
1,7000,164,2,0,0,0
1,8000,5,2,0,0,0
1,8000,25,2,0,0,0
1,8000,33,1,1,0,1
1,8000,34,2,0,0,0
1,8000,36,2,0,0,0
1,8000,38,2,0,0,0
1,8000,39,1,1,0,2
1,8000,44,1,24,0,0
1,8000,55,1,15,0,0
1,8000,55,2,0,0,0
1,8000,56,1,47,0,0
1,8000,57,2,0,0,0
1,8000,58,2,0,0,0
1,8000,59,2,0,0,0
1,8000,61,2,0,0,0
1,8000,66,2,0,0,0
1,8000,68,2,0,0,0
1,8000,69,2,0,0,0
1,8000,70,2,0,0,0
1,8000,91,2,0,0,0
1,8000,92,2,0,0,0
1,8000,99,2,0,0,0
1,8000,102,2,0,0,0
1,8000,104,2,0,0,0
1,8000,110,1,31,0,0
1,8000,115,2,0,0,0
1,8000,117,2,0,0,0
1,8000,130,1,39,0,0
1,8000,130,2,0,0,0
1,8000,145,1,1,0,3
1,8000,145,1,8,0,0
1,8000,156,2,0,0,0
1,8000,164,2,0,0,0
1,9000,5,2,0,0,0
1,9000,25,2,0,0,0
1,9000,33,1,1,0,1
1,9000,34,2,0,0,0
1,9000,36,2,0,0,0
1,9000,38,2,0,0,0
1,9000,39,1,1,0,2
1,9000,44,1,24,0,0
1,9000,55,1,1,0,4
1,9000,55,1,15,0,0
1,9000,55,2,0,0,0
1,9000,56,1,52,0,0
1,9000,57,2,0,0,0
1,9000,58,2,0,0,0
1,9000,59,2,0,0,0
1,9000,61,2,0,0,0
1,9000,63,2,0,0,0
1,9000,66,2,0,0,0
1,9000,68,2,0,0,0
1,9000,69,2,0,0,0
1,9000,70,2,0,0,0
1,9000,89,2,0,0,0
1,9000,90,2,0,0,0
1,9000,91,2,0,0,0
1,9000,92,2,0,0,0
1,9000,99,2,0,0,0
1,9000,102,2,0,0,0
1,9000,104,2,0,0,0
1,9000,110,1,31,0,0
1,9000,115,2,0,0,0
1,9000,117,2,0,0,0
1,9000,130,1,42,0,0
1,9000,130,2,0,0,0
1,9000,145,1,1,0,3
1,9000,145,1,8,0,0
1,9000,156,2,0,0,0
1,9000,164,2,0,0,0
1,10000,33,1,1,0,1
1,10000,81,1,1,0,2
1,11000,106,1,1,0,0
1,12000,13,2,0,0,0
1,12000,18,1,26,0,0
1,12000,18,2,0,0,0
1,12000,36,2,0,0,0
1,12000,38,2,0,0,0
1,12000,48,1,21,0,0
1,12000,60,1,32,0,0
1,12000,63,2,0,0,0
1,12000,72,2,0,0,0
1,12000,76,2,0,0,0
1,12000,77,1,15,0,0
1,12000,78,1,16,0,0
1,12000,79,1,17,0,0
1,12000,92,2,0,0,0
1,12000,93,1,1,0,0
1,12000,93,1,12,0,0
1,12000,94,2,0,0,0
1,12000,99,2,0,0,0
1,12000,100,2,0,0,0
1,12000,102,2,0,0,0
1,12000,104,2,0,0,0
1,12000,115,2,0,0,0
1,12000,117,2,0,0,0
1,12000,129,2,0,0,0
1,12000,149,2,0,0,0
1,12000,156,2,0,0,0
1,12000,164,2,0,0,0
1,13000,40,1,1,0,1
1,13000,81,1,1,0,2
1,14000,106,1,1,0,0
1,15000,14,2,0,0,0
1,15000,15,2,0,0,0
1,15000,31,1,1,0,0
1,15000,31,1,12,0,0
1,15000,36,2,0,0,0
1,15000,38,2,0,0,0
1,15000,41,1,20,0,0
1,15000,42,1,30,0,0
1,15000,63,2,0,0,0
1,15000,72,2,0,0,0
1,15000,92,2,0,0,0
1,15000,97,1,35,0,0
1,15000,99,1,25,0,0
1,15000,99,2,0,0,0
1,15000,102,2,0,0,0
1,15000,104,2,0,0,0
1,15000,115,2,0,0,0
1,15000,116,1,16,0,0
1,15000,117,2,0,0,0
1,15000,129,2,0,0,0
1,15000,130,2,0,0,0
1,15000,156,2,0,0,0
1,15000,164,2,0,0,0
1,16000,13,2,0,0,0
1,16000,16,1,1,0,0
1,16000,17,1,28,0,0
1,16000,18,1,19,0,0
1,16000,18,2,0,0,0
1,16000,19,2,0,0,0
1,16000,28,1,5,0,0
1,16000,36,2,0,0,0
1,16000,38,2,0,0,0
1,16000,92,2,0,0,0
1,16000,97,1,36,0,0
1,16000,98,1,12,0,0
1,16000,99,2,0,0,0
1,16000,102,2,0,0,0
1,16000,104,2,0,0,0
1,16000,115,2,0,0,0
1,16000,117,2,0,0,0
1,16000,119,1,44,0,0
1,16000,129,2,0,0,0
1,16000,143,2,0,0,0
1,16000,156,2,0,0,0
1,16000,164,2,0,0,0
1,17000,13,2,0,0,0
1,17000,16,1,1,0,1
1,17000,17,1,31,0,0
1,17000,18,1,21,0,0
1,17000,18,2,0,0,0
1,17000,19,2,0,0,0
1,17000,28,1,1,0,2
1,17000,28,1,5,0,0
1,17000,36,2,0,0,0
1,17000,38,2,0,0,0
1,17000,92,2,0,0,0
1,17000,97,1,40,0,0
1,17000,98,1,12,0,0
1,17000,99,2,0,0,0
1,17000,102,2,0,0,0
1,17000,104,2,0,0,0
1,17000,115,2,0,0,0
1,17000,117,2,0,0,0
1,17000,119,1,49,0,0
1,17000,129,2,0,0,0
1,17000,143,2,0,0,0
1,17000,156,2,0,0,0
1,17000,164,2,0,0,0
1,18000,13,2,0,0,0
1,18000,16,1,1,0,1
1,18000,17,1,31,0,0
1,18000,18,1,21,0,0
1,18000,18,2,0,0,0
1,18000,19,2,0,0,0
1,18000,28,1,1,0,2
1,18000,28,1,5,0,0
1,18000,36,2,0,0,0
1,18000,38,2,0,0,0
1,18000,63,2,0,0,0
1,18000,92,2,0,0,0
1,18000,97,1,44,0,0
1,18000,98,1,1,0,3
1,18000,98,1,12,0,0
1,18000,99,2,0,0,0
1,18000,102,2,0,0,0
1,18000,104,2,0,0,0
1,18000,115,2,0,0,0
1,18000,117,2,0,0,0
1,18000,119,1,54,0,0
1,18000,129,2,0,0,0
1,18000,143,2,0,0,0
1,18000,156,2,0,0,0
1,18000,164,2,0,0,0
1,19000,33,1,1,0,1
1,19000,34,2,0,0,0
1,19000,36,2,0,0,0
1,19000,38,2,0,0,0
1,19000,39,1,1,0,2
1,19000,55,2,0,0,0
1,19000,59,2,0,0,0
1,19000,61,2,0,0,0
1,19000,85,2,0,0,0
1,19000,87,2,0,0,0
1,19000,91,2,0,0,0
1,19000,92,2,0,0,0
1,19000,98,1,7,0,0
1,19000,99,2,0,0,0
1,19000,102,2,0,0,0
1,19000,104,2,0,0,0
1,19000,116,1,23,0,0
1,19000,117,2,0,0,0
1,19000,129,2,0,0,0
1,19000,130,2,0,0,0
1,19000,156,2,0,0,0
1,19000,158,1,14,0,0
1,19000,162,1,34,0,0
1,19000,164,2,0,0,0
1,20000,33,1,1,0,1
1,20000,34,2,0,0,0
1,20000,36,2,0,0,0
1,20000,38,2,0,0,0
1,20000,39,1,1,0,2
1,20000,55,2,0,0,0
1,20000,58,2,0,0,0
1,20000,59,2,0,0,0
1,20000,61,2,0,0,0
1,20000,63,2,0,0,0
1,20000,85,2,0,0,0
1,20000,87,2,0,0,0
1,20000,91,2,0,0,0
1,20000,92,2,0,0,0
1,20000,98,1,1,0,3
1,20000,98,1,7,0,0
1,20000,99,2,0,0,0
1,20000,102,2,0,0,0
1,20000,104,2,0,0,0
1,20000,116,1,27,0,0
1,20000,117,2,0,0,0
1,20000,129,2,0,0,0
1,20000,130,2,0,0,0
1,20000,156,2,0,0,0
1,20000,158,1,14,0,0
1,20000,162,1,41,0,0
1,20000,164,2,0,0,0
1,21000,13,2,0,0,0
1,21000,18,2,0,0,0
1,21000,19,2,0,0,0
1,21000,31,1,15,0,0
1,21000,36,2,0,0,0
1,21000,38,2,0,0,0
1,21000,43,1,9,0,0
1,21000,45,1,1,0,2
1,21000,64,1,1,0,1
1,21000,65,1,29,0,0
1,21000,92,2,0,0,0
1,21000,97,1,36,0,0
1,21000,99,2,0,0,0
1,21000,102,2,0,0,0
1,21000,104,2,0,0,0
1,21000,117,2,0,0,0
1,21000,119,1,22,0,0
1,21000,129,2,0,0,0
1,21000,143,2,0,0,0
1,21000,156,2,0,0,0
1,21000,164,2,0,0,0
1,22000,13,2,0,0,0
1,22000,18,2,0,0,0
1,22000,19,2,0,0,0
1,22000,31,1,15,0,0
1,22000,36,2,0,0,0
1,22000,38,2,0,0,0
1,22000,43,1,1,0,3
1,22000,43,1,9,0,0
1,22000,45,1,1,0,2
1,22000,63,2,0,0,0
1,22000,64,1,1,0,1
1,22000,65,1,34,0,0
1,22000,92,2,0,0,0
1,22000,97,1,43,0,0
1,22000,99,2,0,0,0
1,22000,102,2,0,0,0
1,22000,104,2,0,0,0
1,22000,117,2,0,0,0
1,22000,119,1,25,0,0
1,22000,129,2,0,0,0
1,22000,143,2,0,0,0
1,22000,156,2,0,0,0
1,22000,164,2,0,0,0
1,23000,34,2,0,0,0
1,23000,35,1,1,0,1
1,23000,36,2,0,0,0
1,23000,38,2,0,0,0
1,23000,40,1,10,0,0
1,23000,43,1,1,0,2
1,23000,44,1,17,0,0
1,23000,51,1,38,0,0
1,23000,70,2,0,0,0
1,23000,72,2,0,0,0
1,23000,89,2,0,0,0
1,23000,90,2,0,0,0
1,23000,91,2,0,0,0
1,23000,92,2,0,0,0
1,23000,99,2,0,0,0
1,23000,102,2,0,0,0
1,23000,103,1,31,0,0
1,23000,104,2,0,0,0
1,23000,117,2,0,0,0
1,23000,130,2,0,0,0
1,23000,137,1,24,0,0
1,23000,156,2,0,0,0
1,23000,157,2,0,0,0
1,23000,164,2,0,0,0
1,24000,34,2,0,0,0
1,24000,35,1,1,0,1
1,24000,36,2,0,0,0
1,24000,38,2,0,0,0
1,24000,40,1,1,0,3
1,24000,40,1,10,0,0
1,24000,43,1,1,0,2
1,24000,44,1,17,0,0
1,24000,51,1,47,0,0
1,24000,63,2,0,0,0
1,24000,70,2,0,0,0
1,24000,72,2,0,0,0
1,24000,89,2,0,0,0
1,24000,90,2,0,0,0
1,24000,91,2,0,0,0
1,24000,92,2,0,0,0
1,24000,99,2,0,0,0
1,24000,102,2,0,0,0
1,24000,103,1,36,0,0
1,24000,104,2,0,0,0
1,24000,117,2,0,0,0
1,24000,130,2,0,0,0
1,24000,137,1,27,0,0
1,24000,156,2,0,0,0
1,24000,157,2,0,0,0
1,24000,164,2,0,0,0
1,25000,5,2,0,0,0
1,25000,6,2,0,0,0
1,25000,25,2,0,0,0
1,25000,34,2,0,0,0
1,25000,36,2,0,0,0
1,25000,38,2,0,0,0
1,25000,45,1,1,0,2
1,25000,66,2,0,0,0
1,25000,69,2,0,0,0
1,25000,84,1,1,0,1
1,25000,85,2,0,0,0
1,25000,86,1,9,0,0
1,25000,86,2,0,0,0
1,25000,87,1,43,0,0
1,25000,87,2,0,0,0
1,25000,92,2,0,0,0
1,25000,97,1,33,0,0
1,25000,98,1,16,0,0
1,25000,99,2,0,0,0
1,25000,102,2,0,0,0
1,25000,104,2,0,0,0
1,25000,115,2,0,0,0
1,25000,117,2,0,0,0
1,25000,129,1,26,0,0
1,25000,129,2,0,0,0
1,25000,130,2,0,0,0
1,25000,148,2,0,0,0
1,25000,156,2,0,0,0
1,25000,164,2,0,0,0
1,26000,5,2,0,0,0
1,26000,6,2,0,0,0
1,26000,25,2,0,0,0
1,26000,34,2,0,0,0
1,26000,36,2,0,0,0
1,26000,38,2,0,0,0
1,26000,45,1,1,0,2
1,26000,63,2,0,0,0
1,26000,66,2,0,0,0
1,26000,69,2,0,0,0
1,26000,84,1,1,0,1
1,26000,85,2,0,0,0
1,26000,86,1,1,0,3
1,26000,86,2,0,0,0
1,26000,87,2,0,0,0
1,26000,92,2,0,0,0
1,26000,99,2,0,0,0
1,26000,102,2,0,0,0
1,26000,104,2,0,0,0
1,26000,115,2,0,0,0
1,26000,117,2,0,0,0
1,26000,129,2,0,0,0
1,26000,130,2,0,0,0
1,26000,148,2,0,0,0
1,26000,156,2,0,0,0
1,26000,164,2,0,0,0
1,27000,10,1,1,0,0
1,27000,14,2,0,0,0
1,27000,15,2,0,0,0
1,27000,28,1,10,0,0
1,27000,34,2,0,0,0
1,27000,36,2,0,0,0
1,27000,38,2,0,0,0
1,27000,40,1,24,0,0
1,27000,66,2,0,0,0
1,27000,69,2,0,0,0
1,27000,70,2,0,0,0
1,27000,89,2,0,0,0
1,27000,90,2,0,0,0
1,27000,91,2,0,0,0
1,27000,92,2,0,0,0
1,27000,99,2,0,0,0
1,27000,102,2,0,0,0
1,27000,104,2,0,0,0
1,27000,117,2,0,0,0
1,27000,129,1,31,0,0
1,27000,129,2,0,0,0
1,27000,130,2,0,0,0
1,27000,154,1,38,0,0
1,27000,156,2,0,0,0
1,27000,157,2,0,0,0
1,27000,163,1,17,0,0
1,27000,164,2,0,0,0
1,28000,10,1,1,0,1
1,28000,14,2,0,0,0
1,28000,15,2,0,0,0
1,28000,28,1,1,0,2
1,28000,28,1,10,0,0
1,28000,34,2,0,0,0
1,28000,36,2,0,0,0
1,28000,38,2,0,0,0
1,28000,40,1,27,0,0
1,28000,63,2,0,0,0
1,28000,66,2,0,0,0
1,28000,69,2,0,0,0
1,28000,70,2,0,0,0
1,28000,89,2,0,0,0
1,28000,90,2,0,0,0
1,28000,91,2,0,0,0
1,28000,92,2,0,0,0
1,28000,99,2,0,0,0
1,28000,102,2,0,0,0
1,28000,104,2,0,0,0
1,28000,117,2,0,0,0
1,28000,129,1,36,0,0
1,28000,129,2,0,0,0
1,28000,130,2,0,0,0
1,28000,154,1,47,0,0
1,28000,156,2,0,0,0
1,28000,157,2,0,0,0
1,28000,163,1,17,0,0
1,28000,164,2,0,0,0
1,29000,10,1,8,0,0
1,29000,24,1,43,0,0
1,29000,33,1,1,0,2
1,29000,34,2,0,0,0
1,29000,36,2,0,0,0
1,29000,38,2,0,0,0
1,29000,39,1,21,0,0
1,29000,40,1,14,0,0
1,29000,44,1,29,0,0
1,29000,45,1,1,0,1
1,29000,59,2,0,0,0
1,29000,85,2,0,0,0
1,29000,87,2,0,0,0
1,29000,92,2,0,0,0
1,29000,99,2,0,0,0
1,29000,102,2,0,0,0
1,29000,104,2,0,0,0
1,29000,115,2,0,0,0
1,29000,117,2,0,0,0
1,29000,130,2,0,0,0
1,29000,154,1,36,0,0
1,29000,156,2,0,0,0
1,29000,164,2,0,0,0
1,30000,10,1,1,0,3
1,30000,10,1,8,0,0
1,30000,24,1,50,0,0
1,30000,32,2,0,0,0
1,30000,33,1,1,0,2
1,30000,34,2,0,0,0
1,30000,36,2,0,0,0
1,30000,38,2,0,0,0
1,30000,39,1,23,0,0
1,30000,40,1,14,0,0
1,30000,44,1,32,0,0
1,30000,45,1,1,0,1
1,30000,55,2,0,0,0
1,30000,58,2,0,0,0
1,30000,59,2,0,0,0
1,30000,61,2,0,0,0
1,30000,85,2,0,0,0
1,30000,87,2,0,0,0
1,30000,92,2,0,0,0
1,30000,99,2,0,0,0
1,30000,102,2,0,0,0
1,30000,104,2,0,0,0
1,30000,115,2,0,0,0
1,30000,117,2,0,0,0
1,30000,130,2,0,0,0
1,30000,154,1,41,0,0
1,30000,156,2,0,0,0
1,30000,164,2,0,0,0
1,31000,5,2,0,0,0
1,31000,6,2,0,0,0
1,31000,10,1,1,0,2
1,31000,10,1,8,0,0
1,31000,25,2,0,0,0
1,31000,32,2,0,0,0
1,31000,33,1,1,0,1
1,31000,34,1,1,0,4
1,31000,34,1,23,0,0
1,31000,34,2,0,0,0
1,31000,36,2,0,0,0
1,31000,38,2,0,0,0
1,31000,39,1,1,0,3
1,31000,40,1,14,0,0
1,31000,55,2,0,0,0
1,31000,57,2,0,0,0
1,31000,58,2,0,0,0
1,31000,59,2,0,0,0
1,31000,61,2,0,0,0
1,31000,63,2,0,0,0
1,31000,66,2,0,0,0
1,31000,68,2,0,0,0
1,31000,69,2,0,0,0
1,31000,70,2,0,0,0
1,31000,85,2,0,0,0
1,31000,87,2,0,0,0
1,31000,89,2,0,0,0
1,31000,90,2,0,0,0
1,31000,92,2,0,0,0
1,31000,99,2,0,0,0
1,31000,102,2,0,0,0
1,31000,104,2,0,0,0
1,31000,115,2,0,0,0
1,31000,117,2,0,0,0
1,31000,126,2,0,0,0
1,31000,130,2,0,0,0
1,31000,156,2,0,0,0
1,31000,157,2,0,0,0
1,31000,164,2,0,0,0
1,32000,24,1,43,0,0
1,32000,30,1,8,0,0
1,32000,31,1,29,0,0
1,32000,32,1,36,0,0
1,32000,32,2,0,0,0
1,32000,33,1,1,0,2
1,32000,34,2,0,0,0
1,32000,36,2,0,0,0
1,32000,38,2,0,0,0
1,32000,40,1,14,0,0
1,32000,43,1,1,0,1
1,32000,59,2,0,0,0
1,32000,85,2,0,0,0
1,32000,87,2,0,0,0
1,32000,92,2,0,0,0
1,32000,99,2,0,0,0
1,32000,102,2,0,0,0
1,32000,104,2,0,0,0
1,32000,115,2,0,0,0
1,32000,116,1,21,0,0
1,32000,117,2,0,0,0
1,32000,130,2,0,0,0
1,32000,156,2,0,0,0
1,32000,164,2,0,0,0
1,33000,24,1,50,0,0
1,33000,30,1,1,0,3
1,33000,30,1,8,0,0
1,33000,31,1,32,0,0
1,33000,32,1,41,0,0
1,33000,32,2,0,0,0
1,33000,33,1,1,0,2
1,33000,34,2,0,0,0
1,33000,36,2,0,0,0
1,33000,38,2,0,0,0
1,33000,40,1,14,0,0
1,33000,43,1,1,0,1
1,33000,55,2,0,0,0
1,33000,58,2,0,0,0
1,33000,59,2,0,0,0
1,33000,61,2,0,0,0
1,33000,85,2,0,0,0
1,33000,87,2,0,0,0
1,33000,92,2,0,0,0
1,33000,99,2,0,0,0
1,33000,102,2,0,0,0
1,33000,104,2,0,0,0
1,33000,115,2,0,0,0
1,33000,116,1,23,0,0
1,33000,117,2,0,0,0
1,33000,130,2,0,0,0
1,33000,156,2,0,0,0
1,33000,164,2,0,0,0
1,34000,5,2,0,0,0
1,34000,6,2,0,0,0
1,34000,25,2,0,0,0
1,34000,30,1,1,0,2
1,34000,30,1,8,0,0
1,34000,32,2,0,0,0
1,34000,33,1,1,0,1
1,34000,34,2,0,0,0
1,34000,36,2,0,0,0
1,34000,37,1,1,0,4
1,34000,37,1,23,0,0
1,34000,38,2,0,0,0
1,34000,40,1,1,0,3
1,34000,40,1,14,0,0
1,34000,55,2,0,0,0
1,34000,57,2,0,0,0
1,34000,58,2,0,0,0
1,34000,59,2,0,0,0
1,34000,61,2,0,0,0
1,34000,63,2,0,0,0
1,34000,66,2,0,0,0
1,34000,68,2,0,0,0
1,34000,69,2,0,0,0
1,34000,70,2,0,0,0
1,34000,85,2,0,0,0
1,34000,87,2,0,0,0
1,34000,89,2,0,0,0
1,34000,90,2,0,0,0
1,34000,92,2,0,0,0
1,34000,99,2,0,0,0
1,34000,102,2,0,0,0
1,34000,104,2,0,0,0
1,34000,115,2,0,0,0
1,34000,117,2,0,0,0
1,34000,126,2,0,0,0
1,34000,130,2,0,0,0
1,34000,156,2,0,0,0
1,34000,157,2,0,0,0
1,34000,164,2,0,0,0
1,35000,1,1,1,0,1
1,35000,3,1,18,0,0
1,35000,5,2,0,0,0
1,35000,25,2,0,0,0
1,35000,34,2,0,0,0
1,35000,36,2,0,0,0
1,35000,38,2,0,0,0
1,35000,45,1,1,0,2
1,35000,47,1,13,0,0
1,35000,55,2,0,0,0
1,35000,58,2,0,0,0
1,35000,59,2,0,0,0
1,35000,61,2,0,0,0
1,35000,66,2,0,0,0
1,35000,68,2,0,0,0
1,35000,69,2,0,0,0
1,35000,70,2,0,0,0
1,35000,76,2,0,0,0
1,35000,85,2,0,0,0
1,35000,86,2,0,0,0
1,35000,87,2,0,0,0
1,35000,92,2,0,0,0
1,35000,94,2,0,0,0
1,35000,99,2,0,0,0
1,35000,100,2,0,0,0
1,35000,102,2,0,0,0
1,35000,104,2,0,0,0
1,35000,107,1,24,0,0
1,35000,111,1,39,0,0
1,35000,113,1,48,0,0
1,35000,115,2,0,0,0
1,35000,117,2,0,0,0
1,35000,118,1,31,0,0
1,35000,118,2,0,0,0
1,35000,126,2,0,0,0
1,35000,130,2,0,0,0
1,35000,148,2,0,0,0
1,35000,149,2,0,0,0
1,35000,156,2,0,0,0
1,35000,161,2,0,0,0
1,35000,164,2,0,0,0
1,36000,3,1,1,0,2
1,36000,5,2,0,0,0
1,36000,25,2,0,0,0
1,36000,34,2,0,0,0
1,36000,36,2,0,0,0
1,36000,38,2,0,0,0
1,36000,47,1,1,0,1
1,36000,55,2,0,0,0
1,36000,58,2,0,0,0
1,36000,59,2,0,0,0
1,36000,61,2,0,0,0
1,36000,63,2,0,0,0
1,36000,66,2,0,0,0
1,36000,68,2,0,0,0
1,36000,69,2,0,0,0
1,36000,70,2,0,0,0
1,36000,76,2,0,0,0
1,36000,85,2,0,0,0
1,36000,86,2,0,0,0
1,36000,87,2,0,0,0
1,36000,92,2,0,0,0
1,36000,94,2,0,0,0
1,36000,99,2,0,0,0
1,36000,100,2,0,0,0
1,36000,102,2,0,0,0
1,36000,104,2,0,0,0
1,36000,107,1,1,0,3
1,36000,115,2,0,0,0
1,36000,117,2,0,0,0
1,36000,118,1,1,0,4
1,36000,118,2,0,0,0
1,36000,126,2,0,0,0
1,36000,130,2,0,0,0
1,36000,148,2,0,0,0
1,36000,149,2,0,0,0
1,36000,156,2,0,0,0
1,36000,161,2,0,0,0
1,36000,164,2,0,0,0
1,37000,34,2,0,0,0
1,37000,36,2,0,0,0
1,37000,38,2,0,0,0
1,37000,39,1,1,0,2
1,37000,46,1,21,0,0
1,37000,52,1,1,0,1
1,37000,53,1,35,0,0
1,37000,83,1,42,0,0
1,37000,91,2,0,0,0
1,37000,92,2,0,0,0
1,37000,98,1,16,0,0
1,37000,99,2,0,0,0
1,37000,102,2,0,0,0
1,37000,104,2,0,0,0
1,37000,109,1,28,0,0
1,37000,115,2,0,0,0
1,37000,117,2,0,0,0
1,37000,126,2,0,0,0
1,37000,129,2,0,0,0
1,37000,130,2,0,0,0
1,37000,156,2,0,0,0
1,37000,164,2,0,0,0
1,38000,34,2,0,0,0
1,38000,36,2,0,0,0
1,38000,38,2,0,0,0
1,38000,39,1,1,0,2
1,38000,46,1,1,0,4
1,38000,52,1,1,0,1
1,38000,63,2,0,0,0
1,38000,91,2,0,0,0
1,38000,92,2,0,0,0
1,38000,98,1,1,0,3
1,38000,99,2,0,0,0
1,38000,102,2,0,0,0
1,38000,104,2,0,0,0
1,38000,115,2,0,0,0
1,38000,117,2,0,0,0
1,38000,126,2,0,0,0
1,38000,129,2,0,0,0
1,38000,130,2,0,0,0
1,38000,156,2,0,0,0
1,38000,164,2,0,0,0
1,39000,1,1,9,0,0
1,39000,3,1,24,0,0
1,39000,5,2,0,0,0
1,39000,25,2,0,0,0
1,39000,34,1,34,0,0
1,39000,34,2,0,0,0
1,39000,36,2,0,0,0
1,39000,38,1,39,0,0
1,39000,38,2,0,0,0
1,39000,47,1,1,0,0
1,39000,50,1,14,0,0
1,39000,55,2,0,0,0
1,39000,58,2,0,0,0
1,39000,59,2,0,0,0
1,39000,61,2,0,0,0
1,39000,66,2,0,0,0
1,39000,68,2,0,0,0
1,39000,69,2,0,0,0
1,39000,70,2,0,0,0
1,39000,76,2,0,0,0
1,39000,85,2,0,0,0
1,39000,86,2,0,0,0
1,39000,87,2,0,0,0
1,39000,92,2,0,0,0
1,39000,94,2,0,0,0
1,39000,99,2,0,0,0
1,39000,100,2,0,0,0
1,39000,102,2,0,0,0
1,39000,104,2,0,0,0
1,39000,111,1,19,0,0
1,39000,115,2,0,0,0
1,39000,117,2,0,0,0
1,39000,126,2,0,0,0
1,39000,130,2,0,0,0
1,39000,148,2,0,0,0
1,39000,149,2,0,0,0
1,39000,156,1,29,0,0
1,39000,156,2,0,0,0
1,39000,161,2,0,0,0
1,39000,164,2,0,0,0
1,40000,3,1,1,0,4
1,40000,5,2,0,0,0
1,40000,25,2,0,0,0
1,40000,34,2,0,0,0
1,40000,36,2,0,0,0
1,40000,38,2,0,0,0
1,40000,47,1,1,0,1
1,40000,50,1,1,0,2
1,40000,55,2,0,0,0
1,40000,58,2,0,0,0
1,40000,59,2,0,0,0
1,40000,61,2,0,0,0
1,40000,63,2,0,0,0
1,40000,66,2,0,0,0
1,40000,68,2,0,0,0
1,40000,69,2,0,0,0
1,40000,70,2,0,0,0
1,40000,76,2,0,0,0
1,40000,85,2,0,0,0
1,40000,86,2,0,0,0
1,40000,87,2,0,0,0
1,40000,92,2,0,0,0
1,40000,94,2,0,0,0
1,40000,99,2,0,0,0
1,40000,100,2,0,0,0
1,40000,102,2,0,0,0
1,40000,104,2,0,0,0
1,40000,111,1,1,0,3
1,40000,115,2,0,0,0
1,40000,117,2,0,0,0
1,40000,126,2,0,0,0
1,40000,130,2,0,0,0
1,40000,148,2,0,0,0
1,40000,149,2,0,0,0
1,40000,156,2,0,0,0
1,40000,161,2,0,0,0
1,40000,164,2,0,0,0
1,41000,13,2,0,0,0
1,41000,17,1,28,0,0
1,41000,18,2,0,0,0
1,41000,36,2,0,0,0
1,41000,38,2,0,0,0
1,41000,44,1,15,0,0
1,41000,48,1,10,0,0
1,41000,72,2,0,0,0
1,41000,92,2,0,0,0
1,41000,99,2,0,0,0
1,41000,102,2,0,0,0
1,41000,104,2,0,0,0
1,41000,109,1,21,0,0
1,41000,114,1,36,0,0
1,41000,117,2,0,0,0
1,41000,129,2,0,0,0
1,41000,141,1,1,0,0
1,41000,156,2,0,0,0
1,41000,164,2,0,0,0
1,42000,13,2,0,0,0
1,42000,17,1,32,0,0
1,42000,18,2,0,0,0
1,42000,36,2,0,0,0
1,42000,38,2,0,0,0
1,42000,44,1,1,0,3
1,42000,44,1,15,0,0
1,42000,48,1,10,0,0
1,42000,63,2,0,0,0
1,42000,72,2,0,0,0
1,42000,92,2,0,0,0
1,42000,99,2,0,0,0
1,42000,102,2,0,0,0
1,42000,103,1,1,0,2
1,42000,104,2,0,0,0
1,42000,109,1,21,0,0
1,42000,114,1,43,0,0
1,42000,117,2,0,0,0
1,42000,129,2,0,0,0
1,42000,141,1,1,0,1
1,42000,156,2,0,0,0
1,42000,164,2,0,0,0
1,43000,14,2,0,0,0
1,43000,15,2,0,0,0
1,43000,36,2,0,0,0
1,43000,38,2,0,0,0
1,43000,51,1,24,0,0
1,43000,71,1,1,0,0
1,43000,72,2,0,0,0
1,43000,76,1,46,0,0
1,43000,76,2,0,0,0
1,43000,77,1,15,0,0
1,43000,78,1,17,0,0
1,43000,79,1,19,0,0
1,43000,80,1,33,0,0
1,43000,92,2,0,0,0
1,43000,99,2,0,0,0
1,43000,102,2,0,0,0
1,43000,104,2,0,0,0
1,43000,115,2,0,0,0
1,43000,117,2,0,0,0
1,43000,156,2,0,0,0
1,43000,164,2,0,0,0
1,44000,14,2,0,0,0
1,44000,15,2,0,0,0
1,44000,36,2,0,0,0
1,44000,38,2,0,0,0
1,44000,51,1,28,0,0
1,44000,71,1,1,0,1
1,44000,72,2,0,0,0
1,44000,76,1,52,0,0
1,44000,76,2,0,0,0
1,44000,77,1,1,0,2
1,44000,77,1,15,0,0
1,44000,78,1,1,0,3
1,44000,78,1,17,0,0
1,44000,79,1,19,0,0
1,44000,80,1,38,0,0
1,44000,92,2,0,0,0
1,44000,99,2,0,0,0
1,44000,102,2,0,0,0
1,44000,104,2,0,0,0
1,44000,115,2,0,0,0
1,44000,117,2,0,0,0
1,44000,156,2,0,0,0
1,44000,164,2,0,0,0
1,45000,14,2,0,0,0
1,45000,15,2,0,0,0
1,45000,34,2,0,0,0
1,45000,36,2,0,0,0
1,45000,38,2,0,0,0
1,45000,51,1,1,0,3
1,45000,63,2,0,0,0
1,45000,72,2,0,0,0
1,45000,76,2,0,0,0
1,45000,77,1,15,0,0
1,45000,78,1,1,0,1
1,45000,78,1,17,0,0
1,45000,79,1,1,0,2
1,45000,79,1,19,0,0
1,45000,80,1,1,0,4
1,45000,92,2,0,0,0
1,45000,99,2,0,0,0
1,45000,102,2,0,0,0
1,45000,104,2,0,0,0
1,45000,115,2,0,0,0
1,45000,117,2,0,0,0
1,45000,156,2,0,0,0
1,45000,164,2,0,0,0
1,46000,10,1,1,0,0
1,46000,14,2,0,0,0
1,46000,15,2,0,0,0
1,46000,34,2,0,0,0
1,46000,36,2,0,0,0
1,46000,38,2,0,0,0
1,46000,72,2,0,0,0
1,46000,74,1,41,0,0
1,46000,76,2,0,0,0
1,46000,78,1,13,0,0
1,46000,91,2,0,0,0
1,46000,92,2,0,0,0
1,46000,99,2,0,0,0
1,46000,102,2,0,0,0
1,46000,104,2,0,0,0
1,46000,115,2,0,0,0
1,46000,117,2,0,0,0
1,46000,130,2,0,0,0
1,46000,141,1,20,0,0
1,46000,147,1,27,0,0
1,46000,156,2,0,0,0
1,46000,163,1,34,0,0
1,46000,164,2,0,0,0
1,47000,10,1,1,0,1
1,47000,14,2,0,0,0
1,47000,15,2,0,0,0
1,47000,34,2,0,0,0
1,47000,36,2,0,0,0
1,47000,38,2,0,0,0
1,47000,63,2,0,0,0
1,47000,72,2,0,0,0
1,47000,74,1,48,0,0
1,47000,76,2,0,0,0
1,47000,78,1,1,0,2
1,47000,78,1,13,0,0
1,47000,91,2,0,0,0
1,47000,92,2,0,0,0
1,47000,99,2,0,0,0
1,47000,102,2,0,0,0
1,47000,104,2,0,0,0
1,47000,115,2,0,0,0
1,47000,117,2,0,0,0
1,47000,130,2,0,0,0
1,47000,141,1,1,0,3
1,47000,141,1,20,0,0
1,47000,147,1,30,0,0
1,47000,156,2,0,0,0
1,47000,163,1,39,0,0
1,47000,164,2,0,0,0
1,48000,33,1,1,0,1
1,48000,36,2,0,0,0
1,48000,38,2,0,0,0
1,48000,50,1,1,0,2
1,48000,60,1,35,0,0
1,48000,72,2,0,0,0
1,48000,76,2,0,0,0
1,48000,77,1,24,0,0
1,48000,78,1,30,0,0
1,48000,79,1,38,0,0
1,48000,92,2,0,0,0
1,48000,94,1,43,0,0
1,48000,94,2,0,0,0
1,48000,99,2,0,0,0
1,48000,102,2,0,0,0
1,48000,104,2,0,0,0
1,48000,115,2,0,0,0
1,48000,117,2,0,0,0
1,48000,141,1,27,0,0
1,48000,149,2,0,0,0
1,48000,156,2,0,0,0
1,48000,164,2,0,0,0
1,49000,13,2,0,0,0
1,49000,18,2,0,0,0
1,49000,33,1,1,0,1
1,49000,36,2,0,0,0
1,49000,38,2,0,0,0
1,49000,50,1,1,0,2
1,49000,60,1,38,0,0
1,49000,63,2,0,0,0
1,49000,72,2,0,0,0
1,49000,76,2,0,0,0
1,49000,77,1,1,0,3
1,49000,77,1,24,0,0
1,49000,78,1,30,0,0
1,49000,79,1,43,0,0
1,49000,92,2,0,0,0
1,49000,94,1,50,0,0
1,49000,94,2,0,0,0
1,49000,99,2,0,0,0
1,49000,100,2,0,0,0
1,49000,102,2,0,0,0
1,49000,104,2,0,0,0
1,49000,115,2,0,0,0
1,49000,117,2,0,0,0
1,49000,129,2,0,0,0
1,49000,141,1,1,0,4
1,49000,141,1,27,0,0
1,49000,149,2,0,0,0
1,49000,156,2,0,0,0
1,49000,164,2,0,0,0
1,50000,10,1,1,0,0
1,50000,28,1,24,0,0
1,50000,34,2,0,0,0
1,50000,36,2,0,0,0
1,50000,38,2,0,0,0
1,50000,45,1,15,0,0
1,50000,89,1,40,0,0
1,50000,89,2,0,0,0
1,50000,90,2,0,0,0
1,50000,91,1,19,0,0
1,50000,91,2,0,0,0
1,50000,92,2,0,0,0
1,50000,99,2,0,0,0
1,50000,102,2,0,0,0
1,50000,104,2,0,0,0
1,50000,117,2,0,0,0
1,50000,156,2,0,0,0
1,50000,157,2,0,0,0
1,50000,163,1,31,0,0
1,50000,164,2,0,0,0
1,51000,10,1,1,0,1
1,51000,28,1,24,0,0
1,51000,34,2,0,0,0
1,51000,36,2,0,0,0
1,51000,38,2,0,0,0
1,51000,45,1,1,0,2
1,51000,45,1,15,0,0
1,51000,63,2,0,0,0
1,51000,89,1,47,0,0
1,51000,89,2,0,0,0
1,51000,90,2,0,0,0
1,51000,91,1,1,0,3
1,51000,91,1,19,0,0
1,51000,91,2,0,0,0
1,51000,92,2,0,0,0
1,51000,99,2,0,0,0
1,51000,102,2,0,0,0
1,51000,104,2,0,0,0
1,51000,117,2,0,0,0
1,51000,156,2,0,0,0
1,51000,157,2,0,0,0
1,51000,163,1,35,0,0
1,51000,164,2,0,0,0
1,52000,6,1,17,0,0
1,52000,6,2,0,0,0
1,52000,10,1,1,0,1
1,52000,34,2,0,0,0
1,52000,36,2,0,0,0
1,52000,38,2,0,0,0
1,52000,44,1,12,0,0
1,52000,45,1,1,0,2
1,52000,55,2,0,0,0
1,52000,61,2,0,0,0
1,52000,85,2,0,0,0
1,52000,87,2,0,0,0
1,52000,92,2,0,0,0
1,52000,99,2,0,0,0
1,52000,102,2,0,0,0
1,52000,103,1,24,0,0
1,52000,104,2,0,0,0
1,52000,117,2,0,0,0
1,52000,129,2,0,0,0
1,52000,130,2,0,0,0
1,52000,154,1,33,0,0
1,52000,156,2,0,0,0
1,52000,163,1,44,0,0
1,52000,164,2,0,0,0
1,53000,6,1,17,0,0
1,53000,6,2,0,0,0
1,53000,10,1,1,0,1
1,53000,34,2,0,0,0
1,53000,36,2,0,0,0
1,53000,38,2,0,0,0
1,53000,44,1,1,0,3
1,53000,44,1,12,0,0
1,53000,45,1,1,0,2
1,53000,55,2,0,0,0
1,53000,61,2,0,0,0
1,53000,63,2,0,0,0
1,53000,85,2,0,0,0
1,53000,87,2,0,0,0
1,53000,92,2,0,0,0
1,53000,99,2,0,0,0
1,53000,102,2,0,0,0
1,53000,103,1,1,0,4
1,53000,103,1,24,0,0
1,53000,104,2,0,0,0
1,53000,117,2,0,0,0
1,53000,129,2,0,0,0
1,53000,130,2,0,0,0
1,53000,154,1,37,0,0
1,53000,156,2,0,0,0
1,53000,163,1,51,0,0
1,53000,164,2,0,0,0
1,54000,5,2,0,0,0
1,54000,6,2,0,0,0
1,54000,10,1,1,0,0
1,54000,25,2,0,0,0
1,54000,34,2,0,0,0
1,54000,36,2,0,0,0
1,54000,38,2,0,0,0
1,54000,39,1,28,0,0
1,54000,50,1,31,0,0
1,54000,55,2,0,0,0
1,54000,56,1,52,0,0
1,54000,57,2,0,0,0
1,54000,58,2,0,0,0
1,54000,59,2,0,0,0
1,54000,61,2,0,0,0
1,54000,66,2,0,0,0
1,54000,68,2,0,0,0
1,54000,69,2,0,0,0
1,54000,70,2,0,0,0
1,54000,91,2,0,0,0
1,54000,92,2,0,0,0
1,54000,93,1,36,0,0
1,54000,99,2,0,0,0
1,54000,102,2,0,0,0
1,54000,104,2,0,0,0
1,54000,117,2,0,0,0
1,54000,129,2,0,0,0
1,54000,130,2,0,0,0
1,54000,154,1,43,0,0
1,54000,156,2,0,0,0
1,54000,164,2,0,0,0
1,55000,5,2,0,0,0
1,55000,6,2,0,0,0
1,55000,10,1,1,0,1
1,55000,25,2,0,0,0
1,55000,34,2,0,0,0
1,55000,36,2,0,0,0
1,55000,38,2,0,0,0
1,55000,39,1,1,0,2
1,55000,39,1,28,0,0
1,55000,50,1,1,0,3
1,55000,50,1,31,0,0
1,55000,55,2,0,0,0
1,55000,56,1,59,0,0
1,55000,57,2,0,0,0
1,55000,58,2,0,0,0
1,55000,59,2,0,0,0
1,55000,61,2,0,0,0
1,55000,63,2,0,0,0
1,55000,66,2,0,0,0
1,55000,68,2,0,0,0
1,55000,69,2,0,0,0
1,55000,70,2,0,0,0
1,55000,91,2,0,0,0
1,55000,92,2,0,0,0
1,55000,93,1,39,0,0
1,55000,99,2,0,0,0
1,55000,102,2,0,0,0
1,55000,104,2,0,0,0
1,55000,117,2,0,0,0
1,55000,129,2,0,0,0
1,55000,130,2,0,0,0
1,55000,154,1,48,0,0
1,55000,156,2,0,0,0
1,55000,164,2,0,0,0
1,56000,2,1,15,0,0
1,56000,5,2,0,0,0
1,56000,6,2,0,0,0
1,56000,10,1,1,0,1
1,56000,25,2,0,0,0
1,56000,34,2,0,0,0
1,56000,36,2,0,0,0
1,56000,37,1,39,0,0
1,56000,38,2,0,0,0
1,56000,43,1,1,0,2
1,56000,66,2,0,0,0
1,56000,68,2,0,0,0
1,56000,69,1,33,0,0
1,56000,69,2,0,0,0
1,56000,70,2,0,0,0
1,56000,85,2,0,0,0
1,56000,87,2,0,0,0
1,56000,91,2,0,0,0
1,56000,92,2,0,0,0
1,56000,99,2,0,0,0
1,56000,102,2,0,0,0
1,56000,104,2,0,0,0
1,56000,116,1,27,0,0
1,56000,117,2,0,0,0
1,56000,118,2,0,0,0
1,56000,129,2,0,0,0
1,56000,130,2,0,0,0
1,56000,154,1,21,0,0
1,56000,156,2,0,0,0
1,56000,157,2,0,0,0
1,56000,164,2,0,0,0
1,57000,2,1,1,0,3
1,57000,2,1,15,0,0
1,57000,5,2,0,0,0
1,57000,6,2,0,0,0
1,57000,10,1,1,0,1
1,57000,25,2,0,0,0
1,57000,34,2,0,0,0
1,57000,36,2,0,0,0
1,57000,37,1,46,0,0
1,57000,38,2,0,0,0
1,57000,43,1,1,0,2
1,57000,63,2,0,0,0
1,57000,66,2,0,0,0
1,57000,68,2,0,0,0
1,57000,69,1,37,0,0
1,57000,69,2,0,0,0
1,57000,70,2,0,0,0
1,57000,85,2,0,0,0
1,57000,87,2,0,0,0
1,57000,91,2,0,0,0
1,57000,92,2,0,0,0
1,57000,99,2,0,0,0
1,57000,102,2,0,0,0
1,57000,104,2,0,0,0
1,57000,116,1,27,0,0
1,57000,117,2,0,0,0
1,57000,118,2,0,0,0
1,57000,129,2,0,0,0
1,57000,130,2,0,0,0
1,57000,154,1,1,0,4
1,57000,154,1,21,0,0
1,57000,156,2,0,0,0
1,57000,157,2,0,0,0
1,57000,164,2,0,0,0
1,58000,34,2,0,0,0
1,58000,36,1,30,0,0
1,58000,36,2,0,0,0
1,58000,38,2,0,0,0
1,58000,43,1,23,0,0
1,58000,44,1,1,0,1
1,58000,46,1,1,0,2
1,58000,52,1,18,0,0
1,58000,53,1,50,0,0
1,58000,82,2,0,0,0
1,58000,91,2,0,0,0
1,58000,92,2,0,0,0
1,58000,97,1,39,0,0
1,58000,99,2,0,0,0
1,58000,102,2,0,0,0
1,58000,104,2,0,0,0
1,58000,115,2,0,0,0
1,58000,117,2,0,0,0
1,58000,126,2,0,0,0
1,58000,129,2,0,0,0
1,58000,130,2,0,0,0
1,58000,156,2,0,0,0
1,58000,164,2,0,0,0
1,59000,34,2,0,0,0
1,59000,36,1,1,0,4
1,59000,36,2,0,0,0
1,59000,38,2,0,0,0
1,59000,43,1,1,0,3
1,59000,46,1,1,0,1
1,59000,52,1,1,0,2
1,59000,63,2,0,0,0
1,59000,82,2,0,0,0
1,59000,91,2,0,0,0
1,59000,92,2,0,0,0
1,59000,99,2,0,0,0
1,59000,100,2,0,0,0
1,59000,102,2,0,0,0
1,59000,104,2,0,0,0
1,59000,115,2,0,0,0
1,59000,117,2,0,0,0
1,59000,126,2,0,0,0
1,59000,129,2,0,0,0
1,59000,130,2,0,0,0
1,59000,156,2,0,0,0
1,59000,164,2,0,0,0
1,60000,3,1,25,0,0
1,60000,34,1,31,0,0
1,60000,34,2,0,0,0
1,60000,36,2,0,0,0
1,60000,38,2,0,0,0
1,60000,55,1,19,0,0
1,60000,55,2,0,0,0
1,60000,56,1,45,0,0
1,60000,57,2,0,0,0
1,60000,58,2,0,0,0
1,60000,59,2,0,0,0
1,60000,61,2,0,0,0
1,60000,92,2,0,0,0
1,60000,94,2,0,0,0
1,60000,95,1,16,0,0
1,60000,99,2,0,0,0
1,60000,102,2,0,0,0
1,60000,104,2,0,0,0
1,60000,117,2,0,0,0
1,60000,130,2,0,0,0
1,60000,133,1,38,0,0
1,60000,145,1,1,0,0
1,60000,149,2,0,0,0
1,60000,156,2,0,0,0
1,60000,164,2,0,0,0
1,61000,3,1,26,0,0
1,61000,5,2,0,0,0
1,61000,25,2,0,0,0
1,61000,34,1,33,0,0
1,61000,34,2,0,0,0
1,61000,36,2,0,0,0
1,61000,38,2,0,0,0
1,61000,55,1,1,0,3
1,61000,55,1,19,0,0
1,61000,55,2,0,0,0
1,61000,56,1,49,0,0
1,61000,57,2,0,0,0
1,61000,58,2,0,0,0
1,61000,59,2,0,0,0
1,61000,61,2,0,0,0
1,61000,66,2,0,0,0
1,61000,68,2,0,0,0
1,61000,69,2,0,0,0
1,61000,70,2,0,0,0
1,61000,89,2,0,0,0
1,61000,90,2,0,0,0
1,61000,92,2,0,0,0
1,61000,94,2,0,0,0
1,61000,95,1,1,0,2
1,61000,95,1,16,0,0
1,61000,99,2,0,0,0
1,61000,102,2,0,0,0
1,61000,104,2,0,0,0
1,61000,117,2,0,0,0
1,61000,118,2,0,0,0
1,61000,130,2,0,0,0
1,61000,133,1,41,0,0
1,61000,145,1,1,0,1
1,61000,149,2,0,0,0
1,61000,156,2,0,0,0
1,61000,164,2,0,0,0
1,62000,3,1,1,0,3
1,62000,5,2,0,0,0
1,62000,25,2,0,0,0
1,62000,34,1,1,0,4
1,62000,34,2,0,0,0
1,62000,36,2,0,0,0
1,62000,38,2,0,0,0
1,62000,55,1,1,0,2
1,62000,55,1,19,0,0
1,62000,55,2,0,0,0
1,62000,57,2,0,0,0
1,62000,58,2,0,0,0
1,62000,59,2,0,0,0
1,62000,61,2,0,0,0
1,62000,63,2,0,0,0
1,62000,66,2,0,0,0
1,62000,68,2,0,0,0
1,62000,69,2,0,0,0
1,62000,70,2,0,0,0
1,62000,89,2,0,0,0
1,62000,90,2,0,0,0
1,62000,92,2,0,0,0
1,62000,94,2,0,0,0
1,62000,95,1,1,0,1
1,62000,95,1,16,0,0
1,62000,99,2,0,0,0
1,62000,102,2,0,0,0
1,62000,104,2,0,0,0
1,62000,117,2,0,0,0
1,62000,118,2,0,0,0
1,62000,130,2,0,0,0
1,62000,149,2,0,0,0
1,62000,156,2,0,0,0
1,62000,164,2,0,0,0
1,63000,5,2,0,0,0
1,63000,25,2,0,0,0
1,63000,34,2,0,0,0
1,63000,36,2,0,0,0
1,63000,38,2,0,0,0
1,63000,66,2,0,0,0
1,63000,68,2,0,0,0
1,63000,69,2,0,0,0
1,63000,86,2,0,0,0
1,63000,92,2,0,0,0
1,63000,94,2,0,0,0
1,63000,99,2,0,0,0
1,63000,100,1,1,0,0
1,63000,100,2,0,0,0
1,63000,102,2,0,0,0
1,63000,104,2,0,0,0
1,63000,115,2,0,0,0
1,63000,117,2,0,0,0
1,63000,118,2,0,0,0
1,63000,130,2,0,0,0
1,63000,148,2,0,0,0
1,63000,149,2,0,0,0
1,63000,156,2,0,0,0
1,63000,161,2,0,0,0
1,63000,164,2,0,0,0
1,64000,5,2,0,0,0
1,64000,25,2,0,0,0
1,64000,34,2,0,0,0
1,64000,36,2,0,0,0
1,64000,38,2,0,0,0
1,64000,50,1,1,0,3
1,64000,50,1,20,0,0
1,64000,60,1,27,0,0
1,64000,66,2,0,0,0
1,64000,68,2,0,0,0
1,64000,69,2,0,0,0
1,64000,86,2,0,0,0
1,64000,91,2,0,0,0
1,64000,92,2,0,0,0
1,64000,93,1,1,0,2
1,64000,93,1,16,0,0
1,64000,94,1,38,0,0
1,64000,94,2,0,0,0
1,64000,99,2,0,0,0
1,64000,100,1,1,0,1
1,64000,100,2,0,0,0
1,64000,102,2,0,0,0
1,64000,104,2,0,0,0
1,64000,105,1,31,0,0
1,64000,115,1,42,0,0
1,64000,115,2,0,0,0
1,64000,117,2,0,0,0
1,64000,118,2,0,0,0
1,64000,130,2,0,0,0
1,64000,148,2,0,0,0
1,64000,149,2,0,0,0
1,64000,156,2,0,0,0
1,64000,161,2,0,0,0
1,64000,164,2,0,0,0
1,65000,5,2,0,0,0
1,65000,25,2,0,0,0
1,65000,34,2,0,0,0
1,65000,36,2,0,0,0
1,65000,38,2,0,0,0
1,65000,50,1,1,0,3
1,65000,50,1,20,0,0
1,65000,60,1,27,0,0
1,65000,63,2,0,0,0
1,65000,66,2,0,0,0
1,65000,68,2,0,0,0
1,65000,69,2,0,0,0
1,65000,86,2,0,0,0
1,65000,91,2,0,0,0
1,65000,92,2,0,0,0
1,65000,93,1,1,0,2
1,65000,93,1,16,0,0
1,65000,94,1,38,0,0
1,65000,94,2,0,0,0
1,65000,99,2,0,0,0
1,65000,100,1,1,0,1
1,65000,100,2,0,0,0
1,65000,102,2,0,0,0
1,65000,104,2,0,0,0
1,65000,105,1,31,0,0
1,65000,115,1,42,0,0
1,65000,115,2,0,0,0
1,65000,117,2,0,0,0
1,65000,118,2,0,0,0
1,65000,130,2,0,0,0
1,65000,148,2,0,0,0
1,65000,149,2,0,0,0
1,65000,156,2,0,0,0
1,65000,161,2,0,0,0
1,65000,164,2,0,0,0
1,66000,2,1,1,0,0
1,66000,5,2,0,0,0
1,66000,25,2,0,0,0
1,66000,34,2,0,0,0
1,66000,36,2,0,0,0
1,66000,38,2,0,0,0
1,66000,43,1,25,0,0
1,66000,66,1,46,0,0
1,66000,66,2,0,0,0
1,66000,67,1,20,0,0
1,66000,68,2,0,0,0
1,66000,69,1,39,0,0
1,66000,69,2,0,0,0
1,66000,70,2,0,0,0
1,66000,89,2,0,0,0
1,66000,90,2,0,0,0
1,66000,91,2,0,0,0
1,66000,92,2,0,0,0
1,66000,99,2,0,0,0
1,66000,102,2,0,0,0
1,66000,104,2,0,0,0
1,66000,116,1,32,0,0
1,66000,117,2,0,0,0
1,66000,118,2,0,0,0
1,66000,126,2,0,0,0
1,66000,130,2,0,0,0
1,66000,156,2,0,0,0
1,66000,157,2,0,0,0
1,66000,164,2,0,0,0
1,67000,2,1,1,0,1
1,67000,5,2,0,0,0
1,67000,25,2,0,0,0
1,67000,34,2,0,0,0
1,67000,36,2,0,0,0
1,67000,38,2,0,0,0
1,67000,43,1,1,0,3
1,67000,43,1,25,0,0
1,67000,66,1,52,0,0
1,67000,66,2,0,0,0
1,67000,67,1,1,0,2
1,67000,67,1,20,0,0
1,67000,68,2,0,0,0
1,67000,69,1,44,0,0
1,67000,69,2,0,0,0
1,67000,70,2,0,0,0
1,67000,89,2,0,0,0
1,67000,90,2,0,0,0
1,67000,91,2,0,0,0
1,67000,92,2,0,0,0
1,67000,99,2,0,0,0
1,67000,102,2,0,0,0
1,67000,104,2,0,0,0
1,67000,116,1,36,0,0
1,67000,117,2,0,0,0
1,67000,118,2,0,0,0
1,67000,126,2,0,0,0
1,67000,130,2,0,0,0
1,67000,156,2,0,0,0
1,67000,157,2,0,0,0
1,67000,164,2,0,0,0
1,68000,2,1,1,0,1
1,68000,5,2,0,0,0
1,68000,25,2,0,0,0
1,68000,34,2,0,0,0
1,68000,36,2,0,0,0
1,68000,38,2,0,0,0
1,68000,43,1,1,0,3
1,68000,43,1,25,0,0
1,68000,63,2,0,0,0
1,68000,66,1,52,0,0
1,68000,66,2,0,0,0
1,68000,67,1,1,0,2
1,68000,67,1,20,0,0
1,68000,68,2,0,0,0
1,68000,69,1,44,0,0
1,68000,69,2,0,0,0
1,68000,70,2,0,0,0
1,68000,89,2,0,0,0
1,68000,90,2,0,0,0
1,68000,91,2,0,0,0
1,68000,92,2,0,0,0
1,68000,99,2,0,0,0
1,68000,102,2,0,0,0
1,68000,104,2,0,0,0
1,68000,116,1,36,0,0
1,68000,117,2,0,0,0
1,68000,118,2,0,0,0
1,68000,126,2,0,0,0
1,68000,130,2,0,0,0
1,68000,156,2,0,0,0
1,68000,157,2,0,0,0
1,68000,164,2,0,0,0
1,69000,14,2,0,0,0
1,69000,15,2,0,0,0
1,69000,21,1,42,0,0
1,69000,22,1,1,0,1
1,69000,35,1,13,0,0
1,69000,36,2,0,0,0
1,69000,38,2,0,0,0
1,69000,51,1,26,0,0
1,69000,72,2,0,0,0
1,69000,74,1,1,0,2
1,69000,75,1,33,0,0
1,69000,76,2,0,0,0
1,69000,77,1,15,0,0
1,69000,78,1,21,0,0
1,69000,79,1,18,0,0
1,69000,92,2,0,0,0
1,69000,99,2,0,0,0
1,69000,102,2,0,0,0
1,69000,104,2,0,0,0
1,69000,115,2,0,0,0
1,69000,117,2,0,0,0
1,69000,156,2,0,0,0
1,69000,164,2,0,0,0
1,70000,14,2,0,0,0
1,70000,15,2,0,0,0
1,70000,21,1,49,0,0
1,70000,22,1,1,0,1
1,70000,35,1,1,0,3
1,70000,35,1,13,0,0
1,70000,36,2,0,0,0
1,70000,38,2,0,0,0
1,70000,51,1,29,0,0
1,70000,72,2,0,0,0
1,70000,74,1,1,0,2
1,70000,75,1,38,0,0
1,70000,76,2,0,0,0
1,70000,77,1,15,0,0
1,70000,78,1,23,0,0
1,70000,79,1,18,0,0
1,70000,92,2,0,0,0
1,70000,99,2,0,0,0
1,70000,102,2,0,0,0
1,70000,104,2,0,0,0
1,70000,115,2,0,0,0
1,70000,117,2,0,0,0
1,70000,156,2,0,0,0
1,70000,164,2,0,0,0
1,71000,14,2,0,0,0
1,71000,15,2,0,0,0
1,71000,34,2,0,0,0
1,71000,35,1,13,0,0
1,71000,36,2,0,0,0
1,71000,38,2,0,0,0
1,71000,51,1,1,0,3
1,71000,63,2,0,0,0
1,71000,72,2,0,0,0
1,71000,75,1,1,0,4
1,71000,76,2,0,0,0
1,71000,77,1,15,0,0
1,71000,78,1,1,0,2
1,71000,79,1,1,0,1
1,71000,79,1,18,0,0
1,71000,92,2,0,0,0
1,71000,99,2,0,0,0
1,71000,102,2,0,0,0
1,71000,104,2,0,0,0
1,71000,115,2,0,0,0
1,71000,117,2,0,0,0
1,71000,156,2,0,0,0
1,71000,164,2,0,0,0
1,72000,14,2,0,0,0
1,72000,15,2,0,0,0
1,72000,35,1,13,0,0
1,72000,36,2,0,0,0
1,72000,38,2,0,0,0
1,72000,40,1,18,0,0
1,72000,48,1,7,0,0
1,72000,51,1,1,0,0
1,72000,55,1,22,0,0
1,72000,55,2,0,0,0
1,72000,56,1,48,0,0
1,72000,57,2,0,0,0
1,72000,58,2,0,0,0
1,72000,59,2,0,0,0
1,72000,61,2,0,0,0
1,72000,72,2,0,0,0
1,72000,92,2,0,0,0
1,72000,99,2,0,0,0
1,72000,102,2,0,0,0
1,72000,103,1,40,0,0
1,72000,104,2,0,0,0
1,72000,112,1,33,0,0
1,72000,115,2,0,0,0
1,72000,117,2,0,0,0
1,72000,130,2,0,0,0
1,72000,132,1,27,0,0
1,72000,156,2,0,0,0
1,72000,164,2,0,0,0
1,73000,14,2,0,0,0
1,73000,15,2,0,0,0
1,73000,35,1,1,0,3
1,73000,35,1,13,0,0
1,73000,36,2,0,0,0
1,73000,38,2,0,0,0
1,73000,40,1,18,0,0
1,73000,48,1,1,0,2
1,73000,48,1,7,0,0
1,73000,51,1,1,0,1
1,73000,55,1,22,0,0
1,73000,55,2,0,0,0
1,73000,56,1,50,0,0
1,73000,57,2,0,0,0
1,73000,58,2,0,0,0
1,73000,59,2,0,0,0
1,73000,61,2,0,0,0
1,73000,63,2,0,0,0
1,73000,72,2,0,0,0
1,73000,92,2,0,0,0
1,73000,99,2,0,0,0
1,73000,102,2,0,0,0
1,73000,103,1,43,0,0
1,73000,104,2,0,0,0
1,73000,112,1,35,0,0
1,73000,115,2,0,0,0
1,73000,117,2,0,0,0
1,73000,130,2,0,0,0
1,73000,132,1,27,0,0
1,73000,156,2,0,0,0
1,73000,164,2,0,0,0
1,74000,5,2,0,0,0
1,74000,33,1,1,0,0
1,74000,34,2,0,0,0
1,74000,36,2,0,0,0
1,74000,38,2,0,0,0
1,74000,66,2,0,0,0
1,74000,68,2,0,0,0
1,74000,69,2,0,0,0
1,74000,70,2,0,0,0
1,74000,88,1,16,0,0
1,74000,89,1,31,0,0
1,74000,89,2,0,0,0
1,74000,90,2,0,0,0
1,74000,91,2,0,0,0
1,74000,92,2,0,0,0
1,74000,99,2,0,0,0
1,74000,102,2,0,0,0
1,74000,104,2,0,0,0
1,74000,106,1,26,0,0
1,74000,111,1,11,0,0
1,74000,117,2,0,0,0
1,74000,118,2,0,0,0
1,74000,120,1,21,0,0
1,74000,120,2,0,0,0
1,74000,126,2,0,0,0
1,74000,153,1,36,0,0
1,74000,153,2,0,0,0
1,74000,156,2,0,0,0
1,74000,157,2,0,0,0
1,74000,164,2,0,0,0
1,75000,5,2,0,0,0
1,75000,33,1,1,0,1
1,75000,34,2,0,0,0
1,75000,36,2,0,0,0
1,75000,38,2,0,0,0
1,75000,66,2,0,0,0
1,75000,68,2,0,0,0
1,75000,69,2,0,0,0
1,75000,70,2,0,0,0
1,75000,88,1,16,0,0
1,75000,89,1,36,0,0
1,75000,89,2,0,0,0
1,75000,90,2,0,0,0
1,75000,91,2,0,0,0
1,75000,92,2,0,0,0
1,75000,99,2,0,0,0
1,75000,102,2,0,0,0
1,75000,104,2,0,0,0
1,75000,106,1,29,0,0
1,75000,111,1,1,0,2
1,75000,111,1,11,0,0
1,75000,117,2,0,0,0
1,75000,118,2,0,0,0
1,75000,120,1,21,0,0
1,75000,120,2,0,0,0
1,75000,126,2,0,0,0
1,75000,153,1,43,0,0
1,75000,153,2,0,0,0
1,75000,156,2,0,0,0
1,75000,157,2,0,0,0
1,75000,164,2,0,0,0
1,76000,5,2,0,0,0
1,76000,25,2,0,0,0
1,76000,33,1,1,0,1
1,76000,34,2,0,0,0
1,76000,36,2,0,0,0
1,76000,38,2,0,0,0
1,76000,63,2,0,0,0
1,76000,66,2,0,0,0
1,76000,68,2,0,0,0
1,76000,69,2,0,0,0
1,76000,70,2,0,0,0
1,76000,88,1,16,0,0
1,76000,89,1,36,0,0
1,76000,89,2,0,0,0
1,76000,90,2,0,0,0
1,76000,91,2,0,0,0
1,76000,92,2,0,0,0
1,76000,99,2,0,0,0
1,76000,102,2,0,0,0
1,76000,104,2,0,0,0
1,76000,106,1,29,0,0
1,76000,111,1,1,0,2
1,76000,111,1,11,0,0
1,76000,117,2,0,0,0
1,76000,118,2,0,0,0
1,76000,120,1,21,0,0
1,76000,120,2,0,0,0
1,76000,126,2,0,0,0
1,76000,153,1,43,0,0
1,76000,153,2,0,0,0
1,76000,156,2,0,0,0
1,76000,157,2,0,0,0
1,76000,164,2,0,0,0
1,77000,23,1,32,0,0
1,77000,32,2,0,0,0
1,77000,34,2,0,0,0
1,77000,36,1,43,0,0
1,77000,36,2,0,0,0
1,77000,38,2,0,0,0
1,77000,39,1,30,0,0
1,77000,45,1,35,0,0
1,77000,52,1,1,0,0
1,77000,83,1,39,0,0
1,77000,92,2,0,0,0
1,77000,97,1,48,0,0
1,77000,99,2,0,0,0
1,77000,102,2,0,0,0
1,77000,104,2,0,0,0
1,77000,115,2,0,0,0
1,77000,117,2,0,0,0
1,77000,126,2,0,0,0
1,77000,129,2,0,0,0
1,77000,130,2,0,0,0
1,77000,156,2,0,0,0
1,77000,164,2,0,0,0
1,78000,23,1,1,0,3
1,78000,23,1,32,0,0
1,78000,32,2,0,0,0
1,78000,34,2,0,0,0
1,78000,36,1,47,0,0
1,78000,36,2,0,0,0
1,78000,38,2,0,0,0
1,78000,39,1,1,0,2
1,78000,39,1,30,0,0
1,78000,45,1,1,0,4
1,78000,45,1,35,0,0
1,78000,52,1,1,0,1
1,78000,63,2,0,0,0
1,78000,83,1,39,0,0
1,78000,92,2,0,0,0
1,78000,97,1,55,0,0
1,78000,99,2,0,0,0
1,78000,102,2,0,0,0
1,78000,104,2,0,0,0
1,78000,115,2,0,0,0
1,78000,117,2,0,0,0
1,78000,126,2,0,0,0
1,78000,129,2,0,0,0
1,78000,130,2,0,0,0
1,78000,156,2,0,0,0
1,78000,164,2,0,0,0
1,79000,6,2,0,0,0
1,79000,29,1,22,0,0
1,79000,34,2,0,0,0
1,79000,36,2,0,0,0
1,79000,38,2,0,0,0
1,79000,45,1,27,0,0
1,79000,50,1,18,0,0
1,79000,55,1,33,0,0
1,79000,55,2,0,0,0
1,79000,57,2,0,0,0
1,79000,58,2,0,0,0
1,79000,59,2,0,0,0
1,79000,61,2,0,0,0
1,79000,70,2,0,0,0
1,79000,86,2,0,0,0
1,79000,89,2,0,0,0
1,79000,90,2,0,0,0
1,79000,91,2,0,0,0
1,79000,92,2,0,0,0
1,79000,93,1,1,0,0
1,79000,94,1,48,0,0
1,79000,94,2,0,0,0
1,79000,99,2,0,0,0
1,79000,100,2,0,0,0
1,79000,102,2,0,0,0
1,79000,104,2,0,0,0
1,79000,115,2,0,0,0
1,79000,117,2,0,0,0
1,79000,126,2,0,0,0
1,79000,129,2,0,0,0
1,79000,130,2,0,0,0
1,79000,133,1,40,0,0
1,79000,148,2,0,0,0
1,79000,149,2,0,0,0
1,79000,156,2,0,0,0
1,79000,161,2,0,0,0
1,79000,164,2,0,0,0
1,80000,5,2,0,0,0
1,80000,6,2,0,0,0
1,80000,25,2,0,0,0
1,80000,29,1,1,0,3
1,80000,29,1,22,0,0
1,80000,34,2,0,0,0
1,80000,36,2,0,0,0
1,80000,38,2,0,0,0
1,80000,45,1,27,0,0
1,80000,50,1,1,0,2
1,80000,50,1,18,0,0
1,80000,55,1,33,0,0
1,80000,55,2,0,0,0
1,80000,57,2,0,0,0
1,80000,58,2,0,0,0
1,80000,59,2,0,0,0
1,80000,61,2,0,0,0
1,80000,63,2,0,0,0
1,80000,66,2,0,0,0
1,80000,68,2,0,0,0
1,80000,69,2,0,0,0
1,80000,70,2,0,0,0
1,80000,86,2,0,0,0
1,80000,89,2,0,0,0
1,80000,90,2,0,0,0
1,80000,91,2,0,0,0
1,80000,92,2,0,0,0
1,80000,93,1,1,0,1
1,80000,94,1,55,0,0
1,80000,94,2,0,0,0
1,80000,99,2,0,0,0
1,80000,100,2,0,0,0
1,80000,102,2,0,0,0
1,80000,104,2,0,0,0
1,80000,110,1,37,0,0
1,80000,115,2,0,0,0
1,80000,117,2,0,0,0
1,80000,126,2,0,0,0
1,80000,129,2,0,0,0
1,80000,130,2,0,0,0
1,80000,133,1,44,0,0
1,80000,148,2,0,0,0
1,80000,149,2,0,0,0
1,80000,156,2,0,0,0
1,80000,161,2,0,0,0
1,80000,164,2,0,0,0
1,81000,33,1,1,0,0
1,81000,36,2,0,0,0
1,81000,38,2,0,0,0
1,81000,48,1,29,0,0
1,81000,49,1,21,0,0
1,81000,84,1,25,0,0
1,81000,85,2,0,0,0
1,81000,86,1,35,0,0
1,81000,86,2,0,0,0
1,81000,87,2,0,0,0
1,81000,92,2,0,0,0
1,81000,99,2,0,0,0
1,81000,100,2,0,0,0
1,81000,102,2,0,0,0
1,81000,103,1,47,0,0
1,81000,104,2,0,0,0
1,81000,115,2,0,0,0
1,81000,117,2,0,0,0
1,81000,129,1,41,0,0
1,81000,129,2,0,0,0
1,81000,148,2,0,0,0
1,81000,156,2,0,0,0
1,81000,164,2,0,0,0
1,82000,33,1,1,0,1
1,82000,36,2,0,0,0
1,82000,38,2,0,0,0
1,82000,48,1,29,0,0
1,82000,49,1,1,0,2
1,82000,49,1,21,0,0
1,82000,63,2,0,0,0
1,82000,84,1,1,0,3
1,82000,84,1,25,0,0
1,82000,85,2,0,0,0
1,82000,86,1,38,0,0
1,82000,86,2,0,0,0
1,82000,87,2,0,0,0
1,82000,92,2,0,0,0
1,82000,99,2,0,0,0
1,82000,100,2,0,0,0
1,82000,102,2,0,0,0
1,82000,103,1,54,0,0
1,82000,104,2,0,0,0
1,82000,115,2,0,0,0
1,82000,117,2,0,0,0
1,82000,129,1,46,0,0
1,82000,129,2,0,0,0
1,82000,148,2,0,0,0
1,82000,156,2,0,0,0
1,82000,164,2,0,0,0
1,83000,13,2,0,0,0
1,83000,14,1,23,0,0
1,83000,14,2,0,0,0
1,83000,15,2,0,0,0
1,83000,18,2,0,0,0
1,83000,19,2,0,0,0
1,83000,28,1,1,0,2
1,83000,31,1,15,0,0
1,83000,34,2,0,0,0
1,83000,36,2,0,0,0
1,83000,38,2,0,0,0
1,83000,43,1,7,0,0
1,83000,64,1,1,0,1
1,83000,92,2,0,0,0
1,83000,97,1,31,0,0
1,83000,99,2,0,0,0
1,83000,102,2,0,0,0
1,83000,104,2,0,0,0
1,83000,115,2,0,0,0
1,83000,117,2,0,0,0
1,83000,129,2,0,0,0
1,83000,130,2,0,0,0
1,83000,156,2,0,0,0
1,83000,163,1,39,0,0
1,83000,164,2,0,0,0
1,84000,18,2,0,0,0
1,84000,19,2,0,0,0
1,84000,31,1,24,0,0
1,84000,34,2,0,0,0
1,84000,36,2,0,0,0
1,84000,38,2,0,0,0
1,84000,45,1,20,0,0
1,84000,64,1,1,0,0
1,84000,65,1,30,0,0
1,84000,92,2,0,0,0
1,84000,97,1,44,0,0
1,84000,99,1,36,0,0
1,84000,99,2,0,0,0
1,84000,102,2,0,0,0
1,84000,104,2,0,0,0
1,84000,115,2,0,0,0
1,84000,117,2,0,0,0
1,84000,130,2,0,0,0
1,84000,143,2,0,0,0
1,84000,156,2,0,0,0
1,84000,161,1,40,0,0
1,84000,161,2,0,0,0
1,84000,164,2,0,0,0
1,85000,18,2,0,0,0
1,85000,19,2,0,0,0
1,85000,31,1,1,0,3
1,85000,31,1,24,0,0
1,85000,34,2,0,0,0
1,85000,36,2,0,0,0
1,85000,38,2,0,0,0
1,85000,45,1,1,0,2
1,85000,45,1,20,0,0
1,85000,63,2,0,0,0
1,85000,64,1,1,0,1
1,85000,65,1,30,0,0
1,85000,92,2,0,0,0
1,85000,97,1,51,0,0
1,85000,99,1,39,0,0
1,85000,99,2,0,0,0
1,85000,102,2,0,0,0
1,85000,104,2,0,0,0
1,85000,115,2,0,0,0
1,85000,117,2,0,0,0
1,85000,130,2,0,0,0
1,85000,143,2,0,0,0
1,85000,156,2,0,0,0
1,85000,161,1,45,0,0
1,85000,161,2,0,0,0
1,85000,164,2,0,0,0
1,86000,6,2,0,0,0
1,86000,29,1,1,0,0
1,86000,32,2,0,0,0
1,86000,34,2,0,0,0
1,86000,36,1,45,0,0
1,86000,36,2,0,0,0
1,86000,38,2,0,0,0
1,86000,45,1,30,0,0
1,86000,55,2,0,0,0
1,86000,57,2,0,0,0
1,86000,58,1,50,0,0
1,86000,58,2,0,0,0
1,86000,59,2,0,0,0
1,86000,61,2,0,0,0
1,86000,62,1,35,0,0
1,86000,70,2,0,0,0
1,86000,92,2,0,0,0
1,86000,99,2,0,0,0
1,86000,102,2,0,0,0
1,86000,104,2,0,0,0
1,86000,117,2,0,0,0
1,86000,130,2,0,0,0
1,86000,156,1,40,0,0
1,86000,156,2,0,0,0
1,86000,164,2,0,0,0
1,87000,6,2,0,0,0
1,87000,29,1,1,0,1
1,87000,32,2,0,0,0
1,87000,34,2,0,0,0
1,87000,36,1,50,0,0
1,87000,36,2,0,0,0
1,87000,38,2,0,0,0
1,87000,45,1,1,0,2
1,87000,45,1,30,0,0
1,87000,55,2,0,0,0
1,87000,57,2,0,0,0
1,87000,58,1,56,0,0
1,87000,58,2,0,0,0
1,87000,59,2,0,0,0
1,87000,61,2,0,0,0
1,87000,62,1,1,0,3
1,87000,62,1,35,0,0
1,87000,63,2,0,0,0
1,87000,70,2,0,0,0
1,87000,92,2,0,0,0
1,87000,99,2,0,0,0
1,87000,102,2,0,0,0
1,87000,104,2,0,0,0
1,87000,117,2,0,0,0
1,87000,130,2,0,0,0
1,87000,156,1,44,0,0
1,87000,156,2,0,0,0
1,87000,164,2,0,0,0
1,88000,1,1,1,0,1
1,88000,34,2,0,0,0
1,88000,50,1,1,0,2
1,88000,72,2,0,0,0
1,88000,85,2,0,0,0
1,88000,87,2,0,0,0
1,88000,92,2,0,0,0
1,88000,99,2,0,0,0
1,88000,102,2,0,0,0
1,88000,103,1,48,0,0
1,88000,104,2,0,0,0
1,88000,106,1,42,0,0
1,88000,107,1,33,0,0
1,88000,117,2,0,0,0
1,88000,120,2,0,0,0
1,88000,124,1,37,0,0
1,88000,126,2,0,0,0
1,88000,139,1,30,0,0
1,88000,151,1,55,0,0
1,88000,153,2,0,0,0
1,88000,156,2,0,0,0
1,88000,164,2,0,0,0
1,89000,1,1,1,0,1
1,89000,34,2,0,0,0
1,89000,50,1,1,0,2
1,89000,63,2,0,0,0
1,89000,72,2,0,0,0
1,89000,85,2,0,0,0
1,89000,87,2,0,0,0
1,89000,92,2,0,0,0
1,89000,99,2,0,0,0
1,89000,102,2,0,0,0
1,89000,103,1,53,0,0
1,89000,104,2,0,0,0
1,89000,106,1,45,0,0
1,89000,107,1,33,0,0
1,89000,117,2,0,0,0
1,89000,120,2,0,0,0
1,89000,124,1,37,0,0
1,89000,126,2,0,0,0
1,89000,139,1,1,0,3
1,89000,139,1,30,0,0
1,89000,151,1,60,0,0
1,89000,153,2,0,0,0
1,89000,156,2,0,0,0
1,89000,164,2,0,0,0
1,90000,33,1,1,0,1
1,90000,36,2,0,0,0
1,90000,38,2,0,0,0
1,90000,43,1,39,0,0
1,90000,48,1,18,0,0
1,90000,55,2,0,0,0
1,90000,57,2,0,0,0
1,90000,58,1,50,0,0
1,90000,58,2,0,0,0
1,90000,59,2,0,0,0
1,90000,61,2,0,0,0
1,90000,62,1,30,0,0
1,90000,92,2,0,0,0
1,90000,99,2,0,0,0
1,90000,100,2,0,0,0
1,90000,102,2,0,0,0
1,90000,104,2,0,0,0
1,90000,110,1,1,0,2
1,90000,115,2,0,0,0
1,90000,117,2,0,0,0
1,90000,120,2,0,0,0
1,90000,128,1,23,0,0
1,90000,129,2,0,0,0
1,90000,153,2,0,0,0
1,90000,156,2,0,0,0
1,90000,161,2,0,0,0
1,90000,164,2,0,0,0
1,91000,36,2,0,0,0
1,91000,38,2,0,0,0
1,91000,48,1,1,0,2
1,91000,55,2,0,0,0
1,91000,57,2,0,0,0
1,91000,58,2,0,0,0
1,91000,59,2,0,0,0
1,91000,61,2,0,0,0
1,91000,62,1,1,0,4
1,91000,63,2,0,0,0
1,91000,92,2,0,0,0
1,91000,99,2,0,0,0
1,91000,100,2,0,0,0
1,91000,102,2,0,0,0
1,91000,104,2,0,0,0
1,91000,110,1,1,0,1
1,91000,115,2,0,0,0
1,91000,117,2,0,0,0
1,91000,120,2,0,0,0
1,91000,128,1,1,0,3
1,91000,129,2,0,0,0
1,91000,131,1,50,0,0
1,91000,153,2,0,0,0
1,91000,156,2,0,0,0
1,91000,161,2,0,0,0
1,91000,164,2,0,0,0
1,92000,72,2,0,0,0
1,92000,85,2,0,0,0
1,92000,87,2,0,0,0
1,92000,92,2,0,0,0
1,92000,94,2,0,0,0
1,92000,95,1,27,0,0
1,92000,99,2,0,0,0
1,92000,101,1,1,0,3
1,92000,102,2,0,0,0
1,92000,104,2,0,0,0
1,92000,109,1,1,0,2
1,92000,117,2,0,0,0
1,92000,120,2,0,0,0
1,92000,122,1,1,0,1
1,92000,138,1,35,0,0
1,92000,138,2,0,0,0
1,92000,149,2,0,0,0
1,92000,153,2,0,0,0
1,92000,156,2,0,0,0
1,92000,164,2,0,0,0
1,93000,72,2,0,0,0
1,93000,85,2,0,0,0
1,93000,87,2,0,0,0
1,93000,92,2,0,0,0
1,93000,94,2,0,0,0
1,93000,95,1,29,0,0
1,93000,99,2,0,0,0
1,93000,101,1,1,0,3
1,93000,102,2,0,0,0
1,93000,104,2,0,0,0
1,93000,109,1,1,0,2
1,93000,117,2,0,0,0
1,93000,120,2,0,0,0
1,93000,122,1,1,0,1
1,93000,138,1,38,0,0
1,93000,138,2,0,0,0
1,93000,149,2,0,0,0
1,93000,153,2,0,0,0
1,93000,156,2,0,0,0
1,93000,164,2,0,0,0
1,94000,5,2,0,0,0
1,94000,25,2,0,0,0
1,94000,34,2,0,0,0
1,94000,36,2,0,0,0
1,94000,38,2,0,0,0
1,94000,63,2,0,0,0
1,94000,66,2,0,0,0
1,94000,68,2,0,0,0
1,94000,69,2,0,0,0
1,94000,70,2,0,0,0
1,94000,72,2,0,0,0
1,94000,85,2,0,0,0
1,94000,87,2,0,0,0
1,94000,92,2,0,0,0
1,94000,94,2,0,0,0
1,94000,95,1,29,0,0
1,94000,99,2,0,0,0
1,94000,101,1,1,0,3
1,94000,102,2,0,0,0
1,94000,104,2,0,0,0
1,94000,109,1,1,0,2
1,94000,117,2,0,0,0
1,94000,118,2,0,0,0
1,94000,120,2,0,0,0
1,94000,122,1,1,0,1
1,94000,130,2,0,0,0
1,94000,138,1,38,0,0
1,94000,138,2,0,0,0
1,94000,149,2,0,0,0
1,94000,153,2,0,0,0
1,94000,156,2,0,0,0
1,94000,164,2,0,0,0
1,95000,20,1,15,0,0
1,95000,21,1,33,0,0
1,95000,33,1,1,0,1
1,95000,34,2,0,0,0
1,95000,36,2,0,0,0
1,95000,38,2,0,0,0
1,95000,70,2,0,0,0
1,95000,88,1,19,0,0
1,95000,89,2,0,0,0
1,95000,90,2,0,0,0
1,95000,91,2,0,0,0
1,95000,92,2,0,0,0
1,95000,99,1,25,0,0
1,95000,99,2,0,0,0
1,95000,102,2,0,0,0
1,95000,103,1,1,0,2
1,95000,104,2,0,0,0
1,95000,106,1,43,0,0
1,95000,117,2,0,0,0
1,95000,120,2,0,0,0
1,95000,130,2,0,0,0
1,95000,153,2,0,0,0
1,95000,156,2,0,0,0
1,95000,157,2,0,0,0
1,95000,164,2,0,0,0
1,96000,1,1,1,0,1
1,96000,5,2,0,0,0
1,96000,25,2,0,0,0
1,96000,29,1,24,0,0
1,96000,34,2,0,0,0
1,96000,36,2,0,0,0
1,96000,38,2,0,0,0
1,96000,50,1,12,0,0
1,96000,66,2,0,0,0
1,96000,68,2,0,0,0
1,96000,69,2,0,0,0
1,96000,86,2,0,0,0
1,96000,92,2,0,0,0
1,96000,93,1,17,0,0
1,96000,94,1,32,0,0
1,96000,94,2,0,0,0
1,96000,95,1,1,0,2
1,96000,96,1,37,0,0
1,96000,99,2,0,0,0
1,96000,100,2,0,0,0
1,96000,102,2,0,0,0
1,96000,104,2,0,0,0
1,96000,115,2,0,0,0
1,96000,117,2,0,0,0
1,96000,118,2,0,0,0
1,96000,130,2,0,0,0
1,96000,138,2,0,0,0
1,96000,139,1,29,0,0
1,96000,148,2,0,0,0
1,96000,149,2,0,0,0
1,96000,156,2,0,0,0
1,96000,161,2,0,0,0
1,96000,164,2,0,0,0
1,97000,1,1,1,0,1
1,97000,5,2,0,0,0
1,97000,25,2,0,0,0
1,97000,29,1,24,0,0
1,97000,34,2,0,0,0
1,97000,36,2,0,0,0
1,97000,38,2,0,0,0
1,97000,50,1,1,0,3
1,97000,50,1,12,0,0
1,97000,63,2,0,0,0
1,97000,66,2,0,0,0
1,97000,68,2,0,0,0
1,97000,69,2,0,0,0
1,97000,86,2,0,0,0
1,97000,92,2,0,0,0
1,97000,93,1,1,0,4
1,97000,93,1,17,0,0
1,97000,94,1,37,0,0
1,97000,94,2,0,0,0
1,97000,95,1,1,0,2
1,97000,96,1,43,0,0
1,97000,99,2,0,0,0
1,97000,100,2,0,0,0
1,97000,102,2,0,0,0
1,97000,104,2,0,0,0
1,97000,115,2,0,0,0
1,97000,117,2,0,0,0
1,97000,118,2,0,0,0
1,97000,130,2,0,0,0
1,97000,138,2,0,0,0
1,97000,139,1,33,0,0
1,97000,148,2,0,0,0
1,97000,149,2,0,0,0
1,97000,156,2,0,0,0
1,97000,161,2,0,0,0
1,97000,164,2,0,0,0
1,98000,11,1,20,0,0
1,98000,12,1,25,0,0
1,98000,14,2,0,0,0
1,98000,15,2,0,0,0
1,98000,23,1,30,0,0
1,98000,34,2,0,0,0
1,98000,36,2,0,0,0
1,98000,38,2,0,0,0
1,98000,43,1,1,0,2
1,98000,55,2,0,0,0
1,98000,57,2,0,0,0
1,98000,58,2,0,0,0
1,98000,59,2,0,0,0
1,98000,61,2,0,0,0
1,98000,70,2,0,0,0
1,98000,92,2,0,0,0
1,98000,99,2,0,0,0
1,98000,102,2,0,0,0
1,98000,104,2,0,0,0
1,98000,106,1,40,0,0
1,98000,117,2,0,0,0
1,98000,145,1,1,0,1
1,98000,152,1,35,0,0
1,98000,156,2,0,0,0
1,98000,164,2,0,0,0
1,99000,11,1,1,0,3
1,99000,11,1,20,0,0
1,99000,12,1,25,0,0
1,99000,14,2,0,0,0
1,99000,15,2,0,0,0
1,99000,23,1,34,0,0
1,99000,34,2,0,0,0
1,99000,36,2,0,0,0
1,99000,38,2,0,0,0
1,99000,43,1,1,0,2
1,99000,55,2,0,0,0
1,99000,57,2,0,0,0
1,99000,58,2,0,0,0
1,99000,59,2,0,0,0
1,99000,61,2,0,0,0
1,99000,63,2,0,0,0
1,99000,70,2,0,0,0
1,99000,92,2,0,0,0
1,99000,99,2,0,0,0
1,99000,102,2,0,0,0
1,99000,104,2,0,0,0
1,99000,106,1,49,0,0
1,99000,117,2,0,0,0
1,99000,145,1,1,0,1
1,99000,152,1,42,0,0
1,99000,156,2,0,0,0
1,99000,164,2,0,0,0
1,100000,33,1,1,0,1
1,100000,36,2,0,0,0
1,100000,49,1,17,0,0
1,100000,85,2,0,0,0
1,100000,86,2,0,0,0
1,100000,87,2,0,0,0
1,100000,92,2,0,0,0
1,100000,99,2,0,0,0
1,100000,100,2,0,0,0
1,100000,102,2,0,0,0
1,100000,103,1,1,0,2
1,100000,104,2,0,0,0
1,100000,113,1,29,0,0
1,100000,115,2,0,0,0
1,100000,117,2,0,0,0
1,100000,120,1,22,0,0
1,100000,120,2,0,0,0
1,100000,129,1,36,0,0
1,100000,129,2,0,0,0
1,100000,148,2,0,0,0
1,100000,153,1,43,0,0
1,100000,153,2,0,0,0
1,100000,156,2,0,0,0
1,100000,164,2,0,0,0
1,101000,33,1,1,0,1
1,101000,36,2,0,0,0
1,101000,49,1,1,0,3
1,101000,49,1,17,0,0
1,101000,63,2,0,0,0
1,101000,85,2,0,0,0
1,101000,86,2,0,0,0
1,101000,87,2,0,0,0
1,101000,92,2,0,0,0
1,101000,99,2,0,0,0
1,101000,100,2,0,0,0
1,101000,102,2,0,0,0
1,101000,103,1,1,0,2
1,101000,104,2,0,0,0
1,101000,113,1,29,0,0
1,101000,115,2,0,0,0
1,101000,117,2,0,0,0
1,101000,120,1,22,0,0
1,101000,120,2,0,0,0
1,101000,129,1,40,0,0
1,101000,129,2,0,0,0
1,101000,130,2,0,0,0
1,101000,148,2,0,0,0
1,101000,153,1,50,0,0
1,101000,153,2,0,0,0
1,101000,156,2,0,0,0
1,101000,164,2,0,0,0
1,102000,36,2,0,0,0
1,102000,38,2,0,0,0
1,102000,73,1,28,0,0
1,102000,76,1,42,0,0
1,102000,77,1,37,0,0
1,102000,78,1,32,0,0
1,102000,79,1,48,0,0
1,102000,92,2,0,0,0
1,102000,94,2,0,0,0
1,102000,95,1,1,0,2
1,102000,99,2,0,0,0
1,102000,100,2,0,0,0
1,102000,102,2,0,0,0
1,102000,104,2,0,0,0
1,102000,115,1,25,0,0
1,102000,115,2,0,0,0
1,102000,117,2,0,0,0
1,102000,120,2,0,0,0
1,102000,121,2,0,0,0
1,102000,140,1,1,0,1
1,102000,149,2,0,0,0
1,102000,153,2,0,0,0
1,102000,156,2,0,0,0
1,102000,164,2,0,0,0
1,103000,23,1,28,0,0
1,103000,36,2,0,0,0
1,103000,38,2,0,0,0
1,103000,63,2,0,0,0
1,103000,70,2,0,0,0
1,103000,72,2,0,0,0
1,103000,76,2,0,0,0
1,103000,92,2,0,0,0
1,103000,94,2,0,0,0
1,103000,95,1,1,0,2
1,103000,99,2,0,0,0
1,103000,100,2,0,0,0
1,103000,102,2,0,0,0
1,103000,104,2,0,0,0
1,103000,115,2,0,0,0
1,103000,117,2,0,0,0
1,103000,120,2,0,0,0
1,103000,121,2,0,0,0
1,103000,140,1,1,0,1
1,103000,149,2,0,0,0
1,103000,153,2,0,0,0
1,103000,156,2,0,0,0
1,103000,164,2,0,0,0
1,104000,5,2,0,0,0
1,104000,25,2,0,0,0
1,104000,34,2,0,0,0
1,104000,36,2,0,0,0
1,104000,37,1,38,0,0
1,104000,38,2,0,0,0
1,104000,43,1,25,0,0
1,104000,45,1,1,0,2
1,104000,55,2,0,0,0
1,104000,58,2,0,0,0
1,104000,59,2,0,0,0
1,104000,61,2,0,0,0
1,104000,66,2,0,0,0
1,104000,68,2,0,0,0
1,104000,69,2,0,0,0
1,104000,70,2,0,0,0
1,104000,89,2,0,0,0
1,104000,90,2,0,0,0
1,104000,91,2,0,0,0
1,104000,92,2,0,0,0
1,104000,99,1,46,0,0
1,104000,99,2,0,0,0
1,104000,102,2,0,0,0
1,104000,104,2,0,0,0
1,104000,116,1,31,0,0
1,104000,117,2,0,0,0
1,104000,125,1,1,0,1
1,104000,126,2,0,0,0
1,104000,130,2,0,0,0
1,104000,155,1,43,0,0
1,104000,156,2,0,0,0
1,104000,164,2,0,0,0
1,105000,5,2,0,0,0
1,105000,25,2,0,0,0
1,105000,34,2,0,0,0
1,105000,36,2,0,0,0
1,105000,37,1,41,0,0
1,105000,38,2,0,0,0
1,105000,43,1,1,0,3
1,105000,43,1,25,0,0
1,105000,45,1,1,0,2
1,105000,55,2,0,0,0
1,105000,58,2,0,0,0
1,105000,59,2,0,0,0
1,105000,61,2,0,0,0
1,105000,63,2,0,0,0
1,105000,66,2,0,0,0
1,105000,68,2,0,0,0
1,105000,69,2,0,0,0
1,105000,70,2,0,0,0
1,105000,89,2,0,0,0
1,105000,90,2,0,0,0
1,105000,91,2,0,0,0
1,105000,92,2,0,0,0
1,105000,99,1,55,0,0
1,105000,99,2,0,0,0
1,105000,102,2,0,0,0
1,105000,104,2,0,0,0
1,105000,116,1,1,0,4
1,105000,116,1,33,0,0
1,105000,117,2,0,0,0
1,105000,125,1,1,0,1
1,105000,126,2,0,0,0
1,105000,130,2,0,0,0
1,105000,155,1,48,0,0
1,105000,156,2,0,0,0
1,105000,164,2,0,0,0
1,106000,5,2,0,0,0
1,106000,24,1,1,0,1
1,106000,25,1,53,0,0
1,106000,25,2,0,0,0
1,106000,26,1,38,0,0
1,106000,27,1,33,0,0
1,106000,34,2,0,0,0
1,106000,36,2,0,0,0
1,106000,38,2,0,0,0
1,106000,66,2,0,0,0
1,106000,68,2,0,0,0
1,106000,69,2,0,0,0
1,106000,70,2,0,0,0
1,106000,92,2,0,0,0
1,106000,96,1,1,0,2
1,106000,99,2,0,0,0
1,106000,102,2,0,0,0
1,106000,104,2,0,0,0
1,106000,116,1,43,0,0
1,106000,117,2,0,0,0
1,106000,118,2,0,0,0
1,106000,129,2,0,0,0
1,106000,130,2,0,0,0
1,106000,136,1,48,0,0
1,106000,156,2,0,0,0
1,106000,164,2,0,0,0
1,107000,4,1,1,0,1
1,107000,5,1,48,0,0
1,107000,5,2,0,0,0
1,107000,7,1,33,0,0
1,107000,8,1,38,0,0
1,107000,9,1,43,0,0
1,107000,25,2,0,0,0
1,107000,34,2,0,0,0
1,107000,36,2,0,0,0
1,107000,38,2,0,0,0
1,107000,66,2,0,0,0
1,107000,68,1,53,0,0
1,107000,68,2,0,0,0
1,107000,69,2,0,0,0
1,107000,70,2,0,0,0
1,107000,92,2,0,0,0
1,107000,97,1,1,0,2
1,107000,99,2,0,0,0
1,107000,102,2,0,0,0
1,107000,104,2,0,0,0
1,107000,117,2,0,0,0
1,107000,118,2,0,0,0
1,107000,129,2,0,0,0
1,107000,130,2,0,0,0
1,107000,156,2,0,0,0
1,107000,164,2,0,0,0
1,108000,5,2,0,0,0
1,108000,14,2,0,0,0
1,108000,15,2,0,0,0
1,108000,21,1,31,0,0
1,108000,23,1,7,0,0
1,108000,25,2,0,0,0
1,108000,34,2,0,0,0
1,108000,35,1,1,0,1
1,108000,36,2,0,0,0
1,108000,38,2,0,0,0
1,108000,48,1,1,0,2
1,108000,50,1,15,0,0
1,108000,55,2,0,0,0
1,108000,57,2,0,0,0
1,108000,58,2,0,0,0
1,108000,59,2,0,0,0
1,108000,61,2,0,0,0
1,108000,63,2,0,0,0
1,108000,66,2,0,0,0
1,108000,68,2,0,0,0
1,108000,69,2,0,0,0
1,108000,70,2,0,0,0
1,108000,85,2,0,0,0
1,108000,87,2,0,0,0
1,108000,89,2,0,0,0
1,108000,90,2,0,0,0
1,108000,92,2,0,0,0
1,108000,99,2,0,0,0
1,108000,102,2,0,0,0
1,108000,103,1,39,0,0
1,108000,104,2,0,0,0
1,108000,111,1,23,0,0
1,108000,117,2,0,0,0
1,108000,126,2,0,0,0
1,108000,130,2,0,0,0
1,108000,156,2,0,0,0
1,108000,164,2,0,0,0
1,109000,33,1,1,0,1
1,109000,85,2,0,0,0
1,109000,87,2,0,0,0
1,109000,92,2,0,0,0
1,109000,99,2,0,0,0
1,109000,102,2,0,0,0
1,109000,104,2,0,0,0
1,109000,108,1,37,0,0
1,109000,114,1,45,0,0
1,109000,117,2,0,0,0
1,109000,120,1,40,0,0
1,109000,120,2,0,0,0
1,109000,123,1,1,0,2
1,109000,124,1,32,0,0
1,109000,126,2,0,0,0
1,109000,153,1,48,0,0
1,109000,153,2,0,0,0
1,109000,156,2,0,0,0
1,109000,164,2,0,0,0
1,110000,33,1,1,0,1
1,110000,63,2,0,0,0
1,110000,85,2,0,0,0
1,110000,87,2,0,0,0
1,110000,92,2,0,0,0
1,110000,99,2,0,0,0
1,110000,102,2,0,0,0
1,110000,104,2,0,0,0
1,110000,108,1,39,0,0
1,110000,114,1,49,0,0
1,110000,117,2,0,0,0
1,110000,120,1,43,0,0
1,110000,120,2,0,0,0
1,110000,123,1,1,0,2
1,110000,124,1,1,0,3
1,110000,124,1,32,0,0
1,110000,126,2,0,0,0
1,110000,153,1,53,0,0
1,110000,153,2,0,0,0
1,110000,156,2,0,0,0
1,110000,164,2,0,0,0
1,111000,23,1,30,0,0
1,111000,30,1,1,0,0
1,111000,31,1,40,0,0
1,111000,32,1,45,0,0
1,111000,32,2,0,0,0
1,111000,34,2,0,0,0
1,111000,36,1,55,0,0
1,111000,36,2,0,0,0
1,111000,38,2,0,0,0
1,111000,39,1,35,0,0
1,111000,43,1,50,0,0
1,111000,70,2,0,0,0
1,111000,85,2,0,0,0
1,111000,87,2,0,0,0
1,111000,89,2,0,0,0
1,111000,90,2,0,0,0
1,111000,91,2,0,0,0
1,111000,92,2,0,0,0
1,111000,99,2,0,0,0
1,111000,102,2,0,0,0
1,111000,104,2,0,0,0
1,111000,117,2,0,0,0
1,111000,126,2,0,0,0
1,111000,130,2,0,0,0
1,111000,156,2,0,0,0
1,111000,157,2,0,0,0
1,111000,164,2,0,0,0
1,112000,5,2,0,0,0
1,112000,6,2,0,0,0
1,112000,23,1,1,0,2
1,112000,23,1,30,0,0
1,112000,25,2,0,0,0
1,112000,30,1,1,0,1
1,112000,31,1,1,0,4
1,112000,31,1,40,0,0
1,112000,32,1,48,0,0
1,112000,32,2,0,0,0
1,112000,34,2,0,0,0
1,112000,36,1,64,0,0
1,112000,36,2,0,0,0
1,112000,38,2,0,0,0
1,112000,39,1,1,0,3
1,112000,39,1,35,0,0
1,112000,43,1,55,0,0
1,112000,55,2,0,0,0
1,112000,57,2,0,0,0
1,112000,58,2,0,0,0
1,112000,59,2,0,0,0
1,112000,61,2,0,0,0
1,112000,63,2,0,0,0
1,112000,66,2,0,0,0
1,112000,68,2,0,0,0
1,112000,69,2,0,0,0
1,112000,70,2,0,0,0
1,112000,85,2,0,0,0
1,112000,87,2,0,0,0
1,112000,89,2,0,0,0
1,112000,90,2,0,0,0
1,112000,91,2,0,0,0
1,112000,92,2,0,0,0
1,112000,99,2,0,0,0
1,112000,102,2,0,0,0
1,112000,104,2,0,0,0
1,112000,117,2,0,0,0
1,112000,126,2,0,0,0
1,112000,130,2,0,0,0
1,112000,156,2,0,0,0
1,112000,157,2,0,0,0
1,112000,164,2,0,0,0
1,113000,1,1,1,0,1
1,113000,3,1,1,0,2
1,113000,5,2,0,0,0
1,113000,25,2,0,0,0
1,113000,34,2,0,0,0
1,113000,36,2,0,0,0
1,113000,38,1,54,0,0
1,113000,38,2,0,0,0
1,113000,45,1,30,0,0
1,113000,47,1,24,0,0
1,113000,55,2,0,0,0
1,113000,58,2,0,0,0
1,113000,59,2,0,0,0
1,113000,61,2,0,0,0
1,113000,63,2,0,0,0
1,113000,66,2,0,0,0
1,113000,68,2,0,0,0
1,113000,69,2,0,0,0
1,113000,70,2,0,0,0
1,113000,76,2,0,0,0
1,113000,85,2,0,0,0
1,113000,86,2,0,0,0
1,113000,87,2,0,0,0
1,113000,92,2,0,0,0
1,113000,94,2,0,0,0
1,113000,99,2,0,0,0
1,113000,100,2,0,0,0
1,113000,102,2,0,0,0
1,113000,104,2,0,0,0
1,113000,107,1,38,0,0
1,113000,111,1,44,0,0
1,113000,113,1,48,0,0
1,113000,115,2,0,0,0
1,113000,117,2,0,0,0
1,113000,118,2,0,0,0
1,113000,121,2,0,0,0
1,113000,126,2,0,0,0
1,113000,130,2,0,0,0
1,113000,135,2,0,0,0
1,113000,148,2,0,0,0
1,113000,149,2,0,0,0
1,113000,156,2,0,0,0
1,113000,161,2,0,0,0
1,113000,164,2,0,0,0
1,114000,14,2,0,0,0
1,114000,15,2,0,0,0
1,114000,20,1,1,0,2
1,114000,21,1,45,0,0
1,114000,34,2,0,0,0
1,114000,36,2,0,0,0
1,114000,38,2,0,0,0
1,114000,63,2,0,0,0
1,114000,71,1,29,0,0
1,114000,72,2,0,0,0
1,114000,74,1,49,0,0
1,114000,76,2,0,0,0
1,114000,77,1,32,0,0
1,114000,78,1,36,0,0
1,114000,79,1,39,0,0
1,114000,92,2,0,0,0
1,114000,99,2,0,0,0
1,114000,102,2,0,0,0
1,114000,104,2,0,0,0
1,114000,117,2,0,0,0
1,114000,130,2,0,0,0
1,114000,132,1,1,0,1
1,114000,156,2,0,0,0
1,114000,164,2,0,0,0
1,115000,4,1,1,0,1
1,115000,5,1,36,0,0
1,115000,5,2,0,0,0
1,115000,25,2,0,0,0
1,115000,34,2,0,0,0
1,115000,36,2,0,0,0
1,115000,38,2,0,0,0
1,115000,39,1,31,0,0
1,115000,43,1,41,0,0
1,115000,44,1,26,0,0
1,115000,55,2,0,0,0
1,115000,57,2,0,0,0
1,115000,58,2,0,0,0
1,115000,59,2,0,0,0
1,115000,61,2,0,0,0
1,115000,63,2,0,0,0
1,115000,66,2,0,0,0
1,115000,68,2,0,0,0
1,115000,69,2,0,0,0
1,115000,70,2,0,0,0
1,115000,85,2,0,0,0
1,115000,87,2,0,0,0
1,115000,89,2,0,0,0
1,115000,90,2,0,0,0
1,115000,92,2,0,0,0
1,115000,99,1,1,0,2
1,115000,99,2,0,0,0
1,115000,102,2,0,0,0
1,115000,104,2,0,0,0
1,115000,117,2,0,0,0
1,115000,126,2,0,0,0
1,115000,130,2,0,0,0
1,115000,146,1,46,0,0
1,115000,156,2,0,0,0
1,115000,157,2,0,0,0
1,115000,164,2,0,0,0
1,116000,36,2,0,0,0
1,116000,38,2,0,0,0
1,116000,43,1,24,0,0
1,116000,55,1,30,0,0
1,116000,55,2,0,0,0
1,116000,56,1,45,0,0
1,116000,57,2,0,0,0
1,116000,58,2,0,0,0
1,116000,59,2,0,0,0
1,116000,61,2,0,0,0
1,116000,92,2,0,0,0
1,116000,97,1,37,0,0
1,116000,99,2,0,0,0
1,116000,102,2,0,0,0
1,116000,104,2,0,0,0
1,116000,108,1,19,0,0
1,116000,117,2,0,0,0
1,116000,129,2,0,0,0
1,116000,130,2,0,0,0
1,116000,145,1,1,0,0
1,116000,156,2,0,0,0
1,116000,164,2,0,0,0
1,117000,36,2,0,0,0
1,117000,38,2,0,0,0
1,117000,43,1,24,0,0
1,117000,55,1,30,0,0
1,117000,55,2,0,0,0
1,117000,56,1,52,0,0
1,117000,57,2,0,0,0
1,117000,58,2,0,0,0
1,117000,59,2,0,0,0
1,117000,61,2,0,0,0
1,117000,63,2,0,0,0
1,117000,92,2,0,0,0
1,117000,97,1,41,0,0
1,117000,99,2,0,0,0
1,117000,102,2,0,0,0
1,117000,104,2,0,0,0
1,117000,108,1,1,0,2
1,117000,108,1,19,0,0
1,117000,117,2,0,0,0
1,117000,129,2,0,0,0
1,117000,130,2,0,0,0
1,117000,145,1,1,0,1
1,117000,156,2,0,0,0
1,117000,164,2,0,0,0
1,118000,30,1,24,0,0
1,118000,31,1,30,0,0
1,118000,32,1,45,0,0
1,118000,32,2,0,0,0
1,118000,36,2,0,0,0
1,118000,38,2,0,0,0
1,118000,39,1,1,0,2
1,118000,48,1,19,0,0
1,118000,55,2,0,0,0
1,118000,57,2,0,0,0
1,118000,58,2,0,0,0
1,118000,59,2,0,0,0
1,118000,61,2,0,0,0
1,118000,64,1,1,0,1
1,118000,92,2,0,0,0
1,118000,97,1,54,0,0
1,118000,99,2,0,0,0
1,118000,102,2,0,0,0
1,118000,104,2,0,0,0
1,118000,117,2,0,0,0
1,118000,127,1,37,0,0
1,118000,129,2,0,0,0
1,118000,130,2,0,0,0
1,118000,156,2,0,0,0
1,118000,164,2,0,0,0
1,119000,30,1,24,0,0
1,119000,31,1,30,0,0
1,119000,32,1,48,0,0
1,119000,32,2,0,0,0
1,119000,36,2,0,0,0
1,119000,38,2,0,0,0
1,119000,39,1,1,0,2
1,119000,48,1,1,0,3
1,119000,48,1,19,0,0
1,119000,55,2,0,0,0
1,119000,57,2,0,0,0
1,119000,58,2,0,0,0
1,119000,59,2,0,0,0
1,119000,61,2,0,0,0
1,119000,63,2,0,0,0
1,119000,64,1,1,0,1
1,119000,92,2,0,0,0
1,119000,97,1,54,0,0
1,119000,99,2,0,0,0
1,119000,102,2,0,0,0
1,119000,104,2,0,0,0
1,119000,117,2,0,0,0
1,119000,127,1,39,0,0
1,119000,129,2,0,0,0
1,119000,130,2,0,0,0
1,119000,156,2,0,0,0
1,119000,164,2,0,0,0
1,120000,33,1,1,0,0
1,120000,36,2,0,0,0
1,120000,38,2,0,0,0
1,120000,55,1,17,0,0
1,120000,55,2,0,0,0
1,120000,56,1,47,0,0
1,120000,57,2,0,0,0
1,120000,58,2,0,0,0
1,120000,59,2,0,0,0
1,120000,61,2,0,0,0
1,120000,85,2,0,0,0
1,120000,86,2,0,0,0
1,120000,87,2,0,0,0
1,120000,92,2,0,0,0
1,120000,94,2,0,0,0
1,120000,99,2,0,0,0
1,120000,100,2,0,0,0
1,120000,102,2,0,0,0
1,120000,104,2,0,0,0
1,120000,105,1,27,0,0
1,120000,106,1,22,0,0
1,120000,107,1,37,0,0
1,120000,113,1,42,0,0
1,120000,115,2,0,0,0
1,120000,117,2,0,0,0
1,120000,129,1,32,0,0
1,120000,129,2,0,0,0
1,120000,130,2,0,0,0
1,120000,148,2,0,0,0
1,120000,149,2,0,0,0
1,120000,156,2,0,0,0
1,120000,161,2,0,0,0
1,120000,164,2,0,0,0
1,121000,33,1,1,0,1
1,121000,36,2,0,0,0
1,121000,38,2,0,0,0
1,121000,55,1,1,0,2
1,121000,55,2,0,0,0
1,121000,57,2,0,0,0
1,121000,58,2,0,0,0
1,121000,59,2,0,0,0
1,121000,61,2,0,0,0
1,121000,63,2,0,0,0
1,121000,85,2,0,0,0
1,121000,86,2,0,0,0
1,121000,87,2,0,0,0
1,121000,92,2,0,0,0
1,121000,94,2,0,0,0
1,121000,99,2,0,0,0
1,121000,100,2,0,0,0
1,121000,102,2,0,0,0
1,121000,104,2,0,0,0
1,121000,106,1,1,0,3
1,121000,115,2,0,0,0
1,121000,117,2,0,0,0
1,121000,129,2,0,0,0
1,121000,130,2,0,0,0
1,121000,148,2,0,0,0
1,121000,149,2,0,0,0
1,121000,156,2,0,0,0
1,121000,161,2,0,0,0
1,121000,164,2,0,0,0
1,122000,3,1,31,0,0
1,122000,5,2,0,0,0
1,122000,25,2,0,0,0
1,122000,34,2,0,0,0
1,122000,36,2,0,0,0
1,122000,38,2,0,0,0
1,122000,63,2,0,0,0
1,122000,66,2,0,0,0
1,122000,68,2,0,0,0
1,122000,69,2,0,0,0
1,122000,76,2,0,0,0
1,122000,85,2,0,0,0
1,122000,86,2,0,0,0
1,122000,87,2,0,0,0
1,122000,92,2,0,0,0
1,122000,93,1,1,0,1
1,122000,93,1,15,0,0
1,122000,94,2,0,0,0
1,122000,96,1,39,0,0
1,122000,99,2,0,0,0
1,122000,100,2,0,0,0
1,122000,102,2,0,0,0
1,122000,104,2,0,0,0
1,122000,112,1,1,0,2
1,122000,113,1,23,0,0
1,122000,115,2,0,0,0
1,122000,117,2,0,0,0
1,122000,118,2,0,0,0
1,122000,130,2,0,0,0
1,122000,148,2,0,0,0
1,122000,149,2,0,0,0
1,122000,156,2,0,0,0
1,122000,164,1,47,0,0
1,122000,164,2,0,0,0
1,123000,14,1,35,0,0
1,123000,14,2,0,0,0
1,123000,15,2,0,0,0
1,123000,36,2,0,0,0
1,123000,38,2,0,0,0
1,123000,43,1,17,0,0
1,123000,63,2,0,0,0
1,123000,92,2,0,0,0
1,123000,97,1,42,0,0
1,123000,98,1,1,0,0
1,123000,99,2,0,0,0
1,123000,102,2,0,0,0
1,123000,104,1,24,0,0
1,123000,104,2,0,0,0
1,123000,116,1,20,0,0
1,123000,117,2,0,0,0
1,123000,129,2,0,0,0
1,123000,130,2,0,0,0
1,123000,156,2,0,0,0
1,123000,163,1,29,0,0
1,123000,164,2,0,0,0
1,124000,1,1,1,0,1
1,124000,3,1,23,0,0
1,124000,5,2,0,0,0
1,124000,8,1,31,0,0
1,124000,25,2,0,0,0
1,124000,34,1,39,0,0
1,124000,34,2,0,0,0
1,124000,36,2,0,0,0
1,124000,37,1,47,0,0
1,124000,38,2,0,0,0
1,124000,55,2,0,0,0
1,124000,58,2,0,0,0
1,124000,59,1,58,0,0
1,124000,59,2,0,0,0
1,124000,61,2,0,0,0
1,124000,63,2,0,0,0
1,124000,66,2,0,0,0
1,124000,68,2,0,0,0
1,124000,69,2,0,0,0
1,124000,92,2,0,0,0
1,124000,94,2,0,0,0
1,124000,99,2,0,0,0
1,124000,100,2,0,0,0
1,124000,102,2,0,0,0
1,124000,104,2,0,0,0
1,124000,115,2,0,0,0
1,124000,117,2,0,0,0
1,124000,118,2,0,0,0
1,124000,122,1,18,0,0
1,124000,130,2,0,0,0
1,124000,142,1,1,0,2
1,124000,149,2,0,0,0
1,124000,156,2,0,0,0
1,124000,164,2,0,0,0
1,125000,5,2,0,0,0
1,125000,9,1,42,0,0
1,125000,25,2,0,0,0
1,125000,34,2,0,0,0
1,125000,36,2,0,0,0
1,125000,38,2,0,0,0
1,125000,43,1,1,0,2
1,125000,63,2,0,0,0
1,125000,66,2,0,0,0
1,125000,68,2,0,0,0
1,125000,69,2,0,0,0
1,125000,70,2,0,0,0
1,125000,84,1,34,0,0
1,125000,85,2,0,0,0
1,125000,86,2,0,0,0
1,125000,87,1,54,0,0
1,125000,87,2,0,0,0
1,125000,92,2,0,0,0
1,125000,94,2,0,0,0
1,125000,98,1,1,0,1
1,125000,99,2,0,0,0
1,125000,100,2,0,0,0
1,125000,102,2,0,0,0
1,125000,103,1,37,0,0
1,125000,104,2,0,0,0
1,125000,113,1,49,0,0
1,125000,115,2,0,0,0
1,125000,117,2,0,0,0
1,125000,118,2,0,0,0
1,125000,129,2,0,0,0
1,125000,130,2,0,0,0
1,125000,148,2,0,0,0
1,125000,149,2,0,0,0
1,125000,156,2,0,0,0
1,125000,164,2,0,0,0
1,126000,5,2,0,0,0
1,126000,7,1,43,0,0
1,126000,25,2,0,0,0
1,126000,34,2,0,0,0
1,126000,36,2,0,0,0
1,126000,38,2,0,0,0
1,126000,43,1,36,0,0
1,126000,52,1,1,0,0
1,126000,53,1,55,0,0
1,126000,63,2,0,0,0
1,126000,66,2,0,0,0
1,126000,68,2,0,0,0
1,126000,69,2,0,0,0
1,126000,70,2,0,0,0
1,126000,92,2,0,0,0
1,126000,94,2,0,0,0
1,126000,99,2,0,0,0
1,126000,100,2,0,0,0
1,126000,102,2,0,0,0
1,126000,104,2,0,0,0
1,126000,108,1,48,0,0
1,126000,109,1,39,0,0
1,126000,117,2,0,0,0
1,126000,118,2,0,0,0
1,126000,123,1,52,0,0
1,126000,126,2,0,0,0
1,126000,130,2,0,0,0
1,126000,149,2,0,0,0
1,126000,156,2,0,0,0
1,126000,164,2,0,0,0
1,127000,11,1,1,0,0
1,127000,12,1,30,0,0
1,127000,14,1,54,0,0
1,127000,14,2,0,0,0
1,127000,15,2,0,0,0
1,127000,34,2,0,0,0
1,127000,36,2,0,0,0
1,127000,38,2,0,0,0
1,127000,63,2,0,0,0
1,127000,66,2,0,0,0
1,127000,69,1,25,0,0
1,127000,69,2,0,0,0
1,127000,70,2,0,0,0
1,127000,92,2,0,0,0
1,127000,99,2,0,0,0
1,127000,102,2,0,0,0
1,127000,104,2,0,0,0
1,127000,106,1,43,0,0
1,127000,116,1,36,0,0
1,127000,117,2,0,0,0
1,127000,156,2,0,0,0
1,127000,163,1,49,0,0
1,127000,164,2,0,0,0
1,128000,23,1,21,0,0
1,128000,32,2,0,0,0
1,128000,33,1,1,0,0
1,128000,34,2,0,0,0
1,128000,36,1,51,0,0
1,128000,36,2,0,0,0
1,128000,38,2,0,0,0
1,128000,39,1,28,0,0
1,128000,43,1,35,0,0
1,128000,58,2,0,0,0
1,128000,59,2,0,0,0
1,128000,63,2,0,0,0
1,128000,70,2,0,0,0
1,128000,85,2,0,0,0
1,128000,87,2,0,0,0
1,128000,89,2,0,0,0
1,128000,90,2,0,0,0
1,128000,92,2,0,0,0
1,128000,99,1,44,0,0
1,128000,99,2,0,0,0
1,128000,102,2,0,0,0
1,128000,104,2,0,0,0
1,128000,117,2,0,0,0
1,128000,126,2,0,0,0
1,128000,130,2,0,0,0
1,128000,156,2,0,0,0
1,128000,164,2,0,0,0
1,129000,33,1,15,0,0
1,129000,150,1,1,0,0
1,130000,34,2,0,0,0
1,130000,36,2,0,0,0
1,130000,38,2,0,0,0
1,130000,43,1,1,0,3
1,130000,43,1,32,0,0
1,130000,44,1,1,0,1
1,130000,44,1,20,0,0
1,130000,55,2,0,0,0
1,130000,56,1,1,0,4
1,130000,56,1,41,0,0
1,130000,57,2,0,0,0
1,130000,58,2,0,0,0
1,130000,59,2,0,0,0
1,130000,61,2,0,0,0
1,130000,63,1,52,0,0
1,130000,63,2,0,0,0
1,130000,70,2,0,0,0
1,130000,82,1,1,0,2
1,130000,82,1,25,0,0
1,130000,82,2,0,0,0
1,130000,85,2,0,0,0
1,130000,87,2,0,0,0
1,130000,92,2,0,0,0
1,130000,99,2,0,0,0
1,130000,102,2,0,0,0
1,130000,104,2,0,0,0
1,130000,115,2,0,0,0
1,130000,117,2,0,0,0
1,130000,126,2,0,0,0
1,130000,130,2,0,0,0
1,130000,156,2,0,0,0
1,130000,164,2,0,0,0
1,131000,32,2,0,0,0
1,131000,34,1,25,0,0
1,131000,34,2,0,0,0
1,131000,36,2,0,0,0
1,131000,38,2,0,0,0
1,131000,45,1,1,0,2
1,131000,47,1,16,0,0
1,131000,54,1,20,0,0
1,131000,55,1,1,0,1
1,131000,55,2,0,0,0
1,131000,56,1,46,0,0
1,131000,57,2,0,0,0
1,131000,58,1,38,0,0
1,131000,58,2,0,0,0
1,131000,59,2,0,0,0
1,131000,61,2,0,0,0
1,131000,63,2,0,0,0
1,131000,70,2,0,0,0
1,131000,76,2,0,0,0
1,131000,82,2,0,0,0
1,131000,85,2,0,0,0
1,131000,87,2,0,0,0
1,131000,92,2,0,0,0
1,131000,94,2,0,0,0
1,131000,99,2,0,0,0
1,131000,102,2,0,0,0
1,131000,104,2,0,0,0
1,131000,109,1,31,0,0
1,131000,115,2,0,0,0
1,131000,117,2,0,0,0
1,131000,130,2,0,0,0
1,131000,149,2,0,0,0
1,131000,156,2,0,0,0
1,131000,164,2,0,0,0
1,132000,144,1,1,0,0
1,133000,28,1,1,0,2
1,133000,33,1,1,0,1
1,133000,34,2,0,0,0
1,133000,36,1,45,0,0
1,133000,36,2,0,0,0
1,133000,38,2,0,0,0
1,133000,39,1,31,0,0
1,133000,44,1,37,0,0
1,133000,92,2,0,0,0
1,133000,98,1,27,0,0
1,133000,99,2,0,0,0
1,133000,102,2,0,0,0
1,133000,104,2,0,0,0
1,133000,115,2,0,0,0
1,133000,117,2,0,0,0
1,133000,129,2,0,0,0
1,133000,130,2,0,0,0
1,133000,156,2,0,0,0
1,133000,164,2,0,0,0
1,134000,28,1,1,0,2
1,134000,33,1,1,0,1
1,134000,34,2,0,0,0
1,134000,36,2,0,0,0
1,134000,38,2,0,0,0
1,134000,39,1,37,0,0
1,134000,44,1,40,0,0
1,134000,54,1,48,0,0
1,134000,55,1,1,0,4
1,134000,55,1,31,0,0
1,134000,55,2,0,0,0
1,134000,56,1,54,0,0
1,134000,57,2,0,0,0
1,134000,58,2,0,0,0
1,134000,59,2,0,0,0
1,134000,61,2,0,0,0
1,134000,63,2,0,0,0
1,134000,92,2,0,0,0
1,134000,98,1,1,0,3
1,134000,98,1,27,0,0
1,134000,99,2,0,0,0
1,134000,102,2,0,0,0
1,134000,104,2,0,0,0
1,134000,114,1,44,0,0
1,134000,115,2,0,0,0
1,134000,117,2,0,0,0
1,134000,129,2,0,0,0
1,134000,130,2,0,0,0
1,134000,151,1,42,0,0
1,134000,156,2,0,0,0
1,134000,164,2,0,0,0
1,135000,24,1,42,0,0
1,135000,28,1,1,0,2
1,135000,33,1,1,0,1
1,135000,34,2,0,0,0
1,135000,36,2,0,0,0
1,135000,38,2,0,0,0
1,135000,39,1,37,0,0
1,135000,42,1,48,0,0
1,135000,63,2,0,0,0
1,135000,84,1,1,0,4
1,135000,84,1,31,0,0
1,135000,85,2,0,0,0
1,135000,86,1,40,0,0
1,135000,86,2,0,0,0
1,135000,87,1,54,0,0
1,135000,87,2,0,0,0
1,135000,92,2,0,0,0
1,135000,97,1,44,0,0
1,135000,98,1,1,0,3
1,135000,98,1,27,0,0
1,135000,99,2,0,0,0
1,135000,102,2,0,0,0
1,135000,104,2,0,0,0
1,135000,115,2,0,0,0
1,135000,117,2,0,0,0
1,135000,129,2,0,0,0
1,135000,130,2,0,0,0
1,135000,148,2,0,0,0
1,135000,156,2,0,0,0
1,135000,164,2,0,0,0
1,136000,28,1,1,0,2
1,136000,33,1,1,0,1
1,136000,34,2,0,0,0
1,136000,36,2,0,0,0
1,136000,38,2,0,0,0
1,136000,39,1,37,0,0
1,136000,43,1,42,0,0
1,136000,44,1,40,0,0
1,136000,52,1,1,0,4
1,136000,52,1,31,0,0
1,136000,53,1,54,0,0
1,136000,63,2,0,0,0
1,136000,83,1,44,0,0
1,136000,92,2,0,0,0
1,136000,98,1,1,0,3
1,136000,98,1,27,0,0
1,136000,99,1,48,0,0
1,136000,99,2,0,0,0
1,136000,102,2,0,0,0
1,136000,104,2,0,0,0
1,136000,115,2,0,0,0
1,136000,117,2,0,0,0
1,136000,126,2,0,0,0
1,136000,129,2,0,0,0
1,136000,130,2,0,0,0
1,136000,156,2,0,0,0
1,136000,164,2,0,0,0
1,137000,33,1,1,0,1
1,137000,36,2,0,0,0
1,137000,38,2,0,0,0
1,137000,58,2,0,0,0
1,137000,59,2,0,0,0
1,137000,60,1,23,0,0
1,137000,63,2,0,0,0
1,137000,85,2,0,0,0
1,137000,86,2,0,0,0
1,137000,87,2,0,0,0
1,137000,92,2,0,0,0
1,137000,94,2,0,0,0
1,137000,97,1,35,0,0
1,137000,99,2,0,0,0
1,137000,100,2,0,0,0
1,137000,102,2,0,0,0
1,137000,104,2,0,0,0
1,137000,105,1,28,0,0
1,137000,115,2,0,0,0
1,137000,117,2,0,0,0
1,137000,129,2,0,0,0
1,137000,130,2,0,0,0
1,137000,148,2,0,0,0
1,137000,149,2,0,0,0
1,137000,156,2,0,0,0
1,137000,159,1,1,0,2
1,137000,160,1,1,0,3
1,137000,161,1,42,0,0
1,137000,161,2,0,0,0
1,137000,164,2,0,0,0
1,138000,30,1,34,0,0
1,138000,34,2,0,0,0
1,138000,36,2,0,0,0
1,138000,38,2,0,0,0
1,138000,43,1,39,0,0
1,138000,55,1,1,0,1
1,138000,55,2,0,0,0
1,138000,56,1,53,0,0
1,138000,57,2,0,0,0
1,138000,58,2,0,0,0
1,138000,59,2,0,0,0
1,138000,61,2,0,0,0
1,138000,92,2,0,0,0
1,138000,99,2,0,0,0
1,138000,102,2,0,0,0
1,138000,104,2,0,0,0
1,138000,110,1,1,0,2
1,138000,115,2,0,0,0
1,138000,117,2,0,0,0
1,138000,131,1,46,0,0
1,138000,156,2,0,0,0
1,138000,164,2,0,0,0
1,139000,30,1,1,0,3
1,139000,30,1,34,0,0
1,139000,32,2,0,0,0
1,139000,34,2,0,0,0
1,139000,36,2,0,0,0
1,139000,38,2,0,0,0
1,139000,43,1,39,0,0
1,139000,55,1,1,0,1
1,139000,55,2,0,0,0
1,139000,56,1,49,0,0
1,139000,57,2,0,0,0
1,139000,58,2,0,0,0
1,139000,59,2,0,0,0
1,139000,61,2,0,0,0
1,139000,63,2,0,0,0
1,139000,66,2,0,0,0
1,139000,69,2,0,0,0
1,139000,92,2,0,0,0
1,139000,99,2,0,0,0
1,139000,102,2,0,0,0
1,139000,104,2,0,0,0
1,139000,110,1,1,0,2
1,139000,115,2,0,0,0
1,139000,117,2,0,0,0
1,139000,130,2,0,0,0
1,139000,131,1,44,0,0
1,139000,156,2,0,0,0
1,139000,164,2,0,0,0
1,140000,10,1,1,0,1
1,140000,34,2,0,0,0
1,140000,36,2,0,0,0
1,140000,38,2,0,0,0
1,140000,43,1,44,0,0
1,140000,55,2,0,0,0
1,140000,56,1,49,0,0
1,140000,57,2,0,0,0
1,140000,58,2,0,0,0
1,140000,59,2,0,0,0
1,140000,61,2,0,0,0
1,140000,71,1,34,0,0
1,140000,92,2,0,0,0
1,140000,99,2,0,0,0
1,140000,102,2,0,0,0
1,140000,104,2,0,0,0
1,140000,106,1,1,0,2
1,140000,115,2,0,0,0
1,140000,117,2,0,0,0
1,140000,156,2,0,0,0
1,140000,163,1,39,0,0
1,140000,164,2,0,0,0
1,141000,10,1,1,0,1
1,141000,13,2,0,0,0
1,141000,14,2,0,0,0
1,141000,25,2,0,0,0
1,141000,34,2,0,0,0
1,141000,36,2,0,0,0
1,141000,38,2,0,0,0
1,141000,43,1,46,0,0
1,141000,55,2,0,0,0
1,141000,56,1,53,0,0
1,141000,57,2,0,0,0
1,141000,58,2,0,0,0
1,141000,59,2,0,0,0
1,141000,61,2,0,0,0
1,141000,63,2,0,0,0
1,141000,66,2,0,0,0
1,141000,69,2,0,0,0
1,141000,71,1,1,0,3
1,141000,71,1,34,0,0
1,141000,92,2,0,0,0
1,141000,99,2,0,0,0
1,141000,102,2,0,0,0
1,141000,104,2,0,0,0
1,141000,106,1,1,0,2
1,141000,115,2,0,0,0
1,141000,117,2,0,0,0
1,141000,130,2,0,0,0
1,141000,156,2,0,0,0
1,141000,163,1,39,0,0
1,141000,164,2,0,0,0
1,142000,13,2,0,0,0
1,142000,17,1,1,0,1
1,142000,18,2,0,0,0
1,142000,19,2,0,0,0
1,142000,36,1,45,0,0
1,142000,36,2,0,0,0
1,142000,38,2,0,0,0
1,142000,44,1,38,0,0
1,142000,48,1,33,0,0
1,142000,63,1,54,0,0
1,142000,63,2,0,0,0
1,142000,82,2,0,0,0
1,142000,92,2,0,0,0
1,142000,97,1,1,0,2
1,142000,99,2,0,0,0
1,142000,102,2,0,0,0
1,142000,104,2,0,0,0
1,142000,115,2,0,0,0
1,142000,117,2,0,0,0
1,142000,126,2,0,0,0
1,142000,129,2,0,0,0
1,142000,143,2,0,0,0
1,142000,156,2,0,0,0
1,142000,164,2,0,0,0
1,143000,5,2,0,0,0
1,143000,6,2,0,0,0
1,143000,25,2,0,0,0
1,143000,29,1,1,0,1
1,143000,34,1,35,0,0
1,143000,34,2,0,0,0
1,143000,36,2,0,0,0
1,143000,38,1,48,0,0
1,143000,38,2,0,0,0
1,143000,55,2,0,0,0
1,143000,57,2,0,0,0
1,143000,58,2,0,0,0
1,143000,59,2,0,0,0
1,143000,61,2,0,0,0
1,143000,63,1,56,0,0
1,143000,63,2,0,0,0
1,143000,66,2,0,0,0
1,143000,68,2,0,0,0
1,143000,69,2,0,0,0
1,143000,70,2,0,0,0
1,143000,76,2,0,0,0
1,143000,85,2,0,0,0
1,143000,87,2,0,0,0
1,143000,89,2,0,0,0
1,143000,90,2,0,0,0
1,143000,92,2,0,0,0
1,143000,94,2,0,0,0
1,143000,99,2,0,0,0
1,143000,102,2,0,0,0
1,143000,104,2,0,0,0
1,143000,106,1,41,0,0
1,143000,115,2,0,0,0
1,143000,117,2,0,0,0
1,143000,118,2,0,0,0
1,143000,120,2,0,0,0
1,143000,126,2,0,0,0
1,143000,130,2,0,0,0
1,143000,133,1,1,0,2
1,143000,149,2,0,0,0
1,143000,156,1,1,0,3
1,143000,156,2,0,0,0
1,143000,157,2,0,0,0
1,143000,164,2,0,0,0
1,144000,13,2,0,0,0
1,144000,18,2,0,0,0
1,144000,19,2,0,0,0
1,144000,36,2,0,0,0
1,144000,38,2,0,0,0
1,144000,54,1,60,0,0
1,144000,55,2,0,0,0
1,144000,58,1,1,0,2
1,144000,58,2,0,0,0
1,144000,59,1,51,0,0
1,144000,59,2,0,0,0
1,144000,61,2,0,0,0
1,144000,63,2,0,0,0
1,144000,64,1,1,0,1
1,144000,92,2,0,0,0
1,144000,97,1,55,0,0
1,144000,99,2,0,0,0
1,144000,102,2,0,0,0
1,144000,104,2,0,0,0
1,144000,115,2,0,0,0
1,144000,117,2,0,0,0
1,144000,129,2,0,0,0
1,144000,143,2,0,0,0
1,144000,156,2,0,0,0
1,144000,164,2,0,0,0
1,145000,13,2,0,0,0
1,145000,18,2,0,0,0
1,145000,19,2,0,0,0
1,145000,36,2,0,0,0
1,145000,38,2,0,0,0
1,145000,63,2,0,0,0
1,145000,65,1,1,0,2
1,145000,84,1,1,0,1
1,145000,85,2,0,0,0
1,145000,86,2,0,0,0
1,145000,87,1,51,0,0
1,145000,87,2,0,0,0
1,145000,92,2,0,0,0
1,145000,97,1,55,0,0
1,145000,99,2,0,0,0
1,145000,102,2,0,0,0
1,145000,104,2,0,0,0
1,145000,113,1,60,0,0
1,145000,115,2,0,0,0
1,145000,117,2,0,0,0
1,145000,129,2,0,0,0
1,145000,143,2,0,0,0
1,145000,148,2,0,0,0
1,145000,156,2,0,0,0
1,145000,164,2,0,0,0
1,146000,13,2,0,0,0
1,146000,18,2,0,0,0
1,146000,19,2,0,0,0
1,146000,36,2,0,0,0
1,146000,38,2,0,0,0
1,146000,43,1,51,0,0
1,146000,63,2,0,0,0
1,146000,64,1,1,0,1
1,146000,83,1,1,0,2
1,146000,92,2,0,0,0
1,146000,97,1,55,0,0
1,146000,99,2,0,0,0
1,146000,102,2,0,0,0
1,146000,104,2,0,0,0
1,146000,115,2,0,0,0
1,146000,117,2,0,0,0
1,146000,126,2,0,0,0
1,146000,129,2,0,0,0
1,146000,143,1,60,0,0
1,146000,143,2,0,0,0
1,146000,156,2,0,0,0
1,146000,164,2,0,0,0
1,147000,21,1,30,0,0
1,147000,34,2,0,0,0
1,147000,35,1,1,0,1
1,147000,36,2,0,0,0
1,147000,38,2,0,0,0
1,147000,43,1,1,0,2
1,147000,55,2,0,0,0
1,147000,57,2,0,0,0
1,147000,58,2,0,0,0
1,147000,59,2,0,0,0
1,147000,61,2,0,0,0
1,147000,63,1,50,0,0
1,147000,82,1,40,0,0
1,147000,82,2,0,0,0
1,147000,85,2,0,0,0
1,147000,86,1,10,0,0
1,147000,86,2,0,0,0
1,147000,87,2,0,0,0
1,147000,92,2,0,0,0
1,147000,97,1,20,0,0
1,147000,99,2,0,0,0
1,147000,102,2,0,0,0
1,147000,104,2,0,0,0
1,147000,115,2,0,0,0
1,147000,117,2,0,0,0
1,147000,126,2,0,0,0
1,147000,129,2,0,0,0
1,147000,130,2,0,0,0
1,147000,156,2,0,0,0
1,147000,164,2,0,0,0
1,148000,21,1,35,0,0
1,148000,32,2,0,0,0
1,148000,34,2,0,0,0
1,148000,35,1,1,0,1
1,148000,36,2,0,0,0
1,148000,38,2,0,0,0
1,148000,43,1,1,0,2
1,148000,55,2,0,0,0
1,148000,57,2,0,0,0
1,148000,58,2,0,0,0
1,148000,59,2,0,0,0
1,148000,61,2,0,0,0
1,148000,63,1,55,0,0
1,148000,82,1,45,0,0
1,148000,82,2,0,0,0
1,148000,85,2,0,0,0
1,148000,86,1,1,0,3
1,148000,86,1,10,0,0
1,148000,86,2,0,0,0
1,148000,87,2,0,0,0
1,148000,92,2,0,0,0
1,148000,97,1,20,0,0
1,148000,99,2,0,0,0
1,148000,102,2,0,0,0
1,148000,104,2,0,0,0
1,148000,115,2,0,0,0
1,148000,117,2,0,0,0
1,148000,126,2,0,0,0
1,148000,129,2,0,0,0
1,148000,130,2,0,0,0
1,148000,156,2,0,0,0
1,148000,164,2,0,0,0
1,149000,13,2,0,0,0
1,149000,21,1,35,0,0
1,149000,32,2,0,0,0
1,149000,34,2,0,0,0
1,149000,35,1,1,0,1
1,149000,36,2,0,0,0
1,149000,38,2,0,0,0
1,149000,43,1,1,0,2
1,149000,55,2,0,0,0
1,149000,57,2,0,0,0
1,149000,58,2,0,0,0
1,149000,59,2,0,0,0
1,149000,61,2,0,0,0
1,149000,63,1,60,0,0
1,149000,63,2,0,0,0
1,149000,70,2,0,0,0
1,149000,82,1,45,0,0
1,149000,82,2,0,0,0
1,149000,85,2,0,0,0
1,149000,86,1,1,0,3
1,149000,86,1,10,0,0
1,149000,86,2,0,0,0
1,149000,87,2,0,0,0
1,149000,92,2,0,0,0
1,149000,97,1,1,0,4
1,149000,97,1,20,0,0
1,149000,99,2,0,0,0
1,149000,102,2,0,0,0
1,149000,104,2,0,0,0
1,149000,115,2,0,0,0
1,149000,117,2,0,0,0
1,149000,126,2,0,0,0
1,149000,129,2,0,0,0
1,149000,130,2,0,0,0
1,149000,156,2,0,0,0
1,149000,164,2,0,0,0
1,150000,5,2,0,0,0
1,150000,6,2,0,0,0
1,150000,25,2,0,0,0
1,150000,34,2,0,0,0
1,150000,36,2,0,0,0
1,150000,38,2,0,0,0
1,150000,50,1,1,0,2
1,150000,54,1,75,0,0
1,150000,55,2,0,0,0
1,150000,58,2,0,0,0
1,150000,59,2,0,0,0
1,150000,61,2,0,0,0
1,150000,63,2,0,0,0
1,150000,66,2,0,0,0
1,150000,68,2,0,0,0
1,150000,69,2,0,0,0
1,150000,70,2,0,0,0
1,150000,76,2,0,0,0
1,150000,85,2,0,0,0
1,150000,86,2,0,0,0
1,150000,87,2,0,0,0
1,150000,92,2,0,0,0
1,150000,93,1,1,0,1
1,150000,94,1,1,0,4
1,150000,94,1,66,0,0
1,150000,94,2,0,0,0
1,150000,99,2,0,0,0
1,150000,100,2,0,0,0
1,150000,102,2,0,0,0
1,150000,104,2,0,0,0
1,150000,105,1,70,0,0
1,150000,112,1,63,0,0
1,150000,115,2,0,0,0
1,150000,117,2,0,0,0
1,150000,118,2,0,0,0
1,150000,120,2,0,0,0
1,150000,126,2,0,0,0
1,150000,129,1,1,0,3
1,150000,130,2,0,0,0
1,150000,133,1,81,0,0
1,150000,148,2,0,0,0
1,150000,149,2,0,0,0
1,150000,156,2,0,0,0
1,150000,161,2,0,0,0
1,150000,164,2,0,0,0
1,151000,1,1,1,0,0
1,151000,5,1,20,0,0
1,151000,5,2,0,0,0
1,151000,6,2,0,0,0
1,151000,13,2,0,0,0
1,151000,14,2,0,0,0
1,151000,15,2,0,0,0
1,151000,18,2,0,0,0
1,151000,19,2,0,0,0
1,151000,25,2,0,0,0
1,151000,32,2,0,0,0
1,151000,34,2,0,0,0
1,151000,36,2,0,0,0
1,151000,38,2,0,0,0
1,151000,55,2,0,0,0
1,151000,57,2,0,0,0
1,151000,58,2,0,0,0
1,151000,59,2,0,0,0
1,151000,61,2,0,0,0
1,151000,63,2,0,0,0
1,151000,66,2,0,0,0
1,151000,68,2,0,0,0
1,151000,69,2,0,0,0
1,151000,70,2,0,0,0
1,151000,72,2,0,0,0
1,151000,76,2,0,0,0
1,151000,82,2,0,0,0
1,151000,85,2,0,0,0
1,151000,86,2,0,0,0
1,151000,87,2,0,0,0
1,151000,89,2,0,0,0
1,151000,90,2,0,0,0
1,151000,91,2,0,0,0
1,151000,92,2,0,0,0
1,151000,94,1,40,0,0
1,151000,94,2,0,0,0
1,151000,99,2,0,0,0
1,151000,100,2,0,0,0
1,151000,102,2,0,0,0
1,151000,104,2,0,0,0
1,151000,115,2,0,0,0
1,151000,117,2,0,0,0
1,151000,118,1,30,0,0
1,151000,118,2,0,0,0
1,151000,120,2,0,0,0
1,151000,121,2,0,0,0
1,151000,126,2,0,0,0
1,151000,129,2,0,0,0
1,151000,130,2,0,0,0
1,151000,135,2,0,0,0
1,151000,138,2,0,0,0
1,151000,143,2,0,0,0
1,151000,144,1,10,0,0
1,151000,148,2,0,0,0
1,151000,149,2,0,0,0
1,151000,153,2,0,0,0
1,151000,156,2,0,0,0
1,151000,157,2,0,0,0
1,151000,161,2,0,0,0
1,151000,164,2,0,0,0
2,1000,14,2,0,0,0
2,1000,15,2,0,0,0
2,1000,22,1,13,0,0
2,1000,33,1,1,0,1
2,1000,34,2,0,0,0
2,1000,36,2,0,0,0
2,1000,38,2,0,0,0
2,1000,45,1,1,0,2
2,1000,72,2,0,0,0
2,1000,73,1,7,0,0
2,1000,74,1,34,0,0
2,1000,75,1,27,0,0
2,1000,76,1,48,0,0
2,1000,76,2,0,0,0
2,1000,77,1,20,0,0
2,1000,79,1,41,0,0
2,1000,92,2,0,0,0
2,1000,99,2,0,0,0
2,1000,102,2,0,0,0
2,1000,104,2,0,0,0
2,1000,115,2,0,0,0
2,1000,117,2,0,0,0
2,1000,156,2,0,0,0
2,1000,164,2,0,0,0
2,2000,14,2,0,0,0
2,2000,15,2,0,0,0
2,2000,22,1,13,0,0
2,2000,33,1,1,0,1
2,2000,34,2,0,0,0
2,2000,36,2,0,0,0
2,2000,38,2,0,0,0
2,2000,45,1,1,0,2
2,2000,72,2,0,0,0
2,2000,73,1,1,0,3
2,2000,73,1,7,0,0
2,2000,74,1,38,0,0
2,2000,75,1,30,0,0
2,2000,76,1,54,0,0
2,2000,76,2,0,0,0
2,2000,77,1,22,0,0
2,2000,79,1,46,0,0
2,2000,92,2,0,0,0
2,2000,99,2,0,0,0
2,2000,102,2,0,0,0
2,2000,104,2,0,0,0
2,2000,115,2,0,0,0
2,2000,117,2,0,0,0
2,2000,156,2,0,0,0
2,2000,164,2,0,0,0
2,3000,14,2,0,0,0
2,3000,15,2,0,0,0
2,3000,22,1,1,0,4
2,3000,22,1,13,0,0
2,3000,33,1,1,0,1
2,3000,34,2,0,0,0
2,3000,36,2,0,0,0
2,3000,38,2,0,0,0
2,3000,45,1,1,0,2
2,3000,63,2,0,0,0
2,3000,72,2,0,0,0
2,3000,73,1,1,0,3
2,3000,73,1,7,0,0
2,3000,74,1,43,0,0
2,3000,75,1,30,0,0
2,3000,76,1,65,0,0
2,3000,76,2,0,0,0
2,3000,77,1,22,0,0
2,3000,79,1,55,0,0
2,3000,92,2,0,0,0
2,3000,99,2,0,0,0
2,3000,102,2,0,0,0
2,3000,104,2,0,0,0
2,3000,115,2,0,0,0
2,3000,117,2,0,0,0
2,3000,156,2,0,0,0
2,3000,164,2,0,0,0
2,4000,5,2,0,0,0
2,4000,10,1,1,0,1
2,4000,14,2,0,0,0
2,4000,15,2,0,0,0
2,4000,25,2,0,0,0
2,4000,34,2,0,0,0
2,4000,36,2,0,0,0
2,4000,38,2,0,0,0
2,4000,43,1,15,0,0
2,4000,45,1,1,0,2
2,4000,52,1,9,0,0
2,4000,53,1,38,0,0
2,4000,66,2,0,0,0
2,4000,68,2,0,0,0
2,4000,69,2,0,0,0
2,4000,70,2,0,0,0
2,4000,82,2,0,0,0
2,4000,83,1,46,0,0
2,4000,91,2,0,0,0
2,4000,92,2,0,0,0
2,4000,99,1,22,0,0
2,4000,99,2,0,0,0
2,4000,102,2,0,0,0
2,4000,104,2,0,0,0
2,4000,115,2,0,0,0
2,4000,117,2,0,0,0
2,4000,126,2,0,0,0
2,4000,129,2,0,0,0
2,4000,130,2,0,0,0
2,4000,156,2,0,0,0
2,4000,163,1,30,0,0
2,4000,164,2,0,0,0
2,5000,5,2,0,0,0
2,5000,10,1,1,0,1
2,5000,14,2,0,0,0
2,5000,15,2,0,0,0
2,5000,25,2,0,0,0
2,5000,34,2,0,0,0
2,5000,36,2,0,0,0
2,5000,38,2,0,0,0
2,5000,43,1,15,0,0
2,5000,45,1,1,0,2
2,5000,52,1,1,0,3
2,5000,52,1,9,0,0
2,5000,53,1,42,0,0
2,5000,66,2,0,0,0
2,5000,68,2,0,0,0
2,5000,69,2,0,0,0
2,5000,70,2,0,0,0
2,5000,82,2,0,0,0
2,5000,83,1,56,0,0
2,5000,91,2,0,0,0
2,5000,92,2,0,0,0
2,5000,99,1,24,0,0
2,5000,99,2,0,0,0
2,5000,102,2,0,0,0
2,5000,104,2,0,0,0
2,5000,115,2,0,0,0
2,5000,117,2,0,0,0
2,5000,126,2,0,0,0
2,5000,129,2,0,0,0
2,5000,130,2,0,0,0
2,5000,156,2,0,0,0
2,5000,163,1,33,0,0
2,5000,164,2,0,0,0
2,6000,5,2,0,0,0
2,6000,10,1,1,0,1
2,6000,14,2,0,0,0
2,6000,15,2,0,0,0
2,6000,25,2,0,0,0
2,6000,34,2,0,0,0
2,6000,36,2,0,0,0
2,6000,38,2,0,0,0
2,6000,43,1,1,0,4
2,6000,43,1,15,0,0
2,6000,45,1,1,0,2
2,6000,52,1,1,0,3
2,6000,52,1,9,0,0
2,6000,53,1,46,0,0
2,6000,63,2,0,0,0
2,6000,66,2,0,0,0
2,6000,68,2,0,0,0
2,6000,69,2,0,0,0
2,6000,70,2,0,0,0
2,6000,82,2,0,0,0
2,6000,83,1,55,0,0
2,6000,89,2,0,0,0
2,6000,90,2,0,0,0
2,6000,91,2,0,0,0
2,6000,92,2,0,0,0
2,6000,99,1,24,0,0
2,6000,99,2,0,0,0
2,6000,102,2,0,0,0
2,6000,104,2,0,0,0
2,6000,115,2,0,0,0
2,6000,117,2,0,0,0
2,6000,126,2,0,0,0
2,6000,129,2,0,0,0
2,6000,130,2,0,0,0
2,6000,156,2,0,0,0
2,6000,163,1,36,0,0
2,6000,164,2,0,0,0
2,7000,5,2,0,0,0
2,7000,25,2,0,0,0
2,7000,33,1,1,0,1
2,7000,34,2,0,0,0
2,7000,36,2,0,0,0
2,7000,38,2,0,0,0
2,7000,39,1,1,0,2
2,7000,44,1,22,0,0
2,7000,55,1,15,0,0
2,7000,55,2,0,0,0
2,7000,56,1,42,0,0
2,7000,57,2,0,0,0
2,7000,58,2,0,0,0
2,7000,59,2,0,0,0
2,7000,61,2,0,0,0
2,7000,66,2,0,0,0
2,7000,68,2,0,0,0
2,7000,69,2,0,0,0
2,7000,70,2,0,0,0
2,7000,91,2,0,0,0
2,7000,92,2,0,0,0
2,7000,99,2,0,0,0
2,7000,102,2,0,0,0
2,7000,104,2,0,0,0
2,7000,110,1,28,0,0
2,7000,115,2,0,0,0
2,7000,117,2,0,0,0
2,7000,130,1,35,0,0
2,7000,130,2,0,0,0
2,7000,145,1,8,0,0
2,7000,156,2,0,0,0
2,7000,164,2,0,0,0
2,8000,5,2,0,0,0
2,8000,25,2,0,0,0
2,8000,33,1,1,0,1
2,8000,34,2,0,0,0
2,8000,36,2,0,0,0
2,8000,38,2,0,0,0
2,8000,39,1,1,0,2
2,8000,44,1,24,0,0
2,8000,55,1,15,0,0
2,8000,55,2,0,0,0
2,8000,56,1,47,0,0
2,8000,57,2,0,0,0
2,8000,58,2,0,0,0
2,8000,59,2,0,0,0
2,8000,61,2,0,0,0
2,8000,66,2,0,0,0
2,8000,68,2,0,0,0
2,8000,69,2,0,0,0
2,8000,70,2,0,0,0
2,8000,91,2,0,0,0
2,8000,92,2,0,0,0
2,8000,99,2,0,0,0
2,8000,102,2,0,0,0
2,8000,104,2,0,0,0
2,8000,110,1,31,0,0
2,8000,115,2,0,0,0
2,8000,117,2,0,0,0
2,8000,130,1,39,0,0
2,8000,130,2,0,0,0
2,8000,145,1,1,0,3
2,8000,145,1,8,0,0
2,8000,156,2,0,0,0
2,8000,164,2,0,0,0
2,9000,5,2,0,0,0
2,9000,25,2,0,0,0
2,9000,33,1,1,0,1
2,9000,34,2,0,0,0
2,9000,36,2,0,0,0
2,9000,38,2,0,0,0
2,9000,39,1,1,0,2
2,9000,44,1,24,0,0
2,9000,55,1,1,0,4
2,9000,55,1,15,0,0
2,9000,55,2,0,0,0
2,9000,56,1,52,0,0
2,9000,57,2,0,0,0
2,9000,58,2,0,0,0
2,9000,59,2,0,0,0
2,9000,61,2,0,0,0
2,9000,63,2,0,0,0
2,9000,66,2,0,0,0
2,9000,68,2,0,0,0
2,9000,69,2,0,0,0
2,9000,70,2,0,0,0
2,9000,89,2,0,0,0
2,9000,90,2,0,0,0
2,9000,91,2,0,0,0
2,9000,92,2,0,0,0
2,9000,99,2,0,0,0
2,9000,102,2,0,0,0
2,9000,104,2,0,0,0
2,9000,110,1,31,0,0
2,9000,115,2,0,0,0
2,9000,117,2,0,0,0
2,9000,130,1,42,0,0
2,9000,130,2,0,0,0
2,9000,145,1,1,0,3
2,9000,145,1,8,0,0
2,9000,156,2,0,0,0
2,9000,164,2,0,0,0
2,10000,33,1,1,0,1
2,10000,81,1,1,0,2
2,11000,106,1,1,0,0
2,12000,13,2,0,0,0
2,12000,18,1,26,0,0
2,12000,18,2,0,0,0
2,12000,36,2,0,0,0
2,12000,38,2,0,0,0
2,12000,48,1,21,0,0
2,12000,60,1,32,0,0
2,12000,63,2,0,0,0
2,12000,72,2,0,0,0
2,12000,76,2,0,0,0
2,12000,77,1,15,0,0
2,12000,78,1,16,0,0
2,12000,79,1,17,0,0
2,12000,92,2,0,0,0
2,12000,93,1,1,0,0
2,12000,93,1,12,0,0
2,12000,94,2,0,0,0
2,12000,99,2,0,0,0
2,12000,100,2,0,0,0
2,12000,102,2,0,0,0
2,12000,104,2,0,0,0
2,12000,115,2,0,0,0
2,12000,117,2,0,0,0
2,12000,129,2,0,0,0
2,12000,149,2,0,0,0
2,12000,156,2,0,0,0
2,12000,164,2,0,0,0
2,13000,40,1,1,0,1
2,13000,81,1,1,0,2
2,14000,106,1,1,0,0
2,15000,14,2,0,0,0
2,15000,15,2,0,0,0
2,15000,31,1,1,0,0
2,15000,31,1,12,0,0
2,15000,36,2,0,0,0
2,15000,38,2,0,0,0
2,15000,41,1,20,0,0
2,15000,42,1,30,0,0
2,15000,63,2,0,0,0
2,15000,72,2,0,0,0
2,15000,92,2,0,0,0
2,15000,97,1,35,0,0
2,15000,99,1,25,0,0
2,15000,99,2,0,0,0
2,15000,102,2,0,0,0
2,15000,104,2,0,0,0
2,15000,115,2,0,0,0
2,15000,116,1,16,0,0
2,15000,117,2,0,0,0
2,15000,129,2,0,0,0
2,15000,130,2,0,0,0
2,15000,156,2,0,0,0
2,15000,164,2,0,0,0
2,16000,13,2,0,0,0
2,16000,16,1,1,0,0
2,16000,17,1,28,0,0
2,16000,18,1,19,0,0
2,16000,18,2,0,0,0
2,16000,19,2,0,0,0
2,16000,28,1,5,0,0
2,16000,36,2,0,0,0
2,16000,38,2,0,0,0
2,16000,92,2,0,0,0
2,16000,97,1,36,0,0
2,16000,98,1,12,0,0
2,16000,99,2,0,0,0
2,16000,102,2,0,0,0
2,16000,104,2,0,0,0
2,16000,115,2,0,0,0
2,16000,117,2,0,0,0
2,16000,119,1,44,0,0
2,16000,129,2,0,0,0
2,16000,143,2,0,0,0
2,16000,156,2,0,0,0
2,16000,164,2,0,0,0
2,17000,13,2,0,0,0
2,17000,16,1,1,0,1
2,17000,17,1,31,0,0
2,17000,18,1,21,0,0
2,17000,18,2,0,0,0
2,17000,19,2,0,0,0
2,17000,28,1,1,0,2
2,17000,28,1,5,0,0
2,17000,36,2,0,0,0
2,17000,38,2,0,0,0
2,17000,92,2,0,0,0
2,17000,97,1,40,0,0
2,17000,98,1,12,0,0
2,17000,99,2,0,0,0
2,17000,102,2,0,0,0
2,17000,104,2,0,0,0
2,17000,115,2,0,0,0
2,17000,117,2,0,0,0
2,17000,119,1,49,0,0
2,17000,129,2,0,0,0
2,17000,143,2,0,0,0
2,17000,156,2,0,0,0
2,17000,164,2,0,0,0
2,18000,13,2,0,0,0
2,18000,16,1,1,0,1
2,18000,17,1,31,0,0
2,18000,18,1,21,0,0
2,18000,18,2,0,0,0
2,18000,19,2,0,0,0
2,18000,28,1,1,0,2
2,18000,28,1,5,0,0
2,18000,36,2,0,0,0
2,18000,38,2,0,0,0
2,18000,63,2,0,0,0
2,18000,92,2,0,0,0
2,18000,97,1,44,0,0
2,18000,98,1,1,0,3
2,18000,98,1,12,0,0
2,18000,99,2,0,0,0
2,18000,102,2,0,0,0
2,18000,104,2,0,0,0
2,18000,115,2,0,0,0
2,18000,117,2,0,0,0
2,18000,119,1,54,0,0
2,18000,129,2,0,0,0
2,18000,143,2,0,0,0
2,18000,156,2,0,0,0
2,18000,164,2,0,0,0
2,19000,33,1,1,0,1
2,19000,34,2,0,0,0
2,19000,36,2,0,0,0
2,19000,38,2,0,0,0
2,19000,39,1,1,0,2
2,19000,55,2,0,0,0
2,19000,59,2,0,0,0
2,19000,61,2,0,0,0
2,19000,85,2,0,0,0
2,19000,87,2,0,0,0
2,19000,91,2,0,0,0
2,19000,92,2,0,0,0
2,19000,98,1,7,0,0
2,19000,99,2,0,0,0
2,19000,102,2,0,0,0
2,19000,104,2,0,0,0
2,19000,116,1,23,0,0
2,19000,117,2,0,0,0
2,19000,129,2,0,0,0
2,19000,130,2,0,0,0
2,19000,156,2,0,0,0
2,19000,158,1,14,0,0
2,19000,162,1,34,0,0
2,19000,164,2,0,0,0
2,20000,33,1,1,0,1
2,20000,34,2,0,0,0
2,20000,36,2,0,0,0
2,20000,38,2,0,0,0
2,20000,39,1,1,0,2
2,20000,55,2,0,0,0
2,20000,58,2,0,0,0
2,20000,59,2,0,0,0
2,20000,61,2,0,0,0
2,20000,63,2,0,0,0
2,20000,85,2,0,0,0
2,20000,87,2,0,0,0
2,20000,91,2,0,0,0
2,20000,92,2,0,0,0
2,20000,98,1,1,0,3
2,20000,98,1,7,0,0
2,20000,99,2,0,0,0
2,20000,102,2,0,0,0
2,20000,104,2,0,0,0
2,20000,116,1,27,0,0
2,20000,117,2,0,0,0
2,20000,129,2,0,0,0
2,20000,130,2,0,0,0
2,20000,156,2,0,0,0
2,20000,158,1,14,0,0
2,20000,162,1,41,0,0
2,20000,164,2,0,0,0
2,21000,13,2,0,0,0
2,21000,18,2,0,0,0
2,21000,19,2,0,0,0
2,21000,31,1,15,0,0
2,21000,36,2,0,0,0
2,21000,38,2,0,0,0
2,21000,43,1,9,0,0
2,21000,45,1,1,0,2
2,21000,64,1,1,0,1
2,21000,65,1,29,0,0
2,21000,92,2,0,0,0
2,21000,97,1,36,0,0
2,21000,99,2,0,0,0
2,21000,102,2,0,0,0
2,21000,104,2,0,0,0
2,21000,117,2,0,0,0
2,21000,119,1,22,0,0
2,21000,129,2,0,0,0
2,21000,143,2,0,0,0
2,21000,156,2,0,0,0
2,21000,164,2,0,0,0
2,22000,13,2,0,0,0
2,22000,18,2,0,0,0
2,22000,19,2,0,0,0
2,22000,31,1,15,0,0
2,22000,36,2,0,0,0
2,22000,38,2,0,0,0
2,22000,43,1,1,0,3
2,22000,43,1,9,0,0
2,22000,45,1,1,0,2
2,22000,63,2,0,0,0
2,22000,64,1,1,0,1
2,22000,65,1,34,0,0
2,22000,92,2,0,0,0
2,22000,97,1,43,0,0
2,22000,99,2,0,0,0
2,22000,102,2,0,0,0
2,22000,104,2,0,0,0
2,22000,117,2,0,0,0
2,22000,119,1,25,0,0
2,22000,129,2,0,0,0
2,22000,143,2,0,0,0
2,22000,156,2,0,0,0
2,22000,164,2,0,0,0
2,23000,34,2,0,0,0
2,23000,35,1,1,0,1
2,23000,36,2,0,0,0
2,23000,38,2,0,0,0
2,23000,40,1,10,0,0
2,23000,43,1,1,0,2
2,23000,44,1,17,0,0
2,23000,51,1,38,0,0
2,23000,70,2,0,0,0
2,23000,72,2,0,0,0
2,23000,89,2,0,0,0
2,23000,90,2,0,0,0
2,23000,91,2,0,0,0
2,23000,92,2,0,0,0
2,23000,99,2,0,0,0
2,23000,102,2,0,0,0
2,23000,103,1,31,0,0
2,23000,104,2,0,0,0
2,23000,117,2,0,0,0
2,23000,130,2,0,0,0
2,23000,137,1,24,0,0
2,23000,156,2,0,0,0
2,23000,157,2,0,0,0
2,23000,164,2,0,0,0
2,24000,34,2,0,0,0
2,24000,35,1,1,0,1
2,24000,36,2,0,0,0
2,24000,38,2,0,0,0
2,24000,40,1,1,0,3
2,24000,40,1,10,0,0
2,24000,43,1,1,0,2
2,24000,44,1,17,0,0
2,24000,51,1,47,0,0
2,24000,63,2,0,0,0
2,24000,70,2,0,0,0
2,24000,72,2,0,0,0
2,24000,89,2,0,0,0
2,24000,90,2,0,0,0
2,24000,91,2,0,0,0
2,24000,92,2,0,0,0
2,24000,99,2,0,0,0
2,24000,102,2,0,0,0
2,24000,103,1,36,0,0
2,24000,104,2,0,0,0
2,24000,117,2,0,0,0
2,24000,130,2,0,0,0
2,24000,137,1,27,0,0
2,24000,156,2,0,0,0
2,24000,157,2,0,0,0
2,24000,164,2,0,0,0
2,25000,5,2,0,0,0
2,25000,6,2,0,0,0
2,25000,25,2,0,0,0
2,25000,34,2,0,0,0
2,25000,36,2,0,0,0
2,25000,38,2,0,0,0
2,25000,45,1,1,0,2
2,25000,66,2,0,0,0
2,25000,69,2,0,0,0
2,25000,84,1,1,0,1
2,25000,85,2,0,0,0
2,25000,86,1,9,0,0
2,25000,86,2,0,0,0
2,25000,87,1,43,0,0
2,25000,87,2,0,0,0
2,25000,92,2,0,0,0
2,25000,97,1,33,0,0
2,25000,98,1,16,0,0
2,25000,99,2,0,0,0
2,25000,102,2,0,0,0
2,25000,104,2,0,0,0
2,25000,115,2,0,0,0
2,25000,117,2,0,0,0
2,25000,129,1,26,0,0
2,25000,129,2,0,0,0
2,25000,130,2,0,0,0
2,25000,148,2,0,0,0
2,25000,156,2,0,0,0
2,25000,164,2,0,0,0
2,26000,5,2,0,0,0
2,26000,6,2,0,0,0
2,26000,25,2,0,0,0
2,26000,34,2,0,0,0
2,26000,36,2,0,0,0
2,26000,38,2,0,0,0
2,26000,45,1,1,0,2
2,26000,63,2,0,0,0
2,26000,66,2,0,0,0
2,26000,69,2,0,0,0
2,26000,84,1,1,0,1
2,26000,85,2,0,0,0
2,26000,86,1,1,0,3
2,26000,86,2,0,0,0
2,26000,87,2,0,0,0
2,26000,92,2,0,0,0
2,26000,99,2,0,0,0
2,26000,102,2,0,0,0
2,26000,104,2,0,0,0
2,26000,115,2,0,0,0
2,26000,117,2,0,0,0
2,26000,129,2,0,0,0
2,26000,130,2,0,0,0
2,26000,148,2,0,0,0
2,26000,156,2,0,0,0
2,26000,164,2,0,0,0
2,27000,10,1,1,0,0
2,27000,14,2,0,0,0
2,27000,15,2,0,0,0
2,27000,28,1,10,0,0
2,27000,34,2,0,0,0
2,27000,36,2,0,0,0
2,27000,38,2,0,0,0
2,27000,40,1,24,0,0
2,27000,66,2,0,0,0
2,27000,69,2,0,0,0
2,27000,70,2,0,0,0
2,27000,89,2,0,0,0
2,27000,90,2,0,0,0
2,27000,91,2,0,0,0
2,27000,92,2,0,0,0
2,27000,99,2,0,0,0
2,27000,102,2,0,0,0
2,27000,104,2,0,0,0
2,27000,117,2,0,0,0
2,27000,129,1,31,0,0
2,27000,129,2,0,0,0
2,27000,130,2,0,0,0
2,27000,154,1,38,0,0
2,27000,156,2,0,0,0
2,27000,157,2,0,0,0
2,27000,163,1,17,0,0
2,27000,164,2,0,0,0
2,28000,10,1,1,0,1
2,28000,14,2,0,0,0
2,28000,15,2,0,0,0
2,28000,28,1,1,0,2
2,28000,28,1,10,0,0
2,28000,34,2,0,0,0
2,28000,36,2,0,0,0
2,28000,38,2,0,0,0
2,28000,40,1,27,0,0
2,28000,63,2,0,0,0
2,28000,66,2,0,0,0
2,28000,69,2,0,0,0
2,28000,70,2,0,0,0
2,28000,89,2,0,0,0
2,28000,90,2,0,0,0
2,28000,91,2,0,0,0
2,28000,92,2,0,0,0
2,28000,99,2,0,0,0
2,28000,102,2,0,0,0
2,28000,104,2,0,0,0
2,28000,117,2,0,0,0
2,28000,129,1,36,0,0
2,28000,129,2,0,0,0
2,28000,130,2,0,0,0
2,28000,154,1,47,0,0
2,28000,156,2,0,0,0
2,28000,157,2,0,0,0
2,28000,163,1,17,0,0
2,28000,164,2,0,0,0
2,29000,10,1,8,0,0
2,29000,24,1,43,0,0
2,29000,33,1,1,0,2
2,29000,34,2,0,0,0
2,29000,36,2,0,0,0
2,29000,38,2,0,0,0
2,29000,39,1,21,0,0
2,29000,40,1,14,0,0
2,29000,44,1,29,0,0
2,29000,45,1,1,0,1
2,29000,59,2,0,0,0
2,29000,85,2,0,0,0
2,29000,87,2,0,0,0
2,29000,92,2,0,0,0
2,29000,99,2,0,0,0
2,29000,102,2,0,0,0
2,29000,104,2,0,0,0
2,29000,115,2,0,0,0
2,29000,117,2,0,0,0
2,29000,130,2,0,0,0
2,29000,154,1,36,0,0
2,29000,156,2,0,0,0
2,29000,164,2,0,0,0
2,30000,10,1,1,0,3
2,30000,10,1,8,0,0
2,30000,24,1,50,0,0
2,30000,32,2,0,0,0
2,30000,33,1,1,0,2
2,30000,34,2,0,0,0
2,30000,36,2,0,0,0
2,30000,38,2,0,0,0
2,30000,39,1,23,0,0
2,30000,40,1,14,0,0
2,30000,44,1,32,0,0
2,30000,45,1,1,0,1
2,30000,55,2,0,0,0
2,30000,58,2,0,0,0
2,30000,59,2,0,0,0
2,30000,61,2,0,0,0
2,30000,85,2,0,0,0
2,30000,87,2,0,0,0
2,30000,92,2,0,0,0
2,30000,99,2,0,0,0
2,30000,102,2,0,0,0
2,30000,104,2,0,0,0
2,30000,115,2,0,0,0
2,30000,117,2,0,0,0
2,30000,130,2,0,0,0
2,30000,154,1,41,0,0
2,30000,156,2,0,0,0
2,30000,164,2,0,0,0
2,31000,5,2,0,0,0
2,31000,6,2,0,0,0
2,31000,10,1,1,0,2
2,31000,10,1,8,0,0
2,31000,25,2,0,0,0
2,31000,32,2,0,0,0
2,31000,33,1,1,0,1
2,31000,34,1,1,0,4
2,31000,34,1,23,0,0
2,31000,34,2,0,0,0
2,31000,36,2,0,0,0
2,31000,38,2,0,0,0
2,31000,39,1,1,0,3
2,31000,40,1,14,0,0
2,31000,55,2,0,0,0
2,31000,57,2,0,0,0
2,31000,58,2,0,0,0
2,31000,59,2,0,0,0
2,31000,61,2,0,0,0
2,31000,63,2,0,0,0
2,31000,66,2,0,0,0
2,31000,68,2,0,0,0
2,31000,69,2,0,0,0
2,31000,70,2,0,0,0
2,31000,85,2,0,0,0
2,31000,87,2,0,0,0
2,31000,89,2,0,0,0
2,31000,90,2,0,0,0
2,31000,92,2,0,0,0
2,31000,99,2,0,0,0
2,31000,102,2,0,0,0
2,31000,104,2,0,0,0
2,31000,115,2,0,0,0
2,31000,117,2,0,0,0
2,31000,126,2,0,0,0
2,31000,130,2,0,0,0
2,31000,156,2,0,0,0
2,31000,157,2,0,0,0
2,31000,164,2,0,0,0
2,32000,24,1,43,0,0
2,32000,30,1,8,0,0
2,32000,31,1,29,0,0
2,32000,32,1,36,0,0
2,32000,32,2,0,0,0
2,32000,33,1,1,0,2
2,32000,34,2,0,0,0
2,32000,36,2,0,0,0
2,32000,38,2,0,0,0
2,32000,40,1,14,0,0
2,32000,43,1,1,0,1
2,32000,59,2,0,0,0
2,32000,85,2,0,0,0
2,32000,87,2,0,0,0
2,32000,92,2,0,0,0
2,32000,99,2,0,0,0
2,32000,102,2,0,0,0
2,32000,104,2,0,0,0
2,32000,115,2,0,0,0
2,32000,116,1,21,0,0
2,32000,117,2,0,0,0
2,32000,130,2,0,0,0
2,32000,156,2,0,0,0
2,32000,164,2,0,0,0
2,33000,24,1,50,0,0
2,33000,30,1,1,0,3
2,33000,30,1,8,0,0
2,33000,31,1,32,0,0
2,33000,32,1,41,0,0
2,33000,32,2,0,0,0
2,33000,33,1,1,0,2
2,33000,34,2,0,0,0
2,33000,36,2,0,0,0
2,33000,38,2,0,0,0
2,33000,40,1,14,0,0
2,33000,43,1,1,0,1
2,33000,55,2,0,0,0
2,33000,58,2,0,0,0
2,33000,59,2,0,0,0
2,33000,61,2,0,0,0
2,33000,85,2,0,0,0
2,33000,87,2,0,0,0
2,33000,92,2,0,0,0
2,33000,99,2,0,0,0
2,33000,102,2,0,0,0
2,33000,104,2,0,0,0
2,33000,115,2,0,0,0
2,33000,116,1,23,0,0
2,33000,117,2,0,0,0
2,33000,130,2,0,0,0
2,33000,156,2,0,0,0
2,33000,164,2,0,0,0
2,34000,5,2,0,0,0
2,34000,6,2,0,0,0
2,34000,25,2,0,0,0
2,34000,30,1,1,0,2
2,34000,30,1,8,0,0
2,34000,32,2,0,0,0
2,34000,33,1,1,0,1
2,34000,34,2,0,0,0
2,34000,36,2,0,0,0
2,34000,37,1,1,0,4
2,34000,37,1,23,0,0
2,34000,38,2,0,0,0
2,34000,40,1,1,0,3
2,34000,40,1,14,0,0
2,34000,55,2,0,0,0
2,34000,57,2,0,0,0
2,34000,58,2,0,0,0
2,34000,59,2,0,0,0
2,34000,61,2,0,0,0
2,34000,63,2,0,0,0
2,34000,66,2,0,0,0
2,34000,68,2,0,0,0
2,34000,69,2,0,0,0
2,34000,70,2,0,0,0
2,34000,85,2,0,0,0
2,34000,87,2,0,0,0
2,34000,89,2,0,0,0
2,34000,90,2,0,0,0
2,34000,92,2,0,0,0
2,34000,99,2,0,0,0
2,34000,102,2,0,0,0
2,34000,104,2,0,0,0
2,34000,115,2,0,0,0
2,34000,117,2,0,0,0
2,34000,126,2,0,0,0
2,34000,130,2,0,0,0
2,34000,156,2,0,0,0
2,34000,157,2,0,0,0
2,34000,164,2,0,0,0
2,35000,1,1,1,0,1
2,35000,3,1,18,0,0
2,35000,5,2,0,0,0
2,35000,25,2,0,0,0
2,35000,34,2,0,0,0
2,35000,36,2,0,0,0
2,35000,38,2,0,0,0
2,35000,45,1,1,0,2
2,35000,47,1,13,0,0
2,35000,55,2,0,0,0
2,35000,58,2,0,0,0
2,35000,59,2,0,0,0
2,35000,61,2,0,0,0
2,35000,66,2,0,0,0
2,35000,68,2,0,0,0
2,35000,69,2,0,0,0
2,35000,70,2,0,0,0
2,35000,76,2,0,0,0
2,35000,85,2,0,0,0
2,35000,86,2,0,0,0
2,35000,87,2,0,0,0
2,35000,92,2,0,0,0
2,35000,94,2,0,0,0
2,35000,99,2,0,0,0
2,35000,100,2,0,0,0
2,35000,102,2,0,0,0
2,35000,104,2,0,0,0
2,35000,107,1,24,0,0
2,35000,111,1,39,0,0
2,35000,113,1,48,0,0
2,35000,115,2,0,0,0
2,35000,117,2,0,0,0
2,35000,118,1,31,0,0
2,35000,118,2,0,0,0
2,35000,126,2,0,0,0
2,35000,130,2,0,0,0
2,35000,148,2,0,0,0
2,35000,149,2,0,0,0
2,35000,156,2,0,0,0
2,35000,161,2,0,0,0
2,35000,164,2,0,0,0
2,36000,3,1,1,0,2
2,36000,5,2,0,0,0
2,36000,25,2,0,0,0
2,36000,34,2,0,0,0
2,36000,36,2,0,0,0
2,36000,38,2,0,0,0
2,36000,47,1,1,0,1
2,36000,55,2,0,0,0
2,36000,58,2,0,0,0
2,36000,59,2,0,0,0
2,36000,61,2,0,0,0
2,36000,63,2,0,0,0
2,36000,66,2,0,0,0
2,36000,68,2,0,0,0
2,36000,69,2,0,0,0
2,36000,70,2,0,0,0
2,36000,76,2,0,0,0
2,36000,85,2,0,0,0
2,36000,86,2,0,0,0
2,36000,87,2,0,0,0
2,36000,92,2,0,0,0
2,36000,94,2,0,0,0
2,36000,99,2,0,0,0
2,36000,100,2,0,0,0
2,36000,102,2,0,0,0
2,36000,104,2,0,0,0
2,36000,107,1,1,0,3
2,36000,115,2,0,0,0
2,36000,117,2,0,0,0
2,36000,118,1,1,0,4
2,36000,118,2,0,0,0
2,36000,126,2,0,0,0
2,36000,130,2,0,0,0
2,36000,148,2,0,0,0
2,36000,149,2,0,0,0
2,36000,156,2,0,0,0
2,36000,161,2,0,0,0
2,36000,164,2,0,0,0
2,37000,34,2,0,0,0
2,37000,36,2,0,0,0
2,37000,38,2,0,0,0
2,37000,39,1,1,0,2
2,37000,46,1,21,0,0
2,37000,52,1,1,0,1
2,37000,53,1,35,0,0
2,37000,83,1,42,0,0
2,37000,91,2,0,0,0
2,37000,92,2,0,0,0
2,37000,98,1,16,0,0
2,37000,99,2,0,0,0
2,37000,102,2,0,0,0
2,37000,104,2,0,0,0
2,37000,109,1,28,0,0
2,37000,115,2,0,0,0
2,37000,117,2,0,0,0
2,37000,126,2,0,0,0
2,37000,129,2,0,0,0
2,37000,130,2,0,0,0
2,37000,156,2,0,0,0
2,37000,164,2,0,0,0
2,38000,34,2,0,0,0
2,38000,36,2,0,0,0
2,38000,38,2,0,0,0
2,38000,39,1,1,0,2
2,38000,46,1,1,0,4
2,38000,52,1,1,0,1
2,38000,63,2,0,0,0
2,38000,91,2,0,0,0
2,38000,92,2,0,0,0
2,38000,98,1,1,0,3
2,38000,99,2,0,0,0
2,38000,102,2,0,0,0
2,38000,104,2,0,0,0
2,38000,115,2,0,0,0
2,38000,117,2,0,0,0
2,38000,126,2,0,0,0
2,38000,129,2,0,0,0
2,38000,130,2,0,0,0
2,38000,156,2,0,0,0
2,38000,164,2,0,0,0
2,39000,1,1,9,0,0
2,39000,3,1,24,0,0
2,39000,5,2,0,0,0
2,39000,25,2,0,0,0
2,39000,34,1,34,0,0
2,39000,34,2,0,0,0
2,39000,36,2,0,0,0
2,39000,38,1,39,0,0
2,39000,38,2,0,0,0
2,39000,47,1,1,0,0
2,39000,50,1,14,0,0
2,39000,55,2,0,0,0
2,39000,58,2,0,0,0
2,39000,59,2,0,0,0
2,39000,61,2,0,0,0
2,39000,66,2,0,0,0
2,39000,68,2,0,0,0
2,39000,69,2,0,0,0
2,39000,70,2,0,0,0
2,39000,76,2,0,0,0
2,39000,85,2,0,0,0
2,39000,86,2,0,0,0
2,39000,87,2,0,0,0
2,39000,92,2,0,0,0
2,39000,94,2,0,0,0
2,39000,99,2,0,0,0
2,39000,100,2,0,0,0
2,39000,102,2,0,0,0
2,39000,104,2,0,0,0
2,39000,111,1,19,0,0
2,39000,115,2,0,0,0
2,39000,117,2,0,0,0
2,39000,126,2,0,0,0
2,39000,130,2,0,0,0
2,39000,148,2,0,0,0
2,39000,149,2,0,0,0
2,39000,156,1,29,0,0
2,39000,156,2,0,0,0
2,39000,161,2,0,0,0
2,39000,164,2,0,0,0
2,40000,3,1,1,0,4
2,40000,5,2,0,0,0
2,40000,25,2,0,0,0
2,40000,34,2,0,0,0
2,40000,36,2,0,0,0
2,40000,38,2,0,0,0
2,40000,47,1,1,0,1
2,40000,50,1,1,0,2
2,40000,55,2,0,0,0
2,40000,58,2,0,0,0
2,40000,59,2,0,0,0
2,40000,61,2,0,0,0
2,40000,63,2,0,0,0
2,40000,66,2,0,0,0
2,40000,68,2,0,0,0
2,40000,69,2,0,0,0
2,40000,70,2,0,0,0
2,40000,76,2,0,0,0
2,40000,85,2,0,0,0
2,40000,86,2,0,0,0
2,40000,87,2,0,0,0
2,40000,92,2,0,0,0
2,40000,94,2,0,0,0
2,40000,99,2,0,0,0
2,40000,100,2,0,0,0
2,40000,102,2,0,0,0
2,40000,104,2,0,0,0
2,40000,111,1,1,0,3
2,40000,115,2,0,0,0
2,40000,117,2,0,0,0
2,40000,126,2,0,0,0
2,40000,130,2,0,0,0
2,40000,148,2,0,0,0
2,40000,149,2,0,0,0
2,40000,156,2,0,0,0
2,40000,161,2,0,0,0
2,40000,164,2,0,0,0
2,41000,13,2,0,0,0
2,41000,17,1,28,0,0
2,41000,18,2,0,0,0
2,41000,36,2,0,0,0
2,41000,38,2,0,0,0
2,41000,44,1,15,0,0
2,41000,48,1,10,0,0
2,41000,72,2,0,0,0
2,41000,92,2,0,0,0
2,41000,99,2,0,0,0
2,41000,102,2,0,0,0
2,41000,104,2,0,0,0
2,41000,109,1,21,0,0
2,41000,114,1,36,0,0
2,41000,117,2,0,0,0
2,41000,129,2,0,0,0
2,41000,141,1,1,0,0
2,41000,156,2,0,0,0
2,41000,164,2,0,0,0
2,42000,13,2,0,0,0
2,42000,17,1,32,0,0
2,42000,18,2,0,0,0
2,42000,36,2,0,0,0
2,42000,38,2,0,0,0
2,42000,44,1,1,0,3
2,42000,44,1,15,0,0
2,42000,48,1,10,0,0
2,42000,63,2,0,0,0
2,42000,72,2,0,0,0
2,42000,92,2,0,0,0
2,42000,99,2,0,0,0
2,42000,102,2,0,0,0
2,42000,103,1,1,0,2
2,42000,104,2,0,0,0
2,42000,109,1,21,0,0
2,42000,114,1,43,0,0
2,42000,117,2,0,0,0
2,42000,129,2,0,0,0
2,42000,141,1,1,0,1
2,42000,156,2,0,0,0
2,42000,164,2,0,0,0
2,43000,14,2,0,0,0
2,43000,15,2,0,0,0
2,43000,36,2,0,0,0
2,43000,38,2,0,0,0
2,43000,51,1,24,0,0
2,43000,71,1,1,0,0
2,43000,72,2,0,0,0
2,43000,76,1,46,0,0
2,43000,76,2,0,0,0
2,43000,77,1,15,0,0
2,43000,78,1,17,0,0
2,43000,79,1,19,0,0
2,43000,80,1,33,0,0
2,43000,92,2,0,0,0
2,43000,99,2,0,0,0
2,43000,102,2,0,0,0
2,43000,104,2,0,0,0
2,43000,115,2,0,0,0
2,43000,117,2,0,0,0
2,43000,156,2,0,0,0
2,43000,164,2,0,0,0
2,44000,14,2,0,0,0
2,44000,15,2,0,0,0
2,44000,36,2,0,0,0
2,44000,38,2,0,0,0
2,44000,51,1,28,0,0
2,44000,71,1,1,0,1
2,44000,72,2,0,0,0
2,44000,76,1,52,0,0
2,44000,76,2,0,0,0
2,44000,77,1,1,0,2
2,44000,77,1,15,0,0
2,44000,78,1,1,0,3
2,44000,78,1,17,0,0
2,44000,79,1,19,0,0
2,44000,80,1,38,0,0
2,44000,92,2,0,0,0
2,44000,99,2,0,0,0
2,44000,102,2,0,0,0
2,44000,104,2,0,0,0
2,44000,115,2,0,0,0
2,44000,117,2,0,0,0
2,44000,156,2,0,0,0
2,44000,164,2,0,0,0
2,45000,14,2,0,0,0
2,45000,15,2,0,0,0
2,45000,34,2,0,0,0
2,45000,36,2,0,0,0
2,45000,38,2,0,0,0
2,45000,51,1,1,0,3
2,45000,63,2,0,0,0
2,45000,72,2,0,0,0
2,45000,76,2,0,0,0
2,45000,77,1,15,0,0
2,45000,78,1,1,0,1
2,45000,78,1,17,0,0
2,45000,79,1,1,0,2
2,45000,79,1,19,0,0
2,45000,80,1,1,0,4
2,45000,92,2,0,0,0
2,45000,99,2,0,0,0
2,45000,102,2,0,0,0
2,45000,104,2,0,0,0
2,45000,115,2,0,0,0
2,45000,117,2,0,0,0
2,45000,156,2,0,0,0
2,45000,164,2,0,0,0
2,46000,10,1,1,0,0
2,46000,14,2,0,0,0
2,46000,15,2,0,0,0
2,46000,34,2,0,0,0
2,46000,36,2,0,0,0
2,46000,38,2,0,0,0
2,46000,72,2,0,0,0
2,46000,74,1,41,0,0
2,46000,76,2,0,0,0
2,46000,78,1,13,0,0
2,46000,91,2,0,0,0
2,46000,92,2,0,0,0
2,46000,99,2,0,0,0
2,46000,102,2,0,0,0
2,46000,104,2,0,0,0
2,46000,115,2,0,0,0
2,46000,117,2,0,0,0
2,46000,130,2,0,0,0
2,46000,141,1,20,0,0
2,46000,147,1,27,0,0
2,46000,156,2,0,0,0
2,46000,163,1,34,0,0
2,46000,164,2,0,0,0
2,47000,10,1,1,0,1
2,47000,14,2,0,0,0
2,47000,15,2,0,0,0
2,47000,34,2,0,0,0
2,47000,36,2,0,0,0
2,47000,38,2,0,0,0
2,47000,63,2,0,0,0
2,47000,72,2,0,0,0
2,47000,74,1,48,0,0
2,47000,76,2,0,0,0
2,47000,78,1,1,0,2
2,47000,78,1,13,0,0
2,47000,91,2,0,0,0
2,47000,92,2,0,0,0
2,47000,99,2,0,0,0
2,47000,102,2,0,0,0
2,47000,104,2,0,0,0
2,47000,115,2,0,0,0
2,47000,117,2,0,0,0
2,47000,130,2,0,0,0
2,47000,141,1,1,0,3
2,47000,141,1,20,0,0
2,47000,147,1,30,0,0
2,47000,156,2,0,0,0
2,47000,163,1,39,0,0
2,47000,164,2,0,0,0
2,48000,33,1,1,0,1
2,48000,36,2,0,0,0
2,48000,38,2,0,0,0
2,48000,50,1,1,0,2
2,48000,60,1,35,0,0
2,48000,72,2,0,0,0
2,48000,76,2,0,0,0
2,48000,77,1,24,0,0
2,48000,78,1,30,0,0
2,48000,79,1,38,0,0
2,48000,92,2,0,0,0
2,48000,94,1,43,0,0
2,48000,94,2,0,0,0
2,48000,99,2,0,0,0
2,48000,102,2,0,0,0
2,48000,104,2,0,0,0
2,48000,115,2,0,0,0
2,48000,117,2,0,0,0
2,48000,141,1,27,0,0
2,48000,149,2,0,0,0
2,48000,156,2,0,0,0
2,48000,164,2,0,0,0
2,49000,13,2,0,0,0
2,49000,18,2,0,0,0
2,49000,33,1,1,0,1
2,49000,36,2,0,0,0
2,49000,38,2,0,0,0
2,49000,50,1,1,0,2
2,49000,60,1,38,0,0
2,49000,63,2,0,0,0
2,49000,72,2,0,0,0
2,49000,76,2,0,0,0
2,49000,77,1,1,0,3
2,49000,77,1,24,0,0
2,49000,78,1,30,0,0
2,49000,79,1,43,0,0
2,49000,92,2,0,0,0
2,49000,94,1,50,0,0
2,49000,94,2,0,0,0
2,49000,99,2,0,0,0
2,49000,100,2,0,0,0
2,49000,102,2,0,0,0
2,49000,104,2,0,0,0
2,49000,115,2,0,0,0
2,49000,117,2,0,0,0
2,49000,129,2,0,0,0
2,49000,141,1,1,0,4
2,49000,141,1,27,0,0
2,49000,149,2,0,0,0
2,49000,156,2,0,0,0
2,49000,164,2,0,0,0
2,50000,10,1,1,0,0
2,50000,28,1,24,0,0
2,50000,34,2,0,0,0
2,50000,36,2,0,0,0
2,50000,38,2,0,0,0
2,50000,45,1,15,0,0
2,50000,89,1,40,0,0
2,50000,89,2,0,0,0
2,50000,90,2,0,0,0
2,50000,91,1,19,0,0
2,50000,91,2,0,0,0
2,50000,92,2,0,0,0
2,50000,99,2,0,0,0
2,50000,102,2,0,0,0
2,50000,104,2,0,0,0
2,50000,117,2,0,0,0
2,50000,156,2,0,0,0
2,50000,157,2,0,0,0
2,50000,163,1,31,0,0
2,50000,164,2,0,0,0
2,51000,10,1,1,0,1
2,51000,28,1,24,0,0
2,51000,34,2,0,0,0
2,51000,36,2,0,0,0
2,51000,38,2,0,0,0
2,51000,45,1,1,0,2
2,51000,45,1,15,0,0
2,51000,63,2,0,0,0
2,51000,89,1,47,0,0
2,51000,89,2,0,0,0
2,51000,90,2,0,0,0
2,51000,91,1,1,0,3
2,51000,91,1,19,0,0
2,51000,91,2,0,0,0
2,51000,92,2,0,0,0
2,51000,99,2,0,0,0
2,51000,102,2,0,0,0
2,51000,104,2,0,0,0
2,51000,117,2,0,0,0
2,51000,156,2,0,0,0
2,51000,157,2,0,0,0
2,51000,163,1,35,0,0
2,51000,164,2,0,0,0
2,52000,6,1,17,0,0
2,52000,6,2,0,0,0
2,52000,10,1,1,0,1
2,52000,34,2,0,0,0
2,52000,36,2,0,0,0
2,52000,38,2,0,0,0
2,52000,44,1,12,0,0
2,52000,45,1,1,0,2
2,52000,55,2,0,0,0
2,52000,61,2,0,0,0
2,52000,85,2,0,0,0
2,52000,87,2,0,0,0
2,52000,92,2,0,0,0
2,52000,99,2,0,0,0
2,52000,102,2,0,0,0
2,52000,103,1,24,0,0
2,52000,104,2,0,0,0
2,52000,117,2,0,0,0
2,52000,129,2,0,0,0
2,52000,130,2,0,0,0
2,52000,154,1,33,0,0
2,52000,156,2,0,0,0
2,52000,163,1,44,0,0
2,52000,164,2,0,0,0
2,53000,6,1,17,0,0
2,53000,6,2,0,0,0
2,53000,10,1,1,0,1
2,53000,34,2,0,0,0
2,53000,36,2,0,0,0
2,53000,38,2,0,0,0
2,53000,44,1,1,0,3
2,53000,44,1,12,0,0
2,53000,45,1,1,0,2
2,53000,55,2,0,0,0
2,53000,61,2,0,0,0
2,53000,63,2,0,0,0
2,53000,85,2,0,0,0
2,53000,87,2,0,0,0
2,53000,92,2,0,0,0
2,53000,99,2,0,0,0
2,53000,102,2,0,0,0
2,53000,103,1,1,0,4
2,53000,103,1,24,0,0
2,53000,104,2,0,0,0
2,53000,117,2,0,0,0
2,53000,129,2,0,0,0
2,53000,130,2,0,0,0
2,53000,154,1,37,0,0
2,53000,156,2,0,0,0
2,53000,163,1,51,0,0
2,53000,164,2,0,0,0
2,54000,5,2,0,0,0
2,54000,6,2,0,0,0
2,54000,10,1,1,0,0
2,54000,25,2,0,0,0
2,54000,34,2,0,0,0
2,54000,36,2,0,0,0
2,54000,38,2,0,0,0
2,54000,39,1,28,0,0
2,54000,50,1,31,0,0
2,54000,55,2,0,0,0
2,54000,56,1,52,0,0
2,54000,57,2,0,0,0
2,54000,58,2,0,0,0
2,54000,59,2,0,0,0
2,54000,61,2,0,0,0
2,54000,66,2,0,0,0
2,54000,68,2,0,0,0
2,54000,69,2,0,0,0
2,54000,70,2,0,0,0
2,54000,91,2,0,0,0
2,54000,92,2,0,0,0
2,54000,93,1,36,0,0
2,54000,99,2,0,0,0
2,54000,102,2,0,0,0
2,54000,104,2,0,0,0
2,54000,117,2,0,0,0
2,54000,129,2,0,0,0
2,54000,130,2,0,0,0
2,54000,154,1,43,0,0
2,54000,156,2,0,0,0
2,54000,164,2,0,0,0
2,55000,5,2,0,0,0
2,55000,6,2,0,0,0
2,55000,10,1,1,0,1
2,55000,25,2,0,0,0
2,55000,34,2,0,0,0
2,55000,36,2,0,0,0
2,55000,38,2,0,0,0
2,55000,39,1,1,0,2
2,55000,39,1,28,0,0
2,55000,50,1,1,0,3
2,55000,50,1,31,0,0
2,55000,55,2,0,0,0
2,55000,56,1,59,0,0
2,55000,57,2,0,0,0
2,55000,58,2,0,0,0
2,55000,59,2,0,0,0
2,55000,61,2,0,0,0
2,55000,63,2,0,0,0
2,55000,66,2,0,0,0
2,55000,68,2,0,0,0
2,55000,69,2,0,0,0
2,55000,70,2,0,0,0
2,55000,91,2,0,0,0
2,55000,92,2,0,0,0
2,55000,93,1,39,0,0
2,55000,99,2,0,0,0
2,55000,102,2,0,0,0
2,55000,104,2,0,0,0
2,55000,117,2,0,0,0
2,55000,129,2,0,0,0
2,55000,130,2,0,0,0
2,55000,154,1,48,0,0
2,55000,156,2,0,0,0
2,55000,164,2,0,0,0
2,56000,2,1,15,0,0
2,56000,5,2,0,0,0
2,56000,6,2,0,0,0
2,56000,10,1,1,0,1
2,56000,25,2,0,0,0
2,56000,34,2,0,0,0
2,56000,36,2,0,0,0
2,56000,37,1,39,0,0
2,56000,38,2,0,0,0
2,56000,43,1,1,0,2
2,56000,66,2,0,0,0
2,56000,68,2,0,0,0
2,56000,69,1,33,0,0
2,56000,69,2,0,0,0
2,56000,70,2,0,0,0
2,56000,85,2,0,0,0
2,56000,87,2,0,0,0
2,56000,91,2,0,0,0
2,56000,92,2,0,0,0
2,56000,99,2,0,0,0
2,56000,102,2,0,0,0
2,56000,104,2,0,0,0
2,56000,116,1,27,0,0
2,56000,117,2,0,0,0
2,56000,118,2,0,0,0
2,56000,129,2,0,0,0
2,56000,130,2,0,0,0
2,56000,154,1,21,0,0
2,56000,156,2,0,0,0
2,56000,157,2,0,0,0
2,56000,164,2,0,0,0
2,57000,2,1,1,0,3
2,57000,2,1,15,0,0
2,57000,5,2,0,0,0
2,57000,6,2,0,0,0
2,57000,10,1,1,0,1
2,57000,25,2,0,0,0
2,57000,34,2,0,0,0
2,57000,36,2,0,0,0
2,57000,37,1,46,0,0
2,57000,38,2,0,0,0
2,57000,43,1,1,0,2
2,57000,63,2,0,0,0
2,57000,66,2,0,0,0
2,57000,68,2,0,0,0
2,57000,69,1,37,0,0
2,57000,69,2,0,0,0
2,57000,70,2,0,0,0
2,57000,85,2,0,0,0
2,57000,87,2,0,0,0
2,57000,91,2,0,0,0
2,57000,92,2,0,0,0
2,57000,99,2,0,0,0
2,57000,102,2,0,0,0
2,57000,104,2,0,0,0
2,57000,116,1,27,0,0
2,57000,117,2,0,0,0
2,57000,118,2,0,0,0
2,57000,129,2,0,0,0
2,57000,130,2,0,0,0
2,57000,154,1,1,0,4
2,57000,154,1,21,0,0
2,57000,156,2,0,0,0
2,57000,157,2,0,0,0
2,57000,164,2,0,0,0
2,58000,34,2,0,0,0
2,58000,36,1,30,0,0
2,58000,36,2,0,0,0
2,58000,38,2,0,0,0
2,58000,43,1,23,0,0
2,58000,44,1,1,0,1
2,58000,46,1,1,0,2
2,58000,52,1,18,0,0
2,58000,53,1,50,0,0
2,58000,82,2,0,0,0
2,58000,91,2,0,0,0
2,58000,92,2,0,0,0
2,58000,97,1,39,0,0
2,58000,99,2,0,0,0
2,58000,102,2,0,0,0
2,58000,104,2,0,0,0
2,58000,115,2,0,0,0
2,58000,117,2,0,0,0
2,58000,126,2,0,0,0
2,58000,129,2,0,0,0
2,58000,130,2,0,0,0
2,58000,156,2,0,0,0
2,58000,164,2,0,0,0
2,59000,34,2,0,0,0
2,59000,36,1,1,0,4
2,59000,36,2,0,0,0
2,59000,38,2,0,0,0
2,59000,43,1,1,0,3
2,59000,46,1,1,0,1
2,59000,52,1,1,0,2
2,59000,63,2,0,0,0
2,59000,82,2,0,0,0
2,59000,91,2,0,0,0
2,59000,92,2,0,0,0
2,59000,99,2,0,0,0
2,59000,100,2,0,0,0
2,59000,102,2,0,0,0
2,59000,104,2,0,0,0
2,59000,115,2,0,0,0
2,59000,117,2,0,0,0
2,59000,126,2,0,0,0
2,59000,129,2,0,0,0
2,59000,130,2,0,0,0
2,59000,156,2,0,0,0
2,59000,164,2,0,0,0
2,60000,3,1,25,0,0
2,60000,34,1,31,0,0
2,60000,34,2,0,0,0
2,60000,36,2,0,0,0
2,60000,38,2,0,0,0
2,60000,55,1,19,0,0
2,60000,55,2,0,0,0
2,60000,56,1,45,0,0
2,60000,57,2,0,0,0
2,60000,58,2,0,0,0
2,60000,59,2,0,0,0
2,60000,61,2,0,0,0
2,60000,92,2,0,0,0
2,60000,94,2,0,0,0
2,60000,95,1,16,0,0
2,60000,99,2,0,0,0
2,60000,102,2,0,0,0
2,60000,104,2,0,0,0
2,60000,117,2,0,0,0
2,60000,130,2,0,0,0
2,60000,133,1,38,0,0
2,60000,145,1,1,0,0
2,60000,149,2,0,0,0
2,60000,156,2,0,0,0
2,60000,164,2,0,0,0
2,61000,3,1,26,0,0
2,61000,5,2,0,0,0
2,61000,25,2,0,0,0
2,61000,34,1,33,0,0
2,61000,34,2,0,0,0
2,61000,36,2,0,0,0
2,61000,38,2,0,0,0
2,61000,55,1,1,0,3
2,61000,55,1,19,0,0
2,61000,55,2,0,0,0
2,61000,56,1,49,0,0
2,61000,57,2,0,0,0
2,61000,58,2,0,0,0
2,61000,59,2,0,0,0
2,61000,61,2,0,0,0
2,61000,66,2,0,0,0
2,61000,68,2,0,0,0
2,61000,69,2,0,0,0
2,61000,70,2,0,0,0
2,61000,89,2,0,0,0
2,61000,90,2,0,0,0
2,61000,92,2,0,0,0
2,61000,94,2,0,0,0
2,61000,95,1,1,0,2
2,61000,95,1,16,0,0
2,61000,99,2,0,0,0
2,61000,102,2,0,0,0
2,61000,104,2,0,0,0
2,61000,117,2,0,0,0
2,61000,118,2,0,0,0
2,61000,130,2,0,0,0
2,61000,133,1,41,0,0
2,61000,145,1,1,0,1
2,61000,149,2,0,0,0
2,61000,156,2,0,0,0
2,61000,164,2,0,0,0
2,62000,3,1,1,0,3
2,62000,5,2,0,0,0
2,62000,25,2,0,0,0
2,62000,34,1,1,0,4
2,62000,34,2,0,0,0
2,62000,36,2,0,0,0
2,62000,38,2,0,0,0
2,62000,55,1,1,0,2
2,62000,55,1,19,0,0
2,62000,55,2,0,0,0
2,62000,57,2,0,0,0
2,62000,58,2,0,0,0
2,62000,59,2,0,0,0
2,62000,61,2,0,0,0
2,62000,63,2,0,0,0
2,62000,66,2,0,0,0
2,62000,68,2,0,0,0
2,62000,69,2,0,0,0
2,62000,70,2,0,0,0
2,62000,89,2,0,0,0
2,62000,90,2,0,0,0
2,62000,92,2,0,0,0
2,62000,94,2,0,0,0
2,62000,95,1,1,0,1
2,62000,95,1,16,0,0
2,62000,99,2,0,0,0
2,62000,102,2,0,0,0
2,62000,104,2,0,0,0
2,62000,117,2,0,0,0
2,62000,118,2,0,0,0
2,62000,130,2,0,0,0
2,62000,149,2,0,0,0
2,62000,156,2,0,0,0
2,62000,164,2,0,0,0
2,63000,5,2,0,0,0
2,63000,25,2,0,0,0
2,63000,34,2,0,0,0
2,63000,36,2,0,0,0
2,63000,38,2,0,0,0
2,63000,66,2,0,0,0
2,63000,68,2,0,0,0
2,63000,69,2,0,0,0
2,63000,86,2,0,0,0
2,63000,92,2,0,0,0
2,63000,94,2,0,0,0
2,63000,99,2,0,0,0
2,63000,100,1,1,0,0
2,63000,100,2,0,0,0
2,63000,102,2,0,0,0
2,63000,104,2,0,0,0
2,63000,115,2,0,0,0
2,63000,117,2,0,0,0
2,63000,118,2,0,0,0
2,63000,130,2,0,0,0
2,63000,148,2,0,0,0
2,63000,149,2,0,0,0
2,63000,156,2,0,0,0
2,63000,161,2,0,0,0
2,63000,164,2,0,0,0
2,64000,5,2,0,0,0
2,64000,25,2,0,0,0
2,64000,34,2,0,0,0
2,64000,36,2,0,0,0
2,64000,38,2,0,0,0
2,64000,50,1,1,0,3
2,64000,50,1,20,0,0
2,64000,60,1,27,0,0
2,64000,66,2,0,0,0
2,64000,68,2,0,0,0
2,64000,69,2,0,0,0
2,64000,86,2,0,0,0
2,64000,91,2,0,0,0
2,64000,92,2,0,0,0
2,64000,93,1,1,0,2
2,64000,93,1,16,0,0
2,64000,94,1,38,0,0
2,64000,94,2,0,0,0
2,64000,99,2,0,0,0
2,64000,100,1,1,0,1
2,64000,100,2,0,0,0
2,64000,102,2,0,0,0
2,64000,104,2,0,0,0
2,64000,105,1,31,0,0
2,64000,115,1,42,0,0
2,64000,115,2,0,0,0
2,64000,117,2,0,0,0
2,64000,118,2,0,0,0
2,64000,130,2,0,0,0
2,64000,148,2,0,0,0
2,64000,149,2,0,0,0
2,64000,156,2,0,0,0
2,64000,161,2,0,0,0
2,64000,164,2,0,0,0
2,65000,5,2,0,0,0
2,65000,25,2,0,0,0
2,65000,34,2,0,0,0
2,65000,36,2,0,0,0
2,65000,38,2,0,0,0
2,65000,50,1,1,0,3
2,65000,50,1,20,0,0
2,65000,60,1,27,0,0
2,65000,63,2,0,0,0
2,65000,66,2,0,0,0
2,65000,68,2,0,0,0
2,65000,69,2,0,0,0
2,65000,86,2,0,0,0
2,65000,91,2,0,0,0
2,65000,92,2,0,0,0
2,65000,93,1,1,0,2
2,65000,93,1,16,0,0
2,65000,94,1,38,0,0
2,65000,94,2,0,0,0
2,65000,99,2,0,0,0
2,65000,100,1,1,0,1
2,65000,100,2,0,0,0
2,65000,102,2,0,0,0
2,65000,104,2,0,0,0
2,65000,105,1,31,0,0
2,65000,115,1,42,0,0
2,65000,115,2,0,0,0
2,65000,117,2,0,0,0
2,65000,118,2,0,0,0
2,65000,130,2,0,0,0
2,65000,148,2,0,0,0
2,65000,149,2,0,0,0
2,65000,156,2,0,0,0
2,65000,161,2,0,0,0
2,65000,164,2,0,0,0
2,66000,2,1,1,0,0
2,66000,5,2,0,0,0
2,66000,25,2,0,0,0
2,66000,34,2,0,0,0
2,66000,36,2,0,0,0
2,66000,38,2,0,0,0
2,66000,43,1,25,0,0
2,66000,66,1,46,0,0
2,66000,66,2,0,0,0
2,66000,67,1,20,0,0
2,66000,68,2,0,0,0
2,66000,69,1,39,0,0
2,66000,69,2,0,0,0
2,66000,70,2,0,0,0
2,66000,89,2,0,0,0
2,66000,90,2,0,0,0
2,66000,91,2,0,0,0
2,66000,92,2,0,0,0
2,66000,99,2,0,0,0
2,66000,102,2,0,0,0
2,66000,104,2,0,0,0
2,66000,116,1,32,0,0
2,66000,117,2,0,0,0
2,66000,118,2,0,0,0
2,66000,126,2,0,0,0
2,66000,130,2,0,0,0
2,66000,156,2,0,0,0
2,66000,157,2,0,0,0
2,66000,164,2,0,0,0
2,67000,2,1,1,0,1
2,67000,5,2,0,0,0
2,67000,25,2,0,0,0
2,67000,34,2,0,0,0
2,67000,36,2,0,0,0
2,67000,38,2,0,0,0
2,67000,43,1,1,0,3
2,67000,43,1,25,0,0
2,67000,66,1,52,0,0
2,67000,66,2,0,0,0
2,67000,67,1,1,0,2
2,67000,67,1,20,0,0
2,67000,68,2,0,0,0
2,67000,69,1,44,0,0
2,67000,69,2,0,0,0
2,67000,70,2,0,0,0
2,67000,89,2,0,0,0
2,67000,90,2,0,0,0
2,67000,91,2,0,0,0
2,67000,92,2,0,0,0
2,67000,99,2,0,0,0
2,67000,102,2,0,0,0
2,67000,104,2,0,0,0
2,67000,116,1,36,0,0
2,67000,117,2,0,0,0
2,67000,118,2,0,0,0
2,67000,126,2,0,0,0
2,67000,130,2,0,0,0
2,67000,156,2,0,0,0
2,67000,157,2,0,0,0
2,67000,164,2,0,0,0
2,68000,2,1,1,0,1
2,68000,5,2,0,0,0
2,68000,25,2,0,0,0
2,68000,34,2,0,0,0
2,68000,36,2,0,0,0
2,68000,38,2,0,0,0
2,68000,43,1,1,0,3
2,68000,43,1,25,0,0
2,68000,63,2,0,0,0
2,68000,66,1,52,0,0
2,68000,66,2,0,0,0
2,68000,67,1,1,0,2
2,68000,67,1,20,0,0
2,68000,68,2,0,0,0
2,68000,69,1,44,0,0
2,68000,69,2,0,0,0
2,68000,70,2,0,0,0
2,68000,89,2,0,0,0
2,68000,90,2,0,0,0
2,68000,91,2,0,0,0
2,68000,92,2,0,0,0
2,68000,99,2,0,0,0
2,68000,102,2,0,0,0
2,68000,104,2,0,0,0
2,68000,116,1,36,0,0
2,68000,117,2,0,0,0
2,68000,118,2,0,0,0
2,68000,126,2,0,0,0
2,68000,130,2,0,0,0
2,68000,156,2,0,0,0
2,68000,157,2,0,0,0
2,68000,164,2,0,0,0
2,69000,14,2,0,0,0
2,69000,15,2,0,0,0
2,69000,21,1,42,0,0
2,69000,22,1,1,0,1
2,69000,35,1,13,0,0
2,69000,36,2,0,0,0
2,69000,38,2,0,0,0
2,69000,51,1,26,0,0
2,69000,72,2,0,0,0
2,69000,74,1,1,0,2
2,69000,75,1,33,0,0
2,69000,76,2,0,0,0
2,69000,77,1,15,0,0
2,69000,78,1,21,0,0
2,69000,79,1,18,0,0
2,69000,92,2,0,0,0
2,69000,99,2,0,0,0
2,69000,102,2,0,0,0
2,69000,104,2,0,0,0
2,69000,115,2,0,0,0
2,69000,117,2,0,0,0
2,69000,156,2,0,0,0
2,69000,164,2,0,0,0
2,70000,14,2,0,0,0
2,70000,15,2,0,0,0
2,70000,21,1,49,0,0
2,70000,22,1,1,0,1
2,70000,35,1,1,0,3
2,70000,35,1,13,0,0
2,70000,36,2,0,0,0
2,70000,38,2,0,0,0
2,70000,51,1,29,0,0
2,70000,72,2,0,0,0
2,70000,74,1,1,0,2
2,70000,75,1,38,0,0
2,70000,76,2,0,0,0
2,70000,77,1,15,0,0
2,70000,78,1,23,0,0
2,70000,79,1,18,0,0
2,70000,92,2,0,0,0
2,70000,99,2,0,0,0
2,70000,102,2,0,0,0
2,70000,104,2,0,0,0
2,70000,115,2,0,0,0
2,70000,117,2,0,0,0
2,70000,156,2,0,0,0
2,70000,164,2,0,0,0
2,71000,14,2,0,0,0
2,71000,15,2,0,0,0
2,71000,34,2,0,0,0
2,71000,35,1,13,0,0
2,71000,36,2,0,0,0
2,71000,38,2,0,0,0
2,71000,51,1,1,0,3
2,71000,63,2,0,0,0
2,71000,72,2,0,0,0
2,71000,75,1,1,0,4
2,71000,76,2,0,0,0
2,71000,77,1,15,0,0
2,71000,78,1,1,0,2
2,71000,79,1,1,0,1
2,71000,79,1,18,0,0
2,71000,92,2,0,0,0
2,71000,99,2,0,0,0
2,71000,102,2,0,0,0
2,71000,104,2,0,0,0
2,71000,115,2,0,0,0
2,71000,117,2,0,0,0
2,71000,156,2,0,0,0
2,71000,164,2,0,0,0
2,72000,14,2,0,0,0
2,72000,15,2,0,0,0
2,72000,35,1,13,0,0
2,72000,36,2,0,0,0
2,72000,38,2,0,0,0
2,72000,40,1,18,0,0
2,72000,48,1,7,0,0
2,72000,51,1,1,0,0
2,72000,55,1,22,0,0
2,72000,55,2,0,0,0
2,72000,56,1,48,0,0
2,72000,57,2,0,0,0
2,72000,58,2,0,0,0
2,72000,59,2,0,0,0
2,72000,61,2,0,0,0
2,72000,72,2,0,0,0
2,72000,92,2,0,0,0
2,72000,99,2,0,0,0
2,72000,102,2,0,0,0
2,72000,103,1,40,0,0
2,72000,104,2,0,0,0
2,72000,112,1,33,0,0
2,72000,115,2,0,0,0
2,72000,117,2,0,0,0
2,72000,130,2,0,0,0
2,72000,132,1,27,0,0
2,72000,156,2,0,0,0
2,72000,164,2,0,0,0
2,73000,14,2,0,0,0
2,73000,15,2,0,0,0
2,73000,35,1,1,0,3
2,73000,35,1,13,0,0
2,73000,36,2,0,0,0
2,73000,38,2,0,0,0
2,73000,40,1,18,0,0
2,73000,48,1,1,0,2
2,73000,48,1,7,0,0
2,73000,51,1,1,0,1
2,73000,55,1,22,0,0
2,73000,55,2,0,0,0
2,73000,56,1,50,0,0
2,73000,57,2,0,0,0
2,73000,58,2,0,0,0
2,73000,59,2,0,0,0
2,73000,61,2,0,0,0
2,73000,63,2,0,0,0
2,73000,72,2,0,0,0
2,73000,92,2,0,0,0
2,73000,99,2,0,0,0
2,73000,102,2,0,0,0
2,73000,103,1,43,0,0
2,73000,104,2,0,0,0
2,73000,112,1,35,0,0
2,73000,115,2,0,0,0
2,73000,117,2,0,0,0
2,73000,130,2,0,0,0
2,73000,132,1,27,0,0
2,73000,156,2,0,0,0
2,73000,164,2,0,0,0
2,74000,5,2,0,0,0
2,74000,33,1,1,0,0
2,74000,34,2,0,0,0
2,74000,36,2,0,0,0
2,74000,38,2,0,0,0
2,74000,66,2,0,0,0
2,74000,68,2,0,0,0
2,74000,69,2,0,0,0
2,74000,70,2,0,0,0
2,74000,88,1,16,0,0
2,74000,89,1,31,0,0
2,74000,89,2,0,0,0
2,74000,90,2,0,0,0
2,74000,91,2,0,0,0
2,74000,92,2,0,0,0
2,74000,99,2,0,0,0
2,74000,102,2,0,0,0
2,74000,104,2,0,0,0
2,74000,106,1,26,0,0
2,74000,111,1,11,0,0
2,74000,117,2,0,0,0
2,74000,118,2,0,0,0
2,74000,120,1,21,0,0
2,74000,120,2,0,0,0
2,74000,126,2,0,0,0
2,74000,153,1,36,0,0
2,74000,153,2,0,0,0
2,74000,156,2,0,0,0
2,74000,157,2,0,0,0
2,74000,164,2,0,0,0
2,75000,5,2,0,0,0
2,75000,33,1,1,0,1
2,75000,34,2,0,0,0
2,75000,36,2,0,0,0
2,75000,38,2,0,0,0
2,75000,66,2,0,0,0
2,75000,68,2,0,0,0
2,75000,69,2,0,0,0
2,75000,70,2,0,0,0
2,75000,88,1,16,0,0
2,75000,89,1,36,0,0
2,75000,89,2,0,0,0
2,75000,90,2,0,0,0
2,75000,91,2,0,0,0
2,75000,92,2,0,0,0
2,75000,99,2,0,0,0
2,75000,102,2,0,0,0
2,75000,104,2,0,0,0
2,75000,106,1,29,0,0
2,75000,111,1,1,0,2
2,75000,111,1,11,0,0
2,75000,117,2,0,0,0
2,75000,118,2,0,0,0
2,75000,120,1,21,0,0
2,75000,120,2,0,0,0
2,75000,126,2,0,0,0
2,75000,153,1,43,0,0
2,75000,153,2,0,0,0
2,75000,156,2,0,0,0
2,75000,157,2,0,0,0
2,75000,164,2,0,0,0
2,76000,5,2,0,0,0
2,76000,25,2,0,0,0
2,76000,33,1,1,0,1
2,76000,34,2,0,0,0
2,76000,36,2,0,0,0
2,76000,38,2,0,0,0
2,76000,63,2,0,0,0
2,76000,66,2,0,0,0
2,76000,68,2,0,0,0
2,76000,69,2,0,0,0
2,76000,70,2,0,0,0
2,76000,88,1,16,0,0
2,76000,89,1,36,0,0
2,76000,89,2,0,0,0
2,76000,90,2,0,0,0
2,76000,91,2,0,0,0
2,76000,92,2,0,0,0
2,76000,99,2,0,0,0
2,76000,102,2,0,0,0
2,76000,104,2,0,0,0
2,76000,106,1,29,0,0
2,76000,111,1,1,0,2
2,76000,111,1,11,0,0
2,76000,117,2,0,0,0
2,76000,118,2,0,0,0
2,76000,120,1,21,0,0
2,76000,120,2,0,0,0
2,76000,126,2,0,0,0
2,76000,153,1,43,0,0
2,76000,153,2,0,0,0
2,76000,156,2,0,0,0
2,76000,157,2,0,0,0
2,76000,164,2,0,0,0
2,77000,23,1,32,0,0
2,77000,32,2,0,0,0
2,77000,34,2,0,0,0
2,77000,36,1,43,0,0
2,77000,36,2,0,0,0
2,77000,38,2,0,0,0
2,77000,39,1,30,0,0
2,77000,45,1,35,0,0
2,77000,52,1,1,0,0
2,77000,83,1,39,0,0
2,77000,92,2,0,0,0
2,77000,97,1,48,0,0
2,77000,99,2,0,0,0
2,77000,102,2,0,0,0
2,77000,104,2,0,0,0
2,77000,115,2,0,0,0
2,77000,117,2,0,0,0
2,77000,126,2,0,0,0
2,77000,129,2,0,0,0
2,77000,130,2,0,0,0
2,77000,156,2,0,0,0
2,77000,164,2,0,0,0
2,78000,23,1,1,0,3
2,78000,23,1,32,0,0
2,78000,32,2,0,0,0
2,78000,34,2,0,0,0
2,78000,36,1,47,0,0
2,78000,36,2,0,0,0
2,78000,38,2,0,0,0
2,78000,39,1,1,0,2
2,78000,39,1,30,0,0
2,78000,45,1,1,0,4
2,78000,45,1,35,0,0
2,78000,52,1,1,0,1
2,78000,63,2,0,0,0
2,78000,83,1,39,0,0
2,78000,92,2,0,0,0
2,78000,97,1,55,0,0
2,78000,99,2,0,0,0
2,78000,102,2,0,0,0
2,78000,104,2,0,0,0
2,78000,115,2,0,0,0
2,78000,117,2,0,0,0
2,78000,126,2,0,0,0
2,78000,129,2,0,0,0
2,78000,130,2,0,0,0
2,78000,156,2,0,0,0
2,78000,164,2,0,0,0
2,79000,6,2,0,0,0
2,79000,29,1,22,0,0
2,79000,34,2,0,0,0
2,79000,36,2,0,0,0
2,79000,38,2,0,0,0
2,79000,45,1,27,0,0
2,79000,50,1,18,0,0
2,79000,55,1,33,0,0
2,79000,55,2,0,0,0
2,79000,57,2,0,0,0
2,79000,58,2,0,0,0
2,79000,59,2,0,0,0
2,79000,61,2,0,0,0
2,79000,70,2,0,0,0
2,79000,86,2,0,0,0
2,79000,89,2,0,0,0
2,79000,90,2,0,0,0
2,79000,91,2,0,0,0
2,79000,92,2,0,0,0
2,79000,93,1,1,0,0
2,79000,94,1,48,0,0
2,79000,94,2,0,0,0
2,79000,99,2,0,0,0
2,79000,100,2,0,0,0
2,79000,102,2,0,0,0
2,79000,104,2,0,0,0
2,79000,115,2,0,0,0
2,79000,117,2,0,0,0
2,79000,126,2,0,0,0
2,79000,129,2,0,0,0
2,79000,130,2,0,0,0
2,79000,133,1,40,0,0
2,79000,148,2,0,0,0
2,79000,149,2,0,0,0
2,79000,156,2,0,0,0
2,79000,161,2,0,0,0
2,79000,164,2,0,0,0
2,80000,5,2,0,0,0
2,80000,6,2,0,0,0
2,80000,25,2,0,0,0
2,80000,29,1,1,0,3
2,80000,29,1,22,0,0
2,80000,34,2,0,0,0
2,80000,36,2,0,0,0
2,80000,38,2,0,0,0
2,80000,45,1,27,0,0
2,80000,50,1,1,0,2
2,80000,50,1,18,0,0
2,80000,55,1,33,0,0
2,80000,55,2,0,0,0
2,80000,57,2,0,0,0
2,80000,58,2,0,0,0
2,80000,59,2,0,0,0
2,80000,61,2,0,0,0
2,80000,63,2,0,0,0
2,80000,66,2,0,0,0
2,80000,68,2,0,0,0
2,80000,69,2,0,0,0
2,80000,70,2,0,0,0
2,80000,86,2,0,0,0
2,80000,89,2,0,0,0
2,80000,90,2,0,0,0
2,80000,91,2,0,0,0
2,80000,92,2,0,0,0
2,80000,93,1,1,0,1
2,80000,94,1,55,0,0
2,80000,94,2,0,0,0
2,80000,99,2,0,0,0
2,80000,100,2,0,0,0
2,80000,102,2,0,0,0
2,80000,104,2,0,0,0
2,80000,110,1,37,0,0
2,80000,115,2,0,0,0
2,80000,117,2,0,0,0
2,80000,126,2,0,0,0
2,80000,129,2,0,0,0
2,80000,130,2,0,0,0
2,80000,133,1,44,0,0
2,80000,148,2,0,0,0
2,80000,149,2,0,0,0
2,80000,156,2,0,0,0
2,80000,161,2,0,0,0
2,80000,164,2,0,0,0
2,81000,33,1,1,0,0
2,81000,36,2,0,0,0
2,81000,38,2,0,0,0
2,81000,48,1,29,0,0
2,81000,49,1,21,0,0
2,81000,84,1,25,0,0
2,81000,85,2,0,0,0
2,81000,86,1,35,0,0
2,81000,86,2,0,0,0
2,81000,87,2,0,0,0
2,81000,92,2,0,0,0
2,81000,99,2,0,0,0
2,81000,100,2,0,0,0
2,81000,102,2,0,0,0
2,81000,103,1,47,0,0
2,81000,104,2,0,0,0
2,81000,115,2,0,0,0
2,81000,117,2,0,0,0
2,81000,129,1,41,0,0
2,81000,129,2,0,0,0
2,81000,148,2,0,0,0
2,81000,156,2,0,0,0
2,81000,164,2,0,0,0
2,82000,33,1,1,0,1
2,82000,36,2,0,0,0
2,82000,38,2,0,0,0
2,82000,48,1,29,0,0
2,82000,49,1,1,0,2
2,82000,49,1,21,0,0
2,82000,63,2,0,0,0
2,82000,84,1,1,0,3
2,82000,84,1,25,0,0
2,82000,85,2,0,0,0
2,82000,86,1,38,0,0
2,82000,86,2,0,0,0
2,82000,87,2,0,0,0
2,82000,92,2,0,0,0
2,82000,99,2,0,0,0
2,82000,100,2,0,0,0
2,82000,102,2,0,0,0
2,82000,103,1,54,0,0
2,82000,104,2,0,0,0
2,82000,115,2,0,0,0
2,82000,117,2,0,0,0
2,82000,129,1,46,0,0
2,82000,129,2,0,0,0
2,82000,148,2,0,0,0
2,82000,156,2,0,0,0
2,82000,164,2,0,0,0
2,83000,13,2,0,0,0
2,83000,14,1,23,0,0
2,83000,14,2,0,0,0
2,83000,15,2,0,0,0
2,83000,18,2,0,0,0
2,83000,19,2,0,0,0
2,83000,28,1,1,0,2
2,83000,31,1,15,0,0
2,83000,34,2,0,0,0
2,83000,36,2,0,0,0
2,83000,38,2,0,0,0
2,83000,43,1,7,0,0
2,83000,64,1,1,0,1
2,83000,92,2,0,0,0
2,83000,97,1,31,0,0
2,83000,99,2,0,0,0
2,83000,102,2,0,0,0
2,83000,104,2,0,0,0
2,83000,115,2,0,0,0
2,83000,117,2,0,0,0
2,83000,129,2,0,0,0
2,83000,130,2,0,0,0
2,83000,156,2,0,0,0
2,83000,163,1,39,0,0
2,83000,164,2,0,0,0
2,84000,18,2,0,0,0
2,84000,19,2,0,0,0
2,84000,31,1,24,0,0
2,84000,34,2,0,0,0
2,84000,36,2,0,0,0
2,84000,38,2,0,0,0
2,84000,45,1,20,0,0
2,84000,64,1,1,0,0
2,84000,65,1,30,0,0
2,84000,92,2,0,0,0
2,84000,97,1,44,0,0
2,84000,99,1,36,0,0
2,84000,99,2,0,0,0
2,84000,102,2,0,0,0
2,84000,104,2,0,0,0
2,84000,115,2,0,0,0
2,84000,117,2,0,0,0
2,84000,130,2,0,0,0
2,84000,143,2,0,0,0
2,84000,156,2,0,0,0
2,84000,161,1,40,0,0
2,84000,161,2,0,0,0
2,84000,164,2,0,0,0
2,85000,18,2,0,0,0
2,85000,19,2,0,0,0
2,85000,31,1,1,0,3
2,85000,31,1,24,0,0
2,85000,34,2,0,0,0
2,85000,36,2,0,0,0
2,85000,38,2,0,0,0
2,85000,45,1,1,0,2
2,85000,45,1,20,0,0
2,85000,63,2,0,0,0
2,85000,64,1,1,0,1
2,85000,65,1,30,0,0
2,85000,92,2,0,0,0
2,85000,97,1,51,0,0
2,85000,99,1,39,0,0
2,85000,99,2,0,0,0
2,85000,102,2,0,0,0
2,85000,104,2,0,0,0
2,85000,115,2,0,0,0
2,85000,117,2,0,0,0
2,85000,130,2,0,0,0
2,85000,143,2,0,0,0
2,85000,156,2,0,0,0
2,85000,161,1,45,0,0
2,85000,161,2,0,0,0
2,85000,164,2,0,0,0
2,86000,6,2,0,0,0
2,86000,29,1,1,0,0
2,86000,32,2,0,0,0
2,86000,34,2,0,0,0
2,86000,36,1,45,0,0
2,86000,36,2,0,0,0
2,86000,38,2,0,0,0
2,86000,45,1,30,0,0
2,86000,55,2,0,0,0
2,86000,57,2,0,0,0
2,86000,58,1,50,0,0
2,86000,58,2,0,0,0
2,86000,59,2,0,0,0
2,86000,61,2,0,0,0
2,86000,62,1,35,0,0
2,86000,70,2,0,0,0
2,86000,92,2,0,0,0
2,86000,99,2,0,0,0
2,86000,102,2,0,0,0
2,86000,104,2,0,0,0
2,86000,117,2,0,0,0
2,86000,130,2,0,0,0
2,86000,156,1,40,0,0
2,86000,156,2,0,0,0
2,86000,164,2,0,0,0
2,87000,6,2,0,0,0
2,87000,29,1,1,0,1
2,87000,32,2,0,0,0
2,87000,34,2,0,0,0
2,87000,36,1,50,0,0
2,87000,36,2,0,0,0
2,87000,38,2,0,0,0
2,87000,45,1,1,0,2
2,87000,45,1,30,0,0
2,87000,55,2,0,0,0
2,87000,57,2,0,0,0
2,87000,58,1,56,0,0
2,87000,58,2,0,0,0
2,87000,59,2,0,0,0
2,87000,61,2,0,0,0
2,87000,62,1,1,0,3
2,87000,62,1,35,0,0
2,87000,63,2,0,0,0
2,87000,70,2,0,0,0
2,87000,92,2,0,0,0
2,87000,99,2,0,0,0
2,87000,102,2,0,0,0
2,87000,104,2,0,0,0
2,87000,117,2,0,0,0
2,87000,130,2,0,0,0
2,87000,156,1,44,0,0
2,87000,156,2,0,0,0
2,87000,164,2,0,0,0
2,88000,1,1,1,0,1
2,88000,34,2,0,0,0
2,88000,50,1,1,0,2
2,88000,72,2,0,0,0
2,88000,85,2,0,0,0
2,88000,87,2,0,0,0
2,88000,92,2,0,0,0
2,88000,99,2,0,0,0
2,88000,102,2,0,0,0
2,88000,103,1,48,0,0
2,88000,104,2,0,0,0
2,88000,106,1,42,0,0
2,88000,107,1,33,0,0
2,88000,117,2,0,0,0
2,88000,120,2,0,0,0
2,88000,124,1,37,0,0
2,88000,126,2,0,0,0
2,88000,139,1,30,0,0
2,88000,151,1,55,0,0
2,88000,153,2,0,0,0
2,88000,156,2,0,0,0
2,88000,164,2,0,0,0
2,89000,1,1,1,0,1
2,89000,34,2,0,0,0
2,89000,50,1,1,0,2
2,89000,63,2,0,0,0
2,89000,72,2,0,0,0
2,89000,85,2,0,0,0
2,89000,87,2,0,0,0
2,89000,92,2,0,0,0
2,89000,99,2,0,0,0
2,89000,102,2,0,0,0
2,89000,103,1,53,0,0
2,89000,104,2,0,0,0
2,89000,106,1,45,0,0
2,89000,107,1,33,0,0
2,89000,117,2,0,0,0
2,89000,120,2,0,0,0
2,89000,124,1,37,0,0
2,89000,126,2,0,0,0
2,89000,139,1,1,0,3
2,89000,139,1,30,0,0
2,89000,151,1,60,0,0
2,89000,153,2,0,0,0
2,89000,156,2,0,0,0
2,89000,164,2,0,0,0
2,90000,33,1,1,0,1
2,90000,36,2,0,0,0
2,90000,38,2,0,0,0
2,90000,43,1,39,0,0
2,90000,48,1,18,0,0
2,90000,55,2,0,0,0
2,90000,57,2,0,0,0
2,90000,58,1,50,0,0
2,90000,58,2,0,0,0
2,90000,59,2,0,0,0
2,90000,61,2,0,0,0
2,90000,62,1,30,0,0
2,90000,92,2,0,0,0
2,90000,99,2,0,0,0
2,90000,100,2,0,0,0
2,90000,102,2,0,0,0
2,90000,104,2,0,0,0
2,90000,110,1,1,0,2
2,90000,115,2,0,0,0
2,90000,117,2,0,0,0
2,90000,120,2,0,0,0
2,90000,128,1,23,0,0
2,90000,129,2,0,0,0
2,90000,153,2,0,0,0
2,90000,156,2,0,0,0
2,90000,161,2,0,0,0
2,90000,164,2,0,0,0
2,91000,36,2,0,0,0
2,91000,38,2,0,0,0
2,91000,48,1,1,0,2
2,91000,55,2,0,0,0
2,91000,57,2,0,0,0
2,91000,58,2,0,0,0
2,91000,59,2,0,0,0
2,91000,61,2,0,0,0
2,91000,62,1,1,0,4
2,91000,63,2,0,0,0
2,91000,92,2,0,0,0
2,91000,99,2,0,0,0
2,91000,100,2,0,0,0
2,91000,102,2,0,0,0
2,91000,104,2,0,0,0
2,91000,110,1,1,0,1
2,91000,115,2,0,0,0
2,91000,117,2,0,0,0
2,91000,120,2,0,0,0
2,91000,128,1,1,0,3
2,91000,129,2,0,0,0
2,91000,131,1,50,0,0
2,91000,153,2,0,0,0
2,91000,156,2,0,0,0
2,91000,161,2,0,0,0
2,91000,164,2,0,0,0
2,92000,72,2,0,0,0
2,92000,85,2,0,0,0
2,92000,87,2,0,0,0
2,92000,92,2,0,0,0
2,92000,94,2,0,0,0
2,92000,95,1,27,0,0
2,92000,99,2,0,0,0
2,92000,101,1,1,0,3
2,92000,102,2,0,0,0
2,92000,104,2,0,0,0
2,92000,109,1,1,0,2
2,92000,117,2,0,0,0
2,92000,120,2,0,0,0
2,92000,122,1,1,0,1
2,92000,138,1,35,0,0
2,92000,138,2,0,0,0
2,92000,149,2,0,0,0
2,92000,153,2,0,0,0
2,92000,156,2,0,0,0
2,92000,164,2,0,0,0
2,93000,72,2,0,0,0
2,93000,85,2,0,0,0
2,93000,87,2,0,0,0
2,93000,92,2,0,0,0
2,93000,94,2,0,0,0
2,93000,95,1,29,0,0
2,93000,99,2,0,0,0
2,93000,101,1,1,0,3
2,93000,102,2,0,0,0
2,93000,104,2,0,0,0
2,93000,109,1,1,0,2
2,93000,117,2,0,0,0
2,93000,120,2,0,0,0
2,93000,122,1,1,0,1
2,93000,138,1,38,0,0
2,93000,138,2,0,0,0
2,93000,149,2,0,0,0
2,93000,153,2,0,0,0
2,93000,156,2,0,0,0
2,93000,164,2,0,0,0
2,94000,5,2,0,0,0
2,94000,25,2,0,0,0
2,94000,34,2,0,0,0
2,94000,36,2,0,0,0
2,94000,38,2,0,0,0
2,94000,63,2,0,0,0
2,94000,66,2,0,0,0
2,94000,68,2,0,0,0
2,94000,69,2,0,0,0
2,94000,70,2,0,0,0
2,94000,72,2,0,0,0
2,94000,85,2,0,0,0
2,94000,87,2,0,0,0
2,94000,92,2,0,0,0
2,94000,94,2,0,0,0
2,94000,95,1,29,0,0
2,94000,99,2,0,0,0
2,94000,101,1,1,0,3
2,94000,102,2,0,0,0
2,94000,104,2,0,0,0
2,94000,109,1,1,0,2
2,94000,117,2,0,0,0
2,94000,118,2,0,0,0
2,94000,120,2,0,0,0
2,94000,122,1,1,0,1
2,94000,130,2,0,0,0
2,94000,138,1,38,0,0
2,94000,138,2,0,0,0
2,94000,149,2,0,0,0
2,94000,153,2,0,0,0
2,94000,156,2,0,0,0
2,94000,164,2,0,0,0
2,95000,20,1,15,0,0
2,95000,21,1,33,0,0
2,95000,33,1,1,0,1
2,95000,34,2,0,0,0
2,95000,36,2,0,0,0
2,95000,38,2,0,0,0
2,95000,70,2,0,0,0
2,95000,88,1,19,0,0
2,95000,89,2,0,0,0
2,95000,90,2,0,0,0
2,95000,91,2,0,0,0
2,95000,92,2,0,0,0
2,95000,99,1,25,0,0
2,95000,99,2,0,0,0
2,95000,102,2,0,0,0
2,95000,103,1,1,0,2
2,95000,104,2,0,0,0
2,95000,106,1,43,0,0
2,95000,117,2,0,0,0
2,95000,120,2,0,0,0
2,95000,130,2,0,0,0
2,95000,153,2,0,0,0
2,95000,156,2,0,0,0
2,95000,157,2,0,0,0
2,95000,164,2,0,0,0
2,96000,1,1,1,0,1
2,96000,5,2,0,0,0
2,96000,25,2,0,0,0
2,96000,29,1,24,0,0
2,96000,34,2,0,0,0
2,96000,36,2,0,0,0
2,96000,38,2,0,0,0
2,96000,50,1,12,0,0
2,96000,66,2,0,0,0
2,96000,68,2,0,0,0
2,96000,69,2,0,0,0
2,96000,86,2,0,0,0
2,96000,92,2,0,0,0
2,96000,93,1,17,0,0
2,96000,94,1,32,0,0
2,96000,94,2,0,0,0
2,96000,95,1,1,0,2
2,96000,96,1,37,0,0
2,96000,99,2,0,0,0
2,96000,100,2,0,0,0
2,96000,102,2,0,0,0
2,96000,104,2,0,0,0
2,96000,115,2,0,0,0
2,96000,117,2,0,0,0
2,96000,118,2,0,0,0
2,96000,130,2,0,0,0
2,96000,138,2,0,0,0
2,96000,139,1,29,0,0
2,96000,148,2,0,0,0
2,96000,149,2,0,0,0
2,96000,156,2,0,0,0
2,96000,161,2,0,0,0
2,96000,164,2,0,0,0
2,97000,1,1,1,0,1
2,97000,5,2,0,0,0
2,97000,25,2,0,0,0
2,97000,29,1,24,0,0
2,97000,34,2,0,0,0
2,97000,36,2,0,0,0
2,97000,38,2,0,0,0
2,97000,50,1,1,0,3
2,97000,50,1,12,0,0
2,97000,63,2,0,0,0
2,97000,66,2,0,0,0
2,97000,68,2,0,0,0
2,97000,69,2,0,0,0
2,97000,86,2,0,0,0
2,97000,92,2,0,0,0
2,97000,93,1,1,0,4
2,97000,93,1,17,0,0
2,97000,94,1,37,0,0
2,97000,94,2,0,0,0
2,97000,95,1,1,0,2
2,97000,96,1,43,0,0
2,97000,99,2,0,0,0
2,97000,100,2,0,0,0
2,97000,102,2,0,0,0
2,97000,104,2,0,0,0
2,97000,115,2,0,0,0
2,97000,117,2,0,0,0
2,97000,118,2,0,0,0
2,97000,130,2,0,0,0
2,97000,138,2,0,0,0
2,97000,139,1,33,0,0
2,97000,148,2,0,0,0
2,97000,149,2,0,0,0
2,97000,156,2,0,0,0
2,97000,161,2,0,0,0
2,97000,164,2,0,0,0
2,98000,11,1,20,0,0
2,98000,12,1,25,0,0
2,98000,14,2,0,0,0
2,98000,15,2,0,0,0
2,98000,23,1,30,0,0
2,98000,34,2,0,0,0
2,98000,36,2,0,0,0
2,98000,38,2,0,0,0
2,98000,43,1,1,0,2
2,98000,55,2,0,0,0
2,98000,57,2,0,0,0
2,98000,58,2,0,0,0
2,98000,59,2,0,0,0
2,98000,61,2,0,0,0
2,98000,70,2,0,0,0
2,98000,92,2,0,0,0
2,98000,99,2,0,0,0
2,98000,102,2,0,0,0
2,98000,104,2,0,0,0
2,98000,106,1,40,0,0
2,98000,117,2,0,0,0
2,98000,145,1,1,0,1
2,98000,152,1,35,0,0
2,98000,156,2,0,0,0
2,98000,164,2,0,0,0
2,99000,11,1,1,0,3
2,99000,11,1,20,0,0
2,99000,12,1,25,0,0
2,99000,14,2,0,0,0
2,99000,15,2,0,0,0
2,99000,23,1,34,0,0
2,99000,34,2,0,0,0
2,99000,36,2,0,0,0
2,99000,38,2,0,0,0
2,99000,43,1,1,0,2
2,99000,55,2,0,0,0
2,99000,57,2,0,0,0
2,99000,58,2,0,0,0
2,99000,59,2,0,0,0
2,99000,61,2,0,0,0
2,99000,63,2,0,0,0
2,99000,70,2,0,0,0
2,99000,92,2,0,0,0
2,99000,99,2,0,0,0
2,99000,102,2,0,0,0
2,99000,104,2,0,0,0
2,99000,106,1,49,0,0
2,99000,117,2,0,0,0
2,99000,145,1,1,0,1
2,99000,152,1,42,0,0
2,99000,156,2,0,0,0
2,99000,164,2,0,0,0
2,100000,33,1,1,0,1
2,100000,36,2,0,0,0
2,100000,49,1,17,0,0
2,100000,85,2,0,0,0
2,100000,86,2,0,0,0
2,100000,87,2,0,0,0
2,100000,92,2,0,0,0
2,100000,99,2,0,0,0
2,100000,100,2,0,0,0
2,100000,102,2,0,0,0
2,100000,103,1,1,0,2
2,100000,104,2,0,0,0
2,100000,113,1,29,0,0
2,100000,115,2,0,0,0
2,100000,117,2,0,0,0
2,100000,120,1,22,0,0
2,100000,120,2,0,0,0
2,100000,129,1,36,0,0
2,100000,129,2,0,0,0
2,100000,148,2,0,0,0
2,100000,153,1,43,0,0
2,100000,153,2,0,0,0
2,100000,156,2,0,0,0
2,100000,164,2,0,0,0
2,101000,33,1,1,0,1
2,101000,36,2,0,0,0
2,101000,49,1,1,0,3
2,101000,49,1,17,0,0
2,101000,63,2,0,0,0
2,101000,85,2,0,0,0
2,101000,86,2,0,0,0
2,101000,87,2,0,0,0
2,101000,92,2,0,0,0
2,101000,99,2,0,0,0
2,101000,100,2,0,0,0
2,101000,102,2,0,0,0
2,101000,103,1,1,0,2
2,101000,104,2,0,0,0
2,101000,113,1,29,0,0
2,101000,115,2,0,0,0
2,101000,117,2,0,0,0
2,101000,120,1,22,0,0
2,101000,120,2,0,0,0
2,101000,129,1,40,0,0
2,101000,129,2,0,0,0
2,101000,130,2,0,0,0
2,101000,148,2,0,0,0
2,101000,153,1,50,0,0
2,101000,153,2,0,0,0
2,101000,156,2,0,0,0
2,101000,164,2,0,0,0
2,102000,36,2,0,0,0
2,102000,38,2,0,0,0
2,102000,73,1,28,0,0
2,102000,76,1,42,0,0
2,102000,77,1,37,0,0
2,102000,78,1,32,0,0
2,102000,79,1,48,0,0
2,102000,92,2,0,0,0
2,102000,94,2,0,0,0
2,102000,95,1,1,0,2
2,102000,99,2,0,0,0
2,102000,100,2,0,0,0
2,102000,102,2,0,0,0
2,102000,104,2,0,0,0
2,102000,115,1,25,0,0
2,102000,115,2,0,0,0
2,102000,117,2,0,0,0
2,102000,120,2,0,0,0
2,102000,121,2,0,0,0
2,102000,140,1,1,0,1
2,102000,149,2,0,0,0
2,102000,153,2,0,0,0
2,102000,156,2,0,0,0
2,102000,164,2,0,0,0
2,103000,23,1,28,0,0
2,103000,36,2,0,0,0
2,103000,38,2,0,0,0
2,103000,63,2,0,0,0
2,103000,70,2,0,0,0
2,103000,72,2,0,0,0
2,103000,76,2,0,0,0
2,103000,92,2,0,0,0
2,103000,94,2,0,0,0
2,103000,95,1,1,0,2
2,103000,99,2,0,0,0
2,103000,100,2,0,0,0
2,103000,102,2,0,0,0
2,103000,104,2,0,0,0
2,103000,115,2,0,0,0
2,103000,117,2,0,0,0
2,103000,120,2,0,0,0
2,103000,121,2,0,0,0
2,103000,140,1,1,0,1
2,103000,149,2,0,0,0
2,103000,153,2,0,0,0
2,103000,156,2,0,0,0
2,103000,164,2,0,0,0
2,104000,5,2,0,0,0
2,104000,25,2,0,0,0
2,104000,34,2,0,0,0
2,104000,36,2,0,0,0
2,104000,37,1,38,0,0
2,104000,38,2,0,0,0
2,104000,43,1,25,0,0
2,104000,45,1,1,0,2
2,104000,55,2,0,0,0
2,104000,58,2,0,0,0
2,104000,59,2,0,0,0
2,104000,61,2,0,0,0
2,104000,66,2,0,0,0
2,104000,68,2,0,0,0
2,104000,69,2,0,0,0
2,104000,70,2,0,0,0
2,104000,89,2,0,0,0
2,104000,90,2,0,0,0
2,104000,91,2,0,0,0
2,104000,92,2,0,0,0
2,104000,99,1,46,0,0
2,104000,99,2,0,0,0
2,104000,102,2,0,0,0
2,104000,104,2,0,0,0
2,104000,116,1,31,0,0
2,104000,117,2,0,0,0
2,104000,125,1,1,0,1
2,104000,126,2,0,0,0
2,104000,130,2,0,0,0
2,104000,155,1,43,0,0
2,104000,156,2,0,0,0
2,104000,164,2,0,0,0
2,105000,5,2,0,0,0
2,105000,25,2,0,0,0
2,105000,34,2,0,0,0
2,105000,36,2,0,0,0
2,105000,37,1,41,0,0
2,105000,38,2,0,0,0
2,105000,43,1,1,0,3
2,105000,43,1,25,0,0
2,105000,45,1,1,0,2
2,105000,55,2,0,0,0
2,105000,58,2,0,0,0
2,105000,59,2,0,0,0
2,105000,61,2,0,0,0
2,105000,63,2,0,0,0
2,105000,66,2,0,0,0
2,105000,68,2,0,0,0
2,105000,69,2,0,0,0
2,105000,70,2,0,0,0
2,105000,89,2,0,0,0
2,105000,90,2,0,0,0
2,105000,91,2,0,0,0
2,105000,92,2,0,0,0
2,105000,99,1,55,0,0
2,105000,99,2,0,0,0
2,105000,102,2,0,0,0
2,105000,104,2,0,0,0
2,105000,116,1,1,0,4
2,105000,116,1,33,0,0
2,105000,117,2,0,0,0
2,105000,125,1,1,0,1
2,105000,126,2,0,0,0
2,105000,130,2,0,0,0
2,105000,155,1,48,0,0
2,105000,156,2,0,0,0
2,105000,164,2,0,0,0
2,106000,5,2,0,0,0
2,106000,24,1,1,0,1
2,106000,25,1,53,0,0
2,106000,25,2,0,0,0
2,106000,26,1,38,0,0
2,106000,27,1,33,0,0
2,106000,34,2,0,0,0
2,106000,36,2,0,0,0
2,106000,38,2,0,0,0
2,106000,66,2,0,0,0
2,106000,68,2,0,0,0
2,106000,69,2,0,0,0
2,106000,70,2,0,0,0
2,106000,92,2,0,0,0
2,106000,96,1,1,0,2
2,106000,99,2,0,0,0
2,106000,102,2,0,0,0
2,106000,104,2,0,0,0
2,106000,116,1,43,0,0
2,106000,117,2,0,0,0
2,106000,118,2,0,0,0
2,106000,129,2,0,0,0
2,106000,130,2,0,0,0
2,106000,136,1,48,0,0
2,106000,156,2,0,0,0
2,106000,164,2,0,0,0
2,107000,4,1,1,0,1
2,107000,5,1,48,0,0
2,107000,5,2,0,0,0
2,107000,7,1,33,0,0
2,107000,8,1,38,0,0
2,107000,9,1,43,0,0
2,107000,25,2,0,0,0
2,107000,34,2,0,0,0
2,107000,36,2,0,0,0
2,107000,38,2,0,0,0
2,107000,66,2,0,0,0
2,107000,68,1,53,0,0
2,107000,68,2,0,0,0
2,107000,69,2,0,0,0
2,107000,70,2,0,0,0
2,107000,92,2,0,0,0
2,107000,97,1,1,0,2
2,107000,99,2,0,0,0
2,107000,102,2,0,0,0
2,107000,104,2,0,0,0
2,107000,117,2,0,0,0
2,107000,118,2,0,0,0
2,107000,129,2,0,0,0
2,107000,130,2,0,0,0
2,107000,156,2,0,0,0
2,107000,164,2,0,0,0
2,108000,5,2,0,0,0
2,108000,14,2,0,0,0
2,108000,15,2,0,0,0
2,108000,21,1,31,0,0
2,108000,23,1,7,0,0
2,108000,25,2,0,0,0
2,108000,34,2,0,0,0
2,108000,35,1,1,0,1
2,108000,36,2,0,0,0
2,108000,38,2,0,0,0
2,108000,48,1,1,0,2
2,108000,50,1,15,0,0
2,108000,55,2,0,0,0
2,108000,57,2,0,0,0
2,108000,58,2,0,0,0
2,108000,59,2,0,0,0
2,108000,61,2,0,0,0
2,108000,63,2,0,0,0
2,108000,66,2,0,0,0
2,108000,68,2,0,0,0
2,108000,69,2,0,0,0
2,108000,70,2,0,0,0
2,108000,85,2,0,0,0
2,108000,87,2,0,0,0
2,108000,89,2,0,0,0
2,108000,90,2,0,0,0
2,108000,92,2,0,0,0
2,108000,99,2,0,0,0
2,108000,102,2,0,0,0
2,108000,103,1,39,0,0
2,108000,104,2,0,0,0
2,108000,111,1,23,0,0
2,108000,117,2,0,0,0
2,108000,126,2,0,0,0
2,108000,130,2,0,0,0
2,108000,156,2,0,0,0
2,108000,164,2,0,0,0
2,109000,33,1,1,0,1
2,109000,85,2,0,0,0
2,109000,87,2,0,0,0
2,109000,92,2,0,0,0
2,109000,99,2,0,0,0
2,109000,102,2,0,0,0
2,109000,104,2,0,0,0
2,109000,108,1,37,0,0
2,109000,114,1,45,0,0
2,109000,117,2,0,0,0
2,109000,120,1,40,0,0
2,109000,120,2,0,0,0
2,109000,123,1,1,0,2
2,109000,124,1,32,0,0
2,109000,126,2,0,0,0
2,109000,153,1,48,0,0
2,109000,153,2,0,0,0
2,109000,156,2,0,0,0
2,109000,164,2,0,0,0
2,110000,33,1,1,0,1
2,110000,63,2,0,0,0
2,110000,85,2,0,0,0
2,110000,87,2,0,0,0
2,110000,92,2,0,0,0
2,110000,99,2,0,0,0
2,110000,102,2,0,0,0
2,110000,104,2,0,0,0
2,110000,108,1,39,0,0
2,110000,114,1,49,0,0
2,110000,117,2,0,0,0
2,110000,120,1,43,0,0
2,110000,120,2,0,0,0
2,110000,123,1,1,0,2
2,110000,124,1,1,0,3
2,110000,124,1,32,0,0
2,110000,126,2,0,0,0
2,110000,153,1,53,0,0
2,110000,153,2,0,0,0
2,110000,156,2,0,0,0
2,110000,164,2,0,0,0
2,111000,23,1,30,0,0
2,111000,30,1,1,0,0
2,111000,31,1,40,0,0
2,111000,32,1,45,0,0
2,111000,32,2,0,0,0
2,111000,34,2,0,0,0
2,111000,36,1,55,0,0
2,111000,36,2,0,0,0
2,111000,38,2,0,0,0
2,111000,39,1,35,0,0
2,111000,43,1,50,0,0
2,111000,70,2,0,0,0
2,111000,85,2,0,0,0
2,111000,87,2,0,0,0
2,111000,89,2,0,0,0
2,111000,90,2,0,0,0
2,111000,91,2,0,0,0
2,111000,92,2,0,0,0
2,111000,99,2,0,0,0
2,111000,102,2,0,0,0
2,111000,104,2,0,0,0
2,111000,117,2,0,0,0
2,111000,126,2,0,0,0
2,111000,130,2,0,0,0
2,111000,156,2,0,0,0
2,111000,157,2,0,0,0
2,111000,164,2,0,0,0
2,112000,5,2,0,0,0
2,112000,6,2,0,0,0
2,112000,23,1,1,0,2
2,112000,23,1,30,0,0
2,112000,25,2,0,0,0
2,112000,30,1,1,0,1
2,112000,31,1,1,0,4
2,112000,31,1,40,0,0
2,112000,32,1,48,0,0
2,112000,32,2,0,0,0
2,112000,34,2,0,0,0
2,112000,36,1,64,0,0
2,112000,36,2,0,0,0
2,112000,38,2,0,0,0
2,112000,39,1,1,0,3
2,112000,39,1,35,0,0
2,112000,43,1,55,0,0
2,112000,55,2,0,0,0
2,112000,57,2,0,0,0
2,112000,58,2,0,0,0
2,112000,59,2,0,0,0
2,112000,61,2,0,0,0
2,112000,63,2,0,0,0
2,112000,66,2,0,0,0
2,112000,68,2,0,0,0
2,112000,69,2,0,0,0
2,112000,70,2,0,0,0
2,112000,85,2,0,0,0
2,112000,87,2,0,0,0
2,112000,89,2,0,0,0
2,112000,90,2,0,0,0
2,112000,91,2,0,0,0
2,112000,92,2,0,0,0
2,112000,99,2,0,0,0
2,112000,102,2,0,0,0
2,112000,104,2,0,0,0
2,112000,117,2,0,0,0
2,112000,126,2,0,0,0
2,112000,130,2,0,0,0
2,112000,156,2,0,0,0
2,112000,157,2,0,0,0
2,112000,164,2,0,0,0
2,113000,1,1,1,0,1
2,113000,3,1,1,0,2
2,113000,5,2,0,0,0
2,113000,25,2,0,0,0
2,113000,34,2,0,0,0
2,113000,36,2,0,0,0
2,113000,38,1,54,0,0
2,113000,38,2,0,0,0
2,113000,45,1,30,0,0
2,113000,47,1,24,0,0
2,113000,55,2,0,0,0
2,113000,58,2,0,0,0
2,113000,59,2,0,0,0
2,113000,61,2,0,0,0
2,113000,63,2,0,0,0
2,113000,66,2,0,0,0
2,113000,68,2,0,0,0
2,113000,69,2,0,0,0
2,113000,70,2,0,0,0
2,113000,76,2,0,0,0
2,113000,85,2,0,0,0
2,113000,86,2,0,0,0
2,113000,87,2,0,0,0
2,113000,92,2,0,0,0
2,113000,94,2,0,0,0
2,113000,99,2,0,0,0
2,113000,100,2,0,0,0
2,113000,102,2,0,0,0
2,113000,104,2,0,0,0
2,113000,107,1,38,0,0
2,113000,111,1,44,0,0
2,113000,113,1,48,0,0
2,113000,115,2,0,0,0
2,113000,117,2,0,0,0
2,113000,118,2,0,0,0
2,113000,121,2,0,0,0
2,113000,126,2,0,0,0
2,113000,130,2,0,0,0
2,113000,135,2,0,0,0
2,113000,148,2,0,0,0
2,113000,149,2,0,0,0
2,113000,156,2,0,0,0
2,113000,161,2,0,0,0
2,113000,164,2,0,0,0
2,114000,14,2,0,0,0
2,114000,15,2,0,0,0
2,114000,20,1,1,0,2
2,114000,21,1,45,0,0
2,114000,34,2,0,0,0
2,114000,36,2,0,0,0
2,114000,38,2,0,0,0
2,114000,63,2,0,0,0
2,114000,71,1,29,0,0
2,114000,72,2,0,0,0
2,114000,74,1,49,0,0
2,114000,76,2,0,0,0
2,114000,77,1,32,0,0
2,114000,78,1,36,0,0
2,114000,79,1,39,0,0
2,114000,92,2,0,0,0
2,114000,99,2,0,0,0
2,114000,102,2,0,0,0
2,114000,104,2,0,0,0
2,114000,117,2,0,0,0
2,114000,130,2,0,0,0
2,114000,132,1,1,0,1
2,114000,156,2,0,0,0
2,114000,164,2,0,0,0
2,115000,4,1,1,0,1
2,115000,5,1,36,0,0
2,115000,5,2,0,0,0
2,115000,25,2,0,0,0
2,115000,34,2,0,0,0
2,115000,36,2,0,0,0
2,115000,38,2,0,0,0
2,115000,39,1,31,0,0
2,115000,43,1,41,0,0
2,115000,44,1,26,0,0
2,115000,55,2,0,0,0
2,115000,57,2,0,0,0
2,115000,58,2,0,0,0
2,115000,59,2,0,0,0
2,115000,61,2,0,0,0
2,115000,63,2,0,0,0
2,115000,66,2,0,0,0
2,115000,68,2,0,0,0
2,115000,69,2,0,0,0
2,115000,70,2,0,0,0
2,115000,85,2,0,0,0
2,115000,87,2,0,0,0
2,115000,89,2,0,0,0
2,115000,90,2,0,0,0
2,115000,92,2,0,0,0
2,115000,99,1,1,0,2
2,115000,99,2,0,0,0
2,115000,102,2,0,0,0
2,115000,104,2,0,0,0
2,115000,117,2,0,0,0
2,115000,126,2,0,0,0
2,115000,130,2,0,0,0
2,115000,146,1,46,0,0
2,115000,156,2,0,0,0
2,115000,157,2,0,0,0
2,115000,164,2,0,0,0
2,116000,36,2,0,0,0
2,116000,38,2,0,0,0
2,116000,43,1,24,0,0
2,116000,55,1,30,0,0
2,116000,55,2,0,0,0
2,116000,56,1,45,0,0
2,116000,57,2,0,0,0
2,116000,58,2,0,0,0
2,116000,59,2,0,0,0
2,116000,61,2,0,0,0
2,116000,92,2,0,0,0
2,116000,97,1,37,0,0
2,116000,99,2,0,0,0
2,116000,102,2,0,0,0
2,116000,104,2,0,0,0
2,116000,108,1,19,0,0
2,116000,117,2,0,0,0
2,116000,129,2,0,0,0
2,116000,130,2,0,0,0
2,116000,145,1,1,0,0
2,116000,156,2,0,0,0
2,116000,164,2,0,0,0
2,117000,36,2,0,0,0
2,117000,38,2,0,0,0
2,117000,43,1,24,0,0
2,117000,55,1,30,0,0
2,117000,55,2,0,0,0
2,117000,56,1,52,0,0
2,117000,57,2,0,0,0
2,117000,58,2,0,0,0
2,117000,59,2,0,0,0
2,117000,61,2,0,0,0
2,117000,63,2,0,0,0
2,117000,92,2,0,0,0
2,117000,97,1,41,0,0
2,117000,99,2,0,0,0
2,117000,102,2,0,0,0
2,117000,104,2,0,0,0
2,117000,108,1,1,0,2
2,117000,108,1,19,0,0
2,117000,117,2,0,0,0
2,117000,129,2,0,0,0
2,117000,130,2,0,0,0
2,117000,145,1,1,0,1
2,117000,156,2,0,0,0
2,117000,164,2,0,0,0
2,118000,30,1,24,0,0
2,118000,31,1,30,0,0
2,118000,32,1,45,0,0
2,118000,32,2,0,0,0
2,118000,36,2,0,0,0
2,118000,38,2,0,0,0
2,118000,39,1,1,0,2
2,118000,48,1,19,0,0
2,118000,55,2,0,0,0
2,118000,57,2,0,0,0
2,118000,58,2,0,0,0
2,118000,59,2,0,0,0
2,118000,61,2,0,0,0
2,118000,64,1,1,0,1
2,118000,92,2,0,0,0
2,118000,97,1,54,0,0
2,118000,99,2,0,0,0
2,118000,102,2,0,0,0
2,118000,104,2,0,0,0
2,118000,117,2,0,0,0
2,118000,127,1,37,0,0
2,118000,129,2,0,0,0
2,118000,130,2,0,0,0
2,118000,156,2,0,0,0
2,118000,164,2,0,0,0
2,119000,30,1,24,0,0
2,119000,31,1,30,0,0
2,119000,32,1,48,0,0
2,119000,32,2,0,0,0
2,119000,36,2,0,0,0
2,119000,38,2,0,0,0
2,119000,39,1,1,0,2
2,119000,48,1,1,0,3
2,119000,48,1,19,0,0
2,119000,55,2,0,0,0
2,119000,57,2,0,0,0
2,119000,58,2,0,0,0
2,119000,59,2,0,0,0
2,119000,61,2,0,0,0
2,119000,63,2,0,0,0
2,119000,64,1,1,0,1
2,119000,92,2,0,0,0
2,119000,97,1,54,0,0
2,119000,99,2,0,0,0
2,119000,102,2,0,0,0
2,119000,104,2,0,0,0
2,119000,117,2,0,0,0
2,119000,127,1,39,0,0
2,119000,129,2,0,0,0
2,119000,130,2,0,0,0
2,119000,156,2,0,0,0
2,119000,164,2,0,0,0
2,120000,33,1,1,0,0
2,120000,36,2,0,0,0
2,120000,38,2,0,0,0
2,120000,55,1,17,0,0
2,120000,55,2,0,0,0
2,120000,56,1,47,0,0
2,120000,57,2,0,0,0
2,120000,58,2,0,0,0
2,120000,59,2,0,0,0
2,120000,61,2,0,0,0
2,120000,85,2,0,0,0
2,120000,86,2,0,0,0
2,120000,87,2,0,0,0
2,120000,92,2,0,0,0
2,120000,94,2,0,0,0
2,120000,99,2,0,0,0
2,120000,100,2,0,0,0
2,120000,102,2,0,0,0
2,120000,104,2,0,0,0
2,120000,105,1,27,0,0
2,120000,106,1,22,0,0
2,120000,107,1,37,0,0
2,120000,113,1,42,0,0
2,120000,115,2,0,0,0
2,120000,117,2,0,0,0
2,120000,129,1,32,0,0
2,120000,129,2,0,0,0
2,120000,130,2,0,0,0
2,120000,148,2,0,0,0
2,120000,149,2,0,0,0
2,120000,156,2,0,0,0
2,120000,161,2,0,0,0
2,120000,164,2,0,0,0
2,121000,33,1,1,0,1
2,121000,36,2,0,0,0
2,121000,38,2,0,0,0
2,121000,55,1,1,0,2
2,121000,55,2,0,0,0
2,121000,57,2,0,0,0
2,121000,58,2,0,0,0
2,121000,59,2,0,0,0
2,121000,61,2,0,0,0
2,121000,63,2,0,0,0
2,121000,85,2,0,0,0
2,121000,86,2,0,0,0
2,121000,87,2,0,0,0
2,121000,92,2,0,0,0
2,121000,94,2,0,0,0
2,121000,99,2,0,0,0
2,121000,100,2,0,0,0
2,121000,102,2,0,0,0
2,121000,104,2,0,0,0
2,121000,106,1,1,0,3
2,121000,115,2,0,0,0
2,121000,117,2,0,0,0
2,121000,129,2,0,0,0
2,121000,130,2,0,0,0
2,121000,148,2,0,0,0
2,121000,149,2,0,0,0
2,121000,156,2,0,0,0
2,121000,161,2,0,0,0
2,121000,164,2,0,0,0
2,122000,3,1,31,0,0
2,122000,5,2,0,0,0
2,122000,25,2,0,0,0
2,122000,34,2,0,0,0
2,122000,36,2,0,0,0
2,122000,38,2,0,0,0
2,122000,63,2,0,0,0
2,122000,66,2,0,0,0
2,122000,68,2,0,0,0
2,122000,69,2,0,0,0
2,122000,76,2,0,0,0
2,122000,85,2,0,0,0
2,122000,86,2,0,0,0
2,122000,87,2,0,0,0
2,122000,92,2,0,0,0
2,122000,93,1,1,0,1
2,122000,93,1,15,0,0
2,122000,94,2,0,0,0
2,122000,96,1,39,0,0
2,122000,99,2,0,0,0
2,122000,100,2,0,0,0
2,122000,102,2,0,0,0
2,122000,104,2,0,0,0
2,122000,112,1,1,0,2
2,122000,113,1,23,0,0
2,122000,115,2,0,0,0
2,122000,117,2,0,0,0
2,122000,118,2,0,0,0
2,122000,130,2,0,0,0
2,122000,148,2,0,0,0
2,122000,149,2,0,0,0
2,122000,156,2,0,0,0
2,122000,164,1,47,0,0
2,122000,164,2,0,0,0
2,123000,14,1,35,0,0
2,123000,14,2,0,0,0
2,123000,15,2,0,0,0
2,123000,36,2,0,0,0
2,123000,38,2,0,0,0
2,123000,43,1,17,0,0
2,123000,63,2,0,0,0
2,123000,92,2,0,0,0
2,123000,97,1,42,0,0
2,123000,98,1,1,0,0
2,123000,99,2,0,0,0
2,123000,102,2,0,0,0
2,123000,104,1,24,0,0
2,123000,104,2,0,0,0
2,123000,116,1,20,0,0
2,123000,117,2,0,0,0
2,123000,129,2,0,0,0
2,123000,130,2,0,0,0
2,123000,156,2,0,0,0
2,123000,163,1,29,0,0
2,123000,164,2,0,0,0
2,124000,1,1,1,0,1
2,124000,3,1,23,0,0
2,124000,5,2,0,0,0
2,124000,8,1,31,0,0
2,124000,25,2,0,0,0
2,124000,34,1,39,0,0
2,124000,34,2,0,0,0
2,124000,36,2,0,0,0
2,124000,37,1,47,0,0
2,124000,38,2,0,0,0
2,124000,55,2,0,0,0
2,124000,58,2,0,0,0
2,124000,59,1,58,0,0
2,124000,59,2,0,0,0
2,124000,61,2,0,0,0
2,124000,63,2,0,0,0
2,124000,66,2,0,0,0
2,124000,68,2,0,0,0
2,124000,69,2,0,0,0
2,124000,92,2,0,0,0
2,124000,94,2,0,0,0
2,124000,99,2,0,0,0
2,124000,100,2,0,0,0
2,124000,102,2,0,0,0
2,124000,104,2,0,0,0
2,124000,115,2,0,0,0
2,124000,117,2,0,0,0
2,124000,118,2,0,0,0
2,124000,122,1,18,0,0
2,124000,130,2,0,0,0
2,124000,142,1,1,0,2
2,124000,149,2,0,0,0
2,124000,156,2,0,0,0
2,124000,164,2,0,0,0
2,125000,5,2,0,0,0
2,125000,9,1,42,0,0
2,125000,25,2,0,0,0
2,125000,34,2,0,0,0
2,125000,36,2,0,0,0
2,125000,38,2,0,0,0
2,125000,43,1,1,0,2
2,125000,63,2,0,0,0
2,125000,66,2,0,0,0
2,125000,68,2,0,0,0
2,125000,69,2,0,0,0
2,125000,70,2,0,0,0
2,125000,84,1,34,0,0
2,125000,85,2,0,0,0
2,125000,86,2,0,0,0
2,125000,87,1,54,0,0
2,125000,87,2,0,0,0
2,125000,92,2,0,0,0
2,125000,94,2,0,0,0
2,125000,98,1,1,0,1
2,125000,99,2,0,0,0
2,125000,100,2,0,0,0
2,125000,102,2,0,0,0
2,125000,103,1,37,0,0
2,125000,104,2,0,0,0
2,125000,113,1,49,0,0
2,125000,115,2,0,0,0
2,125000,117,2,0,0,0
2,125000,118,2,0,0,0
2,125000,129,2,0,0,0
2,125000,130,2,0,0,0
2,125000,148,2,0,0,0
2,125000,149,2,0,0,0
2,125000,156,2,0,0,0
2,125000,164,2,0,0,0
2,126000,5,2,0,0,0
2,126000,7,1,43,0,0
2,126000,25,2,0,0,0
2,126000,34,2,0,0,0
2,126000,36,2,0,0,0
2,126000,38,2,0,0,0
2,126000,43,1,36,0,0
2,126000,52,1,1,0,0
2,126000,53,1,55,0,0
2,126000,63,2,0,0,0
2,126000,66,2,0,0,0
2,126000,68,2,0,0,0
2,126000,69,2,0,0,0
2,126000,70,2,0,0,0
2,126000,92,2,0,0,0
2,126000,94,2,0,0,0
2,126000,99,2,0,0,0
2,126000,100,2,0,0,0
2,126000,102,2,0,0,0
2,126000,104,2,0,0,0
2,126000,108,1,48,0,0
2,126000,109,1,39,0,0
2,126000,117,2,0,0,0
2,126000,118,2,0,0,0
2,126000,123,1,52,0,0
2,126000,126,2,0,0,0
2,126000,130,2,0,0,0
2,126000,149,2,0,0,0
2,126000,156,2,0,0,0
2,126000,164,2,0,0,0
2,127000,11,1,1,0,0
2,127000,12,1,30,0,0
2,127000,14,1,54,0,0
2,127000,14,2,0,0,0
2,127000,15,2,0,0,0
2,127000,34,2,0,0,0
2,127000,36,2,0,0,0
2,127000,38,2,0,0,0
2,127000,63,2,0,0,0
2,127000,66,2,0,0,0
2,127000,69,1,25,0,0
2,127000,69,2,0,0,0
2,127000,70,2,0,0,0
2,127000,92,2,0,0,0
2,127000,99,2,0,0,0
2,127000,102,2,0,0,0
2,127000,104,2,0,0,0
2,127000,106,1,43,0,0
2,127000,116,1,36,0,0
2,127000,117,2,0,0,0
2,127000,156,2,0,0,0
2,127000,163,1,49,0,0
2,127000,164,2,0,0,0
2,128000,23,1,21,0,0
2,128000,32,2,0,0,0
2,128000,33,1,1,0,0
2,128000,34,2,0,0,0
2,128000,36,1,51,0,0
2,128000,36,2,0,0,0
2,128000,38,2,0,0,0
2,128000,39,1,28,0,0
2,128000,43,1,35,0,0
2,128000,58,2,0,0,0
2,128000,59,2,0,0,0
2,128000,63,2,0,0,0
2,128000,70,2,0,0,0
2,128000,85,2,0,0,0
2,128000,87,2,0,0,0
2,128000,89,2,0,0,0
2,128000,90,2,0,0,0
2,128000,92,2,0,0,0
2,128000,99,1,44,0,0
2,128000,99,2,0,0,0
2,128000,102,2,0,0,0
2,128000,104,2,0,0,0
2,128000,117,2,0,0,0
2,128000,126,2,0,0,0
2,128000,130,2,0,0,0
2,128000,156,2,0,0,0
2,128000,164,2,0,0,0
2,129000,33,1,15,0,0
2,129000,150,1,1,0,0
2,130000,34,2,0,0,0
2,130000,36,2,0,0,0
2,130000,38,2,0,0,0
2,130000,43,1,1,0,3
2,130000,43,1,32,0,0
2,130000,44,1,1,0,1
2,130000,44,1,20,0,0
2,130000,55,2,0,0,0
2,130000,56,1,1,0,4
2,130000,56,1,41,0,0
2,130000,57,2,0,0,0
2,130000,58,2,0,0,0
2,130000,59,2,0,0,0
2,130000,61,2,0,0,0
2,130000,63,1,52,0,0
2,130000,63,2,0,0,0
2,130000,70,2,0,0,0
2,130000,82,1,1,0,2
2,130000,82,1,25,0,0
2,130000,82,2,0,0,0
2,130000,85,2,0,0,0
2,130000,87,2,0,0,0
2,130000,92,2,0,0,0
2,130000,99,2,0,0,0
2,130000,102,2,0,0,0
2,130000,104,2,0,0,0
2,130000,115,2,0,0,0
2,130000,117,2,0,0,0
2,130000,126,2,0,0,0
2,130000,130,2,0,0,0
2,130000,156,2,0,0,0
2,130000,164,2,0,0,0
2,131000,32,2,0,0,0
2,131000,34,1,25,0,0
2,131000,34,2,0,0,0
2,131000,36,2,0,0,0
2,131000,38,2,0,0,0
2,131000,45,1,1,0,2
2,131000,47,1,16,0,0
2,131000,54,1,20,0,0
2,131000,55,1,1,0,1
2,131000,55,2,0,0,0
2,131000,56,1,46,0,0
2,131000,57,2,0,0,0
2,131000,58,1,38,0,0
2,131000,58,2,0,0,0
2,131000,59,2,0,0,0
2,131000,61,2,0,0,0
2,131000,63,2,0,0,0
2,131000,70,2,0,0,0
2,131000,76,2,0,0,0
2,131000,82,2,0,0,0
2,131000,85,2,0,0,0
2,131000,87,2,0,0,0
2,131000,92,2,0,0,0
2,131000,94,2,0,0,0
2,131000,99,2,0,0,0
2,131000,102,2,0,0,0
2,131000,104,2,0,0,0
2,131000,109,1,31,0,0
2,131000,115,2,0,0,0
2,131000,117,2,0,0,0
2,131000,130,2,0,0,0
2,131000,149,2,0,0,0
2,131000,156,2,0,0,0
2,131000,164,2,0,0,0
2,132000,144,1,1,0,0
2,133000,28,1,1,0,2
2,133000,33,1,1,0,1
2,133000,34,2,0,0,0
2,133000,36,1,45,0,0
2,133000,36,2,0,0,0
2,133000,38,2,0,0,0
2,133000,39,1,31,0,0
2,133000,44,1,37,0,0
2,133000,92,2,0,0,0
2,133000,98,1,27,0,0
2,133000,99,2,0,0,0
2,133000,102,2,0,0,0
2,133000,104,2,0,0,0
2,133000,115,2,0,0,0
2,133000,117,2,0,0,0
2,133000,129,2,0,0,0
2,133000,130,2,0,0,0
2,133000,156,2,0,0,0
2,133000,164,2,0,0,0
2,134000,28,1,1,0,2
2,134000,33,1,1,0,1
2,134000,34,2,0,0,0
2,134000,36,2,0,0,0
2,134000,38,2,0,0,0
2,134000,39,1,37,0,0
2,134000,44,1,40,0,0
2,134000,54,1,48,0,0
2,134000,55,1,1,0,4
2,134000,55,1,31,0,0
2,134000,55,2,0,0,0
2,134000,56,1,54,0,0
2,134000,57,2,0,0,0
2,134000,58,2,0,0,0
2,134000,59,2,0,0,0
2,134000,61,2,0,0,0
2,134000,63,2,0,0,0
2,134000,92,2,0,0,0
2,134000,98,1,1,0,3
2,134000,98,1,27,0,0
2,134000,99,2,0,0,0
2,134000,102,2,0,0,0
2,134000,104,2,0,0,0
2,134000,114,1,44,0,0
2,134000,115,2,0,0,0
2,134000,117,2,0,0,0
2,134000,129,2,0,0,0
2,134000,130,2,0,0,0
2,134000,151,1,42,0,0
2,134000,156,2,0,0,0
2,134000,164,2,0,0,0
2,135000,24,1,42,0,0
2,135000,28,1,1,0,2
2,135000,33,1,1,0,1
2,135000,34,2,0,0,0
2,135000,36,2,0,0,0
2,135000,38,2,0,0,0
2,135000,39,1,37,0,0
2,135000,42,1,48,0,0
2,135000,63,2,0,0,0
2,135000,84,1,1,0,4
2,135000,84,1,31,0,0
2,135000,85,2,0,0,0
2,135000,86,1,40,0,0
2,135000,86,2,0,0,0
2,135000,87,1,54,0,0
2,135000,87,2,0,0,0
2,135000,92,2,0,0,0
2,135000,97,1,44,0,0
2,135000,98,1,1,0,3
2,135000,98,1,27,0,0
2,135000,99,2,0,0,0
2,135000,102,2,0,0,0
2,135000,104,2,0,0,0
2,135000,115,2,0,0,0
2,135000,117,2,0,0,0
2,135000,129,2,0,0,0
2,135000,130,2,0,0,0
2,135000,148,2,0,0,0
2,135000,156,2,0,0,0
2,135000,164,2,0,0,0
2,136000,28,1,1,0,2
2,136000,33,1,1,0,1
2,136000,34,2,0,0,0
2,136000,36,2,0,0,0
2,136000,38,2,0,0,0
2,136000,39,1,37,0,0
2,136000,43,1,42,0,0
2,136000,44,1,40,0,0
2,136000,52,1,1,0,4
2,136000,52,1,31,0,0
2,136000,53,1,54,0,0
2,136000,63,2,0,0,0
2,136000,83,1,44,0,0
2,136000,92,2,0,0,0
2,136000,98,1,1,0,3
2,136000,98,1,27,0,0
2,136000,99,1,48,0,0
2,136000,99,2,0,0,0
2,136000,102,2,0,0,0
2,136000,104,2,0,0,0
2,136000,115,2,0,0,0
2,136000,117,2,0,0,0
2,136000,126,2,0,0,0
2,136000,129,2,0,0,0
2,136000,130,2,0,0,0
2,136000,156,2,0,0,0
2,136000,164,2,0,0,0
2,137000,33,1,1,0,1
2,137000,36,2,0,0,0
2,137000,38,2,0,0,0
2,137000,58,2,0,0,0
2,137000,59,2,0,0,0
2,137000,60,1,23,0,0
2,137000,63,2,0,0,0
2,137000,85,2,0,0,0
2,137000,86,2,0,0,0
2,137000,87,2,0,0,0
2,137000,92,2,0,0,0
2,137000,94,2,0,0,0
2,137000,97,1,35,0,0
2,137000,99,2,0,0,0
2,137000,100,2,0,0,0
2,137000,102,2,0,0,0
2,137000,104,2,0,0,0
2,137000,105,1,28,0,0
2,137000,115,2,0,0,0
2,137000,117,2,0,0,0
2,137000,129,2,0,0,0
2,137000,130,2,0,0,0
2,137000,148,2,0,0,0
2,137000,149,2,0,0,0
2,137000,156,2,0,0,0
2,137000,159,1,1,0,2
2,137000,160,1,1,0,3
2,137000,161,1,42,0,0
2,137000,161,2,0,0,0
2,137000,164,2,0,0,0
2,138000,30,1,34,0,0
2,138000,34,2,0,0,0
2,138000,36,2,0,0,0
2,138000,38,2,0,0,0
2,138000,43,1,39,0,0
2,138000,55,1,1,0,1
2,138000,55,2,0,0,0
2,138000,56,1,53,0,0
2,138000,57,2,0,0,0
2,138000,58,2,0,0,0
2,138000,59,2,0,0,0
2,138000,61,2,0,0,0
2,138000,92,2,0,0,0
2,138000,99,2,0,0,0
2,138000,102,2,0,0,0
2,138000,104,2,0,0,0
2,138000,110,1,1,0,2
2,138000,115,2,0,0,0
2,138000,117,2,0,0,0
2,138000,131,1,46,0,0
2,138000,156,2,0,0,0
2,138000,164,2,0,0,0
2,139000,30,1,1,0,3
2,139000,30,1,34,0,0
2,139000,32,2,0,0,0
2,139000,34,2,0,0,0
2,139000,36,2,0,0,0
2,139000,38,2,0,0,0
2,139000,43,1,39,0,0
2,139000,55,1,1,0,1
2,139000,55,2,0,0,0
2,139000,56,1,49,0,0
2,139000,57,2,0,0,0
2,139000,58,2,0,0,0
2,139000,59,2,0,0,0
2,139000,61,2,0,0,0
2,139000,63,2,0,0,0
2,139000,66,2,0,0,0
2,139000,69,2,0,0,0
2,139000,92,2,0,0,0
2,139000,99,2,0,0,0
2,139000,102,2,0,0,0
2,139000,104,2,0,0,0
2,139000,110,1,1,0,2
2,139000,115,2,0,0,0
2,139000,117,2,0,0,0
2,139000,130,2,0,0,0
2,139000,131,1,44,0,0
2,139000,156,2,0,0,0
2,139000,164,2,0,0,0
2,140000,10,1,1,0,1
2,140000,34,2,0,0,0
2,140000,36,2,0,0,0
2,140000,38,2,0,0,0
2,140000,43,1,44,0,0
2,140000,55,2,0,0,0
2,140000,56,1,49,0,0
2,140000,57,2,0,0,0
2,140000,58,2,0,0,0
2,140000,59,2,0,0,0
2,140000,61,2,0,0,0
2,140000,71,1,34,0,0
2,140000,92,2,0,0,0
2,140000,99,2,0,0,0
2,140000,102,2,0,0,0
2,140000,104,2,0,0,0
2,140000,106,1,1,0,2
2,140000,115,2,0,0,0
2,140000,117,2,0,0,0
2,140000,156,2,0,0,0
2,140000,163,1,39,0,0
2,140000,164,2,0,0,0
2,141000,10,1,1,0,1
2,141000,13,2,0,0,0
2,141000,14,2,0,0,0
2,141000,25,2,0,0,0
2,141000,34,2,0,0,0
2,141000,36,2,0,0,0
2,141000,38,2,0,0,0
2,141000,43,1,46,0,0
2,141000,55,2,0,0,0
2,141000,56,1,53,0,0
2,141000,57,2,0,0,0
2,141000,58,2,0,0,0
2,141000,59,2,0,0,0
2,141000,61,2,0,0,0
2,141000,63,2,0,0,0
2,141000,66,2,0,0,0
2,141000,69,2,0,0,0
2,141000,71,1,1,0,3
2,141000,71,1,34,0,0
2,141000,92,2,0,0,0
2,141000,99,2,0,0,0
2,141000,102,2,0,0,0
2,141000,104,2,0,0,0
2,141000,106,1,1,0,2
2,141000,115,2,0,0,0
2,141000,117,2,0,0,0
2,141000,130,2,0,0,0
2,141000,156,2,0,0,0
2,141000,163,1,39,0,0
2,141000,164,2,0,0,0
2,142000,13,2,0,0,0
2,142000,17,1,1,0,1
2,142000,18,2,0,0,0
2,142000,19,2,0,0,0
2,142000,36,1,45,0,0
2,142000,36,2,0,0,0
2,142000,38,2,0,0,0
2,142000,44,1,38,0,0
2,142000,48,1,33,0,0
2,142000,63,1,54,0,0
2,142000,63,2,0,0,0
2,142000,82,2,0,0,0
2,142000,92,2,0,0,0
2,142000,97,1,1,0,2
2,142000,99,2,0,0,0
2,142000,102,2,0,0,0
2,142000,104,2,0,0,0
2,142000,115,2,0,0,0
2,142000,117,2,0,0,0
2,142000,126,2,0,0,0
2,142000,129,2,0,0,0
2,142000,143,2,0,0,0
2,142000,156,2,0,0,0
2,142000,164,2,0,0,0
2,143000,5,2,0,0,0
2,143000,6,2,0,0,0
2,143000,25,2,0,0,0
2,143000,29,1,1,0,1
2,143000,34,1,35,0,0
2,143000,34,2,0,0,0
2,143000,36,2,0,0,0
2,143000,38,1,48,0,0
2,143000,38,2,0,0,0
2,143000,55,2,0,0,0
2,143000,57,2,0,0,0
2,143000,58,2,0,0,0
2,143000,59,2,0,0,0
2,143000,61,2,0,0,0
2,143000,63,1,56,0,0
2,143000,63,2,0,0,0
2,143000,66,2,0,0,0
2,143000,68,2,0,0,0
2,143000,69,2,0,0,0
2,143000,70,2,0,0,0
2,143000,76,2,0,0,0
2,143000,85,2,0,0,0
2,143000,87,2,0,0,0
2,143000,89,2,0,0,0
2,143000,90,2,0,0,0
2,143000,92,2,0,0,0
2,143000,94,2,0,0,0
2,143000,99,2,0,0,0
2,143000,102,2,0,0,0
2,143000,104,2,0,0,0
2,143000,106,1,41,0,0
2,143000,115,2,0,0,0
2,143000,117,2,0,0,0
2,143000,118,2,0,0,0
2,143000,120,2,0,0,0
2,143000,126,2,0,0,0
2,143000,130,2,0,0,0
2,143000,133,1,1,0,2
2,143000,149,2,0,0,0
2,143000,156,1,1,0,3
2,143000,156,2,0,0,0
2,143000,157,2,0,0,0
2,143000,164,2,0,0,0
2,144000,13,2,0,0,0
2,144000,18,2,0,0,0
2,144000,19,2,0,0,0
2,144000,36,2,0,0,0
2,144000,38,2,0,0,0
2,144000,54,1,60,0,0
2,144000,55,2,0,0,0
2,144000,58,1,1,0,2
2,144000,58,2,0,0,0
2,144000,59,1,51,0,0
2,144000,59,2,0,0,0
2,144000,61,2,0,0,0
2,144000,63,2,0,0,0
2,144000,64,1,1,0,1
2,144000,92,2,0,0,0
2,144000,97,1,55,0,0
2,144000,99,2,0,0,0
2,144000,102,2,0,0,0
2,144000,104,2,0,0,0
2,144000,115,2,0,0,0
2,144000,117,2,0,0,0
2,144000,129,2,0,0,0
2,144000,143,2,0,0,0
2,144000,156,2,0,0,0
2,144000,164,2,0,0,0
2,145000,13,2,0,0,0
2,145000,18,2,0,0,0
2,145000,19,2,0,0,0
2,145000,36,2,0,0,0
2,145000,38,2,0,0,0
2,145000,63,2,0,0,0
2,145000,65,1,1,0,2
2,145000,84,1,1,0,1
2,145000,85,2,0,0,0
2,145000,86,2,0,0,0
2,145000,87,1,51,0,0
2,145000,87,2,0,0,0
2,145000,92,2,0,0,0
2,145000,97,1,55,0,0
2,145000,99,2,0,0,0
2,145000,102,2,0,0,0
2,145000,104,2,0,0,0
2,145000,113,1,60,0,0
2,145000,115,2,0,0,0
2,145000,117,2,0,0,0
2,145000,129,2,0,0,0
2,145000,143,2,0,0,0
2,145000,148,2,0,0,0
2,145000,156,2,0,0,0
2,145000,164,2,0,0,0
2,146000,13,2,0,0,0
2,146000,18,2,0,0,0
2,146000,19,2,0,0,0
2,146000,36,2,0,0,0
2,146000,38,2,0,0,0
2,146000,43,1,51,0,0
2,146000,63,2,0,0,0
2,146000,64,1,1,0,1
2,146000,83,1,1,0,2
2,146000,92,2,0,0,0
2,146000,97,1,55,0,0
2,146000,99,2,0,0,0
2,146000,102,2,0,0,0
2,146000,104,2,0,0,0
2,146000,115,2,0,0,0
2,146000,117,2,0,0,0
2,146000,126,2,0,0,0
2,146000,129,2,0,0,0
2,146000,143,1,60,0,0
2,146000,143,2,0,0,0
2,146000,156,2,0,0,0
2,146000,164,2,0,0,0
2,147000,21,1,30,0,0
2,147000,34,2,0,0,0
2,147000,35,1,1,0,1
2,147000,36,2,0,0,0
2,147000,38,2,0,0,0
2,147000,43,1,1,0,2
2,147000,55,2,0,0,0
2,147000,57,2,0,0,0
2,147000,58,2,0,0,0
2,147000,59,2,0,0,0
2,147000,61,2,0,0,0
2,147000,63,1,50,0,0
2,147000,82,1,40,0,0
2,147000,82,2,0,0,0
2,147000,85,2,0,0,0
2,147000,86,1,10,0,0
2,147000,86,2,0,0,0
2,147000,87,2,0,0,0
2,147000,92,2,0,0,0
2,147000,97,1,20,0,0
2,147000,99,2,0,0,0
2,147000,102,2,0,0,0
2,147000,104,2,0,0,0
2,147000,115,2,0,0,0
2,147000,117,2,0,0,0
2,147000,126,2,0,0,0
2,147000,129,2,0,0,0
2,147000,130,2,0,0,0
2,147000,156,2,0,0,0
2,147000,164,2,0,0,0
2,148000,21,1,35,0,0
2,148000,32,2,0,0,0
2,148000,34,2,0,0,0
2,148000,35,1,1,0,1
2,148000,36,2,0,0,0
2,148000,38,2,0,0,0
2,148000,43,1,1,0,2
2,148000,55,2,0,0,0
2,148000,57,2,0,0,0
2,148000,58,2,0,0,0
2,148000,59,2,0,0,0
2,148000,61,2,0,0,0
2,148000,63,1,55,0,0
2,148000,82,1,45,0,0
2,148000,82,2,0,0,0
2,148000,85,2,0,0,0
2,148000,86,1,1,0,3
2,148000,86,1,10,0,0
2,148000,86,2,0,0,0
2,148000,87,2,0,0,0
2,148000,92,2,0,0,0
2,148000,97,1,20,0,0
2,148000,99,2,0,0,0
2,148000,102,2,0,0,0
2,148000,104,2,0,0,0
2,148000,115,2,0,0,0
2,148000,117,2,0,0,0
2,148000,126,2,0,0,0
2,148000,129,2,0,0,0
2,148000,130,2,0,0,0
2,148000,156,2,0,0,0
2,148000,164,2,0,0,0
2,149000,13,2,0,0,0
2,149000,21,1,35,0,0
2,149000,32,2,0,0,0
2,149000,34,2,0,0,0
2,149000,35,1,1,0,1
2,149000,36,2,0,0,0
2,149000,38,2,0,0,0
2,149000,43,1,1,0,2
2,149000,55,2,0,0,0
2,149000,57,2,0,0,0
2,149000,58,2,0,0,0
2,149000,59,2,0,0,0
2,149000,61,2,0,0,0
2,149000,63,1,60,0,0
2,149000,63,2,0,0,0
2,149000,70,2,0,0,0
2,149000,82,1,45,0,0
2,149000,82,2,0,0,0
2,149000,85,2,0,0,0
2,149000,86,1,1,0,3
2,149000,86,1,10,0,0
2,149000,86,2,0,0,0
2,149000,87,2,0,0,0
2,149000,92,2,0,0,0
2,149000,97,1,1,0,4
2,149000,97,1,20,0,0
2,149000,99,2,0,0,0
2,149000,102,2,0,0,0
2,149000,104,2,0,0,0
2,149000,115,2,0,0,0
2,149000,117,2,0,0,0
2,149000,126,2,0,0,0
2,149000,129,2,0,0,0
2,149000,130,2,0,0,0
2,149000,156,2,0,0,0
2,149000,164,2,0,0,0
2,150000,5,2,0,0,0
2,150000,6,2,0,0,0
2,150000,25,2,0,0,0
2,150000,34,2,0,0,0
2,150000,36,2,0,0,0
2,150000,38,2,0,0,0
2,150000,50,1,1,0,2
2,150000,54,1,75,0,0
2,150000,55,2,0,0,0
2,150000,58,2,0,0,0
2,150000,59,2,0,0,0
2,150000,61,2,0,0,0
2,150000,63,2,0,0,0
2,150000,66,2,0,0,0
2,150000,68,2,0,0,0
2,150000,69,2,0,0,0
2,150000,70,2,0,0,0
2,150000,76,2,0,0,0
2,150000,85,2,0,0,0
2,150000,86,2,0,0,0
2,150000,87,2,0,0,0
2,150000,92,2,0,0,0
2,150000,93,1,1,0,1
2,150000,94,1,1,0,4
2,150000,94,1,66,0,0
2,150000,94,2,0,0,0
2,150000,99,2,0,0,0
2,150000,100,2,0,0,0
2,150000,102,2,0,0,0
2,150000,104,2,0,0,0
2,150000,105,1,70,0,0
2,150000,112,1,63,0,0
2,150000,115,2,0,0,0
2,150000,117,2,0,0,0
2,150000,118,2,0,0,0
2,150000,120,2,0,0,0
2,150000,126,2,0,0,0
2,150000,129,1,1,0,3
2,150000,130,2,0,0,0
2,150000,133,1,81,0,0
2,150000,148,2,0,0,0
2,150000,149,2,0,0,0
2,150000,156,2,0,0,0
2,150000,161,2,0,0,0
2,150000,164,2,0,0,0
2,151000,1,1,1,0,0
2,151000,5,1,20,0,0
2,151000,5,2,0,0,0
2,151000,6,2,0,0,0
2,151000,13,2,0,0,0
2,151000,14,2,0,0,0
2,151000,15,2,0,0,0
2,151000,18,2,0,0,0
2,151000,19,2,0,0,0
2,151000,25,2,0,0,0
2,151000,32,2,0,0,0
2,151000,34,2,0,0,0
2,151000,36,2,0,0,0
2,151000,38,2,0,0,0
2,151000,55,2,0,0,0
2,151000,57,2,0,0,0
2,151000,58,2,0,0,0
2,151000,59,2,0,0,0
2,151000,61,2,0,0,0
2,151000,63,2,0,0,0
2,151000,66,2,0,0,0
2,151000,68,2,0,0,0
2,151000,69,2,0,0,0
2,151000,70,2,0,0,0
2,151000,72,2,0,0,0
2,151000,76,2,0,0,0
2,151000,82,2,0,0,0
2,151000,85,2,0,0,0
2,151000,86,2,0,0,0
2,151000,87,2,0,0,0
2,151000,89,2,0,0,0
2,151000,90,2,0,0,0
2,151000,91,2,0,0,0
2,151000,92,2,0,0,0
2,151000,94,1,40,0,0
2,151000,94,2,0,0,0
2,151000,99,2,0,0,0
2,151000,100,2,0,0,0
2,151000,102,2,0,0,0
2,151000,104,2,0,0,0
2,151000,115,2,0,0,0
2,151000,117,2,0,0,0
2,151000,118,1,30,0,0
2,151000,118,2,0,0,0
2,151000,120,2,0,0,0
2,151000,121,2,0,0,0
2,151000,126,2,0,0,0
2,151000,129,2,0,0,0
2,151000,130,2,0,0,0
2,151000,135,2,0,0,0
2,151000,138,2,0,0,0
2,151000,143,2,0,0,0
2,151000,144,1,10,0,0
2,151000,148,2,0,0,0
2,151000,149,2,0,0,0
2,151000,153,2,0,0,0
2,151000,156,2,0,0,0
2,151000,157,2,0,0,0
2,151000,161,2,0,0,0
2,151000,164,2,0,0,0
3,1000,14,2,0,0,0
3,1000,15,2,0,0,0
3,1000,22,1,13,0,0
3,1000,33,1,1,0,1
3,1000,34,2,0,0,0
3,1000,36,2,0,0,0
3,1000,38,2,0,0,0
3,1000,45,1,1,0,2
3,1000,72,2,0,0,0
3,1000,73,1,7,0,0
3,1000,74,1,34,0,0
3,1000,75,1,27,0,0
3,1000,76,1,48,0,0
3,1000,76,2,0,0,0
3,1000,77,1,20,0,0
3,1000,79,1,41,0,0
3,1000,92,2,0,0,0
3,1000,99,2,0,0,0
3,1000,102,2,0,0,0
3,1000,104,2,0,0,0
3,1000,115,2,0,0,0
3,1000,117,2,0,0,0
3,1000,156,2,0,0,0
3,1000,164,2,0,0,0
3,2000,14,2,0,0,0
3,2000,15,2,0,0,0
3,2000,22,1,13,0,0
3,2000,33,1,1,0,1
3,2000,34,2,0,0,0
3,2000,36,2,0,0,0
3,2000,38,2,0,0,0
3,2000,45,1,1,0,2
3,2000,72,2,0,0,0
3,2000,73,1,1,0,3
3,2000,73,1,7,0,0
3,2000,74,1,38,0,0
3,2000,75,1,30,0,0
3,2000,76,1,54,0,0
3,2000,76,2,0,0,0
3,2000,77,1,22,0,0
3,2000,79,1,46,0,0
3,2000,92,2,0,0,0
3,2000,99,2,0,0,0
3,2000,102,2,0,0,0
3,2000,104,2,0,0,0
3,2000,115,2,0,0,0
3,2000,117,2,0,0,0
3,2000,156,2,0,0,0
3,2000,164,2,0,0,0
3,3000,14,2,0,0,0
3,3000,15,2,0,0,0
3,3000,22,1,1,0,4
3,3000,22,1,13,0,0
3,3000,33,1,1,0,1
3,3000,34,2,0,0,0
3,3000,36,2,0,0,0
3,3000,38,2,0,0,0
3,3000,45,1,1,0,2
3,3000,63,2,0,0,0
3,3000,72,2,0,0,0
3,3000,73,1,1,0,3
3,3000,73,1,7,0,0
3,3000,74,1,43,0,0
3,3000,75,1,30,0,0
3,3000,76,1,65,0,0
3,3000,76,2,0,0,0
3,3000,77,1,22,0,0
3,3000,79,1,55,0,0
3,3000,92,2,0,0,0
3,3000,99,2,0,0,0
3,3000,102,2,0,0,0
3,3000,104,2,0,0,0
3,3000,115,2,0,0,0
3,3000,117,2,0,0,0
3,3000,156,2,0,0,0
3,3000,164,2,0,0,0
3,4000,5,2,0,0,0
3,4000,10,1,1,0,1
3,4000,14,2,0,0,0
3,4000,15,2,0,0,0
3,4000,25,2,0,0,0
3,4000,34,2,0,0,0
3,4000,36,2,0,0,0
3,4000,38,2,0,0,0
3,4000,43,1,15,0,0
3,4000,45,1,1,0,2
3,4000,52,1,9,0,0
3,4000,53,1,38,0,0
3,4000,66,2,0,0,0
3,4000,68,2,0,0,0
3,4000,69,2,0,0,0
3,4000,70,2,0,0,0
3,4000,82,2,0,0,0
3,4000,83,1,46,0,0
3,4000,91,2,0,0,0
3,4000,92,2,0,0,0
3,4000,99,1,22,0,0
3,4000,99,2,0,0,0
3,4000,102,2,0,0,0
3,4000,104,2,0,0,0
3,4000,115,2,0,0,0
3,4000,117,2,0,0,0
3,4000,126,2,0,0,0
3,4000,129,2,0,0,0
3,4000,130,2,0,0,0
3,4000,156,2,0,0,0
3,4000,163,1,30,0,0
3,4000,164,2,0,0,0
3,5000,5,2,0,0,0
3,5000,10,1,1,0,1
3,5000,14,2,0,0,0
3,5000,15,2,0,0,0
3,5000,25,2,0,0,0
3,5000,34,2,0,0,0
3,5000,36,2,0,0,0
3,5000,38,2,0,0,0
3,5000,43,1,15,0,0
3,5000,45,1,1,0,2
3,5000,52,1,1,0,3
3,5000,52,1,9,0,0
3,5000,53,1,42,0,0
3,5000,66,2,0,0,0
3,5000,68,2,0,0,0
3,5000,69,2,0,0,0
3,5000,70,2,0,0,0
3,5000,82,2,0,0,0
3,5000,83,1,56,0,0
3,5000,91,2,0,0,0
3,5000,92,2,0,0,0
3,5000,99,1,24,0,0
3,5000,99,2,0,0,0
3,5000,102,2,0,0,0
3,5000,104,2,0,0,0
3,5000,115,2,0,0,0
3,5000,117,2,0,0,0
3,5000,126,2,0,0,0
3,5000,129,2,0,0,0
3,5000,130,2,0,0,0
3,5000,156,2,0,0,0
3,5000,163,1,33,0,0
3,5000,164,2,0,0,0
3,6000,5,2,0,0,0
3,6000,10,1,1,0,1
3,6000,14,2,0,0,0
3,6000,15,2,0,0,0
3,6000,25,2,0,0,0
3,6000,34,2,0,0,0
3,6000,36,2,0,0,0
3,6000,38,2,0,0,0
3,6000,43,1,1,0,4
3,6000,43,1,15,0,0
3,6000,45,1,1,0,2
3,6000,52,1,1,0,3
3,6000,52,1,9,0,0
3,6000,53,1,46,0,0
3,6000,63,2,0,0,0
3,6000,66,2,0,0,0
3,6000,68,2,0,0,0
3,6000,69,2,0,0,0
3,6000,70,2,0,0,0
3,6000,82,2,0,0,0
3,6000,83,1,55,0,0
3,6000,89,2,0,0,0
3,6000,90,2,0,0,0
3,6000,91,2,0,0,0
3,6000,92,2,0,0,0
3,6000,99,1,24,0,0
3,6000,99,2,0,0,0
3,6000,102,2,0,0,0
3,6000,104,2,0,0,0
3,6000,115,2,0,0,0
3,6000,117,2,0,0,0
3,6000,126,2,0,0,0
3,6000,129,2,0,0,0
3,6000,130,2,0,0,0
3,6000,156,2,0,0,0
3,6000,163,1,36,0,0
3,6000,164,2,0,0,0
3,7000,5,2,0,0,0
3,7000,25,2,0,0,0
3,7000,33,1,1,0,1
3,7000,34,2,0,0,0
3,7000,36,2,0,0,0
3,7000,38,2,0,0,0
3,7000,39,1,1,0,2
3,7000,44,1,22,0,0
3,7000,55,1,15,0,0
3,7000,55,2,0,0,0
3,7000,56,1,42,0,0
3,7000,57,2,0,0,0
3,7000,58,2,0,0,0
3,7000,59,2,0,0,0
3,7000,61,2,0,0,0
3,7000,66,2,0,0,0
3,7000,68,2,0,0,0
3,7000,69,2,0,0,0
3,7000,70,2,0,0,0
3,7000,91,2,0,0,0
3,7000,92,2,0,0,0
3,7000,99,2,0,0,0
3,7000,102,2,0,0,0
3,7000,104,2,0,0,0
3,7000,110,1,28,0,0
3,7000,115,2,0,0,0
3,7000,117,2,0,0,0
3,7000,130,1,35,0,0
3,7000,130,2,0,0,0
3,7000,145,1,8,0,0
3,7000,156,2,0,0,0
3,7000,164,2,0,0,0
3,8000,5,2,0,0,0
3,8000,25,2,0,0,0
3,8000,33,1,1,0,1
3,8000,34,2,0,0,0
3,8000,36,2,0,0,0
3,8000,38,2,0,0,0
3,8000,39,1,1,0,2
3,8000,44,1,24,0,0
3,8000,55,1,15,0,0
3,8000,55,2,0,0,0
3,8000,56,1,47,0,0
3,8000,57,2,0,0,0
3,8000,58,2,0,0,0
3,8000,59,2,0,0,0
3,8000,61,2,0,0,0
3,8000,66,2,0,0,0
3,8000,68,2,0,0,0
3,8000,69,2,0,0,0
3,8000,70,2,0,0,0
3,8000,91,2,0,0,0
3,8000,92,2,0,0,0
3,8000,99,2,0,0,0
3,8000,102,2,0,0,0
3,8000,104,2,0,0,0
3,8000,110,1,31,0,0
3,8000,115,2,0,0,0
3,8000,117,2,0,0,0
3,8000,130,1,39,0,0
3,8000,130,2,0,0,0
3,8000,145,1,1,0,3
3,8000,145,1,8,0,0
3,8000,156,2,0,0,0
3,8000,164,2,0,0,0
3,9000,5,2,0,0,0
3,9000,25,2,0,0,0
3,9000,33,1,1,0,1
3,9000,34,2,0,0,0
3,9000,36,2,0,0,0
3,9000,38,2,0,0,0
3,9000,39,1,1,0,2
3,9000,44,1,24,0,0
3,9000,55,1,1,0,4
3,9000,55,1,15,0,0
3,9000,55,2,0,0,0
3,9000,56,1,52,0,0
3,9000,57,2,0,0,0
3,9000,58,2,0,0,0
3,9000,59,2,0,0,0
3,9000,61,2,0,0,0
3,9000,63,2,0,0,0
3,9000,66,2,0,0,0
3,9000,68,2,0,0,0
3,9000,69,2,0,0,0
3,9000,70,2,0,0,0
3,9000,89,2,0,0,0
3,9000,90,2,0,0,0
3,9000,91,2,0,0,0
3,9000,92,2,0,0,0
3,9000,99,2,0,0,0
3,9000,102,2,0,0,0
3,9000,104,2,0,0,0
3,9000,110,1,31,0,0
3,9000,115,2,0,0,0
3,9000,117,2,0,0,0
3,9000,130,1,42,0,0
3,9000,130,2,0,0,0
3,9000,145,1,1,0,3
3,9000,145,1,8,0,0
3,9000,156,2,0,0,0
3,9000,164,2,0,0,0
3,10000,33,1,1,0,1
3,10000,81,1,1,0,2
3,11000,106,1,1,0,0
3,12000,13,2,0,0,0
3,12000,18,1,26,0,0
3,12000,18,2,0,0,0
3,12000,36,2,0,0,0
3,12000,38,2,0,0,0
3,12000,48,1,21,0,0
3,12000,60,1,32,0,0
3,12000,63,2,0,0,0
3,12000,72,2,0,0,0
3,12000,76,2,0,0,0
3,12000,77,1,15,0,0
3,12000,78,1,16,0,0
3,12000,79,1,17,0,0
3,12000,92,2,0,0,0
3,12000,93,1,1,0,0
3,12000,93,1,12,0,0
3,12000,94,2,0,0,0
3,12000,99,2,0,0,0
3,12000,100,2,0,0,0
3,12000,102,2,0,0,0
3,12000,104,2,0,0,0
3,12000,115,2,0,0,0
3,12000,117,2,0,0,0
3,12000,129,2,0,0,0
3,12000,149,2,0,0,0
3,12000,156,2,0,0,0
3,12000,164,2,0,0,0
3,13000,40,1,1,0,1
3,13000,81,1,1,0,2
3,14000,106,1,1,0,0
3,15000,14,2,0,0,0
3,15000,15,2,0,0,0
3,15000,31,1,1,0,0
3,15000,31,1,12,0,0
3,15000,36,2,0,0,0
3,15000,38,2,0,0,0
3,15000,41,1,20,0,0
3,15000,42,1,30,0,0
3,15000,63,2,0,0,0
3,15000,72,2,0,0,0
3,15000,92,2,0,0,0
3,15000,97,1,35,0,0
3,15000,99,1,25,0,0
3,15000,99,2,0,0,0
3,15000,102,2,0,0,0
3,15000,104,2,0,0,0
3,15000,115,2,0,0,0
3,15000,116,1,16,0,0
3,15000,117,2,0,0,0
3,15000,129,2,0,0,0
3,15000,130,2,0,0,0
3,15000,156,2,0,0,0
3,15000,164,2,0,0,0
3,16000,13,2,0,0,0
3,16000,16,1,1,0,0
3,16000,17,1,28,0,0
3,16000,18,1,19,0,0
3,16000,18,2,0,0,0
3,16000,19,2,0,0,0
3,16000,28,1,5,0,0
3,16000,36,2,0,0,0
3,16000,38,2,0,0,0
3,16000,92,2,0,0,0
3,16000,97,1,36,0,0
3,16000,98,1,12,0,0
3,16000,99,2,0,0,0
3,16000,102,2,0,0,0
3,16000,104,2,0,0,0
3,16000,115,2,0,0,0
3,16000,117,2,0,0,0
3,16000,119,1,44,0,0
3,16000,129,2,0,0,0
3,16000,143,2,0,0,0
3,16000,156,2,0,0,0
3,16000,164,2,0,0,0
3,17000,13,2,0,0,0
3,17000,16,1,1,0,1
3,17000,17,1,31,0,0
3,17000,18,1,21,0,0
3,17000,18,2,0,0,0
3,17000,19,2,0,0,0
3,17000,28,1,1,0,2
3,17000,28,1,5,0,0
3,17000,36,2,0,0,0
3,17000,38,2,0,0,0
3,17000,92,2,0,0,0
3,17000,97,1,40,0,0
3,17000,98,1,12,0,0
3,17000,99,2,0,0,0
3,17000,102,2,0,0,0
3,17000,104,2,0,0,0
3,17000,115,2,0,0,0
3,17000,117,2,0,0,0
3,17000,119,1,49,0,0
3,17000,129,2,0,0,0
3,17000,143,2,0,0,0
3,17000,156,2,0,0,0
3,17000,164,2,0,0,0
3,18000,13,2,0,0,0
3,18000,16,1,1,0,1
3,18000,17,1,31,0,0
3,18000,18,1,21,0,0
3,18000,18,2,0,0,0
3,18000,19,2,0,0,0
3,18000,28,1,1,0,2
3,18000,28,1,5,0,0
3,18000,36,2,0,0,0
3,18000,38,2,0,0,0
3,18000,63,2,0,0,0
3,18000,92,2,0,0,0
3,18000,97,1,44,0,0
3,18000,98,1,1,0,3
3,18000,98,1,12,0,0
3,18000,99,2,0,0,0
3,18000,102,2,0,0,0
3,18000,104,2,0,0,0
3,18000,115,2,0,0,0
3,18000,117,2,0,0,0
3,18000,119,1,54,0,0
3,18000,129,2,0,0,0
3,18000,143,2,0,0,0
3,18000,156,2,0,0,0
3,18000,164,2,0,0,0
3,19000,33,1,1,0,1
3,19000,34,2,0,0,0
3,19000,36,2,0,0,0
3,19000,38,2,0,0,0
3,19000,39,1,1,0,2
3,19000,55,2,0,0,0
3,19000,59,2,0,0,0
3,19000,61,2,0,0,0
3,19000,85,2,0,0,0
3,19000,87,2,0,0,0
3,19000,91,2,0,0,0
3,19000,92,2,0,0,0
3,19000,98,1,7,0,0
3,19000,99,2,0,0,0
3,19000,102,2,0,0,0
3,19000,104,2,0,0,0
3,19000,116,1,23,0,0
3,19000,117,2,0,0,0
3,19000,129,2,0,0,0
3,19000,130,2,0,0,0
3,19000,156,2,0,0,0
3,19000,158,1,14,0,0
3,19000,162,1,34,0,0
3,19000,164,2,0,0,0
3,20000,33,1,1,0,1
3,20000,34,2,0,0,0
3,20000,36,2,0,0,0
3,20000,38,2,0,0,0
3,20000,39,1,1,0,2
3,20000,55,2,0,0,0
3,20000,58,2,0,0,0
3,20000,59,2,0,0,0
3,20000,61,2,0,0,0
3,20000,63,2,0,0,0
3,20000,85,2,0,0,0
3,20000,87,2,0,0,0
3,20000,91,2,0,0,0
3,20000,92,2,0,0,0
3,20000,98,1,1,0,3
3,20000,98,1,7,0,0
3,20000,99,2,0,0,0
3,20000,102,2,0,0,0
3,20000,104,2,0,0,0
3,20000,116,1,27,0,0
3,20000,117,2,0,0,0
3,20000,129,2,0,0,0
3,20000,130,2,0,0,0
3,20000,156,2,0,0,0
3,20000,158,1,14,0,0
3,20000,162,1,41,0,0
3,20000,164,2,0,0,0
3,21000,13,2,0,0,0
3,21000,18,2,0,0,0
3,21000,19,2,0,0,0
3,21000,31,1,15,0,0
3,21000,36,2,0,0,0
3,21000,38,2,0,0,0
3,21000,43,1,9,0,0
3,21000,45,1,1,0,2
3,21000,64,1,1,0,1
3,21000,65,1,29,0,0
3,21000,92,2,0,0,0
3,21000,97,1,36,0,0
3,21000,99,2,0,0,0
3,21000,102,2,0,0,0
3,21000,104,2,0,0,0
3,21000,117,2,0,0,0
3,21000,119,1,22,0,0
3,21000,129,2,0,0,0
3,21000,143,2,0,0,0
3,21000,156,2,0,0,0
3,21000,164,2,0,0,0
3,22000,13,2,0,0,0
3,22000,18,2,0,0,0
3,22000,19,2,0,0,0
3,22000,31,1,15,0,0
3,22000,36,2,0,0,0
3,22000,38,2,0,0,0
3,22000,43,1,1,0,3
3,22000,43,1,9,0,0
3,22000,45,1,1,0,2
3,22000,63,2,0,0,0
3,22000,64,1,1,0,1
3,22000,65,1,34,0,0
3,22000,92,2,0,0,0
3,22000,97,1,43,0,0
3,22000,99,2,0,0,0
3,22000,102,2,0,0,0
3,22000,104,2,0,0,0
3,22000,117,2,0,0,0
3,22000,119,1,25,0,0
3,22000,129,2,0,0,0
3,22000,143,2,0,0,0
3,22000,156,2,0,0,0
3,22000,164,2,0,0,0
3,23000,34,2,0,0,0
3,23000,35,1,1,0,1
3,23000,36,2,0,0,0
3,23000,38,2,0,0,0
3,23000,40,1,10,0,0
3,23000,43,1,1,0,2
3,23000,44,1,17,0,0
3,23000,51,1,38,0,0
3,23000,70,2,0,0,0
3,23000,72,2,0,0,0
3,23000,89,2,0,0,0
3,23000,90,2,0,0,0
3,23000,91,2,0,0,0
3,23000,92,2,0,0,0
3,23000,99,2,0,0,0
3,23000,102,2,0,0,0
3,23000,103,1,31,0,0
3,23000,104,2,0,0,0
3,23000,117,2,0,0,0
3,23000,130,2,0,0,0
3,23000,137,1,24,0,0
3,23000,156,2,0,0,0
3,23000,157,2,0,0,0
3,23000,164,2,0,0,0
3,24000,34,2,0,0,0
3,24000,35,1,1,0,1
3,24000,36,2,0,0,0
3,24000,38,2,0,0,0
3,24000,40,1,1,0,3
3,24000,40,1,10,0,0
3,24000,43,1,1,0,2
3,24000,44,1,17,0,0
3,24000,51,1,47,0,0
3,24000,63,2,0,0,0
3,24000,70,2,0,0,0
3,24000,72,2,0,0,0
3,24000,89,2,0,0,0
3,24000,90,2,0,0,0
3,24000,91,2,0,0,0
3,24000,92,2,0,0,0
3,24000,99,2,0,0,0
3,24000,102,2,0,0,0
3,24000,103,1,36,0,0
3,24000,104,2,0,0,0
3,24000,117,2,0,0,0
3,24000,130,2,0,0,0
3,24000,137,1,27,0,0
3,24000,156,2,0,0,0
3,24000,157,2,0,0,0
3,24000,164,2,0,0,0
3,25000,5,2,0,0,0
3,25000,6,2,0,0,0
3,25000,25,2,0,0,0
3,25000,34,2,0,0,0
3,25000,36,2,0,0,0
3,25000,38,2,0,0,0
3,25000,45,1,1,0,2
3,25000,66,2,0,0,0
3,25000,69,2,0,0,0
3,25000,84,1,1,0,1
3,25000,85,2,0,0,0
3,25000,86,1,9,0,0
3,25000,86,2,0,0,0
3,25000,87,1,43,0,0
3,25000,87,2,0,0,0
3,25000,92,2,0,0,0
3,25000,97,1,33,0,0
3,25000,98,1,16,0,0
3,25000,99,2,0,0,0
3,25000,102,2,0,0,0
3,25000,104,2,0,0,0
3,25000,115,2,0,0,0
3,25000,117,2,0,0,0
3,25000,129,1,26,0,0
3,25000,129,2,0,0,0
3,25000,130,2,0,0,0
3,25000,148,2,0,0,0
3,25000,156,2,0,0,0
3,25000,164,2,0,0,0
3,26000,5,2,0,0,0
3,26000,6,2,0,0,0
3,26000,25,2,0,0,0
3,26000,34,2,0,0,0
3,26000,36,2,0,0,0
3,26000,38,2,0,0,0
3,26000,45,1,1,0,2
3,26000,63,2,0,0,0
3,26000,66,2,0,0,0
3,26000,69,2,0,0,0
3,26000,84,1,1,0,1
3,26000,85,2,0,0,0
3,26000,86,1,1,0,3
3,26000,86,2,0,0,0
3,26000,87,2,0,0,0
3,26000,92,2,0,0,0
3,26000,99,2,0,0,0
3,26000,102,2,0,0,0
3,26000,104,2,0,0,0
3,26000,115,2,0,0,0
3,26000,117,2,0,0,0
3,26000,129,2,0,0,0
3,26000,130,2,0,0,0
3,26000,148,2,0,0,0
3,26000,156,2,0,0,0
3,26000,164,2,0,0,0
3,27000,10,1,1,0,0
3,27000,14,2,0,0,0
3,27000,15,2,0,0,0
3,27000,28,1,10,0,0
3,27000,34,2,0,0,0
3,27000,36,2,0,0,0
3,27000,38,2,0,0,0
3,27000,40,1,24,0,0
3,27000,66,2,0,0,0
3,27000,69,2,0,0,0
3,27000,70,2,0,0,0
3,27000,89,2,0,0,0
3,27000,90,2,0,0,0
3,27000,91,2,0,0,0
3,27000,92,2,0,0,0
3,27000,99,2,0,0,0
3,27000,102,2,0,0,0
3,27000,104,2,0,0,0
3,27000,117,2,0,0,0
3,27000,129,1,31,0,0
3,27000,129,2,0,0,0
3,27000,130,2,0,0,0
3,27000,154,1,38,0,0
3,27000,156,2,0,0,0
3,27000,157,2,0,0,0
3,27000,163,1,17,0,0
3,27000,164,2,0,0,0
3,28000,10,1,1,0,1
3,28000,14,2,0,0,0
3,28000,15,2,0,0,0
3,28000,28,1,1,0,2
3,28000,28,1,10,0,0
3,28000,34,2,0,0,0
3,28000,36,2,0,0,0
3,28000,38,2,0,0,0
3,28000,40,1,27,0,0
3,28000,63,2,0,0,0
3,28000,66,2,0,0,0
3,28000,69,2,0,0,0
3,28000,70,2,0,0,0
3,28000,89,2,0,0,0
3,28000,90,2,0,0,0
3,28000,91,2,0,0,0
3,28000,92,2,0,0,0
3,28000,99,2,0,0,0
3,28000,102,2,0,0,0
3,28000,104,2,0,0,0
3,28000,117,2,0,0,0
3,28000,129,1,36,0,0
3,28000,129,2,0,0,0
3,28000,130,2,0,0,0
3,28000,154,1,47,0,0
3,28000,156,2,0,0,0
3,28000,157,2,0,0,0
3,28000,163,1,17,0,0
3,28000,164,2,0,0,0
3,29000,10,1,8,0,0
3,29000,24,1,43,0,0
3,29000,33,1,1,0,2
3,29000,34,2,0,0,0
3,29000,36,2,0,0,0
3,29000,38,2,0,0,0
3,29000,39,1,21,0,0
3,29000,40,1,14,0,0
3,29000,44,1,29,0,0
3,29000,45,1,1,0,1
3,29000,59,2,0,0,0
3,29000,85,2,0,0,0
3,29000,87,2,0,0,0
3,29000,92,2,0,0,0
3,29000,99,2,0,0,0
3,29000,102,2,0,0,0
3,29000,104,2,0,0,0
3,29000,115,2,0,0,0
3,29000,117,2,0,0,0
3,29000,130,2,0,0,0
3,29000,154,1,36,0,0
3,29000,156,2,0,0,0
3,29000,164,2,0,0,0
3,30000,10,1,1,0,3
3,30000,10,1,8,0,0
3,30000,24,1,50,0,0
3,30000,32,2,0,0,0
3,30000,33,1,1,0,2
3,30000,34,2,0,0,0
3,30000,36,2,0,0,0
3,30000,38,2,0,0,0
3,30000,39,1,23,0,0
3,30000,40,1,14,0,0
3,30000,44,1,32,0,0
3,30000,45,1,1,0,1
3,30000,55,2,0,0,0
3,30000,58,2,0,0,0
3,30000,59,2,0,0,0
3,30000,61,2,0,0,0
3,30000,85,2,0,0,0
3,30000,87,2,0,0,0
3,30000,92,2,0,0,0
3,30000,99,2,0,0,0
3,30000,102,2,0,0,0
3,30000,104,2,0,0,0
3,30000,115,2,0,0,0
3,30000,117,2,0,0,0
3,30000,130,2,0,0,0
3,30000,154,1,41,0,0
3,30000,156,2,0,0,0
3,30000,164,2,0,0,0
3,31000,5,2,0,0,0
3,31000,6,2,0,0,0
3,31000,10,1,1,0,2
3,31000,10,1,8,0,0
3,31000,25,2,0,0,0
3,31000,32,2,0,0,0
3,31000,33,1,1,0,1
3,31000,34,1,1,0,4
3,31000,34,1,23,0,0
3,31000,34,2,0,0,0
3,31000,36,2,0,0,0
3,31000,38,2,0,0,0
3,31000,39,1,1,0,3
3,31000,40,1,14,0,0
3,31000,55,2,0,0,0
3,31000,57,2,0,0,0
3,31000,58,2,0,0,0
3,31000,59,2,0,0,0
3,31000,61,2,0,0,0
3,31000,63,2,0,0,0
3,31000,66,2,0,0,0
3,31000,68,2,0,0,0
3,31000,69,2,0,0,0
3,31000,70,2,0,0,0
3,31000,85,2,0,0,0
3,31000,87,2,0,0,0
3,31000,89,2,0,0,0
3,31000,90,2,0,0,0
3,31000,92,2,0,0,0
3,31000,99,2,0,0,0
3,31000,102,2,0,0,0
3,31000,104,2,0,0,0
3,31000,115,2,0,0,0
3,31000,117,2,0,0,0
3,31000,126,2,0,0,0
3,31000,130,2,0,0,0
3,31000,156,2,0,0,0
3,31000,157,2,0,0,0
3,31000,164,2,0,0,0
3,32000,24,1,43,0,0
3,32000,30,1,8,0,0
3,32000,31,1,29,0,0
3,32000,32,1,36,0,0
3,32000,32,2,0,0,0
3,32000,33,1,1,0,2
3,32000,34,2,0,0,0
3,32000,36,2,0,0,0
3,32000,38,2,0,0,0
3,32000,40,1,14,0,0
3,32000,43,1,1,0,1
3,32000,59,2,0,0,0
3,32000,85,2,0,0,0
3,32000,87,2,0,0,0
3,32000,92,2,0,0,0
3,32000,99,2,0,0,0
3,32000,102,2,0,0,0
3,32000,104,2,0,0,0
3,32000,115,2,0,0,0
3,32000,116,1,21,0,0
3,32000,117,2,0,0,0
3,32000,130,2,0,0,0
3,32000,156,2,0,0,0
3,32000,164,2,0,0,0
3,33000,24,1,50,0,0
3,33000,30,1,1,0,3
3,33000,30,1,8,0,0
3,33000,31,1,32,0,0
3,33000,32,1,41,0,0
3,33000,32,2,0,0,0
3,33000,33,1,1,0,2
3,33000,34,2,0,0,0
3,33000,36,2,0,0,0
3,33000,38,2,0,0,0
3,33000,40,1,14,0,0
3,33000,43,1,1,0,1
3,33000,55,2,0,0,0
3,33000,58,2,0,0,0
3,33000,59,2,0,0,0
3,33000,61,2,0,0,0
3,33000,85,2,0,0,0
3,33000,87,2,0,0,0
3,33000,92,2,0,0,0
3,33000,99,2,0,0,0
3,33000,102,2,0,0,0
3,33000,104,2,0,0,0
3,33000,115,2,0,0,0
3,33000,116,1,23,0,0
3,33000,117,2,0,0,0
3,33000,130,2,0,0,0
3,33000,156,2,0,0,0
3,33000,164,2,0,0,0
3,34000,5,2,0,0,0
3,34000,6,2,0,0,0
3,34000,25,2,0,0,0
3,34000,30,1,1,0,2
3,34000,30,1,8,0,0
3,34000,32,2,0,0,0
3,34000,33,1,1,0,1
3,34000,34,2,0,0,0
3,34000,36,2,0,0,0
3,34000,37,1,1,0,4
3,34000,37,1,23,0,0
3,34000,38,2,0,0,0
3,34000,40,1,1,0,3
3,34000,40,1,14,0,0
3,34000,55,2,0,0,0
3,34000,57,2,0,0,0
3,34000,58,2,0,0,0
3,34000,59,2,0,0,0
3,34000,61,2,0,0,0
3,34000,63,2,0,0,0
3,34000,66,2,0,0,0
3,34000,68,2,0,0,0
3,34000,69,2,0,0,0
3,34000,70,2,0,0,0
3,34000,85,2,0,0,0
3,34000,87,2,0,0,0
3,34000,89,2,0,0,0
3,34000,90,2,0,0,0
3,34000,92,2,0,0,0
3,34000,99,2,0,0,0
3,34000,102,2,0,0,0
3,34000,104,2,0,0,0
3,34000,115,2,0,0,0
3,34000,117,2,0,0,0
3,34000,126,2,0,0,0
3,34000,130,2,0,0,0
3,34000,156,2,0,0,0
3,34000,157,2,0,0,0
3,34000,164,2,0,0,0
3,35000,1,1,1,0,1
3,35000,3,1,18,0,0
3,35000,5,2,0,0,0
3,35000,25,2,0,0,0
3,35000,34,2,0,0,0
3,35000,36,2,0,0,0
3,35000,38,2,0,0,0
3,35000,45,1,1,0,2
3,35000,47,1,13,0,0
3,35000,55,2,0,0,0
3,35000,58,2,0,0,0
3,35000,59,2,0,0,0
3,35000,61,2,0,0,0
3,35000,66,2,0,0,0
3,35000,68,2,0,0,0
3,35000,69,2,0,0,0
3,35000,70,2,0,0,0
3,35000,76,2,0,0,0
3,35000,85,2,0,0,0
3,35000,86,2,0,0,0
3,35000,87,2,0,0,0
3,35000,92,2,0,0,0
3,35000,94,2,0,0,0
3,35000,99,2,0,0,0
3,35000,100,2,0,0,0
3,35000,102,2,0,0,0
3,35000,104,2,0,0,0
3,35000,107,1,24,0,0
3,35000,111,1,39,0,0
3,35000,113,1,48,0,0
3,35000,115,2,0,0,0
3,35000,117,2,0,0,0
3,35000,118,1,31,0,0
3,35000,118,2,0,0,0
3,35000,126,2,0,0,0
3,35000,130,2,0,0,0
3,35000,148,2,0,0,0
3,35000,149,2,0,0,0
3,35000,156,2,0,0,0
3,35000,161,2,0,0,0
3,35000,164,2,0,0,0
3,36000,3,1,1,0,2
3,36000,5,2,0,0,0
3,36000,25,2,0,0,0
3,36000,34,2,0,0,0
3,36000,36,2,0,0,0
3,36000,38,2,0,0,0
3,36000,47,1,1,0,1
3,36000,55,2,0,0,0
3,36000,58,2,0,0,0
3,36000,59,2,0,0,0
3,36000,61,2,0,0,0
3,36000,63,2,0,0,0
3,36000,66,2,0,0,0
3,36000,68,2,0,0,0
3,36000,69,2,0,0,0
3,36000,70,2,0,0,0
3,36000,76,2,0,0,0
3,36000,85,2,0,0,0
3,36000,86,2,0,0,0
3,36000,87,2,0,0,0
3,36000,92,2,0,0,0
3,36000,94,2,0,0,0
3,36000,99,2,0,0,0
3,36000,100,2,0,0,0
3,36000,102,2,0,0,0
3,36000,104,2,0,0,0
3,36000,107,1,1,0,3
3,36000,115,2,0,0,0
3,36000,117,2,0,0,0
3,36000,118,1,1,0,4
3,36000,118,2,0,0,0
3,36000,126,2,0,0,0
3,36000,130,2,0,0,0
3,36000,148,2,0,0,0
3,36000,149,2,0,0,0
3,36000,156,2,0,0,0
3,36000,161,2,0,0,0
3,36000,164,2,0,0,0
3,37000,34,2,0,0,0
3,37000,36,2,0,0,0
3,37000,38,2,0,0,0
3,37000,39,1,1,0,2
3,37000,46,1,21,0,0
3,37000,52,1,1,0,1
3,37000,53,1,35,0,0
3,37000,83,1,42,0,0
3,37000,91,2,0,0,0
3,37000,92,2,0,0,0
3,37000,98,1,16,0,0
3,37000,99,2,0,0,0
3,37000,102,2,0,0,0
3,37000,104,2,0,0,0
3,37000,109,1,28,0,0
3,37000,115,2,0,0,0
3,37000,117,2,0,0,0
3,37000,126,2,0,0,0
3,37000,129,2,0,0,0
3,37000,130,2,0,0,0
3,37000,156,2,0,0,0
3,37000,164,2,0,0,0
3,38000,34,2,0,0,0
3,38000,36,2,0,0,0
3,38000,38,2,0,0,0
3,38000,39,1,1,0,2
3,38000,46,1,1,0,4
3,38000,52,1,1,0,1
3,38000,63,2,0,0,0
3,38000,91,2,0,0,0
3,38000,92,2,0,0,0
3,38000,98,1,1,0,3
3,38000,99,2,0,0,0
3,38000,102,2,0,0,0
3,38000,104,2,0,0,0
3,38000,115,2,0,0,0
3,38000,117,2,0,0,0
3,38000,126,2,0,0,0
3,38000,129,2,0,0,0
3,38000,130,2,0,0,0
3,38000,156,2,0,0,0
3,38000,164,2,0,0,0
3,39000,1,1,9,0,0
3,39000,3,1,24,0,0
3,39000,5,2,0,0,0
3,39000,25,2,0,0,0
3,39000,34,1,34,0,0
3,39000,34,2,0,0,0
3,39000,36,2,0,0,0
3,39000,38,1,39,0,0
3,39000,38,2,0,0,0
3,39000,47,1,1,0,0
3,39000,50,1,14,0,0
3,39000,55,2,0,0,0
3,39000,58,2,0,0,0
3,39000,59,2,0,0,0
3,39000,61,2,0,0,0
3,39000,66,2,0,0,0
3,39000,68,2,0,0,0
3,39000,69,2,0,0,0
3,39000,70,2,0,0,0
3,39000,76,2,0,0,0
3,39000,85,2,0,0,0
3,39000,86,2,0,0,0
3,39000,87,2,0,0,0
3,39000,92,2,0,0,0
3,39000,94,2,0,0,0
3,39000,99,2,0,0,0
3,39000,100,2,0,0,0
3,39000,102,2,0,0,0
3,39000,104,2,0,0,0
3,39000,111,1,19,0,0
3,39000,115,2,0,0,0
3,39000,117,2,0,0,0
3,39000,126,2,0,0,0
3,39000,130,2,0,0,0
3,39000,148,2,0,0,0
3,39000,149,2,0,0,0
3,39000,156,1,29,0,0
3,39000,156,2,0,0,0
3,39000,161,2,0,0,0
3,39000,164,2,0,0,0
3,40000,3,1,1,0,4
3,40000,5,2,0,0,0
3,40000,25,2,0,0,0
3,40000,34,2,0,0,0
3,40000,36,2,0,0,0
3,40000,38,2,0,0,0
3,40000,47,1,1,0,1
3,40000,50,1,1,0,2
3,40000,55,2,0,0,0
3,40000,58,2,0,0,0
3,40000,59,2,0,0,0
3,40000,61,2,0,0,0
3,40000,63,2,0,0,0
3,40000,66,2,0,0,0
3,40000,68,2,0,0,0
3,40000,69,2,0,0,0
3,40000,70,2,0,0,0
3,40000,76,2,0,0,0
3,40000,85,2,0,0,0
3,40000,86,2,0,0,0
3,40000,87,2,0,0,0
3,40000,92,2,0,0,0
3,40000,94,2,0,0,0
3,40000,99,2,0,0,0
3,40000,100,2,0,0,0
3,40000,102,2,0,0,0
3,40000,104,2,0,0,0
3,40000,111,1,1,0,3
3,40000,115,2,0,0,0
3,40000,117,2,0,0,0
3,40000,126,2,0,0,0
3,40000,130,2,0,0,0
3,40000,148,2,0,0,0
3,40000,149,2,0,0,0
3,40000,156,2,0,0,0
3,40000,161,2,0,0,0
3,40000,164,2,0,0,0
3,41000,13,2,0,0,0
3,41000,17,1,28,0,0
3,41000,18,2,0,0,0
3,41000,36,2,0,0,0
3,41000,38,2,0,0,0
3,41000,44,1,15,0,0
3,41000,48,1,10,0,0
3,41000,72,2,0,0,0
3,41000,92,2,0,0,0
3,41000,99,2,0,0,0
3,41000,102,2,0,0,0
3,41000,104,2,0,0,0
3,41000,109,1,21,0,0
3,41000,114,1,36,0,0
3,41000,117,2,0,0,0
3,41000,129,2,0,0,0
3,41000,141,1,1,0,0
3,41000,156,2,0,0,0
3,41000,164,2,0,0,0
3,42000,13,2,0,0,0
3,42000,17,1,32,0,0
3,42000,18,2,0,0,0
3,42000,36,2,0,0,0
3,42000,38,2,0,0,0
3,42000,44,1,1,0,3
3,42000,44,1,15,0,0
3,42000,48,1,10,0,0
3,42000,63,2,0,0,0
3,42000,72,2,0,0,0
3,42000,92,2,0,0,0
3,42000,99,2,0,0,0
3,42000,102,2,0,0,0
3,42000,103,1,1,0,2
3,42000,104,2,0,0,0
3,42000,109,1,21,0,0
3,42000,114,1,43,0,0
3,42000,117,2,0,0,0
3,42000,129,2,0,0,0
3,42000,141,1,1,0,1
3,42000,156,2,0,0,0
3,42000,164,2,0,0,0
3,43000,14,2,0,0,0
3,43000,15,2,0,0,0
3,43000,36,2,0,0,0
3,43000,38,2,0,0,0
3,43000,51,1,24,0,0
3,43000,71,1,1,0,0
3,43000,72,2,0,0,0
3,43000,76,1,46,0,0
3,43000,76,2,0,0,0
3,43000,77,1,15,0,0
3,43000,78,1,17,0,0
3,43000,79,1,19,0,0
3,43000,80,1,33,0,0
3,43000,92,2,0,0,0
3,43000,99,2,0,0,0
3,43000,102,2,0,0,0
3,43000,104,2,0,0,0
3,43000,115,2,0,0,0
3,43000,117,2,0,0,0
3,43000,156,2,0,0,0
3,43000,164,2,0,0,0
3,44000,14,2,0,0,0
3,44000,15,2,0,0,0
3,44000,36,2,0,0,0
3,44000,38,2,0,0,0
3,44000,51,1,28,0,0
3,44000,71,1,1,0,1
3,44000,72,2,0,0,0
3,44000,76,1,52,0,0
3,44000,76,2,0,0,0
3,44000,77,1,1,0,2
3,44000,77,1,15,0,0
3,44000,78,1,1,0,3
3,44000,78,1,17,0,0
3,44000,79,1,19,0,0
3,44000,80,1,38,0,0
3,44000,92,2,0,0,0
3,44000,99,2,0,0,0
3,44000,102,2,0,0,0
3,44000,104,2,0,0,0
3,44000,115,2,0,0,0
3,44000,117,2,0,0,0
3,44000,156,2,0,0,0
3,44000,164,2,0,0,0
3,45000,14,2,0,0,0
3,45000,15,2,0,0,0
3,45000,34,2,0,0,0
3,45000,36,2,0,0,0
3,45000,38,2,0,0,0
3,45000,51,1,1,0,3
3,45000,63,2,0,0,0
3,45000,72,2,0,0,0
3,45000,76,2,0,0,0
3,45000,77,1,15,0,0
3,45000,78,1,1,0,1
3,45000,78,1,17,0,0
3,45000,79,1,1,0,2
3,45000,79,1,19,0,0
3,45000,80,1,1,0,4
3,45000,92,2,0,0,0
3,45000,99,2,0,0,0
3,45000,102,2,0,0,0
3,45000,104,2,0,0,0
3,45000,115,2,0,0,0
3,45000,117,2,0,0,0
3,45000,156,2,0,0,0
3,45000,164,2,0,0,0
3,46000,10,1,1,0,0
3,46000,14,2,0,0,0
3,46000,15,2,0,0,0
3,46000,34,2,0,0,0
3,46000,36,2,0,0,0
3,46000,38,2,0,0,0
3,46000,72,2,0,0,0
3,46000,74,1,41,0,0
3,46000,76,2,0,0,0
3,46000,78,1,13,0,0
3,46000,91,2,0,0,0
3,46000,92,2,0,0,0
3,46000,99,2,0,0,0
3,46000,102,2,0,0,0
3,46000,104,2,0,0,0
3,46000,115,2,0,0,0
3,46000,117,2,0,0,0
3,46000,130,2,0,0,0
3,46000,141,1,20,0,0
3,46000,147,1,27,0,0
3,46000,156,2,0,0,0
3,46000,163,1,34,0,0
3,46000,164,2,0,0,0
3,47000,10,1,1,0,1
3,47000,14,2,0,0,0
3,47000,15,2,0,0,0
3,47000,34,2,0,0,0
3,47000,36,2,0,0,0
3,47000,38,2,0,0,0
3,47000,63,2,0,0,0
3,47000,72,2,0,0,0
3,47000,74,1,48,0,0
3,47000,76,2,0,0,0
3,47000,78,1,1,0,2
3,47000,78,1,13,0,0
3,47000,91,2,0,0,0
3,47000,92,2,0,0,0
3,47000,99,2,0,0,0
3,47000,102,2,0,0,0
3,47000,104,2,0,0,0
3,47000,115,2,0,0,0
3,47000,117,2,0,0,0
3,47000,130,2,0,0,0
3,47000,141,1,1,0,3
3,47000,141,1,20,0,0
3,47000,147,1,30,0,0
3,47000,156,2,0,0,0
3,47000,163,1,39,0,0
3,47000,164,2,0,0,0
3,48000,33,1,1,0,1
3,48000,36,2,0,0,0
3,48000,38,2,0,0,0
3,48000,50,1,1,0,2
3,48000,60,1,35,0,0
3,48000,72,2,0,0,0
3,48000,76,2,0,0,0
3,48000,77,1,24,0,0
3,48000,78,1,30,0,0
3,48000,79,1,38,0,0
3,48000,92,2,0,0,0
3,48000,94,1,43,0,0
3,48000,94,2,0,0,0
3,48000,99,2,0,0,0
3,48000,102,2,0,0,0
3,48000,104,2,0,0,0
3,48000,115,2,0,0,0
3,48000,117,2,0,0,0
3,48000,141,1,27,0,0
3,48000,149,2,0,0,0
3,48000,156,2,0,0,0
3,48000,164,2,0,0,0
3,49000,13,2,0,0,0
3,49000,18,2,0,0,0
3,49000,33,1,1,0,1
3,49000,36,2,0,0,0
3,49000,38,2,0,0,0
3,49000,50,1,1,0,2
3,49000,60,1,38,0,0
3,49000,63,2,0,0,0
3,49000,72,2,0,0,0
3,49000,76,2,0,0,0
3,49000,77,1,1,0,3
3,49000,77,1,24,0,0
3,49000,78,1,30,0,0
3,49000,79,1,43,0,0
3,49000,92,2,0,0,0
3,49000,94,1,50,0,0
3,49000,94,2,0,0,0
3,49000,99,2,0,0,0
3,49000,100,2,0,0,0
3,49000,102,2,0,0,0
3,49000,104,2,0,0,0
3,49000,115,2,0,0,0
3,49000,117,2,0,0,0
3,49000,129,2,0,0,0
3,49000,141,1,1,0,4
3,49000,141,1,27,0,0
3,49000,149,2,0,0,0
3,49000,156,2,0,0,0
3,49000,164,2,0,0,0
3,50000,10,1,1,0,0
3,50000,28,1,24,0,0
3,50000,34,2,0,0,0
3,50000,36,2,0,0,0
3,50000,38,2,0,0,0
3,50000,45,1,15,0,0
3,50000,89,1,40,0,0
3,50000,89,2,0,0,0
3,50000,90,2,0,0,0
3,50000,91,1,19,0,0
3,50000,91,2,0,0,0
3,50000,92,2,0,0,0
3,50000,99,2,0,0,0
3,50000,102,2,0,0,0
3,50000,104,2,0,0,0
3,50000,117,2,0,0,0
3,50000,156,2,0,0,0
3,50000,157,2,0,0,0
3,50000,163,1,31,0,0
3,50000,164,2,0,0,0
3,51000,10,1,1,0,1
3,51000,28,1,24,0,0
3,51000,34,2,0,0,0
3,51000,36,2,0,0,0
3,51000,38,2,0,0,0
3,51000,45,1,1,0,2
3,51000,45,1,15,0,0
3,51000,63,2,0,0,0
3,51000,89,1,47,0,0
3,51000,89,2,0,0,0
3,51000,90,2,0,0,0
3,51000,91,1,1,0,3
3,51000,91,1,19,0,0
3,51000,91,2,0,0,0
3,51000,92,2,0,0,0
3,51000,99,2,0,0,0
3,51000,102,2,0,0,0
3,51000,104,2,0,0,0
3,51000,117,2,0,0,0
3,51000,156,2,0,0,0
3,51000,157,2,0,0,0
3,51000,163,1,35,0,0
3,51000,164,2,0,0,0
3,52000,6,1,17,0,0
3,52000,6,2,0,0,0
3,52000,10,1,1,0,1
3,52000,34,2,0,0,0
3,52000,36,2,0,0,0
3,52000,38,2,0,0,0
3,52000,44,1,12,0,0
3,52000,45,1,1,0,2
3,52000,55,2,0,0,0
3,52000,61,2,0,0,0
3,52000,85,2,0,0,0
3,52000,87,2,0,0,0
3,52000,92,2,0,0,0
3,52000,99,2,0,0,0
3,52000,102,2,0,0,0
3,52000,103,1,24,0,0
3,52000,104,2,0,0,0
3,52000,117,2,0,0,0
3,52000,129,2,0,0,0
3,52000,130,2,0,0,0
3,52000,154,1,33,0,0
3,52000,156,2,0,0,0
3,52000,163,1,44,0,0
3,52000,164,2,0,0,0
3,53000,6,1,17,0,0
3,53000,6,2,0,0,0
3,53000,10,1,1,0,1
3,53000,34,2,0,0,0
3,53000,36,2,0,0,0
3,53000,38,2,0,0,0
3,53000,44,1,1,0,3
3,53000,44,1,12,0,0
3,53000,45,1,1,0,2
3,53000,55,2,0,0,0
3,53000,61,2,0,0,0
3,53000,63,2,0,0,0
3,53000,85,2,0,0,0
3,53000,87,2,0,0,0
3,53000,92,2,0,0,0
3,53000,99,2,0,0,0
3,53000,102,2,0,0,0
3,53000,103,1,1,0,4
3,53000,103,1,24,0,0
3,53000,104,2,0,0,0
3,53000,117,2,0,0,0
3,53000,129,2,0,0,0
3,53000,130,2,0,0,0
3,53000,154,1,37,0,0
3,53000,156,2,0,0,0
3,53000,163,1,51,0,0
3,53000,164,2,0,0,0
3,54000,5,2,0,0,0
3,54000,6,2,0,0,0
3,54000,10,1,1,0,0
3,54000,25,2,0,0,0
3,54000,34,2,0,0,0
3,54000,36,2,0,0,0
3,54000,38,2,0,0,0
3,54000,39,1,28,0,0
3,54000,50,1,31,0,0
3,54000,55,2,0,0,0
3,54000,56,1,52,0,0
3,54000,57,2,0,0,0
3,54000,58,2,0,0,0
3,54000,59,2,0,0,0
3,54000,61,2,0,0,0
3,54000,66,2,0,0,0
3,54000,68,2,0,0,0
3,54000,69,2,0,0,0
3,54000,70,2,0,0,0
3,54000,91,2,0,0,0
3,54000,92,2,0,0,0
3,54000,93,1,36,0,0
3,54000,99,2,0,0,0
3,54000,102,2,0,0,0
3,54000,104,2,0,0,0
3,54000,117,2,0,0,0
3,54000,129,2,0,0,0
3,54000,130,2,0,0,0
3,54000,154,1,43,0,0
3,54000,156,2,0,0,0
3,54000,164,2,0,0,0
3,55000,5,2,0,0,0
3,55000,6,2,0,0,0
3,55000,10,1,1,0,1
3,55000,25,2,0,0,0
3,55000,34,2,0,0,0
3,55000,36,2,0,0,0
3,55000,38,2,0,0,0
3,55000,39,1,1,0,2
3,55000,39,1,28,0,0
3,55000,50,1,1,0,3
3,55000,50,1,31,0,0
3,55000,55,2,0,0,0
3,55000,56,1,59,0,0
3,55000,57,2,0,0,0
3,55000,58,2,0,0,0
3,55000,59,2,0,0,0
3,55000,61,2,0,0,0
3,55000,63,2,0,0,0
3,55000,66,2,0,0,0
3,55000,68,2,0,0,0
3,55000,69,2,0,0,0
3,55000,70,2,0,0,0
3,55000,91,2,0,0,0
3,55000,92,2,0,0,0
3,55000,93,1,39,0,0
3,55000,99,2,0,0,0
3,55000,102,2,0,0,0
3,55000,104,2,0,0,0
3,55000,117,2,0,0,0
3,55000,129,2,0,0,0
3,55000,130,2,0,0,0
3,55000,154,1,48,0,0
3,55000,156,2,0,0,0
3,55000,164,2,0,0,0
3,56000,2,1,15,0,0
3,56000,5,2,0,0,0
3,56000,6,2,0,0,0
3,56000,10,1,1,0,1
3,56000,25,2,0,0,0
3,56000,34,2,0,0,0
3,56000,36,2,0,0,0
3,56000,37,1,39,0,0
3,56000,38,2,0,0,0
3,56000,43,1,1,0,2
3,56000,66,2,0,0,0
3,56000,68,2,0,0,0
3,56000,69,1,33,0,0
3,56000,69,2,0,0,0
3,56000,70,2,0,0,0
3,56000,85,2,0,0,0
3,56000,87,2,0,0,0
3,56000,91,2,0,0,0
3,56000,92,2,0,0,0
3,56000,99,2,0,0,0
3,56000,102,2,0,0,0
3,56000,104,2,0,0,0
3,56000,116,1,27,0,0
3,56000,117,2,0,0,0
3,56000,118,2,0,0,0
3,56000,129,2,0,0,0
3,56000,130,2,0,0,0
3,56000,154,1,21,0,0
3,56000,156,2,0,0,0
3,56000,157,2,0,0,0
3,56000,164,2,0,0,0
3,57000,2,1,1,0,3
3,57000,2,1,15,0,0
3,57000,5,2,0,0,0
3,57000,6,2,0,0,0
3,57000,10,1,1,0,1
3,57000,25,2,0,0,0
3,57000,34,2,0,0,0
3,57000,36,2,0,0,0
3,57000,37,1,46,0,0
3,57000,38,2,0,0,0
3,57000,43,1,1,0,2
3,57000,63,2,0,0,0
3,57000,66,2,0,0,0
3,57000,68,2,0,0,0
3,57000,69,1,37,0,0
3,57000,69,2,0,0,0
3,57000,70,2,0,0,0
3,57000,85,2,0,0,0
3,57000,87,2,0,0,0
3,57000,91,2,0,0,0
3,57000,92,2,0,0,0
3,57000,99,2,0,0,0
3,57000,102,2,0,0,0
3,57000,104,2,0,0,0
3,57000,116,1,27,0,0
3,57000,117,2,0,0,0
3,57000,118,2,0,0,0
3,57000,129,2,0,0,0
3,57000,130,2,0,0,0
3,57000,154,1,1,0,4
3,57000,154,1,21,0,0
3,57000,156,2,0,0,0
3,57000,157,2,0,0,0
3,57000,164,2,0,0,0
3,58000,34,2,0,0,0
3,58000,36,1,30,0,0
3,58000,36,2,0,0,0
3,58000,38,2,0,0,0
3,58000,43,1,23,0,0
3,58000,44,1,1,0,1
3,58000,46,1,1,0,2
3,58000,52,1,18,0,0
3,58000,53,1,50,0,0
3,58000,82,2,0,0,0
3,58000,91,2,0,0,0
3,58000,92,2,0,0,0
3,58000,97,1,39,0,0
3,58000,99,2,0,0,0
3,58000,102,2,0,0,0
3,58000,104,2,0,0,0
3,58000,115,2,0,0,0
3,58000,117,2,0,0,0
3,58000,126,2,0,0,0
3,58000,129,2,0,0,0
3,58000,130,2,0,0,0
3,58000,156,2,0,0,0
3,58000,164,2,0,0,0
3,59000,34,2,0,0,0
3,59000,36,1,1,0,4
3,59000,36,2,0,0,0
3,59000,38,2,0,0,0
3,59000,43,1,1,0,3
3,59000,46,1,1,0,1
3,59000,52,1,1,0,2
3,59000,63,2,0,0,0
3,59000,82,2,0,0,0
3,59000,91,2,0,0,0
3,59000,92,2,0,0,0
3,59000,99,2,0,0,0
3,59000,100,2,0,0,0
3,59000,102,2,0,0,0
3,59000,104,2,0,0,0
3,59000,115,2,0,0,0
3,59000,117,2,0,0,0
3,59000,126,2,0,0,0
3,59000,129,2,0,0,0
3,59000,130,2,0,0,0
3,59000,156,2,0,0,0
3,59000,164,2,0,0,0
3,60000,3,1,25,0,0
3,60000,34,1,31,0,0
3,60000,34,2,0,0,0
3,60000,36,2,0,0,0
3,60000,38,2,0,0,0
3,60000,55,1,19,0,0
3,60000,55,2,0,0,0
3,60000,56,1,45,0,0
3,60000,57,2,0,0,0
3,60000,58,2,0,0,0
3,60000,59,2,0,0,0
3,60000,61,2,0,0,0
3,60000,92,2,0,0,0
3,60000,94,2,0,0,0
3,60000,95,1,16,0,0
3,60000,99,2,0,0,0
3,60000,102,2,0,0,0
3,60000,104,2,0,0,0
3,60000,117,2,0,0,0
3,60000,130,2,0,0,0
3,60000,133,1,38,0,0
3,60000,145,1,1,0,0
3,60000,149,2,0,0,0
3,60000,156,2,0,0,0
3,60000,164,2,0,0,0
3,61000,3,1,26,0,0
3,61000,5,2,0,0,0
3,61000,25,2,0,0,0
3,61000,34,1,33,0,0
3,61000,34,2,0,0,0
3,61000,36,2,0,0,0
3,61000,38,2,0,0,0
3,61000,55,1,1,0,3
3,61000,55,1,19,0,0
3,61000,55,2,0,0,0
3,61000,56,1,49,0,0
3,61000,57,2,0,0,0
3,61000,58,2,0,0,0
3,61000,59,2,0,0,0
3,61000,61,2,0,0,0
3,61000,66,2,0,0,0
3,61000,68,2,0,0,0
3,61000,69,2,0,0,0
3,61000,70,2,0,0,0
3,61000,89,2,0,0,0
3,61000,90,2,0,0,0
3,61000,92,2,0,0,0
3,61000,94,2,0,0,0
3,61000,95,1,1,0,2
3,61000,95,1,16,0,0
3,61000,99,2,0,0,0
3,61000,102,2,0,0,0
3,61000,104,2,0,0,0
3,61000,117,2,0,0,0
3,61000,118,2,0,0,0
3,61000,130,2,0,0,0
3,61000,133,1,41,0,0
3,61000,145,1,1,0,1
3,61000,149,2,0,0,0
3,61000,156,2,0,0,0
3,61000,164,2,0,0,0
3,62000,3,1,1,0,3
3,62000,5,2,0,0,0
3,62000,25,2,0,0,0
3,62000,34,1,1,0,4
3,62000,34,2,0,0,0
3,62000,36,2,0,0,0
3,62000,38,2,0,0,0
3,62000,55,1,1,0,2
3,62000,55,1,19,0,0
3,62000,55,2,0,0,0
3,62000,57,2,0,0,0
3,62000,58,2,0,0,0
3,62000,59,2,0,0,0
3,62000,61,2,0,0,0
3,62000,63,2,0,0,0
3,62000,66,2,0,0,0
3,62000,68,2,0,0,0
3,62000,69,2,0,0,0
3,62000,70,2,0,0,0
3,62000,89,2,0,0,0
3,62000,90,2,0,0,0
3,62000,92,2,0,0,0
3,62000,94,2,0,0,0
3,62000,95,1,1,0,1
3,62000,95,1,16,0,0
3,62000,99,2,0,0,0
3,62000,102,2,0,0,0
3,62000,104,2,0,0,0
3,62000,117,2,0,0,0
3,62000,118,2,0,0,0
3,62000,130,2,0,0,0
3,62000,149,2,0,0,0
3,62000,156,2,0,0,0
3,62000,164,2,0,0,0
3,63000,5,2,0,0,0
3,63000,25,2,0,0,0
3,63000,34,2,0,0,0
3,63000,36,2,0,0,0
3,63000,38,2,0,0,0
3,63000,66,2,0,0,0
3,63000,68,2,0,0,0
3,63000,69,2,0,0,0
3,63000,86,2,0,0,0
3,63000,92,2,0,0,0
3,63000,94,2,0,0,0
3,63000,99,2,0,0,0
3,63000,100,1,1,0,0
3,63000,100,2,0,0,0
3,63000,102,2,0,0,0
3,63000,104,2,0,0,0
3,63000,115,2,0,0,0
3,63000,117,2,0,0,0
3,63000,118,2,0,0,0
3,63000,130,2,0,0,0
3,63000,148,2,0,0,0
3,63000,149,2,0,0,0
3,63000,156,2,0,0,0
3,63000,161,2,0,0,0
3,63000,164,2,0,0,0
3,64000,5,2,0,0,0
3,64000,25,2,0,0,0
3,64000,34,2,0,0,0
3,64000,36,2,0,0,0
3,64000,38,2,0,0,0
3,64000,50,1,1,0,3
3,64000,50,1,20,0,0
3,64000,60,1,27,0,0
3,64000,66,2,0,0,0
3,64000,68,2,0,0,0
3,64000,69,2,0,0,0
3,64000,86,2,0,0,0
3,64000,91,2,0,0,0
3,64000,92,2,0,0,0
3,64000,93,1,1,0,2
3,64000,93,1,16,0,0
3,64000,94,1,38,0,0
3,64000,94,2,0,0,0
3,64000,99,2,0,0,0
3,64000,100,1,1,0,1
3,64000,100,2,0,0,0
3,64000,102,2,0,0,0
3,64000,104,2,0,0,0
3,64000,105,1,31,0,0
3,64000,115,1,42,0,0
3,64000,115,2,0,0,0
3,64000,117,2,0,0,0
3,64000,118,2,0,0,0
3,64000,130,2,0,0,0
3,64000,148,2,0,0,0
3,64000,149,2,0,0,0
3,64000,156,2,0,0,0
3,64000,161,2,0,0,0
3,64000,164,2,0,0,0
3,65000,5,2,0,0,0
3,65000,25,2,0,0,0
3,65000,34,2,0,0,0
3,65000,36,2,0,0,0
3,65000,38,2,0,0,0
3,65000,50,1,1,0,3
3,65000,50,1,20,0,0
3,65000,60,1,27,0,0
3,65000,63,2,0,0,0
3,65000,66,2,0,0,0
3,65000,68,2,0,0,0
3,65000,69,2,0,0,0
3,65000,86,2,0,0,0
3,65000,91,2,0,0,0
3,65000,92,2,0,0,0
3,65000,93,1,1,0,2
3,65000,93,1,16,0,0
3,65000,94,1,38,0,0
3,65000,94,2,0,0,0
3,65000,99,2,0,0,0
3,65000,100,1,1,0,1
3,65000,100,2,0,0,0
3,65000,102,2,0,0,0
3,65000,104,2,0,0,0
3,65000,105,1,31,0,0
3,65000,115,1,42,0,0
3,65000,115,2,0,0,0
3,65000,117,2,0,0,0
3,65000,118,2,0,0,0
3,65000,130,2,0,0,0
3,65000,148,2,0,0,0
3,65000,149,2,0,0,0
3,65000,156,2,0,0,0
3,65000,161,2,0,0,0
3,65000,164,2,0,0,0
3,66000,2,1,1,0,0
3,66000,5,2,0,0,0
3,66000,25,2,0,0,0
3,66000,34,2,0,0,0
3,66000,36,2,0,0,0
3,66000,38,2,0,0,0
3,66000,43,1,25,0,0
3,66000,66,1,46,0,0
3,66000,66,2,0,0,0
3,66000,67,1,20,0,0
3,66000,68,2,0,0,0
3,66000,69,1,39,0,0
3,66000,69,2,0,0,0
3,66000,70,2,0,0,0
3,66000,89,2,0,0,0
3,66000,90,2,0,0,0
3,66000,91,2,0,0,0
3,66000,92,2,0,0,0
3,66000,99,2,0,0,0
3,66000,102,2,0,0,0
3,66000,104,2,0,0,0
3,66000,116,1,32,0,0
3,66000,117,2,0,0,0
3,66000,118,2,0,0,0
3,66000,126,2,0,0,0
3,66000,130,2,0,0,0
3,66000,156,2,0,0,0
3,66000,157,2,0,0,0
3,66000,164,2,0,0,0
3,67000,2,1,1,0,1
3,67000,5,2,0,0,0
3,67000,25,2,0,0,0
3,67000,34,2,0,0,0
3,67000,36,2,0,0,0
3,67000,38,2,0,0,0
3,67000,43,1,1,0,3
3,67000,43,1,25,0,0
3,67000,66,1,52,0,0
3,67000,66,2,0,0,0
3,67000,67,1,1,0,2
3,67000,67,1,20,0,0
3,67000,68,2,0,0,0
3,67000,69,1,44,0,0
3,67000,69,2,0,0,0
3,67000,70,2,0,0,0
3,67000,89,2,0,0,0
3,67000,90,2,0,0,0
3,67000,91,2,0,0,0
3,67000,92,2,0,0,0
3,67000,99,2,0,0,0
3,67000,102,2,0,0,0
3,67000,104,2,0,0,0
3,67000,116,1,36,0,0
3,67000,117,2,0,0,0
3,67000,118,2,0,0,0
3,67000,126,2,0,0,0
3,67000,130,2,0,0,0
3,67000,156,2,0,0,0
3,67000,157,2,0,0,0
3,67000,164,2,0,0,0
3,68000,2,1,1,0,1
3,68000,5,2,0,0,0
3,68000,25,2,0,0,0
3,68000,34,2,0,0,0
3,68000,36,2,0,0,0
3,68000,38,2,0,0,0
3,68000,43,1,1,0,3
3,68000,43,1,25,0,0
3,68000,63,2,0,0,0
3,68000,66,1,52,0,0
3,68000,66,2,0,0,0
3,68000,67,1,1,0,2
3,68000,67,1,20,0,0
3,68000,68,2,0,0,0
3,68000,69,1,44,0,0
3,68000,69,2,0,0,0
3,68000,70,2,0,0,0
3,68000,89,2,0,0,0
3,68000,90,2,0,0,0
3,68000,91,2,0,0,0
3,68000,92,2,0,0,0
3,68000,99,2,0,0,0
3,68000,102,2,0,0,0
3,68000,104,2,0,0,0
3,68000,116,1,36,0,0
3,68000,117,2,0,0,0
3,68000,118,2,0,0,0
3,68000,126,2,0,0,0
3,68000,130,2,0,0,0
3,68000,156,2,0,0,0
3,68000,157,2,0,0,0
3,68000,164,2,0,0,0
3,69000,14,2,0,0,0
3,69000,15,2,0,0,0
3,69000,21,1,42,0,0
3,69000,22,1,1,0,1
3,69000,35,1,13,0,0
3,69000,36,2,0,0,0
3,69000,38,2,0,0,0
3,69000,51,1,26,0,0
3,69000,72,2,0,0,0
3,69000,74,1,1,0,2
3,69000,75,1,33,0,0
3,69000,76,2,0,0,0
3,69000,77,1,15,0,0
3,69000,78,1,21,0,0
3,69000,79,1,18,0,0
3,69000,92,2,0,0,0
3,69000,99,2,0,0,0
3,69000,102,2,0,0,0
3,69000,104,2,0,0,0
3,69000,115,2,0,0,0
3,69000,117,2,0,0,0
3,69000,156,2,0,0,0
3,69000,164,2,0,0,0
3,70000,14,2,0,0,0
3,70000,15,2,0,0,0
3,70000,21,1,49,0,0
3,70000,22,1,1,0,1
3,70000,35,1,1,0,3
3,70000,35,1,13,0,0
3,70000,36,2,0,0,0
3,70000,38,2,0,0,0
3,70000,51,1,29,0,0
3,70000,72,2,0,0,0
3,70000,74,1,1,0,2
3,70000,75,1,38,0,0
3,70000,76,2,0,0,0
3,70000,77,1,15,0,0
3,70000,78,1,23,0,0
3,70000,79,1,18,0,0
3,70000,92,2,0,0,0
3,70000,99,2,0,0,0
3,70000,102,2,0,0,0
3,70000,104,2,0,0,0
3,70000,115,2,0,0,0
3,70000,117,2,0,0,0
3,70000,156,2,0,0,0
3,70000,164,2,0,0,0
3,71000,14,2,0,0,0
3,71000,15,2,0,0,0
3,71000,34,2,0,0,0
3,71000,35,1,13,0,0
3,71000,36,2,0,0,0
3,71000,38,2,0,0,0
3,71000,51,1,1,0,3
3,71000,63,2,0,0,0
3,71000,72,2,0,0,0
3,71000,75,1,1,0,4
3,71000,76,2,0,0,0
3,71000,77,1,15,0,0
3,71000,78,1,1,0,2
3,71000,79,1,1,0,1
3,71000,79,1,18,0,0
3,71000,92,2,0,0,0
3,71000,99,2,0,0,0
3,71000,102,2,0,0,0
3,71000,104,2,0,0,0
3,71000,115,2,0,0,0
3,71000,117,2,0,0,0
3,71000,156,2,0,0,0
3,71000,164,2,0,0,0
3,72000,14,2,0,0,0
3,72000,15,2,0,0,0
3,72000,35,1,13,0,0
3,72000,36,2,0,0,0
3,72000,38,2,0,0,0
3,72000,40,1,18,0,0
3,72000,48,1,7,0,0
3,72000,51,1,1,0,0
3,72000,55,1,22,0,0
3,72000,55,2,0,0,0
3,72000,56,1,48,0,0
3,72000,57,2,0,0,0
3,72000,58,2,0,0,0
3,72000,59,2,0,0,0
3,72000,61,2,0,0,0
3,72000,72,2,0,0,0
3,72000,92,2,0,0,0
3,72000,99,2,0,0,0
3,72000,102,2,0,0,0
3,72000,103,1,40,0,0
3,72000,104,2,0,0,0
3,72000,112,1,33,0,0
3,72000,115,2,0,0,0
3,72000,117,2,0,0,0
3,72000,130,2,0,0,0
3,72000,132,1,27,0,0
3,72000,156,2,0,0,0
3,72000,164,2,0,0,0
3,73000,14,2,0,0,0
3,73000,15,2,0,0,0
3,73000,35,1,1,0,3
3,73000,35,1,13,0,0
3,73000,36,2,0,0,0
3,73000,38,2,0,0,0
3,73000,40,1,18,0,0
3,73000,48,1,1,0,2
3,73000,48,1,7,0,0
3,73000,51,1,1,0,1
3,73000,55,1,22,0,0
3,73000,55,2,0,0,0
3,73000,56,1,50,0,0
3,73000,57,2,0,0,0
3,73000,58,2,0,0,0
3,73000,59,2,0,0,0
3,73000,61,2,0,0,0
3,73000,63,2,0,0,0
3,73000,72,2,0,0,0
3,73000,92,2,0,0,0
3,73000,99,2,0,0,0
3,73000,102,2,0,0,0
3,73000,103,1,43,0,0
3,73000,104,2,0,0,0
3,73000,112,1,35,0,0
3,73000,115,2,0,0,0
3,73000,117,2,0,0,0
3,73000,130,2,0,0,0
3,73000,132,1,27,0,0
3,73000,156,2,0,0,0
3,73000,164,2,0,0,0
3,74000,5,2,0,0,0
3,74000,33,1,1,0,0
3,74000,34,2,0,0,0
3,74000,36,2,0,0,0
3,74000,38,2,0,0,0
3,74000,66,2,0,0,0
3,74000,68,2,0,0,0
3,74000,69,2,0,0,0
3,74000,70,2,0,0,0
3,74000,88,1,16,0,0
3,74000,89,1,31,0,0
3,74000,89,2,0,0,0
3,74000,90,2,0,0,0
3,74000,91,2,0,0,0
3,74000,92,2,0,0,0
3,74000,99,2,0,0,0
3,74000,102,2,0,0,0
3,74000,104,2,0,0,0
3,74000,106,1,26,0,0
3,74000,111,1,11,0,0
3,74000,117,2,0,0,0
3,74000,118,2,0,0,0
3,74000,120,1,21,0,0
3,74000,120,2,0,0,0
3,74000,126,2,0,0,0
3,74000,153,1,36,0,0
3,74000,153,2,0,0,0
3,74000,156,2,0,0,0
3,74000,157,2,0,0,0
3,74000,164,2,0,0,0
3,75000,5,2,0,0,0
3,75000,33,1,1,0,1
3,75000,34,2,0,0,0
3,75000,36,2,0,0,0
3,75000,38,2,0,0,0
3,75000,66,2,0,0,0
3,75000,68,2,0,0,0
3,75000,69,2,0,0,0
3,75000,70,2,0,0,0
3,75000,88,1,16,0,0
3,75000,89,1,36,0,0
3,75000,89,2,0,0,0
3,75000,90,2,0,0,0
3,75000,91,2,0,0,0
3,75000,92,2,0,0,0
3,75000,99,2,0,0,0
3,75000,102,2,0,0,0
3,75000,104,2,0,0,0
3,75000,106,1,29,0,0
3,75000,111,1,1,0,2
3,75000,111,1,11,0,0
3,75000,117,2,0,0,0
3,75000,118,2,0,0,0
3,75000,120,1,21,0,0
3,75000,120,2,0,0,0
3,75000,126,2,0,0,0
3,75000,153,1,43,0,0
3,75000,153,2,0,0,0
3,75000,156,2,0,0,0
3,75000,157,2,0,0,0
3,75000,164,2,0,0,0
3,76000,5,2,0,0,0
3,76000,25,2,0,0,0
3,76000,33,1,1,0,1
3,76000,34,2,0,0,0
3,76000,36,2,0,0,0
3,76000,38,2,0,0,0
3,76000,63,2,0,0,0
3,76000,66,2,0,0,0
3,76000,68,2,0,0,0
3,76000,69,2,0,0,0
3,76000,70,2,0,0,0
3,76000,88,1,16,0,0
3,76000,89,1,36,0,0
3,76000,89,2,0,0,0
3,76000,90,2,0,0,0
3,76000,91,2,0,0,0
3,76000,92,2,0,0,0
3,76000,99,2,0,0,0
3,76000,102,2,0,0,0
3,76000,104,2,0,0,0
3,76000,106,1,29,0,0
3,76000,111,1,1,0,2
3,76000,111,1,11,0,0
3,76000,117,2,0,0,0
3,76000,118,2,0,0,0
3,76000,120,1,21,0,0
3,76000,120,2,0,0,0
3,76000,126,2,0,0,0
3,76000,153,1,43,0,0
3,76000,153,2,0,0,0
3,76000,156,2,0,0,0
3,76000,157,2,0,0,0
3,76000,164,2,0,0,0
3,77000,23,1,32,0,0
3,77000,32,2,0,0,0
3,77000,34,2,0,0,0
3,77000,36,1,43,0,0
3,77000,36,2,0,0,0
3,77000,38,2,0,0,0
3,77000,39,1,30,0,0
3,77000,45,1,35,0,0
3,77000,52,1,1,0,0
3,77000,83,1,39,0,0
3,77000,92,2,0,0,0
3,77000,97,1,48,0,0
3,77000,99,2,0,0,0
3,77000,102,2,0,0,0
3,77000,104,2,0,0,0
3,77000,115,2,0,0,0
3,77000,117,2,0,0,0
3,77000,126,2,0,0,0
3,77000,129,2,0,0,0
3,77000,130,2,0,0,0
3,77000,156,2,0,0,0
3,77000,164,2,0,0,0
3,78000,23,1,1,0,3
3,78000,23,1,32,0,0
3,78000,32,2,0,0,0
3,78000,34,2,0,0,0
3,78000,36,1,47,0,0
3,78000,36,2,0,0,0
3,78000,38,2,0,0,0
3,78000,39,1,1,0,2
3,78000,39,1,30,0,0
3,78000,45,1,1,0,4
3,78000,45,1,35,0,0
3,78000,52,1,1,0,1
3,78000,63,2,0,0,0
3,78000,83,1,39,0,0
3,78000,92,2,0,0,0
3,78000,97,1,55,0,0
3,78000,99,2,0,0,0
3,78000,102,2,0,0,0
3,78000,104,2,0,0,0
3,78000,115,2,0,0,0
3,78000,117,2,0,0,0
3,78000,126,2,0,0,0
3,78000,129,2,0,0,0
3,78000,130,2,0,0,0
3,78000,156,2,0,0,0
3,78000,164,2,0,0,0
3,79000,6,2,0,0,0
3,79000,29,1,22,0,0
3,79000,34,2,0,0,0
3,79000,36,2,0,0,0
3,79000,38,2,0,0,0
3,79000,45,1,27,0,0
3,79000,50,1,18,0,0
3,79000,55,1,33,0,0
3,79000,55,2,0,0,0
3,79000,57,2,0,0,0
3,79000,58,2,0,0,0
3,79000,59,2,0,0,0
3,79000,61,2,0,0,0
3,79000,70,2,0,0,0
3,79000,86,2,0,0,0
3,79000,89,2,0,0,0
3,79000,90,2,0,0,0
3,79000,91,2,0,0,0
3,79000,92,2,0,0,0
3,79000,93,1,1,0,0
3,79000,94,1,48,0,0
3,79000,94,2,0,0,0
3,79000,99,2,0,0,0
3,79000,100,2,0,0,0
3,79000,102,2,0,0,0
3,79000,104,2,0,0,0
3,79000,115,2,0,0,0
3,79000,117,2,0,0,0
3,79000,126,2,0,0,0
3,79000,129,2,0,0,0
3,79000,130,2,0,0,0
3,79000,133,1,40,0,0
3,79000,148,2,0,0,0
3,79000,149,2,0,0,0
3,79000,156,2,0,0,0
3,79000,161,2,0,0,0
3,79000,164,2,0,0,0
3,80000,5,2,0,0,0
3,80000,6,2,0,0,0
3,80000,25,2,0,0,0
3,80000,29,1,1,0,3
3,80000,29,1,22,0,0
3,80000,34,2,0,0,0
3,80000,36,2,0,0,0
3,80000,38,2,0,0,0
3,80000,45,1,27,0,0
3,80000,50,1,1,0,2
3,80000,50,1,18,0,0
3,80000,55,1,33,0,0
3,80000,55,2,0,0,0
3,80000,57,2,0,0,0
3,80000,58,2,0,0,0
3,80000,59,2,0,0,0
3,80000,61,2,0,0,0
3,80000,63,2,0,0,0
3,80000,66,2,0,0,0
3,80000,68,2,0,0,0
3,80000,69,2,0,0,0
3,80000,70,2,0,0,0
3,80000,86,2,0,0,0
3,80000,89,2,0,0,0
3,80000,90,2,0,0,0
3,80000,91,2,0,0,0
3,80000,92,2,0,0,0
3,80000,93,1,1,0,1
3,80000,94,1,55,0,0
3,80000,94,2,0,0,0
3,80000,99,2,0,0,0
3,80000,100,2,0,0,0
3,80000,102,2,0,0,0
3,80000,104,2,0,0,0
3,80000,110,1,37,0,0
3,80000,115,2,0,0,0
3,80000,117,2,0,0,0
3,80000,126,2,0,0,0
3,80000,129,2,0,0,0
3,80000,130,2,0,0,0
3,80000,133,1,44,0,0
3,80000,148,2,0,0,0
3,80000,149,2,0,0,0
3,80000,156,2,0,0,0
3,80000,161,2,0,0,0
3,80000,164,2,0,0,0
3,81000,33,1,1,0,0
3,81000,36,2,0,0,0
3,81000,38,2,0,0,0
3,81000,48,1,29,0,0
3,81000,49,1,21,0,0
3,81000,84,1,25,0,0
3,81000,85,2,0,0,0
3,81000,86,1,35,0,0
3,81000,86,2,0,0,0
3,81000,87,2,0,0,0
3,81000,92,2,0,0,0
3,81000,99,2,0,0,0
3,81000,100,2,0,0,0
3,81000,102,2,0,0,0
3,81000,103,1,47,0,0
3,81000,104,2,0,0,0
3,81000,115,2,0,0,0
3,81000,117,2,0,0,0
3,81000,129,1,41,0,0
3,81000,129,2,0,0,0
3,81000,148,2,0,0,0
3,81000,156,2,0,0,0
3,81000,164,2,0,0,0
3,82000,33,1,1,0,1
3,82000,36,2,0,0,0
3,82000,38,2,0,0,0
3,82000,48,1,29,0,0
3,82000,49,1,1,0,2
3,82000,49,1,21,0,0
3,82000,63,2,0,0,0
3,82000,84,1,1,0,3
3,82000,84,1,25,0,0
3,82000,85,2,0,0,0
3,82000,86,1,38,0,0
3,82000,86,2,0,0,0
3,82000,87,2,0,0,0
3,82000,92,2,0,0,0
3,82000,99,2,0,0,0
3,82000,100,2,0,0,0
3,82000,102,2,0,0,0
3,82000,103,1,54,0,0
3,82000,104,2,0,0,0
3,82000,115,2,0,0,0
3,82000,117,2,0,0,0
3,82000,129,1,46,0,0
3,82000,129,2,0,0,0
3,82000,148,2,0,0,0
3,82000,156,2,0,0,0
3,82000,164,2,0,0,0
3,83000,13,2,0,0,0
3,83000,14,1,23,0,0
3,83000,14,2,0,0,0
3,83000,15,2,0,0,0
3,83000,18,2,0,0,0
3,83000,19,2,0,0,0
3,83000,28,1,1,0,2
3,83000,31,1,15,0,0
3,83000,34,2,0,0,0
3,83000,36,2,0,0,0
3,83000,38,2,0,0,0
3,83000,43,1,7,0,0
3,83000,64,1,1,0,1
3,83000,92,2,0,0,0
3,83000,97,1,31,0,0
3,83000,99,2,0,0,0
3,83000,102,2,0,0,0
3,83000,104,2,0,0,0
3,83000,115,2,0,0,0
3,83000,117,2,0,0,0
3,83000,129,2,0,0,0
3,83000,130,2,0,0,0
3,83000,156,2,0,0,0
3,83000,163,1,39,0,0
3,83000,164,2,0,0,0
3,84000,18,2,0,0,0
3,84000,19,2,0,0,0
3,84000,31,1,24,0,0
3,84000,34,2,0,0,0
3,84000,36,2,0,0,0
3,84000,38,2,0,0,0
3,84000,45,1,20,0,0
3,84000,64,1,1,0,0
3,84000,65,1,30,0,0
3,84000,92,2,0,0,0
3,84000,97,1,44,0,0
3,84000,99,1,36,0,0
3,84000,99,2,0,0,0
3,84000,102,2,0,0,0
3,84000,104,2,0,0,0
3,84000,115,2,0,0,0
3,84000,117,2,0,0,0
3,84000,130,2,0,0,0
3,84000,143,2,0,0,0
3,84000,156,2,0,0,0
3,84000,161,1,40,0,0
3,84000,161,2,0,0,0
3,84000,164,2,0,0,0
3,85000,18,2,0,0,0
3,85000,19,2,0,0,0
3,85000,31,1,1,0,3
3,85000,31,1,24,0,0
3,85000,34,2,0,0,0
3,85000,36,2,0,0,0
3,85000,38,2,0,0,0
3,85000,45,1,1,0,2
3,85000,45,1,20,0,0
3,85000,63,2,0,0,0
3,85000,64,1,1,0,1
3,85000,65,1,30,0,0
3,85000,92,2,0,0,0
3,85000,97,1,51,0,0
3,85000,99,1,39,0,0
3,85000,99,2,0,0,0
3,85000,102,2,0,0,0
3,85000,104,2,0,0,0
3,85000,115,2,0,0,0
3,85000,117,2,0,0,0
3,85000,130,2,0,0,0
3,85000,143,2,0,0,0
3,85000,156,2,0,0,0
3,85000,161,1,45,0,0
3,85000,161,2,0,0,0
3,85000,164,2,0,0,0
3,86000,6,2,0,0,0
3,86000,29,1,1,0,0
3,86000,32,2,0,0,0
3,86000,34,2,0,0,0
3,86000,36,1,45,0,0
3,86000,36,2,0,0,0
3,86000,38,2,0,0,0
3,86000,45,1,30,0,0
3,86000,55,2,0,0,0
3,86000,57,2,0,0,0
3,86000,58,1,50,0,0
3,86000,58,2,0,0,0
3,86000,59,2,0,0,0
3,86000,61,2,0,0,0
3,86000,62,1,35,0,0
3,86000,70,2,0,0,0
3,86000,92,2,0,0,0
3,86000,99,2,0,0,0
3,86000,102,2,0,0,0
3,86000,104,2,0,0,0
3,86000,117,2,0,0,0
3,86000,130,2,0,0,0
3,86000,156,1,40,0,0
3,86000,156,2,0,0,0
3,86000,164,2,0,0,0
3,87000,6,2,0,0,0
3,87000,29,1,1,0,1
3,87000,32,2,0,0,0
3,87000,34,2,0,0,0
3,87000,36,1,50,0,0
3,87000,36,2,0,0,0
3,87000,38,2,0,0,0
3,87000,45,1,1,0,2
3,87000,45,1,30,0,0
3,87000,55,2,0,0,0
3,87000,57,2,0,0,0
3,87000,58,1,56,0,0
3,87000,58,2,0,0,0
3,87000,59,2,0,0,0
3,87000,61,2,0,0,0
3,87000,62,1,1,0,3
3,87000,62,1,35,0,0
3,87000,63,2,0,0,0
3,87000,70,2,0,0,0
3,87000,92,2,0,0,0
3,87000,99,2,0,0,0
3,87000,102,2,0,0,0
3,87000,104,2,0,0,0
3,87000,117,2,0,0,0
3,87000,130,2,0,0,0
3,87000,156,1,44,0,0
3,87000,156,2,0,0,0
3,87000,164,2,0,0,0
3,88000,1,1,1,0,1
3,88000,34,2,0,0,0
3,88000,50,1,1,0,2
3,88000,72,2,0,0,0
3,88000,85,2,0,0,0
3,88000,87,2,0,0,0
3,88000,92,2,0,0,0
3,88000,99,2,0,0,0
3,88000,102,2,0,0,0
3,88000,103,1,48,0,0
3,88000,104,2,0,0,0
3,88000,106,1,42,0,0
3,88000,107,1,33,0,0
3,88000,117,2,0,0,0
3,88000,120,2,0,0,0
3,88000,124,1,37,0,0
3,88000,126,2,0,0,0
3,88000,139,1,30,0,0
3,88000,151,1,55,0,0
3,88000,153,2,0,0,0
3,88000,156,2,0,0,0
3,88000,164,2,0,0,0
3,89000,1,1,1,0,1
3,89000,34,2,0,0,0
3,89000,50,1,1,0,2
3,89000,63,2,0,0,0
3,89000,72,2,0,0,0
3,89000,85,2,0,0,0
3,89000,87,2,0,0,0
3,89000,92,2,0,0,0
3,89000,99,2,0,0,0
3,89000,102,2,0,0,0
3,89000,103,1,53,0,0
3,89000,104,2,0,0,0
3,89000,106,1,45,0,0
3,89000,107,1,33,0,0
3,89000,117,2,0,0,0
3,89000,120,2,0,0,0
3,89000,124,1,37,0,0
3,89000,126,2,0,0,0
3,89000,139,1,1,0,3
3,89000,139,1,30,0,0
3,89000,151,1,60,0,0
3,89000,153,2,0,0,0
3,89000,156,2,0,0,0
3,89000,164,2,0,0,0
3,90000,33,1,1,0,1
3,90000,36,2,0,0,0
3,90000,38,2,0,0,0
3,90000,43,1,39,0,0
3,90000,48,1,18,0,0
3,90000,55,2,0,0,0
3,90000,57,2,0,0,0
3,90000,58,1,50,0,0
3,90000,58,2,0,0,0
3,90000,59,2,0,0,0
3,90000,61,2,0,0,0
3,90000,62,1,30,0,0
3,90000,92,2,0,0,0
3,90000,99,2,0,0,0
3,90000,100,2,0,0,0
3,90000,102,2,0,0,0
3,90000,104,2,0,0,0
3,90000,110,1,1,0,2
3,90000,115,2,0,0,0
3,90000,117,2,0,0,0
3,90000,120,2,0,0,0
3,90000,128,1,23,0,0
3,90000,129,2,0,0,0
3,90000,153,2,0,0,0
3,90000,156,2,0,0,0
3,90000,161,2,0,0,0
3,90000,164,2,0,0,0
3,91000,36,2,0,0,0
3,91000,38,2,0,0,0
3,91000,48,1,1,0,2
3,91000,55,2,0,0,0
3,91000,57,2,0,0,0
3,91000,58,2,0,0,0
3,91000,59,2,0,0,0
3,91000,61,2,0,0,0
3,91000,62,1,1,0,4
3,91000,63,2,0,0,0
3,91000,92,2,0,0,0
3,91000,99,2,0,0,0
3,91000,100,2,0,0,0
3,91000,102,2,0,0,0
3,91000,104,2,0,0,0
3,91000,110,1,1,0,1
3,91000,115,2,0,0,0
3,91000,117,2,0,0,0
3,91000,120,2,0,0,0
3,91000,128,1,1,0,3
3,91000,129,2,0,0,0
3,91000,131,1,50,0,0
3,91000,153,2,0,0,0
3,91000,156,2,0,0,0
3,91000,161,2,0,0,0
3,91000,164,2,0,0,0
3,92000,72,2,0,0,0
3,92000,85,2,0,0,0
3,92000,87,2,0,0,0
3,92000,92,2,0,0,0
3,92000,94,2,0,0,0
3,92000,95,1,27,0,0
3,92000,99,2,0,0,0
3,92000,101,1,1,0,3
3,92000,102,2,0,0,0
3,92000,104,2,0,0,0
3,92000,109,1,1,0,2
3,92000,117,2,0,0,0
3,92000,120,2,0,0,0
3,92000,122,1,1,0,1
3,92000,138,1,35,0,0
3,92000,138,2,0,0,0
3,92000,149,2,0,0,0
3,92000,153,2,0,0,0
3,92000,156,2,0,0,0
3,92000,164,2,0,0,0
3,93000,72,2,0,0,0
3,93000,85,2,0,0,0
3,93000,87,2,0,0,0
3,93000,92,2,0,0,0
3,93000,94,2,0,0,0
3,93000,95,1,29,0,0
3,93000,99,2,0,0,0
3,93000,101,1,1,0,3
3,93000,102,2,0,0,0
3,93000,104,2,0,0,0
3,93000,109,1,1,0,2
3,93000,117,2,0,0,0
3,93000,120,2,0,0,0
3,93000,122,1,1,0,1
3,93000,138,1,38,0,0
3,93000,138,2,0,0,0
3,93000,149,2,0,0,0
3,93000,153,2,0,0,0
3,93000,156,2,0,0,0
3,93000,164,2,0,0,0
3,94000,5,2,0,0,0
3,94000,25,2,0,0,0
3,94000,34,2,0,0,0
3,94000,36,2,0,0,0
3,94000,38,2,0,0,0
3,94000,63,2,0,0,0
3,94000,66,2,0,0,0
3,94000,68,2,0,0,0
3,94000,69,2,0,0,0
3,94000,70,2,0,0,0
3,94000,72,2,0,0,0
3,94000,85,2,0,0,0
3,94000,87,2,0,0,0
3,94000,92,2,0,0,0
3,94000,94,2,0,0,0
3,94000,95,1,29,0,0
3,94000,99,2,0,0,0
3,94000,101,1,1,0,3
3,94000,102,2,0,0,0
3,94000,104,2,0,0,0
3,94000,109,1,1,0,2
3,94000,117,2,0,0,0
3,94000,118,2,0,0,0
3,94000,120,2,0,0,0
3,94000,122,1,1,0,1
3,94000,130,2,0,0,0
3,94000,138,1,38,0,0
3,94000,138,2,0,0,0
3,94000,149,2,0,0,0
3,94000,153,2,0,0,0
3,94000,156,2,0,0,0
3,94000,164,2,0,0,0
3,95000,20,1,15,0,0
3,95000,21,1,33,0,0
3,95000,33,1,1,0,1
3,95000,34,2,0,0,0
3,95000,36,2,0,0,0
3,95000,38,2,0,0,0
3,95000,70,2,0,0,0
3,95000,88,1,19,0,0
3,95000,89,2,0,0,0
3,95000,90,2,0,0,0
3,95000,91,2,0,0,0
3,95000,92,2,0,0,0
3,95000,99,1,25,0,0
3,95000,99,2,0,0,0
3,95000,102,2,0,0,0
3,95000,103,1,1,0,2
3,95000,104,2,0,0,0
3,95000,106,1,43,0,0
3,95000,117,2,0,0,0
3,95000,120,2,0,0,0
3,95000,130,2,0,0,0
3,95000,153,2,0,0,0
3,95000,156,2,0,0,0
3,95000,157,2,0,0,0
3,95000,164,2,0,0,0
3,96000,1,1,1,0,1
3,96000,5,2,0,0,0
3,96000,25,2,0,0,0
3,96000,29,1,24,0,0
3,96000,34,2,0,0,0
3,96000,36,2,0,0,0
3,96000,38,2,0,0,0
3,96000,50,1,12,0,0
3,96000,66,2,0,0,0
3,96000,68,2,0,0,0
3,96000,69,2,0,0,0
3,96000,86,2,0,0,0
3,96000,92,2,0,0,0
3,96000,93,1,17,0,0
3,96000,94,1,32,0,0
3,96000,94,2,0,0,0
3,96000,95,1,1,0,2
3,96000,96,1,37,0,0
3,96000,99,2,0,0,0
3,96000,100,2,0,0,0
3,96000,102,2,0,0,0
3,96000,104,2,0,0,0
3,96000,115,2,0,0,0
3,96000,117,2,0,0,0
3,96000,118,2,0,0,0
3,96000,130,2,0,0,0
3,96000,138,2,0,0,0
3,96000,139,1,29,0,0
3,96000,148,2,0,0,0
3,96000,149,2,0,0,0
3,96000,156,2,0,0,0
3,96000,161,2,0,0,0
3,96000,164,2,0,0,0
3,97000,1,1,1,0,1
3,97000,5,2,0,0,0
3,97000,25,2,0,0,0
3,97000,29,1,24,0,0
3,97000,34,2,0,0,0
3,97000,36,2,0,0,0
3,97000,38,2,0,0,0
3,97000,50,1,1,0,3
3,97000,50,1,12,0,0
3,97000,63,2,0,0,0
3,97000,66,2,0,0,0
3,97000,68,2,0,0,0
3,97000,69,2,0,0,0
3,97000,86,2,0,0,0
3,97000,92,2,0,0,0
3,97000,93,1,1,0,4
3,97000,93,1,17,0,0
3,97000,94,1,37,0,0
3,97000,94,2,0,0,0
3,97000,95,1,1,0,2
3,97000,96,1,43,0,0
3,97000,99,2,0,0,0
3,97000,100,2,0,0,0
3,97000,102,2,0,0,0
3,97000,104,2,0,0,0
3,97000,115,2,0,0,0
3,97000,117,2,0,0,0
3,97000,118,2,0,0,0
3,97000,130,2,0,0,0
3,97000,138,2,0,0,0
3,97000,139,1,33,0,0
3,97000,148,2,0,0,0
3,97000,149,2,0,0,0
3,97000,156,2,0,0,0
3,97000,161,2,0,0,0
3,97000,164,2,0,0,0
3,98000,11,1,20,0,0
3,98000,12,1,25,0,0
3,98000,14,2,0,0,0
3,98000,15,2,0,0,0
3,98000,23,1,30,0,0
3,98000,34,2,0,0,0
3,98000,36,2,0,0,0
3,98000,38,2,0,0,0
3,98000,43,1,1,0,2
3,98000,55,2,0,0,0
3,98000,57,2,0,0,0
3,98000,58,2,0,0,0
3,98000,59,2,0,0,0
3,98000,61,2,0,0,0
3,98000,70,2,0,0,0
3,98000,92,2,0,0,0
3,98000,99,2,0,0,0
3,98000,102,2,0,0,0
3,98000,104,2,0,0,0
3,98000,106,1,40,0,0
3,98000,117,2,0,0,0
3,98000,145,1,1,0,1
3,98000,152,1,35,0,0
3,98000,156,2,0,0,0
3,98000,164,2,0,0,0
3,99000,11,1,1,0,3
3,99000,11,1,20,0,0
3,99000,12,1,25,0,0
3,99000,14,2,0,0,0
3,99000,15,2,0,0,0
3,99000,23,1,34,0,0
3,99000,34,2,0,0,0
3,99000,36,2,0,0,0
3,99000,38,2,0,0,0
3,99000,43,1,1,0,2
3,99000,55,2,0,0,0
3,99000,57,2,0,0,0
3,99000,58,2,0,0,0
3,99000,59,2,0,0,0
3,99000,61,2,0,0,0
3,99000,63,2,0,0,0
3,99000,70,2,0,0,0
3,99000,92,2,0,0,0
3,99000,99,2,0,0,0
3,99000,102,2,0,0,0
3,99000,104,2,0,0,0
3,99000,106,1,49,0,0
3,99000,117,2,0,0,0
3,99000,145,1,1,0,1
3,99000,152,1,42,0,0
3,99000,156,2,0,0,0
3,99000,164,2,0,0,0
3,100000,33,1,1,0,1
3,100000,36,2,0,0,0
3,100000,49,1,17,0,0
3,100000,85,2,0,0,0
3,100000,86,2,0,0,0
3,100000,87,2,0,0,0
3,100000,92,2,0,0,0
3,100000,99,2,0,0,0
3,100000,100,2,0,0,0
3,100000,102,2,0,0,0
3,100000,103,1,1,0,2
3,100000,104,2,0,0,0
3,100000,113,1,29,0,0
3,100000,115,2,0,0,0
3,100000,117,2,0,0,0
3,100000,120,1,22,0,0
3,100000,120,2,0,0,0
3,100000,129,1,36,0,0
3,100000,129,2,0,0,0
3,100000,148,2,0,0,0
3,100000,153,1,43,0,0
3,100000,153,2,0,0,0
3,100000,156,2,0,0,0
3,100000,164,2,0,0,0
3,101000,33,1,1,0,1
3,101000,36,2,0,0,0
3,101000,49,1,1,0,3
3,101000,49,1,17,0,0
3,101000,63,2,0,0,0
3,101000,85,2,0,0,0
3,101000,86,2,0,0,0
3,101000,87,2,0,0,0
3,101000,92,2,0,0,0
3,101000,99,2,0,0,0
3,101000,100,2,0,0,0
3,101000,102,2,0,0,0
3,101000,103,1,1,0,2
3,101000,104,2,0,0,0
3,101000,113,1,29,0,0
3,101000,115,2,0,0,0
3,101000,117,2,0,0,0
3,101000,120,1,22,0,0
3,101000,120,2,0,0,0
3,101000,129,1,40,0,0
3,101000,129,2,0,0,0
3,101000,130,2,0,0,0
3,101000,148,2,0,0,0
3,101000,153,1,50,0,0
3,101000,153,2,0,0,0
3,101000,156,2,0,0,0
3,101000,164,2,0,0,0
3,102000,36,2,0,0,0
3,102000,38,2,0,0,0
3,102000,73,1,28,0,0
3,102000,76,1,42,0,0
3,102000,77,1,37,0,0
3,102000,78,1,32,0,0
3,102000,79,1,48,0,0
3,102000,92,2,0,0,0
3,102000,94,2,0,0,0
3,102000,95,1,1,0,2
3,102000,99,2,0,0,0
3,102000,100,2,0,0,0
3,102000,102,2,0,0,0
3,102000,104,2,0,0,0
3,102000,115,1,25,0,0
3,102000,115,2,0,0,0
3,102000,117,2,0,0,0
3,102000,120,2,0,0,0
3,102000,121,2,0,0,0
3,102000,140,1,1,0,1
3,102000,149,2,0,0,0
3,102000,153,2,0,0,0
3,102000,156,2,0,0,0
3,102000,164,2,0,0,0
3,103000,23,1,28,0,0
3,103000,36,2,0,0,0
3,103000,38,2,0,0,0
3,103000,63,2,0,0,0
3,103000,70,2,0,0,0
3,103000,72,2,0,0,0
3,103000,76,2,0,0,0
3,103000,92,2,0,0,0
3,103000,94,2,0,0,0
3,103000,95,1,1,0,2
3,103000,99,2,0,0,0
3,103000,100,2,0,0,0
3,103000,102,2,0,0,0
3,103000,104,2,0,0,0
3,103000,115,2,0,0,0
3,103000,117,2,0,0,0
3,103000,120,2,0,0,0
3,103000,121,2,0,0,0
3,103000,140,1,1,0,1
3,103000,149,2,0,0,0
3,103000,153,2,0,0,0
3,103000,156,2,0,0,0
3,103000,164,2,0,0,0
3,104000,5,2,0,0,0
3,104000,25,2,0,0,0
3,104000,34,2,0,0,0
3,104000,36,2,0,0,0
3,104000,37,1,38,0,0
3,104000,38,2,0,0,0
3,104000,43,1,25,0,0
3,104000,45,1,1,0,2
3,104000,55,2,0,0,0
3,104000,58,2,0,0,0
3,104000,59,2,0,0,0
3,104000,61,2,0,0,0
3,104000,66,2,0,0,0
3,104000,68,2,0,0,0
3,104000,69,2,0,0,0
3,104000,70,2,0,0,0
3,104000,89,2,0,0,0
3,104000,90,2,0,0,0
3,104000,91,2,0,0,0
3,104000,92,2,0,0,0
3,104000,99,1,46,0,0
3,104000,99,2,0,0,0
3,104000,102,2,0,0,0
3,104000,104,2,0,0,0
3,104000,116,1,31,0,0
3,104000,117,2,0,0,0
3,104000,125,1,1,0,1
3,104000,126,2,0,0,0
3,104000,130,2,0,0,0
3,104000,155,1,43,0,0
3,104000,156,2,0,0,0
3,104000,164,2,0,0,0
3,105000,5,2,0,0,0
3,105000,25,2,0,0,0
3,105000,34,2,0,0,0
3,105000,36,2,0,0,0
3,105000,37,1,41,0,0
3,105000,38,2,0,0,0
3,105000,43,1,1,0,3
3,105000,43,1,25,0,0
3,105000,45,1,1,0,2
3,105000,55,2,0,0,0
3,105000,58,2,0,0,0
3,105000,59,2,0,0,0
3,105000,61,2,0,0,0
3,105000,63,2,0,0,0
3,105000,66,2,0,0,0
3,105000,68,2,0,0,0
3,105000,69,2,0,0,0
3,105000,70,2,0,0,0
3,105000,89,2,0,0,0
3,105000,90,2,0,0,0
3,105000,91,2,0,0,0
3,105000,92,2,0,0,0
3,105000,99,1,55,0,0
3,105000,99,2,0,0,0
3,105000,102,2,0,0,0
3,105000,104,2,0,0,0
3,105000,116,1,1,0,4
3,105000,116,1,33,0,0
3,105000,117,2,0,0,0
3,105000,125,1,1,0,1
3,105000,126,2,0,0,0
3,105000,130,2,0,0,0
3,105000,155,1,48,0,0
3,105000,156,2,0,0,0
3,105000,164,2,0,0,0
3,106000,5,2,0,0,0
3,106000,24,1,1,0,1
3,106000,25,1,53,0,0
3,106000,25,2,0,0,0
3,106000,26,1,38,0,0
3,106000,27,1,33,0,0
3,106000,34,2,0,0,0
3,106000,36,2,0,0,0
3,106000,38,2,0,0,0
3,106000,66,2,0,0,0
3,106000,68,2,0,0,0
3,106000,69,2,0,0,0
3,106000,70,2,0,0,0
3,106000,92,2,0,0,0
3,106000,96,1,1,0,2
3,106000,99,2,0,0,0
3,106000,102,2,0,0,0
3,106000,104,2,0,0,0
3,106000,116,1,43,0,0
3,106000,117,2,0,0,0
3,106000,118,2,0,0,0
3,106000,129,2,0,0,0
3,106000,130,2,0,0,0
3,106000,136,1,48,0,0
3,106000,156,2,0,0,0
3,106000,164,2,0,0,0
3,107000,4,1,1,0,1
3,107000,5,1,48,0,0
3,107000,5,2,0,0,0
3,107000,7,1,33,0,0
3,107000,8,1,38,0,0
3,107000,9,1,43,0,0
3,107000,25,2,0,0,0
3,107000,34,2,0,0,0
3,107000,36,2,0,0,0
3,107000,38,2,0,0,0
3,107000,66,2,0,0,0
3,107000,68,1,53,0,0
3,107000,68,2,0,0,0
3,107000,69,2,0,0,0
3,107000,70,2,0,0,0
3,107000,92,2,0,0,0
3,107000,97,1,1,0,2
3,107000,99,2,0,0,0
3,107000,102,2,0,0,0
3,107000,104,2,0,0,0
3,107000,117,2,0,0,0
3,107000,118,2,0,0,0
3,107000,129,2,0,0,0
3,107000,130,2,0,0,0
3,107000,156,2,0,0,0
3,107000,164,2,0,0,0
3,108000,5,2,0,0,0
3,108000,14,2,0,0,0
3,108000,15,2,0,0,0
3,108000,21,1,31,0,0
3,108000,23,1,7,0,0
3,108000,25,2,0,0,0
3,108000,34,2,0,0,0
3,108000,35,1,1,0,1
3,108000,36,2,0,0,0
3,108000,38,2,0,0,0
3,108000,48,1,1,0,2
3,108000,50,1,15,0,0
3,108000,55,2,0,0,0
3,108000,57,2,0,0,0
3,108000,58,2,0,0,0
3,108000,59,2,0,0,0
3,108000,61,2,0,0,0
3,108000,63,2,0,0,0
3,108000,66,2,0,0,0
3,108000,68,2,0,0,0
3,108000,69,2,0,0,0
3,108000,70,2,0,0,0
3,108000,85,2,0,0,0
3,108000,87,2,0,0,0
3,108000,89,2,0,0,0
3,108000,90,2,0,0,0
3,108000,92,2,0,0,0
3,108000,99,2,0,0,0
3,108000,102,2,0,0,0
3,108000,103,1,39,0,0
3,108000,104,2,0,0,0
3,108000,111,1,23,0,0
3,108000,117,2,0,0,0
3,108000,126,2,0,0,0
3,108000,130,2,0,0,0
3,108000,156,2,0,0,0
3,108000,164,2,0,0,0
3,109000,33,1,1,0,1
3,109000,85,2,0,0,0
3,109000,87,2,0,0,0
3,109000,92,2,0,0,0
3,109000,99,2,0,0,0
3,109000,102,2,0,0,0
3,109000,104,2,0,0,0
3,109000,108,1,37,0,0
3,109000,114,1,45,0,0
3,109000,117,2,0,0,0
3,109000,120,1,40,0,0
3,109000,120,2,0,0,0
3,109000,123,1,1,0,2
3,109000,124,1,32,0,0
3,109000,126,2,0,0,0
3,109000,153,1,48,0,0
3,109000,153,2,0,0,0
3,109000,156,2,0,0,0
3,109000,164,2,0,0,0
3,110000,33,1,1,0,1
3,110000,63,2,0,0,0
3,110000,85,2,0,0,0
3,110000,87,2,0,0,0
3,110000,92,2,0,0,0
3,110000,99,2,0,0,0
3,110000,102,2,0,0,0
3,110000,104,2,0,0,0
3,110000,108,1,39,0,0
3,110000,114,1,49,0,0
3,110000,117,2,0,0,0
3,110000,120,1,43,0,0
3,110000,120,2,0,0,0
3,110000,123,1,1,0,2
3,110000,124,1,1,0,3
3,110000,124,1,32,0,0
3,110000,126,2,0,0,0
3,110000,153,1,53,0,0
3,110000,153,2,0,0,0
3,110000,156,2,0,0,0
3,110000,164,2,0,0,0
3,111000,23,1,30,0,0
3,111000,30,1,1,0,0
3,111000,31,1,40,0,0
3,111000,32,1,45,0,0
3,111000,32,2,0,0,0
3,111000,34,2,0,0,0
3,111000,36,1,55,0,0
3,111000,36,2,0,0,0
3,111000,38,2,0,0,0
3,111000,39,1,35,0,0
3,111000,43,1,50,0,0
3,111000,70,2,0,0,0
3,111000,85,2,0,0,0
3,111000,87,2,0,0,0
3,111000,89,2,0,0,0
3,111000,90,2,0,0,0
3,111000,91,2,0,0,0
3,111000,92,2,0,0,0
3,111000,99,2,0,0,0
3,111000,102,2,0,0,0
3,111000,104,2,0,0,0
3,111000,117,2,0,0,0
3,111000,126,2,0,0,0
3,111000,130,2,0,0,0
3,111000,156,2,0,0,0
3,111000,157,2,0,0,0
3,111000,164,2,0,0,0
3,112000,5,2,0,0,0
3,112000,6,2,0,0,0
3,112000,23,1,1,0,2
3,112000,23,1,30,0,0
3,112000,25,2,0,0,0
3,112000,30,1,1,0,1
3,112000,31,1,1,0,4
3,112000,31,1,40,0,0
3,112000,32,1,48,0,0
3,112000,32,2,0,0,0
3,112000,34,2,0,0,0
3,112000,36,1,64,0,0
3,112000,36,2,0,0,0
3,112000,38,2,0,0,0
3,112000,39,1,1,0,3
3,112000,39,1,35,0,0
3,112000,43,1,55,0,0
3,112000,55,2,0,0,0
3,112000,57,2,0,0,0
3,112000,58,2,0,0,0
3,112000,59,2,0,0,0
3,112000,61,2,0,0,0
3,112000,63,2,0,0,0
3,112000,66,2,0,0,0
3,112000,68,2,0,0,0
3,112000,69,2,0,0,0
3,112000,70,2,0,0,0
3,112000,85,2,0,0,0
3,112000,87,2,0,0,0
3,112000,89,2,0,0,0
3,112000,90,2,0,0,0
3,112000,91,2,0,0,0
3,112000,92,2,0,0,0
3,112000,99,2,0,0,0
3,112000,102,2,0,0,0
3,112000,104,2,0,0,0
3,112000,117,2,0,0,0
3,112000,126,2,0,0,0
3,112000,130,2,0,0,0
3,112000,156,2,0,0,0
3,112000,157,2,0,0,0
3,112000,164,2,0,0,0
3,113000,1,1,1,0,1
3,113000,3,1,1,0,2
3,113000,5,2,0,0,0
3,113000,25,2,0,0,0
3,113000,34,2,0,0,0
3,113000,36,2,0,0,0
3,113000,38,1,54,0,0
3,113000,38,2,0,0,0
3,113000,45,1,30,0,0
3,113000,47,1,24,0,0
3,113000,55,2,0,0,0
3,113000,58,2,0,0,0
3,113000,59,2,0,0,0
3,113000,61,2,0,0,0
3,113000,63,2,0,0,0
3,113000,66,2,0,0,0
3,113000,68,2,0,0,0
3,113000,69,2,0,0,0
3,113000,70,2,0,0,0
3,113000,76,2,0,0,0
3,113000,85,2,0,0,0
3,113000,86,2,0,0,0
3,113000,87,2,0,0,0
3,113000,92,2,0,0,0
3,113000,94,2,0,0,0
3,113000,99,2,0,0,0
3,113000,100,2,0,0,0
3,113000,102,2,0,0,0
3,113000,104,2,0,0,0
3,113000,107,1,38,0,0
3,113000,111,1,44,0,0
3,113000,113,1,48,0,0
3,113000,115,2,0,0,0
3,113000,117,2,0,0,0
3,113000,118,2,0,0,0
3,113000,121,2,0,0,0
3,113000,126,2,0,0,0
3,113000,130,2,0,0,0
3,113000,135,2,0,0,0
3,113000,148,2,0,0,0
3,113000,149,2,0,0,0
3,113000,156,2,0,0,0
3,113000,161,2,0,0,0
3,113000,164,2,0,0,0
3,114000,14,2,0,0,0
3,114000,15,2,0,0,0
3,114000,20,1,1,0,2
3,114000,21,1,45,0,0
3,114000,34,2,0,0,0
3,114000,36,2,0,0,0
3,114000,38,2,0,0,0
3,114000,63,2,0,0,0
3,114000,71,1,29,0,0
3,114000,72,2,0,0,0
3,114000,74,1,49,0,0
3,114000,76,2,0,0,0
3,114000,77,1,32,0,0
3,114000,78,1,36,0,0
3,114000,79,1,39,0,0
3,114000,92,2,0,0,0
3,114000,99,2,0,0,0
3,114000,102,2,0,0,0
3,114000,104,2,0,0,0
3,114000,117,2,0,0,0
3,114000,130,2,0,0,0
3,114000,132,1,1,0,1
3,114000,156,2,0,0,0
3,114000,164,2,0,0,0
3,115000,4,1,1,0,1
3,115000,5,1,36,0,0
3,115000,5,2,0,0,0
3,115000,25,2,0,0,0
3,115000,34,2,0,0,0
3,115000,36,2,0,0,0
3,115000,38,2,0,0,0
3,115000,39,1,31,0,0
3,115000,43,1,41,0,0
3,115000,44,1,26,0,0
3,115000,55,2,0,0,0
3,115000,57,2,0,0,0
3,115000,58,2,0,0,0
3,115000,59,2,0,0,0
3,115000,61,2,0,0,0
3,115000,63,2,0,0,0
3,115000,66,2,0,0,0
3,115000,68,2,0,0,0
3,115000,69,2,0,0,0
3,115000,70,2,0,0,0
3,115000,85,2,0,0,0
3,115000,87,2,0,0,0
3,115000,89,2,0,0,0
3,115000,90,2,0,0,0
3,115000,92,2,0,0,0
3,115000,99,1,1,0,2
3,115000,99,2,0,0,0
3,115000,102,2,0,0,0
3,115000,104,2,0,0,0
3,115000,117,2,0,0,0
3,115000,126,2,0,0,0
3,115000,130,2,0,0,0
3,115000,146,1,46,0,0
3,115000,156,2,0,0,0
3,115000,157,2,0,0,0
3,115000,164,2,0,0,0
3,116000,36,2,0,0,0
3,116000,38,2,0,0,0
3,116000,43,1,24,0,0
3,116000,55,1,30,0,0
3,116000,55,2,0,0,0
3,116000,56,1,45,0,0
3,116000,57,2,0,0,0
3,116000,58,2,0,0,0
3,116000,59,2,0,0,0
3,116000,61,2,0,0,0
3,116000,92,2,0,0,0
3,116000,97,1,37,0,0
3,116000,99,2,0,0,0
3,116000,102,2,0,0,0
3,116000,104,2,0,0,0
3,116000,108,1,19,0,0
3,116000,117,2,0,0,0
3,116000,129,2,0,0,0
3,116000,130,2,0,0,0
3,116000,145,1,1,0,0
3,116000,156,2,0,0,0
3,116000,164,2,0,0,0
3,117000,36,2,0,0,0
3,117000,38,2,0,0,0
3,117000,43,1,24,0,0
3,117000,55,1,30,0,0
3,117000,55,2,0,0,0
3,117000,56,1,52,0,0
3,117000,57,2,0,0,0
3,117000,58,2,0,0,0
3,117000,59,2,0,0,0
3,117000,61,2,0,0,0
3,117000,63,2,0,0,0
3,117000,92,2,0,0,0
3,117000,97,1,41,0,0
3,117000,99,2,0,0,0
3,117000,102,2,0,0,0
3,117000,104,2,0,0,0
3,117000,108,1,1,0,2
3,117000,108,1,19,0,0
3,117000,117,2,0,0,0
3,117000,129,2,0,0,0
3,117000,130,2,0,0,0
3,117000,145,1,1,0,1
3,117000,156,2,0,0,0
3,117000,164,2,0,0,0
3,118000,30,1,24,0,0
3,118000,31,1,30,0,0
3,118000,32,1,45,0,0
3,118000,32,2,0,0,0
3,118000,36,2,0,0,0
3,118000,38,2,0,0,0
3,118000,39,1,1,0,2
3,118000,48,1,19,0,0
3,118000,55,2,0,0,0
3,118000,57,2,0,0,0
3,118000,58,2,0,0,0
3,118000,59,2,0,0,0
3,118000,61,2,0,0,0
3,118000,64,1,1,0,1
3,118000,92,2,0,0,0
3,118000,97,1,54,0,0
3,118000,99,2,0,0,0
3,118000,102,2,0,0,0
3,118000,104,2,0,0,0
3,118000,117,2,0,0,0
3,118000,127,1,37,0,0
3,118000,129,2,0,0,0
3,118000,130,2,0,0,0
3,118000,156,2,0,0,0
3,118000,164,2,0,0,0
3,119000,30,1,24,0,0
3,119000,31,1,30,0,0
3,119000,32,1,48,0,0
3,119000,32,2,0,0,0
3,119000,36,2,0,0,0
3,119000,38,2,0,0,0
3,119000,39,1,1,0,2
3,119000,48,1,1,0,3
3,119000,48,1,19,0,0
3,119000,55,2,0,0,0
3,119000,57,2,0,0,0
3,119000,58,2,0,0,0
3,119000,59,2,0,0,0
3,119000,61,2,0,0,0
3,119000,63,2,0,0,0
3,119000,64,1,1,0,1
3,119000,92,2,0,0,0
3,119000,97,1,54,0,0
3,119000,99,2,0,0,0
3,119000,102,2,0,0,0
3,119000,104,2,0,0,0
3,119000,117,2,0,0,0
3,119000,127,1,39,0,0
3,119000,129,2,0,0,0
3,119000,130,2,0,0,0
3,119000,156,2,0,0,0
3,119000,164,2,0,0,0
3,120000,33,1,1,0,0
3,120000,36,2,0,0,0
3,120000,38,2,0,0,0
3,120000,55,1,17,0,0
3,120000,55,2,0,0,0
3,120000,56,1,47,0,0
3,120000,57,2,0,0,0
3,120000,58,2,0,0,0
3,120000,59,2,0,0,0
3,120000,61,2,0,0,0
3,120000,85,2,0,0,0
3,120000,86,2,0,0,0
3,120000,87,2,0,0,0
3,120000,92,2,0,0,0
3,120000,94,2,0,0,0
3,120000,99,2,0,0,0
3,120000,100,2,0,0,0
3,120000,102,2,0,0,0
3,120000,104,2,0,0,0
3,120000,105,1,27,0,0
3,120000,106,1,22,0,0
3,120000,107,1,37,0,0
3,120000,113,1,42,0,0
3,120000,115,2,0,0,0
3,120000,117,2,0,0,0
3,120000,129,1,32,0,0
3,120000,129,2,0,0,0
3,120000,130,2,0,0,0
3,120000,148,2,0,0,0
3,120000,149,2,0,0,0
3,120000,156,2,0,0,0
3,120000,161,2,0,0,0
3,120000,164,2,0,0,0
3,121000,33,1,1,0,1
3,121000,36,2,0,0,0
3,121000,38,2,0,0,0
3,121000,55,1,1,0,2
3,121000,55,2,0,0,0
3,121000,57,2,0,0,0
3,121000,58,2,0,0,0
3,121000,59,2,0,0,0
3,121000,61,2,0,0,0
3,121000,63,2,0,0,0
3,121000,85,2,0,0,0
3,121000,86,2,0,0,0
3,121000,87,2,0,0,0
3,121000,92,2,0,0,0
3,121000,94,2,0,0,0
3,121000,99,2,0,0,0
3,121000,100,2,0,0,0
3,121000,102,2,0,0,0
3,121000,104,2,0,0,0
3,121000,106,1,1,0,3
3,121000,115,2,0,0,0
3,121000,117,2,0,0,0
3,121000,129,2,0,0,0
3,121000,130,2,0,0,0
3,121000,148,2,0,0,0
3,121000,149,2,0,0,0
3,121000,156,2,0,0,0
3,121000,161,2,0,0,0
3,121000,164,2,0,0,0
3,122000,3,1,31,0,0
3,122000,5,2,0,0,0
3,122000,25,2,0,0,0
3,122000,34,2,0,0,0
3,122000,36,2,0,0,0
3,122000,38,2,0,0,0
3,122000,63,2,0,0,0
3,122000,66,2,0,0,0
3,122000,68,2,0,0,0
3,122000,69,2,0,0,0
3,122000,76,2,0,0,0
3,122000,85,2,0,0,0
3,122000,86,2,0,0,0
3,122000,87,2,0,0,0
3,122000,92,2,0,0,0
3,122000,93,1,1,0,1
3,122000,93,1,15,0,0
3,122000,94,2,0,0,0
3,122000,96,1,39,0,0
3,122000,99,2,0,0,0
3,122000,100,2,0,0,0
3,122000,102,2,0,0,0
3,122000,104,2,0,0,0
3,122000,112,1,1,0,2
3,122000,113,1,23,0,0
3,122000,115,2,0,0,0
3,122000,117,2,0,0,0
3,122000,118,2,0,0,0
3,122000,130,2,0,0,0
3,122000,148,2,0,0,0
3,122000,149,2,0,0,0
3,122000,156,2,0,0,0
3,122000,164,1,47,0,0
3,122000,164,2,0,0,0
3,123000,14,1,35,0,0
3,123000,14,2,0,0,0
3,123000,15,2,0,0,0
3,123000,36,2,0,0,0
3,123000,38,2,0,0,0
3,123000,43,1,17,0,0
3,123000,63,2,0,0,0
3,123000,92,2,0,0,0
3,123000,97,1,42,0,0
3,123000,98,1,1,0,0
3,123000,99,2,0,0,0
3,123000,102,2,0,0,0
3,123000,104,1,24,0,0
3,123000,104,2,0,0,0
3,123000,116,1,20,0,0
3,123000,117,2,0,0,0
3,123000,129,2,0,0,0
3,123000,130,2,0,0,0
3,123000,156,2,0,0,0
3,123000,163,1,29,0,0
3,123000,164,2,0,0,0
3,124000,1,1,1,0,1
3,124000,3,1,23,0,0
3,124000,5,2,0,0,0
3,124000,8,1,31,0,0
3,124000,25,2,0,0,0
3,124000,34,1,39,0,0
3,124000,34,2,0,0,0
3,124000,36,2,0,0,0
3,124000,37,1,47,0,0
3,124000,38,2,0,0,0
3,124000,55,2,0,0,0
3,124000,58,2,0,0,0
3,124000,59,1,58,0,0
3,124000,59,2,0,0,0
3,124000,61,2,0,0,0
3,124000,63,2,0,0,0
3,124000,66,2,0,0,0
3,124000,68,2,0,0,0
3,124000,69,2,0,0,0
3,124000,92,2,0,0,0
3,124000,94,2,0,0,0
3,124000,99,2,0,0,0
3,124000,100,2,0,0,0
3,124000,102,2,0,0,0
3,124000,104,2,0,0,0
3,124000,115,2,0,0,0
3,124000,117,2,0,0,0
3,124000,118,2,0,0,0
3,124000,122,1,18,0,0
3,124000,130,2,0,0,0
3,124000,142,1,1,0,2
3,124000,149,2,0,0,0
3,124000,156,2,0,0,0
3,124000,164,2,0,0,0
3,125000,5,2,0,0,0
3,125000,9,1,42,0,0
3,125000,25,2,0,0,0
3,125000,34,2,0,0,0
3,125000,36,2,0,0,0
3,125000,38,2,0,0,0
3,125000,43,1,1,0,2
3,125000,63,2,0,0,0
3,125000,66,2,0,0,0
3,125000,68,2,0,0,0
3,125000,69,2,0,0,0
3,125000,70,2,0,0,0
3,125000,84,1,34,0,0
3,125000,85,2,0,0,0
3,125000,86,2,0,0,0
3,125000,87,1,54,0,0
3,125000,87,2,0,0,0
3,125000,92,2,0,0,0
3,125000,94,2,0,0,0
3,125000,98,1,1,0,1
3,125000,99,2,0,0,0
3,125000,100,2,0,0,0
3,125000,102,2,0,0,0
3,125000,103,1,37,0,0
3,125000,104,2,0,0,0
3,125000,113,1,49,0,0
3,125000,115,2,0,0,0
3,125000,117,2,0,0,0
3,125000,118,2,0,0,0
3,125000,129,2,0,0,0
3,125000,130,2,0,0,0
3,125000,148,2,0,0,0
3,125000,149,2,0,0,0
3,125000,156,2,0,0,0
3,125000,164,2,0,0,0
3,126000,5,2,0,0,0
3,126000,7,1,43,0,0
3,126000,25,2,0,0,0
3,126000,34,2,0,0,0
3,126000,36,2,0,0,0
3,126000,38,2,0,0,0
3,126000,43,1,36,0,0
3,126000,52,1,1,0,0
3,126000,53,1,55,0,0
3,126000,63,2,0,0,0
3,126000,66,2,0,0,0
3,126000,68,2,0,0,0
3,126000,69,2,0,0,0
3,126000,70,2,0,0,0
3,126000,92,2,0,0,0
3,126000,94,2,0,0,0
3,126000,99,2,0,0,0
3,126000,100,2,0,0,0
3,126000,102,2,0,0,0
3,126000,104,2,0,0,0
3,126000,108,1,48,0,0
3,126000,109,1,39,0,0
3,126000,117,2,0,0,0
3,126000,118,2,0,0,0
3,126000,123,1,52,0,0
3,126000,126,2,0,0,0
3,126000,130,2,0,0,0
3,126000,149,2,0,0,0
3,126000,156,2,0,0,0
3,126000,164,2,0,0,0
3,127000,11,1,1,0,0
3,127000,12,1,30,0,0
3,127000,14,1,54,0,0
3,127000,14,2,0,0,0
3,127000,15,2,0,0,0
3,127000,34,2,0,0,0
3,127000,36,2,0,0,0
3,127000,38,2,0,0,0
3,127000,63,2,0,0,0
3,127000,66,2,0,0,0
3,127000,69,1,25,0,0
3,127000,69,2,0,0,0
3,127000,70,2,0,0,0
3,127000,92,2,0,0,0
3,127000,99,2,0,0,0
3,127000,102,2,0,0,0
3,127000,104,2,0,0,0
3,127000,106,1,43,0,0
3,127000,116,1,36,0,0
3,127000,117,2,0,0,0
3,127000,156,2,0,0,0
3,127000,163,1,49,0,0
3,127000,164,2,0,0,0
3,128000,23,1,21,0,0
3,128000,32,2,0,0,0
3,128000,33,1,1,0,0
3,128000,34,2,0,0,0
3,128000,36,1,51,0,0
3,128000,36,2,0,0,0
3,128000,38,2,0,0,0
3,128000,39,1,28,0,0
3,128000,43,1,35,0,0
3,128000,58,2,0,0,0
3,128000,59,2,0,0,0
3,128000,63,2,0,0,0
3,128000,70,2,0,0,0
3,128000,85,2,0,0,0
3,128000,87,2,0,0,0
3,128000,89,2,0,0,0
3,128000,90,2,0,0,0
3,128000,92,2,0,0,0
3,128000,99,1,44,0,0
3,128000,99,2,0,0,0
3,128000,102,2,0,0,0
3,128000,104,2,0,0,0
3,128000,117,2,0,0,0
3,128000,126,2,0,0,0
3,128000,130,2,0,0,0
3,128000,156,2,0,0,0
3,128000,164,2,0,0,0
3,129000,33,1,15,0,0
3,129000,150,1,1,0,0
3,130000,34,2,0,0,0
3,130000,36,2,0,0,0
3,130000,38,2,0,0,0
3,130000,43,1,1,0,3
3,130000,43,1,32,0,0
3,130000,44,1,1,0,1
3,130000,44,1,20,0,0
3,130000,55,2,0,0,0
3,130000,56,1,1,0,4
3,130000,56,1,41,0,0
3,130000,57,2,0,0,0
3,130000,58,2,0,0,0
3,130000,59,2,0,0,0
3,130000,61,2,0,0,0
3,130000,63,1,52,0,0
3,130000,63,2,0,0,0
3,130000,70,2,0,0,0
3,130000,82,1,1,0,2
3,130000,82,1,25,0,0
3,130000,82,2,0,0,0
3,130000,85,2,0,0,0
3,130000,87,2,0,0,0
3,130000,92,2,0,0,0
3,130000,99,2,0,0,0
3,130000,102,2,0,0,0
3,130000,104,2,0,0,0
3,130000,115,2,0,0,0
3,130000,117,2,0,0,0
3,130000,126,2,0,0,0
3,130000,130,2,0,0,0
3,130000,156,2,0,0,0
3,130000,164,2,0,0,0
3,131000,32,2,0,0,0
3,131000,34,1,25,0,0
3,131000,34,2,0,0,0
3,131000,36,2,0,0,0
3,131000,38,2,0,0,0
3,131000,45,1,1,0,2
3,131000,47,1,16,0,0
3,131000,54,1,20,0,0
3,131000,55,1,1,0,1
3,131000,55,2,0,0,0
3,131000,56,1,46,0,0
3,131000,57,2,0,0,0
3,131000,58,1,38,0,0
3,131000,58,2,0,0,0
3,131000,59,2,0,0,0
3,131000,61,2,0,0,0
3,131000,63,2,0,0,0
3,131000,70,2,0,0,0
3,131000,76,2,0,0,0
3,131000,82,2,0,0,0
3,131000,85,2,0,0,0
3,131000,87,2,0,0,0
3,131000,92,2,0,0,0
3,131000,94,2,0,0,0
3,131000,99,2,0,0,0
3,131000,102,2,0,0,0
3,131000,104,2,0,0,0
3,131000,109,1,31,0,0
3,131000,115,2,0,0,0
3,131000,117,2,0,0,0
3,131000,130,2,0,0,0
3,131000,149,2,0,0,0
3,131000,156,2,0,0,0
3,131000,164,2,0,0,0
3,132000,144,1,1,0,0
3,133000,28,1,1,0,2
3,133000,33,1,1,0,1
3,133000,34,2,0,0,0
3,133000,36,1,45,0,0
3,133000,36,2,0,0,0
3,133000,38,2,0,0,0
3,133000,39,1,31,0,0
3,133000,44,1,37,0,0
3,133000,92,2,0,0,0
3,133000,98,1,27,0,0
3,133000,99,2,0,0,0
3,133000,102,2,0,0,0
3,133000,104,2,0,0,0
3,133000,115,2,0,0,0
3,133000,117,2,0,0,0
3,133000,129,2,0,0,0
3,133000,130,2,0,0,0
3,133000,156,2,0,0,0
3,133000,164,2,0,0,0
3,134000,28,1,1,0,2
3,134000,33,1,1,0,1
3,134000,34,2,0,0,0
3,134000,36,2,0,0,0
3,134000,38,2,0,0,0
3,134000,39,1,37,0,0
3,134000,44,1,40,0,0
3,134000,54,1,48,0,0
3,134000,55,1,1,0,4
3,134000,55,1,31,0,0
3,134000,55,2,0,0,0
3,134000,56,1,54,0,0
3,134000,57,2,0,0,0
3,134000,58,2,0,0,0
3,134000,59,2,0,0,0
3,134000,61,2,0,0,0
3,134000,63,2,0,0,0
3,134000,92,2,0,0,0
3,134000,98,1,1,0,3
3,134000,98,1,27,0,0
3,134000,99,2,0,0,0
3,134000,102,2,0,0,0
3,134000,104,2,0,0,0
3,134000,114,1,44,0,0
3,134000,115,2,0,0,0
3,134000,117,2,0,0,0
3,134000,129,2,0,0,0
3,134000,130,2,0,0,0
3,134000,151,1,42,0,0
3,134000,156,2,0,0,0
3,134000,164,2,0,0,0
3,135000,24,1,42,0,0
3,135000,28,1,1,0,2
3,135000,33,1,1,0,1
3,135000,34,2,0,0,0
3,135000,36,2,0,0,0
3,135000,38,2,0,0,0
3,135000,39,1,37,0,0
3,135000,42,1,48,0,0
3,135000,63,2,0,0,0
3,135000,84,1,1,0,4
3,135000,84,1,31,0,0
3,135000,85,2,0,0,0
3,135000,86,1,40,0,0
3,135000,86,2,0,0,0
3,135000,87,1,54,0,0
3,135000,87,2,0,0,0
3,135000,92,2,0,0,0
3,135000,97,1,44,0,0
3,135000,98,1,1,0,3
3,135000,98,1,27,0,0
3,135000,99,2,0,0,0
3,135000,102,2,0,0,0
3,135000,104,2,0,0,0
3,135000,115,2,0,0,0
3,135000,117,2,0,0,0
3,135000,129,2,0,0,0
3,135000,130,2,0,0,0
3,135000,148,2,0,0,0
3,135000,156,2,0,0,0
3,135000,164,2,0,0,0
3,136000,28,1,1,0,2
3,136000,33,1,1,0,1
3,136000,34,2,0,0,0
3,136000,36,2,0,0,0
3,136000,38,2,0,0,0
3,136000,39,1,37,0,0
3,136000,43,1,42,0,0
3,136000,44,1,40,0,0
3,136000,52,1,1,0,4
3,136000,52,1,31,0,0
3,136000,53,1,54,0,0
3,136000,63,2,0,0,0
3,136000,83,1,44,0,0
3,136000,92,2,0,0,0
3,136000,98,1,1,0,3
3,136000,98,1,27,0,0
3,136000,99,1,48,0,0
3,136000,99,2,0,0,0
3,136000,102,2,0,0,0
3,136000,104,2,0,0,0
3,136000,115,2,0,0,0
3,136000,117,2,0,0,0
3,136000,126,2,0,0,0
3,136000,129,2,0,0,0
3,136000,130,2,0,0,0
3,136000,156,2,0,0,0
3,136000,164,2,0,0,0
3,137000,33,1,1,0,1
3,137000,36,2,0,0,0
3,137000,38,2,0,0,0
3,137000,58,2,0,0,0
3,137000,59,2,0,0,0
3,137000,60,1,23,0,0
3,137000,63,2,0,0,0
3,137000,85,2,0,0,0
3,137000,86,2,0,0,0
3,137000,87,2,0,0,0
3,137000,92,2,0,0,0
3,137000,94,2,0,0,0
3,137000,97,1,35,0,0
3,137000,99,2,0,0,0
3,137000,100,2,0,0,0
3,137000,102,2,0,0,0
3,137000,104,2,0,0,0
3,137000,105,1,28,0,0
3,137000,115,2,0,0,0
3,137000,117,2,0,0,0
3,137000,129,2,0,0,0
3,137000,130,2,0,0,0
3,137000,148,2,0,0,0
3,137000,149,2,0,0,0
3,137000,156,2,0,0,0
3,137000,159,1,1,0,2
3,137000,160,1,1,0,3
3,137000,161,1,42,0,0
3,137000,161,2,0,0,0
3,137000,164,2,0,0,0
3,138000,30,1,34,0,0
3,138000,34,2,0,0,0
3,138000,36,2,0,0,0
3,138000,38,2,0,0,0
3,138000,43,1,39,0,0
3,138000,55,1,1,0,1
3,138000,55,2,0,0,0
3,138000,56,1,53,0,0
3,138000,57,2,0,0,0
3,138000,58,2,0,0,0
3,138000,59,2,0,0,0
3,138000,61,2,0,0,0
3,138000,92,2,0,0,0
3,138000,99,2,0,0,0
3,138000,102,2,0,0,0
3,138000,104,2,0,0,0
3,138000,110,1,1,0,2
3,138000,115,2,0,0,0
3,138000,117,2,0,0,0
3,138000,131,1,46,0,0
3,138000,156,2,0,0,0
3,138000,164,2,0,0,0
3,139000,30,1,1,0,3
3,139000,30,1,34,0,0
3,139000,32,2,0,0,0
3,139000,34,2,0,0,0
3,139000,36,2,0,0,0
3,139000,38,2,0,0,0
3,139000,43,1,39,0,0
3,139000,55,1,1,0,1
3,139000,55,2,0,0,0
3,139000,56,1,49,0,0
3,139000,57,2,0,0,0
3,139000,58,2,0,0,0
3,139000,59,2,0,0,0
3,139000,61,2,0,0,0
3,139000,63,2,0,0,0
3,139000,66,2,0,0,0
3,139000,69,2,0,0,0
3,139000,92,2,0,0,0
3,139000,99,2,0,0,0
3,139000,102,2,0,0,0
3,139000,104,2,0,0,0
3,139000,110,1,1,0,2
3,139000,115,2,0,0,0
3,139000,117,2,0,0,0
3,139000,130,2,0,0,0
3,139000,131,1,44,0,0
3,139000,156,2,0,0,0
3,139000,164,2,0,0,0
3,140000,10,1,1,0,1
3,140000,34,2,0,0,0
3,140000,36,2,0,0,0
3,140000,38,2,0,0,0
3,140000,43,1,44,0,0
3,140000,55,2,0,0,0
3,140000,56,1,49,0,0
3,140000,57,2,0,0,0
3,140000,58,2,0,0,0
3,140000,59,2,0,0,0
3,140000,61,2,0,0,0
3,140000,71,1,34,0,0
3,140000,92,2,0,0,0
3,140000,99,2,0,0,0
3,140000,102,2,0,0,0
3,140000,104,2,0,0,0
3,140000,106,1,1,0,2
3,140000,115,2,0,0,0
3,140000,117,2,0,0,0
3,140000,156,2,0,0,0
3,140000,163,1,39,0,0
3,140000,164,2,0,0,0
3,141000,10,1,1,0,1
3,141000,13,2,0,0,0
3,141000,14,2,0,0,0
3,141000,25,2,0,0,0
3,141000,34,2,0,0,0
3,141000,36,2,0,0,0
3,141000,38,2,0,0,0
3,141000,43,1,46,0,0
3,141000,55,2,0,0,0
3,141000,56,1,53,0,0
3,141000,57,2,0,0,0
3,141000,58,2,0,0,0
3,141000,59,2,0,0,0
3,141000,61,2,0,0,0
3,141000,63,2,0,0,0
3,141000,66,2,0,0,0
3,141000,69,2,0,0,0
3,141000,71,1,1,0,3
3,141000,71,1,34,0,0
3,141000,92,2,0,0,0
3,141000,99,2,0,0,0
3,141000,102,2,0,0,0
3,141000,104,2,0,0,0
3,141000,106,1,1,0,2
3,141000,115,2,0,0,0
3,141000,117,2,0,0,0
3,141000,130,2,0,0,0
3,141000,156,2,0,0,0
3,141000,163,1,39,0,0
3,141000,164,2,0,0,0
3,142000,13,2,0,0,0
3,142000,17,1,1,0,1
3,142000,18,2,0,0,0
3,142000,19,2,0,0,0
3,142000,36,1,45,0,0
3,142000,36,2,0,0,0
3,142000,38,2,0,0,0
3,142000,44,1,38,0,0
3,142000,48,1,33,0,0
3,142000,63,1,54,0,0
3,142000,63,2,0,0,0
3,142000,82,2,0,0,0
3,142000,92,2,0,0,0
3,142000,97,1,1,0,2
3,142000,99,2,0,0,0
3,142000,102,2,0,0,0
3,142000,104,2,0,0,0
3,142000,115,2,0,0,0
3,142000,117,2,0,0,0
3,142000,126,2,0,0,0
3,142000,129,2,0,0,0
3,142000,143,2,0,0,0
3,142000,156,2,0,0,0
3,142000,164,2,0,0,0
3,143000,5,2,0,0,0
3,143000,6,2,0,0,0
3,143000,25,2,0,0,0
3,143000,29,1,1,0,1
3,143000,34,1,35,0,0
3,143000,34,2,0,0,0
3,143000,36,2,0,0,0
3,143000,38,1,48,0,0
3,143000,38,2,0,0,0
3,143000,55,2,0,0,0
3,143000,57,2,0,0,0
3,143000,58,2,0,0,0
3,143000,59,2,0,0,0
3,143000,61,2,0,0,0
3,143000,63,1,56,0,0
3,143000,63,2,0,0,0
3,143000,66,2,0,0,0
3,143000,68,2,0,0,0
3,143000,69,2,0,0,0
3,143000,70,2,0,0,0
3,143000,76,2,0,0,0
3,143000,85,2,0,0,0
3,143000,87,2,0,0,0
3,143000,89,2,0,0,0
3,143000,90,2,0,0,0
3,143000,92,2,0,0,0
3,143000,94,2,0,0,0
3,143000,99,2,0,0,0
3,143000,102,2,0,0,0
3,143000,104,2,0,0,0
3,143000,106,1,41,0,0
3,143000,115,2,0,0,0
3,143000,117,2,0,0,0
3,143000,118,2,0,0,0
3,143000,120,2,0,0,0
3,143000,126,2,0,0,0
3,143000,130,2,0,0,0
3,143000,133,1,1,0,2
3,143000,149,2,0,0,0
3,143000,156,1,1,0,3
3,143000,156,2,0,0,0
3,143000,157,2,0,0,0
3,143000,164,2,0,0,0
3,144000,13,2,0,0,0
3,144000,18,2,0,0,0
3,144000,19,2,0,0,0
3,144000,36,2,0,0,0
3,144000,38,2,0,0,0
3,144000,54,1,60,0,0
3,144000,55,2,0,0,0
3,144000,58,1,1,0,2
3,144000,58,2,0,0,0
3,144000,59,1,51,0,0
3,144000,59,2,0,0,0
3,144000,61,2,0,0,0
3,144000,63,2,0,0,0
3,144000,64,1,1,0,1
3,144000,92,2,0,0,0
3,144000,97,1,55,0,0
3,144000,99,2,0,0,0
3,144000,102,2,0,0,0
3,144000,104,2,0,0,0
3,144000,115,2,0,0,0
3,144000,117,2,0,0,0
3,144000,129,2,0,0,0
3,144000,143,2,0,0,0
3,144000,156,2,0,0,0
3,144000,164,2,0,0,0
3,145000,13,2,0,0,0
3,145000,18,2,0,0,0
3,145000,19,2,0,0,0
3,145000,36,2,0,0,0
3,145000,38,2,0,0,0
3,145000,63,2,0,0,0
3,145000,65,1,1,0,2
3,145000,84,1,1,0,1
3,145000,85,2,0,0,0
3,145000,86,2,0,0,0
3,145000,87,1,51,0,0
3,145000,87,2,0,0,0
3,145000,92,2,0,0,0
3,145000,97,1,55,0,0
3,145000,99,2,0,0,0
3,145000,102,2,0,0,0
3,145000,104,2,0,0,0
3,145000,113,1,60,0,0
3,145000,115,2,0,0,0
3,145000,117,2,0,0,0
3,145000,129,2,0,0,0
3,145000,143,2,0,0,0
3,145000,148,2,0,0,0
3,145000,156,2,0,0,0
3,145000,164,2,0,0,0
3,146000,13,2,0,0,0
3,146000,18,2,0,0,0
3,146000,19,2,0,0,0
3,146000,36,2,0,0,0
3,146000,38,2,0,0,0
3,146000,43,1,51,0,0
3,146000,63,2,0,0,0
3,146000,64,1,1,0,1
3,146000,83,1,1,0,2
3,146000,92,2,0,0,0
3,146000,97,1,55,0,0
3,146000,99,2,0,0,0
3,146000,102,2,0,0,0
3,146000,104,2,0,0,0
3,146000,115,2,0,0,0
3,146000,117,2,0,0,0
3,146000,126,2,0,0,0
3,146000,129,2,0,0,0
3,146000,143,1,60,0,0
3,146000,143,2,0,0,0
3,146000,156,2,0,0,0
3,146000,164,2,0,0,0
3,147000,21,1,30,0,0
3,147000,34,2,0,0,0
3,147000,35,1,1,0,1
3,147000,36,2,0,0,0
3,147000,38,2,0,0,0
3,147000,43,1,1,0,2
3,147000,55,2,0,0,0
3,147000,57,2,0,0,0
3,147000,58,2,0,0,0
3,147000,59,2,0,0,0
3,147000,61,2,0,0,0
3,147000,63,1,50,0,0
3,147000,82,1,40,0,0
3,147000,82,2,0,0,0
3,147000,85,2,0,0,0
3,147000,86,1,10,0,0
3,147000,86,2,0,0,0
3,147000,87,2,0,0,0
3,147000,92,2,0,0,0
3,147000,97,1,20,0,0
3,147000,99,2,0,0,0
3,147000,102,2,0,0,0
3,147000,104,2,0,0,0
3,147000,115,2,0,0,0
3,147000,117,2,0,0,0
3,147000,126,2,0,0,0
3,147000,129,2,0,0,0
3,147000,130,2,0,0,0
3,147000,156,2,0,0,0
3,147000,164,2,0,0,0
3,148000,21,1,35,0,0
3,148000,32,2,0,0,0
3,148000,34,2,0,0,0
3,148000,35,1,1,0,1
3,148000,36,2,0,0,0
3,148000,38,2,0,0,0
3,148000,43,1,1,0,2
3,148000,55,2,0,0,0
3,148000,57,2,0,0,0
3,148000,58,2,0,0,0
3,148000,59,2,0,0,0
3,148000,61,2,0,0,0
3,148000,63,1,55,0,0
3,148000,82,1,45,0,0
3,148000,82,2,0,0,0
3,148000,85,2,0,0,0
3,148000,86,1,1,0,3
3,148000,86,1,10,0,0
3,148000,86,2,0,0,0
3,148000,87,2,0,0,0
3,148000,92,2,0,0,0
3,148000,97,1,20,0,0
3,148000,99,2,0,0,0
3,148000,102,2,0,0,0
3,148000,104,2,0,0,0
3,148000,115,2,0,0,0
3,148000,117,2,0,0,0
3,148000,126,2,0,0,0
3,148000,129,2,0,0,0
3,148000,130,2,0,0,0
3,148000,156,2,0,0,0
3,148000,164,2,0,0,0
3,149000,13,2,0,0,0
3,149000,21,1,35,0,0
3,149000,32,2,0,0,0
3,149000,34,2,0,0,0
3,149000,35,1,1,0,1
3,149000,36,2,0,0,0
3,149000,38,2,0,0,0
3,149000,43,1,1,0,2
3,149000,55,2,0,0,0
3,149000,57,2,0,0,0
3,149000,58,2,0,0,0
3,149000,59,2,0,0,0
3,149000,61,2,0,0,0
3,149000,63,1,60,0,0
3,149000,63,2,0,0,0
3,149000,70,2,0,0,0
3,149000,82,1,45,0,0
3,149000,82,2,0,0,0
3,149000,85,2,0,0,0
3,149000,86,1,1,0,3
3,149000,86,1,10,0,0
3,149000,86,2,0,0,0
3,149000,87,2,0,0,0
3,149000,92,2,0,0,0
3,149000,97,1,1,0,4
3,149000,97,1,20,0,0
3,149000,99,2,0,0,0
3,149000,102,2,0,0,0
3,149000,104,2,0,0,0
3,149000,115,2,0,0,0
3,149000,117,2,0,0,0
3,149000,126,2,0,0,0
3,149000,129,2,0,0,0
3,149000,130,2,0,0,0
3,149000,156,2,0,0,0
3,149000,164,2,0,0,0
3,150000,5,2,0,0,0
3,150000,6,2,0,0,0
3,150000,25,2,0,0,0
3,150000,34,2,0,0,0
3,150000,36,2,0,0,0
3,150000,38,2,0,0,0
3,150000,50,1,1,0,2
3,150000,54,1,75,0,0
3,150000,55,2,0,0,0
3,150000,58,2,0,0,0
3,150000,59,2,0,0,0
3,150000,61,2,0,0,0
3,150000,63,2,0,0,0
3,150000,66,2,0,0,0
3,150000,68,2,0,0,0
3,150000,69,2,0,0,0
3,150000,70,2,0,0,0
3,150000,76,2,0,0,0
3,150000,85,2,0,0,0
3,150000,86,2,0,0,0
3,150000,87,2,0,0,0
3,150000,92,2,0,0,0
3,150000,93,1,1,0,1
3,150000,94,1,1,0,4
3,150000,94,1,66,0,0
3,150000,94,2,0,0,0
3,150000,99,2,0,0,0
3,150000,100,2,0,0,0
3,150000,102,2,0,0,0
3,150000,104,2,0,0,0
3,150000,105,1,70,0,0
3,150000,112,1,63,0,0
3,150000,115,2,0,0,0
3,150000,117,2,0,0,0
3,150000,118,2,0,0,0
3,150000,120,2,0,0,0
3,150000,126,2,0,0,0
3,150000,129,1,1,0,3
3,150000,130,2,0,0,0
3,150000,133,1,81,0,0
3,150000,148,2,0,0,0
3,150000,149,2,0,0,0
3,150000,156,2,0,0,0
3,150000,161,2,0,0,0
3,150000,164,2,0,0,0
3,151000,1,1,1,0,0
3,151000,5,1,20,0,0
3,151000,5,2,0,0,0
3,151000,6,2,0,0,0
3,151000,13,2,0,0,0
3,151000,14,2,0,0,0
3,151000,15,2,0,0,0
3,151000,18,2,0,0,0
3,151000,19,2,0,0,0
3,151000,25,2,0,0,0
3,151000,32,2,0,0,0
3,151000,34,2,0,0,0
3,151000,36,2,0,0,0
3,151000,38,2,0,0,0
3,151000,55,2,0,0,0
3,151000,57,2,0,0,0
3,151000,58,2,0,0,0
3,151000,59,2,0,0,0
3,151000,61,2,0,0,0
3,151000,63,2,0,0,0
3,151000,66,2,0,0,0
3,151000,68,2,0,0,0
3,151000,69,2,0,0,0
3,151000,70,2,0,0,0
3,151000,72,2,0,0,0
3,151000,76,2,0,0,0
3,151000,82,2,0,0,0
3,151000,85,2,0,0,0
3,151000,86,2,0,0,0
3,151000,87,2,0,0,0
3,151000,89,2,0,0,0
3,151000,90,2,0,0,0
3,151000,91,2,0,0,0
3,151000,92,2,0,0,0
3,151000,94,1,40,0,0
3,151000,94,2,0,0,0
3,151000,99,2,0,0,0
3,151000,100,2,0,0,0
3,151000,102,2,0,0,0
3,151000,104,2,0,0,0
3,151000,115,2,0,0,0
3,151000,117,2,0,0,0
3,151000,118,1,30,0,0
3,151000,118,2,0,0,0
3,151000,120,2,0,0,0
3,151000,121,2,0,0,0
3,151000,126,2,0,0,0
3,151000,129,2,0,0,0
3,151000,130,2,0,0,0
3,151000,135,2,0,0,0
3,151000,138,2,0,0,0
3,151000,143,2,0,0,0
3,151000,144,1,10,0,0
3,151000,148,2,0,0,0
3,151000,149,2,0,0,0
3,151000,153,2,0,0,0
3,151000,156,2,0,0,0
3,151000,157,2,0,0,0
3,151000,161,2,0,0,0
3,151000,164,2,0,0,0
4,1000,14,2,0,0,0
4,1000,15,2,0,0,0
4,1000,22,1,13,0,0
4,1000,33,1,1,0,1
4,1000,34,2,0,0,0
4,1000,36,2,0,0,0
4,1000,38,2,0,0,0
4,1000,45,1,1,0,2
4,1000,72,2,0,0,0
4,1000,73,1,7,0,0
4,1000,74,1,34,0,0
4,1000,75,1,27,0,0
4,1000,76,1,48,0,0
4,1000,76,2,0,0,0
4,1000,77,1,20,0,0
4,1000,79,1,41,0,0
4,1000,92,2,0,0,0
4,1000,99,2,0,0,0
4,1000,102,2,0,0,0
4,1000,104,2,0,0,0
4,1000,115,2,0,0,0
4,1000,117,2,0,0,0
4,1000,156,2,0,0,0
4,1000,164,2,0,0,0
4,2000,14,2,0,0,0
4,2000,15,2,0,0,0
4,2000,22,1,13,0,0
4,2000,33,1,1,0,1
4,2000,34,2,0,0,0
4,2000,36,2,0,0,0
4,2000,38,2,0,0,0
4,2000,45,1,1,0,2
4,2000,72,2,0,0,0
4,2000,73,1,1,0,3
4,2000,73,1,7,0,0
4,2000,74,1,38,0,0
4,2000,75,1,30,0,0
4,2000,76,1,54,0,0
4,2000,76,2,0,0,0
4,2000,77,1,22,0,0
4,2000,79,1,46,0,0
4,2000,92,2,0,0,0
4,2000,99,2,0,0,0
4,2000,102,2,0,0,0
4,2000,104,2,0,0,0
4,2000,115,2,0,0,0
4,2000,117,2,0,0,0
4,2000,156,2,0,0,0
4,2000,164,2,0,0,0
4,3000,14,2,0,0,0
4,3000,15,2,0,0,0
4,3000,22,1,1,0,4
4,3000,22,1,13,0,0
4,3000,33,1,1,0,1
4,3000,34,2,0,0,0
4,3000,36,2,0,0,0
4,3000,38,2,0,0,0
4,3000,45,1,1,0,2
4,3000,63,2,0,0,0
4,3000,72,2,0,0,0
4,3000,73,1,1,0,3
4,3000,73,1,7,0,0
4,3000,74,1,43,0,0
4,3000,75,1,30,0,0
4,3000,76,1,65,0,0
4,3000,76,2,0,0,0
4,3000,77,1,22,0,0
4,3000,79,1,55,0,0
4,3000,92,2,0,0,0
4,3000,99,2,0,0,0
4,3000,102,2,0,0,0
4,3000,104,2,0,0,0
4,3000,115,2,0,0,0
4,3000,117,2,0,0,0
4,3000,156,2,0,0,0
4,3000,164,2,0,0,0
4,4000,5,2,0,0,0
4,4000,10,1,1,0,1
4,4000,14,2,0,0,0
4,4000,15,2,0,0,0
4,4000,25,2,0,0,0
4,4000,34,2,0,0,0
4,4000,36,2,0,0,0
4,4000,38,2,0,0,0
4,4000,43,1,15,0,0
4,4000,45,1,1,0,2
4,4000,52,1,9,0,0
4,4000,53,1,38,0,0
4,4000,66,2,0,0,0
4,4000,68,2,0,0,0
4,4000,69,2,0,0,0
4,4000,70,2,0,0,0
4,4000,82,2,0,0,0
4,4000,83,1,46,0,0
4,4000,91,2,0,0,0
4,4000,92,2,0,0,0
4,4000,99,1,22,0,0
4,4000,99,2,0,0,0
4,4000,102,2,0,0,0
4,4000,104,2,0,0,0
4,4000,115,2,0,0,0
4,4000,117,2,0,0,0
4,4000,126,2,0,0,0
4,4000,129,2,0,0,0
4,4000,130,2,0,0,0
4,4000,156,2,0,0,0
4,4000,163,1,30,0,0
4,4000,164,2,0,0,0
4,5000,5,2,0,0,0
4,5000,10,1,1,0,1
4,5000,14,2,0,0,0
4,5000,15,2,0,0,0
4,5000,25,2,0,0,0
4,5000,34,2,0,0,0
4,5000,36,2,0,0,0
4,5000,38,2,0,0,0
4,5000,43,1,15,0,0
4,5000,45,1,1,0,2
4,5000,52,1,1,0,3
4,5000,52,1,9,0,0
4,5000,53,1,42,0,0
4,5000,66,2,0,0,0
4,5000,68,2,0,0,0
4,5000,69,2,0,0,0
4,5000,70,2,0,0,0
4,5000,82,2,0,0,0
4,5000,83,1,56,0,0
4,5000,91,2,0,0,0
4,5000,92,2,0,0,0
4,5000,99,1,24,0,0
4,5000,99,2,0,0,0
4,5000,102,2,0,0,0
4,5000,104,2,0,0,0
4,5000,115,2,0,0,0
4,5000,117,2,0,0,0
4,5000,126,2,0,0,0
4,5000,129,2,0,0,0
4,5000,130,2,0,0,0
4,5000,156,2,0,0,0
4,5000,163,1,33,0,0
4,5000,164,2,0,0,0
4,6000,5,2,0,0,0
4,6000,10,1,1,0,1
4,6000,14,2,0,0,0
4,6000,15,2,0,0,0
4,6000,19,2,0,0,0
4,6000,25,2,0,0,0
4,6000,34,2,0,0,0
4,6000,36,2,0,0,0
4,6000,38,2,0,0,0
4,6000,43,1,1,0,4
4,6000,43,1,15,0,0
4,6000,45,1,1,0,2
4,6000,52,1,1,0,3
4,6000,52,1,9,0,0
4,6000,53,1,46,0,0
4,6000,63,2,0,0,0
4,6000,66,2,0,0,0
4,6000,68,2,0,0,0
4,6000,69,2,0,0,0
4,6000,70,2,0,0,0
4,6000,82,2,0,0,0
4,6000,83,1,55,0,0
4,6000,89,2,0,0,0
4,6000,90,2,0,0,0
4,6000,91,2,0,0,0
4,6000,92,2,0,0,0
4,6000,99,1,24,0,0
4,6000,99,2,0,0,0
4,6000,102,2,0,0,0
4,6000,104,2,0,0,0
4,6000,115,2,0,0,0
4,6000,117,2,0,0,0
4,6000,126,2,0,0,0
4,6000,129,2,0,0,0
4,6000,130,2,0,0,0
4,6000,156,2,0,0,0
4,6000,163,1,36,0,0
4,6000,164,2,0,0,0
4,7000,5,2,0,0,0
4,7000,25,2,0,0,0
4,7000,33,1,1,0,1
4,7000,34,2,0,0,0
4,7000,36,2,0,0,0
4,7000,38,2,0,0,0
4,7000,39,1,1,0,2
4,7000,44,1,22,0,0
4,7000,55,1,15,0,0
4,7000,55,2,0,0,0
4,7000,56,1,42,0,0
4,7000,57,2,0,0,0
4,7000,58,2,0,0,0
4,7000,59,2,0,0,0
4,7000,61,2,0,0,0
4,7000,66,2,0,0,0
4,7000,68,2,0,0,0
4,7000,69,2,0,0,0
4,7000,70,2,0,0,0
4,7000,91,2,0,0,0
4,7000,92,2,0,0,0
4,7000,99,2,0,0,0
4,7000,102,2,0,0,0
4,7000,104,2,0,0,0
4,7000,110,1,28,0,0
4,7000,115,2,0,0,0
4,7000,117,2,0,0,0
4,7000,130,1,35,0,0
4,7000,130,2,0,0,0
4,7000,145,1,8,0,0
4,7000,156,2,0,0,0
4,7000,164,2,0,0,0
4,8000,5,2,0,0,0
4,8000,25,2,0,0,0
4,8000,33,1,1,0,1
4,8000,34,2,0,0,0
4,8000,36,2,0,0,0
4,8000,38,2,0,0,0
4,8000,39,1,1,0,2
4,8000,44,1,24,0,0
4,8000,55,1,15,0,0
4,8000,55,2,0,0,0
4,8000,56,1,47,0,0
4,8000,57,2,0,0,0
4,8000,58,2,0,0,0
4,8000,59,2,0,0,0
4,8000,61,2,0,0,0
4,8000,66,2,0,0,0
4,8000,68,2,0,0,0
4,8000,69,2,0,0,0
4,8000,70,2,0,0,0
4,8000,91,2,0,0,0
4,8000,92,2,0,0,0
4,8000,99,2,0,0,0
4,8000,102,2,0,0,0
4,8000,104,2,0,0,0
4,8000,110,1,31,0,0
4,8000,115,2,0,0,0
4,8000,117,2,0,0,0
4,8000,130,1,39,0,0
4,8000,130,2,0,0,0
4,8000,145,1,1,0,3
4,8000,145,1,8,0,0
4,8000,156,2,0,0,0
4,8000,164,2,0,0,0
4,9000,5,2,0,0,0
4,9000,25,2,0,0,0
4,9000,33,1,1,0,1
4,9000,34,2,0,0,0
4,9000,36,2,0,0,0
4,9000,38,2,0,0,0
4,9000,39,1,1,0,2
4,9000,44,1,24,0,0
4,9000,55,1,1,0,4
4,9000,55,1,15,0,0
4,9000,55,2,0,0,0
4,9000,56,1,52,0,0
4,9000,57,2,0,0,0
4,9000,58,2,0,0,0
4,9000,59,2,0,0,0
4,9000,61,2,0,0,0
4,9000,63,2,0,0,0
4,9000,66,2,0,0,0
4,9000,68,2,0,0,0
4,9000,69,2,0,0,0
4,9000,70,2,0,0,0
4,9000,89,2,0,0,0
4,9000,90,2,0,0,0
4,9000,91,2,0,0,0
4,9000,92,2,0,0,0
4,9000,99,2,0,0,0
4,9000,102,2,0,0,0
4,9000,104,2,0,0,0
4,9000,110,1,31,0,0
4,9000,115,2,0,0,0
4,9000,117,2,0,0,0
4,9000,130,1,42,0,0
4,9000,130,2,0,0,0
4,9000,145,1,1,0,3
4,9000,145,1,8,0,0
4,9000,156,2,0,0,0
4,9000,164,2,0,0,0
4,10000,33,1,1,0,1
4,10000,81,1,1,0,2
4,11000,106,1,1,0,0
4,11000,106,1,7,0,0
4,12000,13,2,0,0,0
4,12000,16,1,28,0,0
4,12000,18,1,23,0,0
4,12000,18,2,0,0,0
4,12000,36,2,0,0,0
4,12000,38,2,0,0,0
4,12000,48,1,18,0,0
4,12000,60,1,34,0,0
4,12000,63,2,0,0,0
4,12000,72,2,0,0,0
4,12000,76,2,0,0,0
4,12000,77,1,13,0,0
4,12000,78,1,14,0,0
4,12000,79,1,15,0,0
4,12000,92,2,0,0,0
4,12000,93,1,1,0,0
4,12000,93,1,10,0,0
4,12000,94,2,0,0,0
4,12000,99,2,0,0,0
4,12000,100,2,0,0,0
4,12000,102,2,0,0,0
4,12000,104,2,0,0,0
4,12000,115,2,0,0,0
4,12000,117,2,0,0,0
4,12000,129,2,0,0,0
4,12000,148,2,0,0,0
4,12000,149,2,0,0,0
4,12000,156,2,0,0,0
4,12000,164,2,0,0,0
4,13000,40,1,1,0,1
4,13000,81,1,1,0,2
4,14000,106,1,1,0,0
4,15000,14,2,0,0,0
4,15000,15,2,0,0,0
4,15000,31,1,1,0,0
4,15000,31,1,12,0,0
4,15000,36,2,0,0,0
4,15000,38,2,0,0,0
4,15000,41,1,20,0,0
4,15000,42,1,30,0,0
4,15000,63,2,0,0,0
4,15000,72,2,0,0,0
4,15000,92,2,0,0,0
4,15000,97,1,35,0,0
4,15000,99,1,25,0,0
4,15000,99,2,0,0,0
4,15000,102,2,0,0,0
4,15000,104,2,0,0,0
4,15000,115,2,0,0,0
4,15000,116,1,16,0,0
4,15000,117,2,0,0,0
4,15000,129,2,0,0,0
4,15000,130,2,0,0,0
4,15000,156,2,0,0,0
4,15000,164,2,0,0,0
4,16000,13,2,0,0,0
4,16000,16,1,1,0,0
4,16000,17,1,28,0,0
4,16000,18,1,19,0,0
4,16000,18,2,0,0,0
4,16000,19,2,0,0,0
4,16000,28,1,5,0,0
4,16000,36,2,0,0,0
4,16000,38,2,0,0,0
4,16000,92,2,0,0,0
4,16000,97,1,36,0,0
4,16000,98,1,12,0,0
4,16000,99,2,0,0,0
4,16000,102,2,0,0,0
4,16000,104,2,0,0,0
4,16000,115,2,0,0,0
4,16000,117,2,0,0,0
4,16000,119,1,44,0,0
4,16000,129,2,0,0,0
4,16000,143,2,0,0,0
4,16000,156,2,0,0,0
4,16000,164,2,0,0,0
4,17000,13,2,0,0,0
4,17000,16,1,1,0,1
4,17000,17,1,31,0,0
4,17000,18,1,21,0,0
4,17000,18,2,0,0,0
4,17000,19,2,0,0,0
4,17000,28,1,1,0,2
4,17000,28,1,5,0,0
4,17000,36,2,0,0,0
4,17000,38,2,0,0,0
4,17000,92,2,0,0,0
4,17000,97,1,40,0,0
4,17000,98,1,12,0,0
4,17000,99,2,0,0,0
4,17000,102,2,0,0,0
4,17000,104,2,0,0,0
4,17000,115,2,0,0,0
4,17000,117,2,0,0,0
4,17000,119,1,49,0,0
4,17000,129,2,0,0,0
4,17000,143,2,0,0,0
4,17000,156,2,0,0,0
4,17000,164,2,0,0,0
4,18000,13,2,0,0,0
4,18000,16,1,1,0,1
4,18000,17,1,31,0,0
4,18000,18,1,21,0,0
4,18000,18,2,0,0,0
4,18000,19,2,0,0,0
4,18000,28,1,1,0,2
4,18000,28,1,5,0,0
4,18000,36,2,0,0,0
4,18000,38,2,0,0,0
4,18000,63,2,0,0,0
4,18000,92,2,0,0,0
4,18000,97,1,44,0,0
4,18000,98,1,1,0,3
4,18000,98,1,12,0,0
4,18000,99,2,0,0,0
4,18000,102,2,0,0,0
4,18000,104,2,0,0,0
4,18000,115,2,0,0,0
4,18000,117,2,0,0,0
4,18000,119,1,54,0,0
4,18000,129,2,0,0,0
4,18000,143,2,0,0,0
4,18000,156,2,0,0,0
4,18000,164,2,0,0,0
4,19000,33,1,1,0,1
4,19000,34,2,0,0,0
4,19000,36,2,0,0,0
4,19000,38,2,0,0,0
4,19000,39,1,1,0,2
4,19000,55,2,0,0,0
4,19000,59,2,0,0,0
4,19000,61,2,0,0,0
4,19000,85,2,0,0,0
4,19000,87,2,0,0,0
4,19000,91,2,0,0,0
4,19000,92,2,0,0,0
4,19000,98,1,7,0,0
4,19000,99,2,0,0,0
4,19000,102,2,0,0,0
4,19000,104,2,0,0,0
4,19000,116,1,23,0,0
4,19000,117,2,0,0,0
4,19000,129,2,0,0,0
4,19000,130,2,0,0,0
4,19000,156,2,0,0,0
4,19000,158,1,14,0,0
4,19000,162,1,34,0,0
4,19000,164,2,0,0,0
4,20000,33,1,1,0,1
4,20000,34,2,0,0,0
4,20000,36,2,0,0,0
4,20000,38,2,0,0,0
4,20000,39,1,1,0,2
4,20000,55,2,0,0,0
4,20000,58,2,0,0,0
4,20000,59,2,0,0,0
4,20000,61,2,0,0,0
4,20000,63,2,0,0,0
4,20000,85,2,0,0,0
4,20000,87,2,0,0,0
4,20000,91,2,0,0,0
4,20000,92,2,0,0,0
4,20000,98,1,1,0,3
4,20000,98,1,7,0,0
4,20000,99,2,0,0,0
4,20000,102,2,0,0,0
4,20000,104,2,0,0,0
4,20000,116,1,27,0,0
4,20000,117,2,0,0,0
4,20000,129,2,0,0,0
4,20000,130,2,0,0,0
4,20000,156,2,0,0,0
4,20000,158,1,14,0,0
4,20000,162,1,41,0,0
4,20000,164,2,0,0,0
4,21000,13,2,0,0,0
4,21000,18,2,0,0,0
4,21000,19,2,0,0,0
4,21000,31,1,15,0,0
4,21000,36,2,0,0,0
4,21000,38,2,0,0,0
4,21000,43,1,9,0,0
4,21000,45,1,1,0,2
4,21000,64,1,1,0,1
4,21000,65,1,29,0,0
4,21000,92,2,0,0,0
4,21000,97,1,36,0,0
4,21000,99,2,0,0,0
4,21000,102,2,0,0,0
4,21000,104,2,0,0,0
4,21000,117,2,0,0,0
4,21000,119,1,22,0,0
4,21000,129,2,0,0,0
4,21000,143,2,0,0,0
4,21000,156,2,0,0,0
4,21000,164,2,0,0,0
4,22000,13,2,0,0,0
4,22000,18,2,0,0,0
4,22000,19,2,0,0,0
4,22000,31,1,15,0,0
4,22000,36,2,0,0,0
4,22000,38,2,0,0,0
4,22000,43,1,1,0,3
4,22000,43,1,9,0,0
4,22000,45,1,1,0,2
4,22000,63,2,0,0,0
4,22000,64,1,1,0,1
4,22000,65,1,34,0,0
4,22000,92,2,0,0,0
4,22000,97,1,43,0,0
4,22000,99,2,0,0,0
4,22000,102,2,0,0,0
4,22000,104,2,0,0,0
4,22000,117,2,0,0,0
4,22000,119,1,25,0,0
4,22000,129,2,0,0,0
4,22000,143,2,0,0,0
4,22000,156,2,0,0,0
4,22000,164,2,0,0,0
4,23000,34,2,0,0,0
4,23000,35,1,1,0,1
4,23000,36,2,0,0,0
4,23000,38,2,0,0,0
4,23000,40,1,10,0,0
4,23000,43,1,1,0,2
4,23000,44,1,17,0,0
4,23000,51,1,38,0,0
4,23000,70,2,0,0,0
4,23000,72,2,0,0,0
4,23000,89,2,0,0,0
4,23000,90,2,0,0,0
4,23000,91,2,0,0,0
4,23000,92,2,0,0,0
4,23000,99,2,0,0,0
4,23000,102,2,0,0,0
4,23000,103,1,31,0,0
4,23000,104,2,0,0,0
4,23000,117,2,0,0,0
4,23000,130,2,0,0,0
4,23000,137,1,24,0,0
4,23000,156,2,0,0,0
4,23000,157,2,0,0,0
4,23000,164,2,0,0,0
4,24000,34,2,0,0,0
4,24000,35,1,1,0,1
4,24000,36,2,0,0,0
4,24000,38,2,0,0,0
4,24000,40,1,1,0,3
4,24000,40,1,10,0,0
4,24000,43,1,1,0,2
4,24000,44,1,17,0,0
4,24000,51,1,47,0,0
4,24000,63,2,0,0,0
4,24000,70,2,0,0,0
4,24000,72,2,0,0,0
4,24000,89,2,0,0,0
4,24000,90,2,0,0,0
4,24000,91,2,0,0,0
4,24000,92,2,0,0,0
4,24000,99,2,0,0,0
4,24000,102,2,0,0,0
4,24000,103,1,36,0,0
4,24000,104,2,0,0,0
4,24000,117,2,0,0,0
4,24000,130,2,0,0,0
4,24000,137,1,27,0,0
4,24000,156,2,0,0,0
4,24000,157,2,0,0,0
4,24000,164,2,0,0,0
4,25000,5,2,0,0,0
4,25000,6,2,0,0,0
4,25000,21,1,20,0,0
4,25000,25,2,0,0,0
4,25000,34,2,0,0,0
4,25000,36,2,0,0,0
4,25000,38,2,0,0,0
4,25000,39,1,6,0,0
4,25000,45,1,1,0,2
4,25000,66,2,0,0,0
4,25000,69,2,0,0,0
4,25000,84,1,1,0,1
4,25000,85,1,26,0,0
4,25000,85,2,0,0,0
4,25000,86,1,8,0,0
4,25000,86,2,0,0,0
4,25000,87,1,41,0,0
4,25000,87,2,0,0,0
4,25000,92,2,0,0,0
4,25000,97,1,33,0,0
4,25000,98,1,11,0,0
4,25000,99,2,0,0,0
4,25000,102,2,0,0,0
4,25000,104,1,15,0,0
4,25000,104,2,0,0,0
4,25000,113,1,50,0,0
4,25000,115,2,0,0,0
4,25000,117,2,0,0,0
4,25000,129,2,0,0,0
4,25000,130,2,0,0,0
4,25000,148,2,0,0,0
4,25000,156,2,0,0,0
4,25000,164,2,0,0,0
4,26000,5,2,0,0,0
4,26000,6,2,0,0,0
4,26000,25,2,0,0,0
4,26000,34,2,0,0,0
4,26000,36,2,0,0,0
4,26000,38,2,0,0,0
4,26000,45,1,1,0,2
4,26000,63,2,0,0,0
4,26000,66,2,0,0,0
4,26000,69,2,0,0,0
4,26000,84,1,1,0,1
4,26000,85,2,0,0,0
4,26000,86,1,1,0,3
4,26000,86,2,0,0,0
4,26000,87,2,0,0,0
4,26000,92,2,0,0,0
4,26000,99,2,0,0,0
4,26000,102,2,0,0,0
4,26000,104,2,0,0,0
4,26000,115,2,0,0,0
4,26000,117,2,0,0,0
4,26000,129,2,0,0,0
4,26000,130,2,0,0,0
4,26000,148,2,0,0,0
4,26000,156,2,0,0,0
4,26000,164,2,0,0,0
4,27000,10,1,1,0,0
4,27000,14,2,0,0,0
4,27000,15,2,0,0,0
4,27000,28,1,10,0,0
4,27000,34,2,0,0,0
4,27000,36,2,0,0,0
4,27000,38,2,0,0,0
4,27000,40,1,24,0,0
4,27000,66,2,0,0,0
4,27000,69,2,0,0,0
4,27000,70,2,0,0,0
4,27000,89,2,0,0,0
4,27000,90,2,0,0,0
4,27000,91,2,0,0,0
4,27000,92,2,0,0,0
4,27000,99,2,0,0,0
4,27000,102,2,0,0,0
4,27000,104,2,0,0,0
4,27000,117,2,0,0,0
4,27000,129,1,31,0,0
4,27000,129,2,0,0,0
4,27000,130,2,0,0,0
4,27000,154,1,38,0,0
4,27000,156,2,0,0,0
4,27000,157,2,0,0,0
4,27000,163,1,17,0,0
4,27000,164,2,0,0,0
4,28000,10,1,1,0,1
4,28000,14,2,0,0,0
4,28000,15,2,0,0,0
4,28000,28,1,1,0,2
4,28000,28,1,10,0,0
4,28000,34,2,0,0,0
4,28000,36,2,0,0,0
4,28000,38,2,0,0,0
4,28000,40,1,27,0,0
4,28000,63,2,0,0,0
4,28000,66,2,0,0,0
4,28000,69,2,0,0,0
4,28000,70,2,0,0,0
4,28000,89,2,0,0,0
4,28000,90,2,0,0,0
4,28000,91,2,0,0,0
4,28000,92,2,0,0,0
4,28000,99,2,0,0,0
4,28000,102,2,0,0,0
4,28000,104,2,0,0,0
4,28000,117,2,0,0,0
4,28000,129,1,36,0,0
4,28000,129,2,0,0,0
4,28000,130,2,0,0,0
4,28000,154,1,47,0,0
4,28000,156,2,0,0,0
4,28000,157,2,0,0,0
4,28000,163,1,17,0,0
4,28000,164,2,0,0,0
4,29000,10,1,8,0,0
4,29000,24,1,12,0,0
4,29000,33,1,1,0,2
4,29000,34,2,0,0,0
4,29000,36,2,0,0,0
4,29000,38,2,0,0,0
4,29000,39,1,23,0,0
4,29000,40,1,17,0,0
4,29000,44,1,30,0,0
4,29000,45,1,1,0,1
4,29000,59,2,0,0,0
4,29000,85,2,0,0,0
4,29000,87,2,0,0,0
4,29000,92,2,0,0,0
4,29000,99,2,0,0,0
4,29000,102,2,0,0,0
4,29000,104,2,0,0,0
4,29000,115,2,0,0,0
4,29000,117,2,0,0,0
4,29000,130,2,0,0,0
4,29000,154,1,38,0,0
4,29000,156,2,0,0,0
4,29000,164,2,0,0,0
4,30000,10,1,1,0,3
4,30000,10,1,8,0,0
4,30000,24,1,12,0,0
4,30000,32,2,0,0,0
4,30000,33,1,1,0,2
4,30000,34,2,0,0,0
4,30000,36,2,0,0,0
4,30000,38,2,0,0,0
4,30000,39,1,27,0,0
4,30000,40,1,19,0,0
4,30000,44,1,36,0,0
4,30000,45,1,1,0,1
4,30000,55,2,0,0,0
4,30000,58,2,0,0,0
4,30000,59,2,0,0,0
4,30000,61,2,0,0,0
4,30000,85,2,0,0,0
4,30000,87,2,0,0,0
4,30000,92,2,0,0,0
4,30000,99,2,0,0,0
4,30000,102,2,0,0,0
4,30000,104,2,0,0,0
4,30000,115,2,0,0,0
4,30000,117,2,0,0,0
4,30000,130,2,0,0,0
4,30000,154,1,46,0,0
4,30000,156,2,0,0,0
4,30000,164,2,0,0,0
4,31000,5,2,0,0,0
4,31000,6,2,0,0,0
4,31000,10,1,1,0,2
4,31000,10,1,8,0,0
4,31000,24,1,12,0,0
4,31000,25,2,0,0,0
4,31000,32,2,0,0,0
4,31000,33,1,1,0,1
4,31000,34,1,1,0,4
4,31000,34,1,23,0,0
4,31000,34,2,0,0,0
4,31000,36,2,0,0,0
4,31000,38,2,0,0,0
4,31000,39,1,1,0,3
4,31000,55,2,0,0,0
4,31000,57,2,0,0,0
4,31000,58,2,0,0,0
4,31000,59,2,0,0,0
4,31000,61,2,0,0,0
4,31000,63,2,0,0,0
4,31000,66,2,0,0,0
4,31000,68,2,0,0,0
4,31000,69,2,0,0,0
4,31000,70,2,0,0,0
4,31000,85,2,0,0,0
4,31000,87,2,0,0,0
4,31000,89,2,0,0,0
4,31000,90,2,0,0,0
4,31000,92,2,0,0,0
4,31000,99,2,0,0,0
4,31000,102,2,0,0,0
4,31000,104,2,0,0,0
4,31000,115,2,0,0,0
4,31000,117,2,0,0,0
4,31000,126,2,0,0,0
4,31000,130,2,0,0,0
4,31000,156,2,0,0,0
4,31000,157,2,0,0,0
4,31000,164,2,0,0,0
4,32000,24,1,12,0,0
4,32000,30,1,8,0,0
4,32000,31,1,30,0,0
4,32000,32,1,38,0,0
4,32000,32,2,0,0,0
4,32000,33,1,1,0,2
4,32000,34,2,0,0,0
4,32000,36,2,0,0,0
4,32000,38,2,0,0,0
4,32000,40,1,17,0,0
4,32000,43,1,1,0,1
4,32000,59,2,0,0,0
4,32000,85,2,0,0,0
4,32000,87,2,0,0,0
4,32000,92,2,0,0,0
4,32000,99,2,0,0,0
4,32000,102,2,0,0,0
4,32000,104,2,0,0,0
4,32000,115,2,0,0,0
4,32000,116,1,23,0,0
4,32000,117,2,0,0,0
4,32000,130,2,0,0,0
4,32000,156,2,0,0,0
4,32000,164,2,0,0,0
4,33000,24,1,12,0,0
4,33000,30,1,1,0,3
4,33000,30,1,8,0,0
4,33000,31,1,36,0,0
4,33000,32,1,46,0,0
4,33000,32,2,0,0,0
4,33000,33,1,1,0,2
4,33000,34,2,0,0,0
4,33000,36,2,0,0,0
4,33000,38,2,0,0,0
4,33000,40,1,19,0,0
4,33000,43,1,1,0,1
4,33000,55,2,0,0,0
4,33000,58,2,0,0,0
4,33000,59,2,0,0,0
4,33000,61,2,0,0,0
4,33000,85,2,0,0,0
4,33000,87,2,0,0,0
4,33000,92,2,0,0,0
4,33000,99,2,0,0,0
4,33000,102,2,0,0,0
4,33000,104,2,0,0,0
4,33000,115,2,0,0,0
4,33000,116,1,27,0,0
4,33000,117,2,0,0,0
4,33000,130,2,0,0,0
4,33000,156,2,0,0,0
4,33000,164,2,0,0,0
4,34000,5,2,0,0,0
4,34000,6,2,0,0,0
4,34000,24,1,12,0,0
4,34000,25,2,0,0,0
4,34000,30,1,1,0,2
4,34000,30,1,8,0,0
4,34000,32,2,0,0,0
4,34000,33,1,1,0,1
4,34000,34,2,0,0,0
4,34000,36,2,0,0,0
4,34000,37,1,1,0,4
4,34000,37,1,23,0,0
4,34000,38,2,0,0,0
4,34000,40,1,1,0,3
4,34000,55,2,0,0,0
4,34000,57,2,0,0,0
4,34000,58,2,0,0,0
4,34000,59,2,0,0,0
4,34000,61,2,0,0,0
4,34000,63,2,0,0,0
4,34000,66,2,0,0,0
4,34000,68,2,0,0,0
4,34000,69,2,0,0,0
4,34000,70,2,0,0,0
4,34000,85,2,0,0,0
4,34000,87,2,0,0,0
4,34000,89,2,0,0,0
4,34000,90,2,0,0,0
4,34000,92,2,0,0,0
4,34000,99,2,0,0,0
4,34000,102,2,0,0,0
4,34000,104,2,0,0,0
4,34000,115,2,0,0,0
4,34000,117,2,0,0,0
4,34000,126,2,0,0,0
4,34000,130,2,0,0,0
4,34000,156,2,0,0,0
4,34000,157,2,0,0,0
4,34000,164,2,0,0,0
4,35000,1,1,1,0,1
4,35000,3,1,18,0,0
4,35000,5,2,0,0,0
4,35000,25,2,0,0,0
4,35000,34,2,0,0,0
4,35000,36,2,0,0,0
4,35000,38,2,0,0,0
4,35000,45,1,1,0,2
4,35000,47,1,13,0,0
4,35000,55,2,0,0,0
4,35000,58,2,0,0,0
4,35000,59,2,0,0,0
4,35000,61,2,0,0,0
4,35000,66,2,0,0,0
4,35000,68,2,0,0,0
4,35000,69,2,0,0,0
4,35000,70,2,0,0,0
4,35000,76,2,0,0,0
4,35000,85,2,0,0,0
4,35000,86,2,0,0,0
4,35000,87,2,0,0,0
4,35000,92,2,0,0,0
4,35000,94,2,0,0,0
4,35000,99,2,0,0,0
4,35000,100,2,0,0,0
4,35000,102,2,0,0,0
4,35000,104,2,0,0,0
4,35000,107,1,24,0,0
4,35000,111,1,39,0,0
4,35000,113,1,48,0,0
4,35000,115,2,0,0,0
4,35000,117,2,0,0,0
4,35000,118,1,31,0,0
4,35000,118,2,0,0,0
4,35000,126,2,0,0,0
4,35000,130,2,0,0,0
4,35000,148,2,0,0,0
4,35000,149,2,0,0,0
4,35000,156,2,0,0,0
4,35000,161,2,0,0,0
4,35000,164,2,0,0,0
4,36000,3,1,1,0,2
4,36000,5,2,0,0,0
4,36000,25,2,0,0,0
4,36000,34,2,0,0,0
4,36000,36,2,0,0,0
4,36000,38,2,0,0,0
4,36000,47,1,1,0,1
4,36000,55,2,0,0,0
4,36000,58,2,0,0,0
4,36000,59,2,0,0,0
4,36000,61,2,0,0,0
4,36000,63,2,0,0,0
4,36000,66,2,0,0,0
4,36000,68,2,0,0,0
4,36000,69,2,0,0,0
4,36000,70,2,0,0,0
4,36000,76,2,0,0,0
4,36000,85,2,0,0,0
4,36000,86,2,0,0,0
4,36000,87,2,0,0,0
4,36000,92,2,0,0,0
4,36000,94,2,0,0,0
4,36000,99,2,0,0,0
4,36000,100,2,0,0,0
4,36000,102,2,0,0,0
4,36000,104,2,0,0,0
4,36000,107,1,1,0,3
4,36000,115,2,0,0,0
4,36000,117,2,0,0,0
4,36000,118,1,1,0,4
4,36000,118,2,0,0,0
4,36000,126,2,0,0,0
4,36000,130,2,0,0,0
4,36000,148,2,0,0,0
4,36000,149,2,0,0,0
4,36000,156,2,0,0,0
4,36000,161,2,0,0,0
4,36000,164,2,0,0,0
4,37000,34,2,0,0,0
4,37000,36,2,0,0,0
4,37000,38,2,0,0,0
4,37000,39,1,1,0,2
4,37000,46,1,21,0,0
4,37000,52,1,1,0,1
4,37000,53,1,35,0,0
4,37000,83,1,42,0,0
4,37000,91,2,0,0,0
4,37000,92,2,0,0,0
4,37000,98,1,16,0,0
4,37000,99,2,0,0,0
4,37000,102,2,0,0,0
4,37000,104,2,0,0,0
4,37000,109,1,28,0,0
4,37000,115,2,0,0,0
4,37000,117,2,0,0,0
4,37000,126,2,0,0,0
4,37000,129,2,0,0,0
4,37000,130,2,0,0,0
4,37000,156,2,0,0,0
4,37000,164,2,0,0,0
4,38000,34,2,0,0,0
4,38000,36,2,0,0,0
4,38000,38,2,0,0,0
4,38000,39,1,1,0,2
4,38000,46,1,1,0,4
4,38000,52,1,1,0,1
4,38000,63,2,0,0,0
4,38000,91,2,0,0,0
4,38000,92,2,0,0,0
4,38000,98,1,1,0,3
4,38000,99,2,0,0,0
4,38000,102,2,0,0,0
4,38000,104,2,0,0,0
4,38000,115,2,0,0,0
4,38000,117,2,0,0,0
4,38000,126,2,0,0,0
4,38000,129,2,0,0,0
4,38000,130,2,0,0,0
4,38000,156,2,0,0,0
4,38000,164,2,0,0,0
4,39000,1,1,9,0,0
4,39000,3,1,24,0,0
4,39000,5,2,0,0,0
4,39000,25,2,0,0,0
4,39000,34,1,34,0,0
4,39000,34,2,0,0,0
4,39000,36,2,0,0,0
4,39000,38,1,39,0,0
4,39000,38,2,0,0,0
4,39000,47,1,1,0,0
4,39000,50,1,14,0,0
4,39000,55,2,0,0,0
4,39000,58,2,0,0,0
4,39000,59,2,0,0,0
4,39000,61,2,0,0,0
4,39000,66,2,0,0,0
4,39000,68,2,0,0,0
4,39000,69,2,0,0,0
4,39000,70,2,0,0,0
4,39000,76,2,0,0,0
4,39000,85,2,0,0,0
4,39000,86,2,0,0,0
4,39000,87,2,0,0,0
4,39000,92,2,0,0,0
4,39000,94,2,0,0,0
4,39000,99,2,0,0,0
4,39000,100,2,0,0,0
4,39000,102,2,0,0,0
4,39000,104,2,0,0,0
4,39000,111,1,19,0,0
4,39000,115,2,0,0,0
4,39000,117,2,0,0,0
4,39000,126,2,0,0,0
4,39000,130,2,0,0,0
4,39000,148,2,0,0,0
4,39000,149,2,0,0,0
4,39000,156,1,29,0,0
4,39000,156,2,0,0,0
4,39000,161,2,0,0,0
4,39000,164,2,0,0,0
4,40000,3,1,1,0,4
4,40000,5,2,0,0,0
4,40000,25,2,0,0,0
4,40000,34,2,0,0,0
4,40000,36,2,0,0,0
4,40000,38,2,0,0,0
4,40000,47,1,1,0,1
4,40000,50,1,1,0,2
4,40000,55,2,0,0,0
4,40000,58,2,0,0,0
4,40000,59,2,0,0,0
4,40000,61,2,0,0,0
4,40000,63,2,0,0,0
4,40000,66,2,0,0,0
4,40000,68,2,0,0,0
4,40000,69,2,0,0,0
4,40000,70,2,0,0,0
4,40000,76,2,0,0,0
4,40000,85,2,0,0,0
4,40000,86,2,0,0,0
4,40000,87,2,0,0,0
4,40000,92,2,0,0,0
4,40000,94,2,0,0,0
4,40000,99,2,0,0,0
4,40000,100,2,0,0,0
4,40000,102,2,0,0,0
4,40000,104,2,0,0,0
4,40000,111,1,1,0,3
4,40000,115,2,0,0,0
4,40000,117,2,0,0,0
4,40000,126,2,0,0,0
4,40000,130,2,0,0,0
4,40000,148,2,0,0,0
4,40000,149,2,0,0,0
4,40000,156,2,0,0,0
4,40000,161,2,0,0,0
4,40000,164,2,0,0,0
4,41000,13,2,0,0,0
4,41000,17,1,28,0,0
4,41000,18,2,0,0,0
4,41000,36,2,0,0,0
4,41000,38,2,0,0,0
4,41000,44,1,15,0,0
4,41000,48,1,10,0,0
4,41000,72,2,0,0,0
4,41000,92,2,0,0,0
4,41000,99,2,0,0,0
4,41000,102,2,0,0,0
4,41000,104,2,0,0,0
4,41000,109,1,21,0,0
4,41000,114,1,36,0,0
4,41000,117,2,0,0,0
4,41000,129,2,0,0,0
4,41000,141,1,1,0,0
4,41000,156,2,0,0,0
4,41000,164,2,0,0,0
4,42000,13,2,0,0,0
4,42000,17,1,32,0,0
4,42000,18,2,0,0,0
4,42000,36,2,0,0,0
4,42000,38,2,0,0,0
4,42000,44,1,1,0,3
4,42000,44,1,15,0,0
4,42000,48,1,10,0,0
4,42000,63,2,0,0,0
4,42000,72,2,0,0,0
4,42000,92,2,0,0,0
4,42000,99,2,0,0,0
4,42000,102,2,0,0,0
4,42000,103,1,1,0,2
4,42000,104,2,0,0,0
4,42000,109,1,21,0,0
4,42000,114,1,43,0,0
4,42000,117,2,0,0,0
4,42000,129,2,0,0,0
4,42000,141,1,1,0,1
4,42000,156,2,0,0,0
4,42000,164,2,0,0,0
4,43000,14,2,0,0,0
4,43000,15,2,0,0,0
4,43000,36,2,0,0,0
4,43000,38,2,0,0,0
4,43000,51,1,24,0,0
4,43000,71,1,1,0,0
4,43000,72,2,0,0,0
4,43000,76,1,46,0,0
4,43000,76,2,0,0,0
4,43000,77,1,15,0,0
4,43000,78,1,17,0,0
4,43000,79,1,19,0,0
4,43000,80,1,33,0,0
4,43000,92,2,0,0,0
4,43000,99,2,0,0,0
4,43000,102,2,0,0,0
4,43000,104,2,0,0,0
4,43000,115,2,0,0,0
4,43000,117,2,0,0,0
4,43000,156,2,0,0,0
4,43000,164,2,0,0,0
4,44000,14,2,0,0,0
4,44000,15,2,0,0,0
4,44000,36,2,0,0,0
4,44000,38,2,0,0,0
4,44000,51,1,28,0,0
4,44000,71,1,1,0,1
4,44000,72,2,0,0,0
4,44000,76,1,52,0,0
4,44000,76,2,0,0,0
4,44000,77,1,1,0,2
4,44000,77,1,15,0,0
4,44000,78,1,1,0,3
4,44000,78,1,17,0,0
4,44000,79,1,19,0,0
4,44000,80,1,38,0,0
4,44000,92,2,0,0,0
4,44000,99,2,0,0,0
4,44000,102,2,0,0,0
4,44000,104,2,0,0,0
4,44000,115,2,0,0,0
4,44000,117,2,0,0,0
4,44000,156,2,0,0,0
4,44000,164,2,0,0,0
4,45000,14,2,0,0,0
4,45000,15,2,0,0,0
4,45000,34,2,0,0,0
4,45000,36,2,0,0,0
4,45000,38,2,0,0,0
4,45000,51,1,1,0,3
4,45000,63,2,0,0,0
4,45000,72,2,0,0,0
4,45000,76,2,0,0,0
4,45000,77,1,15,0,0
4,45000,78,1,1,0,1
4,45000,78,1,17,0,0
4,45000,79,1,1,0,2
4,45000,79,1,19,0,0
4,45000,80,1,1,0,4
4,45000,92,2,0,0,0
4,45000,99,2,0,0,0
4,45000,102,2,0,0,0
4,45000,104,2,0,0,0
4,45000,115,2,0,0,0
4,45000,117,2,0,0,0
4,45000,156,2,0,0,0
4,45000,164,2,0,0,0
4,46000,10,1,1,0,0
4,46000,14,2,0,0,0
4,46000,15,2,0,0,0
4,46000,34,2,0,0,0
4,46000,36,2,0,0,0
4,46000,38,2,0,0,0
4,46000,72,2,0,0,0
4,46000,74,1,41,0,0
4,46000,76,2,0,0,0
4,46000,78,1,13,0,0
4,46000,91,2,0,0,0
4,46000,92,2,0,0,0
4,46000,99,2,0,0,0
4,46000,102,2,0,0,0
4,46000,104,2,0,0,0
4,46000,115,2,0,0,0
4,46000,117,2,0,0,0
4,46000,130,2,0,0,0
4,46000,141,1,20,0,0
4,46000,147,1,27,0,0
4,46000,156,2,0,0,0
4,46000,163,1,34,0,0
4,46000,164,2,0,0,0
4,47000,10,1,1,0,1
4,47000,14,2,0,0,0
4,47000,15,2,0,0,0
4,47000,34,2,0,0,0
4,47000,36,2,0,0,0
4,47000,38,2,0,0,0
4,47000,63,2,0,0,0
4,47000,72,2,0,0,0
4,47000,74,1,48,0,0
4,47000,76,2,0,0,0
4,47000,78,1,1,0,2
4,47000,78,1,13,0,0
4,47000,91,2,0,0,0
4,47000,92,2,0,0,0
4,47000,99,2,0,0,0
4,47000,102,2,0,0,0
4,47000,104,2,0,0,0
4,47000,115,2,0,0,0
4,47000,117,2,0,0,0
4,47000,130,2,0,0,0
4,47000,141,1,1,0,3
4,47000,141,1,20,0,0
4,47000,147,1,30,0,0
4,47000,156,2,0,0,0
4,47000,163,1,39,0,0
4,47000,164,2,0,0,0
4,48000,33,1,1,0,1
4,48000,36,2,0,0,0
4,48000,38,2,0,0,0
4,48000,48,1,11,0,0
4,48000,50,1,1,0,2
4,48000,60,1,35,0,0
4,48000,72,2,0,0,0
4,48000,76,2,0,0,0
4,48000,77,1,22,0,0
4,48000,78,1,30,0,0
4,48000,79,1,38,0,0
4,48000,92,2,0,0,0
4,48000,93,1,19,0,0
4,48000,94,1,43,0,0
4,48000,94,2,0,0,0
4,48000,99,2,0,0,0
4,48000,102,2,0,0,0
4,48000,104,2,0,0,0
4,48000,115,2,0,0,0
4,48000,117,2,0,0,0
4,48000,141,1,27,0,0
4,48000,148,2,0,0,0
4,48000,149,2,0,0,0
4,48000,156,2,0,0,0
4,48000,164,2,0,0,0
4,49000,13,2,0,0,0
4,49000,18,2,0,0,0
4,49000,33,1,1,0,1
4,49000,36,2,0,0,0
4,49000,38,2,0,0,0
4,49000,48,1,1,0,3
4,49000,50,1,1,0,2
4,49000,60,1,38,0,0
4,49000,63,2,0,0,0
4,49000,72,2,0,0,0
4,49000,76,2,0,0,0
4,49000,77,1,22,0,0
4,49000,78,1,30,0,0
4,49000,79,1,43,0,0
4,49000,92,2,0,0,0
4,49000,93,1,1,0,4
4,49000,94,1,50,0,0
4,49000,94,2,0,0,0
4,49000,99,2,0,0,0
4,49000,100,2,0,0,0
4,49000,102,2,0,0,0
4,49000,104,2,0,0,0
4,49000,115,2,0,0,0
4,49000,117,2,0,0,0
4,49000,129,2,0,0,0
4,49000,141,1,27,0,0
4,49000,148,2,0,0,0
4,49000,149,2,0,0,0
4,49000,156,2,0,0,0
4,49000,164,2,0,0,0
4,50000,10,1,1,0,0
4,50000,15,2,0,0,0
4,50000,28,1,24,0,0
4,50000,34,2,0,0,0
4,50000,36,2,0,0,0
4,50000,38,2,0,0,0
4,50000,45,1,15,0,0
4,50000,89,1,40,0,0
4,50000,89,2,0,0,0
4,50000,90,2,0,0,0
4,50000,91,1,19,0,0
4,50000,91,2,0,0,0
4,50000,92,2,0,0,0
4,50000,99,2,0,0,0
4,50000,102,2,0,0,0
4,50000,104,2,0,0,0
4,50000,117,2,0,0,0
4,50000,156,2,0,0,0
4,50000,157,2,0,0,0
4,50000,163,1,31,0,0
4,50000,164,2,0,0,0
4,51000,10,1,1,0,1
4,51000,15,2,0,0,0
4,51000,28,1,24,0,0
4,51000,34,2,0,0,0
4,51000,36,2,0,0,0
4,51000,38,2,0,0,0
4,51000,45,1,1,0,2
4,51000,45,1,15,0,0
4,51000,63,2,0,0,0
4,51000,89,1,47,0,0
4,51000,89,2,0,0,0
4,51000,90,2,0,0,0
4,51000,91,1,1,0,3
4,51000,91,1,19,0,0
4,51000,91,2,0,0,0
4,51000,92,2,0,0,0
4,51000,99,2,0,0,0
4,51000,102,2,0,0,0
4,51000,104,2,0,0,0
4,51000,117,2,0,0,0
4,51000,156,2,0,0,0
4,51000,157,2,0,0,0
4,51000,163,1,35,0,0
4,51000,164,2,0,0,0
4,52000,6,1,17,0,0
4,52000,6,2,0,0,0
4,52000,10,1,1,0,1
4,52000,34,2,0,0,0
4,52000,36,2,0,0,0
4,52000,38,2,0,0,0
4,52000,44,1,12,0,0
4,52000,45,1,1,0,2
4,52000,55,2,0,0,0
4,52000,61,2,0,0,0
4,52000,85,2,0,0,0
4,52000,87,2,0,0,0
4,52000,92,2,0,0,0
4,52000,99,2,0,0,0
4,52000,102,2,0,0,0
4,52000,103,1,24,0,0
4,52000,104,2,0,0,0
4,52000,117,2,0,0,0
4,52000,129,2,0,0,0
4,52000,130,2,0,0,0
4,52000,154,1,33,0,0
4,52000,156,2,0,0,0
4,52000,163,1,44,0,0
4,52000,164,2,0,0,0
4,53000,6,1,17,0,0
4,53000,6,2,0,0,0
4,53000,10,1,1,0,1
4,53000,34,2,0,0,0
4,53000,36,2,0,0,0
4,53000,38,2,0,0,0
4,53000,44,1,1,0,3
4,53000,44,1,12,0,0
4,53000,45,1,1,0,2
4,53000,55,2,0,0,0
4,53000,61,2,0,0,0
4,53000,63,2,0,0,0
4,53000,85,2,0,0,0
4,53000,87,2,0,0,0
4,53000,92,2,0,0,0
4,53000,99,2,0,0,0
4,53000,102,2,0,0,0
4,53000,103,1,1,0,4
4,53000,103,1,24,0,0
4,53000,104,2,0,0,0
4,53000,117,2,0,0,0
4,53000,129,2,0,0,0
4,53000,130,2,0,0,0
4,53000,154,1,37,0,0
4,53000,156,2,0,0,0
4,53000,163,1,51,0,0
4,53000,164,2,0,0,0
4,54000,5,2,0,0,0
4,54000,6,2,0,0,0
4,54000,10,1,1,0,0
4,54000,25,2,0,0,0
4,54000,34,2,0,0,0
4,54000,36,2,0,0,0
4,54000,38,2,0,0,0
4,54000,39,1,28,0,0
4,54000,50,1,31,0,0
4,54000,55,2,0,0,0
4,54000,56,1,52,0,0
4,54000,57,2,0,0,0
4,54000,58,2,0,0,0
4,54000,59,2,0,0,0
4,54000,61,2,0,0,0
4,54000,66,2,0,0,0
4,54000,68,2,0,0,0
4,54000,69,2,0,0,0
4,54000,70,2,0,0,0
4,54000,91,2,0,0,0
4,54000,92,2,0,0,0
4,54000,93,1,36,0,0
4,54000,99,2,0,0,0
4,54000,102,2,0,0,0
4,54000,104,2,0,0,0
4,54000,117,2,0,0,0
4,54000,129,2,0,0,0
4,54000,130,2,0,0,0
4,54000,154,1,43,0,0
4,54000,156,2,0,0,0
4,54000,164,2,0,0,0
4,55000,5,2,0,0,0
4,55000,6,2,0,0,0
4,55000,10,1,1,0,1
4,55000,25,2,0,0,0
4,55000,34,2,0,0,0
4,55000,36,2,0,0,0
4,55000,38,2,0,0,0
4,55000,39,1,1,0,2
4,55000,39,1,28,0,0
4,55000,50,1,1,0,3
4,55000,50,1,31,0,0
4,55000,55,2,0,0,0
4,55000,56,1,59,0,0
4,55000,57,2,0,0,0
4,55000,58,2,0,0,0
4,55000,59,2,0,0,0
4,55000,61,2,0,0,0
4,55000,63,2,0,0,0
4,55000,66,2,0,0,0
4,55000,68,2,0,0,0
4,55000,69,2,0,0,0
4,55000,70,2,0,0,0
4,55000,91,2,0,0,0
4,55000,92,2,0,0,0
4,55000,93,1,39,0,0
4,55000,99,2,0,0,0
4,55000,102,2,0,0,0
4,55000,104,2,0,0,0
4,55000,117,2,0,0,0
4,55000,129,2,0,0,0
4,55000,130,2,0,0,0
4,55000,154,1,48,0,0
4,55000,156,2,0,0,0
4,55000,164,2,0,0,0
4,56000,2,1,15,0,0
4,56000,5,2,0,0,0
4,56000,6,2,0,0,0
4,56000,10,1,1,0,1
4,56000,25,2,0,0,0
4,56000,34,2,0,0,0
4,56000,36,2,0,0,0
4,56000,37,1,39,0,0
4,56000,38,2,0,0,0
4,56000,43,1,1,0,2
4,56000,66,2,0,0,0
4,56000,67,1,9,0,0
4,56000,68,2,0,0,0
4,56000,69,1,33,0,0
4,56000,69,2,0,0,0
4,56000,70,2,0,0,0
4,56000,85,2,0,0,0
4,56000,87,2,0,0,0
4,56000,91,2,0,0,0
4,56000,92,2,0,0,0
4,56000,99,2,0,0,0
4,56000,102,2,0,0,0
4,56000,103,1,45,0,0
4,56000,104,2,0,0,0
4,56000,116,1,27,0,0
4,56000,117,2,0,0,0
4,56000,118,2,0,0,0
4,56000,129,2,0,0,0
4,56000,130,2,0,0,0
4,56000,154,1,21,0,0
4,56000,156,2,0,0,0
4,56000,157,2,0,0,0
4,56000,164,2,0,0,0
4,57000,2,1,1,0,4
4,57000,2,1,15,0,0
4,57000,5,2,0,0,0
4,57000,6,2,0,0,0
4,57000,10,1,1,0,1
4,57000,25,2,0,0,0
4,57000,34,2,0,0,0
4,57000,36,2,0,0,0
4,57000,37,1,46,0,0
4,57000,38,2,0,0,0
4,57000,43,1,1,0,2
4,57000,63,2,0,0,0
4,57000,66,2,0,0,0
4,57000,67,1,1,0,3
4,57000,67,1,9,0,0
4,57000,68,2,0,0,0
4,57000,69,1,37,0,0
4,57000,69,2,0,0,0
4,57000,70,2,0,0,0
4,57000,85,2,0,0,0
4,57000,87,2,0,0,0
4,57000,91,2,0,0,0
4,57000,92,2,0,0,0
4,57000,99,1,28,0,0
4,57000,99,2,0,0,0
4,57000,102,2,0,0,0
4,57000,103,1,45,0,0
4,57000,104,2,0,0,0
4,57000,116,1,27,0,0
4,57000,117,2,0,0,0
4,57000,118,2,0,0,0
4,57000,129,2,0,0,0
4,57000,130,2,0,0,0
4,57000,154,1,21,0,0
4,57000,156,2,0,0,0
4,57000,157,2,0,0,0
4,57000,164,2,0,0,0
4,58000,34,2,0,0,0
4,58000,36,1,30,0,0
4,58000,36,2,0,0,0
4,58000,38,2,0,0,0
4,58000,43,1,23,0,0
4,58000,44,1,1,0,1
4,58000,46,1,1,0,2
4,58000,52,1,18,0,0
4,58000,53,1,50,0,0
4,58000,82,2,0,0,0
4,58000,91,2,0,0,0
4,58000,92,2,0,0,0
4,58000,97,1,39,0,0
4,58000,99,2,0,0,0
4,58000,102,2,0,0,0
4,58000,104,2,0,0,0
4,58000,115,2,0,0,0
4,58000,117,2,0,0,0
4,58000,126,2,0,0,0
4,58000,129,2,0,0,0
4,58000,130,2,0,0,0
4,58000,156,2,0,0,0
4,58000,164,2,0,0,0
4,59000,34,2,0,0,0
4,59000,36,1,1,0,4
4,59000,36,2,0,0,0
4,59000,38,2,0,0,0
4,59000,43,1,1,0,3
4,59000,46,1,1,0,1
4,59000,52,1,1,0,2
4,59000,63,2,0,0,0
4,59000,82,2,0,0,0
4,59000,91,2,0,0,0
4,59000,92,2,0,0,0
4,59000,99,2,0,0,0
4,59000,100,2,0,0,0
4,59000,102,2,0,0,0
4,59000,104,2,0,0,0
4,59000,115,2,0,0,0
4,59000,117,2,0,0,0
4,59000,126,2,0,0,0
4,59000,129,2,0,0,0
4,59000,130,2,0,0,0
4,59000,156,2,0,0,0
4,59000,164,2,0,0,0
4,60000,3,1,25,0,0
4,60000,34,1,31,0,0
4,60000,34,2,0,0,0
4,60000,36,2,0,0,0
4,60000,38,2,0,0,0
4,60000,55,1,19,0,0
4,60000,55,2,0,0,0
4,60000,56,1,45,0,0
4,60000,57,2,0,0,0
4,60000,58,2,0,0,0
4,60000,59,2,0,0,0
4,60000,61,2,0,0,0
4,60000,92,2,0,0,0
4,60000,94,2,0,0,0
4,60000,95,1,16,0,0
4,60000,99,2,0,0,0
4,60000,102,2,0,0,0
4,60000,104,2,0,0,0
4,60000,117,2,0,0,0
4,60000,130,2,0,0,0
4,60000,133,1,38,0,0
4,60000,145,1,1,0,0
4,60000,149,2,0,0,0
4,60000,156,2,0,0,0
4,60000,164,2,0,0,0
4,61000,3,1,26,0,0
4,61000,5,2,0,0,0
4,61000,25,2,0,0,0
4,61000,34,1,33,0,0
4,61000,34,2,0,0,0
4,61000,36,2,0,0,0
4,61000,38,2,0,0,0
4,61000,55,1,1,0,3
4,61000,55,1,19,0,0
4,61000,55,2,0,0,0
4,61000,56,1,49,0,0
4,61000,57,2,0,0,0
4,61000,58,2,0,0,0
4,61000,59,2,0,0,0
4,61000,61,2,0,0,0
4,61000,66,2,0,0,0
4,61000,68,2,0,0,0
4,61000,69,2,0,0,0
4,61000,70,2,0,0,0
4,61000,89,2,0,0,0
4,61000,90,2,0,0,0
4,61000,92,2,0,0,0
4,61000,94,2,0,0,0
4,61000,95,1,1,0,2
4,61000,95,1,16,0,0
4,61000,99,2,0,0,0
4,61000,102,2,0,0,0
4,61000,104,2,0,0,0
4,61000,117,2,0,0,0
4,61000,118,2,0,0,0
4,61000,130,2,0,0,0
4,61000,133,1,41,0,0
4,61000,145,1,1,0,1
4,61000,149,2,0,0,0
4,61000,156,2,0,0,0
4,61000,164,2,0,0,0
4,62000,3,1,1,0,3
4,62000,5,2,0,0,0
4,62000,25,2,0,0,0
4,62000,34,1,1,0,4
4,62000,34,2,0,0,0
4,62000,36,2,0,0,0
4,62000,38,2,0,0,0
4,62000,55,1,1,0,2
4,62000,55,1,19,0,0
4,62000,55,2,0,0,0
4,62000,57,2,0,0,0
4,62000,58,2,0,0,0
4,62000,59,2,0,0,0
4,62000,61,2,0,0,0
4,62000,63,2,0,0,0
4,62000,66,2,0,0,0
4,62000,68,2,0,0,0
4,62000,69,2,0,0,0
4,62000,70,2,0,0,0
4,62000,89,2,0,0,0
4,62000,90,2,0,0,0
4,62000,92,2,0,0,0
4,62000,94,2,0,0,0
4,62000,95,1,1,0,1
4,62000,95,1,16,0,0
4,62000,99,2,0,0,0
4,62000,102,2,0,0,0
4,62000,104,2,0,0,0
4,62000,117,2,0,0,0
4,62000,118,2,0,0,0
4,62000,130,2,0,0,0
4,62000,149,2,0,0,0
4,62000,156,2,0,0,0
4,62000,164,2,0,0,0
4,63000,5,2,0,0,0
4,63000,25,2,0,0,0
4,63000,34,2,0,0,0
4,63000,36,2,0,0,0
4,63000,38,2,0,0,0
4,63000,66,2,0,0,0
4,63000,68,2,0,0,0
4,63000,69,2,0,0,0
4,63000,86,2,0,0,0
4,63000,92,2,0,0,0
4,63000,94,2,0,0,0
4,63000,99,2,0,0,0
4,63000,100,1,1,0,0
4,63000,100,2,0,0,0
4,63000,102,2,0,0,0
4,63000,104,2,0,0,0
4,63000,115,2,0,0,0
4,63000,117,2,0,0,0
4,63000,118,2,0,0,0
4,63000,130,2,0,0,0
4,63000,148,2,0,0,0
4,63000,149,2,0,0,0
4,63000,156,2,0,0,0
4,63000,161,2,0,0,0
4,63000,164,2,0,0,0
4,64000,5,2,0,0,0
4,64000,25,2,0,0,0
4,64000,34,2,0,0,0
4,64000,36,2,0,0,0
4,64000,38,2,0,0,0
4,64000,50,1,20,0,0
4,64000,60,1,27,0,0
4,64000,66,2,0,0,0
4,64000,68,2,0,0,0
4,64000,69,2,0,0,0
4,64000,86,2,0,0,0
4,64000,91,2,0,0,0
4,64000,92,2,0,0,0
4,64000,93,1,16,0,0
4,64000,94,1,38,0,0
4,64000,94,2,0,0,0
4,64000,99,2,0,0,0
4,64000,100,1,1,0,1
4,64000,100,2,0,0,0
4,64000,102,2,0,0,0
4,64000,104,2,0,0,0
4,64000,105,1,31,0,0
4,64000,115,1,42,0,0
4,64000,115,2,0,0,0
4,64000,117,2,0,0,0
4,64000,118,2,0,0,0
4,64000,130,2,0,0,0
4,64000,134,1,1,0,2
4,64000,148,2,0,0,0
4,64000,149,2,0,0,0
4,64000,156,2,0,0,0
4,64000,161,2,0,0,0
4,64000,164,2,0,0,0
4,65000,5,2,0,0,0
4,65000,25,2,0,0,0
4,65000,34,2,0,0,0
4,65000,36,2,0,0,0
4,65000,38,2,0,0,0
4,65000,50,1,20,0,0
4,65000,60,1,27,0,0
4,65000,63,2,0,0,0
4,65000,66,2,0,0,0
4,65000,68,2,0,0,0
4,65000,69,2,0,0,0
4,65000,86,2,0,0,0
4,65000,91,2,0,0,0
4,65000,92,2,0,0,0
4,65000,93,1,16,0,0
4,65000,94,1,38,0,0
4,65000,94,2,0,0,0
4,65000,99,2,0,0,0
4,65000,100,1,1,0,1
4,65000,100,2,0,0,0
4,65000,102,2,0,0,0
4,65000,104,2,0,0,0
4,65000,105,1,31,0,0
4,65000,115,1,42,0,0
4,65000,115,2,0,0,0
4,65000,117,2,0,0,0
4,65000,118,2,0,0,0
4,65000,130,2,0,0,0
4,65000,134,1,1,0,2
4,65000,148,2,0,0,0
4,65000,149,2,0,0,0
4,65000,156,2,0,0,0
4,65000,161,2,0,0,0
4,65000,164,2,0,0,0
4,66000,2,1,1,0,0
4,66000,5,2,0,0,0
4,66000,25,2,0,0,0
4,66000,34,2,0,0,0
4,66000,36,2,0,0,0
4,66000,38,2,0,0,0
4,66000,43,1,25,0,0
4,66000,66,1,46,0,0
4,66000,66,2,0,0,0
4,66000,67,1,20,0,0
4,66000,68,2,0,0,0
4,66000,69,1,39,0,0
4,66000,69,2,0,0,0
4,66000,70,2,0,0,0
4,66000,89,2,0,0,0
4,66000,90,2,0,0,0
4,66000,91,2,0,0,0
4,66000,92,2,0,0,0
4,66000,99,2,0,0,0
4,66000,102,2,0,0,0
4,66000,104,2,0,0,0
4,66000,116,1,32,0,0
4,66000,117,2,0,0,0
4,66000,118,2,0,0,0
4,66000,126,2,0,0,0
4,66000,130,2,0,0,0
4,66000,156,2,0,0,0
4,66000,157,2,0,0,0
4,66000,164,2,0,0,0
4,67000,2,1,1,0,1
4,67000,5,2,0,0,0
4,67000,25,2,0,0,0
4,67000,34,2,0,0,0
4,67000,36,2,0,0,0
4,67000,38,2,0,0,0
4,67000,43,1,1,0,3
4,67000,43,1,25,0,0
4,67000,66,1,52,0,0
4,67000,66,2,0,0,0
4,67000,67,1,1,0,2
4,67000,67,1,20,0,0
4,67000,68,2,0,0,0
4,67000,69,1,44,0,0
4,67000,69,2,0,0,0
4,67000,70,2,0,0,0
4,67000,89,2,0,0,0
4,67000,90,2,0,0,0
4,67000,91,2,0,0,0
4,67000,92,2,0,0,0
4,67000,99,2,0,0,0
4,67000,102,2,0,0,0
4,67000,104,2,0,0,0
4,67000,116,1,36,0,0
4,67000,117,2,0,0,0
4,67000,118,2,0,0,0
4,67000,126,2,0,0,0
4,67000,130,2,0,0,0
4,67000,156,2,0,0,0
4,67000,157,2,0,0,0
4,67000,164,2,0,0,0
4,68000,2,1,1,0,1
4,68000,5,2,0,0,0
4,68000,25,2,0,0,0
4,68000,34,2,0,0,0
4,68000,36,2,0,0,0
4,68000,38,2,0,0,0
4,68000,43,1,1,0,3
4,68000,43,1,25,0,0
4,68000,63,2,0,0,0
4,68000,66,1,52,0,0
4,68000,66,2,0,0,0
4,68000,67,1,1,0,2
4,68000,67,1,20,0,0
4,68000,68,2,0,0,0
4,68000,69,1,44,0,0
4,68000,69,2,0,0,0
4,68000,70,2,0,0,0
4,68000,89,2,0,0,0
4,68000,90,2,0,0,0
4,68000,91,2,0,0,0
4,68000,92,2,0,0,0
4,68000,99,2,0,0,0
4,68000,102,2,0,0,0
4,68000,104,2,0,0,0
4,68000,116,1,36,0,0
4,68000,117,2,0,0,0
4,68000,118,2,0,0,0
4,68000,126,2,0,0,0
4,68000,130,2,0,0,0
4,68000,156,2,0,0,0
4,68000,157,2,0,0,0
4,68000,164,2,0,0,0
4,69000,14,2,0,0,0
4,69000,15,2,0,0,0
4,69000,21,1,42,0,0
4,69000,22,1,1,0,1
4,69000,35,1,13,0,0
4,69000,36,2,0,0,0
4,69000,38,2,0,0,0
4,69000,51,1,26,0,0
4,69000,72,2,0,0,0
4,69000,74,1,1,0,2
4,69000,75,1,33,0,0
4,69000,76,2,0,0,0
4,69000,77,1,15,0,0
4,69000,78,1,21,0,0
4,69000,79,1,18,0,0
4,69000,92,2,0,0,0
4,69000,99,2,0,0,0
4,69000,102,2,0,0,0
4,69000,104,2,0,0,0
4,69000,115,2,0,0,0
4,69000,117,2,0,0,0
4,69000,156,2,0,0,0
4,69000,164,2,0,0,0
4,70000,14,2,0,0,0
4,70000,15,2,0,0,0
4,70000,21,1,49,0,0
4,70000,22,1,1,0,1
4,70000,35,1,1,0,3
4,70000,35,1,13,0,0
4,70000,36,2,0,0,0
4,70000,38,2,0,0,0
4,70000,51,1,29,0,0
4,70000,72,2,0,0,0
4,70000,74,1,1,0,2
4,70000,75,1,38,0,0
4,70000,76,2,0,0,0
4,70000,77,1,15,0,0
4,70000,78,1,23,0,0
4,70000,79,1,18,0,0
4,70000,92,2,0,0,0
4,70000,99,2,0,0,0
4,70000,102,2,0,0,0
4,70000,104,2,0,0,0
4,70000,115,2,0,0,0
4,70000,117,2,0,0,0
4,70000,156,2,0,0,0
4,70000,164,2,0,0,0
4,71000,14,2,0,0,0
4,71000,15,2,0,0,0
4,71000,34,2,0,0,0
4,71000,35,1,13,0,0
4,71000,36,2,0,0,0
4,71000,38,2,0,0,0
4,71000,51,1,1,0,3
4,71000,63,2,0,0,0
4,71000,72,2,0,0,0
4,71000,75,1,1,0,4
4,71000,76,2,0,0,0
4,71000,77,1,15,0,0
4,71000,78,1,1,0,2
4,71000,79,1,1,0,1
4,71000,79,1,18,0,0
4,71000,92,2,0,0,0
4,71000,99,2,0,0,0
4,71000,102,2,0,0,0
4,71000,104,2,0,0,0
4,71000,115,2,0,0,0
4,71000,117,2,0,0,0
4,71000,156,2,0,0,0
4,71000,164,2,0,0,0
4,72000,14,2,0,0,0
4,72000,15,2,0,0,0
4,72000,35,1,13,0,0
4,72000,36,2,0,0,0
4,72000,38,2,0,0,0
4,72000,40,1,18,0,0
4,72000,48,1,7,0,0
4,72000,51,1,1,0,0
4,72000,55,1,22,0,0
4,72000,55,2,0,0,0
4,72000,56,1,48,0,0
4,72000,57,2,0,0,0
4,72000,58,2,0,0,0
4,72000,59,2,0,0,0
4,72000,61,2,0,0,0
4,72000,72,2,0,0,0
4,72000,92,2,0,0,0
4,72000,99,2,0,0,0
4,72000,102,2,0,0,0
4,72000,103,1,40,0,0
4,72000,104,2,0,0,0
4,72000,112,1,33,0,0
4,72000,115,2,0,0,0
4,72000,117,2,0,0,0
4,72000,130,2,0,0,0
4,72000,132,1,27,0,0
4,72000,156,2,0,0,0
4,72000,164,2,0,0,0
4,73000,14,2,0,0,0
4,73000,15,2,0,0,0
4,73000,35,1,1,0,3
4,73000,35,1,13,0,0
4,73000,36,2,0,0,0
4,73000,38,2,0,0,0
4,73000,40,1,18,0,0
4,73000,48,1,1,0,2
4,73000,48,1,7,0,0
4,73000,51,1,1,0,1
4,73000,55,1,22,0,0
4,73000,55,2,0,0,0
4,73000,56,1,50,0,0
4,73000,57,2,0,0,0
4,73000,58,2,0,0,0
4,73000,59,2,0,0,0
4,73000,61,2,0,0,0
4,73000,63,2,0,0,0
4,73000,72,2,0,0,0
4,73000,92,2,0,0,0
4,73000,99,2,0,0,0
4,73000,102,2,0,0,0
4,73000,103,1,43,0,0
4,73000,104,2,0,0,0
4,73000,112,1,35,0,0
4,73000,115,2,0,0,0
4,73000,117,2,0,0,0
4,73000,130,2,0,0,0
4,73000,132,1,27,0,0
4,73000,156,2,0,0,0
4,73000,164,2,0,0,0
4,74000,5,2,0,0,0
4,74000,33,1,1,0,0
4,74000,34,2,0,0,0
4,74000,36,2,0,0,0
4,74000,38,2,0,0,0
4,74000,66,2,0,0,0
4,74000,68,2,0,0,0
4,74000,69,2,0,0,0
4,74000,70,2,0,0,0
4,74000,88,1,16,0,0
4,74000,89,1,31,0,0
4,74000,89,2,0,0,0
4,74000,90,2,0,0,0
4,74000,91,2,0,0,0
4,74000,92,2,0,0,0
4,74000,99,2,0,0,0
4,74000,102,2,0,0,0
4,74000,104,2,0,0,0
4,74000,106,1,26,0,0
4,74000,111,1,11,0,0
4,74000,117,2,0,0,0
4,74000,118,2,0,0,0
4,74000,120,1,21,0,0
4,74000,120,2,0,0,0
4,74000,126,2,0,0,0
4,74000,153,1,36,0,0
4,74000,153,2,0,0,0
4,74000,156,2,0,0,0
4,74000,157,2,0,0,0
4,74000,164,2,0,0,0
4,75000,5,2,0,0,0
4,75000,33,1,1,0,1
4,75000,34,2,0,0,0
4,75000,36,2,0,0,0
4,75000,38,2,0,0,0
4,75000,66,2,0,0,0
4,75000,68,2,0,0,0
4,75000,69,2,0,0,0
4,75000,70,2,0,0,0
4,75000,88,1,16,0,0
4,75000,89,1,36,0,0
4,75000,89,2,0,0,0
4,75000,90,2,0,0,0
4,75000,91,2,0,0,0
4,75000,92,2,0,0,0
4,75000,99,2,0,0,0
4,75000,102,2,0,0,0
4,75000,104,2,0,0,0
4,75000,106,1,29,0,0
4,75000,111,1,1,0,2
4,75000,111,1,11,0,0
4,75000,117,2,0,0,0
4,75000,118,2,0,0,0
4,75000,120,1,21,0,0
4,75000,120,2,0,0,0
4,75000,126,2,0,0,0
4,75000,153,1,43,0,0
4,75000,153,2,0,0,0
4,75000,156,2,0,0,0
4,75000,157,2,0,0,0
4,75000,164,2,0,0,0
4,76000,5,2,0,0,0
4,76000,25,2,0,0,0
4,76000,33,1,1,0,1
4,76000,34,2,0,0,0
4,76000,36,2,0,0,0
4,76000,38,2,0,0,0
4,76000,63,2,0,0,0
4,76000,66,2,0,0,0
4,76000,68,2,0,0,0
4,76000,69,2,0,0,0
4,76000,70,2,0,0,0
4,76000,88,1,16,0,0
4,76000,89,1,36,0,0
4,76000,89,2,0,0,0
4,76000,90,2,0,0,0
4,76000,91,2,0,0,0
4,76000,92,2,0,0,0
4,76000,99,2,0,0,0
4,76000,102,2,0,0,0
4,76000,104,2,0,0,0
4,76000,106,1,29,0,0
4,76000,111,1,1,0,2
4,76000,111,1,11,0,0
4,76000,117,2,0,0,0
4,76000,118,2,0,0,0
4,76000,120,1,21,0,0
4,76000,120,2,0,0,0
4,76000,126,2,0,0,0
4,76000,153,1,43,0,0
4,76000,153,2,0,0,0
4,76000,156,2,0,0,0
4,76000,157,2,0,0,0
4,76000,164,2,0,0,0
4,77000,23,1,32,0,0
4,77000,32,2,0,0,0
4,77000,34,2,0,0,0
4,77000,36,1,43,0,0
4,77000,36,2,0,0,0
4,77000,38,2,0,0,0
4,77000,39,1,30,0,0
4,77000,45,1,35,0,0
4,77000,52,1,1,0,0
4,77000,83,1,39,0,0
4,77000,92,2,0,0,0
4,77000,97,1,48,0,0
4,77000,99,2,0,0,0
4,77000,102,2,0,0,0
4,77000,104,2,0,0,0
4,77000,115,2,0,0,0
4,77000,117,2,0,0,0
4,77000,126,2,0,0,0
4,77000,129,2,0,0,0
4,77000,130,2,0,0,0
4,77000,156,2,0,0,0
4,77000,164,2,0,0,0
4,78000,23,1,1,0,3
4,78000,23,1,32,0,0
4,78000,32,2,0,0,0
4,78000,34,2,0,0,0
4,78000,36,1,47,0,0
4,78000,36,2,0,0,0
4,78000,38,2,0,0,0
4,78000,39,1,1,0,2
4,78000,39,1,30,0,0
4,78000,45,1,1,0,4
4,78000,45,1,35,0,0
4,78000,52,1,1,0,1
4,78000,63,2,0,0,0
4,78000,83,1,39,0,0
4,78000,92,2,0,0,0
4,78000,97,1,55,0,0
4,78000,99,2,0,0,0
4,78000,102,2,0,0,0
4,78000,104,2,0,0,0
4,78000,115,2,0,0,0
4,78000,117,2,0,0,0
4,78000,126,2,0,0,0
4,78000,129,2,0,0,0
4,78000,130,2,0,0,0
4,78000,156,2,0,0,0
4,78000,164,2,0,0,0
4,79000,6,2,0,0,0
4,79000,29,1,22,0,0
4,79000,34,2,0,0,0
4,79000,36,2,0,0,0
4,79000,38,2,0,0,0
4,79000,45,1,27,0,0
4,79000,50,1,18,0,0
4,79000,55,1,33,0,0
4,79000,55,2,0,0,0
4,79000,57,2,0,0,0
4,79000,58,2,0,0,0
4,79000,59,2,0,0,0
4,79000,61,2,0,0,0
4,79000,70,2,0,0,0
4,79000,86,2,0,0,0
4,79000,89,2,0,0,0
4,79000,90,2,0,0,0
4,79000,91,2,0,0,0
4,79000,92,2,0,0,0
4,79000,93,1,1,0,0
4,79000,94,1,48,0,0
4,79000,94,2,0,0,0
4,79000,99,2,0,0,0
4,79000,100,2,0,0,0
4,79000,102,2,0,0,0
4,79000,104,2,0,0,0
4,79000,115,2,0,0,0
4,79000,117,2,0,0,0
4,79000,126,2,0,0,0
4,79000,129,2,0,0,0
4,79000,130,2,0,0,0
4,79000,133,1,40,0,0
4,79000,148,2,0,0,0
4,79000,149,2,0,0,0
4,79000,156,2,0,0,0
4,79000,161,2,0,0,0
4,79000,164,2,0,0,0
4,80000,5,2,0,0,0
4,80000,6,2,0,0,0
4,80000,25,2,0,0,0
4,80000,29,1,1,0,3
4,80000,29,1,22,0,0
4,80000,34,2,0,0,0
4,80000,36,2,0,0,0
4,80000,38,2,0,0,0
4,80000,45,1,27,0,0
4,80000,50,1,1,0,2
4,80000,50,1,18,0,0
4,80000,55,1,33,0,0
4,80000,55,2,0,0,0
4,80000,57,2,0,0,0
4,80000,58,2,0,0,0
4,80000,59,2,0,0,0
4,80000,61,2,0,0,0
4,80000,63,2,0,0,0
4,80000,66,2,0,0,0
4,80000,68,2,0,0,0
4,80000,69,2,0,0,0
4,80000,70,2,0,0,0
4,80000,86,2,0,0,0
4,80000,89,2,0,0,0
4,80000,90,2,0,0,0
4,80000,91,2,0,0,0
4,80000,92,2,0,0,0
4,80000,93,1,1,0,1
4,80000,94,1,55,0,0
4,80000,94,2,0,0,0
4,80000,99,2,0,0,0
4,80000,100,2,0,0,0
4,80000,102,2,0,0,0
4,80000,104,2,0,0,0
4,80000,110,1,37,0,0
4,80000,115,2,0,0,0
4,80000,117,2,0,0,0
4,80000,126,2,0,0,0
4,80000,129,2,0,0,0
4,80000,130,2,0,0,0
4,80000,133,1,44,0,0
4,80000,148,2,0,0,0
4,80000,149,2,0,0,0
4,80000,156,2,0,0,0
4,80000,161,2,0,0,0
4,80000,164,2,0,0,0
4,81000,33,1,1,0,0
4,81000,36,2,0,0,0
4,81000,38,2,0,0,0
4,81000,48,1,29,0,0
4,81000,49,1,21,0,0
4,81000,84,1,25,0,0
4,81000,85,2,0,0,0
4,81000,86,1,35,0,0
4,81000,86,2,0,0,0
4,81000,87,2,0,0,0
4,81000,92,2,0,0,0
4,81000,99,2,0,0,0
4,81000,100,2,0,0,0
4,81000,102,2,0,0,0
4,81000,103,1,47,0,0
4,81000,104,2,0,0,0
4,81000,115,2,0,0,0
4,81000,117,2,0,0,0
4,81000,129,1,41,0,0
4,81000,129,2,0,0,0
4,81000,148,2,0,0,0
4,81000,156,2,0,0,0
4,81000,164,2,0,0,0
4,82000,33,1,1,0,1
4,82000,36,2,0,0,0
4,82000,38,2,0,0,0
4,82000,48,1,29,0,0
4,82000,49,1,1,0,2
4,82000,49,1,21,0,0
4,82000,63,2,0,0,0
4,82000,84,1,1,0,3
4,82000,84,1,25,0,0
4,82000,85,2,0,0,0
4,82000,86,1,38,0,0
4,82000,86,2,0,0,0
4,82000,87,2,0,0,0
4,82000,92,2,0,0,0
4,82000,99,2,0,0,0
4,82000,100,2,0,0,0
4,82000,102,2,0,0,0
4,82000,103,1,54,0,0
4,82000,104,2,0,0,0
4,82000,115,2,0,0,0
4,82000,117,2,0,0,0
4,82000,129,1,46,0,0
4,82000,129,2,0,0,0
4,82000,148,2,0,0,0
4,82000,156,2,0,0,0
4,82000,164,2,0,0,0
4,83000,13,2,0,0,0
4,83000,14,1,23,0,0
4,83000,14,2,0,0,0
4,83000,15,2,0,0,0
4,83000,18,2,0,0,0
4,83000,19,2,0,0,0
4,83000,28,1,1,0,2
4,83000,31,1,15,0,0
4,83000,34,2,0,0,0
4,83000,36,2,0,0,0
4,83000,38,2,0,0,0
4,83000,43,1,7,0,0
4,83000,64,1,1,0,1
4,83000,92,2,0,0,0
4,83000,97,1,31,0,0
4,83000,99,2,0,0,0
4,83000,102,2,0,0,0
4,83000,104,2,0,0,0
4,83000,115,2,0,0,0
4,83000,117,2,0,0,0
4,83000,129,2,0,0,0
4,83000,130,2,0,0,0
4,83000,156,2,0,0,0
4,83000,163,1,39,0,0
4,83000,164,2,0,0,0
4,84000,18,2,0,0,0
4,84000,19,2,0,0,0
4,84000,31,1,24,0,0
4,84000,34,2,0,0,0
4,84000,36,2,0,0,0
4,84000,38,2,0,0,0
4,84000,45,1,20,0,0
4,84000,64,1,1,0,0
4,84000,65,1,30,0,0
4,84000,92,2,0,0,0
4,84000,97,1,44,0,0
4,84000,99,1,36,0,0
4,84000,99,2,0,0,0
4,84000,102,2,0,0,0
4,84000,104,2,0,0,0
4,84000,115,2,0,0,0
4,84000,117,2,0,0,0
4,84000,130,2,0,0,0
4,84000,143,2,0,0,0
4,84000,156,2,0,0,0
4,84000,161,1,40,0,0
4,84000,161,2,0,0,0
4,84000,164,2,0,0,0
4,85000,18,2,0,0,0
4,85000,19,2,0,0,0
4,85000,31,1,1,0,3
4,85000,31,1,24,0,0
4,85000,34,2,0,0,0
4,85000,36,2,0,0,0
4,85000,38,2,0,0,0
4,85000,45,1,1,0,2
4,85000,45,1,20,0,0
4,85000,63,2,0,0,0
4,85000,64,1,1,0,1
4,85000,65,1,30,0,0
4,85000,92,2,0,0,0
4,85000,97,1,51,0,0
4,85000,99,1,39,0,0
4,85000,99,2,0,0,0
4,85000,102,2,0,0,0
4,85000,104,2,0,0,0
4,85000,115,2,0,0,0
4,85000,117,2,0,0,0
4,85000,130,2,0,0,0
4,85000,143,2,0,0,0
4,85000,156,2,0,0,0
4,85000,161,1,45,0,0
4,85000,161,2,0,0,0
4,85000,164,2,0,0,0
4,86000,6,2,0,0,0
4,86000,29,1,1,0,0
4,86000,32,2,0,0,0
4,86000,34,2,0,0,0
4,86000,36,1,45,0,0
4,86000,36,2,0,0,0
4,86000,38,2,0,0,0
4,86000,45,1,30,0,0
4,86000,55,2,0,0,0
4,86000,57,2,0,0,0
4,86000,58,1,50,0,0
4,86000,58,2,0,0,0
4,86000,59,2,0,0,0
4,86000,61,2,0,0,0
4,86000,62,1,35,0,0
4,86000,70,2,0,0,0
4,86000,92,2,0,0,0
4,86000,99,2,0,0,0
4,86000,102,2,0,0,0
4,86000,104,2,0,0,0
4,86000,117,2,0,0,0
4,86000,130,2,0,0,0
4,86000,156,1,40,0,0
4,86000,156,2,0,0,0
4,86000,164,2,0,0,0
4,87000,6,2,0,0,0
4,87000,29,1,1,0,1
4,87000,32,2,0,0,0
4,87000,34,2,0,0,0
4,87000,36,1,50,0,0
4,87000,36,2,0,0,0
4,87000,38,2,0,0,0
4,87000,45,1,1,0,2
4,87000,45,1,30,0,0
4,87000,55,2,0,0,0
4,87000,57,2,0,0,0
4,87000,58,1,56,0,0
4,87000,58,2,0,0,0
4,87000,59,2,0,0,0
4,87000,61,2,0,0,0
4,87000,62,1,1,0,3
4,87000,62,1,35,0,0
4,87000,63,2,0,0,0
4,87000,70,2,0,0,0
4,87000,92,2,0,0,0
4,87000,99,2,0,0,0
4,87000,102,2,0,0,0
4,87000,104,2,0,0,0
4,87000,117,2,0,0,0
4,87000,130,2,0,0,0
4,87000,156,1,44,0,0
4,87000,156,2,0,0,0
4,87000,164,2,0,0,0
4,88000,1,1,1,0,1
4,88000,34,2,0,0,0
4,88000,50,1,1,0,2
4,88000,72,2,0,0,0
4,88000,85,2,0,0,0
4,88000,87,2,0,0,0
4,88000,92,2,0,0,0
4,88000,99,2,0,0,0
4,88000,102,2,0,0,0
4,88000,103,1,48,0,0
4,88000,104,2,0,0,0
4,88000,106,1,42,0,0
4,88000,107,1,33,0,0
4,88000,117,2,0,0,0
4,88000,120,2,0,0,0
4,88000,124,1,37,0,0
4,88000,126,2,0,0,0
4,88000,139,1,30,0,0
4,88000,151,1,55,0,0
4,88000,153,2,0,0,0
4,88000,156,2,0,0,0
4,88000,164,2,0,0,0
4,89000,1,1,1,0,1
4,89000,34,2,0,0,0
4,89000,50,1,1,0,2
4,89000,63,2,0,0,0
4,89000,72,2,0,0,0
4,89000,85,2,0,0,0
4,89000,87,2,0,0,0
4,89000,92,2,0,0,0
4,89000,99,2,0,0,0
4,89000,102,2,0,0,0
4,89000,103,1,53,0,0
4,89000,104,2,0,0,0
4,89000,106,1,45,0,0
4,89000,107,1,33,0,0
4,89000,117,2,0,0,0
4,89000,120,2,0,0,0
4,89000,124,1,37,0,0
4,89000,126,2,0,0,0
4,89000,139,1,1,0,3
4,89000,139,1,30,0,0
4,89000,151,1,60,0,0
4,89000,153,2,0,0,0
4,89000,156,2,0,0,0
4,89000,164,2,0,0,0
4,90000,33,1,1,0,1
4,90000,36,2,0,0,0
4,90000,38,2,0,0,0
4,90000,43,1,39,0,0
4,90000,48,1,18,0,0
4,90000,55,2,0,0,0
4,90000,57,2,0,0,0
4,90000,58,1,50,0,0
4,90000,58,2,0,0,0
4,90000,59,2,0,0,0
4,90000,61,2,0,0,0
4,90000,62,1,30,0,0
4,90000,92,2,0,0,0
4,90000,99,2,0,0,0
4,90000,100,2,0,0,0
4,90000,102,2,0,0,0
4,90000,104,2,0,0,0
4,90000,110,1,1,0,2
4,90000,115,2,0,0,0
4,90000,117,2,0,0,0
4,90000,120,2,0,0,0
4,90000,128,1,23,0,0
4,90000,129,2,0,0,0
4,90000,153,2,0,0,0
4,90000,156,2,0,0,0
4,90000,161,2,0,0,0
4,90000,164,2,0,0,0
4,91000,36,2,0,0,0
4,91000,38,2,0,0,0
4,91000,48,1,1,0,2
4,91000,55,2,0,0,0
4,91000,57,2,0,0,0
4,91000,58,2,0,0,0
4,91000,59,2,0,0,0
4,91000,61,2,0,0,0
4,91000,62,1,1,0,4
4,91000,63,2,0,0,0
4,91000,92,2,0,0,0
4,91000,99,2,0,0,0
4,91000,100,2,0,0,0
4,91000,102,2,0,0,0
4,91000,104,2,0,0,0
4,91000,110,1,1,0,1
4,91000,115,2,0,0,0
4,91000,117,2,0,0,0
4,91000,120,2,0,0,0
4,91000,128,1,1,0,3
4,91000,129,2,0,0,0
4,91000,131,1,50,0,0
4,91000,153,2,0,0,0
4,91000,156,2,0,0,0
4,91000,161,2,0,0,0
4,91000,164,2,0,0,0
4,92000,72,2,0,0,0
4,92000,85,2,0,0,0
4,92000,87,2,0,0,0
4,92000,92,2,0,0,0
4,92000,94,2,0,0,0
4,92000,95,1,27,0,0
4,92000,99,2,0,0,0
4,92000,101,1,1,0,3
4,92000,102,2,0,0,0
4,92000,104,2,0,0,0
4,92000,109,1,1,0,2
4,92000,117,2,0,0,0
4,92000,120,2,0,0,0
4,92000,122,1,1,0,1
4,92000,138,1,35,0,0
4,92000,138,2,0,0,0
4,92000,149,2,0,0,0
4,92000,153,2,0,0,0
4,92000,156,2,0,0,0
4,92000,164,2,0,0,0
4,93000,72,2,0,0,0
4,93000,85,2,0,0,0
4,93000,87,2,0,0,0
4,93000,92,2,0,0,0
4,93000,94,2,0,0,0
4,93000,95,1,29,0,0
4,93000,99,2,0,0,0
4,93000,101,1,1,0,3
4,93000,102,2,0,0,0
4,93000,104,2,0,0,0
4,93000,109,1,1,0,2
4,93000,117,2,0,0,0
4,93000,120,2,0,0,0
4,93000,122,1,1,0,1
4,93000,138,1,38,0,0
4,93000,138,2,0,0,0
4,93000,149,2,0,0,0
4,93000,153,2,0,0,0
4,93000,156,2,0,0,0
4,93000,164,2,0,0,0
4,94000,5,2,0,0,0
4,94000,25,2,0,0,0
4,94000,34,2,0,0,0
4,94000,36,2,0,0,0
4,94000,38,2,0,0,0
4,94000,63,2,0,0,0
4,94000,66,2,0,0,0
4,94000,68,2,0,0,0
4,94000,69,2,0,0,0
4,94000,70,2,0,0,0
4,94000,72,2,0,0,0
4,94000,85,2,0,0,0
4,94000,87,2,0,0,0
4,94000,92,2,0,0,0
4,94000,94,2,0,0,0
4,94000,95,1,29,0,0
4,94000,99,2,0,0,0
4,94000,101,1,1,0,3
4,94000,102,2,0,0,0
4,94000,104,2,0,0,0
4,94000,109,1,1,0,2
4,94000,117,2,0,0,0
4,94000,118,2,0,0,0
4,94000,120,2,0,0,0
4,94000,122,1,1,0,1
4,94000,130,2,0,0,0
4,94000,138,1,38,0,0
4,94000,138,2,0,0,0
4,94000,149,2,0,0,0
4,94000,153,2,0,0,0
4,94000,156,2,0,0,0
4,94000,164,2,0,0,0
4,95000,20,1,15,0,0
4,95000,21,1,33,0,0
4,95000,33,1,1,0,1
4,95000,34,2,0,0,0
4,95000,36,2,0,0,0
4,95000,38,2,0,0,0
4,95000,70,2,0,0,0
4,95000,88,1,19,0,0
4,95000,89,2,0,0,0
4,95000,90,2,0,0,0
4,95000,91,2,0,0,0
4,95000,92,2,0,0,0
4,95000,99,1,25,0,0
4,95000,99,2,0,0,0
4,95000,102,2,0,0,0
4,95000,103,1,1,0,2
4,95000,104,2,0,0,0
4,95000,106,1,43,0,0
4,95000,117,2,0,0,0
4,95000,120,2,0,0,0
4,95000,130,2,0,0,0
4,95000,153,2,0,0,0
4,95000,156,2,0,0,0
4,95000,157,2,0,0,0
4,95000,164,2,0,0,0
4,96000,1,1,1,0,1
4,96000,5,2,0,0,0
4,96000,25,2,0,0,0
4,96000,29,1,24,0,0
4,96000,34,2,0,0,0
4,96000,36,2,0,0,0
4,96000,38,2,0,0,0
4,96000,50,1,12,0,0
4,96000,66,2,0,0,0
4,96000,68,2,0,0,0
4,96000,69,2,0,0,0
4,96000,86,2,0,0,0
4,96000,92,2,0,0,0
4,96000,93,1,17,0,0
4,96000,94,1,32,0,0
4,96000,94,2,0,0,0
4,96000,95,1,1,0,2
4,96000,96,1,37,0,0
4,96000,99,2,0,0,0
4,96000,100,2,0,0,0
4,96000,102,2,0,0,0
4,96000,104,2,0,0,0
4,96000,115,2,0,0,0
4,96000,117,2,0,0,0
4,96000,118,2,0,0,0
4,96000,130,2,0,0,0
4,96000,138,2,0,0,0
4,96000,139,1,29,0,0
4,96000,148,2,0,0,0
4,96000,149,2,0,0,0
4,96000,156,2,0,0,0
4,96000,161,2,0,0,0
4,96000,164,2,0,0,0
4,97000,1,1,1,0,1
4,97000,5,2,0,0,0
4,97000,25,2,0,0,0
4,97000,29,1,24,0,0
4,97000,34,2,0,0,0
4,97000,36,2,0,0,0
4,97000,38,2,0,0,0
4,97000,50,1,1,0,3
4,97000,50,1,12,0,0
4,97000,63,2,0,0,0
4,97000,66,2,0,0,0
4,97000,68,2,0,0,0
4,97000,69,2,0,0,0
4,97000,86,2,0,0,0
4,97000,92,2,0,0,0
4,97000,93,1,1,0,4
4,97000,93,1,17,0,0
4,97000,94,1,37,0,0
4,97000,94,2,0,0,0
4,97000,95,1,1,0,2
4,97000,96,1,43,0,0
4,97000,99,2,0,0,0
4,97000,100,2,0,0,0
4,97000,102,2,0,0,0
4,97000,104,2,0,0,0
4,97000,115,2,0,0,0
4,97000,117,2,0,0,0
4,97000,118,2,0,0,0
4,97000,130,2,0,0,0
4,97000,138,2,0,0,0
4,97000,139,1,33,0,0
4,97000,148,2,0,0,0
4,97000,149,2,0,0,0
4,97000,156,2,0,0,0
4,97000,161,2,0,0,0
4,97000,164,2,0,0,0
4,98000,11,1,20,0,0
4,98000,12,1,25,0,0
4,98000,14,2,0,0,0
4,98000,15,2,0,0,0
4,98000,23,1,30,0,0
4,98000,34,2,0,0,0
4,98000,36,2,0,0,0
4,98000,38,2,0,0,0
4,98000,43,1,1,0,2
4,98000,55,2,0,0,0
4,98000,57,2,0,0,0
4,98000,58,2,0,0,0
4,98000,59,2,0,0,0
4,98000,61,2,0,0,0
4,98000,70,2,0,0,0
4,98000,92,2,0,0,0
4,98000,99,2,0,0,0
4,98000,102,2,0,0,0
4,98000,104,2,0,0,0
4,98000,106,1,40,0,0
4,98000,117,2,0,0,0
4,98000,145,1,1,0,1
4,98000,152,1,35,0,0
4,98000,156,2,0,0,0
4,98000,164,2,0,0,0
4,99000,11,1,1,0,3
4,99000,11,1,20,0,0
4,99000,12,1,25,0,0
4,99000,14,2,0,0,0
4,99000,15,2,0,0,0
4,99000,23,1,34,0,0
4,99000,34,2,0,0,0
4,99000,36,2,0,0,0
4,99000,38,2,0,0,0
4,99000,43,1,1,0,2
4,99000,55,2,0,0,0
4,99000,57,2,0,0,0
4,99000,58,2,0,0,0
4,99000,59,2,0,0,0
4,99000,61,2,0,0,0
4,99000,63,2,0,0,0
4,99000,70,2,0,0,0
4,99000,92,2,0,0,0
4,99000,99,2,0,0,0
4,99000,102,2,0,0,0
4,99000,104,2,0,0,0
4,99000,106,1,49,0,0
4,99000,117,2,0,0,0
4,99000,145,1,1,0,1
4,99000,152,1,42,0,0
4,99000,156,2,0,0,0
4,99000,164,2,0,0,0
4,100000,33,1,1,0,1
4,100000,36,2,0,0,0
4,100000,49,1,17,0,0
4,100000,85,2,0,0,0
4,100000,86,2,0,0,0
4,100000,87,2,0,0,0
4,100000,92,2,0,0,0
4,100000,99,2,0,0,0
4,100000,100,2,0,0,0
4,100000,102,2,0,0,0
4,100000,103,1,1,0,2
4,100000,104,2,0,0,0
4,100000,113,1,29,0,0
4,100000,115,2,0,0,0
4,100000,117,2,0,0,0
4,100000,120,1,22,0,0
4,100000,120,2,0,0,0
4,100000,129,1,36,0,0
4,100000,129,2,0,0,0
4,100000,148,2,0,0,0
4,100000,153,1,43,0,0
4,100000,153,2,0,0,0
4,100000,156,2,0,0,0
4,100000,164,2,0,0,0
4,101000,33,1,1,0,1
4,101000,36,2,0,0,0
4,101000,49,1,1,0,3
4,101000,49,1,17,0,0
4,101000,63,2,0,0,0
4,101000,85,2,0,0,0
4,101000,86,2,0,0,0
4,101000,87,2,0,0,0
4,101000,92,2,0,0,0
4,101000,99,2,0,0,0
4,101000,100,2,0,0,0
4,101000,102,2,0,0,0
4,101000,103,1,1,0,2
4,101000,104,2,0,0,0
4,101000,113,1,29,0,0
4,101000,115,2,0,0,0
4,101000,117,2,0,0,0
4,101000,120,1,22,0,0
4,101000,120,2,0,0,0
4,101000,129,1,40,0,0
4,101000,129,2,0,0,0
4,101000,130,2,0,0,0
4,101000,148,2,0,0,0
4,101000,153,1,50,0,0
4,101000,153,2,0,0,0
4,101000,156,2,0,0,0
4,101000,164,2,0,0,0
4,102000,36,2,0,0,0
4,102000,38,2,0,0,0
4,102000,73,1,28,0,0
4,102000,76,1,42,0,0
4,102000,77,1,37,0,0
4,102000,78,1,32,0,0
4,102000,79,1,48,0,0
4,102000,92,2,0,0,0
4,102000,94,2,0,0,0
4,102000,95,1,1,0,2
4,102000,99,2,0,0,0
4,102000,100,2,0,0,0
4,102000,102,2,0,0,0
4,102000,104,2,0,0,0
4,102000,115,1,25,0,0
4,102000,115,2,0,0,0
4,102000,117,2,0,0,0
4,102000,120,2,0,0,0
4,102000,121,2,0,0,0
4,102000,140,1,1,0,1
4,102000,149,2,0,0,0
4,102000,153,2,0,0,0
4,102000,156,2,0,0,0
4,102000,164,2,0,0,0
4,103000,23,1,28,0,0
4,103000,36,2,0,0,0
4,103000,38,2,0,0,0
4,103000,63,2,0,0,0
4,103000,70,2,0,0,0
4,103000,72,2,0,0,0
4,103000,76,2,0,0,0
4,103000,92,2,0,0,0
4,103000,94,2,0,0,0
4,103000,95,1,1,0,2
4,103000,99,2,0,0,0
4,103000,100,2,0,0,0
4,103000,102,2,0,0,0
4,103000,104,2,0,0,0
4,103000,115,2,0,0,0
4,103000,117,2,0,0,0
4,103000,120,2,0,0,0
4,103000,121,2,0,0,0
4,103000,140,1,1,0,1
4,103000,149,2,0,0,0
4,103000,153,2,0,0,0
4,103000,156,2,0,0,0
4,103000,164,2,0,0,0
4,104000,5,2,0,0,0
4,104000,25,2,0,0,0
4,104000,29,1,18,0,0
4,104000,34,2,0,0,0
4,104000,36,2,0,0,0
4,104000,37,1,38,0,0
4,104000,38,2,0,0,0
4,104000,39,1,13,0,0
4,104000,43,1,25,0,0
4,104000,45,1,1,0,0
4,104000,55,2,0,0,0
4,104000,58,2,0,0,0
4,104000,59,2,0,0,0
4,104000,61,2,0,0,0
4,104000,66,2,0,0,0
4,104000,68,2,0,0,0
4,104000,69,2,0,0,0
4,104000,70,2,0,0,0
4,104000,89,2,0,0,0
4,104000,90,2,0,0,0
4,104000,91,2,0,0,0
4,104000,92,2,0,0,0
4,104000,99,1,46,0,0
4,104000,99,2,0,0,0
4,104000,102,2,0,0,0
4,104000,104,2,0,0,0
4,104000,116,1,31,0,0
4,104000,117,2,0,0,0
4,104000,125,1,10,0,0
4,104000,126,2,0,0,0
4,104000,130,2,0,0,0
4,104000,155,1,43,0,0
4,104000,156,2,0,0,0
4,104000,164,2,0,0,0
4,105000,5,2,0,0,0
4,105000,25,2,0,0,0
4,105000,29,1,18,0,0
4,105000,34,2,0,0,0
4,105000,36,2,0,0,0
4,105000,37,1,41,0,0
4,105000,38,2,0,0,0
4,105000,39,1,1,0,2
4,105000,39,1,13,0,0
4,105000,43,1,25,0,0
4,105000,55,2,0,0,0
4,105000,58,2,0,0,0
4,105000,59,2,0,0,0
4,105000,61,2,0,0,0
4,105000,63,2,0,0,0
4,105000,66,2,0,0,0
4,105000,68,2,0,0,0
4,105000,69,2,0,0,0
4,105000,70,2,0,0,0
4,105000,89,2,0,0,0
4,105000,90,2,0,0,0
4,105000,91,2,0,0,0
4,105000,92,2,0,0,0
4,105000,99,1,55,0,0
4,105000,99,2,0,0,0
4,105000,102,2,0,0,0
4,105000,104,2,0,0,0
4,105000,116,1,33,0,0
4,105000,117,2,0,0,0
4,105000,125,1,1,0,1
4,105000,125,1,10,0,0
4,105000,126,2,0,0,0
4,105000,130,2,0,0,0
4,105000,155,1,48,0,0
4,105000,156,2,0,0,0
4,105000,164,2,0,0,0
4,106000,5,2,0,0,0
4,106000,24,1,1,0,1
4,106000,25,1,53,0,0
4,106000,25,2,0,0,0
4,106000,26,1,38,0,0
4,106000,27,1,33,0,0
4,106000,34,2,0,0,0
4,106000,36,2,0,0,0
4,106000,38,2,0,0,0
4,106000,66,2,0,0,0
4,106000,68,2,0,0,0
4,106000,69,2,0,0,0
4,106000,70,2,0,0,0
4,106000,92,2,0,0,0
4,106000,96,1,1,0,2
4,106000,99,2,0,0,0
4,106000,102,2,0,0,0
4,106000,104,2,0,0,0
4,106000,116,1,43,0,0
4,106000,117,2,0,0,0
4,106000,118,2,0,0,0
4,106000,129,2,0,0,0
4,106000,130,2,0,0,0
4,106000,136,1,48,0,0
4,106000,156,2,0,0,0
4,106000,164,2,0,0,0
4,107000,4,1,1,0,1
4,107000,5,1,48,0,0
4,107000,5,2,0,0,0
4,107000,7,1,33,0,0
4,107000,8,1,38,0,0
4,107000,9,1,43,0,0
4,107000,25,2,0,0,0
4,107000,34,2,0,0,0
4,107000,36,2,0,0,0
4,107000,38,2,0,0,0
4,107000,66,2,0,0,0
4,107000,68,1,53,0,0
4,107000,68,2,0,0,0
4,107000,69,2,0,0,0
4,107000,70,2,0,0,0
4,107000,92,2,0,0,0
4,107000,97,1,1,0,2
4,107000,99,2,0,0,0
4,107000,102,2,0,0,0
4,107000,104,2,0,0,0
4,107000,117,2,0,0,0
4,107000,118,2,0,0,0
4,107000,129,2,0,0,0
4,107000,130,2,0,0,0
4,107000,156,2,0,0,0
4,107000,164,2,0,0,0
4,108000,5,2,0,0,0
4,108000,14,2,0,0,0
4,108000,15,2,0,0,0
4,108000,21,1,31,0,0
4,108000,23,1,7,0,0
4,108000,25,2,0,0,0
4,108000,34,2,0,0,0
4,108000,35,1,1,0,1
4,108000,36,2,0,0,0
4,108000,38,2,0,0,0
4,108000,48,1,1,0,2
4,108000,50,1,15,0,0
4,108000,55,2,0,0,0
4,108000,57,2,0,0,0
4,108000,58,2,0,0,0
4,108000,59,2,0,0,0
4,108000,61,2,0,0,0
4,108000,63,2,0,0,0
4,108000,66,2,0,0,0
4,108000,68,2,0,0,0
4,108000,69,2,0,0,0
4,108000,70,2,0,0,0
4,108000,85,2,0,0,0
4,108000,87,2,0,0,0
4,108000,89,2,0,0,0
4,108000,90,2,0,0,0
4,108000,92,2,0,0,0
4,108000,99,2,0,0,0
4,108000,102,2,0,0,0
4,108000,103,1,39,0,0
4,108000,104,2,0,0,0
4,108000,111,1,23,0,0
4,108000,117,2,0,0,0
4,108000,126,2,0,0,0
4,108000,130,2,0,0,0
4,108000,156,2,0,0,0
4,108000,164,2,0,0,0
4,109000,33,1,1,0,1
4,109000,85,2,0,0,0
4,109000,87,2,0,0,0
4,109000,92,2,0,0,0
4,109000,99,2,0,0,0
4,109000,102,2,0,0,0
4,109000,104,2,0,0,0
4,109000,108,1,37,0,0
4,109000,114,1,45,0,0
4,109000,117,2,0,0,0
4,109000,120,1,40,0,0
4,109000,120,2,0,0,0
4,109000,123,1,1,0,2
4,109000,124,1,32,0,0
4,109000,126,2,0,0,0
4,109000,153,1,48,0,0
4,109000,153,2,0,0,0
4,109000,156,2,0,0,0
4,109000,164,2,0,0,0
4,110000,33,1,1,0,1
4,110000,63,2,0,0,0
4,110000,85,2,0,0,0
4,110000,87,2,0,0,0
4,110000,92,2,0,0,0
4,110000,99,2,0,0,0
4,110000,102,2,0,0,0
4,110000,104,2,0,0,0
4,110000,108,1,39,0,0
4,110000,114,1,49,0,0
4,110000,117,2,0,0,0
4,110000,120,1,43,0,0
4,110000,120,2,0,0,0
4,110000,123,1,1,0,2
4,110000,124,1,1,0,3
4,110000,124,1,32,0,0
4,110000,126,2,0,0,0
4,110000,153,1,53,0,0
4,110000,153,2,0,0,0
4,110000,156,2,0,0,0
4,110000,164,2,0,0,0
4,111000,23,1,1,0,2
4,111000,23,1,30,0,0
4,111000,30,1,1,0,1
4,111000,31,1,1,0,4
4,111000,31,1,40,0,0
4,111000,32,1,45,0,0
4,111000,32,2,0,0,0
4,111000,34,2,0,0,0
4,111000,36,1,55,0,0
4,111000,36,2,0,0,0
4,111000,38,2,0,0,0
4,111000,39,1,1,0,3
4,111000,39,1,35,0,0
4,111000,43,1,50,0,0
4,111000,70,2,0,0,0
4,111000,85,2,0,0,0
4,111000,87,2,0,0,0
4,111000,89,2,0,0,0
4,111000,90,2,0,0,0
4,111000,91,2,0,0,0
4,111000,92,2,0,0,0
4,111000,99,2,0,0,0
4,111000,102,2,0,0,0
4,111000,104,2,0,0,0
4,111000,117,2,0,0,0
4,111000,126,2,0,0,0
4,111000,130,2,0,0,0
4,111000,156,2,0,0,0
4,111000,157,2,0,0,0
4,111000,164,2,0,0,0
4,112000,5,2,0,0,0
4,112000,6,2,0,0,0
4,112000,23,1,30,0,0
4,112000,25,2,0,0,0
4,112000,30,1,1,0,0
4,112000,31,1,40,0,0
4,112000,32,1,48,0,0
4,112000,32,2,0,0,0
4,112000,34,2,0,0,0
4,112000,36,1,64,0,0
4,112000,36,2,0,0,0
4,112000,38,2,0,0,0
4,112000,39,1,35,0,0
4,112000,43,1,55,0,0
4,112000,55,2,0,0,0
4,112000,57,2,0,0,0
4,112000,58,2,0,0,0
4,112000,59,2,0,0,0
4,112000,61,2,0,0,0
4,112000,63,2,0,0,0
4,112000,66,2,0,0,0
4,112000,68,2,0,0,0
4,112000,69,2,0,0,0
4,112000,70,2,0,0,0
4,112000,85,2,0,0,0
4,112000,87,2,0,0,0
4,112000,89,2,0,0,0
4,112000,90,2,0,0,0
4,112000,91,2,0,0,0
4,112000,92,2,0,0,0
4,112000,99,2,0,0,0
4,112000,102,2,0,0,0
4,112000,104,2,0,0,0
4,112000,117,2,0,0,0
4,112000,126,2,0,0,0
4,112000,130,2,0,0,0
4,112000,156,2,0,0,0
4,112000,157,2,0,0,0
4,112000,164,2,0,0,0
4,113000,1,1,1,0,1
4,113000,3,1,12,0,0
4,113000,5,2,0,0,0
4,113000,25,2,0,0,0
4,113000,34,2,0,0,0
4,113000,36,2,0,0,0
4,113000,38,1,54,0,0
4,113000,38,2,0,0,0
4,113000,39,1,1,0,2
4,113000,45,1,30,0,0
4,113000,47,1,24,0,0
4,113000,55,2,0,0,0
4,113000,58,2,0,0,0
4,113000,59,2,0,0,0
4,113000,61,2,0,0,0
4,113000,63,2,0,0,0
4,113000,66,2,0,0,0
4,113000,68,2,0,0,0
4,113000,69,2,0,0,0
4,113000,70,2,0,0,0
4,113000,76,2,0,0,0
4,113000,85,2,0,0,0
4,113000,86,2,0,0,0
4,113000,87,2,0,0,0
4,113000,92,2,0,0,0
4,113000,94,2,0,0,0
4,113000,99,2,0,0,0
4,113000,100,2,0,0,0
4,113000,102,2,0,0,0
4,113000,104,2,0,0,0
4,113000,107,1,38,0,0
4,113000,111,1,44,0,0
4,113000,113,1,48,0,0
4,113000,115,2,0,0,0
4,113000,117,2,0,0,0
4,113000,118,2,0,0,0
4,113000,121,2,0,0,0
4,113000,126,2,0,0,0
4,113000,130,2,0,0,0
4,113000,135,2,0,0,0
4,113000,148,2,0,0,0
4,113000,149,2,0,0,0
4,113000,156,2,0,0,0
4,113000,161,2,0,0,0
4,113000,164,2,0,0,0
4,114000,14,2,0,0,0
4,114000,15,2,0,0,0
4,114000,20,1,24,0,0
4,114000,21,1,45,0,0
4,114000,22,1,29,0,0
4,114000,34,2,0,0,0
4,114000,36,2,0,0,0
4,114000,38,2,0,0,0
4,114000,63,2,0,0,0
4,114000,71,1,27,0,0
4,114000,72,2,0,0,0
4,114000,74,1,48,0,0
4,114000,76,2,0,0,0
4,114000,77,1,32,0,0
4,114000,78,1,36,0,0
4,114000,79,1,39,0,0
4,114000,92,2,0,0,0
4,114000,99,2,0,0,0
4,114000,102,2,0,0,0
4,114000,104,2,0,0,0
4,114000,117,2,0,0,0
4,114000,130,2,0,0,0
4,114000,132,1,1,0,0
4,114000,156,2,0,0,0
4,114000,164,2,0,0,0
4,115000,4,1,1,0,1
4,115000,5,1,36,0,0
4,115000,5,2,0,0,0
4,115000,25,2,0,0,0
4,115000,34,2,0,0,0
4,115000,36,2,0,0,0
4,115000,38,2,0,0,0
4,115000,39,1,31,0,0
4,115000,43,1,41,0,0
4,115000,44,1,26,0,0
4,115000,55,2,0,0,0
4,115000,57,2,0,0,0
4,115000,58,2,0,0,0
4,115000,59,2,0,0,0
4,115000,61,2,0,0,0
4,115000,63,2,0,0,0
4,115000,66,2,0,0,0
4,115000,68,2,0,0,0
4,115000,69,2,0,0,0
4,115000,70,2,0,0,0
4,115000,85,2,0,0,0
4,115000,87,2,0,0,0
4,115000,89,2,0,0,0
4,115000,90,2,0,0,0
4,115000,92,2,0,0,0
4,115000,99,1,1,0,2
4,115000,99,2,0,0,0
4,115000,102,2,0,0,0
4,115000,104,2,0,0,0
4,115000,117,2,0,0,0
4,115000,126,2,0,0,0
4,115000,130,2,0,0,0
4,115000,146,1,46,0,0
4,115000,156,2,0,0,0
4,115000,157,2,0,0,0
4,115000,164,2,0,0,0
4,116000,36,2,0,0,0
4,116000,38,2,0,0,0
4,116000,43,1,24,0,0
4,116000,55,1,30,0,0
4,116000,55,2,0,0,0
4,116000,56,1,45,0,0
4,116000,57,2,0,0,0
4,116000,58,2,0,0,0
4,116000,59,2,0,0,0
4,116000,61,2,0,0,0
4,116000,92,2,0,0,0
4,116000,97,1,37,0,0
4,116000,99,2,0,0,0
4,116000,102,2,0,0,0
4,116000,104,2,0,0,0
4,116000,108,1,19,0,0
4,116000,117,2,0,0,0
4,116000,129,2,0,0,0
4,116000,130,2,0,0,0
4,116000,145,1,1,0,0
4,116000,156,2,0,0,0
4,116000,164,2,0,0,0
4,117000,36,2,0,0,0
4,117000,38,2,0,0,0
4,117000,43,1,24,0,0
4,117000,55,1,30,0,0
4,117000,55,2,0,0,0
4,117000,56,1,52,0,0
4,117000,57,2,0,0,0
4,117000,58,2,0,0,0
4,117000,59,2,0,0,0
4,117000,61,2,0,0,0
4,117000,63,2,0,0,0
4,117000,92,2,0,0,0
4,117000,97,1,41,0,0
4,117000,99,2,0,0,0
4,117000,102,2,0,0,0
4,117000,104,2,0,0,0
4,117000,108,1,1,0,2
4,117000,108,1,19,0,0
4,117000,117,2,0,0,0
4,117000,129,2,0,0,0
4,117000,130,2,0,0,0
4,117000,145,1,1,0,1
4,117000,156,2,0,0,0
4,117000,164,2,0,0,0
4,118000,30,1,24,0,0
4,118000,31,1,30,0,0
4,118000,32,1,45,0,0
4,118000,32,2,0,0,0
4,118000,36,2,0,0,0
4,118000,38,2,0,0,0
4,118000,39,1,1,0,2
4,118000,48,1,19,0,0
4,118000,55,2,0,0,0
4,118000,57,2,0,0,0
4,118000,58,2,0,0,0
4,118000,59,2,0,0,0
4,118000,61,2,0,0,0
4,118000,64,1,1,0,1
4,118000,92,2,0,0,0
4,118000,97,1,54,0,0
4,118000,99,2,0,0,0
4,118000,102,2,0,0,0
4,118000,104,2,0,0,0
4,118000,117,2,0,0,0
4,118000,127,1,37,0,0
4,118000,129,2,0,0,0
4,118000,130,2,0,0,0
4,118000,156,2,0,0,0
4,118000,164,2,0,0,0
4,119000,30,1,24,0,0
4,119000,31,1,30,0,0
4,119000,32,1,48,0,0
4,119000,32,2,0,0,0
4,119000,36,2,0,0,0
4,119000,38,2,0,0,0
4,119000,39,1,1,0,2
4,119000,48,1,1,0,3
4,119000,48,1,19,0,0
4,119000,55,2,0,0,0
4,119000,57,2,0,0,0
4,119000,58,2,0,0,0
4,119000,59,2,0,0,0
4,119000,61,2,0,0,0
4,119000,63,2,0,0,0
4,119000,64,1,1,0,1
4,119000,92,2,0,0,0
4,119000,97,1,54,0,0
4,119000,99,2,0,0,0
4,119000,102,2,0,0,0
4,119000,104,2,0,0,0
4,119000,117,2,0,0,0
4,119000,127,1,39,0,0
4,119000,129,2,0,0,0
4,119000,130,2,0,0,0
4,119000,156,2,0,0,0
4,119000,164,2,0,0,0
4,120000,33,1,1,0,0
4,120000,36,2,0,0,0
4,120000,38,2,0,0,0
4,120000,55,1,17,0,0
4,120000,55,2,0,0,0
4,120000,56,1,47,0,0
4,120000,57,2,0,0,0
4,120000,58,2,0,0,0
4,120000,59,2,0,0,0
4,120000,61,2,0,0,0
4,120000,85,2,0,0,0
4,120000,86,2,0,0,0
4,120000,87,2,0,0,0
4,120000,92,2,0,0,0
4,120000,94,2,0,0,0
4,120000,99,2,0,0,0
4,120000,100,2,0,0,0
4,120000,102,2,0,0,0
4,120000,104,2,0,0,0
4,120000,105,1,27,0,0
4,120000,106,1,22,0,0
4,120000,107,1,37,0,0
4,120000,113,1,42,0,0
4,120000,115,2,0,0,0
4,120000,117,2,0,0,0
4,120000,129,1,32,0,0
4,120000,129,2,0,0,0
4,120000,130,2,0,0,0
4,120000,148,2,0,0,0
4,120000,149,2,0,0,0
4,120000,156,2,0,0,0
4,120000,161,2,0,0,0
4,120000,164,2,0,0,0
4,121000,33,1,1,0,1
4,121000,36,2,0,0,0
4,121000,38,2,0,0,0
4,121000,55,1,1,0,2
4,121000,55,2,0,0,0
4,121000,57,2,0,0,0
4,121000,58,2,0,0,0
4,121000,59,2,0,0,0
4,121000,61,2,0,0,0
4,121000,63,2,0,0,0
4,121000,85,2,0,0,0
4,121000,86,2,0,0,0
4,121000,87,2,0,0,0
4,121000,92,2,0,0,0
4,121000,94,2,0,0,0
4,121000,99,2,0,0,0
4,121000,100,2,0,0,0
4,121000,102,2,0,0,0
4,121000,104,2,0,0,0
4,121000,106,1,1,0,3
4,121000,115,2,0,0,0
4,121000,117,2,0,0,0
4,121000,129,2,0,0,0
4,121000,130,2,0,0,0
4,121000,148,2,0,0,0
4,121000,149,2,0,0,0
4,121000,156,2,0,0,0
4,121000,161,2,0,0,0
4,121000,164,2,0,0,0
4,122000,3,1,31,0,0
4,122000,5,2,0,0,0
4,122000,25,2,0,0,0
4,122000,34,2,0,0,0
4,122000,36,2,0,0,0
4,122000,38,2,0,0,0
4,122000,63,2,0,0,0
4,122000,66,2,0,0,0
4,122000,68,2,0,0,0
4,122000,69,2,0,0,0
4,122000,76,2,0,0,0
4,122000,85,2,0,0,0
4,122000,86,2,0,0,0
4,122000,87,2,0,0,0
4,122000,92,2,0,0,0
4,122000,93,1,1,0,1
4,122000,93,1,15,0,0
4,122000,94,2,0,0,0
4,122000,96,1,39,0,0
4,122000,99,2,0,0,0
4,122000,100,2,0,0,0
4,122000,102,2,0,0,0
4,122000,104,2,0,0,0
4,122000,112,1,1,0,2
4,122000,113,1,23,0,0
4,122000,115,2,0,0,0
4,122000,117,2,0,0,0
4,122000,118,2,0,0,0
4,122000,130,2,0,0,0
4,122000,148,2,0,0,0
4,122000,149,2,0,0,0
4,122000,156,2,0,0,0
4,122000,164,1,47,0,0
4,122000,164,2,0,0,0
4,123000,14,1,35,0,0
4,123000,14,2,0,0,0
4,123000,15,2,0,0,0
4,123000,17,1,50,0,0
4,123000,36,2,0,0,0
4,123000,38,2,0,0,0
4,123000,43,1,17,0,0
4,123000,63,2,0,0,0
4,123000,92,2,0,0,0
4,123000,97,1,42,0,0
4,123000,98,1,1,0,0
4,123000,99,2,0,0,0
4,123000,102,2,0,0,0
4,123000,104,1,24,0,0
4,123000,104,2,0,0,0
4,123000,116,1,20,0,0
4,123000,117,2,0,0,0
4,123000,129,2,0,0,0
4,123000,130,2,0,0,0
4,123000,156,2,0,0,0
4,123000,163,1,29,0,0
4,123000,164,2,0,0,0
4,124000,1,1,1,0,1
4,124000,3,1,23,0,0
4,124000,5,2,0,0,0
4,124000,8,1,31,0,0
4,124000,25,2,0,0,0
4,124000,34,1,39,0,0
4,124000,34,2,0,0,0
4,124000,36,2,0,0,0
4,124000,37,1,47,0,0
4,124000,38,2,0,0,0
4,124000,55,2,0,0,0
4,124000,58,2,0,0,0
4,124000,59,1,58,0,0
4,124000,59,2,0,0,0
4,124000,61,2,0,0,0
4,124000,63,2,0,0,0
4,124000,66,2,0,0,0
4,124000,68,2,0,0,0
4,124000,69,2,0,0,0
4,124000,92,2,0,0,0
4,124000,94,2,0,0,0
4,124000,99,2,0,0,0
4,124000,100,2,0,0,0
4,124000,102,2,0,0,0
4,124000,104,2,0,0,0
4,124000,115,2,0,0,0
4,124000,117,2,0,0,0
4,124000,118,2,0,0,0
4,124000,122,1,18,0,0
4,124000,130,2,0,0,0
4,124000,142,1,1,0,2
4,124000,149,2,0,0,0
4,124000,156,2,0,0,0
4,124000,164,2,0,0,0
4,125000,5,2,0,0,0
4,125000,9,1,42,0,0
4,125000,25,2,0,0,0
4,125000,34,2,0,0,0
4,125000,36,2,0,0,0
4,125000,38,2,0,0,0
4,125000,43,1,1,0,2
4,125000,63,2,0,0,0
4,125000,66,2,0,0,0
4,125000,68,2,0,0,0
4,125000,69,2,0,0,0
4,125000,70,2,0,0,0
4,125000,84,1,34,0,0
4,125000,85,2,0,0,0
4,125000,86,2,0,0,0
4,125000,87,1,54,0,0
4,125000,87,2,0,0,0
4,125000,92,2,0,0,0
4,125000,94,2,0,0,0
4,125000,98,1,1,0,1
4,125000,99,2,0,0,0
4,125000,100,2,0,0,0
4,125000,102,2,0,0,0
4,125000,103,1,37,0,0
4,125000,104,2,0,0,0
4,125000,113,1,49,0,0
4,125000,115,2,0,0,0
4,125000,117,2,0,0,0
4,125000,118,2,0,0,0
4,125000,129,2,0,0,0
4,125000,130,2,0,0,0
4,125000,148,2,0,0,0
4,125000,149,2,0,0,0
4,125000,156,2,0,0,0
4,125000,164,2,0,0,0
4,126000,5,2,0,0,0
4,126000,7,1,43,0,0
4,126000,25,2,0,0,0
4,126000,34,2,0,0,0
4,126000,36,2,0,0,0
4,126000,38,2,0,0,0
4,126000,43,1,36,0,0
4,126000,52,1,1,0,0
4,126000,53,1,55,0,0
4,126000,63,2,0,0,0
4,126000,66,2,0,0,0
4,126000,68,2,0,0,0
4,126000,69,2,0,0,0
4,126000,70,2,0,0,0
4,126000,92,2,0,0,0
4,126000,94,2,0,0,0
4,126000,99,2,0,0,0
4,126000,100,2,0,0,0
4,126000,102,2,0,0,0
4,126000,104,2,0,0,0
4,126000,108,1,48,0,0
4,126000,109,1,39,0,0
4,126000,117,2,0,0,0
4,126000,118,2,0,0,0
4,126000,123,1,52,0,0
4,126000,126,2,0,0,0
4,126000,130,2,0,0,0
4,126000,149,2,0,0,0
4,126000,156,2,0,0,0
4,126000,164,2,0,0,0
4,127000,11,1,1,0,0
4,127000,12,1,30,0,0
4,127000,14,1,54,0,0
4,127000,14,2,0,0,0
4,127000,15,2,0,0,0
4,127000,20,1,21,0,0
4,127000,34,2,0,0,0
4,127000,36,2,0,0,0
4,127000,38,2,0,0,0
4,127000,63,2,0,0,0
4,127000,66,2,0,0,0
4,127000,69,1,25,0,0
4,127000,69,2,0,0,0
4,127000,70,2,0,0,0
4,127000,92,2,0,0,0
4,127000,99,2,0,0,0
4,127000,102,2,0,0,0
4,127000,104,2,0,0,0
4,127000,106,1,43,0,0
4,127000,116,1,36,0,0
4,127000,117,2,0,0,0
4,127000,156,2,0,0,0
4,127000,163,1,49,0,0
4,127000,164,2,0,0,0
4,128000,23,1,21,0,0
4,128000,32,2,0,0,0
4,128000,33,1,1,0,0
4,128000,34,2,0,0,0
4,128000,36,1,51,0,0
4,128000,36,2,0,0,0
4,128000,38,2,0,0,0
4,128000,39,1,28,0,0
4,128000,43,1,35,0,0
4,128000,58,2,0,0,0
4,128000,59,2,0,0,0
4,128000,63,2,0,0,0
4,128000,70,2,0,0,0
4,128000,85,2,0,0,0
4,128000,87,2,0,0,0
4,128000,89,2,0,0,0
4,128000,90,2,0,0,0
4,128000,92,2,0,0,0
4,128000,99,1,44,0,0
4,128000,99,2,0,0,0
4,128000,102,2,0,0,0
4,128000,104,2,0,0,0
4,128000,117,2,0,0,0
4,128000,126,2,0,0,0
4,128000,130,2,0,0,0
4,128000,156,2,0,0,0
4,128000,164,2,0,0,0
4,129000,33,1,15,0,0
4,129000,150,1,1,0,0
4,130000,33,1,1,0,0
4,130000,34,2,0,0,0
4,130000,36,2,0,0,0
4,130000,38,2,0,0,0
4,130000,43,1,32,0,0
4,130000,44,1,20,0,0
4,130000,55,2,0,0,0
4,130000,56,1,41,0,0
4,130000,57,2,0,0,0
4,130000,58,2,0,0,0
4,130000,59,2,0,0,0
4,130000,61,2,0,0,0
4,130000,63,1,52,0,0
4,130000,63,2,0,0,0
4,130000,70,2,0,0,0
4,130000,82,1,25,0,0
4,130000,82,2,0,0,0
4,130000,85,2,0,0,0
4,130000,87,2,0,0,0
4,130000,92,2,0,0,0
4,130000,99,2,0,0,0
4,130000,102,2,0,0,0
4,130000,104,2,0,0,0
4,130000,115,2,0,0,0
4,130000,117,2,0,0,0
4,130000,126,2,0,0,0
4,130000,130,2,0,0,0
4,130000,156,2,0,0,0
4,130000,164,2,0,0,0
4,131000,32,2,0,0,0
4,131000,34,1,25,0,0
4,131000,34,2,0,0,0
4,131000,36,2,0,0,0
4,131000,38,2,0,0,0
4,131000,45,1,1,0,2
4,131000,47,1,16,0,0
4,131000,54,1,20,0,0
4,131000,55,1,1,0,1
4,131000,55,2,0,0,0
4,131000,56,1,46,0,0
4,131000,57,2,0,0,0
4,131000,58,1,38,0,0
4,131000,58,2,0,0,0
4,131000,59,2,0,0,0
4,131000,61,2,0,0,0
4,131000,63,2,0,0,0
4,131000,70,2,0,0,0
4,131000,76,2,0,0,0
4,131000,82,2,0,0,0
4,131000,85,2,0,0,0
4,131000,87,2,0,0,0
4,131000,92,2,0,0,0
4,131000,94,2,0,0,0
4,131000,99,2,0,0,0
4,131000,102,2,0,0,0
4,131000,104,2,0,0,0
4,131000,109,1,31,0,0
4,131000,115,2,0,0,0
4,131000,117,2,0,0,0
4,131000,130,2,0,0,0
4,131000,149,2,0,0,0
4,131000,156,2,0,0,0
4,131000,164,2,0,0,0
4,132000,144,1,1,0,0
4,133000,28,1,8,0,0
4,133000,33,1,1,0,1
4,133000,34,2,0,0,0
4,133000,36,1,42,0,0
4,133000,36,2,0,0,0
4,133000,38,2,0,0,0
4,133000,39,1,1,0,2
4,133000,44,1,30,0,0
4,133000,45,1,16,0,0
4,133000,92,2,0,0,0
4,133000,98,1,23,0,0
4,133000,99,2,0,0,0
4,133000,102,2,0,0,0
4,133000,104,2,0,0,0
4,133000,115,2,0,0,0
4,133000,116,1,36,0,0
4,133000,117,2,0,0,0
4,133000,129,2,0,0,0
4,133000,130,2,0,0,0
4,133000,156,2,0,0,0
4,133000,164,2,0,0,0
4,134000,28,1,8,0,0
4,134000,33,1,1,0,1
4,134000,34,2,0,0,0
4,134000,36,2,0,0,0
4,134000,38,2,0,0,0
4,134000,39,1,1,0,2
4,134000,44,1,30,0,0
4,134000,54,1,42,0,2
4,134000,55,1,1,0,4
4,134000,55,1,16,0,0
4,134000,55,2,0,0,0
4,134000,56,1,52,0,0
4,134000,57,2,0,0,0
4,134000,58,2,0,0,0
4,134000,59,2,0,0,0
4,134000,61,2,0,0,0
4,134000,62,1,36,0,0
4,134000,63,2,0,0,0
4,134000,92,2,0,0,0
4,134000,98,1,1,0,3
4,134000,98,1,23,0,0
4,134000,99,2,0,0,0
4,134000,102,2,0,0,0
4,134000,104,2,0,0,0
4,134000,114,1,42,0,1
4,134000,115,2,0,0,0
4,134000,117,2,0,0,0
4,134000,129,2,0,0,0
4,134000,130,2,0,0,0
4,134000,151,1,47,0,0
4,134000,156,2,0,0,0
4,134000,164,2,0,0,0
4,135000,24,1,30,0,0
4,135000,28,1,8,0,0
4,135000,33,1,1,0,1
4,135000,34,2,0,0,0
4,135000,36,2,0,0,0
4,135000,38,2,0,0,0
4,135000,39,1,1,0,2
4,135000,42,1,36,0,0
4,135000,63,2,0,0,0
4,135000,84,1,1,0,4
4,135000,84,1,16,0,0
4,135000,85,2,0,0,0
4,135000,86,1,42,0,0
4,135000,86,2,0,0,0
4,135000,87,1,52,0,0
4,135000,87,2,0,0,0
4,135000,92,2,0,0,0
4,135000,97,1,47,0,0
4,135000,98,1,1,0,3
4,135000,98,1,23,0,0
4,135000,99,2,0,0,0
4,135000,102,2,0,0,0
4,135000,104,2,0,0,0
4,135000,115,2,0,0,0
4,135000,117,2,0,0,0
4,135000,129,2,0,0,0
4,135000,130,2,0,0,0
4,135000,148,2,0,0,0
4,135000,156,2,0,0,0
4,135000,164,2,0,0,0
4,136000,28,1,8,0,0
4,136000,33,1,1,0,1
4,136000,34,2,0,0,0
4,136000,36,2,0,0,0
4,136000,38,2,0,0,0
4,136000,39,1,1,0,2
4,136000,43,1,47,0,0
4,136000,44,1,30,0,0
4,136000,52,1,1,0,4
4,136000,52,1,16,0,0
4,136000,53,1,52,0,0
4,136000,63,2,0,0,0
4,136000,83,1,36,0,0
4,136000,92,2,0,0,0
4,136000,98,1,1,0,3
4,136000,98,1,23,0,0
4,136000,99,2,0,0,0
4,136000,102,2,0,0,0
4,136000,104,2,0,0,0
4,136000,115,2,0,0,0
4,136000,117,2,0,0,0
4,136000,123,1,42,0,0
4,136000,126,2,0,0,0
4,136000,129,2,0,0,0
4,136000,130,2,0,0,0
4,136000,156,2,0,0,0
4,136000,164,2,0,0,0
4,137000,33,1,1,0,1
4,137000,36,2,0,0,0
4,137000,38,2,0,0,0
4,137000,58,2,0,0,0
4,137000,59,2,0,0,0
4,137000,60,1,23,0,0
4,137000,63,2,0,0,0
4,137000,85,2,0,0,0
4,137000,86,2,0,0,0
4,137000,87,2,0,0,0
4,137000,92,2,0,0,0
4,137000,94,2,0,0,0
4,137000,97,1,35,0,0
4,137000,99,2,0,0,0
4,137000,100,2,0,0,0
4,137000,102,2,0,0,0
4,137000,104,2,0,0,0
4,137000,105,1,28,0,0
4,137000,115,2,0,0,0
4,137000,117,2,0,0,0
4,137000,129,2,0,0,0
4,137000,130,2,0,0,0
4,137000,148,2,0,0,0
4,137000,149,2,0,0,0
4,137000,156,2,0,0,0
4,137000,159,1,1,0,2
4,137000,160,1,1,0,3
4,137000,161,1,42,0,0
4,137000,161,2,0,0,0
4,137000,164,2,0,0,0
4,138000,30,1,34,0,0
4,138000,34,2,0,0,0
4,138000,36,2,0,0,0
4,138000,38,2,0,0,0
4,138000,43,1,39,0,0
4,138000,55,1,1,0,1
4,138000,55,2,0,0,0
4,138000,56,1,53,0,0
4,138000,57,2,0,0,0
4,138000,58,2,0,0,0
4,138000,59,2,0,0,0
4,138000,61,2,0,0,0
4,138000,92,2,0,0,0
4,138000,99,2,0,0,0
4,138000,102,2,0,0,0
4,138000,104,2,0,0,0
4,138000,110,1,1,0,2
4,138000,115,2,0,0,0
4,138000,117,2,0,0,0
4,138000,131,1,46,0,0
4,138000,156,2,0,0,0
4,138000,164,2,0,0,0
4,139000,30,1,1,0,3
4,139000,30,1,34,0,0
4,139000,32,2,0,0,0
4,139000,34,2,0,0,0
4,139000,36,2,0,0,0
4,139000,38,2,0,0,0
4,139000,43,1,39,0,0
4,139000,55,1,1,0,1
4,139000,55,2,0,0,0
4,139000,56,1,49,0,0
4,139000,57,2,0,0,0
4,139000,58,2,0,0,0
4,139000,59,2,0,0,0
4,139000,61,2,0,0,0
4,139000,63,2,0,0,0
4,139000,66,2,0,0,0
4,139000,69,2,0,0,0
4,139000,92,2,0,0,0
4,139000,99,2,0,0,0
4,139000,102,2,0,0,0
4,139000,104,2,0,0,0
4,139000,110,1,1,0,2
4,139000,115,2,0,0,0
4,139000,117,2,0,0,0
4,139000,130,2,0,0,0
4,139000,131,1,44,0,0
4,139000,156,2,0,0,0
4,139000,164,2,0,0,0
4,140000,10,1,1,0,1
4,140000,34,2,0,0,0
4,140000,36,2,0,0,0
4,140000,38,2,0,0,0
4,140000,43,1,44,0,0
4,140000,55,2,0,0,0
4,140000,56,1,49,0,0
4,140000,57,2,0,0,0
4,140000,58,2,0,0,0
4,140000,59,2,0,0,0
4,140000,61,2,0,0,0
4,140000,71,1,34,0,0
4,140000,92,2,0,0,0
4,140000,99,2,0,0,0
4,140000,102,2,0,0,0
4,140000,104,2,0,0,0
4,140000,106,1,1,0,2
4,140000,115,2,0,0,0
4,140000,117,2,0,0,0
4,140000,156,2,0,0,0
4,140000,163,1,39,0,0
4,140000,164,2,0,0,0
4,141000,10,1,1,0,1
4,141000,13,2,0,0,0
4,141000,14,2,0,0,0
4,141000,15,2,0,0,0
4,141000,25,2,0,0,0
4,141000,34,2,0,0,0
4,141000,36,2,0,0,0
4,141000,38,2,0,0,0
4,141000,43,1,46,0,0
4,141000,55,2,0,0,0
4,141000,56,1,53,0,0
4,141000,57,2,0,0,0
4,141000,58,2,0,0,0
4,141000,59,2,0,0,0
4,141000,61,2,0,0,0
4,141000,63,2,0,0,0
4,141000,66,2,0,0,0
4,141000,69,2,0,0,0
4,141000,71,1,1,0,3
4,141000,71,1,34,0,0
4,141000,92,2,0,0,0
4,141000,99,2,0,0,0
4,141000,102,2,0,0,0
4,141000,104,2,0,0,0
4,141000,106,1,1,0,2
4,141000,115,2,0,0,0
4,141000,117,2,0,0,0
4,141000,130,2,0,0,0
4,141000,156,2,0,0,0
4,141000,163,1,39,0,0
4,141000,164,2,0,0,0
4,142000,13,2,0,0,0
4,142000,17,1,1,0,1
4,142000,18,2,0,0,0
4,142000,19,2,0,0,0
4,142000,36,1,45,0,0
4,142000,36,2,0,0,0
4,142000,38,2,0,0,0
4,142000,44,1,38,0,0
4,142000,48,1,33,0,0
4,142000,63,1,54,0,0
4,142000,63,2,0,0,0
4,142000,82,2,0,0,0
4,142000,92,2,0,0,0
4,142000,97,1,1,0,2
4,142000,99,2,0,0,0
4,142000,102,2,0,0,0
4,142000,104,2,0,0,0
4,142000,115,2,0,0,0
4,142000,117,2,0,0,0
4,142000,126,2,0,0,0
4,142000,129,2,0,0,0
4,142000,143,2,0,0,0
4,142000,156,2,0,0,0
4,142000,164,2,0,0,0
4,143000,5,2,0,0,0
4,143000,6,2,0,0,0
4,143000,25,2,0,0,0
4,143000,29,1,1,0,1
4,143000,34,1,35,0,0
4,143000,34,2,0,0,0
4,143000,36,2,0,0,0
4,143000,38,1,48,0,0
4,143000,38,2,0,0,0
4,143000,55,2,0,0,0
4,143000,57,2,0,0,0
4,143000,58,2,0,0,0
4,143000,59,2,0,0,0
4,143000,61,2,0,0,0
4,143000,63,1,56,0,0
4,143000,63,2,0,0,0
4,143000,66,2,0,0,0
4,143000,68,2,0,0,0
4,143000,69,2,0,0,0
4,143000,70,2,0,0,0
4,143000,76,2,0,0,0
4,143000,85,2,0,0,0
4,143000,87,2,0,0,0
4,143000,89,2,0,0,0
4,143000,90,2,0,0,0
4,143000,92,2,0,0,0
4,143000,94,2,0,0,0
4,143000,99,2,0,0,0
4,143000,102,2,0,0,0
4,143000,104,2,0,0,0
4,143000,106,1,41,0,0
4,143000,115,2,0,0,0
4,143000,117,2,0,0,0
4,143000,118,2,0,0,0
4,143000,120,2,0,0,0
4,143000,126,2,0,0,0
4,143000,130,2,0,0,0
4,143000,133,1,1,0,2
4,143000,149,2,0,0,0
4,143000,156,1,1,0,3
4,143000,156,2,0,0,0
4,143000,157,2,0,0,0
4,143000,164,2,0,0,0
4,144000,13,2,0,0,0
4,144000,18,2,0,0,0
4,144000,19,2,0,0,0
4,144000,36,2,0,0,0
4,144000,38,2,0,0,0
4,144000,54,1,60,0,0
4,144000,55,2,0,0,0
4,144000,58,1,1,0,2
4,144000,58,2,0,0,0
4,144000,59,1,51,0,0
4,144000,59,2,0,0,0
4,144000,61,2,0,0,0
4,144000,63,2,0,0,0
4,144000,64,1,1,0,1
4,144000,92,2,0,0,0
4,144000,97,1,55,0,0
4,144000,99,2,0,0,0
4,144000,102,2,0,0,0
4,144000,104,2,0,0,0
4,144000,115,2,0,0,0
4,144000,117,2,0,0,0
4,144000,129,2,0,0,0
4,144000,143,2,0,0,0
4,144000,156,2,0,0,0
4,144000,164,2,0,0,0
4,145000,13,2,0,0,0
4,145000,18,2,0,0,0
4,145000,19,2,0,0,0
4,145000,36,2,0,0,0
4,145000,38,2,0,0,0
4,145000,63,2,0,0,0
4,145000,65,1,1,0,2
4,145000,84,1,1,0,1
4,145000,85,2,0,0,0
4,145000,86,2,0,0,0
4,145000,87,1,51,0,0
4,145000,87,2,0,0,0
4,145000,92,2,0,0,0
4,145000,97,1,55,0,0
4,145000,99,2,0,0,0
4,145000,102,2,0,0,0
4,145000,104,2,0,0,0
4,145000,113,1,60,0,0
4,145000,115,2,0,0,0
4,145000,117,2,0,0,0
4,145000,129,2,0,0,0
4,145000,143,2,0,0,0
4,145000,148,2,0,0,0
4,145000,156,2,0,0,0
4,145000,164,2,0,0,0
4,146000,13,2,0,0,0
4,146000,18,2,0,0,0
4,146000,19,2,0,0,0
4,146000,36,2,0,0,0
4,146000,38,2,0,0,0
4,146000,43,1,51,0,0
4,146000,63,2,0,0,0
4,146000,64,1,1,0,1
4,146000,83,1,1,0,2
4,146000,92,2,0,0,0
4,146000,97,1,55,0,0
4,146000,99,2,0,0,0
4,146000,102,2,0,0,0
4,146000,104,2,0,0,0
4,146000,115,2,0,0,0
4,146000,117,2,0,0,0
4,146000,126,2,0,0,0
4,146000,129,2,0,0,0
4,146000,143,1,60,0,0
4,146000,143,2,0,0,0
4,146000,156,2,0,0,0
4,146000,164,2,0,0,0
4,147000,21,1,30,0,0
4,147000,34,2,0,0,0
4,147000,35,1,1,0,1
4,147000,36,2,0,0,0
4,147000,38,2,0,0,0
4,147000,43,1,1,0,2
4,147000,55,2,0,0,0
4,147000,57,2,0,0,0
4,147000,58,2,0,0,0
4,147000,59,2,0,0,0
4,147000,61,2,0,0,0
4,147000,63,1,50,0,0
4,147000,82,1,40,0,0
4,147000,82,2,0,0,0
4,147000,85,2,0,0,0
4,147000,86,1,10,0,0
4,147000,86,2,0,0,0
4,147000,87,2,0,0,0
4,147000,92,2,0,0,0
4,147000,97,1,20,0,0
4,147000,99,2,0,0,0
4,147000,102,2,0,0,0
4,147000,104,2,0,0,0
4,147000,115,2,0,0,0
4,147000,117,2,0,0,0
4,147000,126,2,0,0,0
4,147000,129,2,0,0,0
4,147000,130,2,0,0,0
4,147000,156,2,0,0,0
4,147000,164,2,0,0,0
4,148000,21,1,35,0,0
4,148000,32,2,0,0,0
4,148000,34,2,0,0,0
4,148000,35,1,1,0,1
4,148000,36,2,0,0,0
4,148000,38,2,0,0,0
4,148000,43,1,1,0,2
4,148000,55,2,0,0,0
4,148000,57,2,0,0,0
4,148000,58,2,0,0,0
4,148000,59,2,0,0,0
4,148000,61,2,0,0,0
4,148000,63,1,55,0,0
4,148000,82,1,45,0,0
4,148000,82,2,0,0,0
4,148000,85,2,0,0,0
4,148000,86,1,1,0,3
4,148000,86,1,10,0,0
4,148000,86,2,0,0,0
4,148000,87,2,0,0,0
4,148000,92,2,0,0,0
4,148000,97,1,20,0,0
4,148000,99,2,0,0,0
4,148000,102,2,0,0,0
4,148000,104,2,0,0,0
4,148000,115,2,0,0,0
4,148000,117,2,0,0,0
4,148000,126,2,0,0,0
4,148000,129,2,0,0,0
4,148000,130,2,0,0,0
4,148000,156,2,0,0,0
4,148000,164,2,0,0,0
4,149000,13,2,0,0,0
4,149000,21,1,35,0,0
4,149000,32,2,0,0,0
4,149000,34,2,0,0,0
4,149000,35,1,1,0,1
4,149000,36,2,0,0,0
4,149000,38,2,0,0,0
4,149000,43,1,1,0,2
4,149000,55,2,0,0,0
4,149000,57,2,0,0,0
4,149000,58,2,0,0,0
4,149000,59,2,0,0,0
4,149000,61,2,0,0,0
4,149000,63,1,60,0,0
4,149000,63,2,0,0,0
4,149000,70,2,0,0,0
4,149000,82,1,45,0,0
4,149000,82,2,0,0,0
4,149000,85,2,0,0,0
4,149000,86,1,1,0,3
4,149000,86,1,10,0,0
4,149000,86,2,0,0,0
4,149000,87,2,0,0,0
4,149000,92,2,0,0,0
4,149000,97,1,1,0,4
4,149000,97,1,20,0,0
4,149000,99,2,0,0,0
4,149000,102,2,0,0,0
4,149000,104,2,0,0,0
4,149000,115,2,0,0,0
4,149000,117,2,0,0,0
4,149000,126,2,0,0,0
4,149000,129,2,0,0,0
4,149000,130,2,0,0,0
4,149000,156,2,0,0,0
4,149000,164,2,0,0,0
4,150000,5,2,0,0,0
4,150000,25,2,0,0,0
4,150000,34,2,0,0,0
4,150000,36,2,0,0,0
4,150000,38,2,0,0,0
4,150000,50,1,1,0,2
4,150000,54,1,75,0,0
4,150000,55,2,0,0,0
4,150000,58,2,0,0,0
4,150000,59,2,0,0,0
4,150000,61,2,0,0,0
4,150000,63,2,0,0,0
4,150000,66,2,0,0,0
4,150000,68,2,0,0,0
4,150000,69,2,0,0,0
4,150000,70,2,0,0,0
4,150000,76,2,0,0,0
4,150000,85,2,0,0,0
4,150000,86,2,0,0,0
4,150000,87,2,0,0,0
4,150000,92,2,0,0,0
4,150000,93,1,1,0,1
4,150000,94,1,1,0,4
4,150000,94,1,66,0,0
4,150000,94,2,0,0,0
4,150000,99,2,0,0,0
4,150000,100,2,0,0,0
4,150000,102,2,0,0,0
4,150000,104,2,0,0,0
4,150000,105,1,70,0,0
4,150000,112,1,63,0,0
4,150000,115,2,0,0,0
4,150000,117,2,0,0,0
4,150000,118,2,0,0,0
4,150000,120,2,0,0,0
4,150000,126,2,0,0,0
4,150000,129,1,1,0,3
4,150000,130,2,0,0,0
4,150000,133,1,81,0,0
4,150000,148,2,0,0,0
4,150000,149,2,0,0,0
4,150000,156,2,0,0,0
4,150000,161,2,0,0,0
4,150000,164,2,0,0,0
4,151000,1,1,1,0,0
4,151000,5,1,20,0,0
4,151000,5,2,0,0,0
4,151000,6,2,0,0,0
4,151000,13,2,0,0,0
4,151000,14,2,0,0,0
4,151000,15,2,0,0,0
4,151000,18,2,0,0,0
4,151000,19,2,0,0,0
4,151000,25,2,0,0,0
4,151000,32,2,0,0,0
4,151000,34,2,0,0,0
4,151000,36,2,0,0,0
4,151000,38,2,0,0,0
4,151000,55,2,0,0,0
4,151000,57,2,0,0,0
4,151000,58,2,0,0,0
4,151000,59,2,0,0,0
4,151000,61,2,0,0,0
4,151000,63,2,0,0,0
4,151000,66,2,0,0,0
4,151000,68,2,0,0,0
4,151000,69,2,0,0,0
4,151000,70,2,0,0,0
4,151000,72,2,0,0,0
4,151000,76,2,0,0,0
4,151000,82,2,0,0,0
4,151000,85,2,0,0,0
4,151000,86,2,0,0,0
4,151000,87,2,0,0,0
4,151000,89,2,0,0,0
4,151000,90,2,0,0,0
4,151000,91,2,0,0,0
4,151000,92,2,0,0,0
4,151000,94,1,40,0,0
4,151000,94,2,0,0,0
4,151000,99,2,0,0,0
4,151000,100,2,0,0,0
4,151000,102,2,0,0,0
4,151000,104,2,0,0,0
4,151000,115,2,0,0,0
4,151000,117,2,0,0,0
4,151000,118,1,30,0,0
4,151000,118,2,0,0,0
4,151000,120,2,0,0,0
4,151000,121,2,0,0,0
4,151000,126,2,0,0,0
4,151000,129,2,0,0,0
4,151000,130,2,0,0,0
4,151000,135,2,0,0,0
4,151000,138,2,0,0,0
4,151000,143,2,0,0,0
4,151000,144,1,10,0,0
4,151000,148,2,0,0,0
4,151000,149,2,0,0,0
4,151000,153,2,0,0,0
4,151000,156,2,0,0,0
4,151000,157,2,0,0,0
4,151000,161,2,0,0,0
4,151000,164,2,0,0,0
