pokemon_id,version_group_id,move_id,move_method_id,level,mastery_level,sort
1,23,14,2,0,0,0
1,23,15,2,0,0,0
1,23,22,1,3,0,0
1,23,33,1,1,0,0
1,23,36,1,21,0,0
1,23,38,1,33,0,0
1,23,45,1,1,0,1
1,23,70,2,0,0,0
1,23,73,1,9,0,0
1,23,74,1,6,0,0
1,23,75,1,12,0,0
1,23,76,1,36,0,0
1,23,76,2,0,0,0
1,23,77,1,15,0,0
1,23,79,1,15,0,1
1,23,80,3,0,0,0
1,23,92,2,0,0,0
1,23,104,2,0,0,0
1,23,113,2,0,0,0
1,23,124,3,0,0,0
1,23,130,3,0,0,0
1,23,133,3,0,0,0
1,23,148,2,0,0,0
1,23,156,2,0,0,0
1,23,164,2,0,0,0
1,23,174,3,0,0,0
1,23,182,2,0,0,0
1,23,188,2,0,0,0
1,23,202,2,0,0,0
1,23,203,2,0,0,0
1,23,204,3,0,0,0
1,23,206,2,0,0,0
1,23,207,2,0,0,0
1,23,213,2,0,0,0
1,23,214,2,0,0,0
1,23,219,2,0,0,0
1,23,230,1,24,0,0
1,23,235,1,27,0,0
1,23,241,2,0,0,0
1,23,249,2,0,0,0
1,23,263,2,0,0,0
1,23,267,3,0,0,0
1,23,275,3,0,0,0
1,23,331,2,0,0,0
1,23,345,3,0,0,0
1,23,388,1,30,0,0
1,23,402,1,18,0,0
1,23,412,2,0,0,0
1,23,437,3,0,0,0
1,23,438,3,0,0,0
1,23,447,2,0,0,0
1,23,526,2,0,0,0
1,23,580,3,0,0,0
2,23,14,2,0,0,0
2,23,15,2,0,0,0
2,23,22,1,1,0,2
2,23,33,1,1,0,0
2,23,36,1,25,0,0
2,23,38,1,45,0,0
2,23,45,1,1,0,1
2,23,70,2,0,0,0
2,23,73,1,9,0,0
2,23,74,1,1,0,3
2,23,75,1,12,0,0
2,23,76,1,50,0,0
2,23,76,2,0,0,0
2,23,77,1,15,0,0
2,23,79,1,15,0,1
2,23,92,2,0,0,0
2,23,104,2,0,0,0
2,23,113,2,0,0,0
2,23,148,2,0,0,0
2,23,156,2,0,0,0
2,23,164,2,0,0,0
2,23,182,2,0,0,0
2,23,188,2,0,0,0
2,23,202,2,0,0,0
2,23,203,2,0,0,0
2,23,206,2,0,0,0
2,23,207,2,0,0,0
2,23,213,2,0,0,0
2,23,214,2,0,0,0
2,23,219,2,0,0,0
2,23,230,1,30,0,0
2,23,235,1,35,0,0
2,23,241,2,0,0,0
2,23,249,2,0,0,0
2,23,263,2,0,0,0
2,23,331,2,0,0,0
2,23,388,1,40,0,0
2,23,402,1,20,0,0
2,23,412,2,0,0,0
2,23,447,2,0,0,0
2,23,526,2,0,0,0
3,23,14,2,0,0,0
3,23,15,2,0,0,0
3,23,22,1,1,0,4
3,23,33,1,1,0,2
3,23,36,1,25,0,0
3,23,38,1,51,0,0
3,23,45,1,1,0,3
3,23,46,2,0,0,0
3,23,63,2,0,0,0
3,23,70,2,0,0,0
3,23,73,1,9,0,0
3,23,74,1,1,0,5
3,23,75,1,12,0,0
3,23,76,1,58,0,0
3,23,76,2,0,0,0
3,23,77,1,15,0,0
3,23,79,1,15,0,1
3,23,80,1,1,0,1
3,23,89,2,0,0,0
3,23,92,2,0,0,0
3,23,104,2,0,0,0
3,23,113,2,0,0,0
3,23,148,2,0,0,0
3,23,156,2,0,0,0
3,23,164,2,0,0,0
3,23,182,2,0,0,0
3,23,188,2,0,0,0
3,23,202,2,0,0,0
3,23,203,2,0,0,0
3,23,206,2,0,0,0
3,23,207,2,0,0,0
3,23,213,2,0,0,0
3,23,214,2,0,0,0
3,23,219,2,0,0,0
3,23,230,1,30,0,0
3,23,235,1,37,0,0
3,23,241,2,0,0,0
3,23,249,2,0,0,0
3,23,263,2,0,0,0
3,23,331,2,0,0,0
3,23,338,5,0,0,0
3,23,388,1,44,0,0
3,23,402,1,20,0,0
3,23,412,2,0,0,0
3,23,416,2,0,0,0
3,23,431,2,0,0,0
3,23,447,2,0,0,0
3,23,523,2,0,0,0
3,23,526,2,0,0,0
3,23,572,1,0,0,0
3,23,572,1,1,0,0
4,23,10,1,1,0,0
4,23,14,2,0,0,0
4,23,15,2,0,0,0
4,23,17,3,0,0,0
4,23,44,3,0,0,0
4,23,45,1,1,0,1
4,23,52,1,4,0,0
4,23,53,1,24,0,0
4,23,53,2,0,0,0
4,23,68,3,0,0,0
4,23,70,2,0,0,0
4,23,83,1,32,0,0
4,23,91,2,0,0,0
4,23,104,2,0,0,0
4,23,108,1,8,0,0
4,23,126,2,0,0,0
4,23,156,2,0,0,0
4,23,157,2,0,0,0
4,23,163,1,20,0,0
4,23,164,2,0,0,0
4,23,182,2,0,0,0
4,23,184,1,28,0,0
4,23,187,3,0,0,0
4,23,200,3,0,0,0
4,23,203,2,0,0,0
4,23,206,2,0,0,0
4,23,207,2,0,0,0
4,23,213,2,0,0,0
4,23,214,2,0,0,0
4,23,225,1,12,0,0
4,23,231,2,0,0,0
4,23,232,3,0,0,0
4,23,241,2,0,0,0
4,23,242,3,0,0,0
4,23,246,3,0,0,0
4,23,249,2,0,0,0
4,23,251,3,0,0,0
4,23,261,2,0,0,0
4,23,263,2,0,0,0
4,23,264,2,0,0,0
4,23,280,2,0,0,0
4,23,314,3,0,0,0
4,23,315,2,0,0,0
4,23,317,2,0,0,0
4,23,332,2,0,0,0
4,23,337,2,0,0,0
4,23,349,3,0,0,0
4,23,374,2,0,0,0
4,23,394,1,40,0,0
4,23,394,3,0,0,0
4,23,406,2,0,0,0
4,23,407,3,0,0,0
4,23,421,2,0,0,0
4,23,424,1,17,0,0
4,23,517,1,36,0,0
4,23,525,3,0,0,0
4,23,526,2,0,0,0
5,23,10,1,1,0,0
5,23,14,2,0,0,0
5,23,15,2,0,0,0
5,23,45,1,1,0,1
5,23,52,1,1,0,2
5,23,53,1,30,0,0
5,23,53,2,0,0,0
5,23,70,2,0,0,0
5,23,83,1,42,0,0
5,23,91,2,0,0,0
5,23,104,2,0,0,0
5,23,108,1,1,0,3
5,23,126,2,0,0,0
5,23,156,2,0,0,0
5,23,157,2,0,0,0
5,23,163,1,24,0,0
5,23,164,2,0,0,0
5,23,182,2,0,0,0
5,23,184,1,37,0,0
5,23,203,2,0,0,0
5,23,206,2,0,0,0
5,23,207,2,0,0,0
5,23,213,2,0,0,0
5,23,214,2,0,0,0
5,23,225,1,12,0,0
5,23,231,2,0,0,0
5,23,241,2,0,0,0
5,23,249,2,0,0,0
5,23,261,2,0,0,0
5,23,263,2,0,0,0
5,23,264,2,0,0,0
5,23,280,2,0,0,0
5,23,315,2,0,0,0
5,23,317,2,0,0,0
5,23,332,2,0,0,0
5,23,337,2,0,0,0
5,23,374,2,0,0,0
5,23,394,1,54,0,0
5,23,406,2,0,0,0
5,23,421,2,0,0,0
5,23,424,1,19,0,0
5,23,517,1,48,0,0
5,23,526,2,0,0,0
6,23,10,1,1,0,3
6,23,14,2,0,0,0
6,23,15,2,0,0,0
6,23,19,2,0,0,0
6,23,45,1,1,0,4
6,23,46,2,0,0,0
6,23,52,1,1,0,5
6,23,53,1,30,0,0
6,23,53,2,0,0,0
6,23,63,2,0,0,0
6,23,70,2,0,0,0
6,23,76,2,0,0,0
6,23,83,1,46,0,0
6,23,89,2,0,0,0
6,23,91,2,0,0,0
6,23,104,2,0,0,0
6,23,108,1,1,0,6
6,23,126,2,0,0,0
6,23,156,2,0,0,0
6,23,157,2,0,0,0
6,23,163,1,24,0,0
6,23,164,2,0,0,0
6,23,182,2,0,0,0
6,23,184,1,39,0,0
6,23,203,2,0,0,0
6,23,206,2,0,0,0
6,23,207,2,0,0,0
6,23,211,2,0,0,0
6,23,213,2,0,0,0
6,23,214,2,0,0,0
6,23,225,1,12,0,0
6,23,231,2,0,0,0
6,23,241,2,0,0,0
6,23,249,2,0,0,0
6,23,257,1,1,0,2
6,23,261,2,0,0,0
6,23,263,2,0,0,0
6,23,264,2,0,0,0
6,23,280,2,0,0,0
6,23,307,5,0,0,0
6,23,315,2,0,0,0
6,23,317,2,0,0,0
6,23,332,2,0,0,0
6,23,337,1,1,0,1
6,23,337,2,0,0,0
6,23,355,2,0,0,0
6,23,374,2,0,0,0
6,23,394,1,62,0,0
6,23,403,1,0,0,0
6,23,403,1,1,0,0
6,23,406,2,0,0,0
6,23,411,2,0,0,0
6,23,416,2,0,0,0
6,23,421,2,0,0,0
6,23,424,1,19,0,0
6,23,517,1,54,0,0
6,23,523,2,0,0,0
6,23,526,2,0,0,0
7,23,33,1,1,0,0
7,23,39,1,1,0,1
7,23,44,1,12,0,0
7,23,54,3,0,0,0
7,23,55,1,3,0,0
7,23,56,1,33,0,0
7,23,57,2,0,0,0
7,23,58,2,0,0,0
7,23,59,2,0,0,0
7,23,70,2,0,0,0
7,23,91,2,0,0,0
7,23,104,2,0,0,0
7,23,110,1,6,0,0
7,23,114,3,0,0,0
7,23,127,2,0,0,0
7,23,130,1,36,0,0
7,23,156,2,0,0,0
7,23,164,2,0,0,0
7,23,175,3,0,0,0
7,23,182,1,18,0,0
7,23,182,2,0,0,0
7,23,203,2,0,0,0
7,23,206,2,0,0,0
7,23,207,2,0,0,0
7,23,213,2,0,0,0
7,23,214,2,0,0,0
7,23,229,1,9,0,0
7,23,231,2,0,0,0
7,23,240,1,21,0,0
7,23,240,2,0,0,0
7,23,243,3,0,0,0
7,23,249,2,0,0,0
7,23,252,3,0,0,0
7,23,258,2,0,0,0
7,23,263,2,0,0,0
7,23,264,2,0,0,0
7,23,280,2,0,0,0
7,23,281,3,0,0,0
7,23,317,2,0,0,0
7,23,323,3,0,0,0
7,23,330,3,0,0,0
7,23,334,1,30,0,0
7,23,352,1,15,0,0
7,23,352,2,0,0,0
7,23,360,2,0,0,0
7,23,362,2,0,0,0
7,23,374,2,0,0,0
7,23,392,3,0,0,0
7,23,396,3,0,0,0
7,23,401,1,24,0,0
7,23,406,2,0,0,0
7,23,453,3,0,0,0
7,23,503,2,0,0,0
7,23,504,1,27,0,0
7,23,526,2,0,0,0
7,23,791,3,0,0,0
8,23,33,1,1,0,0
8,23,39,1,1,0,1
8,23,44,1,12,0,0
8,23,55,1,1,0,2
8,23,56,1,45,0,0
8,23,57,2,0,0,0
8,23,58,2,0,0,0
8,23,59,2,0,0,0
8,23,70,2,0,0,0
8,23,91,2,0,0,0
8,23,104,2,0,0,0
8,23,110,1,1,0,3
8,23,127,2,0,0,0
8,23,130,1,50,0,0
8,23,156,2,0,0,0
8,23,164,2,0,0,0
8,23,182,1,20,0,0
8,23,182,2,0,0,0
8,23,203,2,0,0,0
8,23,206,2,0,0,0
8,23,207,2,0,0,0
8,23,213,2,0,0,0
8,23,214,2,0,0,0
8,23,229,1,9,0,0
8,23,231,2,0,0,0
8,23,240,1,25,0,0
8,23,240,2,0,0,0
8,23,249,2,0,0,0
8,23,258,2,0,0,0
8,23,263,2,0,0,0
8,23,264,2,0,0,0
8,23,280,2,0,0,0
8,23,317,2,0,0,0
8,23,334,1,40,0,0
8,23,352,1,15,0,0
8,23,352,2,0,0,0
8,23,360,2,0,0,0
8,23,362,2,0,0,0
8,23,374,2,0,0,0
8,23,401,1,30,0,0
8,23,406,2,0,0,0
8,23,503,2,0,0,0
8,23,504,1,35,0,0
8,23,526,2,0,0,0
9,23,33,1,1,0,1
9,23,39,1,1,0,2
9,23,44,1,12,0,0
9,23,46,2,0,0,0
9,23,55,1,1,0,3
9,23,56,1,49,0,0
9,23,57,2,0,0,0
9,23,58,2,0,0,0
9,23,59,2,0,0,0
9,23,63,2,0,0,0
9,23,70,2,0,0,0
9,23,89,2,0,0,0
9,23,91,2,0,0,0
9,23,104,2,0,0,0
9,23,110,1,1,0,4
9,23,127,2,0,0,0
9,23,130,1,56,0,0
9,23,156,2,0,0,0
9,23,157,2,0,0,0
9,23,164,2,0,0,0
9,23,182,1,20,0,0
9,23,182,2,0,0,0
9,23,203,2,0,0,0
9,23,206,2,0,0,0
9,23,207,2,0,0,0
9,23,213,2,0,0,0
9,23,214,2,0,0,0
9,23,229,1,9,0,0
9,23,231,2,0,0,0
9,23,240,1,25,0,0
9,23,240,2,0,0,0
9,23,249,2,0,0,0
9,23,258,2,0,0,0
9,23,263,2,0,0,0
9,23,264,2,0,0,0
9,23,280,2,0,0,0
9,23,308,5,0,0,0
9,23,317,2,0,0,0
9,23,334,1,42,0,0
9,23,352,1,15,0,0
9,23,352,2,0,0,0
9,23,360,2,0,0,0
9,23,362,2,0,0,0
9,23,374,2,0,0,0
9,23,399,2,0,0,0
9,23,401,1,30,0,0
9,23,406,2,0,0,0
9,23,411,2,0,0,0
9,23,416,2,0,0,0
9,23,419,2,0,0,0
9,23,430,1,0,0,0
9,23,430,1,1,0,0
9,23,430,2,0,0,0
9,23,431,2,0,0,0
9,23,503,2,0,0,0
9,23,504,1,35,0,0
9,23,523,2,0,0,0
9,23,526,2,0,0,0
10,23,33,1,1,0,0
10,23,81,1,1,0,1
10,23,450,1,9,0,0
11,23,106,1,0,0,0
11,23,106,1,1,0,0
12,23,16,1,0,0,0
12,23,16,1,1,0,0
12,23,18,1,20,0,0
12,23,33,1,1,0,2
12,23,48,1,4,0,0
12,23,60,1,16,0,0
12,23,63,2,0,0,0
12,23,76,2,0,0,0
12,23,77,1,12,0,0
12,23,78,1,12,0,1
12,23,79,1,12,0,2
12,23,81,1,1,0,3
12,23,93,1,8,0,0
12,23,94,2,0,0,0
12,23,104,2,0,0,0
12,23,106,1,1,0,1
12,23,138,2,0,0,0
12,23,148,2,0,0,0
12,23,156,2,0,0,0
12,23,164,2,0,0,0
12,23,168,2,0,0,0
12,23,182,2,0,0,0
12,23,202,2,0,0,0
12,23,203,2,0,0,0
12,23,207,2,0,0,0
12,23,213,2,0,0,0
12,23,214,2,0,0,0
12,23,219,1,28,0,0
12,23,219,2,0,0,0
12,23,240,2,0,0,0
12,23,241,2,0,0,0
12,23,244,2,0,0,0
12,23,247,2,0,0,0
12,23,263,2,0,0,0
12,23,285,2,0,0,0
12,23,332,2,0,0,0
12,23,355,2,0,0,0
12,23,366,1,36,0,0
12,23,369,2,0,0,0
12,23,403,1,24,0,0
12,23,405,1,32,0,0
12,23,405,2,0,0,0
12,23,412,2,0,0,0
12,23,416,2,0,0,0
12,23,432,2,0,0,0
12,23,450,1,1,0,4
12,23,476,1,40,0,0
12,23,483,1,44,0,0
13,23,40,1,1,0,0
13,23,81,1,1,0,1
13,23,450,1,9,0,0
14,23,106,1,0,0,0
14,23,106,1,1,0,0
15,23,14,2,0,0,0
15,23,15,2,0,0,0
15,23,31,1,0,0,0
15,23,31,1,1,0,1
15,23,40,1,1,0,2
15,23,40,1,17,0,0
15,23,42,1,32,0,0
15,23,63,2,0,0,0
15,23,76,2,0,0,0
15,23,81,1,1,0,3
15,23,97,1,38,0,0
15,23,104,2,0,0,0
15,23,106,1,1,0,4
15,23,116,1,20,0,0
15,23,148,2,0,0,0
15,23,156,2,0,0,0
15,23,164,2,0,0,0
15,23,168,2,0,0,0
15,23,182,2,0,0,0
15,23,188,2,0,0,0
15,23,202,2,0,0,0
15,23,203,2,0,0,0
15,23,206,2,0,0,0
15,23,207,2,0,0,0
15,23,210,1,11,0,0
15,23,213,2,0,0,0
15,23,214,2,0,0,0
15,23,241,2,0,0,0
15,23,249,2,0,0,0
15,23,263,2,0,0,0
15,23,280,2,0,0,0
15,23,283,1,41,0,0
15,23,332,2,0,0,0
15,23,355,2,0,0,0
15,23,369,2,0,0,0
15,23,371,2,0,0,0
15,23,372,1,26,0,0
15,23,390,1,29,0,0
15,23,398,1,35,0,0
15,23,398,2,0,0,0
15,23,404,2,0,0,0
15,23,416,2,0,0,0
15,23,432,2,0,0,0
15,23,450,1,1,0,0
15,23,474,1,23,0,0
15,23,565,1,44,0,0
15,23,673,1,14,0,0
16,23,16,1,9,0,0
16,23,17,1,33,0,0
16,23,18,1,17,0,0
16,23,19,2,0,0,0
16,23,28,1,5,0,0
16,23,33,1,1,0,0
16,23,97,1,29,0,0
16,23,98,1,13,0,0
16,23,104,2,0,0,0
16,23,156,2,0,0,0
16,23,164,2,0,0,0
16,23,168,2,0,0,0
16,23,182,2,0,0,0
16,23,203,2,0,0,0
16,23,207,2,0,0,0
16,23,211,2,0,0,0
16,23,213,2,0,0,0
16,23,214,2,0,0,0
16,23,239,1,21,0,0
16,23,240,2,0,0,0
16,23,241,2,0,0,0
16,23,253,3,0,0,0
16,23,263,2,0,0,0
16,23,297,1,25,0,0
16,23,314,3,0,0,0
16,23,332,1,45,0,0
16,23,332,2,0,0,0
16,23,355,1,37,0,0
16,23,355,2,0,0,0
16,23,365,2,0,0,0
16,23,366,1,41,0,0
16,23,369,2,0,0,0
16,23,403,1,49,0,0
16,23,403,3,0,0,0
16,23,413,3,0,0,0
16,23,432,2,0,0,0
16,23,526,2,0,0,0
16,23,542,1,53,0,0
17,23,16,1,1,0,2
17,23,16,1,9,0,0
17,23,17,1,37,0,0
17,23,18,1,17,0,0
17,23,19,2,0,0,0
17,23,28,1,1,0,1
17,23,28,1,5,0,0
17,23,33,1,1,0,0
17,23,97,1,32,0,0
17,23,98,1,13,0,0
17,23,104,2,0,0,0
17,23,156,2,0,0,0
17,23,164,2,0,0,0
17,23,168,2,0,0,0
17,23,182,2,0,0,0
17,23,203,2,0,0,0
17,23,207,2,0,0,0
17,23,211,2,0,0,0
17,23,213,2,0,0,0
17,23,214,2,0,0,0
17,23,239,1,22,0,0
17,23,240,2,0,0,0
17,23,241,2,0,0,0
17,23,263,2,0,0,0
17,23,297,1,27,0,0
17,23,332,1,52,0,0
17,23,332,2,0,0,0
17,23,355,1,42,0,0
17,23,355,2,0,0,0
17,23,365,2,0,0,0
17,23,366,1,47,0,0
17,23,369,2,0,0,0
17,23,403,1,57,0,0
17,23,432,2,0,0,0
17,23,526,2,0,0,0
17,23,542,1,62,0,0
18,23,16,1,1,0,3
18,23,16,1,9,0,0
18,23,17,1,38,0,0
18,23,18,1,17,0,0
18,23,19,2,0,0,0
18,23,28,1,1,0,2
18,23,28,1,5,0,0
18,23,33,1,1,0,1
18,23,63,2,0,0,0
18,23,97,1,32,0,0
18,23,98,1,1,0,4
18,23,98,1,13,0,0
18,23,104,2,0,0,0
18,23,156,2,0,0,0
18,23,164,2,0,0,0
18,23,168,2,0,0,0
18,23,182,2,0,0,0
18,23,203,2,0,0,0
18,23,207,2,0,0,0
18,23,211,2,0,0,0
18,23,213,2,0,0,0
18,23,214,2,0,0,0
18,23,239,1,22,0,0
18,23,240,2,0,0,0
18,23,241,2,0,0,0
18,23,263,2,0,0,0
18,23,297,1,27,0,0
18,23,332,1,56,0,0
18,23,332,2,0,0,0
18,23,355,1,44,0,0
18,23,355,2,0,0,0
18,23,365,2,0,0,0
18,23,366,1,50,0,0
18,23,369,2,0,0,0
18,23,403,1,62,0,0
18,23,416,2,0,0,0
18,23,432,2,0,0,0
18,23,526,2,0,0,0
18,23,542,1,1,0,0
18,23,542,1,68,0,0
19,23,15,2,0,0,0
19,23,33,1,1,0,0
19,23,36,1,16,0,0
19,23,38,1,31,0,0
19,23,39,1,1,0,1
19,23,44,1,10,0,0
19,23,44,3,0,0,0
19,23,58,2,0,0,0
19,23,59,2,0,0,0
19,23,68,3,0,0,0
19,23,85,2,0,0,0
19,23,86,2,0,0,0
19,23,87,2,0,0,0
19,23,91,2,0,0,0
19,23,98,1,4,0,0
19,23,103,3,0,0,0
19,23,104,2,0,0,0
19,23,116,1,7,0,0
19,23,154,3,0,0,0
19,23,156,2,0,0,0
19,23,162,1,28,0,0
19,23,164,2,0,0,0
19,23,168,2,0,0,0
19,23,172,3,0,0,0
19,23,179,3,0,0,0
19,23,182,2,0,0,0
19,23,188,2,0,0,0
19,23,203,2,0,0,0
19,23,207,2,0,0,0
19,23,213,2,0,0,0
19,23,214,2,0,0,0
19,23,231,2,0,0,0
19,23,240,2,0,0,0
19,23,241,2,0,0,0
19,23,242,1,22,0,0
19,23,247,2,0,0,0
19,23,249,2,0,0,0
19,23,253,3,0,0,0
19,23,263,2,0,0,0
19,23,269,2,0,0,0
19,23,279,3,0,0,0
19,23,283,1,34,0,0
19,23,351,2,0,0,0
19,23,365,2,0,0,0
19,23,372,1,19,0,0
19,23,387,3,0,0,0
19,23,389,1,25,0,0
19,23,447,2,0,0,0
19,23,451,2,0,0,0
19,23,515,3,0,0,0
19,23,526,2,0,0,0
19,23,673,1,13,0,0
20,23,14,1,1,0,1
20,23,14,2,0,0,0
20,23,15,2,0,0,0
20,23,33,1,1,0,2
20,23,36,1,16,0,0
20,23,38,1,39,0,0
20,23,39,1,1,0,3
20,23,44,1,10,0,0
20,23,46,2,0,0,0
20,23,58,2,0,0,0
20,23,59,2,0,0,0
20,23,63,2,0,0,0
20,23,70,2,0,0,0
20,23,85,2,0,0,0
20,23,86,2,0,0,0
20,23,87,2,0,0,0
20,23,91,2,0,0,0
20,23,98,1,1,0,4
20,23,98,1,4,0,0
20,23,104,2,0,0,0
20,23,116,1,1,0,5
20,23,116,1,7,0,0
20,23,156,2,0,0,0
20,23,162,1,34,0,0
20,23,164,2,0,0,0
20,23,168,2,0,0,0
20,23,182,2,0,0,0
20,23,184,1,0,0,0
20,23,184,1,1,0,0
20,23,188,2,0,0,0
20,23,203,2,0,0,0
20,23,207,2,0,0,0
20,23,213,2,0,0,0
20,23,214,2,0,0,0
20,23,231,2,0,0,0
20,23,240,2,0,0,0
20,23,241,2,0,0,0
20,23,242,1,24,0,0
20,23,247,2,0,0,0
20,23,249,2,0,0,0
20,23,263,2,0,0,0
20,23,269,2,0,0,0
20,23,283,1,44,0,0
20,23,351,2,0,0,0
20,23,365,2,0,0,0
20,23,372,1,19,0,0
20,23,389,1,29,0,0
20,23,416,2,0,0,0
20,23,447,2,0,0,0
20,23,451,2,0,0,0
20,23,526,2,0,0,0
20,23,673,1,13,0,0
21,23,17,1,18,0,0
21,23,18,3,0,0,0
21,23,19,2,0,0,0
21,23,31,1,11,0,0
21,23,36,1,22,0,0
21,23,43,1,4,0,0
21,23,45,1,1,0,1
21,23,64,1,1,0,0
21,23,65,1,36,0,0
21,23,97,1,25,0,0
21,23,98,3,0,0,0
21,23,104,2,0,0,0
21,23,116,1,29,0,0
21,23,143,3,0,0,0
21,23,156,2,0,0,0
21,23,161,3,0,0,0
21,23,164,2,0,0,0
21,23,168,2,0,0,0
21,23,182,2,0,0,0
21,23,184,3,0,0,0
21,23,203,2,0,0,0
21,23,206,2,0,0,0
21,23,207,2,0,0,0
21,23,211,2,0,0,0
21,23,213,2,0,0,0
21,23,214,2,0,0,0
21,23,240,2,0,0,0
21,23,241,2,0,0,0
21,23,253,3,0,0,0
21,23,263,2,0,0,0
21,23,297,3,0,0,0
21,23,310,3,0,0,0
21,23,332,1,15,0,0
21,23,332,2,0,0,0
21,23,355,1,32,0,0
21,23,355,2,0,0,0
21,23,365,2,0,0,0
21,23,369,2,0,0,0
21,23,372,1,8,0,0
21,23,432,2,0,0,0
21,23,526,2,0,0,0
22,23,17,1,18,0,0
22,23,19,2,0,0,0
22,23,31,1,11,0,0
22,23,36,1,23,0,0
22,23,43,1,1,0,4
22,23,43,1,4,0,0
22,23,45,1,1,0,3
22,23,63,2,0,0,0
22,23,64,1,1,0,2
22,23,65,1,41,0,0
22,23,97,1,27,0,0
22,23,104,2,0,0,0
22,23,116,1,32,0,0
22,23,156,2,0,0,0
22,23,164,2,0,0,0
22,23,168,2,0,0,0
22,23,182,2,0,0,0
22,23,203,2,0,0,0
22,23,206,2,0,0,0
22,23,207,2,0,0,0
22,23,211,2,0,0,0
22,23,213,2,0,0,0
22,23,214,2,0,0,0
22,23,240,2,0,0,0
22,23,241,2,0,0,0
22,23,263,2,0,0,0
22,23,332,1,15,0,0
22,23,332,2,0,0,0
22,23,355,1,36,0,0
22,23,355,2,0,0,0
22,23,365,1,1,0,1
22,23,365,2,0,0,0
22,23,369,2,0,0,0
22,23,372,1,8,0,0
22,23,416,2,0,0,0
22,23,432,2,0,0,0
22,23,526,2,0,0,0
22,23,529,1,1,0,0
22,23,529,1,45,0,0
23,23,21,3,0,0,0
23,23,35,1,1,0,0
23,23,40,1,4,0,0
23,23,43,1,1,0,1
23,23,44,1,9,0,0
23,23,50,3,0,0,0
23,23,51,1,20,0,0
23,23,70,2,0,0,0
23,23,89,2,0,0,0
23,23,91,2,0,0,0
23,23,103,1,17,0,0
23,23,104,2,0,0,0
23,23,114,1,41,0,0
23,23,137,1,12,0,0
23,23,156,2,0,0,0
23,23,157,2,0,0,0
23,23,164,2,0,0,0
23,23,168,2,0,0,0
23,23,180,3,0,0,0
23,23,182,2,0,0,0
23,23,184,3,0,0,0
23,23,188,1,33,0,0
23,23,188,2,0,0,0
23,23,202,2,0,0,0
23,23,203,2,0,0,0
23,23,207,2,0,0,0
23,23,213,2,0,0,0
23,23,214,2,0,0,0
23,23,231,2,0,0,0
23,23,240,2,0,0,0
23,23,241,2,0,0,0
23,23,251,3,0,0,0
23,23,254,1,25,0,0
23,23,255,1,25,0,2
23,23,256,1,25,0,1
23,23,259,2,0,0,0
23,23,263,2,0,0,0
23,23,305,3,0,0,0
23,23,317,2,0,0,0
23,23,342,3,0,0,0
23,23,371,2,0,0,0
23,23,380,1,36,0,0
23,23,389,3,0,0,0
23,23,398,2,0,0,0
23,23,399,2,0,0,0
23,23,415,3,0,0,0
23,23,441,1,49,0,0
23,23,489,1,44,0,0
23,23,491,1,28,0,0
23,23,523,2,0,0,0
23,23,562,1,38,0,0
24,23,35,1,1,0,4
24,23,40,1,1,0,6
24,23,40,1,4,0,0
24,23,43,1,1,0,5
24,23,44,1,1,0,7
24,23,44,1,9,0,0
24,23,51,1,20,0,0
24,23,63,2,0,0,0
24,23,70,2,0,0,0
24,23,89,2,0,0,0
24,23,91,2,0,0,0
24,23,103,1,17,0,0
24,23,104,2,0,0,0
24,23,114,1,51,0,0
24,23,137,1,12,0,0
24,23,156,2,0,0,0
24,23,157,2,0,0,0
24,23,164,2,0,0,0
24,23,168,2,0,0,0
24,23,182,2,0,0,0
24,23,188,1,39,0,0
24,23,188,2,0,0,0
24,23,202,2,0,0,0
24,23,203,2,0,0,0
24,23,207,2,0,0,0
24,23,213,2,0,0,0
24,23,214,2,0,0,0
24,23,231,2,0,0,0
24,23,240,2,0,0,0
24,23,241,2,0,0,0
24,23,242,1,0,0,0
24,23,242,1,1,0,0
24,23,254,1,27,0,0
24,23,255,1,27,0,2
24,23,256,1,27,0,1
24,23,259,2,0,0,0
24,23,263,2,0,0,0
24,23,317,2,0,0,0
24,23,371,2,0,0,0
24,23,380,1,44,0,0
24,23,398,2,0,0,0
24,23,399,2,0,0,0
24,23,416,2,0,0,0
24,23,422,1,1,0,2
24,23,423,1,1,0,1
24,23,424,1,1,0,3
24,23,441,1,63,0,0
24,23,489,1,56,0,0
24,23,491,1,32,0,0
24,23,523,2,0,0,0
24,23,562,1,48,0,0
25,23,21,1,28,0,0
25,23,39,1,1,0,6
25,23,45,1,1,0,7
25,23,57,2,0,0,0
25,23,70,2,0,0,0
25,23,84,1,1,0,5
25,23,85,1,36,0,0
25,23,85,2,0,0,0
25,23,86,1,4,0,0
25,23,86,2,0,0,0
25,23,87,1,44,0,0
25,23,87,2,0,0,0
25,23,91,2,0,0,0
25,23,97,1,24,0,0
25,23,98,1,1,0,8
25,23,104,1,8,0,0
25,23,104,2,0,0,0
25,23,113,1,40,0,0
25,23,113,2,0,0,0
25,23,115,2,0,0,0
25,23,148,2,0,0,0
25,23,156,2,0,0,0
25,23,164,2,0,0,0
25,23,168,2,0,0,0
25,23,182,2,0,0,0
25,23,186,1,1,0,1
25,23,203,2,0,0,0
25,23,204,1,1,0,4
25,23,207,2,0,0,0
25,23,209,1,20,0,0
25,23,213,2,0,0,0
25,23,214,2,0,0,0
25,23,231,2,0,0,0
25,23,240,2,0,0,0
25,23,249,2,0,0,0
25,23,263,2,0,0,0
25,23,264,2,0,0,0
25,23,280,2,0,0,0
25,23,351,2,0,0,0
25,23,364,1,16,0,0
25,23,374,2,0,0,0
25,23,417,1,1,0,3
25,23,417,2,0,0,0
25,23,435,1,32,0,0
25,23,447,2,0,0,0
25,23,451,2,0,0,0
25,23,486,1,12,0,0
25,23,521,2,0,0,0
25,23,589,1,1,0,0
25,23,609,1,1,0,2
26,23,9,1,0,0,0
26,23,9,1,1,0,0
26,23,21,1,1,0,12
26,23,39,1,1,0,18
26,23,45,1,1,0,19
26,23,57,2,0,0,0
26,23,63,2,0,0,0
26,23,70,2,0,0,0
26,23,84,1,1,0,17
26,23,85,1,1,0,14
26,23,85,2,0,0,0
26,23,86,1,1,0,6
26,23,86,2,0,0,0
26,23,87,1,1,0,16
26,23,87,2,0,0,0
26,23,91,2,0,0,0
26,23,97,1,1,0,11
26,23,98,1,1,0,20
26,23,104,1,1,0,7
26,23,104,2,0,0,0
26,23,113,1,1,0,15
26,23,113,2,0,0,0
26,23,115,2,0,0,0
26,23,148,2,0,0,0
26,23,156,2,0,0,0
26,23,164,2,0,0,0
26,23,168,2,0,0,0
26,23,182,2,0,0,0
26,23,186,1,1,0,2
26,23,203,2,0,0,0
26,23,204,1,1,0,5
26,23,207,2,0,0,0
26,23,209,1,1,0,10
26,23,213,2,0,0,0
26,23,214,2,0,0,0
26,23,219,2,0,0,0
26,23,231,2,0,0,0
26,23,240,2,0,0,0
26,23,249,2,0,0,0
26,23,263,2,0,0,0
26,23,264,2,0,0,0
26,23,280,2,0,0,0
26,23,351,2,0,0,0
26,23,364,1,1,0,9
26,23,374,2,0,0,0
26,23,411,2,0,0,0
26,23,416,2,0,0,0
26,23,417,1,1,0,4
26,23,417,2,0,0,0
26,23,435,1,1,0,13
26,23,447,2,0,0,0
26,23,451,2,0,0,0
26,23,486,1,1,0,8
26,23,521,2,0,0,0
26,23,589,1,1,0,1
26,23,609,1,1,0,3
27,23,10,1,1,0,1
27,23,14,1,39,0,0
27,23,14,2,0,0,0
27,23,15,2,0,0,0
27,23,28,1,6,0,0
27,23,40,1,3,0,0
27,23,68,3,0,0,0
27,23,70,2,0,0,0
27,23,89,1,45,0,0
27,23,89,2,0,0,0
27,23,91,1,33,0,0
27,23,91,2,0,0,0
27,23,97,1,27,0,0
27,23,104,2,0,0,0
27,23,111,1,1,0,2
27,23,129,1,21,0,0
27,23,154,1,24,0,0
27,23,156,2,0,0,0
27,23,157,2,0,0,0
27,23,163,1,30,0,0
27,23,164,2,0,0,0
27,23,168,2,0,0,0
27,23,175,3,0,0,0
27,23,182,2,0,0,0
27,23,189,3,0,0,0
27,23,201,1,42,0,0
27,23,201,2,0,0,0
27,23,203,2,0,0,0
27,23,205,1,9,0,0
27,23,207,2,0,0,0
27,23,210,1,12,0,0
27,23,213,2,0,0,0
27,23,214,2,0,0,0
27,23,219,2,0,0,0
27,23,229,1,15,0,0
27,23,229,3,0,0,0
27,23,231,2,0,0,0
27,23,232,3,0,0,0
27,23,241,2,0,0,0
27,23,249,2,0,0,0
27,23,263,2,0,0,0
27,23,264,2,0,0,0
27,23,280,2,0,0,0
27,23,306,3,0,0,0
27,23,317,2,0,0,0
27,23,332,2,0,0,0
27,23,341,3,0,0,0
27,23,360,1,36,0,0
27,23,360,2,0,0,0
27,23,374,2,0,0,0
27,23,398,2,0,0,0
27,23,400,3,0,0,0
27,23,404,2,0,0,0
27,23,421,2,0,0,0
27,23,431,2,0,0,0
27,23,446,2,0,0,0
27,23,468,3,0,0,0
27,23,523,1,18,0,0
27,23,523,2,0,0,0
27,23,526,2,0,0,0
28,23,10,1,1,0,1
28,23,14,1,51,0,0
28,23,14,2,0,0,0
28,23,15,2,0,0,0
28,23,28,1,1,0,4
28,23,40,1,1,0,3
28,23,63,2,0,0,0
28,23,70,2,0,0,0
28,23,89,1,61,0,0
28,23,89,2,0,0,0
28,23,91,1,41,0,0
28,23,91,2,0,0,0
28,23,97,1,1,0,5
28,23,104,2,0,0,0
28,23,111,1,1,0,2
28,23,129,1,21,0,0
28,23,154,1,26,0,0
28,23,156,2,0,0,0
28,23,157,2,0,0,0
28,23,163,1,36,0,0
28,23,164,2,0,0,0
28,23,168,2,0,0,0
28,23,182,2,0,0,0
28,23,201,1,56,0,0
28,23,201,2,0,0,0
28,23,203,2,0,0,0
28,23,205,1,9,0,0
28,23,207,2,0,0,0
28,23,210,1,12,0,0
28,23,213,2,0,0,0
28,23,214,2,0,0,0
28,23,219,2,0,0,0
28,23,229,1,15,0,0
28,23,231,2,0,0,0
28,23,241,2,0,0,0
28,23,249,2,0,0,0
28,23,263,2,0,0,0
28,23,264,2,0,0,0
28,23,280,2,0,0,0
28,23,306,1,1,0,0
28,23,317,2,0,0,0
28,23,328,1,31,0,0
28,23,332,2,0,0,0
28,23,360,1,46,0,0
28,23,360,2,0,0,0
28,23,374,2,0,0,0
28,23,398,2,0,0,0
28,23,404,2,0,0,0
28,23,411,2,0,0,0
28,23,416,2,0,0,0
28,23,421,2,0,0,0
28,23,431,2,0,0,0
28,23,444,2,0,0,0
28,23,446,2,0,0,0
28,23,523,1,18,0,0
28,23,523,2,0,0,0
28,23,526,2,0,0,0
29,23,10,1,5,0,0
29,23,15,2,0,0,0
29,23,24,1,25,0,0
29,23,36,3,0,0,0
29,23,39,1,10,0,0
29,23,40,1,1,0,1
29,23,44,1,30,0,0
29,23,45,1,1,0,0
29,23,48,3,0,0,0
29,23,50,3,0,0,0
29,23,58,2,0,0,0
29,23,59,2,0,0,0
29,23,68,3,0,0,0
29,23,70,2,0,0,0
29,23,85,2,0,0,0
29,23,87,2,0,0,0
29,23,91,2,0,0,0
29,23,92,1,40,0,0
29,23,92,2,0,0,0
29,23,104,2,0,0,0
29,23,116,3,0,0,0
29,23,130,3,0,0,0
29,23,154,1,15,0,0
29,23,156,2,0,0,0
29,23,164,2,0,0,0
29,23,168,2,0,0,0
29,23,182,2,0,0,0
29,23,188,2,0,0,0
29,23,203,2,0,0,0
29,23,204,3,0,0,0
29,23,207,2,0,0,0
29,23,213,2,0,0,0
29,23,214,2,0,0,0
29,23,231,2,0,0,0
29,23,240,2,0,0,0
29,23,241,2,0,0,0
29,23,242,1,50,0,0
29,23,249,2,0,0,0
29,23,251,3,0,0,0
29,23,260,1,45,0,0
29,23,263,2,0,0,0
29,23,270,1,35,0,0
29,23,305,3,0,0,0
29,23,332,2,0,0,0
29,23,342,3,0,0,0
29,23,351,2,0,0,0
29,23,352,2,0,0,0
29,23,390,1,20,0,0
29,23,398,2,0,0,0
29,23,414,1,55,0,0
29,23,421,2,0,0,0
29,23,599,3,0,0,0
30,23,10,1,1,0,2
30,23,15,2,0,0,0
30,23,24,1,29,0,0
30,23,39,1,1,0,3
30,23,40,1,1,0,1
30,23,44,1,36,0,0
30,23,45,1,1,0,0
30,23,58,2,0,0,0
30,23,59,2,0,0,0
30,23,70,2,0,0,0
30,23,85,2,0,0,0
30,23,87,2,0,0,0
30,23,91,2,0,0,0
30,23,92,1,50,0,0
30,23,92,2,0,0,0
30,23,104,2,0,0,0
30,23,154,1,15,0,0
30,23,156,2,0,0,0
30,23,164,2,0,0,0
30,23,168,2,0,0,0
30,23,182,2,0,0,0
30,23,188,2,0,0,0
30,23,203,2,0,0,0
30,23,207,2,0,0,0
30,23,213,2,0,0,0
30,23,214,2,0,0,0
30,23,231,2,0,0,0
30,23,240,2,0,0,0
30,23,241,2,0,0,0
30,23,242,1,64,0,0
30,23,249,2,0,0,0
30,23,260,1,57,0,0
30,23,263,2,0,0,0
30,23,270,1,43,0,0
30,23,332,2,0,0,0
30,23,351,2,0,0,0
30,23,352,2,0,0,0
30,23,390,1,22,0,0
30,23,398,2,0,0,0
30,23,414,1,71,0,0
30,23,421,2,0,0,0
31,23,10,1,1,0,13
31,23,15,2,0,0,0
31,23,24,1,1,0,4
31,23,39,1,1,0,14
31,23,40,1,1,0,12
31,23,44,1,1,0,5
31,23,45,1,1,0,11
31,23,46,2,0,0,0
31,23,53,2,0,0,0
31,23,57,2,0,0,0
31,23,58,2,0,0,0
31,23,59,2,0,0,0
31,23,63,2,0,0,0
31,23,70,2,0,0,0
31,23,85,2,0,0,0
31,23,87,2,0,0,0
31,23,89,2,0,0,0
31,23,91,2,0,0,0
31,23,92,1,1,0,7
31,23,92,2,0,0,0
31,23,104,2,0,0,0
31,23,126,2,0,0,0
31,23,154,1,1,0,2
31,23,156,2,0,0,0
31,23,157,2,0,0,0
31,23,164,2,0,0,0
31,23,168,2,0,0,0
31,23,182,2,0,0,0
31,23,188,2,0,0,0
31,23,201,2,0,0,0
31,23,203,2,0,0,0
31,23,207,2,0,0,0
31,23,213,2,0,0,0
31,23,214,2,0,0,0
31,23,231,2,0,0,0
31,23,240,2,0,0,0
31,23,241,2,0,0,0
31,23,242,1,1,0,9
31,23,247,2,0,0,0
31,23,249,2,0,0,0
31,23,259,2,0,0,0
31,23,260,1,1,0,8
31,23,263,2,0,0,0
31,23,264,2,0,0,0
31,23,269,2,0,0,0
31,23,270,1,1,0,6
31,23,276,1,0,0,0
31,23,276,1,1,0,1
31,23,280,2,0,0,0
31,23,317,2,0,0,0
31,23,332,2,0,0,0
31,23,351,2,0,0,0
31,23,352,2,0,0,0
31,23,374,2,0,0,0
31,23,390,1,1,0,3
31,23,398,2,0,0,0
31,23,406,2,0,0,0
31,23,411,2,0,0,0
31,23,414,1,1,0,10
31,23,416,2,0,0,0
31,23,419,2,0,0,0
31,23,421,2,0,0,0
31,23,431,2,0,0,0
31,23,444,2,0,0,0
31,23,446,2,0,0,0
31,23,482,1,1,0,0
31,23,523,2,0,0,0
32,23,15,2,0,0,0
32,23,24,1,25,0,0
32,23,30,1,30,0,0
32,23,31,1,15,0,0
32,23,32,3,0,0,0
32,23,36,3,0,0,0
32,23,37,3,0,0,0
32,23,40,1,1,0,2
32,23,43,1,1,0,1
32,23,48,3,0,0,0
32,23,50,3,0,0,0
32,23,58,2,0,0,0
32,23,59,2,0,0,0
32,23,64,1,5,0,0
32,23,68,3,0,0,0
32,23,70,2,0,0,0
32,23,85,2,0,0,0
32,23,87,2,0,0,0
32,23,91,2,0,0,0
32,23,92,1,40,0,0
32,23,92,2,0,0,0
32,23,93,3,0,0,0
32,23,104,2,0,0,0
32,23,116,1,10,0,0
32,23,133,3,0,0,0
32,23,156,2,0,0,0
32,23,164,2,0,0,0
32,23,168,2,0,0,0
32,23,182,2,0,0,0
32,23,188,2,0,0,0
32,23,203,2,0,0,0
32,23,207,2,0,0,0
32,23,213,2,0,0,0
32,23,214,2,0,0,0
32,23,231,2,0,0,0
32,23,240,2,0,0,0
32,23,241,2,0,0,0
32,23,249,2,0,0,0
32,23,251,3,0,0,0
32,23,260,1,45,0,0
32,23,263,2,0,0,0
32,23,270,1,35,0,0
32,23,342,3,0,0,0
32,23,351,2,0,0,0
32,23,352,2,0,0,0
32,23,389,3,0,0,0
32,23,390,1,20,0,0
32,23,398,1,50,0,0
32,23,398,2,0,0,0
32,23,414,1,55,0,0
32,23,421,2,0,0,0
32,23,457,3,0,0,0
32,23,599,3,0,0,0
33,23,15,2,0,0,0
33,23,24,1,29,0,0
33,23,30,1,36,0,0
33,23,31,1,15,0,0
33,23,40,1,1,0,1
33,23,43,1,1,0,0
33,23,58,2,0,0,0
33,23,59,2,0,0,0
33,23,64,1,1,0,2
33,23,70,2,0,0,0
33,23,85,2,0,0,0
33,23,87,2,0,0,0
33,23,91,2,0,0,0
33,23,92,1,50,0,0
33,23,92,2,0,0,0
33,23,104,2,0,0,0
33,23,116,1,1,0,3
33,23,156,2,0,0,0
33,23,164,2,0,0,0
33,23,168,2,0,0,0
33,23,182,2,0,0,0
33,23,188,2,0,0,0
33,23,203,2,0,0,0
33,23,207,2,0,0,0
33,23,213,2,0,0,0
33,23,214,2,0,0,0
33,23,231,2,0,0,0
33,23,240,2,0,0,0
33,23,241,2,0,0,0
33,23,249,2,0,0,0
33,23,260,1,57,0,0
33,23,263,2,0,0,0
33,23,270,1,43,0,0
33,23,351,2,0,0,0
33,23,352,2,0,0,0
33,23,390,1,22,0,0
33,23,398,1,64,0,0
33,23,398,2,0,0,0
33,23,414,1,71,0,0
33,23,421,2,0,0,0
34,23,15,2,0,0,0
34,23,24,1,1,0,4
34,23,30,1,1,0,5
34,23,31,1,1,0,2
34,23,40,1,1,0,12
34,23,43,1,1,0,11
34,23,46,2,0,0,0
34,23,53,2,0,0,0
34,23,57,2,0,0,0
34,23,58,2,0,0,0
34,23,59,2,0,0,0
34,23,63,2,0,0,0
34,23,64,1,1,0,13
34,23,70,2,0,0,0
34,23,85,2,0,0,0
34,23,87,2,0,0,0
34,23,89,2,0,0,0
34,23,91,2,0,0,0
34,23,92,1,1,0,7
34,23,92,2,0,0,0
34,23,104,2,0,0,0
34,23,116,1,1,0,14
34,23,126,2,0,0,0
34,23,156,2,0,0,0
34,23,157,2,0,0,0
34,23,164,2,0,0,0
34,23,168,2,0,0,0
34,23,182,2,0,0,0
34,23,188,2,0,0,0
34,23,201,2,0,0,0
34,23,203,2,0,0,0
34,23,207,2,0,0,0
34,23,213,2,0,0,0
34,23,214,2,0,0,0
34,23,224,1,0,0,0
34,23,224,1,1,0,1
34,23,231,2,0,0,0
34,23,240,2,0,0,0
34,23,241,2,0,0,0
34,23,247,2,0,0,0
34,23,249,2,0,0,0
34,23,259,2,0,0,0
34,23,260,1,1,0,8
34,23,263,2,0,0,0
34,23,264,2,0,0,0
34,23,269,2,0,0,0
34,23,270,1,1,0,6
34,23,280,2,0,0,0
34,23,317,2,0,0,0
34,23,351,2,0,0,0
34,23,352,2,0,0,0
34,23,374,2,0,0,0
34,23,390,1,1,0,3
34,23,398,1,1,0,9
34,23,398,2,0,0,0
34,23,406,2,0,0,0
34,23,411,2,0,0,0
34,23,414,1,1,0,10
34,23,416,2,0,0,0
34,23,419,2,0,0,0
34,23,421,2,0,0,0
34,23,431,2,0,0,0
34,23,444,2,0,0,0
34,23,446,2,0,0,0
34,23,482,1,1,0,0
34,23,523,2,0,0,0
35,23,1,1,1,0,7
35,23,45,1,1,0,9
35,23,47,1,1,0,1
35,23,53,2,0,0,0
35,23,58,2,0,0,0
35,23,59,2,0,0,0
35,23,70,2,0,0,0
35,23,76,2,0,0,0
35,23,85,2,0,0,0
35,23,86,2,0,0,0
35,23,87,2,0,0,0
35,23,91,2,0,0,0
35,23,94,2,0,0,0
35,23,104,2,0,0,0
35,23,107,1,8,0,0
35,23,111,1,1,0,10
35,23,113,2,0,0,0
35,23,115,2,0,0,0
35,23,118,1,20,0,0
35,23,126,2,0,0,0
35,23,138,2,0,0,0
35,23,148,2,0,0,0
35,23,150,1,1,0,6
35,23,156,2,0,0,0
35,23,164,2,0,0,0
35,23,182,2,0,0,0
35,23,186,1,1,0,2
35,23,203,2,0,0,0
35,23,204,1,1,0,5
35,23,207,2,0,0,0
35,23,213,2,0,0,0
35,23,214,2,0,0,0
35,23,219,2,0,0,0
35,23,227,1,1,0,4
35,23,231,2,0,0,0
35,23,236,1,24,0,0
35,23,240,2,0,0,0
35,23,241,2,0,0,0
35,23,244,2,0,0,0
35,23,247,2,0,0,0
35,23,249,2,0,0,0
35,23,263,2,0,0,0
35,23,264,2,0,0,0
35,23,266,1,36,0,0
35,23,278,2,0,0,0
35,23,280,2,0,0,0
35,23,309,1,32,0,0
35,23,322,1,40,0,0
35,23,347,2,0,0,0
35,23,351,2,0,0,0
35,23,352,2,0,0,0
35,23,356,1,28,0,0
35,23,361,1,48,0,0
35,23,374,2,0,0,0
35,23,383,1,1,0,8
35,23,409,2,0,0,0
35,23,446,2,0,0,0
35,23,447,2,0,0,0
35,23,451,2,0,0,0
35,23,495,1,12,0,0
35,23,500,1,4,0,0
35,23,526,2,0,0,0
35,23,574,1,1,0,3
35,23,585,1,44,0,0
35,23,605,2,0,0,0
35,23,791,1,16,0,0
36,23,1,1,1,0,18
36,23,45,1,1,0,20
36,23,47,1,1,0,0
36,23,53,2,0,0,0
36,23,58,2,0,0,0
36,23,59,2,0,0,0
36,23,63,2,0,0,0
36,23,70,2,0,0,0
36,23,76,2,0,0,0
36,23,85,2,0,0,0
36,23,86,2,0,0,0
36,23,87,2,0,0,0
36,23,91,2,0,0,0
36,23,94,2,0,0,0
36,23,104,2,0,0,0
36,23,107,1,1,0,6
36,23,111,1,1,0,21
36,23,113,2,0,0,0
36,23,115,2,0,0,0
36,23,118,1,1,0,9
36,23,126,2,0,0,0
36,23,138,2,0,0,0
36,23,148,2,0,0,0
36,23,150,1,1,0,17
36,23,156,2,0,0,0
36,23,164,2,0,0,0
36,23,182,2,0,0,0
36,23,186,1,1,0,1
36,23,203,2,0,0,0
36,23,204,1,1,0,4
36,23,207,2,0,0,0
36,23,213,2,0,0,0
36,23,214,2,0,0,0
36,23,219,2,0,0,0
36,23,227,1,1,0,3
36,23,231,2,0,0,0
36,23,236,1,1,0,10
36,23,240,2,0,0,0
36,23,241,2,0,0,0
36,23,244,2,0,0,0
36,23,247,2,0,0,0
36,23,249,2,0,0,0
36,23,263,2,0,0,0
36,23,264,2,0,0,0
36,23,266,1,1,0,13
36,23,278,2,0,0,0
36,23,280,2,0,0,0
36,23,309,1,1,0,12
36,23,322,1,1,0,14
36,23,347,2,0,0,0
36,23,351,2,0,0,0
36,23,352,2,0,0,0
36,23,356,1,1,0,11
36,23,361,1,1,0,16
36,23,374,2,0,0,0
36,23,383,1,1,0,19
36,23,409,2,0,0,0
36,23,411,2,0,0,0
36,23,416,2,0,0,0
36,23,446,2,0,0,0
36,23,447,2,0,0,0
36,23,451,2,0,0,0
36,23,495,1,1,0,7
36,23,500,1,1,0,5
36,23,526,2,0,0,0
36,23,574,1,1,0,2
36,23,585,1,1,0,15
36,23,605,2,0,0,0
36,23,791,1,1,0,8
37,23,39,1,1,0,2
37,23,46,2,0,0,0
37,23,50,1,4,0,0
37,23,50,3,0,0,0
37,23,52,1,1,0,1
37,23,53,1,32,0,0
37,23,53,2,0,0,0
37,23,83,1,40,0,0
37,23,91,2,0,0,0
37,23,95,3,0,0,0
37,23,98,1,8,0,0
37,23,104,2,0,0,0
37,23,109,1,20,0,0
37,23,126,1,56,0,0
37,23,126,2,0,0,0
37,23,156,2,0,0,0
37,23,164,2,0,0,0
37,23,175,3,0,0,0
37,23,180,1,12,0,0
37,23,180,3,0,0,0
37,23,182,2,0,0,0
37,23,203,2,0,0,0
37,23,207,2,0,0,0
37,23,213,2,0,0,0
37,23,214,2,0,0,0
37,23,219,1,44,0,0
37,23,219,2,0,0,0
37,23,231,2,0,0,0
37,23,241,2,0,0,0
37,23,244,2,0,0,0
37,23,257,3,0,0,0
37,23,261,1,24,0,0
37,23,261,2,0,0,0
37,23,262,3,0,0,0
37,23,263,2,0,0,0
37,23,286,1,36,0,0
37,23,288,1,52,0,0
37,23,315,2,0,0,0
37,23,326,1,28,0,0
37,23,326,3,0,0,0
37,23,336,3,0,0,0
37,23,371,2,0,0,0
37,23,384,3,0,0,0
37,23,394,3,0,0,0
37,23,399,2,0,0,0
37,23,412,2,0,0,0
37,23,488,3,0,0,0
37,23,506,3,0,0,0
37,23,510,1,16,0,0
37,23,517,1,48,0,0
37,23,608,3,0,0,0
38,23,39,1,1,0,15
38,23,46,2,0,0,0
38,23,50,1,1,0,16
38,23,52,1,1,0,14
38,23,53,1,1,0,7
38,23,53,2,0,0,0
38,23,63,2,0,0,0
38,23,76,2,0,0,0
38,23,83,1,1,0,9
38,23,91,2,0,0,0
38,23,98,1,1,0,17
38,23,104,2,0,0,0
38,23,109,1,1,0,4
38,23,126,1,1,0,13
38,23,126,2,0,0,0
38,23,138,2,0,0,0
38,23,156,2,0,0,0
38,23,164,2,0,0,0
38,23,180,1,1,0,2
38,23,182,2,0,0,0
38,23,203,2,0,0,0
38,23,207,2,0,0,0
38,23,213,2,0,0,0
38,23,214,2,0,0,0
38,23,219,1,1,0,10
38,23,219,2,0,0,0
38,23,231,2,0,0,0
38,23,241,2,0,0,0
38,23,244,2,0,0,0
38,23,247,2,0,0,0
38,23,261,1,1,0,5
38,23,261,2,0,0,0
38,23,263,2,0,0,0
38,23,286,1,1,0,8
38,23,288,1,1,0,12
38,23,315,2,0,0,0
38,23,326,1,1,0,6
38,23,347,2,0,0,0
38,23,371,2,0,0,0
38,23,399,2,0,0,0
38,23,412,2,0,0,0
38,23,416,2,0,0,0
38,23,417,1,1,0,0
38,23,417,2,0,0,0
38,23,510,1,1,0,1
38,23,510,1,1,0,3
38,23,517,1,1,0,11
39,23,1,1,1,0,6
39,23,34,1,24,0,0
39,23,38,1,44,0,0
39,23,47,1,1,0,5
39,23,50,1,1,0,3
39,23,53,2,0,0,0
39,23,58,2,0,0,0
39,23,59,2,0,0,0
39,23,70,2,0,0,0
39,23,76,2,0,0,0
39,23,85,2,0,0,0
39,23,86,2,0,0,0
39,23,87,2,0,0,0
39,23,91,2,0,0,0
39,23,94,2,0,0,0
39,23,102,1,28,0,0
39,23,104,2,0,0,0
39,23,111,1,1,0,8
39,23,113,2,0,0,0
39,23,115,2,0,0,0
39,23,126,2,0,0,0
39,23,138,2,0,0,0
39,23,148,2,0,0,0
39,23,156,1,20,0,0
39,23,156,2,0,0,0
39,23,164,2,0,0,0
39,23,182,2,0,0,0
39,23,186,1,1,0,1
39,23,203,2,0,0,0
39,23,204,1,1,0,4
39,23,207,2,0,0,0
39,23,213,2,0,0,0
39,23,214,2,0,0,0
39,23,219,2,0,0,0
39,23,240,2,0,0,0
39,23,241,2,0,0,0
39,23,244,2,0,0,0
39,23,247,2,0,0,0
39,23,254,1,12,0,0
39,23,255,1,12,0,2
39,23,256,1,12,0,1
39,23,263,2,0,0,0
39,23,264,2,0,0,0
39,23,278,2,0,0,0
39,23,280,2,0,0,0
39,23,304,1,36,0,0
39,23,343,1,8,0,0
39,23,351,2,0,0,0
39,23,352,2,0,0,0
39,23,360,1,32,0,0
39,23,360,2,0,0,0
39,23,374,2,0,0,0
39,23,383,1,1,0,7
39,23,409,2,0,0,0
39,23,446,2,0,0,0
39,23,447,2,0,0,0
39,23,451,2,0,0,0
39,23,496,1,16,0,0
39,23,497,1,4,0,0
39,23,526,2,0,0,0
39,23,574,1,1,0,2
39,23,583,1,40,0,0
39,23,605,2,0,0,0
40,23,1,1,1,0,18
40,23,34,1,1,0,11
40,23,38,1,1,0,16
40,23,47,1,1,0,17
40,23,50,1,1,0,2
40,23,53,2,0,0,0
40,23,58,2,0,0,0
40,23,59,2,0,0,0
40,23,63,2,0,0,0
40,23,70,2,0,0,0
40,23,76,2,0,0,0
40,23,85,2,0,0,0
40,23,86,2,0,0,0
40,23,87,2,0,0,0
40,23,91,2,0,0,0
40,23,94,2,0,0,0
40,23,102,1,1,0,12
40,23,104,2,0,0,0
40,23,111,1,1,0,20
40,23,113,2,0,0,0
40,23,115,2,0,0,0
40,23,126,2,0,0,0
40,23,138,2,0,0,0
40,23,148,2,0,0,0
40,23,156,1,1,0,10
40,23,156,2,0,0,0
40,23,164,2,0,0,0
40,23,182,2,0,0,0
40,23,186,1,1,0,0
40,23,203,2,0,0,0
40,23,204,1,1,0,3
40,23,207,2,0,0,0
40,23,213,2,0,0,0
40,23,214,2,0,0,0
40,23,219,2,0,0,0
40,23,240,2,0,0,0
40,23,241,2,0,0,0
40,23,244,2,0,0,0
40,23,247,2,0,0,0
40,23,254,1,1,0,6
40,23,255,1,1,0,8
40,23,256,1,1,0,7
40,23,263,2,0,0,0
40,23,264,2,0,0,0
40,23,278,2,0,0,0
40,23,280,2,0,0,0
40,23,304,1,1,0,15
40,23,343,1,1,0,5
40,23,351,2,0,0,0
40,23,352,2,0,0,0
40,23,360,1,1,0,13
40,23,360,2,0,0,0
40,23,374,2,0,0,0
40,23,383,1,1,0,19
40,23,409,2,0,0,0
40,23,411,2,0,0,0
40,23,416,2,0,0,0
40,23,446,2,0,0,0
40,23,447,2,0,0,0
40,23,451,2,0,0,0
40,23,496,1,1,0,9
40,23,497,1,1,0,4
40,23,526,2,0,0,0
40,23,574,1,1,0,1
40,23,583,1,1,0,14
40,23,605,2,0,0,0
41,23,16,3,0,0,0
41,23,17,3,0,0,0
41,23,18,3,0,0,0
41,23,19,2,0,0,0
41,23,44,1,30,0,0
41,23,48,1,1,0,2
41,23,71,1,1,0,1
41,23,95,3,0,0,0
41,23,98,3,0,0,0
41,23,104,2,0,0,0
41,23,109,1,45,0,0
41,23,114,1,35,0,0
41,23,141,1,55,0,0
41,23,156,2,0,0,0
41,23,164,2,0,0,0
41,23,168,2,0,0,0
41,23,174,3,0,0,0
41,23,182,2,0,0,0
41,23,188,2,0,0,0
41,23,202,2,0,0,0
41,23,203,2,0,0,0
41,23,207,2,0,0,0
41,23,211,2,0,0,0
41,23,212,1,10,0,0
41,23,213,2,0,0,0
41,23,214,2,0,0,0
41,23,240,2,0,0,0
41,23,241,2,0,0,0
41,23,247,2,0,0,0
41,23,259,2,0,0,0
41,23,263,2,0,0,0
41,23,269,2,0,0,0
41,23,305,1,15,0,0
41,23,310,1,5,0,0
41,23,314,1,25,0,0
41,23,332,2,0,0,0
41,23,355,2,0,0,0
41,23,365,2,0,0,0
41,23,369,2,0,0,0
41,23,371,2,0,0,0
41,23,403,1,50,0,0
41,23,413,3,0,0,0
41,23,417,2,0,0,0
41,23,428,3,0,0,0
41,23,432,2,0,0,0
41,23,474,1,40,0,0
41,23,501,1,20,0,0
41,23,599,3,0,0,0
42,23,19,2,0,0,0
42,23,44,1,34,0,0
42,23,48,1,1,0,2
42,23,63,2,0,0,0
42,23,71,1,1,0,1
42,23,103,1,1,0,0
42,23,104,2,0,0,0
42,23,109,1,55,0,0
42,23,114,1,41,0,0
42,23,141,1,69,0,0
42,23,156,2,0,0,0
42,23,164,2,0,0,0
42,23,168,2,0,0,0
42,23,182,2,0,0,0
42,23,188,2,0,0,0
42,23,202,2,0,0,0
42,23,203,2,0,0,0
42,23,207,2,0,0,0
42,23,211,2,0,0,0
42,23,212,1,1,0,4
42,23,213,2,0,0,0
42,23,214,2,0,0,0
42,23,240,2,0,0,0
42,23,241,2,0,0,0
42,23,247,2,0,0,0
42,23,259,2,0,0,0
42,23,263,2,0,0,0
42,23,269,2,0,0,0
42,23,305,1,15,0,0
42,23,310,1,1,0,3
42,23,314,1,27,0,0
42,23,332,2,0,0,0
42,23,355,2,0,0,0
42,23,365,2,0,0,0
42,23,369,2,0,0,0
42,23,371,2,0,0,0
42,23,403,1,62,0,0
42,23,416,2,0,0,0
42,23,417,2,0,0,0
42,23,432,2,0,0,0
42,23,474,1,48,0,0
42,23,501,1,20,0,0
43,23,14,2,0,0,0
43,23,15,2,0,0,0
43,23,51,1,4,0,0
43,23,71,1,1,0,0
43,23,72,1,12,0,0
43,23,73,3,0,0,0
43,23,74,1,1,0,1
43,23,75,3,0,0,0
43,23,76,2,0,0,0
43,23,77,1,14,0,0
43,23,78,1,16,0,0
43,23,79,1,18,0,0
43,23,80,1,40,0,0
43,23,92,1,24,0,0
43,23,92,2,0,0,0
43,23,104,2,0,0,0
43,23,148,2,0,0,0
43,23,156,2,0,0,0
43,23,164,2,0,0,0
43,23,175,3,0,0,0
43,23,182,2,0,0,0
43,23,188,2,0,0,0
43,23,202,1,20,0,0
43,23,202,2,0,0,0
43,23,203,2,0,0,0
43,23,204,3,0,0,0
43,23,207,2,0,0,0
43,23,213,2,0,0,0
43,23,214,2,0,0,0
43,23,230,1,8,0,0
43,23,235,3,0,0,0
43,23,236,1,36,0,0
43,23,241,2,0,0,0
43,23,263,2,0,0,0
43,23,267,3,0,0,0
43,23,275,3,0,0,0
43,23,298,3,0,0,0
43,23,321,3,0,0,0
43,23,331,2,0,0,0
43,23,412,2,0,0,0
43,23,447,2,0,0,0
43,23,495,3,0,0,0
43,23,580,1,32,0,0
43,23,585,1,28,0,0
43,23,605,2,0,0,0
43,23,668,3,0,0,0
44,23,14,2,0,0,0
44,23,15,2,0,0,0
44,23,51,1,1,0,2
44,23,71,1,1,0,0
44,23,72,1,12,0,0
44,23,74,1,1,0,1
44,23,76,2,0,0,0
44,23,77,1,14,0,0
44,23,78,1,16,0,0
44,23,79,1,18,0,0
44,23,80,1,50,0,0
44,23,92,1,26,0,0
44,23,92,2,0,0,0
44,23,104,2,0,0,0
44,23,148,2,0,0,0
44,23,156,2,0,0,0
44,23,164,2,0,0,0
44,23,182,2,0,0,0
44,23,188,2,0,0,0
44,23,202,1,20,0,0
44,23,202,2,0,0,0
44,23,203,2,0,0,0
44,23,207,2,0,0,0
44,23,213,2,0,0,0
44,23,214,2,0,0,0
44,23,230,1,1,0,3
44,23,236,1,44,0,0
44,23,241,2,0,0,0
44,23,263,2,0,0,0
44,23,331,2,0,0,0
44,23,374,2,0,0,0
44,23,409,2,0,0,0
44,23,412,2,0,0,0
44,23,447,2,0,0,0
44,23,580,1,38,0,0
44,23,585,1,32,0,0
44,23,605,2,0,0,0
45,23,14,2,0,0,0
45,23,15,2,0,0,0
45,23,51,1,1,0,14
45,23,63,2,0,0,0
45,23,71,1,1,0,12
45,23,72,1,1,0,2
45,23,74,1,1,0,13
45,23,76,2,0,0,0
45,23,77,1,1,0,3
45,23,78,1,1,0,4
45,23,79,1,1,0,5
45,23,80,1,1,0,11
45,23,92,1,1,0,7
45,23,92,2,0,0,0
45,23,104,2,0,0,0
45,23,148,2,0,0,0
45,23,156,2,0,0,0
45,23,164,2,0,0,0
45,23,182,2,0,0,0
45,23,188,2,0,0,0
45,23,202,1,1,0,6
45,23,202,2,0,0,0
45,23,203,2,0,0,0
45,23,207,2,0,0,0
45,23,213,2,0,0,0
45,23,214,2,0,0,0
45,23,219,2,0,0,0
45,23,230,1,1,0,15
45,23,236,1,1,0,10
45,23,241,2,0,0,0
45,23,263,2,0,0,0
45,23,312,1,1,0,1
45,23,331,2,0,0,0
45,23,374,2,0,0,0
45,23,409,2,0,0,0
45,23,412,2,0,0,0
45,23,416,2,0,0,0
45,23,447,2,0,0,0
45,23,572,1,0,0,0
45,23,572,1,1,0,0
45,23,580,1,1,0,9
45,23,585,1,1,0,8
45,23,605,2,0,0,0
46,23,10,1,1,0,1
46,23,14,2,0,0,0
46,23,15,2,0,0,0
46,23,60,3,0,0,0
46,23,68,3,0,0,0
46,23,71,1,11,0,0
46,23,73,3,0,0,0
46,23,74,1,33,0,0
46,23,76,2,0,0,0
46,23,77,1,6,0,1
46,23,78,1,6,0,0
46,23,91,2,0,0,0
46,23,97,3,0,0,0
46,23,103,3,0,0,0
46,23,104,2,0,0,0
46,23,113,2,0,0,0
46,23,147,1,22,0,0
46,23,148,2,0,0,0
46,23,156,2,0,0,0
46,23,163,1,27,0,0
46,23,164,2,0,0,0
46,23,168,2,0,0,0
46,23,175,3,0,0,0
46,23,182,2,0,0,0
46,23,188,2,0,0,0
46,23,202,1,38,0,0
46,23,202,2,0,0,0
46,23,203,2,0,0,0
46,23,206,2,0,0,0
46,23,207,2,0,0,0
46,23,210,1,17,0,0
46,23,213,2,0,0,0
46,23,214,2,0,0,0
46,23,230,3,0,0,0
46,23,232,3,0,0,0
46,23,241,2,0,0,0
46,23,249,2,0,0,0
46,23,263,2,0,0,0
46,23,280,2,0,0,0
46,23,312,1,43,0,0
46,23,331,2,0,0,0
46,23,332,2,0,0,0
46,23,404,1,54,0,0
46,23,404,2,0,0,0
46,23,440,3,0,0,0
46,23,447,2,0,0,0
46,23,450,3,0,0,0
46,23,469,3,0,0,0
46,23,476,1,49,0,0
46,23,565,3,0,0,0
46,23,580,3,0,0,0
47,23,10,1,1,0,1
47,23,14,2,0,0,0
47,23,15,2,0,0,0
47,23,63,2,0,0,0
47,23,71,1,1,0,4
47,23,71,1,11,0,0
47,23,74,1,37,0,0
47,23,76,2,0,0,0
47,23,77,1,1,0,3
47,23,77,1,6,0,1
47,23,78,1,1,0,2
47,23,78,1,6,0,0
47,23,91,2,0,0,0
47,23,104,2,0,0,0
47,23,113,2,0,0,0
47,23,147,1,22,0,0
47,23,148,2,0,0,0
47,23,156,2,0,0,0
47,23,163,1,29,0,0
47,23,164,2,0,0,0
47,23,168,2,0,0,0
47,23,182,2,0,0,0
47,23,188,2,0,0,0
47,23,202,1,44,0,0
47,23,202,2,0,0,0
47,23,203,2,0,0,0
47,23,206,2,0,0,0
47,23,207,2,0,0,0
47,23,210,1,17,0,0
47,23,213,2,0,0,0
47,23,214,2,0,0,0
47,23,241,2,0,0,0
47,23,249,2,0,0,0
47,23,263,2,0,0,0
47,23,280,2,0,0,0
47,23,312,1,51,0,0
47,23,331,2,0,0,0
47,23,332,2,0,0,0
47,23,404,1,66,0,0
47,23,404,2,0,0,0
47,23,412,2,0,0,0
47,23,416,2,0,0,0
47,23,440,1,1,0,0
47,23,447,2,0,0,0
47,23,476,1,59,0,0
48,23,33,1,1,0,0
48,23,48,1,5,0,0
48,23,50,1,1,0,1
48,23,60,1,17,0,0
48,23,72,1,25,0,0
48,23,76,2,0,0,0
48,23,77,1,13,0,0
48,23,78,1,23,0,0
48,23,79,1,29,0,0
48,23,93,1,11,0,0
48,23,94,1,47,0,0
48,23,94,2,0,0,0
48,23,97,3,0,0,0
48,23,103,3,0,0,0
48,23,104,2,0,0,0
48,23,141,1,35,0,0
48,23,148,2,0,0,0
48,23,156,2,0,0,0
48,23,164,2,0,0,0
48,23,168,2,0,0,0
48,23,182,2,0,0,0
48,23,188,2,0,0,0
48,23,202,2,0,0,0
48,23,203,2,0,0,0
48,23,207,2,0,0,0
48,23,213,2,0,0,0
48,23,214,2,0,0,0
48,23,226,3,0,0,0
48,23,234,3,0,0,0
48,23,241,2,0,0,0
48,23,263,2,0,0,0
48,23,285,2,0,0,0
48,23,305,1,41,0,0
48,23,390,3,0,0,0
48,23,428,1,37,0,0
48,23,450,3,0,0,0
48,23,476,3,0,0,0
48,23,522,1,1,0,2
49,23,16,1,0,0,0
49,23,16,1,1,0,0
49,23,18,1,1,0,3
49,23,33,1,1,0,4
49,23,48,1,1,0,7
49,23,48,1,5,0,0
49,23,50,1,1,0,5
49,23,60,1,17,0,0
49,23,63,2,0,0,0
49,23,72,1,25,0,0
49,23,76,2,0,0,0
49,23,77,1,13,0,0
49,23,78,1,23,0,0
49,23,79,1,29,0,0
49,23,93,1,11,0,0
49,23,94,1,55,0,0
49,23,94,2,0,0,0
49,23,104,2,0,0,0
49,23,141,1,37,0,0
49,23,148,2,0,0,0
49,23,156,2,0,0,0
49,23,164,2,0,0,0
49,23,168,2,0,0,0
49,23,182,2,0,0,0
49,23,188,2,0,0,0
49,23,202,2,0,0,0
49,23,203,2,0,0,0
49,23,207,2,0,0,0
49,23,213,2,0,0,0
49,23,214,2,0,0,0
49,23,241,2,0,0,0
49,23,263,2,0,0,0
49,23,285,2,0,0,0
49,23,305,1,47,0,0
49,23,332,2,0,0,0
49,23,355,2,0,0,0
49,23,369,2,0,0,0
49,23,405,1,1,0,2
49,23,405,1,59,0,0
49,23,405,2,0,0,0
49,23,412,2,0,0,0
49,23,416,2,0,0,0
49,23,428,1,41,0,0
49,23,432,2,0,0,0
49,23,483,1,1,0,1
49,23,483,1,63,0,0
49,23,522,1,1,0,6
50,23,10,1,1,0,1
50,23,15,2,0,0,0
50,23,28,1,1,0,0
50,23,29,3,0,0,0
50,23,45,1,4,0,0
50,23,89,1,40,0,0
50,23,89,2,0,0,0
50,23,90,1,44,0,0
50,23,91,1,32,0,0
50,23,91,2,0,0,0
50,23,103,3,0,0,0
50,23,104,2,0,0,0
50,23,156,2,0,0,0
50,23,157,2,0,0,0
50,23,163,1,24,0,0
50,23,164,2,0,0,0
50,23,168,2,0,0,0
50,23,179,3,0,0,0
50,23,182,2,0,0,0
50,23,188,2,0,0,0
50,23,189,1,12,0,0
50,23,201,1,28,0,0
50,23,201,2,0,0,0
50,23,203,2,0,0,0
50,23,207,2,0,0,0
50,23,213,2,0,0,0
50,23,214,2,0,0,0
50,23,241,2,0,0,0
50,23,246,3,0,0,0
50,23,249,2,0,0,0
50,23,251,3,0,0,0
50,23,253,3,0,0,0
50,23,262,3,0,0,0
50,23,263,2,0,0,0
50,23,310,1,8,0,0
50,23,310,3,0,0,0
50,23,317,2,0,0,0
50,23,332,2,0,0,0
50,23,389,1,20,0,0
50,23,414,1,36,0,0
50,23,421,2,0,0,0
50,23,446,2,0,0,0
50,23,468,3,0,0,0
50,23,515,3,0,0,0
50,23,523,1,16,0,0
50,23,523,2,0,0,0
50,23,526,2,0,0,0
51,23,10,1,1,0,4
51,23,15,2,0,0,0
51,23,28,1,1,0,3
51,23,45,1,1,0,5
51,23,63,2,0,0,0
51,23,89,1,48,0,0
51,23,89,2,0,0,0
51,23,90,1,54,0,0
51,23,91,1,36,0,0
51,23,91,2,0,0,0
51,23,104,2,0,0,0
51,23,156,2,0,0,0
51,23,157,2,0,0,0
51,23,161,1,1,0,2
51,23,163,1,24,0,0
51,23,164,2,0,0,0
51,23,168,2,0,0,0
51,23,182,2,0,0,0
51,23,188,2,0,0,0
51,23,189,1,12,0,0
51,23,201,1,30,0,0
51,23,201,2,0,0,0
51,23,203,2,0,0,0
51,23,207,2,0,0,0
51,23,213,2,0,0,0
51,23,214,2,0,0,0
51,23,241,2,0,0,0
51,23,249,2,0,0,0
51,23,263,2,0,0,0
51,23,310,1,1,0,6
51,23,317,2,0,0,0
51,23,328,1,0,0,0
51,23,328,1,1,0,0
51,23,332,2,0,0,0
51,23,389,1,20,0,0
51,23,400,1,1,0,1
51,23,414,1,42,0,0
51,23,416,2,0,0,0
51,23,421,2,0,0,0
51,23,444,2,0,0,0
51,23,446,2,0,0,0
51,23,523,1,16,0,0
51,23,523,2,0,0,0
51,23,526,2,0,0,0
52,23,6,1,12,0,0
52,23,10,1,8,0,0
52,23,15,2,0,0,0
52,23,39,3,0,0,0
52,23,44,1,16,0,0
52,23,45,1,1,0,1
52,23,85,2,0,0,0
52,23,87,2,0,0,0
52,23,91,2,0,0,0
52,23,95,3,0,0,0
52,23,103,1,32,0,0
52,23,104,2,0,0,0
52,23,133,3,0,0,0
52,23,138,2,0,0,0
52,23,148,2,0,0,0
52,23,154,1,29,0,0
52,23,156,2,0,0,0
52,23,163,1,36,0,0
52,23,164,2,0,0,0
52,23,168,2,0,0,0
52,23,175,3,0,0,0
52,23,180,3,0,0,0
52,23,182,2,0,0,0
52,23,203,2,0,0,0
52,23,204,3,0,0,0
52,23,207,2,0,0,0
52,23,213,2,0,0,0
52,23,214,2,0,0,0
52,23,231,2,0,0,0
52,23,240,2,0,0,0
52,23,241,2,0,0,0
52,23,244,2,0,0,0
52,23,247,2,0,0,0
52,23,252,1,1,0,0
52,23,259,2,0,0,0
52,23,263,2,0,0,0
52,23,269,1,20,0,0
52,23,269,2,0,0,0
52,23,332,2,0,0,0
52,23,343,3,0,0,0
52,23,351,2,0,0,0
52,23,352,2,0,0,0
52,23,364,1,4,0,0
52,23,369,2,0,0,0
52,23,371,2,0,0,0
52,23,372,1,24,0,0
52,23,387,3,0,0,0
52,23,399,2,0,0,0
52,23,417,1,40,0,0
52,23,417,2,0,0,0
52,23,421,2,0,0,0
52,23,492,3,0,0,0
52,23,526,2,0,0,0
52,23,583,1,44,0,0
53,23,6,1,12,0,0
53,23,10,1,1,0,5
53,23,15,2,0,0,0
53,23,44,1,16,0,0
53,23,45,1,1,0,3
53,23,46,2,0,0,0
53,23,63,2,0,0,0
53,23,85,2,0,0,0
53,23,87,2,0,0,0
53,23,91,2,0,0,0
53,23,103,1,36,0,0
53,23,104,2,0,0,0
53,23,138,2,0,0,0
53,23,148,2,0,0,0
53,23,154,1,31,0,0
53,23,156,2,0,0,0
53,23,163,1,42,0,0
53,23,164,2,0,0,0
53,23,168,2,0,0,0
53,23,182,2,0,0,0
53,23,203,2,0,0,0
53,23,207,2,0,0,0
53,23,213,2,0,0,0
53,23,214,2,0,0,0
53,23,231,2,0,0,0
53,23,240,2,0,0,0
53,23,241,2,0,0,0
53,23,244,2,0,0,0
53,23,247,2,0,0,0
53,23,252,1,1,0,2
53,23,259,2,0,0,0
53,23,263,2,0,0,0
53,23,269,1,20,0,0
53,23,269,2,0,0,0
53,23,332,2,0,0,0
53,23,351,2,0,0,0
53,23,352,2,0,0,0
53,23,364,1,1,0,4
53,23,369,2,0,0,0
53,23,371,2,0,0,0
53,23,372,1,24,0,0
53,23,399,2,0,0,0
53,23,408,1,0,0,0
53,23,408,1,1,0,0
53,23,415,1,1,0,1
53,23,416,2,0,0,0
53,23,417,1,48,0,0
53,23,417,2,0,0,0
53,23,421,2,0,0,0
53,23,526,2,0,0,0
53,23,583,1,54,0,0
54,23,10,1,1,0,0
54,23,39,1,1,0,1
54,23,50,1,15,0,0
54,23,55,1,3,0,0
54,23,56,1,36,0,0
54,23,57,2,0,0,0
54,23,58,2,0,0,0
54,23,59,2,0,0,0
54,23,60,3,0,0,0
54,23,70,2,0,0,0
54,23,91,2,0,0,0
54,23,93,1,6,0,0
54,23,94,2,0,0,0
54,23,95,3,0,0,0
54,23,103,1,21,0,0
54,23,104,2,0,0,0
54,23,109,3,0,0,0
54,23,113,2,0,0,0
54,23,127,2,0,0,0
54,23,133,1,34,0,0
54,23,148,2,0,0,0
54,23,154,1,9,0,0
54,23,156,2,0,0,0
54,23,164,2,0,0,0
54,23,182,2,0,0,0
54,23,203,2,0,0,0
54,23,207,2,0,0,0
54,23,213,2,0,0,0
54,23,214,2,0,0,0
54,23,227,3,0,0,0
54,23,231,2,0,0,0
54,23,238,3,0,0,0
54,23,240,2,0,0,0
54,23,244,1,30,0,0
54,23,244,2,0,0,0
54,23,248,3,0,0,0
54,23,249,2,0,0,0
54,23,258,2,0,0,0
54,23,263,2,0,0,0
54,23,264,2,0,0,0
54,23,280,2,0,0,0
54,23,281,3,0,0,0
54,23,332,2,0,0,0
54,23,347,2,0,0,0
54,23,352,1,12,0,0
54,23,352,2,0,0,0
54,23,362,2,0,0,0
54,23,374,2,0,0,0
54,23,401,1,24,0,0
54,23,421,2,0,0,0
54,23,428,1,18,0,0
54,23,472,1,39,0,0
54,23,487,1,27,0,0
54,23,493,3,0,0,0
54,23,499,3,0,0,0
54,23,503,2,0,0,0
55,23,10,1,1,0,1
55,23,39,1,1,0,2
55,23,50,1,15,0,0
55,23,55,1,1,0,3
55,23,56,1,40,0,0
55,23,57,2,0,0,0
55,23,58,2,0,0,0
55,23,59,2,0,0,0
55,23,63,2,0,0,0
55,23,70,2,0,0,0
55,23,91,2,0,0,0
55,23,93,1,1,0,4
55,23,94,2,0,0,0
55,23,103,1,21,0,0
55,23,104,2,0,0,0
55,23,113,2,0,0,0
55,23,127,2,0,0,0
55,23,133,1,36,0,0
55,23,148,2,0,0,0
55,23,154,1,9,0,0
55,23,156,2,0,0,0
55,23,164,2,0,0,0
55,23,182,2,0,0,0
55,23,203,2,0,0,0
55,23,207,2,0,0,0
55,23,213,2,0,0,0
55,23,214,2,0,0,0
55,23,231,2,0,0,0
55,23,240,2,0,0,0
55,23,244,1,30,0,0
55,23,244,2,0,0,0
55,23,249,2,0,0,0
55,23,258,2,0,0,0
55,23,263,2,0,0,0
55,23,264,2,0,0,0
55,23,280,2,0,0,0
55,23,332,2,0,0,0
55,23,347,2,0,0,0
55,23,352,1,12,0,0
55,23,352,2,0,0,0
55,23,362,2,0,0,0
55,23,374,2,0,0,0
55,23,401,1,24,0,0
55,23,411,2,0,0,0
55,23,416,2,0,0,0
55,23,421,2,0,0,0
55,23,428,1,18,0,0
55,23,431,2,0,0,0
55,23,453,1,1,0,0
55,23,472,1,45,0,0
55,23,487,1,27,0,0
55,23,490,2,0,0,0
55,23,503,2,0,0,0
56,23,10,1,1,0,1
56,23,37,1,33,0,0
56,23,43,1,1,0,3
56,23,67,1,1,0,2
56,23,68,3,0,0,0
56,23,69,1,12,0,0
56,23,70,2,0,0,0
56,23,85,2,0,0,0
56,23,87,2,0,0,0
56,23,89,2,0,0,0
56,23,91,2,0,0,0
56,23,103,1,40,0,0
56,23,104,2,0,0,0
56,23,116,1,1,0,4
56,23,130,1,29,0,0
56,23,154,1,5,0,0
56,23,156,2,0,0,0
56,23,157,2,0,0,0
56,23,164,2,0,0,0
56,23,168,2,0,0,0
56,23,179,3,0,0,0
56,23,182,2,0,0,0
56,23,189,1,8,0,0
56,23,200,1,47,0,0
56,23,203,2,0,0,0
56,23,207,1,19,0,0
56,23,207,2,0,0,0
56,23,213,2,0,0,0
56,23,214,2,0,0,0
56,23,227,3,0,0,0
56,23,231,2,0,0,0
56,23,238,1,22,0,0
56,23,240,2,0,0,0
56,23,241,2,0,0,0
56,23,249,2,0,0,0
56,23,251,3,0,0,0
56,23,263,2,0,0,0
56,23,264,2,0,0,0
56,23,269,2,0,0,0
56,23,279,3,0,0,0
56,23,280,2,0,0,0
56,23,315,2,0,0,0
56,23,317,2,0,0,0
56,23,332,2,0,0,0
56,23,339,2,0,0,0
56,23,343,1,1,0,0
56,23,369,2,0,0,0
56,23,370,1,36,0,0
56,23,370,3,0,0,0
56,23,371,2,0,0,0
56,23,372,1,26,0,0
56,23,374,2,0,0,0
56,23,398,2,0,0,0
56,23,400,3,0,0,0
56,23,411,2,0,0,0
56,23,431,2,0,0,0
56,23,490,2,0,0,0
56,23,514,1,15,0,0
56,23,515,1,50,0,0
56,23,523,2,0,0,0
56,23,526,2,0,0,0
56,23,707,1,43,0,0
57,23,10,1,1,0,2
57,23,37,1,35,0,0
57,23,43,1,1,0,4
57,23,63,2,0,0,0
57,23,67,1,1,0,3
57,23,69,1,12,0,0
57,23,70,2,0,0,0
57,23,85,2,0,0,0
57,23,87,2,0,0,0
57,23,89,2,0,0,0
57,23,91,2,0,0,0
57,23,103,1,44,0,0
57,23,104,2,0,0,0
57,23,116,1,1,0,5
57,23,130,1,30,0,0
57,23,154,1,5,0,0
57,23,156,2,0,0,0
57,23,157,2,0,0,0
57,23,164,2,0,0,0
57,23,168,2,0,0,0
57,23,182,2,0,0,0
57,23,189,1,8,0,0
57,23,200,1,53,0,0
57,23,203,2,0,0,0
57,23,207,1,19,0,0
57,23,207,2,0,0,0
57,23,213,2,0,0,0
57,23,214,2,0,0,0
57,23,231,2,0,0,0
57,23,238,1,22,0,0
57,23,240,2,0,0,0
57,23,241,2,0,0,0
57,23,249,2,0,0,0
57,23,263,2,0,0,0
57,23,264,2,0,0,0
57,23,269,2,0,0,0
57,23,280,2,0,0,0
57,23,315,2,0,0,0
57,23,317,2,0,0,0
57,23,332,2,0,0,0
57,23,339,2,0,0,0
57,23,343,1,1,0,6
57,23,369,2,0,0,0
57,23,370,1,39,0,0
57,23,371,2,0,0,0
57,23,372,1,26,0,0
57,23,374,1,1,0,1
57,23,374,2,0,0,0
57,23,398,2,0,0,0
57,23,411,2,0,0,0
57,23,416,2,0,0,0
57,23,431,2,0,0,0
57,23,444,2,0,0,0
57,23,490,2,0,0,0
57,23,514,1,15,0,0
57,23,515,1,1,0,0
57,23,515,1,57,0,0
57,23,523,2,0,0,0
57,23,526,2,0,0,0
57,23,707,1,48,0,0
58,23,24,3,0,0,0
58,23,34,3,0,0,0
58,23,36,1,36,0,0
58,23,37,3,0,0,0
58,23,38,3,0,0,0
58,23,43,1,1,0,1
58,23,44,1,8,0,0
58,23,46,1,44,0,0
58,23,46,2,0,0,0
58,23,52,1,1,0,0
58,23,53,1,40,0,0
58,23,53,2,0,0,0
58,23,70,2,0,0,0
58,23,83,3,0,0,0
58,23,91,2,0,0,0
58,23,97,1,20,0,0
58,23,104,2,0,0,0
58,23,126,2,0,0,0
58,23,156,2,0,0,0
58,23,164,2,0,0,0
58,23,168,2,0,0,0
58,23,172,1,12,0,0
58,23,179,1,52,0,0
58,23,182,2,0,0,0
58,23,203,2,0,0,0
58,23,207,2,0,0,0
58,23,213,2,0,0,0
58,23,214,2,0,0,0
58,23,219,2,0,0,0
58,23,231,2,0,0,0
58,23,234,3,0,0,0
58,23,241,2,0,0,0
58,23,242,1,32,0,0
58,23,242,3,0,0,0
58,23,249,2,0,0,0
58,23,257,3,0,0,0
58,23,261,2,0,0,0
58,23,263,2,0,0,0
58,23,270,1,16,0,0
58,23,315,2,0,0,0
58,23,332,2,0,0,0
58,23,336,1,4,0,0
58,23,336,3,0,0,0
58,23,343,3,0,0,0
58,23,370,3,0,0,0
58,23,394,1,56,0,0
58,23,394,3,0,0,0
58,23,424,1,24,0,0
58,23,514,1,28,0,0
58,23,555,2,0,0,0
58,23,583,1,48,0,0
58,23,682,3,0,0,0
59,23,36,1,1,0,8
59,23,43,1,1,0,15
59,23,44,1,1,0,17
59,23,46,1,1,0,10
59,23,46,2,0,0,0
59,23,52,1,1,0,14
59,23,53,1,1,0,9
59,23,53,2,0,0,0
59,23,63,2,0,0,0
59,23,70,2,0,0,0
59,23,76,2,0,0,0
59,23,91,2,0,0,0
59,23,97,1,1,0,4
59,23,104,2,0,0,0
59,23,126,2,0,0,0
59,23,156,2,0,0,0
59,23,164,2,0,0,0
59,23,168,2,0,0,0
59,23,172,1,1,0,2
59,23,179,1,1,0,12
59,23,182,2,0,0,0
59,23,203,2,0,0,0
59,23,207,2,0,0,0
59,23,213,2,0,0,0
59,23,214,2,0,0,0
59,23,219,2,0,0,0
59,23,231,2,0,0,0
59,23,241,2,0,0,0
59,23,242,1,1,0,7
59,23,245,1,0,0,0
59,23,245,1,1,0,0
59,23,249,2,0,0,0
59,23,261,2,0,0,0
59,23,263,2,0,0,0
59,23,270,1,1,0,3
59,23,315,2,0,0,0
59,23,332,2,0,0,0
59,23,336,1,1,0,16
59,23,394,1,1,0,13
59,23,406,2,0,0,0
59,23,416,2,0,0,0
59,23,424,1,1,0,5
59,23,431,2,0,0,0
59,23,514,1,1,0,6
59,23,523,2,0,0,0
59,23,555,2,0,0,0
59,23,583,1,1,0,11
59,23,682,1,1,0,1
60,23,1,1,6,0,0
60,23,34,1,30,0,0
60,23,38,1,54,0,0
60,23,54,3,0,0,0
60,23,55,1,1,0,1
60,23,56,1,42,0,0
60,23,57,2,0,0,0
60,23,58,2,0,0,0
60,23,59,2,0,0,0
60,23,61,1,18,0,0
60,23,61,3,0,0,0
60,23,91,2,0,0,0
60,23,94,2,0,0,0
60,23,95,1,1,0,2
60,23,104,2,0,0,0
60,23,114,3,0,0,0
60,23,127,2,0,0,0
60,23,150,3,0,0,0
60,23,156,2,0,0,0
60,23,164,2,0,0,0
60,23,168,2,0,0,0
60,23,170,3,0,0,0
60,23,182,2,0,0,0
60,23,187,1,48,0,0
60,23,203,2,0,0,0
60,23,207,2,0,0,0
60,23,213,2,0,0,0
60,23,214,2,0,0,0
60,23,227,3,0,0,0
60,23,240,1,24,0,0
60,23,240,2,0,0,0
60,23,258,2,0,0,0
60,23,263,2,0,0,0
60,23,283,3,0,0,0
60,23,341,1,12,0,0
60,23,341,3,0,0,0
60,23,352,2,0,0,0
60,23,414,1,36,0,0
60,23,503,2,0,0,0
60,23,523,2,0,0,0
61,23,1,1,1,0,2
61,23,34,1,32,0,0
61,23,38,1,66,0,0
61,23,55,1,1,0,0
61,23,56,1,48,0,0
61,23,57,2,0,0,0
61,23,58,2,0,0,0
61,23,59,2,0,0,0
61,23,61,1,18,0,0
61,23,70,2,0,0,0
61,23,89,2,0,0,0
61,23,91,2,0,0,0
61,23,94,2,0,0,0
61,23,95,1,1,0,1
61,23,104,2,0,0,0
61,23,127,2,0,0,0
61,23,156,2,0,0,0
61,23,164,2,0,0,0
61,23,168,2,0,0,0
61,23,182,2,0,0,0
61,23,187,1,56,0,0
61,23,203,2,0,0,0
61,23,207,2,0,0,0
61,23,213,2,0,0,0
61,23,214,2,0,0,0
61,23,240,1,24,0,0
61,23,240,2,0,0,0
61,23,249,2,0,0,0
61,23,258,2,0,0,0
61,23,263,2,0,0,0
61,23,264,2,0,0,0
61,23,280,2,0,0,0
61,23,341,1,1,0,3
61,23,352,2,0,0,0
61,23,374,2,0,0,0
61,23,414,1,40,0,0
61,23,503,2,0,0,0
61,23,523,2,0,0,0
62,23,1,1,1,0,13
62,23,34,1,1,0,6
62,23,38,1,1,0,10
62,23,55,1,1,0,11
62,23,56,1,1,0,8
62,23,57,2,0,0,0
62,23,58,2,0,0,0
62,23,59,2,0,0,0
62,23,61,1,1,0,4
62,23,63,2,0,0,0
62,23,66,1,0,0,0
62,23,66,1,1,0,0
62,23,70,2,0,0,0
62,23,89,2,0,0,0
62,23,91,2,0,0,0
62,23,94,2,0,0,0
62,23,95,1,1,0,12
62,23,104,2,0,0,0
62,23,127,2,0,0,0
62,23,156,2,0,0,0
62,23,157,2,0,0,0
62,23,164,2,0,0,0
62,23,168,2,0,0,0
62,23,170,1,1,0,2
62,23,182,2,0,0,0
62,23,187,1,1,0,9
62,23,203,2,0,0,0
62,23,207,2,0,0,0
62,23,213,2,0,0,0
62,23,214,2,0,0,0
62,23,223,1,1,0,3
62,23,240,1,1,0,5
62,23,240,2,0,0,0
62,23,249,2,0,0,0
62,23,258,2,0,0,0
62,23,263,2,0,0,0
62,23,264,2,0,0,0
62,23,280,2,0,0,0
62,23,317,2,0,0,0
62,23,339,2,0,0,0
62,23,341,1,1,0,14
62,23,352,2,0,0,0
62,23,371,2,0,0,0
62,23,374,2,0,0,0
62,23,398,2,0,0,0
62,23,409,2,0,0,0
62,23,411,2,0,0,0
62,23,414,1,1,0,7
62,23,416,2,0,0,0
62,23,431,2,0,0,0
62,23,490,2,0,0,0
62,23,503,2,0,0,0
62,23,509,1,1,0,1
62,23,523,2,0,0,0
62,23,526,2,0,0,0
63,23,7,3,0,0,0
63,23,8,3,0,0,0
63,23,9,3,0,0,0
63,23,86,2,0,0,0
63,23,93,3,0,0,0
63,23,94,2,0,0,0
63,23,100,1,1,0,1
63,23,104,2,0,0,0
63,23,113,2,0,0,0
63,23,115,2,0,0,0
63,23,138,2,0,0,0
63,23,148,2,0,0,0
63,23,156,2,0,0,0
63,23,164,2,0,0,0
63,23,168,2,0,0,0
63,23,182,2,0,0,0
63,23,203,2,0,0,0
63,23,207,2,0,0,0
63,23,213,2,0,0,0
63,23,214,2,0,0,0
63,23,219,2,0,0,0
63,23,227,3,0,0,0
63,23,231,2,0,0,0
63,23,240,2,0,0,0
63,23,241,2,0,0,0
63,23,244,2,0,0,0
63,23,247,2,0,0,0
63,23,259,2,0,0,0
63,23,263,2,0,0,0
63,23,264,2,0,0,0
63,23,269,2,0,0,0
63,23,277,3,0,0,0
63,23,278,2,0,0,0
63,23,282,3,0,0,0
63,23,285,2,0,0,0
63,23,347,2,0,0,0
63,23,351,2,0,0,0
63,23,374,2,0,0,0
63,23,375,3,0,0,0
63,23,379,3,0,0,0
63,23,385,3,0,0,0
63,23,409,2,0,0,0
63,23,412,2,0,0,0
63,23,433,2,0,0,0
63,23,447,2,0,0,0
63,23,451,2,0,0,0
63,23,470,3,0,0,0
63,23,502,3,0,0,0
63,23,605,2,0,0,0
64,23,50,1,1,0,2
64,23,60,1,5,0,0
64,23,86,2,0,0,0
64,23,93,1,0,0,0
64,23,93,1,1,0,0
64,23,94,1,35,0,0
64,23,94,2,0,0,0
64,23,100,1,1,0,3
64,23,104,2,0,0,0
64,23,105,1,25,0,0
64,23,113,2,0,0,0
64,23,115,1,10,0,0
64,23,115,2,0,0,0
64,23,134,1,1,0,1
64,23,138,2,0,0,0
64,23,148,2,0,0,0
64,23,156,2,0,0,0
64,23,164,2,0,0,0
64,23,168,2,0,0,0
64,23,182,2,0,0,0
64,23,203,2,0,0,0
64,23,207,2,0,0,0
64,23,213,2,0,0,0
64,23,214,2,0,0,0
64,23,219,2,0,0,0
64,23,231,2,0,0,0
64,23,240,2,0,0,0
64,23,241,2,0,0,0
64,23,244,2,0,0,0
64,23,247,2,0,0,0
64,23,248,1,45,0,0
64,23,259,2,0,0,0
64,23,263,2,0,0,0
64,23,264,2,0,0,0
64,23,269,2,0,0,0
64,23,272,1,40,0,0
64,23,278,2,0,0,0
64,23,285,2,0,0,0
64,23,347,1,50,0,0
64,23,347,2,0,0,0
64,23,351,2,0,0,0
64,23,374,2,0,0,0
64,23,409,2,0,0,0
64,23,412,2,0,0,0
64,23,427,1,20,0,0
64,23,433,2,0,0,0
64,23,447,2,0,0,0
64,23,451,2,0,0,0
64,23,473,1,30,0,0
64,23,502,1,15,0,0
64,23,605,2,0,0,0
65,23,50,1,1,0,2
65,23,60,1,5,0,0
65,23,63,2,0,0,0
65,23,86,2,0,0,0
65,23,93,1,1,0,0
65,23,94,1,35,0,0
65,23,94,2,0,0,0
65,23,100,1,1,0,3
65,23,104,2,0,0,0
65,23,105,1,25,0,0
65,23,113,2,0,0,0
65,23,115,1,10,0,0
65,23,115,2,0,0,0
65,23,134,1,1,0,1
65,23,138,2,0,0,0
65,23,148,2,0,0,0
65,23,156,2,0,0,0
65,23,164,2,0,0,0
65,23,168,2,0,0,0
65,23,182,2,0,0,0
65,23,203,2,0,0,0
65,23,207,2,0,0,0
65,23,213,2,0,0,0
65,23,214,2,0,0,0
65,23,219,2,0,0,0
65,23,231,2,0,0,0
65,23,240,2,0,0,0
65,23,241,2,0,0,0
65,23,244,2,0,0,0
65,23,247,2,0,0,0
65,23,248,1,45,0,0
65,23,259,2,0,0,0
65,23,263,2,0,0,0
65,23,264,2,0,0,0
65,23,269,2,0,0,0
65,23,272,1,40,0,0
65,23,278,2,0,0,0
65,23,285,2,0,0,0
65,23,347,1,50,0,0
65,23,347,2,0,0,0
65,23,351,2,0,0,0
65,23,374,2,0,0,0
65,23,409,2,0,0,0
65,23,411,2,0,0,0
65,23,412,2,0,0,0
65,23,416,2,0,0,0
65,23,417,2,0,0,0
65,23,427,1,20,0,0
65,23,433,2,0,0,0
65,23,447,2,0,0,0
65,23,451,2,0,0,0
65,23,473,1,30,0,0
65,23,502,1,15,0,0
65,23,605,2,0,0,0
66,23,7,3,0,0,0
66,23,8,3,0,0,0
66,23,9,3,0,0,0
66,23,38,1,52,0,0
66,23,43,1,1,0,1
66,23,53,2,0,0,0
66,23,66,3,0,0,0
66,23,67,1,1,0,0
66,23,68,3,0,0,0
66,23,69,1,40,0,0
66,23,70,1,29,0,0
66,23,70,2,0,0,0
66,23,89,2,0,0,0
66,23,91,2,0,0,0
66,23,104,2,0,0,0
66,23,113,2,0,0,0
66,23,116,1,4,0,0
66,23,126,2,0,0,0
66,23,156,2,0,0,0
66,23,157,2,0,0,0
66,23,164,2,0,0,0
66,23,168,2,0,0,0
66,23,182,2,0,0,0
66,23,184,1,20,0,0
66,23,203,2,0,0,0
66,23,207,2,0,0,0
66,23,213,2,0,0,0
66,23,214,2,0,0,0
66,23,223,1,44,0,0
66,23,227,3,0,0,0
66,23,233,1,24,0,0
66,23,238,1,48,0,0
66,23,240,2,0,0,0
66,23,241,2,0,0,0
66,23,249,2,0,0,0
66,23,263,2,0,0,0
66,23,264,2,0,0,0
66,23,279,1,8,0,0
66,23,280,2,0,0,0
66,23,282,1,16,0,0
66,23,282,3,0,0,0
66,23,317,2,0,0,0
66,23,321,3,0,0,0
66,23,339,1,36,0,0
66,23,339,2,0,0,0
66,23,370,3,0,0,0
66,23,371,2,0,0,0
66,23,374,2,0,0,0
66,23,379,3,0,0,0
66,23,398,2,0,0,0
66,23,411,2,0,0,0
66,23,418,3,0,0,0
66,23,431,2,0,0,0
66,23,484,3,0,0,0
66,23,490,1,12,0,0
66,23,490,2,0,0,0
66,23,501,3,0,0,0
66,23,523,2,0,0,0
66,23,526,2,0,0,0
66,23,530,1,32,0,0
67,23,38,1,66,0,0
67,23,43,1,1,0,1
67,23,53,2,0,0,0
67,23,67,1,1,0,0
67,23,69,1,48,0,0
67,23,70,1,31,0,0
67,23,70,2,0,0,0
67,23,89,2,0,0,0
67,23,91,2,0,0,0
67,23,104,2,0,0,0
67,23,113,2,0,0,0
67,23,116,1,1,0,2
67,23,126,2,0,0,0
67,23,156,2,0,0,0
67,23,157,2,0,0,0
67,23,164,2,0,0,0
67,23,168,2,0,0,0
67,23,182,2,0,0,0
67,23,184,1,20,0,0
67,23,203,2,0,0,0
67,23,207,2,0,0,0
67,23,213,2,0,0,0
67,23,214,2,0,0,0
67,23,223,1,54,0,0
67,23,233,1,24,0,0
67,23,238,1,60,0,0
67,23,240,2,0,0,0
67,23,241,2,0,0,0
67,23,249,2,0,0,0
67,23,263,2,0,0,0
67,23,264,2,0,0,0
67,23,279,1,1,0,3
67,23,280,2,0,0,0
67,23,282,1,16,0,0
67,23,317,2,0,0,0
67,23,339,1,42,0,0
67,23,339,2,0,0,0
67,23,371,2,0,0,0
67,23,374,2,0,0,0
67,23,398,2,0,0,0
67,23,411,2,0,0,0
67,23,431,2,0,0,0
67,23,490,1,12,0,0
67,23,490,2,0,0,0
67,23,523,2,0,0,0
67,23,526,2,0,0,0
67,23,530,1,36,0,0
68,23,38,1,66,0,0
68,23,43,1,1,0,2
68,23,53,2,0,0,0
68,23,63,2,0,0,0
68,23,67,1,1,0,1
68,23,69,1,48,0,0
68,23,70,1,31,0,0
68,23,70,2,0,0,0
68,23,89,2,0,0,0
68,23,91,2,0,0,0
68,23,104,2,0,0,0
68,23,113,2,0,0,0
68,23,116,1,1,0,3
68,23,126,2,0,0,0
68,23,156,2,0,0,0
68,23,157,2,0,0,0
68,23,164,2,0,0,0
68,23,168,2,0,0,0
68,23,182,2,0,0,0
68,23,184,1,20,0,0
68,23,203,2,0,0,0
68,23,207,2,0,0,0
68,23,213,2,0,0,0
68,23,214,2,0,0,0
68,23,223,1,54,0,0
68,23,233,1,24,0,0
68,23,238,1,60,0,0
68,23,240,2,0,0,0
68,23,241,2,0,0,0
68,23,249,2,0,0,0
68,23,263,2,0,0,0
68,23,264,2,0,0,0
68,23,279,1,1,0,4
68,23,280,2,0,0,0
68,23,282,1,16,0,0
68,23,317,2,0,0,0
68,23,339,1,42,0,0
68,23,339,2,0,0,0
68,23,371,2,0,0,0
68,23,374,2,0,0,0
68,23,398,2,0,0,0
68,23,411,2,0,0,0
68,23,416,2,0,0,0
68,23,431,2,0,0,0
68,23,444,2,0,0,0
68,23,469,1,1,0,0
68,23,490,1,12,0,0
68,23,490,2,0,0,0
68,23,523,2,0,0,0
68,23,526,2,0,0,0
68,23,530,1,36,0,0
69,23,14,2,0,0,0
69,23,15,2,0,0,0
69,23,21,1,47,0,0
69,23,22,1,1,0,0
69,23,35,1,11,0,0
69,23,51,1,23,0,0
69,23,74,1,7,0,0
69,23,75,1,39,0,0
69,23,76,2,0,0,0
69,23,77,1,15,0,0
69,23,78,1,17,0,0
69,23,79,1,13,0,0
69,23,104,2,0,0,0
69,23,115,2,0,0,0
69,23,141,3,0,0,0
69,23,148,2,0,0,0
69,23,156,2,0,0,0
69,23,164,2,0,0,0
69,23,168,2,0,0,0
69,23,182,2,0,0,0
69,23,188,2,0,0,0
69,23,202,2,0,0,0
69,23,203,2,0,0,0
69,23,207,2,0,0,0
69,23,213,2,0,0,0
69,23,214,2,0,0,0
69,23,227,3,0,0,0
69,23,230,1,29,0,0
69,23,235,3,0,0,0
69,23,241,2,0,0,0
69,23,263,2,0,0,0
69,23,275,3,0,0,0
69,23,282,1,27,0,0
69,23,311,3,0,0,0
69,23,321,3,0,0,0
69,23,331,2,0,0,0
69,23,345,3,0,0,0
69,23,380,1,35,0,0
69,23,388,3,0,0,0
69,23,398,1,41,0,0
69,23,398,2,0,0,0
69,23,412,2,0,0,0
69,23,438,3,0,0,0
69,23,447,2,0,0,0
69,23,491,3,0,0,0
69,23,499,3,0,0,0
69,23,562,3,0,0,0
69,23,668,3,0,0,0
70,23,14,2,0,0,0
70,23,15,2,0,0,0
70,23,21,1,54,0,0
70,23,22,1,1,0,0
70,23,35,1,1,0,2
70,23,35,1,11,0,0
70,23,51,1,24,0,0
70,23,74,1,1,0,1
70,23,74,1,7,0,0
70,23,75,1,44,0,0
70,23,76,2,0,0,0
70,23,77,1,15,0,0
70,23,78,1,17,0,0
70,23,79,1,13,0,0
70,23,104,2,0,0,0
70,23,115,2,0,0,0
70,23,148,2,0,0,0
70,23,156,2,0,0,0
70,23,164,2,0,0,0
70,23,168,2,0,0,0
70,23,182,2,0,0,0
70,23,188,2,0,0,0
70,23,202,2,0,0,0
70,23,203,2,0,0,0
70,23,207,2,0,0,0
70,23,213,2,0,0,0
70,23,214,2,0,0,0
70,23,230,1,32,0,0
70,23,241,2,0,0,0
70,23,263,2,0,0,0
70,23,282,1,29,0,0
70,23,331,2,0,0,0
70,23,380,1,39,0,0
70,23,398,1,47,0,0
70,23,398,2,0,0,0
70,23,412,2,0,0,0
70,23,447,2,0,0,0
71,23,14,2,0,0,0
71,23,15,2,0,0,0
71,23,21,1,1,0,16
71,23,22,1,1,0,4
71,23,35,1,1,0,9
71,23,51,1,1,0,12
71,23,63,2,0,0,0
71,23,74,1,1,0,8
71,23,75,1,1,0,7
71,23,76,2,0,0,0
71,23,77,1,1,0,10
71,23,78,1,1,0,11
71,23,79,1,1,0,5
71,23,104,2,0,0,0
71,23,115,2,0,0,0
71,23,148,2,0,0,0
71,23,156,2,0,0,0
71,23,164,2,0,0,0
71,23,168,2,0,0,0
71,23,182,2,0,0,0
71,23,188,2,0,0,0
71,23,202,2,0,0,0
71,23,203,2,0,0,0
71,23,207,2,0,0,0
71,23,213,2,0,0,0
71,23,214,2,0,0,0
71,23,230,1,1,0,6
71,23,241,2,0,0,0
71,23,254,1,1,0,1
71,23,255,1,1,0,3
71,23,256,1,1,0,2
71,23,263,2,0,0,0
71,23,282,1,1,0,13
71,23,331,2,0,0,0
71,23,348,1,44,0,0
71,23,380,1,1,0,14
71,23,398,1,1,0,15
71,23,398,2,0,0,0
71,23,412,2,0,0,0
71,23,416,2,0,0,0
71,23,437,1,32,0,0
71,23,447,2,0,0,0
71,23,536,1,0,0,0
71,23,536,1,1,0,0
72,23,14,2,0,0,0
72,23,15,2,0,0,0
72,23,35,1,8,0,0
72,23,40,1,1,0,0
72,23,48,1,12,0,0
72,23,51,1,4,0,0
72,23,55,1,1,0,1
72,23,56,1,48,0,0
72,23,57,1,40,0,0
72,23,57,2,0,0,0
72,23,58,2,0,0,0
72,23,59,2,0,0,0
72,23,61,1,24,0,0
72,23,62,3,0,0,0
72,23,103,1,20,0,0
72,23,104,2,0,0,0
72,23,109,3,0,0,0
72,23,114,3,0,0,0
72,23,127,2,0,0,0
72,23,151,1,32,0,0
72,23,156,2,0,0,0
72,23,164,2,0,0,0
72,23,168,2,0,0,0
72,23,182,2,0,0,0
72,23,188,2,0,0,0
72,23,202,2,0,0,0
72,23,203,2,0,0,0
72,23,207,2,0,0,0
72,23,213,2,0,0,0
72,23,214,2,0,0,0
72,23,219,2,0,0,0
72,23,229,3,0,0,0
72,23,240,2,0,0,0
72,23,243,3,0,0,0
72,23,258,2,0,0,0
72,23,263,2,0,0,0
72,23,282,3,0,0,0
72,23,321,3,0,0,0
72,23,330,3,0,0,0
72,23,352,1,16,0,0
72,23,352,2,0,0,0
72,23,362,2,0,0,0
72,23,367,3,0,0,0
72,23,371,2,0,0,0
72,23,392,3,0,0,0
72,23,398,1,36,0,0
72,23,398,2,0,0,0
72,23,482,1,44,0,0
72,23,503,2,0,0,0
72,23,506,1,28,0,0
72,23,605,2,0,0,0
73,23,14,2,0,0,0
73,23,15,2,0,0,0
73,23,35,1,1,0,4
73,23,40,1,1,0,1
73,23,48,1,12,0,0
73,23,51,1,1,0,3
73,23,55,1,1,0,2
73,23,56,1,58,0,0
73,23,57,1,46,0,0
73,23,57,2,0,0,0
73,23,58,2,0,0,0
73,23,59,2,0,0,0
73,23,61,1,24,0,0
73,23,63,2,0,0,0
73,23,103,1,20,0,0
73,23,104,2,0,0,0
73,23,127,2,0,0,0
73,23,151,1,34,0,0
73,23,156,2,0,0,0
73,23,164,2,0,0,0
73,23,168,2,0,0,0
73,23,182,2,0,0,0
73,23,188,2,0,0,0
73,23,202,2,0,0,0
73,23,203,2,0,0,0
73,23,207,2,0,0,0
73,23,213,2,0,0,0
73,23,214,2,0,0,0
73,23,219,2,0,0,0
73,23,240,2,0,0,0
73,23,258,2,0,0,0
73,23,263,2,0,0,0
73,23,352,1,16,0,0
73,23,352,2,0,0,0
73,23,362,2,0,0,0
73,23,371,2,0,0,0
73,23,398,1,40,0,0
73,23,398,2,0,0,0
73,23,416,2,0,0,0
73,23,482,1,52,0,0
73,23,503,2,0,0,0
73,23,506,1,28,0,0
73,23,513,1,1,0,0
73,23,605,2,0,0,0
74,23,5,3,0,0,0
74,23,33,1,1,0,0
74,23,38,1,40,0,0
74,23,53,2,0,0,0
74,23,70,2,0,0,0
74,23,88,1,16,0,0
74,23,89,1,34,0,0
74,23,89,2,0,0,0
74,23,91,2,0,0,0
74,23,104,2,0,0,0
74,23,106,1,12,0,0
74,23,111,1,1,0,1
74,23,120,1,24,0,0
74,23,126,2,0,0,0
74,23,153,1,36,0,0
74,23,153,2,0,0,0
74,23,156,2,0,0,0
74,23,157,2,0,0,0
74,23,164,2,0,0,0
74,23,174,3,0,0,0
74,23,175,3,0,0,0
74,23,182,2,0,0,0
74,23,201,1,4,0,0
74,23,201,2,0,0,0
74,23,203,2,0,0,0
74,23,205,1,10,0,0
74,23,207,2,0,0,0
74,23,213,2,0,0,0
74,23,214,2,0,0,0
74,23,241,2,0,0,0
74,23,249,2,0,0,0
74,23,263,2,0,0,0
74,23,264,2,0,0,0
74,23,280,2,0,0,0
74,23,317,2,0,0,0
74,23,335,3,0,0,0
74,23,350,1,30,0,0
74,23,359,3,0,0,0
74,23,360,2,0,0,0
74,23,374,2,0,0,0
74,23,397,1,6,0,0
74,23,397,2,0,0,0
74,23,431,2,0,0,0
74,23,444,1,42,0,0
74,23,444,2,0,0,0
74,23,446,1,28,0,0
74,23,446,2,0,0,0
74,23,469,3,0,0,0
74,23,475,3,0,0,0
74,23,479,1,18,0,0
74,23,523,1,22,0,0
74,23,523,2,0,0,0
75,23,33,1,1,0,0
75,23,38,1,50,0,0
75,23,53,2,0,0,0
75,23,70,2,0,0,0
75,23,88,1,16,0,0
75,23,89,1,40,0,0
75,23,89,2,0,0,0
75,23,91,2,0,0,0
75,23,104,2,0,0,0
75,23,106,1,12,0,0
75,23,111,1,1,0,1
75,23,120,1,24,0,0
75,23,126,2,0,0,0
75,23,153,1,44,0,0
75,23,153,2,0,0,0
75,23,156,2,0,0,0
75,23,157,2,0,0,0
75,23,164,2,0,0,0
75,23,182,2,0,0,0
75,23,201,1,4,0,0
75,23,201,2,0,0,0
75,23,203,2,0,0,0
75,23,205,1,10,0,0
75,23,207,2,0,0,0
75,23,213,2,0,0,0
75,23,214,2,0,0,0
75,23,241,2,0,0,0
75,23,249,2,0,0,0
75,23,263,2,0,0,0
75,23,264,2,0,0,0
75,23,280,2,0,0,0
75,23,317,2,0,0,0
75,23,350,1,34,0,0
75,23,360,2,0,0,0
75,23,374,2,0,0,0
75,23,397,1,1,0,2
75,23,397,1,6,0,0
75,23,397,2,0,0,0
75,23,431,2,0,0,0
75,23,444,1,54,0,0
75,23,444,2,0,0,0
75,23,446,1,30,0,0
75,23,446,2,0,0,0
75,23,479,1,18,0,0
75,23,523,1,22,0,0
75,23,523,2,0,0,0
76,23,33,1,1,0,1
76,23,38,1,50,0,0
76,23,46,2,0,0,0
76,23,53,2,0,0,0
76,23,63,2,0,0,0
76,23,70,2,0,0,0
76,23,88,1,16,0,0
76,23,89,1,40,0,0
76,23,89,2,0,0,0
76,23,91,2,0,0,0
76,23,104,2,0,0,0
76,23,106,1,12,0,0
76,23,111,1,1,0,2
76,23,120,1,24,0,0
76,23,126,2,0,0,0
76,23,153,1,44,0,0
76,23,153,2,0,0,0
76,23,156,2,0,0,0
76,23,157,2,0,0,0
76,23,164,2,0,0,0
76,23,182,2,0,0,0
76,23,201,1,4,0,0
76,23,201,2,0,0,0
76,23,203,2,0,0,0
76,23,205,1,10,0,0
76,23,207,2,0,0,0
76,23,213,2,0,0,0
76,23,214,2,0,0,0
76,23,241,2,0,0,0
76,23,249,2,0,0,0
76,23,263,2,0,0,0
76,23,264,2,0,0,0
76,23,280,2,0,0,0
76,23,317,2,0,0,0
76,23,350,1,34,0,0
76,23,360,2,0,0,0
76,23,374,2,0,0,0
76,23,397,1,1,0,3
76,23,397,1,6,0,0
76,23,397,2,0,0,0
76,23,411,2,0,0,0
76,23,416,2,0,0,0
76,23,431,2,0,0,0
76,23,444,1,54,0,0
76,23,444,2,0,0,0
76,23,446,1,30,0,0
76,23,446,2,0,0,0
76,23,479,1,18,0,0
76,23,484,1,1,0,0
76,23,484,1,60,0,0
76,23,523,1,22,0,0
76,23,523,2,0,0,0
77,23,23,1,30,0,0
77,23,24,3,0,0,0
77,23,32,3,0,0,0
77,23,33,1,1,0,0
77,23,36,1,41,0,0
77,23,37,3,0,0,0
77,23,38,3,0,0,0
77,23,39,1,5,0,0
77,23,45,1,1,0,1
77,23,52,1,10,0,0
77,23,53,2,0,0,0
77,23,67,3,0,0,0
77,23,70,2,0,0,0
77,23,76,2,0,0,0
77,23,83,1,35,0,0
77,23,95,3,0,0,0
77,23,97,1,20,0,0
77,23,104,2,0,0,0
77,23,126,1,50,0,0
77,23,126,2,0,0,0
77,23,156,2,0,0,0
77,23,164,2,0,0,0
77,23,172,1,25,0,0
77,23,172,3,0,0,0
77,23,182,2,0,0,0
77,23,203,2,0,0,0
77,23,204,3,0,0,0
77,23,207,2,0,0,0
77,23,213,2,0,0,0
77,23,214,2,0,0,0
77,23,231,2,0,0,0
77,23,234,3,0,0,0
77,23,241,2,0,0,0
77,23,261,2,0,0,0
77,23,263,2,0,0,0
77,23,315,2,0,0,0
77,23,394,1,55,0,0
77,23,488,1,15,0,0
77,23,502,3,0,0,0
77,23,517,1,45,0,0
77,23,667,3,0,0,0
78,23,14,2,0,0,0
78,23,23,1,30,0,0
78,23,33,1,1,0,3
78,23,36,1,43,0,0
78,23,39,1,1,0,6
78,23,45,1,1,0,5
78,23,52,1,1,0,7
78,23,53,2,0,0,0
78,23,63,2,0,0,0
78,23,70,2,0,0,0
78,23,76,2,0,0,0
78,23,83,1,35,0,0
78,23,97,1,20,0,0
78,23,98,1,1,0,4
78,23,104,2,0,0,0
78,23,126,1,56,0,0
78,23,126,2,0,0,0
78,23,156,2,0,0,0
78,23,164,2,0,0,0
78,23,172,1,25,0,0
78,23,182,2,0,0,0
78,23,203,2,0,0,0
78,23,207,2,0,0,0
78,23,213,2,0,0,0
78,23,214,2,0,0,0
78,23,224,1,1,0,1
78,23,231,2,0,0,0
78,23,241,2,0,0,0
78,23,261,2,0,0,0
78,23,263,2,0,0,0
78,23,315,2,0,0,0
78,23,394,1,63,0,0
78,23,398,1,1,0,2
78,23,398,2,0,0,0
78,23,416,2,0,0,0
78,23,488,1,15,0,0
78,23,517,1,49,0,0
78,23,684,1,0,0,0
78,23,684,1,1,0,0
79,23,23,3,0,0,0
79,23,29,1,21,0,0
79,23,33,1,1,0,0
79,23,45,1,3,0,0
79,23,50,1,15,0,0
79,23,53,2,0,0,0
79,23,55,1,6,0,0
79,23,57,1,30,0,0
79,23,57,2,0,0,0
79,23,58,2,0,0,0
79,23,59,2,0,0,0
79,23,70,2,0,0,0
79,23,86,2,0,0,0
79,23,89,2,0,0,0
79,23,91,2,0,0,0
79,23,93,1,12,0,0
79,23,94,1,36,0,0
79,23,94,2,0,0,0
79,23,104,2,0,0,0
79,23,113,2,0,0,0
79,23,126,2,0,0,0
79,23,133,1,27,0,0
79,23,138,2,0,0,0
79,23,148,2,0,0,0
79,23,156,2,0,0,0
79,23,164,2,0,0,0
79,23,173,3,0,0,0
79,23,174,1,1,0,1
79,23,182,2,0,0,0
79,23,187,3,0,0,0
79,23,203,2,0,0,0
79,23,207,2,0,0,0
79,23,213,2,0,0,0
79,23,214,2,0,0,0
79,23,219,2,0,0,0
79,23,231,2,0,0,0
79,23,240,1,42,0,0
79,23,240,2,0,0,0
79,23,241,2,0,0,0
79,23,244,1,39,0,0
79,23,244,2,0,0,0
79,23,247,2,0,0,0
79,23,248,3,0,0,0
79,23,258,2,0,0,0
79,23,263,2,0,0,0
79,23,278,2,0,0,0
79,23,281,1,9,0,0
79,23,285,2,0,0,0
79,23,303,1,33,0,0
79,23,335,3,0,0,0
79,23,347,2,0,0,0
79,23,352,1,18,0,0
79,23,352,2,0,0,0
79,23,362,2,0,0,0
79,23,428,1,24,0,0
79,23,428,3,0,0,0
79,23,433,2,0,0,0
79,23,447,2,0,0,0
79,23,472,3,0,0,0
79,23,503,2,0,0,0
79,23,505,1,45,0,0
79,23,523,2,0,0,0
79,23,562,3,0,0,0
80,23,29,1,21,0,0
80,23,33,1,1,0,1
80,23,45,1,1,0,3
80,23,50,1,15,0,0
80,23,53,2,0,0,0
80,23,55,1,1,0,4
80,23,57,1,30,0,0
80,23,57,2,0,0,0
80,23,58,2,0,0,0
80,23,59,2,0,0,0
80,23,63,2,0,0,0
80,23,70,2,0,0,0
80,23,86,2,0,0,0
80,23,89,2,0,0,0
80,23,91,2,0,0,0
80,23,93,1,12,0,0
80,23,94,1,36,0,0
80,23,94,2,0,0,0
80,23,104,2,0,0,0
80,23,110,1,1,0,0
80,23,113,2,0,0,0
80,23,126,2,0,0,0
80,23,133,1,27,0,0
80,23,138,2,0,0,0
80,23,148,2,0,0,0
80,23,156,2,0,0,0
80,23,164,2,0,0,0
80,23,174,1,1,0,2
80,23,182,2,0,0,0
80,23,203,2,0,0,0
80,23,207,2,0,0,0
80,23,213,2,0,0,0
80,23,214,2,0,0,0
80,23,219,2,0,0,0
80,23,231,2,0,0,0
80,23,240,1,46,0,0
80,23,240,2,0,0,0
80,23,241,2,0,0,0
80,23,244,1,41,0,0
80,23,244,2,0,0,0
80,23,247,2,0,0,0
80,23,249,2,0,0,0
80,23,258,2,0,0,0
80,23,263,2,0,0,0
80,23,264,2,0,0,0
80,23,278,2,0,0,0
80,23,280,2,0,0,0
80,23,281,1,9,0,0
80,23,285,2,0,0,0
80,23,303,1,33,0,0
80,23,332,2,0,0,0
80,23,347,2,0,0,0
80,23,352,1,18,0,0
80,23,352,2,0,0,0
80,23,362,2,0,0,0
80,23,374,2,0,0,0
80,23,409,2,0,0,0
80,23,411,2,0,0,0
80,23,416,2,0,0,0
80,23,417,2,0,0,0
80,23,419,2,0,0,0
80,23,428,1,24,0,0
80,23,433,2,0,0,0
80,23,447,2,0,0,0
80,23,503,2,0,0,0
80,23,505,1,51,0,0
80,23,523,2,0,0,0
81,23,33,1,1,0,1
81,23,48,1,4,0,0
81,23,84,1,1,0,0
81,23,85,2,0,0,0
81,23,86,1,8,0,0
81,23,86,2,0,0,0
81,23,87,2,0,0,0
81,23,103,1,24,0,0
81,23,104,2,0,0,0
81,23,113,1,44,0,0
81,23,113,2,0,0,0
81,23,115,2,0,0,0
81,23,148,2,0,0,0
81,23,153,2,0,0,0
81,23,156,2,0,0,0
81,23,164,2,0,0,0
81,23,182,2,0,0,0
81,23,192,1,52,0,0
81,23,199,1,48,0,0
81,23,203,2,0,0,0
81,23,207,2,0,0,0
81,23,209,1,20,0,0
81,23,214,2,0,0,0
81,23,240,2,0,0,0
81,23,241,2,0,0,0
81,23,244,2,0,0,0
81,23,263,2,0,0,0
81,23,278,2,0,0,0
81,23,319,1,40,0,0
81,23,351,2,0,0,0
81,23,360,1,16,0,0
81,23,360,2,0,0,0
81,23,393,1,28,0,0
81,23,430,1,32,0,0
81,23,430,2,0,0,0
81,23,435,1,36,0,0
81,23,451,2,0,0,0
81,23,486,1,12,0,0
81,23,521,2,0,0,0
82,23,33,1,1,0,3
82,23,48,1,1,0,4
82,23,63,2,0,0,0
82,23,84,1,1,0,2
82,23,85,2,0,0,0
82,23,86,1,1,0,5
82,23,86,2,0,0,0
82,23,87,2,0,0,0
82,23,103,1,24,0,0
82,23,104,2,0,0,0
82,23,113,1,52,0,0
82,23,113,2,0,0,0
82,23,115,2,0,0,0
82,23,148,2,0,0,0
82,23,153,2,0,0,0
82,23,156,2,0,0,0
82,23,161,1,0,0,0
82,23,161,1,1,0,0
82,23,164,2,0,0,0
82,23,182,2,0,0,0
82,23,192,1,64,0,0
82,23,199,1,58,0,0
82,23,203,2,0,0,0
82,23,207,2,0,0,0
82,23,209,1,20,0,0
82,23,214,2,0,0,0
82,23,240,2,0,0,0
82,23,241,2,0,0,0
82,23,244,2,0,0,0
82,23,263,2,0,0,0
82,23,278,2,0,0,0
82,23,319,1,46,0,0
82,23,351,2,0,0,0
82,23,360,1,16,0,0
82,23,360,2,0,0,0
82,23,393,1,28,0,0
82,23,416,2,0,0,0
82,23,430,1,34,0,0
82,23,430,2,0,0,0
82,23,435,1,40,0,0
82,23,451,2,0,0,0
82,23,486,1,12,0,0
82,23,521,2,0,0,0
82,23,604,1,1,0,1
83,23,14,1,45,0,0
83,23,14,2,0,0,0
83,23,15,1,15,0,0
83,23,15,2,0,0,0
83,23,16,3,0,0,0
83,23,19,2,0,0,0
83,23,28,1,1,0,1
83,23,43,1,5,0,0
83,23,64,1,1,0,0
83,23,97,1,60,0,0
83,23,98,3,0,0,0
83,23,104,2,0,0,0
83,23,143,3,0,0,0
83,23,156,2,0,0,0
83,23,163,1,40,0,0
83,23,164,2,0,0,0
83,23,168,2,0,0,0
83,23,174,3,0,0,0
83,23,175,3,0,0,0
83,23,182,2,0,0,0
83,23,189,3,0,0,0
83,23,203,2,0,0,0
83,23,206,1,35,0,0
83,23,206,2,0,0,0
83,23,207,2,0,0,0
83,23,210,1,10,0,0
83,23,211,2,0,0,0
83,23,213,2,0,0,0
83,23,214,2,0,0,0
83,23,231,2,0,0,0
83,23,241,2,0,0,0
83,23,244,2,0,0,0
83,23,263,2,0,0,0
83,23,279,3,0,0,0
83,23,282,1,30,0,0
83,23,297,3,0,0,0
83,23,314,1,25,0,0
83,23,332,1,20,0,0
83,23,332,2,0,0,0
83,23,343,3,0,0,0
83,23,348,1,55,0,0
83,23,348,3,0,0,0
83,23,355,2,0,0,0
83,23,364,3,0,0,0
83,23,365,2,0,0,0
83,23,369,2,0,0,0
83,23,398,2,0,0,0
83,23,400,3,0,0,0
83,23,403,1,50,0,0
83,23,413,1,65,0,0
83,23,432,2,0,0,0
83,23,493,3,0,0,0
83,23,515,3,0,0,0
83,23,526,2,0,0,0
84,23,14,1,36,0,0
84,23,14,2,0,0,0
84,23,17,1,15,0,0
84,23,19,2,0,0,0
84,23,31,1,12,0,0
84,23,37,1,50,0,0
84,23,43,1,8,0,0
84,23,45,1,1,0,1
84,23,48,3,0,0,0
84,23,64,1,1,0,0
84,23,65,1,43,0,0
84,23,97,1,26,0,0
84,23,98,1,5,0,0
84,23,98,3,0,0,0
84,23,104,2,0,0,0
84,23,114,3,0,0,0
84,23,156,2,0,0,0
84,23,164,2,0,0,0
84,23,168,2,0,0,0
84,23,175,3,0,0,0
84,23,182,2,0,0,0
84,23,203,2,0,0,0
84,23,207,2,0,0,0
84,23,211,2,0,0,0
84,23,213,2,0,0,0
84,23,214,2,0,0,0
84,23,241,2,0,0,0
84,23,253,1,29,0,0
84,23,263,2,0,0,0
84,23,283,1,47,0,0
84,23,283,3,0,0,0
84,23,332,2,0,0,0
84,23,355,2,0,0,0
84,23,365,1,19,0,0
84,23,365,2,0,0,0
84,23,367,1,33,0,0
84,23,372,3,0,0,0
84,23,413,3,0,0,0
84,23,458,1,22,0,0
84,23,526,2,0,0,0
84,23,679,1,40,0,0
85,23,14,1,38,0,0
85,23,14,2,0,0,0
85,23,17,1,15,0,0
85,23,19,2,0,0,0
85,23,31,1,12,0,0
85,23,37,1,56,0,0
85,23,43,1,8,0,0
85,23,45,1,1,0,2
85,23,63,2,0,0,0
85,23,64,1,1,0,1
85,23,65,1,47,0,0
85,23,97,1,26,0,0
85,23,98,1,1,0,3
85,23,98,1,5,0,0
85,23,104,2,0,0,0
85,23,156,2,0,0,0
85,23,161,1,0,0,0
85,23,161,1,1,0,0
85,23,164,2,0,0,0
85,23,168,2,0,0,0
85,23,182,2,0,0,0
85,23,203,2,0,0,0
85,23,207,2,0,0,0
85,23,211,2,0,0,0
85,23,213,2,0,0,0
85,23,214,2,0,0,0
85,23,241,2,0,0,0
85,23,253,1,29,0,0
85,23,259,2,0,0,0
85,23,263,2,0,0,0
85,23,269,2,0,0,0
85,23,283,1,52,0,0
85,23,332,2,0,0,0
85,23,355,2,0,0,0
85,23,365,1,19,0,0
85,23,365,2,0,0,0
85,23,367,1,34,0,0
85,23,371,2,0,0,0
85,23,416,2,0,0,0
85,23,458,1,22,0,0
85,23,526,2,0,0,0
85,23,679,1,43,0,0
86,23,21,3,0,0,0
86,23,29,1,1,0,0
86,23,32,3,0,0,0
86,23,36,1,37,0,0
86,23,45,1,3,0,0
86,23,50,3,0,0,0
86,23,55,1,7,0,0
86,23,57,2,0,0,0
86,23,58,1,47,0,0
86,23,58,2,0,0,0
86,23,59,2,0,0,0
86,23,62,1,27,0,0
86,23,104,2,0,0,0
86,23,122,3,0,0,0
86,23,127,2,0,0,0
86,23,156,1,21,0,0
86,23,156,2,0,0,0
86,23,164,2,0,0,0
86,23,168,2,0,0,0
86,23,182,2,0,0,0
86,23,195,3,0,0,0
86,23,196,1,11,0,0
86,23,203,2,0,0,0
86,23,207,2,0,0,0
86,23,213,2,0,0,0
86,23,214,2,0,0,0
86,23,219,1,51,0,0
86,23,219,2,0,0,0
86,23,227,1,13,0,0
86,23,227,3,0,0,0
86,23,231,2,0,0,0
86,23,240,2,0,0,0
86,23,252,3,0,0,0
86,23,254,3,0,0,0
86,23,255,3,0,0,0
86,23,256,3,0,0,0
86,23,258,1,53,0,0
86,23,258,2,0,0,0
86,23,263,2,0,0,0
86,23,291,1,41,0,0
86,23,333,3,0,0,0
86,23,352,2,0,0,0
86,23,362,1,33,0,0
86,23,362,2,0,0,0
86,23,374,2,0,0,0
86,23,392,1,23,0,0
86,23,401,1,43,0,0
86,23,420,1,17,0,0
86,23,453,1,31,0,0
86,23,494,3,0,0,0
86,23,562,3,0,0,0
87,23,29,1,1,0,1
87,23,36,1,39,0,0
87,23,45,1,1,0,2
87,23,45,1,3,0,0
87,23,55,1,1,0,5
87,23,57,2,0,0,0
87,23,58,1,55,0,0
87,23,58,2,0,0,0
87,23,59,2,0,0,0
87,23,61,1,1,0,3
87,23,61,1,7,0,0
87,23,62,1,27,0,0
87,23,63,2,0,0,0
87,23,104,2,0,0,0
87,23,127,2,0,0,0
87,23,156,1,21,0,0
87,23,156,2,0,0,0
87,23,164,2,0,0,0
87,23,168,2,0,0,0
87,23,182,2,0,0,0
87,23,196,1,1,0,4
87,23,196,1,11,0,0
87,23,203,2,0,0,0
87,23,207,2,0,0,0
87,23,213,2,0,0,0
87,23,214,2,0,0,0
87,23,219,1,61,0,0
87,23,219,2,0,0,0
87,23,227,1,13,0,0
87,23,231,2,0,0,0
87,23,240,2,0,0,0
87,23,258,1,65,0,0
87,23,258,2,0,0,0
87,23,263,2,0,0,0
87,23,291,1,45,0,0
87,23,329,1,0,0,0
87,23,329,1,1,0,0
87,23,352,2,0,0,0
87,23,362,1,33,0,0
87,23,362,2,0,0,0
87,23,374,2,0,0,0
87,23,392,1,23,0,0
87,23,401,1,49,0,0
87,23,416,2,0,0,0
87,23,419,2,0,0,0
87,23,420,1,17,0,0
87,23,453,1,31,0,0
88,23,1,1,1,0,0
88,23,50,1,12,0,0
88,23,53,2,0,0,0
88,23,70,2,0,0,0
88,23,85,2,0,0,0
88,23,87,2,0,0,0
88,23,91,2,0,0,0
88,23,103,1,37,0,0
88,23,104,2,0,0,0
88,23,106,1,4,0,0
88,23,107,1,21,0,0
88,23,114,3,0,0,0
88,23,122,3,0,0,0
88,23,123,1,18,0,0
88,23,124,1,15,0,0
88,23,126,2,0,0,0
88,23,139,1,1,0,1
88,23,151,1,43,0,0
88,23,153,2,0,0,0
88,23,156,2,0,0,0
88,23,157,2,0,0,0
88,23,164,2,0,0,0
88,23,168,2,0,0,0
88,23,174,3,0,0,0
88,23,182,2,0,0,0
88,23,184,3,0,0,0
88,23,188,1,29,0,0
88,23,188,2,0,0,0
88,23,189,1,7,0,0
88,23,202,2,0,0,0
88,23,203,2,0,0,0
88,23,207,2,0,0,0
88,23,212,3,0,0,0
88,23,213,2,0,0,0
88,23,214,2,0,0,0
88,23,240,2,0,0,0
88,23,241,2,0,0,0
88,23,247,2,0,0,0
88,23,254,3,0,0,0
88,23,255,3,0,0,0
88,23,256,3,0,0,0
88,23,259,2,0,0,0
88,23,262,1,48,0,0
88,23,263,2,0,0,0
88,23,269,2,0,0,0
88,23,286,3,0,0,0
88,23,317,2,0,0,0
88,23,325,3,0,0,0
88,23,351,2,0,0,0
88,23,371,2,0,0,0
88,23,374,1,26,0,0
88,23,374,2,0,0,0
88,23,398,2,0,0,0
88,23,425,3,0,0,0
88,23,441,1,40,0,0
88,23,482,1,32,0,0
88,23,491,3,0,0,0
88,23,562,1,46,0,0
88,23,612,3,0,0,0
89,23,1,1,1,0,1
89,23,50,1,12,0,0
89,23,53,2,0,0,0
89,23,63,2,0,0,0
89,23,70,2,0,0,0
89,23,85,2,0,0,0
89,23,87,2,0,0,0
89,23,91,2,0,0,0
89,23,103,1,37,0,0
89,23,104,2,0,0,0
89,23,106,1,1,0,3
89,23,106,1,4,0,0
89,23,107,1,21,0,0
89,23,123,1,18,0,0
89,23,124,1,15,0,0
89,23,126,2,0,0,0
89,23,139,1,1,0,2
89,23,151,1,46,0,0
89,23,153,2,0,0,0
89,23,156,2,0,0,0
89,23,157,2,0,0,0
89,23,164,2,0,0,0
89,23,168,2,0,0,0
89,23,182,2,0,0,0
89,23,188,1,29,0,0
89,23,188,2,0,0,0
89,23,189,1,1,0,4
89,23,189,1,7,0,0
89,23,202,2,0,0,0
89,23,203,2,0,0,0
89,23,207,2,0,0,0
89,23,213,2,0,0,0
89,23,214,2,0,0,0
89,23,240,2,0,0,0
89,23,241,2,0,0,0
89,23,247,2,0,0,0
89,23,249,2,0,0,0
89,23,259,2,0,0,0
89,23,262,1,57,0,0
89,23,263,2,0,0,0
89,23,264,2,0,0,0
89,23,269,2,0,0,0
89,23,280,2,0,0,0
89,23,317,2,0,0,0
89,23,351,2,0,0,0
89,23,371,2,0,0,0
89,23,374,1,26,0,0
89,23,374,2,0,0,0
89,23,398,2,0,0,0
89,23,399,2,0,0,0
89,23,411,2,0,0,0
89,23,416,2,0,0,0
89,23,441,1,40,0,0
89,23,482,1,32,0,0
89,23,562,1,52,0,0
89,23,599,1,0,0,0
89,23,599,1,1,0,0
90,23,33,1,1,0,0
90,23,36,3,0,0,0
90,23,43,1,12,0,0
90,23,48,1,20,0,0
90,23,55,1,1,0,1
90,23,56,1,48,0,0
90,23,57,2,0,0,0
90,23,58,1,40,0,0
90,23,58,2,0,0,0
90,23,59,2,0,0,0
90,23,61,3,0,0,0
90,23,62,1,24,0,0
90,23,103,3,0,0,0
90,23,104,2,0,0,0
90,23,110,1,4,0,0
90,23,153,2,0,0,0
90,23,156,2,0,0,0
90,23,164,2,0,0,0
90,23,182,1,28,0,0
90,23,182,2,0,0,0
90,23,203,2,0,0,0
90,23,207,2,0,0,0
90,23,213,2,0,0,0
90,23,214,2,0,0,0
90,23,229,3,0,0,0
90,23,240,2,0,0,0
90,23,250,1,16,0,0
90,23,258,2,0,0,0
90,23,263,2,0,0,0
90,23,333,3,0,0,0
90,23,334,1,36,0,0
90,23,341,3,0,0,0
90,23,350,3,0,0,0
90,23,352,2,0,0,0
90,23,362,2,0,0,0
90,23,371,2,0,0,0
90,23,392,3,0,0,0
90,23,419,2,0,0,0
90,23,420,1,8,0,0
90,23,504,1,44,0,0
90,23,534,1,32,0,0
90,23,791,3,0,0,0
91,23,33,1,1,0,14
91,23,43,1,1,0,4
91,23,48,1,1,0,6
91,23,55,1,1,0,15
91,23,56,1,1,0,13
91,23,57,2,0,0,0
91,23,58,1,1,0,11
91,23,58,2,0,0,0
91,23,59,2,0,0,0
91,23,62,1,1,0,7
91,23,63,2,0,0,0
91,23,104,2,0,0,0
91,23,110,1,1,0,16
91,23,113,2,0,0,0
91,23,153,2,0,0,0
91,23,156,2,0,0,0
91,23,164,2,0,0,0
91,23,182,1,1,0,8
91,23,182,2,0,0,0
91,23,191,1,1,0,3
91,23,203,2,0,0,0
91,23,207,2,0,0,0
91,23,213,2,0,0,0
91,23,214,2,0,0,0
91,23,240,2,0,0,0
91,23,250,1,1,0,5
91,23,258,2,0,0,0
91,23,259,2,0,0,0
91,23,263,2,0,0,0
91,23,333,1,0,0,0
91,23,333,1,1,0,0
91,23,334,1,1,0,10
91,23,352,2,0,0,0
91,23,362,2,0,0,0
91,23,371,2,0,0,0
91,23,390,1,1,0,2
91,23,398,2,0,0,0
91,23,416,2,0,0,0
91,23,419,2,0,0,0
91,23,420,1,1,0,17
91,23,504,1,1,0,12
91,23,534,1,1,0,9
91,23,556,1,1,0,1
92,23,7,3,0,0,0
92,23,8,3,0,0,0
92,23,9,3,0,0,0
92,23,50,3,0,0,0
92,23,85,2,0,0,0
92,23,92,2,0,0,0
92,23,94,2,0,0,0
92,23,95,1,4,0,0
92,23,101,1,28,0,0
92,23,104,2,0,0,0
92,23,109,1,1,0,2
92,23,114,3,0,0,0
92,23,122,1,1,0,1
92,23,123,3,0,0,0
92,23,138,1,48,0,0
92,23,138,2,0,0,0
92,23,153,2,0,0,0
92,23,156,2,0,0,0
92,23,164,2,0,0,0
92,23,168,2,0,0,0
92,23,174,1,20,0,0
92,23,180,1,16,0,0
92,23,182,2,0,0,0
92,23,184,3,0,0,0
92,23,188,2,0,0,0
92,23,194,1,44,0,0
92,23,195,3,0,0,0
92,23,202,2,0,0,0
92,23,203,2,0,0,0
92,23,207,2,0,0,0
92,23,212,1,8,0,0
92,23,213,2,0,0,0
92,23,214,2,0,0,0
92,23,240,2,0,0,0
92,23,241,2,0,0,0
92,23,244,2,0,0,0
92,23,247,1,40,0,0
92,23,247,2,0,0,0
92,23,259,2,0,0,0
92,23,261,2,0,0,0
92,23,263,2,0,0,0
92,23,269,2,0,0,0
92,23,285,2,0,0,0
92,23,288,3,0,0,0
92,23,310,3,0,0,0
92,23,371,1,12,0,0
92,23,371,2,0,0,0
92,23,389,1,32,0,0
92,23,398,2,0,0,0
92,23,399,1,36,0,0
92,23,399,2,0,0,0
92,23,412,2,0,0,0
92,23,433,2,0,0,0
92,23,499,3,0,0,0
92,23,506,1,24,0,0
92,23,513,3,0,0,0
92,23,605,2,0,0,0
93,23,85,2,0,0,0
93,23,92,2,0,0,0
93,23,94,2,0,0,0
93,23,95,1,1,0,3
93,23,101,1,30,0,0
93,23,104,2,0,0,0
93,23,109,1,1,0,2
93,23,122,1,1,0,1
93,23,138,1,60,0,0
93,23,138,2,0,0,0
93,23,153,2,0,0,0
93,23,156,2,0,0,0
93,23,164,2,0,0,0
93,23,168,2,0,0,0
93,23,174,1,20,0,0
93,23,180,1,16,0,0
93,23,182,2,0,0,0
93,23,188,2,0,0,0
93,23,194,1,54,0,0
93,23,202,2,0,0,0
93,23,203,2,0,0,0
93,23,207,2,0,0,0
93,23,212,1,1,0,4
93,23,213,2,0,0,0
93,23,214,2,0,0,0
93,23,240,2,0,0,0
93,23,241,2,0,0,0
93,23,244,2,0,0,0
93,23,247,1,48,0,0
93,23,247,2,0,0,0
93,23,259,2,0,0,0
93,23,261,2,0,0,0
93,23,263,2,0,0,0
93,23,269,2,0,0,0
93,23,285,2,0,0,0
93,23,325,1,0,0,0
93,23,325,1,1,0,0
93,23,371,1,12,0,0
93,23,371,2,0,0,0
93,23,374,2,0,0,0
93,23,389,1,36,0,0
93,23,398,2,0,0,0
93,23,399,1,42,0,0
93,23,399,2,0,0,0
93,23,412,2,0,0,0
93,23,421,2,0,0,0
93,23,433,2,0,0,0
93,23,506,1,24,0,0
93,23,605,2,0,0,0
94,23,63,2,0,0,0
94,23,70,2,0,0,0
94,23,85,2,0,0,0
94,23,87,2,0,0,0
94,23,92,2,0,0,0
94,23,94,2,0,0,0
94,23,95,1,1,0,5
94,23,101,1,30,0,0
94,23,104,2,0,0,0
94,23,109,1,1,0,4
94,23,122,1,1,0,3
94,23,138,1,60,0,0
94,23,138,2,0,0,0
94,23,153,2,0,0,0
94,23,156,2,0,0,0
94,23,164,2,0,0,0
94,23,168,2,0,0,0
94,23,174,1,20,0,0
94,23,180,1,16,0,0
94,23,182,2,0,0,0
94,23,188,2,0,0,0
94,23,194,1,54,0,0
94,23,195,1,1,0,1
94,23,202,2,0,0,0
94,23,203,2,0,0,0
94,23,207,2,0,0,0
94,23,212,1,1,0,6
94,23,213,2,0,0,0
94,23,214,2,0,0,0
94,23,240,2,0,0,0
94,23,241,2,0,0,0
94,23,244,2,0,0,0
94,23,247,1,48,0,0
94,23,247,2,0,0,0
94,23,249,2,0,0,0
94,23,259,2,0,0,0
94,23,261,2,0,0,0
94,23,263,2,0,0,0
94,23,264,2,0,0,0
94,23,269,2,0,0,0
94,23,280,2,0,0,0
94,23,285,2,0,0,0
94,23,325,1,1,0,0
94,23,371,1,12,0,0
94,23,371,2,0,0,0
94,23,374,2,0,0,0
94,23,389,1,36,0,0
94,23,398,2,0,0,0
94,23,399,1,42,0,0
94,23,399,2,0,0,0
94,23,409,2,0,0,0
94,23,411,2,0,0,0
94,23,412,2,0,0,0
94,23,416,2,0,0,0
94,23,417,2,0,0,0
94,23,421,2,0,0,0
94,23,433,2,0,0,0
94,23,506,1,24,0,0
94,23,513,1,1,0,2
94,23,605,2,0,0,0
95,23,20,1,1,0,2
95,23,21,1,36,0,0
95,23,33,1,1,0,0
95,23,38,1,56,0,0
95,23,46,2,0,0,0
95,23,70,2,0,0,0
95,23,88,1,1,0,3
95,23,89,2,0,0,0
95,23,91,1,44,0,0
95,23,91,2,0,0,0
95,23,103,1,24,0,0
95,23,104,2,0,0,0
95,23,106,1,1,0,1
95,23,111,3,0,0,0
95,23,153,2,0,0,0
95,23,156,2,0,0,0
95,23,157,1,20,0,0
95,23,157,2,0,0,0
95,23,164,2,0,0,0
95,23,174,1,16,0,0
95,23,175,3,0,0,0
95,23,182,2,0,0,0
95,23,201,1,40,0,0
95,23,201,2,0,0,0
95,23,203,2,0,0,0
95,23,205,3,0,0,0
95,23,207,2,0,0,0
95,23,213,2,0,0,0
95,23,214,2,0,0,0
95,23,225,1,12,0,0
95,23,231,1,48,0,0
95,23,231,2,0,0,0
95,23,241,2,0,0,0
95,23,244,2,0,0,0
95,23,249,2,0,0,0
95,23,259,2,0,0,0
95,23,263,2,0,0,0
95,23,269,2,0,0,0
95,23,317,2,0,0,0
95,23,328,1,28,0,0
95,23,335,3,0,0,0
95,23,350,3,0,0,0
95,23,360,2,0,0,0
95,23,371,2,0,0,0
95,23,397,1,8,0,0
95,23,397,2,0,0,0
95,23,406,2,0,0,0
95,23,430,2,0,0,0
95,23,431,2,0,0,0
95,23,444,1,52,0,0
95,23,444,2,0,0,0
95,23,446,1,32,0,0
95,23,446,2,0,0,0
95,23,457,3,0,0,0
95,23,469,3,0,0,0
95,23,479,1,4,0,0
95,23,484,3,0,0,0
95,23,523,2,0,0,0
95,23,525,3,0,0,0
96,23,1,1,1,0,0
96,23,7,3,0,0,0
96,23,8,3,0,0,0
96,23,9,3,0,0,0
96,23,29,1,13,0,0
96,23,50,1,5,0,0
96,23,60,1,25,0,0
96,23,86,2,0,0,0
96,23,93,1,9,0,0
96,23,94,1,49,0,0
96,23,94,2,0,0,0
96,23,95,1,1,0,1
96,23,95,1,21,0,0
96,23,95,1,37,0,0
96,23,104,2,0,0,0
96,23,113,2,0,0,0
96,23,115,2,0,0,0
96,23,138,2,0,0,0
96,23,139,1,17,0,0
96,23,148,2,0,0,0
96,23,156,2,0,0,0
96,23,164,2,0,0,0
96,23,168,2,0,0,0
96,23,170,1,29,0,0
96,23,182,2,0,0,0
96,23,203,2,0,0,0
96,23,207,1,45,0,0
96,23,207,2,0,0,0
96,23,213,2,0,0,0
96,23,214,2,0,0,0
96,23,219,2,0,0,0
96,23,240,2,0,0,0
96,23,241,2,0,0,0
96,23,244,1,33,0,0
96,23,244,2,0,0,0
96,23,247,2,0,0,0
96,23,248,1,61,0,0
96,23,259,2,0,0,0
96,23,260,3,0,0,0
96,23,263,2,0,0,0
96,23,264,2,0,0,0
96,23,269,2,0,0,0
96,23,272,3,0,0,0
96,23,278,2,0,0,0
96,23,280,2,0,0,0
96,23,285,2,0,0,0
96,23,347,2,0,0,0
96,23,374,2,0,0,0
96,23,385,3,0,0,0
96,23,409,2,0,0,0
96,23,417,1,53,0,0
96,23,417,2,0,0,0
96,23,427,3,0,0,0
96,23,428,1,41,0,0
96,23,433,2,0,0,0
96,23,447,2,0,0,0
96,23,471,3,0,0,0
96,23,473,1,57,0,0
96,23,490,2,0,0,0
96,23,605,2,0,0,0
97,23,1,1,1,0,3
97,23,29,1,13,0,0
97,23,50,1,1,0,5
97,23,50,1,5,0,0
97,23,60,1,25,0,0
97,23,63,2,0,0,0
97,23,86,2,0,0,0
97,23,93,1,1,0,6
97,23,93,1,9,0,0
97,23,94,1,49,0,0
97,23,94,2,0,0,0
97,23,95,1,1,0,4
97,23,95,1,21,0,0
97,23,95,1,37,0,0
97,23,104,2,0,0,0
97,23,113,2,0,0,0
97,23,115,2,0,0,0
97,23,138,2,0,0,0
97,23,139,1,17,0,0
97,23,148,2,0,0,0
97,23,156,2,0,0,0
97,23,164,2,0,0,0
97,23,168,2,0,0,0
97,23,170,1,29,0,0
97,23,182,2,0,0,0
97,23,203,2,0,0,0
97,23,207,1,45,0,0
97,23,207,2,0,0,0
97,23,213,2,0,0,0
97,23,214,2,0,0,0
97,23,219,2,0,0,0
97,23,240,2,0,0,0
97,23,241,2,0,0,0
97,23,244,1,33,0,0
97,23,244,2,0,0,0
97,23,247,2,0,0,0
97,23,248,1,1,0,0
97,23,248,1,61,0,0
97,23,259,2,0,0,0
97,23,263,2,0,0,0
97,23,264,2,0,0,0
97,23,269,2,0,0,0
97,23,278,2,0,0,0
97,23,280,2,0,0,0
97,23,285,2,0,0,0
97,23,347,2,0,0,0
97,23,374,2,0,0,0
97,23,409,2,0,0,0
97,23,411,2,0,0,0
97,23,415,1,1,0,2
97,23,416,2,0,0,0
97,23,417,1,1,0,1
97,23,417,1,53,0,0
97,23,417,2,0,0,0
97,23,428,1,41,0,0
97,23,433,2,0,0,0
97,23,447,2,0,0,0
97,23,473,1,57,0,0
97,23,490,2,0,0,0
97,23,605,2,0,0,0
98,23,12,1,48,0,0
98,23,14,1,40,0,0
98,23,14,2,0,0,0
98,23,15,2,0,0,0
98,23,21,1,36,0,0
98,23,21,3,0,0,0
98,23,23,1,24,0,0
98,23,43,1,1,0,1
98,23,55,1,1,0,0
98,23,57,2,0,0,0
98,23,58,2,0,0,0
98,23,59,2,0,0,0
98,23,61,1,20,0,0
98,23,70,2,0,0,0
98,23,91,2,0,0,0
98,23,97,3,0,0,0
98,23,104,2,0,0,0
98,23,106,1,4,0,0
98,23,114,3,0,0,0
98,23,133,3,0,0,0
98,23,152,1,44,0,0
98,23,156,2,0,0,0
98,23,157,2,0,0,0
98,23,163,3,0,0,0
98,23,164,2,0,0,0
98,23,168,2,0,0,0
98,23,175,1,29,0,0
98,23,175,3,0,0,0
98,23,182,1,16,0,0
98,23,182,2,0,0,0
98,23,203,2,0,0,0
98,23,206,2,0,0,0
98,23,207,2,0,0,0
98,23,213,2,0,0,0
98,23,214,2,0,0,0
98,23,232,1,8,0,0
98,23,240,2,0,0,0
98,23,246,3,0,0,0
98,23,249,2,0,0,0
98,23,258,2,0,0,0
98,23,263,2,0,0,0
98,23,280,2,0,0,0
98,23,282,3,0,0,0
98,23,317,2,0,0,0
98,23,321,3,0,0,0
98,23,341,1,12,0,0
98,23,352,2,0,0,0
98,23,359,3,0,0,0
98,23,362,2,0,0,0
98,23,374,2,0,0,0
98,23,400,3,0,0,0
98,23,404,2,0,0,0
98,23,502,3,0,0,0
98,23,503,2,0,0,0
98,23,534,1,32,0,0
99,23,12,1,60,0,0
99,23,14,1,48,0,0
99,23,14,2,0,0,0
99,23,15,2,0,0,0
99,23,21,1,42,0,0
99,23,23,1,24,0,0
99,23,43,1,1,0,3
99,23,55,1,1,0,2
99,23,57,2,0,0,0
99,23,58,2,0,0,0
99,23,59,2,0,0,0
99,23,61,1,20,0,0
99,23,63,2,0,0,0
99,23,70,2,0,0,0
99,23,91,2,0,0,0
99,23,104,2,0,0,0
99,23,106,1,1,0,4
99,23,152,1,54,0,0
99,23,156,2,0,0,0
99,23,157,2,0,0,0
99,23,164,2,0,0,0
99,23,168,2,0,0,0
99,23,175,1,31,0,0
99,23,182,1,16,0,0
99,23,182,2,0,0,0
99,23,203,2,0,0,0
99,23,206,2,0,0,0
99,23,207,2,0,0,0
99,23,213,2,0,0,0
99,23,214,2,0,0,0
99,23,232,1,1,0,5
99,23,240,2,0,0,0
99,23,249,2,0,0,0
99,23,258,2,0,0,0
99,23,263,2,0,0,0
99,23,280,2,0,0,0
99,23,317,2,0,0,0
99,23,341,1,12,0,0
99,23,352,2,0,0,0
99,23,359,1,1,0,1
99,23,362,2,0,0,0
99,23,374,2,0,0,0
99,23,404,2,0,0,0
99,23,416,2,0,0,0
99,23,469,1,1,0,0
99,23,503,2,0,0,0
99,23,534,1,36,0,0
100,23,33,1,1,0,1
100,23,84,1,4,0,0
100,23,85,2,0,0,0
100,23,86,2,0,0,0
100,23,87,2,0,0,0
100,23,103,1,13,0,0
100,23,104,2,0,0,0
100,23,113,1,29,0,0
100,23,113,2,0,0,0
100,23,120,1,26,0,0
100,23,129,1,20,0,0
100,23,148,2,0,0,0
100,23,153,1,41,0,0
100,23,153,2,0,0,0
100,23,156,2,0,0,0
100,23,164,2,0,0,0
100,23,168,2,0,0,0
100,23,182,2,0,0,0
100,23,203,2,0,0,0
100,23,205,1,11,0,0
100,23,207,2,0,0,0
100,23,209,1,9,0,0
100,23,214,2,0,0,0
100,23,240,2,0,0,0
100,23,243,1,48,0,0
100,23,259,2,0,0,0
100,23,263,2,0,0,0
100,23,268,1,1,0,0
100,23,269,2,0,0,0
100,23,351,2,0,0,0
100,23,360,1,46,0,0
100,23,360,2,0,0,0
100,23,393,1,34,0,0
100,23,435,1,37,0,0
100,23,451,1,16,0,0
100,23,451,2,0,0,0
100,23,486,1,22,0,0
100,23,521,2,0,0,0
100,23,598,1,6,0,0
101,23,33,1,1,0,2
101,23,63,2,0,0,0
101,23,84,1,4,0,0
101,23,85,2,0,0,0
101,23,86,2,0,0,0
101,23,87,2,0,0,0
101,23,103,1,13,0,0
101,23,104,2,0,0,0
101,23,113,1,29,0,0
101,23,113,2,0,0,0
101,23,120,1,26,0,0
101,23,129,1,20,0,0
101,23,148,2,0,0,0
101,23,153,1,47,0,0
101,23,153,2,0,0,0
101,23,156,2,0,0,0
101,23,164,2,0,0,0
101,23,168,2,0,0,0
101,23,182,2,0,0,0
101,23,203,2,0,0,0
101,23,205,1,11,0,0
101,23,207,2,0,0,0
101,23,209,1,9,0,0
101,23,214,2,0,0,0
101,23,240,2,0,0,0
101,23,243,1,58,0,0
101,23,259,2,0,0,0
101,23,263,2,0,0,0
101,23,268,1,1,0,1
101,23,269,2,0,0,0
101,23,351,2,0,0,0
101,23,360,1,54,0,0
101,23,360,2,0,0,0
101,23,393,1,36,0,0
101,23,416,2,0,0,0
101,23,435,1,41,0,0
101,23,451,1,16,0,0
101,23,451,2,0,0,0
101,23,486,1,22,0,0
101,23,521,2,0,0,0
101,23,598,1,1,0,3
101,23,598,1,6,0,0
101,23,602,1,1,0,0
102,23,14,2,0,0,0
102,23,70,2,0,0,0
102,23,71,1,1,0,0
102,23,72,1,15,0,0
102,23,73,1,10,0,0
102,23,76,1,55,0,0
102,23,76,2,0,0,0
102,23,77,3,0,0,0
102,23,78,3,0,0,0
102,23,79,3,0,0,0
102,23,93,1,20,0,0
102,23,94,2,0,0,0
102,23,95,1,1,0,1
102,23,104,2,0,0,0
102,23,113,2,0,0,0
102,23,115,1,5,0,0
102,23,115,2,0,0,0
102,23,138,2,0,0,0
102,23,148,2,0,0,0
102,23,153,2,0,0,0
102,23,156,2,0,0,0
102,23,164,2,0,0,0
102,23,168,2,0,0,0
102,23,174,3,0,0,0
102,23,182,2,0,0,0
102,23,188,2,0,0,0
102,23,202,1,35,0,0
102,23,202,2,0,0,0
102,23,203,2,0,0,0
102,23,207,2,0,0,0
102,23,213,2,0,0,0
102,23,214,2,0,0,0
102,23,235,1,25,0,0
102,23,235,3,0,0,0
102,23,236,3,0,0,0
102,23,241,2,0,0,0
102,23,244,2,0,0,0
102,23,246,3,0,0,0
102,23,253,1,45,0,0
102,23,263,2,0,0,0
102,23,267,3,0,0,0
102,23,275,3,0,0,0
102,23,285,2,0,0,0
102,23,326,1,40,0,0
102,23,331,1,30,0,0
102,23,331,2,0,0,0
102,23,335,3,0,0,0
102,23,384,3,0,0,0
102,23,388,1,50,0,0
102,23,412,2,0,0,0
102,23,433,2,0,0,0
102,23,437,3,0,0,0
102,23,447,2,0,0,0
102,23,580,3,0,0,0
103,23,14,2,0,0,0
103,23,23,1,0,0,0
103,23,23,1,1,0,0
103,23,63,2,0,0,0
103,23,70,2,0,0,0
103,23,71,1,1,0,14
103,23,72,1,1,0,5
103,23,73,1,1,0,17
103,23,76,1,1,0,13
103,23,76,2,0,0,0
103,23,93,1,1,0,6
103,23,94,2,0,0,0
103,23,95,1,1,0,15
103,23,104,2,0,0,0
103,23,113,2,0,0,0
103,23,115,1,1,0,16
103,23,115,2,0,0,0
103,23,138,2,0,0,0
103,23,148,2,0,0,0
103,23,153,2,0,0,0
103,23,156,2,0,0,0
103,23,164,2,0,0,0
103,23,168,2,0,0,0
103,23,182,2,0,0,0
103,23,188,2,0,0,0
103,23,202,1,1,0,9
103,23,202,2,0,0,0
103,23,203,2,0,0,0
103,23,207,2,0,0,0
103,23,213,2,0,0,0
103,23,214,2,0,0,0
103,23,235,1,1,0,7
103,23,241,2,0,0,0
103,23,244,2,0,0,0
103,23,253,1,1,0,11
103,23,263,2,0,0,0
103,23,285,2,0,0,0
103,23,326,1,1,0,10
103,23,331,1,1,0,8
103,23,331,2,0,0,0
103,23,347,2,0,0,0
103,23,388,1,1,0,12
103,23,402,1,1,0,1
103,23,412,2,0,0,0
103,23,416,2,0,0,0
103,23,433,2,0,0,0
103,23,437,1,1,0,4
103,23,447,2,0,0,0
103,23,452,1,1,0,3
103,23,473,1,1,0,2
103,23,523,2,0,0,0
104,23,14,2,0,0,0
104,23,24,3,0,0,0
104,23,29,1,12,0,0
104,23,37,1,44,0,0
104,23,38,1,48,0,0
104,23,39,1,4,0,0
104,23,43,3,0,0,0
104,23,45,1,1,0,2
104,23,53,2,0,0,0
104,23,58,2,0,0,0
104,23,59,2,0,0,0
104,23,70,2,0,0,0
104,23,89,2,0,0,0
104,23,91,2,0,0,0
104,23,103,3,0,0,0
104,23,104,2,0,0,0
104,23,116,1,32,0,0
104,23,126,2,0,0,0
104,23,130,3,0,0,0
104,23,155,1,40,0,0
104,23,156,2,0,0,0
104,23,157,2,0,0,0
104,23,164,2,0,0,0
104,23,168,2,0,0,0
104,23,174,3,0,0,0
104,23,182,2,0,0,0
104,23,187,3,0,0,0
104,23,189,1,1,0,1
104,23,195,3,0,0,0
104,23,197,3,0,0,0
104,23,198,1,29,0,0
104,23,201,2,0,0,0
104,23,203,2,0,0,0
104,23,206,1,8,0,0
104,23,206,2,0,0,0
104,23,207,2,0,0,0
104,23,213,2,0,0,0
104,23,214,2,0,0,0
104,23,231,2,0,0,0
104,23,241,2,0,0,0
104,23,246,3,0,0,0
104,23,249,2,0,0,0
104,23,263,2,0,0,0
104,23,264,2,0,0,0
104,23,280,2,0,0,0
104,23,283,1,36,0,0
104,23,317,2,0,0,0
104,23,332,2,0,0,0
104,23,374,1,20,0,0
104,23,374,2,0,0,0
104,23,431,2,0,0,0
104,23,442,3,0,0,0
104,23,446,2,0,0,0
104,23,514,1,16,0,0
104,23,523,2,0,0,0
104,23,707,1,24,0,0
105,23,14,2,0,0,0
105,23,29,1,12,0,0
105,23,37,1,54,0,0
105,23,38,1,60,0,0
105,23,39,1,1,0,2
105,23,45,1,1,0,1
105,23,53,2,0,0,0
105,23,58,2,0,0,0
105,23,59,2,0,0,0
105,23,63,2,0,0,0
105,23,70,2,0,0,0
105,23,89,2,0,0,0
105,23,91,2,0,0,0
105,23,104,2,0,0,0
105,23,116,1,36,0,0
105,23,126,2,0,0,0
105,23,155,1,48,0,0
105,23,156,2,0,0,0
105,23,157,2,0,0,0
105,23,164,2,0,0,0
105,23,168,2,0,0,0
105,23,182,2,0,0,0
105,23,189,1,1,0,0
105,23,198,1,31,0,0
105,23,201,2,0,0,0
105,23,203,2,0,0,0
105,23,206,1,1,0,3
105,23,206,2,0,0,0
105,23,207,2,0,0,0
105,23,213,2,0,0,0
105,23,214,2,0,0,0
105,23,231,2,0,0,0
105,23,241,2,0,0,0
105,23,249,2,0,0,0
105,23,263,2,0,0,0
105,23,264,2,0,0,0
105,23,280,2,0,0,0
105,23,283,1,42,0,0
105,23,317,2,0,0,0
105,23,332,2,0,0,0
105,23,374,1,20,0,0
105,23,374,2,0,0,0
105,23,411,2,0,0,0
105,23,416,2,0,0,0
105,23,431,2,0,0,0
105,23,444,2,0,0,0
105,23,446,2,0,0,0
105,23,514,1,16,0,0
105,23,523,2,0,0,0
105,23,707,1,24,0,0
106,23,24,1,4,0,0
106,23,25,1,32,0,0
106,23,33,1,1,0,3
106,23,67,1,8,0,0
106,23,70,2,0,0,0
106,23,89,2,0,0,0
106,23,104,2,0,0,0
106,23,116,1,1,0,6
106,23,136,1,44,0,0
106,23,156,2,0,0,0
106,23,157,2,0,0,0
106,23,164,2,0,0,0
106,23,168,2,0,0,0
106,23,170,1,28,0,0
106,23,179,1,40,0,0
106,23,182,2,0,0,0
106,23,203,1,12,0,0
106,23,203,2,0,0,0
106,23,207,2,0,0,0
106,23,213,2,0,0,0
106,23,214,2,0,0,0
106,23,240,2,0,0,0
106,23,241,2,0,0,0
106,23,249,2,0,0,0
106,23,252,1,1,0,5
106,23,263,2,0,0,0
106,23,264,2,0,0,0
106,23,270,1,1,0,4
106,23,279,1,16,0,0
106,23,280,1,0,0,0
106,23,280,1,1,0,0
106,23,280,2,0,0,0
106,23,299,1,24,0,0
106,23,317,2,0,0,0
106,23,339,2,0,0,0
106,23,364,1,1,0,1
106,23,370,1,36,0,0
106,23,374,2,0,0,0
106,23,398,2,0,0,0
106,23,411,2,0,0,0
106,23,431,2,0,0,0
106,23,444,2,0,0,0
106,23,469,1,21,0,0
106,23,490,1,1,0,2
106,23,490,2,0,0,0
106,23,523,2,0,0,0
106,23,526,2,0,0,0
107,23,5,1,32,0,0
107,23,7,1,24,0,2
107,23,8,1,24,0,1
107,23,9,1,24,0,0
107,23,33,1,1,0,4
107,23,68,1,40,0,0
107,23,70,2,0,0,0
107,23,89,2,0,0,0
107,23,97,1,28,0,0
107,23,104,2,0,0,0
107,23,116,1,1,0,7
107,23,156,2,0,0,0
107,23,157,2,0,0,0
107,23,164,2,0,0,0
107,23,168,2,0,0,0
107,23,182,2,0,0,0
107,23,183,1,4,0,0
107,23,197,1,12,0,0
107,23,203,2,0,0,0
107,23,207,2,0,0,0
107,23,213,2,0,0,0
107,23,214,2,0,0,0
107,23,240,2,0,0,0
107,23,241,2,0,0,0
107,23,249,2,0,0,0
107,23,252,1,1,0,6
107,23,263,2,0,0,0
107,23,264,1,44,0,0
107,23,264,2,0,0,0
107,23,270,1,1,0,5
107,23,279,1,16,0,0
107,23,280,2,0,0,0
107,23,317,2,0,0,0
107,23,339,2,0,0,0
107,23,364,1,1,0,1
107,23,370,1,36,0,0
107,23,374,2,0,0,0
107,23,409,1,0,0,0
107,23,409,1,1,0,0
107,23,409,2,0,0,0
107,23,410,1,1,0,2
107,23,411,2,0,0,0
107,23,418,1,1,0,3
107,23,431,2,0,0,0
107,23,444,2,0,0,0
107,23,490,2,0,0,0
107,23,501,1,21,0,0
107,23,523,2,0,0,0
107,23,526,2,0,0,0
107,23,612,1,8,0,0
108,23,14,2,0,0,0
108,23,15,2,0,0,0
108,23,21,1,48,0,0
108,23,23,1,30,0,0
108,23,34,3,0,0,0
108,23,35,1,18,0,0
108,23,37,3,0,0,0
108,23,48,1,12,0,0
108,23,50,1,24,0,0
108,23,53,2,0,0,0
108,23,57,2,0,0,0
108,23,58,2,0,0,0
108,23,59,2,0,0,0
108,23,63,2,0,0,0
108,23,70,2,0,0,0
108,23,76,2,0,0,0
108,23,85,2,0,0,0
108,23,87,2,0,0,0
108,23,89,2,0,0,0
108,23,91,2,0,0,0
108,23,103,1,42,0,0
108,23,104,2,0,0,0
108,23,111,1,1,0,1
108,23,122,1,1,0,0
108,23,126,2,0,0,0
108,23,133,3,0,0,0
108,23,138,2,0,0,0
108,23,156,2,0,0,0
108,23,157,2,0,0,0
108,23,164,2,0,0,0
108,23,168,2,0,0,0
108,23,173,3,0,0,0
108,23,174,3,0,0,0
108,23,182,2,0,0,0
108,23,187,1,60,0,0
108,23,187,3,0,0,0
108,23,201,2,0,0,0
108,23,203,2,0,0,0
108,23,205,1,6,0,0
108,23,207,2,0,0,0
108,23,213,2,0,0,0
108,23,214,2,0,0,0
108,23,231,2,0,0,0
108,23,240,2,0,0,0
108,23,241,2,0,0,0
108,23,244,2,0,0,0
108,23,247,2,0,0,0
108,23,249,2,0,0,0
108,23,263,2,0,0,0
108,23,264,2,0,0,0
108,23,280,2,0,0,0
108,23,282,1,36,0,0
108,23,317,2,0,0,0
108,23,330,3,0,0,0
108,23,351,2,0,0,0
108,23,352,2,0,0,0
108,23,359,3,0,0,0
108,23,374,2,0,0,0
108,23,416,2,0,0,0
108,23,428,3,0,0,0
108,23,431,2,0,0,0
108,23,438,1,54,0,0
108,23,523,2,0,0,0
108,23,526,2,0,0,0
108,23,562,3,0,0,0
109,23,33,1,1,0,1
109,23,53,2,0,0,0
109,23,60,3,0,0,0
109,23,85,2,0,0,0
109,23,87,2,0,0,0
109,23,92,1,36,0,0
109,23,92,2,0,0,0
109,23,103,3,0,0,0
109,23,104,2,0,0,0
109,23,108,1,8,0,0
109,23,114,1,24,0,0
109,23,120,1,28,0,0
109,23,123,1,4,0,0
109,23,124,1,20,0,0
109,23,126,2,0,0,0
109,23,139,1,1,0,0
109,23,148,2,0,0,0
109,23,153,1,44,0,0
109,23,153,2,0,0,0
109,23,156,2,0,0,0
109,23,164,2,0,0,0
109,23,168,2,0,0,0
109,23,174,3,0,0,0
109,23,180,3,0,0,0
109,23,182,2,0,0,0
109,23,188,1,32,0,0
109,23,188,2,0,0,0
109,23,194,1,52,0,0
109,23,194,3,0,0,0
109,23,203,2,0,0,0
109,23,207,2,0,0,0
109,23,213,2,0,0,0
109,23,214,2,0,0,0
109,23,220,3,0,0,0
109,23,240,2,0,0,0
109,23,241,2,0,0,0
109,23,247,2,0,0,0
109,23,254,3,0,0,0
109,23,255,3,0,0,0
109,23,256,3,0,0,0
109,23,259,2,0,0,0
109,23,261,2,0,0,0
109,23,262,1,48,0,0
109,23,263,2,0,0,0
109,23,269,2,0,0,0
109,23,288,3,0,0,0
109,23,351,2,0,0,0
109,23,360,2,0,0,0
109,23,371,2,0,0,0
109,23,372,1,16,0,0
109,23,390,3,0,0,0
109,23,399,2,0,0,0
109,23,499,1,12,0,0
109,23,562,1,40,0,0
109,23,599,3,0,0,0
110,23,33,1,1,0,3
110,23,53,2,0,0,0
110,23,63,2,0,0,0
110,23,85,2,0,0,0
110,23,87,2,0,0,0
110,23,92,1,38,0,0
110,23,92,2,0,0,0
110,23,104,2,0,0,0
110,23,108,1,1,0,5
110,23,114,1,24,0,0
110,23,120,1,28,0,0
110,23,123,1,1,0,4
110,23,124,1,20,0,0
110,23,126,2,0,0,0
110,23,139,1,1,0,2
110,23,148,2,0,0,0
110,23,153,1,50,0,0
110,23,153,2,0,0,0
110,23,156,2,0,0,0
110,23,164,2,0,0,0
110,23,168,2,0,0,0
110,23,182,2,0,0,0
110,23,188,1,32,0,0
110,23,188,2,0,0,0
110,23,194,1,62,0,0
110,23,203,2,0,0,0
110,23,207,2,0,0,0
110,23,213,2,0,0,0
110,23,214,2,0,0,0
110,23,240,2,0,0,0
110,23,241,2,0,0,0
110,23,247,2,0,0,0
110,23,257,1,1,0,1
110,23,259,2,0,0,0
110,23,261,2,0,0,0
110,23,262,1,56,0,0
110,23,263,2,0,0,0
110,23,269,2,0,0,0
110,23,351,2,0,0,0
110,23,360,2,0,0,0
110,23,371,2,0,0,0
110,23,372,1,16,0,0
110,23,399,2,0,0,0
110,23,416,2,0,0,0
110,23,458,1,0,0,0
110,23,458,1,1,0,0
110,23,499,1,12,0,0
110,23,562,1,44,0,0
111,23,14,2,0,0,0
111,23,23,1,25,0,0
111,23,30,1,15,0,0
111,23,32,1,60,0,0
111,23,33,1,1,0,0
111,23,36,1,40,0,0
111,23,39,1,1,0,1
111,23,46,2,0,0,0
111,23,53,2,0,0,0
111,23,58,2,0,0,0
111,23,59,2,0,0,0
111,23,68,3,0,0,0
111,23,70,2,0,0,0
111,23,85,2,0,0,0
111,23,87,2,0,0,0
111,23,89,1,45,0,0
111,23,89,2,0,0,0
111,23,91,2,0,0,0
111,23,104,2,0,0,0
111,23,126,2,0,0,0
111,23,130,3,0,0,0
111,23,156,2,0,0,0
111,23,157,2,0,0,0
111,23,164,2,0,0,0
111,23,168,2,0,0,0
111,23,174,3,0,0,0
111,23,179,3,0,0,0
111,23,182,2,0,0,0
111,23,184,1,20,0,0
111,23,201,2,0,0,0
111,23,203,2,0,0,0
111,23,207,2,0,0,0
111,23,213,2,0,0,0
111,23,214,2,0,0,0
111,23,224,1,55,0,0
111,23,231,2,0,0,0
111,23,240,2,0,0,0
111,23,241,2,0,0,0
111,23,242,3,0,0,0
111,23,249,2,0,0,0
111,23,263,2,0,0,0
111,23,306,3,0,0,0
111,23,317,2,0,0,0
111,23,350,1,30,0,0
111,23,351,2,0,0,0
111,23,368,3,0,0,0
111,23,371,2,0,0,0
111,23,397,2,0,0,0
111,23,398,2,0,0,0
111,23,406,2,0,0,0
111,23,407,3,0,0,0
111,23,422,3,0,0,0
111,23,423,3,0,0,0
111,23,424,3,0,0,0
111,23,431,2,0,0,0
111,23,444,1,50,0,0
111,23,444,2,0,0,0
111,23,446,2,0,0,0
111,23,470,3,0,0,0
111,23,479,1,5,0,0
111,23,523,1,10,0,0
111,23,523,2,0,0,0
111,23,529,1,35,0,0
112,23,14,2,0,0,0
112,23,15,2,0,0,0
112,23,23,1,25,0,0
112,23,30,1,15,0,0
112,23,32,1,68,0,0
112,23,33,1,1,0,1
112,23,36,1,40,0,0
112,23,39,1,1,0,2
112,23,46,2,0,0,0
112,23,53,2,0,0,0
112,23,57,2,0,0,0
112,23,58,2,0,0,0
112,23,59,2,0,0,0
112,23,63,2,0,0,0
112,23,70,2,0,0,0
112,23,85,2,0,0,0
112,23,87,2,0,0,0
112,23,89,1,47,0,0
112,23,89,2,0,0,0
112,23,91,2,0,0,0
112,23,104,2,0,0,0
112,23,126,2,0,0,0
112,23,156,2,0,0,0
112,23,157,2,0,0,0
112,23,164,2,0,0,0
112,23,168,2,0,0,0
112,23,182,2,0,0,0
112,23,184,1,20,0,0
112,23,201,2,0,0,0
112,23,203,2,0,0,0
112,23,207,2,0,0,0
112,23,213,2,0,0,0
112,23,214,2,0,0,0
112,23,224,1,61,0,0
112,23,231,2,0,0,0
112,23,240,2,0,0,0
112,23,241,2,0,0,0
112,23,249,2,0,0,0
112,23,263,2,0,0,0
112,23,264,2,0,0,0
112,23,280,2,0,0,0
112,23,317,2,0,0,0
112,23,350,1,30,0,0
112,23,351,2,0,0,0
112,23,359,1,0,0,0
112,23,359,1,1,0,0
112,23,371,2,0,0,0
112,23,374,2,0,0,0
112,23,397,2,0,0,0
112,23,398,2,0,0,0
112,23,406,2,0,0,0
112,23,411,2,0,0,0
112,23,416,2,0,0,0
112,23,419,2,0,0,0
112,23,421,2,0,0,0
112,23,431,2,0,0,0
112,23,444,1,54,0,0
112,23,444,2,0,0,0
112,23,446,2,0,0,0
112,23,479,1,1,0,3
112,23,523,1,1,0,4
112,23,523,2,0,0,0
112,23,529,1,35,0,0
113,23,1,1,1,0,5
113,23,36,1,24,0,0
113,23,38,1,40,0,0
113,23,39,1,4,0,0
113,23,47,1,16,0,0
113,23,53,2,0,0,0
113,23,58,2,0,0,0
113,23,59,2,0,0,0
113,23,63,2,0,0,0
113,23,68,3,0,0,0
113,23,69,3,0,0,0
113,23,70,2,0,0,0
113,23,76,2,0,0,0
113,23,85,2,0,0,0
113,23,86,2,0,0,0
113,23,87,2,0,0,0
113,23,89,2,0,0,0
113,23,94,2,0,0,0
113,23,104,2,0,0,0
113,23,107,1,1,0,4
113,23,111,1,1,0,7
113,23,113,1,36,0,0
113,23,113,2,0,0,0
113,23,118,3,0,0,0
113,23,126,2,0,0,0
113,23,135,1,44,0,0
113,23,138,2,0,0,0
113,23,148,2,0,0,0
113,23,156,2,0,0,0
113,23,157,2,0,0,0
113,23,164,2,0,0,0
113,23,182,2,0,0,0
113,23,186,1,1,0,0
113,23,201,2,0,0,0
113,23,203,2,0,0,0
113,23,204,1,1,0,3
113,23,207,2,0,0,0
113,23,213,2,0,0,0
113,23,214,2,0,0,0
113,23,215,3,0,0,0
113,23,217,3,0,0,0
113,23,219,2,0,0,0
113,23,231,2,0,0,0
113,23,240,2,0,0,0
113,23,241,2,0,0,0
113,23,244,2,0,0,0
113,23,247,2,0,0,0
113,23,249,2,0,0,0
113,23,258,2,0,0,0
113,23,263,2,0,0,0
113,23,264,2,0,0,0
113,23,270,1,32,0,0
113,23,270,3,0,0,0
113,23,278,2,0,0,0
113,23,280,2,0,0,0
113,23,285,2,0,0,0
113,23,312,3,0,0,0
113,23,317,2,0,0,0
113,23,343,1,1,0,2
113,23,347,2,0,0,0
113,23,351,2,0,0,0
113,23,352,2,0,0,0
113,23,356,3,0,0,0
113,23,361,1,52,0,0
113,23,374,1,20,0,0
113,23,374,2,0,0,0
113,23,383,1,1,0,6
113,23,387,1,48,0,0
113,23,409,2,0,0,0
113,23,416,2,0,0,0
113,23,431,2,0,0,0
113,23,446,2,0,0,0
113,23,447,2,0,0,0
113,23,451,2,0,0,0
113,23,497,1,8,0,0
113,23,505,1,28,0,0
113,23,523,2,0,0,0
113,23,526,2,0,0,0
113,23,574,1,1,0,1
113,23,605,2,0,0,0
113,23,791,1,12,0,0
114,23,14,2,0,0,0
114,23,15,2,0,0,0
114,23,20,1,1,0,1
114,23,21,1,40,0,0
114,23,22,1,16,0,0
114,23,63,2,0,0,0
114,23,71,1,1,0,0
114,23,72,1,12,0,0
114,23,72,3,0,0,0
114,23,73,3,0,0,0
114,23,74,1,8,0,0
114,23,76,2,0,0,0
114,23,77,1,20,0,0
114,23,78,1,4,0,0
114,23,79,1,36,0,0
114,23,93,3,0,0,0
114,23,104,2,0,0,0
114,23,115,2,0,0,0
114,23,133,3,0,0,0
114,23,148,2,0,0,0
114,23,156,2,0,0,0
114,23,164,2,0,0,0
114,23,168,2,0,0,0
114,23,175,3,0,0,0
114,23,182,2,0,0,0
114,23,188,2,0,0,0
114,23,202,1,32,0,0
114,23,202,2,0,0,0
114,23,203,2,0,0,0
114,23,207,2,0,0,0
114,23,213,2,0,0,0
114,23,214,2,0,0,0
114,23,241,2,0,0,0
114,23,244,2,0,0,0
114,23,246,1,24,0,0
114,23,249,2,0,0,0
114,23,263,2,0,0,0
114,23,267,3,0,0,0
114,23,275,1,52,0,0
114,23,282,1,28,0,0
114,23,283,3,0,0,0
114,23,321,1,44,0,0
114,23,331,2,0,0,0
114,23,351,2,0,0,0
114,23,384,3,0,0,0
114,23,412,2,0,0,0
114,23,416,2,0,0,0
114,23,437,3,0,0,0
114,23,438,1,48,0,0
114,23,447,2,0,0,0
114,23,476,3,0,0,0
114,23,580,1,56,0,0
115,23,1,1,1,0,0
115,23,15,2,0,0,0
115,23,23,1,16,0,0
115,23,23,3,0,0,0
115,23,29,1,24,0,0
115,23,38,3,0,0,0
115,23,39,1,1,0,1
115,23,44,1,12,0,0
115,23,45,1,4,0,0
115,23,46,2,0,0,0
115,23,50,3,0,0,0
115,23,53,2,0,0,0
115,23,57,2,0,0,0
115,23,58,2,0,0,0
115,23,59,2,0,0,0
115,23,63,2,0,0,0
115,23,68,3,0,0,0
115,23,70,2,0,0,0
115,23,76,2,0,0,0
115,23,85,2,0,0,0
115,23,87,2,0,0,0
115,23,89,2,0,0,0
115,23,91,2,0,0,0
115,23,104,2,0,0,0
115,23,116,1,20,0,0
115,23,116,3,0,0,0
115,23,126,2,0,0,0
115,23,156,2,0,0,0
115,23,157,2,0,0,0
115,23,164,2,0,0,0
115,23,168,2,0,0,0
115,23,179,1,44,0,0
115,23,182,2,0,0,0
115,23,200,1,48,0,0
115,23,201,2,0,0,0
115,23,203,1,40,0,0
115,23,203,2,0,0,0
115,23,207,2,0,0,0
115,23,213,2,0,0,0
115,23,214,2,0,0,0
115,23,219,2,0,0,0
115,23,231,2,0,0,0
115,23,240,2,0,0,0
115,23,241,2,0,0,0
115,23,242,1,36,0,0
115,23,247,2,0,0,0
115,23,249,2,0,0,0
115,23,252,1,8,0,0
115,23,253,3,0,0,0
115,23,258,2,0,0,0
115,23,263,2,0,0,0
115,23,264,2,0,0,0
115,23,280,2,0,0,0
115,23,283,3,0,0,0
115,23,306,3,0,0,0
115,23,317,2,0,0,0
115,23,332,2,0,0,0
115,23,351,2,0,0,0
115,23,352,2,0,0,0
115,23,359,3,0,0,0
115,23,374,2,0,0,0
115,23,387,1,52,0,0
115,23,389,1,28,0,0
115,23,409,2,0,0,0
115,23,411,2,0,0,0
115,23,416,2,0,0,0
115,23,419,2,0,0,0
115,23,421,2,0,0,0
115,23,431,2,0,0,0
115,23,458,1,32,0,0
115,23,509,3,0,0,0
115,23,523,2,0,0,0
115,23,526,2,0,0,0
116,23,43,1,1,0,1
116,23,50,3,0,0,0
116,23,55,1,1,0,0
116,23,56,1,45,0,0
116,23,57,2,0,0,0
116,23,58,2,0,0,0
116,23,59,2,0,0,0
116,23,61,1,25,0,0
116,23,62,3,0,0,0
116,23,97,1,30,0,0
116,23,104,2,0,0,0
116,23,108,1,5,0,0
116,23,116,1,15,0,0
116,23,127,2,0,0,0
116,23,150,3,0,0,0
116,23,156,2,0,0,0
116,23,164,2,0,0,0
116,23,175,3,0,0,0
116,23,182,2,0,0,0
116,23,190,3,0,0,0
116,23,200,3,0,0,0
116,23,203,2,0,0,0
116,23,207,2,0,0,0
116,23,213,2,0,0,0
116,23,214,2,0,0,0
116,23,225,1,20,0,0
116,23,225,3,0,0,0
116,23,239,1,10,0,0
116,23,240,1,55,0,0
116,23,240,2,0,0,0
116,23,258,2,0,0,0
116,23,263,2,0,0,0
116,23,330,3,0,0,0
116,23,349,1,50,0,0
116,23,352,2,0,0,0
116,23,362,2,0,0,0
116,23,406,1,40,0,0
116,23,406,2,0,0,0
116,23,430,2,0,0,0
116,23,499,3,0,0,0
116,23,503,2,0,0,0
116,23,673,1,35,0,0
117,23,43,1,1,0,1
117,23,55,1,1,0,0
117,23,56,1,51,0,0
117,23,57,2,0,0,0
117,23,58,2,0,0,0
117,23,59,2,0,0,0
117,23,61,1,25,0,0
117,23,63,2,0,0,0
117,23,97,1,30,0,0
117,23,104,2,0,0,0
117,23,108,1,1,0,2
117,23,116,1,15,0,0
117,23,127,2,0,0,0
117,23,156,2,0,0,0
117,23,164,2,0,0,0
117,23,182,2,0,0,0
117,23,203,2,0,0,0
117,23,207,2,0,0,0
117,23,213,2,0,0,0
117,23,214,2,0,0,0
117,23,225,1,20,0,0
117,23,239,1,1,0,3
117,23,240,1,65,0,0
117,23,240,2,0,0,0
117,23,258,2,0,0,0
117,23,263,2,0,0,0
117,23,349,1,58,0,0
117,23,352,2,0,0,0
117,23,362,2,0,0,0
117,23,406,1,44,0,0
117,23,406,2,0,0,0
117,23,416,2,0,0,0
117,23,430,2,0,0,0
117,23,503,2,0,0,0
117,23,673,1,37,0,0
118,23,14,2,0,0,0
118,23,30,1,15,0,0
118,23,32,1,50,0,0
118,23,34,3,0,0,0
118,23,39,1,1,0,1
118,23,48,1,5,0,0
118,23,56,3,0,0,0
118,23,57,2,0,0,0
118,23,58,2,0,0,0
118,23,59,2,0,0,0
118,23,60,3,0,0,0
118,23,64,1,1,0,0
118,23,97,1,20,0,0
118,23,104,2,0,0,0
118,23,114,3,0,0,0
118,23,127,1,35,0,0
118,23,127,2,0,0,0
118,23,130,3,0,0,0
118,23,156,2,0,0,0
118,23,164,2,0,0,0
118,23,175,1,30,0,0
118,23,182,2,0,0,0
118,23,189,3,0,0,0
118,23,203,2,0,0,0
118,23,207,2,0,0,0
118,23,213,2,0,0,0
118,23,214,2,0,0,0
118,23,224,1,45,0,0
118,23,240,2,0,0,0
118,23,258,2,0,0,0
118,23,263,2,0,0,0
118,23,341,3,0,0,0
118,23,352,1,10,0,0
118,23,352,2,0,0,0
118,23,367,3,0,0,0
118,23,392,1,25,0,0
118,23,398,2,0,0,0
118,23,401,3,0,0,0
118,23,487,1,40,0,0
118,23,503,2,0,0,0
119,23,14,2,0,0,0
119,23,30,1,15,0,0
119,23,32,1,58,0,0
119,23,39,1,1,0,1
119,23,48,1,1,0,2
119,23,57,2,0,0,0
119,23,58,2,0,0,0
119,23,59,2,0,0,0
119,23,63,2,0,0,0
119,23,64,1,1,0,0
119,23,97,1,20,0,0
119,23,104,2,0,0,0
119,23,127,1,37,0,0
119,23,127,2,0,0,0
119,23,156,2,0,0,0
119,23,164,2,0,0,0
119,23,175,1,30,0,0
119,23,182,2,0,0,0
119,23,203,2,0,0,0
119,23,207,2,0,0,0
119,23,213,2,0,0,0
119,23,214,2,0,0,0
119,23,224,1,51,0,0
119,23,240,2,0,0,0
119,23,258,2,0,0,0
119,23,263,2,0,0,0
119,23,352,1,1,0,3
119,23,352,2,0,0,0
119,23,392,1,25,0,0
119,23,398,2,0,0,0
119,23,416,2,0,0,0
119,23,487,1,44,0,0
119,23,503,2,0,0,0
120,23,33,1,1,0,0
120,23,55,1,4,0,0
120,23,56,1,56,0,0
120,23,57,1,44,0,0
120,23,57,2,0,0,0
120,23,58,2,0,0,0
120,23,59,2,0,0,0
120,23,60,1,24,0,0
120,23,85,2,0,0,0
120,23,86,2,0,0,0
120,23,87,2,0,0,0
120,23,94,1,40,0,0
120,23,94,2,0,0,0
120,23,104,2,0,0,0
120,23,105,1,48,0,0
120,23,106,1,1,0,1
120,23,107,1,16,0,0
120,23,109,1,8,0,0
120,23,113,1,32,0,0
120,23,113,2,0,0,0
120,23,115,2,0,0,0
120,23,127,2,0,0,0
120,23,129,1,20,0,0
120,23,148,2,0,0,0
120,23,156,2,0,0,0
120,23,164,2,0,0,0
120,23,182,2,0,0,0
120,23,203,2,0,0,0
120,23,207,2,0,0,0
120,23,214,2,0,0,0
120,23,229,1,12,0,0
120,23,240,2,0,0,0
120,23,244,2,0,0,0
120,23,258,2,0,0,0
120,23,263,2,0,0,0
120,23,278,2,0,0,0
120,23,322,1,52,0,0
120,23,352,2,0,0,0
120,23,360,2,0,0,0
120,23,362,1,28,0,0
120,23,362,2,0,0,0
120,23,408,1,36,0,0
120,23,430,2,0,0,0
120,23,503,2,0,0,0
120,23,605,2,0,0,0
121,23,33,1,1,0,12
121,23,55,1,1,0,14
121,23,56,1,1,0,11
121,23,57,1,1,0,8
121,23,57,2,0,0,0
121,23,58,2,0,0,0
121,23,59,2,0,0,0
121,23,60,1,1,0,3
121,23,63,2,0,0,0
121,23,85,2,0,0,0
121,23,86,2,0,0,0
121,23,87,2,0,0,0
121,23,94,1,1,0,7
121,23,94,2,0,0,0
121,23,104,2,0,0,0
121,23,105,1,1,0,9
121,23,106,1,1,0,13
121,23,107,1,1,0,1
121,23,109,1,1,0,15
121,23,113,1,1,0,5
121,23,113,2,0,0,0
121,23,115,2,0,0,0
121,23,127,2,0,0,0
121,23,129,1,1,0,2
121,23,138,2,0,0,0
121,23,148,2,0,0,0
121,23,156,2,0,0,0
121,23,164,2,0,0,0
121,23,182,2,0,0,0
121,23,203,2,0,0,0
121,23,207,2,0,0,0
121,23,214,2,0,0,0
121,23,229,1,1,0,0
121,23,240,2,0,0,0
121,23,244,2,0,0,0
121,23,258,2,0,0,0
121,23,263,2,0,0,0
121,23,278,2,0,0,0
121,23,285,2,0,0,0
121,23,322,1,1,0,10
121,23,352,2,0,0,0
121,23,360,2,0,0,0
121,23,362,1,1,0,4
121,23,362,2,0,0,0
121,23,408,1,1,0,6
121,23,416,2,0,0,0
121,23,419,2,0,0,0
121,23,430,2,0,0,0
121,23,433,2,0,0,0
121,23,447,2,0,0,0
121,23,503,2,0,0,0
121,23,605,2,0,0,0
122,23,1,1,1,0,5
122,23,60,1,28,0,0
122,23,63,2,0,0,0
122,23,76,2,0,0,0
122,23,85,2,0,0,0
122,23,86,2,0,0,0
122,23,87,2,0,0,0
122,23,93,1,12,0,0
122,23,94,1,48,0,0
122,23,94,2,0,0,0
122,23,95,3,0,0,0
122,23,102,1,32,0,0
122,23,102,3,0,0,0
122,23,104,2,0,0,0
122,23,109,3,0,0,0
122,23,113,1,36,0,0
122,23,113,2,0,0,0
122,23,115,1,36,0,1
122,23,115,2,0,0,0
122,23,138,2,0,0,0
122,23,148,2,0,0,0
122,23,156,2,0,0,0
122,23,164,2,0,0,0
122,23,168,2,0,0,0
122,23,182,1,20,0,0
122,23,182,2,0,0,0
122,23,196,3,0,0,0
122,23,203,2,0,0,0
122,23,207,2,0,0,0
122,23,213,2,0,0,0
122,23,214,2,0,0,0
122,23,219,1,36,0,2
122,23,219,2,0,0,0
122,23,226,1,1,0,7
122,23,227,1,1,0,8
122,23,240,2,0,0,0
122,23,241,2,0,0,0
122,23,244,2,0,0,0
122,23,247,2,0,0,0
122,23,248,3,0,0,0
122,23,252,3,0,0,0
122,23,259,2,0,0,0
122,23,263,2,0,0,0
122,23,264,2,0,0,0
122,23,269,2,0,0,0
122,23,271,3,0,0,0
122,23,272,1,16,0,0
122,23,278,1,24,0,0
122,23,278,2,0,0,0
122,23,280,2,0,0,0
122,23,285,2,0,0,0
122,23,298,1,52,0,0
122,23,298,3,0,0,0
122,23,321,3,0,0,0
122,23,332,2,0,0,0
122,23,347,2,0,0,0
122,23,351,2,0,0,0
122,23,371,2,0,0,0
122,23,374,2,0,0,0
122,23,383,1,1,0,6
122,23,384,1,1,0,3
122,23,385,1,1,0,4
122,23,389,1,40,0,0
122,23,409,2,0,0,0
122,23,411,2,0,0,0
122,23,412,2,0,0,0
122,23,416,2,0,0,0
122,23,417,2,0,0,0
122,23,433,2,0,0,0
122,23,447,2,0,0,0
122,23,451,2,0,0,0
122,23,469,1,1,0,2
122,23,471,3,0,0,0
122,23,478,3,0,0,0
122,23,501,1,1,0,1
122,23,605,1,44,0,0
122,23,605,2,0,0,0
123,23,14,1,48,0,0
123,23,14,2,0,0,0
123,23,15,2,0,0,0
123,23,17,1,12,0,0
123,23,43,1,1,0,1
123,23,63,2,0,0,0
123,23,68,3,0,0,0
123,23,97,1,32,0,0
123,23,98,1,1,0,0
123,23,104,1,16,0,0
123,23,104,2,0,0,0
123,23,113,2,0,0,0
123,23,116,1,28,0,0
123,23,156,2,0,0,0
123,23,163,1,24,0,0
123,23,164,2,0,0,0
123,23,168,2,0,0,0
123,23,179,3,0,0,0
123,23,182,2,0,0,0
123,23,203,2,0,0,0
123,23,206,1,8,0,0
123,23,206,2,0,0,0
123,23,207,2,0,0,0
123,23,210,1,4,0,0
123,23,211,2,0,0,0
123,23,213,2,0,0,0
123,23,214,2,0,0,0
123,23,219,2,0,0,0
123,23,226,3,0,0,0
123,23,240,2,0,0,0
123,23,241,2,0,0,0
123,23,249,2,0,0,0
123,23,263,2,0,0,0
123,23,280,2,0,0,0
123,23,332,2,0,0,0
123,23,355,2,0,0,0
123,23,364,3,0,0,0
123,23,369,2,0,0,0
123,23,400,3,0,0,0
123,23,403,1,36,0,0
123,23,404,1,40,0,0
123,23,404,2,0,0,0
123,23,405,2,0,0,0
123,23,416,2,0,0,0
123,23,432,2,0,0,0
123,23,458,1,20,0,0
123,23,501,3,0,0,0
123,23,673,1,44,0,0
124,23,1,1,1,0,2
124,23,8,1,28,0,0
124,23,47,1,20,0,0
124,23,58,2,0,0,0
124,23,59,1,58,0,0
124,23,59,2,0,0,0
124,23,63,2,0,0,0
124,23,93,1,12,0,0
124,23,94,1,34,0,0
124,23,94,2,0,0,0
124,23,104,2,0,0,0
124,23,113,2,0,0,0
124,23,115,2,0,0,0
124,23,122,1,1,0,1
124,23,138,2,0,0,0
124,23,142,1,40,0,0
124,23,148,2,0,0,0
124,23,156,2,0,0,0
124,23,164,2,0,0,0
124,23,168,2,0,0,0
124,23,181,1,1,0,3
124,23,182,2,0,0,0
124,23,186,1,1,0,0
124,23,195,1,52,0,0
124,23,203,2,0,0,0
124,23,207,2,0,0,0
124,23,212,1,46,0,0
124,23,213,2,0,0,0
124,23,214,2,0,0,0
124,23,240,2,0,0,0
124,23,244,2,0,0,0
124,23,247,2,0,0,0
124,23,258,2,0,0,0
124,23,259,2,0,0,0
124,23,263,2,0,0,0
124,23,264,2,0,0,0
124,23,269,2,0,0,0
124,23,278,2,0,0,0
124,23,280,2,0,0,0
124,23,285,2,0,0,0
124,23,313,1,24,0,0
124,23,343,1,16,0,0
124,23,347,2,0,0,0
124,23,352,2,0,0,0
124,23,371,2,0,0,0
124,23,374,2,0,0,0
124,23,383,1,1,0,4
124,23,409,2,0,0,0
124,23,411,2,0,0,0
124,23,412,2,0,0,0
124,23,416,2,0,0,0
124,23,417,2,0,0,0
124,23,419,2,0,0,0
124,23,433,2,0,0,0
124,23,447,2,0,0,0
125,23,9,1,28,0,0
125,23,43,1,1,0,1
125,23,63,2,0,0,0
125,23,67,1,40,0,0
125,23,70,2,0,0,0
125,23,84,1,1,0,2
125,23,85,1,46,0,0
125,23,85,2,0,0,0
125,23,86,1,20,0,0
125,23,86,2,0,0,0
125,23,87,1,58,0,0
125,23,87,2,0,0,0
125,23,94,2,0,0,0
125,23,98,1,1,0,0
125,23,103,1,24,0,0
125,23,104,2,0,0,0
125,23,113,1,52,0,0
125,23,113,2,0,0,0
125,23,129,1,12,0,0
125,23,148,2,0,0,0
125,23,156,2,0,0,0
125,23,164,2,0,0,0
125,23,168,2,0,0,0
125,23,182,2,0,0,0
125,23,203,2,0,0,0
125,23,207,2,0,0,0
125,23,213,2,0,0,0
125,23,214,2,0,0,0
125,23,231,2,0,0,0
125,23,240,2,0,0,0
125,23,249,2,0,0,0
125,23,263,2,0,0,0
125,23,264,2,0,0,0
125,23,268,1,1,0,3
125,23,280,2,0,0,0
125,23,351,1,16,0,0
125,23,351,2,0,0,0
125,23,374,2,0,0,0
125,23,411,2,0,0,0
125,23,416,1,64,0,0
125,23,416,2,0,0,0
125,23,431,2,0,0,0
125,23,435,1,34,0,0
125,23,451,2,0,0,0
125,23,490,2,0,0,0
125,23,521,2,0,0,0
126,23,7,1,28,0,0
126,23,43,1,1,0,1
126,23,52,1,1,0,2
126,23,53,1,46,0,0
126,23,53,2,0,0,0
126,23,63,1,64,0,0
126,23,63,2,0,0,0
126,23,67,1,40,0,0
126,23,70,2,0,0,0
126,23,94,2,0,0,0
126,23,104,2,0,0,0
126,23,108,1,1,0,3
126,23,109,1,20,0,0
126,23,123,1,1,0,0
126,23,126,1,58,0,0
126,23,126,2,0,0,0
126,23,156,2,0,0,0
126,23,164,2,0,0,0
126,23,168,2,0,0,0
126,23,172,1,16,0,0
126,23,182,2,0,0,0
126,23,184,1,24,0,0
126,23,203,2,0,0,0
126,23,207,2,0,0,0
126,23,213,2,0,0,0
126,23,214,2,0,0,0
126,23,231,2,0,0,0
126,23,241,1,52,0,0
126,23,241,2,0,0,0
126,23,249,2,0,0,0
126,23,261,2,0,0,0
126,23,263,2,0,0,0
126,23,264,2,0,0,0
126,23,280,2,0,0,0
126,23,315,2,0,0,0
126,23,374,2,0,0,0
126,23,411,2,0,0,0
126,23,416,2,0,0,0
126,23,431,2,0,0,0
126,23,436,1,34,0,0
126,23,490,2,0,0,0
126,23,499,1,12,0,0
127,23,11,1,1,0,0
127,23,12,1,48,0,0
127,23,14,1,40,0,0
127,23,14,2,0,0,0
127,23,15,2,0,0,0
127,23,20,1,8,0,0
127,23,31,3,0,0,0
127,23,37,3,0,0,0
127,23,63,2,0,0,0
127,23,66,1,44,0,0
127,23,69,1,12,0,0
127,23,70,1,36,0,0
127,23,70,2,0,0,0
127,23,89,2,0,0,0
127,23,91,2,0,0,0
127,23,98,3,0,0,0
127,23,104,2,0,0,0
127,23,106,1,1,0,1
127,23,116,1,4,0,0
127,23,156,2,0,0,0
127,23,157,2,0,0,0
127,23,164,2,0,0,0
127,23,168,2,0,0,0
127,23,175,3,0,0,0
127,23,182,2,0,0,0
127,23,203,2,0,0,0
127,23,206,2,0,0,0
127,23,207,2,0,0,0
127,23,213,2,0,0,0
127,23,214,2,0,0,0
127,23,233,1,28,0,0
127,23,240,2,0,0,0
127,23,241,2,0,0,0
127,23,249,2,0,0,0
127,23,263,2,0,0,0
127,23,264,2,0,0,0
127,23,276,1,52,0,0
127,23,276,3,0,0,0
127,23,280,2,0,0,0
127,23,317,2,0,0,0
127,23,339,2,0,0,0
127,23,364,3,0,0,0
127,23,370,3,0,0,0
127,23,374,2,0,0,0
127,23,404,1,32,0,0
127,23,404,2,0,0,0
127,23,411,2,0,0,0
127,23,416,2,0,0,0
127,23,431,2,0,0,0
127,23,444,2,0,0,0
127,23,446,2,0,0,0
127,23,450,1,16,0,0
127,23,450,3,0,0,0
127,23,458,1,24,0,0
127,23,480,1,20,0,0
127,23,523,2,0,0,0
128,23,30,1,20,0,0
128,23,33,1,1,0,0
128,23,36,1,35,0,0
128,23,37,1,50,0,0
128,23,38,1,55,0,0
128,23,39,1,1,0,1
128,23,53,2,0,0,0
128,23,57,2,0,0,0
128,23,58,2,0,0,0
128,23,59,2,0,0,0
128,23,63,2,0,0,0
128,23,70,2,0,0,0
128,23,76,2,0,0,0
128,23,85,2,0,0,0
128,23,87,2,0,0,0
128,23,89,2,0,0,0
128,23,104,2,0,0,0
128,23,126,2,0,0,0
128,23,156,1,40,0,0
128,23,156,2,0,0,0
128,23,157,2,0,0,0
128,23,164,2,0,0,0
128,23,182,2,0,0,0
128,23,184,1,25,0,0
128,23,201,2,0,0,0
128,23,203,2,0,0,0
128,23,207,1,45,0,0
128,23,207,2,0,0,0
128,23,213,2,0,0,0
128,23,214,2,0,0,0
128,23,231,2,0,0,0
128,23,240,2,0,0,0
128,23,241,2,0,0,0
128,23,249,2,0,0,0
128,23,263,2,0,0,0
128,23,317,2,0,0,0
128,23,351,2,0,0,0
128,23,352,2,0,0,0
128,23,371,1,10,0,0
128,23,371,2,0,0,0
128,23,372,1,15,0,0
128,23,416,1,60,0,0
128,23,416,2,0,0,0
128,23,428,1,30,0,0
128,23,431,2,0,0,0
128,23,444,2,0,0,0
128,23,523,2,0,0,0
128,23,526,1,5,0,0
128,23,526,2,0,0,0
129,23,33,1,15,0,0
129,23,150,1,1,0,0
129,23,175,1,25,0,0
130,23,33,1,1,0,3
130,23,37,1,48,0,0
130,23,43,1,1,0,4
130,23,44,1,0,0,0
130,23,44,1,1,0,0
130,23,46,2,0,0,0
130,23,53,2,0,0,0
130,23,56,1,40,0,0
130,23,57,2,0,0,0
130,23,58,2,0,0,0
130,23,59,2,0,0,0
130,23,63,1,52,0,0
130,23,63,2,0,0,0
130,23,70,2,0,0,0
130,23,85,2,0,0,0
130,23,86,2,0,0,0
130,23,87,2,0,0,0
130,23,89,2,0,0,0
130,23,104,2,0,0,0
130,23,126,2,0,0,0
130,23,127,1,21,0,0
130,23,127,2,0,0,0
130,23,150,1,1,0,2
130,23,156,2,0,0,0
130,23,164,2,0,0,0
130,23,175,1,1,0,1
130,23,182,2,0,0,0
130,23,184,1,16,0,0
130,23,201,2,0,0,0
130,23,203,2,0,0,0
130,23,207,2,0,0,0
130,23,213,2,0,0,0
130,23,214,2,0,0,0
130,23,231,2,0,0,0
130,23,239,1,1,0,5
130,23,240,1,28,0,0
130,23,240,2,0,0,0
130,23,242,1,24,0,0
130,23,249,2,0,0,0
130,23,250,1,4,0,0
130,23,258,2,0,0,0
130,23,259,2,0,0,0
130,23,263,2,0,0,0
130,23,269,2,0,0,0
130,23,349,1,36,0,0
130,23,352,2,0,0,0
130,23,362,1,12,0,0
130,23,362,2,0,0,0
130,23,371,2,0,0,0
130,23,399,2,0,0,0
130,23,401,1,32,0,0
130,23,406,2,0,0,0
130,23,416,2,0,0,0
130,23,419,2,0,0,0
130,23,423,1,8,0,0
130,23,444,2,0,0,0
130,23,503,2,0,0,0
130,23,523,2,0,0,0
130,23,542,1,44,0,0
131,23,32,3,0,0,0
131,23,34,1,40,0,0
131,23,45,1,1,0,0
131,23,46,2,0,0,0
131,23,47,1,5,0,0
131,23,54,1,10,0,0
131,23,55,1,1,0,1
131,23,56,1,55,0,0
131,23,57,2,0,0,0
131,23,58,1,45,0,0
131,23,58,2,0,0,0
131,23,59,2,0,0,0
131,23,63,2,0,0,0
131,23,70,2,0,0,0
131,23,85,2,0,0,0
131,23,87,2,0,0,0
131,23,90,3,0,0,0
131,23,94,2,0,0,0
131,23,104,2,0,0,0
131,23,109,1,25,0,0
131,23,127,2,0,0,0
131,23,138,2,0,0,0
131,23,156,2,0,0,0
131,23,164,2,0,0,0
131,23,174,3,0,0,0
131,23,182,2,0,0,0
131,23,195,1,60,0,0
131,23,203,2,0,0,0
131,23,207,2,0,0,0
131,23,213,2,0,0,0
131,23,214,2,0,0,0
131,23,219,2,0,0,0
131,23,231,2,0,0,0
131,23,240,1,50,0,0
131,23,240,2,0,0,0
131,23,246,3,0,0,0
131,23,248,3,0,0,0
131,23,249,2,0,0,0
131,23,250,3,0,0,0
131,23,258,2,0,0,0
131,23,263,2,0,0,0
131,23,321,3,0,0,0
131,23,329,1,65,0,0
131,23,349,3,0,0,0
131,23,351,2,0,0,0
131,23,352,1,30,0,0
131,23,352,2,0,0,0
131,23,362,1,35,0,0
131,23,362,2,0,0,0
131,23,406,2,0,0,0
131,23,416,2,0,0,0
131,23,419,2,0,0,0
131,23,420,1,20,0,0
131,23,523,2,0,0,0
131,23,573,3,0,0,0
131,23,791,1,15,0,0
132,23,144,1,1,0,0
133,23,24,3,0,0,0
133,23,28,1,5,0,0
133,23,33,1,1,0,3
133,23,36,1,40,0,0
133,23,38,1,50,0,0
133,23,39,1,1,0,5
133,23,44,1,25,0,0
133,23,45,1,1,0,4
133,23,91,2,0,0,0
133,23,98,1,10,0,0
133,23,104,2,0,0,0
133,23,129,1,20,0,0
133,23,156,2,0,0,0
133,23,164,2,0,0,0
133,23,174,3,0,0,0
133,23,175,3,0,0,0
133,23,182,2,0,0,0
133,23,189,3,0,0,0
133,23,197,3,0,0,0
133,23,203,2,0,0,0
133,23,204,1,45,0,0
133,23,204,3,0,0,0
133,23,207,2,0,0,0
133,23,213,2,0,0,0
133,23,214,2,0,0,0
133,23,226,1,35,0,0
133,23,231,2,0,0,0
133,23,240,2,0,0,0
133,23,241,2,0,0,0
133,23,247,2,0,0,0
133,23,263,2,0,0,0
133,23,270,1,1,0,2
133,23,273,3,0,0,0
133,23,281,3,0,0,0
133,23,313,3,0,0,0
133,23,321,3,0,0,0
133,23,343,1,1,0,1
133,23,343,3,0,0,0
133,23,383,1,30,0,0
133,23,387,1,55,0,0
133,23,500,3,0,0,0
133,23,526,2,0,0,0
133,23,608,1,15,0,0
134,23,28,1,5,0,0
134,23,33,1,1,0,10
134,23,36,1,1,0,6
134,23,38,1,1,0,8
134,23,39,1,1,0,12
134,23,44,1,1,0,3
134,23,45,1,1,0,11
134,23,46,2,0,0,0
134,23,55,1,0,0,0
134,23,55,1,1,0,0
134,23,56,1,50,0,0
134,23,57,2,0,0,0
134,23,58,2,0,0,0
134,23,59,2,0,0,0
134,23,62,1,30,0,0
134,23,63,2,0,0,0
134,23,70,2,0,0,0
134,23,91,2,0,0,0
134,23,98,1,10,0,0
134,23,104,2,0,0,0
134,23,114,1,20,0,0
134,23,127,2,0,0,0
134,23,129,1,1,0,2
134,23,151,1,45,0,0
134,23,156,2,0,0,0
134,23,164,2,0,0,0
134,23,182,2,0,0,0
134,23,203,2,0,0,0
134,23,204,1,1,0,7
134,23,207,2,0,0,0
134,23,213,2,0,0,0
134,23,214,2,0,0,0
134,23,226,1,1,0,5
134,23,231,2,0,0,0
134,23,240,2,0,0,0
134,23,241,2,0,0,0
134,23,247,2,0,0,0
134,23,249,2,0,0,0
134,23,258,2,0,0,0
134,23,263,2,0,0,0
134,23,270,1,1,0,9
134,23,330,1,40,0,0
134,23,343,1,1,0,1
134,23,352,1,25,0,0
134,23,352,2,0,0,0
134,23,362,2,0,0,0
134,23,383,1,1,0,4
134,23,387,1,55,0,0
134,23,392,1,35,0,0
134,23,416,2,0,0,0
134,23,503,2,0,0,0
134,23,526,2,0,0,0
134,23,608,1,15,0,0
135,23,24,1,25,0,0
135,23,28,1,5,0,0
135,23,33,1,1,0,10
135,23,36,1,1,0,6
135,23,38,1,1,0,8
135,23,39,1,1,0,12
135,23,42,1,35,0,0
135,23,44,1,1,0,3
135,23,45,1,1,0,11
135,23,46,2,0,0,0
135,23,63,2,0,0,0
135,23,70,2,0,0,0
135,23,84,1,0,0,0
135,23,84,1,1,0,0
135,23,85,2,0,0,0
135,23,86,1,20,0,0
135,23,86,2,0,0,0
135,23,87,1,50,0,0
135,23,87,2,0,0,0
135,23,91,2,0,0,0
135,23,97,1,45,0,0
135,23,98,1,10,0,0
135,23,104,2,0,0,0
135,23,113,2,0,0,0
135,23,129,1,1,0,2
135,23,148,2,0,0,0
135,23,156,2,0,0,0
135,23,164,2,0,0,0
135,23,182,2,0,0,0
135,23,203,2,0,0,0
135,23,204,1,1,0,7
135,23,207,2,0,0,0
135,23,213,2,0,0,0
135,23,214,2,0,0,0
135,23,226,1,1,0,5
135,23,231,2,0,0,0
135,23,240,2,0,0,0
135,23,241,2,0,0,0
135,23,247,2,0,0,0
135,23,249,2,0,0,0
135,23,263,2,0,0,0
135,23,270,1,1,0,9
135,23,343,1,1,0,1
135,23,351,2,0,0,0
135,23,383,1,1,0,4
135,23,387,1,55,0,0
135,23,416,2,0,0,0
135,23,422,1,30,0,0
135,23,435,1,40,0,0
135,23,451,2,0,0,0
135,23,521,2,0,0,0
135,23,526,2,0,0,0
135,23,608,1,15,0,0
136,23,28,1,5,0,0
136,23,33,1,1,0,9
136,23,36,1,1,0,5
136,23,38,1,1,0,7
136,23,39,1,1,0,11
136,23,44,1,25,0,0
136,23,45,1,1,0,10
136,23,46,2,0,0,0
136,23,52,1,0,0,0
136,23,52,1,1,0,0
136,23,53,2,0,0,0
136,23,63,2,0,0,0
136,23,70,2,0,0,0
136,23,83,1,35,0,0
136,23,91,2,0,0,0
136,23,98,1,10,0,0
136,23,104,2,0,0,0
136,23,123,1,20,0,0
136,23,126,2,0,0,0
136,23,129,1,1,0,2
136,23,156,2,0,0,0
136,23,164,2,0,0,0
136,23,182,2,0,0,0
136,23,184,1,45,0,0
136,23,203,2,0,0,0
136,23,204,1,1,0,6
136,23,207,2,0,0,0
136,23,213,2,0,0,0
136,23,214,2,0,0,0
136,23,226,1,1,0,4
136,23,231,2,0,0,0
136,23,240,2,0,0,0
136,23,241,2,0,0,0
136,23,247,2,0,0,0
136,23,249,2,0,0,0
136,23,261,2,0,0,0
136,23,263,2,0,0,0
136,23,270,1,1,0,8
136,23,315,2,0,0,0
136,23,343,1,1,0,1
136,23,383,1,1,0,3
136,23,387,1,55,0,0
136,23,394,1,50,0,0
136,23,416,2,0,0,0
136,23,424,1,30,0,0
136,23,436,1,40,0,0
136,23,526,2,0,0,0
136,23,608,1,15,0,0
137,23,33,1,1,0,0
137,23,58,2,0,0,0
137,23,59,2,0,0,0
137,23,60,1,20,0,0
137,23,63,2,0,0,0
137,23,76,2,0,0,0
137,23,84,1,15,0,0
137,23,85,2,0,0,0
137,23,86,2,0,0,0
137,23,87,2,0,0,0
137,23,94,2,0,0,0
137,23,97,1,30,0,0
137,23,104,2,0,0,0
137,23,105,1,35,0,0
137,23,138,2,0,0,0
137,23,148,2,0,0,0
137,23,156,2,0,0,0
137,23,160,1,1,0,1
137,23,161,1,45,0,0
137,23,164,2,0,0,0
137,23,168,2,0,0,0
137,23,176,1,25,0,0
137,23,182,2,0,0,0
137,23,192,1,60,0,0
137,23,199,1,55,0,0
137,23,203,2,0,0,0
137,23,207,2,0,0,0
137,23,214,2,0,0,0
137,23,231,2,0,0,0
137,23,240,2,0,0,0
137,23,241,2,0,0,0
137,23,244,2,0,0,0
137,23,247,2,0,0,0
137,23,263,2,0,0,0
137,23,277,1,50,0,0
137,23,278,1,5,0,0
137,23,278,2,0,0,0
137,23,332,2,0,0,0
137,23,351,2,0,0,0
137,23,393,1,10,0,0
137,23,416,2,0,0,0
137,23,433,2,0,0,0
137,23,435,1,40,0,0
137,23,451,2,0,0,0
138,23,20,1,1,0,0
138,23,21,3,0,0,0
138,23,28,1,10,0,0
138,23,43,1,20,0,0
138,23,44,3,0,0,0
138,23,48,3,0,0,0
138,23,55,1,15,0,0
138,23,56,1,60,0,0
138,23,57,1,50,0,0
138,23,57,2,0,0,0
138,23,58,2,0,0,0
138,23,59,2,0,0,0
138,23,61,3,0,0,0
138,23,62,3,0,0,0
138,23,104,2,0,0,0
138,23,110,1,1,0,1
138,23,114,3,0,0,0
138,23,127,2,0,0,0
138,23,156,2,0,0,0
138,23,157,2,0,0,0
138,23,164,2,0,0,0
138,23,168,2,0,0,0
138,23,182,1,41,0,0
138,23,182,2,0,0,0
138,23,191,3,0,0,0
138,23,201,2,0,0,0
138,23,203,2,0,0,0
138,23,205,1,5,0,0
138,23,207,2,0,0,0
138,23,213,2,0,0,0
138,23,214,2,0,0,0
138,23,240,2,0,0,0
138,23,246,1,30,0,0
138,23,249,2,0,0,0
138,23,250,3,0,0,0
138,23,258,2,0,0,0
138,23,263,2,0,0,0
138,23,282,3,0,0,0
138,23,317,2,0,0,0
138,23,321,3,0,0,0
138,23,330,3,0,0,0
138,23,341,1,25,0,0
138,23,350,1,45,0,0
138,23,352,2,0,0,0
138,23,360,2,0,0,0
138,23,362,1,35,0,0
138,23,362,2,0,0,0
138,23,390,3,0,0,0
138,23,397,2,0,0,0
138,23,446,2,0,0,0
138,23,503,2,0,0,0
138,23,504,1,55,0,0
138,23,513,3,0,0,0
139,23,20,1,1,0,1
139,23,28,1,1,0,4
139,23,43,1,20,0,0
139,23,55,1,15,0,0
139,23,56,1,70,0,0
139,23,57,1,56,0,0
139,23,57,2,0,0,0
139,23,58,2,0,0,0
139,23,59,2,0,0,0
139,23,63,2,0,0,0
139,23,104,2,0,0,0
139,23,110,1,1,0,2
139,23,127,2,0,0,0
139,23,156,2,0,0,0
139,23,157,2,0,0,0
139,23,164,2,0,0,0
139,23,168,2,0,0,0
139,23,182,1,43,0,0
139,23,182,2,0,0,0
139,23,201,2,0,0,0
139,23,203,2,0,0,0
139,23,205,1,1,0,3
139,23,207,2,0,0,0
139,23,213,2,0,0,0
139,23,214,2,0,0,0
139,23,240,2,0,0,0
139,23,242,1,0,0,0
139,23,242,1,1,0,0
139,23,246,1,30,0,0
139,23,249,2,0,0,0
139,23,258,2,0,0,0
139,23,263,2,0,0,0
139,23,317,2,0,0,0
139,23,341,1,25,0,0
139,23,350,1,49,0,0
139,23,352,2,0,0,0
139,23,360,2,0,0,0
139,23,362,1,35,0,0
139,23,362,2,0,0,0
139,23,397,2,0,0,0
139,23,416,2,0,0,0
139,23,431,2,0,0,0
139,23,444,2,0,0,0
139,23,446,2,0,0,0
139,23,503,2,0,0,0
139,23,504,1,63,0,0
140,23,10,1,5,0,0
140,23,28,1,10,0,0
140,23,36,3,0,0,0
140,23,43,1,20,0,0
140,23,57,2,0,0,0
140,23,58,2,0,0,0
140,23,59,2,0,0,0
140,23,61,3,0,0,0
140,23,62,3,0,0,0
140,23,71,1,1,0,0
140,23,72,3,0,0,0
140,23,91,2,0,0,0
140,23,103,3,0,0,0
140,23,104,2,0,0,0
140,23,106,1,1,0,1
140,23,109,3,0,0,0
140,23,127,2,0,0,0
140,23,141,1,45,0,0
140,23,156,2,0,0,0
140,23,157,2,0,0,0
140,23,164,2,0,0,0
140,23,168,2,0,0,0
140,23,175,3,0,0,0
140,23,182,1,41,0,0
140,23,182,2,0,0,0
140,23,196,3,0,0,0
140,23,201,2,0,0,0
140,23,202,2,0,0,0
140,23,203,2,0,0,0
140,23,207,2,0,0,0
140,23,213,2,0,0,0
140,23,214,2,0,0,0
140,23,229,3,0,0,0
140,23,240,2,0,0,0
140,23,246,1,30,0,0
140,23,249,2,0,0,0
140,23,258,2,0,0,0
140,23,263,2,0,0,0
140,23,282,3,0,0,0
140,23,317,2,0,0,0
140,23,319,1,55,0,0
140,23,332,2,0,0,0
140,23,341,1,25,0,0
140,23,341,3,0,0,0
140,23,352,2,0,0,0
140,23,362,1,35,0,0
140,23,362,2,0,0,0
140,23,397,2,0,0,0
140,23,444,1,60,0,0
140,23,444,2,0,0,0
140,23,446,2,0,0,0
140,23,453,1,15,0,0
140,23,503,2,0,0,0
140,23,710,1,50,0,0
141,23,10,1,1,0,5
141,23,14,2,0,0,0
141,23,15,2,0,0,0
141,23,28,1,1,0,6
141,23,43,1,20,0,0
141,23,57,2,0,0,0
141,23,58,2,0,0,0
141,23,59,2,0,0,0
141,23,63,2,0,0,0
141,23,71,1,1,0,3
141,23,91,2,0,0,0
141,23,104,2,0,0,0
141,23,106,1,1,0,4
141,23,127,2,0,0,0
141,23,141,1,49,0,0
141,23,156,2,0,0,0
141,23,157,2,0,0,0
141,23,163,1,0,0,0
141,23,163,1,1,0,0
141,23,164,2,0,0,0
141,23,168,2,0,0,0
141,23,182,1,43,0,0
141,23,182,2,0,0,0
141,23,201,2,0,0,0
141,23,202,2,0,0,0
141,23,203,2,0,0,0
141,23,207,2,0,0,0
141,23,213,2,0,0,0
141,23,214,2,0,0,0
141,23,240,2,0,0,0
141,23,246,1,30,0,0
141,23,249,2,0,0,0
141,23,258,2,0,0,0
141,23,263,2,0,0,0
141,23,280,2,0,0,0
141,23,317,2,0,0,0
141,23,319,1,63,0,0
141,23,332,2,0,0,0
141,23,341,1,25,0,0
141,23,352,2,0,0,0
141,23,362,1,35,0,0
141,23,362,2,0,0,0
141,23,364,1,1,0,2
141,23,397,2,0,0,0
141,23,400,1,1,0,1
141,23,404,2,0,0,0
141,23,416,2,0,0,0
141,23,431,2,0,0,0
141,23,444,1,70,0,0
141,23,444,2,0,0,0
141,23,446,2,0,0,0
141,23,453,1,15,0,0
141,23,503,2,0,0,0
141,23,710,1,56,0,0
142,23,17,1,10,0,0
142,23,18,3,0,0,0
142,23,19,2,0,0,0
142,23,36,1,40,0,0
142,23,44,1,1,0,0
142,23,46,1,25,0,0
142,23,46,2,0,0,0
142,23,48,1,5,0,0
142,23,53,2,0,0,0
142,23,63,1,55,0,0
142,23,63,2,0,0,0
142,23,70,2,0,0,0
142,23,89,2,0,0,0
142,23,97,1,50,0,0
142,23,104,2,0,0,0
142,23,126,2,0,0,0
142,23,156,2,0,0,0
142,23,157,1,20,0,0
142,23,157,2,0,0,0
142,23,164,2,0,0,0
142,23,168,2,0,0,0
142,23,174,3,0,0,0
142,23,182,2,0,0,0
142,23,184,1,15,0,0
142,23,201,2,0,0,0
142,23,203,2,0,0,0
142,23,207,2,0,0,0
142,23,211,2,0,0,0
142,23,213,2,0,0,0
142,23,214,2,0,0,0
142,23,225,3,0,0,0
142,23,231,2,0,0,0
142,23,240,2,0,0,0
142,23,241,2,0,0,0
142,23,242,1,30,0,0
142,23,246,1,1,0,1
142,23,249,2,0,0,0
142,23,259,2,0,0,0
142,23,263,2,0,0,0
142,23,269,2,0,0,0
142,23,317,2,0,0,0
142,23,332,2,0,0,0
142,23,337,2,0,0,0
142,23,355,2,0,0,0
142,23,366,3,0,0,0
142,23,371,2,0,0,0
142,23,372,3,0,0,0
142,23,397,2,0,0,0
142,23,406,2,0,0,0
142,23,416,1,60,0,0
142,23,416,2,0,0,0
142,23,432,2,0,0,0
142,23,442,1,35,0,0
142,23,444,1,45,0,0
142,23,444,2,0,0,0
142,23,446,2,0,0,0
142,23,469,3,0,0,0
142,23,523,2,0,0,0
143,23,18,3,0,0,0
143,23,33,1,1,0,10
143,23,34,1,28,0,0
143,23,38,3,0,0,0
143,23,44,1,16,0,0
143,23,53,2,0,0,0
143,23,57,2,0,0,0
143,23,58,2,0,0,0
143,23,59,2,0,0,0
143,23,63,2,0,0,0
143,23,68,3,0,0,0
143,23,70,2,0,0,0
143,23,76,2,0,0,0
143,23,85,2,0,0,0
143,23,87,2,0,0,0
143,23,89,2,0,0,0
143,23,90,3,0,0,0
143,23,94,2,0,0,0
143,23,103,1,1,0,4
143,23,104,2,0,0,0
143,23,111,1,1,0,11
143,23,118,1,1,0,6
143,23,122,1,1,0,9
143,23,122,3,0,0,0
143,23,126,2,0,0,0
143,23,133,1,36,0,0
143,23,156,1,20,0,0
143,23,156,2,0,0,0
143,23,157,2,0,0,0
143,23,164,2,0,0,0
143,23,173,1,20,0,1
143,23,174,3,0,0,0
143,23,175,1,1,0,7
143,23,182,2,0,0,0
143,23,187,1,48,0,0
143,23,201,2,0,0,0
143,23,203,2,0,0,0
143,23,204,3,0,0,0
143,23,207,2,0,0,0
143,23,213,2,0,0,0
143,23,214,1,20,0,2
143,23,214,2,0,0,0
143,23,240,2,0,0,0
143,23,241,2,0,0,0
143,23,242,1,24,0,0
143,23,247,2,0,0,0
143,23,249,2,0,0,0
143,23,254,1,1,0,2
143,23,256,1,1,0,3
143,23,263,2,0,0,0
143,23,264,2,0,0,0
143,23,278,1,1,0,0
143,23,278,2,0,0,0
143,23,280,2,0,0,0
143,23,281,1,12,0,0
143,23,317,2,0,0,0
143,23,335,1,1,0,12
143,23,343,1,1,0,1
143,23,351,2,0,0,0
143,23,352,2,0,0,0
143,23,359,1,44,0,0
143,23,374,1,1,0,5
143,23,374,2,0,0,0
143,23,380,3,0,0,0
143,23,387,1,1,0,8
143,23,411,2,0,0,0
143,23,416,1,56,0,0
143,23,416,2,0,0,0
143,23,431,2,0,0,0
143,23,484,1,32,0,0
143,23,495,3,0,0,0
143,23,523,2,0,0,0
143,23,526,2,0,0,0
143,23,562,1,52,0,0
143,23,562,3,0,0,0
143,23,612,3,0,0,0
143,23,667,1,40,0,0
144,23,16,1,1,0,0
144,23,19,2,0,0,0
144,23,46,2,0,0,0
144,23,54,1,1,0,1
144,23,58,1,45,0,0
144,23,58,2,0,0,0
144,23,59,1,65,0,0
144,23,59,2,0,0,0
144,23,63,2,0,0,0
144,23,97,1,20,0,0
144,23,104,2,0,0,0
144,23,115,1,10,0,0
144,23,115,2,0,0,0
144,23,156,2,0,0,0
144,23,164,2,0,0,0
144,23,170,1,60,0,0
144,23,181,1,5,0,0
144,23,182,2,0,0,0
144,23,201,2,0,0,0
144,23,203,2,0,0,0
144,23,207,2,0,0,0
144,23,211,2,0,0,0
144,23,214,2,0,0,0
144,23,240,2,0,0,0
144,23,241,2,0,0,0
144,23,246,1,25,0,0
144,23,249,2,0,0,0
144,23,258,1,50,0,0
144,23,258,2,0,0,0
144,23,263,2,0,0,0
144,23,329,1,70,0,0
144,23,332,2,0,0,0
144,23,352,2,0,0,0
144,23,355,1,40,0,0
144,23,355,2,0,0,0
144,23,365,2,0,0,0
144,23,366,1,30,0,0
144,23,369,2,0,0,0
144,23,416,2,0,0,0
144,23,419,2,0,0,0
144,23,420,1,15,0,0
144,23,432,2,0,0,0
144,23,542,1,55,0,0
144,23,573,1,35,0,0
145,23,19,2,0,0,0
145,23,46,2,0,0,0
145,23,63,2,0,0,0
145,23,64,1,1,0,0
145,23,65,1,35,0,0
145,23,84,1,5,0,0
145,23,85,2,0,0,0
145,23,86,1,1,0,1
145,23,86,2,0,0,0
145,23,87,1,55,0,0
145,23,87,2,0,0,0
145,23,97,1,20,0,0
145,23,104,2,0,0,0
145,23,113,1,10,0,0
145,23,113,2,0,0,0
145,23,148,2,0,0,0
145,23,156,2,0,0,0
145,23,164,2,0,0,0
145,23,182,2,0,0,0
145,23,192,1,70,0,0
145,23,197,1,60,0,0
145,23,201,2,0,0,0
145,23,203,2,0,0,0
145,23,207,2,0,0,0
145,23,211,2,0,0,0
145,23,214,2,0,0,0
145,23,240,1,50,0,0
145,23,240,2,0,0,0
145,23,241,2,0,0,0
145,23,246,1,25,0,0
145,23,249,2,0,0,0
145,23,258,2,0,0,0
145,23,263,2,0,0,0
145,23,268,1,30,0,0
145,23,332,2,0,0,0
145,23,351,2,0,0,0
145,23,355,1,40,0,0
145,23,355,2,0,0,0
145,23,365,1,15,0,0
145,23,365,2,0,0,0
145,23,369,2,0,0,0
145,23,416,2,0,0,0
145,23,432,2,0,0,0
145,23,435,1,45,0,0
145,23,451,2,0,0,0
145,23,521,2,0,0,0
145,23,602,1,65,0,0
146,23,16,1,1,0,0
146,23,17,1,15,0,0
146,23,19,2,0,0,0
146,23,43,1,1,0,1
146,23,46,2,0,0,0
146,23,52,1,5,0,0
146,23,53,2,0,0,0
146,23,63,2,0,0,0
146,23,76,2,0,0,0
146,23,97,1,20,0,0
146,23,104,2,0,0,0
146,23,126,2,0,0,0
146,23,143,1,70,0,0
146,23,156,2,0,0,0
146,23,164,2,0,0,0
146,23,182,2,0,0,0
146,23,201,2,0,0,0
146,23,203,1,60,0,0
146,23,203,2,0,0,0
146,23,207,2,0,0,0
146,23,211,2,0,0,0
146,23,214,2,0,0,0
146,23,219,1,10,0,0
146,23,219,2,0,0,0
146,23,240,2,0,0,0
146,23,241,1,50,0,0
146,23,241,2,0,0,0
146,23,246,1,25,0,0
146,23,249,2,0,0,0
146,23,257,1,45,0,0
146,23,261,2,0,0,0
146,23,263,2,0,0,0
146,23,315,2,0,0,0
146,23,332,2,0,0,0
146,23,355,1,40,0,0
146,23,355,2,0,0,0
146,23,365,2,0,0,0
146,23,369,2,0,0,0
146,23,403,1,35,0,0
146,23,416,2,0,0,0
146,23,432,2,0,0,0
146,23,510,1,30,0,0
146,23,542,1,55,0,0
146,23,682,1,65,0,0
147,23,21,1,25,0,0
147,23,35,1,1,0,0
147,23,43,1,1,0,1
147,23,48,3,0,0,0
147,23,53,2,0,0,0
147,23,54,3,0,0,0
147,23,57,2,0,0,0
147,23,58,2,0,0,0
147,23,59,2,0,0,0
147,23,63,1,60,0,0
147,23,63,2,0,0,0
147,23,85,2,0,0,0
147,23,86,1,10,0,0
147,23,86,2,0,0,0
147,23,87,2,0,0,0
147,23,97,1,20,0,0
147,23,104,2,0,0,0
147,23,113,2,0,0,0
147,23,114,3,0,0,0
147,23,126,2,0,0,0
147,23,127,2,0,0,0
147,23,156,2,0,0,0
147,23,164,2,0,0,0
147,23,182,2,0,0,0
147,23,200,1,55,0,0
147,23,203,2,0,0,0
147,23,207,2,0,0,0
147,23,213,2,0,0,0
147,23,214,2,0,0,0
147,23,219,1,40,0,0
147,23,219,2,0,0,0
147,23,225,3,0,0,0
147,23,231,2,0,0,0
147,23,239,1,5,0,0
147,23,240,1,45,0,0
147,23,240,2,0,0,0
147,23,241,2,0,0,0
147,23,245,3,0,0,0
147,23,258,2,0,0,0
147,23,263,2,0,0,0
147,23,349,1,50,0,0
147,23,349,3,0,0,0
147,23,351,2,0,0,0
147,23,352,2,0,0,0
147,23,401,1,31,0,0
147,23,406,2,0,0,0
147,23,407,1,35,0,0
147,23,407,3,0,0,0
147,23,416,2,0,0,0
147,23,434,5,0,0,0
147,23,453,3,0,0,0
147,23,525,1,15,0,0
148,23,21,1,25,0,0
148,23,35,1,1,0,0
148,23,43,1,1,0,1
148,23,53,2,0,0,0
148,23,57,2,0,0,0
148,23,58,2,0,0,0
148,23,59,2,0,0,0
148,23,63,1,74,0,0
148,23,63,2,0,0,0
148,23,85,2,0,0,0
148,23,86,1,1,0,3
148,23,86,2,0,0,0
148,23,87,2,0,0,0
148,23,97,1,20,0,0
148,23,104,2,0,0,0
148,23,113,2,0,0,0
148,23,126,2,0,0,0
148,23,127,2,0,0,0
148,23,156,2,0,0,0
148,23,164,2,0,0,0
148,23,182,2,0,0,0
148,23,200,1,67,0,0
148,23,203,2,0,0,0
148,23,207,2,0,0,0
148,23,213,2,0,0,0
148,23,214,2,0,0,0
148,23,219,1,46,0,0
148,23,219,2,0,0,0
148,23,231,2,0,0,0
148,23,239,1,1,0,2
148,23,240,1,53,0,0
148,23,240,2,0,0,0
148,23,241,2,0,0,0
148,23,258,2,0,0,0
148,23,263,2,0,0,0
148,23,349,1,60,0,0
148,23,351,2,0,0,0
148,23,352,2,0,0,0
148,23,401,1,33,0,0
148,23,406,2,0,0,0
148,23,407,1,39,0,0
148,23,416,2,0,0,0
148,23,434,5,0,0,0
148,23,525,1,15,0,0
149,23,7,1,1,0,4
149,23,9,1,1,0,5
149,23,15,2,0,0,0
149,23,17,1,1,0,1
149,23,19,2,0,0,0
149,23,21,1,25,0,0
149,23,35,1,1,0,6
149,23,43,1,1,0,7
149,23,46,2,0,0,0
149,23,53,2,0,0,0
149,23,57,2,0,0,0
149,23,58,2,0,0,0
149,23,59,2,0,0,0
149,23,63,1,80,0,0
149,23,63,2,0,0,0
149,23,70,2,0,0,0
149,23,85,2,0,0,0
149,23,86,1,1,0,9
149,23,86,2,0,0,0
149,23,87,2,0,0,0
149,23,89,2,0,0,0
149,23,97,1,20,0,0
149,23,104,2,0,0,0
149,23,113,2,0,0,0
149,23,126,2,0,0,0
149,23,127,2,0,0,0
149,23,156,2,0,0,0
149,23,157,2,0,0,0
149,23,164,2,0,0,0
149,23,182,2,0,0,0
149,23,200,1,41,0,0
149,23,201,2,0,0,0
149,23,203,2,0,0,0
149,23,207,2,0,0,0
149,23,211,2,0,0,0
149,23,213,2,0,0,0
149,23,214,2,0,0,0
149,23,219,1,46,0,0
149,23,219,2,0,0,0
149,23,231,2,0,0,0
149,23,239,1,1,0,8
149,23,240,1,53,0,0
149,23,240,2,0,0,0
149,23,241,2,0,0,0
149,23,245,1,1,0,3
149,23,249,2,0,0,0
149,23,258,2,0,0,0
149,23,263,2,0,0,0
149,23,264,2,0,0,0
149,23,280,2,0,0,0
149,23,317,2,0,0,0
149,23,332,2,0,0,0
149,23,337,2,0,0,0
149,23,349,1,62,0,0
149,23,351,2,0,0,0
149,23,352,2,0,0,0
149,23,355,1,1,0,2
149,23,355,2,0,0,0
149,23,374,2,0,0,0
149,23,401,1,33,0,0
149,23,406,2,0,0,0
149,23,407,1,39,0,0
149,23,411,2,0,0,0
149,23,416,2,0,0,0
149,23,432,2,0,0,0
149,23,434,5,0,0,0
149,23,444,2,0,0,0
149,23,523,2,0,0,0
149,23,525,1,15,0,0
149,23,542,1,0,0,0
149,23,542,1,1,0,0
150,23,50,1,1,0,2
150,23,53,2,0,0,0
150,23,54,1,64,0,0
150,23,58,2,0,0,0
150,23,59,2,0,0,0
150,23,63,2,0,0,0
150,23,70,2,0,0,0
150,23,76,2,0,0,0
150,23,85,2,0,0,0
150,23,86,2,0,0,0
150,23,87,2,0,0,0
150,23,89,2,0,0,0
150,23,93,1,1,0,3
150,23,94,1,48,0,0
150,23,94,2,0,0,0
150,23,104,2,0,0,0
150,23,105,1,80,0,0
150,23,113,2,0,0,0
150,23,115,2,0,0,0
150,23,126,2,0,0,0
150,23,129,1,1,0,4
150,23,133,1,32,0,0
150,23,138,2,0,0,0
150,23,148,2,0,0,0
150,23,156,2,0,0,0
150,23,157,2,0,0,0
150,23,164,2,0,0,0
150,23,182,2,0,0,0
150,23,201,2,0,0,0
150,23,203,2,0,0,0
150,23,207,2,0,0,0
150,23,214,2,0,0,0
150,23,219,1,24,0,0
150,23,219,2,0,0,0
150,23,231,2,0,0,0
150,23,240,2,0,0,0
150,23,241,2,0,0,0
150,23,244,2,0,0,0
150,23,246,1,8,0,0
150,23,247,2,0,0,0
150,23,248,1,88,0,0
150,23,249,2,0,0,0
150,23,258,2,0,0,0
150,23,259,2,0,0,0
150,23,261,2,0,0,0
150,23,263,2,0,0,0
150,23,264,2,0,0,0
150,23,269,2,0,0,0
150,23,278,2,0,0,0
150,23,280,2,0,0,0
150,23,285,2,0,0,0
150,23,317,2,0,0,0
150,23,332,2,0,0,0
150,23,339,2,0,0,0
150,23,347,2,0,0,0
150,23,351,2,0,0,0
150,23,352,2,0,0,0
150,23,374,2,0,0,0
150,23,384,1,56,0,0
150,23,385,1,56,0,1
150,23,396,1,40,0,0
150,23,398,2,0,0,0
150,23,409,2,0,0,0
150,23,411,2,0,0,0
150,23,412,2,0,0,0
150,23,416,2,0,0,0
150,23,417,2,0,0,0
150,23,419,2,0,0,0
150,23,427,1,16,0,0
150,23,431,2,0,0,0
150,23,433,2,0,0,0
150,23,444,2,0,0,0
150,23,447,2,0,0,0
150,23,451,2,0,0,0
150,23,490,2,0,0,0
150,23,523,2,0,0,0
150,23,540,1,72,0,0
150,23,673,1,1,0,1
150,23,791,1,1,0,0
151,23,1,1,1,0,0
151,23,14,2,0,0,0
151,23,15,2,0,0,0
151,23,19,2,0,0,0
151,23,46,2,0,0,0
151,23,53,2,0,0,0
151,23,57,2,0,0,0
151,23,58,2,0,0,0
151,23,59,2,0,0,0
151,23,63,2,0,0,0
151,23,70,2,0,0,0
151,23,76,2,0,0,0
151,23,85,2,0,0,0
151,23,86,2,0,0,0
151,23,87,2,0,0,0
151,23,89,2,0,0,0
151,23,91,2,0,0,0
151,23,92,2,0,0,0
151,23,94,1,100,0,0
151,23,94,2,0,0,0
151,23,104,2,0,0,0
151,23,113,2,0,0,0
151,23,115,2,0,0,0
151,23,118,1,60,0,0
151,23,126,2,0,0,0
151,23,127,2,0,0,0
151,23,133,1,10,0,0
151,23,138,2,0,0,0
151,23,144,1,80,0,0
151,23,148,2,0,0,0
151,23,153,2,0,0,0
151,23,156,2,0,0,0
151,23,157,2,0,0,0
151,23,164,2,0,0,0
151,23,168,2,0,0,0
151,23,182,2,0,0,0
151,23,188,2,0,0,0
151,23,201,2,0,0,0
151,23,202,2,0,0,0
151,23,203,2,0,0,0
151,23,206,2,0,0,0
151,23,207,2,0,0,0
151,23,211,2,0,0,0
151,23,213,2,0,0,0
151,23,214,2,0,0,0
151,23,219,2,0,0,0
151,23,226,1,20,0,0
151,23,231,2,0,0,0
151,23,240,2,0,0,0
151,23,241,2,0,0,0
151,23,244,2,0,0,0
151,23,246,1,30,0,0
151,23,247,2,0,0,0
151,23,249,2,0,0,0
151,23,258,2,0,0,0
151,23,259,2,0,0,0
151,23,261,2,0,0,0
151,23,263,2,0,0,0
151,23,264,2,0,0,0
151,23,269,2,0,0,0
151,23,278,2,0,0,0
151,23,280,2,0,0,0
151,23,285,2,0,0,0
151,23,286,1,70,0,0
151,23,315,2,0,0,0
151,23,317,2,0,0,0
151,23,331,2,0,0,0
151,23,332,2,0,0,0
151,23,337,2,0,0,0
151,23,339,2,0,0,0
151,23,347,2,0,0,0
151,23,351,2,0,0,0
151,23,352,2,0,0,0
151,23,355,2,0,0,0
151,23,360,2,0,0,0
151,23,362,2,0,0,0
151,23,365,2,0,0,0
151,23,369,2,0,0,0
151,23,371,2,0,0,0
151,23,374,2,0,0,0
151,23,396,1,90,0,0
151,23,397,2,0,0,0
151,23,398,2,0,0,0
151,23,399,2,0,0,0
151,23,404,2,0,0,0
151,23,405,2,0,0,0
151,23,406,2,0,0,0
151,23,409,2,0,0,0
151,23,411,2,0,0,0
151,23,412,2,0,0,0
151,23,416,2,0,0,0
151,23,417,1,50,0,0
151,23,417,2,0,0,0
151,23,419,2,0,0,0
151,23,421,2,0,0,0
151,23,430,2,0,0,0
151,23,431,2,0,0,0
151,23,432,2,0,0,0
151,23,433,2,0,0,0
151,23,444,2,0,0,0
151,23,446,2,0,0,0
151,23,447,2,0,0,0
151,23,451,2,0,0,0
151,23,490,2,0,0,0
151,23,503,2,0,0,0
151,23,513,1,1,0,1
151,23,521,2,0,0,0
151,23,523,2,0,0,0
151,23,526,2,0,0,0
151,23,555,2,0,0,0
151,23,605,2,0,0,0
151,23,791,1,40,0,0
152,23,14,2,0,0,0
152,23,15,2,0,0,0
152,23,22,3,0,0,0
152,23,33,1,1,0,0
152,23,34,1,34,0,0
152,23,34,3,0,0,0
152,23,45,1,1,0,1
152,23,68,3,0,0,0
152,23,73,3,0,0,0
152,23,75,1,6,0,0
152,23,76,1,45,0,0
152,23,76,2,0,0,0
152,23,77,1,9,0,0
152,23,104,2,0,0,0
152,23,113,1,31,0,0
152,23,113,2,0,0,0
152,23,115,1,17,0,0
152,23,115,2,0,0,0
152,23,148,2,0,0,0
152,23,156,2,0,0,0
152,23,164,2,0,0,0
152,23,175,3,0,0,0
152,23,182,2,0,0,0
152,23,202,2,0,0,0
152,23,203,2,0,0,0
152,23,207,2,0,0,0
152,23,213,2,0,0,0
152,23,214,2,0,0,0
152,23,219,1,39,0,0
152,23,219,2,0,0,0
152,23,230,1,28,0,0
152,23,231,2,0,0,0
152,23,235,1,12,0,0
152,23,241,2,0,0,0
152,23,246,3,0,0,0
152,23,263,2,0,0,0
152,23,267,1,23,0,0
152,23,267,3,0,0,0
152,23,275,3,0,0,0
152,23,312,1,42,0,0
152,23,312,3,0,0,0
152,23,331,2,0,0,0
152,23,345,1,20,0,0
152,23,412,2,0,0,0
152,23,437,3,0,0,0
152,23,447,2,0,0,0
152,23,505,3,0,0,0
152,23,526,2,0,0,0
152,23,580,3,0,0,0
153,23,14,2,0,0,0
153,23,15,2,0,0,0
153,23,33,1,1,0,0
153,23,34,1,40,0,0
153,23,45,1,1,0,1
153,23,70,2,0,0,0
153,23,75,1,1,0,2
153,23,75,1,6,0,0
153,23,76,1,54,0,0
153,23,76,2,0,0,0
153,23,77,1,1,0,3
153,23,77,1,9,0,0
153,23,104,2,0,0,0
153,23,113,1,36,0,0
153,23,113,2,0,0,0
153,23,115,1,18,0,0
153,23,115,2,0,0,0
153,23,148,2,0,0,0
153,23,156,2,0,0,0
153,23,164,2,0,0,0
153,23,182,2,0,0,0
153,23,202,2,0,0,0
153,23,203,2,0,0,0
153,23,207,2,0,0,0
153,23,213,2,0,0,0
153,23,214,2,0,0,0
153,23,219,1,46,0,0
153,23,219,2,0,0,0
153,23,230,1,32,0,0
153,23,231,2,0,0,0
153,23,235,1,12,0,0
153,23,241,2,0,0,0
153,23,249,2,0,0,0
153,23,263,2,0,0,0
153,23,267,1,26,0,0
153,23,312,1,50,0,0
153,23,331,2,0,0,0
153,23,345,1,22,0,0
153,23,412,2,0,0,0
153,23,447,2,0,0,0
153,23,526,2,0,0,0
154,23,14,2,0,0,0
154,23,15,2,0,0,0
154,23,33,1,1,0,2
154,23,34,1,46,0,0
154,23,45,1,1,0,3
154,23,63,2,0,0,0
154,23,70,2,0,0,0
154,23,75,1,1,0,4
154,23,75,1,6,0,0
154,23,76,1,66,0,0
154,23,76,2,0,0,0
154,23,77,1,1,0,5
154,23,77,1,9,0,0
154,23,80,1,0,0,0
154,23,80,1,1,0,0
154,23,89,2,0,0,0
154,23,104,2,0,0,0
154,23,113,1,40,0,0
154,23,113,2,0,0,0
154,23,115,1,18,0,0
154,23,115,2,0,0,0
154,23,148,2,0,0,0
154,23,156,2,0,0,0
154,23,164,2,0,0,0
154,23,182,2,0,0,0
154,23,202,2,0,0,0
154,23,203,2,0,0,0
154,23,207,2,0,0,0
154,23,213,2,0,0,0
154,23,214,2,0,0,0
154,23,219,1,54,0,0
154,23,219,2,0,0,0
154,23,230,1,34,0,0
154,23,231,2,0,0,0
154,23,235,1,12,0,0
154,23,241,2,0,0,0
154,23,249,2,0,0,0
154,23,263,2,0,0,0
154,23,267,1,26,0,0
154,23,312,1,60,0,0
154,23,331,2,0,0,0
154,23,338,5,0,0,0
154,23,345,1,22,0,0
154,23,412,2,0,0,0
154,23,416,2,0,0,0
154,23,431,2,0,0,0
154,23,447,2,0,0,0
154,23,523,2,0,0,0
154,23,526,2,0,0,0
154,23,572,1,1,0,1
154,23,572,1,70,0,0
155,23,15,2,0,0,0
155,23,24,3,0,0,0
155,23,33,1,1,0,0
155,23,37,3,0,0,0
155,23,38,1,55,0,0
155,23,38,3,0,0,0
155,23,43,1,1,0,1
155,23,52,1,10,0,0
155,23,53,1,40,0,0
155,23,53,2,0,0,0
155,23,91,2,0,0,0
155,23,98,1,13,0,0
155,23,98,3,0,0,0
155,23,104,2,0,0,0
155,23,108,1,6,0,0
155,23,111,1,22,0,0
155,23,126,2,0,0,0
155,23,129,1,31,0,0
155,23,154,3,0,0,0
155,23,156,2,0,0,0
155,23,164,2,0,0,0
155,23,172,1,19,0,0
155,23,179,3,0,0,0
155,23,182,2,0,0,0
155,23,203,2,0,0,0
155,23,205,1,49,0,0
155,23,207,2,0,0,0
155,23,213,2,0,0,0
155,23,214,2,0,0,0
155,23,241,2,0,0,0
155,23,261,2,0,0,0
155,23,263,2,0,0,0
155,23,267,3,0,0,0
155,23,284,1,64,0,0
155,23,306,3,0,0,0
155,23,315,2,0,0,0
155,23,326,3,0,0,0
155,23,332,2,0,0,0
155,23,336,3,0,0,0
155,23,343,3,0,0,0
155,23,394,3,0,0,0
155,23,436,1,37,0,0
155,23,488,1,28,0,0
155,23,517,1,46,0,0
155,23,526,2,0,0,0
155,23,682,1,58,0,0
156,23,15,2,0,0,0
156,23,33,1,1,0,0
156,23,38,1,64,0,0
156,23,43,1,1,0,1
156,23,46,2,0,0,0
156,23,52,1,10,0,0
156,23,53,1,46,0,0
156,23,53,2,0,0,0
156,23,70,2,0,0,0
156,23,91,2,0,0,0
156,23,98,1,13,0,0
156,23,104,2,0,0,0
156,23,108,1,1,0,2
156,23,108,1,6,0,0
156,23,111,1,24,0,0
156,23,126,2,0,0,0
156,23,129,1,31,0,0
156,23,156,2,0,0,0
156,23,164,2,0,0,0
156,23,172,1,20,0,0
156,23,182,2,0,0,0
156,23,203,2,0,0,0
156,23,205,1,57,0,0
156,23,207,2,0,0,0
156,23,213,2,0,0,0
156,23,214,2,0,0,0
156,23,241,2,0,0,0
156,23,249,2,0,0,0
156,23,261,2,0,0,0
156,23,263,2,0,0,0
156,23,264,2,0,0,0
156,23,280,2,0,0,0
156,23,284,1,75,0,0
156,23,315,2,0,0,0
156,23,332,2,0,0,0
156,23,436,1,42,0,0
156,23,488,1,35,0,0
156,23,517,1,53,0,0
156,23,526,2,0,0,0
156,23,682,1,68,0,0
157,23,15,2,0,0,0
157,23,33,1,1,0,3
157,23,38,1,1,0,1
157,23,38,1,69,0,0
157,23,43,1,1,0,4
157,23,46,2,0,0,0
157,23,52,1,1,0,6
157,23,52,1,10,0,0
157,23,53,1,48,0,0
157,23,53,2,0,0,0
157,23,63,2,0,0,0
157,23,70,2,0,0,0
157,23,76,2,0,0,0
157,23,89,2,0,0,0
157,23,91,2,0,0,0
157,23,98,1,13,0,0
157,23,104,2,0,0,0
157,23,108,1,1,0,5
157,23,108,1,6,0,0
157,23,111,1,24,0,0
157,23,126,2,0,0,0
157,23,129,1,31,0,0
157,23,156,2,0,0,0
157,23,157,2,0,0,0
157,23,164,2,0,0,0
157,23,172,1,20,0,0
157,23,182,2,0,0,0
157,23,203,2,0,0,0
157,23,205,1,61,0,0
157,23,207,2,0,0,0
157,23,213,2,0,0,0
157,23,214,2,0,0,0
157,23,241,2,0,0,0
157,23,249,2,0,0,0
157,23,261,2,0,0,0
157,23,263,2,0,0,0
157,23,264,2,0,0,0
157,23,280,2,0,0,0
157,23,284,1,1,0,0
157,23,284,1,82,0,0
157,23,307,5,0,0,0
157,23,315,2,0,0,0
157,23,317,2,0,0,0
157,23,332,2,0,0,0
157,23,360,1,1,0,2
157,23,360,2,0,0,0
157,23,374,2,0,0,0
157,23,411,2,0,0,0
157,23,416,2,0,0,0
157,23,421,2,0,0,0
157,23,431,2,0,0,0
157,23,436,1,43,0,0
157,23,488,1,35,0,0
157,23,517,1,56,0,0
157,23,523,2,0,0,0
157,23,526,2,0,0,0
157,23,682,1,74,0,0
158,23,8,3,0,0,0
158,23,10,1,1,0,0
158,23,14,2,0,0,0
158,23,15,2,0,0,0
158,23,37,1,41,0,0
158,23,37,3,0,0,0
158,23,43,1,1,0,1
158,23,44,1,13,0,0
158,23,55,1,6,0,0
158,23,56,1,50,0,0
158,23,56,3,0,0,0
158,23,57,2,0,0,0
158,23,58,2,0,0,0
158,23,59,2,0,0,0
158,23,67,1,29,0,0
158,23,91,2,0,0,0
158,23,103,1,36,0,0
158,23,104,2,0,0,0
158,23,127,2,0,0,0
158,23,156,2,0,0,0
158,23,157,2,0,0,0
158,23,163,1,34,0,0
158,23,164,2,0,0,0
158,23,175,1,22,0,0
158,23,182,2,0,0,0
158,23,184,1,15,0,0
158,23,189,1,8,0,0
158,23,203,2,0,0,0
158,23,207,2,0,0,0
158,23,213,2,0,0,0
158,23,214,2,0,0,0
158,23,231,2,0,0,0
158,23,232,3,0,0,0
158,23,240,2,0,0,0
158,23,242,1,27,0,0
158,23,242,3,0,0,0
158,23,246,3,0,0,0
158,23,258,2,0,0,0
158,23,260,3,0,0,0
158,23,263,2,0,0,0
158,23,264,2,0,0,0
158,23,276,1,48,0,0
158,23,280,2,0,0,0
158,23,313,3,0,0,0
158,23,317,2,0,0,0
158,23,332,2,0,0,0
158,23,335,3,0,0,0
158,23,337,2,0,0,0
158,23,349,3,0,0,0
158,23,352,2,0,0,0
158,23,374,2,0,0,0
158,23,401,1,43,0,0
158,23,421,2,0,0,0
158,23,423,1,20,0,0
158,23,453,3,0,0,0
158,23,503,2,0,0,0
158,23,526,2,0,0,0
159,23,10,1,1,0,0
159,23,14,2,0,0,0
159,23,15,2,0,0,0
159,23,37,1,48,0,0
159,23,43,1,1,0,1
159,23,44,1,13,0,0
159,23,46,2,0,0,0
159,23,55,1,1,0,2
159,23,55,1,6,0,0
159,23,56,1,60,0,0
159,23,57,2,0,0,0
159,23,58,2,0,0,0
159,23,59,2,0,0,0
159,23,67,1,33,0,0
159,23,70,2,0,0,0
159,23,91,2,0,0,0
159,23,103,1,42,0,0
159,23,104,2,0,0,0
159,23,127,2,0,0,0
159,23,156,2,0,0,0
159,23,157,2,0,0,0
159,23,163,1,39,0,0
159,23,164,2,0,0,0
159,23,175,1,24,0,0
159,23,182,2,0,0,0
159,23,184,1,15,0,0
159,23,189,1,8,0,0
159,23,203,2,0,0,0
159,23,207,2,0,0,0
159,23,213,2,0,0,0
159,23,214,2,0,0,0
159,23,231,2,0,0,0
159,23,240,2,0,0,0
159,23,242,1,30,0,0
159,23,249,2,0,0,0
159,23,258,2,0,0,0
159,23,263,2,0,0,0
159,23,264,2,0,0,0
159,23,276,1,57,0,0
159,23,280,2,0,0,0
159,23,317,2,0,0,0
159,23,332,2,0,0,0
159,23,337,2,0,0,0
159,23,352,2,0,0,0
159,23,374,2,0,0,0
159,23,401,1,51,0,0
159,23,421,2,0,0,0
159,23,423,1,21,0,0
159,23,503,2,0,0,0
159,23,526,2,0,0,0
160,23,10,1,1,0,1
160,23,14,2,0,0,0
160,23,15,2,0,0,0
160,23,37,1,58,0,0
160,23,43,1,1,0,2
160,23,44,1,13,0,0
160,23,46,2,0,0,0
160,23,55,1,1,0,3
160,23,55,1,6,0,0
160,23,56,1,76,0,0
160,23,57,2,0,0,0
160,23,58,2,0,0,0
160,23,59,2,0,0,0
160,23,63,2,0,0,0
160,23,67,1,37,0,0
160,23,70,2,0,0,0
160,23,89,2,0,0,0
160,23,91,2,0,0,0
160,23,97,1,1,0,0
160,23,103,1,50,0,0
160,23,104,2,0,0,0
160,23,127,2,0,0,0
160,23,156,2,0,0,0
160,23,157,2,0,0,0
160,23,163,1,45,0,0
160,23,164,2,0,0,0
160,23,175,1,24,0,0
160,23,182,2,0,0,0
160,23,184,1,15,0,0
160,23,189,1,1,0,4
160,23,189,1,8,0,0
160,23,203,2,0,0,0
160,23,207,2,0,0,0
160,23,213,2,0,0,0
160,23,214,2,0,0,0
160,23,231,2,0,0,0
160,23,240,2,0,0,0
160,23,242,1,32,0,0
160,23,249,2,0,0,0
160,23,258,2,0,0,0
160,23,263,2,0,0,0
160,23,264,2,0,0,0
160,23,276,1,71,0,0
160,23,280,2,0,0,0
160,23,308,5,0,0,0
160,23,317,2,0,0,0
160,23,332,2,0,0,0
160,23,337,2,0,0,0
160,23,352,2,0,0,0
160,23,374,2,0,0,0
160,23,401,1,63,0,0
160,23,406,2,0,0,0
160,23,411,2,0,0,0
160,23,416,2,0,0,0
160,23,419,2,0,0,0
160,23,421,2,0,0,0
160,23,423,1,21,0,0
160,23,431,2,0,0,0
160,23,503,2,0,0,0
160,23,523,2,0,0,0
160,23,526,2,0,0,0
161,23,10,1,1,0,0
161,23,15,2,0,0,0
161,23,21,1,25,0,0
161,23,38,3,0,0,0
161,23,45,1,1,0,1
161,23,53,2,0,0,0
161,23,57,2,0,0,0
161,23,58,2,0,0,0
161,23,59,2,0,0,0
161,23,76,2,0,0,0
161,23,85,2,0,0,0
161,23,91,2,0,0,0
161,23,98,1,7,0,0
161,23,104,2,0,0,0
161,23,111,1,4,0,0
161,23,116,3,0,0,0
161,23,133,1,36,0,0
161,23,154,1,13,0,0
161,23,156,1,28,0,0
161,23,156,2,0,0,0
161,23,163,3,0,0,0
161,23,164,2,0,0,0
161,23,168,2,0,0,0
161,23,179,1,42,0,0
161,23,179,3,0,0,0
161,23,182,2,0,0,0
161,23,203,2,0,0,0
161,23,204,3,0,0,0
161,23,207,2,0,0,0
161,23,213,2,0,0,0
161,23,214,2,0,0,0
161,23,226,1,39,0,0
161,23,231,2,0,0,0
161,23,240,2,0,0,0
161,23,241,2,0,0,0
161,23,247,2,0,0,0
161,23,263,2,0,0,0
161,23,264,2,0,0,0
161,23,266,1,19,0,0
161,23,270,1,16,0,0
161,23,271,3,0,0,0
161,23,280,2,0,0,0
161,23,304,1,47,0,0
161,23,343,3,0,0,0
161,23,351,2,0,0,0
161,23,352,2,0,0,0
161,23,369,2,0,0,0
161,23,374,2,0,0,0
161,23,387,3,0,0,0
161,23,389,1,31,0,0
161,23,421,2,0,0,0
161,23,447,2,0,0,0
161,23,451,2,0,0,0
161,23,526,2,0,0,0
161,23,608,3,0,0,0
162,23,10,1,1,0,2
162,23,15,2,0,0,0
162,23,21,1,28,0,0
162,23,45,1,1,0,5
162,23,53,2,0,0,0
162,23,57,2,0,0,0
162,23,58,2,0,0,0
162,23,59,2,0,0,0
162,23,63,2,0,0,0
162,23,70,2,0,0,0
162,23,76,2,0,0,0
162,23,85,2,0,0,0
162,23,87,2,0,0,0
162,23,91,2,0,0,0
162,23,97,1,0,0,0
162,23,97,1,1,0,0
162,23,98,1,1,0,4
162,23,98,1,7,0,0
162,23,104,2,0,0,0
162,23,111,1,1,0,3
162,23,111,1,4,0,0
162,23,133,1,42,0,0
162,23,154,1,13,0,0
162,23,156,1,32,0,0
162,23,156,2,0,0,0
162,23,164,2,0,0,0
162,23,168,2,0,0,0
162,23,179,1,50,0,0
162,23,182,2,0,0,0
162,23,203,2,0,0,0
162,23,207,2,0,0,0
162,23,213,2,0,0,0
162,23,214,2,0,0,0
162,23,226,1,46,0,0
162,23,231,2,0,0,0
162,23,240,2,0,0,0
162,23,241,2,0,0,0
162,23,247,2,0,0,0
162,23,249,2,0,0,0
162,23,263,2,0,0,0
162,23,264,2,0,0,0
162,23,266,1,21,0,0
162,23,270,1,17,0,0
162,23,280,2,0,0,0
162,23,304,1,56,0,0
162,23,351,2,0,0,0
162,23,352,2,0,0,0
162,23,369,2,0,0,0
162,23,374,2,0,0,0
162,23,389,1,36,0,0
162,23,411,2,0,0,0
162,23,416,2,0,0,0
162,23,421,2,0,0,0
162,23,447,2,0,0,0
162,23,451,2,0,0,0
162,23,489,1,1,0,1
162,23,526,2,0,0,0
163,23,17,3,0,0,0
163,23,18,3,0,0,0
163,23,19,2,0,0,0
163,23,33,1,3,0,0
163,23,36,1,24,0,0
163,23,45,1,1,0,1
163,23,48,3,0,0,0
163,23,64,1,1,0,0
163,23,93,1,9,0,0
163,23,94,2,0,0,0
163,23,95,1,36,0,0
163,23,97,3,0,0,0
163,23,101,3,0,0,0
163,23,104,2,0,0,0
163,23,115,1,12,0,0
163,23,115,2,0,0,0
163,23,138,1,39,0,0
163,23,138,2,0,0,0
163,23,143,3,0,0,0
163,23,156,2,0,0,0
163,23,164,2,0,0,0
163,23,168,2,0,0,0
163,23,182,2,0,0,0
163,23,203,2,0,0,0
163,23,207,2,0,0,0
163,23,211,2,0,0,0
163,23,212,3,0,0,0
163,23,213,2,0,0,0
163,23,214,2,0,0,0
163,23,240,2,0,0,0
163,23,241,2,0,0,0
163,23,244,2,0,0,0
163,23,247,2,0,0,0
163,23,253,1,27,0,0
163,23,263,2,0,0,0
163,23,278,2,0,0,0
163,23,297,3,0,0,0
163,23,326,1,21,0,0
163,23,332,2,0,0,0
163,23,347,2,0,0,0
163,23,355,1,30,0,0
163,23,355,2,0,0,0
163,23,365,2,0,0,0
163,23,375,1,15,0,0
163,23,403,1,18,0,0
163,23,417,2,0,0,0
163,23,432,2,0,0,0
163,23,497,1,6,0,0
163,23,526,2,0,0,0
163,23,542,3,0,0,0
163,23,585,1,33,0,0
164,23,19,2,0,0,0
164,23,33,1,1,0,3
164,23,36,1,28,0,0
164,23,45,1,1,0,2
164,23,63,2,0,0,0
164,23,64,1,1,0,1
164,23,93,1,9,0,0
164,23,94,2,0,0,0
164,23,95,1,48,0,0
164,23,104,2,0,0,0
164,23,115,1,12,0,0
164,23,115,2,0,0,0
164,23,138,1,53,0,0
164,23,138,2,0,0,0
164,23,143,1,1,0,0
164,23,156,2,0,0,0
164,23,164,2,0,0,0
164,23,168,2,0,0,0
164,23,182,2,0,0,0
164,23,203,2,0,0,0
164,23,207,2,0,0,0
164,23,211,2,0,0,0
164,23,213,2,0,0,0
164,23,214,2,0,0,0
164,23,240,2,0,0,0
164,23,241,2,0,0,0
164,23,244,2,0,0,0
164,23,247,2,0,0,0
164,23,253,1,33,0,0
164,23,263,2,0,0,0
164,23,278,2,0,0,0
164,23,326,1,23,0,0
164,23,332,2,0,0,0
164,23,347,2,0,0,0
164,23,355,1,38,0,0
164,23,355,2,0,0,0
164,23,365,2,0,0,0
164,23,375,1,15,0,0
164,23,403,1,18,0,0
164,23,416,2,0,0,0
164,23,417,2,0,0,0
164,23,432,2,0,0,0
164,23,497,1,1,0,4
164,23,526,2,0,0,0
164,23,585,1,43,0,0
165,23,14,2,0,0,0
165,23,33,1,1,0,0
165,23,38,1,40,0,0
165,23,48,1,5,0,0
165,23,60,3,0,0,0
165,23,68,3,0,0,0
165,23,76,2,0,0,0
165,23,91,2,0,0,0
165,23,97,1,29,0,0
165,23,103,3,0,0,0
165,23,104,2,0,0,0
165,23,113,1,12,0,0
165,23,113,2,0,0,0
165,23,115,1,12,0,1
165,23,115,2,0,0,0
165,23,129,1,8,0,0
165,23,148,2,0,0,0
165,23,156,2,0,0,0
165,23,164,2,0,0,0
165,23,168,2,0,0,0
165,23,182,2,0,0,0
165,23,183,1,15,0,0
165,23,202,2,0,0,0
165,23,203,2,0,0,0
165,23,207,2,0,0,0
165,23,213,2,0,0,0
165,23,214,2,0,0,0
165,23,219,1,12,0,2
165,23,219,2,0,0,0
165,23,226,1,26,0,0
165,23,227,3,0,0,0
165,23,241,2,0,0,0
165,23,263,2,0,0,0
165,23,264,2,0,0,0
165,23,280,2,0,0,0
165,23,282,3,0,0,0
165,23,332,2,0,0,0
165,23,355,1,19,0,0
165,23,355,2,0,0,0
165,23,366,3,0,0,0
165,23,369,2,0,0,0
165,23,374,2,0,0,0
165,23,403,1,36,0,0
165,23,405,1,33,0,0
165,23,405,2,0,0,0
165,23,409,2,0,0,0
165,23,450,3,0,0,0
165,23,522,1,22,0,0
166,23,14,2,0,0,0
166,23,33,1,1,0,0
166,23,38,1,47,0,0
166,23,48,1,1,0,1
166,23,48,1,5,0,0
166,23,63,2,0,0,0
166,23,70,2,0,0,0
166,23,76,2,0,0,0
166,23,91,2,0,0,0
166,23,97,1,33,0,0
166,23,104,2,0,0,0
166,23,113,1,12,0,0
166,23,113,2,0,0,0
166,23,115,1,12,0,1
166,23,115,2,0,0,0
166,23,129,1,1,0,2
166,23,129,1,8,0,0
166,23,148,2,0,0,0
166,23,156,2,0,0,0
166,23,164,2,0,0,0
166,23,168,2,0,0,0
166,23,182,2,0,0,0
166,23,183,1,15,0,0
166,23,202,2,0,0,0
166,23,203,2,0,0,0
166,23,207,2,0,0,0
166,23,213,2,0,0,0
166,23,214,2,0,0,0
166,23,219,1,12,0,2
166,23,219,2,0,0,0
166,23,226,1,29,0,0
166,23,241,2,0,0,0
166,23,249,2,0,0,0
166,23,263,2,0,0,0
166,23,264,2,0,0,0
166,23,280,2,0,0,0
166,23,332,2,0,0,0
166,23,355,1,20,0,0
166,23,355,2,0,0,0
166,23,369,2,0,0,0
166,23,374,2,0,0,0
166,23,403,1,42,0,0
166,23,405,1,38,0,0
166,23,405,2,0,0,0
166,23,409,2,0,0,0
166,23,411,2,0,0,0
166,23,416,2,0,0,0
166,23,522,1,24,0,0
167,23,40,1,1,0,0
167,23,42,1,36,0,0
167,23,50,3,0,0,0
167,23,60,3,0,0,0
167,23,71,1,5,0,0
167,23,76,2,0,0,0
167,23,81,1,1,0,1
167,23,91,2,0,0,0
167,23,94,1,40,0,0
167,23,94,2,0,0,0
167,23,97,1,33,0,0
167,23,101,1,15,0,0
167,23,104,2,0,0,0
167,23,141,1,29,0,0
167,23,148,2,0,0,0
167,23,154,1,22,0,0
167,23,156,2,0,0,0
167,23,164,2,0,0,0
167,23,168,2,0,0,0
167,23,182,2,0,0,0
167,23,184,1,12,0,0
167,23,188,2,0,0,0
167,23,202,2,0,0,0
167,23,203,2,0,0,0
167,23,207,2,0,0,0
167,23,213,2,0,0,0
167,23,214,2,0,0,0
167,23,224,3,0,0,0
167,23,226,3,0,0,0
167,23,241,2,0,0,0
167,23,263,2,0,0,0
167,23,389,1,26,0,0
167,23,390,3,0,0,0
167,23,398,1,43,0,0
167,23,398,2,0,0,0
167,23,400,3,0,0,0
167,23,404,2,0,0,0
167,23,405,2,0,0,0
167,23,425,1,19,0,0
167,23,440,1,47,0,0
167,23,476,3,0,0,0
167,23,564,1,50,0,0
167,23,611,1,8,0,0
167,23,672,1,54,0,0
167,23,679,3,0,0,0
168,23,14,1,0,0,0
168,23,14,1,1,0,0
168,23,14,2,0,0,0
168,23,40,1,1,0,5
168,23,42,1,41,0,0
168,23,63,2,0,0,0
168,23,71,1,1,0,7
168,23,71,1,5,0,0
168,23,76,2,0,0,0
168,23,81,1,1,0,6
168,23,91,2,0,0,0
168,23,94,1,46,0,0
168,23,94,2,0,0,0
168,23,97,1,37,0,0
168,23,101,1,15,0,0
168,23,104,2,0,0,0
168,23,116,1,1,0,1
168,23,141,1,32,0,0
168,23,148,2,0,0,0
168,23,154,1,23,0,0
168,23,156,2,0,0,0
168,23,164,2,0,0,0
168,23,168,2,0,0,0
168,23,182,2,0,0,0
168,23,184,1,12,0,0
168,23,188,2,0,0,0
168,23,202,2,0,0,0
168,23,203,2,0,0,0
168,23,207,2,0,0,0
168,23,213,2,0,0,0
168,23,214,2,0,0,0
168,23,241,2,0,0,0
168,23,263,2,0,0,0
168,23,389,1,28,0,0
168,23,398,1,50,0,0
168,23,398,2,0,0,0
168,23,404,2,0,0,0
168,23,405,2,0,0,0
168,23,416,2,0,0,0
168,23,425,1,19,0,0
168,23,440,1,55,0,0
168,23,450,1,1,0,4
168,23,564,1,58,0,0
168,23,565,1,1,0,3
168,23,599,1,1,0,2
168,23,611,1,8,0,0
168,23,672,1,63,0,0
169,23,19,2,0,0,0
169,23,44,1,34,0,0
169,23,48,1,1,0,5
169,23,63,2,0,0,0
169,23,71,1,1,0,4
169,23,92,1,1,0,2
169,23,92,2,0,0,0
169,23,103,1,1,0,3
169,23,104,2,0,0,0
169,23,109,1,55,0,0
169,23,114,1,41,0,0
169,23,141,1,69,0,0
169,23,156,2,0,0,0
169,23,164,2,0,0,0
169,23,168,2,0,0,0
169,23,182,2,0,0,0
169,23,188,2,0,0,0
169,23,202,2,0,0,0
169,23,203,2,0,0,0
169,23,207,2,0,0,0
169,23,211,2,0,0,0
169,23,212,1,1,0,7
169,23,213,2,0,0,0
169,23,214,2,0,0,0
169,23,240,2,0,0,0
169,23,241,2,0,0,0
169,23,247,2,0,0,0
169,23,259,2,0,0,0
169,23,263,2,0,0,0
169,23,269,2,0,0,0
169,23,305,1,15,0,0
169,23,310,1,1,0,6
169,23,314,1,27,0,0
169,23,332,2,0,0,0
169,23,355,2,0,0,0
169,23,365,2,0,0,0
169,23,366,1,1,0,1
169,23,369,2,0,0,0
169,23,371,2,0,0,0
169,23,399,2,0,0,0
169,23,403,1,62,0,0
169,23,404,2,0,0,0
169,23,416,2,0,0,0
169,23,417,2,0,0,0
169,23,432,2,0,0,0
169,23,440,1,0,0,0
169,23,440,1,1,0,0
169,23,474,1,48,0,0
169,23,501,1,20,0,0
170,23,36,1,40,0,0
170,23,48,1,1,0,1
170,23,54,3,0,0,0
170,23,55,1,1,0,0
170,23,56,1,44,0,0
170,23,57,2,0,0,0
170,23,58,2,0,0,0
170,23,59,2,0,0,0
170,23,60,3,0,0,0
170,23,61,1,12,0,0
170,23,85,2,0,0,0
170,23,86,1,8,0,0
170,23,86,2,0,0,0
170,23,87,2,0,0,0
170,23,97,3,0,0,0
170,23,103,3,0,0,0
170,23,104,2,0,0,0
170,23,109,1,16,0,0
170,23,127,2,0,0,0
170,23,133,3,0,0,0
170,23,148,2,0,0,0
170,23,156,2,0,0,0
170,23,164,2,0,0,0
170,23,175,1,36,0,0
170,23,175,3,0,0,0
170,23,182,2,0,0,0
170,23,203,2,0,0,0
170,23,207,2,0,0,0
170,23,209,1,20,0,0
170,23,213,2,0,0,0
170,23,214,2,0,0,0
170,23,240,2,0,0,0
170,23,250,3,0,0,0
170,23,258,2,0,0,0
170,23,263,2,0,0,0
170,23,268,1,24,0,0
170,23,351,2,0,0,0
170,23,352,2,0,0,0
170,23,362,2,0,0,0
170,23,392,1,32,0,0
170,23,435,1,28,0,0
170,23,451,2,0,0,0
170,23,486,1,4,0,0
170,23,487,3,0,0,0
170,23,503,2,0,0,0
170,23,521,2,0,0,0
170,23,605,2,0,0,0
171,23,36,1,48,0,0
171,23,48,1,1,0,5
171,23,55,1,1,0,4
171,23,56,1,54,0,0
171,23,57,2,0,0,0
171,23,58,2,0,0,0
171,23,59,2,0,0,0
171,23,61,1,12,0,0
171,23,63,2,0,0,0
171,23,85,2,0,0,0
171,23,86,1,1,0,7
171,23,86,2,0,0,0
171,23,87,2,0,0,0
171,23,104,2,0,0,0
171,23,109,1,16,0,0
171,23,127,2,0,0,0
171,23,148,2,0,0,0
171,23,156,2,0,0,0
171,23,164,2,0,0,0
171,23,175,1,42,0,0
171,23,182,2,0,0,0
171,23,203,2,0,0,0
171,23,207,2,0,0,0
171,23,209,1,20,0,0
171,23,213,2,0,0,0
171,23,214,2,0,0,0
171,23,240,2,0,0,0
171,23,254,1,0,0,0
171,23,254,1,1,0,0
171,23,255,1,0,0,2
171,23,255,1,1,0,2
171,23,256,1,0,0,1
171,23,256,1,1,0,1
171,23,258,2,0,0,0
171,23,263,2,0,0,0
171,23,268,1,24,0,0
171,23,351,2,0,0,0
171,23,352,2,0,0,0
171,23,362,2,0,0,0
171,23,392,1,36,0,0
171,23,416,2,0,0,0
171,23,435,1,30,0,0
171,23,451,2,0,0,0
171,23,486,1,1,0,6
171,23,503,2,0,0,0
171,23,521,2,0,0,0
171,23,598,1,1,0,3
171,23,605,2,0,0,0
172,23,344,6,0,0,0
172,23,9,3,0,0,0
172,23,39,1,1,0,1
172,23,57,2,0,0,0
172,23,84,1,1,0,0
172,23,85,2,0,0,0
172,23,86,2,0,0,0
172,23,87,2,0,0,0
172,23,104,2,0,0,0
172,23,113,2,0,0,0
172,23,115,2,0,0,0
172,23,148,2,0,0,0
172,23,156,2,0,0,0
172,23,164,2,0,0,0
172,23,175,3,0,0,0
172,23,179,3,0,0,0
172,23,182,2,0,0,0
172,23,186,1,8,0,0
172,23,203,2,0,0,0
172,23,204,1,20,0,0
172,23,207,2,0,0,0
172,23,213,2,0,0,0
172,23,214,2,0,0,0
172,23,217,3,0,0,0
172,23,227,3,0,0,0
172,23,231,2,0,0,0
172,23,240,2,0,0,0
172,23,252,3,0,0,0
172,23,263,2,0,0,0
172,23,268,3,0,0,0
172,23,273,3,0,0,0
172,23,321,3,0,0,0
172,23,351,2,0,0,0
172,23,374,2,0,0,0
172,23,417,1,16,0,0
172,23,417,2,0,0,0
172,23,447,2,0,0,0
172,23,451,2,0,0,0
172,23,521,2,0,0,0
172,23,574,3,0,0,0
172,23,589,1,4,0,0
172,23,604,3,0,0,0
172,23,609,1,12,0,0
173,23,1,1,1,0,1
173,23,47,1,4,0,0
173,23,53,2,0,0,0
173,23,76,2,0,0,0
173,23,86,2,0,0,0
173,23,91,2,0,0,0
173,23,94,2,0,0,0
173,23,102,3,0,0,0
173,23,104,2,0,0,0
173,23,113,2,0,0,0
173,23,115,2,0,0,0
173,23,118,3,0,0,0
173,23,126,2,0,0,0
173,23,133,3,0,0,0
173,23,138,2,0,0,0
173,23,148,2,0,0,0
173,23,150,1,1,0,0
173,23,150,3,0,0,0
173,23,156,2,0,0,0
173,23,164,2,0,0,0
173,23,182,2,0,0,0
173,23,186,1,8,0,0
173,23,187,3,0,0,0
173,23,203,2,0,0,0
173,23,204,1,20,0,0
173,23,207,2,0,0,0
173,23,213,2,0,0,0
173,23,214,2,0,0,0
173,23,217,3,0,0,0
173,23,219,2,0,0,0
173,23,227,1,16,0,0
173,23,231,2,0,0,0
173,23,240,2,0,0,0
173,23,241,2,0,0,0
173,23,244,2,0,0,0
173,23,247,2,0,0,0
173,23,263,2,0,0,0
173,23,273,3,0,0,0
173,23,278,2,0,0,0
173,23,312,3,0,0,0
173,23,313,3,0,0,0
173,23,321,3,0,0,0
173,23,343,3,0,0,0
173,23,351,2,0,0,0
173,23,352,2,0,0,0
173,23,374,2,0,0,0
173,23,383,1,1,0,2
173,23,447,2,0,0,0
173,23,500,3,0,0,0
173,23,505,3,0,0,0
173,23,526,2,0,0,0
173,23,574,1,12,0,0
173,23,581,3,0,0,0
174,23,1,1,1,0,1
174,23,47,1,1,0,0
174,23,50,1,16,0,0
174,23,53,2,0,0,0
174,23,76,2,0,0,0
174,23,86,2,0,0,0
174,23,91,2,0,0,0
174,23,94,2,0,0,0
174,23,104,2,0,0,0
174,23,111,1,4,0,0
174,23,113,2,0,0,0
174,23,115,2,0,0,0
174,23,126,2,0,0,0
174,23,138,2,0,0,0
174,23,148,2,0,0,0
174,23,156,2,0,0,0
174,23,164,2,0,0,0
174,23,182,2,0,0,0
174,23,186,1,8,0,0
174,23,195,3,0,0,0
174,23,203,2,0,0,0
174,23,204,1,20,0,0
174,23,205,3,0,0,0
174,23,207,2,0,0,0
174,23,213,2,0,0,0
174,23,214,2,0,0,0
174,23,217,3,0,0,0
174,23,219,2,0,0,0
174,23,240,2,0,0,0
174,23,241,2,0,0,0
174,23,244,2,0,0,0
174,23,247,2,0,0,0
174,23,263,2,0,0,0
174,23,273,3,0,0,0
174,23,278,2,0,0,0
174,23,313,3,0,0,0
174,23,343,3,0,0,0
174,23,351,2,0,0,0
174,23,352,2,0,0,0
174,23,356,3,0,0,0
174,23,374,2,0,0,0
174,23,383,1,1,0,2
174,23,387,3,0,0,0
174,23,447,2,0,0,0
174,23,505,3,0,0,0
174,23,526,2,0,0,0
174,23,574,1,12,0,0
174,23,581,3,0,0,0
175,23,1,1,1,0,1
175,23,38,1,32,0,0
175,23,45,1,1,0,0
175,23,53,2,0,0,0
175,23,64,3,0,0,0
175,23,76,2,0,0,0
175,23,86,2,0,0,0
175,23,94,2,0,0,0
175,23,104,2,0,0,0
175,23,113,2,0,0,0
175,23,115,2,0,0,0
175,23,118,1,24,0,0
175,23,126,2,0,0,0
175,23,138,2,0,0,0
175,23,148,2,0,0,0
175,23,156,2,0,0,0
175,23,164,2,0,0,0
175,23,182,2,0,0,0
175,23,186,1,4,0,0
175,23,203,2,0,0,0
175,23,204,1,12,0,0
175,23,207,2,0,0,0
175,23,213,2,0,0,0
175,23,214,2,0,0,0
175,23,217,3,0,0,0
175,23,219,1,36,0,0
175,23,219,2,0,0,0
175,23,226,1,44,0,0
175,23,234,3,0,0,0
175,23,240,2,0,0,0
175,23,241,2,0,0,0
175,23,244,2,0,0,0
175,23,246,1,16,0,0
175,23,247,2,0,0,0
175,23,248,3,0,0,0
175,23,249,2,0,0,0
175,23,263,2,0,0,0
175,23,266,1,40,0,0
175,23,273,1,52,0,0
175,23,281,1,20,0,0
175,23,326,3,0,0,0
175,23,351,2,0,0,0
175,23,352,2,0,0,0
175,23,374,2,0,0,0
175,23,375,3,0,0,0
175,23,387,1,48,0,0
175,23,417,2,0,0,0
175,23,447,2,0,0,0
175,23,495,1,28,0,0
175,23,500,3,0,0,0
175,23,526,2,0,0,0
175,23,605,2,0,0,0
175,23,791,1,8,0,0
176,23,1,1,1,0,2
176,23,19,2,0,0,0
176,23,38,1,32,0,0
176,23,45,1,1,0,1
176,23,53,2,0,0,0
176,23,63,2,0,0,0
176,23,76,2,0,0,0
176,23,86,2,0,0,0
176,23,94,2,0,0,0
176,23,104,2,0,0,0
176,23,113,2,0,0,0
176,23,115,2,0,0,0
176,23,118,1,24,0,0
176,23,126,2,0,0,0
176,23,138,2,0,0,0
176,23,148,2,0,0,0
176,23,156,2,0,0,0
176,23,164,2,0,0,0
176,23,182,2,0,0,0
176,23,186,1,1,0,3
176,23,203,2,0,0,0
176,23,204,1,12,0,0
176,23,207,2,0,0,0
176,23,211,2,0,0,0
176,23,213,2,0,0,0
176,23,214,2,0,0,0
176,23,219,1,36,0,0
176,23,219,2,0,0,0
176,23,226,1,44,0,0
176,23,240,2,0,0,0
176,23,241,2,0,0,0
176,23,244,2,0,0,0
176,23,246,1,16,0,0
176,23,247,2,0,0,0
176,23,249,2,0,0,0
176,23,263,2,0,0,0
176,23,264,2,0,0,0
176,23,266,1,40,0,0
176,23,273,1,52,0,0
176,23,280,2,0,0,0
176,23,281,1,20,0,0
176,23,332,2,0,0,0
176,23,351,2,0,0,0
176,23,352,2,0,0,0
176,23,355,2,0,0,0
176,23,374,2,0,0,0
176,23,387,1,48,0,0
176,23,409,2,0,0,0
176,23,416,2,0,0,0
176,23,417,2,0,0,0
176,23,432,2,0,0,0
176,23,447,2,0,0,0
176,23,495,1,28,0,0
176,23,526,2,0,0,0
176,23,584,1,0,0,0
176,23,584,1,1,0,0
176,23,605,2,0,0,0
176,23,791,1,1,0,4
177,23,43,1,1,0,1
177,23,64,1,1,0,0
177,23,65,3,0,0,0
177,23,76,2,0,0,0
177,23,86,2,0,0,0
177,23,94,1,35,0,1
177,23,94,2,0,0,0
177,23,98,3,0,0,0
177,23,100,1,10,0,0
177,23,101,1,20,0,0
177,23,104,2,0,0,0
177,23,109,1,15,0,0
177,23,113,2,0,0,0
177,23,114,3,0,0,0
177,23,115,2,0,0,0
177,23,138,2,0,0,0
177,23,148,2,0,0,0
177,23,156,2,0,0,0
177,23,164,2,0,0,0
177,23,168,2,0,0,0
177,23,182,2,0,0,0
177,23,202,2,0,0,0
177,23,203,2,0,0,0
177,23,207,2,0,0,0
177,23,211,2,0,0,0
177,23,213,2,0,0,0
177,23,214,2,0,0,0
177,23,240,2,0,0,0
177,23,241,2,0,0,0
177,23,244,2,0,0,0
177,23,247,2,0,0,0
177,23,248,1,45,0,0
177,23,263,2,0,0,0
177,23,273,1,40,0,0
177,23,285,2,0,0,0
177,23,297,3,0,0,0
177,23,332,2,0,0,0
177,23,347,2,0,0,0
177,23,355,2,0,0,0
177,23,365,2,0,0,0
177,23,369,2,0,0,0
177,23,375,1,26,0,0
177,23,384,1,30,0,0
177,23,385,1,35,0,0
177,23,389,3,0,0,0
177,23,428,3,0,0,0
177,23,433,2,0,0,0
177,23,447,2,0,0,0
177,23,493,3,0,0,0
177,23,500,1,5,0,0
177,23,502,3,0,0,0
177,23,605,2,0,0,0
178,23,19,2,0,0,0
178,23,43,1,1,0,3
178,23,63,2,0,0,0
178,23,64,1,1,0,2
178,23,76,2,0,0,0
178,23,86,2,0,0,0
178,23,94,1,41,0,0
178,23,94,2,0,0,0
178,23,100,1,1,0,5
178,23,101,1,20,0,0
178,23,104,2,0,0,0
178,23,109,1,15,0,0
178,23,113,2,0,0,0
178,23,115,2,0,0,0
178,23,138,2,0,0,0
178,23,148,2,0,0,0
178,23,156,2,0,0,0
178,23,164,2,0,0,0
178,23,168,2,0,0,0
178,23,182,2,0,0,0
178,23,202,2,0,0,0
178,23,203,2,0,0,0
178,23,207,2,0,0,0
178,23,211,2,0,0,0
178,23,213,2,0,0,0
178,23,214,2,0,0,0
178,23,240,2,0,0,0
178,23,241,2,0,0,0
178,23,244,2,0,0,0
178,23,247,2,0,0,0
178,23,248,1,55,0,0
178,23,263,2,0,0,0
178,23,273,1,48,0,0
178,23,285,2,0,0,0
178,23,332,2,0,0,0
178,23,347,2,0,0,0
178,23,355,2,0,0,0
178,23,365,2,0,0,0
178,23,366,1,1,0,1
178,23,369,2,0,0,0
178,23,375,1,28,0,0
178,23,384,1,34,0,0
178,23,385,1,34,0,1
178,23,403,1,0,0,0
178,23,403,1,1,0,0
178,23,416,2,0,0,0
178,23,432,2,0,0,0
178,23,433,2,0,0,0
178,23,447,2,0,0,0
178,23,500,1,1,0,4
178,23,605,2,0,0,0
179,23,28,3,0,0,0
179,23,33,1,1,0,0
179,23,34,3,0,0,0
179,23,36,1,18,0,0
179,23,36,3,0,0,0
179,23,45,1,1,0,1
179,23,84,1,8,0,0
179,23,85,2,0,0,0
179,23,86,1,4,0,0
179,23,86,2,0,0,0
179,23,87,1,46,0,0
179,23,87,2,0,0,0
179,23,97,3,0,0,0
179,23,103,3,0,0,0
179,23,104,2,0,0,0
179,23,109,1,25,0,0
179,23,113,1,43,0,0
179,23,113,2,0,0,0
179,23,115,2,0,0,0
179,23,148,2,0,0,0
179,23,156,2,0,0,0
179,23,164,2,0,0,0
179,23,178,1,11,0,0
179,23,182,2,0,0,0
179,23,203,2,0,0,0
179,23,207,2,0,0,0
179,23,213,2,0,0,0
179,23,214,2,0,0,0
179,23,219,2,0,0,0
179,23,231,2,0,0,0
179,23,240,2,0,0,0
179,23,260,3,0,0,0
179,23,263,2,0,0,0
179,23,268,1,15,0,0
179,23,268,3,0,0,0
179,23,351,2,0,0,0
179,23,408,1,29,0,0
179,23,435,1,32,0,0
179,23,451,1,39,0,0
179,23,451,2,0,0,0
179,23,486,1,22,0,0
179,23,495,3,0,0,0
179,23,538,1,36,0,0
179,23,598,3,0,0,0
179,23,604,3,0,0,0
180,23,33,1,1,0,0
180,23,36,1,20,0,0
180,23,45,1,1,0,1
180,23,70,2,0,0,0
180,23,84,1,1,0,3
180,23,84,1,8,0,0
180,23,85,2,0,0,0
180,23,86,1,1,0,2
180,23,86,1,4,0,0
180,23,86,2,0,0,0
180,23,87,1,56,0,0
180,23,87,2,0,0,0
180,23,104,2,0,0,0
180,23,109,1,29,0,0
180,23,113,1,52,0,0
180,23,113,2,0,0,0
180,23,115,2,0,0,0
180,23,148,2,0,0,0
180,23,156,2,0,0,0
180,23,164,2,0,0,0
180,23,178,1,11,0,0
180,23,182,2,0,0,0
180,23,203,2,0,0,0
180,23,207,2,0,0,0
180,23,213,2,0,0,0
180,23,214,2,0,0,0
180,23,219,2,0,0,0
180,23,231,2,0,0,0
180,23,240,2,0,0,0
180,23,249,2,0,0,0
180,23,263,2,0,0,0
180,23,264,2,0,0,0
180,23,268,1,16,0,0
180,23,280,2,0,0,0
180,23,351,2,0,0,0
180,23,374,2,0,0,0
180,23,408,1,34,0,0
180,23,435,1,38,0,0
180,23,451,1,47,0,0
180,23,451,2,0,0,0
180,23,486,1,25,0,0
180,23,521,2,0,0,0
180,23,538,1,43,0,0
181,23,7,1,1,0,4
181,23,9,1,0,0,0
181,23,9,1,1,0,0
181,23,33,1,1,0,5
181,23,36,1,20,0,0
181,23,45,1,1,0,6
181,23,63,2,0,0,0
181,23,70,2,0,0,0
181,23,84,1,1,0,8
181,23,84,1,8,0,0
181,23,85,2,0,0,0
181,23,86,1,1,0,7
181,23,86,1,4,0,0
181,23,86,2,0,0,0
181,23,87,1,62,0,0
181,23,87,2,0,0,0
181,23,104,2,0,0,0
181,23,109,1,29,0,0
181,23,113,1,57,0,0
181,23,113,2,0,0,0
181,23,115,2,0,0,0
181,23,148,2,0,0,0
181,23,156,2,0,0,0
181,23,164,2,0,0,0
181,23,178,1,11,0,0
181,23,182,2,0,0,0
181,23,192,1,1,0,1
181,23,203,2,0,0,0
181,23,207,2,0,0,0
181,23,213,2,0,0,0
181,23,214,2,0,0,0
181,23,219,2,0,0,0
181,23,231,2,0,0,0
181,23,240,2,0,0,0
181,23,249,2,0,0,0
181,23,263,2,0,0,0
181,23,264,2,0,0,0
181,23,268,1,16,0,0
181,23,280,2,0,0,0
181,23,351,2,0,0,0
181,23,374,2,0,0,0
181,23,406,1,1,0,3
181,23,406,1,65,0,0
181,23,406,2,0,0,0
181,23,408,1,35,0,0
181,23,411,2,0,0,0
181,23,416,2,0,0,0
181,23,431,2,0,0,0
181,23,435,1,40,0,0
181,23,451,1,51,0,0
181,23,451,2,0,0,0
181,23,486,1,25,0,0
181,23,521,2,0,0,0
181,23,523,2,0,0,0
181,23,538,1,46,0,0
181,23,602,1,1,0,2
182,23,14,2,0,0,0
182,23,15,2,0,0,0
182,23,51,1,1,0,14
182,23,63,2,0,0,0
182,23,71,1,1,0,12
182,23,72,1,1,0,2
182,23,74,1,1,0,13
182,23,76,2,0,0,0
182,23,77,1,1,0,3
182,23,78,1,1,0,4
182,23,79,1,1,0,5
182,23,80,1,1,0,11
182,23,92,1,1,0,7
182,23,92,2,0,0,0
182,23,104,2,0,0,0
182,23,148,2,0,0,0
182,23,156,2,0,0,0
182,23,164,2,0,0,0
182,23,182,2,0,0,0
182,23,188,2,0,0,0
182,23,202,1,1,0,6
182,23,202,2,0,0,0
182,23,203,2,0,0,0
182,23,207,2,0,0,0
182,23,213,2,0,0,0
182,23,214,2,0,0,0
182,23,219,2,0,0,0
182,23,230,1,1,0,15
182,23,236,1,1,0,10
182,23,241,2,0,0,0
182,23,263,2,0,0,0
182,23,331,2,0,0,0
182,23,374,2,0,0,0
182,23,409,2,0,0,0
182,23,412,2,0,0,0
182,23,416,2,0,0,0
182,23,447,2,0,0,0
182,23,483,1,1,0,1
182,23,572,1,0,0,0
182,23,572,1,1,0,0
182,23,580,1,1,0,9
182,23,585,1,1,0,8
182,23,605,2,0,0,0
183,23,21,1,12,0,0
183,23,33,1,1,0,3
183,23,34,3,0,0,0
183,23,38,1,33,0,0
183,23,39,1,1,0,5
183,23,47,3,0,0,0
183,23,48,3,0,0,0
183,23,55,1,1,0,4
183,23,56,1,30,0,0
183,23,57,2,0,0,0
183,23,58,2,0,0,0
183,23,59,2,0,0,0
183,23,61,1,6,0,0
183,23,70,2,0,0,0
183,23,91,2,0,0,0
183,23,104,2,0,0,0
183,23,111,1,1,0,2
183,23,113,2,0,0,0
183,23,127,2,0,0,0
183,23,133,3,0,0,0
183,23,150,1,1,0,7
183,23,156,2,0,0,0
183,23,164,2,0,0,0
183,23,182,2,0,0,0
183,23,187,3,0,0,0
183,23,195,3,0,0,0
183,23,203,2,0,0,0
183,23,204,1,9,0,0
183,23,205,1,1,0,1
183,23,207,2,0,0,0
183,23,213,2,0,0,0
183,23,214,2,0,0,0
183,23,217,3,0,0,0
183,23,231,2,0,0,0
183,23,240,1,27,0,0
183,23,240,2,0,0,0
183,23,248,3,0,0,0
183,23,249,2,0,0,0
183,23,258,2,0,0,0
183,23,263,2,0,0,0
183,23,264,2,0,0,0
183,23,270,1,1,0,6
183,23,276,1,36,0,0
183,23,276,3,0,0,0
183,23,280,2,0,0,0
183,23,321,3,0,0,0
183,23,330,3,0,0,0
183,23,340,1,15,0,0
183,23,352,2,0,0,0
183,23,374,2,0,0,0
183,23,383,3,0,0,0
183,23,392,1,24,0,0
183,23,401,1,19,0,0
183,23,447,2,0,0,0
183,23,453,3,0,0,0
183,23,487,3,0,0,0
183,23,503,2,0,0,0
183,23,526,2,0,0,0
183,23,583,1,21,0,0
184,23,21,1,12,0,0
184,23,33,1,1,0,2
184,23,38,1,45,0,0
184,23,39,1,1,0,4
184,23,55,1,1,0,3
184,23,56,1,40,0,0
184,23,57,2,0,0,0
184,23,58,2,0,0,0
184,23,59,2,0,0,0
184,23,61,1,6,0,0
184,23,63,2,0,0,0
184,23,70,2,0,0,0
184,23,91,2,0,0,0
184,23,104,2,0,0,0
184,23,111,1,1,0,1
184,23,113,2,0,0,0
184,23,127,2,0,0,0
184,23,150,1,1,0,6
184,23,156,2,0,0,0
184,23,164,2,0,0,0
184,23,182,2,0,0,0
184,23,203,2,0,0,0
184,23,204,1,9,0,0
184,23,205,1,1,0,0
184,23,207,2,0,0,0
184,23,213,2,0,0,0
184,23,214,2,0,0,0
184,23,231,2,0,0,0
184,23,240,1,35,0,0
184,23,240,2,0,0,0
184,23,249,2,0,0,0
184,23,258,2,0,0,0
184,23,263,2,0,0,0
184,23,264,2,0,0,0
184,23,270,1,1,0,5
184,23,276,1,50,0,0
184,23,280,2,0,0,0
184,23,340,1,15,0,0
184,23,352,2,0,0,0
184,23,374,2,0,0,0
184,23,392,1,30,0,0
184,23,401,1,21,0,0
184,23,411,2,0,0,0
184,23,416,2,0,0,0
184,23,447,2,0,0,0
184,23,503,2,0,0,0
184,23,523,2,0,0,0
184,23,526,2,0,0,0
184,23,583,1,25,0,0
185,23,21,1,0,0,0
185,23,21,1,1,0,0
185,23,29,3,0,0,0
185,23,38,1,44,0,0
185,23,67,1,36,0,0
185,23,68,1,40,0,0
185,23,70,2,0,0,0
185,23,88,1,1,0,7
185,23,89,2,0,0,0
185,23,91,2,0,0,0
185,23,102,1,16,0,0
185,23,104,2,0,0,0
185,23,106,3,0,0,0
185,23,111,3,0,0,0
185,23,120,3,0,0,0
185,23,153,2,0,0,0
185,23,156,2,0,0,0
185,23,157,1,32,0,0
185,23,157,2,0,0,0
185,23,164,2,0,0,0
185,23,168,2,0,0,0
185,23,174,3,0,0,0
185,23,175,1,1,0,6
185,23,182,2,0,0,0
185,23,201,2,0,0,0
185,23,203,2,0,0,0
185,23,205,3,0,0,0
185,23,207,2,0,0,0
185,23,213,2,0,0,0
185,23,214,2,0,0,0
185,23,241,2,0,0,0
185,23,244,2,0,0,0
185,23,249,2,0,0,0
185,23,259,2,0,0,0
185,23,263,2,0,0,0
185,23,264,2,0,0,0
185,23,269,2,0,0,0
185,23,280,2,0,0,0
185,23,313,1,1,0,4
185,23,317,1,20,0,0
185,23,317,2,0,0,0
185,23,328,3,0,0,0
185,23,335,1,12,0,0
185,23,347,2,0,0,0
185,23,359,1,1,0,2
185,23,374,2,0,0,0
185,23,383,1,1,0,5
185,23,389,1,28,0,0
185,23,397,2,0,0,0
185,23,444,1,1,0,1
185,23,444,2,0,0,0
185,23,446,2,0,0,0
185,23,452,1,1,0,3
185,23,457,1,48,0,0
185,23,523,2,0,0,0
185,23,715,1,24,0,0
186,23,1,1,1,0,13
186,23,34,1,1,0,6
186,23,38,1,1,0,10
186,23,55,1,1,0,11
186,23,56,1,1,0,8
186,23,57,2,0,0,0
186,23,58,2,0,0,0
186,23,59,2,0,0,0
186,23,61,1,1,0,4
186,23,63,2,0,0,0
186,23,70,2,0,0,0
186,23,89,2,0,0,0
186,23,91,2,0,0,0
186,23,94,2,0,0,0
186,23,95,1,1,0,12
186,23,104,2,0,0,0
186,23,127,2,0,0,0
186,23,156,2,0,0,0
186,23,164,2,0,0,0
186,23,168,2,0,0,0
186,23,182,2,0,0,0
186,23,187,1,1,0,9
186,23,195,1,1,0,3
186,23,203,2,0,0,0
186,23,207,1,1,0,1
186,23,207,2,0,0,0
186,23,213,2,0,0,0
186,23,214,2,0,0,0
186,23,240,1,1,0,5
186,23,240,2,0,0,0
186,23,249,2,0,0,0
186,23,258,2,0,0,0
186,23,263,2,0,0,0
186,23,264,2,0,0,0
186,23,280,2,0,0,0
186,23,304,1,1,0,2
186,23,340,1,0,0,0
186,23,340,1,1,0,0
186,23,341,1,1,0,14
186,23,352,2,0,0,0
186,23,371,2,0,0,0
186,23,374,2,0,0,0
186,23,411,2,0,0,0
186,23,414,1,1,0,7
186,23,416,2,0,0,0
186,23,503,2,0,0,0
186,23,523,2,0,0,0
187,23,14,2,0,0,0
187,23,33,1,8,0,0
187,23,38,3,0,0,0
187,23,39,1,6,0,0
187,23,71,1,1,0,2
187,23,72,1,25,0,0
187,23,73,1,22,0,0
187,23,76,2,0,0,0
187,23,77,1,12,0,0
187,23,78,1,14,0,0
187,23,79,1,16,0,0
187,23,93,3,0,0,0
187,23,104,2,0,0,0
187,23,115,2,0,0,0
187,23,133,3,0,0,0
187,23,148,2,0,0,0
187,23,150,1,1,0,1
187,23,156,2,0,0,0
187,23,164,2,0,0,0
187,23,178,1,34,0,0
187,23,182,2,0,0,0
187,23,202,1,43,0,0
187,23,202,2,0,0,0
187,23,203,2,0,0,0
187,23,207,2,0,0,0
187,23,213,2,0,0,0
187,23,214,2,0,0,0
187,23,227,3,0,0,0
187,23,235,1,4,0,0
187,23,241,2,0,0,0
187,23,244,2,0,0,0
187,23,262,1,49,0,0
187,23,263,2,0,0,0
187,23,270,3,0,0,0
187,23,312,3,0,0,0
187,23,331,1,19,0,0
187,23,331,2,0,0,0
187,23,332,2,0,0,0
187,23,340,1,46,0,0
187,23,369,1,37,0,0
187,23,369,2,0,0,0
187,23,388,1,40,0,0
187,23,388,3,0,0,0
187,23,402,3,0,0,0
187,23,412,2,0,0,0
187,23,447,2,0,0,0
187,23,476,1,31,0,0
187,23,512,1,28,0,0
187,23,538,3,0,0,0
187,23,580,3,0,0,0
187,23,584,1,10,0,0
187,23,605,2,0,0,0
187,23,668,3,0,0,0
188,23,14,2,0,0,0
188,23,33,1,8,0,0
188,23,39,1,1,0,3
188,23,39,1,6,0,0
188,23,71,1,1,0,1
188,23,72,1,28,0,0
188,23,73,1,24,0,0
188,23,76,2,0,0,0
188,23,77,1,12,0,0
188,23,78,1,14,0,0
188,23,79,1,16,0,0
188,23,104,2,0,0,0
188,23,115,2,0,0,0
188,23,148,2,0,0,0
188,23,150,1,1,0,0
188,23,156,2,0,0,0
188,23,164,2,0,0,0
188,23,178,1,40,0,0
188,23,182,2,0,0,0
188,23,202,1,52,0,0
188,23,202,2,0,0,0
188,23,203,2,0,0,0
188,23,207,2,0,0,0
188,23,213,2,0,0,0
188,23,214,2,0,0,0
188,23,235,1,1,0,2
188,23,235,1,4,0,0
188,23,241,2,0,0,0
188,23,244,2,0,0,0
188,23,262,1,60,0,0
188,23,263,2,0,0,0
188,23,331,1,20,0,0
188,23,331,2,0,0,0
188,23,332,2,0,0,0
188,23,340,1,56,0,0
188,23,369,1,44,0,0
188,23,369,2,0,0,0
188,23,388,1,48,0,0
188,23,412,2,0,0,0
188,23,447,2,0,0,0
188,23,476,1,36,0,0
188,23,512,1,32,0,0
188,23,584,1,10,0,0
188,23,605,2,0,0,0
189,23,14,2,0,0,0
189,23,33,1,8,0,0
189,23,39,1,1,0,3
189,23,39,1,6,0,0
189,23,63,2,0,0,0
189,23,71,1,1,0,1
189,23,72,1,29,0,0
189,23,73,1,24,0,0
189,23,76,2,0,0,0
189,23,77,1,12,0,0
189,23,78,1,14,0,0
189,23,79,1,16,0,0
189,23,104,2,0,0,0
189,23,115,2,0,0,0
189,23,148,2,0,0,0
189,23,150,1,1,0,0
189,23,156,2,0,0,0
189,23,164,2,0,0,0
189,23,178,1,44,0,0
189,23,182,2,0,0,0
189,23,202,1,59,0,0
189,23,202,2,0,0,0
189,23,203,2,0,0,0
189,23,207,2,0,0,0
189,23,213,2,0,0,0
189,23,214,2,0,0,0
189,23,235,1,1,0,2
189,23,235,1,4,0,0
189,23,241,2,0,0,0
189,23,244,2,0,0,0
189,23,262,1,69,0,0
189,23,263,2,0,0,0
189,23,331,1,20,0,0
189,23,331,2,0,0,0
189,23,332,2,0,0,0
189,23,340,1,64,0,0
189,23,369,1,49,0,0
189,23,369,2,0,0,0
189,23,388,1,54,0,0
189,23,412,2,0,0,0
189,23,416,2,0,0,0
189,23,447,2,0,0,0
189,23,476,1,39,0,0
189,23,512,1,34,0,0
189,23,584,1,10,0,0
189,23,605,2,0,0,0
190,23,10,1,1,0,0
190,23,15,2,0,0,0
190,23,21,3,0,0,0
190,23,28,1,4,0,0
190,23,39,1,1,0,1
190,23,68,3,0,0,0
190,23,70,2,0,0,0
190,23,76,2,0,0,0
190,23,85,2,0,0,0
190,23,86,2,0,0,0
190,23,87,2,0,0,0
190,23,91,2,0,0,0
190,23,97,1,29,0,0
190,23,97,3,0,0,0
190,23,103,1,25,0,0
190,23,103,3,0,0,0
190,23,104,2,0,0,0
190,23,129,1,22,0,0
190,23,138,2,0,0,0
190,23,154,1,18,0,0
190,23,156,2,0,0,0
190,23,164,2,0,0,0
190,23,168,2,0,0,0
190,23,180,3,0,0,0
190,23,182,2,0,0,0
190,23,203,2,0,0,0
190,23,207,2,0,0,0
190,23,213,2,0,0,0
190,23,214,2,0,0,0
190,23,226,1,11,0,0
190,23,231,2,0,0,0
190,23,240,2,0,0,0
190,23,241,2,0,0,0
190,23,247,2,0,0,0
190,23,249,2,0,0,0
190,23,251,3,0,0,0
190,23,252,3,0,0,0
190,23,263,2,0,0,0
190,23,264,2,0,0,0
190,23,269,2,0,0,0
190,23,279,3,0,0,0
190,23,280,2,0,0,0
190,23,310,1,8,0,0
190,23,321,1,15,0,0
190,23,332,2,0,0,0
190,23,340,3,0,0,0
190,23,343,3,0,0,0
190,23,351,2,0,0,0
190,23,352,2,0,0,0
190,23,369,2,0,0,0
190,23,371,2,0,0,0
190,23,374,1,36,0,0
190,23,374,2,0,0,0
190,23,387,1,43,0,0
190,23,415,3,0,0,0
190,23,417,1,39,0,0
190,23,417,2,0,0,0
190,23,421,2,0,0,0
190,23,447,2,0,0,0
190,23,458,1,32,0,0
190,23,490,2,0,0,0
190,23,501,3,0,0,0
190,23,526,2,0,0,0
191,23,15,2,0,0,0
191,23,33,1,1,0,0
191,23,38,1,37,0,0
191,23,71,1,7,0,0
191,23,72,1,10,0,0
191,23,73,1,13,0,0
191,23,73,3,0,0,0
191,23,74,1,1,0,1
191,23,75,1,16,0,0
191,23,76,1,34,0,0
191,23,76,2,0,0,0
191,23,104,2,0,0,0
191,23,113,2,0,0,0
191,23,148,2,0,0,0
191,23,156,2,0,0,0
191,23,164,2,0,0,0
191,23,174,3,0,0,0
191,23,182,2,0,0,0
191,23,188,2,0,0,0
191,23,202,1,22,0,0
191,23,202,2,0,0,0
191,23,203,2,0,0,0
191,23,207,2,0,0,0
191,23,213,2,0,0,0
191,23,214,2,0,0,0
191,23,219,2,0,0,0
191,23,227,3,0,0,0
191,23,230,3,0,0,0
191,23,234,3,0,0,0
191,23,235,1,28,0,0
191,23,241,1,40,0,0
191,23,241,2,0,0,0
191,23,263,2,0,0,0
191,23,267,3,0,0,0
191,23,270,3,0,0,0
191,23,275,1,4,0,0
191,23,275,3,0,0,0
191,23,283,1,25,0,0
191,23,331,2,0,0,0
191,23,388,1,19,0,0
191,23,402,1,43,0,0
191,23,412,2,0,0,0
191,23,447,2,0,0,0
191,23,580,3,0,0,0
192,23,1,1,1,0,1
192,23,14,2,0,0,0
192,23,15,2,0,0,0
192,23,33,1,1,0,6
192,23,38,1,37,0,0
192,23,63,2,0,0,0
192,23,71,1,7,0,0
192,23,72,1,10,0,0
192,23,73,1,13,0,0
192,23,74,1,1,0,2
192,23,75,1,16,0,0
192,23,76,1,34,0,0
192,23,76,2,0,0,0
192,23,80,1,28,0,0
192,23,104,2,0,0,0
192,23,113,2,0,0,0
192,23,148,2,0,0,0
192,23,156,2,0,0,0
192,23,164,2,0,0,0
192,23,182,2,0,0,0
192,23,188,2,0,0,0
192,23,202,1,22,0,0
192,23,202,2,0,0,0
192,23,203,2,0,0,0
192,23,207,2,0,0,0
192,23,213,2,0,0,0
192,23,214,2,0,0,0
192,23,219,2,0,0,0
192,23,235,1,1,0,4
192,23,241,1,40,0,0
192,23,241,2,0,0,0
192,23,263,2,0,0,0
192,23,275,1,4,0,0
192,23,283,1,1,0,3
192,23,331,1,25,0,0
192,23,331,2,0,0,0
192,23,388,1,19,0,0
192,23,402,1,1,0,5
192,23,412,2,0,0,0
192,23,416,2,0,0,0
192,23,437,1,43,0,0
192,23,447,2,0,0,0
192,23,572,1,50,0,0
192,23,579,1,1,0,0
193,23,14,2,0,0,0
193,23,16,1,1,0,1
193,23,17,1,43,0,0
193,23,18,3,0,0,0
193,23,33,1,1,0,0
193,23,38,3,0,0,0
193,23,48,1,22,0,0
193,23,76,2,0,0,0
193,23,81,1,30,0,0
193,23,94,2,0,0,0
193,23,95,1,38,0,0
193,23,98,1,6,0,0
193,23,103,1,46,0,0
193,23,104,1,11,0,0
193,23,104,2,0,0,0
193,23,138,2,0,0,0
193,23,141,3,0,0,0
193,23,148,2,0,0,0
193,23,156,2,0,0,0
193,23,164,2,0,0,0
193,23,168,2,0,0,0
193,23,179,3,0,0,0
193,23,182,2,0,0,0
193,23,197,1,17,0,0
193,23,202,2,0,0,0
193,23,203,2,0,0,0
193,23,207,2,0,0,0
193,23,211,2,0,0,0
193,23,213,2,0,0,0
193,23,214,2,0,0,0
193,23,241,2,0,0,0
193,23,246,1,33,0,0
193,23,247,2,0,0,0
193,23,253,1,27,0,0
193,23,263,2,0,0,0
193,23,332,1,14,0,0
193,23,332,2,0,0,0
193,23,355,2,0,0,0
193,23,364,3,0,0,0
193,23,369,1,49,0,0
193,23,369,2,0,0,0
193,23,403,1,54,0,0
193,23,405,1,57,0,0
193,23,405,2,0,0,0
193,23,432,2,0,0,0
194,23,21,1,16,0,0
194,23,24,3,0,0,0
194,23,34,3,0,0,0
194,23,39,1,1,0,1
194,23,54,1,12,0,0
194,23,55,1,1,0,0
194,23,57,2,0,0,0
194,23,58,2,0,0,0
194,23,59,2,0,0,0
194,23,68,3,0,0,0
194,23,89,1,40,0,0
194,23,89,2,0,0,0
194,23,91,2,0,0,0
194,23,92,1,36,0,0
194,23,92,2,0,0,0
194,23,104,2,0,0,0
194,23,105,3,0,0,0
194,23,114,1,12,0,1
194,23,127,2,0,0,0
194,23,133,1,32,0,0
194,23,148,2,0,0,0
194,23,156,2,0,0,0
194,23,164,2,0,0,0
194,23,174,3,0,0,0
194,23,182,2,0,0,0
194,23,188,2,0,0,0
194,23,201,2,0,0,0
194,23,203,2,0,0,0
194,23,207,2,0,0,0
194,23,213,2,0,0,0
194,23,214,2,0,0,0
194,23,219,2,0,0,0
194,23,227,3,0,0,0
194,23,231,2,0,0,0
194,23,240,1,4,0,0
194,23,240,2,0,0,0
194,23,246,3,0,0,0
194,23,249,2,0,0,0
194,23,254,3,0,0,0
194,23,255,3,0,0,0
194,23,256,3,0,0,0
194,23,258,2,0,0,0
194,23,263,2,0,0,0
194,23,281,1,21,0,0
194,23,330,1,28,0,0
194,23,341,1,8,0,0
194,23,352,2,0,0,0
194,23,385,3,0,0,0
194,23,401,1,24,0,0
194,23,491,3,0,0,0
194,23,495,3,0,0,0
194,23,503,2,0,0,0
194,23,523,2,0,0,0
194,23,598,3,0,0,0
194,23,612,3,0,0,0
195,23,21,1,16,0,0
195,23,39,1,1,0,1
195,23,54,1,12,0,0
195,23,55,1,1,0,0
195,23,57,2,0,0,0
195,23,58,2,0,0,0
195,23,59,2,0,0,0
195,23,63,2,0,0,0
195,23,70,2,0,0,0
195,23,89,1,52,0,0
195,23,89,2,0,0,0
195,23,91,2,0,0,0
195,23,92,1,46,0,0
195,23,92,2,0,0,0
195,23,104,2,0,0,0
195,23,114,1,12,0,1
195,23,127,2,0,0,0
195,23,133,1,40,0,0
195,23,148,2,0,0,0
195,23,156,2,0,0,0
195,23,157,2,0,0,0
195,23,164,2,0,0,0
195,23,168,2,0,0,0
195,23,182,2,0,0,0
195,23,188,2,0,0,0
195,23,201,2,0,0,0
195,23,203,2,0,0,0
195,23,207,2,0,0,0
195,23,213,2,0,0,0
195,23,214,2,0,0,0
195,23,219,2,0,0,0
195,23,231,2,0,0,0
195,23,240,1,1,0,2
195,23,240,2,0,0,0
195,23,249,2,0,0,0
195,23,258,2,0,0,0
195,23,263,2,0,0,0
195,23,264,2,0,0,0
195,23,280,2,0,0,0
195,23,281,1,23,0,0
195,23,317,2,0,0,0
195,23,330,1,34,0,0
195,23,341,1,1,0,3
195,23,352,2,0,0,0
195,23,374,2,0,0,0
195,23,401,1,28,0,0
195,23,411,2,0,0,0
195,23,416,2,0,0,0
195,23,444,2,0,0,0
195,23,503,2,0,0,0
195,23,523,2,0,0,0
196,23,15,2,0,0,0
196,23,28,1,5,0,0
196,23,33,1,1,0,9
196,23,36,1,1,0,5
196,23,38,1,1,0,7
196,23,39,1,1,0,11
196,23,44,1,1,0,2
196,23,45,1,1,0,10
196,23,60,1,25,0,0
196,23,63,2,0,0,0
196,23,91,2,0,0,0
196,23,93,1,0,0,0
196,23,93,1,1,0,0
196,23,94,1,40,0,0
196,23,94,2,0,0,0
196,23,98,1,10,0,0
196,23,104,2,0,0,0
196,23,113,2,0,0,0
196,23,115,2,0,0,0
196,23,129,1,20,0,0
196,23,138,2,0,0,0
196,23,148,2,0,0,0
196,23,156,2,0,0,0
196,23,164,2,0,0,0
196,23,182,2,0,0,0
196,23,203,2,0,0,0
196,23,204,1,1,0,6
196,23,207,2,0,0,0
196,23,213,2,0,0,0
196,23,214,2,0,0,0
196,23,226,1,1,0,4
196,23,231,2,0,0,0
196,23,234,1,30,0,0
196,23,240,2,0,0,0
196,23,241,2,0,0,0
196,23,244,1,45,0,0
196,23,244,2,0,0,0
196,23,247,2,0,0,0
196,23,248,1,50,0,0
196,23,263,2,0,0,0
196,23,270,1,1,0,8
196,23,285,2,0,0,0
196,23,343,1,1,0,1
196,23,347,2,0,0,0
196,23,383,1,1,0,3
196,23,384,1,35,0,0
196,23,387,1,55,0,0
196,23,416,2,0,0,0
196,23,433,2,0,0,0
196,23,447,2,0,0,0
196,23,526,2,0,0,0
196,23,605,2,0,0,0
196,23,608,1,15,0,0
197,23,15,2,0,0,0
197,23,28,1,5,0,0
197,23,33,1,1,0,11
197,23,36,1,1,0,7
197,23,38,1,1,0,9
197,23,39,1,1,0,13
197,23,44,1,1,0,4
197,23,45,1,1,0,12
197,23,63,2,0,0,0
197,23,91,2,0,0,0
197,23,94,2,0,0,0
197,23,98,1,10,0,0
197,23,103,1,45,0,0
197,23,104,2,0,0,0
197,23,109,1,20,0,0
197,23,129,1,1,0,3
197,23,138,2,0,0,0
197,23,148,2,0,0,0
197,23,156,2,0,0,0
197,23,164,2,0,0,0
197,23,168,2,0,0,0
197,23,182,2,0,0,0
197,23,203,2,0,0,0
197,23,204,1,1,0,8
197,23,207,2,0,0,0
197,23,212,1,50,0,0
197,23,213,2,0,0,0
197,23,214,2,0,0,0
197,23,226,1,1,0,6
197,23,231,2,0,0,0
197,23,236,1,30,0,0
197,23,240,2,0,0,0
197,23,241,2,0,0,0
197,23,244,2,0,0,0
197,23,247,2,0,0,0
197,23,259,2,0,0,0
197,23,263,2,0,0,0
197,23,269,2,0,0,0
197,23,270,1,1,0,10
197,23,343,1,1,0,2
197,23,371,2,0,0,0
197,23,372,1,25,0,0
197,23,383,1,1,0,5
197,23,385,1,35,0,0
197,23,387,1,55,0,0
197,23,399,1,40,0,0
197,23,399,2,0,0,0
197,23,416,2,0,0,0
197,23,492,1,1,0,0
197,23,526,2,0,0,0
197,23,555,1,0,0,0
197,23,555,1,1,0,1
197,23,555,2,0,0,0
197,23,608,1,15,0,0
198,23,16,1,5,0,0
198,23,17,1,15,0,0
198,23,17,3,0,0,0
198,23,18,3,0,0,0
198,23,19,2,0,0,0
198,23,64,1,1,0,0
198,23,65,3,0,0,0
198,23,86,2,0,0,0
198,23,94,2,0,0,0
198,23,101,1,21,0,0
198,23,103,3,0,0,0
198,23,104,2,0,0,0
198,23,109,3,0,0,0
198,23,114,1,11,0,0
198,23,138,2,0,0,0
198,23,143,3,0,0,0
198,23,156,2,0,0,0
198,23,164,2,0,0,0
198,23,168,2,0,0,0
198,23,182,2,0,0,0
198,23,195,3,0,0,0
198,23,203,2,0,0,0
198,23,207,2,0,0,0
198,23,211,2,0,0,0
198,23,212,1,41,0,0
198,23,213,2,0,0,0
198,23,214,2,0,0,0
198,23,240,2,0,0,0
198,23,241,2,0,0,0
198,23,244,2,0,0,0
198,23,247,2,0,0,0
198,23,259,1,61,0,0
198,23,259,2,0,0,0
198,23,260,3,0,0,0
198,23,263,2,0,0,0
198,23,269,1,31,0,0
198,23,269,2,0,0,0
198,23,297,3,0,0,0
198,23,310,1,1,0,1
198,23,314,1,35,0,0
198,23,332,2,0,0,0
198,23,347,2,0,0,0
198,23,355,2,0,0,0
198,23,365,2,0,0,0
198,23,366,1,50,0,0
198,23,371,2,0,0,0
198,23,372,1,25,0,0
198,23,372,3,0,0,0
198,23,375,3,0,0,0
198,23,389,1,55,0,0
198,23,399,2,0,0,0
198,23,413,3,0,0,0
198,23,432,2,0,0,0
198,23,492,1,45,0,0
198,23,511,1,65,0,0
198,23,555,2,0,0,0
199,23,29,1,21,0,0
199,23,33,1,1,0,3
199,23,45,1,1,0,5
199,23,50,1,15,0,0
199,23,53,2,0,0,0
199,23,55,1,1,0,6
199,23,57,1,30,0,0
199,23,57,2,0,0,0
199,23,58,2,0,0,0
199,23,59,2,0,0,0
199,23,63,2,0,0,0
199,23,70,2,0,0,0
199,23,86,2,0,0,0
199,23,89,2,0,0,0
199,23,91,2,0,0,0
199,23,93,1,12,0,0
199,23,94,1,36,0,0
199,23,94,2,0,0,0
199,23,104,2,0,0,0
199,23,113,2,0,0,0
199,23,126,2,0,0,0
199,23,133,1,27,0,0
199,23,138,2,0,0,0
199,23,148,2,0,0,0
199,23,156,2,0,0,0
199,23,164,2,0,0,0
199,23,174,1,1,0,4
199,23,182,2,0,0,0
199,23,203,2,0,0,0
199,23,207,1,1,0,2
199,23,207,2,0,0,0
199,23,213,2,0,0,0
199,23,214,2,0,0,0
199,23,219,2,0,0,0
199,23,231,2,0,0,0
199,23,240,1,42,0,0
199,23,240,2,0,0,0
199,23,241,2,0,0,0
199,23,244,1,39,0,0
199,23,244,2,0,0,0
199,23,247,2,0,0,0
199,23,249,2,0,0,0
199,23,258,2,0,0,0
199,23,263,2,0,0,0
199,23,264,2,0,0,0
199,23,278,2,0,0,0
199,23,280,2,0,0,0
199,23,281,1,9,0,0
199,23,285,2,0,0,0
199,23,303,1,33,0,0
199,23,347,2,0,0,0
199,23,352,1,18,0,0
199,23,352,2,0,0,0
199,23,362,2,0,0,0
199,23,374,2,0,0,0
199,23,408,1,1,0,0
199,23,409,2,0,0,0
199,23,411,2,0,0,0
199,23,416,2,0,0,0
199,23,417,1,1,0,1
199,23,417,2,0,0,0
199,23,419,2,0,0,0
199,23,428,1,24,0,0
199,23,433,2,0,0,0
199,23,447,2,0,0,0
199,23,503,2,0,0,0
199,23,505,1,45,0,0
199,23,523,2,0,0,0
200,23,45,1,1,0,0
200,23,60,1,28,0,0
200,23,85,2,0,0,0
200,23,86,2,0,0,0
200,23,87,2,0,0,0
200,23,93,1,1,0,1
200,23,94,2,0,0,0
200,23,103,3,0,0,0
200,23,104,2,0,0,0
200,23,109,1,14,0,0
200,23,138,2,0,0,0
200,23,148,2,0,0,0
200,23,156,2,0,0,0
200,23,164,2,0,0,0
200,23,168,2,0,0,0
200,23,174,3,0,0,0
200,23,180,1,5,0,0
200,23,180,3,0,0,0
200,23,182,2,0,0,0
200,23,194,3,0,0,0
200,23,195,1,46,0,0
200,23,203,2,0,0,0
200,23,207,2,0,0,0
200,23,212,1,19,0,0
200,23,213,2,0,0,0
200,23,214,2,0,0,0
200,23,220,1,32,0,0
200,23,240,2,0,0,0
200,23,241,2,0,0,0
200,23,244,2,0,0,0
200,23,247,1,41,0,0
200,23,247,2,0,0,0
200,23,259,2,0,0,0
200,23,261,2,0,0,0
200,23,262,3,0,0,0
200,23,263,2,0,0,0
200,23,269,2,0,0,0
200,23,285,2,0,0,0
200,23,286,3,0,0,0
200,23,288,1,50,0,0
200,23,310,1,10,0,0
200,23,332,2,0,0,0
200,23,347,2,0,0,0
200,23,351,2,0,0,0
200,23,371,1,37,0,0
200,23,371,2,0,0,0
200,23,389,3,0,0,0
200,23,399,2,0,0,0
200,23,408,1,55,0,0
200,23,417,2,0,0,0
200,23,425,3,0,0,0
200,23,433,2,0,0,0
200,23,451,2,0,0,0
200,23,472,3,0,0,0
200,23,506,1,23,0,0
200,23,605,2,0,0,0
201,23,237,1,1,0,0
202,23,68,1,0,0,0
202,23,68,1,1,0,4
202,23,133,1,1,0,3
202,23,150,1,1,0,0
202,23,194,1,0,0,3
202,23,194,1,1,0,7
202,23,204,1,1,0,1
202,23,219,1,0,0,2
202,23,219,1,1,0,6
202,23,219,2,0,0,0
202,23,227,1,1,0,2
202,23,243,1,0,0,1
202,23,243,1,1,0,5
203,23,23,1,14,0,0
203,23,24,3,0,0,0
203,23,33,1,1,0,4
203,23,36,3,0,0,0
203,23,45,1,1,0,5
203,23,60,1,19,0,0
203,23,70,2,0,0,0
203,23,85,2,0,0,0
203,23,86,2,0,0,0
203,23,87,2,0,0,0
203,23,89,2,0,0,0
203,23,93,1,5,0,0
203,23,94,1,50,0,0
203,23,94,2,0,0,0
203,23,97,1,23,0,0
203,23,104,2,0,0,0
203,23,113,2,0,0,0
203,23,115,2,0,0,0
203,23,133,3,0,0,0
203,23,138,2,0,0,0
203,23,148,2,0,0,0
203,23,156,2,0,0,0
203,23,164,2,0,0,0
203,23,168,2,0,0,0
203,23,182,2,0,0,0
203,23,203,2,0,0,0
203,23,207,2,0,0,0
203,23,212,3,0,0,0
203,23,213,2,0,0,0
203,23,214,2,0,0,0
203,23,226,1,41,0,0
203,23,231,2,0,0,0
203,23,240,2,0,0,0
203,23,241,2,0,0,0
203,23,242,1,37,0,0
203,23,243,3,0,0,0
203,23,244,2,0,0,0
203,23,247,2,0,0,0
203,23,248,3,0,0,0
203,23,249,2,0,0,0
203,23,251,3,0,0,0
203,23,263,2,0,0,0
203,23,273,3,0,0,0
203,23,277,3,0,0,0
203,23,278,2,0,0,0
203,23,285,2,0,0,0
203,23,310,1,1,0,3
203,23,347,2,0,0,0
203,23,351,2,0,0,0
203,23,372,1,10,0,0
203,23,384,1,1,0,1
203,23,385,1,1,0,2
203,23,412,2,0,0,0
203,23,417,1,46,0,0
203,23,417,2,0,0,0
203,23,428,1,32,0,0
203,23,433,2,0,0,0
203,23,447,2,0,0,0
203,23,451,2,0,0,0
203,23,458,1,28,0,0
203,23,523,2,0,0,0
203,23,526,2,0,0,0
203,23,605,2,0,0,0
204,23,33,1,1,0,0
204,23,36,1,12,0,0
204,23,38,1,45,0,0
204,23,38,3,0,0,0
204,23,42,3,0,0,0
204,23,68,3,0,0,0
204,23,70,2,0,0,0
204,23,76,2,0,0,0
204,23,89,2,0,0,0
204,23,91,2,0,0,0
204,23,104,2,0,0,0
204,23,113,2,0,0,0
204,23,115,2,0,0,0
204,23,120,1,6,0,0
204,23,129,3,0,0,0
204,23,153,1,34,0,0
204,23,153,2,0,0,0
204,23,156,2,0,0,0
204,23,157,2,0,0,0
204,23,164,2,0,0,0
204,23,175,3,0,0,0
204,23,182,1,1,0,1
204,23,182,2,0,0,0
204,23,191,1,28,0,0
204,23,201,2,0,0,0
204,23,202,2,0,0,0
204,23,203,2,0,0,0
204,23,205,1,23,0,0
204,23,207,2,0,0,0
204,23,213,2,0,0,0
204,23,214,2,0,0,0
204,23,229,1,17,0,0
204,23,241,2,0,0,0
204,23,249,2,0,0,0
204,23,263,2,0,0,0
204,23,279,3,0,0,0
204,23,317,2,0,0,0
204,23,328,3,0,0,0
204,23,334,1,39,0,0
204,23,360,1,42,0,0
204,23,360,2,0,0,0
204,23,371,1,31,0,0
204,23,371,2,0,0,0
204,23,379,3,0,0,0
204,23,390,3,0,0,0
204,23,405,2,0,0,0
204,23,450,1,9,0,0
204,23,475,1,20,0,0
204,23,523,2,0,0,0
205,23,33,1,1,0,5
205,23,36,1,12,0,0
205,23,38,1,50,0,0
205,23,63,2,0,0,0
205,23,70,2,0,0,0
205,23,76,2,0,0,0
205,23,89,2,0,0,0
205,23,91,2,0,0,0
205,23,104,2,0,0,0
205,23,113,2,0,0,0
205,23,115,1,20,0,0
205,23,115,2,0,0,0
205,23,120,1,1,0,7
205,23,120,1,6,0,0
205,23,153,1,36,0,0
205,23,153,2,0,0,0
205,23,156,2,0,0,0
205,23,157,2,0,0,0
205,23,164,2,0,0,0
205,23,182,1,1,0,6
205,23,182,2,0,0,0
205,23,191,1,28,0,0
205,23,192,1,1,0,2
205,23,192,1,60,0,0
205,23,201,2,0,0,0
205,23,202,2,0,0,0
205,23,203,2,0,0,0
205,23,205,1,23,0,0
205,23,207,2,0,0,0
205,23,213,2,0,0,0
205,23,214,2,0,0,0
205,23,229,1,17,0,0
205,23,241,2,0,0,0
205,23,249,2,0,0,0
205,23,263,2,0,0,0
205,23,317,2,0,0,0
205,23,334,1,42,0,0
205,23,360,1,46,0,0
205,23,360,2,0,0,0
205,23,371,1,32,0,0
205,23,371,2,0,0,0
205,23,390,1,1,0,4
205,23,393,1,1,0,3
205,23,393,1,56,0,0
205,23,397,2,0,0,0
205,23,405,2,0,0,0
205,23,416,2,0,0,0
205,23,430,2,0,0,0
205,23,450,1,1,0,8
205,23,450,1,9,0,0
205,23,475,1,0,0,0
205,23,475,1,1,0,0
205,23,484,1,1,0,1
205,23,484,1,64,0,0
205,23,521,2,0,0,0
205,23,523,2,0,0,0
206,23,29,3,0,0,0
206,23,34,1,32,0,0
206,23,36,1,36,0,0
206,23,38,1,52,0,0
206,23,44,3,0,0,0
206,23,53,2,0,0,0
206,23,58,2,0,0,0
206,23,59,2,0,0,0
206,23,70,2,0,0,0
206,23,76,2,0,0,0
206,23,85,2,0,0,0
206,23,86,2,0,0,0
206,23,87,2,0,0,0
206,23,89,2,0,0,0
206,23,91,2,0,0,0
206,23,97,3,0,0,0
206,23,103,1,16,0,0
206,23,104,2,0,0,0
206,23,111,1,1,0,1
206,23,126,2,0,0,0
206,23,137,1,12,0,0
206,23,138,2,0,0,0
206,23,156,2,0,0,0
206,23,157,2,0,0,0
206,23,164,2,0,0,0
206,23,168,2,0,0,0
206,23,173,3,0,0,0
206,23,174,3,0,0,0
206,23,175,1,1,0,0
206,23,182,2,0,0,0
206,23,189,1,4,0,0
206,23,203,2,0,0,0
206,23,205,1,8,0,0
206,23,207,2,0,0,0
206,23,213,2,0,0,0
206,23,214,2,0,0,0
206,23,231,2,0,0,0
206,23,240,2,0,0,0
206,23,241,2,0,0,0
206,23,244,2,0,0,0
206,23,246,1,20,0,0
206,23,246,3,0,0,0
206,23,247,2,0,0,0
206,23,249,2,0,0,0
206,23,263,2,0,0,0
206,23,277,3,0,0,0
206,23,281,1,28,0,0
206,23,283,1,56,0,0
206,23,310,3,0,0,0
206,23,317,2,0,0,0
206,23,347,2,0,0,0
206,23,351,2,0,0,0
206,23,352,2,0,0,0
206,23,355,1,40,0,0
206,23,355,2,0,0,0
206,23,360,2,0,0,0
206,23,387,3,0,0,0
206,23,398,2,0,0,0
206,23,401,3,0,0,0
206,23,407,1,44,0,0
206,23,446,2,0,0,0
206,23,451,2,0,0,0
206,23,489,1,48,0,0
206,23,506,3,0,0,0
206,23,523,2,0,0,0
206,23,529,1,24,0,0
207,23,12,1,55,0,0
207,23,14,1,50,0,0
207,23,14,2,0,0,0
207,23,15,2,0,0,0
207,23,17,3,0,0,0
207,23,28,1,4,0,0
207,23,38,3,0,0,0
207,23,40,1,1,0,0
207,23,68,3,0,0,0
207,23,70,2,0,0,0
207,23,89,1,45,0,0
207,23,89,2,0,0,0
207,23,91,2,0,0,0
207,23,97,3,0,0,0
207,23,98,1,13,0,0
207,23,103,1,35,0,0
207,23,104,2,0,0,0
207,23,106,1,7,0,0
207,23,156,2,0,0,0
207,23,157,2,0,0,0
207,23,163,1,27,0,0
207,23,164,2,0,0,0
207,23,168,2,0,0,0
207,23,182,2,0,0,0
207,23,188,2,0,0,0
207,23,189,1,19,0,0
207,23,201,2,0,0,0
207,23,203,2,0,0,0
207,23,206,2,0,0,0
207,23,207,2,0,0,0
207,23,210,1,16,0,0
207,23,211,2,0,0,0
207,23,213,2,0,0,0
207,23,214,2,0,0,0
207,23,226,3,0,0,0
207,23,231,2,0,0,0
207,23,232,3,0,0,0
207,23,240,2,0,0,0
207,23,241,2,0,0,0
207,23,249,2,0,0,0
207,23,259,2,0,0,0
207,23,263,2,0,0,0
207,23,269,2,0,0,0
207,23,280,2,0,0,0
207,23,282,1,10,0,0
207,23,317,2,0,0,0
207,23,328,3,0,0,0
207,23,332,2,0,0,0
207,23,342,3,0,0,0
207,23,355,2,0,0,0
207,23,364,3,0,0,0
207,23,369,1,30,0,0
207,23,369,2,0,0,0
207,23,371,2,0,0,0
207,23,374,2,0,0,0
207,23,379,3,0,0,0
207,23,397,2,0,0,0
207,23,398,2,0,0,0
207,23,399,2,0,0,0
207,23,400,3,0,0,0
207,23,404,1,40,0,0
207,23,404,2,0,0,0
207,23,432,2,0,0,0
207,23,440,3,0,0,0
207,23,444,2,0,0,0
207,23,446,2,0,0,0
207,23,512,1,22,0,0
207,23,523,2,0,0,0
208,23,15,2,0,0,0
208,23,20,1,1,0,7
208,23,21,1,36,0,0
208,23,33,1,1,0,5
208,23,38,1,56,0,0
208,23,46,2,0,0,0
208,23,63,2,0,0,0
208,23,70,2,0,0,0
208,23,88,1,1,0,8
208,23,89,2,0,0,0
208,23,91,1,44,0,0
208,23,91,2,0,0,0
208,23,103,1,24,0,0
208,23,104,2,0,0,0
208,23,106,1,1,0,6
208,23,153,2,0,0,0
208,23,156,2,0,0,0
208,23,157,1,20,0,0
208,23,157,2,0,0,0
208,23,164,2,0,0,0
208,23,174,1,16,0,0
208,23,182,2,0,0,0
208,23,201,1,40,0,0
208,23,201,2,0,0,0
208,23,203,2,0,0,0
208,23,207,2,0,0,0
208,23,213,2,0,0,0
208,23,214,2,0,0,0
208,23,225,1,12,0,0
208,23,231,1,48,0,0
208,23,231,2,0,0,0
208,23,241,2,0,0,0
208,23,242,1,1,0,0
208,23,244,2,0,0,0
208,23,249,2,0,0,0
208,23,259,2,0,0,0
208,23,263,2,0,0,0
208,23,269,2,0,0,0
208,23,317,2,0,0,0
208,23,328,1,28,0,0
208,23,360,2,0,0,0
208,23,371,2,0,0,0
208,23,393,1,60,0,0
208,23,397,1,1,0,4
208,23,397,2,0,0,0
208,23,399,2,0,0,0
208,23,406,2,0,0,0
208,23,416,2,0,0,0
208,23,422,1,1,0,1
208,23,423,1,1,0,2
208,23,424,1,1,0,3
208,23,430,2,0,0,0
208,23,431,2,0,0,0
208,23,444,1,52,0,0
208,23,444,2,0,0,0
208,23,446,1,32,0,0
208,23,446,2,0,0,0
208,23,475,1,8,0,0
208,23,479,1,4,0,0
208,23,523,2,0,0,0
209,23,29,1,19,0,0
209,23,33,1,1,0,3
209,23,38,3,0,0,0
209,23,39,1,1,0,5
209,23,44,1,7,0,0
209,23,46,1,25,0,0
209,23,46,2,0,0,0
209,23,53,2,0,0,0
209,23,70,2,0,0,0
209,23,76,2,0,0,0
209,23,85,2,0,0,0
209,23,86,2,0,0,0
209,23,87,2,0,0,0
209,23,89,2,0,0,0
209,23,91,2,0,0,0
209,23,102,3,0,0,0
209,23,104,2,0,0,0
209,23,115,2,0,0,0
209,23,118,3,0,0,0
209,23,122,1,13,0,0
209,23,126,2,0,0,0
209,23,156,2,0,0,0
209,23,164,2,0,0,0
209,23,168,2,0,0,0
209,23,173,3,0,0,0
209,23,182,2,0,0,0
209,23,184,1,1,0,4
209,23,188,2,0,0,0
209,23,203,2,0,0,0
209,23,204,1,1,0,6
209,23,207,2,0,0,0
209,23,213,2,0,0,0
209,23,214,2,0,0,0
209,23,215,3,0,0,0
209,23,217,3,0,0,0
209,23,240,2,0,0,0
209,23,241,2,0,0,0
209,23,242,1,49,0,0
209,23,242,3,0,0,0
209,23,247,2,0,0,0
209,23,249,2,0,0,0
209,23,259,2,0,0,0
209,23,263,2,0,0,0
209,23,264,2,0,0,0
209,23,269,1,31,0,0
209,23,269,2,0,0,0
209,23,280,2,0,0,0
209,23,313,3,0,0,0
209,23,315,2,0,0,0
209,23,339,2,0,0,0
209,23,351,2,0,0,0
209,23,352,2,0,0,0
209,23,370,3,0,0,0
209,23,371,1,43,0,0
209,23,371,2,0,0,0
209,23,374,2,0,0,0
209,23,422,1,1,0,2
209,23,422,3,0,0,0
209,23,423,1,1,0,0
209,23,423,3,0,0,0
209,23,424,1,1,0,1
209,23,424,3,0,0,0
209,23,523,2,0,0,0
209,23,526,2,0,0,0
209,23,555,2,0,0,0
209,23,583,1,37,0,0
209,23,605,2,0,0,0
210,23,29,1,19,0,0
210,23,33,1,1,0,4
210,23,39,1,1,0,6
210,23,44,1,7,0,0
210,23,46,1,27,0,0
210,23,46,2,0,0,0
210,23,53,2,0,0,0
210,23,63,2,0,0,0
210,23,70,2,0,0,0
210,23,76,2,0,0,0
210,23,85,2,0,0,0
210,23,86,2,0,0,0
210,23,87,2,0,0,0
210,23,89,2,0,0,0
210,23,91,2,0,0,0
210,23,104,2,0,0,0
210,23,115,2,0,0,0
210,23,122,1,13,0,0
210,23,126,2,0,0,0
210,23,156,2,0,0,0
210,23,157,2,0,0,0
210,23,164,2,0,0,0
210,23,168,2,0,0,0
210,23,182,2,0,0,0
210,23,184,1,1,0,5
210,23,188,2,0,0,0
210,23,200,1,1,0,0
210,23,200,1,67,0,0
210,23,203,2,0,0,0
210,23,204,1,1,0,7
210,23,207,2,0,0,0
210,23,213,2,0,0,0
210,23,214,2,0,0,0
210,23,231,2,0,0,0
210,23,240,2,0,0,0
210,23,241,2,0,0,0
210,23,242,1,59,0,0
210,23,247,2,0,0,0
210,23,249,2,0,0,0
210,23,259,2,0,0,0
210,23,263,2,0,0,0
210,23,264,2,0,0,0
210,23,269,1,35,0,0
210,23,269,2,0,0,0
210,23,280,2,0,0,0
210,23,315,2,0,0,0
210,23,317,2,0,0,0
210,23,339,2,0,0,0
210,23,351,2,0,0,0
210,23,352,2,0,0,0
210,23,371,1,51,0,0
210,23,371,2,0,0,0
210,23,374,2,0,0,0
210,23,411,2,0,0,0
210,23,416,2,0,0,0
210,23,422,1,1,0,3
210,23,423,1,1,0,1
210,23,424,1,1,0,2
210,23,431,2,0,0,0
210,23,444,2,0,0,0
210,23,523,2,0,0,0
210,23,526,2,0,0,0
210,23,555,2,0,0,0
210,23,583,1,43,0,0
210,23,605,2,0,0,0
211,23,14,2,0,0,0
211,23,33,1,1,0,1
211,23,36,1,48,0,0
211,23,40,1,1,0,0
211,23,42,1,32,0,0
211,23,48,3,0,0,0
211,23,55,1,8,0,0
211,23,57,2,0,0,0
211,23,58,2,0,0,0
211,23,59,2,0,0,0
211,23,61,3,0,0,0
211,23,86,2,0,0,0
211,23,92,1,52,0,0
211,23,92,2,0,0,0
211,23,104,2,0,0,0
211,23,106,1,4,0,0
211,23,107,1,16,0,0
211,23,114,3,0,0,0
211,23,127,2,0,0,0
211,23,153,2,0,0,0
211,23,156,2,0,0,0
211,23,164,2,0,0,0
211,23,175,3,0,0,0
211,23,182,2,0,0,0
211,23,188,2,0,0,0
211,23,191,1,20,0,0
211,23,194,1,66,0,0
211,23,203,2,0,0,0
211,23,207,2,0,0,0
211,23,213,2,0,0,0
211,23,214,2,0,0,0
211,23,240,2,0,0,0
211,23,247,2,0,0,0
211,23,254,1,44,0,0
211,23,255,1,44,0,1
211,23,258,2,0,0,0
211,23,263,2,0,0,0
211,23,269,2,0,0,0
211,23,279,1,28,0,0
211,23,310,3,0,0,0
211,23,351,2,0,0,0
211,23,352,2,0,0,0
211,23,360,2,0,0,0
211,23,362,1,24,0,0
211,23,362,2,0,0,0
211,23,367,1,60,0,0
211,23,371,2,0,0,0
211,23,390,1,36,0,0
211,23,398,1,40,0,0
211,23,398,2,0,0,0
211,23,401,1,56,0,0
211,23,453,3,0,0,0
211,23,491,3,0,0,0
211,23,503,2,0,0,0
211,23,565,1,12,0,0
212,23,14,1,48,0,0
212,23,14,2,0,0,0
212,23,15,2,0,0,0
212,23,17,1,1,0,1
212,23,43,1,1,0,5
212,23,63,2,0,0,0
212,23,70,2,0,0,0
212,23,97,1,1,0,2
212,23,98,1,1,0,4
212,23,104,1,16,0,0
212,23,104,2,0,0,0
212,23,113,2,0,0,0
212,23,116,1,28,0,0
212,23,156,2,0,0,0
212,23,163,1,24,0,0
212,23,164,2,0,0,0
212,23,168,2,0,0,0
212,23,182,2,0,0,0
212,23,201,2,0,0,0
212,23,203,2,0,0,0
212,23,206,1,1,0,7
212,23,206,2,0,0,0
212,23,207,2,0,0,0
212,23,210,1,1,0,6
212,23,211,2,0,0,0
212,23,213,2,0,0,0
212,23,214,2,0,0,0
212,23,219,2,0,0,0
212,23,232,1,12,0,0
212,23,240,2,0,0,0
212,23,241,2,0,0,0
212,23,249,2,0,0,0
212,23,263,2,0,0,0
212,23,280,2,0,0,0
212,23,332,2,0,0,0
212,23,334,1,32,0,0
212,23,355,2,0,0,0
212,23,369,2,0,0,0
212,23,374,2,0,0,0
212,23,403,1,1,0,3
212,23,404,1,40,0,0
212,23,404,2,0,0,0
212,23,405,2,0,0,0
212,23,416,2,0,0,0
212,23,418,1,0,0,0
212,23,418,1,1,0,0
212,23,430,2,0,0,0
212,23,432,2,0,0,0
212,23,442,1,36,0,0
212,23,458,1,20,0,0
212,23,673,1,44,0,0
213,23,35,1,1,0,1
213,23,51,3,0,0,0
213,23,70,2,0,0,0
213,23,88,1,15,0,0
213,23,89,2,0,0,0
213,23,91,2,0,0,0
213,23,92,2,0,0,0
213,23,104,2,0,0,0
213,23,110,1,1,0,0
213,23,111,3,0,0,0
213,23,148,2,0,0,0
213,23,156,1,25,0,0
213,23,156,2,0,0,0
213,23,157,1,40,0,0
213,23,157,2,0,0,0
213,23,164,2,0,0,0
213,23,182,2,0,0,0
213,23,188,2,0,0,0
213,23,189,3,0,0,0
213,23,201,2,0,0,0
213,23,203,2,0,0,0
213,23,205,1,5,0,0
213,23,207,2,0,0,0
213,23,213,2,0,0,0
213,23,214,2,0,0,0
213,23,219,1,20,0,0
213,23,219,2,0,0,0
213,23,230,3,0,0,0
213,23,241,2,0,0,0
213,23,249,2,0,0,0
213,23,263,2,0,0,0
213,23,270,3,0,0,0
213,23,282,3,0,0,0
213,23,317,2,0,0,0
213,23,328,3,0,0,0
213,23,343,3,0,0,0
213,23,350,3,0,0,0
213,23,360,2,0,0,0
213,23,367,3,0,0,0
213,23,379,1,55,0,0
213,23,380,1,45,0,0
213,23,397,2,0,0,0
213,23,444,1,60,0,0
213,23,444,2,0,0,0
213,23,446,2,0,0,0
213,23,450,1,30,0,0
213,23,470,1,35,0,1
213,23,471,1,35,0,0
213,23,504,1,65,0,0
213,23,515,3,0,0,0
213,23,522,1,10,0,0
213,23,523,2,0,0,0
213,23,564,1,50,0,0
213,23,611,3,0,0,0
214,23,14,1,50,0,0
214,23,14,2,0,0,0
214,23,15,2,0,0,0
214,23,30,1,20,0,0
214,23,31,1,5,0,0
214,23,33,1,1,0,0
214,23,36,3,0,0,0
214,23,37,1,45,0,0
214,23,38,3,0,0,0
214,23,42,1,35,0,0
214,23,43,1,1,0,1
214,23,63,2,0,0,0
214,23,68,1,25,0,0
214,23,69,3,0,0,0
214,23,70,2,0,0,0
214,23,89,2,0,0,0
214,23,91,2,0,0,0
214,23,104,2,0,0,0
214,23,106,3,0,0,0
214,23,156,2,0,0,0
214,23,157,2,0,0,0
214,23,164,2,0,0,0
214,23,168,2,0,0,0
214,23,175,3,0,0,0
214,23,182,2,0,0,0
214,23,203,1,10,0,0
214,23,203,2,0,0,0
214,23,206,2,0,0,0
214,23,207,2,0,0,0
214,23,213,2,0,0,0
214,23,214,2,0,0,0
214,23,224,1,55,0,0
214,23,224,3,0,0,0
214,23,240,2,0,0,0
214,23,241,2,0,0,0
214,23,249,2,0,0,0
214,23,263,2,0,0,0
214,23,264,2,0,0,0
214,23,279,3,0,0,0
214,23,280,1,30,0,0
214,23,280,2,0,0,0
214,23,317,2,0,0,0
214,23,331,2,0,0,0
214,23,332,1,15,0,0
214,23,332,2,0,0,0
214,23,339,2,0,0,0
214,23,350,3,0,0,0
214,23,364,3,0,0,0
214,23,370,1,60,0,0
214,23,374,2,0,0,0
214,23,400,3,0,0,0
214,23,411,2,0,0,0
214,23,416,2,0,0,0
214,23,421,2,0,0,0
214,23,444,2,0,0,0
214,23,523,2,0,0,0
214,23,526,2,0,0,0
214,23,675,1,40,0,0
215,23,8,3,0,0,0
215,23,10,1,1,0,0
215,23,14,2,0,0,0
215,23,15,2,0,0,0
215,23,43,1,1,0,1
215,23,44,3,0,0,0
215,23,57,2,0,0,0
215,23,58,2,0,0,0
215,23,59,2,0,0,0
215,23,68,3,0,0,0
215,23,70,2,0,0,0
215,23,91,2,0,0,0
215,23,97,1,48,0,0
215,23,98,1,12,0,0
215,23,103,1,54,0,0
215,23,104,2,0,0,0
215,23,115,2,0,0,0
215,23,138,2,0,0,0
215,23,154,1,30,0,0
215,23,156,2,0,0,0
215,23,163,1,60,0,0
215,23,164,2,0,0,0
215,23,168,2,0,0,0
215,23,180,3,0,0,0
215,23,182,2,0,0,0
215,23,196,1,24,0,0
215,23,203,2,0,0,0
215,23,206,2,0,0,0
215,23,207,2,0,0,0
215,23,213,2,0,0,0
215,23,214,2,0,0,0
215,23,231,2,0,0,0
215,23,232,1,18,0,0
215,23,240,2,0,0,0
215,23,241,2,0,0,0
215,23,244,2,0,0,0
215,23,247,2,0,0,0
215,23,249,2,0,0,0
215,23,251,1,42,0,0
215,23,252,3,0,0,0
215,23,258,2,0,0,0
215,23,259,2,0,0,0
215,23,263,2,0,0,0
215,23,264,2,0,0,0
215,23,269,1,6,0,0
215,23,269,2,0,0,0
215,23,280,2,0,0,0
215,23,306,3,0,0,0
215,23,332,2,0,0,0
215,23,347,2,0,0,0
215,23,364,3,0,0,0
215,23,371,2,0,0,0
215,23,374,2,0,0,0
215,23,398,2,0,0,0
215,23,399,2,0,0,0
215,23,404,2,0,0,0
215,23,419,2,0,0,0
215,23,420,3,0,0,0
215,23,421,2,0,0,0
215,23,458,3,0,0,0
215,23,468,1,36,0,0
215,23,490,2,0,0,0
215,23,555,2,0,0,0
215,23,556,3,0,0,0
215,23,675,3,0,0,0
216,23,10,1,1,0,2
216,23,14,2,0,0,0
216,23,15,2,0,0,0
216,23,36,3,0,0,0
216,23,37,1,50,0,0
216,23,38,3,0,0,0
216,23,46,2,0,0,0
216,23,68,3,0,0,0
216,23,69,3,0,0,0
216,23,70,2,0,0,0
216,23,89,2,0,0,0
216,23,91,2,0,0,0
216,23,104,2,0,0,0
216,23,122,1,1,0,4
216,23,154,1,8,0,0
216,23,156,1,43,0,0
216,23,156,2,0,0,0
216,23,157,2,0,0,0
216,23,163,1,29,0,0
216,23,164,2,0,0,0
216,23,168,2,0,0,0
216,23,173,1,43,0,1
216,23,182,2,0,0,0
216,23,187,3,0,0,0
216,23,203,2,0,0,0
216,23,204,1,36,0,0
216,23,207,2,0,0,0
216,23,213,2,0,0,0
216,23,214,2,0,0,0
216,23,230,1,22,0,0
216,23,232,3,0,0,0
216,23,238,3,0,0,0
216,23,240,2,0,0,0
216,23,241,2,0,0,0
216,23,242,3,0,0,0
216,23,249,2,0,0,0
216,23,259,2,0,0,0
216,23,263,2,0,0,0
216,23,264,2,0,0,0
216,23,269,2,0,0,0
216,23,280,2,0,0,0
216,23,281,3,0,0,0
216,23,313,1,1,0,5
216,23,313,3,0,0,0
216,23,317,2,0,0,0
216,23,332,2,0,0,0
216,23,339,2,0,0,0
216,23,343,1,1,0,1
216,23,370,3,0,0,0
216,23,371,1,15,0,0
216,23,371,2,0,0,0
216,23,374,1,1,0,0
216,23,374,1,57,0,0
216,23,374,2,0,0,0
216,23,400,3,0,0,0
216,23,421,2,0,0,0
216,23,523,2,0,0,0
216,23,526,2,0,0,0
216,23,583,3,0,0,0
216,23,589,1,25,0,0
216,23,608,1,1,0,3
217,23,10,1,1,0,2
217,23,14,2,0,0,0
217,23,15,2,0,0,0
217,23,37,1,58,0,0
217,23,43,1,1,0,3
217,23,46,2,0,0,0
217,23,63,2,0,0,0
217,23,70,2,0,0,0
217,23,89,2,0,0,0
217,23,91,2,0,0,0
217,23,104,2,0,0,0
217,23,122,1,1,0,4
217,23,154,1,8,0,0
217,23,156,1,47,0,0
217,23,156,2,0,0,0
217,23,157,2,0,0,0
217,23,163,1,29,0,0
217,23,164,2,0,0,0
217,23,168,2,0,0,0
217,23,173,1,49,0,0
217,23,182,2,0,0,0
217,23,184,1,38,0,0
217,23,203,2,0,0,0
217,23,204,1,1,0,8
217,23,207,2,0,0,0
217,23,213,2,0,0,0
217,23,214,2,0,0,0
217,23,230,1,22,0,0
217,23,240,2,0,0,0
217,23,241,2,0,0,0
217,23,249,2,0,0,0
217,23,259,2,0,0,0
217,23,263,2,0,0,0
217,23,264,2,0,0,0
217,23,269,2,0,0,0
217,23,280,2,0,0,0
217,23,313,1,1,0,5
217,23,317,2,0,0,0
217,23,332,2,0,0,0
217,23,339,2,0,0,0
217,23,343,1,1,0,1
217,23,359,1,1,0,0
217,23,359,1,67,0,0
217,23,371,1,15,0,0
217,23,371,2,0,0,0
217,23,374,1,1,0,6
217,23,374,2,0,0,0
217,23,411,2,0,0,0
217,23,416,2,0,0,0
217,23,419,2,0,0,0
217,23,421,2,0,0,0
217,23,431,2,0,0,0
217,23,444,2,0,0,0
217,23,523,2,0,0,0
217,23,526,2,0,0,0
217,23,589,1,25,0,0
217,23,608,1,1,0,7
218,23,34,1,41,0,0
218,23,52,1,6,0,0
218,23,53,1,48,0,0
218,23,53,2,0,0,0
218,23,88,1,8,0,0
218,23,104,2,0,0,0
218,23,105,1,43,0,0
218,23,106,1,13,0,0
218,23,108,3,0,0,0
218,23,113,2,0,0,0
218,23,115,2,0,0,0
218,23,123,1,1,0,1
218,23,126,2,0,0,0
218,23,133,1,36,0,0
218,23,151,3,0,0,0
218,23,156,2,0,0,0
218,23,157,1,29,0,0
218,23,157,2,0,0,0
218,23,164,2,0,0,0
218,23,174,3,0,0,0
218,23,182,2,0,0,0
218,23,201,2,0,0,0
218,23,203,2,0,0,0
218,23,205,3,0,0,0
218,23,207,2,0,0,0
218,23,213,2,0,0,0
218,23,214,2,0,0,0
218,23,241,2,0,0,0
218,23,246,1,22,0,0
218,23,249,2,0,0,0
218,23,254,3,0,0,0
218,23,255,3,0,0,0
218,23,256,3,0,0,0
218,23,257,3,0,0,0
218,23,261,2,0,0,0
218,23,262,3,0,0,0
218,23,263,2,0,0,0
218,23,281,1,1,0,0
218,23,315,2,0,0,0
218,23,317,2,0,0,0
218,23,385,3,0,0,0
218,23,414,1,50,0,0
218,23,414,3,0,0,0
218,23,436,1,34,0,0
218,23,499,1,20,0,0
218,23,510,1,15,0,0
218,23,517,3,0,0,0
219,23,34,1,43,0,0
219,23,52,1,1,0,4
219,23,52,1,6,0,0
219,23,53,1,54,0,0
219,23,53,2,0,0,0
219,23,63,2,0,0,0
219,23,70,2,0,0,0
219,23,76,2,0,0,0
219,23,88,1,1,0,5
219,23,88,1,8,0,0
219,23,89,2,0,0,0
219,23,104,2,0,0,0
219,23,105,1,47,0,0
219,23,106,1,13,0,0
219,23,113,2,0,0,0
219,23,115,2,0,0,0
219,23,123,1,1,0,3
219,23,126,2,0,0,0
219,23,133,1,36,0,0
219,23,153,2,0,0,0
219,23,156,2,0,0,0
219,23,157,1,29,0,0
219,23,157,2,0,0,0
219,23,164,2,0,0,0
219,23,182,2,0,0,0
219,23,201,2,0,0,0
219,23,203,2,0,0,0
219,23,207,2,0,0,0
219,23,213,2,0,0,0
219,23,214,2,0,0,0
219,23,241,2,0,0,0
219,23,246,1,22,0,0
219,23,249,2,0,0,0
219,23,261,2,0,0,0
219,23,263,2,0,0,0
219,23,281,1,1,0,2
219,23,315,2,0,0,0
219,23,317,2,0,0,0
219,23,360,2,0,0,0
219,23,397,2,0,0,0
219,23,414,1,1,0,1
219,23,414,1,58,0,0
219,23,416,2,0,0,0
219,23,436,1,34,0,0
219,23,444,2,0,0,0
219,23,446,2,0,0,0
219,23,499,1,20,0,0
219,23,504,1,0,0,0
219,23,504,1,1,0,0
219,23,510,1,15,0,0
219,23,523,2,0,0,0
220,23,33,1,1,0,0
220,23,34,3,0,0,0
220,23,36,1,40,0,0
220,23,36,3,0,0,0
220,23,38,3,0,0,0
220,23,44,3,0,0,0
220,23,46,2,0,0,0
220,23,54,1,20,0,0
220,23,58,2,0,0,0
220,23,59,1,50,0,0
220,23,59,2,0,0,0
220,23,70,2,0,0,0
220,23,89,1,45,0,0
220,23,89,2,0,0,0
220,23,90,3,0,0,0
220,23,91,2,0,0,0
220,23,104,2,0,0,0
220,23,113,2,0,0,0
220,23,115,2,0,0,0
220,23,133,1,35,0,0
220,23,156,2,0,0,0
220,23,157,2,0,0,0
220,23,164,2,0,0,0
220,23,174,3,0,0,0
220,23,175,1,10,0,0
220,23,181,1,5,0,0
220,23,182,2,0,0,0
220,23,189,1,1,0,1
220,23,196,1,30,0,0
220,23,201,2,0,0,0
220,23,203,1,25,0,0
220,23,203,2,0,0,0
220,23,207,2,0,0,0
220,23,213,2,0,0,0
220,23,214,2,0,0,0
220,23,240,2,0,0,0
220,23,246,3,0,0,0
220,23,249,2,0,0,0
220,23,258,2,0,0,0
220,23,263,2,0,0,0
220,23,317,2,0,0,0
220,23,333,3,0,0,0
220,23,341,3,0,0,0
220,23,341,3,0,0,0
220,23,419,2,0,0,0
220,23,420,1,15,0,0
220,23,446,2,0,0,0
220,23,523,2,0,0,0
220,23,556,3,0,0,0
220,23,573,3,0,0,0
221,23,33,1,1,0,2
221,23,36,1,44,0,0
221,23,37,1,65,0,0
221,23,46,2,0,0,0
221,23,54,1,20,0,0
221,23,58,2,0,0,0
221,23,59,1,58,0,0
221,23,59,2,0,0,0
221,23,63,2,0,0,0
221,23,70,2,0,0,0
221,23,89,1,51,0,0
221,23,89,2,0,0,0
221,23,91,2,0,0,0
221,23,104,2,0,0,0
221,23,113,2,0,0,0
221,23,115,2,0,0,0
221,23,133,1,37,0,0
221,23,156,2,0,0,0
221,23,157,2,0,0,0
221,23,164,2,0,0,0
221,23,175,1,1,0,5
221,23,181,1,1,0,4
221,23,182,2,0,0,0
221,23,189,1,1,0,3
221,23,196,1,30,0,0
221,23,201,2,0,0,0
221,23,203,1,25,0,0
221,23,203,2,0,0,0
221,23,207,2,0,0,0
221,23,213,2,0,0,0
221,23,214,2,0,0,0
221,23,240,2,0,0,0
221,23,246,1,1,0,1
221,23,249,2,0,0,0
221,23,258,2,0,0,0
221,23,263,2,0,0,0
221,23,317,2,0,0,0
221,23,416,2,0,0,0
221,23,419,2,0,0,0
221,23,420,1,15,0,0
221,23,423,1,0,0,0
221,23,423,1,1,0,0
221,23,444,2,0,0,0
221,23,446,2,0,0,0
221,23,523,2,0,0,0
222,23,33,1,1,0,0
222,23,54,3,0,0,0
222,23,55,1,5,0,0
222,23,57,2,0,0,0
222,23,58,2,0,0,0
222,23,59,2,0,0,0
222,23,61,1,25,0,0
222,23,70,2,0,0,0
222,23,89,2,0,0,0
222,23,91,2,0,0,0
222,23,94,2,0,0,0
222,23,103,3,0,0,0
222,23,104,2,0,0,0
222,23,105,1,50,0,0
222,23,106,1,1,0,1
222,23,109,3,0,0,0
222,23,113,2,0,0,0
222,23,115,2,0,0,0
222,23,133,3,0,0,0
222,23,153,2,0,0,0
222,23,156,2,0,0,0
222,23,157,2,0,0,0
222,23,164,2,0,0,0
222,23,174,3,0,0,0
222,23,175,1,30,0,0
222,23,182,2,0,0,0
222,23,201,2,0,0,0
222,23,203,1,15,0,0
222,23,203,2,0,0,0
222,23,207,2,0,0,0
222,23,213,2,0,0,0
222,23,214,2,0,0,0
222,23,219,2,0,0,0
222,23,240,2,0,0,0
222,23,241,2,0,0,0
222,23,243,1,55,0,0
222,23,246,1,20,0,0
222,23,247,2,0,0,0
222,23,249,2,0,0,0
222,23,258,2,0,0,0
222,23,263,2,0,0,0
222,23,267,3,0,0,0
222,23,275,3,0,0,0
222,23,317,2,0,0,0
222,23,333,3,0,0,0
222,23,347,2,0,0,0
222,23,352,2,0,0,0
222,23,362,2,0,0,0
222,23,392,1,10,0,0
222,23,392,3,0,0,0
222,23,397,2,0,0,0
222,23,408,1,40,0,0
222,23,414,1,45,0,0
222,23,444,2,0,0,0
222,23,446,2,0,0,0
222,23,457,3,0,0,0
222,23,503,2,0,0,0
222,23,523,2,0,0,0
222,23,710,3,0,0,0
222,23,791,1,35,0,0
223,23,48,3,0,0,0
223,23,53,2,0,0,0
223,23,55,1,1,0,0
223,23,56,1,36,0,0
223,23,57,2,0,0,0
223,23,58,1,32,0,0
223,23,58,2,0,0,0
223,23,59,2,0,0,0
223,23,60,1,12,0,0
223,23,61,1,20,0,0
223,23,62,1,16,0,0
223,23,62,3,0,0,0
223,23,63,1,44,0,0
223,23,63,2,0,0,0
223,23,86,2,0,0,0
223,23,94,2,0,0,0
223,23,103,3,0,0,0
223,23,104,2,0,0,0
223,23,114,3,0,0,0
223,23,116,1,8,0,0
223,23,126,2,0,0,0
223,23,127,2,0,0,0
223,23,129,3,0,0,0
223,23,156,2,0,0,0
223,23,164,2,0,0,0
223,23,168,2,0,0,0
223,23,173,3,0,0,0
223,23,175,3,0,0,0
223,23,182,2,0,0,0
223,23,190,3,0,0,0
223,23,199,1,24,0,0
223,23,203,2,0,0,0
223,23,207,2,0,0,0
223,23,213,2,0,0,0
223,23,214,2,0,0,0
223,23,240,2,0,0,0
223,23,241,2,0,0,0
223,23,263,2,0,0,0
223,23,270,1,1,0,1
223,23,323,3,0,0,0
223,23,331,1,28,0,0
223,23,331,2,0,0,0
223,23,341,3,0,0,0
223,23,350,3,0,0,0
223,23,352,1,4,0,0
223,23,352,2,0,0,0
223,23,362,2,0,0,0
223,23,451,2,0,0,0
223,23,487,1,40,0,0
223,23,491,3,0,0,0
223,23,494,3,0,0,0
223,23,503,2,0,0,0
224,23,35,1,1,0,5
224,23,53,2,0,0,0
224,23,55,1,1,0,4
224,23,56,1,42,0,0
224,23,57,2,0,0,0
224,23,58,1,36,0,0
224,23,58,2,0,0,0
224,23,59,2,0,0,0
224,23,60,1,12,0,0
224,23,61,1,20,0,0
224,23,62,1,16,0,0
224,23,63,1,54,0,0
224,23,63,2,0,0,0
224,23,86,2,0,0,0
224,23,94,2,0,0,0
224,23,104,2,0,0,0
224,23,116,1,1,0,7
224,23,126,2,0,0,0
224,23,127,2,0,0,0
224,23,156,2,0,0,0
224,23,164,2,0,0,0
224,23,168,2,0,0,0
224,23,182,2,0,0,0
224,23,188,2,0,0,0
224,23,190,1,0,0,0
224,23,190,1,1,0,0
224,23,199,1,24,0,0
224,23,203,2,0,0,0
224,23,207,2,0,0,0
224,23,213,2,0,0,0
224,23,214,2,0,0,0
224,23,240,2,0,0,0
224,23,241,2,0,0,0
224,23,263,2,0,0,0
224,23,270,1,1,0,3
224,23,331,1,30,0,0
224,23,331,2,0,0,0
224,23,350,1,1,0,2
224,23,352,1,1,0,6
224,23,352,2,0,0,0
224,23,362,2,0,0,0
224,23,371,2,0,0,0
224,23,412,2,0,0,0
224,23,416,2,0,0,0
224,23,430,2,0,0,0
224,23,441,1,1,0,1
224,23,451,2,0,0,0
224,23,487,1,48,0,0
224,23,503,2,0,0,0
225,23,8,3,0,0,0
225,23,19,2,0,0,0
225,23,58,2,0,0,0
225,23,59,2,0,0,0
225,23,62,3,0,0,0
225,23,65,1,25,0,0
225,23,68,3,0,0,0
225,23,98,3,0,0,0
225,23,104,2,0,0,0
225,23,150,3,0,0,0
225,23,156,2,0,0,0
225,23,164,2,0,0,0
225,23,168,2,0,0,0
225,23,182,2,0,0,0
225,23,191,3,0,0,0
225,23,194,3,0,0,0
225,23,196,3,0,0,0
225,23,203,2,0,0,0
225,23,207,2,0,0,0
225,23,211,2,0,0,0
225,23,213,2,0,0,0
225,23,214,2,0,0,0
225,23,217,1,1,0,0
225,23,229,3,0,0,0
225,23,240,2,0,0,0
225,23,248,3,0,0,0
225,23,252,3,0,0,0
225,23,258,2,0,0,0
225,23,262,3,0,0,0
225,23,263,2,0,0,0
225,23,264,2,0,0,0
225,23,278,2,0,0,0
225,23,280,2,0,0,0
225,23,332,2,0,0,0
225,23,352,2,0,0,0
225,23,365,2,0,0,0
225,23,374,2,0,0,0
225,23,419,2,0,0,0
225,23,420,3,0,0,0
225,23,432,2,0,0,0
225,23,573,3,0,0,0
225,23,694,3,0,0,0
226,23,17,1,1,0,6
226,23,21,3,0,0,0
226,23,29,1,28,0,0
226,23,33,1,1,0,3
226,23,36,1,44,0,0
226,23,48,1,1,0,5
226,23,55,1,1,0,4
226,23,56,1,48,0,0
226,23,56,3,0,0,0
226,23,57,2,0,0,0
226,23,58,2,0,0,0
226,23,59,2,0,0,0
226,23,60,1,1,0,0
226,23,61,1,24,0,0
226,23,63,2,0,0,0
226,23,89,2,0,0,0
226,23,97,1,20,0,0
226,23,104,2,0,0,0
226,23,109,3,0,0,0
226,23,114,3,0,0,0
226,23,127,2,0,0,0
226,23,133,3,0,0,0
226,23,150,3,0,0,0
226,23,156,2,0,0,0
226,23,157,2,0,0,0
226,23,164,2,0,0,0
226,23,182,2,0,0,0
226,23,203,2,0,0,0
226,23,207,2,0,0,0
226,23,213,2,0,0,0
226,23,214,2,0,0,0
226,23,239,3,0,0,0
226,23,240,2,0,0,0
226,23,243,3,0,0,0
226,23,258,2,0,0,0
226,23,263,2,0,0,0
226,23,317,2,0,0,0
226,23,331,1,1,0,1
226,23,331,2,0,0,0
226,23,332,2,0,0,0
226,23,340,1,40,0,0
226,23,352,1,12,0,0
226,23,352,2,0,0,0
226,23,355,1,1,0,2
226,23,355,2,0,0,0
226,23,362,2,0,0,0
226,23,366,3,0,0,0
226,23,392,1,36,0,0
226,23,403,1,32,0,0
226,23,416,2,0,0,0
226,23,432,2,0,0,0
226,23,469,1,16,0,0
226,23,469,3,0,0,0
226,23,503,2,0,0,0
226,23,523,2,0,0,0
227,23,14,2,0,0,0
227,23,15,2,0,0,0
227,23,17,1,20,0,0
227,23,18,3,0,0,0
227,23,19,2,0,0,0
227,23,28,1,4,0,0
227,23,31,1,8,0,0
227,23,43,1,1,0,1
227,23,46,2,0,0,0
227,23,64,1,1,0,0
227,23,65,1,36,0,0
227,23,65,3,0,0,0
227,23,97,1,16,0,0
227,23,104,2,0,0,0
227,23,143,3,0,0,0
227,23,148,2,0,0,0
227,23,156,2,0,0,0
227,23,157,2,0,0,0
227,23,163,1,24,0,0
227,23,164,2,0,0,0
227,23,168,2,0,0,0
227,23,174,3,0,0,0
227,23,182,2,0,0,0
227,23,191,1,44,0,0
227,23,201,2,0,0,0
227,23,203,2,0,0,0
227,23,207,2,0,0,0
227,23,211,1,28,0,0
227,23,211,2,0,0,0
227,23,213,2,0,0,0
227,23,214,2,0,0,0
227,23,232,1,12,0,0
227,23,241,2,0,0,0
227,23,249,2,0,0,0
227,23,259,2,0,0,0
227,23,263,2,0,0,0
227,23,269,2,0,0,0
227,23,314,3,0,0,0
227,23,317,2,0,0,0
227,23,319,1,40,0,0
227,23,332,2,0,0,0
227,23,334,1,48,0,0
227,23,355,2,0,0,0
227,23,364,3,0,0,0
227,23,365,2,0,0,0
227,23,371,2,0,0,0
227,23,372,3,0,0,0
227,23,385,3,0,0,0
227,23,399,2,0,0,0
227,23,400,3,0,0,0
227,23,404,2,0,0,0
227,23,413,1,52,0,0
227,23,413,3,0,0,0
227,23,430,2,0,0,0
227,23,432,2,0,0,0
227,23,446,2,0,0,0
227,23,475,1,32,0,0
228,23,43,1,1,0,0
228,23,44,1,16,0,0
228,23,46,1,13,0,0
228,23,46,2,0,0,0
228,23,52,1,1,0,1
228,23,53,1,44,0,0
228,23,53,2,0,0,0
228,23,68,3,0,0,0
228,23,76,2,0,0,0
228,23,83,3,0,0,0
228,23,104,2,0,0,0
228,23,123,1,8,0,0
228,23,126,2,0,0,0
228,23,138,2,0,0,0
228,23,156,2,0,0,0
228,23,164,2,0,0,0
228,23,168,2,0,0,0
228,23,179,3,0,0,0
228,23,180,3,0,0,0
228,23,182,2,0,0,0
228,23,188,2,0,0,0
228,23,194,3,0,0,0
228,23,203,2,0,0,0
228,23,207,2,0,0,0
228,23,213,2,0,0,0
228,23,214,2,0,0,0
228,23,231,2,0,0,0
228,23,241,2,0,0,0
228,23,242,1,49,0,0
228,23,247,2,0,0,0
228,23,249,2,0,0,0
228,23,251,1,25,0,0
228,23,251,3,0,0,0
228,23,259,2,0,0,0
228,23,261,2,0,0,0
228,23,263,2,0,0,0
228,23,269,1,20,0,0
228,23,269,2,0,0,0
228,23,315,2,0,0,0
228,23,336,1,4,0,0
228,23,364,3,0,0,0
228,23,371,1,32,0,0
228,23,371,2,0,0,0
228,23,389,3,0,0,0
228,23,399,2,0,0,0
228,23,417,1,52,0,0
228,23,417,2,0,0,0
228,23,422,3,0,0,0
228,23,424,1,28,0,0
228,23,424,3,0,0,0
228,23,488,1,37,0,0
228,23,492,1,40,0,0
228,23,517,1,56,0,0
228,23,555,2,0,0,0
229,23,43,1,1,0,3
229,23,44,1,16,0,0
229,23,46,1,13,0,0
229,23,46,2,0,0,0
229,23,52,1,1,0,4
229,23,53,1,50,0,0
229,23,53,2,0,0,0
229,23,63,2,0,0,0
229,23,70,2,0,0,0
229,23,76,2,0,0,0
229,23,104,2,0,0,0
229,23,123,1,8,0,0
229,23,126,2,0,0,0
229,23,138,2,0,0,0
229,23,156,2,0,0,0
229,23,164,2,0,0,0
229,23,168,2,0,0,0
229,23,182,2,0,0,0
229,23,188,2,0,0,0
229,23,203,2,0,0,0
229,23,207,2,0,0,0
229,23,213,2,0,0,0
229,23,214,2,0,0,0
229,23,231,2,0,0,0
229,23,241,2,0,0,0
229,23,242,1,56,0,0
229,23,247,2,0,0,0
229,23,249,2,0,0,0
229,23,251,1,26,0,0
229,23,259,2,0,0,0
229,23,261,2,0,0,0
229,23,263,2,0,0,0
229,23,269,1,20,0,0
229,23,269,2,0,0,0
229,23,315,2,0,0,0
229,23,336,1,4,0,0
229,23,371,1,35,0,0
229,23,371,2,0,0,0
229,23,399,2,0,0,0
229,23,416,2,0,0,0
229,23,417,1,1,0,1
229,23,417,1,60,0,0
229,23,417,2,0,0,0
229,23,422,1,1,0,2
229,23,424,1,30,0,0
229,23,488,1,41,0,0
229,23,492,1,45,0,0
229,23,517,1,1,0,0
229,23,517,1,65,0,0
229,23,555,2,0,0,0
230,23,43,1,1,0,3
230,23,55,1,1,0,2
230,23,56,1,51,0,0
230,23,57,2,0,0,0
230,23,58,2,0,0,0
230,23,59,2,0,0,0
230,23,61,1,25,0,0
230,23,63,2,0,0,0
230,23,97,1,30,0,0
230,23,104,2,0,0,0
230,23,108,1,1,0,4
230,23,116,1,15,0,0
230,23,127,2,0,0,0
230,23,156,2,0,0,0
230,23,164,2,0,0,0
230,23,182,2,0,0,0
230,23,203,2,0,0,0
230,23,207,2,0,0,0
230,23,213,2,0,0,0
230,23,214,2,0,0,0
230,23,225,1,20,0,0
230,23,239,1,1,0,5
230,23,240,1,65,0,0
230,23,240,2,0,0,0
230,23,250,1,1,0,0
230,23,258,2,0,0,0
230,23,263,2,0,0,0
230,23,281,1,1,0,1
230,23,349,1,58,0,0
230,23,352,2,0,0,0
230,23,362,2,0,0,0
230,23,406,1,44,0,0
230,23,406,2,0,0,0
230,23,416,2,0,0,0
230,23,430,2,0,0,0
230,23,434,5,0,0,0
230,23,503,2,0,0,0
230,23,673,1,37,0,0
231,23,21,1,24,0,0
231,23,33,1,1,0,0
231,23,34,3,0,0,0
231,23,36,1,28,0,0
231,23,38,1,42,0,0
231,23,45,1,1,0,1
231,23,46,2,0,0,0
231,23,68,3,0,0,0
231,23,70,2,0,0,0
231,23,89,2,0,0,0
231,23,90,3,0,0,0
231,23,104,2,0,0,0
231,23,111,1,1,0,2
231,23,116,3,0,0,0
231,23,156,2,0,0,0
231,23,157,2,0,0,0
231,23,164,2,0,0,0
231,23,173,3,0,0,0
231,23,175,1,6,0,0
231,23,182,2,0,0,0
231,23,189,3,0,0,0
231,23,201,2,0,0,0
231,23,203,1,19,0,0
231,23,203,2,0,0,0
231,23,204,1,33,0,0
231,23,205,1,10,0,0
231,23,207,2,0,0,0
231,23,213,2,0,0,0
231,23,214,2,0,0,0
231,23,231,2,0,0,0
231,23,241,2,0,0,0
231,23,246,3,0,0,0
231,23,249,2,0,0,0
231,23,263,2,0,0,0
231,23,283,3,0,0,0
231,23,317,2,0,0,0
231,23,387,1,37,0,0
231,23,420,3,0,0,0
231,23,446,2,0,0,0
231,23,457,3,0,0,0
231,23,484,3,0,0,0
231,23,523,1,15,0,0
231,23,523,2,0,0,0
231,23,583,3,0,0,0
231,23,667,3,0,0,0
232,23,21,1,24,0,0
232,23,30,1,1,0,3
232,23,31,1,0,0,0
232,23,31,1,1,0,0
232,23,33,1,1,0,7
232,23,36,1,1,0,10
232,23,38,1,1,0,13
232,23,45,1,1,0,5
232,23,46,2,0,0,0
232,23,63,2,0,0,0
232,23,70,2,0,0,0
232,23,89,1,43,0,0
232,23,89,2,0,0,0
232,23,104,2,0,0,0
232,23,111,1,1,0,6
232,23,156,2,0,0,0
232,23,157,2,0,0,0
232,23,164,2,0,0,0
232,23,175,1,1,0,8
232,23,182,2,0,0,0
232,23,184,1,37,0,0
232,23,201,2,0,0,0
232,23,203,1,1,0,9
232,23,203,2,0,0,0
232,23,204,1,1,0,11
232,23,205,1,10,0,0
232,23,207,2,0,0,0
232,23,213,2,0,0,0
232,23,214,2,0,0,0
232,23,229,1,6,0,0
232,23,231,2,0,0,0
232,23,241,2,0,0,0
232,23,249,2,0,0,0
232,23,263,2,0,0,0
232,23,282,1,19,0,0
232,23,317,1,30,0,0
232,23,317,2,0,0,0
232,23,360,2,0,0,0
232,23,372,1,15,0,0
232,23,387,1,1,0,12
232,23,397,2,0,0,0
232,23,398,2,0,0,0
232,23,416,1,50,0,0
232,23,416,2,0,0,0
232,23,422,1,1,0,2
232,23,424,1,1,0,1
232,23,444,2,0,0,0
232,23,446,2,0,0,0
232,23,523,1,1,0,4
232,23,523,2,0,0,0
233,23,33,1,1,0,1
233,23,58,2,0,0,0
233,23,59,2,0,0,0
233,23,60,1,20,0,0
233,23,63,1,65,0,0
233,23,63,2,0,0,0
233,23,76,2,0,0,0
233,23,84,1,15,0,0
233,23,85,2,0,0,0
233,23,86,2,0,0,0
233,23,87,2,0,0,0
233,23,94,2,0,0,0
233,23,97,1,30,0,0
233,23,104,2,0,0,0
233,23,105,1,35,0,0
233,23,111,1,1,0,0
233,23,138,2,0,0,0
233,23,148,2,0,0,0
233,23,156,2,0,0,0
233,23,160,1,1,0,2
233,23,161,1,45,0,0
233,23,164,2,0,0,0
233,23,168,2,0,0,0
233,23,176,1,25,0,0
233,23,182,2,0,0,0
233,23,192,1,60,0,0
233,23,199,1,55,0,0
233,23,203,2,0,0,0
233,23,207,2,0,0,0
233,23,214,2,0,0,0
233,23,231,2,0,0,0
233,23,240,2,0,0,0
233,23,241,2,0,0,0
233,23,244,2,0,0,0
233,23,247,2,0,0,0
233,23,263,2,0,0,0
233,23,277,1,50,0,0
233,23,278,1,1,0,3
233,23,278,2,0,0,0
233,23,332,2,0,0,0
233,23,351,2,0,0,0
233,23,393,1,1,0,4
233,23,416,2,0,0,0
233,23,433,2,0,0,0
233,23,435,1,40,0,0
233,23,451,2,0,0,0
234,23,23,1,13,0,0
234,23,24,3,0,0,0
234,23,28,1,16,0,0
234,23,33,1,1,0,0
234,23,36,1,21,0,0
234,23,37,3,0,0,0
234,23,38,1,55,0,0
234,23,43,1,3,0,0
234,23,44,3,0,0,0
234,23,46,2,0,0,0
234,23,50,3,0,0,0
234,23,76,2,0,0,0
234,23,85,2,0,0,0
234,23,86,2,0,0,0
234,23,87,2,0,0,0
234,23,89,2,0,0,0
234,23,94,2,0,0,0
234,23,95,1,10,0,0
234,23,104,2,0,0,0
234,23,109,1,23,0,0
234,23,113,2,0,0,0
234,23,115,2,0,0,0
234,23,138,2,0,0,0
234,23,148,2,0,0,0
234,23,156,2,0,0,0
234,23,164,2,0,0,0
234,23,168,2,0,0,0
234,23,180,3,0,0,0
234,23,182,2,0,0,0
234,23,203,2,0,0,0
234,23,207,2,0,0,0
234,23,213,2,0,0,0
234,23,214,2,0,0,0
234,23,224,3,0,0,0
234,23,231,2,0,0,0
234,23,240,2,0,0,0
234,23,241,2,0,0,0
234,23,244,2,0,0,0
234,23,247,2,0,0,0
234,23,263,2,0,0,0
234,23,272,1,33,0,0
234,23,285,2,0,0,0
234,23,286,1,49,0,0
234,23,310,1,7,0,0
234,23,326,3,0,0,0
234,23,347,1,27,0,0
234,23,347,2,0,0,0
234,23,351,2,0,0,0
234,23,412,2,0,0,0
234,23,416,2,0,0,0
234,23,428,1,38,0,0
234,23,428,3,0,0,0
234,23,433,2,0,0,0
234,23,451,2,0,0,0
234,23,494,1,50,0,0
234,23,523,2,0,0,0
234,23,526,2,0,0,0
234,23,679,1,43,0,0
235,23,1,4,0,0,0
235,23,5,4,0,0,0
235,23,6,4,0,0,0
235,23,7,4,0,0,0
235,23,8,4,0,0,0
235,23,9,4,0,0,0
235,23,10,4,0,0,0
235,23,11,4,0,0,0
235,23,12,4,0,0,0
235,23,14,4,0,0,0
235,23,15,4,0,0,0
235,23,16,4,0,0,0
235,23,17,4,0,0,0
235,23,18,4,0,0,0
235,23,19,4,0,0,0
235,23,20,4,0,0,0
235,23,21,4,0,0,0
235,23,22,4,0,0,0
235,23,23,4,0,0,0
235,23,24,4,0,0,0
235,23,25,4,0,0,0
235,23,28,4,0,0,0
235,23,29,4,0,0,0
235,23,30,4,0,0,0
235,23,31,4,0,0,0
235,23,32,4,0,0,0
235,23,33,4,0,0,0
235,23,34,4,0,0,0
235,23,35,4,0,0,0
235,23,36,4,0,0,0
235,23,37,4,0,0,0
235,23,38,4,0,0,0
235,23,39,4,0,0,0
235,23,40,4,0,0,0
235,23,42,4,0,0,0
235,23,43,4,0,0,0
235,23,44,4,0,0,0
235,23,45,4,0,0,0
235,23,46,4,0,0,0
235,23,47,4,0,0,0
235,23,48,4,0,0,0
235,23,50,4,0,0,0
235,23,51,4,0,0,0
235,23,52,4,0,0,0
235,23,53,4,0,0,0
235,23,54,4,0,0,0
235,23,55,4,0,0,0
235,23,56,4,0,0,0
235,23,57,4,0,0,0
235,23,58,4,0,0,0
235,23,59,4,0,0,0
235,23,60,4,0,0,0
235,23,61,4,0,0,0
235,23,62,4,0,0,0
235,23,63,4,0,0,0
235,23,64,4,0,0,0
235,23,65,4,0,0,0
235,23,66,4,0,0,0
235,23,67,4,0,0,0
235,23,68,4,0,0,0
235,23,69,4,0,0,0
235,23,70,4,0,0,0
235,23,71,4,0,0,0
235,23,72,4,0,0,0
235,23,73,4,0,0,0
235,23,74,4,0,0,0
235,23,75,4,0,0,0
235,23,76,4,0,0,0
235,23,77,4,0,0,0
235,23,78,4,0,0,0
235,23,79,4,0,0,0
235,23,80,4,0,0,0
235,23,81,4,0,0,0
235,23,83,4,0,0,0
235,23,84,4,0,0,0
235,23,85,4,0,0,0
235,23,86,4,0,0,0
235,23,87,4,0,0,0
235,23,88,4,0,0,0
235,23,89,4,0,0,0
235,23,90,4,0,0,0
235,23,91,4,0,0,0
235,23,92,4,0,0,0
235,23,93,4,0,0,0
235,23,94,4,0,0,0
235,23,95,4,0,0,0
235,23,97,4,0,0,0
235,23,98,4,0,0,0
235,23,100,4,0,0,0
235,23,101,4,0,0,0
235,23,102,4,0,0,0
235,23,103,4,0,0,0
235,23,104,4,0,0,0
235,23,105,4,0,0,0
235,23,106,4,0,0,0
235,23,107,4,0,0,0
235,23,108,4,0,0,0
235,23,109,4,0,0,0
235,23,110,4,0,0,0
235,23,111,4,0,0,0
235,23,113,4,0,0,0
235,23,114,4,0,0,0
235,23,115,4,0,0,0
235,23,116,4,0,0,0
235,23,118,4,0,0,0
235,23,120,4,0,0,0
235,23,122,4,0,0,0
235,23,123,4,0,0,0
235,23,124,4,0,0,0
235,23,126,4,0,0,0
235,23,127,4,0,0,0
235,23,129,4,0,0,0
235,23,130,4,0,0,0
235,23,133,4,0,0,0
235,23,134,4,0,0,0
235,23,135,4,0,0,0
235,23,136,4,0,0,0
235,23,137,4,0,0,0
235,23,138,4,0,0,0
235,23,139,4,0,0,0
235,23,141,4,0,0,0
235,23,142,4,0,0,0
235,23,143,4,0,0,0
235,23,144,4,0,0,0
235,23,147,4,0,0,0
235,23,148,4,0,0,0
235,23,150,4,0,0,0
235,23,151,4,0,0,0
235,23,152,4,0,0,0
235,23,153,4,0,0,0
235,23,154,4,0,0,0
235,23,155,4,0,0,0
235,23,156,4,0,0,0
235,23,157,4,0,0,0
235,23,160,4,0,0,0
235,23,161,4,0,0,0
235,23,162,4,0,0,0
235,23,163,4,0,0,0
235,23,164,4,0,0,0
235,23,166,1,1,0,0
235,23,166,1,11,0,0
235,23,166,1,21,0,0
235,23,166,1,31,0,0
235,23,166,1,41,0,0
235,23,166,1,51,0,0
235,23,166,1,61,0,0
235,23,166,1,71,0,0
235,23,166,1,81,0,0
235,23,166,1,91,0,0
235,23,167,4,0,0,0
235,23,168,4,0,0,0
235,23,170,4,0,0,0
235,23,172,4,0,0,0
235,23,173,4,0,0,0
235,23,174,4,0,0,0
235,23,175,4,0,0,0
235,23,176,4,0,0,0
235,23,177,4,0,0,0
235,23,178,4,0,0,0
235,23,179,4,0,0,0
235,23,180,4,0,0,0
235,23,181,4,0,0,0
235,23,182,4,0,0,0
235,23,183,4,0,0,0
235,23,184,4,0,0,0
235,23,186,4,0,0,0
235,23,187,4,0,0,0
235,23,188,4,0,0,0
235,23,189,4,0,0,0
235,23,190,4,0,0,0
235,23,191,4,0,0,0
235,23,192,4,0,0,0
235,23,194,4,0,0,0
235,23,195,4,0,0,0
235,23,196,4,0,0,0
235,23,197,4,0,0,0
235,23,198,4,0,0,0
235,23,199,4,0,0,0
235,23,200,4,0,0,0
235,23,201,4,0,0,0
235,23,202,4,0,0,0
235,23,203,4,0,0,0
235,23,204,4,0,0,0
235,23,205,4,0,0,0
235,23,206,4,0,0,0
235,23,207,4,0,0,0
235,23,208,4,0,0,0
235,23,209,4,0,0,0
235,23,210,4,0,0,0
235,23,211,4,0,0,0
235,23,212,4,0,0,0
235,23,213,4,0,0,0
235,23,215,4,0,0,0
235,23,217,4,0,0,0
235,23,219,4,0,0,0
235,23,220,4,0,0,0
235,23,221,4,0,0,0
235,23,223,4,0,0,0
235,23,224,4,0,0,0
235,23,225,4,0,0,0
235,23,226,4,0,0,0
235,23,227,4,0,0,0
235,23,229,4,0,0,0
235,23,230,4,0,0,0
235,23,231,4,0,0,0
235,23,232,4,0,0,0
235,23,233,4,0,0,0
235,23,234,4,0,0,0
235,23,235,4,0,0,0
235,23,236,4,0,0,0
235,23,237,4,0,0,0
235,23,238,4,0,0,0
235,23,239,4,0,0,0
235,23,240,4,0,0,0
235,23,241,4,0,0,0
235,23,242,4,0,0,0
235,23,243,4,0,0,0
235,23,244,4,0,0,0
235,23,245,4,0,0,0
235,23,246,4,0,0,0
235,23,247,4,0,0,0
235,23,248,4,0,0,0
235,23,249,4,0,0,0
235,23,250,4,0,0,0
235,23,251,4,0,0,0
235,23,252,4,0,0,0
235,23,253,4,0,0,0
235,23,254,4,0,0,0
235,23,255,4,0,0,0
235,23,256,4,0,0,0
235,23,257,4,0,0,0
235,23,258,4,0,0,0
235,23,259,4,0,0,0
235,23,260,4,0,0,0
235,23,261,4,0,0,0
235,23,262,4,0,0,0
235,23,263,4,0,0,0
235,23,264,4,0,0,0
235,23,266,4,0,0,0
235,23,267,4,0,0,0
235,23,268,4,0,0,0
235,23,269,4,0,0,0
235,23,270,4,0,0,0
235,23,271,4,0,0,0
235,23,272,4,0,0,0
235,23,273,4,0,0,0
235,23,275,4,0,0,0
235,23,276,4,0,0,0
235,23,277,4,0,0,0
235,23,278,4,0,0,0
235,23,279,4,0,0,0
235,23,280,4,0,0,0
235,23,281,4,0,0,0
235,23,282,4,0,0,0
235,23,283,4,0,0,0
235,23,284,4,0,0,0
235,23,285,4,0,0,0
235,23,286,4,0,0,0
235,23,288,4,0,0,0
235,23,291,4,0,0,0
235,23,292,4,0,0,0
235,23,294,4,0,0,0
235,23,295,4,0,0,0
235,23,296,4,0,0,0
235,23,297,4,0,0,0
235,23,298,4,0,0,0
235,23,299,4,0,0,0
235,23,303,4,0,0,0
235,23,304,4,0,0,0
235,23,305,4,0,0,0
235,23,306,4,0,0,0
235,23,307,4,0,0,0
235,23,308,4,0,0,0
235,23,309,4,0,0,0
235,23,310,4,0,0,0
235,23,311,4,0,0,0
235,23,312,4,0,0,0
235,23,313,4,0,0,0
235,23,314,4,0,0,0
235,23,315,4,0,0,0
235,23,317,4,0,0,0
235,23,319,4,0,0,0
235,23,321,4,0,0,0
235,23,322,4,0,0,0
235,23,323,4,0,0,0
235,23,325,4,0,0,0
235,23,326,4,0,0,0
235,23,328,4,0,0,0
235,23,329,4,0,0,0
235,23,330,4,0,0,0
235,23,331,4,0,0,0
235,23,332,4,0,0,0
235,23,333,4,0,0,0
235,23,334,4,0,0,0
235,23,335,4,0,0,0
235,23,336,4,0,0,0
235,23,337,4,0,0,0
235,23,338,4,0,0,0
235,23,339,4,0,0,0
235,23,340,4,0,0,0
235,23,341,4,0,0,0
235,23,342,4,0,0,0
235,23,343,4,0,0,0
235,23,344,4,0,0,0
235,23,345,4,0,0,0
235,23,347,4,0,0,0
235,23,348,4,0,0,0
235,23,349,4,0,0,0
235,23,350,4,0,0,0
235,23,351,4,0,0,0
235,23,352,4,0,0,0
235,23,353,4,0,0,0
235,23,354,4,0,0,0
235,23,355,4,0,0,0
235,23,356,4,0,0,0
235,23,359,4,0,0,0
235,23,360,4,0,0,0
235,23,361,4,0,0,0
235,23,362,4,0,0,0
235,23,364,4,0,0,0
235,23,365,4,0,0,0
235,23,366,4,0,0,0
235,23,367,4,0,0,0
235,23,368,4,0,0,0
235,23,369,4,0,0,0
235,23,370,4,0,0,0
235,23,371,4,0,0,0
235,23,372,4,0,0,0
235,23,374,4,0,0,0
235,23,375,4,0,0,0
235,23,379,4,0,0,0
235,23,380,4,0,0,0
235,23,383,4,0,0,0
235,23,384,4,0,0,0
235,23,385,4,0,0,0
235,23,387,4,0,0,0
235,23,388,4,0,0,0
235,23,389,4,0,0,0
235,23,390,4,0,0,0
235,23,391,4,0,0,0
235,23,392,4,0,0,0
235,23,393,4,0,0,0
235,23,394,4,0,0,0
235,23,395,4,0,0,0
235,23,396,4,0,0,0
235,23,397,4,0,0,0
235,23,398,4,0,0,0
235,23,399,4,0,0,0
235,23,400,4,0,0,0
235,23,401,4,0,0,0
235,23,402,4,0,0,0
235,23,403,4,0,0,0
235,23,404,4,0,0,0
235,23,405,4,0,0,0
235,23,406,4,0,0,0
235,23,407,4,0,0,0
235,23,408,4,0,0,0
235,23,409,4,0,0,0
235,23,410,4,0,0,0
235,23,411,4,0,0,0
235,23,412,4,0,0,0
235,23,413,4,0,0,0
235,23,414,4,0,0,0
235,23,415,4,0,0,0
235,23,416,4,0,0,0
235,23,417,4,0,0,0
235,23,418,4,0,0,0
235,23,419,4,0,0,0
235,23,420,4,0,0,0
235,23,421,4,0,0,0
235,23,422,4,0,0,0
235,23,423,4,0,0,0
235,23,424,4,0,0,0
235,23,425,4,0,0,0
235,23,427,4,0,0,0
235,23,428,4,0,0,0
235,23,430,4,0,0,0
235,23,431,4,0,0,0
235,23,432,4,0,0,0
235,23,433,4,0,0,0
235,23,434,4,0,0,0
235,23,435,4,0,0,0
235,23,436,4,0,0,0
235,23,437,4,0,0,0
235,23,438,4,0,0,0
235,23,439,4,0,0,0
235,23,440,4,0,0,0
235,23,441,4,0,0,0
235,23,442,4,0,0,0
235,23,444,4,0,0,0
235,23,446,4,0,0,0
235,23,447,4,0,0,0
235,23,449,4,0,0,0
235,23,450,4,0,0,0
235,23,451,4,0,0,0
235,23,452,4,0,0,0
235,23,453,4,0,0,0
235,23,454,4,0,0,0
235,23,455,4,0,0,0
235,23,457,4,0,0,0
235,23,458,4,0,0,0
235,23,459,4,0,0,0
235,23,460,4,0,0,0
235,23,461,4,0,0,0
235,23,462,4,0,0,0
235,23,463,4,0,0,0
235,23,464,4,0,0,0
235,23,465,4,0,0,0
235,23,467,4,0,0,0
235,23,468,4,0,0,0
235,23,469,4,0,0,0
235,23,470,4,0,0,0
235,23,471,4,0,0,0
235,23,472,4,0,0,0
235,23,473,4,0,0,0
235,23,474,4,0,0,0
235,23,475,4,0,0,0
235,23,476,4,0,0,0
235,23,478,4,0,0,0
235,23,479,4,0,0,0
235,23,480,4,0,0,0
235,23,482,4,0,0,0
235,23,483,4,0,0,0
235,23,484,4,0,0,0
235,23,486,4,0,0,0
235,23,487,4,0,0,0
235,23,488,4,0,0,0
235,23,489,4,0,0,0
235,23,490,4,0,0,0
235,23,491,4,0,0,0
235,23,492,4,0,0,0
235,23,493,4,0,0,0
235,23,494,4,0,0,0
235,23,495,4,0,0,0
235,23,496,4,0,0,0
235,23,497,4,0,0,0
235,23,499,4,0,0,0
235,23,500,4,0,0,0
235,23,501,4,0,0,0
235,23,502,4,0,0,0
235,23,503,4,0,0,0
235,23,504,4,0,0,0
235,23,505,4,0,0,0
235,23,506,4,0,0,0
235,23,509,4,0,0,0
235,23,510,4,0,0,0
235,23,511,4,0,0,0
235,23,512,4,0,0,0
235,23,513,4,0,0,0
235,23,514,4,0,0,0
235,23,515,4,0,0,0
235,23,517,4,0,0,0
235,23,521,4,0,0,0
235,23,522,4,0,0,0
235,23,523,4,0,0,0
235,23,524,4,0,0,0
235,23,525,4,0,0,0
235,23,526,4,0,0,0
235,23,528,4,0,0,0
235,23,529,4,0,0,0
235,23,530,4,0,0,0
235,23,534,4,0,0,0
235,23,536,4,0,0,0
235,23,538,4,0,0,0
235,23,540,4,0,0,0
235,23,542,4,0,0,0
235,23,555,4,0,0,0
235,23,556,4,0,0,0
235,23,562,4,0,0,0
235,23,564,4,0,0,0
235,23,565,4,0,0,0
235,23,566,4,0,0,0
235,23,568,4,0,0,0
235,23,572,4,0,0,0
235,23,573,4,0,0,0
235,23,574,4,0,0,0
235,23,575,4,0,0,0
235,23,577,4,0,0,0
235,23,579,4,0,0,0
235,23,580,4,0,0,0
235,23,581,4,0,0,0
235,23,583,4,0,0,0
235,23,584,4,0,0,0
235,23,585,4,0,0,0
235,23,586,4,0,0,0
235,23,589,4,0,0,0
235,23,590,4,0,0,0
235,23,595,4,0,0,0
235,23,596,4,0,0,0
235,23,597,4,0,0,0
235,23,598,4,0,0,0
235,23,599,4,0,0,0
235,23,602,4,0,0,0
235,23,604,4,0,0,0
235,23,605,4,0,0,0
235,23,608,4,0,0,0
235,23,609,4,0,0,0
235,23,611,4,0,0,0
235,23,612,4,0,0,0
235,23,618,4,0,0,0
235,23,619,4,0,0,0
235,23,620,4,0,0,0
235,23,667,4,0,0,0
235,23,668,4,0,0,0
235,23,670,4,0,0,0
235,23,672,4,0,0,0
235,23,673,4,0,0,0
235,23,675,4,0,0,0
235,23,679,4,0,0,0
235,23,682,4,0,0,0
235,23,684,4,0,0,0
235,23,692,4,0,0,0
235,23,694,4,0,0,0
235,23,707,4,0,0,0
235,23,710,4,0,0,0
235,23,715,4,0,0,0
235,23,776,4,0,0,0
235,23,791,4,0,0,0
236,23,33,1,1,0,0
236,23,68,3,0,0,0
236,23,70,2,0,0,0
236,23,89,2,0,0,0
236,23,104,2,0,0,0
236,23,116,1,1,0,3
236,23,136,3,0,0,0
236,23,156,2,0,0,0
236,23,157,2,0,0,0
236,23,164,2,0,0,0
236,23,168,2,0,0,0
236,23,170,3,0,0,0
236,23,182,2,0,0,0
236,23,183,3,0,0,0
236,23,203,2,0,0,0
236,23,207,2,0,0,0
236,23,213,2,0,0,0
236,23,214,2,0,0,0
236,23,229,3,0,0,0
236,23,240,2,0,0,0
236,23,241,2,0,0,0
236,23,249,2,0,0,0
236,23,252,1,1,0,2
236,23,263,2,0,0,0
236,23,270,1,1,0,1
236,23,270,3,0,0,0
236,23,280,2,0,0,0
236,23,339,2,0,0,0
236,23,364,3,0,0,0
236,23,410,3,0,0,0
236,23,418,3,0,0,0
236,23,490,2,0,0,0
236,23,523,2,0,0,0
236,23,526,2,0,0,0
237,23,33,1,1,0,3
237,23,68,1,40,0,0
237,23,70,2,0,0,0
237,23,89,2,0,0,0
237,23,91,1,32,0,0
237,23,91,2,0,0,0
237,23,97,1,28,0,0
237,23,98,1,4,0,0
237,23,104,2,0,0,0
237,23,116,1,1,0,6
237,23,156,2,0,0,0
237,23,157,2,0,0,0
237,23,164,2,0,0,0
237,23,167,1,0,0,0
237,23,167,1,1,0,0
237,23,168,2,0,0,0
237,23,182,2,0,0,0
237,23,197,1,12,0,0
237,23,201,2,0,0,0
237,23,203,2,0,0,0
237,23,207,2,0,0,0
237,23,213,2,0,0,0
237,23,214,2,0,0,0
237,23,229,1,1,0,2
237,23,240,2,0,0,0
237,23,241,2,0,0,0
237,23,249,2,0,0,0
237,23,252,1,1,0,5
237,23,263,2,0,0,0
237,23,270,1,1,0,4
237,23,279,1,16,0,0
237,23,280,2,0,0,0
237,23,283,1,44,0,0
237,23,332,2,0,0,0
237,23,339,2,0,0,0
237,23,360,1,8,0,0
237,23,360,2,0,0,0
237,23,364,1,1,0,1
237,23,370,1,36,0,0
237,23,389,1,24,0,0
237,23,411,2,0,0,0
237,23,444,2,0,0,0
237,23,469,1,21,0,0
237,23,490,2,0,0,0
237,23,501,1,21,0,1
237,23,523,2,0,0,0
237,23,526,2,0,0,0
238,23,1,1,1,0,1
238,23,8,1,28,0,0
238,23,8,3,0,0,0
238,23,47,1,20,0,0
238,23,58,2,0,0,0
238,23,59,1,48,0,0
238,23,59,2,0,0,0
238,23,93,1,12,0,0
238,23,94,1,32,0,0
238,23,94,2,0,0,0
238,23,104,2,0,0,0
238,23,113,2,0,0,0
238,23,115,2,0,0,0
238,23,122,1,1,0,0
238,23,138,2,0,0,0
238,23,148,2,0,0,0
238,23,156,2,0,0,0
238,23,164,2,0,0,0
238,23,168,2,0,0,0
238,23,181,1,4,0,0
238,23,182,2,0,0,0
238,23,186,1,36,0,0
238,23,195,1,44,0,0
238,23,203,2,0,0,0
238,23,207,2,0,0,0
238,23,212,1,40,0,0
238,23,213,2,0,0,0
238,23,214,2,0,0,0
238,23,240,2,0,0,0
238,23,244,2,0,0,0
238,23,247,2,0,0,0
238,23,252,3,0,0,0
238,23,258,2,0,0,0
238,23,263,2,0,0,0
238,23,272,3,0,0,0
238,23,273,3,0,0,0
238,23,278,2,0,0,0
238,23,285,2,0,0,0
238,23,313,1,24,0,0
238,23,343,1,16,0,0
238,23,347,2,0,0,0
238,23,352,2,0,0,0
238,23,371,2,0,0,0
238,23,374,2,0,0,0
238,23,383,1,8,0,0
238,23,417,2,0,0,0
238,23,419,2,0,0,0
238,23,433,2,0,0,0
238,23,447,2,0,0,0
239,23,7,3,0,0,0
239,23,8,3,0,0,0
239,23,9,1,28,0,0
239,23,43,1,1,0,1
239,23,67,1,36,0,0
239,23,84,1,4,0,0
239,23,85,1,40,0,0
239,23,85,2,0,0,0
239,23,86,1,20,0,0
239,23,86,2,0,0,0
239,23,87,1,48,0,0
239,23,87,2,0,0,0
239,23,94,2,0,0,0
239,23,98,1,1,0,0
239,23,103,1,24,0,0
239,23,104,2,0,0,0
239,23,113,1,44,0,0
239,23,113,2,0,0,0
239,23,129,1,12,0,0
239,23,148,2,0,0,0
239,23,156,2,0,0,0
239,23,164,2,0,0,0
239,23,168,2,0,0,0
239,23,182,2,0,0,0
239,23,203,2,0,0,0
239,23,207,2,0,0,0
239,23,213,2,0,0,0
239,23,214,2,0,0,0
239,23,223,3,0,0,0
239,23,238,3,0,0,0
239,23,240,2,0,0,0
239,23,249,2,0,0,0
239,23,263,2,0,0,0
239,23,264,2,0,0,0
239,23,268,1,8,0,0
239,23,280,2,0,0,0
239,23,351,1,16,0,0
239,23,351,2,0,0,0
239,23,359,3,0,0,0
239,23,364,3,0,0,0
239,23,374,2,0,0,0
239,23,435,1,32,0,0
239,23,451,2,0,0,0
239,23,521,2,0,0,0
240,23,5,3,0,0,0
240,23,7,1,28,0,0
240,23,9,3,0,0,0
240,23,43,1,1,0,1
240,23,52,1,4,0,0
240,23,53,1,40,0,0
240,23,53,2,0,0,0
240,23,67,1,36,0,0
240,23,94,2,0,0,0
240,23,103,3,0,0,0
240,23,104,2,0,0,0
240,23,108,1,8,0,0
240,23,109,1,20,0,0
240,23,116,3,0,0,0
240,23,123,1,1,0,0
240,23,126,1,48,0,0
240,23,126,2,0,0,0
240,23,156,2,0,0,0
240,23,164,2,0,0,0
240,23,168,2,0,0,0
240,23,172,1,16,0,0
240,23,182,2,0,0,0
240,23,183,3,0,0,0
240,23,184,1,24,0,0
240,23,187,3,0,0,0
240,23,203,2,0,0,0
240,23,207,2,0,0,0
240,23,213,2,0,0,0
240,23,214,2,0,0,0
240,23,223,3,0,0,0
240,23,231,2,0,0,0
240,23,238,3,0,0,0
240,23,241,1,44,0,0
240,23,241,2,0,0,0
240,23,249,2,0,0,0
240,23,261,2,0,0,0
240,23,263,2,0,0,0
240,23,264,2,0,0,0
240,23,280,2,0,0,0
240,23,315,2,0,0,0
240,23,374,2,0,0,0
240,23,384,3,0,0,0
240,23,394,3,0,0,0
240,23,436,1,32,0,0
240,23,499,1,12,0,0
240,23,562,3,0,0,0
241,23,23,1,15,0,0
241,23,29,1,25,0,0
241,23,33,1,1,0,0
241,23,34,1,40,0,0
241,23,38,3,0,0,0
241,23,45,1,1,0,1
241,23,57,2,0,0,0
241,23,58,2,0,0,0
241,23,59,2,0,0,0
241,23,63,2,0,0,0
241,23,69,3,0,0,0
241,23,70,2,0,0,0
241,23,76,2,0,0,0
241,23,85,2,0,0,0
241,23,86,2,0,0,0
241,23,87,2,0,0,0
241,23,89,2,0,0,0
241,23,104,2,0,0,0
241,23,111,1,10,0,0
241,23,156,2,0,0,0
241,23,157,2,0,0,0
241,23,164,2,0,0,0
241,23,174,3,0,0,0
241,23,179,3,0,0,0
241,23,182,2,0,0,0
241,23,201,2,0,0,0
241,23,203,2,0,0,0
241,23,204,1,50,0,0
241,23,205,1,5,0,0
241,23,207,2,0,0,0
241,23,208,1,35,0,0
241,23,213,2,0,0,0
241,23,214,2,0,0,0
241,23,215,1,20,0,0
241,23,217,3,0,0,0
241,23,231,2,0,0,0
241,23,240,2,0,0,0
241,23,241,2,0,0,0
241,23,244,2,0,0,0
241,23,247,2,0,0,0
241,23,249,2,0,0,0
241,23,263,2,0,0,0
241,23,264,2,0,0,0
241,23,270,3,0,0,0
241,23,280,2,0,0,0
241,23,317,2,0,0,0
241,23,351,2,0,0,0
241,23,352,2,0,0,0
241,23,359,3,0,0,0
241,23,360,2,0,0,0
241,23,374,2,0,0,0
241,23,411,2,0,0,0
241,23,416,2,0,0,0
241,23,428,1,30,0,0
241,23,446,2,0,0,0
241,23,523,2,0,0,0
241,23,526,2,0,0,0
241,23,562,3,0,0,0
241,23,583,1,45,0,0
241,23,667,1,55,0,0
242,23,1,1,1,0,5
242,23,36,1,24,0,0
242,23,38,1,40,0,0
242,23,39,1,4,0,0
242,23,47,1,16,0,0
242,23,53,2,0,0,0
242,23,58,2,0,0,0
242,23,59,2,0,0,0
242,23,63,2,0,0,0
242,23,70,2,0,0,0
242,23,76,2,0,0,0
242,23,85,2,0,0,0
242,23,86,2,0,0,0
242,23,87,2,0,0,0
242,23,89,2,0,0,0
242,23,94,2,0,0,0
242,23,104,2,0,0,0
242,23,107,1,1,0,4
242,23,111,1,1,0,7
242,23,113,1,36,0,0
242,23,113,2,0,0,0
242,23,126,2,0,0,0
242,23,135,1,44,0,0
242,23,138,2,0,0,0
242,23,148,2,0,0,0
242,23,156,2,0,0,0
242,23,157,2,0,0,0
242,23,164,2,0,0,0
242,23,182,2,0,0,0
242,23,186,1,1,0,0
242,23,201,2,0,0,0
242,23,203,2,0,0,0
242,23,204,1,1,0,3
242,23,207,2,0,0,0
242,23,213,2,0,0,0
242,23,214,2,0,0,0
242,23,219,2,0,0,0
242,23,231,2,0,0,0
242,23,240,2,0,0,0
242,23,241,2,0,0,0
242,23,244,2,0,0,0
242,23,247,2,0,0,0
242,23,249,2,0,0,0
242,23,258,2,0,0,0
242,23,263,2,0,0,0
242,23,264,2,0,0,0
242,23,270,1,32,0,0
242,23,278,2,0,0,0
242,23,280,2,0,0,0
242,23,285,2,0,0,0
242,23,317,2,0,0,0
242,23,343,1,1,0,2
242,23,347,2,0,0,0
242,23,351,2,0,0,0
242,23,352,2,0,0,0
242,23,361,1,52,0,0
242,23,374,1,20,0,0
242,23,374,2,0,0,0
242,23,383,1,1,0,6
242,23,387,1,48,0,0
242,23,409,2,0,0,0
242,23,411,2,0,0,0
242,23,416,2,0,0,0
242,23,419,2,0,0,0
242,23,431,2,0,0,0
242,23,446,2,0,0,0
242,23,447,2,0,0,0
242,23,451,2,0,0,0
242,23,497,1,8,0,0
242,23,505,1,28,0,0
242,23,523,2,0,0,0
242,23,526,2,0,0,0
242,23,574,1,1,0,1
242,23,605,2,0,0,0
242,23,791,1,12,0,0
243,23,15,2,0,0,0
243,23,43,1,1,0,2
243,23,44,1,12,0,0
243,23,46,1,24,0,0
243,23,46,2,0,0,0
243,23,63,2,0,0,0
243,23,70,2,0,0,0
243,23,84,1,1,0,1
243,23,85,2,0,0,0
243,23,86,2,0,0,0
243,23,87,1,72,0,0
243,23,87,2,0,0,0
243,23,91,2,0,0,0
243,23,98,1,1,0,4
243,23,104,2,0,0,0
243,23,113,2,0,0,0
243,23,115,1,60,0,0
243,23,115,2,0,0,0
243,23,148,2,0,0,0
243,23,156,2,0,0,0
243,23,164,2,0,0,0
243,23,182,2,0,0,0
243,23,192,1,78,0,0
243,23,201,2,0,0,0
243,23,203,2,0,0,0
243,23,207,2,0,0,0
243,23,209,1,6,0,0
243,23,214,2,0,0,0
243,23,231,2,0,0,0
243,23,240,1,66,0,0
243,23,240,2,0,0,0
243,23,241,2,0,0,0
243,23,242,1,42,0,0
243,23,244,2,0,0,0
243,23,245,1,1,0,0
243,23,247,2,0,0,0
243,23,249,2,0,0,0
243,23,263,2,0,0,0
243,23,268,1,1,0,3
243,23,326,1,48,0,0
243,23,336,1,36,0,0
243,23,347,1,18,0,0
243,23,347,2,0,0,0
243,23,351,2,0,0,0
243,23,416,2,0,0,0
243,23,422,1,30,0,0
243,23,431,2,0,0,0
243,23,435,1,54,0,0
243,23,451,2,0,0,0
243,23,503,2,0,0,0
243,23,521,2,0,0,0
243,23,523,2,0,0,0
243,23,555,2,0,0,0
244,23,15,2,0,0,0
244,23,23,1,1,0,4
244,23,43,1,1,0,3
244,23,44,1,12,0,0
244,23,46,1,24,0,0
244,23,46,2,0,0,0
244,23,52,1,1,0,2
244,23,53,2,0,0,0
244,23,63,2,0,0,0
244,23,70,2,0,0,0
244,23,76,2,0,0,0
244,23,91,2,0,0,0
244,23,104,2,0,0,0
244,23,108,1,1,0,5
244,23,115,2,0,0,0
244,23,126,1,72,0,0
244,23,126,2,0,0,0
244,23,148,2,0,0,0
244,23,156,2,0,0,0
244,23,164,2,0,0,0
244,23,172,1,6,0,0
244,23,182,2,0,0,0
244,23,184,1,36,0,0
244,23,201,2,0,0,0
244,23,203,2,0,0,0
244,23,207,1,60,0,0
244,23,207,2,0,0,0
244,23,214,2,0,0,0
244,23,221,1,1,0,0
244,23,231,2,0,0,0
244,23,240,2,0,0,0
244,23,241,1,66,0,0
244,23,241,2,0,0,0
244,23,242,1,42,0,0
244,23,244,2,0,0,0
244,23,245,1,1,0,1
244,23,247,2,0,0,0
244,23,249,2,0,0,0
244,23,261,2,0,0,0
244,23,263,2,0,0,0
244,23,284,1,78,0,0
244,23,315,2,0,0,0
244,23,326,1,48,0,0
244,23,347,1,18,0,0
244,23,347,2,0,0,0
244,23,416,2,0,0,0
244,23,424,1,30,0,0
244,23,431,2,0,0,0
244,23,436,1,54,0,0
244,23,444,2,0,0,0
244,23,523,2,0,0,0
244,23,555,2,0,0,0
245,23,15,2,0,0,0
245,23,16,1,1,0,4
245,23,43,1,1,0,3
245,23,44,1,12,0,0
245,23,46,1,24,0,0
245,23,46,2,0,0,0
245,23,54,1,1,0,5
245,23,55,1,1,0,2
245,23,56,1,72,0,0
245,23,57,1,54,0,0
245,23,57,2,0,0,0
245,23,58,2,0,0,0
245,23,59,1,78,0,0
245,23,59,2,0,0,0
245,23,63,2,0,0,0
245,23,91,2,0,0,0
245,23,104,2,0,0,0
245,23,115,2,0,0,0
245,23,127,2,0,0,0
245,23,156,2,0,0,0
245,23,164,2,0,0,0
245,23,182,2,0,0,0
245,23,201,2,0,0,0
245,23,203,2,0,0,0
245,23,207,2,0,0,0
245,23,214,2,0,0,0
245,23,231,2,0,0,0
245,23,240,1,66,0,0
245,23,240,2,0,0,0
245,23,241,2,0,0,0
245,23,242,1,42,0,0
245,23,243,1,60,0,0
245,23,244,2,0,0,0
245,23,245,1,1,0,1
245,23,247,2,0,0,0
245,23,249,2,0,0,0
245,23,258,2,0,0,0
245,23,263,2,0,0,0
245,23,326,1,48,0,0
245,23,329,1,1,0,0
245,23,347,1,18,0,0
245,23,347,2,0,0,0
245,23,352,1,6,0,0
245,23,352,2,0,0,0
245,23,362,2,0,0,0
245,23,366,1,36,0,0
245,23,416,2,0,0,0
245,23,419,2,0,0,0
245,23,423,1,30,0,0
245,23,431,2,0,0,0
245,23,503,2,0,0,0
245,23,523,2,0,0,0
245,23,555,2,0,0,0
246,23,23,3,0,0,0
246,23,33,1,1,0,0
246,23,37,1,36,0,0
246,23,43,1,1,0,1
246,23,44,1,9,0,0
246,23,63,1,42,0,0
246,23,63,2,0,0,0
246,23,88,1,3,0,0
246,23,89,1,31,0,0
246,23,89,2,0,0,0
246,23,91,2,0,0,0
246,23,103,1,21,0,0
246,23,104,2,0,0,0
246,23,116,3,0,0,0
246,23,156,2,0,0,0
246,23,157,1,15,0,0
246,23,157,2,0,0,0
246,23,164,2,0,0,0
246,23,174,3,0,0,0
246,23,182,2,0,0,0
246,23,184,1,12,0,0
246,23,200,3,0,0,0
246,23,201,1,39,0,0
246,23,201,2,0,0,0
246,23,203,2,0,0,0
246,23,207,2,0,0,0
246,23,213,2,0,0,0
246,23,214,2,0,0,0
246,23,231,2,0,0,0
246,23,240,2,0,0,0
246,23,241,2,0,0,0
246,23,242,1,27,0,0
246,23,246,3,0,0,0
246,23,249,2,0,0,0
246,23,259,2,0,0,0
246,23,263,2,0,0,0
246,23,269,2,0,0,0
246,23,280,2,0,0,0
246,23,317,2,0,0,0
246,23,334,3,0,0,0
246,23,349,3,0,0,0
246,23,371,1,6,0,0
246,23,371,2,0,0,0
246,23,372,3,0,0,0
246,23,397,2,0,0,0
246,23,399,1,24,0,0
246,23,399,2,0,0,0
246,23,442,3,0,0,0
246,23,444,1,33,0,0
246,23,444,2,0,0,0
246,23,446,2,0,0,0
246,23,523,2,0,0,0
246,23,555,2,0,0,0
246,23,707,1,18,0,0
247,23,33,1,1,0,1
247,23,37,1,42,0,0
247,23,43,1,1,0,2
247,23,44,1,9,0,0
247,23,63,1,52,0,0
247,23,63,2,0,0,0
247,23,88,1,1,0,3
247,23,89,1,33,0,0
247,23,89,2,0,0,0
247,23,91,2,0,0,0
247,23,103,1,21,0,0
247,23,104,2,0,0,0
247,23,156,2,0,0,0
247,23,157,1,15,0,0
247,23,157,2,0,0,0
247,23,164,2,0,0,0
247,23,182,2,0,0,0
247,23,184,1,12,0,0
247,23,201,1,47,0,0
247,23,201,2,0,0,0
247,23,203,2,0,0,0
247,23,207,2,0,0,0
247,23,213,2,0,0,0
247,23,214,2,0,0,0
247,23,231,2,0,0,0
247,23,240,2,0,0,0
247,23,241,2,0,0,0
247,23,242,1,27,0,0
247,23,249,2,0,0,0
247,23,259,2,0,0,0
247,23,263,2,0,0,0
247,23,269,2,0,0,0
247,23,280,2,0,0,0
247,23,317,2,0,0,0
247,23,334,1,0,0,0
247,23,334,1,1,0,0
247,23,371,1,1,0,4
247,23,371,2,0,0,0
247,23,397,2,0,0,0
247,23,399,1,24,0,0
247,23,399,2,0,0,0
247,23,444,1,37,0,0
247,23,444,2,0,0,0
247,23,446,2,0,0,0
247,23,523,2,0,0,0
247,23,555,2,0,0,0
247,23,707,1,18,0,0
248,23,15,2,0,0,0
248,23,33,1,1,0,4
248,23,37,1,42,0,0
248,23,43,1,1,0,5
248,23,44,1,9,0,0
248,23,46,2,0,0,0
248,23,53,2,0,0,0
248,23,57,2,0,0,0
248,23,58,2,0,0,0
248,23,59,2,0,0,0
248,23,63,1,52,0,0
248,23,63,2,0,0,0
248,23,70,2,0,0,0
248,23,85,2,0,0,0
248,23,86,2,0,0,0
248,23,87,2,0,0,0
248,23,88,1,1,0,6
248,23,89,1,33,0,0
248,23,89,2,0,0,0
248,23,91,2,0,0,0
248,23,103,1,21,0,0
248,23,104,2,0,0,0
248,23,126,2,0,0,0
248,23,156,2,0,0,0
248,23,157,1,15,0,0
248,23,157,2,0,0,0
248,23,164,2,0,0,0
248,23,182,2,0,0,0
248,23,184,1,12,0,0
248,23,201,1,47,0,0
248,23,201,2,0,0,0
248,23,203,2,0,0,0
248,23,207,2,0,0,0
248,23,213,2,0,0,0
248,23,214,2,0,0,0
248,23,231,2,0,0,0
248,23,240,2,0,0,0
248,23,241,2,0,0,0
248,23,242,1,27,0,0
248,23,249,2,0,0,0
248,23,259,2,0,0,0
248,23,263,2,0,0,0
248,23,264,2,0,0,0
248,23,269,2,0,0,0
248,23,280,2,0,0,0
248,23,317,2,0,0,0
248,23,332,2,0,0,0
248,23,334,1,1,0,0
248,23,337,2,0,0,0
248,23,351,2,0,0,0
248,23,352,2,0,0,0
248,23,371,1,1,0,7
248,23,371,2,0,0,0
248,23,374,2,0,0,0
248,23,397,2,0,0,0
248,23,399,1,24,0,0
248,23,399,2,0,0,0
248,23,406,2,0,0,0
248,23,411,2,0,0,0
248,23,416,1,59,0,0
248,23,416,2,0,0,0
248,23,419,2,0,0,0
248,23,421,2,0,0,0
248,23,422,1,1,0,1
248,23,423,1,1,0,2
248,23,424,1,1,0,3
248,23,431,2,0,0,0
248,23,444,1,37,0,0
248,23,444,2,0,0,0
248,23,446,2,0,0,0
248,23,523,2,0,0,0
248,23,555,2,0,0,0
248,23,707,1,18,0,0
249,23,16,1,1,0,1
249,23,18,1,1,0,2
249,23,19,2,0,0,0
249,23,46,2,0,0,0
249,23,54,1,9,0,0
249,23,56,1,72,0,0
249,23,57,2,0,0,0
249,23,58,2,0,0,0
249,23,59,2,0,0,0
249,23,63,2,0,0,0
249,23,70,2,0,0,0
249,23,85,2,0,0,0
249,23,86,2,0,0,0
249,23,87,2,0,0,0
249,23,89,2,0,0,0
249,23,94,2,0,0,0
249,23,104,2,0,0,0
249,23,105,1,45,0,0
249,23,113,2,0,0,0
249,23,115,2,0,0,0
249,23,127,2,0,0,0
249,23,138,2,0,0,0
249,23,143,1,90,0,0
249,23,148,2,0,0,0
249,23,156,2,0,0,0
249,23,164,2,0,0,0
249,23,177,1,54,0,0
249,23,182,2,0,0,0
249,23,201,2,0,0,0
249,23,202,2,0,0,0
249,23,203,2,0,0,0
249,23,207,2,0,0,0
249,23,211,2,0,0,0
249,23,214,2,0,0,0
249,23,219,1,18,0,0
249,23,219,2,0,0,0
249,23,231,2,0,0,0
249,23,240,1,63,0,0
249,23,240,2,0,0,0
249,23,241,2,0,0,0
249,23,244,2,0,0,0
249,23,246,1,1,0,4
249,23,247,2,0,0,0
249,23,248,1,81,0,0
249,23,249,2,0,0,0
249,23,258,2,0,0,0
249,23,263,2,0,0,0
249,23,285,2,0,0,0
249,23,311,1,1,0,3
249,23,326,1,36,0,0
249,23,332,2,0,0,0
249,23,347,1,27,0,0
249,23,347,2,0,0,0
249,23,351,2,0,0,0
249,23,352,2,0,0,0
249,23,355,2,0,0,0
249,23,362,2,0,0,0
249,23,406,2,0,0,0
249,23,407,1,1,0,0
249,23,416,2,0,0,0
249,23,419,2,0,0,0
249,23,432,2,0,0,0
249,23,451,2,0,0,0
249,23,523,2,0,0,0
250,23,16,1,1,0,0
250,23,18,1,1,0,1
250,23,19,2,0,0,0
250,23,46,2,0,0,0
250,23,53,2,0,0,0
250,23,63,2,0,0,0
250,23,70,2,0,0,0
250,23,76,2,0,0,0
250,23,85,2,0,0,0
250,23,86,2,0,0,0
250,23,87,2,0,0,0
250,23,89,2,0,0,0
250,23,94,2,0,0,0
250,23,104,2,0,0,0
250,23,105,1,45,0,0
250,23,113,2,0,0,0
250,23,115,2,0,0,0
250,23,126,1,72,0,0
250,23,126,2,0,0,0
250,23,138,2,0,0,0
250,23,143,1,90,0,0
250,23,148,2,0,0,0
250,23,156,2,0,0,0
250,23,164,2,0,0,0
250,23,182,2,0,0,0
250,23,201,2,0,0,0
250,23,202,2,0,0,0
250,23,203,2,0,0,0
250,23,207,2,0,0,0
250,23,211,2,0,0,0
250,23,214,2,0,0,0
250,23,219,1,18,0,0
250,23,219,2,0,0,0
250,23,221,1,54,0,0
250,23,240,2,0,0,0
250,23,241,1,63,0,0
250,23,241,2,0,0,0
250,23,244,2,0,0,0
250,23,246,1,1,0,3
250,23,247,2,0,0,0
250,23,248,1,81,0,0
250,23,249,2,0,0,0
250,23,261,2,0,0,0
250,23,263,2,0,0,0
250,23,311,1,1,0,2
250,23,315,2,0,0,0
250,23,326,1,36,0,0
250,23,332,2,0,0,0
250,23,347,1,27,0,0
250,23,347,2,0,0,0
250,23,351,2,0,0,0
250,23,355,2,0,0,0
250,23,365,2,0,0,0
250,23,416,2,0,0,0
250,23,432,2,0,0,0
250,23,451,2,0,0,0
250,23,523,2,0,0,0
250,23,682,1,99,0,0
250,23,791,1,9,0,0
251,23,14,2,0,0,0
251,23,15,2,0,0,0
251,23,63,2,0,0,0
251,23,73,1,50,0,0
251,23,76,2,0,0,0
251,23,86,2,0,0,0
251,23,93,1,1,0,0
251,23,94,2,0,0,0
251,23,104,2,0,0,0
251,23,105,1,60,0,0
251,23,113,2,0,0,0
251,23,115,2,0,0,0
251,23,138,2,0,0,0
251,23,148,2,0,0,0
251,23,156,2,0,0,0
251,23,164,2,0,0,0
251,23,182,2,0,0,0
251,23,195,1,100,0,0
251,23,201,2,0,0,0
251,23,202,2,0,0,0
251,23,203,2,0,0,0
251,23,207,2,0,0,0
251,23,214,2,0,0,0
251,23,215,1,1,0,1
251,23,219,2,0,0,0
251,23,226,1,20,0,0
251,23,240,2,0,0,0
251,23,241,2,0,0,0
251,23,244,2,0,0,0
251,23,246,1,30,0,0
251,23,247,2,0,0,0
251,23,248,1,70,0,0
251,23,263,2,0,0,0
251,23,285,2,0,0,0
251,23,332,2,0,0,0
251,23,345,1,10,0,0
251,23,347,2,0,0,0
251,23,351,2,0,0,0
251,23,352,2,0,0,0
251,23,361,1,80,0,0
251,23,369,2,0,0,0
251,23,374,2,0,0,0
251,23,412,2,0,0,0
251,23,416,2,0,0,0
251,23,417,2,0,0,0
251,23,433,2,0,0,0
251,23,437,1,90,0,0
251,23,446,2,0,0,0
251,23,447,2,0,0,0
251,23,451,2,0,0,0
251,23,605,2,0,0,0
251,23,791,1,40,0,0
252,23,1,1,1,0,0
252,23,14,2,0,0,0
252,23,15,2,0,0,0
252,23,21,1,24,0,0
252,23,24,3,0,0,0
252,23,43,1,1,0,1
252,23,70,2,0,0,0
252,23,71,3,0,0,0
252,23,72,1,9,0,0
252,23,73,3,0,0,0
252,23,76,2,0,0,0
252,23,91,2,0,0,0
252,23,98,1,6,0,0
252,23,103,1,33,0,0
252,23,104,1,27,0,0
252,23,104,2,0,0,0
252,23,148,2,0,0,0
252,23,156,2,0,0,0
252,23,157,2,0,0,0
252,23,163,3,0,0,0
252,23,164,2,0,0,0
252,23,182,2,0,0,0
252,23,197,1,12,0,0
252,23,202,1,21,0,0
252,23,202,2,0,0,0
252,23,203,2,0,0,0
252,23,207,2,0,0,0
252,23,213,2,0,0,0
252,23,214,2,0,0,0
252,23,219,2,0,0,0
252,23,225,3,0,0,0
252,23,231,2,0,0,0
252,23,235,3,0,0,0
252,23,241,2,0,0,0
252,23,242,3,0,0,0
252,23,249,2,0,0,0
252,23,263,2,0,0,0
252,23,264,2,0,0,0
252,23,280,2,0,0,0
252,23,283,1,36,0,0
252,23,283,3,0,0,0
252,23,306,3,0,0,0
252,23,317,2,0,0,0
252,23,331,2,0,0,0
252,23,332,2,0,0,0
252,23,345,3,0,0,0
252,23,372,1,18,0,0
252,23,374,2,0,0,0
252,23,388,3,0,0,0
252,23,400,3,0,0,0
252,23,409,2,0,0,0
252,23,412,1,30,0,0
252,23,412,2,0,0,0
252,23,437,1,39,0,0
252,23,437,3,0,0,0
252,23,447,2,0,0,0
252,23,501,1,15,0,0
252,23,526,2,0,0,0
252,23,580,3,0,0,0
252,23,670,1,3,0,0
253,23,1,1,1,0,4
253,23,14,2,0,0,0
253,23,15,2,0,0,0
253,23,21,1,30,0,0
253,23,43,1,1,0,5
253,23,70,2,0,0,0
253,23,72,1,9,0,0
253,23,76,2,0,0,0
253,23,91,2,0,0,0
253,23,98,1,1,0,7
253,23,103,1,45,0,0
253,23,104,1,35,0,0
253,23,104,2,0,0,0
253,23,148,2,0,0,0
253,23,156,2,0,0,0
253,23,157,2,0,0,0
253,23,164,2,0,0,0
253,23,182,2,0,0,0
253,23,197,1,12,0,0
253,23,202,1,25,0,0
253,23,202,2,0,0,0
253,23,203,2,0,0,0
253,23,206,1,1,0,1
253,23,206,2,0,0,0
253,23,207,2,0,0,0
253,23,210,1,1,0,0
253,23,213,2,0,0,0
253,23,214,2,0,0,0
253,23,219,2,0,0,0
253,23,231,2,0,0,0
253,23,241,2,0,0,0
253,23,249,2,0,0,0
253,23,263,2,0,0,0
253,23,264,2,0,0,0
253,23,280,2,0,0,0
253,23,283,1,50,0,0
253,23,317,2,0,0,0
253,23,331,2,0,0,0
253,23,332,2,0,0,0
253,23,348,1,40,0,0
253,23,372,1,20,0,0
253,23,374,2,0,0,0
253,23,404,1,1,0,2
253,23,404,2,0,0,0
253,23,409,2,0,0,0
253,23,412,1,1,0,3
253,23,412,2,0,0,0
253,23,437,1,55,0,0
253,23,447,2,0,0,0
253,23,490,2,0,0,0
253,23,501,1,15,0,0
253,23,526,2,0,0,0
253,23,670,1,1,0,6
254,23,1,1,1,0,5
254,23,14,2,0,0,0
254,23,15,2,0,0,0
254,23,21,1,30,0,0
254,23,43,1,1,0,6
254,23,46,2,0,0,0
254,23,63,2,0,0,0
254,23,70,2,0,0,0
254,23,72,1,5,0,0
254,23,76,2,0,0,0
254,23,89,2,0,0,0
254,23,91,2,0,0,0
254,23,98,1,1,0,8
254,23,103,1,49,0,0
254,23,104,1,35,0,0
254,23,104,2,0,0,0
254,23,148,2,0,0,0
254,23,156,2,0,0,0
254,23,157,2,0,0,0
254,23,164,2,0,0,0
254,23,182,2,0,0,0
254,23,197,1,12,0,0
254,23,202,1,25,0,0
254,23,202,2,0,0,0
254,23,203,2,0,0,0
254,23,206,1,1,0,2
254,23,206,2,0,0,0
254,23,207,2,0,0,0
254,23,210,1,1,0,1
254,23,213,2,0,0,0
254,23,214,2,0,0,0
254,23,219,2,0,0,0
254,23,231,2,0,0,0
254,23,241,2,0,0,0
254,23,249,2,0,0,0
254,23,263,2,0,0,0
254,23,264,2,0,0,0
254,23,280,2,0,0,0
254,23,283,1,56,0,0
254,23,317,2,0,0,0
254,23,331,2,0,0,0
254,23,332,2,0,0,0
254,23,337,2,0,0,0
254,23,338,5,0,0,0
254,23,348,1,42,0,0
254,23,372,1,20,0,0
254,23,374,2,0,0,0
254,23,404,1,1,0,3
254,23,404,2,0,0,0
254,23,406,2,0,0,0
254,23,409,2,0,0,0
254,23,411,2,0,0,0
254,23,412,1,1,0,4
254,23,412,2,0,0,0
254,23,416,2,0,0,0
254,23,431,2,0,0,0
254,23,437,1,63,0,0
254,23,447,2,0,0,0
254,23,490,2,0,0,0
254,23,501,1,15,0,0
254,23,523,2,0,0,0
254,23,526,2,0,0,0
254,23,530,1,0,0,0
254,23,530,1,1,0,0
254,23,670,1,1,0,7
255,23,10,1,1,0,0
255,23,14,2,0,0,0
255,23,15,2,0,0,0
255,23,28,1,15,0,0
255,23,45,1,1,0,1
255,23,52,1,3,0,0
255,23,53,1,30,0,0
255,23,53,2,0,0,0
255,23,64,3,0,0,0
255,23,67,3,0,0,0
255,23,68,3,0,0,0
255,23,70,2,0,0,0
255,23,91,2,0,0,0
255,23,97,3,0,0,0
255,23,98,1,6,0,0
255,23,104,2,0,0,0
255,23,116,1,27,0,0
255,23,126,2,0,0,0
255,23,156,2,0,0,0
255,23,157,2,0,0,0
255,23,163,1,21,0,0
255,23,164,2,0,0,0
255,23,174,3,0,0,0
255,23,179,1,36,0,0
255,23,179,3,0,0,0
255,23,182,2,0,0,0
255,23,197,1,12,0,0
255,23,203,2,0,0,0
255,23,207,2,0,0,0
255,23,213,2,0,0,0
255,23,214,2,0,0,0
255,23,226,3,0,0,0
255,23,241,2,0,0,0
255,23,249,2,0,0,0
255,23,261,2,0,0,0
255,23,263,2,0,0,0
255,23,297,1,33,0,0
255,23,297,3,0,0,0
255,23,306,3,0,0,0
255,23,315,2,0,0,0
255,23,317,2,0,0,0
255,23,332,1,18,0,0
255,23,332,2,0,0,0
255,23,340,1,24,0,0
255,23,364,3,0,0,0
255,23,387,3,0,0,0
255,23,394,1,39,0,0
255,23,400,3,0,0,0
255,23,421,2,0,0,0
255,23,488,1,9,0,0
255,23,526,2,0,0,0
256,23,10,1,1,0,3
256,23,14,2,0,0,0
256,23,15,2,0,0,0
256,23,24,1,0,0,0
256,23,24,1,1,0,0
256,23,28,1,15,0,0
256,23,45,1,1,0,4
256,23,52,1,1,0,5
256,23,53,1,1,0,1
256,23,53,2,0,0,0
256,23,70,2,0,0,0
256,23,91,2,0,0,0
256,23,98,1,1,0,6
256,23,104,2,0,0,0
256,23,116,1,35,0,0
256,23,126,2,0,0,0
256,23,156,2,0,0,0
256,23,157,2,0,0,0
256,23,163,1,25,0,0
256,23,164,2,0,0,0
256,23,179,1,50,0,0
256,23,182,2,0,0,0
256,23,197,1,12,0,0
256,23,203,2,0,0,0
256,23,207,2,0,0,0
256,23,213,2,0,0,0
256,23,214,2,0,0,0
256,23,241,2,0,0,0
256,23,249,2,0,0,0
256,23,261,2,0,0,0
256,23,263,2,0,0,0
256,23,264,2,0,0,0
256,23,280,2,0,0,0
256,23,297,1,1,0,2
256,23,299,1,40,0,0
256,23,315,2,0,0,0
256,23,317,2,0,0,0
256,23,332,1,20,0,0
256,23,332,2,0,0,0
256,23,339,1,45,0,0
256,23,339,2,0,0,0
256,23,340,1,30,0,0
256,23,374,2,0,0,0
256,23,394,1,55,0,0
256,23,398,2,0,0,0
256,23,411,2,0,0,0
256,23,421,2,0,0,0
256,23,488,1,9,0,0
256,23,490,2,0,0,0
256,23,526,2,0,0,0
257,23,7,1,1,0,2
257,23,10,1,1,0,6
257,23,14,2,0,0,0
257,23,15,2,0,0,0
257,23,24,1,1,0,1
257,23,28,1,15,0,0
257,23,45,1,1,0,7
257,23,46,2,0,0,0
257,23,52,1,1,0,8
257,23,53,1,1,0,4
257,23,53,2,0,0,0
257,23,63,2,0,0,0
257,23,70,2,0,0,0
257,23,76,2,0,0,0
257,23,89,2,0,0,0
257,23,91,2,0,0,0
257,23,98,1,1,0,9
257,23,104,2,0,0,0
257,23,116,1,35,0,0
257,23,126,2,0,0,0
257,23,156,2,0,0,0
257,23,157,2,0,0,0
257,23,163,1,25,0,0
257,23,164,2,0,0,0
257,23,179,1,56,0,0
257,23,182,2,0,0,0
257,23,197,1,12,0,0
257,23,203,2,0,0,0
257,23,207,2,0,0,0
257,23,213,2,0,0,0
257,23,214,2,0,0,0
257,23,241,2,0,0,0
257,23,249,2,0,0,0
257,23,261,2,0,0,0
257,23,263,2,0,0,0
257,23,264,2,0,0,0
257,23,280,2,0,0,0
257,23,297,1,1,0,5
257,23,299,1,42,0,0
257,23,307,5,0,0,0
257,23,315,2,0,0,0
257,23,317,2,0,0,0
257,23,332,1,20,0,0
257,23,332,2,0,0,0
257,23,339,1,49,0,0
257,23,339,2,0,0,0
257,23,340,1,30,0,0
257,23,369,2,0,0,0
257,23,370,1,1,0,0
257,23,374,2,0,0,0
257,23,394,1,63,0,0
257,23,398,2,0,0,0
257,23,411,2,0,0,0
257,23,413,1,1,0,3
257,23,416,2,0,0,0
257,23,421,2,0,0,0
257,23,431,2,0,0,0
257,23,444,2,0,0,0
257,23,488,1,9,0,0
257,23,490,2,0,0,0
257,23,523,2,0,0,0
257,23,526,2,0,0,0
258,23,23,3,0,0,0
258,23,33,1,1,0,0
258,23,36,1,24,0,0
258,23,38,3,0,0,0
258,23,44,3,0,0,0
258,23,45,1,1,0,1
258,23,48,1,15,0,0
258,23,55,1,3,0,0
258,23,56,1,39,0,0
258,23,57,1,30,0,0
258,23,57,2,0,0,0
258,23,58,2,0,0,0
258,23,59,2,0,0,0
258,23,68,3,0,0,0
258,23,70,2,0,0,0
258,23,88,1,9,0,0
258,23,91,2,0,0,0
258,23,103,1,33,0,0
258,23,104,2,0,0,0
258,23,124,3,0,0,0
258,23,127,2,0,0,0
258,23,133,1,27,0,0
258,23,156,2,0,0,0
258,23,157,1,21,0,0
258,23,157,2,0,0,0
258,23,164,2,0,0,0
258,23,174,3,0,0,0
258,23,182,1,12,0,0
258,23,182,2,0,0,0
258,23,189,3,0,0,0
258,23,203,2,0,0,0
258,23,207,2,0,0,0
258,23,213,2,0,0,0
258,23,214,2,0,0,0
258,23,231,2,0,0,0
258,23,240,2,0,0,0
258,23,243,3,0,0,0
258,23,246,3,0,0,0
258,23,249,1,6,0,0
258,23,249,2,0,0,0
258,23,250,3,0,0,0
258,23,253,3,0,0,0
258,23,258,2,0,0,0
258,23,263,2,0,0,0
258,23,281,3,0,0,0
258,23,283,1,36,0,0
258,23,317,2,0,0,0
258,23,352,1,18,0,0
258,23,352,2,0,0,0
258,23,419,2,0,0,0
258,23,469,3,0,0,0
258,23,503,2,0,0,0
258,23,526,2,0,0,0
259,23,33,1,1,0,3
259,23,36,1,30,0,0
259,23,45,1,1,0,4
259,23,48,1,15,0,0
259,23,55,1,1,0,5
259,23,56,1,55,0,0
259,23,57,1,1,0,2
259,23,57,2,0,0,0
259,23,58,2,0,0,0
259,23,59,2,0,0,0
259,23,70,2,0,0,0
259,23,88,1,9,0,0
259,23,89,1,1,0,1
259,23,89,2,0,0,0
259,23,91,2,0,0,0
259,23,103,1,45,0,0
259,23,104,2,0,0,0
259,23,127,2,0,0,0
259,23,133,1,35,0,0
259,23,156,2,0,0,0
259,23,157,1,25,0,0
259,23,157,2,0,0,0
259,23,164,2,0,0,0
259,23,182,1,12,0,0
259,23,182,2,0,0,0
259,23,203,2,0,0,0
259,23,207,2,0,0,0
259,23,213,2,0,0,0
259,23,214,2,0,0,0
259,23,231,2,0,0,0
259,23,240,2,0,0,0
259,23,249,1,1,0,6
259,23,249,2,0,0,0
259,23,258,2,0,0,0
259,23,263,2,0,0,0
259,23,280,2,0,0,0
259,23,283,1,50,0,0
259,23,317,2,0,0,0
259,23,330,1,40,0,0
259,23,341,1,0,0,0
259,23,341,1,1,0,0
259,23,352,1,20,0,0
259,23,352,2,0,0,0
259,23,374,2,0,0,0
259,23,419,2,0,0,0
259,23,446,2,0,0,0
259,23,503,2,0,0,0
259,23,523,2,0,0,0
259,23,526,2,0,0,0
260,23,33,1,1,0,4
260,23,36,1,30,0,0
260,23,45,1,1,0,5
260,23,46,2,0,0,0
260,23,48,1,15,0,0
260,23,55,1,1,0,6
260,23,56,1,63,0,0
260,23,57,1,1,0,3
260,23,57,2,0,0,0
260,23,58,2,0,0,0
260,23,59,2,0,0,0
260,23,63,2,0,0,0
260,23,70,2,0,0,0
260,23,88,1,9,0,0
260,23,89,1,1,0,2
260,23,89,2,0,0,0
260,23,91,2,0,0,0
260,23,103,1,49,0,0
260,23,104,2,0,0,0
260,23,127,2,0,0,0
260,23,133,1,35,0,0
260,23,156,2,0,0,0
260,23,157,1,25,0,0
260,23,157,2,0,0,0
260,23,164,2,0,0,0
260,23,182,1,12,0,0
260,23,182,2,0,0,0
260,23,203,2,0,0,0
260,23,207,2,0,0,0
260,23,213,2,0,0,0
260,23,214,2,0,0,0
260,23,231,2,0,0,0
260,23,240,2,0,0,0
260,23,249,1,1,0,7
260,23,249,2,0,0,0
260,23,258,2,0,0,0
260,23,263,2,0,0,0
260,23,264,2,0,0,0
260,23,280,2,0,0,0
260,23,283,1,56,0,0
260,23,308,5,0,0,0
260,23,317,2,0,0,0
260,23,330,1,42,0,0
260,23,339,2,0,0,0
260,23,341,1,1,0,0
260,23,352,1,20,0,0
260,23,352,2,0,0,0
260,23,359,1,1,0,1
260,23,374,2,0,0,0
260,23,411,2,0,0,0
260,23,416,2,0,0,0
260,23,419,2,0,0,0
260,23,431,2,0,0,0
260,23,444,2,0,0,0
260,23,446,2,0,0,0
260,23,503,2,0,0,0
260,23,523,2,0,0,0
260,23,526,2,0,0,0
261,23,28,1,7,0,0
261,23,29,1,28,0,0
261,23,33,1,1,0,0
261,23,36,1,40,0,0
261,23,43,3,0,0,0
261,23,44,1,10,0,0
261,23,46,1,16,0,0
261,23,46,2,0,0,0
261,23,91,2,0,0,0
261,23,104,2,0,0,0
261,23,156,2,0,0,0
261,23,164,2,0,0,0
261,23,168,2,0,0,0
261,23,182,2,0,0,0
261,23,184,1,25,0,0
261,23,189,1,13,0,0
261,23,203,2,0,0,0
261,23,207,1,19,0,0
261,23,207,2,0,0,0
261,23,213,2,0,0,0
261,23,214,2,0,0,0
261,23,231,2,0,0,0
261,23,240,2,0,0,0
261,23,241,2,0,0,0
261,23,242,1,34,0,0
261,23,247,2,0,0,0
261,23,249,2,0,0,0
261,23,259,2,0,0,0
261,23,263,2,0,0,0
261,23,269,1,31,0,0
261,23,269,2,0,0,0
261,23,281,1,37,0,0
261,23,281,3,0,0,0
261,23,305,3,0,0,0
261,23,310,3,0,0,0
261,23,336,1,4,0,0
261,23,343,3,0,0,0
261,23,371,2,0,0,0
261,23,372,1,22,0,0
261,23,389,1,43,0,0
261,23,389,3,0,0,0
261,23,399,2,0,0,0
261,23,417,2,0,0,0
261,23,422,3,0,0,0
261,23,423,3,0,0,0
261,23,424,3,0,0,0
261,23,555,2,0,0,0
261,23,583,1,46,0,0
261,23,583,3,0,0,0
262,23,28,1,1,0,8
262,23,28,1,7,0,0
262,23,29,1,32,0,0
262,23,33,1,1,0,6
262,23,36,1,48,0,0
262,23,44,1,1,0,9
262,23,44,1,10,0,0
262,23,46,1,16,0,0
262,23,46,2,0,0,0
262,23,63,2,0,0,0
262,23,70,2,0,0,0
262,23,91,2,0,0,0
262,23,104,2,0,0,0
262,23,156,2,0,0,0
262,23,164,2,0,0,0
262,23,168,1,1,0,5
262,23,168,2,0,0,0
262,23,182,2,0,0,0
262,23,184,1,28,0,0
262,23,189,1,13,0,0
262,23,203,2,0,0,0
262,23,207,1,20,0,0
262,23,207,2,0,0,0
262,23,213,2,0,0,0
262,23,214,2,0,0,0
262,23,231,2,0,0,0
262,23,240,2,0,0,0
262,23,241,2,0,0,0
262,23,242,1,1,0,4
262,23,242,1,40,0,0
262,23,247,2,0,0,0
262,23,249,2,0,0,0
262,23,259,2,0,0,0
262,23,263,2,0,0,0
262,23,269,1,36,0,0
262,23,269,2,0,0,0
262,23,281,1,44,0,0
262,23,336,1,1,0,7
262,23,336,1,4,0,0
262,23,371,2,0,0,0
262,23,372,1,24,0,0
262,23,389,1,52,0,0
262,23,399,2,0,0,0
262,23,416,2,0,0,0
262,23,417,2,0,0,0
262,23,422,1,1,0,2
262,23,423,1,1,0,3
262,23,424,1,1,0,1
262,23,555,1,0,0,0
262,23,555,1,1,0,0
262,23,555,2,0,0,0
262,23,583,1,56,0,0
263,23,15,2,0,0,0
263,23,28,1,3,0,0
263,23,29,1,12,0,0
263,23,33,1,1,0,0
263,23,36,1,24,0,0
263,23,38,1,36,0,0
263,23,39,1,6,0,0
263,23,42,1,18,0,0
263,23,45,1,1,0,1
263,23,57,2,0,0,0
263,23,58,2,0,0,0
263,23,59,2,0,0,0
263,23,85,2,0,0,0
263,23,86,2,0,0,0
263,23,87,2,0,0,0
263,23,91,2,0,0,0
263,23,104,2,0,0,0
263,23,156,1,21,0,0
263,23,156,2,0,0,0
263,23,164,2,0,0,0
263,23,168,2,0,0,0
263,23,175,1,30,0,0
263,23,182,2,0,0,0
263,23,187,1,33,0,0
263,23,189,3,0,0,0
263,23,203,2,0,0,0
263,23,204,3,0,0,0
263,23,207,2,0,0,0
263,23,213,2,0,0,0
263,23,214,2,0,0,0
263,23,231,2,0,0,0
263,23,240,2,0,0,0
263,23,241,2,0,0,0
263,23,245,3,0,0,0
263,23,247,2,0,0,0
263,23,249,2,0,0,0
263,23,263,2,0,0,0
263,23,270,3,0,0,0
263,23,271,3,0,0,0
263,23,321,3,0,0,0
263,23,343,1,9,0,0
263,23,351,2,0,0,0
263,23,352,2,0,0,0
263,23,374,1,27,0,0
263,23,374,2,0,0,0
263,23,447,2,0,0,0
263,23,451,2,0,0,0
263,23,493,3,0,0,0
263,23,526,2,0,0,0
263,23,608,1,15,0,0
264,23,15,2,0,0,0
264,23,28,1,1,0,6
264,23,29,1,12,0,0
264,23,33,1,1,0,4
264,23,36,1,28,0,0
264,23,38,1,48,0,0
264,23,39,1,1,0,7
264,23,42,1,1,0,2
264,23,45,1,1,0,5
264,23,46,2,0,0,0
264,23,57,2,0,0,0
264,23,58,2,0,0,0
264,23,59,2,0,0,0
264,23,63,2,0,0,0
264,23,70,2,0,0,0
264,23,85,2,0,0,0
264,23,86,2,0,0,0
264,23,87,2,0,0,0
264,23,91,2,0,0,0
264,23,104,2,0,0,0
264,23,154,1,18,0,0
264,23,156,1,23,0,0
264,23,156,2,0,0,0
264,23,163,1,0,0,0
264,23,163,1,1,0,0
264,23,164,2,0,0,0
264,23,168,2,0,0,0
264,23,175,1,38,0,0
264,23,182,2,0,0,0
264,23,187,1,43,0,0
264,23,203,2,0,0,0
264,23,207,2,0,0,0
264,23,213,2,0,0,0
264,23,214,2,0,0,0
264,23,231,2,0,0,0
264,23,240,2,0,0,0
264,23,241,2,0,0,0
264,23,247,2,0,0,0
264,23,249,2,0,0,0
264,23,263,2,0,0,0
264,23,343,1,9,0,0
264,23,351,2,0,0,0
264,23,352,2,0,0,0
264,23,374,1,33,0,0
264,23,374,2,0,0,0
264,23,415,1,1,0,1
264,23,416,2,0,0,0
264,23,421,2,0,0,0
264,23,447,2,0,0,0
264,23,451,2,0,0,0
264,23,468,1,15,0,0
264,23,526,2,0,0,0
264,23,608,1,1,0,3
265,23,33,1,1,0,0
265,23,40,1,5,0,0
265,23,81,1,1,0,1
265,23,450,1,15,0,0
266,23,106,1,0,0,0
266,23,106,1,1,0,0
267,23,16,1,0,0,0
267,23,16,1,1,0,0
267,23,18,1,30,0,0
267,23,33,1,1,0,1
267,23,40,1,1,0,4
267,23,63,2,0,0,0
267,23,71,1,12,0,0
267,23,72,1,22,0,0
267,23,76,2,0,0,0
267,23,78,1,15,0,0
267,23,81,1,1,0,2
267,23,94,2,0,0,0
267,23,104,2,0,0,0
267,23,106,1,1,0,3
267,23,141,1,25,0,0
267,23,148,2,0,0,0
267,23,156,2,0,0,0
267,23,164,2,0,0,0
267,23,168,2,0,0,0
267,23,182,1,37,0,0
267,23,182,2,0,0,0
267,23,202,1,32,0,0
267,23,202,2,0,0,0
267,23,203,2,0,0,0
267,23,207,2,0,0,0
267,23,213,1,27,0,0
267,23,213,2,0,0,0
267,23,214,2,0,0,0
267,23,219,2,0,0,0
267,23,234,1,17,0,0
267,23,241,2,0,0,0
267,23,247,2,0,0,0
267,23,263,2,0,0,0
267,23,314,1,20,0,0
267,23,332,2,0,0,0
267,23,355,2,0,0,0
267,23,369,2,0,0,0
267,23,405,1,35,0,0
267,23,405,2,0,0,0
267,23,412,2,0,0,0
267,23,416,2,0,0,0
267,23,432,2,0,0,0
267,23,450,1,1,0,5
267,23,483,1,40,0,0
268,23,106,1,0,0,0
268,23,106,1,1,0,0
269,23,16,1,0,0,0
269,23,16,1,1,0,0
269,23,18,1,30,0,0
269,23,33,1,1,0,1
269,23,40,1,1,0,4
269,23,60,1,22,0,0
269,23,63,2,0,0,0
269,23,76,2,0,0,0
269,23,77,1,15,0,0
269,23,81,1,1,0,2
269,23,92,1,32,0,0
269,23,92,2,0,0,0
269,23,93,1,12,0,0
269,23,94,2,0,0,0
269,23,104,2,0,0,0
269,23,106,1,1,0,3
269,23,113,1,27,0,0
269,23,113,2,0,0,0
269,23,141,1,25,0,0
269,23,148,2,0,0,0
269,23,156,2,0,0,0
269,23,164,2,0,0,0
269,23,168,2,0,0,0
269,23,182,1,37,0,0
269,23,182,2,0,0,0
269,23,188,2,0,0,0
269,23,202,2,0,0,0
269,23,203,2,0,0,0
269,23,207,2,0,0,0
269,23,213,2,0,0,0
269,23,214,2,0,0,0
269,23,236,1,17,0,0
269,23,241,2,0,0,0
269,23,247,2,0,0,0
269,23,263,2,0,0,0
269,23,332,2,0,0,0
269,23,355,2,0,0,0
269,23,369,2,0,0,0
269,23,405,1,35,0,0
269,23,405,2,0,0,0
269,23,412,2,0,0,0
269,23,416,2,0,0,0
269,23,432,2,0,0,0
269,23,450,1,1,0,5
269,23,474,1,20,0,0
269,23,483,1,40,0,0
270,23,14,2,0,0,0
270,23,45,1,1,0,1
270,23,54,1,9,0,0
270,23,55,1,6,0,0
270,23,55,3,0,0,0
270,23,57,2,0,0,0
270,23,58,2,0,0,0
270,23,59,2,0,0,0
270,23,61,1,20,0,0
270,23,68,3,0,0,0
270,23,71,1,3,0,0
270,23,72,1,12,0,0
270,23,73,3,0,0,0
270,23,75,3,0,0,0
270,23,76,2,0,0,0
270,23,104,2,0,0,0
270,23,148,2,0,0,0
270,23,156,2,0,0,0
270,23,164,2,0,0,0
270,23,168,2,0,0,0
270,23,175,1,16,0,0
270,23,175,3,0,0,0
270,23,182,2,0,0,0
270,23,202,1,28,0,0
270,23,202,2,0,0,0
270,23,203,2,0,0,0
270,23,207,2,0,0,0
270,23,213,2,0,0,0
270,23,214,2,0,0,0
270,23,230,3,0,0,0
270,23,235,3,0,0,0
270,23,240,1,33,0,0
270,23,240,2,0,0,0
270,23,241,2,0,0,0
270,23,258,2,0,0,0
270,23,263,2,0,0,0
270,23,267,1,24,0,0
270,23,298,3,0,0,0
270,23,310,1,1,0,0
270,23,321,3,0,0,0
270,23,331,2,0,0,0
270,23,352,2,0,0,0
270,23,412,1,43,0,0
270,23,412,2,0,0,0
270,23,428,1,38,0,0
270,23,447,2,0,0,0
270,23,503,2,0,0,0
271,23,14,2,0,0,0
271,23,45,1,1,0,5
271,23,54,1,9,0,0
271,23,55,1,1,0,7
271,23,56,1,64,0,0
271,23,57,2,0,0,0
271,23,58,2,0,0,0
271,23,59,2,0,0,0
271,23,61,1,24,0,0
271,23,70,2,0,0,0
271,23,71,1,1,0,6
271,23,72,1,12,0,0
271,23,76,2,0,0,0
271,23,104,2,0,0,0
271,23,127,2,0,0,0
271,23,148,2,0,0,0
271,23,154,1,18,0,0
271,23,156,2,0,0,0
271,23,164,2,0,0,0
271,23,168,2,0,0,0
271,23,175,1,1,0,3
271,23,182,2,0,0,0
271,23,202,1,36,0,0
271,23,202,2,0,0,0
271,23,203,2,0,0,0
271,23,207,2,0,0,0
271,23,213,2,0,0,0
271,23,214,2,0,0,0
271,23,240,1,43,0,0
271,23,240,2,0,0,0
271,23,241,2,0,0,0
271,23,249,2,0,0,0
271,23,252,1,1,0,1
271,23,258,2,0,0,0
271,23,263,2,0,0,0
271,23,267,1,30,0,0
271,23,280,2,0,0,0
271,23,282,1,1,0,2
271,23,298,1,1,0,0
271,23,310,1,1,0,4
271,23,331,2,0,0,0
271,23,352,2,0,0,0
271,23,374,2,0,0,0
271,23,409,2,0,0,0
271,23,412,1,57,0,0
271,23,412,2,0,0,0
271,23,428,1,50,0,0
271,23,447,2,0,0,0
271,23,503,2,0,0,0
272,23,14,2,0,0,0
272,23,45,1,1,0,15
272,23,54,1,1,0,4
272,23,55,1,1,0,17
272,23,56,1,1,0,13
272,23,57,2,0,0,0
272,23,58,2,0,0,0
272,23,59,2,0,0,0
272,23,61,1,1,0,7
272,23,63,2,0,0,0
272,23,70,2,0,0,0
272,23,71,1,1,0,16
272,23,72,1,1,0,5
272,23,76,2,0,0,0
272,23,104,2,0,0,0
272,23,127,2,0,0,0
272,23,148,2,0,0,0
272,23,154,1,1,0,6
272,23,156,2,0,0,0
272,23,164,2,0,0,0
272,23,168,2,0,0,0
272,23,175,1,1,0,3
272,23,182,2,0,0,0
272,23,202,1,1,0,9
272,23,202,2,0,0,0
272,23,203,2,0,0,0
272,23,207,2,0,0,0
272,23,213,2,0,0,0
272,23,214,2,0,0,0
272,23,240,1,1,0,10
272,23,240,2,0,0,0
272,23,241,2,0,0,0
272,23,249,2,0,0,0
272,23,252,1,1,0,1
272,23,258,2,0,0,0
272,23,263,2,0,0,0
272,23,264,2,0,0,0
272,23,267,1,1,0,8
272,23,280,2,0,0,0
272,23,282,1,1,0,2
272,23,298,1,1,0,0
272,23,310,1,1,0,14
272,23,331,2,0,0,0
272,23,352,2,0,0,0
272,23,374,2,0,0,0
272,23,409,2,0,0,0
272,23,411,2,0,0,0
272,23,412,1,1,0,12
272,23,412,2,0,0,0
272,23,416,2,0,0,0
272,23,428,1,1,0,11
272,23,431,2,0,0,0
272,23,447,2,0,0,0
272,23,503,2,0,0,0
273,23,14,2,0,0,0
273,23,33,1,1,0,1
273,23,36,3,0,0,0
273,23,71,1,3,0,0
273,23,72,1,15,0,0
273,23,73,3,0,0,0
273,23,74,1,9,0,0
273,23,76,2,0,0,0
273,23,91,2,0,0,0
273,23,98,3,0,0,0
273,23,104,2,0,0,0
273,23,106,1,1,0,2
273,23,133,3,0,0,0
273,23,148,2,0,0,0
273,23,153,1,33,0,0
273,23,153,2,0,0,0
273,23,156,2,0,0,0
273,23,164,2,0,0,0
273,23,182,2,0,0,0
273,23,202,2,0,0,0
273,23,203,2,0,0,0
273,23,205,1,12,0,0
273,23,206,2,0,0,0
273,23,207,2,0,0,0
273,23,213,2,0,0,0
273,23,214,2,0,0,0
273,23,235,1,27,0,0
273,23,241,1,24,0,0
273,23,241,2,0,0,0
273,23,247,2,0,0,0
273,23,249,2,0,0,0
273,23,251,3,0,0,0
273,23,263,2,0,0,0
273,23,267,1,21,0,0
273,23,310,1,6,0,0
273,23,331,2,0,0,0
273,23,371,1,18,0,0
273,23,371,2,0,0,0
273,23,384,3,0,0,0
273,23,388,3,0,0,0
273,23,389,1,30,0,0
273,23,400,3,0,0,0
273,23,412,2,0,0,0
273,23,417,2,0,0,0
273,23,447,2,0,0,0
273,23,492,3,0,0,0
273,23,580,3,0,0,0
274,23,14,2,0,0,0
274,23,15,2,0,0,0
274,23,33,1,1,0,7
274,23,63,2,0,0,0
274,23,70,2,0,0,0
274,23,71,1,1,0,9
274,23,72,1,18,0,0
274,23,74,1,9,0,0
274,23,75,1,0,0,0
274,23,75,1,1,0,0
274,23,76,2,0,0,0
274,23,91,2,0,0,0
274,23,104,2,0,0,0
274,23,106,1,1,0,8
274,23,148,2,0,0,0
274,23,153,1,1,0,6
274,23,153,2,0,0,0
274,23,156,2,0,0,0
274,23,157,2,0,0,0
274,23,164,2,0,0,0
274,23,168,2,0,0,0
274,23,182,2,0,0,0
274,23,202,2,0,0,0
274,23,203,2,0,0,0
274,23,205,1,12,0,0
274,23,206,2,0,0,0
274,23,207,1,1,0,4
274,23,207,2,0,0,0
274,23,213,2,0,0,0
274,23,214,2,0,0,0
274,23,235,1,1,0,5
274,23,241,1,36,0,0
274,23,241,2,0,0,0
274,23,244,2,0,0,0
274,23,247,2,0,0,0
274,23,249,2,0,0,0
274,23,252,1,1,0,3
274,23,259,1,1,0,2
274,23,259,2,0,0,0
274,23,263,2,0,0,0
274,23,267,1,30,0,0
274,23,280,2,0,0,0
274,23,310,1,1,0,10
274,23,314,1,1,0,1
274,23,317,2,0,0,0
274,23,326,1,43,0,0
274,23,331,2,0,0,0
274,23,348,1,57,0,0
274,23,371,1,24,0,0
274,23,371,2,0,0,0
274,23,374,2,0,0,0
274,23,389,1,50,0,0
274,23,399,2,0,0,0
274,23,412,2,0,0,0
274,23,417,2,0,0,0
274,23,447,2,0,0,0
274,23,490,2,0,0,0
274,23,555,2,0,0,0
275,23,14,2,0,0,0
275,23,15,2,0,0,0
275,23,18,1,1,0,6
275,23,33,1,1,0,19
275,23,63,2,0,0,0
275,23,70,2,0,0,0
275,23,71,1,1,0,21
275,23,72,1,1,0,12
275,23,74,1,1,0,10
275,23,75,1,1,0,1
275,23,76,2,0,0,0
275,23,91,2,0,0,0
275,23,104,2,0,0,0
275,23,106,1,1,0,20
275,23,148,2,0,0,0
275,23,153,1,1,0,9
275,23,153,2,0,0,0
275,23,156,2,0,0,0
275,23,157,2,0,0,0
275,23,164,2,0,0,0
275,23,168,2,0,0,0
275,23,182,2,0,0,0
275,23,202,2,0,0,0
275,23,203,2,0,0,0
275,23,205,1,1,0,11
275,23,206,2,0,0,0
275,23,207,1,1,0,5
275,23,207,2,0,0,0
275,23,213,2,0,0,0
275,23,214,2,0,0,0
275,23,235,1,1,0,8
275,23,241,1,1,0,15
275,23,241,2,0,0,0
275,23,244,2,0,0,0
275,23,247,2,0,0,0
275,23,249,2,0,0,0
275,23,252,1,1,0,4
275,23,259,1,1,0,3
275,23,259,2,0,0,0
275,23,263,2,0,0,0
275,23,267,1,1,0,14
275,23,280,2,0,0,0
275,23,310,1,1,0,22
275,23,314,1,1,0,2
275,23,317,2,0,0,0
275,23,326,1,1,0,16
275,23,331,2,0,0,0
275,23,332,2,0,0,0
275,23,348,1,1,0,18
275,23,371,1,1,0,13
275,23,371,2,0,0,0
275,23,374,2,0,0,0
275,23,389,1,1,0,17
275,23,399,2,0,0,0
275,23,404,2,0,0,0
275,23,411,2,0,0,0
275,23,412,2,0,0,0
275,23,416,2,0,0,0
275,23,417,2,0,0,0
275,23,432,2,0,0,0
275,23,447,2,0,0,0
275,23,490,2,0,0,0
275,23,536,1,0,0,0
275,23,536,1,1,0,0
275,23,542,1,1,0,7
275,23,555,2,0,0,0
276,23,17,1,13,0,0
276,23,18,3,0,0,0
276,23,19,2,0,0,0
276,23,45,1,1,0,2
276,23,48,3,0,0,0
276,23,64,1,1,0,1
276,23,97,1,29,0,0
276,23,98,1,9,0,0
276,23,104,1,17,0,0
276,23,104,2,0,0,0
276,23,116,1,5,0,0
276,23,143,3,0,0,0
276,23,156,2,0,0,0
276,23,164,2,0,0,0
276,23,168,2,0,0,0
276,23,179,1,45,0,0
276,23,182,2,0,0,0
276,23,203,2,0,0,0
276,23,207,2,0,0,0
276,23,211,2,0,0,0
276,23,213,2,0,0,0
276,23,214,2,0,0,0
276,23,240,2,0,0,0
276,23,241,2,0,0,0
276,23,263,2,0,0,0
276,23,283,1,37,0,0
276,23,332,1,21,0,0
276,23,332,2,0,0,0
276,23,355,2,0,0,0
276,23,365,2,0,0,0
276,23,369,2,0,0,0
276,23,403,1,33,0,0
276,23,413,1,41,0,0
276,23,413,3,0,0,0
276,23,432,2,0,0,0
276,23,501,1,25,0,0
276,23,526,2,0,0,0
276,23,542,3,0,0,0
276,23,586,3,0,0,0
277,23,17,1,13,0,0
277,23,19,2,0,0,0
277,23,45,1,1,0,4
277,23,63,2,0,0,0
277,23,64,1,1,0,3
277,23,97,1,33,0,0
277,23,98,1,1,0,6
277,23,98,1,9,0,0
277,23,104,1,17,0,0
277,23,104,2,0,0,0
277,23,116,1,1,0,5
277,23,116,1,5,0,0
277,23,156,2,0,0,0
277,23,164,2,0,0,0
277,23,168,2,0,0,0
277,23,179,1,57,0,0
277,23,182,2,0,0,0
277,23,203,2,0,0,0
277,23,207,2,0,0,0
277,23,211,2,0,0,0
277,23,213,2,0,0,0
277,23,214,2,0,0,0
277,23,240,2,0,0,0
277,23,241,2,0,0,0
277,23,263,2,0,0,0
277,23,283,1,45,0,0
277,23,332,1,21,0,0
277,23,332,2,0,0,0
277,23,355,2,0,0,0
277,23,365,1,1,0,2
277,23,365,2,0,0,0
277,23,369,2,0,0,0
277,23,403,1,1,0,1
277,23,403,1,39,0,0
277,23,413,1,1,0,0
277,23,413,1,51,0,0
277,23,416,2,0,0,0
277,23,432,2,0,0,0
277,23,501,1,27,0,0
277,23,526,2,0,0,0
278,23,16,3,0,0,0
278,23,17,1,15,0,0
278,23,19,2,0,0,0
278,23,45,1,1,0,0
278,23,48,1,10,0,0
278,23,54,1,35,0,0
278,23,54,3,0,0,0
278,23,55,1,1,0,1
278,23,58,2,0,0,0
278,23,59,2,0,0,0
278,23,97,1,26,0,0
278,23,97,3,0,0,0
278,23,98,1,5,0,0
278,23,104,2,0,0,0
278,23,156,2,0,0,0
278,23,164,2,0,0,0
278,23,168,2,0,0,0
278,23,182,2,0,0,0
278,23,203,2,0,0,0
278,23,207,2,0,0,0
278,23,211,2,0,0,0
278,23,213,2,0,0,0
278,23,214,2,0,0,0
278,23,239,3,0,0,0
278,23,240,2,0,0,0
278,23,258,2,0,0,0
278,23,263,2,0,0,0
278,23,282,3,0,0,0
278,23,314,3,0,0,0
278,23,332,2,0,0,0
278,23,351,2,0,0,0
278,23,352,1,20,0,0
278,23,352,2,0,0,0
278,23,355,1,40,0,0
278,23,355,2,0,0,0
278,23,362,2,0,0,0
278,23,365,2,0,0,0
278,23,369,2,0,0,0
278,23,392,3,0,0,0
278,23,403,1,30,0,0
278,23,432,2,0,0,0
278,23,469,3,0,0,0
278,23,487,3,0,0,0
278,23,503,2,0,0,0
278,23,542,1,45,0,0
279,23,17,1,15,0,0
279,23,19,2,0,0,0
279,23,45,1,1,0,5
279,23,48,1,1,0,8
279,23,54,1,41,0,0
279,23,55,1,1,0,6
279,23,56,1,62,0,0
279,23,57,2,0,0,0
279,23,58,2,0,0,0
279,23,59,2,0,0,0
279,23,63,2,0,0,0
279,23,97,1,1,0,3
279,23,98,1,1,0,2
279,23,104,2,0,0,0
279,23,156,2,0,0,0
279,23,164,2,0,0,0
279,23,168,2,0,0,0
279,23,182,1,1,0,0
279,23,182,2,0,0,0
279,23,203,2,0,0,0
279,23,207,2,0,0,0
279,23,211,2,0,0,0
279,23,213,2,0,0,0
279,23,214,2,0,0,0
279,23,240,2,0,0,0
279,23,254,1,28,0,0
279,23,255,1,28,0,2
279,23,256,1,28,0,1
279,23,258,2,0,0,0
279,23,263,2,0,0,0
279,23,332,2,0,0,0
279,23,351,2,0,0,0
279,23,352,1,20,0,0
279,23,352,2,0,0,0
279,23,355,1,48,0,0
279,23,355,2,0,0,0
279,23,362,2,0,0,0
279,23,365,2,0,0,0
279,23,366,1,1,0,7
279,23,369,2,0,0,0
279,23,371,2,0,0,0
279,23,374,1,34,0,0
279,23,374,2,0,0,0
279,23,403,1,1,0,4
279,23,416,2,0,0,0
279,23,432,2,0,0,0
279,23,487,1,1,0,1
279,23,503,2,0,0,0
279,23,542,1,55,0,0
280,23,45,1,1,0,0
280,23,50,3,0,0,0
280,23,60,1,18,0,0
280,23,85,2,0,0,0
280,23,86,2,0,0,0
280,23,93,1,6,0,0
280,23,94,1,30,0,0
280,23,94,2,0,0,0
280,23,95,1,9,0,0
280,23,100,1,15,0,0
280,23,104,1,3,0,0
280,23,104,2,0,0,0
280,23,109,3,0,0,0
280,23,113,2,0,0,0
280,23,115,2,0,0,0
280,23,138,1,36,0,0
280,23,138,2,0,0,0
280,23,148,2,0,0,0
280,23,156,2,0,0,0
280,23,164,2,0,0,0
280,23,168,2,0,0,0
280,23,182,2,0,0,0
280,23,194,3,0,0,0
280,23,203,2,0,0,0
280,23,204,1,24,0,0
280,23,207,2,0,0,0
280,23,212,3,0,0,0
280,23,213,2,0,0,0
280,23,214,2,0,0,0
280,23,219,2,0,0,0
280,23,227,3,0,0,0
280,23,240,2,0,0,0
280,23,241,2,0,0,0
280,23,244,2,0,0,0
280,23,247,2,0,0,0
280,23,248,1,39,0,0
280,23,259,2,0,0,0
280,23,261,2,0,0,0
280,23,262,3,0,0,0
280,23,263,2,0,0,0
280,23,269,2,0,0,0
280,23,278,2,0,0,0
280,23,282,3,0,0,0
280,23,285,2,0,0,0
280,23,288,3,0,0,0
280,23,347,1,27,0,0
280,23,347,2,0,0,0
280,23,351,2,0,0,0
280,23,374,2,0,0,0
280,23,425,3,0,0,0
280,23,433,2,0,0,0
280,23,447,2,0,0,0
280,23,451,2,0,0,0
280,23,502,3,0,0,0
280,23,505,1,33,0,0
280,23,574,1,1,0,1
280,23,577,1,12,0,0
280,23,581,3,0,0,0
280,23,605,2,0,0,0
280,23,791,1,21,0,0
281,23,45,1,1,0,0
281,23,60,1,18,0,0
281,23,85,2,0,0,0
281,23,86,2,0,0,0
281,23,93,1,1,0,3
281,23,94,1,38,0,0
281,23,94,2,0,0,0
281,23,95,1,9,0,0
281,23,100,1,15,0,0
281,23,104,1,1,0,2
281,23,104,2,0,0,0
281,23,113,2,0,0,0
281,23,115,2,0,0,0
281,23,138,1,48,0,0
281,23,138,2,0,0,0
281,23,148,2,0,0,0
281,23,156,2,0,0,0
281,23,164,2,0,0,0
281,23,168,2,0,0,0
281,23,182,2,0,0,0
281,23,203,2,0,0,0
281,23,204,1,28,0,0
281,23,207,2,0,0,0
281,23,213,2,0,0,0
281,23,214,2,0,0,0
281,23,219,2,0,0,0
281,23,240,2,0,0,0
281,23,241,2,0,0,0
281,23,244,2,0,0,0
281,23,247,2,0,0,0
281,23,248,1,53,0,0
281,23,259,2,0,0,0
281,23,261,2,0,0,0
281,23,263,2,0,0,0
281,23,269,2,0,0,0
281,23,278,2,0,0,0
281,23,285,2,0,0,0
281,23,347,1,33,0,0
281,23,347,2,0,0,0
281,23,351,2,0,0,0
281,23,374,2,0,0,0
281,23,433,2,0,0,0
281,23,447,2,0,0,0
281,23,451,2,0,0,0
281,23,505,1,43,0,0
281,23,574,1,1,0,1
281,23,577,1,12,0,0
281,23,605,2,0,0,0
281,23,791,1,23,0,0
282,23,45,1,1,0,5
282,23,60,1,18,0,0
282,23,63,2,0,0,0
282,23,85,2,0,0,0
282,23,86,2,0,0,0
282,23,93,1,1,0,8
282,23,94,1,42,0,0
282,23,94,2,0,0,0
282,23,95,1,9,0,0
282,23,100,1,15,0,0
282,23,104,1,1,0,7
282,23,104,2,0,0,0
282,23,113,2,0,0,0
282,23,115,2,0,0,0
282,23,138,1,56,0,0
282,23,138,2,0,0,0
282,23,148,2,0,0,0
282,23,156,2,0,0,0
282,23,164,2,0,0,0
282,23,168,2,0,0,0
282,23,182,2,0,0,0
282,23,203,2,0,0,0
282,23,204,1,1,0,4
282,23,207,2,0,0,0
282,23,213,2,0,0,0
282,23,214,2,0,0,0
282,23,219,2,0,0,0
282,23,240,2,0,0,0
282,23,241,2,0,0,0
282,23,244,2,0,0,0
282,23,247,2,0,0,0
282,23,248,1,63,0,0
282,23,259,2,0,0,0
282,23,261,2,0,0,0
282,23,263,2,0,0,0
282,23,269,2,0,0,0
282,23,273,1,28,0,0
282,23,278,2,0,0,0
282,23,285,2,0,0,0
282,23,347,1,35,0,0
282,23,347,2,0,0,0
282,23,351,2,0,0,0
282,23,361,1,1,0,3
282,23,374,2,0,0,0
282,23,411,2,0,0,0
282,23,412,2,0,0,0
282,23,416,2,0,0,0
282,23,433,2,0,0,0
282,23,447,2,0,0,0
282,23,451,2,0,0,0
282,23,505,1,49,0,0
282,23,574,1,1,0,6
282,23,577,1,12,0,0
282,23,581,1,1,0,2
282,23,585,1,1,0,1
282,23,605,1,0,0,0
282,23,605,1,1,0,0
282,23,605,2,0,0,0
282,23,791,1,23,0,0
283,23,54,1,25,0,0
283,23,55,1,1,0,0
283,23,56,3,0,0,0
283,23,58,2,0,0,0
283,23,59,2,0,0,0
283,23,60,3,0,0,0
283,23,61,1,17,0,0
283,23,76,2,0,0,0
283,23,97,1,22,0,0
283,23,98,1,6,0,0
283,23,104,2,0,0,0
283,23,114,1,25,0,1
283,23,148,2,0,0,0
283,23,156,2,0,0,0
283,23,164,2,0,0,0
283,23,168,2,0,0,0
283,23,170,3,0,0,0
283,23,182,2,0,0,0
283,23,202,2,0,0,0
283,23,203,2,0,0,0
283,23,207,2,0,0,0
283,23,213,2,0,0,0
283,23,214,2,0,0,0
283,23,226,1,35,0,0
283,23,230,1,9,0,0
283,23,240,2,0,0,0
283,23,241,2,0,0,0
283,23,244,2,0,0,0
283,23,247,2,0,0,0
283,23,263,2,0,0,0
283,23,341,3,0,0,0
283,23,352,2,0,0,0
283,23,450,3,0,0,0
283,23,453,1,30,0,0
283,23,453,3,0,0,0
283,23,471,3,0,0,0
283,23,487,1,14,0,0
283,23,503,2,0,0,0
283,23,564,1,38,0,0
283,23,565,3,0,0,0
283,23,679,3,0,0,0
284,23,16,1,17,0,0
284,23,18,1,1,0,1
284,23,18,1,48,0,0
284,23,48,1,32,0,0
284,23,54,1,1,0,8
284,23,55,1,1,0,5
284,23,58,2,0,0,0
284,23,59,2,0,0,0
284,23,61,1,1,0,6
284,23,63,2,0,0,0
284,23,76,2,0,0,0
284,23,78,1,26,0,0
284,23,97,1,1,0,7
284,23,98,1,1,0,3
284,23,98,1,6,0,0
284,23,104,2,0,0,0
284,23,114,1,1,0,9
284,23,148,2,0,0,0
284,23,156,2,0,0,0
284,23,164,2,0,0,0
284,23,168,2,0,0,0
284,23,182,2,0,0,0
284,23,184,1,22,0,0
284,23,202,2,0,0,0
284,23,203,2,0,0,0
284,23,207,2,0,0,0
284,23,213,2,0,0,0
284,23,214,2,0,0,0
284,23,226,1,1,0,11
284,23,230,1,1,0,4
284,23,230,1,9,0,0
284,23,240,2,0,0,0
284,23,241,2,0,0,0
284,23,244,2,0,0,0
284,23,247,2,0,0,0
284,23,263,2,0,0,0
284,23,314,1,22,0,1
284,23,332,2,0,0,0
284,23,352,2,0,0,0
284,23,355,2,0,0,0
284,23,369,2,0,0,0
284,23,403,1,38,0,0
284,23,405,1,1,0,2
284,23,405,1,42,0,0
284,23,405,2,0,0,0
284,23,412,2,0,0,0
284,23,416,2,0,0,0
284,23,432,2,0,0,0
284,23,453,1,1,0,10
284,23,483,1,1,0,0
284,23,483,1,52,0,0
284,23,487,1,14,0,0
284,23,503,2,0,0,0
284,23,564,1,1,0,12
285,23,29,1,15,0,0
285,23,33,1,1,0,1
285,23,71,1,1,0,0
285,23,72,1,12,0,0
285,23,73,1,8,0,0
285,23,74,1,29,0,0
285,23,76,2,0,0,0
285,23,77,1,19,0,0
285,23,78,1,5,0,0
285,23,92,1,33,0,0
285,23,92,2,0,0,0
285,23,104,2,0,0,0
285,23,147,1,40,0,0
285,23,148,2,0,0,0
285,23,156,2,0,0,0
285,23,164,2,0,0,0
285,23,182,2,0,0,0
285,23,188,2,0,0,0
285,23,202,1,26,0,0
285,23,202,2,0,0,0
285,23,203,2,0,0,0
285,23,204,3,0,0,0
285,23,206,2,0,0,0
285,23,207,2,0,0,0
285,23,213,2,0,0,0
285,23,214,2,0,0,0
285,23,219,2,0,0,0
285,23,241,2,0,0,0
285,23,263,2,0,0,0
285,23,270,3,0,0,0
285,23,313,3,0,0,0
285,23,331,2,0,0,0
285,23,388,1,22,0,0
285,23,388,3,0,0,0
285,23,402,1,36,0,0
285,23,402,3,0,0,0
285,23,409,2,0,0,0
285,23,412,2,0,0,0
285,23,447,2,0,0,0
286,23,14,2,0,0,0
286,23,15,2,0,0,0
286,23,29,1,15,0,0
286,23,33,1,1,0,2
286,23,63,2,0,0,0
286,23,68,1,22,0,0
286,23,70,2,0,0,0
286,23,71,1,1,0,1
286,23,72,1,12,0,0
286,23,73,1,1,0,4
286,23,73,1,8,0,0
286,23,74,1,1,0,8
286,23,76,2,0,0,0
286,23,77,1,1,0,5
286,23,78,1,1,0,3
286,23,78,1,5,0,0
286,23,92,1,1,0,9
286,23,104,2,0,0,0
286,23,147,1,1,0,10
286,23,148,2,0,0,0
286,23,156,2,0,0,0
286,23,157,2,0,0,0
286,23,164,2,0,0,0
286,23,170,1,33,0,0
286,23,182,2,0,0,0
286,23,183,1,0,0,0
286,23,183,1,1,0,0
286,23,188,2,0,0,0
286,23,202,1,1,0,7
286,23,202,2,0,0,0
286,23,203,2,0,0,0
286,23,206,2,0,0,0
286,23,207,2,0,0,0
286,23,213,2,0,0,0
286,23,214,2,0,0,0
286,23,219,2,0,0,0
286,23,223,1,50,0,0
286,23,231,2,0,0,0
286,23,241,2,0,0,0
286,23,249,2,0,0,0
286,23,263,2,0,0,0
286,23,264,2,0,0,0
286,23,280,2,0,0,0
286,23,317,2,0,0,0
286,23,331,2,0,0,0
286,23,339,2,0,0,0
286,23,364,1,19,0,0
286,23,374,2,0,0,0
286,23,388,1,1,0,6
286,23,395,1,28,0,0
286,23,402,1,44,0,0
286,23,409,1,39,0,0
286,23,409,2,0,0,0
286,23,411,2,0,0,0
286,23,412,2,0,0,0
286,23,416,2,0,0,0
286,23,444,2,0,0,0
286,23,447,2,0,0,0
286,23,490,2,0,0,0
286,23,526,2,0,0,0
287,23,10,1,1,0,0
287,23,15,2,0,0,0
287,23,29,1,25,0,0
287,23,34,3,0,0,0
287,23,53,2,0,0,0
287,23,58,2,0,0,0
287,23,59,2,0,0,0
287,23,68,1,30,0,0
287,23,70,2,0,0,0
287,23,76,2,0,0,0
287,23,85,2,0,0,0
287,23,87,2,0,0,0
287,23,104,2,0,0,0
287,23,126,2,0,0,0
287,23,133,1,17,0,0
287,23,156,1,14,0,0
287,23,156,2,0,0,0
287,23,157,2,0,0,0
287,23,163,3,0,0,0
287,23,164,2,0,0,0
287,23,173,3,0,0,0
287,23,174,3,0,0,0
287,23,175,1,33,0,0
287,23,182,2,0,0,0
287,23,203,2,0,0,0
287,23,207,2,0,0,0
287,23,213,2,0,0,0
287,23,214,2,0,0,0
287,23,227,1,6,0,0
287,23,240,2,0,0,0
287,23,241,2,0,0,0
287,23,247,2,0,0,0
287,23,249,2,0,0,0
287,23,263,2,0,0,0
287,23,264,2,0,0,0
287,23,280,2,0,0,0
287,23,281,1,1,0,1
287,23,303,1,9,0,0
287,23,306,3,0,0,0
287,23,317,2,0,0,0
287,23,321,3,0,0,0
287,23,332,2,0,0,0
287,23,339,2,0,0,0
287,23,343,1,22,0,0
287,23,351,2,0,0,0
287,23,352,2,0,0,0
287,23,359,3,0,0,0
287,23,374,2,0,0,0
287,23,400,3,0,0,0
287,23,421,2,0,0,0
287,23,495,3,0,0,0
287,23,526,2,0,0,0
287,23,583,1,38,0,0
288,23,10,1,1,0,1
288,23,15,2,0,0,0
288,23,29,1,27,0,0
288,23,46,2,0,0,0
288,23,53,2,0,0,0
288,23,58,2,0,0,0
288,23,59,2,0,0,0
288,23,68,1,33,0,0
288,23,70,2,0,0,0
288,23,76,2,0,0,0
288,23,85,2,0,0,0
288,23,87,2,0,0,0
288,23,89,2,0,0,0
288,23,104,2,0,0,0
288,23,116,1,1,0,2
288,23,126,2,0,0,0
288,23,133,1,1,0,8
288,23,154,1,14,0,0
288,23,156,1,1,0,7
288,23,156,2,0,0,0
288,23,157,2,0,0,0
288,23,163,1,23,0,0
288,23,164,2,0,0,0
288,23,175,1,1,0,10
288,23,179,1,1,0,0
288,23,179,1,43,0,0
288,23,182,2,0,0,0
288,23,203,1,17,0,0
288,23,203,2,0,0,0
288,23,207,2,0,0,0
288,23,213,2,0,0,0
288,23,214,2,0,0,0
288,23,227,1,1,0,3
288,23,227,1,6,0,0
288,23,240,2,0,0,0
288,23,241,2,0,0,0
288,23,247,2,0,0,0
288,23,249,2,0,0,0
288,23,253,1,1,0,4
288,23,253,1,9,0,0
288,23,263,2,0,0,0
288,23,264,1,37,0,0
288,23,264,2,0,0,0
288,23,269,2,0,0,0
288,23,280,2,0,0,0
288,23,281,1,1,0,5
288,23,303,1,1,0,6
288,23,317,2,0,0,0
288,23,332,2,0,0,0
288,23,339,2,0,0,0
288,23,343,1,1,0,9
288,23,351,2,0,0,0
288,23,352,2,0,0,0
288,23,374,2,0,0,0
288,23,411,2,0,0,0
288,23,421,2,0,0,0
288,23,431,2,0,0,0
288,23,490,2,0,0,0
288,23,523,2,0,0,0
288,23,526,2,0,0,0
288,23,583,1,1,0,11
289,23,10,1,1,0,3
289,23,15,2,0,0,0
289,23,29,1,27,0,0
289,23,46,2,0,0,0
289,23,53,2,0,0,0
289,23,58,2,0,0,0
289,23,59,2,0,0,0
289,23,63,2,0,0,0
289,23,68,1,33,0,0
289,23,70,2,0,0,0
289,23,76,2,0,0,0
289,23,85,2,0,0,0
289,23,87,2,0,0,0
289,23,89,2,0,0,0
289,23,104,2,0,0,0
289,23,116,1,1,0,7
289,23,126,2,0,0,0
289,23,133,1,17,0,0
289,23,154,1,1,0,10
289,23,156,1,14,0,0
289,23,156,2,0,0,0
289,23,157,2,0,0,0
289,23,163,1,1,0,12
289,23,164,2,0,0,0
289,23,175,1,39,0,0
289,23,179,1,1,0,14
289,23,182,2,0,0,0
289,23,203,1,1,0,11
289,23,203,2,0,0,0
289,23,207,1,0,0,0
289,23,207,1,1,0,0
289,23,207,2,0,0,0
289,23,213,2,0,0,0
289,23,214,2,0,0,0
289,23,227,1,1,0,5
289,23,227,1,6,0,0
289,23,240,2,0,0,0
289,23,241,2,0,0,0
289,23,247,2,0,0,0
289,23,249,2,0,0,0
289,23,253,1,1,0,8
289,23,263,2,0,0,0
289,23,264,1,1,0,13
289,23,264,2,0,0,0
289,23,269,2,0,0,0
289,23,280,2,0,0,0
289,23,281,1,1,0,4
289,23,303,1,1,0,6
289,23,303,1,9,0,0
289,23,317,2,0,0,0
289,23,332,2,0,0,0
289,23,339,2,0,0,0
289,23,343,1,23,0,0
289,23,351,2,0,0,0
289,23,352,2,0,0,0
289,23,359,1,1,0,1
289,23,359,1,61,0,0
289,23,374,1,1,0,2
289,23,374,1,47,0,0
289,23,374,2,0,0,0
289,23,389,1,53,0,0
289,23,411,2,0,0,0
289,23,416,2,0,0,0
289,23,421,2,0,0,0
289,23,431,2,0,0,0
289,23,490,2,0,0,0
289,23,523,2,0,0,0
289,23,526,2,0,0,0
289,23,583,1,1,0,9
290,23,10,1,1,0,1
290,23,15,2,0,0,0
290,23,16,3,0,0,0
290,23,28,1,1,0,0
290,23,71,1,21,0,0
290,23,76,2,0,0,0
290,23,91,1,40,0,0
290,23,91,2,0,0,0
290,23,104,2,0,0,0
290,23,106,1,5,0,0
290,23,148,2,0,0,0
290,23,154,1,30,0,0
290,23,156,2,0,0,0
290,23,164,2,0,0,0
290,23,170,1,35,0,0
290,23,175,3,0,0,0
290,23,182,2,0,0,0
290,23,189,1,15,0,0
290,23,201,2,0,0,0
290,23,202,2,0,0,0
290,23,203,2,0,0,0
290,23,206,1,10,0,0
290,23,206,2,0,0,0
290,23,207,2,0,0,0
290,23,214,2,0,0,0
290,23,232,1,25,0,0
290,23,241,2,0,0,0
290,23,247,2,0,0,0
290,23,263,2,0,0,0
290,23,332,2,0,0,0
290,23,400,3,0,0,0
290,23,404,2,0,0,0
290,23,405,2,0,0,0
290,23,450,3,0,0,0
290,23,515,3,0,0,0
291,23,10,1,1,0,9
291,23,14,1,57,0,0
291,23,14,2,0,0,0
291,23,15,2,0,0,0
291,23,28,1,1,0,8
291,23,63,2,0,0,0
291,23,71,1,23,0,0
291,23,76,2,0,0,0
291,23,91,1,1,0,7
291,23,91,2,0,0,0
291,23,97,1,15,0,0
291,23,103,1,0,0,1
291,23,103,1,1,0,1
291,23,104,1,0,0,0
291,23,104,1,1,0,0
291,23,104,2,0,0,0
291,23,106,1,1,0,10
291,23,148,2,0,0,0
291,23,154,1,36,0,0
291,23,156,2,0,0,0
291,23,163,1,50,0,0
291,23,164,2,0,0,0
291,23,168,2,0,0,0
291,23,170,1,43,0,0
291,23,182,2,0,0,0
291,23,189,1,1,0,5
291,23,201,2,0,0,0
291,23,202,2,0,0,0
291,23,203,2,0,0,0
291,23,206,1,1,0,11
291,23,206,2,0,0,0
291,23,207,2,0,0,0
291,23,210,1,0,0,2
291,23,210,1,1,0,2
291,23,214,2,0,0,0
291,23,226,1,1,0,3
291,23,232,1,1,0,6
291,23,241,2,0,0,0
291,23,247,2,0,0,0
291,23,263,2,0,0,0
291,23,332,1,1,0,4
291,23,332,2,0,0,0
291,23,355,2,0,0,0
291,23,369,2,0,0,0
291,23,404,1,64,0,0
291,23,404,2,0,0,0
291,23,405,2,0,0,0
291,23,416,2,0,0,0
291,23,432,2,0,0,0
291,23,450,1,29,0,0
292,23,10,1,1,0,5
292,23,15,2,0,0,0
292,23,28,1,1,0,6
292,23,63,2,0,0,0
292,23,71,1,23,0,0
292,23,76,2,0,0,0
292,23,91,1,1,0,4
292,23,91,2,0,0,0
292,23,104,2,0,0,0
292,23,106,1,1,0,7
292,23,109,1,15,0,0
292,23,138,2,0,0,0
292,23,148,2,0,0,0
292,23,154,1,36,0,0
292,23,156,2,0,0,0
292,23,164,2,0,0,0
292,23,168,2,0,0,0
292,23,170,1,43,0,0
292,23,180,1,57,0,0
292,23,182,2,0,0,0
292,23,189,1,1,0,2
292,23,201,2,0,0,0
292,23,202,2,0,0,0
292,23,203,2,0,0,0
292,23,206,1,1,0,8
292,23,206,2,0,0,0
292,23,207,2,0,0,0
292,23,214,2,0,0,0
292,23,232,1,1,0,3
292,23,241,2,0,0,0
292,23,247,1,50,0,0
292,23,247,2,0,0,0
292,23,261,2,0,0,0
292,23,263,2,0,0,0
292,23,288,1,1,0,1
292,23,332,2,0,0,0
292,23,404,2,0,0,0
292,23,405,2,0,0,0
292,23,416,2,0,0,0
292,23,421,1,1,0,0
292,23,421,2,0,0,0
292,23,425,1,29,0,0
292,23,566,1,64,0,0
293,23,1,1,1,0,1
293,23,18,3,0,0,0
293,23,23,1,21,0,0
293,23,36,3,0,0,0
293,23,46,1,25,0,0
293,23,46,2,0,0,0
293,23,48,1,30,0,0
293,23,53,2,0,0,0
293,23,58,2,0,0,0
293,23,59,2,0,0,0
293,23,76,2,0,0,0
293,23,103,1,40,0,0
293,23,104,2,0,0,0
293,23,108,3,0,0,0
293,23,126,2,0,0,0
293,23,156,1,15,0,0
293,23,156,2,0,0,0
293,23,164,2,0,0,0
293,23,173,3,0,0,0
293,23,182,2,0,0,0
293,23,203,2,0,0,0
293,23,207,2,0,0,0
293,23,213,2,0,0,0
293,23,214,1,15,0,1
293,23,214,2,0,0,0
293,23,240,2,0,0,0
293,23,241,2,0,0,0
293,23,247,2,0,0,0
293,23,253,1,35,0,0
293,23,263,2,0,0,0
293,23,283,3,0,0,0
293,23,304,1,45,0,0
293,23,310,1,1,0,0
293,23,313,3,0,0,0
293,23,326,3,0,0,0
293,23,336,1,10,0,0
293,23,351,2,0,0,0
293,23,352,2,0,0,0
293,23,359,3,0,0,0
293,23,374,2,0,0,0
293,23,497,1,5,0,0
293,23,509,3,0,0,0
293,23,526,2,0,0,0
293,23,574,3,0,0,0
294,23,1,1,1,0,2
294,23,23,1,23,0,0
294,23,44,1,0,0,0
294,23,44,1,1,0,0
294,23,46,1,29,0,0
294,23,46,2,0,0,0
294,23,48,1,36,0,0
294,23,53,2,0,0,0
294,23,58,2,0,0,0
294,23,59,2,0,0,0
294,23,70,2,0,0,0
294,23,76,2,0,0,0
294,23,89,2,0,0,0
294,23,103,1,50,0,0
294,23,104,2,0,0,0
294,23,126,2,0,0,0
294,23,156,1,15,0,0
294,23,156,2,0,0,0
294,23,157,2,0,0,0
294,23,164,2,0,0,0
294,23,182,2,0,0,0
294,23,203,2,0,0,0
294,23,207,2,0,0,0
294,23,213,2,0,0,0
294,23,214,1,15,0,1
294,23,214,2,0,0,0
294,23,240,2,0,0,0
294,23,241,2,0,0,0
294,23,247,2,0,0,0
294,23,249,2,0,0,0
294,23,253,1,43,0,0
294,23,259,2,0,0,0
294,23,263,2,0,0,0
294,23,269,2,0,0,0
294,23,280,2,0,0,0
294,23,304,1,57,0,0
294,23,310,1,1,0,1
294,23,315,2,0,0,0
294,23,317,2,0,0,0
294,23,336,1,1,0,4
294,23,351,2,0,0,0
294,23,352,2,0,0,0
294,23,374,2,0,0,0
294,23,497,1,1,0,3
294,23,523,2,0,0,0
294,23,526,2,0,0,0
295,23,1,1,1,0,6
295,23,23,1,23,0,0
295,23,44,1,1,0,1
295,23,46,1,29,0,0
295,23,46,2,0,0,0
295,23,48,1,36,0,0
295,23,53,2,0,0,0
295,23,57,2,0,0,0
295,23,58,2,0,0,0
295,23,59,2,0,0,0
295,23,63,1,81,0,0
295,23,63,2,0,0,0
295,23,70,2,0,0,0
295,23,76,2,0,0,0
295,23,89,2,0,0,0
295,23,103,1,54,0,0
295,23,104,2,0,0,0
295,23,126,2,0,0,0
295,23,156,1,15,0,0
295,23,156,2,0,0,0
295,23,157,2,0,0,0
295,23,164,2,0,0,0
295,23,182,2,0,0,0
295,23,203,2,0,0,0
295,23,207,2,0,0,0
295,23,213,2,0,0,0
295,23,214,1,15,0,1
295,23,214,2,0,0,0
295,23,240,2,0,0,0
295,23,241,2,0,0,0
295,23,242,1,0,0,0
295,23,242,1,1,0,0
295,23,247,2,0,0,0
295,23,249,2,0,0,0
295,23,253,1,45,0,0
295,23,259,2,0,0,0
295,23,263,2,0,0,0
295,23,269,2,0,0,0
295,23,280,2,0,0,0
295,23,304,1,63,0,0
295,23,310,1,1,0,5
295,23,315,2,0,0,0
295,23,317,2,0,0,0
295,23,336,1,1,0,8
295,23,351,2,0,0,0
295,23,352,2,0,0,0
295,23,374,2,0,0,0
295,23,411,2,0,0,0
295,23,416,2,0,0,0
295,23,419,2,0,0,0
295,23,422,1,1,0,4
295,23,423,1,1,0,2
295,23,424,1,1,0,3
295,23,431,2,0,0,0
295,23,497,1,1,0,7
295,23,523,2,0,0,0
295,23,526,2,0,0,0
295,23,586,1,72,0,0
296,23,18,1,16,0,0
296,23,28,1,4,0,0
296,23,33,1,1,0,0
296,23,57,2,0,0,0
296,23,68,3,0,0,0
296,23,69,1,31,0,0
296,23,70,2,0,0,0
296,23,89,2,0,0,0
296,23,91,2,0,0,0
296,23,104,2,0,0,0
296,23,116,1,1,0,1
296,23,156,2,0,0,0
296,23,157,2,0,0,0
296,23,164,2,0,0,0
296,23,179,1,43,0,0
296,23,182,2,0,0,0
296,23,187,1,25,0,0
296,23,197,1,28,0,0
296,23,197,3,0,0,0
296,23,203,1,37,0,0
296,23,203,2,0,0,0
296,23,207,2,0,0,0
296,23,213,2,0,0,0
296,23,214,2,0,0,0
296,23,223,3,0,0,0
296,23,233,1,22,0,0
296,23,238,3,0,0,0
296,23,240,2,0,0,0
296,23,241,2,0,0,0
296,23,249,2,0,0,0
296,23,252,1,10,0,0
296,23,263,2,0,0,0
296,23,264,1,34,0,0
296,23,264,2,0,0,0
296,23,270,3,0,0,0
296,23,279,3,0,0,0
296,23,280,2,0,0,0
296,23,282,1,19,0,0
296,23,292,1,7,0,0
296,23,317,2,0,0,0
296,23,339,2,0,0,0
296,23,364,3,0,0,0
296,23,370,1,40,0,0
296,23,374,2,0,0,0
296,23,395,1,13,0,0
296,23,398,2,0,0,0
296,23,411,2,0,0,0
296,23,418,3,0,0,0
296,23,431,2,0,0,0
296,23,469,3,0,0,0
296,23,484,1,46,0,0
296,23,490,2,0,0,0
296,23,523,2,0,0,0
296,23,526,2,0,0,0
297,23,18,1,16,0,0
297,23,28,1,1,0,3
297,23,28,1,4,0,0
297,23,33,1,1,0,1
297,23,57,2,0,0,0
297,23,63,2,0,0,0
297,23,69,1,34,0,0
297,23,70,2,0,0,0
297,23,89,2,0,0,0
297,23,91,2,0,0,0
297,23,104,2,0,0,0
297,23,116,1,1,0,2
297,23,156,2,0,0,0
297,23,157,2,0,0,0
297,23,164,2,0,0,0
297,23,179,1,50,0,0
297,23,182,2,0,0,0
297,23,187,1,26,0,0
297,23,197,1,30,0,0
297,23,203,1,42,0,0
297,23,203,2,0,0,0
297,23,207,2,0,0,0
297,23,213,2,0,0,0
297,23,214,2,0,0,0
297,23,233,1,22,0,0
297,23,240,2,0,0,0
297,23,241,2,0,0,0
297,23,249,2,0,0,0
297,23,252,1,10,0,0
297,23,263,2,0,0,0
297,23,264,1,38,0,0
297,23,264,2,0,0,0
297,23,280,2,0,0,0
297,23,282,1,19,0,0
297,23,292,1,1,0,4
297,23,292,1,7,0,0
297,23,317,2,0,0,0
297,23,339,2,0,0,0
297,23,362,1,1,0,0
297,23,362,2,0,0,0
297,23,370,1,46,0,0
297,23,371,2,0,0,0
297,23,374,2,0,0,0
297,23,395,1,13,0,0
297,23,398,2,0,0,0
297,23,411,2,0,0,0
297,23,416,2,0,0,0
297,23,431,2,0,0,0
297,23,444,2,0,0,0
297,23,484,1,54,0,0
297,23,490,2,0,0,0
297,23,523,2,0,0,0
297,23,526,2,0,0,0
298,23,21,1,12,0,0
298,23,21,3,0,0,0
298,23,34,3,0,0,0
298,23,39,1,1,0,2
298,23,47,3,0,0,0
298,23,48,3,0,0,0
298,23,55,1,1,0,1
298,23,57,2,0,0,0
298,23,58,2,0,0,0
298,23,59,2,0,0,0
298,23,61,1,6,0,0
298,23,104,2,0,0,0
298,23,113,2,0,0,0
298,23,127,2,0,0,0
298,23,150,1,1,0,0
298,23,156,2,0,0,0
298,23,164,2,0,0,0
298,23,182,2,0,0,0
298,23,187,3,0,0,0
298,23,195,3,0,0,0
298,23,203,2,0,0,0
298,23,204,1,9,0,0
298,23,207,2,0,0,0
298,23,213,2,0,0,0
298,23,214,2,0,0,0
298,23,217,3,0,0,0
298,23,227,3,0,0,0
298,23,231,2,0,0,0
298,23,240,2,0,0,0
298,23,258,2,0,0,0
298,23,263,2,0,0,0
298,23,270,1,3,0,0
298,23,313,3,0,0,0
298,23,321,3,0,0,0
298,23,330,3,0,0,0
298,23,340,1,15,0,0
298,23,352,2,0,0,0
298,23,383,3,0,0,0
298,23,453,3,0,0,0
298,23,487,3,0,0,0
298,23,503,2,0,0,0
298,23,526,2,0,0,0
299,23,33,1,1,0,0
299,23,38,3,0,0,0
299,23,70,2,0,0,0
299,23,85,2,0,0,0
299,23,86,1,13,0,0
299,23,86,2,0,0,0
299,23,87,2,0,0,0
299,23,88,1,10,0,0
299,23,89,2,0,0,0
299,23,104,2,0,0,0
299,23,106,1,4,0,0
299,23,153,2,0,0,0
299,23,156,1,16,0,0
299,23,156,2,0,0,0
299,23,157,1,22,0,0
299,23,157,2,0,0,0
299,23,164,2,0,0,0
299,23,182,2,0,0,0
299,23,192,1,43,0,1
299,23,199,1,43,0,0
299,23,201,1,34,0,0
299,23,201,2,0,0,0
299,23,203,2,0,0,0
299,23,205,3,0,0,0
299,23,207,2,0,0,0
299,23,209,1,19,0,0
299,23,213,2,0,0,0
299,23,214,2,0,0,0
299,23,241,2,0,0,0
299,23,249,2,0,0,0
299,23,259,2,0,0,0
299,23,263,2,0,0,0
299,23,269,2,0,0,0
299,23,317,2,0,0,0
299,23,335,1,7,0,0
299,23,335,3,0,0,0
299,23,350,1,28,0,0
299,23,351,2,0,0,0
299,23,397,2,0,0,0
299,23,408,1,25,0,0
299,23,414,1,37,0,0
299,23,435,1,31,0,0
299,23,444,1,40,0,0
299,23,444,2,0,0,0
299,23,446,2,0,0,0
299,23,469,3,0,0,0
299,23,521,2,0,0,0
299,23,523,2,0,0,0
299,23,605,2,0,0,0
300,23,33,1,4,0,0
300,23,38,1,40,0,0
300,23,39,1,1,0,2
300,23,45,1,1,0,1
300,23,47,1,7,0,0
300,23,58,2,0,0,0
300,23,59,2,0,0,0
300,23,76,2,0,0,0
300,23,85,2,0,0,0
300,23,86,2,0,0,0
300,23,87,2,0,0,0
300,23,91,2,0,0,0
300,23,104,2,0,0,0
300,23,138,2,0,0,0
300,23,148,2,0,0,0
300,23,154,1,16,0,0
300,23,156,2,0,0,0
300,23,164,2,0,0,0
300,23,182,2,0,0,0
300,23,203,2,0,0,0
300,23,204,1,25,0,0
300,23,207,2,0,0,0
300,23,213,1,10,0,0
300,23,213,2,0,0,0
300,23,214,2,0,0,0
300,23,215,1,37,0,0
300,23,219,2,0,0,0
300,23,226,3,0,0,0
300,23,231,2,0,0,0
300,23,240,2,0,0,0
300,23,241,2,0,0,0
300,23,244,2,0,0,0
300,23,247,2,0,0,0
300,23,252,1,1,0,0
300,23,252,3,0,0,0
300,23,253,3,0,0,0
300,23,263,1,31,0,0
300,23,263,2,0,0,0
300,23,270,3,0,0,0
300,23,273,3,0,0,0
300,23,313,3,0,0,0
300,23,321,3,0,0,0
300,23,322,3,0,0,0
300,23,343,1,34,0,0
300,23,347,2,0,0,0
300,23,351,2,0,0,0
300,23,352,2,0,0,0
300,23,371,1,22,0,0
300,23,371,2,0,0,0
300,23,383,1,19,0,0
300,23,387,3,0,0,0
300,23,389,3,0,0,0
300,23,417,2,0,0,0
300,23,428,3,0,0,0
300,23,447,2,0,0,0
300,23,451,2,0,0,0
300,23,493,3,0,0,0
300,23,526,2,0,0,0
300,23,574,1,13,0,0
300,23,583,1,46,0,0
300,23,608,1,43,0,0
301,23,33,1,1,0,5
301,23,38,1,1,0,14
301,23,39,1,1,0,4
301,23,45,1,1,0,3
301,23,47,1,1,0,1
301,23,58,2,0,0,0
301,23,59,2,0,0,0
301,23,63,2,0,0,0
301,23,70,2,0,0,0
301,23,76,2,0,0,0
301,23,85,2,0,0,0
301,23,86,2,0,0,0
301,23,87,2,0,0,0
301,23,91,2,0,0,0
301,23,104,2,0,0,0
301,23,138,2,0,0,0
301,23,148,2,0,0,0
301,23,154,1,1,0,7
301,23,156,2,0,0,0
301,23,164,2,0,0,0
301,23,182,2,0,0,0
301,23,203,2,0,0,0
301,23,204,1,1,0,10
301,23,207,2,0,0,0
301,23,213,1,1,0,2
301,23,213,2,0,0,0
301,23,214,2,0,0,0
301,23,215,1,1,0,13
301,23,219,2,0,0,0
301,23,231,2,0,0,0
301,23,240,2,0,0,0
301,23,241,2,0,0,0
301,23,244,2,0,0,0
301,23,247,2,0,0,0
301,23,249,2,0,0,0
301,23,252,1,1,0,0
301,23,263,1,1,0,11
301,23,263,2,0,0,0
301,23,343,1,1,0,12
301,23,347,2,0,0,0
301,23,351,2,0,0,0
301,23,352,2,0,0,0
301,23,371,1,1,0,9
301,23,371,2,0,0,0
301,23,383,1,1,0,8
301,23,416,2,0,0,0
301,23,417,2,0,0,0
301,23,447,2,0,0,0
301,23,451,2,0,0,0
301,23,526,2,0,0,0
301,23,574,1,1,0,6
301,23,583,1,1,0,16
301,23,608,1,1,0,15
302,23,10,1,1,0,2
302,23,15,2,0,0,0
302,23,43,1,1,0,1
302,23,50,1,15,0,0
302,23,91,2,0,0,0
302,23,94,2,0,0,0
302,23,101,1,21,0,0
302,23,104,2,0,0,0
302,23,105,3,0,0,0
302,23,109,1,6,0,0
302,23,138,2,0,0,0
302,23,148,2,0,0,0
302,23,154,1,24,0,0
302,23,156,2,0,0,0
302,23,164,2,0,0,0
302,23,168,2,0,0,0
302,23,182,2,0,0,0
302,23,197,1,18,0,0
302,23,203,2,0,0,0
302,23,207,2,0,0,0
302,23,212,1,36,0,0
302,23,212,3,0,0,0
302,23,213,2,0,0,0
302,23,214,2,0,0,0
302,23,236,3,0,0,0
302,23,240,2,0,0,0
302,23,241,2,0,0,0
302,23,244,2,0,0,0
302,23,247,1,45,0,0
302,23,247,2,0,0,0
302,23,249,2,0,0,0
302,23,252,1,12,0,0
302,23,259,2,0,0,0
302,23,260,3,0,0,0
302,23,261,2,0,0,0
302,23,263,2,0,0,0
302,23,264,2,0,0,0
302,23,269,2,0,0,0
302,23,271,3,0,0,0
302,23,280,2,0,0,0
302,23,282,1,27,0,0
302,23,286,3,0,0,0
302,23,310,1,3,0,0
302,23,317,2,0,0,0
302,23,332,2,0,0,0
302,23,347,2,0,0,0
302,23,351,2,0,0,0
302,23,352,2,0,0,0
302,23,360,2,0,0,0
302,23,364,3,0,0,0
302,23,368,3,0,0,0
302,23,371,2,0,0,0
302,23,374,2,0,0,0
302,23,389,3,0,0,0
302,23,398,2,0,0,0
302,23,399,2,0,0,0
302,23,408,1,39,0,0
302,23,409,2,0,0,0
302,23,417,2,0,0,0
302,23,421,1,33,0,0
302,23,421,2,0,0,0
302,23,425,1,9,0,0
302,23,428,1,42,0,0
302,23,490,2,0,0,0
302,23,492,1,48,0,0
302,23,511,1,30,0,0
302,23,555,2,0,0,0
302,23,605,2,0,0,0
303,23,14,2,0,0,0
303,23,21,3,0,0,0
303,23,44,1,12,0,0
303,23,45,1,1,0,1
303,23,53,2,0,0,0
303,23,58,2,0,0,0
303,23,63,2,0,0,0
303,23,69,3,0,0,0
303,23,70,2,0,0,0
303,23,76,2,0,0,0
303,23,104,2,0,0,0
303,23,126,2,0,0,0
303,23,156,2,0,0,0
303,23,157,2,0,0,0
303,23,164,2,0,0,0
303,23,182,2,0,0,0
303,23,188,2,0,0,0
303,23,201,2,0,0,0
303,23,203,2,0,0,0
303,23,206,2,0,0,0
303,23,207,2,0,0,0
303,23,213,2,0,0,0
303,23,214,2,0,0,0
303,23,226,1,8,0,0
303,23,230,1,32,0,0
303,23,240,2,0,0,0
303,23,241,2,0,0,0
303,23,242,1,28,0,0
303,23,246,3,0,0,0
303,23,247,2,0,0,0
303,23,249,2,0,0,0
303,23,254,1,16,0,0
303,23,255,1,16,0,2
303,23,256,1,16,0,1
303,23,259,2,0,0,0
303,23,263,2,0,0,0
303,23,264,2,0,0,0
303,23,269,1,40,0,0
303,23,269,2,0,0,0
303,23,280,2,0,0,0
303,23,305,3,0,0,0
303,23,310,1,1,0,0
303,23,313,1,44,0,0
303,23,317,2,0,0,0
303,23,321,3,0,0,0
303,23,334,1,24,0,0
303,23,368,3,0,0,0
303,23,371,2,0,0,0
303,23,374,2,0,0,0
303,23,385,3,0,0,0
303,23,389,1,20,0,0
303,23,389,3,0,0,0
303,23,399,2,0,0,0
303,23,411,2,0,0,0
303,23,416,2,0,0,0
303,23,422,3,0,0,0
303,23,423,3,0,0,0
303,23,424,3,0,0,0
303,23,430,2,0,0,0
303,23,442,1,36,0,0
303,23,444,2,0,0,0
303,23,446,2,0,0,0
303,23,447,2,0,0,0
303,23,451,2,0,0,0
303,23,581,3,0,0,0
303,23,583,1,48,0,0
303,23,584,1,4,0,0
303,23,612,3,0,0,0
304,23,15,2,0,0,0
304,23,23,3,0,0,0
304,23,29,1,16,0,0
304,23,33,1,1,0,0
304,23,34,3,0,0,0
304,23,36,1,36,0,0
304,23,38,1,56,0,0
304,23,46,1,12,0,0
304,23,46,2,0,0,0
304,23,70,2,0,0,0
304,23,89,2,0,0,0
304,23,91,2,0,0,0
304,23,103,3,0,0,0
304,23,104,2,0,0,0
304,23,106,1,1,0,1
304,23,156,2,0,0,0
304,23,157,1,24,0,0
304,23,157,2,0,0,0
304,23,164,2,0,0,0
304,23,174,3,0,0,0
304,23,179,3,0,0,0
304,23,182,1,20,0,0
304,23,182,2,0,0,0
304,23,189,3,0,0,0
304,23,201,2,0,0,0
304,23,203,2,0,0,0
304,23,207,2,0,0,0
304,23,213,2,0,0,0
304,23,214,2,0,0,0
304,23,231,1,44,0,0
304,23,231,2,0,0,0
304,23,232,1,4,0,0
304,23,240,2,0,0,0
304,23,241,2,0,0,0
304,23,249,2,0,0,0
304,23,263,2,0,0,0
304,23,276,3,0,0,0
304,23,283,3,0,0,0
304,23,317,1,8,0,0
304,23,317,2,0,0,0
304,23,319,1,33,0,0
304,23,332,2,0,0,0
304,23,334,1,48,0,0
304,23,351,2,0,0,0
304,23,352,2,0,0,0
304,23,368,1,60,0,0
304,23,397,2,0,0,0
304,23,407,3,0,0,0
304,23,421,2,0,0,0
304,23,442,1,28,0,0
304,23,442,3,0,0,0
304,23,446,2,0,0,0
304,23,457,3,0,0,0
304,23,475,1,40,0,0
304,23,484,1,52,0,0
304,23,523,2,0,0,0
305,23,15,2,0,0,0
305,23,29,1,16,0,0
305,23,33,1,1,0,0
305,23,36,1,40,0,0
305,23,38,1,70,0,0
305,23,46,1,12,0,0
305,23,46,2,0,0,0
305,23,70,2,0,0,0
305,23,89,2,0,0,0
305,23,91,2,0,0,0
305,23,104,2,0,0,0
305,23,106,1,1,0,1
305,23,156,2,0,0,0
305,23,157,1,24,0,0
305,23,157,2,0,0,0
305,23,164,2,0,0,0
305,23,182,1,20,0,0
305,23,182,2,0,0,0
305,23,201,2,0,0,0
305,23,203,2,0,0,0
305,23,207,2,0,0,0
305,23,213,2,0,0,0
305,23,214,2,0,0,0
305,23,231,1,52,0,0
305,23,231,2,0,0,0
305,23,232,1,1,0,2
305,23,240,2,0,0,0
305,23,241,2,0,0,0
305,23,249,2,0,0,0
305,23,263,2,0,0,0
305,23,317,1,1,0,3
305,23,317,2,0,0,0
305,23,319,1,35,0,0
305,23,332,2,0,0,0
305,23,334,1,58,0,0
305,23,351,2,0,0,0
305,23,352,2,0,0,0
305,23,368,1,76,0,0
305,23,397,2,0,0,0
305,23,421,2,0,0,0
305,23,442,1,28,0,0
305,23,444,2,0,0,0
305,23,446,2,0,0,0
305,23,475,1,46,0,0
305,23,484,1,64,0,0
305,23,523,2,0,0,0
306,23,15,2,0,0,0
306,23,29,1,16,0,0
306,23,33,1,1,0,0
306,23,36,1,40,0,0
306,23,38,1,80,0,0
306,23,46,1,12,0,0
306,23,46,2,0,0,0
306,23,53,2,0,0,0
306,23,57,2,0,0,0
306,23,58,2,0,0,0
306,23,59,2,0,0,0
306,23,63,2,0,0,0
306,23,70,2,0,0,0
306,23,76,2,0,0,0
306,23,85,2,0,0,0
306,23,86,2,0,0,0
306,23,87,2,0,0,0
306,23,89,2,0,0,0
306,23,91,2,0,0,0
306,23,104,2,0,0,0
306,23,106,1,1,0,1
306,23,126,2,0,0,0
306,23,156,2,0,0,0
306,23,157,1,24,0,0
306,23,157,2,0,0,0
306,23,164,2,0,0,0
306,23,182,1,20,0,0
306,23,182,2,0,0,0
306,23,201,2,0,0,0
306,23,203,2,0,0,0
306,23,207,2,0,0,0
306,23,213,2,0,0,0
306,23,214,2,0,0,0
306,23,231,1,56,0,0
306,23,231,2,0,0,0
306,23,232,1,1,0,2
306,23,240,2,0,0,0
306,23,241,2,0,0,0
306,23,249,2,0,0,0
306,23,263,2,0,0,0
306,23,264,2,0,0,0
306,23,269,2,0,0,0
306,23,280,2,0,0,0
306,23,317,1,1,0,3
306,23,317,2,0,0,0
306,23,319,1,35,0,0
306,23,332,2,0,0,0
306,23,334,1,64,0,0
306,23,337,2,0,0,0
306,23,351,2,0,0,0
306,23,352,2,0,0,0
306,23,368,1,88,0,0
306,23,371,2,0,0,0
306,23,374,2,0,0,0
306,23,397,2,0,0,0
306,23,399,2,0,0,0
306,23,406,2,0,0,0
306,23,411,2,0,0,0
306,23,416,2,0,0,0
306,23,419,2,0,0,0
306,23,421,2,0,0,0
306,23,430,2,0,0,0
306,23,431,2,0,0,0
306,23,442,1,28,0,0
306,23,444,2,0,0,0
306,23,446,2,0,0,0
306,23,475,1,48,0,0
306,23,484,1,72,0,0
306,23,523,2,0,0,0
307,23,1,1,1,0,0
307,23,7,3,0,0,0
307,23,8,3,0,0,0
307,23,9,3,0,0,0
307,23,60,1,20,0,0
307,23,67,1,4,0,0
307,23,68,1,44,0,0
307,23,70,2,0,0,0
307,23,93,1,7,0,0
307,23,94,2,0,0,0
307,23,104,2,0,0,0
307,23,105,1,41,0,0
307,23,113,2,0,0,0
307,23,115,2,0,0,0
307,23,136,1,28,0,0
307,23,138,2,0,0,0
307,23,148,2,0,0,0
307,23,156,2,0,0,0
307,23,157,2,0,0,0
307,23,164,2,0,0,0
307,23,170,1,25,0,0
307,23,179,1,39,0,0
307,23,182,2,0,0,0
307,23,197,1,9,0,0
307,23,203,1,12,0,0
307,23,203,2,0,0,0
307,23,207,2,0,0,0
307,23,213,2,0,0,0
307,23,214,2,0,0,0
307,23,223,3,0,0,0
307,23,226,3,0,0,0
307,23,240,2,0,0,0
307,23,241,2,0,0,0
307,23,244,1,31,0,0
307,23,244,2,0,0,0
307,23,247,2,0,0,0
307,23,249,2,0,0,0
307,23,252,3,0,0,0
307,23,263,2,0,0,0
307,23,264,2,0,0,0
307,23,278,2,0,0,0
307,23,280,2,0,0,0
307,23,317,2,0,0,0
307,23,339,2,0,0,0
307,23,347,1,23,0,0
307,23,347,2,0,0,0
307,23,364,1,15,0,0
307,23,367,1,33,0,0
307,23,374,2,0,0,0
307,23,379,1,36,0,0
307,23,384,3,0,0,0
307,23,385,3,0,0,0
307,23,395,1,17,0,0
307,23,398,2,0,0,0
307,23,409,2,0,0,0
307,23,411,2,0,0,0
307,23,418,3,0,0,0
307,23,427,3,0,0,0
307,23,447,2,0,0,0
307,23,490,2,0,0,0
307,23,501,3,0,0,0
307,23,526,2,0,0,0
308,23,1,1,1,0,4
308,23,7,1,1,0,1
308,23,8,1,1,0,3
308,23,9,1,1,0,2
308,23,60,1,20,0,0
308,23,63,2,0,0,0
308,23,67,1,4,0,0
308,23,68,1,53,0,0
308,23,70,2,0,0,0
308,23,93,1,1,0,5
308,23,93,1,7,0,0
308,23,94,2,0,0,0
308,23,104,2,0,0,0
308,23,105,1,47,0,0
308,23,113,2,0,0,0
308,23,115,2,0,0,0
308,23,136,1,28,0,0
308,23,138,2,0,0,0
308,23,148,2,0,0,0
308,23,156,2,0,0,0
308,23,157,2,0,0,0
308,23,164,2,0,0,0
308,23,170,1,25,0,0
308,23,179,1,42,0,0
308,23,182,2,0,0,0
308,23,197,1,1,0,6
308,23,197,1,9,0,0
308,23,203,1,12,0,0
308,23,203,2,0,0,0
308,23,207,2,0,0,0
308,23,213,2,0,0,0
308,23,214,2,0,0,0
308,23,240,2,0,0,0
308,23,241,2,0,0,0
308,23,244,1,31,0,0
308,23,244,2,0,0,0
308,23,247,2,0,0,0
308,23,249,2,0,0,0
308,23,263,2,0,0,0
308,23,264,2,0,0,0
308,23,278,2,0,0,0
308,23,280,2,0,0,0
308,23,317,2,0,0,0
308,23,339,2,0,0,0
308,23,347,1,23,0,0
308,23,347,2,0,0,0
308,23,364,1,15,0,0
308,23,367,1,33,0,0
308,23,374,2,0,0,0
308,23,379,1,36,0,0
308,23,395,1,17,0,0
308,23,398,2,0,0,0
308,23,409,2,0,0,0
308,23,411,2,0,0,0
308,23,412,2,0,0,0
308,23,416,2,0,0,0
308,23,428,1,1,0,0
308,23,447,2,0,0,0
308,23,490,2,0,0,0
308,23,526,2,0,0,0
309,23,29,3,0,0,0
309,23,33,1,1,0,0
309,23,43,1,4,0,0
309,23,44,1,20,0,0
309,23,46,1,28,0,0
309,23,46,2,0,0,0
309,23,53,2,0,0,0
309,23,70,2,0,0,0
309,23,85,2,0,0,0
309,23,86,1,1,0,1
309,23,86,2,0,0,0
309,23,87,1,44,0,0
309,23,87,2,0,0,0
309,23,98,1,12,0,0
309,23,104,2,0,0,0
309,23,113,2,0,0,0
309,23,129,3,0,0,0
309,23,148,2,0,0,0
309,23,156,2,0,0,0
309,23,164,2,0,0,0
309,23,168,2,0,0,0
309,23,174,3,0,0,0
309,23,182,2,0,0,0
309,23,203,2,0,0,0
309,23,207,2,0,0,0
309,23,209,3,0,0,0
309,23,213,2,0,0,0
309,23,214,2,0,0,0
309,23,231,2,0,0,0
309,23,240,2,0,0,0
309,23,242,3,0,0,0
309,23,253,3,0,0,0
309,23,263,2,0,0,0
309,23,268,1,36,0,0
309,23,336,1,8,0,0
309,23,351,1,16,0,0
309,23,351,2,0,0,0
309,23,415,3,0,0,0
309,23,422,1,24,0,0
309,23,422,3,0,0,0
309,23,423,3,0,0,0
309,23,424,3,0,0,0
309,23,435,1,32,0,0
309,23,435,3,0,0,0
309,23,451,2,0,0,0
309,23,486,3,0,0,0
309,23,521,2,0,0,0
309,23,528,1,40,0,0
309,23,555,2,0,0,0
309,23,598,3,0,0,0
310,23,33,1,1,0,1
310,23,43,1,1,0,3
310,23,44,1,20,0,0
310,23,46,1,30,0,0
310,23,46,2,0,0,0
310,23,53,2,0,0,0
310,23,63,2,0,0,0
310,23,70,2,0,0,0
310,23,85,2,0,0,0
310,23,86,1,1,0,2
310,23,86,2,0,0,0
310,23,87,1,54,0,0
310,23,87,2,0,0,0
310,23,98,1,12,0,0
310,23,104,2,0,0,0
310,23,113,2,0,0,0
310,23,148,2,0,0,0
310,23,156,2,0,0,0
310,23,164,2,0,0,0
310,23,168,2,0,0,0
310,23,182,2,0,0,0
310,23,203,2,0,0,0
310,23,207,2,0,0,0
310,23,213,2,0,0,0
310,23,214,2,0,0,0
310,23,231,2,0,0,0
310,23,240,2,0,0,0
310,23,263,2,0,0,0
310,23,268,1,42,0,0
310,23,315,2,0,0,0
310,23,336,1,1,0,4
310,23,351,1,16,0,0
310,23,351,2,0,0,0
310,23,416,2,0,0,0
310,23,422,1,24,0,0
310,23,424,1,1,0,0
310,23,435,1,36,0,0
310,23,451,2,0,0,0
310,23,521,2,0,0,0
310,23,528,1,48,0,0
310,23,555,2,0,0,0
310,23,604,1,60,0,0
311,23,45,1,1,0,2
311,23,47,3,0,0,0
311,23,85,2,0,0,0
311,23,86,1,1,0,3
311,23,86,2,0,0,0
311,23,87,1,43,0,0
311,23,87,2,0,0,0
311,23,97,1,37,0,0
311,23,98,1,1,0,4
311,23,104,2,0,0,0
311,23,113,2,0,0,0
311,23,129,1,16,0,0
311,23,148,2,0,0,0
311,23,156,2,0,0,0
311,23,164,2,0,0,0
311,23,182,2,0,0,0
311,23,186,3,0,0,0
311,23,203,2,0,0,0
311,23,204,1,25,0,0
311,23,204,3,0,0,0
311,23,207,2,0,0,0
311,23,209,1,7,0,0
311,23,213,2,0,0,0
311,23,214,2,0,0,0
311,23,226,1,34,0,0
311,23,227,1,10,0,0
311,23,231,2,0,0,0
311,23,240,2,0,0,0
311,23,263,2,0,0,0
311,23,268,1,28,0,0
311,23,270,1,4,0,0
311,23,273,3,0,0,0
311,23,285,1,13,0,0
311,23,285,2,0,0,0
311,23,313,3,0,0,0
311,23,351,2,0,0,0
311,23,374,2,0,0,0
311,23,383,1,22,0,0
311,23,387,1,40,0,0
311,23,417,1,46,0,0
311,23,417,2,0,0,0
311,23,435,1,31,0,0
311,23,435,3,0,0,0
311,23,447,2,0,0,0
311,23,451,2,0,0,0
311,23,486,1,19,0,0
311,23,494,1,49,0,0
311,23,521,2,0,0,0
311,23,589,1,1,0,1
311,23,609,1,1,0,0
311,23,715,3,0,0,0
312,23,45,1,1,0,2
312,23,47,3,0,0,0
312,23,85,2,0,0,0
312,23,86,1,1,0,3
312,23,86,2,0,0,0
312,23,87,1,43,0,0
312,23,87,2,0,0,0
312,23,97,1,37,0,0
312,23,98,1,1,0,4
312,23,104,2,0,0,0
312,23,113,2,0,0,0
312,23,129,1,16,0,0
312,23,148,2,0,0,0
312,23,156,2,0,0,0
312,23,164,2,0,0,0
312,23,182,2,0,0,0
312,23,186,3,0,0,0
312,23,203,2,0,0,0
312,23,204,3,0,0,0
312,23,207,2,0,0,0
312,23,209,1,7,0,0
312,23,213,2,0,0,0
312,23,214,2,0,0,0
312,23,226,1,34,0,0
312,23,227,1,10,0,0
312,23,231,2,0,0,0
312,23,240,2,0,0,0
312,23,263,2,0,0,0
312,23,268,1,28,0,0
312,23,270,1,4,0,0
312,23,273,3,0,0,0
312,23,313,1,25,0,0
312,23,313,3,0,0,0
312,23,351,2,0,0,0
312,23,374,2,0,0,0
312,23,383,1,22,0,0
312,23,387,1,40,0,0
312,23,415,1,13,0,0
312,23,417,1,46,0,0
312,23,417,2,0,0,0
312,23,435,1,31,0,0
312,23,435,3,0,0,0
312,23,447,2,0,0,0
312,23,451,2,0,0,0
312,23,486,1,19,0,0
312,23,494,1,49,0,0
312,23,521,2,0,0,0
312,23,589,1,1,0,1
312,23,609,1,1,0,0
312,23,715,3,0,0,0
313,23,33,1,1,0,1
313,23,38,1,47,0,0
313,23,69,3,0,0,0
313,23,76,2,0,0,0
313,23,85,2,0,0,0
313,23,86,2,0,0,0
313,23,87,2,0,0,0
313,23,98,1,12,0,0
313,23,104,1,5,0,0
313,23,104,2,0,0,0
313,23,109,1,8,0,0
313,23,113,2,0,0,0
313,23,148,2,0,0,0
313,23,156,2,0,0,0
313,23,164,2,0,0,0
313,23,168,2,0,0,0
313,23,182,1,29,0,0
313,23,182,2,0,0,0
313,23,202,2,0,0,0
313,23,203,2,0,0,0
313,23,207,2,0,0,0
313,23,213,2,0,0,0
313,23,214,2,0,0,0
313,23,226,3,0,0,0
313,23,227,1,26,0,0
313,23,227,3,0,0,0
313,23,236,1,19,0,0
313,23,240,2,0,0,0
313,23,241,2,0,0,0
313,23,244,2,0,0,0
313,23,247,2,0,0,0
313,23,263,2,0,0,0
313,23,264,2,0,0,0
313,23,270,1,36,0,0
313,23,271,3,0,0,0
313,23,280,2,0,0,0
313,23,294,1,22,0,0
313,23,332,2,0,0,0
313,23,351,2,0,0,0
313,23,352,2,0,0,0
313,23,355,2,0,0,0
313,23,369,2,0,0,0
313,23,374,2,0,0,0
313,23,405,1,40,0,0
313,23,405,2,0,0,0
313,23,428,1,33,0,0
313,23,451,2,0,0,0
313,23,522,1,15,0,0
313,23,583,1,43,0,0
313,23,589,1,1,0,0
313,23,605,2,0,0,0
313,23,611,1,50,0,0
313,23,679,3,0,0,0
314,23,33,1,1,0,1
314,23,74,3,0,0,0
314,23,76,2,0,0,0
314,23,85,2,0,0,0
314,23,86,2,0,0,0
314,23,87,2,0,0,0
314,23,98,1,12,0,0
314,23,104,2,0,0,0
314,23,109,3,0,0,0
314,23,113,2,0,0,0
314,23,148,2,0,0,0
314,23,156,2,0,0,0
314,23,164,2,0,0,0
314,23,168,2,0,0,0
314,23,182,2,0,0,0
314,23,202,2,0,0,0
314,23,203,2,0,0,0
314,23,204,1,9,0,0
314,23,207,2,0,0,0
314,23,213,2,0,0,0
314,23,214,2,0,0,0
314,23,226,3,0,0,0
314,23,227,1,26,0,0
314,23,227,3,0,0,0
314,23,230,1,5,0,0
314,23,236,1,19,0,0
314,23,240,2,0,0,0
314,23,241,2,0,0,0
314,23,244,2,0,0,0
314,23,247,2,0,0,0
314,23,260,1,29,0,0
314,23,263,2,0,0,0
314,23,264,2,0,0,0
314,23,270,1,36,0,0
314,23,273,1,22,0,0
314,23,280,2,0,0,0
314,23,312,3,0,0,0
314,23,313,3,0,0,0
314,23,332,2,0,0,0
314,23,343,1,47,0,0
314,23,351,2,0,0,0
314,23,352,2,0,0,0
314,23,355,2,0,0,0
314,23,369,2,0,0,0
314,23,374,2,0,0,0
314,23,405,1,40,0,0
314,23,405,2,0,0,0
314,23,428,1,33,0,0
314,23,451,2,0,0,0
314,23,522,1,15,0,0
314,23,583,1,43,0,0
314,23,589,1,1,0,0
314,23,605,2,0,0,0
314,23,611,1,50,0,0
315,23,14,2,0,0,0
315,23,15,2,0,0,0
315,23,40,1,0,0,0
315,23,40,1,1,0,0
315,23,42,3,0,0,0
315,23,71,1,1,0,1
315,23,72,1,5,0,0
315,23,73,1,10,0,0
315,23,74,1,1,0,2
315,23,75,3,0,0,0
315,23,76,2,0,0,0
315,23,78,1,1,0,3
315,23,79,3,0,0,0
315,23,80,1,60,0,0
315,23,92,1,40,0,0
315,23,92,2,0,0,0
315,23,104,2,0,0,0
315,23,148,2,0,0,0
315,23,156,2,0,0,0
315,23,164,2,0,0,0
315,23,170,3,0,0,0
315,23,178,3,0,0,0
315,23,182,2,0,0,0
315,23,188,2,0,0,0
315,23,191,3,0,0,0
315,23,202,1,30,0,0
315,23,202,2,0,0,0
315,23,203,2,0,0,0
315,23,207,2,0,0,0
315,23,213,2,0,0,0
315,23,214,2,0,0,0
315,23,230,1,25,0,0
315,23,235,1,35,0,0
315,23,235,3,0,0,0
315,23,240,2,0,0,0
315,23,241,2,0,0,0
315,23,244,2,0,0,0
315,23,247,2,0,0,0
315,23,263,2,0,0,0
315,23,275,1,55,0,0
315,23,312,1,50,0,0
315,23,326,3,0,0,0
315,23,331,2,0,0,0
315,23,345,1,15,0,0
315,23,388,1,1,0,4
315,23,390,1,20,0,0
315,23,398,2,0,0,0
315,23,402,3,0,0,0
315,23,412,2,0,0,0
315,23,437,3,0,0,0
315,23,438,3,0,0,0
315,23,447,2,0,0,0
315,23,572,1,45,0,0
315,23,605,2,0,0,0
315,23,791,3,0,0,0
316,23,1,1,1,0,0
316,23,58,2,0,0,0
316,23,70,2,0,0,0
316,23,76,2,0,0,0
316,23,92,1,25,0,0
316,23,92,2,0,0,0
316,23,104,2,0,0,0
316,23,123,3,0,0,0
316,23,124,1,10,0,0
316,23,133,1,12,0,0
316,23,138,2,0,0,0
316,23,139,1,8,0,0
316,23,151,3,0,0,0
316,23,153,2,0,0,0
316,23,156,2,0,0,0
316,23,164,2,0,0,0
316,23,174,3,0,0,0
316,23,182,2,0,0,0
316,23,188,1,33,0,0
316,23,188,2,0,0,0
316,23,189,3,0,0,0
316,23,194,3,0,0,0
316,23,203,2,0,0,0
316,23,207,2,0,0,0
316,23,213,2,0,0,0
316,23,214,2,0,0,0
316,23,220,1,44,0,0
316,23,220,3,0,0,0
316,23,227,1,20,0,0
316,23,240,2,0,0,0
316,23,241,2,0,0,0
316,23,247,2,0,0,0
316,23,249,2,0,0,0
316,23,254,1,28,0,0
316,23,255,1,28,0,1
316,23,256,1,28,0,2
316,23,263,2,0,0,0
316,23,281,1,5,0,0
316,23,331,2,0,0,0
316,23,351,2,0,0,0
316,23,352,2,0,0,0
316,23,380,1,36,0,0
316,23,441,1,49,0,0
316,23,441,3,0,0,0
316,23,491,1,17,0,0
316,23,562,1,41,0,0
316,23,599,3,0,0,0
317,23,1,1,1,0,3
317,23,34,1,0,0,0
317,23,34,1,1,0,0
317,23,58,2,0,0,0
317,23,63,2,0,0,0
317,23,70,2,0,0,0
317,23,76,2,0,0,0
317,23,89,2,0,0,0
317,23,92,1,25,0,0
317,23,92,2,0,0,0
317,23,104,2,0,0,0
317,23,124,1,1,0,6
317,23,124,1,10,0,0
317,23,133,1,12,0,0
317,23,138,2,0,0,0
317,23,139,1,1,0,5
317,23,139,1,8,0,0
317,23,153,2,0,0,0
317,23,156,2,0,0,0
317,23,164,2,0,0,0
317,23,182,2,0,0,0
317,23,188,1,37,0,0
317,23,188,2,0,0,0
317,23,203,2,0,0,0
317,23,207,2,0,0,0
317,23,213,2,0,0,0
317,23,214,2,0,0,0
317,23,220,1,54,0,0
317,23,227,1,20,0,0
317,23,240,2,0,0,0
317,23,241,2,0,0,0
317,23,247,2,0,0,0
317,23,249,2,0,0,0
317,23,254,1,30,0,0
317,23,255,1,30,0,1
317,23,256,1,30,0,2
317,23,263,2,0,0,0
317,23,281,1,1,0,4
317,23,281,1,5,0,0
317,23,331,2,0,0,0
317,23,351,2,0,0,0
317,23,352,2,0,0,0
317,23,380,1,42,0,0
317,23,416,2,0,0,0
317,23,441,1,1,0,2
317,23,441,1,61,0,0
317,23,491,1,17,0,0
317,23,523,2,0,0,0
317,23,562,1,49,0,0
317,23,599,1,1,0,1
318,23,36,1,44,0,0
318,23,37,3,0,0,0
318,23,38,3,0,0,0
318,23,43,1,1,0,1
318,23,44,1,16,0,0
318,23,56,3,0,0,0
318,23,57,2,0,0,0
318,23,58,2,0,0,0
318,23,59,2,0,0,0
318,23,97,1,36,0,0
318,23,103,1,24,0,0
318,23,104,2,0,0,0
318,23,116,1,8,0,0
318,23,127,2,0,0,0
318,23,129,3,0,0,0
318,23,156,2,0,0,0
318,23,164,2,0,0,0
318,23,168,2,0,0,0
318,23,182,2,0,0,0
318,23,184,1,12,0,0
318,23,194,3,0,0,0
318,23,203,2,0,0,0
318,23,207,1,28,0,0
318,23,207,2,0,0,0
318,23,213,2,0,0,0
318,23,214,2,0,0,0
318,23,240,2,0,0,0
318,23,242,1,32,0,0
318,23,246,3,0,0,0
318,23,258,2,0,0,0
318,23,259,2,0,0,0
318,23,263,2,0,0,0
318,23,269,2,0,0,0
318,23,305,1,4,0,0
318,23,352,2,0,0,0
318,23,362,2,0,0,0
318,23,371,2,0,0,0
318,23,399,2,0,0,0
318,23,423,1,20,0,0
318,23,453,1,1,0,0
318,23,503,2,0,0,0
318,23,555,2,0,0,0
318,23,710,1,40,0,0
319,23,36,1,52,0,0
319,23,43,1,1,0,3
319,23,44,1,16,0,0
319,23,46,2,0,0,0
319,23,57,2,0,0,0
319,23,58,2,0,0,0
319,23,59,2,0,0,0
319,23,63,2,0,0,0
319,23,70,2,0,0,0
319,23,89,2,0,0,0
319,23,97,1,40,0,0
319,23,103,1,24,0,0
319,23,104,2,0,0,0
319,23,116,1,1,0,5
319,23,127,2,0,0,0
319,23,156,2,0,0,0
319,23,163,1,0,0,0
319,23,163,1,1,0,0
319,23,164,2,0,0,0
319,23,168,2,0,0,0
319,23,182,2,0,0,0
319,23,184,1,12,0,0
319,23,203,2,0,0,0
319,23,207,1,28,0,0
319,23,207,2,0,0,0
319,23,213,2,0,0,0
319,23,214,2,0,0,0
319,23,240,2,0,0,0
319,23,242,1,34,0,0
319,23,249,2,0,0,0
319,23,258,2,0,0,0
319,23,259,2,0,0,0
319,23,263,2,0,0,0
319,23,269,2,0,0,0
319,23,305,1,1,0,4
319,23,317,2,0,0,0
319,23,352,2,0,0,0
319,23,362,2,0,0,0
319,23,371,2,0,0,0
319,23,398,2,0,0,0
319,23,399,2,0,0,0
319,23,400,1,1,0,1
319,23,416,2,0,0,0
319,23,419,2,0,0,0
319,23,423,1,20,0,0
319,23,453,1,1,0,2
319,23,503,2,0,0,0
319,23,523,2,0,0,0
319,23,555,2,0,0,0
319,23,710,1,46,0,0
320,23,34,1,36,0,0
320,23,34,3,0,0,0
320,23,37,3,0,0,0
320,23,38,3,0,0,0
320,23,45,1,3,0,0
320,23,46,2,0,0,0
320,23,54,1,15,0,0
320,23,55,1,12,0,0
320,23,56,1,45,0,0
320,23,57,2,0,0,0
320,23,58,2,0,0,0
320,23,59,2,0,0,0
320,23,70,2,0,0,0
320,23,89,2,0,0,0
320,23,90,3,0,0,0
320,23,104,2,0,0,0
320,23,111,3,0,0,0
320,23,127,2,0,0,0
320,23,133,1,42,0,0
320,23,150,1,1,0,0
320,23,156,1,39,0,0
320,23,156,2,0,0,0
320,23,164,2,0,0,0
320,23,173,3,0,0,0
320,23,174,3,0,0,0
320,23,182,2,0,0,0
320,23,203,2,0,0,0
320,23,205,3,0,0,0
320,23,207,2,0,0,0
320,23,213,2,0,0,0
320,23,214,2,0,0,0
320,23,240,2,0,0,0
320,23,249,2,0,0,0
320,23,250,1,27,0,0
320,23,258,2,0,0,0
320,23,263,2,0,0,0
320,23,291,1,30,0,0
320,23,310,1,6,0,0
320,23,317,2,0,0,0
320,23,321,3,0,0,0
320,23,323,1,48,0,0
320,23,340,1,33,0,0
320,23,352,1,18,0,0
320,23,352,2,0,0,0
320,23,362,1,24,0,0
320,23,362,2,0,0,0
320,23,392,3,0,0,0
320,23,419,2,0,0,0
320,23,428,3,0,0,0
320,23,484,1,21,0,0
320,23,487,3,0,0,0
320,23,499,3,0,0,0
320,23,503,2,0,0,0
320,23,523,2,0,0,0
321,23,34,1,36,0,0
321,23,45,1,1,0,3
321,23,46,2,0,0,0
321,23,54,1,15,0,0
321,23,55,1,1,0,5
321,23,56,1,49,0,0
321,23,57,2,0,0,0
321,23,58,2,0,0,0
321,23,59,2,0,0,0
321,23,63,2,0,0,0
321,23,70,2,0,0,0
321,23,89,2,0,0,0
321,23,104,2,0,0,0
321,23,127,2,0,0,0
321,23,133,1,44,0,0
321,23,150,1,1,0,2
321,23,156,1,39,0,0
321,23,156,2,0,0,0
321,23,164,2,0,0,0
321,23,182,2,0,0,0
321,23,203,2,0,0,0
321,23,207,2,0,0,0
321,23,213,2,0,0,0
321,23,214,2,0,0,0
321,23,240,2,0,0,0
321,23,249,2,0,0,0
321,23,250,1,27,0,0
321,23,258,2,0,0,0
321,23,263,2,0,0,0
321,23,291,1,30,0,0
321,23,310,1,1,0,4
321,23,317,2,0,0,0
321,23,323,1,54,0,0
321,23,340,1,33,0,0
321,23,352,1,18,0,0
321,23,352,2,0,0,0
321,23,362,1,24,0,0
321,23,362,2,0,0,0
321,23,416,2,0,0,0
321,23,419,2,0,0,0
321,23,484,1,21,0,0
321,23,487,1,1,0,0
321,23,503,2,0,0,0
321,23,523,2,0,0,0
321,23,568,1,1,0,1
322,23,23,3,0,0,0
322,23,33,1,1,0,1
322,23,34,3,0,0,0
322,23,36,1,31,0,0
322,23,38,1,47,0,0
322,23,45,1,1,0,0
322,23,52,1,5,0,0
322,23,53,1,43,0,0
322,23,53,2,0,0,0
322,23,70,2,0,0,0
322,23,74,3,0,0,0
322,23,89,1,40,0,0
322,23,89,2,0,0,0
322,23,91,2,0,0,0
322,23,104,2,0,0,0
322,23,111,3,0,0,0
322,23,116,1,8,0,0
322,23,126,2,0,0,0
322,23,133,1,19,0,0
322,23,156,2,0,0,0
322,23,157,2,0,0,0
322,23,164,2,0,0,0
322,23,172,1,15,0,0
322,23,174,1,29,0,0
322,23,182,2,0,0,0
322,23,184,3,0,0,0
322,23,201,2,0,0,0
322,23,203,2,0,0,0
322,23,205,3,0,0,0
322,23,207,2,0,0,0
322,23,213,2,0,0,0
322,23,214,2,0,0,0
322,23,241,2,0,0,0
322,23,246,3,0,0,0
322,23,249,2,0,0,0
322,23,254,3,0,0,0
322,23,255,3,0,0,0
322,23,256,3,0,0,0
322,23,257,3,0,0,0
322,23,261,2,0,0,0
322,23,263,2,0,0,0
322,23,281,1,36,0,0
322,23,281,3,0,0,0
322,23,315,2,0,0,0
322,23,317,2,0,0,0
322,23,336,3,0,0,0
322,23,414,1,26,0,0
322,23,436,1,22,0,0
322,23,442,3,0,0,0
322,23,446,2,0,0,0
322,23,484,3,0,0,0
322,23,523,1,12,0,0
322,23,523,2,0,0,0
323,23,33,1,1,0,4
323,23,36,1,31,0,0
323,23,38,1,1,0,8
323,23,45,1,1,0,3
323,23,46,2,0,0,0
323,23,52,1,1,0,5
323,23,52,1,8,0,0
323,23,53,1,1,0,7
323,23,53,2,0,0,0
323,23,63,2,0,0,0
323,23,70,2,0,0,0
323,23,76,2,0,0,0
323,23,89,1,46,0,0
323,23,89,2,0,0,0
323,23,90,1,1,0,1
323,23,90,1,59,0,0
323,23,91,2,0,0,0
323,23,104,2,0,0,0
323,23,116,1,1,0,6
323,23,116,1,8,0,1
323,23,126,2,0,0,0
323,23,133,1,19,0,0
323,23,153,2,0,0,0
323,23,156,2,0,0,0
323,23,157,1,0,0,0
323,23,157,1,1,0,0
323,23,157,2,0,0,0
323,23,164,2,0,0,0
323,23,172,1,15,0,0
323,23,174,1,29,0,0
323,23,182,2,0,0,0
323,23,201,2,0,0,0
323,23,203,2,0,0,0
323,23,207,2,0,0,0
323,23,213,2,0,0,0
323,23,214,2,0,0,0
323,23,241,2,0,0,0
323,23,249,2,0,0,0
323,23,261,2,0,0,0
323,23,263,2,0,0,0
323,23,281,1,39,0,0
323,23,284,1,1,0,2
323,23,284,1,52,0,0
323,23,315,2,0,0,0
323,23,317,2,0,0,0
323,23,397,2,0,0,0
323,23,414,1,26,0,0
323,23,416,2,0,0,0
323,23,430,2,0,0,0
323,23,436,1,22,0,0
323,23,444,2,0,0,0
323,23,446,2,0,0,0
323,23,523,1,12,0,0
323,23,523,2,0,0,0
324,23,34,1,32,0,0
324,23,52,1,1,0,1
324,23,53,1,40,0,0
324,23,53,2,0,0,0
324,23,63,2,0,0,0
324,23,70,2,0,0,0
324,23,76,2,0,0,0
324,23,89,2,0,0,0
324,23,90,3,0,0,0
324,23,104,2,0,0,0
324,23,108,1,12,0,0
324,23,110,1,4,0,0
324,23,123,1,1,0,0
324,23,126,2,0,0,0
324,23,130,3,0,0,0
324,23,133,1,52,0,0
324,23,153,2,0,0,0
324,23,156,2,0,0,0
324,23,157,2,0,0,0
324,23,164,2,0,0,0
324,23,172,1,20,0,0
324,23,174,1,44,0,0
324,23,175,3,0,0,0
324,23,182,1,24,0,0
324,23,182,2,0,0,0
324,23,188,2,0,0,0
324,23,203,2,0,0,0
324,23,207,2,0,0,0
324,23,213,2,0,0,0
324,23,214,2,0,0,0
324,23,229,1,8,0,0
324,23,231,2,0,0,0
324,23,241,2,0,0,0
324,23,246,3,0,0,0
324,23,249,2,0,0,0
324,23,257,1,48,0,0
324,23,261,2,0,0,0
324,23,263,2,0,0,0
324,23,276,3,0,0,0
324,23,281,3,0,0,0
324,23,284,1,64,0,0
324,23,284,3,0,0,0
324,23,315,2,0,0,0
324,23,317,2,0,0,0
324,23,334,1,36,0,0
324,23,360,2,0,0,0
324,23,416,2,0,0,0
324,23,436,1,28,0,0
324,23,444,2,0,0,0
324,23,446,2,0,0,0
324,23,499,1,16,0,0
324,23,499,3,0,0,0
324,23,504,1,60,0,0
324,23,517,1,56,0,0
324,23,523,2,0,0,0
325,23,18,3,0,0,0
325,23,45,1,10,0,0
325,23,60,1,14,0,0
325,23,86,2,0,0,0
325,23,93,1,7,0,0
325,23,94,1,44,0,0
325,23,94,2,0,0,0
325,23,104,2,0,0,0
325,23,109,1,18,0,0
325,23,113,2,0,0,0
325,23,115,2,0,0,0
325,23,133,3,0,0,0
325,23,138,2,0,0,0
325,23,148,2,0,0,0
325,23,150,1,1,0,0
325,23,156,1,29,0,1
325,23,156,2,0,0,0
325,23,164,2,0,0,0
325,23,168,2,0,0,0
325,23,173,1,33,0,0
325,23,182,2,0,0,0
325,23,203,2,0,0,0
325,23,207,2,0,0,0
325,23,213,2,0,0,0
325,23,214,2,0,0,0
325,23,231,2,0,0,0
325,23,240,2,0,0,0
325,23,241,2,0,0,0
325,23,243,3,0,0,0
325,23,244,1,15,0,0
325,23,244,2,0,0,0
325,23,247,2,0,0,0
325,23,248,3,0,0,0
325,23,259,2,0,0,0
325,23,263,2,0,0,0
325,23,269,2,0,0,0
325,23,271,3,0,0,0
325,23,277,1,21,0,0
325,23,278,2,0,0,0
325,23,285,2,0,0,0
325,23,326,3,0,0,0
325,23,340,1,50,0,0
325,23,347,2,0,0,0
325,23,351,2,0,0,0
325,23,371,1,40,0,0
325,23,371,2,0,0,0
325,23,408,1,29,0,0
325,23,428,1,26,0,0
325,23,428,3,0,0,0
325,23,433,2,0,0,0
325,23,447,2,0,0,0
325,23,451,2,0,0,0
325,23,473,1,38,0,0
325,23,493,3,0,0,0
326,23,45,1,10,0,0
326,23,60,1,14,0,0
326,23,63,2,0,0,0
326,23,86,2,0,0,0
326,23,93,1,7,0,0
326,23,94,1,52,0,0
326,23,94,2,0,0,0
326,23,104,2,0,0,0
326,23,109,1,18,0,0
326,23,113,2,0,0,0
326,23,115,2,0,0,0
326,23,138,2,0,0,0
326,23,148,2,0,0,0
326,23,150,1,1,0,2
326,23,156,1,35,0,0
326,23,156,2,0,0,0
326,23,164,2,0,0,0
326,23,168,2,0,0,0
326,23,173,1,35,0,1
326,23,182,2,0,0,0
326,23,203,2,0,0,0
326,23,207,2,0,0,0
326,23,213,2,0,0,0
326,23,214,2,0,0,0
326,23,231,2,0,0,0
326,23,240,2,0,0,0
326,23,241,2,0,0,0
326,23,244,1,15,0,0
326,23,244,2,0,0,0
326,23,247,2,0,0,0
326,23,259,2,0,0,0
326,23,263,2,0,0,0
326,23,264,2,0,0,0
326,23,269,2,0,0,0
326,23,277,1,21,0,0
326,23,278,2,0,0,0
326,23,280,2,0,0,0
326,23,285,2,0,0,0
326,23,298,1,0,0,0
326,23,298,1,1,0,0
326,23,340,1,60,0,0
326,23,347,2,0,0,0
326,23,351,2,0,0,0
326,23,371,1,46,0,0
326,23,371,2,0,0,0
326,23,374,2,0,0,0
326,23,408,1,29,0,0
326,23,409,2,0,0,0
326,23,411,2,0,0,0
326,23,412,2,0,0,0
326,23,416,2,0,0,0
326,23,417,2,0,0,0
326,23,428,1,26,0,0
326,23,433,2,0,0,0
326,23,447,2,0,0,0
326,23,451,2,0,0,0
326,23,473,1,42,0,0
326,23,523,2,0,0,0
326,23,562,1,1,0,1
327,23,33,1,1,0,0
327,23,34,1,23,0,0
327,23,37,1,55,0,0
327,23,38,1,46,0,0
327,23,50,3,0,0,0
327,23,60,1,14,0,0
327,23,70,2,0,0,0
327,23,91,2,0,0,0
327,23,94,2,0,0,0
327,23,95,1,19,0,0
327,23,104,2,0,0,0
327,23,138,2,0,0,0
327,23,148,2,0,0,0
327,23,156,2,0,0,0
327,23,157,2,0,0,0
327,23,164,2,0,0,0
327,23,168,2,0,0,0
327,23,175,1,50,0,0
327,23,182,2,0,0,0
327,23,196,3,0,0,0
327,23,203,2,0,0,0
327,23,207,2,0,0,0
327,23,213,2,0,0,0
327,23,214,2,0,0,0
327,23,219,2,0,0,0
327,23,226,3,0,0,0
327,23,227,3,0,0,0
327,23,229,3,0,0,0
327,23,240,2,0,0,0
327,23,241,2,0,0,0
327,23,244,1,41,0,0
327,23,244,2,0,0,0
327,23,247,2,0,0,0
327,23,249,2,0,0,0
327,23,252,3,0,0,0
327,23,253,1,37,0,0
327,23,263,2,0,0,0
327,23,264,2,0,0,0
327,23,271,3,0,0,0
327,23,272,3,0,0,0
327,23,273,3,0,0,0
327,23,278,2,0,0,0
327,23,280,2,0,0,0
327,23,285,2,0,0,0
327,23,298,1,10,0,0
327,23,298,1,32,0,0
327,23,313,3,0,0,0
327,23,317,2,0,0,0
327,23,347,2,0,0,0
327,23,351,2,0,0,0
327,23,352,2,0,0,0
327,23,374,2,0,0,0
327,23,375,3,0,0,0
327,23,383,1,5,0,0
327,23,389,1,28,0,0
327,23,409,2,0,0,0
327,23,427,3,0,0,0
327,23,433,2,0,0,0
327,23,470,3,0,0,0
327,23,526,2,0,0,0
328,23,16,3,0,0,0
328,23,28,1,1,0,0
328,23,44,1,8,0,0
328,23,63,2,0,0,0
328,23,70,2,0,0,0
328,23,76,2,0,0,0
328,23,89,1,40,0,0
328,23,89,2,0,0,0
328,23,90,1,48,0,0
328,23,91,1,24,0,0
328,23,91,2,0,0,0
328,23,98,3,0,0,0
328,23,104,2,0,0,0
328,23,116,3,0,0,0
328,23,156,2,0,0,0
328,23,157,2,0,0,0
328,23,164,2,0,0,0
328,23,175,3,0,0,0
328,23,182,2,0,0,0
328,23,189,1,12,0,0
328,23,201,1,32,0,0
328,23,201,2,0,0,0
328,23,202,2,0,0,0
328,23,203,2,0,0,0
328,23,207,2,0,0,0
328,23,210,3,0,0,0
328,23,213,2,0,0,0
328,23,214,2,0,0,0
328,23,241,2,0,0,0
328,23,242,1,28,0,0
328,23,249,2,0,0,0
328,23,263,2,0,0,0
328,23,276,1,44,0,0
328,23,310,1,1,0,1
328,23,317,2,0,0,0
328,23,328,1,16,0,0
328,23,341,3,0,0,0
328,23,364,3,0,0,0
328,23,414,1,36,0,0
328,23,414,3,0,0,0
328,23,450,3,0,0,0
328,23,523,1,20,0,0
328,23,523,2,0,0,0
328,23,673,1,4,0,0
329,23,19,2,0,0,0
329,23,28,1,1,0,7
329,23,44,1,1,0,10
329,23,48,1,1,0,9
329,23,63,2,0,0,0
329,23,70,2,0,0,0
329,23,76,2,0,0,0
329,23,89,1,44,0,0
329,23,89,2,0,0,0
329,23,90,1,1,0,6
329,23,91,1,1,0,3
329,23,91,2,0,0,0
329,23,103,1,24,0,0
329,23,104,2,0,0,0
329,23,156,2,0,0,0
329,23,157,2,0,0,0
329,23,164,2,0,0,0
329,23,182,2,0,0,0
329,23,189,1,12,0,0
329,23,201,1,32,0,0
329,23,201,2,0,0,0
329,23,202,2,0,0,0
329,23,203,2,0,0,0
329,23,207,2,0,0,0
329,23,211,2,0,0,0
329,23,213,2,0,0,0
329,23,214,2,0,0,0
329,23,225,1,0,0,0
329,23,225,1,1,0,0
329,23,241,2,0,0,0
329,23,242,1,1,0,4
329,23,249,2,0,0,0
329,23,253,1,50,0,0
329,23,263,2,0,0,0
329,23,276,1,1,0,5
329,23,310,1,1,0,8
329,23,317,2,0,0,0
329,23,328,1,16,0,0
329,23,355,2,0,0,0
329,23,369,2,0,0,0
329,23,405,1,28,0,0
329,23,405,2,0,0,0
329,23,406,2,0,0,0
329,23,407,1,56,0,0
329,23,414,1,38,0,0
329,23,432,2,0,0,0
329,23,434,5,0,0,0
329,23,523,1,1,0,2
329,23,523,2,0,0,0
329,23,525,1,20,0,0
329,23,586,1,62,0,0
329,23,673,1,1,0,1
330,23,19,2,0,0,0
330,23,28,1,1,0,11
330,23,44,1,1,0,14
330,23,48,1,1,0,13
330,23,53,2,0,0,0
330,23,63,2,0,0,0
330,23,70,2,0,0,0
330,23,76,2,0,0,0
330,23,89,1,44,0,0
330,23,89,2,0,0,0
330,23,90,1,1,0,10
330,23,91,1,1,0,7
330,23,91,2,0,0,0
330,23,103,1,24,0,0
330,23,104,2,0,0,0
330,23,126,2,0,0,0
330,23,156,2,0,0,0
330,23,157,2,0,0,0
330,23,164,2,0,0,0
330,23,182,2,0,0,0
330,23,189,1,12,0,0
330,23,200,1,1,0,0
330,23,201,1,32,0,0
330,23,201,2,0,0,0
330,23,202,2,0,0,0
330,23,203,2,0,0,0
330,23,207,2,0,0,0
330,23,211,2,0,0,0
330,23,213,2,0,0,0
330,23,214,2,0,0,0
330,23,225,1,1,0,2
330,23,231,2,0,0,0
330,23,241,2,0,0,0
330,23,242,1,1,0,8
330,23,249,2,0,0,0
330,23,253,1,52,0,0
330,23,263,2,0,0,0
330,23,276,1,1,0,9
330,23,310,1,1,0,12
330,23,317,2,0,0,0
330,23,328,1,16,0,0
330,23,332,2,0,0,0
330,23,337,1,0,0,0
330,23,337,1,1,0,1
330,23,337,2,0,0,0
330,23,349,1,1,0,3
330,23,355,2,0,0,0
330,23,364,1,1,0,4
330,23,369,2,0,0,0
330,23,405,1,28,0,0
330,23,405,2,0,0,0
330,23,406,2,0,0,0
330,23,407,1,60,0,0
330,23,414,1,38,0,0
330,23,416,2,0,0,0
330,23,432,2,0,0,0
330,23,434,5,0,0,0
330,23,444,2,0,0,0
330,23,523,1,1,0,6
330,23,523,2,0,0,0
330,23,525,1,20,0,0
330,23,586,1,68,0,0
330,23,673,1,1,0,5
331,23,14,2,0,0,0
331,23,15,2,0,0,0
331,23,28,1,13,0,0
331,23,40,1,1,0,0
331,23,42,1,38,0,0
331,23,43,1,1,0,1
331,23,50,3,0,0,0
331,23,51,3,0,0,0
331,23,67,3,0,0,0
331,23,68,3,0,0,0
331,23,71,1,4,0,0
331,23,73,1,10,0,0
331,23,74,1,7,0,0
331,23,76,2,0,0,0
331,23,104,2,0,0,0
331,23,148,2,0,0,0
331,23,156,2,0,0,0
331,23,164,2,0,0,0
331,23,178,1,46,0,0
331,23,182,2,0,0,0
331,23,191,1,30,0,0
331,23,194,1,54,0,0
331,23,201,1,50,0,0
331,23,201,2,0,0,0
331,23,202,2,0,0,0
331,23,203,2,0,0,0
331,23,207,2,0,0,0
331,23,213,2,0,0,0
331,23,214,2,0,0,0
331,23,223,3,0,0,0
331,23,241,2,0,0,0
331,23,263,2,0,0,0
331,23,264,2,0,0,0
331,23,275,1,22,0,0
331,23,280,2,0,0,0
331,23,298,3,0,0,0
331,23,331,2,0,0,0
331,23,335,3,0,0,0
331,23,345,3,0,0,0
331,23,371,1,26,0,0
331,23,371,2,0,0,0
331,23,372,1,19,0,0
331,23,374,2,0,0,0
331,23,388,3,0,0,0
331,23,389,1,34,0,0
331,23,398,1,16,0,0
331,23,398,2,0,0,0
331,23,399,2,0,0,0
331,23,402,3,0,0,0
331,23,409,2,0,0,0
331,23,412,1,42,0,0
331,23,412,2,0,0,0
331,23,415,3,0,0,0
331,23,417,2,0,0,0
331,23,447,2,0,0,0
331,23,562,3,0,0,0
331,23,565,3,0,0,0
331,23,612,3,0,0,0
332,23,14,2,0,0,0
332,23,15,2,0,0,0
332,23,28,1,13,0,0
332,23,40,1,1,0,3
332,23,42,1,38,0,0
332,23,43,1,1,0,4
332,23,63,2,0,0,0
332,23,70,2,0,0,0
332,23,71,1,1,0,5
332,23,71,1,4,0,0
332,23,73,1,10,0,0
332,23,74,1,1,0,6
332,23,74,1,7,0,0
332,23,76,2,0,0,0
332,23,104,2,0,0,0
332,23,148,2,0,0,0
332,23,156,2,0,0,0
332,23,164,2,0,0,0
332,23,178,1,49,0,0
332,23,182,2,0,0,0
332,23,191,1,30,0,0
332,23,194,1,1,0,1
332,23,194,1,59,0,0
332,23,201,1,54,0,0
332,23,201,2,0,0,0
332,23,202,2,0,0,0
332,23,203,2,0,0,0
332,23,207,2,0,0,0
332,23,213,2,0,0,0
332,23,214,2,0,0,0
332,23,241,2,0,0,0
332,23,263,2,0,0,0
332,23,264,2,0,0,0
332,23,275,1,22,0,0
332,23,279,1,1,0,2
332,23,280,2,0,0,0
332,23,331,2,0,0,0
332,23,371,1,26,0,0
332,23,371,2,0,0,0
332,23,372,1,19,0,0
332,23,374,2,0,0,0
332,23,389,1,35,0,0
332,23,398,1,16,0,0
332,23,398,2,0,0,0
332,23,399,2,0,0,0
332,23,409,2,0,0,0
332,23,411,2,0,0,0
332,23,412,1,44,0,0
332,23,412,2,0,0,0
332,23,416,2,0,0,0
332,23,417,2,0,0,0
332,23,447,2,0,0,0
332,23,596,1,0,0,0
332,23,596,1,1,0,0
333,23,19,2,0,0,0
333,23,31,1,12,0,0
333,23,36,1,36,0,0
333,23,45,1,1,0,1
333,23,47,1,28,0,0
333,23,54,1,8,0,0
333,23,58,2,0,0,0
333,23,64,1,1,0,0
333,23,76,2,0,0,0
333,23,97,3,0,0,0
333,23,104,2,0,0,0
333,23,114,3,0,0,0
333,23,138,2,0,0,0
333,23,156,2,0,0,0
333,23,164,2,0,0,0
333,23,168,2,0,0,0
333,23,182,2,0,0,0
333,23,195,1,44,0,0
333,23,203,2,0,0,0
333,23,206,2,0,0,0
333,23,207,2,0,0,0
333,23,211,2,0,0,0
333,23,213,2,0,0,0
333,23,214,2,0,0,0
333,23,219,1,24,0,0
333,23,219,2,0,0,0
333,23,225,1,20,0,0
333,23,240,2,0,0,0
333,23,241,2,0,0,0
333,23,244,2,0,0,0
333,23,263,2,0,0,0
333,23,297,3,0,0,0
333,23,304,3,0,0,0
333,23,310,3,0,0,0
333,23,332,2,0,0,0
333,23,355,2,0,0,0
333,23,365,2,0,0,0
333,23,366,3,0,0,0
333,23,384,3,0,0,0
333,23,406,2,0,0,0
333,23,407,3,0,0,0
333,23,496,1,16,0,0
333,23,538,1,32,0,0
333,23,574,1,4,0,0
333,23,583,3,0,0,0
333,23,585,1,40,0,0
333,23,605,2,0,0,0
334,23,19,2,0,0,0
334,23,31,1,12,0,0
334,23,36,1,38,0,0
334,23,45,1,1,0,4
334,23,46,2,0,0,0
334,23,47,1,28,0,0
334,23,53,2,0,0,0
334,23,54,1,1,0,6
334,23,58,2,0,0,0
334,23,63,2,0,0,0
334,23,64,1,1,0,3
334,23,76,2,0,0,0
334,23,89,2,0,0,0
334,23,104,2,0,0,0
334,23,126,2,0,0,0
334,23,138,2,0,0,0
334,23,143,1,56,0,0
334,23,156,2,0,0,0
334,23,164,2,0,0,0
334,23,168,2,0,0,0
334,23,182,2,0,0,0
334,23,195,1,50,0,0
334,23,203,2,0,0,0
334,23,206,2,0,0,0
334,23,207,2,0,0,0
334,23,211,2,0,0,0
334,23,213,2,0,0,0
334,23,214,2,0,0,0
334,23,219,1,24,0,0
334,23,219,2,0,0,0
334,23,225,1,20,0,0
334,23,231,2,0,0,0
334,23,240,2,0,0,0
334,23,241,2,0,0,0
334,23,244,2,0,0,0
334,23,249,2,0,0,0
334,23,263,2,0,0,0
334,23,332,2,0,0,0
334,23,337,2,0,0,0
334,23,355,2,0,0,0
334,23,365,1,1,0,2
334,23,365,2,0,0,0
334,23,406,1,0,0,0
334,23,406,1,1,0,1
334,23,406,2,0,0,0
334,23,416,2,0,0,0
334,23,434,5,0,0,0
334,23,496,1,16,0,0
334,23,523,2,0,0,0
334,23,538,1,32,0,0
334,23,542,1,1,0,0
334,23,574,1,1,0,5
334,23,585,1,44,0,0
334,23,605,2,0,0,0
335,23,10,1,1,0,0
335,23,14,1,47,0,0
335,23,14,2,0,0,0
335,23,24,3,0,0,0
335,23,43,1,1,0,1
335,23,46,2,0,0,0
335,23,50,3,0,0,0
335,23,53,2,0,0,0
335,23,58,2,0,0,0
335,23,59,2,0,0,0
335,23,68,3,0,0,0
335,23,70,2,0,0,0
335,23,76,2,0,0,0
335,23,85,2,0,0,0
335,23,86,2,0,0,0
335,23,87,2,0,0,0
335,23,91,2,0,0,0
335,23,98,1,5,0,0
335,23,104,2,0,0,0
335,23,126,2,0,0,0
335,23,154,3,0,0,0
335,23,156,2,0,0,0
335,23,157,2,0,0,0
335,23,163,1,19,0,0
335,23,164,2,0,0,0
335,23,168,2,0,0,0
335,23,174,3,0,0,0
335,23,175,3,0,0,0
335,23,182,2,0,0,0
335,23,187,3,0,0,0
335,23,197,1,36,0,0
335,23,202,2,0,0,0
335,23,203,2,0,0,0
335,23,206,1,29,0,0
335,23,206,2,0,0,0
335,23,207,2,0,0,0
335,23,210,1,8,0,0
335,23,213,2,0,0,0
335,23,214,2,0,0,0
335,23,231,2,0,0,0
335,23,232,3,0,0,0
335,23,240,2,0,0,0
335,23,241,2,0,0,0
335,23,247,2,0,0,0
335,23,249,2,0,0,0
335,23,263,1,33,0,0
335,23,263,2,0,0,0
335,23,264,2,0,0,0
335,23,269,1,43,0,0
335,23,269,2,0,0,0
335,23,279,1,22,0,0
335,23,280,2,0,0,0
335,23,306,1,26,0,0
335,23,317,2,0,0,0
335,23,332,1,15,0,0
335,23,332,2,0,0,0
335,23,351,2,0,0,0
335,23,352,2,0,0,0
335,23,364,3,0,0,0
335,23,370,1,50,0,0
335,23,371,2,0,0,0
335,23,374,2,0,0,0
335,23,398,2,0,0,0
335,23,400,3,0,0,0
335,23,404,1,40,0,0
335,23,404,2,0,0,0
335,23,411,2,0,0,0
335,23,421,2,0,0,0
335,23,431,2,0,0,0
335,23,458,3,0,0,0
335,23,468,1,12,0,0
335,23,501,3,0,0,0
335,23,515,3,0,0,0
335,23,526,2,0,0,0
336,23,14,1,36,0,0
336,23,14,2,0,0,0
336,23,34,3,0,0,0
336,23,35,1,1,0,0
336,23,44,1,4,0,0
336,23,53,2,0,0,0
336,23,70,2,0,0,0
336,23,89,2,0,0,0
336,23,91,2,0,0,0
336,23,103,1,14,0,0
336,23,104,2,0,0,0
336,23,114,1,34,0,0
336,23,122,1,6,0,0
336,23,137,1,19,0,0
336,23,156,2,0,0,0
336,23,164,2,0,0,0
336,23,168,2,0,0,0
336,23,182,2,0,0,0
336,23,184,3,0,0,0
336,23,188,1,46,0,0
336,23,188,2,0,0,0
336,23,202,2,0,0,0
336,23,203,2,0,0,0
336,23,207,1,1,0,1
336,23,207,2,0,0,0
336,23,213,2,0,0,0
336,23,214,2,0,0,0
336,23,231,2,0,0,0
336,23,240,2,0,0,0
336,23,241,2,0,0,0
336,23,242,1,39,0,0
336,23,249,2,0,0,0
336,23,254,3,0,0,0
336,23,255,3,0,0,0
336,23,256,3,0,0,0
336,23,263,2,0,0,0
336,23,269,2,0,0,0
336,23,305,1,21,0,0
336,23,342,1,9,0,0
336,23,364,1,11,0,0
336,23,371,2,0,0,0
336,23,372,3,0,0,0
336,23,380,1,29,0,0
336,23,398,1,31,0,0
336,23,398,2,0,0,0
336,23,399,2,0,0,0
336,23,400,1,26,0,0
336,23,400,3,0,0,0
336,23,404,2,0,0,0
336,23,415,3,0,0,0
336,23,474,1,16,0,0
336,23,489,1,44,0,0
336,23,515,3,0,0,0
336,23,523,2,0,0,0
336,23,562,1,41,0,0
336,23,599,1,24,0,0
337,23,33,1,1,0,2
337,23,58,2,0,0,0
337,23,59,2,0,0,0
337,23,63,2,0,0,0
337,23,88,1,1,0,5
337,23,89,2,0,0,0
337,23,93,1,1,0,4
337,23,94,1,30,0,0
337,23,94,2,0,0,0
337,23,95,1,5,0,0
337,23,104,2,0,0,0
337,23,106,1,1,0,3
337,23,113,2,0,0,0
337,23,115,2,0,0,0
337,23,138,2,0,0,0
337,23,148,2,0,0,0
337,23,153,1,50,0,0
337,23,153,2,0,0,0
337,23,156,2,0,0,0
337,23,157,1,15,0,0
337,23,157,2,0,0,0
337,23,164,2,0,0,0
337,23,182,2,0,0,0
337,23,201,2,0,0,0
337,23,203,2,0,0,0
337,23,207,2,0,0,0
337,23,214,2,0,0,0
337,23,219,2,0,0,0
337,23,236,1,1,0,1
337,23,240,2,0,0,0
337,23,244,2,0,0,0
337,23,247,2,0,0,0
337,23,248,1,40,0,0
337,23,258,2,0,0,0
337,23,263,2,0,0,0
337,23,278,2,0,0,0
337,23,285,2,0,0,0
337,23,317,2,0,0,0
337,23,322,1,25,0,0
337,23,347,2,0,0,0
337,23,360,2,0,0,0
337,23,397,1,10,0,0
337,23,397,2,0,0,0
337,23,416,2,0,0,0
337,23,417,2,0,0,0
337,23,433,2,0,0,0
337,23,444,1,35,0,0
337,23,444,2,0,0,0
337,23,446,2,0,0,0
337,23,447,2,0,0,0
337,23,451,2,0,0,0
337,23,473,1,20,0,0
337,23,478,1,45,0,0
337,23,523,2,0,0,0
337,23,585,1,1,0,0
338,23,14,2,0,0,0
338,23,33,1,1,0,2
338,23,53,2,0,0,0
338,23,63,2,0,0,0
338,23,76,1,40,0,0
338,23,76,2,0,0,0
338,23,88,1,1,0,5
338,23,89,2,0,0,0
338,23,93,1,1,0,4
338,23,94,1,30,0,0
338,23,94,2,0,0,0
338,23,95,1,5,0,0
338,23,104,2,0,0,0
338,23,106,1,1,0,3
338,23,113,2,0,0,0
338,23,115,2,0,0,0
338,23,126,2,0,0,0
338,23,138,2,0,0,0
338,23,148,2,0,0,0
338,23,153,1,50,0,0
338,23,153,2,0,0,0
338,23,156,2,0,0,0
338,23,157,1,15,0,0
338,23,157,2,0,0,0
338,23,164,2,0,0,0
338,23,182,2,0,0,0
338,23,201,2,0,0,0
338,23,203,2,0,0,0
338,23,207,2,0,0,0
338,23,214,2,0,0,0
338,23,219,2,0,0,0
338,23,234,1,1,0,1
338,23,240,2,0,0,0
338,23,241,2,0,0,0
338,23,244,2,0,0,0
338,23,247,2,0,0,0
338,23,261,2,0,0,0
338,23,263,2,0,0,0
338,23,278,2,0,0,0
338,23,285,2,0,0,0
338,23,315,2,0,0,0
338,23,317,2,0,0,0
338,23,322,1,25,0,0
338,23,347,2,0,0,0
338,23,360,2,0,0,0
338,23,394,1,1,0,0
338,23,397,1,10,0,0
338,23,397,2,0,0,0
338,23,416,2,0,0,0
338,23,428,1,20,0,0
338,23,433,2,0,0,0
338,23,444,1,35,0,0
338,23,444,2,0,0,0
338,23,446,2,0,0,0
338,23,447,2,0,0,0
338,23,451,2,0,0,0
338,23,472,1,45,0,0
338,23,523,2,0,0,0
339,23,36,3,0,0,0
339,23,37,3,0,0,0
339,23,55,1,1,0,1
339,23,56,3,0,0,0
339,23,57,2,0,0,0
339,23,58,2,0,0,0
339,23,59,2,0,0,0
339,23,89,1,36,0,0
339,23,89,2,0,0,0
339,23,90,1,48,0,0
339,23,104,2,0,0,0
339,23,127,2,0,0,0
339,23,133,1,18,0,0
339,23,156,1,6,0,0
339,23,156,2,0,0,0
339,23,164,2,0,0,0
339,23,173,1,6,0,1
339,23,175,3,0,0,0
339,23,182,2,0,0,0
339,23,189,1,1,0,0
339,23,201,2,0,0,0
339,23,203,2,0,0,0
339,23,207,2,0,0,0
339,23,209,3,0,0,0
339,23,213,2,0,0,0
339,23,214,2,0,0,0
339,23,240,2,0,0,0
339,23,248,1,42,0,0
339,23,250,3,0,0,0
339,23,258,2,0,0,0
339,23,263,2,0,0,0
339,23,317,2,0,0,0
339,23,330,1,31,0,0
339,23,330,3,0,0,0
339,23,341,3,0,0,0
339,23,349,3,0,0,0
339,23,352,1,12,0,0
339,23,352,2,0,0,0
339,23,401,1,24,0,0
339,23,414,3,0,0,0
339,23,503,2,0,0,0
339,23,523,2,0,0,0
340,23,37,1,0,0,0
340,23,37,1,1,0,0
340,23,55,1,1,0,5
340,23,57,2,0,0,0
340,23,58,2,0,0,0
340,23,59,2,0,0,0
340,23,63,2,0,0,0
340,23,70,2,0,0,0
340,23,89,1,40,0,0
340,23,89,2,0,0,0
340,23,90,1,56,0,0
340,23,104,2,0,0,0
340,23,127,2,0,0,0
340,23,133,1,18,0,0
340,23,156,1,1,0,6
340,23,156,2,0,0,0
340,23,157,2,0,0,0
340,23,164,2,0,0,0
340,23,173,1,1,0,7
340,23,182,2,0,0,0
340,23,189,1,1,0,4
340,23,201,2,0,0,0
340,23,203,2,0,0,0
340,23,207,2,0,0,0
340,23,213,2,0,0,0
340,23,214,2,0,0,0
340,23,240,2,0,0,0
340,23,248,1,48,0,0
340,23,249,2,0,0,0
340,23,258,2,0,0,0
340,23,263,2,0,0,0
340,23,317,2,0,0,0
340,23,321,1,1,0,3
340,23,330,1,33,0,0
340,23,352,1,12,0,0
340,23,352,2,0,0,0
340,23,401,1,24,0,0
340,23,416,2,0,0,0
340,23,428,1,1,0,2
340,23,444,2,0,0,0
340,23,503,2,0,0,0
340,23,523,2,0,0,0
340,23,562,1,1,0,1
341,23,12,1,52,0,0
341,23,14,1,36,0,0
341,23,14,2,0,0,0
341,23,15,2,0,0,0
341,23,34,3,0,0,0
341,23,38,3,0,0,0
341,23,43,1,4,0,0
341,23,55,1,1,0,0
341,23,57,2,0,0,0
341,23,58,2,0,0,0
341,23,59,2,0,0,0
341,23,61,1,12,0,0
341,23,70,2,0,0,0
341,23,91,2,0,0,0
341,23,104,2,0,0,0
341,23,106,1,1,0,1
341,23,127,2,0,0,0
341,23,152,1,44,0,0
341,23,156,2,0,0,0
341,23,157,2,0,0,0
341,23,163,3,0,0,0
341,23,164,2,0,0,0
341,23,182,1,24,0,0
341,23,182,2,0,0,0
341,23,188,2,0,0,0
341,23,203,2,0,0,0
341,23,206,2,0,0,0
341,23,207,2,0,0,0
341,23,213,2,0,0,0
341,23,214,2,0,0,0
341,23,232,3,0,0,0
341,23,240,2,0,0,0
341,23,242,1,40,0,0
341,23,246,3,0,0,0
341,23,249,2,0,0,0
341,23,258,2,0,0,0
341,23,263,2,0,0,0
341,23,269,1,8,0,0
341,23,269,2,0,0,0
341,23,276,3,0,0,0
341,23,280,2,0,0,0
341,23,282,1,16,0,0
341,23,282,3,0,0,0
341,23,283,1,48,0,0
341,23,283,3,0,0,0
341,23,317,2,0,0,0
341,23,332,2,0,0,0
341,23,349,3,0,0,0
341,23,352,2,0,0,0
341,23,371,2,0,0,0
341,23,374,2,0,0,0
341,23,400,1,28,0,0
341,23,404,2,0,0,0
341,23,415,3,0,0,0
341,23,453,3,0,0,0
341,23,458,1,20,0,0
341,23,503,2,0,0,0
341,23,534,1,32,0,0
342,23,12,1,64,0,0
342,23,14,1,40,0,0
342,23,14,2,0,0,0
342,23,15,2,0,0,0
342,23,43,1,1,0,3
342,23,55,1,1,0,1
342,23,57,2,0,0,0
342,23,58,2,0,0,0
342,23,59,2,0,0,0
342,23,61,1,12,0,0
342,23,63,2,0,0,0
342,23,70,2,0,0,0
342,23,91,2,0,0,0
342,23,104,2,0,0,0
342,23,106,1,1,0,2
342,23,127,2,0,0,0
342,23,129,1,0,0,0
342,23,129,1,1,0,0
342,23,152,1,52,0,0
342,23,156,2,0,0,0
342,23,157,2,0,0,0
342,23,164,2,0,0,0
342,23,182,1,24,0,0
342,23,182,2,0,0,0
342,23,188,2,0,0,0
342,23,203,2,0,0,0
342,23,206,2,0,0,0
342,23,207,2,0,0,0
342,23,213,2,0,0,0
342,23,214,2,0,0,0
342,23,240,2,0,0,0
342,23,242,1,46,0,0
342,23,249,2,0,0,0
342,23,258,2,0,0,0
342,23,263,2,0,0,0
342,23,269,1,1,0,4
342,23,269,2,0,0,0
342,23,280,2,0,0,0
342,23,282,1,16,0,0
342,23,283,1,58,0,0
342,23,317,2,0,0,0
342,23,332,2,0,0,0
342,23,352,2,0,0,0
342,23,371,2,0,0,0
342,23,374,2,0,0,0
342,23,399,2,0,0,0
342,23,400,1,28,0,0
342,23,404,2,0,0,0
342,23,416,2,0,0,0
342,23,417,2,0,0,0
342,23,419,2,0,0,0
342,23,458,1,20,0,0
342,23,503,2,0,0,0
342,23,534,1,34,0,0
342,23,555,2,0,0,0
343,23,58,2,0,0,0
343,23,60,1,15,0,0
343,23,76,2,0,0,0
343,23,89,2,0,0,0
343,23,91,2,0,0,0
343,23,93,1,6,0,0
343,23,94,2,0,0,0
343,23,104,2,0,0,0
343,23,106,1,1,0,0
343,23,113,2,0,0,0
343,23,115,2,0,0,0
343,23,120,1,33,0,0
343,23,138,2,0,0,0
343,23,148,2,0,0,0
343,23,153,1,42,0,0
343,23,153,2,0,0,0
343,23,156,2,0,0,0
343,23,157,2,0,0,0
343,23,164,2,0,0,0
343,23,182,2,0,0,0
343,23,189,1,1,0,1
343,23,201,1,39,0,0
343,23,201,2,0,0,0
343,23,203,2,0,0,0
343,23,207,2,0,0,0
343,23,214,2,0,0,0
343,23,219,2,0,0,0
343,23,229,1,3,0,0
343,23,240,2,0,0,0
343,23,241,2,0,0,0
343,23,244,2,0,0,0
343,23,246,1,18,0,0
343,23,247,2,0,0,0
343,23,263,2,0,0,0
343,23,278,2,0,0,0
343,23,285,2,0,0,0
343,23,286,1,21,0,0
343,23,317,1,9,0,0
343,23,317,2,0,0,0
343,23,322,1,24,0,0
343,23,326,1,27,0,0
343,23,347,2,0,0,0
343,23,360,2,0,0,0
343,23,379,1,12,0,0
343,23,397,2,0,0,0
343,23,414,1,30,0,0
343,23,433,2,0,0,0
343,23,446,2,0,0,0
343,23,447,2,0,0,0
343,23,451,2,0,0,0
343,23,470,1,36,0,0
343,23,471,1,36,0,1
343,23,523,2,0,0,0
343,23,605,2,0,0,0
344,23,58,2,0,0,0
344,23,60,1,15,0,0
344,23,63,1,0,0,0
344,23,63,1,1,0,0
344,23,63,2,0,0,0
344,23,70,2,0,0,0
344,23,76,2,0,0,0
344,23,89,2,0,0,0
344,23,91,2,0,0,0
344,23,93,1,1,0,5
344,23,94,2,0,0,0
344,23,100,1,1,0,1
344,23,104,2,0,0,0
344,23,106,1,1,0,2
344,23,113,2,0,0,0
344,23,115,2,0,0,0
344,23,120,1,33,0,0
344,23,138,2,0,0,0
344,23,148,2,0,0,0
344,23,153,1,48,0,0
344,23,153,2,0,0,0
344,23,156,2,0,0,0
344,23,157,2,0,0,0
344,23,164,2,0,0,0
344,23,182,2,0,0,0
344,23,189,1,1,0,3
344,23,201,1,43,0,0
344,23,201,2,0,0,0
344,23,203,2,0,0,0
344,23,207,2,0,0,0
344,23,214,2,0,0,0
344,23,219,2,0,0,0
344,23,229,1,1,0,4
344,23,240,2,0,0,0
344,23,241,2,0,0,0
344,23,244,2,0,0,0
344,23,246,1,18,0,0
344,23,247,2,0,0,0
344,23,249,2,0,0,0
344,23,263,2,0,0,0
344,23,278,2,0,0,0
344,23,285,2,0,0,0
344,23,286,1,21,0,0
344,23,317,1,9,0,0
344,23,317,2,0,0,0
344,23,322,1,24,0,0
344,23,326,1,27,0,0
344,23,347,2,0,0,0
344,23,360,2,0,0,0
344,23,379,1,12,0,0
344,23,397,2,0,0,0
344,23,414,1,30,0,0
344,23,416,2,0,0,0
344,23,417,2,0,0,0
344,23,433,2,0,0,0
344,23,444,2,0,0,0
344,23,446,2,0,0,0
344,23,447,2,0,0,0
344,23,451,2,0,0,0
344,23,470,1,38,0,0
344,23,471,1,38,0,1
344,23,523,2,0,0,0
344,23,605,2,0,0,0
345,23,14,2,0,0,0
345,23,20,3,0,0,0
345,23,35,1,1,0,0
345,23,51,1,4,0,0
345,23,72,1,20,0,0
345,23,72,3,0,0,0
345,23,76,2,0,0,0
345,23,104,2,0,0,0
345,23,105,3,0,0,0
345,23,109,1,8,0,0
345,23,133,1,28,0,0
345,23,148,2,0,0,0
345,23,156,2,0,0,0
345,23,157,2,0,0,0
345,23,164,2,0,0,0
345,23,174,3,0,0,0
345,23,182,2,0,0,0
345,23,188,2,0,0,0
345,23,201,2,0,0,0
345,23,202,1,36,0,0
345,23,202,2,0,0,0
345,23,203,2,0,0,0
345,23,207,2,0,0,0
345,23,213,2,0,0,0
345,23,214,2,0,0,0
345,23,241,2,0,0,0
345,23,243,3,0,0,0
345,23,246,1,16,0,0
345,23,254,1,41,0,0
345,23,255,1,41,0,1
345,23,256,1,41,0,2
345,23,263,2,0,0,0
345,23,275,1,12,0,0
345,23,310,1,1,0,1
345,23,317,2,0,0,0
345,23,321,3,0,0,0
345,23,331,2,0,0,0
345,23,362,1,24,0,0
345,23,362,2,0,0,0
345,23,380,1,32,0,0
345,23,397,2,0,0,0
345,23,412,1,44,0,0
345,23,412,2,0,0,0
345,23,446,2,0,0,0
345,23,447,2,0,0,0
346,23,14,2,0,0,0
346,23,35,1,1,0,1
346,23,51,1,1,0,3
346,23,63,2,0,0,0
346,23,70,2,0,0,0
346,23,72,1,20,0,0
346,23,73,1,1,0,0
346,23,76,2,0,0,0
346,23,89,2,0,0,0
346,23,91,2,0,0,0
346,23,104,2,0,0,0
346,23,109,1,1,0,4
346,23,133,1,28,0,0
346,23,148,2,0,0,0
346,23,156,2,0,0,0
346,23,157,2,0,0,0
346,23,164,2,0,0,0
346,23,182,2,0,0,0
346,23,188,2,0,0,0
346,23,201,2,0,0,0
346,23,202,1,36,0,0
346,23,202,2,0,0,0
346,23,203,2,0,0,0
346,23,207,2,0,0,0
346,23,213,2,0,0,0
346,23,214,2,0,0,0
346,23,241,2,0,0,0
346,23,246,1,16,0,0
346,23,249,2,0,0,0
346,23,254,1,43,0,0
346,23,255,1,43,0,1
346,23,256,1,43,0,2
346,23,263,2,0,0,0
346,23,275,1,12,0,0
346,23,310,1,1,0,2
346,23,317,2,0,0,0
346,23,331,2,0,0,0
346,23,362,1,24,0,0
346,23,362,2,0,0,0
346,23,380,1,32,0,0
346,23,397,2,0,0,0
346,23,412,1,48,0,0
346,23,412,2,0,0,0
346,23,416,2,0,0,0
346,23,444,2,0,0,0
346,23,446,2,0,0,0
346,23,447,2,0,0,0
346,23,523,2,0,0,0
347,23,14,2,0,0,0
347,23,15,2,0,0,0
347,23,28,3,0,0,0
347,23,55,1,4,0,0
347,23,91,2,0,0,0
347,23,103,3,0,0,0
347,23,104,2,0,0,0
347,23,106,1,1,0,1
347,23,156,2,0,0,0
347,23,157,2,0,0,0
347,23,163,1,28,0,0
347,23,164,2,0,0,0
347,23,174,3,0,0,0
347,23,182,1,41,0,0
347,23,182,2,0,0,0
347,23,201,2,0,0,0
347,23,203,2,0,0,0
347,23,206,2,0,0,0
347,23,207,2,0,0,0
347,23,210,1,1,0,0
347,23,213,2,0,0,0
347,23,214,2,0,0,0
347,23,229,3,0,0,0
347,23,232,1,12,0,0
347,23,241,2,0,0,0
347,23,246,1,16,0,0
347,23,249,2,0,0,0
347,23,263,2,0,0,0
347,23,280,2,0,0,0
347,23,282,3,0,0,0
347,23,306,1,32,0,0
347,23,317,2,0,0,0
347,23,332,2,0,0,0
347,23,334,3,0,0,0
347,23,350,1,36,0,0
347,23,352,2,0,0,0
347,23,362,1,24,0,0
347,23,362,2,0,0,0
347,23,397,2,0,0,0
347,23,404,1,44,0,0
347,23,404,2,0,0,0
347,23,440,3,0,0,0
347,23,446,2,0,0,0
347,23,450,1,20,0,0
347,23,453,3,0,0,0
347,23,479,1,8,0,0
348,23,14,2,0,0,0
348,23,15,2,0,0,0
348,23,55,1,1,0,2
348,23,63,2,0,0,0
348,23,70,2,0,0,0
348,23,89,2,0,0,0
348,23,91,2,0,0,0
348,23,104,2,0,0,0
348,23,106,1,1,0,1
348,23,156,2,0,0,0
348,23,157,2,0,0,0
348,23,163,1,28,0,0
348,23,164,2,0,0,0
348,23,182,1,43,0,0
348,23,182,2,0,0,0
348,23,201,2,0,0,0
348,23,203,2,0,0,0
348,23,206,2,0,0,0
348,23,207,2,0,0,0
348,23,210,1,1,0,0
348,23,213,2,0,0,0
348,23,214,2,0,0,0
348,23,231,2,0,0,0
348,23,232,1,12,0,0
348,23,241,2,0,0,0
348,23,246,1,16,0,0
348,23,249,2,0,0,0
348,23,263,2,0,0,0
348,23,280,2,0,0,0
348,23,306,1,32,0,0
348,23,317,2,0,0,0
348,23,332,2,0,0,0
348,23,350,1,36,0,0
348,23,352,2,0,0,0
348,23,362,1,24,0,0
348,23,362,2,0,0,0
348,23,397,2,0,0,0
348,23,404,1,48,0,0
348,23,404,2,0,0,0
348,23,416,2,0,0,0
348,23,421,2,0,0,0
348,23,430,2,0,0,0
348,23,444,2,0,0,0
348,23,446,2,0,0,0
348,23,450,1,20,0,0
348,23,479,1,1,0,3
348,23,523,2,0,0,0
349,23,33,1,15,0,0
349,23,54,3,0,0,0
349,23,57,2,0,0,0
349,23,58,2,0,0,0
349,23,59,2,0,0,0
349,23,95,3,0,0,0
349,23,104,2,0,0,0
349,23,109,3,0,0,0
349,23,113,2,0,0,0
349,23,114,3,0,0,0
349,23,127,2,0,0,0
349,23,150,1,1,0,0
349,23,156,2,0,0,0
349,23,164,2,0,0,0
349,23,175,1,25,0,0
349,23,182,2,0,0,0
349,23,203,2,0,0,0
349,23,207,2,0,0,0
349,23,213,2,0,0,0
349,23,214,2,0,0,0
349,23,225,3,0,0,0
349,23,231,2,0,0,0
349,23,240,2,0,0,0
349,23,243,3,0,0,0
349,23,258,2,0,0,0
349,23,263,2,0,0,0
349,23,321,3,0,0,0
349,23,352,2,0,0,0
349,23,362,2,0,0,0
349,23,406,2,0,0,0
349,23,503,2,0,0,0
350,23,33,1,1,0,3
350,23,35,1,1,0,4
350,23,55,1,1,0,5
350,23,56,1,52,0,0
350,23,57,1,40,0,0
350,23,57,2,0,0,0
350,23,58,2,0,0,0
350,23,59,2,0,0,0
350,23,63,2,0,0,0
350,23,104,2,0,0,0
350,23,105,1,28,0,0
350,23,113,2,0,0,0
350,23,127,2,0,0,0
350,23,150,1,1,0,2
350,23,156,2,0,0,0
350,23,164,2,0,0,0
350,23,175,1,1,0,1
350,23,182,2,0,0,0
350,23,203,2,0,0,0
350,23,207,2,0,0,0
350,23,213,1,16,0,0
350,23,213,2,0,0,0
350,23,214,2,0,0,0
350,23,219,1,36,0,0
350,23,219,2,0,0,0
350,23,231,2,0,0,0
350,23,239,1,8,0,0
350,23,240,1,44,0,0
350,23,240,2,0,0,0
350,23,244,2,0,0,0
350,23,258,2,0,0,0
350,23,263,2,0,0,0
350,23,352,1,0,0,0
350,23,352,1,1,0,0
350,23,352,2,0,0,0
350,23,362,2,0,0,0
350,23,392,1,12,0,0
350,23,401,1,32,0,0
350,23,406,2,0,0,0
350,23,416,2,0,0,0
350,23,419,2,0,0,0
350,23,489,1,48,0,0
350,23,503,2,0,0,0
350,23,523,2,0,0,0
350,23,525,1,24,0,0
350,23,574,1,4,0,0
350,23,791,1,20,0,0
351,23,29,1,15,0,0
351,23,33,1,1,0,0
351,23,50,3,0,0,0
351,23,52,1,10,0,1
351,23,53,2,0,0,0
351,23,55,1,10,0,0
351,23,56,1,35,0,0
351,23,58,2,0,0,0
351,23,59,1,35,0,2
351,23,59,2,0,0,0
351,23,76,2,0,0,0
351,23,85,2,0,0,0
351,23,86,2,0,0,0
351,23,87,2,0,0,0
351,23,104,2,0,0,0
351,23,126,1,35,0,1
351,23,126,2,0,0,0
351,23,133,3,0,0,0
351,23,148,2,0,0,0
351,23,156,2,0,0,0
351,23,164,2,0,0,0
351,23,168,2,0,0,0
351,23,181,1,10,0,2
351,23,182,2,0,0,0
351,23,201,2,0,0,0
351,23,203,2,0,0,0
351,23,207,2,0,0,0
351,23,213,2,0,0,0
351,23,214,2,0,0,0
351,23,240,1,20,0,0
351,23,240,2,0,0,0
351,23,241,1,20,0,1
351,23,241,2,0,0,0
351,23,244,2,0,0,0
351,23,247,2,0,0,0
351,23,248,3,0,0,0
351,23,258,1,20,0,2
351,23,258,2,0,0,0
351,23,263,2,0,0,0
351,23,311,1,25,0,0
351,23,322,3,0,0,0
351,23,351,2,0,0,0
351,23,352,2,0,0,0
351,23,385,3,0,0,0
351,23,412,2,0,0,0
351,23,419,2,0,0,0
351,23,499,3,0,0,0
351,23,503,2,0,0,0
351,23,506,3,0,0,0
351,23,513,3,0,0,0
351,23,526,2,0,0,0
351,23,542,1,45,0,0
352,23,10,1,1,0,4
352,23,15,2,0,0,0
352,23,20,1,4,0,0
352,23,39,1,1,0,1
352,23,50,1,16,0,0
352,23,50,3,0,0,0
352,23,53,2,0,0,0
352,23,58,2,0,0,0
352,23,59,2,0,0,0
352,23,60,1,18,0,0
352,23,70,2,0,0,0
352,23,76,2,0,0,0
352,23,85,2,0,0,0
352,23,86,2,0,0,0
352,23,87,2,0,0,0
352,23,91,2,0,0,0
352,23,103,1,38,0,0
352,23,104,2,0,0,0
352,23,105,3,0,0,0
352,23,122,1,1,0,3
352,23,126,2,0,0,0
352,23,148,2,0,0,0
352,23,154,1,13,0,0
352,23,156,2,0,0,0
352,23,157,2,0,0,0
352,23,163,1,25,0,0
352,23,164,1,42,0,0
352,23,164,2,0,0,0
352,23,168,1,1,0,0
352,23,168,2,0,0,0
352,23,182,2,0,0,0
352,23,197,1,30,0,0
352,23,203,2,0,0,0
352,23,207,2,0,0,0
352,23,213,2,0,0,0
352,23,214,2,0,0,0
352,23,231,2,0,0,0
352,23,240,2,0,0,0
352,23,241,2,0,0,0
352,23,244,2,0,0,0
352,23,246,1,21,0,0
352,23,247,2,0,0,0
352,23,249,2,0,0,0
352,23,252,3,0,0,0
352,23,263,2,0,0,0
352,23,264,2,0,0,0
352,23,271,3,0,0,0
352,23,277,3,0,0,0
352,23,278,2,0,0,0
352,23,280,2,0,0,0
352,23,285,2,0,0,0
352,23,310,1,1,0,2
352,23,317,2,0,0,0
352,23,332,2,0,0,0
352,23,351,2,0,0,0
352,23,352,2,0,0,0
352,23,364,1,10,0,0
352,23,374,2,0,0,0
352,23,389,1,46,0,0
352,23,409,2,0,0,0
352,23,417,2,0,0,0
352,23,421,1,33,0,0
352,23,421,2,0,0,0
352,23,425,1,7,0,0
352,23,433,2,0,0,0
352,23,446,2,0,0,0
352,23,447,2,0,0,0
352,23,451,2,0,0,0
352,23,492,1,50,0,0
352,23,492,3,0,0,0
352,23,526,2,0,0,0
352,23,612,3,0,0,0
353,23,50,3,0,0,0
353,23,85,2,0,0,0
353,23,86,2,0,0,0
353,23,87,2,0,0,0
353,23,94,2,0,0,0
353,23,101,1,7,0,0
353,23,103,1,4,0,0
353,23,104,2,0,0,0
353,23,109,3,0,0,0
353,23,138,2,0,0,0
353,23,148,2,0,0,0
353,23,156,2,0,0,0
353,23,164,2,0,0,0
353,23,168,2,0,0,0
353,23,174,1,26,0,0
353,23,180,1,10,0,0
353,23,182,2,0,0,0
353,23,194,3,0,0,0
353,23,203,2,0,0,0
353,23,207,2,0,0,0
353,23,213,2,0,0,0
353,23,214,2,0,0,0
353,23,220,1,19,0,0
353,23,240,2,0,0,0
353,23,241,2,0,0,0
353,23,244,2,0,0,0
353,23,247,1,30,0,0
353,23,247,2,0,0,0
353,23,259,2,0,0,0
353,23,261,1,16,0,0
353,23,261,2,0,0,0
353,23,263,2,0,0,0
353,23,269,2,0,0,0
353,23,271,1,50,0,0
353,23,272,1,34,0,0
353,23,282,1,1,0,0
353,23,282,1,42,0,0
353,23,285,2,0,0,0
353,23,286,3,0,0,0
353,23,288,1,46,0,0
353,23,310,3,0,0,0
353,23,347,2,0,0,0
353,23,351,2,0,0,0
353,23,371,2,0,0,0
353,23,389,1,38,0,0
353,23,399,2,0,0,0
353,23,425,1,13,0,0
353,23,425,3,0,0,0
353,23,433,2,0,0,0
353,23,441,3,0,0,0
353,23,451,2,0,0,0
353,23,506,1,22,0,0
353,23,566,1,54,0,0
353,23,566,3,0,0,0
353,23,605,2,0,0,0
354,23,63,2,0,0,0
354,23,85,2,0,0,0
354,23,86,2,0,0,0
354,23,87,2,0,0,0
354,23,94,2,0,0,0
354,23,101,1,1,0,3
354,23,101,1,7,0,0
354,23,103,1,1,0,2
354,23,103,1,4,0,0
354,23,104,2,0,0,0
354,23,138,2,0,0,0
354,23,148,2,0,0,0
354,23,156,2,0,0,0
354,23,164,2,0,0,0
354,23,168,2,0,0,0
354,23,174,1,26,0,0
354,23,180,1,1,0,4
354,23,180,1,10,0,0
354,23,182,2,0,0,0
354,23,203,2,0,0,0
354,23,207,2,0,0,0
354,23,213,2,0,0,0
354,23,214,2,0,0,0
354,23,220,1,19,0,0
354,23,240,2,0,0,0
354,23,241,2,0,0,0
354,23,244,2,0,0,0
354,23,247,1,30,0,0
354,23,247,2,0,0,0
354,23,259,2,0,0,0
354,23,261,1,16,0,0
354,23,261,2,0,0,0
354,23,263,2,0,0,0
354,23,269,2,0,0,0
354,23,271,1,58,0,0
354,23,272,1,34,0,0
354,23,282,1,1,0,1
354,23,282,1,46,0,0
354,23,285,2,0,0,0
354,23,288,1,52,0,0
354,23,347,2,0,0,0
354,23,351,2,0,0,0
354,23,371,2,0,0,0
354,23,374,2,0,0,0
354,23,389,1,40,0,0
354,23,399,2,0,0,0
354,23,416,2,0,0,0
354,23,421,2,0,0,0
354,23,425,1,13,0,0
354,23,433,2,0,0,0
354,23,451,2,0,0,0
354,23,506,1,22,0,0
354,23,566,1,1,0,0
354,23,566,1,64,0,0
354,23,605,2,0,0,0
355,23,43,1,1,0,1
355,23,50,1,4,0,0
355,23,58,2,0,0,0
355,23,59,2,0,0,0
355,23,94,2,0,0,0
355,23,101,1,16,0,0
355,23,104,2,0,0,0
355,23,109,1,12,0,0
355,23,114,3,0,0,0
355,23,138,2,0,0,0
355,23,148,2,0,0,0
355,23,156,2,0,0,0
355,23,164,2,0,0,0
355,23,168,2,0,0,0
355,23,174,1,36,0,0
355,23,182,2,0,0,0
355,23,194,3,0,0,0
355,23,203,2,0,0,0
355,23,207,2,0,0,0
355,23,212,1,28,0,0
355,23,213,2,0,0,0
355,23,214,2,0,0,0
355,23,220,3,0,0,0
355,23,240,2,0,0,0
355,23,241,2,0,0,0
355,23,244,2,0,0,0
355,23,247,1,40,0,0
355,23,247,2,0,0,0
355,23,248,1,44,0,0
355,23,259,2,0,0,0
355,23,261,1,24,0,0
355,23,261,2,0,0,0
355,23,262,3,0,0,0
355,23,263,2,0,0,0
355,23,269,2,0,0,0
355,23,285,2,0,0,0
355,23,286,3,0,0,0
355,23,288,3,0,0,0
355,23,310,1,1,0,0
355,23,347,2,0,0,0
355,23,371,1,20,0,0
355,23,371,2,0,0,0
355,23,374,2,0,0,0
355,23,399,2,0,0,0
355,23,425,1,8,0,0
355,23,433,2,0,0,0
355,23,451,2,0,0,0
355,23,506,1,32,0,0
356,23,7,1,1,0,1
356,23,8,1,1,0,2
356,23,9,1,1,0,3
356,23,20,1,1,0,5
356,23,43,1,1,0,7
356,23,50,1,1,0,8
356,23,58,2,0,0,0
356,23,59,2,0,0,0
356,23,63,2,0,0,0
356,23,70,2,0,0,0
356,23,89,2,0,0,0
356,23,94,2,0,0,0
356,23,101,1,16,0,0
356,23,104,2,0,0,0
356,23,109,1,12,0,0
356,23,138,2,0,0,0
356,23,148,2,0,0,0
356,23,156,2,0,0,0
356,23,157,2,0,0,0
356,23,164,2,0,0,0
356,23,168,2,0,0,0
356,23,174,1,36,0,0
356,23,182,2,0,0,0
356,23,203,2,0,0,0
356,23,207,2,0,0,0
356,23,212,1,28,0,0
356,23,213,2,0,0,0
356,23,214,2,0,0,0
356,23,240,2,0,0,0
356,23,241,2,0,0,0
356,23,244,2,0,0,0
356,23,247,1,42,0,0
356,23,247,2,0,0,0
356,23,248,1,48,0,0
356,23,249,2,0,0,0
356,23,259,2,0,0,0
356,23,261,1,24,0,0
356,23,261,2,0,0,0
356,23,263,2,0,0,0
356,23,264,2,0,0,0
356,23,269,2,0,0,0
356,23,280,2,0,0,0
356,23,285,2,0,0,0
356,23,310,1,1,0,6
356,23,317,2,0,0,0
356,23,325,1,0,0,0
356,23,325,1,1,0,0
356,23,347,2,0,0,0
356,23,356,1,1,0,4
356,23,371,1,20,0,0
356,23,371,2,0,0,0
356,23,374,2,0,0,0
356,23,399,2,0,0,0
356,23,416,2,0,0,0
356,23,425,1,1,0,9
356,23,433,2,0,0,0
356,23,451,2,0,0,0
356,23,506,1,32,0,0
356,23,523,2,0,0,0
357,23,14,2,0,0,0
357,23,15,2,0,0,0
357,23,16,1,1,0,2
357,23,18,1,21,0,0
357,23,19,2,0,0,0
357,23,21,3,0,0,0
357,23,23,1,10,0,0
357,23,29,3,0,0,0
357,23,34,1,41,0,0
357,23,43,1,1,0,1
357,23,46,2,0,0,0
357,23,63,2,0,0,0
357,23,70,2,0,0,0
357,23,73,3,0,0,0
357,23,74,1,1,0,3
357,23,75,1,1,0,4
357,23,76,1,56,0,0
357,23,76,2,0,0,0
357,23,89,2,0,0,0
357,23,104,2,0,0,0
357,23,148,2,0,0,0
357,23,156,2,0,0,0
357,23,164,2,0,0,0
357,23,174,3,0,0,0
357,23,182,2,0,0,0
357,23,202,2,0,0,0
357,23,203,2,0,0,0
357,23,207,2,0,0,0
357,23,211,2,0,0,0
357,23,213,2,0,0,0
357,23,214,2,0,0,0
357,23,219,2,0,0,0
357,23,230,1,6,0,0
357,23,235,1,50,0,0
357,23,235,3,0,0,0
357,23,241,2,0,0,0
357,23,249,2,0,0,0
357,23,263,2,0,0,0
357,23,267,3,0,0,0
357,23,331,2,0,0,0
357,23,332,2,0,0,0
357,23,345,1,16,0,0
357,23,348,3,0,0,0
357,23,349,1,30,0,0
357,23,349,3,0,0,0
357,23,355,2,0,0,0
357,23,403,1,36,0,0
357,23,406,2,0,0,0
357,23,412,2,0,0,0
357,23,416,2,0,0,0
357,23,432,2,0,0,0
357,23,437,1,1,0,0
357,23,437,1,61,0,0
357,23,437,3,0,0,0
357,23,447,2,0,0,0
357,23,523,2,0,0,0
357,23,536,1,26,0,0
357,23,692,1,46,0,0
357,23,692,3,0,0,0
358,23,35,1,1,0,1
358,23,36,1,19,0,0
358,23,38,1,42,0,0
358,23,45,1,1,0,2
358,23,45,1,4,0,0
358,23,50,3,0,0,0
358,23,86,2,0,0,0
358,23,93,1,1,0,4
358,23,93,1,10,0,0
358,23,94,1,52,0,0
358,23,94,2,0,0,0
358,23,95,3,0,0,0
358,23,104,2,0,0,0
358,23,105,3,0,0,0
358,23,113,1,16,0,0
358,23,113,2,0,0,0
358,23,115,2,0,0,0
358,23,138,2,0,0,0
358,23,148,2,0,0,0
358,23,156,2,0,0,0
358,23,164,2,0,0,0
358,23,174,3,0,0,0
358,23,182,2,0,0,0
358,23,195,3,0,0,0
358,23,203,2,0,0,0
358,23,207,2,0,0,0
358,23,213,2,0,0,0
358,23,214,2,0,0,0
358,23,215,1,27,0,0
358,23,219,1,37,0,0
358,23,219,2,0,0,0
358,23,240,2,0,0,0
358,23,241,2,0,0,0
358,23,244,2,0,0,0
358,23,247,2,0,0,0
358,23,248,3,0,0,0
358,23,253,1,32,0,0
358,23,259,2,0,0,0
358,23,263,2,0,0,0
358,23,269,2,0,0,0
358,23,273,3,0,0,0
358,23,278,2,0,0,0
358,23,281,1,13,0,0
358,23,285,2,0,0,0
358,23,310,1,1,0,3
358,23,310,1,7,0,0
358,23,322,3,0,0,0
358,23,326,1,22,0,0
358,23,347,2,0,0,0
358,23,351,2,0,0,0
358,23,361,1,1,0,0
358,23,361,1,57,0,0
358,23,387,1,1,0,5
358,23,412,2,0,0,0
358,23,433,2,0,0,0
358,23,447,2,0,0,0
358,23,451,2,0,0,0
358,23,494,1,1,0,6
358,23,500,3,0,0,0
358,23,505,1,47,0,0
358,23,605,2,0,0,0
359,23,14,1,45,0,0
359,23,14,2,0,0,0
359,23,15,2,0,0,0
359,23,38,3,0,0,0
359,23,43,1,1,0,1
359,23,44,3,0,0,0
359,23,53,2,0,0,0
359,23,58,2,0,0,0
359,23,59,2,0,0,0
359,23,63,2,0,0,0
359,23,70,2,0,0,0
359,23,85,2,0,0,0
359,23,86,2,0,0,0
359,23,87,2,0,0,0
359,23,98,1,1,0,0
359,23,104,1,5,0,0
359,23,104,2,0,0,0
359,23,116,1,35,0,0
359,23,126,2,0,0,0
359,23,138,2,0,0,0
359,23,148,2,0,0,0
359,23,156,2,0,0,0
359,23,157,2,0,0,0
359,23,163,1,25,0,0
359,23,164,2,0,0,0
359,23,168,2,0,0,0
359,23,174,3,0,0,0
359,23,182,2,0,0,0
359,23,195,1,55,0,0
359,23,195,3,0,0,0
359,23,197,1,15,0,0
359,23,201,2,0,0,0
359,23,203,2,0,0,0
359,23,206,2,0,0,0
359,23,207,2,0,0,0
359,23,212,3,0,0,0
359,23,213,2,0,0,0
359,23,214,2,0,0,0
359,23,224,3,0,0,0
359,23,226,3,0,0,0
359,23,231,2,0,0,0
359,23,240,2,0,0,0
359,23,241,2,0,0,0
359,23,244,2,0,0,0
359,23,247,2,0,0,0
359,23,248,1,50,0,0
359,23,249,2,0,0,0
359,23,258,2,0,0,0
359,23,259,2,0,0,0
359,23,261,2,0,0,0
359,23,263,2,0,0,0
359,23,269,1,20,0,0
359,23,269,2,0,0,0
359,23,277,3,0,0,0
359,23,282,1,10,0,0
359,23,317,2,0,0,0
359,23,332,2,0,0,0
359,23,347,2,0,0,0
359,23,351,2,0,0,0
359,23,352,2,0,0,0
359,23,364,3,0,0,0
359,23,371,2,0,0,0
359,23,372,3,0,0,0
359,23,389,1,40,0,0
359,23,389,3,0,0,0
359,23,399,2,0,0,0
359,23,400,1,30,0,0
359,23,404,2,0,0,0
359,23,416,2,0,0,0
359,23,421,2,0,0,0
359,23,428,3,0,0,0
359,23,444,2,0,0,0
359,23,451,2,0,0,0
359,23,506,3,0,0,0
359,23,555,2,0,0,0
359,23,583,3,0,0,0
360,23,68,1,1,0,0
360,23,133,1,1,0,7
360,23,150,1,1,0,4
360,23,194,1,1,0,3
360,23,204,1,1,0,5
360,23,219,1,1,0,2
360,23,219,2,0,0,0
360,23,227,1,1,0,6
360,23,243,1,1,0,1
361,23,29,1,50,0,0
361,23,43,1,5,0,0
361,23,44,1,35,0,0
361,23,50,3,0,0,0
361,23,58,2,0,0,0
361,23,59,1,60,0,0
361,23,59,2,0,0,0
361,23,104,1,10,0,0
361,23,104,2,0,0,0
361,23,113,2,0,0,0
361,23,148,2,0,0,0
361,23,156,2,0,0,0
361,23,164,2,0,0,0
361,23,181,1,1,0,1
361,23,182,1,20,0,0
361,23,182,2,0,0,0
361,23,191,3,0,0,0
361,23,196,1,25,0,0
361,23,203,2,0,0,0
361,23,205,3,0,0,0
361,23,207,2,0,0,0
361,23,213,2,0,0,0
361,23,214,2,0,0,0
361,23,219,2,0,0,0
361,23,240,2,0,0,0
361,23,242,1,55,0,0
361,23,247,2,0,0,0
361,23,258,1,45,0,0
361,23,258,2,0,0,0
361,23,263,2,0,0,0
361,23,310,1,1,0,2
361,23,311,3,0,0,0
361,23,313,3,0,0,0
361,23,335,3,0,0,0
361,23,352,2,0,0,0
361,23,415,3,0,0,0
361,23,419,2,0,0,0
361,23,420,1,15,0,0
361,23,423,1,40,0,0
361,23,506,3,0,0,0
361,23,524,1,30,0,0
361,23,556,3,0,0,0
362,23,29,1,54,0,0
362,23,43,1,1,0,4
362,23,44,1,35,0,0
362,23,58,2,0,0,0
362,23,59,1,68,0,0
362,23,59,2,0,0,0
362,23,63,2,0,0,0
362,23,89,2,0,0,0
362,23,104,1,1,0,5
362,23,104,2,0,0,0
362,23,113,2,0,0,0
362,23,148,2,0,0,0
362,23,153,2,0,0,0
362,23,156,2,0,0,0
362,23,164,2,0,0,0
362,23,181,1,1,0,2
362,23,182,1,20,0,0
362,23,182,2,0,0,0
362,23,196,1,25,0,0
362,23,203,2,0,0,0
362,23,207,2,0,0,0
362,23,213,2,0,0,0
362,23,214,2,0,0,0
362,23,219,2,0,0,0
362,23,240,2,0,0,0
362,23,242,1,61,0,0
362,23,247,2,0,0,0
362,23,258,1,47,0,0
362,23,258,2,0,0,0
362,23,259,2,0,0,0
362,23,263,2,0,0,0
362,23,269,2,0,0,0
362,23,310,1,1,0,3
362,23,329,1,1,0,1
362,23,352,2,0,0,0
362,23,360,2,0,0,0
362,23,371,2,0,0,0
362,23,399,2,0,0,0
362,23,416,2,0,0,0
362,23,419,2,0,0,0
362,23,420,1,15,0,0
362,23,423,1,40,0,0
362,23,523,2,0,0,0
362,23,524,1,30,0,0
362,23,573,1,0,0,0
362,23,573,1,1,0,0
363,23,34,1,36,0,0
363,23,45,1,4,0,0
363,23,55,1,8,0,0
363,23,57,1,40,0,0
363,23,57,2,0,0,0
363,23,58,2,0,0,0
363,23,59,1,44,0,0
363,23,59,2,0,0,0
363,23,62,1,28,0,0
363,23,70,2,0,0,0
363,23,89,2,0,0,0
363,23,90,3,0,0,0
363,23,104,2,0,0,0
363,23,111,1,1,0,1
363,23,127,2,0,0,0
363,23,156,1,16,0,0
363,23,156,2,0,0,0
363,23,157,2,0,0,0
363,23,164,2,0,0,0
363,23,173,1,20,0,0
363,23,174,3,0,0,0
363,23,181,1,12,0,0
363,23,182,2,0,0,0
363,23,187,3,0,0,0
363,23,203,2,0,0,0
363,23,205,1,1,0,0
363,23,205,3,0,0,0
363,23,207,2,0,0,0
363,23,213,2,0,0,0
363,23,214,2,0,0,0
363,23,227,1,33,0,0
363,23,231,2,0,0,0
363,23,240,2,0,0,0
363,23,249,2,0,0,0
363,23,254,3,0,0,0
363,23,255,3,0,0,0
363,23,256,3,0,0,0
363,23,258,1,48,0,0
363,23,258,2,0,0,0
363,23,263,2,0,0,0
363,23,281,3,0,0,0
363,23,317,2,0,0,0
363,23,329,1,52,0,0
363,23,352,2,0,0,0
363,23,362,1,24,0,0
363,23,362,2,0,0,0
363,23,392,3,0,0,0
363,23,523,2,0,0,0
364,23,34,1,40,0,0
364,23,45,1,1,0,3
364,23,46,2,0,0,0
364,23,55,1,1,0,4
364,23,57,1,46,0,0
364,23,57,2,0,0,0
364,23,58,2,0,0,0
364,23,59,1,52,0,0
364,23,59,2,0,0,0
364,23,62,1,28,0,0
364,23,70,2,0,0,0
364,23,89,2,0,0,0
364,23,104,2,0,0,0
364,23,111,1,1,0,2
364,23,127,2,0,0,0
364,23,156,1,16,0,0
364,23,156,2,0,0,0
364,23,157,2,0,0,0
364,23,164,2,0,0,0
364,23,173,1,20,0,0
364,23,181,1,12,0,0
364,23,182,2,0,0,0
364,23,203,2,0,0,0
364,23,205,1,1,0,1
364,23,207,1,0,0,0
364,23,207,1,1,0,0
364,23,207,2,0,0,0
364,23,213,2,0,0,0
364,23,214,2,0,0,0
364,23,227,1,35,0,0
364,23,231,2,0,0,0
364,23,240,2,0,0,0
364,23,249,2,0,0,0
364,23,258,1,58,0,0
364,23,258,2,0,0,0
364,23,263,2,0,0,0
364,23,317,2,0,0,0
364,23,329,1,64,0,0
364,23,352,2,0,0,0
364,23,362,1,24,0,0
364,23,362,2,0,0,0
364,23,523,2,0,0,0
365,23,14,2,0,0,0
365,23,34,1,40,0,0
365,23,45,1,1,0,5
365,23,46,2,0,0,0
365,23,55,1,1,0,6
365,23,57,1,48,0,0
365,23,57,2,0,0,0
365,23,58,2,0,0,0
365,23,59,1,56,0,0
365,23,59,2,0,0,0
365,23,62,1,28,0,0
365,23,63,2,0,0,0
365,23,70,2,0,0,0
365,23,89,2,0,0,0
365,23,104,2,0,0,0
365,23,111,1,1,0,4
365,23,127,2,0,0,0
365,23,156,1,16,0,0
365,23,156,2,0,0,0
365,23,157,2,0,0,0
365,23,164,2,0,0,0
365,23,173,1,20,0,0
365,23,181,1,12,0,0
365,23,182,2,0,0,0
365,23,203,2,0,0,0
365,23,205,1,1,0,3
365,23,207,1,1,0,0
365,23,207,2,0,0,0
365,23,213,2,0,0,0
365,23,214,2,0,0,0
365,23,227,1,35,0,0
365,23,231,2,0,0,0
365,23,240,2,0,0,0
365,23,242,1,1,0,1
365,23,249,2,0,0,0
365,23,258,1,64,0,0
365,23,258,2,0,0,0
365,23,263,2,0,0,0
365,23,317,2,0,0,0
365,23,329,1,72,0,0
365,23,352,2,0,0,0
365,23,362,1,24,0,0
365,23,362,2,0,0,0
365,23,416,2,0,0,0
365,23,419,2,0,0,0
365,23,423,1,1,0,2
365,23,523,2,0,0,0
366,23,34,3,0,0,0
366,23,48,3,0,0,0
366,23,55,1,1,0,0
366,23,57,2,0,0,0
366,23,58,2,0,0,0
366,23,59,2,0,0,0
366,23,104,2,0,0,0
366,23,109,3,0,0,0
366,23,127,2,0,0,0
366,23,156,2,0,0,0
366,23,164,2,0,0,0
366,23,182,2,0,0,0
366,23,203,2,0,0,0
366,23,207,2,0,0,0
366,23,213,2,0,0,0
366,23,214,2,0,0,0
366,23,240,2,0,0,0
366,23,250,1,1,0,1
366,23,258,2,0,0,0
366,23,263,2,0,0,0
366,23,330,3,0,0,0
366,23,334,1,1,0,2
366,23,352,2,0,0,0
366,23,362,2,0,0,0
366,23,392,3,0,0,0
366,23,503,2,0,0,0
366,23,504,1,50,0,0
367,23,44,1,1,0,1
367,23,55,1,1,0,2
367,23,56,1,50,0,0
367,23,57,2,0,0,0
367,23,58,2,0,0,0
367,23,59,2,0,0,0
367,23,63,2,0,0,0
367,23,103,1,5,0,0
367,23,104,2,0,0,0
367,23,127,2,0,0,0
367,23,156,2,0,0,0
367,23,164,2,0,0,0
367,23,182,2,0,0,0
367,23,184,1,9,0,0
367,23,203,2,0,0,0
367,23,207,2,0,0,0
367,23,213,2,0,0,0
367,23,214,2,0,0,0
367,23,226,1,29,0,0
367,23,240,1,11,0,0
367,23,240,2,0,0,0
367,23,242,1,34,0,0
367,23,250,1,1,0,0
367,23,258,2,0,0,0
367,23,263,2,0,0,0
367,23,291,1,26,0,0
367,23,317,2,0,0,0
367,23,334,1,1,0,3
367,23,352,1,14,0,0
367,23,352,2,0,0,0
367,23,362,1,19,0,0
367,23,362,2,0,0,0
367,23,389,1,23,0,0
367,23,401,1,39,0,0
367,23,416,2,0,0,0
367,23,423,1,16,0,0
367,23,489,1,45,0,0
367,23,503,2,0,0,0
367,23,504,1,1,0,4
368,23,55,1,1,0,2
368,23,56,1,50,0,0
368,23,57,2,0,0,0
368,23,58,2,0,0,0
368,23,59,2,0,0,0
368,23,63,2,0,0,0
368,23,93,1,1,0,1
368,23,94,1,34,0,0
368,23,94,2,0,0,0
368,23,97,1,9,0,0
368,23,104,2,0,0,0
368,23,127,2,0,0,0
368,23,133,1,16,0,0
368,23,156,2,0,0,0
368,23,164,2,0,0,0
368,23,182,2,0,0,0
368,23,203,2,0,0,0
368,23,207,2,0,0,0
368,23,213,2,0,0,0
368,23,214,2,0,0,0
368,23,219,1,23,0,0
368,23,219,2,0,0,0
368,23,226,1,29,0,0
368,23,240,1,5,0,0
368,23,240,2,0,0,0
368,23,244,2,0,0,0
368,23,247,2,0,0,0
368,23,250,1,1,0,0
368,23,258,2,0,0,0
368,23,263,2,0,0,0
368,23,291,1,26,0,0
368,23,334,1,1,0,3
368,23,352,1,14,0,0
368,23,352,2,0,0,0
368,23,362,2,0,0,0
368,23,392,1,19,0,0
368,23,401,1,39,0,0
368,23,416,2,0,0,0
368,23,489,1,45,0,0
368,23,503,2,0,0,0
368,23,504,1,1,0,4
368,23,577,1,11,0,0
369,23,33,1,1,0,0
369,23,36,1,25,0,0
369,23,38,1,50,0,0
369,23,55,1,5,0,0
369,23,56,1,45,0,0
369,23,57,2,0,0,0
369,23,58,2,0,0,0
369,23,59,2,0,0,0
369,23,63,2,0,0,0
369,23,89,2,0,0,0
369,23,104,2,0,0,0
369,23,106,1,1,0,1
369,23,127,2,0,0,0
369,23,130,3,0,0,0
369,23,133,3,0,0,0
369,23,156,1,35,0,0
369,23,156,2,0,0,0
369,23,157,2,0,0,0
369,23,164,2,0,0,0
369,23,173,3,0,0,0
369,23,175,1,40,0,0
369,23,182,2,0,0,0
369,23,189,3,0,0,0
369,23,201,2,0,0,0
369,23,203,2,0,0,0
369,23,207,2,0,0,0
369,23,213,2,0,0,0
369,23,214,2,0,0,0
369,23,219,2,0,0,0
369,23,240,2,0,0,0
369,23,244,2,0,0,0
369,23,246,1,10,0,0
369,23,249,2,0,0,0
369,23,258,2,0,0,0
369,23,263,2,0,0,0
369,23,281,1,15,0,0
369,23,291,1,20,0,0
369,23,317,2,0,0,0
369,23,330,3,0,0,0
369,23,341,3,0,0,0
369,23,347,2,0,0,0
369,23,352,2,0,0,0
369,23,362,2,0,0,0
369,23,397,2,0,0,0
369,23,401,1,30,0,0
369,23,401,3,0,0,0
369,23,416,2,0,0,0
369,23,428,3,0,0,0
369,23,444,2,0,0,0
369,23,446,2,0,0,0
369,23,457,1,55,0,0
369,23,503,2,0,0,0
369,23,523,2,0,0,0
370,23,33,1,1,0,0
370,23,36,1,34,0,0
370,23,48,3,0,0,0
370,23,55,1,4,0,0
370,23,56,1,46,0,0
370,23,57,2,0,0,0
370,23,58,2,0,0,0
370,23,59,2,0,0,0
370,23,97,1,7,0,0
370,23,104,2,0,0,0
370,23,127,2,0,0,0
370,23,150,3,0,0,0
370,23,156,2,0,0,0
370,23,164,2,0,0,0
370,23,175,1,26,0,0
370,23,182,2,0,0,0
370,23,186,1,31,0,0
370,23,203,2,0,0,0
370,23,204,1,1,0,1
370,23,207,2,0,0,0
370,23,213,1,20,0,0
370,23,213,2,0,0,0
370,23,214,2,0,0,0
370,23,219,1,49,0,0
370,23,219,2,0,0,0
370,23,240,2,0,0,0
370,23,244,2,0,0,0
370,23,258,2,0,0,0
370,23,263,2,0,0,0
370,23,352,1,17,0,0
370,23,352,2,0,0,0
370,23,362,1,22,0,0
370,23,362,2,0,0,0
370,23,392,1,40,0,0
370,23,392,3,0,0,0
370,23,453,3,0,0,0
370,23,487,1,42,0,0
370,23,494,3,0,0,0
370,23,503,2,0,0,0
370,23,505,3,0,0,0
370,23,577,1,9,0,0
370,23,608,1,37,0,0
370,23,715,1,13,0,0
371,23,15,2,0,0,0
371,23,29,1,15,0,0
371,23,37,3,0,0,0
371,23,38,1,55,0,0
371,23,43,1,1,0,1
371,23,44,1,5,0,0
371,23,46,2,0,0,0
371,23,52,1,1,0,0
371,23,53,1,45,0,0
371,23,53,2,0,0,0
371,23,56,3,0,0,0
371,23,70,2,0,0,0
371,23,104,2,0,0,0
371,23,111,3,0,0,0
371,23,116,1,40,0,0
371,23,126,2,0,0,0
371,23,156,2,0,0,0
371,23,157,2,0,0,0
371,23,164,2,0,0,0
371,23,182,2,0,0,0
371,23,184,1,20,0,0
371,23,200,1,50,0,0
371,23,203,2,0,0,0
371,23,207,2,0,0,0
371,23,213,2,0,0,0
371,23,214,2,0,0,0
371,23,225,1,10,0,0
371,23,239,3,0,0,0
371,23,240,2,0,0,0
371,23,241,2,0,0,0
371,23,242,1,25,0,0
371,23,249,2,0,0,0
371,23,263,2,0,0,0
371,23,280,2,0,0,0
371,23,317,2,0,0,0
371,23,332,2,0,0,0
371,23,337,1,31,0,0
371,23,337,2,0,0,0
371,23,349,3,0,0,0
371,23,406,2,0,0,0
371,23,407,3,0,0,0
371,23,421,2,0,0,0
371,23,424,3,0,0,0
371,23,428,1,35,0,0
371,23,434,5,0,0,0
372,23,15,2,0,0,0
372,23,29,1,15,0,0
372,23,38,1,67,0,0
372,23,43,1,1,0,2
372,23,44,1,1,0,3
372,23,46,2,0,0,0
372,23,52,1,1,0,1
372,23,53,1,53,0,0
372,23,53,2,0,0,0
372,23,70,2,0,0,0
372,23,104,2,0,0,0
372,23,116,1,46,0,0
372,23,126,2,0,0,0
372,23,156,2,0,0,0
372,23,157,2,0,0,0
372,23,164,2,0,0,0
372,23,182,1,0,0,0
372,23,182,1,1,0,0
372,23,182,2,0,0,0
372,23,184,1,20,0,0
372,23,200,1,60,0,0
372,23,203,2,0,0,0
372,23,207,2,0,0,0
372,23,213,2,0,0,0
372,23,214,2,0,0,0
372,23,225,1,1,0,4
372,23,240,2,0,0,0
372,23,241,2,0,0,0
372,23,242,1,25,0,0
372,23,249,2,0,0,0
372,23,263,2,0,0,0
372,23,280,2,0,0,0
372,23,317,2,0,0,0
372,23,332,2,0,0,0
372,23,337,1,33,0,0
372,23,337,2,0,0,0
372,23,406,2,0,0,0
372,23,421,2,0,0,0
372,23,428,1,39,0,0
372,23,434,5,0,0,0
373,23,15,2,0,0,0
373,23,19,1,0,0,0
373,23,19,1,1,0,0
373,23,19,2,0,0,0
373,23,29,1,15,0,0
373,23,38,1,73,0,0
373,23,43,1,1,0,4
373,23,44,1,1,0,5
373,23,46,2,0,0,0
373,23,52,1,1,0,3
373,23,53,1,55,0,0
373,23,53,2,0,0,0
373,23,63,2,0,0,0
373,23,70,2,0,0,0
373,23,89,2,0,0,0
373,23,104,2,0,0,0
373,23,116,1,46,0,0
373,23,126,2,0,0,0
373,23,156,2,0,0,0
373,23,157,2,0,0,0
373,23,164,2,0,0,0
373,23,182,1,1,0,1
373,23,182,2,0,0,0
373,23,184,1,20,0,0
373,23,200,1,64,0,0
373,23,203,2,0,0,0
373,23,207,2,0,0,0
373,23,211,2,0,0,0
373,23,213,2,0,0,0
373,23,214,2,0,0,0
373,23,225,1,1,0,6
373,23,231,2,0,0,0
373,23,240,2,0,0,0
373,23,241,2,0,0,0
373,23,242,1,25,0,0
373,23,249,2,0,0,0
373,23,263,2,0,0,0
373,23,280,2,0,0,0
373,23,317,2,0,0,0
373,23,332,2,0,0,0
373,23,337,1,33,0,0
373,23,337,2,0,0,0
373,23,355,2,0,0,0
373,23,406,2,0,0,0
373,23,416,2,0,0,0
373,23,421,2,0,0,0
373,23,428,1,39,0,0
373,23,432,2,0,0,0
373,23,434,5,0,0,0
373,23,444,2,0,0,0
373,23,523,2,0,0,0
373,23,525,1,1,0,2
374,23,33,1,1,0,0
375,23,15,2,0,0,0
375,23,33,1,1,0,3
375,23,36,1,26,0,0
375,23,63,1,74,0,0
375,23,63,2,0,0,0
375,23,70,2,0,0,0
375,23,89,2,0,0,0
375,23,93,1,0,0,0
375,23,93,1,1,0,0
375,23,94,1,34,0,0
375,23,94,2,0,0,0
375,23,97,1,66,0,0
375,23,104,2,0,0,0
375,23,113,2,0,0,0
375,23,115,2,0,0,0
375,23,148,2,0,0,0
375,23,153,2,0,0,0
375,23,156,2,0,0,0
375,23,157,2,0,0,0
375,23,164,2,0,0,0
375,23,182,2,0,0,0
375,23,184,1,42,0,0
375,23,188,2,0,0,0
375,23,201,2,0,0,0
375,23,203,2,0,0,0
375,23,207,2,0,0,0
375,23,214,2,0,0,0
375,23,232,1,0,0,1
375,23,232,1,1,0,1
375,23,240,2,0,0,0
375,23,241,2,0,0,0
375,23,244,2,0,0,0
375,23,247,2,0,0,0
375,23,249,2,0,0,0
375,23,263,2,0,0,0
375,23,280,2,0,0,0
375,23,309,1,50,0,0
375,23,317,2,0,0,0
375,23,332,2,0,0,0
375,23,334,1,58,0,0
375,23,360,2,0,0,0
375,23,393,1,12,0,0
375,23,397,2,0,0,0
375,23,418,1,1,0,2
375,23,428,1,6,0,0
375,23,430,1,18,0,0
375,23,430,2,0,0,0
375,23,446,2,0,0,0
375,23,447,2,0,0,0
375,23,523,2,0,0,0
376,23,15,2,0,0,0
376,23,33,1,1,0,4
376,23,36,1,26,0,0
376,23,63,1,82,0,0
376,23,63,2,0,0,0
376,23,70,2,0,0,0
376,23,89,2,0,0,0
376,23,93,1,1,0,1
376,23,94,1,34,0,0
376,23,94,2,0,0,0
376,23,97,1,72,0,0
376,23,104,2,0,0,0
376,23,113,2,0,0,0
376,23,115,2,0,0,0
376,23,148,2,0,0,0
376,23,153,2,0,0,0
376,23,156,2,0,0,0
376,23,157,2,0,0,0
376,23,164,2,0,0,0
376,23,182,2,0,0,0
376,23,184,1,42,0,0
376,23,188,2,0,0,0
376,23,201,2,0,0,0
376,23,203,2,0,0,0
376,23,207,2,0,0,0
376,23,214,2,0,0,0
376,23,232,1,1,0,2
376,23,240,2,0,0,0
376,23,241,2,0,0,0
376,23,244,2,0,0,0
376,23,247,2,0,0,0
376,23,249,2,0,0,0
376,23,263,2,0,0,0
376,23,280,2,0,0,0
376,23,309,1,52,0,0
376,23,317,2,0,0,0
376,23,332,2,0,0,0
376,23,334,1,62,0,0
376,23,359,1,0,0,0
376,23,359,1,1,0,0
376,23,360,2,0,0,0
376,23,393,1,12,0,0
376,23,397,2,0,0,0
376,23,416,2,0,0,0
376,23,418,1,1,0,3
376,23,428,1,6,0,0
376,23,430,1,16,0,0
376,23,430,2,0,0,0
376,23,446,2,0,0,0
376,23,447,2,0,0,0
376,23,523,2,0,0,0
377,23,23,1,18,0,0
377,23,63,1,72,0,0
377,23,63,2,0,0,0
377,23,70,2,0,0,0
377,23,85,2,0,0,0
377,23,86,2,0,0,0
377,23,87,2,0,0,0
377,23,88,1,1,0,1
377,23,89,2,0,0,0
377,23,91,2,0,0,0
377,23,104,2,0,0,0
377,23,153,1,78,0,0
377,23,153,2,0,0,0
377,23,156,2,0,0,0
377,23,157,1,24,0,0
377,23,157,2,0,0,0
377,23,164,2,0,0,0
377,23,174,1,30,0,0
377,23,182,2,0,0,0
377,23,192,1,66,0,0
377,23,199,1,60,0,0
377,23,201,2,0,0,0
377,23,203,2,0,0,0
377,23,207,2,0,0,0
377,23,214,2,0,0,0
377,23,219,2,0,0,0
377,23,241,2,0,0,0
377,23,244,2,0,0,0
377,23,246,1,12,0,0
377,23,249,2,0,0,0
377,23,263,2,0,0,0
377,23,264,2,0,0,0
377,23,276,1,54,0,0
377,23,280,2,0,0,0
377,23,317,2,0,0,0
377,23,334,1,36,0,0
377,23,351,2,0,0,0
377,23,359,1,42,0,0
377,23,374,2,0,0,0
377,23,397,2,0,0,0
377,23,409,2,0,0,0
377,23,411,2,0,0,0
377,23,416,2,0,0,0
377,23,430,2,0,0,0
377,23,431,2,0,0,0
377,23,444,1,48,0,0
377,23,444,2,0,0,0
377,23,446,2,0,0,0
377,23,451,1,1,0,0
377,23,451,2,0,0,0
377,23,523,1,6,0,0
377,23,523,2,0,0,0
378,23,23,1,18,0,0
378,23,58,1,24,0,0
378,23,58,2,0,0,0
378,23,59,1,48,0,0
378,23,59,2,0,0,0
378,23,63,1,72,0,0
378,23,63,2,0,0,0
378,23,70,2,0,0,0
378,23,85,2,0,0,0
378,23,86,2,0,0,0
378,23,87,2,0,0,0
378,23,89,2,0,0,0
378,23,104,2,0,0,0
378,23,133,1,36,0,0
378,23,153,1,78,0,0
378,23,153,2,0,0,0
378,23,156,2,0,0,0
378,23,157,2,0,0,0
378,23,164,2,0,0,0
378,23,174,1,30,0,0
378,23,182,2,0,0,0
378,23,192,1,66,0,0
378,23,196,1,1,0,1
378,23,199,1,60,0,0
378,23,203,2,0,0,0
378,23,207,2,0,0,0
378,23,214,2,0,0,0
378,23,219,2,0,0,0
378,23,240,2,0,0,0
378,23,244,2,0,0,0
378,23,246,1,12,0,0
378,23,249,2,0,0,0
378,23,258,2,0,0,0
378,23,263,2,0,0,0
378,23,264,2,0,0,0
378,23,276,1,54,0,0
378,23,280,2,0,0,0
378,23,317,2,0,0,0
378,23,351,2,0,0,0
378,23,359,1,42,0,0
378,23,374,2,0,0,0
378,23,397,2,0,0,0
378,23,411,2,0,0,0
378,23,416,2,0,0,0
378,23,419,2,0,0,0
378,23,430,2,0,0,0
378,23,431,2,0,0,0
378,23,451,1,1,0,0
378,23,451,2,0,0,0
378,23,523,1,6,0,0
378,23,523,2,0,0,0
379,23,23,1,18,0,0
379,23,63,1,72,0,0
379,23,63,2,0,0,0
379,23,70,2,0,0,0
379,23,85,2,0,0,0
379,23,86,2,0,0,0
379,23,87,2,0,0,0
379,23,89,2,0,0,0
379,23,104,2,0,0,0
379,23,133,1,36,0,1
379,23,153,1,78,0,0
379,23,153,2,0,0,0
379,23,156,2,0,0,0
379,23,157,2,0,0,0
379,23,164,2,0,0,0
379,23,174,1,30,0,0
379,23,182,2,0,0,0
379,23,192,1,66,0,0
379,23,199,1,60,0,0
379,23,201,2,0,0,0
379,23,203,2,0,0,0
379,23,207,2,0,0,0
379,23,214,2,0,0,0
379,23,219,2,0,0,0
379,23,232,1,1,0,1
379,23,240,2,0,0,0
379,23,241,2,0,0,0
379,23,244,2,0,0,0
379,23,246,1,12,0,0
379,23,249,2,0,0,0
379,23,263,2,0,0,0
379,23,264,2,0,0,0
379,23,276,1,54,0,0
379,23,280,2,0,0,0
379,23,317,2,0,0,0
379,23,332,2,0,0,0
379,23,334,1,36,0,0
379,23,351,2,0,0,0
379,23,359,1,42,0,0
379,23,374,2,0,0,0
379,23,397,2,0,0,0
379,23,411,2,0,0,0
379,23,416,2,0,0,0
379,23,421,2,0,0,0
379,23,430,1,24,0,1
379,23,430,2,0,0,0
379,23,431,2,0,0,0
379,23,442,1,24,0,0
379,23,446,2,0,0,0
379,23,451,1,1,0,0
379,23,451,2,0,0,0
379,23,484,1,48,0,0
379,23,523,1,6,0,0
379,23,523,2,0,0,0
380,23,15,2,0,0,0
380,23,19,2,0,0,0
380,23,46,2,0,0,0
380,23,57,2,0,0,0
380,23,58,2,0,0,0
380,23,63,2,0,0,0
380,23,76,2,0,0,0
380,23,85,2,0,0,0
380,23,86,2,0,0,0
380,23,87,2,0,0,0
380,23,89,2,0,0,0
380,23,93,1,15,0,0
380,23,94,1,60,0,0
380,23,94,2,0,0,0
380,23,104,2,0,0,0
380,23,105,1,10,0,0
380,23,113,2,0,0,0
380,23,115,2,0,0,0
380,23,127,2,0,0,0
380,23,138,2,0,0,0
380,23,148,2,0,0,0
380,23,156,2,0,0,0
380,23,164,2,0,0,0
380,23,182,2,0,0,0
380,23,201,2,0,0,0
380,23,203,2,0,0,0
380,23,204,1,1,0,1
380,23,207,2,0,0,0
380,23,211,2,0,0,0
380,23,213,2,0,0,0
380,23,214,2,0,0,0
380,23,219,2,0,0,0
380,23,225,1,25,0,0
380,23,240,2,0,0,0
380,23,241,2,0,0,0
380,23,244,2,0,0,0
380,23,247,2,0,0,0
380,23,263,2,0,0,0
380,23,270,1,5,0,0
380,23,273,1,30,0,0
380,23,296,1,35,0,0
380,23,332,2,0,0,0
380,23,337,2,0,0,0
380,23,347,2,0,0,0
380,23,351,2,0,0,0
380,23,352,2,0,0,0
380,23,355,2,0,0,0
380,23,361,1,70,0,0
380,23,366,1,20,0,0
380,23,375,1,75,0,0
380,23,406,1,45,0,0
380,23,406,2,0,0,0
380,23,412,2,0,0,0
380,23,416,2,0,0,0
380,23,421,2,0,0,0
380,23,428,1,40,0,0
380,23,432,2,0,0,0
380,23,434,5,0,0,0
380,23,447,2,0,0,0
380,23,451,2,0,0,0
380,23,470,1,65,0,0
380,23,500,1,1,0,0
380,23,505,1,50,0,0
380,23,513,1,55,0,0
380,23,523,2,0,0,0
381,23,15,2,0,0,0
381,23,19,2,0,0,0
381,23,46,2,0,0,0
381,23,57,2,0,0,0
381,23,58,2,0,0,0
381,23,63,2,0,0,0
381,23,76,2,0,0,0
381,23,85,2,0,0,0
381,23,86,2,0,0,0
381,23,87,2,0,0,0
381,23,89,2,0,0,0
381,23,93,1,15,0,0
381,23,94,1,60,0,0
381,23,94,2,0,0,0
381,23,104,2,0,0,0
381,23,105,1,10,0,0
381,23,113,2,0,0,0
381,23,115,2,0,0,0
381,23,127,2,0,0,0
381,23,138,2,0,0,0
381,23,148,2,0,0,0
381,23,156,2,0,0,0
381,23,164,2,0,0,0
381,23,182,2,0,0,0
381,23,201,2,0,0,0
381,23,203,2,0,0,0
381,23,207,2,0,0,0
381,23,211,2,0,0,0
381,23,213,2,0,0,0
381,23,214,2,0,0,0
381,23,219,2,0,0,0
381,23,225,1,25,0,0
381,23,240,2,0,0,0
381,23,241,2,0,0,0
381,23,244,2,0,0,0
381,23,247,2,0,0,0
381,23,262,1,70,0,0
381,23,263,2,0,0,0
381,23,270,1,5,0,0
381,23,295,1,35,0,0
381,23,332,2,0,0,0
381,23,337,2,0,0,0
381,23,347,2,0,0,0
381,23,349,1,1,0,1
381,23,351,2,0,0,0
381,23,352,2,0,0,0
381,23,355,2,0,0,0
381,23,366,1,20,0,0
381,23,375,1,75,0,0
381,23,406,1,45,0,0
381,23,406,2,0,0,0
381,23,412,2,0,0,0
381,23,416,2,0,0,0
381,23,421,2,0,0,0
381,23,428,1,40,0,0
381,23,432,2,0,0,0
381,23,434,5,0,0,0
381,23,447,2,0,0,0
381,23,451,2,0,0,0
381,23,471,1,65,0,0
381,23,493,1,55,0,0
381,23,500,1,1,0,0
381,23,502,1,30,0,0
381,23,505,1,50,0,0
381,23,523,2,0,0,0
382,23,34,1,1,0,2
382,23,38,1,81,0,0
382,23,46,2,0,0,0
382,23,56,1,72,0,0
382,23,57,2,0,0,0
382,23,58,1,36,0,0
382,23,58,2,0,0,0
382,23,59,2,0,0,0
382,23,63,2,0,0,0
382,23,70,2,0,0,0
382,23,85,2,0,0,0
382,23,86,2,0,0,0
382,23,87,2,0,0,0
382,23,89,2,0,0,0
382,23,104,2,0,0,0
382,23,127,2,0,0,0
382,23,156,2,0,0,0
382,23,157,2,0,0,0
382,23,164,2,0,0,0
382,23,182,2,0,0,0
382,23,184,1,1,0,3
382,23,203,2,0,0,0
382,23,207,2,0,0,0
382,23,214,2,0,0,0
382,23,219,2,0,0,0
382,23,240,2,0,0,0
382,23,244,2,0,0,0
382,23,246,1,1,0,1
382,23,249,2,0,0,0
382,23,258,2,0,0,0
382,23,263,2,0,0,0
382,23,280,2,0,0,0
382,23,317,2,0,0,0
382,23,323,1,90,0,0
382,23,329,1,45,0,0
382,23,330,1,27,0,0
382,23,347,1,18,0,0
382,23,347,2,0,0,0
382,23,351,2,0,0,0
382,23,352,1,1,0,0
382,23,352,2,0,0,0
382,23,362,2,0,0,0
382,23,392,1,54,0,0
382,23,401,1,9,0,0
382,23,416,2,0,0,0
382,23,419,2,0,0,0
382,23,503,2,0,0,0
382,23,523,2,0,0,0
382,23,618,1,63,0,0
383,23,14,2,0,0,0
383,23,15,2,0,0,0
383,23,46,2,0,0,0
383,23,53,2,0,0,0
383,23,63,2,0,0,0
383,23,70,2,0,0,0
383,23,76,1,81,0,0
383,23,76,2,0,0,0
383,23,85,2,0,0,0
383,23,86,2,0,0,0
383,23,87,2,0,0,0
383,23,89,1,27,0,0
383,23,89,2,0,0,0
383,23,90,1,45,0,0
383,23,91,2,0,0,0
383,23,104,2,0,0,0
383,23,126,1,72,0,0
383,23,126,2,0,0,0
383,23,156,1,54,0,0
383,23,156,2,0,0,0
383,23,157,2,0,0,0
383,23,164,2,0,0,0
383,23,182,2,0,0,0
383,23,184,1,1,0,3
383,23,201,2,0,0,0
383,23,203,2,0,0,0
383,23,207,2,0,0,0
383,23,214,2,0,0,0
383,23,219,2,0,0,0
383,23,231,2,0,0,0
383,23,241,2,0,0,0
383,23,244,2,0,0,0
383,23,246,1,1,0,1
383,23,249,2,0,0,0
383,23,263,2,0,0,0
383,23,280,2,0,0,0
383,23,284,1,90,0,0
383,23,315,2,0,0,0
383,23,317,2,0,0,0
383,23,332,2,0,0,0
383,23,337,2,0,0,0
383,23,339,1,18,0,0
383,23,339,2,0,0,0
383,23,341,1,1,0,0
383,23,351,2,0,0,0
383,23,359,1,36,0,0
383,23,374,2,0,0,0
383,23,397,2,0,0,0
383,23,406,2,0,0,0
383,23,411,2,0,0,0
383,23,414,1,9,0,0
383,23,416,2,0,0,0
383,23,421,2,0,0,0
383,23,431,2,0,0,0
383,23,436,1,1,0,2
383,23,444,2,0,0,0
383,23,446,2,0,0,0
383,23,523,2,0,0,0
383,23,619,1,63,0,0
384,23,14,2,0,0,0
384,23,19,1,63,0,0
384,23,19,2,0,0,0
384,23,46,2,0,0,0
384,23,53,2,0,0,0
384,23,57,2,0,0,0
384,23,58,2,0,0,0
384,23,59,2,0,0,0
384,23,63,1,90,0,0
384,23,63,2,0,0,0
384,23,70,2,0,0,0
384,23,76,2,0,0,0
384,23,85,2,0,0,0
384,23,86,2,0,0,0
384,23,87,2,0,0,0
384,23,89,2,0,0,0
384,23,104,2,0,0,0
384,23,126,2,0,0,0
384,23,127,2,0,0,0
384,23,156,1,54,0,0
384,23,156,2,0,0,0
384,23,157,2,0,0,0
384,23,164,2,0,0,0
384,23,182,2,0,0,0
384,23,184,1,1,0,4
384,23,200,1,81,0,0
384,23,201,2,0,0,0
384,23,203,2,0,0,0
384,23,207,2,0,0,0
384,23,214,2,0,0,0
384,23,231,2,0,0,0
384,23,239,1,1,0,1
384,23,240,2,0,0,0
384,23,241,2,0,0,0
384,23,242,1,9,0,0
384,23,244,2,0,0,0
384,23,245,1,27,0,0
384,23,246,1,1,0,2
384,23,249,2,0,0,0
384,23,263,2,0,0,0
384,23,280,2,0,0,0
384,23,304,1,45,0,0
384,23,315,2,0,0,0
384,23,317,2,0,0,0
384,23,332,2,0,0,0
384,23,337,2,0,0,0
384,23,339,2,0,0,0
384,23,349,1,18,0,0
384,23,351,2,0,0,0
384,23,352,2,0,0,0
384,23,360,2,0,0,0
384,23,374,2,0,0,0
384,23,403,1,1,0,3
384,23,406,1,36,0,0
384,23,406,2,0,0,0
384,23,411,2,0,0,0
384,23,412,2,0,0,0
384,23,416,2,0,0,0
384,23,419,2,0,0,0
384,23,421,2,0,0,0
384,23,434,5,0,0,0
384,23,444,2,0,0,0
384,23,523,2,0,0,0
384,23,542,1,72,0,0
384,23,620,1,1,0,0
385,23,38,1,77,0,0
385,23,63,2,0,0,0
385,23,85,2,0,0,0
385,23,86,2,0,0,0
385,23,87,2,0,0,0
385,23,93,1,1,0,0
385,23,94,1,42,0,0
385,23,94,2,0,0,0
385,23,104,2,0,0,0
385,23,113,2,0,0,0
385,23,115,2,0,0,0
385,23,129,1,7,0,0
385,23,138,2,0,0,0
385,23,148,2,0,0,0
385,23,156,1,63,0,0
385,23,156,2,0,0,0
385,23,164,2,0,0,0
385,23,182,2,0,0,0
385,23,201,2,0,0,0
385,23,203,2,0,0,0
385,23,207,2,0,0,0
385,23,214,2,0,0,0
385,23,219,2,0,0,0
385,23,240,2,0,0,0
385,23,241,2,0,0,0
385,23,244,2,0,0,0
385,23,247,2,0,0,0
385,23,248,1,70,0,0
385,23,263,2,0,0,0
385,23,270,1,14,0,0
385,23,273,1,1,0,1
385,23,278,2,0,0,0
385,23,285,2,0,0,0
385,23,309,1,49,0,0
385,23,322,1,84,0,0
385,23,332,2,0,0,0
385,23,347,2,0,0,0
385,23,351,2,0,0,0
385,23,352,2,0,0,0
385,23,353,1,98,0,0
385,23,356,1,35,0,0
385,23,361,1,56,0,0
385,23,369,2,0,0,0
385,23,374,2,0,0,0
385,23,387,1,91,0,0
385,23,409,2,0,0,0
385,23,412,2,0,0,0
385,23,416,2,0,0,0
385,23,428,1,28,0,0
385,23,430,2,0,0,0
385,23,433,2,0,0,0
385,23,446,2,0,0,0
385,23,447,2,0,0,0
385,23,451,2,0,0,0
385,23,605,2,0,0,0
385,23,791,1,21,0,0
386,23,15,2,0,0,0
386,23,35,1,1,0,1
386,23,43,1,1,0,0
386,23,58,2,0,0,0
386,23,63,1,73,0,0
386,23,63,2,0,0,0
386,23,70,2,0,0,0
386,23,76,2,0,0,0
386,23,85,2,0,0,0
386,23,86,2,0,0,0
386,23,87,2,0,0,0
386,23,94,1,31,0,0
386,23,94,2,0,0,0
386,23,100,1,13,0,0
386,23,101,1,7,0,0
386,23,104,2,0,0,0
386,23,105,1,61,0,0
386,23,113,2,0,0,0
386,23,115,2,0,0,0
386,23,138,2,0,0,0
386,23,148,2,0,0,0
386,23,156,2,0,0,0
386,23,157,2,0,0,0
386,23,164,2,0,0,0
386,23,182,2,0,0,0
386,23,203,2,0,0,0
386,23,207,2,0,0,0
386,23,214,2,0,0,0
386,23,219,2,0,0,0
386,23,240,2,0,0,0
386,23,241,2,0,0,0
386,23,244,2,0,0,0
386,23,247,2,0,0,0
386,23,249,2,0,0,0
386,23,259,2,0,0,0
386,23,263,2,0,0,0
386,23,264,2,0,0,0
386,23,269,2,0,0,0
386,23,278,2,0,0,0
386,23,280,2,0,0,0
386,23,282,1,19,0,0
386,23,285,2,0,0,0
386,23,317,2,0,0,0
386,23,322,1,55,0,0
386,23,332,2,0,0,0
386,23,347,2,0,0,0
386,23,351,2,0,0,0
386,23,352,2,0,0,0
386,23,354,1,67,0,0
386,23,374,2,0,0,0
386,23,375,1,43,0,0
386,23,390,1,25,0,0
386,23,398,2,0,0,0
386,23,399,2,0,0,0
386,23,409,2,0,0,0
386,23,411,2,0,0,0
386,23,412,2,0,0,0
386,23,415,1,37,0,0
386,23,416,2,0,0,0
386,23,417,2,0,0,0
386,23,419,2,0,0,0
386,23,428,1,49,0,0
386,23,430,2,0,0,0
386,23,433,2,0,0,0
386,23,446,2,0,0,0
386,23,447,2,0,0,0
386,23,451,2,0,0,0
386,23,490,2,0,0,0
387,23,14,2,0,0,0
387,23,15,2,0,0,0
387,23,33,1,1,0,0
387,23,34,3,0,0,0
387,23,37,3,0,0,0
387,23,38,3,0,0,0
387,23,44,1,21,0,0
387,23,70,2,0,0,0
387,23,72,1,25,0,0
387,23,73,1,29,0,0
387,23,74,1,10,0,0
387,23,74,3,0,0,0
387,23,75,1,13,0,0
387,23,76,2,0,0,0
387,23,104,2,0,0,0
387,23,110,1,5,0,0
387,23,113,2,0,0,0
387,23,115,2,0,0,0
387,23,133,3,0,0,0
387,23,148,2,0,0,0
387,23,156,2,0,0,0
387,23,164,2,0,0,0
387,23,174,1,17,0,0
387,23,182,2,0,0,0
387,23,202,1,41,0,0
387,23,202,2,0,0,0
387,23,203,2,0,0,0
387,23,207,2,0,0,0
387,23,213,2,0,0,0
387,23,214,2,0,0,0
387,23,219,2,0,0,0
387,23,231,2,0,0,0
387,23,235,1,33,0,0
387,23,241,2,0,0,0
387,23,242,1,37,0,0
387,23,249,2,0,0,0
387,23,254,3,0,0,0
387,23,255,3,0,0,0
387,23,256,3,0,0,0
387,23,263,2,0,0,0
387,23,276,3,0,0,0
387,23,321,3,0,0,0
387,23,328,3,0,0,0
387,23,331,2,0,0,0
387,23,388,3,0,0,0
387,23,402,3,0,0,0
387,23,412,2,0,0,0
387,23,414,3,0,0,0
387,23,431,2,0,0,0
387,23,437,1,45,0,0
387,23,446,2,0,0,0
387,23,447,2,0,0,0
387,23,469,3,0,0,0
387,23,484,3,0,0,0
387,23,526,2,0,0,0
387,23,580,3,0,0,0
387,23,670,1,6,0,0
388,23,14,2,0,0,0
388,23,15,2,0,0,0
388,23,33,1,1,0,0
388,23,44,1,22,0,0
388,23,70,2,0,0,0
388,23,71,1,1,0,2
388,23,72,1,27,0,0
388,23,73,1,32,0,0
388,23,74,1,10,0,0
388,23,75,1,13,0,0
388,23,76,2,0,0,0
388,23,104,2,0,0,0
388,23,110,1,1,0,1
388,23,110,1,5,0,0
388,23,113,2,0,0,0
388,23,115,2,0,0,0
388,23,148,2,0,0,0
388,23,156,2,0,0,0
388,23,164,2,0,0,0
388,23,174,1,17,0,0
388,23,182,2,0,0,0
388,23,202,1,47,0,0
388,23,202,2,0,0,0
388,23,203,2,0,0,0
388,23,207,2,0,0,0
388,23,213,2,0,0,0
388,23,214,2,0,0,0
388,23,219,2,0,0,0
388,23,231,2,0,0,0
388,23,235,1,37,0,0
388,23,241,2,0,0,0
388,23,242,1,42,0,0
388,23,249,2,0,0,0
388,23,263,2,0,0,0
388,23,331,2,0,0,0
388,23,412,2,0,0,0
388,23,431,2,0,0,0
388,23,437,1,52,0,0
388,23,446,2,0,0,0
388,23,447,2,0,0,0
388,23,526,2,0,0,0
388,23,670,1,6,0,0
389,23,14,2,0,0,0
389,23,15,2,0,0,0
389,23,33,1,1,0,2
389,23,44,1,22,0,0
389,23,46,2,0,0,0
389,23,63,2,0,0,0
389,23,70,2,0,0,0
389,23,71,1,1,0,4
389,23,72,1,27,0,0
389,23,73,1,33,0,0
389,23,74,1,10,0,0
389,23,75,1,1,0,5
389,23,75,1,13,0,0
389,23,76,2,0,0,0
389,23,89,1,0,0,0
389,23,89,1,1,0,0
389,23,89,2,0,0,0
389,23,104,2,0,0,0
389,23,110,1,1,0,3
389,23,110,1,5,0,0
389,23,113,2,0,0,0
389,23,115,2,0,0,0
389,23,148,2,0,0,0
389,23,156,2,0,0,0
389,23,157,2,0,0,0
389,23,164,2,0,0,0
389,23,174,1,17,0,0
389,23,182,2,0,0,0
389,23,201,2,0,0,0
389,23,202,1,51,0,0
389,23,202,2,0,0,0
389,23,203,2,0,0,0
389,23,207,2,0,0,0
389,23,213,2,0,0,0
389,23,214,2,0,0,0
389,23,219,2,0,0,0
389,23,231,2,0,0,0
389,23,235,1,39,0,0
389,23,241,2,0,0,0
389,23,242,1,45,0,0
389,23,249,2,0,0,0
389,23,263,2,0,0,0
389,23,317,2,0,0,0
389,23,331,2,0,0,0
389,23,338,5,0,0,0
389,23,397,2,0,0,0
389,23,412,2,0,0,0
389,23,416,2,0,0,0
389,23,431,2,0,0,0
389,23,437,1,57,0,0
389,23,444,2,0,0,0
389,23,446,2,0,0,0
389,23,447,2,0,0,0
389,23,452,1,1,0,1
389,23,523,2,0,0,0
389,23,526,2,0,0,0
389,23,670,1,6,0,0
390,23,7,3,0,0,0
390,23,9,3,0,0,0
390,23,10,1,1,0,0
390,23,14,2,0,0,0
390,23,15,2,0,0,0
390,23,24,3,0,0,0
390,23,43,1,1,0,1
390,23,52,1,6,0,0
390,23,53,1,47,0,0
390,23,53,2,0,0,0
390,23,66,3,0,0,0
390,23,68,3,0,0,0
390,23,70,2,0,0,0
390,23,83,1,33,0,0
390,23,91,2,0,0,0
390,23,104,2,0,0,0
390,23,116,3,0,0,0
390,23,126,2,0,0,0
390,23,154,1,15,0,0
390,23,156,2,0,0,0
390,23,164,2,0,0,0
390,23,172,1,17,0,0
390,23,182,2,0,0,0
390,23,203,2,0,0,0
390,23,207,2,0,0,0
390,23,213,2,0,0,0
390,23,214,2,0,0,0
390,23,227,3,0,0,0
390,23,231,2,0,0,0
390,23,241,2,0,0,0
390,23,249,2,0,0,0
390,23,252,3,0,0,0
390,23,257,3,0,0,0
390,23,259,1,25,0,0
390,23,259,2,0,0,0
390,23,261,2,0,0,0
390,23,263,1,31,0,0
390,23,263,2,0,0,0
390,23,264,2,0,0,0
390,23,269,1,9,0,0
390,23,269,2,0,0,0
390,23,270,3,0,0,0
390,23,280,2,0,0,0
390,23,299,3,0,0,0
390,23,303,1,41,0,0
390,23,315,2,0,0,0
390,23,332,2,0,0,0
390,23,339,2,0,0,0
390,23,369,2,0,0,0
390,23,374,2,0,0,0
390,23,417,1,23,0,0
390,23,417,2,0,0,0
390,23,421,2,0,0,0
390,23,431,2,0,0,0
390,23,446,2,0,0,0
390,23,447,2,0,0,0
390,23,490,2,0,0,0
390,23,501,3,0,0,0
390,23,512,1,39,0,0
390,23,526,2,0,0,0
390,23,612,1,12,0,0
390,23,612,3,0,0,0
391,23,10,1,1,0,1
391,23,14,2,0,0,0
391,23,15,2,0,0,0
391,23,43,1,1,0,2
391,23,52,1,1,0,3
391,23,52,1,7,0,0
391,23,53,1,1,0,6
391,23,53,2,0,0,0
391,23,70,2,0,0,0
391,23,83,1,39,0,0
391,23,91,2,0,0,0
391,23,104,2,0,0,0
391,23,126,2,0,0,0
391,23,154,1,16,0,0
391,23,156,2,0,0,0
391,23,157,2,0,0,0
391,23,164,2,0,0,0
391,23,172,1,19,0,0
391,23,182,2,0,0,0
391,23,183,1,0,0,0
391,23,183,1,1,0,0
391,23,203,2,0,0,0
391,23,207,2,0,0,0
391,23,213,2,0,0,0
391,23,214,2,0,0,0
391,23,231,2,0,0,0
391,23,241,2,0,0,0
391,23,249,2,0,0,0
391,23,259,1,29,0,0
391,23,259,2,0,0,0
391,23,261,2,0,0,0
391,23,263,1,1,0,5
391,23,263,2,0,0,0
391,23,264,2,0,0,0
391,23,269,1,9,0,0
391,23,269,2,0,0,0
391,23,280,2,0,0,0
391,23,303,1,49,0,0
391,23,315,2,0,0,0
391,23,317,2,0,0,0
391,23,332,2,0,0,0
391,23,339,2,0,0,0
391,23,364,1,26,0,0
391,23,369,2,0,0,0
391,23,370,1,36,0,0
391,23,374,2,0,0,0
391,23,394,1,56,0,0
391,23,398,2,0,0,0
391,23,411,2,0,0,0
391,23,417,1,1,0,4
391,23,417,2,0,0,0
391,23,421,2,0,0,0
391,23,431,2,0,0,0
391,23,446,2,0,0,0
391,23,447,2,0,0,0
391,23,490,2,0,0,0
391,23,512,1,46,0,0
391,23,526,2,0,0,0
391,23,612,1,12,0,0
392,23,10,1,1,0,3
392,23,14,2,0,0,0
392,23,15,2,0,0,0
392,23,43,1,1,0,4
392,23,46,2,0,0,0
392,23,52,1,1,0,5
392,23,52,1,7,0,0
392,23,53,1,1,0,9
392,23,53,2,0,0,0
392,23,63,2,0,0,0
392,23,70,2,0,0,0
392,23,76,2,0,0,0
392,23,83,1,42,0,0
392,23,89,2,0,0,0
392,23,91,2,0,0,0
392,23,104,2,0,0,0
392,23,126,2,0,0,0
392,23,154,1,16,0,0
392,23,156,2,0,0,0
392,23,157,2,0,0,0
392,23,164,2,0,0,0
392,23,172,1,19,0,0
392,23,182,2,0,0,0
392,23,183,1,1,0,1
392,23,203,2,0,0,0
392,23,207,2,0,0,0
392,23,213,2,0,0,0
392,23,214,2,0,0,0
392,23,231,2,0,0,0
392,23,241,2,0,0,0
392,23,249,2,0,0,0
392,23,259,1,1,0,10
392,23,259,2,0,0,0
392,23,261,2,0,0,0
392,23,263,1,1,0,8
392,23,263,2,0,0,0
392,23,264,2,0,0,0
392,23,269,1,1,0,6
392,23,269,1,9,0,0
392,23,269,2,0,0,0
392,23,280,2,0,0,0
392,23,303,1,1,0,11
392,23,307,5,0,0,0
392,23,315,2,0,0,0
392,23,317,2,0,0,0
392,23,332,2,0,0,0
392,23,339,2,0,0,0
392,23,347,1,58,0,0
392,23,347,2,0,0,0
392,23,364,1,26,0,0
392,23,369,1,29,0,0
392,23,369,2,0,0,0
392,23,370,1,0,0,0
392,23,370,1,1,0,0
392,23,374,2,0,0,0
392,23,394,1,1,0,2
392,23,394,1,68,0,0
392,23,398,2,0,0,0
392,23,411,2,0,0,0
392,23,416,2,0,0,0
392,23,417,1,1,0,7
392,23,417,2,0,0,0
392,23,421,2,0,0,0
392,23,431,2,0,0,0
392,23,444,2,0,0,0
392,23,446,2,0,0,0
392,23,447,2,0,0,0
392,23,490,2,0,0,0
392,23,512,1,52,0,0
392,23,523,2,0,0,0
392,23,526,2,0,0,0
392,23,612,1,12,0,0
393,23,1,1,1,0,0
393,23,15,2,0,0,0
393,23,31,1,25,0,0
393,23,45,1,4,0,0
393,23,48,3,0,0,0
393,23,54,1,36,0,0
393,23,55,1,6,0,0
393,23,56,1,43,0,0
393,23,56,3,0,0,0
393,23,57,2,0,0,0
393,23,58,2,0,0,0
393,23,59,2,0,0,0
393,23,61,1,18,0,0
393,23,64,1,15,0,0
393,23,65,1,39,0,0
393,23,91,2,0,0,0
393,23,97,3,0,0,0
393,23,104,2,0,0,0
393,23,127,2,0,0,0
393,23,156,2,0,0,0
393,23,164,2,0,0,0
393,23,173,3,0,0,0
393,23,175,3,0,0,0
393,23,182,2,0,0,0
393,23,189,3,0,0,0
393,23,196,3,0,0,0
393,23,203,2,0,0,0
393,23,204,1,11,0,0
393,23,207,1,22,0,0
393,23,207,2,0,0,0
393,23,213,2,0,0,0
393,23,214,2,0,0,0
393,23,240,2,0,0,0
393,23,250,1,32,0,0
393,23,258,2,0,0,0
393,23,263,2,0,0,0
393,23,280,2,0,0,0
393,23,281,3,0,0,0
393,23,297,3,0,0,0
393,23,317,2,0,0,0
393,23,332,2,0,0,0
393,23,352,2,0,0,0
393,23,362,1,29,0,0
393,23,362,2,0,0,0
393,23,365,2,0,0,0
393,23,374,2,0,0,0
393,23,392,3,0,0,0
393,23,432,2,0,0,0
393,23,446,2,0,0,0
393,23,447,2,0,0,0
393,23,458,3,0,0,0
393,23,503,2,0,0,0
393,23,526,2,0,0,0
394,23,1,1,1,0,3
394,23,15,2,0,0,0
394,23,31,1,28,0,0
394,23,33,1,1,0,1
394,23,45,1,1,0,2
394,23,45,1,4,0,0
394,23,54,1,42,0,0
394,23,55,1,8,0,0
394,23,56,1,50,0,0
394,23,57,2,0,0,0
394,23,58,2,0,0,0
394,23,59,2,0,0,0
394,23,61,1,19,0,0
394,23,64,1,15,0,0
394,23,65,1,46,0,0
394,23,70,2,0,0,0
394,23,91,2,0,0,0
394,23,104,2,0,0,0
394,23,127,2,0,0,0
394,23,156,2,0,0,0
394,23,164,2,0,0,0
394,23,182,2,0,0,0
394,23,203,2,0,0,0
394,23,204,1,11,0,0
394,23,207,1,24,0,0
394,23,207,2,0,0,0
394,23,213,2,0,0,0
394,23,214,2,0,0,0
394,23,232,1,0,0,0
394,23,232,1,1,0,0
394,23,240,2,0,0,0
394,23,249,2,0,0,0
394,23,250,1,37,0,0
394,23,258,2,0,0,0
394,23,263,2,0,0,0
394,23,280,2,0,0,0
394,23,317,2,0,0,0
394,23,332,2,0,0,0
394,23,352,2,0,0,0
394,23,362,1,33,0,0
394,23,362,2,0,0,0
394,23,365,2,0,0,0
394,23,374,2,0,0,0
394,23,421,2,0,0,0
394,23,432,2,0,0,0
394,23,446,2,0,0,0
394,23,447,2,0,0,0
394,23,503,2,0,0,0
394,23,526,2,0,0,0
395,23,1,1,1,0,4
395,23,14,1,11,0,0
395,23,14,2,0,0,0
395,23,15,2,0,0,0
395,23,31,1,28,0,0
395,23,33,1,1,0,2
395,23,45,1,1,0,3
395,23,45,1,4,0,0
395,23,46,2,0,0,0
395,23,54,1,46,0,0
395,23,55,1,8,0,0
395,23,56,1,59,0,0
395,23,57,2,0,0,0
395,23,58,2,0,0,0
395,23,59,2,0,0,0
395,23,61,1,19,0,0
395,23,63,2,0,0,0
395,23,64,1,15,0,0
395,23,65,1,52,0,0
395,23,70,2,0,0,0
395,23,89,2,0,0,0
395,23,91,2,0,0,0
395,23,104,2,0,0,0
395,23,127,2,0,0,0
395,23,156,2,0,0,0
395,23,157,2,0,0,0
395,23,164,2,0,0,0
395,23,182,2,0,0,0
395,23,203,2,0,0,0
395,23,204,1,1,0,5
395,23,207,1,24,0,0
395,23,207,2,0,0,0
395,23,211,2,0,0,0
395,23,213,2,0,0,0
395,23,214,2,0,0,0
395,23,232,1,1,0,1
395,23,240,2,0,0,0
395,23,249,2,0,0,0
395,23,250,1,39,0,0
395,23,258,2,0,0,0
395,23,263,2,0,0,0
395,23,280,2,0,0,0
395,23,308,5,0,0,0
395,23,317,2,0,0,0
395,23,332,2,0,0,0
395,23,352,2,0,0,0
395,23,362,1,33,0,0
395,23,362,2,0,0,0
395,23,365,2,0,0,0
395,23,374,2,0,0,0
395,23,416,2,0,0,0
395,23,419,2,0,0,0
395,23,421,2,0,0,0
395,23,430,2,0,0,0
395,23,431,2,0,0,0
395,23,432,2,0,0,0
395,23,446,2,0,0,0
395,23,447,2,0,0,0
395,23,453,1,0,0,0
395,23,453,1,1,0,0
395,23,503,2,0,0,0
395,23,523,2,0,0,0
395,23,526,2,0,0,0
396,23,17,1,9,0,0
396,23,18,1,21,0,0
396,23,19,2,0,0,0
396,23,28,3,0,0,0
396,23,31,3,0,0,0
396,23,33,1,1,0,0
396,23,36,1,29,0,0
396,23,38,3,0,0,0
396,23,45,1,1,0,1
396,23,97,1,33,0,0
396,23,98,1,5,0,0
396,23,104,1,13,0,0
396,23,104,2,0,0,0
396,23,156,2,0,0,0
396,23,164,2,0,0,0
396,23,168,2,0,0,0
396,23,182,2,0,0,0
396,23,197,3,0,0,0
396,23,203,2,0,0,0
396,23,207,2,0,0,0
396,23,211,2,0,0,0
396,23,213,2,0,0,0
396,23,214,2,0,0,0
396,23,240,2,0,0,0
396,23,241,2,0,0,0
396,23,253,3,0,0,0
396,23,263,2,0,0,0
396,23,279,3,0,0,0
396,23,283,1,17,0,0
396,23,297,3,0,0,0
396,23,310,3,0,0,0
396,23,332,1,25,0,0
396,23,332,2,0,0,0
396,23,355,2,0,0,0
396,23,365,2,0,0,0
396,23,369,2,0,0,0
396,23,413,1,37,0,0
396,23,432,2,0,0,0
396,23,515,1,41,0,0
396,23,526,2,0,0,0
397,23,17,1,9,0,0
397,23,18,1,23,0,0
397,23,19,2,0,0,0
397,23,33,1,1,0,0
397,23,36,1,33,0,0
397,23,45,1,1,0,1
397,23,97,1,38,0,0
397,23,98,1,1,0,2
397,23,98,1,5,0,0
397,23,104,1,13,0,0
397,23,104,2,0,0,0
397,23,156,2,0,0,0
397,23,164,2,0,0,0
397,23,168,2,0,0,0
397,23,182,2,0,0,0
397,23,203,2,0,0,0
397,23,207,2,0,0,0
397,23,211,2,0,0,0
397,23,213,2,0,0,0
397,23,214,2,0,0,0
397,23,240,2,0,0,0
397,23,241,2,0,0,0
397,23,263,2,0,0,0
397,23,283,1,18,0,0
397,23,332,1,28,0,0
397,23,332,2,0,0,0
397,23,355,2,0,0,0
397,23,365,2,0,0,0
397,23,369,2,0,0,0
397,23,413,1,43,0,0
397,23,432,2,0,0,0
397,23,515,1,48,0,0
397,23,526,2,0,0,0
398,23,17,1,1,0,4
398,23,17,1,9,0,0
398,23,18,1,23,0,0
398,23,19,2,0,0,0
398,23,33,1,1,0,1
398,23,36,1,33,0,0
398,23,45,1,1,0,2
398,23,63,2,0,0,0
398,23,97,1,41,0,0
398,23,98,1,1,0,3
398,23,98,1,5,0,0
398,23,104,1,13,0,0
398,23,104,2,0,0,0
398,23,156,2,0,0,0
398,23,164,2,0,0,0
398,23,168,2,0,0,0
398,23,182,2,0,0,0
398,23,203,2,0,0,0
398,23,207,2,0,0,0
398,23,211,2,0,0,0
398,23,213,2,0,0,0
398,23,214,2,0,0,0
398,23,240,2,0,0,0
398,23,241,2,0,0,0
398,23,263,2,0,0,0
398,23,283,1,18,0,0
398,23,332,1,28,0,0
398,23,332,2,0,0,0
398,23,355,2,0,0,0
398,23,365,2,0,0,0
398,23,369,2,0,0,0
398,23,370,1,0,0,0
398,23,370,1,1,0,0
398,23,413,1,49,0,0
398,23,416,2,0,0,0
398,23,432,2,0,0,0
398,23,515,1,57,0,0
398,23,526,2,0,0,0
399,23,14,1,37,0,0
399,23,14,2,0,0,0
399,23,15,2,0,0,0
399,23,29,1,13,0,0
399,23,33,1,1,0,0
399,23,36,1,29,0,0
399,23,38,3,0,0,0
399,23,45,1,1,0,1
399,23,58,2,0,0,0
399,23,59,2,0,0,0
399,23,85,2,0,0,0
399,23,86,2,0,0,0
399,23,87,2,0,0,0
399,23,91,2,0,0,0
399,23,98,3,0,0,0
399,23,104,2,0,0,0
399,23,111,1,5,0,0
399,23,111,3,0,0,0
399,23,130,3,0,0,0
399,23,133,1,41,0,0
399,23,154,3,0,0,0
399,23,156,2,0,0,0
399,23,162,1,33,0,0
399,23,164,2,0,0,0
399,23,168,2,0,0,0
399,23,174,1,49,0,0
399,23,182,2,0,0,0
399,23,203,2,0,0,0
399,23,205,1,9,0,0
399,23,205,3,0,0,0
399,23,207,2,0,0,0
399,23,213,2,0,0,0
399,23,214,2,0,0,0
399,23,231,2,0,0,0
399,23,240,2,0,0,0
399,23,241,2,0,0,0
399,23,242,1,25,0,0
399,23,247,2,0,0,0
399,23,249,2,0,0,0
399,23,263,2,0,0,0
399,23,269,1,17,0,0
399,23,269,2,0,0,0
399,23,276,1,45,0,0
399,23,281,1,21,0,0
399,23,351,2,0,0,0
399,23,365,2,0,0,0
399,23,401,3,0,0,0
399,23,446,2,0,0,0
399,23,447,2,0,0,0
399,23,451,2,0,0,0
399,23,526,2,0,0,0
400,23,14,1,43,0,0
400,23,14,2,0,0,0
400,23,15,2,0,0,0
400,23,29,1,13,0,0
400,23,33,1,1,0,2
400,23,36,1,33,0,0
400,23,45,1,1,0,3
400,23,55,1,0,0,0
400,23,55,1,1,0,0
400,23,57,2,0,0,0
400,23,58,2,0,0,0
400,23,59,2,0,0,0
400,23,63,2,0,0,0
400,23,70,2,0,0,0
400,23,85,2,0,0,0
400,23,86,2,0,0,0
400,23,87,2,0,0,0
400,23,91,2,0,0,0
400,23,104,2,0,0,0
400,23,111,1,5,0,0
400,23,127,2,0,0,0
400,23,133,1,48,0,0
400,23,156,2,0,0,0
400,23,162,1,38,0,0
400,23,164,2,0,0,0
400,23,168,2,0,0,0
400,23,174,1,58,0,0
400,23,182,2,0,0,0
400,23,203,2,0,0,0
400,23,205,1,9,0,0
400,23,207,2,0,0,0
400,23,213,2,0,0,0
400,23,214,2,0,0,0
400,23,231,2,0,0,0
400,23,240,2,0,0,0
400,23,241,2,0,0,0
400,23,242,1,28,0,0
400,23,247,2,0,0,0
400,23,249,2,0,0,0
400,23,263,2,0,0,0
400,23,264,2,0,0,0
400,23,269,1,18,0,0
400,23,269,2,0,0,0
400,23,276,1,53,0,0
400,23,281,1,23,0,0
400,23,351,2,0,0,0
400,23,352,2,0,0,0
400,23,365,2,0,0,0
400,23,374,2,0,0,0
400,23,416,2,0,0,0
400,23,431,2,0,0,0
400,23,446,2,0,0,0
400,23,447,2,0,0,0
400,23,451,2,0,0,0
400,23,453,1,1,0,1
400,23,503,2,0,0,0
400,23,523,2,0,0,0
400,23,526,2,0,0,0
401,23,1,1,1,0,1
401,23,45,1,1,0,0
401,23,450,1,16,0,0
401,23,522,1,6,0,0
402,23,1,1,1,0,2
402,23,14,2,0,0,0
402,23,15,2,0,0,0
402,23,45,1,1,0,1
402,23,47,1,18,0,0
402,23,63,2,0,0,0
402,23,70,2,0,0,0
402,23,71,1,14,0,0
402,23,103,1,34,0,0
402,23,104,2,0,0,0
402,23,116,1,22,0,0
402,23,148,2,0,0,0
402,23,156,2,0,0,0
402,23,163,1,26,0,0
402,23,164,2,0,0,0
402,23,182,2,0,0,0
402,23,195,1,50,0,0
402,23,203,2,0,0,0
402,23,206,2,0,0,0
402,23,207,2,0,0,0
402,23,210,1,0,0,0
402,23,210,1,1,0,0
402,23,213,2,0,0,0
402,23,214,2,0,0,0
402,23,240,2,0,0,0
402,23,241,2,0,0,0
402,23,249,2,0,0,0
402,23,263,2,0,0,0
402,23,269,1,38,0,0
402,23,269,2,0,0,0
402,23,280,2,0,0,0
402,23,332,2,0,0,0
402,23,400,1,42,0,0
402,23,404,1,30,0,0
402,23,404,2,0,0,0
402,23,405,1,46,0,0
402,23,405,2,0,0,0
402,23,416,2,0,0,0
402,23,450,1,1,0,4
402,23,522,1,1,0,3
402,23,564,1,44,0,0
402,23,565,1,36,0,0
403,23,24,3,0,0,0
403,23,33,1,1,0,0
403,23,36,3,0,0,0
403,23,43,1,1,0,1
403,23,44,1,12,0,0
403,23,46,1,20,0,0
403,23,46,2,0,0,0
403,23,70,2,0,0,0
403,23,84,1,4,0,0
403,23,85,2,0,0,0
403,23,86,1,32,0,0
403,23,86,2,0,0,0
403,23,87,2,0,0,0
403,23,98,3,0,0,0
403,23,104,2,0,0,0
403,23,113,2,0,0,0
403,23,129,3,0,0,0
403,23,148,2,0,0,0
403,23,156,2,0,0,0
403,23,164,2,0,0,0
403,23,168,2,0,0,0
403,23,182,2,0,0,0
403,23,184,1,28,0,0
403,23,203,2,0,0,0
403,23,207,1,44,0,0
403,23,207,2,0,0,0
403,23,209,1,16,0,0
403,23,213,2,0,0,0
403,23,214,2,0,0,0
403,23,231,2,0,0,0
403,23,240,2,0,0,0
403,23,242,1,36,0,0
403,23,263,2,0,0,0
403,23,268,1,8,0,0
403,23,270,3,0,0,0
403,23,313,3,0,0,0
403,23,336,3,0,0,0
403,23,351,2,0,0,0
403,23,400,3,0,0,0
403,23,422,3,0,0,0
403,23,423,3,0,0,0
403,23,424,3,0,0,0
403,23,435,1,40,0,0
403,23,451,2,0,0,0
403,23,521,1,24,0,0
403,23,521,2,0,0,0
403,23,528,1,48,0,0
403,23,555,2,0,0,0
403,23,598,3,0,0,0
403,23,608,3,0,0,0
404,23,33,1,1,0,0
404,23,43,1,1,0,1
404,23,44,1,12,0,0
404,23,46,1,24,0,0
404,23,46,2,0,0,0
404,23,70,2,0,0,0
404,23,84,1,1,0,2
404,23,85,2,0,0,0
404,23,86,1,42,0,0
404,23,86,2,0,0,0
404,23,87,2,0,0,0
404,23,104,2,0,0,0
404,23,113,2,0,0,0
404,23,148,2,0,0,0
404,23,156,2,0,0,0
404,23,164,2,0,0,0
404,23,168,2,0,0,0
404,23,182,2,0,0,0
404,23,184,1,36,0,0
404,23,203,2,0,0,0
404,23,207,1,60,0,0
404,23,207,2,0,0,0
404,23,209,1,18,0,0
404,23,213,2,0,0,0
404,23,214,2,0,0,0
404,23,231,2,0,0,0
404,23,240,2,0,0,0
404,23,242,1,48,0,0
404,23,263,2,0,0,0
404,23,268,1,1,0,3
404,23,351,2,0,0,0
404,23,435,1,54,0,0
404,23,451,2,0,0,0
404,23,521,1,31,0,0
404,23,521,2,0,0,0
404,23,528,1,68,0,0
404,23,555,2,0,0,0
405,23,33,1,1,0,1
405,23,43,1,1,0,2
405,23,44,1,12,0,0
405,23,46,1,24,0,0
405,23,46,2,0,0,0
405,23,63,2,0,0,0
405,23,70,2,0,0,0
405,23,84,1,1,0,3
405,23,85,2,0,0,0
405,23,86,1,48,0,0
405,23,86,2,0,0,0
405,23,87,2,0,0,0
405,23,104,2,0,0,0
405,23,113,2,0,0,0
405,23,148,2,0,0,0
405,23,156,2,0,0,0
405,23,164,2,0,0,0
405,23,168,2,0,0,0
405,23,182,2,0,0,0
405,23,184,1,40,0,0
405,23,203,2,0,0,0
405,23,207,1,72,0,0
405,23,207,2,0,0,0
405,23,209,1,18,0,0
405,23,213,2,0,0,0
405,23,214,2,0,0,0
405,23,231,2,0,0,0
405,23,240,2,0,0,0
405,23,242,1,56,0,0
405,23,263,2,0,0,0
405,23,268,1,1,0,4
405,23,351,2,0,0,0
405,23,416,2,0,0,0
405,23,435,1,64,0,0
405,23,451,2,0,0,0
405,23,521,1,33,0,0
405,23,521,2,0,0,0
405,23,528,1,80,0,0
405,23,555,2,0,0,0
405,23,604,1,1,0,0
406,23,14,2,0,0,0
406,23,15,2,0,0,0
406,23,42,3,0,0,0
406,23,71,1,1,0,0
406,23,74,1,1,0,1
406,23,75,3,0,0,0
406,23,76,2,0,0,0
406,23,78,1,1,0,2
406,23,79,3,0,0,0
406,23,104,2,0,0,0
406,23,148,2,0,0,0
406,23,156,2,0,0,0
406,23,164,2,0,0,0
406,23,170,3,0,0,0
406,23,178,3,0,0,0
406,23,182,2,0,0,0
406,23,188,2,0,0,0
406,23,191,3,0,0,0
406,23,202,2,0,0,0
406,23,203,2,0,0,0
406,23,207,2,0,0,0
406,23,213,2,0,0,0
406,23,214,2,0,0,0
406,23,235,3,0,0,0
406,23,240,2,0,0,0
406,23,241,2,0,0,0
406,23,244,2,0,0,0
406,23,247,2,0,0,0
406,23,263,2,0,0,0
406,23,326,3,0,0,0
406,23,331,2,0,0,0
406,23,388,1,1,0,3
406,23,402,3,0,0,0
406,23,412,2,0,0,0
406,23,437,3,0,0,0
406,23,447,2,0,0,0
406,23,605,2,0,0,0
406,23,791,3,0,0,0
407,23,14,2,0,0,0
407,23,15,2,0,0,0
407,23,40,1,1,0,2
407,23,63,2,0,0,0
407,23,71,1,1,0,16
407,23,72,1,1,0,4
407,23,73,1,1,0,5
407,23,74,1,1,0,17
407,23,76,2,0,0,0
407,23,78,1,1,0,18
407,23,80,1,1,0,15
407,23,92,1,1,0,11
407,23,92,2,0,0,0
407,23,104,2,0,0,0
407,23,148,2,0,0,0
407,23,156,2,0,0,0
407,23,164,2,0,0,0
407,23,182,2,0,0,0
407,23,188,2,0,0,0
407,23,202,1,1,0,9
407,23,202,2,0,0,0
407,23,203,2,0,0,0
407,23,207,2,0,0,0
407,23,213,2,0,0,0
407,23,214,2,0,0,0
407,23,230,1,1,0,8
407,23,235,1,1,0,10
407,23,240,2,0,0,0
407,23,241,2,0,0,0
407,23,244,2,0,0,0
407,23,247,2,0,0,0
407,23,263,2,0,0,0
407,23,275,1,1,0,14
407,23,312,1,1,0,13
407,23,331,2,0,0,0
407,23,345,1,1,0,6
407,23,388,1,1,0,19
407,23,390,1,1,0,7
407,23,398,2,0,0,0
407,23,412,2,0,0,0
407,23,416,2,0,0,0
407,23,447,2,0,0,0
407,23,572,1,1,0,12
407,23,580,1,1,0,1
407,23,599,1,1,0,3
407,23,605,2,0,0,0
408,23,14,1,28,0,0
408,23,14,2,0,0,0
408,23,18,3,0,0,0
408,23,21,3,0,0,0
408,23,23,3,0,0,0
408,23,29,1,1,0,1
408,23,36,1,15,0,0
408,23,37,3,0,0,0
408,23,38,3,0,0,0
408,23,43,1,1,0,2
408,23,43,3,0,0,0
408,23,46,2,0,0,0
408,23,53,2,0,0,0
408,23,58,2,0,0,0
408,23,59,2,0,0,0
408,23,70,2,0,0,0
408,23,85,2,0,0,0
408,23,87,2,0,0,0
408,23,89,2,0,0,0
408,23,91,2,0,0,0
408,23,103,1,42,0,0
408,23,104,2,0,0,0
408,23,116,1,6,0,0
408,23,126,2,0,0,0
408,23,156,2,0,0,0
408,23,157,2,0,0,0
408,23,164,2,0,0,0
408,23,168,2,0,0,0
408,23,174,3,0,0,0
408,23,182,2,0,0,0
408,23,184,1,19,0,0
408,23,201,2,0,0,0
408,23,203,2,0,0,0
408,23,207,2,0,0,0
408,23,213,2,0,0,0
408,23,214,2,0,0,0
408,23,231,2,0,0,0
408,23,240,2,0,0,0
408,23,241,2,0,0,0
408,23,242,3,0,0,0
408,23,246,1,33,0,0
408,23,249,2,0,0,0
408,23,263,2,0,0,0
408,23,317,2,0,0,0
408,23,351,2,0,0,0
408,23,359,3,0,0,0
408,23,371,2,0,0,0
408,23,372,1,24,0,0
408,23,374,2,0,0,0
408,23,397,1,10,0,0
408,23,397,2,0,0,0
408,23,406,2,0,0,0
408,23,428,1,37,0,0
408,23,431,2,0,0,0
408,23,442,3,0,0,0
408,23,444,2,0,0,0
408,23,446,2,0,0,0
408,23,457,1,46,0,0
408,23,523,2,0,0,0
409,23,14,1,28,0,0
409,23,14,2,0,0,0
409,23,15,2,0,0,0
409,23,29,1,1,0,1
409,23,36,1,15,0,0
409,23,43,1,1,0,2
409,23,46,2,0,0,0
409,23,53,2,0,0,0
409,23,57,2,0,0,0
409,23,58,2,0,0,0
409,23,59,2,0,0,0
409,23,63,2,0,0,0
409,23,70,2,0,0,0
409,23,85,2,0,0,0
409,23,87,2,0,0,0
409,23,89,2,0,0,0
409,23,91,2,0,0,0
409,23,103,1,51,0,0
409,23,104,2,0,0,0
409,23,116,1,1,0,3
409,23,116,1,6,0,0
409,23,126,2,0,0,0
409,23,156,2,0,0,0
409,23,157,2,0,0,0
409,23,164,2,0,0,0
409,23,168,2,0,0,0
409,23,182,2,0,0,0
409,23,184,1,19,0,0
409,23,201,2,0,0,0
409,23,203,2,0,0,0
409,23,207,2,0,0,0
409,23,213,2,0,0,0
409,23,214,2,0,0,0
409,23,231,2,0,0,0
409,23,240,2,0,0,0
409,23,241,2,0,0,0
409,23,246,1,36,0,0
409,23,249,2,0,0,0
409,23,263,2,0,0,0
409,23,264,2,0,0,0
409,23,280,2,0,0,0
409,23,283,1,0,0,0
409,23,283,1,1,0,0
409,23,317,2,0,0,0
409,23,351,2,0,0,0
409,23,371,2,0,0,0
409,23,372,1,24,0,0
409,23,374,2,0,0,0
409,23,397,1,10,0,0
409,23,397,2,0,0,0
409,23,406,2,0,0,0
409,23,411,2,0,0,0
409,23,416,2,0,0,0
409,23,419,2,0,0,0
409,23,428,1,43,0,0
409,23,431,2,0,0,0
409,23,444,2,0,0,0
409,23,446,2,0,0,0
409,23,457,1,58,0,0
409,23,523,2,0,0,0
410,23,29,3,0,0,0
410,23,33,1,1,0,0
410,23,34,3,0,0,0
410,23,36,1,15,0,0
410,23,38,3,0,0,0
410,23,46,2,0,0,0
410,23,53,2,0,0,0
410,23,58,2,0,0,0
410,23,59,2,0,0,0
410,23,68,3,0,0,0
410,23,70,2,0,0,0
410,23,85,2,0,0,0
410,23,87,2,0,0,0
410,23,89,2,0,0,0
410,23,90,3,0,0,0
410,23,91,2,0,0,0
410,23,103,3,0,0,0
410,23,104,2,0,0,0
410,23,116,3,0,0,0
410,23,126,2,0,0,0
410,23,156,2,0,0,0
410,23,157,2,0,0,0
410,23,164,2,0,0,0
410,23,174,3,0,0,0
410,23,182,1,1,0,1
410,23,182,2,0,0,0
410,23,184,3,0,0,0
410,23,201,2,0,0,0
410,23,203,1,33,0,0
410,23,203,2,0,0,0
410,23,207,1,24,0,0
410,23,207,2,0,0,0
410,23,213,2,0,0,0
410,23,214,2,0,0,0
410,23,231,2,0,0,0
410,23,240,2,0,0,0
410,23,241,2,0,0,0
410,23,246,1,28,0,0
410,23,249,2,0,0,0
410,23,259,2,0,0,0
410,23,263,2,0,0,0
410,23,269,1,6,0,0
410,23,269,2,0,0,0
410,23,317,2,0,0,0
410,23,319,1,10,0,0
410,23,334,1,19,0,0
410,23,350,3,0,0,0
410,23,351,2,0,0,0
410,23,368,1,37,0,0
410,23,397,2,0,0,0
410,23,430,2,0,0,0
410,23,442,1,42,0,0
410,23,444,2,0,0,0
410,23,446,2,0,0,0
410,23,469,3,0,0,0
410,23,470,3,0,0,0
410,23,484,1,46,0,0
410,23,523,2,0,0,0
411,23,33,1,1,0,1
411,23,36,1,15,0,0
411,23,46,2,0,0,0
411,23,53,2,0,0,0
411,23,58,2,0,0,0
411,23,59,2,0,0,0
411,23,63,2,0,0,0
411,23,70,2,0,0,0
411,23,85,2,0,0,0
411,23,87,2,0,0,0
411,23,89,2,0,0,0
411,23,91,2,0,0,0
411,23,104,2,0,0,0
411,23,126,2,0,0,0
411,23,156,2,0,0,0
411,23,157,2,0,0,0
411,23,164,2,0,0,0
411,23,182,1,1,0,2
411,23,182,2,0,0,0
411,23,201,2,0,0,0
411,23,203,1,36,0,0
411,23,203,2,0,0,0
411,23,207,1,24,0,0
411,23,207,2,0,0,0
411,23,213,2,0,0,0
411,23,214,2,0,0,0
411,23,231,2,0,0,0
411,23,240,2,0,0,0
411,23,241,2,0,0,0
411,23,246,1,28,0,0
411,23,249,2,0,0,0
411,23,259,2,0,0,0
411,23,263,2,0,0,0
411,23,269,1,1,0,3
411,23,269,1,6,0,0
411,23,269,2,0,0,0
411,23,317,2,0,0,0
411,23,319,1,1,0,4
411,23,319,1,10,0,0
411,23,334,1,19,0,0
411,23,335,1,0,0,0
411,23,335,1,1,0,0
411,23,351,2,0,0,0
411,23,368,1,43,0,0
411,23,397,2,0,0,0
411,23,416,2,0,0,0
411,23,419,2,0,0,0
411,23,430,2,0,0,0
411,23,442,1,51,0,0
411,23,444,2,0,0,0
411,23,446,2,0,0,0
411,23,484,1,58,0,0
411,23,523,2,0,0,0
412,23,33,1,10,0,0
412,23,81,1,20,0,0
412,23,182,1,1,0,0
412,23,182,2,0,0,0
412,23,450,1,15,0,0
413,23,33,1,1,0,2
413,23,60,1,32,0,0
413,23,63,2,0,0,0
413,23,74,1,29,0,0
413,23,75,1,26,0,0
413,23,76,2,0,0,0
413,23,81,1,20,0,0
413,23,91,2,0,0,0
413,23,93,1,23,0,0
413,23,94,1,44,0,0
413,23,94,2,0,0,0
413,23,104,2,0,0,0
413,23,138,2,0,0,0
413,23,148,2,0,0,0
413,23,156,2,0,0,0
413,23,164,2,0,0,0
413,23,168,2,0,0,0
413,23,175,1,38,0,0
413,23,182,1,1,0,3
413,23,182,1,10,0,0
413,23,182,2,0,0,0
413,23,202,2,0,0,0
413,23,203,2,0,0,0
413,23,207,2,0,0,0
413,23,213,1,41,0,0
413,23,213,2,0,0,0
413,23,214,2,0,0,0
413,23,219,2,0,0,0
413,23,240,2,0,0,0
413,23,241,2,0,0,0
413,23,244,2,0,0,0
413,23,247,2,0,0,0
413,23,263,2,0,0,0
413,23,285,2,0,0,0
413,23,331,2,0,0,0
413,23,389,1,1,0,1
413,23,405,1,50,0,0
413,23,405,2,0,0,0
413,23,412,2,0,0,0
413,23,416,2,0,0,0
413,23,437,1,47,0,0
413,23,447,2,0,0,0
413,23,450,1,1,0,4
413,23,450,1,15,0,0
413,23,483,1,0,0,0
413,23,483,1,1,0,0
413,23,611,1,35,0,0
414,23,16,1,26,0,0
414,23,33,1,1,0,1
414,23,60,1,32,0,0
414,23,63,2,0,0,0
414,23,76,2,0,0,0
414,23,77,1,29,0,0
414,23,81,1,20,0,0
414,23,93,1,23,0,0
414,23,94,1,44,0,0
414,23,94,2,0,0,0
414,23,104,2,0,0,0
414,23,138,2,0,0,0
414,23,148,2,0,0,0
414,23,156,2,0,0,0
414,23,164,2,0,0,0
414,23,168,2,0,0,0
414,23,182,1,1,0,2
414,23,182,1,10,0,0
414,23,182,2,0,0,0
414,23,202,2,0,0,0
414,23,203,2,0,0,0
414,23,207,2,0,0,0
414,23,213,2,0,0,0
414,23,214,2,0,0,0
414,23,219,2,0,0,0
414,23,240,2,0,0,0
414,23,241,2,0,0,0
414,23,244,2,0,0,0
414,23,247,2,0,0,0
414,23,263,2,0,0,0
414,23,285,2,0,0,0
414,23,332,2,0,0,0
414,23,355,1,35,0,0
414,23,355,2,0,0,0
414,23,369,2,0,0,0
414,23,403,1,41,0,0
414,23,405,1,50,0,0
414,23,405,2,0,0,0
414,23,412,2,0,0,0
414,23,416,2,0,0,0
414,23,432,2,0,0,0
414,23,450,1,1,0,3
414,23,450,1,15,0,0
414,23,483,1,0,0,0
414,23,483,1,1,0,0
414,23,522,1,38,0,0
414,23,679,1,47,0,0
415,23,16,1,1,0,1
415,23,230,1,1,0,0
415,23,405,2,0,0,0
415,23,450,1,1,0,3
415,23,522,1,1,0,2
416,23,15,2,0,0,0
416,23,16,1,1,0,4
416,23,40,1,1,0,5
416,23,63,2,0,0,0
416,23,92,1,36,0,0
416,23,92,2,0,0,0
416,23,104,2,0,0,0
416,23,109,1,1,0,6
416,23,148,2,0,0,0
416,23,154,1,16,0,0
416,23,156,2,0,0,0
416,23,163,1,0,0,0
416,23,163,1,1,0,0
416,23,164,2,0,0,0
416,23,168,2,0,0,0
416,23,182,2,0,0,0
416,23,188,2,0,0,0
416,23,194,1,44,0,0
416,23,203,2,0,0,0
416,23,207,1,20,0,0
416,23,207,2,0,0,0
416,23,210,1,4,0,0
416,23,213,2,0,0,0
416,23,214,2,0,0,0
416,23,230,1,1,0,3
416,23,240,2,0,0,0
416,23,241,2,0,0,0
416,23,263,2,0,0,0
416,23,312,1,24,0,0
416,23,332,2,0,0,0
416,23,355,2,0,0,0
416,23,369,2,0,0,0
416,23,374,2,0,0,0
416,23,403,1,28,0,0
416,23,404,2,0,0,0
416,23,405,2,0,0,0
416,23,408,1,32,0,0
416,23,416,2,0,0,0
416,23,432,2,0,0,0
416,23,450,1,1,0,2
416,23,454,1,40,0,0
416,23,455,1,40,0,1
416,23,522,1,1,0,1
416,23,565,1,12,0,0
416,23,597,1,8,0,0
417,23,15,2,0,0,0
417,23,39,3,0,0,0
417,23,44,3,0,0,0
417,23,45,1,1,0,0
417,23,85,2,0,0,0
417,23,86,1,33,0,0
417,23,86,2,0,0,0
417,23,87,1,49,0,0
417,23,87,2,0,0,0
417,23,91,2,0,0,0
417,23,98,1,5,0,0
417,23,104,2,0,0,0
417,23,111,3,0,0,0
417,23,113,2,0,0,0
417,23,129,1,21,0,0
417,23,148,2,0,0,0
417,23,156,2,0,0,0
417,23,162,1,37,0,0
417,23,164,2,0,0,0
417,23,175,3,0,0,0
417,23,182,2,0,0,0
417,23,186,1,29,0,0
417,23,203,1,17,0,0
417,23,203,2,0,0,0
417,23,204,1,9,0,0
417,23,205,3,0,0,0
417,23,207,2,0,0,0
417,23,209,1,13,0,0
417,23,213,2,0,0,0
417,23,214,2,0,0,0
417,23,231,2,0,0,0
417,23,240,2,0,0,0
417,23,260,3,0,0,0
417,23,263,2,0,0,0
417,23,266,3,0,0,0
417,23,268,3,0,0,0
417,23,313,3,0,0,0
417,23,343,3,0,0,0
417,23,351,2,0,0,0
417,23,369,2,0,0,0
417,23,374,2,0,0,0
417,23,387,1,45,0,0
417,23,435,1,41,0,0
417,23,447,2,0,0,0
417,23,451,2,0,0,0
417,23,486,1,25,0,0
417,23,521,2,0,0,0
417,23,608,1,1,0,1
417,23,608,3,0,0,0
417,23,609,1,19,0,0
418,23,29,3,0,0,0
418,23,33,1,1,0,0
418,23,39,1,7,0,0
418,23,44,1,18,0,0
418,23,45,1,4,0,0
418,23,55,1,15,0,0
418,23,56,1,45,0,0
418,23,57,2,0,0,0
418,23,58,2,0,0,0
418,23,59,2,0,0,0
418,23,70,2,0,0,0
418,23,91,2,0,0,0
418,23,97,1,41,0,0
418,23,98,1,11,0,0
418,23,104,2,0,0,0
418,23,127,1,35,0,0
418,23,127,2,0,0,0
418,23,129,1,21,0,0
418,23,154,3,0,0,0
418,23,156,2,0,0,0
418,23,163,3,0,0,0
418,23,164,2,0,0,0
418,23,182,2,0,0,0
418,23,189,3,0,0,0
418,23,203,2,0,0,0
418,23,207,2,0,0,0
418,23,210,3,0,0,0
418,23,213,2,0,0,0
418,23,214,2,0,0,0
418,23,226,3,0,0,0
418,23,231,2,0,0,0
418,23,240,2,0,0,0
418,23,249,2,0,0,0
418,23,250,1,31,0,0
418,23,258,2,0,0,0
418,23,263,2,0,0,0
418,23,264,2,0,0,0
418,23,270,3,0,0,0
418,23,280,2,0,0,0
418,23,317,2,0,0,0
418,23,339,2,0,0,0
418,23,352,2,0,0,0
418,23,362,2,0,0,0
418,23,392,3,0,0,0
418,23,401,1,38,0,0
418,23,401,3,0,0,0
418,23,415,3,0,0,0
418,23,453,1,24,0,0
418,23,458,1,27,0,0
418,23,487,3,0,0,0
418,23,503,2,0,0,0
419,23,33,1,1,0,2
419,23,39,1,7,0,0
419,23,44,1,18,0,0
419,23,45,1,1,0,3
419,23,45,1,4,0,0
419,23,46,2,0,0,0
419,23,55,1,15,0,0
419,23,56,1,57,0,0
419,23,57,2,0,0,0
419,23,58,2,0,0,0
419,23,59,2,0,0,0
419,23,63,2,0,0,0
419,23,70,2,0,0,0
419,23,91,2,0,0,0
419,23,97,1,51,0,0
419,23,98,1,1,0,4
419,23,98,1,11,0,0
419,23,104,2,0,0,0
419,23,127,1,41,0,0
419,23,127,2,0,0,0
419,23,129,1,21,0,0
419,23,156,2,0,0,0
419,23,164,2,0,0,0
419,23,182,2,0,0,0
419,23,203,2,0,0,0
419,23,207,2,0,0,0
419,23,213,2,0,0,0
419,23,214,2,0,0,0
419,23,231,2,0,0,0
419,23,240,2,0,0,0
419,23,242,1,1,0,1
419,23,249,2,0,0,0
419,23,250,1,35,0,0
419,23,258,2,0,0,0
419,23,259,2,0,0,0
419,23,263,2,0,0,0
419,23,264,2,0,0,0
419,23,269,2,0,0,0
419,23,280,2,0,0,0
419,23,317,2,0,0,0
419,23,339,2,0,0,0
419,23,352,2,0,0,0
419,23,362,2,0,0,0
419,23,371,2,0,0,0
419,23,401,1,46,0,0
419,23,411,2,0,0,0
419,23,416,2,0,0,0
419,23,423,1,1,0,0
419,23,453,1,24,0,0
419,23,458,1,29,0,0
419,23,503,2,0,0,0
420,23,14,2,0,0,0
420,23,33,1,1,0,1
420,23,36,1,30,0,0
420,23,73,1,26,0,0
420,23,74,1,10,0,0
420,23,75,3,0,0,0
420,23,76,1,45,0,0
420,23,76,2,0,0,0
420,23,104,2,0,0,0
420,23,111,3,0,0,0
420,23,148,2,0,0,0
420,23,156,2,0,0,0
420,23,164,2,0,0,0
420,23,182,2,0,0,0
420,23,202,2,0,0,0
420,23,203,2,0,0,0
420,23,205,3,0,0,0
420,23,207,2,0,0,0
420,23,213,2,0,0,0
420,23,214,2,0,0,0
420,23,219,2,0,0,0
420,23,230,3,0,0,0
420,23,234,1,1,0,0
420,23,241,2,0,0,0
420,23,263,2,0,0,0
420,23,267,3,0,0,0
420,23,270,1,15,0,0
420,23,311,3,0,0,0
420,23,312,3,0,0,0
420,23,321,3,0,0,0
420,23,331,2,0,0,0
420,23,345,1,20,0,0
420,23,361,3,0,0,0
420,23,388,1,40,0,0
420,23,402,3,0,0,0
420,23,412,2,0,0,0
420,23,447,2,0,0,0
420,23,505,3,0,0,0
420,23,572,1,35,0,0
420,23,579,3,0,0,0
420,23,580,3,0,0,0
420,23,605,2,0,0,0
420,23,670,1,5,0,0
421,23,14,2,0,0,0
421,23,33,1,1,0,3
421,23,36,1,34,0,0
421,23,63,2,0,0,0
421,23,73,1,28,0,0
421,23,74,1,1,0,5
421,23,76,1,55,0,0
421,23,76,2,0,0,0
421,23,80,1,62,0,0
421,23,104,2,0,0,0
421,23,148,2,0,0,0
421,23,156,2,0,0,0
421,23,164,2,0,0,0
421,23,182,2,0,0,0
421,23,202,2,0,0,0
421,23,203,2,0,0,0
421,23,207,2,0,0,0
421,23,213,2,0,0,0
421,23,214,2,0,0,0
421,23,219,2,0,0,0
421,23,234,1,1,0,2
421,23,241,1,0,0,0
421,23,241,1,1,0,0
421,23,241,2,0,0,0
421,23,263,2,0,0,0
421,23,270,1,15,0,0
421,23,331,2,0,0,0
421,23,345,1,20,0,0
421,23,388,1,48,0,0
421,23,412,2,0,0,0
421,23,416,2,0,0,0
421,23,447,2,0,0,0
421,23,572,1,41,0,0
421,23,579,1,1,0,1
421,23,605,2,0,0,0
421,23,670,1,1,0,4
422,23,34,1,25,0,0
422,23,54,3,0,0,0
422,23,55,1,1,0,0
422,23,57,2,0,0,0
422,23,58,2,0,0,0
422,23,59,2,0,0,0
422,23,68,3,0,0,0
422,23,90,3,0,0,0
422,23,104,2,0,0,0
422,23,105,1,10,0,0
422,23,106,1,5,0,0
422,23,124,3,0,0,0
422,23,133,3,0,0,0
422,23,151,3,0,0,0
422,23,156,2,0,0,0
422,23,164,2,0,0,0
422,23,174,3,0,0,0
422,23,182,2,0,0,0
422,23,189,1,1,0,1
422,23,203,2,0,0,0
422,23,207,2,0,0,0
422,23,213,2,0,0,0
422,23,214,2,0,0,0
422,23,240,1,40,0,0
422,23,240,2,0,0,0
422,23,243,3,0,0,0
422,23,246,1,20,0,0
422,23,254,3,0,0,0
422,23,255,3,0,0,0
422,23,256,3,0,0,0
422,23,258,2,0,0,0
422,23,262,1,45,0,0
422,23,262,3,0,0,0
422,23,263,2,0,0,0
422,23,281,3,0,0,0
422,23,330,1,31,0,0
422,23,352,1,15,0,0
422,23,352,2,0,0,0
422,23,362,2,0,0,0
422,23,414,1,35,0,0
422,23,499,3,0,0,0
422,23,503,2,0,0,0
423,23,34,1,25,0,0
423,23,55,1,1,0,0
423,23,57,2,0,0,0
423,23,58,2,0,0,0
423,23,59,2,0,0,0
423,23,63,2,0,0,0
423,23,70,2,0,0,0
423,23,89,2,0,0,0
423,23,91,2,0,0,0
423,23,104,2,0,0,0
423,23,105,1,1,0,3
423,23,106,1,1,0,2
423,23,127,2,0,0,0
423,23,148,2,0,0,0
423,23,156,2,0,0,0
423,23,157,2,0,0,0
423,23,164,2,0,0,0
423,23,182,2,0,0,0
423,23,188,2,0,0,0
423,23,189,1,1,0,1
423,23,201,2,0,0,0
423,23,203,2,0,0,0
423,23,207,2,0,0,0
423,23,213,2,0,0,0
423,23,214,2,0,0,0
423,23,240,1,46,0,0
423,23,240,2,0,0,0
423,23,246,1,20,0,0
423,23,249,2,0,0,0
423,23,258,2,0,0,0
423,23,262,1,53,0,0
423,23,263,2,0,0,0
423,23,317,2,0,0,0
423,23,330,1,33,0,0
423,23,352,1,15,0,0
423,23,352,2,0,0,0
423,23,362,2,0,0,0
423,23,414,1,39,0,0
423,23,416,2,0,0,0
423,23,444,2,0,0,0
423,23,503,2,0,0,0
423,23,523,2,0,0,0
424,23,10,1,1,0,1
424,23,15,2,0,0,0
424,23,28,1,1,0,3
424,23,28,1,4,0,0
424,23,39,1,1,0,2
424,23,63,2,0,0,0
424,23,70,2,0,0,0
424,23,76,2,0,0,0
424,23,85,2,0,0,0
424,23,86,2,0,0,0
424,23,87,2,0,0,0
424,23,91,2,0,0,0
424,23,97,1,29,0,0
424,23,103,1,25,0,0
424,23,104,2,0,0,0
424,23,129,1,22,0,0
424,23,138,2,0,0,0
424,23,154,1,18,0,0
424,23,156,2,0,0,0
424,23,164,2,0,0,0
424,23,168,2,0,0,0
424,23,182,2,0,0,0
424,23,203,2,0,0,0
424,23,207,2,0,0,0
424,23,213,2,0,0,0
424,23,214,2,0,0,0
424,23,226,1,11,0,0
424,23,231,2,0,0,0
424,23,240,2,0,0,0
424,23,241,2,0,0,0
424,23,247,2,0,0,0
424,23,249,2,0,0,0
424,23,263,2,0,0,0
424,23,264,2,0,0,0
424,23,269,2,0,0,0
424,23,280,2,0,0,0
424,23,310,1,1,0,4
424,23,310,1,8,0,0
424,23,321,1,15,0,0
424,23,332,2,0,0,0
424,23,351,2,0,0,0
424,23,352,2,0,0,0
424,23,369,2,0,0,0
424,23,371,2,0,0,0
424,23,374,1,36,0,0
424,23,374,2,0,0,0
424,23,387,1,43,0,0
424,23,416,2,0,0,0
424,23,417,1,39,0,0
424,23,417,2,0,0,0
424,23,421,2,0,0,0
424,23,447,2,0,0,0
424,23,458,1,32,0,0
424,23,490,2,0,0,0
424,23,526,2,0,0,0
424,23,530,1,1,0,0
425,23,15,2,0,0,0
425,23,16,1,4,0,0
425,23,34,3,0,0,0
425,23,50,3,0,0,0
425,23,85,2,0,0,0
425,23,86,2,0,0,0
425,23,87,2,0,0,0
425,23,94,2,0,0,0
425,23,95,3,0,0,0
425,23,104,2,0,0,0
425,23,107,1,1,0,0
425,23,114,3,0,0,0
425,23,116,1,8,0,0
425,23,120,1,29,0,0
425,23,138,2,0,0,0
425,23,148,2,0,0,0
425,23,153,1,44,0,0
425,23,153,2,0,0,0
425,23,156,2,0,0,0
425,23,164,2,0,0,0
425,23,168,2,0,0,0
425,23,182,2,0,0,0
425,23,194,1,32,0,0
425,23,194,3,0,0,0
425,23,203,2,0,0,0
425,23,207,2,0,0,0
425,23,213,2,0,0,0
425,23,214,2,0,0,0
425,23,226,1,36,0,0
425,23,240,2,0,0,0
425,23,241,2,0,0,0
425,23,244,2,0,0,0
425,23,247,1,20,0,0
425,23,247,2,0,0,0
425,23,254,1,24,0,0
425,23,255,1,24,0,2
425,23,256,1,24,0,1
425,23,261,2,0,0,0
425,23,262,3,0,0,0
425,23,263,2,0,0,0
425,23,278,2,0,0,0
425,23,285,2,0,0,0
425,23,310,1,1,0,1
425,23,311,3,0,0,0
425,23,347,2,0,0,0
425,23,351,2,0,0,0
425,23,360,2,0,0,0
425,23,366,1,40,0,0
425,23,366,3,0,0,0
425,23,371,1,12,0,0
425,23,371,2,0,0,0
425,23,432,2,0,0,0
425,23,451,2,0,0,0
425,23,499,3,0,0,0
425,23,506,1,16,0,0
426,23,15,2,0,0,0
426,23,16,1,1,0,4
426,23,19,2,0,0,0
426,23,63,2,0,0,0
426,23,85,2,0,0,0
426,23,86,2,0,0,0
426,23,87,2,0,0,0
426,23,94,2,0,0,0
426,23,104,2,0,0,0
426,23,107,1,1,0,2
426,23,116,1,1,0,5
426,23,120,1,31,0,0
426,23,138,2,0,0,0
426,23,148,2,0,0,0
426,23,153,1,54,0,0
426,23,153,2,0,0,0
426,23,156,2,0,0,0
426,23,164,2,0,0,0
426,23,168,2,0,0,0
426,23,182,2,0,0,0
426,23,194,1,36,0,0
426,23,203,2,0,0,0
426,23,207,2,0,0,0
426,23,213,2,0,0,0
426,23,214,2,0,0,0
426,23,226,1,42,0,0
426,23,240,2,0,0,0
426,23,241,2,0,0,0
426,23,244,2,0,0,0
426,23,247,1,20,0,0
426,23,247,2,0,0,0
426,23,254,1,24,0,0
426,23,255,1,24,0,2
426,23,256,1,24,0,1
426,23,261,2,0,0,0
426,23,263,2,0,0,0
426,23,278,2,0,0,0
426,23,285,2,0,0,0
426,23,310,1,1,0,3
426,23,347,2,0,0,0
426,23,351,2,0,0,0
426,23,360,2,0,0,0
426,23,366,1,48,0,0
426,23,371,1,12,0,0
426,23,371,2,0,0,0
426,23,416,2,0,0,0
426,23,432,2,0,0,0
426,23,451,2,0,0,0
426,23,506,1,16,0,0
426,23,566,1,0,0,0
426,23,566,1,1,0,0
426,23,668,1,1,0,1
427,23,1,1,1,0,1
427,23,7,3,0,0,0
427,23,8,3,0,0,0
427,23,9,3,0,0,0
427,23,15,2,0,0,0
427,23,24,1,20,0,0
427,23,29,1,32,0,0
427,23,58,2,0,0,0
427,23,67,3,0,0,0
427,23,76,2,0,0,0
427,23,85,2,0,0,0
427,23,86,2,0,0,0
427,23,91,2,0,0,0
427,23,97,1,36,0,0
427,23,98,1,16,0,0
427,23,104,2,0,0,0
427,23,111,1,4,0,0
427,23,150,1,1,0,0
427,23,156,2,0,0,0
427,23,164,2,0,0,0
427,23,175,3,0,0,0
427,23,182,2,0,0,0
427,23,186,3,0,0,0
427,23,203,2,0,0,0
427,23,204,1,24,0,0
427,23,207,2,0,0,0
427,23,213,2,0,0,0
427,23,214,2,0,0,0
427,23,226,1,28,0,0
427,23,227,3,0,0,0
427,23,231,2,0,0,0
427,23,240,2,0,0,0
427,23,241,2,0,0,0
427,23,247,2,0,0,0
427,23,249,2,0,0,0
427,23,252,3,0,0,0
427,23,260,1,44,0,0
427,23,263,2,0,0,0
427,23,264,2,0,0,0
427,23,298,3,0,0,0
427,23,313,3,0,0,0
427,23,322,3,0,0,0
427,23,340,1,48,0,0
427,23,351,2,0,0,0
427,23,352,2,0,0,0
427,23,361,1,52,0,0
427,23,371,2,0,0,0
427,23,374,2,0,0,0
427,23,383,3,0,0,0
427,23,409,2,0,0,0
427,23,415,3,0,0,0
427,23,447,2,0,0,0
427,23,451,2,0,0,0
427,23,458,3,0,0,0
427,23,490,2,0,0,0
427,23,494,1,40,0,0
427,23,495,1,12,0,0
427,23,509,3,0,0,0
427,23,526,2,0,0,0
427,23,608,1,8,0,0
427,23,612,3,0,0,0
428,23,1,1,1,0,3
428,23,15,2,0,0,0
428,23,24,1,20,0,0
428,23,29,1,32,0,0
428,23,58,2,0,0,0
428,23,59,2,0,0,0
428,23,63,2,0,0,0
428,23,70,2,0,0,0
428,23,76,2,0,0,0
428,23,85,2,0,0,0
428,23,86,2,0,0,0
428,23,87,2,0,0,0
428,23,91,2,0,0,0
428,23,97,1,36,0,0
428,23,98,1,16,0,0
428,23,104,2,0,0,0
428,23,111,1,1,0,4
428,23,136,1,56,0,0
428,23,150,1,1,0,2
428,23,156,2,0,0,0
428,23,164,2,0,0,0
428,23,182,2,0,0,0
428,23,203,2,0,0,0
428,23,204,1,24,0,0
428,23,207,2,0,0,0
428,23,213,2,0,0,0
428,23,214,2,0,0,0
428,23,226,1,28,0,0
428,23,231,2,0,0,0
428,23,240,2,0,0,0
428,23,241,2,0,0,0
428,23,243,1,1,0,0
428,23,247,2,0,0,0
428,23,249,2,0,0,0
428,23,260,1,44,0,0
428,23,263,2,0,0,0
428,23,264,2,0,0,0
428,23,277,1,1,0,1
428,23,340,1,48,0,0
428,23,351,2,0,0,0
428,23,352,2,0,0,0
428,23,361,1,52,0,0
428,23,369,2,0,0,0
428,23,371,2,0,0,0
428,23,374,2,0,0,0
428,23,409,2,0,0,0
428,23,411,2,0,0,0
428,23,416,2,0,0,0
428,23,447,2,0,0,0
428,23,451,2,0,0,0
428,23,490,2,0,0,0
428,23,494,1,40,0,0
428,23,495,1,12,0,0
428,23,526,2,0,0,0
428,23,608,1,1,0,5
429,23,45,1,1,0,4
429,23,60,1,1,0,10
429,23,63,2,0,0,0
429,23,85,2,0,0,0
429,23,86,2,0,0,0
429,23,87,2,0,0,0
429,23,93,1,1,0,16
429,23,94,2,0,0,0
429,23,104,2,0,0,0
429,23,109,1,1,0,7
429,23,138,2,0,0,0
429,23,148,2,0,0,0
429,23,156,2,0,0,0
429,23,164,2,0,0,0
429,23,168,2,0,0,0
429,23,180,1,1,0,5
429,23,182,2,0,0,0
429,23,195,1,1,0,14
429,23,203,2,0,0,0
429,23,207,2,0,0,0
429,23,212,1,1,0,8
429,23,213,2,0,0,0
429,23,214,2,0,0,0
429,23,220,1,1,0,11
429,23,240,2,0,0,0
429,23,241,2,0,0,0
429,23,244,2,0,0,0
429,23,247,1,1,0,13
429,23,247,2,0,0,0
429,23,259,2,0,0,0
429,23,261,2,0,0,0
429,23,263,2,0,0,0
429,23,269,2,0,0,0
429,23,285,2,0,0,0
429,23,288,1,1,0,15
429,23,310,1,1,0,6
429,23,332,2,0,0,0
429,23,345,1,1,0,3
429,23,347,2,0,0,0
429,23,351,2,0,0,0
429,23,371,1,1,0,12
429,23,371,2,0,0,0
429,23,399,2,0,0,0
429,23,408,1,1,0,1
429,23,412,2,0,0,0
429,23,416,2,0,0,0
429,23,417,2,0,0,0
429,23,433,2,0,0,0
429,23,451,2,0,0,0
429,23,506,1,1,0,9
429,23,566,1,1,0,2
429,23,595,1,1,0,0
429,23,605,2,0,0,0
430,23,16,1,1,0,6
430,23,17,1,1,0,5
430,23,19,2,0,0,0
430,23,63,2,0,0,0
430,23,64,1,1,0,14
430,23,86,2,0,0,0
430,23,94,2,0,0,0
430,23,101,1,1,0,7
430,23,104,2,0,0,0
430,23,114,1,1,0,4
430,23,138,2,0,0,0
430,23,156,2,0,0,0
430,23,164,2,0,0,0
430,23,168,2,0,0,0
430,23,182,2,0,0,0
430,23,203,2,0,0,0
430,23,207,1,25,0,0
430,23,207,2,0,0,0
430,23,211,2,0,0,0
430,23,212,1,1,0,11
430,23,213,2,0,0,0
430,23,214,2,0,0,0
430,23,240,2,0,0,0
430,23,241,2,0,0,0
430,23,244,2,0,0,0
430,23,247,2,0,0,0
430,23,259,1,1,0,13
430,23,259,2,0,0,0
430,23,263,2,0,0,0
430,23,269,1,1,0,9
430,23,269,2,0,0,0
430,23,310,1,1,0,3
430,23,314,1,1,0,10
430,23,332,2,0,0,0
430,23,347,2,0,0,0
430,23,355,2,0,0,0
430,23,365,2,0,0,0
430,23,366,1,1,0,12
430,23,371,2,0,0,0
430,23,372,1,1,0,8
430,23,389,1,1,0,2
430,23,399,1,75,0,0
430,23,399,2,0,0,0
430,23,400,1,1,0,1
430,23,400,1,55,0,0
430,23,416,2,0,0,0
430,23,417,1,35,0,0
430,23,417,2,0,0,0
430,23,432,2,0,0,0
430,23,492,1,45,0,0
430,23,511,1,65,0,0
430,23,555,2,0,0,0
431,23,10,1,5,0,0
431,23,15,2,0,0,0
431,23,28,3,0,0,0
431,23,39,3,0,0,0
431,23,44,3,0,0,0
431,23,45,1,8,0,0
431,23,85,2,0,0,0
431,23,87,2,0,0,0
431,23,91,2,0,0,0
431,23,95,1,13,0,0
431,23,98,3,0,0,0
431,23,104,2,0,0,0
431,23,138,2,0,0,0
431,23,148,2,0,0,0
431,23,154,1,20,0,0
431,23,156,2,0,0,0
431,23,163,1,37,0,0
431,23,164,2,0,0,0
431,23,168,2,0,0,0
431,23,175,3,0,0,0
431,23,182,2,0,0,0
431,23,203,2,0,0,0
431,23,204,1,25,0,0
431,23,207,2,0,0,0
431,23,213,1,44,0,0
431,23,213,2,0,0,0
431,23,214,2,0,0,0
431,23,231,2,0,0,0
431,23,240,2,0,0,0
431,23,241,2,0,0,0
431,23,244,2,0,0,0
431,23,247,2,0,0,0
431,23,252,1,1,0,0
431,23,259,2,0,0,0
431,23,263,2,0,0,0
431,23,269,1,29,0,0
431,23,269,2,0,0,0
431,23,313,3,0,0,0
431,23,332,1,17,0,0
431,23,332,2,0,0,0
431,23,351,2,0,0,0
431,23,352,2,0,0,0
431,23,369,2,0,0,0
431,23,371,2,0,0,0
431,23,372,3,0,0,0
431,23,387,3,0,0,0
431,23,389,1,41,0,0
431,23,421,2,0,0,0
431,23,468,1,48,0,0
431,23,514,1,32,0,0
431,23,526,2,0,0,0
431,23,583,1,50,0,0
432,23,10,1,1,0,2
432,23,10,1,5,0,0
432,23,15,2,0,0,0
432,23,34,1,45,0,0
432,23,45,1,1,0,3
432,23,45,1,8,0,0
432,23,46,2,0,0,0
432,23,63,2,0,0,0
432,23,85,2,0,0,0
432,23,87,2,0,0,0
432,23,91,2,0,0,0
432,23,95,1,13,0,0
432,23,104,2,0,0,0
432,23,138,2,0,0,0
432,23,148,2,0,0,0
432,23,154,1,20,0,0
432,23,156,2,0,0,0
432,23,163,1,37,0,0
432,23,164,2,0,0,0
432,23,168,2,0,0,0
432,23,182,2,0,0,0
432,23,203,2,0,0,0
432,23,204,1,25,0,0
432,23,207,1,0,0,0
432,23,207,1,1,0,0
432,23,207,2,0,0,0
432,23,213,1,52,0,0
432,23,213,2,0,0,0
432,23,214,2,0,0,0
432,23,231,2,0,0,0
432,23,240,2,0,0,0
432,23,241,2,0,0,0
432,23,244,2,0,0,0
432,23,247,2,0,0,0
432,23,252,1,1,0,1
432,23,259,2,0,0,0
432,23,263,2,0,0,0
432,23,269,1,29,0,0
432,23,269,2,0,0,0
432,23,332,1,17,0,0
432,23,332,2,0,0,0
432,23,351,2,0,0,0
432,23,352,2,0,0,0
432,23,369,2,0,0,0
432,23,371,2,0,0,0
432,23,389,1,1,0,4
432,23,416,2,0,0,0
432,23,421,2,0,0,0
432,23,468,1,60,0,0
432,23,514,1,32,0,0
432,23,523,2,0,0,0
432,23,526,2,0,0,0
432,23,583,1,1,0,5
433,23,35,1,1,0,0
433,23,45,1,4,0,0
433,23,50,3,0,0,0
433,23,86,2,0,0,0
433,23,93,1,10,0,0
433,23,94,2,0,0,0
433,23,95,3,0,0,0
433,23,104,2,0,0,0
433,23,105,3,0,0,0
433,23,113,2,0,0,0
433,23,115,2,0,0,0
433,23,138,2,0,0,0
433,23,148,2,0,0,0
433,23,156,2,0,0,0
433,23,164,2,0,0,0
433,23,174,3,0,0,0
433,23,182,2,0,0,0
433,23,203,2,0,0,0
433,23,207,2,0,0,0
433,23,213,2,0,0,0
433,23,214,2,0,0,0
433,23,219,2,0,0,0
433,23,240,2,0,0,0
433,23,241,2,0,0,0
433,23,244,2,0,0,0
433,23,247,2,0,0,0
433,23,248,3,0,0,0
433,23,253,1,32,0,0
433,23,259,2,0,0,0
433,23,263,2,0,0,0
433,23,269,2,0,0,0
433,23,273,3,0,0,0
433,23,278,2,0,0,0
433,23,281,1,13,0,0
433,23,285,2,0,0,0
433,23,310,1,7,0,0
433,23,322,3,0,0,0
433,23,347,2,0,0,0
433,23,351,2,0,0,0
433,23,387,1,16,0,0
433,23,433,2,0,0,0
433,23,447,2,0,0,0
433,23,451,2,0,0,0
433,23,494,1,19,0,0
433,23,500,3,0,0,0
433,23,605,2,0,0,0
434,23,10,1,1,0,1
434,23,15,2,0,0,0
434,23,38,3,0,0,0
434,23,43,3,0,0,0
434,23,44,1,18,0,0
434,23,46,2,0,0,0
434,23,53,2,0,0,0
434,23,91,2,0,0,0
434,23,92,1,27,0,0
434,23,92,2,0,0,0
434,23,103,1,24,0,0
434,23,104,2,0,0,0
434,23,108,1,6,0,0
434,23,114,3,0,0,0
434,23,116,1,15,0,0
434,23,123,3,0,0,0
434,23,126,2,0,0,0
434,23,139,1,1,0,0
434,23,153,1,45,0,0
434,23,153,2,0,0,0
434,23,154,1,12,0,0
434,23,156,2,0,0,0
434,23,163,3,0,0,0
434,23,164,2,0,0,0
434,23,168,2,0,0,0
434,23,182,2,0,0,0
434,23,184,3,0,0,0
434,23,188,2,0,0,0
434,23,203,2,0,0,0
434,23,207,2,0,0,0
434,23,213,2,0,0,0
434,23,214,2,0,0,0
434,23,231,2,0,0,0
434,23,240,2,0,0,0
434,23,241,2,0,0,0
434,23,242,3,0,0,0
434,23,247,2,0,0,0
434,23,249,2,0,0,0
434,23,259,2,0,0,0
434,23,262,1,33,0,0
434,23,263,2,0,0,0
434,23,269,2,0,0,0
434,23,310,3,0,0,0
434,23,364,1,3,0,0
434,23,371,2,0,0,0
434,23,389,1,30,0,0
434,23,399,2,0,0,0
434,23,400,1,36,0,0
434,23,417,2,0,0,0
434,23,421,2,0,0,0
434,23,432,2,0,0,0
434,23,474,1,21,0,0
434,23,491,1,9,0,0
434,23,492,3,0,0,0
434,23,555,2,0,0,0
434,23,562,1,39,0,0
434,23,583,3,0,0,0
434,23,599,1,42,0,0
435,23,10,1,1,0,2
435,23,15,2,0,0,0
435,23,44,1,18,0,0
435,23,46,2,0,0,0
435,23,53,1,0,0,0
435,23,53,1,1,0,0
435,23,53,2,0,0,0
435,23,63,2,0,0,0
435,23,70,2,0,0,0
435,23,91,2,0,0,0
435,23,92,1,27,0,0
435,23,92,2,0,0,0
435,23,103,1,24,0,0
435,23,104,2,0,0,0
435,23,108,1,1,0,4
435,23,116,1,15,0,0
435,23,126,2,0,0,0
435,23,139,1,1,0,1
435,23,153,1,53,0,0
435,23,153,2,0,0,0
435,23,154,1,12,0,0
435,23,156,2,0,0,0
435,23,164,2,0,0,0
435,23,168,2,0,0,0
435,23,182,2,0,0,0
435,23,188,2,0,0,0
435,23,203,2,0,0,0
435,23,207,2,0,0,0
435,23,213,2,0,0,0
435,23,214,2,0,0,0
435,23,231,2,0,0,0
435,23,240,2,0,0,0
435,23,241,2,0,0,0
435,23,247,2,0,0,0
435,23,249,2,0,0,0
435,23,259,2,0,0,0
435,23,262,1,33,0,0
435,23,263,2,0,0,0
435,23,269,2,0,0,0
435,23,364,1,1,0,3
435,23,371,2,0,0,0
435,23,389,1,30,0,0
435,23,398,2,0,0,0
435,23,399,2,0,0,0
435,23,400,1,38,0,0
435,23,416,2,0,0,0
435,23,417,2,0,0,0
435,23,421,2,0,0,0
435,23,432,2,0,0,0
435,23,474,1,21,0,0
435,23,491,1,9,0,0
435,23,555,2,0,0,0
435,23,562,1,43,0,0
435,23,599,1,48,0,0
436,23,33,1,1,0,0
436,23,76,2,0,0,0
436,23,89,2,0,0,0
436,23,93,1,1,0,1
436,23,94,2,0,0,0
436,23,95,1,20,0,0
436,23,104,2,0,0,0
436,23,109,1,4,0,0
436,23,113,2,0,0,0
436,23,115,2,0,0,0
436,23,138,2,0,0,0
436,23,148,2,0,0,0
436,23,156,2,0,0,0
436,23,157,2,0,0,0
436,23,164,2,0,0,0
436,23,182,2,0,0,0
436,23,201,2,0,0,0
436,23,203,2,0,0,0
436,23,207,2,0,0,0
436,23,214,2,0,0,0
436,23,219,1,24,0,0
436,23,219,2,0,0,0
436,23,240,2,0,0,0
436,23,241,2,0,0,0
436,23,244,2,0,0,0
436,23,247,2,0,0,0
436,23,248,1,44,0,0
436,23,263,2,0,0,0
436,23,278,2,0,0,0
436,23,285,2,0,0,0
436,23,286,1,12,0,0
436,23,317,2,0,0,0
436,23,319,1,40,0,0
436,23,326,1,28,0,0
436,23,334,1,36,0,0
436,23,347,2,0,0,0
436,23,360,1,16,0,0
436,23,360,2,0,0,0
436,23,371,1,8,0,0
436,23,371,2,0,0,0
436,23,397,2,0,0,0
436,23,430,2,0,0,0
436,23,433,2,0,0,0
436,23,446,2,0,0,0
436,23,447,2,0,0,0
436,23,451,2,0,0,0
436,23,484,1,32,0,0
436,23,523,2,0,0,0
437,23,33,1,1,0,3
437,23,63,2,0,0,0
437,23,70,2,0,0,0
437,23,76,2,0,0,0
437,23,89,2,0,0,0
437,23,93,1,1,0,4
437,23,94,2,0,0,0
437,23,95,1,20,0,0
437,23,104,2,0,0,0
437,23,109,1,1,0,5
437,23,113,2,0,0,0
437,23,115,2,0,0,0
437,23,138,2,0,0,0
437,23,148,2,0,0,0
437,23,153,2,0,0,0
437,23,156,2,0,0,0
437,23,157,2,0,0,0
437,23,164,2,0,0,0
437,23,182,2,0,0,0
437,23,201,2,0,0,0
437,23,203,2,0,0,0
437,23,207,2,0,0,0
437,23,214,2,0,0,0
437,23,219,1,24,0,0
437,23,219,2,0,0,0
437,23,240,1,56,0,0
437,23,240,2,0,0,0
437,23,241,1,1,0,1
437,23,241,2,0,0,0
437,23,244,2,0,0,0
437,23,247,2,0,0,0
437,23,248,1,50,0,0
437,23,249,2,0,0,0
437,23,263,2,0,0,0
437,23,278,2,0,0,0
437,23,285,2,0,0,0
437,23,286,1,12,0,0
437,23,311,1,1,0,2
437,23,317,2,0,0,0
437,23,319,1,44,0,0
437,23,326,1,28,0,0
437,23,334,1,38,0,0
437,23,335,1,0,0,0
437,23,335,1,1,0,0
437,23,347,2,0,0,0
437,23,360,1,16,0,0
437,23,360,2,0,0,0
437,23,371,1,1,0,6
437,23,371,2,0,0,0
437,23,397,2,0,0,0
437,23,416,2,0,0,0
437,23,430,2,0,0,0
437,23,433,2,0,0,0
437,23,446,2,0,0,0
437,23,447,2,0,0,0
437,23,451,2,0,0,0
437,23,484,1,32,0,0
437,23,523,2,0,0,0
438,23,29,3,0,0,0
438,23,38,1,44,0,0
438,23,67,1,36,0,0
438,23,68,1,40,0,0
438,23,88,1,8,0,0
438,23,91,2,0,0,0
438,23,102,1,16,0,0
438,23,104,2,0,0,0
438,23,106,3,0,0,0
438,23,111,3,0,0,0
438,23,120,3,0,0,0
438,23,153,2,0,0,0
438,23,156,2,0,0,0
438,23,157,1,32,0,0
438,23,157,2,0,0,0
438,23,164,2,0,0,0
438,23,168,2,0,0,0
438,23,174,3,0,0,0
438,23,175,1,4,0,0
438,23,182,2,0,0,0
438,23,201,2,0,0,0
438,23,203,2,0,0,0
438,23,205,3,0,0,0
438,23,207,2,0,0,0
438,23,213,2,0,0,0
438,23,214,2,0,0,0
438,23,241,2,0,0,0
438,23,244,2,0,0,0
438,23,263,2,0,0,0
438,23,280,2,0,0,0
438,23,313,1,1,0,0
438,23,317,1,20,0,0
438,23,317,2,0,0,0
438,23,328,3,0,0,0
438,23,335,1,12,0,0
438,23,347,2,0,0,0
438,23,383,1,1,0,1
438,23,389,1,28,0,0
438,23,397,2,0,0,0
438,23,446,2,0,0,0
438,23,715,1,24,0,0
439,23,1,1,1,0,0
439,23,60,1,28,0,0
439,23,76,2,0,0,0
439,23,85,2,0,0,0
439,23,86,2,0,0,0
439,23,87,2,0,0,0
439,23,93,1,12,0,0
439,23,94,1,48,0,0
439,23,94,2,0,0,0
439,23,95,3,0,0,0
439,23,102,1,32,0,0
439,23,102,3,0,0,0
439,23,104,2,0,0,0
439,23,109,3,0,0,0
439,23,113,1,36,0,0
439,23,113,2,0,0,0
439,23,115,1,36,0,1
439,23,115,2,0,0,0
439,23,138,2,0,0,0
439,23,148,2,0,0,0
439,23,156,2,0,0,0
439,23,164,2,0,0,0
439,23,168,2,0,0,0
439,23,182,1,20,0,0
439,23,182,2,0,0,0
439,23,196,3,0,0,0
439,23,203,2,0,0,0
439,23,204,3,0,0,0
439,23,207,2,0,0,0
439,23,213,2,0,0,0
439,23,214,2,0,0,0
439,23,219,1,36,0,2
439,23,219,2,0,0,0
439,23,226,1,4,0,0
439,23,227,1,8,0,0
439,23,240,2,0,0,0
439,23,241,2,0,0,0
439,23,244,2,0,0,0
439,23,247,2,0,0,0
439,23,248,3,0,0,0
439,23,252,3,0,0,0
439,23,259,2,0,0,0
439,23,263,2,0,0,0
439,23,264,2,0,0,0
439,23,269,2,0,0,0
439,23,271,3,0,0,0
439,23,272,1,16,0,0
439,23,278,1,24,0,0
439,23,278,2,0,0,0
439,23,280,2,0,0,0
439,23,285,2,0,0,0
439,23,298,1,52,0,0
439,23,298,3,0,0,0
439,23,321,3,0,0,0
439,23,347,2,0,0,0
439,23,351,2,0,0,0
439,23,361,3,0,0,0
439,23,374,2,0,0,0
439,23,383,1,1,0,1
439,23,389,1,40,0,0
439,23,409,2,0,0,0
439,23,417,2,0,0,0
439,23,433,2,0,0,0
439,23,447,2,0,0,0
439,23,451,2,0,0,0
439,23,471,3,0,0,0
439,23,478,3,0,0,0
439,23,605,1,44,0,0
439,23,605,2,0,0,0
440,23,1,1,1,0,1
440,23,53,2,0,0,0
440,23,68,3,0,0,0
440,23,69,3,0,0,0
440,23,76,2,0,0,0
440,23,86,2,0,0,0
440,23,94,2,0,0,0
440,23,104,2,0,0,0
440,23,107,1,1,0,0
440,23,111,1,4,0,0
440,23,113,2,0,0,0
440,23,118,3,0,0,0
440,23,126,2,0,0,0
440,23,138,2,0,0,0
440,23,148,2,0,0,0
440,23,156,2,0,0,0
440,23,164,2,0,0,0
440,23,182,2,0,0,0
440,23,186,1,8,0,0
440,23,203,2,0,0,0
440,23,204,1,20,0,0
440,23,207,2,0,0,0
440,23,213,2,0,0,0
440,23,214,2,0,0,0
440,23,215,3,0,0,0
440,23,217,3,0,0,0
440,23,219,2,0,0,0
440,23,240,2,0,0,0
440,23,241,2,0,0,0
440,23,244,2,0,0,0
440,23,247,2,0,0,0
440,23,258,2,0,0,0
440,23,263,2,0,0,0
440,23,270,3,0,0,0
440,23,278,2,0,0,0
440,23,312,3,0,0,0
440,23,343,1,16,0,0
440,23,351,2,0,0,0
440,23,352,2,0,0,0
440,23,356,3,0,0,0
440,23,374,2,0,0,0
440,23,383,1,1,0,2
440,23,387,3,0,0,0
440,23,409,2,0,0,0
440,23,447,2,0,0,0
440,23,526,2,0,0,0
440,23,574,1,12,0,0
441,23,19,2,0,0,0
441,23,31,1,17,0,0
441,23,45,1,9,0,0
441,23,47,1,13,0,0
441,23,48,3,0,0,0
441,23,64,1,5,0,0
441,23,97,3,0,0,0
441,23,101,3,0,0,0
441,23,102,1,33,0,0
441,23,104,2,0,0,0
441,23,156,2,0,0,0
441,23,164,2,0,0,0
441,23,168,2,0,0,0
441,23,182,2,0,0,0
441,23,203,2,0,0,0
441,23,207,2,0,0,0
441,23,211,2,0,0,0
441,23,213,2,0,0,0
441,23,214,2,0,0,0
441,23,227,3,0,0,0
441,23,240,2,0,0,0
441,23,241,2,0,0,0
441,23,253,1,45,0,0
441,23,259,2,0,0,0
441,23,263,2,0,0,0
441,23,269,1,1,0,3
441,23,269,1,25,0,0
441,23,269,2,0,0,0
441,23,297,1,50,0,0
441,23,304,1,1,0,0
441,23,304,1,57,0,0
441,23,314,3,0,0,0
441,23,332,2,0,0,0
441,23,355,1,41,0,0
441,23,355,2,0,0,0
441,23,365,2,0,0,0
441,23,369,2,0,0,0
441,23,417,2,0,0,0
441,23,432,2,0,0,0
441,23,448,1,1,0,1
441,23,448,1,21,0,0
441,23,496,1,29,0,0
441,23,497,1,37,0,0
441,23,526,2,0,0,0
441,23,575,1,49,0,0
441,23,586,3,0,0,0
441,23,590,1,1,0,2
442,23,50,3,0,0,0
442,23,63,2,0,0,0
442,23,94,2,0,0,0
442,23,95,1,55,0,0
442,23,101,1,1,0,0
442,23,104,2,0,0,0
442,23,108,3,0,0,0
442,23,109,1,1,0,1
442,23,138,1,60,0,0
442,23,138,2,0,0,0
442,23,148,2,0,0,0
442,23,156,2,0,0,0
442,23,164,2,0,0,0
442,23,168,2,0,0,0
442,23,174,1,40,0,0
442,23,180,1,10,0,0
442,23,182,2,0,0,0
442,23,194,3,0,0,0
442,23,203,2,0,0,0
442,23,207,2,0,0,0
442,23,213,2,0,0,0
442,23,214,2,0,0,0
442,23,220,3,0,0,0
442,23,240,2,0,0,0
442,23,241,2,0,0,0
442,23,244,2,0,0,0
442,23,247,1,45,0,0
442,23,247,2,0,0,0
442,23,259,2,0,0,0
442,23,261,2,0,0,0
442,23,262,1,30,0,0
442,23,263,2,0,0,0
442,23,269,2,0,0,0
442,23,286,3,0,0,0
442,23,288,3,0,0,0
442,23,317,2,0,0,0
442,23,347,2,0,0,0
442,23,351,2,0,0,0
442,23,352,2,0,0,0
442,23,371,1,15,0,0
442,23,371,2,0,0,0
442,23,389,1,35,0,0
442,23,399,1,50,0,0
442,23,399,2,0,0,0
442,23,416,2,0,0,0
442,23,417,1,20,0,0
442,23,417,2,0,0,0
442,23,425,1,5,0,0
442,23,425,3,0,0,0
442,23,492,3,0,0,0
442,23,506,1,25,0,0
442,23,555,2,0,0,0
443,23,15,2,0,0,0
443,23,28,1,6,0,0
443,23,33,1,1,0,1
443,23,34,3,0,0,0
443,23,36,1,54,0,0
443,23,37,3,0,0,0
443,23,38,3,0,0,0
443,23,44,1,25,0,0
443,23,46,2,0,0,0
443,23,53,2,0,0,0
443,23,70,2,0,0,0
443,23,89,2,0,0,0
443,23,91,1,42,0,0
443,23,91,2,0,0,0
443,23,104,2,0,0,0
443,23,126,2,0,0,0
443,23,156,2,0,0,0
443,23,157,2,0,0,0
443,23,163,1,30,0,0
443,23,164,2,0,0,0
443,23,182,2,0,0,0
443,23,184,3,0,0,0
443,23,200,3,0,0,0
443,23,201,1,48,0,0
443,23,201,2,0,0,0
443,23,203,2,0,0,0
443,23,207,2,0,0,0
443,23,213,2,0,0,0
443,23,214,2,0,0,0
443,23,225,1,12,0,0
443,23,225,3,0,0,0
443,23,231,2,0,0,0
443,23,232,3,0,0,0
443,23,239,3,0,0,0
443,23,240,2,0,0,0
443,23,241,2,0,0,0
443,23,249,2,0,0,0
443,23,263,2,0,0,0
443,23,317,2,0,0,0
443,23,328,1,1,0,0
443,23,328,3,0,0,0
443,23,332,2,0,0,0
443,23,337,1,36,0,0
443,23,337,2,0,0,0
443,23,341,3,0,0,0
443,23,406,2,0,0,0
443,23,407,1,60,0,0
443,23,421,2,0,0,0
443,23,431,2,0,0,0
443,23,434,5,0,0,0
443,23,442,3,0,0,0
443,23,444,2,0,0,0
443,23,446,2,0,0,0
443,23,523,1,18,0,0
443,23,523,2,0,0,0
444,23,15,2,0,0,0
444,23,28,1,1,0,3
444,23,33,1,1,0,2
444,23,36,1,66,0,0
444,23,44,1,27,0,0
444,23,46,2,0,0,0
444,23,53,2,0,0,0
444,23,70,2,0,0,0
444,23,89,2,0,0,0
444,23,91,1,50,0,0
444,23,91,2,0,0,0
444,23,104,2,0,0,0
444,23,126,2,0,0,0
444,23,156,2,0,0,0
444,23,157,2,0,0,0
444,23,163,1,34,0,0
444,23,164,2,0,0,0
444,23,182,2,0,0,0
444,23,201,1,58,0,0
444,23,201,2,0,0,0
444,23,203,2,0,0,0
444,23,207,2,0,0,0
444,23,213,2,0,0,0
444,23,214,2,0,0,0
444,23,225,1,1,0,4
444,23,231,2,0,0,0
444,23,240,2,0,0,0
444,23,241,2,0,0,0
444,23,249,2,0,0,0
444,23,263,2,0,0,0
444,23,317,2,0,0,0
444,23,328,1,1,0,1
444,23,332,2,0,0,0
444,23,337,1,42,0,0
444,23,337,2,0,0,0
444,23,406,2,0,0,0
444,23,407,1,74,0,0
444,23,421,2,0,0,0
444,23,431,2,0,0,0
444,23,434,5,0,0,0
444,23,444,2,0,0,0
444,23,446,2,0,0,0
444,23,523,1,18,0,0
444,23,523,2,0,0,0
444,23,530,1,1,0,0
445,23,14,2,0,0,0
445,23,15,2,0,0,0
445,23,28,1,1,0,4
445,23,33,1,1,0,3
445,23,36,1,72,0,0
445,23,44,1,27,0,0
445,23,46,2,0,0,0
445,23,53,2,0,0,0
445,23,57,2,0,0,0
445,23,63,2,0,0,0
445,23,70,2,0,0,0
445,23,89,2,0,0,0
445,23,91,1,52,0,0
445,23,91,2,0,0,0
445,23,104,2,0,0,0
445,23,126,2,0,0,0
445,23,156,2,0,0,0
445,23,157,2,0,0,0
445,23,163,1,34,0,0
445,23,164,2,0,0,0
445,23,182,2,0,0,0
445,23,201,1,62,0,0
445,23,201,2,0,0,0
445,23,203,2,0,0,0
445,23,206,2,0,0,0
445,23,207,2,0,0,0
445,23,213,2,0,0,0
445,23,214,2,0,0,0
445,23,225,1,1,0,5
445,23,231,2,0,0,0
445,23,240,2,0,0,0
445,23,241,2,0,0,0
445,23,242,1,0,0,0
445,23,242,1,1,0,0
445,23,249,2,0,0,0
445,23,263,2,0,0,0
445,23,280,2,0,0,0
445,23,317,2,0,0,0
445,23,328,1,1,0,2
445,23,332,2,0,0,0
445,23,337,1,42,0,0
445,23,337,2,0,0,0
445,23,374,2,0,0,0
445,23,398,2,0,0,0
445,23,406,2,0,0,0
445,23,407,1,82,0,0
445,23,416,2,0,0,0
445,23,421,2,0,0,0
445,23,431,2,0,0,0
445,23,434,5,0,0,0
445,23,444,2,0,0,0
445,23,446,2,0,0,0
445,23,523,1,18,0,0
445,23,523,2,0,0,0
445,23,530,1,1,0,1
446,23,18,3,0,0,0
446,23,33,1,1,0,1
446,23,34,1,28,0,0
446,23,38,3,0,0,0
446,23,44,1,16,0,0
446,23,53,2,0,0,0
446,23,57,2,0,0,0
446,23,58,2,0,0,0
446,23,59,2,0,0,0
446,23,68,3,0,0,0
446,23,70,2,0,0,0
446,23,76,2,0,0,0
446,23,85,2,0,0,0
446,23,87,2,0,0,0
446,23,89,2,0,0,0
446,23,90,3,0,0,0
446,23,94,2,0,0,0
446,23,103,1,24,0,0
446,23,104,2,0,0,0
446,23,111,1,4,0,0
446,23,118,1,40,0,0
446,23,120,3,0,0,0
446,23,122,1,1,0,0
446,23,122,3,0,0,0
446,23,126,2,0,0,0
446,23,133,1,36,0,0
446,23,156,2,0,0,0
446,23,157,2,0,0,0
446,23,164,2,0,0,0
446,23,174,3,0,0,0
446,23,175,1,44,0,0
446,23,182,2,0,0,0
446,23,187,1,48,0,0
446,23,201,2,0,0,0
446,23,203,2,0,0,0
446,23,204,3,0,0,0
446,23,207,2,0,0,0
446,23,213,2,0,0,0
446,23,214,2,0,0,0
446,23,240,2,0,0,0
446,23,241,2,0,0,0
446,23,247,2,0,0,0
446,23,249,2,0,0,0
446,23,254,1,20,0,0
446,23,256,1,20,0,1
446,23,263,2,0,0,0
446,23,264,2,0,0,0
446,23,278,1,8,0,0
446,23,278,2,0,0,0
446,23,280,2,0,0,0
446,23,317,2,0,0,0
446,23,343,1,12,0,0
446,23,351,2,0,0,0
446,23,352,2,0,0,0
446,23,374,1,32,0,0
446,23,374,2,0,0,0
446,23,387,1,52,0,0
446,23,428,3,0,0,0
446,23,431,2,0,0,0
446,23,495,3,0,0,0
446,23,523,2,0,0,0
446,23,526,2,0,0,0
446,23,562,3,0,0,0
447,23,14,1,40,0,0
447,23,14,2,0,0,0
447,23,44,3,0,0,0
447,23,46,2,0,0,0
447,23,67,3,0,0,0
447,23,68,1,12,0,0
447,23,70,2,0,0,0
447,23,89,2,0,0,0
447,23,91,2,0,0,0
447,23,97,3,0,0,0
447,23,98,1,1,0,0
447,23,103,1,28,0,0
447,23,104,2,0,0,0
447,23,136,3,0,0,0
447,23,156,2,0,0,0
447,23,157,2,0,0,0
447,23,164,2,0,0,0
447,23,170,3,0,0,0
447,23,179,1,56,0,0
447,23,182,2,0,0,0
447,23,197,3,0,0,0
447,23,203,1,1,0,1
447,23,203,2,0,0,0
447,23,207,2,0,0,0
447,23,213,2,0,0,0
447,23,214,2,0,0,0
447,23,231,2,0,0,0
447,23,232,1,8,0,0
447,23,238,3,0,0,0
447,23,240,2,0,0,0
447,23,241,2,0,0,0
447,23,242,3,0,0,0
447,23,249,1,20,0,0
447,23,249,2,0,0,0
447,23,263,2,0,0,0
447,23,264,2,0,0,0
447,23,266,3,0,0,0
447,23,270,1,44,0,0
447,23,280,2,0,0,0
447,23,299,3,0,0,0
447,23,309,3,0,0,0
447,23,317,2,0,0,0
447,23,334,3,0,0,0
447,23,336,3,0,0,0
447,23,339,2,0,0,0
447,23,364,1,4,0,0
447,23,371,2,0,0,0
447,23,374,2,0,0,0
447,23,383,1,48,0,0
447,23,395,1,36,0,0
447,23,398,2,0,0,0
447,23,409,2,0,0,0
447,23,410,3,0,0,0
447,23,411,2,0,0,0
447,23,417,1,24,0,0
447,23,417,2,0,0,0
447,23,418,3,0,0,0
447,23,421,2,0,0,0
447,23,490,2,0,0,0
447,23,501,1,32,0,0
447,23,509,3,0,0,0
447,23,515,1,52,0,0
447,23,523,2,0,0,0
447,23,526,1,16,0,0
447,23,526,2,0,0,0
448,23,14,1,40,0,0
448,23,14,2,0,0,0
448,23,46,2,0,0,0
448,23,63,2,0,0,0
448,23,68,1,12,0,0
448,23,70,2,0,0,0
448,23,89,2,0,0,0
448,23,91,2,0,0,0
448,23,94,2,0,0,0
448,23,98,1,1,0,11
448,23,103,1,1,0,5
448,23,104,2,0,0,0
448,23,156,2,0,0,0
448,23,157,2,0,0,0
448,23,164,2,0,0,0
448,23,179,1,1,0,10
448,23,182,2,0,0,0
448,23,197,1,1,0,12
448,23,198,1,36,0,0
448,23,203,2,0,0,0
448,23,207,2,0,0,0
448,23,213,2,0,0,0
448,23,214,2,0,0,0
448,23,231,2,0,0,0
448,23,232,1,1,0,14
448,23,240,2,0,0,0
448,23,241,2,0,0,0
448,23,245,1,56,0,0
448,23,247,2,0,0,0
448,23,249,1,1,0,3
448,23,249,2,0,0,0
448,23,263,2,0,0,0
448,23,264,2,0,0,0
448,23,270,1,1,0,7
448,23,280,2,0,0,0
448,23,309,1,48,0,0
448,23,317,2,0,0,0
448,23,319,1,28,0,0
448,23,339,2,0,0,0
448,23,347,1,24,0,0
448,23,347,2,0,0,0
448,23,352,2,0,0,0
448,23,364,1,1,0,13
448,23,370,1,60,0,0
448,23,371,2,0,0,0
448,23,374,2,0,0,0
448,23,383,1,1,0,8
448,23,395,1,1,0,6
448,23,396,1,0,0,0
448,23,396,1,1,0,0
448,23,398,2,0,0,0
448,23,399,2,0,0,0
448,23,406,1,52,0,0
448,23,406,2,0,0,0
448,23,409,2,0,0,0
448,23,411,2,0,0,0
448,23,416,2,0,0,0
448,23,417,1,1,0,4
448,23,417,2,0,0,0
448,23,421,2,0,0,0
448,23,430,2,0,0,0
448,23,431,2,0,0,0
448,23,444,2,0,0,0
448,23,490,2,0,0,0
448,23,501,1,32,0,0
448,23,505,1,44,0,0
448,23,515,1,1,0,9
448,23,523,2,0,0,0
448,23,526,1,1,0,2
448,23,526,2,0,0,0
448,23,612,1,20,0,0
448,23,673,1,16,0,0
448,23,791,1,1,0,1
449,23,18,3,0,0,0
449,23,28,1,1,0,1
449,23,33,1,1,0,0
449,23,34,3,0,0,0
449,23,36,1,28,0,0
449,23,38,1,44,0,0
449,23,44,1,4,0,0
449,23,46,1,32,0,0
449,23,46,2,0,0,0
449,23,70,2,0,0,0
449,23,89,1,40,0,0
449,23,89,2,0,0,0
449,23,90,1,48,0,0
449,23,91,1,16,0,0
449,23,91,2,0,0,0
449,23,104,2,0,0,0
449,23,156,1,36,0,0
449,23,156,2,0,0,0
449,23,157,2,0,0,0
449,23,164,2,0,0,0
449,23,174,3,0,0,0
449,23,182,2,0,0,0
449,23,201,1,24,0,0
449,23,201,2,0,0,0
449,23,203,2,0,0,0
449,23,207,2,0,0,0
449,23,213,2,0,0,0
449,23,214,2,0,0,0
449,23,231,2,0,0,0
449,23,241,2,0,0,0
449,23,242,1,20,0,0
449,23,249,2,0,0,0
449,23,254,3,0,0,0
449,23,255,3,0,0,0
449,23,256,3,0,0,0
449,23,263,2,0,0,0
449,23,279,3,0,0,0
449,23,281,1,8,0,0
449,23,303,1,52,0,0
449,23,303,3,0,0,0
449,23,317,2,0,0,0
449,23,328,1,12,0,0
449,23,328,3,0,0,0
449,23,352,2,0,0,0
449,23,446,2,0,0,0
449,23,523,2,0,0,0
450,23,28,1,1,0,4
450,23,33,1,1,0,3
450,23,36,1,28,0,0
450,23,38,1,50,0,0
450,23,44,1,1,0,5
450,23,46,1,32,0,0
450,23,46,2,0,0,0
450,23,63,2,0,0,0
450,23,70,2,0,0,0
450,23,89,1,44,0,0
450,23,89,2,0,0,0
450,23,90,1,56,0,0
450,23,91,1,16,0,0
450,23,91,2,0,0,0
450,23,104,2,0,0,0
450,23,156,1,38,0,0
450,23,156,2,0,0,0
450,23,157,2,0,0,0
450,23,164,2,0,0,0
450,23,182,2,0,0,0
450,23,201,1,24,0,0
450,23,201,2,0,0,0
450,23,203,2,0,0,0
450,23,207,2,0,0,0
450,23,213,2,0,0,0
450,23,214,2,0,0,0
450,23,231,2,0,0,0
450,23,241,2,0,0,0
450,23,242,1,20,0,0
450,23,249,2,0,0,0
450,23,263,2,0,0,0
450,23,281,1,1,0,6
450,23,303,1,62,0,0
450,23,317,2,0,0,0
450,23,328,1,12,0,0
450,23,352,2,0,0,0
450,23,416,2,0,0,0
450,23,422,1,1,0,2
450,23,423,1,1,0,0
450,23,424,1,1,0,1
450,23,444,2,0,0,0
450,23,446,2,0,0,0
450,23,523,2,0,0,0
451,23,14,2,0,0,0
451,23,15,2,0,0,0
451,23,18,3,0,0,0
451,23,28,3,0,0,0
451,23,40,1,1,0,0
451,23,42,1,30,0,0
451,23,43,1,1,0,1
451,23,44,1,12,0,0
451,23,70,2,0,0,0
451,23,91,2,0,0,0
451,23,92,1,33,0,0
451,23,92,2,0,0,0
451,23,97,3,0,0,0
451,23,103,3,0,0,0
451,23,104,2,0,0,0
451,23,109,3,0,0,0
451,23,148,2,0,0,0
451,23,156,2,0,0,0
451,23,163,3,0,0,0
451,23,164,2,0,0,0
451,23,168,2,0,0,0
451,23,182,2,0,0,0
451,23,184,1,27,0,0
451,23,188,2,0,0,0
451,23,203,2,0,0,0
451,23,206,2,0,0,0
451,23,207,2,0,0,0
451,23,213,2,0,0,0
451,23,214,2,0,0,0
451,23,231,2,0,0,0
451,23,240,2,0,0,0
451,23,241,2,0,0,0
451,23,242,1,48,0,0
451,23,247,2,0,0,0
451,23,249,2,0,0,0
451,23,259,2,0,0,0
451,23,263,2,0,0,0
451,23,269,2,0,0,0
451,23,280,2,0,0,0
451,23,282,1,24,0,0
451,23,305,1,9,0,0
451,23,317,2,0,0,0
451,23,332,2,0,0,0
451,23,342,3,0,0,0
451,23,367,1,45,0,0
451,23,371,2,0,0,0
451,23,374,2,0,0,0
451,23,390,1,15,0,0
451,23,398,2,0,0,0
451,23,399,2,0,0,0
451,23,400,1,36,0,0
451,23,400,3,0,0,0
451,23,404,1,42,0,0
451,23,404,2,0,0,0
451,23,405,2,0,0,0
451,23,440,1,39,0,0
451,23,450,1,18,0,0
451,23,468,1,3,0,0
451,23,474,1,21,0,0
451,23,565,1,6,0,0
452,23,14,2,0,0,0
452,23,15,2,0,0,0
452,23,40,1,1,0,3
452,23,42,1,30,0,0
452,23,43,1,1,0,4
452,23,44,1,12,0,0
452,23,46,2,0,0,0
452,23,63,2,0,0,0
452,23,70,2,0,0,0
452,23,89,2,0,0,0
452,23,91,2,0,0,0
452,23,92,1,33,0,0
452,23,92,2,0,0,0
452,23,104,2,0,0,0
452,23,148,2,0,0,0
452,23,156,2,0,0,0
452,23,157,2,0,0,0
452,23,164,2,0,0,0
452,23,168,2,0,0,0
452,23,182,2,0,0,0
452,23,184,1,27,0,0
452,23,188,2,0,0,0
452,23,203,2,0,0,0
452,23,206,2,0,0,0
452,23,207,2,0,0,0
452,23,213,2,0,0,0
452,23,214,2,0,0,0
452,23,231,2,0,0,0
452,23,240,2,0,0,0
452,23,241,2,0,0,0
452,23,242,1,54,0,0
452,23,247,2,0,0,0
452,23,249,2,0,0,0
452,23,259,2,0,0,0
452,23,263,2,0,0,0
452,23,269,2,0,0,0
452,23,280,2,0,0,0
452,23,282,1,24,0,0
452,23,305,1,9,0,0
452,23,317,2,0,0,0
452,23,332,2,0,0,0
452,23,367,1,49,0,0
452,23,371,2,0,0,0
452,23,374,2,0,0,0
452,23,390,1,15,0,0
452,23,398,2,0,0,0
452,23,399,2,0,0,0
452,23,400,1,36,0,0
452,23,404,1,44,0,0
452,23,404,2,0,0,0
452,23,405,2,0,0,0
452,23,416,2,0,0,0
452,23,422,1,1,0,0
452,23,423,1,1,0,1
452,23,424,1,1,0,2
452,23,431,2,0,0,0
452,23,440,1,39,0,0
452,23,450,1,18,0,0
452,23,468,1,1,0,5
452,23,474,1,21,0,0
452,23,523,2,0,0,0
452,23,555,2,0,0,0
452,23,565,1,1,0,6
453,23,29,3,0,0,0
453,23,40,1,1,0,0
453,23,68,3,0,0,0
453,23,70,2,0,0,0
453,23,89,2,0,0,0
453,23,91,2,0,0,0
453,23,92,1,36,0,0
453,23,92,2,0,0,0
453,23,104,2,0,0,0
453,23,156,2,0,0,0
453,23,157,2,0,0,0
453,23,164,2,0,0,0
453,23,168,2,0,0,0
453,23,182,2,0,0,0
453,23,188,1,44,0,0
453,23,188,2,0,0,0
453,23,189,1,1,0,1
453,23,203,2,0,0,0
453,23,207,1,28,0,0
453,23,207,2,0,0,0
453,23,213,2,0,0,0
453,23,214,2,0,0,0
453,23,223,3,0,0,0
453,23,238,3,0,0,0
453,23,240,2,0,0,0
453,23,241,2,0,0,0
453,23,247,2,0,0,0
453,23,249,2,0,0,0
453,23,252,3,0,0,0
453,23,259,2,0,0,0
453,23,260,1,12,0,0
453,23,263,2,0,0,0
453,23,264,2,0,0,0
453,23,269,1,8,0,0
453,23,269,2,0,0,0
453,23,279,1,16,0,0
453,23,280,2,0,0,0
453,23,310,1,4,0,0
453,23,317,2,0,0,0
453,23,339,2,0,0,0
453,23,364,3,0,0,0
453,23,367,3,0,0,0
453,23,371,2,0,0,0
453,23,374,2,0,0,0
453,23,389,1,24,0,0
453,23,398,1,32,0,0
453,23,398,2,0,0,0
453,23,399,2,0,0,0
453,23,404,2,0,0,0
453,23,409,2,0,0,0
453,23,410,3,0,0,0
453,23,411,2,0,0,0
453,23,417,1,40,0,0
453,23,417,2,0,0,0
453,23,418,3,0,0,0
453,23,431,2,0,0,0
453,23,474,1,20,0,0
453,23,490,2,0,0,0
453,23,501,3,0,0,0
453,23,523,2,0,0,0
453,23,526,2,0,0,0
453,23,562,1,48,0,0
454,23,14,2,0,0,0
454,23,15,2,0,0,0
454,23,40,1,1,0,0
454,23,63,2,0,0,0
454,23,70,2,0,0,0
454,23,89,2,0,0,0
454,23,91,2,0,0,0
454,23,92,1,36,0,0
454,23,92,2,0,0,0
454,23,104,2,0,0,0
454,23,156,2,0,0,0
454,23,157,2,0,0,0
454,23,164,2,0,0,0
454,23,168,2,0,0,0
454,23,182,2,0,0,0
454,23,188,1,48,0,0
454,23,188,2,0,0,0
454,23,189,1,1,0,1
454,23,203,2,0,0,0
454,23,207,1,28,0,0
454,23,207,2,0,0,0
454,23,213,2,0,0,0
454,23,214,2,0,0,0
454,23,240,2,0,0,0
454,23,241,2,0,0,0
454,23,247,2,0,0,0
454,23,249,2,0,0,0
454,23,259,2,0,0,0
454,23,260,1,12,0,0
454,23,263,2,0,0,0
454,23,264,2,0,0,0
454,23,269,1,1,0,3
454,23,269,2,0,0,0
454,23,279,1,16,0,0
454,23,280,2,0,0,0
454,23,310,1,1,0,2
454,23,317,2,0,0,0
454,23,339,2,0,0,0
454,23,371,2,0,0,0
454,23,374,2,0,0,0
454,23,389,1,24,0,0
454,23,398,1,32,0,0
454,23,398,2,0,0,0
454,23,399,2,0,0,0
454,23,404,2,0,0,0
454,23,409,2,0,0,0
454,23,411,2,0,0,0
454,23,416,2,0,0,0
454,23,417,1,42,0,0
454,23,417,2,0,0,0
454,23,431,2,0,0,0
454,23,444,2,0,0,0
454,23,474,1,20,0,0
454,23,490,2,0,0,0
454,23,523,2,0,0,0
454,23,526,2,0,0,0
454,23,562,1,54,0,0
455,23,14,2,0,0,0
455,23,15,2,0,0,0
455,23,20,1,1,0,0
455,23,21,3,0,0,0
455,23,22,1,11,0,0
455,23,44,1,7,0,0
455,23,63,2,0,0,0
455,23,73,3,0,0,0
455,23,74,1,1,0,1
455,23,75,3,0,0,0
455,23,76,2,0,0,0
455,23,78,3,0,0,0
455,23,79,3,0,0,0
455,23,104,2,0,0,0
455,23,148,2,0,0,0
455,23,156,2,0,0,0
455,23,164,2,0,0,0
455,23,168,2,0,0,0
455,23,182,2,0,0,0
455,23,188,2,0,0,0
455,23,202,2,0,0,0
455,23,203,2,0,0,0
455,23,207,2,0,0,0
455,23,213,2,0,0,0
455,23,214,2,0,0,0
455,23,230,1,17,0,0
455,23,235,3,0,0,0
455,23,241,2,0,0,0
455,23,242,1,41,0,0
455,23,254,1,37,0,0
455,23,255,1,37,0,1
455,23,256,1,37,0,2
455,23,263,2,0,0,0
455,23,275,1,21,0,0
455,23,331,2,0,0,0
455,23,345,3,0,0,0
455,23,371,2,0,0,0
455,23,374,2,0,0,0
455,23,388,3,0,0,0
455,23,402,1,47,0,0
455,23,412,2,0,0,0
455,23,416,2,0,0,0
455,23,438,1,50,0,0
455,23,447,1,27,0,0
455,23,447,2,0,0,0
455,23,476,3,0,0,0
455,23,491,3,0,0,0
455,23,536,1,31,0,0
456,23,1,1,1,0,0
456,23,16,1,17,0,0
456,23,55,1,6,0,0
456,23,57,2,0,0,0
456,23,58,2,0,0,0
456,23,59,2,0,0,0
456,23,60,3,0,0,0
456,23,62,3,0,0,0
456,23,97,3,0,0,0
456,23,104,2,0,0,0
456,23,109,3,0,0,0
456,23,127,2,0,0,0
456,23,148,2,0,0,0
456,23,150,3,0,0,0
456,23,156,2,0,0,0
456,23,164,2,0,0,0
456,23,175,1,26,0,0
456,23,175,3,0,0,0
456,23,182,2,0,0,0
456,23,186,3,0,0,0
456,23,203,2,0,0,0
456,23,204,3,0,0,0
456,23,207,2,0,0,0
456,23,213,1,10,0,0
456,23,213,2,0,0,0
456,23,214,2,0,0,0
456,23,219,1,29,0,0
456,23,219,2,0,0,0
456,23,240,1,13,0,0
456,23,240,2,0,0,0
456,23,244,2,0,0,0
456,23,250,1,38,0,0
456,23,258,2,0,0,0
456,23,263,2,0,0,0
456,23,321,3,0,0,0
456,23,340,1,45,0,0
456,23,352,1,22,0,0
456,23,352,2,0,0,0
456,23,362,2,0,0,0
456,23,366,1,49,0,0
456,23,369,1,42,0,0
456,23,369,2,0,0,0
456,23,371,2,0,0,0
456,23,392,1,33,0,0
456,23,401,3,0,0,0
456,23,432,2,0,0,0
456,23,487,1,54,0,0
456,23,503,2,0,0,0
457,23,1,1,1,0,2
457,23,16,1,1,0,1
457,23,16,1,17,0,0
457,23,55,1,1,0,3
457,23,55,1,6,0,0
457,23,57,2,0,0,0
457,23,58,2,0,0,0
457,23,59,2,0,0,0
457,23,63,2,0,0,0
457,23,104,2,0,0,0
457,23,127,2,0,0,0
457,23,148,2,0,0,0
457,23,156,2,0,0,0
457,23,164,2,0,0,0
457,23,175,1,26,0,0
457,23,182,2,0,0,0
457,23,203,2,0,0,0
457,23,207,2,0,0,0
457,23,213,1,1,0,4
457,23,213,1,10,0,0
457,23,213,2,0,0,0
457,23,214,2,0,0,0
457,23,219,1,29,0,0
457,23,219,2,0,0,0
457,23,240,1,13,0,0
457,23,240,2,0,0,0
457,23,244,2,0,0,0
457,23,250,1,42,0,0
457,23,258,2,0,0,0
457,23,263,2,0,0,0
457,23,340,1,53,0,0
457,23,352,1,22,0,0
457,23,352,2,0,0,0
457,23,362,2,0,0,0
457,23,366,1,59,0,0
457,23,369,1,48,0,0
457,23,369,2,0,0,0
457,23,371,2,0,0,0
457,23,392,1,35,0,0
457,23,416,2,0,0,0
457,23,432,2,0,0,0
457,23,487,1,1,0,0
457,23,487,1,66,0,0
457,23,503,2,0,0,0
458,23,17,1,8,0,0
458,23,21,3,0,0,0
458,23,29,1,28,0,0
458,23,33,1,1,0,0
458,23,36,1,44,0,0
458,23,48,1,4,0,0
458,23,55,1,1,0,1
458,23,56,1,48,0,0
458,23,56,3,0,0,0
458,23,57,2,0,0,0
458,23,58,2,0,0,0
458,23,59,2,0,0,0
458,23,61,1,24,0,0
458,23,89,2,0,0,0
458,23,97,1,20,0,0
458,23,104,2,0,0,0
458,23,109,3,0,0,0
458,23,114,3,0,0,0
458,23,127,2,0,0,0
458,23,133,3,0,0,0
458,23,150,3,0,0,0
458,23,156,2,0,0,0
458,23,157,2,0,0,0
458,23,164,2,0,0,0
458,23,182,2,0,0,0
458,23,203,2,0,0,0
458,23,207,2,0,0,0
458,23,213,2,0,0,0
458,23,214,2,0,0,0
458,23,239,3,0,0,0
458,23,240,2,0,0,0
458,23,243,3,0,0,0
458,23,258,2,0,0,0
458,23,263,2,0,0,0
458,23,332,2,0,0,0
458,23,340,1,40,0,0
458,23,352,1,12,0,0
458,23,352,2,0,0,0
458,23,366,3,0,0,0
458,23,392,1,36,0,0
458,23,403,1,32,0,0
458,23,469,1,16,0,0
458,23,469,3,0,0,0
458,23,503,2,0,0,0
458,23,523,2,0,0,0
459,23,14,2,0,0,0
459,23,23,3,0,0,0
459,23,38,3,0,0,0
459,23,43,1,1,0,1
459,23,54,1,10,0,0
459,23,54,3,0,0,0
459,23,58,2,0,0,0
459,23,59,1,45,0,0
459,23,59,2,0,0,0
459,23,73,3,0,0,0
459,23,74,3,0,0,0
459,23,75,1,20,0,0
459,23,76,2,0,0,0
459,23,104,2,0,0,0
459,23,113,2,0,0,0
459,23,130,3,0,0,0
459,23,148,2,0,0,0
459,23,156,2,0,0,0
459,23,164,2,0,0,0
459,23,181,1,1,0,0
459,23,182,2,0,0,0
459,23,196,1,25,0,0
459,23,202,2,0,0,0
459,23,203,2,0,0,0
459,23,207,1,30,0,0
459,23,207,2,0,0,0
459,23,213,2,0,0,0
459,23,214,2,0,0,0
459,23,219,2,0,0,0
459,23,231,2,0,0,0
459,23,240,2,0,0,0
459,23,247,2,0,0,0
459,23,258,2,0,0,0
459,23,263,2,0,0,0
459,23,275,1,35,0,0
459,23,329,1,50,0,0
459,23,331,2,0,0,0
459,23,345,3,0,0,0
459,23,352,2,0,0,0
459,23,402,3,0,0,0
459,23,412,2,0,0,0
459,23,419,2,0,0,0
459,23,420,1,15,0,0
459,23,447,2,0,0,0
459,23,452,1,41,0,0
459,23,670,1,5,0,0
460,23,8,1,0,0,0
460,23,8,1,1,0,0
460,23,14,2,0,0,0
460,23,43,1,1,0,3
460,23,54,1,1,0,5
460,23,58,2,0,0,0
460,23,59,1,49,0,0
460,23,59,2,0,0,0
460,23,63,2,0,0,0
460,23,70,2,0,0,0
460,23,75,1,20,0,0
460,23,76,2,0,0,0
460,23,89,2,0,0,0
460,23,104,2,0,0,0
460,23,113,2,0,0,0
460,23,148,2,0,0,0
460,23,156,2,0,0,0
460,23,157,2,0,0,0
460,23,164,2,0,0,0
460,23,181,1,1,0,2
460,23,182,2,0,0,0
460,23,196,1,25,0,0
460,23,202,2,0,0,0
460,23,203,2,0,0,0
460,23,207,1,30,0,0
460,23,207,2,0,0,0
460,23,213,2,0,0,0
460,23,214,2,0,0,0
460,23,219,2,0,0,0
460,23,231,2,0,0,0
460,23,240,2,0,0,0
460,23,247,2,0,0,0
460,23,249,2,0,0,0
460,23,258,2,0,0,0
460,23,263,2,0,0,0
460,23,264,2,0,0,0
460,23,275,1,35,0,0
460,23,280,2,0,0,0
460,23,317,2,0,0,0
460,23,329,1,56,0,0
460,23,331,2,0,0,0
460,23,352,2,0,0,0
460,23,374,2,0,0,0
460,23,411,2,0,0,0
460,23,412,2,0,0,0
460,23,416,2,0,0,0
460,23,419,2,0,0,0
460,23,420,1,15,0,0
460,23,431,2,0,0,0
460,23,447,2,0,0,0
460,23,452,1,43,0,0
460,23,523,2,0,0,0
460,23,670,1,1,0,4
460,23,694,1,1,0,1
461,23,10,1,1,0,6
461,23,14,2,0,0,0
461,23,15,2,0,0,0
461,23,43,1,1,0,7
461,23,57,2,0,0,0
461,23,58,2,0,0,0
461,23,59,2,0,0,0
461,23,63,2,0,0,0
461,23,70,2,0,0,0
461,23,91,2,0,0,0
461,23,97,1,1,0,4
461,23,98,1,1,0,2
461,23,103,1,54,0,0
461,23,104,2,0,0,0
461,23,115,2,0,0,0
461,23,138,2,0,0,0
461,23,154,1,30,0,0
461,23,156,2,0,0,0
461,23,163,1,1,0,5
461,23,164,2,0,0,0
461,23,168,2,0,0,0
461,23,182,2,0,0,0
461,23,196,1,24,0,0
461,23,203,2,0,0,0
461,23,206,2,0,0,0
461,23,207,2,0,0,0
461,23,213,2,0,0,0
461,23,214,2,0,0,0
461,23,231,2,0,0,0
461,23,232,1,18,0,0
461,23,240,2,0,0,0
461,23,241,2,0,0,0
461,23,244,2,0,0,0
461,23,247,2,0,0,0
461,23,249,2,0,0,0
461,23,251,1,1,0,3
461,23,258,2,0,0,0
461,23,259,2,0,0,0
461,23,263,2,0,0,0
461,23,264,2,0,0,0
461,23,269,1,1,0,8
461,23,269,2,0,0,0
461,23,279,1,1,0,0
461,23,280,2,0,0,0
461,23,332,2,0,0,0
461,23,347,2,0,0,0
461,23,371,2,0,0,0
461,23,372,1,1,0,1
461,23,374,1,42,0,0
461,23,374,2,0,0,0
461,23,398,2,0,0,0
461,23,399,1,66,0,0
461,23,399,2,0,0,0
461,23,400,1,60,0,0
461,23,404,2,0,0,0
461,23,411,2,0,0,0
461,23,416,2,0,0,0
461,23,417,1,48,0,0
461,23,417,2,0,0,0
461,23,419,2,0,0,0
461,23,420,1,1,0,9
461,23,421,2,0,0,0
461,23,468,1,36,0,0
461,23,490,2,0,0,0
461,23,555,2,0,0,0
462,23,33,1,1,0,5
462,23,48,1,1,0,6
462,23,63,2,0,0,0
462,23,84,1,1,0,4
462,23,85,2,0,0,0
462,23,86,1,1,0,7
462,23,86,2,0,0,0
462,23,87,2,0,0,0
462,23,103,1,24,0,0
462,23,104,2,0,0,0
462,23,113,1,52,0,0
462,23,113,2,0,0,0
462,23,115,2,0,0,0
462,23,148,2,0,0,0
462,23,153,2,0,0,0
462,23,156,2,0,0,0
462,23,161,1,1,0,0
462,23,164,2,0,0,0
462,23,182,2,0,0,0
462,23,192,1,64,0,0
462,23,199,1,58,0,0
462,23,203,2,0,0,0
462,23,207,2,0,0,0
462,23,209,1,20,0,0
462,23,214,2,0,0,0
462,23,240,2,0,0,0
462,23,241,2,0,0,0
462,23,243,1,1,0,3
462,23,244,2,0,0,0
462,23,263,2,0,0,0
462,23,278,2,0,0,0
462,23,319,1,46,0,0
462,23,351,2,0,0,0
462,23,360,1,16,0,0
462,23,360,2,0,0,0
462,23,393,1,28,0,0
462,23,416,2,0,0,0
462,23,430,1,34,0,0
462,23,430,2,0,0,0
462,23,435,1,40,0,0
462,23,451,2,0,0,0
462,23,486,1,12,0,0
462,23,521,2,0,0,0
462,23,602,1,1,0,2
462,23,604,1,1,0,1
463,23,14,2,0,0,0
463,23,15,2,0,0,0
463,23,21,1,48,0,0
463,23,23,1,30,0,0
463,23,35,1,18,0,0
463,23,48,1,1,0,3
463,23,50,1,24,0,0
463,23,53,2,0,0,0
463,23,57,2,0,0,0
463,23,58,2,0,0,0
463,23,59,2,0,0,0
463,23,63,2,0,0,0
463,23,70,2,0,0,0
463,23,76,2,0,0,0
463,23,85,2,0,0,0
463,23,87,2,0,0,0
463,23,89,2,0,0,0
463,23,91,2,0,0,0
463,23,103,1,42,0,0
463,23,104,2,0,0,0
463,23,111,1,1,0,1
463,23,122,1,1,0,0
463,23,126,2,0,0,0
463,23,138,2,0,0,0
463,23,153,2,0,0,0
463,23,156,2,0,0,0
463,23,157,2,0,0,0
463,23,164,2,0,0,0
463,23,168,2,0,0,0
463,23,182,2,0,0,0
463,23,187,1,60,0,0
463,23,201,2,0,0,0
463,23,203,2,0,0,0
463,23,205,1,1,0,2
463,23,207,2,0,0,0
463,23,213,2,0,0,0
463,23,214,2,0,0,0
463,23,231,2,0,0,0
463,23,240,2,0,0,0
463,23,241,2,0,0,0
463,23,244,2,0,0,0
463,23,247,2,0,0,0
463,23,249,2,0,0,0
463,23,263,2,0,0,0
463,23,264,2,0,0,0
463,23,280,2,0,0,0
463,23,282,1,36,0,0
463,23,317,2,0,0,0
463,23,351,2,0,0,0
463,23,352,2,0,0,0
463,23,360,2,0,0,0
463,23,374,2,0,0,0
463,23,411,2,0,0,0
463,23,416,2,0,0,0
463,23,431,2,0,0,0
463,23,438,1,54,0,0
463,23,523,2,0,0,0
463,23,526,2,0,0,0
464,23,14,2,0,0,0
464,23,15,2,0,0,0
464,23,23,1,25,0,0
464,23,30,1,15,0,0
464,23,32,1,68,0,0
464,23,33,1,1,0,1
464,23,36,1,40,0,0
464,23,39,1,1,0,2
464,23,46,2,0,0,0
464,23,53,2,0,0,0
464,23,57,2,0,0,0
464,23,58,2,0,0,0
464,23,59,2,0,0,0
464,23,63,2,0,0,0
464,23,70,2,0,0,0
464,23,85,2,0,0,0
464,23,87,2,0,0,0
464,23,89,1,47,0,0
464,23,89,2,0,0,0
464,23,91,2,0,0,0
464,23,104,2,0,0,0
464,23,126,2,0,0,0
464,23,156,2,0,0,0
464,23,157,2,0,0,0
464,23,164,2,0,0,0
464,23,168,2,0,0,0
464,23,182,2,0,0,0
464,23,184,1,20,0,0
464,23,201,2,0,0,0
464,23,203,2,0,0,0
464,23,207,2,0,0,0
464,23,213,2,0,0,0
464,23,214,2,0,0,0
464,23,224,1,61,0,0
464,23,231,2,0,0,0
464,23,240,2,0,0,0
464,23,241,2,0,0,0
464,23,249,2,0,0,0
464,23,263,2,0,0,0
464,23,264,2,0,0,0
464,23,280,2,0,0,0
464,23,317,2,0,0,0
464,23,350,1,30,0,0
464,23,351,2,0,0,0
464,23,359,1,1,0,0
464,23,371,2,0,0,0
464,23,374,2,0,0,0
464,23,397,2,0,0,0
464,23,398,2,0,0,0
464,23,406,2,0,0,0
464,23,411,2,0,0,0
464,23,416,2,0,0,0
464,23,419,2,0,0,0
464,23,421,2,0,0,0
464,23,430,2,0,0,0
464,23,431,2,0,0,0
464,23,439,1,75,0,0
464,23,444,1,54,0,0
464,23,444,2,0,0,0
464,23,446,2,0,0,0
464,23,479,1,1,0,3
464,23,523,1,1,0,4
464,23,523,2,0,0,0
464,23,529,1,35,0,0
465,23,14,2,0,0,0
465,23,15,2,0,0,0
465,23,20,1,1,0,2
465,23,21,1,40,0,0
465,23,22,1,16,0,0
465,23,63,2,0,0,0
465,23,70,2,0,0,0
465,23,71,1,1,0,1
465,23,72,1,12,0,0
465,23,74,1,1,0,4
465,23,76,2,0,0,0
465,23,77,1,20,0,0
465,23,78,1,1,0,3
465,23,79,1,36,0,0
465,23,89,2,0,0,0
465,23,104,2,0,0,0
465,23,115,2,0,0,0
465,23,148,2,0,0,0
465,23,156,2,0,0,0
465,23,157,2,0,0,0
465,23,164,2,0,0,0
465,23,168,2,0,0,0
465,23,182,2,0,0,0
465,23,188,2,0,0,0
465,23,202,1,32,0,0
465,23,202,2,0,0,0
465,23,203,2,0,0,0
465,23,207,2,0,0,0
465,23,213,2,0,0,0
465,23,214,2,0,0,0
465,23,241,2,0,0,0
465,23,244,2,0,0,0
465,23,246,1,24,0,0
465,23,249,2,0,0,0
465,23,263,2,0,0,0
465,23,275,1,52,0,0
465,23,280,2,0,0,0
465,23,282,1,28,0,0
465,23,317,2,0,0,0
465,23,321,1,44,0,0
465,23,331,2,0,0,0
465,23,332,2,0,0,0
465,23,335,1,1,0,0
465,23,351,2,0,0,0
465,23,371,2,0,0,0
465,23,374,2,0,0,0
465,23,398,2,0,0,0
465,23,411,2,0,0,0
465,23,412,2,0,0,0
465,23,416,2,0,0,0
465,23,438,1,48,0,0
465,23,447,2,0,0,0
465,23,523,2,0,0,0
465,23,580,1,56,0,0
466,23,9,1,28,0,0
466,23,43,1,1,0,2
466,23,53,2,0,0,0
466,23,63,2,0,0,0
466,23,67,1,40,0,0
466,23,70,2,0,0,0
466,23,84,1,1,0,3
466,23,85,1,46,0,0
466,23,85,2,0,0,0
466,23,86,1,20,0,0
466,23,86,2,0,0,0
466,23,87,1,58,0,0
466,23,87,2,0,0,0
466,23,89,2,0,0,0
466,23,91,2,0,0,0
466,23,94,2,0,0,0
466,23,98,1,1,0,1
466,23,103,1,24,0,0
466,23,104,2,0,0,0
466,23,113,1,52,0,0
466,23,113,2,0,0,0
466,23,129,1,12,0,0
466,23,148,2,0,0,0
466,23,156,2,0,0,0
466,23,157,2,0,0,0
466,23,164,2,0,0,0
466,23,168,2,0,0,0
466,23,182,2,0,0,0
466,23,203,2,0,0,0
466,23,207,2,0,0,0
466,23,213,2,0,0,0
466,23,214,2,0,0,0
466,23,231,2,0,0,0
466,23,240,2,0,0,0
466,23,249,2,0,0,0
466,23,259,2,0,0,0
466,23,263,2,0,0,0
466,23,264,2,0,0,0
466,23,268,1,1,0,4
466,23,269,2,0,0,0
466,23,280,2,0,0,0
466,23,317,2,0,0,0
466,23,351,1,16,0,0
466,23,351,2,0,0,0
466,23,374,2,0,0,0
466,23,411,2,0,0,0
466,23,416,1,64,0,0
466,23,416,2,0,0,0
466,23,431,2,0,0,0
466,23,435,1,34,0,0
466,23,451,2,0,0,0
466,23,490,2,0,0,0
466,23,521,2,0,0,0
466,23,523,2,0,0,0
466,23,528,1,1,0,0
467,23,7,1,28,0,0
467,23,43,1,1,0,1
467,23,52,1,1,0,2
467,23,53,1,46,0,0
467,23,53,2,0,0,0
467,23,63,1,64,0,0
467,23,63,2,0,0,0
467,23,67,1,40,0,0
467,23,70,2,0,0,0
467,23,76,2,0,0,0
467,23,85,2,0,0,0
467,23,89,2,0,0,0
467,23,94,2,0,0,0
467,23,104,2,0,0,0
467,23,108,1,1,0,3
467,23,109,1,20,0,0
467,23,123,1,1,0,0
467,23,126,1,58,0,0
467,23,126,2,0,0,0
467,23,156,2,0,0,0
467,23,157,2,0,0,0
467,23,164,2,0,0,0
467,23,168,2,0,0,0
467,23,172,1,16,0,0
467,23,182,2,0,0,0
467,23,184,1,24,0,0
467,23,203,2,0,0,0
467,23,207,2,0,0,0
467,23,213,2,0,0,0
467,23,214,2,0,0,0
467,23,231,2,0,0,0
467,23,241,1,52,0,0
467,23,241,2,0,0,0
467,23,249,2,0,0,0
467,23,259,2,0,0,0
467,23,261,2,0,0,0
467,23,263,2,0,0,0
467,23,264,2,0,0,0
467,23,269,2,0,0,0
467,23,280,2,0,0,0
467,23,315,2,0,0,0
467,23,317,2,0,0,0
467,23,374,2,0,0,0
467,23,411,2,0,0,0
467,23,416,2,0,0,0
467,23,431,2,0,0,0
467,23,436,1,34,0,0
467,23,490,2,0,0,0
467,23,499,1,12,0,0
467,23,523,2,0,0,0
468,23,1,1,1,0,18
468,23,19,2,0,0,0
468,23,38,1,1,0,11
468,23,45,1,1,0,17
468,23,53,2,0,0,0
468,23,63,2,0,0,0
468,23,76,2,0,0,0
468,23,86,2,0,0,0
468,23,94,2,0,0,0
468,23,104,2,0,0,0
468,23,113,2,0,0,0
468,23,115,2,0,0,0
468,23,118,1,1,0,9
468,23,126,2,0,0,0
468,23,138,2,0,0,0
468,23,143,1,1,0,2
468,23,148,2,0,0,0
468,23,156,2,0,0,0
468,23,161,1,1,0,5
468,23,164,2,0,0,0
468,23,182,2,0,0,0
468,23,186,1,1,0,19
468,23,203,2,0,0,0
468,23,204,1,1,0,6
468,23,207,2,0,0,0
468,23,211,2,0,0,0
468,23,213,2,0,0,0
468,23,214,2,0,0,0
468,23,219,1,1,0,12
468,23,219,2,0,0,0
468,23,226,1,1,0,14
468,23,240,2,0,0,0
468,23,241,2,0,0,0
468,23,244,2,0,0,0
468,23,245,1,1,0,4
468,23,246,1,1,0,7
468,23,247,2,0,0,0
468,23,249,2,0,0,0
468,23,263,2,0,0,0
468,23,264,2,0,0,0
468,23,266,1,1,0,13
468,23,273,1,1,0,16
468,23,280,2,0,0,0
468,23,281,1,1,0,8
468,23,332,2,0,0,0
468,23,351,2,0,0,0
468,23,352,2,0,0,0
468,23,355,2,0,0,0
468,23,365,2,0,0,0
468,23,374,2,0,0,0
468,23,387,1,1,0,15
468,23,396,1,1,0,3
468,23,403,1,0,0,0
468,23,403,1,1,0,0
468,23,409,2,0,0,0
468,23,416,2,0,0,0
468,23,417,2,0,0,0
468,23,432,2,0,0,0
468,23,447,2,0,0,0
468,23,495,1,1,0,10
468,23,526,2,0,0,0
468,23,584,1,1,0,1
468,23,605,2,0,0,0
468,23,791,1,1,0,20
469,23,14,2,0,0,0
469,23,16,1,1,0,6
469,23,17,1,1,0,10
469,23,33,1,1,0,5
469,23,48,1,22,0,0
469,23,63,2,0,0,0
469,23,76,2,0,0,0
469,23,81,1,30,0,0
469,23,94,2,0,0,0
469,23,95,1,1,0,9
469,23,98,1,1,0,7
469,23,98,1,6,0,0
469,23,103,1,46,0,0
469,23,104,1,1,0,8
469,23,104,1,11,0,0
469,23,104,2,0,0,0
469,23,138,2,0,0,0
469,23,148,2,0,0,0
469,23,156,2,0,0,0
469,23,163,1,43,0,0
469,23,164,2,0,0,0
469,23,168,2,0,0,0
469,23,182,2,0,0,0
469,23,197,1,17,0,0
469,23,202,2,0,0,0
469,23,203,2,0,0,0
469,23,207,2,0,0,0
469,23,211,2,0,0,0
469,23,213,2,0,0,0
469,23,214,2,0,0,0
469,23,241,2,0,0,0
469,23,244,2,0,0,0
469,23,246,1,33,0,0
469,23,247,2,0,0,0
469,23,253,1,27,0,0
469,23,263,2,0,0,0
469,23,332,1,14,0,0
469,23,332,2,0,0,0
469,23,355,2,0,0,0
469,23,364,1,38,0,0
469,23,369,1,49,0,0
469,23,369,2,0,0,0
469,23,400,1,1,0,3
469,23,403,1,1,0,2
469,23,403,1,54,0,0
469,23,405,1,1,0,1
469,23,405,1,57,0,0
469,23,405,2,0,0,0
469,23,416,2,0,0,0
469,23,432,2,0,0,0
469,23,450,1,1,0,4
470,23,14,1,45,0,0
470,23,14,2,0,0,0
470,23,28,1,5,0,0
470,23,33,1,1,0,10
470,23,36,1,1,0,6
470,23,38,1,1,0,8
470,23,39,1,1,0,12
470,23,44,1,1,0,3
470,23,45,1,1,0,11
470,23,46,2,0,0,0
470,23,63,2,0,0,0
470,23,70,2,0,0,0
470,23,73,1,20,0,0
470,23,75,1,0,0,0
470,23,75,1,1,0,0
470,23,76,2,0,0,0
470,23,91,2,0,0,0
470,23,98,1,10,0,0
470,23,104,2,0,0,0
470,23,129,1,1,0,2
470,23,148,2,0,0,0
470,23,156,2,0,0,0
470,23,164,2,0,0,0
470,23,182,2,0,0,0
470,23,202,1,40,0,0
470,23,202,2,0,0,0
470,23,203,2,0,0,0
470,23,204,1,1,0,7
470,23,207,2,0,0,0
470,23,213,2,0,0,0
470,23,214,2,0,0,0
470,23,226,1,1,0,5
470,23,231,2,0,0,0
470,23,235,1,30,0,0
470,23,240,2,0,0,0
470,23,241,1,35,0,0
470,23,241,2,0,0,0
470,23,247,2,0,0,0
470,23,249,2,0,0,0
470,23,263,2,0,0,0
470,23,270,1,1,0,9
470,23,331,2,0,0,0
470,23,332,2,0,0,0
470,23,343,1,1,0,1
470,23,345,1,25,0,0
470,23,348,1,50,0,0
470,23,383,1,1,0,4
470,23,387,1,55,0,0
470,23,404,2,0,0,0
470,23,412,2,0,0,0
470,23,416,2,0,0,0
470,23,447,2,0,0,0
470,23,526,2,0,0,0
470,23,608,1,15,0,0
471,23,28,1,5,0,0
471,23,33,1,1,0,9
471,23,36,1,1,0,5
471,23,38,1,1,0,7
471,23,39,1,1,0,11
471,23,44,1,25,0,0
471,23,45,1,1,0,10
471,23,46,2,0,0,0
471,23,58,2,0,0,0
471,23,59,1,50,0,0
471,23,59,2,0,0,0
471,23,63,2,0,0,0
471,23,70,2,0,0,0
471,23,91,2,0,0,0
471,23,98,1,10,0,0
471,23,104,2,0,0,0
471,23,129,1,1,0,2
471,23,156,2,0,0,0
471,23,164,2,0,0,0
471,23,182,2,0,0,0
471,23,196,1,0,0,0
471,23,196,1,1,0,0
471,23,203,2,0,0,0
471,23,204,1,1,0,6
471,23,207,2,0,0,0
471,23,213,2,0,0,0
471,23,214,2,0,0,0
471,23,226,1,1,0,4
471,23,231,2,0,0,0
471,23,240,2,0,0,0
471,23,241,2,0,0,0
471,23,243,1,45,0,0
471,23,247,2,0,0,0
471,23,249,2,0,0,0
471,23,258,1,35,0,0
471,23,258,2,0,0,0
471,23,263,2,0,0,0
471,23,270,1,1,0,8
471,23,343,1,1,0,1
471,23,352,2,0,0,0
471,23,383,1,1,0,3
471,23,387,1,55,0,0
471,23,416,2,0,0,0
471,23,419,2,0,0,0
471,23,420,1,20,0,0
471,23,423,1,30,0,0
471,23,526,2,0,0,0
471,23,573,1,40,0,0
471,23,608,1,15,0,0
472,23,12,1,1,0,0
472,23,12,1,55,0,0
472,23,14,1,50,0,0
472,23,14,2,0,0,0
472,23,15,2,0,0,0
472,23,28,1,1,0,5
472,23,28,1,4,0,0
472,23,40,1,1,0,8
472,23,63,2,0,0,0
472,23,70,2,0,0,0
472,23,89,1,45,0,0
472,23,89,2,0,0,0
472,23,91,2,0,0,0
472,23,98,1,13,0,0
472,23,103,1,35,0,0
472,23,104,2,0,0,0
472,23,106,1,1,0,6
472,23,106,1,7,0,0
472,23,156,2,0,0,0
472,23,157,2,0,0,0
472,23,163,1,1,0,10
472,23,164,2,0,0,0
472,23,168,2,0,0,0
472,23,182,2,0,0,0
472,23,188,2,0,0,0
472,23,189,1,19,0,0
472,23,201,2,0,0,0
472,23,203,2,0,0,0
472,23,206,2,0,0,0
472,23,207,2,0,0,0
472,23,210,1,16,0,0
472,23,211,2,0,0,0
472,23,213,2,0,0,0
472,23,214,2,0,0,0
472,23,231,2,0,0,0
472,23,240,2,0,0,0
472,23,241,2,0,0,0
472,23,249,2,0,0,0
472,23,259,2,0,0,0
472,23,263,2,0,0,0
472,23,269,2,0,0,0
472,23,280,2,0,0,0
472,23,282,1,1,0,7
472,23,282,1,10,0,0
472,23,317,2,0,0,0
472,23,332,2,0,0,0
472,23,355,2,0,0,0
472,23,369,1,30,0,0
472,23,369,2,0,0,0
472,23,371,2,0,0,0
472,23,374,2,0,0,0
472,23,397,2,0,0,0
472,23,398,1,1,0,4
472,23,398,2,0,0,0
472,23,399,2,0,0,0
472,23,400,1,1,0,9
472,23,400,1,27,0,0
472,23,404,1,40,0,0
472,23,404,2,0,0,0
472,23,416,2,0,0,0
472,23,422,1,1,0,1
472,23,423,1,1,0,2
472,23,424,1,1,0,3
472,23,432,2,0,0,0
472,23,444,2,0,0,0
472,23,446,2,0,0,0
472,23,512,1,22,0,0
472,23,523,2,0,0,0
473,23,33,1,1,0,3
473,23,36,1,44,0,0
473,23,37,1,65,0,0
473,23,46,2,0,0,0
473,23,54,1,20,0,0
473,23,58,2,0,0,0
473,23,59,1,58,0,0
473,23,59,2,0,0,0
473,23,63,2,0,0,0
473,23,70,2,0,0,0
473,23,89,1,51,0,0
473,23,89,2,0,0,0
473,23,91,2,0,0,0
473,23,104,2,0,0,0
473,23,113,2,0,0,0
473,23,115,2,0,0,0
473,23,133,1,37,0,0
473,23,156,2,0,0,0
473,23,157,2,0,0,0
473,23,164,2,0,0,0
473,23,175,1,1,0,6
473,23,181,1,1,0,5
473,23,182,2,0,0,0
473,23,189,1,1,0,4
473,23,196,1,30,0,0
473,23,201,2,0,0,0
473,23,203,1,25,0,0
473,23,203,2,0,0,0
473,23,207,2,0,0,0
473,23,213,2,0,0,0
473,23,214,2,0,0,0
473,23,240,2,0,0,0
473,23,246,1,1,0,2
473,23,249,2,0,0,0
473,23,258,2,0,0,0
473,23,263,2,0,0,0
473,23,317,2,0,0,0
473,23,416,2,0,0,0
473,23,419,2,0,0,0
473,23,420,1,15,0,0
473,23,423,1,1,0,1
473,23,431,2,0,0,0
473,23,444,2,0,0,0
473,23,446,2,0,0,0
473,23,458,1,0,0,0
473,23,458,1,1,0,0
473,23,523,2,0,0,0
474,23,33,1,1,0,3
474,23,58,2,0,0,0
474,23,59,2,0,0,0
474,23,60,1,20,0,0
474,23,63,1,65,0,0
474,23,63,2,0,0,0
474,23,76,2,0,0,0
474,23,84,1,15,0,0
474,23,85,2,0,0,0
474,23,86,2,0,0,0
474,23,87,2,0,0,0
474,23,94,2,0,0,0
474,23,97,1,30,0,0
474,23,104,2,0,0,0
474,23,105,1,35,0,0
474,23,111,1,1,0,2
474,23,138,2,0,0,0
474,23,148,2,0,0,0
474,23,156,2,0,0,0
474,23,160,1,1,0,4
474,23,161,1,45,0,0
474,23,164,2,0,0,0
474,23,168,2,0,0,0
474,23,176,1,25,0,0
474,23,182,2,0,0,0
474,23,192,1,60,0,0
474,23,199,1,55,0,0
474,23,203,2,0,0,0
474,23,207,2,0,0,0
474,23,214,2,0,0,0
474,23,231,2,0,0,0
474,23,240,2,0,0,0
474,23,241,2,0,0,0
474,23,244,2,0,0,0
474,23,247,2,0,0,0
474,23,263,2,0,0,0
474,23,277,1,50,0,0
474,23,278,1,1,0,5
474,23,278,2,0,0,0
474,23,332,2,0,0,0
474,23,351,2,0,0,0
474,23,393,1,1,0,6
474,23,399,2,0,0,0
474,23,416,2,0,0,0
474,23,417,1,1,0,1
474,23,417,2,0,0,0
474,23,433,1,1,0,0
474,23,433,2,0,0,0
474,23,435,1,40,0,0
474,23,451,2,0,0,0
475,23,14,1,35,0,0
475,23,14,2,0,0,0
475,23,15,2,0,0,0
475,23,43,1,1,0,14
475,23,45,1,1,0,2
475,23,60,1,1,0,7
475,23,63,2,0,0,0
475,23,70,2,0,0,0
475,23,85,2,0,0,0
475,23,86,2,0,0,0
475,23,89,2,0,0,0
475,23,93,1,1,0,17
475,23,94,1,1,0,11
475,23,94,2,0,0,0
475,23,95,1,1,0,4
475,23,100,1,15,0,0
475,23,104,1,1,0,16
475,23,104,2,0,0,0
475,23,113,2,0,0,0
475,23,115,2,0,0,0
475,23,138,1,1,0,12
475,23,138,2,0,0,0
475,23,148,2,0,0,0
475,23,156,2,0,0,0
475,23,157,2,0,0,0
475,23,163,1,0,0,0
475,23,163,1,1,0,0
475,23,164,2,0,0,0
475,23,168,2,0,0,0
475,23,182,1,28,0,0
475,23,182,2,0,0,0
475,23,203,2,0,0,0
475,23,204,1,1,0,9
475,23,206,1,23,0,0
475,23,206,2,0,0,0
475,23,207,2,0,0,0
475,23,210,1,1,0,15
475,23,213,2,0,0,0
475,23,214,2,0,0,0
475,23,219,2,0,0,0
475,23,240,2,0,0,0
475,23,241,2,0,0,0
475,23,244,2,0,0,0
475,23,247,2,0,0,0
475,23,248,1,1,0,13
475,23,249,2,0,0,0
475,23,259,2,0,0,0
475,23,261,2,0,0,0
475,23,263,2,0,0,0
475,23,264,2,0,0,0
475,23,269,2,0,0,0
475,23,270,1,9,0,0
475,23,278,2,0,0,0
475,23,280,2,0,0,0
475,23,285,2,0,0,0
475,23,286,1,1,0,6
475,23,317,2,0,0,0
475,23,332,1,18,0,0
475,23,332,2,0,0,0
475,23,339,2,0,0,0
475,23,347,1,1,0,10
475,23,347,2,0,0,0
475,23,351,2,0,0,0
475,23,364,1,12,0,0
475,23,370,1,63,0,0
475,23,374,2,0,0,0
475,23,398,2,0,0,0
475,23,400,1,1,0,1
475,23,404,2,0,0,0
475,23,409,2,0,0,0
475,23,411,2,0,0,0
475,23,412,2,0,0,0
475,23,416,2,0,0,0
475,23,427,1,42,0,0
475,23,433,2,0,0,0
475,23,444,2,0,0,0
475,23,447,2,0,0,0
475,23,451,2,0,0,0
475,23,469,1,56,0,1
475,23,490,2,0,0,0
475,23,501,1,56,0,0
475,23,505,1,49,0,0
475,23,523,2,0,0,0
475,23,526,2,0,0,0
475,23,574,1,1,0,3
475,23,577,1,1,0,5
475,23,605,2,0,0,0
475,23,791,1,1,0,8
476,23,33,1,1,0,5
476,23,63,2,0,0,0
476,23,70,2,0,0,0
476,23,85,2,0,0,0
476,23,86,1,13,0,0
476,23,86,2,0,0,0
476,23,87,2,0,0,0
476,23,88,1,1,0,9
476,23,89,2,0,0,0
476,23,104,2,0,0,0
476,23,106,1,1,0,8
476,23,153,2,0,0,0
476,23,156,1,16,0,0
476,23,156,2,0,0,0
476,23,157,1,22,0,0
476,23,157,2,0,0,0
476,23,161,1,0,0,0
476,23,161,1,1,0,0
476,23,164,2,0,0,0
476,23,182,2,0,0,0
476,23,192,1,43,0,1
476,23,199,1,43,0,0
476,23,201,1,34,0,0
476,23,201,2,0,0,0
476,23,203,2,0,0,0
476,23,207,2,0,0,0
476,23,209,1,19,0,0
476,23,213,2,0,0,0
476,23,214,2,0,0,0
476,23,241,2,0,0,0
476,23,249,2,0,0,0
476,23,259,2,0,0,0
476,23,263,2,0,0,0
476,23,269,2,0,0,0
476,23,317,2,0,0,0
476,23,334,1,1,0,6
476,23,334,1,4,0,0
476,23,335,1,1,0,7
476,23,335,1,7,0,0
476,23,350,1,28,0,0
476,23,351,2,0,0,0
476,23,356,1,1,0,3
476,23,393,1,1,0,2
476,23,397,2,0,0,0
476,23,408,1,25,0,0
476,23,414,1,37,0,0
476,23,416,2,0,0,0
476,23,430,2,0,0,0
476,23,435,1,31,0,0
476,23,444,1,40,0,0
476,23,444,2,0,0,0
476,23,446,2,0,0,0
476,23,469,1,1,0,4
476,23,479,1,10,0,0
476,23,521,2,0,0,0
476,23,523,2,0,0,0
476,23,602,1,1,0,1
476,23,605,2,0,0,0
476,23,776,1,50,0,0
477,23,7,1,1,0,1
477,23,8,1,1,0,2
477,23,9,1,1,0,3
477,23,20,1,1,0,5
477,23,43,1,1,0,7
477,23,50,1,1,0,8
477,23,58,2,0,0,0
477,23,59,2,0,0,0
477,23,63,2,0,0,0
477,23,70,2,0,0,0
477,23,89,2,0,0,0
477,23,94,2,0,0,0
477,23,101,1,16,0,0
477,23,104,2,0,0,0
477,23,109,1,12,0,0
477,23,138,2,0,0,0
477,23,148,2,0,0,0
477,23,156,2,0,0,0
477,23,157,2,0,0,0
477,23,164,2,0,0,0
477,23,168,2,0,0,0
477,23,174,1,36,0,0
477,23,182,2,0,0,0
477,23,194,1,54,0,0
477,23,203,2,0,0,0
477,23,207,2,0,0,0
477,23,212,1,28,0,0
477,23,213,2,0,0,0
477,23,214,2,0,0,0
477,23,240,2,0,0,0
477,23,241,2,0,0,0
477,23,244,2,0,0,0
477,23,247,1,42,0,0
477,23,247,2,0,0,0
477,23,248,1,48,0,0
477,23,249,2,0,0,0
477,23,259,2,0,0,0
477,23,261,1,24,0,0
477,23,261,2,0,0,0
477,23,263,2,0,0,0
477,23,264,2,0,0,0
477,23,269,2,0,0,0
477,23,280,2,0,0,0
477,23,285,2,0,0,0
477,23,310,1,1,0,6
477,23,317,2,0,0,0
477,23,325,1,1,0,0
477,23,347,2,0,0,0
477,23,356,1,1,0,4
477,23,371,1,20,0,0
477,23,371,2,0,0,0
477,23,374,2,0,0,0
477,23,399,2,0,0,0
477,23,411,2,0,0,0
477,23,416,2,0,0,0
477,23,425,1,1,0,9
477,23,433,2,0,0,0
477,23,451,2,0,0,0
477,23,506,1,32,0,0
477,23,523,2,0,0,0
478,23,29,1,1,0,5
478,23,43,1,1,0,9
478,23,44,1,1,0,3
478,23,58,2,0,0,0
478,23,59,1,68,0,0
478,23,59,2,0,0,0
478,23,63,2,0,0,0
478,23,85,2,0,0,0
478,23,86,2,0,0,0
478,23,87,2,0,0,0
478,23,94,2,0,0,0
478,23,104,1,1,0,10
478,23,104,2,0,0,0
478,23,109,1,35,0,0
478,23,113,2,0,0,0
478,23,115,2,0,0,0
478,23,138,2,0,0,0
478,23,148,2,0,0,0
478,23,156,2,0,0,0
478,23,164,2,0,0,0
478,23,181,1,1,0,7
478,23,182,1,1,0,2
478,23,182,2,0,0,0
478,23,194,1,1,0,1
478,23,196,1,25,0,0
478,23,203,2,0,0,0
478,23,207,2,0,0,0
478,23,213,2,0,0,0
478,23,214,2,0,0,0
478,23,219,2,0,0,0
478,23,240,2,0,0,0
478,23,242,1,1,0,6
478,23,244,2,0,0,0
478,23,247,1,61,0,0
478,23,247,2,0,0,0
478,23,258,1,40,0,0
478,23,258,2,0,0,0
478,23,259,2,0,0,0
478,23,261,1,47,0,0
478,23,261,2,0,0,0
478,23,263,2,0,0,0
478,23,269,2,0,0,0
478,23,310,1,1,0,8
478,23,351,2,0,0,0
478,23,352,2,0,0,0
478,23,371,2,0,0,0
478,23,374,2,0,0,0
478,23,416,2,0,0,0
478,23,419,2,0,0,0
478,23,420,1,15,0,0
478,23,423,1,1,0,4
478,23,506,1,0,0,0
478,23,506,1,1,0,0
478,23,524,1,30,0,0
478,23,577,1,20,0,0
478,23,694,1,54,0,0
479,23,84,1,5,0,0
479,23,84,7,0,0,0
479,23,85,2,0,0,0
479,23,86,1,25,0,0
479,23,86,2,0,0,0
479,23,87,2,0,0,0
479,23,104,1,1,0,1
479,23,104,2,0,0,0
479,23,109,1,10,0,0
479,23,113,2,0,0,0
479,23,115,2,0,0,0
479,23,138,2,0,0,0
479,23,148,2,0,0,0
479,23,156,2,0,0,0
479,23,164,1,40,0,0
479,23,164,2,0,0,0
479,23,168,2,0,0,0
479,23,182,2,0,0,0
479,23,203,2,0,0,0
479,23,207,2,0,0,0
479,23,214,2,0,0,0
479,23,240,2,0,0,0
479,23,241,2,0,0,0
479,23,244,2,0,0,0
479,23,247,2,0,0,0
479,23,253,1,55,0,0
479,23,261,2,0,0,0
479,23,263,2,0,0,0
479,23,268,1,15,0,0
479,23,271,1,45,0,0
479,23,310,1,1,0,0
479,23,351,1,30,0,0
479,23,351,2,0,0,0
479,23,399,2,0,0,0
479,23,417,2,0,0,0
479,23,435,1,50,0,0
479,23,451,2,0,0,0
479,23,486,1,20,0,0
479,23,506,1,35,0,0
479,23,521,2,0,0,0
480,23,60,1,21,0,0
480,23,63,2,0,0,0
480,23,76,2,0,0,0
480,23,85,2,0,0,0
480,23,86,2,0,0,0
480,23,87,2,0,0,0
480,23,93,1,1,0,0
480,23,94,1,49,0,0
480,23,94,2,0,0,0
480,23,104,2,0,0,0
480,23,113,2,0,0,0
480,23,115,2,0,0,0
480,23,129,1,7,0,0
480,23,133,1,42,0,0
480,23,138,2,0,0,0
480,23,148,2,0,0,0
480,23,156,1,1,0,1
480,23,156,2,0,0,0
480,23,164,2,0,0,0
480,23,175,1,70,0,0
480,23,182,2,0,0,0
480,23,201,2,0,0,0
480,23,202,2,0,0,0
480,23,203,1,14,0,0
480,23,203,2,0,0,0
480,23,207,2,0,0,0
480,23,214,2,0,0,0
480,23,219,2,0,0,0
480,23,231,2,0,0,0
480,23,240,2,0,0,0
480,23,241,2,0,0,0
480,23,244,2,0,0,0
480,23,247,2,0,0,0
480,23,248,1,63,0,0
480,23,262,1,77,0,0
480,23,263,2,0,0,0
480,23,278,2,0,0,0
480,23,281,1,56,0,0
480,23,285,2,0,0,0
480,23,286,1,28,0,0
480,23,326,1,35,0,0
480,23,347,2,0,0,0
480,23,351,2,0,0,0
480,23,352,2,0,0,0
480,23,369,2,0,0,0
480,23,374,2,0,0,0
480,23,409,2,0,0,0
480,23,412,2,0,0,0
480,23,416,2,0,0,0
480,23,417,2,0,0,0
480,23,433,2,0,0,0
480,23,446,2,0,0,0
480,23,447,2,0,0,0
480,23,451,2,0,0,0
480,23,605,2,0,0,0
481,23,58,2,0,0,0
481,23,59,2,0,0,0
481,23,60,1,21,0,0
481,23,63,2,0,0,0
481,23,85,2,0,0,0
481,23,86,2,0,0,0
481,23,87,2,0,0,0
481,23,93,1,1,0,0
481,23,94,1,49,0,0
481,23,94,2,0,0,0
481,23,104,2,0,0,0
481,23,113,2,0,0,0
481,23,115,2,0,0,0
481,23,129,1,7,0,0
481,23,138,2,0,0,0
481,23,148,2,0,0,0
481,23,156,1,1,0,1
481,23,156,2,0,0,0
481,23,164,2,0,0,0
481,23,182,1,14,0,0
481,23,182,2,0,0,0
481,23,201,2,0,0,0
481,23,203,2,0,0,0
481,23,204,1,42,0,0
481,23,207,2,0,0,0
481,23,214,2,0,0,0
481,23,219,2,0,0,0
481,23,231,2,0,0,0
481,23,240,2,0,0,0
481,23,241,2,0,0,0
481,23,244,2,0,0,0
481,23,247,2,0,0,0
481,23,248,1,63,0,0
481,23,260,1,56,0,0
481,23,263,2,0,0,0
481,23,278,2,0,0,0
481,23,285,2,0,0,0
481,23,286,1,28,0,0
481,23,326,1,35,0,0
481,23,347,2,0,0,0
481,23,351,2,0,0,0
481,23,352,2,0,0,0
481,23,361,1,77,0,0
481,23,369,2,0,0,0
481,23,374,2,0,0,0
481,23,383,1,70,0,0
481,23,409,2,0,0,0
481,23,412,2,0,0,0
481,23,416,2,0,0,0
481,23,417,2,0,0,0
481,23,433,2,0,0,0
481,23,446,2,0,0,0
481,23,447,2,0,0,0
481,23,451,2,0,0,0
481,23,605,2,0,0,0
482,23,53,2,0,0,0
482,23,60,1,21,0,0
482,23,63,2,0,0,0
482,23,85,2,0,0,0
482,23,86,2,0,0,0
482,23,87,2,0,0,0
482,23,93,1,1,0,0
482,23,94,1,49,0,0
482,23,94,2,0,0,0
482,23,104,2,0,0,0
482,23,113,2,0,0,0
482,23,115,2,0,0,0
482,23,126,2,0,0,0
482,23,129,1,7,0,0
482,23,138,2,0,0,0
482,23,148,2,0,0,0
482,23,153,1,77,0,0
482,23,153,2,0,0,0
482,23,156,1,1,0,1
482,23,156,2,0,0,0
482,23,164,2,0,0,0
482,23,182,2,0,0,0
482,23,197,1,14,0,0
482,23,201,2,0,0,0
482,23,203,2,0,0,0
482,23,207,2,0,0,0
482,23,214,2,0,0,0
482,23,219,2,0,0,0
482,23,231,2,0,0,0
482,23,240,2,0,0,0
482,23,241,2,0,0,0
482,23,244,2,0,0,0
482,23,247,2,0,0,0
482,23,248,1,63,0,0
482,23,253,1,56,0,0
482,23,259,2,0,0,0
482,23,263,2,0,0,0
482,23,269,2,0,0,0
482,23,278,2,0,0,0
482,23,285,2,0,0,0
482,23,286,1,28,0,0
482,23,326,1,35,0,0
482,23,347,2,0,0,0
482,23,351,2,0,0,0
482,23,352,2,0,0,0
482,23,369,2,0,0,0
482,23,371,2,0,0,0
482,23,374,2,0,0,0
482,23,387,1,70,0,0
482,23,409,2,0,0,0
482,23,412,2,0,0,0
482,23,416,2,0,0,0
482,23,417,1,42,0,0
482,23,417,2,0,0,0
482,23,433,2,0,0,0
482,23,446,2,0,0,0
482,23,447,2,0,0,0
482,23,451,2,0,0,0
482,23,605,2,0,0,0
483,23,15,2,0,0,0
483,23,46,2,0,0,0
483,23,53,2,0,0,0
483,23,58,2,0,0,0
483,23,59,2,0,0,0
483,23,63,2,0,0,0
483,23,70,2,0,0,0
483,23,85,2,0,0,0
483,23,86,2,0,0,0
483,23,87,2,0,0,0
483,23,89,2,0,0,0
483,23,104,2,0,0,0
483,23,126,2,0,0,0
483,23,148,2,0,0,0
483,23,156,2,0,0,0
483,23,157,2,0,0,0
483,23,163,1,24,0,0
483,23,164,2,0,0,0
483,23,182,2,0,0,0
483,23,184,1,1,0,0
483,23,201,2,0,0,0
483,23,203,2,0,0,0
483,23,207,2,0,0,0
483,23,214,2,0,0,0
483,23,219,2,0,0,0
483,23,225,1,8,0,0
483,23,231,1,88,0,0
483,23,231,2,0,0,0
483,23,232,1,1,0,1
483,23,240,2,0,0,0
483,23,241,2,0,0,0
483,23,244,2,0,0,0
483,23,246,1,16,0,0
483,23,249,2,0,0,0
483,23,263,2,0,0,0
483,23,280,2,0,0,0
483,23,315,2,0,0,0
483,23,317,2,0,0,0
483,23,332,2,0,0,0
483,23,337,1,48,0,0
483,23,337,2,0,0,0
483,23,339,2,0,0,0
483,23,351,2,0,0,0
483,23,368,1,72,0,0
483,23,396,1,56,0,0
483,23,406,2,0,0,0
483,23,408,1,64,0,0
483,23,414,1,80,0,0
483,23,416,2,0,0,0
483,23,421,2,0,0,0
483,23,430,1,32,0,0
483,23,430,2,0,0,0
483,23,433,2,0,0,0
483,23,434,5,0,0,0
483,23,444,2,0,0,0
483,23,446,2,0,0,0
483,23,459,1,40,0,0
483,23,523,2,0,0,0
484,23,15,2,0,0,0
484,23,46,2,0,0,0
484,23,53,2,0,0,0
484,23,56,1,88,0,0
484,23,57,2,0,0,0
484,23,58,2,0,0,0
484,23,59,2,0,0,0
484,23,63,2,0,0,0
484,23,70,2,0,0,0
484,23,85,2,0,0,0
484,23,86,2,0,0,0
484,23,87,2,0,0,0
484,23,89,2,0,0,0
484,23,104,2,0,0,0
484,23,126,2,0,0,0
484,23,156,2,0,0,0
484,23,157,2,0,0,0
484,23,163,1,24,0,0
484,23,164,2,0,0,0
484,23,182,2,0,0,0
484,23,184,1,1,0,0
484,23,201,2,0,0,0
484,23,203,2,0,0,0
484,23,207,2,0,0,0
484,23,214,2,0,0,0
484,23,219,2,0,0,0
484,23,225,1,8,0,0
484,23,240,2,0,0,0
484,23,241,2,0,0,0
484,23,244,2,0,0,0
484,23,246,1,16,0,0
484,23,249,2,0,0,0
484,23,258,2,0,0,0
484,23,263,2,0,0,0
484,23,264,2,0,0,0
484,23,280,2,0,0,0
484,23,317,2,0,0,0
484,23,332,2,0,0,0
484,23,337,1,48,0,0
484,23,337,2,0,0,0
484,23,339,2,0,0,0
484,23,351,2,0,0,0
484,23,352,1,1,0,1
484,23,352,2,0,0,0
484,23,362,2,0,0,0
484,23,374,2,0,0,0
484,23,392,1,32,0,0
484,23,396,1,56,0,0
484,23,401,1,72,0,0
484,23,406,2,0,0,0
484,23,408,1,64,0,0
484,23,411,2,0,0,0
484,23,414,1,80,0,0
484,23,416,2,0,0,0
484,23,419,2,0,0,0
484,23,421,2,0,0,0
484,23,433,2,0,0,0
484,23,434,5,0,0,0
484,23,444,2,0,0,0
484,23,460,1,40,0,0
484,23,523,2,0,0,0
485,23,43,1,1,0,1
485,23,46,2,0,0,0
485,23,53,2,0,0,0
485,23,63,2,0,0,0
485,23,70,2,0,0,0
485,23,76,2,0,0,0
485,23,83,1,1,0,0
485,23,89,2,0,0,0
485,23,91,2,0,0,0
485,23,104,2,0,0,0
485,23,126,2,0,0,0
485,23,153,2,0,0,0
485,23,156,2,0,0,0
485,23,157,2,0,0,0
485,23,164,2,0,0,0
485,23,182,2,0,0,0
485,23,184,1,24,0,0
485,23,203,2,0,0,0
485,23,207,2,0,0,0
485,23,213,2,0,0,0
485,23,214,2,0,0,0
485,23,232,1,6,0,0
485,23,241,2,0,0,0
485,23,242,1,36,0,0
485,23,246,1,12,0,0
485,23,249,2,0,0,0
485,23,257,1,60,0,0
485,23,259,2,0,0,0
485,23,261,2,0,0,0
485,23,263,2,0,0,0
485,23,269,2,0,0,0
485,23,315,2,0,0,0
485,23,317,2,0,0,0
485,23,319,1,48,0,0
485,23,371,2,0,0,0
485,23,399,2,0,0,0
485,23,406,2,0,0,0
485,23,414,1,54,0,0
485,23,416,2,0,0,0
485,23,424,1,18,0,0
485,23,430,2,0,0,0
485,23,431,2,0,0,0
485,23,436,1,42,0,0
485,23,442,1,30,0,0
485,23,444,1,66,0,0
485,23,444,2,0,0,0
485,23,446,2,0,0,0
485,23,463,1,72,0,0
485,23,523,2,0,0,0
486,23,1,1,1,0,0
486,23,5,1,36,0,0
486,23,23,1,18,0,0
486,23,63,2,0,0,0
486,23,70,2,0,0,0
486,23,85,2,0,0,0
486,23,86,2,0,0,0
486,23,87,2,0,0,0
486,23,89,2,0,0,0
486,23,104,2,0,0,0
486,23,109,1,1,0,1
486,23,156,2,0,0,0
486,23,157,2,0,0,0
486,23,164,2,0,0,0
486,23,182,1,24,0,0
486,23,182,2,0,0,0
486,23,203,2,0,0,0
486,23,207,2,0,0,0
486,23,214,2,0,0,0
486,23,219,2,0,0,0
486,23,240,2,0,0,0
486,23,241,2,0,0,0
486,23,244,2,0,0,0
486,23,249,2,0,0,0
486,23,263,2,0,0,0
486,23,264,2,0,0,0
486,23,279,1,12,0,0
486,23,280,2,0,0,0
486,23,282,1,30,0,0
486,23,317,2,0,0,0
486,23,332,2,0,0,0
486,23,351,2,0,0,0
486,23,359,1,66,0,0
486,23,371,1,6,0,0
486,23,371,2,0,0,0
486,23,374,2,0,0,0
486,23,397,2,0,0,0
486,23,409,2,0,0,0
486,23,411,2,0,0,0
486,23,416,1,72,0,0
486,23,416,2,0,0,0
486,23,419,2,0,0,0
486,23,428,1,54,0,0
486,23,431,2,0,0,0
486,23,444,2,0,0,0
486,23,462,1,78,0,0
486,23,469,1,48,0,0
486,23,484,1,60,0,0
486,23,523,2,0,0,0
486,23,776,1,42,0,0
487,23,15,2,0,0,0
487,23,19,2,0,0,0
487,23,46,2,0,0,0
487,23,63,2,0,0,0
487,23,70,2,0,0,0
487,23,85,2,0,0,0
487,23,86,2,0,0,0
487,23,87,2,0,0,0
487,23,89,2,0,0,0
487,23,94,2,0,0,0
487,23,104,2,0,0,0
487,23,138,2,0,0,0
487,23,156,2,0,0,0
487,23,163,1,28,0,0
487,23,164,2,0,0,0
487,23,182,2,0,0,0
487,23,184,1,35,0,0
487,23,194,1,84,0,0
487,23,203,2,0,0,0
487,23,207,2,0,0,0
487,23,211,2,0,0,0
487,23,214,2,0,0,0
487,23,219,2,0,0,0
487,23,220,1,56,0,0
487,23,225,1,7,0,0
487,23,231,2,0,0,0
487,23,240,2,0,0,0
487,23,241,2,0,0,0
487,23,244,2,0,0,0
487,23,246,1,14,0,0
487,23,247,2,0,0,0
487,23,249,2,0,0,0
487,23,261,2,0,0,0
487,23,263,2,0,0,0
487,23,332,2,0,0,0
487,23,337,1,70,0,0
487,23,337,2,0,0,0
487,23,347,2,0,0,0
487,23,351,2,0,0,0
487,23,371,2,0,0,0
487,23,396,1,63,0,0
487,23,399,2,0,0,0
487,23,406,2,0,0,0
487,23,412,2,0,0,0
487,23,414,1,77,0,0
487,23,416,2,0,0,0
487,23,421,1,42,0,0
487,23,421,2,0,0,0
487,23,425,1,1,0,0
487,23,431,2,0,0,0
487,23,432,1,1,0,1
487,23,432,2,0,0,0
487,23,434,5,0,0,0
487,23,444,2,0,0,0
487,23,451,2,0,0,0
487,23,467,1,49,0,0
487,23,506,1,21,0,0
487,23,523,2,0,0,0
488,23,54,1,6,0,0
488,23,58,2,0,0,0
488,23,60,1,18,0,0
488,23,62,1,12,0,0
488,23,63,2,0,0,0
488,23,76,2,0,0,0
488,23,86,2,0,0,0
488,23,93,1,1,0,0
488,23,94,1,54,0,0
488,23,94,2,0,0,0
488,23,104,1,1,0,1
488,23,104,2,0,0,0
488,23,113,2,0,0,0
488,23,115,2,0,0,0
488,23,138,2,0,0,0
488,23,148,2,0,0,0
488,23,156,2,0,0,0
488,23,163,1,30,0,0
488,23,164,2,0,0,0
488,23,182,2,0,0,0
488,23,203,2,0,0,0
488,23,207,2,0,0,0
488,23,213,2,0,0,0
488,23,214,2,0,0,0
488,23,219,1,48,0,0
488,23,219,2,0,0,0
488,23,236,1,42,0,0
488,23,240,2,0,0,0
488,23,241,2,0,0,0
488,23,244,2,0,0,0
488,23,247,2,0,0,0
488,23,248,1,66,0,0
488,23,263,2,0,0,0
488,23,278,2,0,0,0
488,23,285,2,0,0,0
488,23,347,2,0,0,0
488,23,375,1,24,0,0
488,23,412,2,0,0,0
488,23,416,2,0,0,0
488,23,427,1,36,0,0
488,23,433,2,0,0,0
488,23,447,2,0,0,0
488,23,451,2,0,0,0
488,23,461,1,72,0,0
488,23,585,1,60,0,0
489,23,48,1,16,0,0
489,23,55,1,1,0,0
489,23,57,2,0,0,0
489,23,58,2,0,0,0
489,23,59,2,0,0,0
489,23,61,1,24,0,0
489,23,104,2,0,0,0
489,23,127,2,0,0,0
489,23,151,1,31,0,0
489,23,156,2,0,0,0
489,23,164,2,0,0,0
489,23,182,2,0,0,0
489,23,203,2,0,0,0
489,23,204,1,9,0,0
489,23,207,2,0,0,0
489,23,214,2,0,0,0
489,23,219,2,0,0,0
489,23,240,1,69,0,0
489,23,240,2,0,0,0
489,23,244,2,0,0,0
489,23,250,1,39,0,0
489,23,258,2,0,0,0
489,23,263,2,0,0,0
489,23,291,1,61,0,0
489,23,352,1,46,0,0
489,23,352,2,0,0,0
489,23,362,2,0,0,0
489,23,369,2,0,0,0
489,23,374,2,0,0,0
489,23,392,1,54,0,0
489,23,447,2,0,0,0
489,23,503,2,0,0,0
489,23,605,2,0,0,0
490,23,48,1,16,0,0
490,23,55,1,1,0,1
490,23,57,2,0,0,0
490,23,58,2,0,0,0
490,23,59,2,0,0,0
490,23,61,1,24,0,0
490,23,63,2,0,0,0
490,23,94,2,0,0,0
490,23,104,2,0,0,0
490,23,113,2,0,0,0
490,23,115,2,0,0,0
490,23,127,2,0,0,0
490,23,148,2,0,0,0
490,23,151,1,31,0,0
490,23,156,2,0,0,0
490,23,164,2,0,0,0
490,23,182,2,0,0,0
490,23,203,2,0,0,0
490,23,204,1,9,0,0
490,23,207,2,0,0,0
490,23,214,2,0,0,0
490,23,219,2,0,0,0
490,23,240,1,69,0,0
490,23,240,2,0,0,0
490,23,244,2,0,0,0
490,23,247,2,0,0,0
490,23,250,1,39,0,0
490,23,258,2,0,0,0
490,23,263,2,0,0,0
490,23,285,2,0,0,0
490,23,291,1,61,0,0
490,23,294,1,1,0,0
490,23,347,2,0,0,0
490,23,352,1,46,0,0
490,23,352,2,0,0,0
490,23,362,2,0,0,0
490,23,369,2,0,0,0
490,23,374,2,0,0,0
490,23,391,1,76,0,0
490,23,392,1,54,0,0
490,23,412,2,0,0,0
490,23,416,2,0,0,0
490,23,447,2,0,0,0
490,23,503,2,0,0,0
490,23,605,2,0,0,0
491,23,14,2,0,0,0
491,23,15,2,0,0,0
491,23,50,1,1,0,1
491,23,58,2,0,0,0
491,23,59,2,0,0,0
491,23,63,2,0,0,0
491,23,70,2,0,0,0
491,23,85,2,0,0,0
491,23,86,2,0,0,0
491,23,87,2,0,0,0
491,23,94,2,0,0,0
491,23,95,1,20,0,0
491,23,98,1,11,0,0
491,23,104,1,47,0,0
491,23,104,2,0,0,0
491,23,109,1,1,0,0
491,23,114,1,57,0,0
491,23,138,1,84,0,0
491,23,138,2,0,0,0
491,23,148,2,0,0,0
491,23,156,2,0,0,0
491,23,157,2,0,0,0
491,23,164,2,0,0,0
491,23,168,2,0,0,0
491,23,182,2,0,0,0
491,23,188,2,0,0,0
491,23,203,2,0,0,0
491,23,207,2,0,0,0
491,23,214,2,0,0,0
491,23,240,2,0,0,0
491,23,241,2,0,0,0
491,23,244,2,0,0,0
491,23,247,2,0,0,0
491,23,249,2,0,0,0
491,23,259,2,0,0,0
491,23,261,2,0,0,0
491,23,263,2,0,0,0
491,23,264,2,0,0,0
491,23,269,2,0,0,0
491,23,280,2,0,0,0
491,23,317,2,0,0,0
491,23,332,2,0,0,0
491,23,347,2,0,0,0
491,23,351,2,0,0,0
491,23,371,2,0,0,0
491,23,374,2,0,0,0
491,23,389,1,29,0,0
491,23,398,2,0,0,0
491,23,399,1,93,0,0
491,23,399,2,0,0,0
491,23,404,2,0,0,0
491,23,409,2,0,0,0
491,23,411,2,0,0,0
491,23,416,2,0,0,0
491,23,417,1,75,0,0
491,23,417,2,0,0,0
491,23,421,2,0,0,0
491,23,431,2,0,0,0
491,23,451,2,0,0,0
491,23,464,1,66,0,0
491,23,492,1,38,0,0
491,23,555,2,0,0,0
492,23,14,2,0,0,0
492,23,63,2,0,0,0
492,23,73,1,19,0,0
492,23,74,1,1,0,0
492,23,76,2,0,0,0
492,23,94,2,0,0,0
492,23,104,2,0,0,0
492,23,148,2,0,0,0
492,23,156,2,0,0,0
492,23,164,2,0,0,0
492,23,182,2,0,0,0
492,23,186,1,82,0,0
492,23,202,2,0,0,0
492,23,203,2,0,0,0
492,23,207,2,0,0,0
492,23,214,2,0,0,0
492,23,219,2,0,0,0
492,23,230,1,37,0,0
492,23,235,1,28,0,0
492,23,241,2,0,0,0
492,23,244,2,0,0,0
492,23,263,2,0,0,0
492,23,312,1,64,0,0
492,23,331,2,0,0,0
492,23,345,1,10,0,0
492,23,361,1,46,0,0
492,23,361,1,91,0,0
492,23,388,1,55,0,0
492,23,412,1,73,0,0
492,23,412,2,0,0,0
492,23,416,2,0,0,0
492,23,447,2,0,0,0
492,23,465,1,100,0,0
492,23,605,2,0,0,0
493,23,14,2,0,0,0
493,23,15,2,0,0,0
493,23,19,2,0,0,0
493,23,46,2,0,0,0
493,23,53,2,0,0,0
493,23,57,2,0,0,0
493,23,58,2,0,0,0
493,23,59,2,0,0,0
493,23,63,1,80,0,0
493,23,63,2,0,0,0
493,23,69,1,1,0,0
493,23,70,2,0,0,0
493,23,76,2,0,0,0
493,23,85,2,0,0,0
493,23,86,2,0,0,0
493,23,87,2,0,0,0
493,23,89,2,0,0,0
493,23,94,2,0,0,0
493,23,104,2,0,0,0
493,23,105,1,70,0,0
493,23,113,2,0,0,0
493,23,115,2,0,0,0
493,23,126,2,0,0,0
493,23,127,2,0,0,0
493,23,138,2,0,0,0
493,23,148,2,0,0,0
493,23,156,2,0,0,0
493,23,157,2,0,0,0
493,23,164,2,0,0,0
493,23,182,2,0,0,0
493,23,188,2,0,0,0
493,23,195,1,90,0,0
493,23,201,2,0,0,0
493,23,202,2,0,0,0
493,23,203,2,0,0,0
493,23,207,2,0,0,0
493,23,214,2,0,0,0
493,23,219,2,0,0,0
493,23,231,2,0,0,0
493,23,240,2,0,0,0
493,23,241,2,0,0,0
493,23,244,2,0,0,0
493,23,245,1,40,0,0
493,23,247,2,0,0,0
493,23,248,1,60,0,0
493,23,249,2,0,0,0
493,23,258,2,0,0,0
493,23,261,2,0,0,0
493,23,263,2,0,0,0
493,23,278,2,0,0,0
493,23,280,2,0,0,0
493,23,304,1,30,0,0
493,23,315,2,0,0,0
493,23,317,2,0,0,0
493,23,322,1,1,0,1
493,23,331,2,0,0,0
493,23,332,2,0,0,0
493,23,337,2,0,0,0
493,23,347,2,0,0,0
493,23,351,2,0,0,0
493,23,352,2,0,0,0
493,23,356,1,10,0,0
493,23,361,1,50,0,0
493,23,362,2,0,0,0
493,23,371,2,0,0,0
493,23,398,2,0,0,0
493,23,399,2,0,0,0
493,23,404,2,0,0,0
493,23,406,2,0,0,0
493,23,411,2,0,0,0
493,23,412,2,0,0,0
493,23,414,1,20,0,0
493,23,416,2,0,0,0
493,23,419,2,0,0,0
493,23,421,2,0,0,0
493,23,430,2,0,0,0
493,23,431,2,0,0,0
493,23,432,2,0,0,0
493,23,433,2,0,0,0
493,23,434,5,0,0,0
493,23,444,2,0,0,0
493,23,446,2,0,0,0
493,23,447,2,0,0,0
493,23,449,1,100,0,0
493,23,451,2,0,0,0
493,23,523,2,0,0,0
493,23,526,2,0,0,0
493,23,555,2,0,0,0
10001,23,29,1,15,0,0
10001,23,33,1,1,0,0
10001,23,50,3,0,0,0
10001,23,52,1,10,0,1
10001,23,53,2,0,0,0
10001,23,55,1,10,0,0
10001,23,56,1,35,0,0
10001,23,58,2,0,0,0
10001,23,59,1,35,0,2
10001,23,59,2,0,0,0
10001,23,76,2,0,0,0
10001,23,85,2,0,0,0
10001,23,86,2,0,0,0
10001,23,87,2,0,0,0
10001,23,104,2,0,0,0
10001,23,126,1,35,0,1
10001,23,126,2,0,0,0
10001,23,133,3,0,0,0
10001,23,148,2,0,0,0
10001,23,156,2,0,0,0
10001,23,164,2,0,0,0
10001,23,168,2,0,0,0
10001,23,181,1,10,0,2
10001,23,182,2,0,0,0
10001,23,201,2,0,0,0
10001,23,203,2,0,0,0
10001,23,207,2,0,0,0
10001,23,213,2,0,0,0
10001,23,214,2,0,0,0
10001,23,240,1,20,0,0
10001,23,240,2,0,0,0
10001,23,241,1,20,0,1
10001,23,241,2,0,0,0
10001,23,244,2,0,0,0
10001,23,247,2,0,0,0
10001,23,248,3,0,0,0
10001,23,258,1,20,0,2
10001,23,258,2,0,0,0
10001,23,263,2,0,0,0
10001,23,311,1,25,0,0
10001,23,322,3,0,0,0
10001,23,351,2,0,0,0
10001,23,352,2,0,0,0
10001,23,385,3,0,0,0
10001,23,412,2,0,0,0
10001,23,419,2,0,0,0
10001,23,499,3,0,0,0
10001,23,503,2,0,0,0
10001,23,506,3,0,0,0
10001,23,513,3,0,0,0
10001,23,526,2,0,0,0
10001,23,542,1,45,0,0
10002,23,29,1,15,0,0
10002,23,33,1,1,0,0
10002,23,50,3,0,0,0
10002,23,52,1,10,0,1
10002,23,53,2,0,0,0
10002,23,55,1,10,0,0
10002,23,56,1,35,0,0
10002,23,58,2,0,0,0
10002,23,59,1,35,0,2
10002,23,59,2,0,0,0
10002,23,76,2,0,0,0
10002,23,85,2,0,0,0
10002,23,86,2,0,0,0
10002,23,87,2,0,0,0
10002,23,104,2,0,0,0
10002,23,126,1,35,0,1
10002,23,126,2,0,0,0
10002,23,133,3,0,0,0
10002,23,148,2,0,0,0
10002,23,156,2,0,0,0
10002,23,164,2,0,0,0
10002,23,168,2,0,0,0
10002,23,181,1,10,0,2
10002,23,182,2,0,0,0
10002,23,201,2,0,0,0
10002,23,203,2,0,0,0
10002,23,207,2,0,0,0
10002,23,213,2,0,0,0
10002,23,214,2,0,0,0
10002,23,240,1,20,0,0
10002,23,240,2,0,0,0
10002,23,241,1,20,0,1
10002,23,241,2,0,0,0
10002,23,244,2,0,0,0
10002,23,247,2,0,0,0
10002,23,248,3,0,0,0
10002,23,258,1,20,0,2
10002,23,258,2,0,0,0
10002,23,263,2,0,0,0
10002,23,311,1,25,0,0
10002,23,322,3,0,0,0
10002,23,351,2,0,0,0
10002,23,352,2,0,0,0
10002,23,385,3,0,0,0
10002,23,412,2,0,0,0
10002,23,419,2,0,0,0
10002,23,499,3,0,0,0
10002,23,503,2,0,0,0
10002,23,506,3,0,0,0
10002,23,513,3,0,0,0
10002,23,526,2,0,0,0
10002,23,542,1,45,0,0
10003,23,29,1,15,0,0
10003,23,33,1,1,0,0
10003,23,50,3,0,0,0
10003,23,52,1,10,0,1
10003,23,53,2,0,0,0
10003,23,55,1,10,0,0
10003,23,56,1,35,0,0
10003,23,58,2,0,0,0
10003,23,59,1,35,0,2
10003,23,59,2,0,0,0
10003,23,76,2,0,0,0
10003,23,85,2,0,0,0
10003,23,86,2,0,0,0
10003,23,87,2,0,0,0
10003,23,104,2,0,0,0
10003,23,126,1,35,0,1
10003,23,126,2,0,0,0
10003,23,133,3,0,0,0
10003,23,148,2,0,0,0
10003,23,156,2,0,0,0
10003,23,164,2,0,0,0
10003,23,168,2,0,0,0
10003,23,181,1,10,0,2
10003,23,182,2,0,0,0
10003,23,201,2,0,0,0
10003,23,203,2,0,0,0
10003,23,207,2,0,0,0
10003,23,213,2,0,0,0
10003,23,214,2,0,0,0
10003,23,240,1,20,0,0
10003,23,240,2,0,0,0
10003,23,241,1,20,0,1
10003,23,241,2,0,0,0
10003,23,244,2,0,0,0
10003,23,247,2,0,0,0
10003,23,248,3,0,0,0
10003,23,258,1,20,0,2
10003,23,258,2,0,0,0
10003,23,263,2,0,0,0
10003,23,311,1,25,0,0
10003,23,322,3,0,0,0
10003,23,351,2,0,0,0
10003,23,352,2,0,0,0
10003,23,385,3,0,0,0
10003,23,412,2,0,0,0
10003,23,419,2,0,0,0
10003,23,499,3,0,0,0
10003,23,503,2,0,0,0
10003,23,506,3,0,0,0
10003,23,513,3,0,0,0
10003,23,526,2,0,0,0
10003,23,542,1,45,0,0
10004,23,15,2,0,0,0
10004,23,35,1,1,0,1
10004,23,43,1,1,0,0
10004,23,58,2,0,0,0
10004,23,63,1,73,0,0
10004,23,63,2,0,0,0
10004,23,70,2,0,0,0
10004,23,76,2,0,0,0
10004,23,85,2,0,0,0
10004,23,86,2,0,0,0
10004,23,87,2,0,0,0
10004,23,94,1,31,0,0
10004,23,94,2,0,0,0
10004,23,100,1,13,0,0
10004,23,101,1,7,0,0
10004,23,104,2,0,0,0
10004,23,113,2,0,0,0
10004,23,115,2,0,0,0
10004,23,138,2,0,0,0
10004,23,148,2,0,0,0
10004,23,156,2,0,0,0
10004,23,157,2,0,0,0
10004,23,164,2,0,0,0
10004,23,182,2,0,0,0
10004,23,192,1,61,0,0
10004,23,203,2,0,0,0
10004,23,207,2,0,0,0
10004,23,214,2,0,0,0
10004,23,219,2,0,0,0
10004,23,240,2,0,0,0
10004,23,241,2,0,0,0
10004,23,244,2,0,0,0
10004,23,247,2,0,0,0
10004,23,249,2,0,0,0
10004,23,259,2,0,0,0
10004,23,263,2,0,0,0
10004,23,264,2,0,0,0
10004,23,269,1,19,0,0
10004,23,269,2,0,0,0
10004,23,276,1,37,0,0
10004,23,278,2,0,0,0
10004,23,280,2,0,0,0
10004,23,285,2,0,0,0
10004,23,317,2,0,0,0
10004,23,322,1,55,0,0
10004,23,332,2,0,0,0
10004,23,347,2,0,0,0
10004,23,351,2,0,0,0
10004,23,352,2,0,0,0
10004,23,354,1,67,0,0
10004,23,374,2,0,0,0
10004,23,375,1,43,0,0
10004,23,390,1,25,0,0
10004,23,398,2,0,0,0
10004,23,399,2,0,0,0
10004,23,409,2,0,0,0
10004,23,411,2,0,0,0
10004,23,412,2,0,0,0
10004,23,416,2,0,0,0
10004,23,417,2,0,0,0
10004,23,419,2,0,0,0
10004,23,428,1,49,0,0
10004,23,430,2,0,0,0
10004,23,433,2,0,0,0
10004,23,446,2,0,0,0
10004,23,447,2,0,0,0
10004,23,451,2,0,0,0
10004,23,490,2,0,0,0
10005,23,15,2,0,0,0
10005,23,35,1,1,0,1
10005,23,43,1,1,0,0
10005,23,58,2,0,0,0
10005,23,63,2,0,0,0
10005,23,68,1,73,0,0
10005,23,70,2,0,0,0
10005,23,76,2,0,0,0
10005,23,85,2,0,0,0
10005,23,86,2,0,0,0
10005,23,87,2,0,0,0
10005,23,94,1,31,0,0
10005,23,94,2,0,0,0
10005,23,100,1,13,0,0
10005,23,101,1,7,0,0
10005,23,104,2,0,0,0
10005,23,105,1,61,0,0
10005,23,113,2,0,0,0
10005,23,115,2,0,0,0
10005,23,133,1,55,0,1
10005,23,138,2,0,0,0
10005,23,148,2,0,0,0
10005,23,156,2,0,0,0
10005,23,157,2,0,0,0
10005,23,164,2,0,0,0
10005,23,182,2,0,0,0
10005,23,191,1,25,0,0
10005,23,203,2,0,0,0
10005,23,207,2,0,0,0
10005,23,214,2,0,0,0
10005,23,219,2,0,0,0
10005,23,240,2,0,0,0
10005,23,241,2,0,0,0
10005,23,243,1,73,0,1
10005,23,244,2,0,0,0
10005,23,247,2,0,0,0
10005,23,249,2,0,0,0
10005,23,259,2,0,0,0
10005,23,263,2,0,0,0
10005,23,264,2,0,0,0
10005,23,269,2,0,0,0
10005,23,278,2,0,0,0
10005,23,280,2,0,0,0
10005,23,282,1,19,0,0
10005,23,285,2,0,0,0
10005,23,317,2,0,0,0
10005,23,332,2,0,0,0
10005,23,334,1,55,0,0
10005,23,347,2,0,0,0
10005,23,351,2,0,0,0
10005,23,352,2,0,0,0
10005,23,354,1,67,0,0
10005,23,374,2,0,0,0
10005,23,375,1,43,0,0
10005,23,398,2,0,0,0
10005,23,399,2,0,0,0
10005,23,409,2,0,0,0
10005,23,411,2,0,0,0
10005,23,412,2,0,0,0
10005,23,415,1,37,0,0
10005,23,416,2,0,0,0
10005,23,417,2,0,0,0
10005,23,419,2,0,0,0
10005,23,428,1,49,0,0
10005,23,430,2,0,0,0
10005,23,433,2,0,0,0
10005,23,446,2,0,0,0
10005,23,447,2,0,0,0
10005,23,451,2,0,0,0
10005,23,490,2,0,0,0
10006,23,15,2,0,0,0
10006,23,35,1,1,0,1
10006,23,43,1,1,0,0
10006,23,58,2,0,0,0
10006,23,63,2,0,0,0
10006,23,70,2,0,0,0
10006,23,76,2,0,0,0
10006,23,85,2,0,0,0
10006,23,86,2,0,0,0
10006,23,87,2,0,0,0
10006,23,94,1,31,0,0
10006,23,94,2,0,0,0
10006,23,97,1,55,0,0
10006,23,101,1,7,0,0
10006,23,104,1,13,0,0
10006,23,104,2,0,0,0
10006,23,105,1,61,0,0
10006,23,113,2,0,0,0
10006,23,115,2,0,0,0
10006,23,129,1,37,0,0
10006,23,138,2,0,0,0
10006,23,148,2,0,0,0
10006,23,156,2,0,0,0
10006,23,157,2,0,0,0
10006,23,164,2,0,0,0
10006,23,182,2,0,0,0
10006,23,203,2,0,0,0
10006,23,207,2,0,0,0
10006,23,214,2,0,0,0
10006,23,219,2,0,0,0
10006,23,240,2,0,0,0
10006,23,241,2,0,0,0
10006,23,244,2,0,0,0
10006,23,245,1,73,0,0
10006,23,247,2,0,0,0
10006,23,249,2,0,0,0
10006,23,259,2,0,0,0
10006,23,263,2,0,0,0
10006,23,264,2,0,0,0
10006,23,269,2,0,0,0
10006,23,278,2,0,0,0
10006,23,280,2,0,0,0
10006,23,282,1,19,0,0
10006,23,285,2,0,0,0
10006,23,317,2,0,0,0
10006,23,332,2,0,0,0
10006,23,347,2,0,0,0
10006,23,351,2,0,0,0
10006,23,352,2,0,0,0
10006,23,354,1,67,0,0
10006,23,374,2,0,0,0
10006,23,375,1,43,0,0
10006,23,390,1,25,0,0
10006,23,398,2,0,0,0
10006,23,399,2,0,0,0
10006,23,409,2,0,0,0
10006,23,411,2,0,0,0
10006,23,412,2,0,0,0
10006,23,416,2,0,0,0
10006,23,417,2,0,0,0
10006,23,419,2,0,0,0
10006,23,428,1,49,0,0
10006,23,430,2,0,0,0
10006,23,433,2,0,0,0
10006,23,446,2,0,0,0
10006,23,447,2,0,0,0
10006,23,451,2,0,0,0
10006,23,490,2,0,0,0
10007,23,33,1,1,0,2
10007,23,60,1,32,0,0
10007,23,63,2,0,0,0
10007,23,76,2,0,0,0
10007,23,81,1,20,0,0
10007,23,89,2,0,0,0
10007,23,90,1,47,0,0
10007,23,91,2,0,0,0
10007,23,93,1,23,0,0
10007,23,94,1,44,0,0
10007,23,94,2,0,0,0
10007,23,104,2,0,0,0
10007,23,106,1,29,0,0
10007,23,138,2,0,0,0
10007,23,148,2,0,0,0
10007,23,156,2,0,0,0
10007,23,164,2,0,0,0
10007,23,168,2,0,0,0
10007,23,175,1,38,0,0
10007,23,182,1,1,0,3
10007,23,182,1,10,0,0
10007,23,182,2,0,0,0
10007,23,201,2,0,0,0
10007,23,202,2,0,0,0
10007,23,203,2,0,0,0
10007,23,207,2,0,0,0
10007,23,213,1,41,0,0
10007,23,213,2,0,0,0
10007,23,214,2,0,0,0
10007,23,219,2,0,0,0
10007,23,240,2,0,0,0
10007,23,241,2,0,0,0
10007,23,244,2,0,0,0
10007,23,247,2,0,0,0
10007,23,263,2,0,0,0
10007,23,285,2,0,0,0
10007,23,317,2,0,0,0
10007,23,350,1,26,0,0
10007,23,389,1,1,0,1
10007,23,405,1,50,0,0
10007,23,405,2,0,0,0
10007,23,416,2,0,0,0
10007,23,446,2,0,0,0
10007,23,450,1,1,0,4
10007,23,450,1,15,0,0
10007,23,483,1,0,0,0
10007,23,483,1,1,0,0
10007,23,523,2,0,0,0
10007,23,611,1,35,0,0
10008,23,33,1,1,0,3
10008,23,60,1,32,0,0
10008,23,63,2,0,0,0
10008,23,76,2,0,0,0
10008,23,81,1,20,0,0
10008,23,91,2,0,0,0
10008,23,93,1,23,0,0
10008,23,94,1,44,0,0
10008,23,94,2,0,0,0
10008,23,104,2,0,0,0
10008,23,138,2,0,0,0
10008,23,148,2,0,0,0
10008,23,156,2,0,0,0
10008,23,164,2,0,0,0
10008,23,168,2,0,0,0
10008,23,175,1,38,0,0
10008,23,182,1,1,0,4
10008,23,182,1,10,0,0
10008,23,182,2,0,0,0
10008,23,202,2,0,0,0
10008,23,203,2,0,0,0
10008,23,207,2,0,0,0
10008,23,213,1,41,0,0
10008,23,213,2,0,0,0
10008,23,214,2,0,0,0
10008,23,219,2,0,0,0
10008,23,240,2,0,0,0
10008,23,241,2,0,0,0
10008,23,244,2,0,0,0
10008,23,247,2,0,0,0
10008,23,263,2,0,0,0
10008,23,285,2,0,0,0
10008,23,319,1,29,0,0
10008,23,360,2,0,0,0
10008,23,368,1,1,0,1
10008,23,368,1,26,0,0
10008,23,389,1,1,0,2
10008,23,405,1,50,0,0
10008,23,405,2,0,0,0
10008,23,416,2,0,0,0
10008,23,430,2,0,0,0
10008,23,442,1,47,0,0
10008,23,446,2,0,0,0
10008,23,450,1,1,0,5
10008,23,450,1,15,0,0
10008,23,483,1,0,0,0
10008,23,483,1,1,0,0
10008,23,611,1,35,0,0
10009,23,14,2,0,0,0
10009,23,15,2,0,0,0
10009,23,19,2,0,0,0
10009,23,46,2,0,0,0
10009,23,53,2,0,0,0
10009,23,57,2,0,0,0
10009,23,58,2,0,0,0
10009,23,59,2,0,0,0
10009,23,63,1,80,0,0
10009,23,63,2,0,0,0
10009,23,69,1,1,0,0
10009,23,70,2,0,0,0
10009,23,76,2,0,0,0
10009,23,85,2,0,0,0
10009,23,86,2,0,0,0
10009,23,87,2,0,0,0
10009,23,89,2,0,0,0
10009,23,94,2,0,0,0
10009,23,104,2,0,0,0
10009,23,105,1,70,0,0
10009,23,113,2,0,0,0
10009,23,115,2,0,0,0
10009,23,126,2,0,0,0
10009,23,127,2,0,0,0
10009,23,138,2,0,0,0
10009,23,148,2,0,0,0
10009,23,156,2,0,0,0
10009,23,157,2,0,0,0
10009,23,164,2,0,0,0
10009,23,182,2,0,0,0
10009,23,188,2,0,0,0
10009,23,195,1,90,0,0
10009,23,201,2,0,0,0
10009,23,202,2,0,0,0
10009,23,203,2,0,0,0
10009,23,207,2,0,0,0
10009,23,214,2,0,0,0
10009,23,219,2,0,0,0
10009,23,231,2,0,0,0
10009,23,240,2,0,0,0
10009,23,241,2,0,0,0
10009,23,244,2,0,0,0
10009,23,245,1,40,0,0
10009,23,247,2,0,0,0
10009,23,248,1,60,0,0
10009,23,249,2,0,0,0
10009,23,258,2,0,0,0
10009,23,261,2,0,0,0
10009,23,263,2,0,0,0
10009,23,278,2,0,0,0
10009,23,280,2,0,0,0
10009,23,304,1,30,0,0
10009,23,315,2,0,0,0
10009,23,317,2,0,0,0
10009,23,322,1,1,0,1
10009,23,331,2,0,0,0
10009,23,332,2,0,0,0
10009,23,337,2,0,0,0
10009,23,347,2,0,0,0
10009,23,351,2,0,0,0
10009,23,352,2,0,0,0
10009,23,356,1,10,0,0
10009,23,361,1,50,0,0
10009,23,362,2,0,0,0
10009,23,371,2,0,0,0
10009,23,398,2,0,0,0
10009,23,399,2,0,0,0
10009,23,404,2,0,0,0
10009,23,406,2,0,0,0
10009,23,411,2,0,0,0
10009,23,412,2,0,0,0
10009,23,414,1,20,0,0
10009,23,416,2,0,0,0
10009,23,419,2,0,0,0
10009,23,421,2,0,0,0
10009,23,430,2,0,0,0
10009,23,431,2,0,0,0
10009,23,432,2,0,0,0
10009,23,433,2,0,0,0
10009,23,434,5,0,0,0
10009,23,444,2,0,0,0
10009,23,446,2,0,0,0
10009,23,447,2,0,0,0
10009,23,449,1,100,0,0
10009,23,451,2,0,0,0
10009,23,523,2,0,0,0
10009,23,526,2,0,0,0
10009,23,555,2,0,0,0
10010,23,14,2,0,0,0
10010,23,15,2,0,0,0
10010,23,19,2,0,0,0
10010,23,46,2,0,0,0
10010,23,53,2,0,0,0
10010,23,57,2,0,0,0
10010,23,58,2,0,0,0
10010,23,59,2,0,0,0
10010,23,63,1,80,0,0
10010,23,63,2,0,0,0
10010,23,69,1,1,0,0
10010,23,70,2,0,0,0
10010,23,76,2,0,0,0
10010,23,85,2,0,0,0
10010,23,86,2,0,0,0
10010,23,87,2,0,0,0
10010,23,89,2,0,0,0
10010,23,94,2,0,0,0
10010,23,104,2,0,0,0
10010,23,105,1,70,0,0
10010,23,113,2,0,0,0
10010,23,115,2,0,0,0
10010,23,126,2,0,0,0
10010,23,127,2,0,0,0
10010,23,138,2,0,0,0
10010,23,148,2,0,0,0
10010,23,156,2,0,0,0
10010,23,157,2,0,0,0
10010,23,164,2,0,0,0
10010,23,182,2,0,0,0
10010,23,188,2,0,0,0
10010,23,195,1,90,0,0
10010,23,201,2,0,0,0
10010,23,202,2,0,0,0
10010,23,203,2,0,0,0
10010,23,207,2,0,0,0
10010,23,214,2,0,0,0
10010,23,219,2,0,0,0
10010,23,231,2,0,0,0
10010,23,240,2,0,0,0
10010,23,241,2,0,0,0
10010,23,244,2,0,0,0
10010,23,245,1,40,0,0
10010,23,247,2,0,0,0
10010,23,248,1,60,0,0
10010,23,249,2,0,0,0
10010,23,258,2,0,0,0
10010,23,261,2,0,0,0
10010,23,263,2,0,0,0
10010,23,278,2,0,0,0
10010,23,280,2,0,0,0
10010,23,304,1,30,0,0
10010,23,315,2,0,0,0
10010,23,317,2,0,0,0
10010,23,322,1,1,0,1
10010,23,331,2,0,0,0
10010,23,332,2,0,0,0
10010,23,337,2,0,0,0
10010,23,347,2,0,0,0
10010,23,351,2,0,0,0
10010,23,352,2,0,0,0
10010,23,356,1,10,0,0
10010,23,361,1,50,0,0
10010,23,362,2,0,0,0
10010,23,371,2,0,0,0
10010,23,398,2,0,0,0
10010,23,399,2,0,0,0
10010,23,404,2,0,0,0
10010,23,406,2,0,0,0
10010,23,411,2,0,0,0
10010,23,412,2,0,0,0
10010,23,414,1,20,0,0
10010,23,416,2,0,0,0
10010,23,419,2,0,0,0
10010,23,421,2,0,0,0
10010,23,430,2,0,0,0
10010,23,431,2,0,0,0
10010,23,432,2,0,0,0
10010,23,433,2,0,0,0
10010,23,434,5,0,0,0
10010,23,444,2,0,0,0
10010,23,446,2,0,0,0
10010,23,447,2,0,0,0
10010,23,449,1,100,0,0
10010,23,451,2,0,0,0
10010,23,523,2,0,0,0
10010,23,526,2,0,0,0
10010,23,555,2,0,0,0
10011,23,14,2,0,0,0
10011,23,15,2,0,0,0
10011,23,19,2,0,0,0
10011,23,46,2,0,0,0
10011,23,53,2,0,0,0
10011,23,57,2,0,0,0
10011,23,58,2,0,0,0
10011,23,59,2,0,0,0
10011,23,63,1,80,0,0
10011,23,63,2,0,0,0
10011,23,69,1,1,0,0
10011,23,70,2,0,0,0
10011,23,76,2,0,0,0
10011,23,85,2,0,0,0
10011,23,86,2,0,0,0
10011,23,87,2,0,0,0
10011,23,89,2,0,0,0
10011,23,94,2,0,0,0
10011,23,104,2,0,0,0
10011,23,105,1,70,0,0
10011,23,113,2,0,0,0
10011,23,115,2,0,0,0
10011,23,126,2,0,0,0
10011,23,127,2,0,0,0
10011,23,138,2,0,0,0
10011,23,156,2,0,0,0
10011,23,157,2,0,0,0
10011,23,164,2,0,0,0
10011,23,182,2,0,0,0
10011,23,188,2,0,0,0
10011,23,195,1,90,0,0
10011,23,201,2,0,0,0
10011,23,202,2,0,0,0
10011,23,203,2,0,0,0
10011,23,207,2,0,0,0
10011,23,214,2,0,0,0
10011,23,219,2,0,0,0
10011,23,231,2,0,0,0
10011,23,240,2,0,0,0
10011,23,241,2,0,0,0
10011,23,244,2,0,0,0
10011,23,245,1,40,0,0
10011,23,247,2,0,0,0
10011,23,248,1,60,0,0
10011,23,249,2,0,0,0
10011,23,258,2,0,0,0
10011,23,261,2,0,0,0
10011,23,263,2,0,0,0
10011,23,278,2,0,0,0
10011,23,280,2,0,0,0
10011,23,304,1,30,0,0
10011,23,315,2,0,0,0
10011,23,317,2,0,0,0
10011,23,322,1,1,0,1
10011,23,331,2,0,0,0
10011,23,332,2,0,0,0
10011,23,337,2,0,0,0
10011,23,347,2,0,0,0
10011,23,351,2,0,0,0
10011,23,352,2,0,0,0
10011,23,356,1,10,0,0
10011,23,361,1,50,0,0
10011,23,362,2,0,0,0
10011,23,371,2,0,0,0
10011,23,398,2,0,0,0
10011,23,399,2,0,0,0
10011,23,404,2,0,0,0
10011,23,406,2,0,0,0
10011,23,411,2,0,0,0
10011,23,412,2,0,0,0
10011,23,414,1,20,0,0
10011,23,416,2,0,0,0
10011,23,419,2,0,0,0
10011,23,421,2,0,0,0
10011,23,430,2,0,0,0
10011,23,431,2,0,0,0
10011,23,432,2,0,0,0
10011,23,433,2,0,0,0
10011,23,434,5,0,0,0
10011,23,444,2,0,0,0
10011,23,446,2,0,0,0
10011,23,447,2,0,0,0
10011,23,449,1,100,0,0
10011,23,451,2,0,0,0
10011,23,523,2,0,0,0
10011,23,526,2,0,0,0
10011,23,555,2,0,0,0
10012,23,14,2,0,0,0
10012,23,15,2,0,0,0
10012,23,19,2,0,0,0
10012,23,46,2,0,0,0
10012,23,53,2,0,0,0
10012,23,57,2,0,0,0
10012,23,58,2,0,0,0
10012,23,59,2,0,0,0
10012,23,63,1,80,0,0
10012,23,63,2,0,0,0
10012,23,69,1,1,0,0
10012,23,70,2,0,0,0
10012,23,76,2,0,0,0
10012,23,85,2,0,0,0
10012,23,86,2,0,0,0
10012,23,87,2,0,0,0
10012,23,89,2,0,0,0
10012,23,94,2,0,0,0
10012,23,104,2,0,0,0
10012,23,105,1,70,0,0
10012,23,113,2,0,0,0
10012,23,115,2,0,0,0
10012,23,126,2,0,0,0
10012,23,127,2,0,0,0
10012,23,138,2,0,0,0
10012,23,148,2,0,0,0
10012,23,156,2,0,0,0
10012,23,157,2,0,0,0
10012,23,164,2,0,0,0
10012,23,182,2,0,0,0
10012,23,188,2,0,0,0
10012,23,195,1,90,0,0
10012,23,201,2,0,0,0
10012,23,202,2,0,0,0
10012,23,203,2,0,0,0
10012,23,207,2,0,0,0
10012,23,214,2,0,0,0
10012,23,219,2,0,0,0
10012,23,231,2,0,0,0
10012,23,240,2,0,0,0
10012,23,241,2,0,0,0
10012,23,244,2,0,0,0
10012,23,245,1,40,0,0
10012,23,247,2,0,0,0
10012,23,248,1,60,0,0
10012,23,249,2,0,0,0
10012,23,258,2,0,0,0
10012,23,261,2,0,0,0
10012,23,263,2,0,0,0
10012,23,278,2,0,0,0
10012,23,280,2,0,0,0
10012,23,304,1,30,0,0
10012,23,315,2,0,0,0
10012,23,317,2,0,0,0
10012,23,322,1,1,0,1
10012,23,331,2,0,0,0
10012,23,332,2,0,0,0
10012,23,337,2,0,0,0
10012,23,347,2,0,0,0
10012,23,351,2,0,0,0
10012,23,352,2,0,0,0
10012,23,356,1,10,0,0
10012,23,361,1,50,0,0
10012,23,362,2,0,0,0
10012,23,371,2,0,0,0
10012,23,398,2,0,0,0
10012,23,399,2,0,0,0
10012,23,404,2,0,0,0
10012,23,406,2,0,0,0
10012,23,411,2,0,0,0
10012,23,412,2,0,0,0
10012,23,414,1,20,0,0
10012,23,416,2,0,0,0
10012,23,419,2,0,0,0
10012,23,421,2,0,0,0
10012,23,430,2,0,0,0
10012,23,431,2,0,0,0
10012,23,432,2,0,0,0
10012,23,433,2,0,0,0
10012,23,434,5,0,0,0
10012,23,444,2,0,0,0
10012,23,446,2,0,0,0
10012,23,447,2,0,0,0
10012,23,449,1,100,0,0
10012,23,451,2,0,0,0
10012,23,523,2,0,0,0
10012,23,526,2,0,0,0
10012,23,555,2,0,0,0
10013,23,14,2,0,0,0
10013,23,15,2,0,0,0
10013,23,19,2,0,0,0
10013,23,46,2,0,0,0
10013,23,53,2,0,0,0
10013,23,57,2,0,0,0
10013,23,58,2,0,0,0
10013,23,59,2,0,0,0
10013,23,63,1,80,0,0
10013,23,63,2,0,0,0
10013,23,69,1,1,0,0
10013,23,70,2,0,0,0
10013,23,76,2,0,0,0
10013,23,85,2,0,0,0
10013,23,86,2,0,0,0
10013,23,87,2,0,0,0
10013,23,89,2,0,0,0
10013,23,94,2,0,0,0
10013,23,104,2,0,0,0
10013,23,105,1,70,0,0
10013,23,113,2,0,0,0
10013,23,115,2,0,0,0
10013,23,126,2,0,0,0
10013,23,127,2,0,0,0
10013,23,138,2,0,0,0
10013,23,148,2,0,0,0
10013,23,156,2,0,0,0
10013,23,157,2,0,0,0
10013,23,164,2,0,0,0
10013,23,182,2,0,0,0
10013,23,188,2,0,0,0
10013,23,195,1,90,0,0
10013,23,201,2,0,0,0
10013,23,202,2,0,0,0
10013,23,203,2,0,0,0
10013,23,207,2,0,0,0
10013,23,214,2,0,0,0
10013,23,219,2,0,0,0
10013,23,231,2,0,0,0
10013,23,240,2,0,0,0
10013,23,241,2,0,0,0
10013,23,244,2,0,0,0
10013,23,245,1,40,0,0
10013,23,247,2,0,0,0
10013,23,248,1,60,0,0
10013,23,249,2,0,0,0
10013,23,258,2,0,0,0
10013,23,261,2,0,0,0
10013,23,263,2,0,0,0
10013,23,278,2,0,0,0
10013,23,280,2,0,0,0
10013,23,304,1,30,0,0
10013,23,315,2,0,0,0
10013,23,317,2,0,0,0
10013,23,322,1,1,0,1
10013,23,331,2,0,0,0
10013,23,332,2,0,0,0
10013,23,337,2,0,0,0
10013,23,347,2,0,0,0
10013,23,351,2,0,0,0
10013,23,352,2,0,0,0
10013,23,356,1,10,0,0
10013,23,361,1,50,0,0
10013,23,362,2,0,0,0
10013,23,371,2,0,0,0
10013,23,398,2,0,0,0
10013,23,399,2,0,0,0
10013,23,404,2,0,0,0
10013,23,406,2,0,0,0
10013,23,411,2,0,0,0
10013,23,412,2,0,0,0
10013,23,414,1,20,0,0
10013,23,416,2,0,0,0
10013,23,419,2,0,0,0
10013,23,421,2,0,0,0
10013,23,430,2,0,0,0
10013,23,431,2,0,0,0
10013,23,432,2,0,0,0
10013,23,433,2,0,0,0
10013,23,434,5,0,0,0
10013,23,444,2,0,0,0
10013,23,446,2,0,0,0
10013,23,447,2,0,0,0
10013,23,449,1,100,0,0
10013,23,451,2,0,0,0
10013,23,523,2,0,0,0
10013,23,526,2,0,0,0
10013,23,555,2,0,0,0
10014,23,14,2,0,0,0
10014,23,15,2,0,0,0
10014,23,19,2,0,0,0
10014,23,46,2,0,0,0
10014,23,53,2,0,0,0
10014,23,57,2,0,0,0
10014,23,58,2,0,0,0
10014,23,59,2,0,0,0
10014,23,63,1,80,0,0
10014,23,63,2,0,0,0
10014,23,69,1,1,0,0
10014,23,70,2,0,0,0
10014,23,76,2,0,0,0
10014,23,85,2,0,0,0
10014,23,86,2,0,0,0
10014,23,87,2,0,0,0
10014,23,89,2,0,0,0
10014,23,94,2,0,0,0
10014,23,104,2,0,0,0
10014,23,105,1,70,0,0
10014,23,113,2,0,0,0
10014,23,115,2,0,0,0
10014,23,126,2,0,0,0
10014,23,127,2,0,0,0
10014,23,138,2,0,0,0
10014,23,148,2,0,0,0
10014,23,156,2,0,0,0
10014,23,157,2,0,0,0
10014,23,164,2,0,0,0
10014,23,182,2,0,0,0
10014,23,188,2,0,0,0
10014,23,195,1,90,0,0
10014,23,201,2,0,0,0
10014,23,202,2,0,0,0
10014,23,203,2,0,0,0
10014,23,207,2,0,0,0
10014,23,214,2,0,0,0
10014,23,219,2,0,0,0
10014,23,231,2,0,0,0
10014,23,240,2,0,0,0
10014,23,241,2,0,0,0
10014,23,244,2,0,0,0
10014,23,245,1,40,0,0
10014,23,247,2,0,0,0
10014,23,248,1,60,0,0
10014,23,249,2,0,0,0
10014,23,258,2,0,0,0
10014,23,261,2,0,0,0
10014,23,263,2,0,0,0
10014,23,278,2,0,0,0
10014,23,280,2,0,0,0
10014,23,304,1,30,0,0
10014,23,315,2,0,0,0
10014,23,317,2,0,0,0
10014,23,322,1,1,0,1
10014,23,331,2,0,0,0
10014,23,332,2,0,0,0
10014,23,337,2,0,0,0
10014,23,347,2,0,0,0
10014,23,351,2,0,0,0
10014,23,352,2,0,0,0
10014,23,356,1,10,0,0
10014,23,361,1,50,0,0
10014,23,362,2,0,0,0
10014,23,371,2,0,0,0
10014,23,398,2,0,0,0
10014,23,399,2,0,0,0
10014,23,404,2,0,0,0
10014,23,406,2,0,0,0
10014,23,411,2,0,0,0
10014,23,412,2,0,0,0
10014,23,414,1,20,0,0
10014,23,416,2,0,0,0
10014,23,419,2,0,0,0
10014,23,421,2,0,0,0
10014,23,430,2,0,0,0
10014,23,431,2,0,0,0
10014,23,432,2,0,0,0
10014,23,433,2,0,0,0
10014,23,434,5,0,0,0
10014,23,444,2,0,0,0
10014,23,446,2,0,0,0
10014,23,447,2,0,0,0
10014,23,449,1,100,0,0
10014,23,451,2,0,0,0
10014,23,523,2,0,0,0
10014,23,526,2,0,0,0
10014,23,555,2,0,0,0
10015,23,14,2,0,0,0
10015,23,15,2,0,0,0
10015,23,19,2,0,0,0
10015,23,46,2,0,0,0
10015,23,53,2,0,0,0
10015,23,57,2,0,0,0
10015,23,58,2,0,0,0
10015,23,59,2,0,0,0
10015,23,63,1,80,0,0
10015,23,63,2,0,0,0
10015,23,69,1,1,0,0
10015,23,70,2,0,0,0
10015,23,76,2,0,0,0
10015,23,85,2,0,0,0
10015,23,86,2,0,0,0
10015,23,87,2,0,0,0
10015,23,89,2,0,0,0
10015,23,94,2,0,0,0
10015,23,104,2,0,0,0
10015,23,105,1,70,0,0
10015,23,113,2,0,0,0
10015,23,115,2,0,0,0
10015,23,126,2,0,0,0
10015,23,127,2,0,0,0
10015,23,138,2,0,0,0
10015,23,148,2,0,0,0
10015,23,156,2,0,0,0
10015,23,157,2,0,0,0
10015,23,164,2,0,0,0
10015,23,182,2,0,0,0
10015,23,188,2,0,0,0
10015,23,195,1,90,0,0
10015,23,201,2,0,0,0
10015,23,202,2,0,0,0
10015,23,203,2,0,0,0
10015,23,207,2,0,0,0
10015,23,214,2,0,0,0
10015,23,219,2,0,0,0
10015,23,231,2,0,0,0
10015,23,240,2,0,0,0
10015,23,241,2,0,0,0
10015,23,244,2,0,0,0
10015,23,245,1,40,0,0
10015,23,247,2,0,0,0
10015,23,248,1,60,0,0
10015,23,249,2,0,0,0
10015,23,258,2,0,0,0
10015,23,261,2,0,0,0
10015,23,263,2,0,0,0
10015,23,278,2,0,0,0
10015,23,280,2,0,0,0
10015,23,304,1,30,0,0
10015,23,315,2,0,0,0
10015,23,317,2,0,0,0
10015,23,322,1,1,0,1
10015,23,331,2,0,0,0
10015,23,332,2,0,0,0
10015,23,337,2,0,0,0
10015,23,347,2,0,0,0
10015,23,351,2,0,0,0
10015,23,352,2,0,0,0
10015,23,356,1,10,0,0
10015,23,361,1,50,0,0
10015,23,362,2,0,0,0
10015,23,371,2,0,0,0
10015,23,398,2,0,0,0
10015,23,399,2,0,0,0
10015,23,404,2,0,0,0
10015,23,406,2,0,0,0
10015,23,411,2,0,0,0
10015,23,412,2,0,0,0
10015,23,414,1,20,0,0
10015,23,416,2,0,0,0
10015,23,419,2,0,0,0
10015,23,421,2,0,0,0
10015,23,430,2,0,0,0
10015,23,431,2,0,0,0
10015,23,432,2,0,0,0
10015,23,433,2,0,0,0
10015,23,434,5,0,0,0
10015,23,444,2,0,0,0
10015,23,446,2,0,0,0
10015,23,447,2,0,0,0
10015,23,449,1,100,0,0
10015,23,451,2,0,0,0
10015,23,523,2,0,0,0
10015,23,526,2,0,0,0
10015,23,555,2,0,0,0
10016,23,14,2,0,0,0
10016,23,15,2,0,0,0
10016,23,19,2,0,0,0
10016,23,46,2,0,0,0
10016,23,53,2,0,0,0
10016,23,57,2,0,0,0
10016,23,58,2,0,0,0
10016,23,59,2,0,0,0
10016,23,63,1,80,0,0
10016,23,63,2,0,0,0
10016,23,69,1,1,0,0
10016,23,70,2,0,0,0
10016,23,76,2,0,0,0
10016,23,85,2,0,0,0
10016,23,86,2,0,0,0
10016,23,87,2,0,0,0
10016,23,89,2,0,0,0
10016,23,94,2,0,0,0
10016,23,104,2,0,0,0
10016,23,105,1,70,0,0
10016,23,113,2,0,0,0
10016,23,115,2,0,0,0
10016,23,126,2,0,0,0
10016,23,127,2,0,0,0
10016,23,138,2,0,0,0
10016,23,148,2,0,0,0
10016,23,156,2,0,0,0
10016,23,157,2,0,0,0
10016,23,164,2,0,0,0
10016,23,182,2,0,0,0
10016,23,188,2,0,0,0
10016,23,195,1,90,0,0
10016,23,201,2,0,0,0
10016,23,202,2,0,0,0
10016,23,203,2,0,0,0
10016,23,207,2,0,0,0
10016,23,214,2,0,0,0
10016,23,219,2,0,0,0
10016,23,231,2,0,0,0
10016,23,240,2,0,0,0
10016,23,241,2,0,0,0
10016,23,244,2,0,0,0
10016,23,245,1,40,0,0
10016,23,247,2,0,0,0
10016,23,248,1,60,0,0
10016,23,249,2,0,0,0
10016,23,258,2,0,0,0
10016,23,261,2,0,0,0
10016,23,263,2,0,0,0
10016,23,278,2,0,0,0
10016,23,280,2,0,0,0
10016,23,304,1,30,0,0
10016,23,315,2,0,0,0
10016,23,317,2,0,0,0
10016,23,322,1,1,0,1
10016,23,331,2,0,0,0
10016,23,332,2,0,0,0
10016,23,337,2,0,0,0
10016,23,347,2,0,0,0
10016,23,351,2,0,0,0
10016,23,352,2,0,0,0
10016,23,356,1,10,0,0
10016,23,361,1,50,0,0
10016,23,362,2,0,0,0
10016,23,371,2,0,0,0
10016,23,398,2,0,0,0
10016,23,399,2,0,0,0
10016,23,404,2,0,0,0
10016,23,406,2,0,0,0
10016,23,411,2,0,0,0
10016,23,412,2,0,0,0
10016,23,414,1,20,0,0
10016,23,416,2,0,0,0
10016,23,419,2,0,0,0
10016,23,421,2,0,0,0
10016,23,430,2,0,0,0
10016,23,431,2,0,0,0
10016,23,432,2,0,0,0
10016,23,433,2,0,0,0
10016,23,434,5,0,0,0
10016,23,444,2,0,0,0
10016,23,446,2,0,0,0
10016,23,447,2,0,0,0
10016,23,449,1,100,0,0
10016,23,451,2,0,0,0
10016,23,523,2,0,0,0
10016,23,526,2,0,0,0
10016,23,555,2,0,0,0
10017,23,14,2,0,0,0
10017,23,15,2,0,0,0
10017,23,19,2,0,0,0
10017,23,46,2,0,0,0
10017,23,53,2,0,0,0
10017,23,57,2,0,0,0
10017,23,58,2,0,0,0
10017,23,59,2,0,0,0
10017,23,63,1,80,0,0
10017,23,63,2,0,0,0
10017,23,69,1,1,0,0
10017,23,70,2,0,0,0
10017,23,76,2,0,0,0
10017,23,85,2,0,0,0
10017,23,86,2,0,0,0
10017,23,87,2,0,0,0
10017,23,89,2,0,0,0
10017,23,94,2,0,0,0
10017,23,104,2,0,0,0
10017,23,105,1,70,0,0
10017,23,113,2,0,0,0
10017,23,115,2,0,0,0
10017,23,126,2,0,0,0
10017,23,127,2,0,0,0
10017,23,138,2,0,0,0
10017,23,148,2,0,0,0
10017,23,156,2,0,0,0
10017,23,157,2,0,0,0
10017,23,164,2,0,0,0
10017,23,182,2,0,0,0
10017,23,188,2,0,0,0
10017,23,195,1,90,0,0
10017,23,201,2,0,0,0
10017,23,202,2,0,0,0
10017,23,203,2,0,0,0
10017,23,207,2,0,0,0
10017,23,214,2,0,0,0
10017,23,219,2,0,0,0
10017,23,231,2,0,0,0
10017,23,240,2,0,0,0
10017,23,241,2,0,0,0
10017,23,244,2,0,0,0
10017,23,245,1,40,0,0
10017,23,247,2,0,0,0
10017,23,248,1,60,0,0
10017,23,249,2,0,0,0
10017,23,258,2,0,0,0
10017,23,261,2,0,0,0
10017,23,263,2,0,0,0
10017,23,278,2,0,0,0
10017,23,280,2,0,0,0
10017,23,304,1,30,0,0
10017,23,315,2,0,0,0
10017,23,317,2,0,0,0
10017,23,322,1,1,0,1
10017,23,331,2,0,0,0
10017,23,332,2,0,0,0
10017,23,337,2,0,0,0
10017,23,347,2,0,0,0
10017,23,351,2,0,0,0
10017,23,352,2,0,0,0
10017,23,356,1,10,0,0
10017,23,361,1,50,0,0
10017,23,362,2,0,0,0
10017,23,371,2,0,0,0
10017,23,398,2,0,0,0
10017,23,399,2,0,0,0
10017,23,404,2,0,0,0
10017,23,406,2,0,0,0
10017,23,411,2,0,0,0
10017,23,412,2,0,0,0
10017,23,414,1,20,0,0
10017,23,416,2,0,0,0
10017,23,419,2,0,0,0
10017,23,421,2,0,0,0
10017,23,430,2,0,0,0
10017,23,431,2,0,0,0
10017,23,432,2,0,0,0
10017,23,433,2,0,0,0
10017,23,434,5,0,0,0
10017,23,444,2,0,0,0
10017,23,446,2,0,0,0
10017,23,447,2,0,0,0
10017,23,449,1,100,0,0
10017,23,451,2,0,0,0
10017,23,523,2,0,0,0
10017,23,526,2,0,0,0
10017,23,555,2,0,0,0
10018,23,14,2,0,0,0
10018,23,15,2,0,0,0
10018,23,19,2,0,0,0
10018,23,46,2,0,0,0
10018,23,53,2,0,0,0
10018,23,57,2,0,0,0
10018,23,58,2,0,0,0
10018,23,59,2,0,0,0
10018,23,63,1,80,0,0
10018,23,63,2,0,0,0
10018,23,69,1,1,0,0
10018,23,70,2,0,0,0
10018,23,76,2,0,0,0
10018,23,85,2,0,0,0
10018,23,86,2,0,0,0
10018,23,87,2,0,0,0
10018,23,89,2,0,0,0
10018,23,94,2,0,0,0
10018,23,104,2,0,0,0
10018,23,105,1,70,0,0
10018,23,113,2,0,0,0
10018,23,115,2,0,0,0
10018,23,126,2,0,0,0
10018,23,127,2,0,0,0
10018,23,138,2,0,0,0
10018,23,148,2,0,0,0
10018,23,156,2,0,0,0
10018,23,157,2,0,0,0
10018,23,164,2,0,0,0
10018,23,182,2,0,0,0
10018,23,188,2,0,0,0
10018,23,195,1,90,0,0
10018,23,201,2,0,0,0
10018,23,202,2,0,0,0
10018,23,203,2,0,0,0
10018,23,207,2,0,0,0
10018,23,214,2,0,0,0
10018,23,219,2,0,0,0
10018,23,231,2,0,0,0
10018,23,240,2,0,0,0
10018,23,241,2,0,0,0
10018,23,244,2,0,0,0
10018,23,245,1,40,0,0
10018,23,247,2,0,0,0
10018,23,248,1,60,0,0
10018,23,249,2,0,0,0
10018,23,258,2,0,0,0
10018,23,261,2,0,0,0
10018,23,263,2,0,0,0
10018,23,278,2,0,0,0
10018,23,280,2,0,0,0
10018,23,304,1,30,0,0
10018,23,315,2,0,0,0
10018,23,317,2,0,0,0
10018,23,322,1,1,0,1
10018,23,331,2,0,0,0
10018,23,332,2,0,0,0
10018,23,337,2,0,0,0
10018,23,347,2,0,0,0
10018,23,351,2,0,0,0
10018,23,352,2,0,0,0
10018,23,356,1,10,0,0
10018,23,361,1,50,0,0
10018,23,362,2,0,0,0
10018,23,371,2,0,0,0
10018,23,398,2,0,0,0
10018,23,399,2,0,0,0
10018,23,404,2,0,0,0
10018,23,406,2,0,0,0
10018,23,411,2,0,0,0
10018,23,412,2,0,0,0
10018,23,414,1,20,0,0
10018,23,416,2,0,0,0
10018,23,419,2,0,0,0
10018,23,421,2,0,0,0
10018,23,430,2,0,0,0
10018,23,431,2,0,0,0
10018,23,432,2,0,0,0
10018,23,433,2,0,0,0
10018,23,434,5,0,0,0
10018,23,444,2,0,0,0
10018,23,446,2,0,0,0
10018,23,447,2,0,0,0
10018,23,449,1,100,0,0
10018,23,451,2,0,0,0
10018,23,523,2,0,0,0
10018,23,526,2,0,0,0
10018,23,555,2,0,0,0
10019,23,14,2,0,0,0
10019,23,15,2,0,0,0
10019,23,19,2,0,0,0
10019,23,46,2,0,0,0
10019,23,53,2,0,0,0
10019,23,57,2,0,0,0
10019,23,58,2,0,0,0
10019,23,59,2,0,0,0
10019,23,63,1,80,0,0
10019,23,63,2,0,0,0
10019,23,69,1,1,0,0
10019,23,70,2,0,0,0
10019,23,76,2,0,0,0
10019,23,85,2,0,0,0
10019,23,86,2,0,0,0
10019,23,87,2,0,0,0
10019,23,89,2,0,0,0
10019,23,94,2,0,0,0
10019,23,104,2,0,0,0
10019,23,105,1,70,0,0
10019,23,113,2,0,0,0
10019,23,115,2,0,0,0
10019,23,126,2,0,0,0
10019,23,127,2,0,0,0
10019,23,138,2,0,0,0
10019,23,148,2,0,0,0
10019,23,156,2,0,0,0
10019,23,157,2,0,0,0
10019,23,164,2,0,0,0
10019,23,182,2,0,0,0
10019,23,188,2,0,0,0
10019,23,195,1,90,0,0
10019,23,201,2,0,0,0
10019,23,202,2,0,0,0
10019,23,203,2,0,0,0
10019,23,207,2,0,0,0
10019,23,214,2,0,0,0
10019,23,219,2,0,0,0
10019,23,231,2,0,0,0
10019,23,240,2,0,0,0
10019,23,241,2,0,0,0
10019,23,244,2,0,0,0
10019,23,245,1,40,0,0
10019,23,247,2,0,0,0
10019,23,248,1,60,0,0
10019,23,249,2,0,0,0
10019,23,258,2,0,0,0
10019,23,261,2,0,0,0
10019,23,263,2,0,0,0
10019,23,278,2,0,0,0
10019,23,280,2,0,0,0
10019,23,304,1,30,0,0
10019,23,315,2,0,0,0
10019,23,317,2,0,0,0
10019,23,322,1,1,0,1
10019,23,331,2,0,0,0
10019,23,332,2,0,0,0
10019,23,337,2,0,0,0
10019,23,347,2,0,0,0
10019,23,351,2,0,0,0
10019,23,352,2,0,0,0
10019,23,356,1,10,0,0
10019,23,361,1,50,0,0
10019,23,362,2,0,0,0
10019,23,371,2,0,0,0
10019,23,398,2,0,0,0
10019,23,399,2,0,0,0
10019,23,404,2,0,0,0
10019,23,406,2,0,0,0
10019,23,411,2,0,0,0
10019,23,412,2,0,0,0
10019,23,414,1,20,0,0
10019,23,416,2,0,0,0
10019,23,419,2,0,0,0
10019,23,421,2,0,0,0
10019,23,430,2,0,0,0
10019,23,431,2,0,0,0
10019,23,432,2,0,0,0
10019,23,433,2,0,0,0
10019,23,434,5,0,0,0
10019,23,444,2,0,0,0
10019,23,446,2,0,0,0
10019,23,447,2,0,0,0
10019,23,449,1,100,0,0
10019,23,451,2,0,0,0
10019,23,523,2,0,0,0
10019,23,526,2,0,0,0
10019,23,555,2,0,0,0
10020,23,14,2,0,0,0
10020,23,15,2,0,0,0
10020,23,19,2,0,0,0
10020,23,46,2,0,0,0
10020,23,53,2,0,0,0
10020,23,57,2,0,0,0
10020,23,58,2,0,0,0
10020,23,59,2,0,0,0
10020,23,63,1,80,0,0
10020,23,63,2,0,0,0
10020,23,69,1,1,0,0
10020,23,70,2,0,0,0
10020,23,76,2,0,0,0
10020,23,85,2,0,0,0
10020,23,86,2,0,0,0
10020,23,87,2,0,0,0
10020,23,89,2,0,0,0
10020,23,94,2,0,0,0
10020,23,104,2,0,0,0
10020,23,105,1,70,0,0
10020,23,113,2,0,0,0
10020,23,115,2,0,0,0
10020,23,126,2,0,0,0
10020,23,127,2,0,0,0
10020,23,138,2,0,0,0
10020,23,148,2,0,0,0
10020,23,156,2,0,0,0
10020,23,157,2,0,0,0
10020,23,164,2,0,0,0
10020,23,182,2,0,0,0
10020,23,188,2,0,0,0
10020,23,195,1,90,0,0
10020,23,201,2,0,0,0
10020,23,202,2,0,0,0
10020,23,203,2,0,0,0
10020,23,207,2,0,0,0
10020,23,214,2,0,0,0
10020,23,219,2,0,0,0
10020,23,231,2,0,0,0
10020,23,240,2,0,0,0
10020,23,241,2,0,0,0
10020,23,244,2,0,0,0
10020,23,245,1,40,0,0
10020,23,247,2,0,0,0
10020,23,248,1,60,0,0
10020,23,249,2,0,0,0
10020,23,258,2,0,0,0
10020,23,261,2,0,0,0
10020,23,263,2,0,0,0
10020,23,278,2,0,0,0
10020,23,280,2,0,0,0
10020,23,304,1,30,0,0
10020,23,315,2,0,0,0
10020,23,317,2,0,0,0
10020,23,322,1,1,0,1
10020,23,331,2,0,0,0
10020,23,332,2,0,0,0
10020,23,337,2,0,0,0
10020,23,347,2,0,0,0
10020,23,351,2,0,0,0
10020,23,352,2,0,0,0
10020,23,356,1,10,0,0
10020,23,361,1,50,0,0
10020,23,362,2,0,0,0
10020,23,371,2,0,0,0
10020,23,398,2,0,0,0
10020,23,399,2,0,0,0
10020,23,404,2,0,0,0
10020,23,406,2,0,0,0
10020,23,411,2,0,0,0
10020,23,412,2,0,0,0
10020,23,414,1,20,0,0
10020,23,416,2,0,0,0
10020,23,419,2,0,0,0
10020,23,421,2,0,0,0
10020,23,430,2,0,0,0
10020,23,431,2,0,0,0
10020,23,432,2,0,0,0
10020,23,433,2,0,0,0
10020,23,434,5,0,0,0
10020,23,444,2,0,0,0
10020,23,446,2,0,0,0
10020,23,447,2,0,0,0
10020,23,449,1,100,0,0
10020,23,451,2,0,0,0
10020,23,523,2,0,0,0
10020,23,526,2,0,0,0
10020,23,555,2,0,0,0
10021,23,14,2,0,0,0
10021,23,15,2,0,0,0
10021,23,19,2,0,0,0
10021,23,46,2,0,0,0
10021,23,53,2,0,0,0
10021,23,57,2,0,0,0
10021,23,58,2,0,0,0
10021,23,59,2,0,0,0
10021,23,63,1,80,0,0
10021,23,63,2,0,0,0
10021,23,69,1,1,0,0
10021,23,70,2,0,0,0
10021,23,76,2,0,0,0
10021,23,85,2,0,0,0
10021,23,86,2,0,0,0
10021,23,87,2,0,0,0
10021,23,89,2,0,0,0
10021,23,94,2,0,0,0
10021,23,104,2,0,0,0
10021,23,105,1,70,0,0
10021,23,113,2,0,0,0
10021,23,115,2,0,0,0
10021,23,126,2,0,0,0
10021,23,127,2,0,0,0
10021,23,138,2,0,0,0
10021,23,148,2,0,0,0
10021,23,156,2,0,0,0
10021,23,157,2,0,0,0
10021,23,164,2,0,0,0
10021,23,182,2,0,0,0
10021,23,188,2,0,0,0
10021,23,195,1,90,0,0
10021,23,201,2,0,0,0
10021,23,202,2,0,0,0
10021,23,203,2,0,0,0
10021,23,207,2,0,0,0
10021,23,214,2,0,0,0
10021,23,219,2,0,0,0
10021,23,231,2,0,0,0
10021,23,240,2,0,0,0
10021,23,241,2,0,0,0
10021,23,244,2,0,0,0
10021,23,245,1,40,0,0
10021,23,247,2,0,0,0
10021,23,248,1,60,0,0
10021,23,249,2,0,0,0
10021,23,258,2,0,0,0
10021,23,261,2,0,0,0
10021,23,263,2,0,0,0
10021,23,278,2,0,0,0
10021,23,280,2,0,0,0
10021,23,304,1,30,0,0
10021,23,315,2,0,0,0
10021,23,317,2,0,0,0
10021,23,322,1,1,0,1
10021,23,331,2,0,0,0
10021,23,332,2,0,0,0
10021,23,337,2,0,0,0
10021,23,347,2,0,0,0
10021,23,351,2,0,0,0
10021,23,352,2,0,0,0
10021,23,356,1,10,0,0
10021,23,361,1,50,0,0
10021,23,362,2,0,0,0
10021,23,371,2,0,0,0
10021,23,398,2,0,0,0
10021,23,399,2,0,0,0
10021,23,404,2,0,0,0
10021,23,406,2,0,0,0
10021,23,411,2,0,0,0
10021,23,412,2,0,0,0
10021,23,414,1,20,0,0
10021,23,416,2,0,0,0
10021,23,419,2,0,0,0
10021,23,421,2,0,0,0
10021,23,430,2,0,0,0
10021,23,431,2,0,0,0
10021,23,432,2,0,0,0
10021,23,433,2,0,0,0
10021,23,434,5,0,0,0
10021,23,444,2,0,0,0
10021,23,446,2,0,0,0
10021,23,447,2,0,0,0
10021,23,449,1,100,0,0
10021,23,451,2,0,0,0
10021,23,523,2,0,0,0
10021,23,526,2,0,0,0
10021,23,555,2,0,0,0
10022,23,14,2,0,0,0
10022,23,15,2,0,0,0
10022,23,19,2,0,0,0
10022,23,46,2,0,0,0
10022,23,53,2,0,0,0
10022,23,57,2,0,0,0
10022,23,58,2,0,0,0
10022,23,59,2,0,0,0
10022,23,63,1,80,0,0
10022,23,63,2,0,0,0
10022,23,69,1,1,0,0
10022,23,70,2,0,0,0
10022,23,76,2,0,0,0
10022,23,85,2,0,0,0
10022,23,86,2,0,0,0
10022,23,87,2,0,0,0
10022,23,89,2,0,0,0
10022,23,94,2,0,0,0
10022,23,104,2,0,0,0
10022,23,105,1,70,0,0
10022,23,113,2,0,0,0
10022,23,115,2,0,0,0
10022,23,126,2,0,0,0
10022,23,127,2,0,0,0
10022,23,138,2,0,0,0
10022,23,148,2,0,0,0
10022,23,156,2,0,0,0
10022,23,157,2,0,0,0
10022,23,164,2,0,0,0
10022,23,182,2,0,0,0
10022,23,188,2,0,0,0
10022,23,195,1,90,0,0
10022,23,201,2,0,0,0
10022,23,202,2,0,0,0
10022,23,203,2,0,0,0
10022,23,207,2,0,0,0
10022,23,214,2,0,0,0
10022,23,219,2,0,0,0
10022,23,231,2,0,0,0
10022,23,240,2,0,0,0
10022,23,241,2,0,0,0
10022,23,244,2,0,0,0
10022,23,245,1,40,0,0
10022,23,247,2,0,0,0
10022,23,248,1,60,0,0
10022,23,249,2,0,0,0
10022,23,258,2,0,0,0
10022,23,261,2,0,0,0
10022,23,263,2,0,0,0
10022,23,278,2,0,0,0
10022,23,280,2,0,0,0
10022,23,304,1,30,0,0
10022,23,315,2,0,0,0
10022,23,317,2,0,0,0
10022,23,322,1,1,0,1
10022,23,331,2,0,0,0
10022,23,332,2,0,0,0
10022,23,337,2,0,0,0
10022,23,347,2,0,0,0
10022,23,351,2,0,0,0
10022,23,352,2,0,0,0
10022,23,356,1,10,0,0
10022,23,361,1,50,0,0
10022,23,362,2,0,0,0
10022,23,371,2,0,0,0
10022,23,398,2,0,0,0
10022,23,399,2,0,0,0
10022,23,404,2,0,0,0
10022,23,406,2,0,0,0
10022,23,411,2,0,0,0
10022,23,412,2,0,0,0
10022,23,414,1,20,0,0
10022,23,416,2,0,0,0
10022,23,419,2,0,0,0
10022,23,421,2,0,0,0
10022,23,430,2,0,0,0
10022,23,431,2,0,0,0
10022,23,432,2,0,0,0
10022,23,433,2,0,0,0
10022,23,434,5,0,0,0
10022,23,444,2,0,0,0
10022,23,446,2,0,0,0
10022,23,447,2,0,0,0
10022,23,449,1,100,0,0
10022,23,451,2,0,0,0
10022,23,523,2,0,0,0
10022,23,526,2,0,0,0
10022,23,555,2,0,0,0
10023,23,14,2,0,0,0
10023,23,15,2,0,0,0
10023,23,19,2,0,0,0
10023,23,46,2,0,0,0
10023,23,53,2,0,0,0
10023,23,57,2,0,0,0
10023,23,58,2,0,0,0
10023,23,59,2,0,0,0
10023,23,63,1,80,0,0
10023,23,63,2,0,0,0
10023,23,69,1,1,0,0
10023,23,70,2,0,0,0
10023,23,76,2,0,0,0
10023,23,85,2,0,0,0
10023,23,86,2,0,0,0
10023,23,87,2,0,0,0
10023,23,89,2,0,0,0
10023,23,94,2,0,0,0
10023,23,104,2,0,0,0
10023,23,105,1,70,0,0
10023,23,113,2,0,0,0
10023,23,115,2,0,0,0
10023,23,126,2,0,0,0
10023,23,127,2,0,0,0
10023,23,138,2,0,0,0
10023,23,148,2,0,0,0
10023,23,156,2,0,0,0
10023,23,157,2,0,0,0
10023,23,164,2,0,0,0
10023,23,182,2,0,0,0
10023,23,188,2,0,0,0
10023,23,195,1,90,0,0
10023,23,201,2,0,0,0
10023,23,202,2,0,0,0
10023,23,203,2,0,0,0
10023,23,207,2,0,0,0
10023,23,214,2,0,0,0
10023,23,219,2,0,0,0
10023,23,231,2,0,0,0
10023,23,240,2,0,0,0
10023,23,241,2,0,0,0
10023,23,244,2,0,0,0
10023,23,245,1,40,0,0
10023,23,247,2,0,0,0
10023,23,248,1,60,0,0
10023,23,249,2,0,0,0
10023,23,258,2,0,0,0
10023,23,261,2,0,0,0
10023,23,263,2,0,0,0
10023,23,278,2,0,0,0
10023,23,280,2,0,0,0
10023,23,304,1,30,0,0
10023,23,315,2,0,0,0
10023,23,317,2,0,0,0
10023,23,322,1,1,0,1
10023,23,331,2,0,0,0
10023,23,332,2,0,0,0
10023,23,337,2,0,0,0
10023,23,347,2,0,0,0
10023,23,351,2,0,0,0
10023,23,352,2,0,0,0
10023,23,356,1,10,0,0
10023,23,361,1,50,0,0
10023,23,362,2,0,0,0
10023,23,371,2,0,0,0
10023,23,398,2,0,0,0
10023,23,399,2,0,0,0
10023,23,404,2,0,0,0
10023,23,406,2,0,0,0
10023,23,411,2,0,0,0
10023,23,412,2,0,0,0
10023,23,414,1,20,0,0
10023,23,416,2,0,0,0
10023,23,419,2,0,0,0
10023,23,421,2,0,0,0
10023,23,430,2,0,0,0
10023,23,431,2,0,0,0
10023,23,432,2,0,0,0
10023,23,433,2,0,0,0
10023,23,434,5,0,0,0
10023,23,444,2,0,0,0
10023,23,446,2,0,0,0
10023,23,447,2,0,0,0
10023,23,449,1,100,0,0
10023,23,451,2,0,0,0
10023,23,523,2,0,0,0
10023,23,526,2,0,0,0
10023,23,555,2,0,0,0
10024,23,14,2,0,0,0
10024,23,15,2,0,0,0
10024,23,19,2,0,0,0
10024,23,46,2,0,0,0
10024,23,53,2,0,0,0
10024,23,57,2,0,0,0
10024,23,58,2,0,0,0
10024,23,59,2,0,0,0
10024,23,63,1,80,0,0
10024,23,63,2,0,0,0
10024,23,69,1,1,0,0
10024,23,70,2,0,0,0
10024,23,76,2,0,0,0
10024,23,85,2,0,0,0
10024,23,86,2,0,0,0
10024,23,87,2,0,0,0
10024,23,89,2,0,0,0
10024,23,94,2,0,0,0
10024,23,104,2,0,0,0
10024,23,105,1,70,0,0
10024,23,113,2,0,0,0
10024,23,115,2,0,0,0
10024,23,126,2,0,0,0
10024,23,127,2,0,0,0
10024,23,138,2,0,0,0
10024,23,148,2,0,0,0
10024,23,156,2,0,0,0
10024,23,157,2,0,0,0
10024,23,164,2,0,0,0
10024,23,182,2,0,0,0
10024,23,188,2,0,0,0
10024,23,195,1,90,0,0
10024,23,201,2,0,0,0
10024,23,202,2,0,0,0
10024,23,203,2,0,0,0
10024,23,207,2,0,0,0
10024,23,214,2,0,0,0
10024,23,219,2,0,0,0
10024,23,231,2,0,0,0
10024,23,240,2,0,0,0
10024,23,241,2,0,0,0
10024,23,244,2,0,0,0
10024,23,245,1,40,0,0
10024,23,247,2,0,0,0
10024,23,248,1,60,0,0
10024,23,249,2,0,0,0
10024,23,258,2,0,0,0
10024,23,261,2,0,0,0
10024,23,263,2,0,0,0
10024,23,278,2,0,0,0
10024,23,280,2,0,0,0
10024,23,304,1,30,0,0
10024,23,315,2,0,0,0
10024,23,317,2,0,0,0
10024,23,322,1,1,0,1
10024,23,331,2,0,0,0
10024,23,332,2,0,0,0
10024,23,337,2,0,0,0
10024,23,347,2,0,0,0
10024,23,351,2,0,0,0
10024,23,352,2,0,0,0
10024,23,356,1,10,0,0
10024,23,361,1,50,0,0
10024,23,362,2,0,0,0
10024,23,371,2,0,0,0
10024,23,398,2,0,0,0
10024,23,399,2,0,0,0
10024,23,404,2,0,0,0
10024,23,406,2,0,0,0
10024,23,411,2,0,0,0
10024,23,412,2,0,0,0
10024,23,414,1,20,0,0
10024,23,416,2,0,0,0
10024,23,419,2,0,0,0
10024,23,421,2,0,0,0
10024,23,430,2,0,0,0
10024,23,431,2,0,0,0
10024,23,432,2,0,0,0
10024,23,433,2,0,0,0
10024,23,434,5,0,0,0
10024,23,444,2,0,0,0
10024,23,446,2,0,0,0
10024,23,447,2,0,0,0
10024,23,449,1,100,0,0
10024,23,451,2,0,0,0
10024,23,523,2,0,0,0
10024,23,526,2,0,0,0
10024,23,555,2,0,0,0
10025,23,84,1,5,0,0
10025,23,85,2,0,0,0
10025,23,86,1,25,0,0
10025,23,86,2,0,0,0
10025,23,87,2,0,0,0
10025,23,104,1,1,0,1
10025,23,104,2,0,0,0
10025,23,109,1,10,0,0
10025,23,113,2,0,0,0
10025,23,115,2,0,0,0
10025,23,138,2,0,0,0
10025,23,148,2,0,0,0
10025,23,156,2,0,0,0
10025,23,164,1,40,0,0
10025,23,164,2,0,0,0
10025,23,168,2,0,0,0
10025,23,182,2,0,0,0
10025,23,203,2,0,0,0
10025,23,207,2,0,0,0
10025,23,214,2,0,0,0
10025,23,240,2,0,0,0
10025,23,241,2,0,0,0
10025,23,244,2,0,0,0
10025,23,247,2,0,0,0
10025,23,253,1,55,0,0
10025,23,261,2,0,0,0
10025,23,263,2,0,0,0
10025,23,268,1,15,0,0
10025,23,271,1,45,0,0
10025,23,310,1,1,0,0
10025,23,315,7,0,0,0
10025,23,351,1,30,0,0
10025,23,351,2,0,0,0
10025,23,399,2,0,0,0
10025,23,417,2,0,0,0
10025,23,435,1,50,0,0
10025,23,451,2,0,0,0
10025,23,486,1,20,0,0
10025,23,506,1,35,0,0
10025,23,521,2,0,0,0
10026,23,56,7,0,0,0
10026,23,84,1,5,0,0
10026,23,85,2,0,0,0
10026,23,86,1,25,0,0
10026,23,86,2,0,0,0
10026,23,87,2,0,0,0
10026,23,104,1,1,0,1
10026,23,104,2,0,0,0
10026,23,109,1,10,0,0
10026,23,113,2,0,0,0
10026,23,115,2,0,0,0
10026,23,138,2,0,0,0
10026,23,148,2,0,0,0
10026,23,156,2,0,0,0
10026,23,164,1,40,0,0
10026,23,164,2,0,0,0
10026,23,168,2,0,0,0
10026,23,182,2,0,0,0
10026,23,203,2,0,0,0
10026,23,207,2,0,0,0
10026,23,214,2,0,0,0
10026,23,240,2,0,0,0
10026,23,241,2,0,0,0
10026,23,244,2,0,0,0
10026,23,247,2,0,0,0
10026,23,253,1,55,0,0
10026,23,261,2,0,0,0
10026,23,263,2,0,0,0
10026,23,268,1,15,0,0
10026,23,271,1,45,0,0
10026,23,310,1,1,0,0
10026,23,351,1,30,0,0
10026,23,351,2,0,0,0
10026,23,399,2,0,0,0
10026,23,417,2,0,0,0
10026,23,435,1,50,0,0
10026,23,451,2,0,0,0
10026,23,486,1,20,0,0
10026,23,506,1,35,0,0
10026,23,521,2,0,0,0
10027,23,59,7,0,0,0
10027,23,84,1,5,0,0
10027,23,85,2,0,0,0
10027,23,86,1,25,0,0
10027,23,86,2,0,0,0
10027,23,87,2,0,0,0
10027,23,104,1,1,0,1
10027,23,104,2,0,0,0
10027,23,109,1,10,0,0
10027,23,113,2,0,0,0
10027,23,115,2,0,0,0
10027,23,138,2,0,0,0
10027,23,148,2,0,0,0
10027,23,156,2,0,0,0
10027,23,164,1,40,0,0
10027,23,164,2,0,0,0
10027,23,168,2,0,0,0
10027,23,182,2,0,0,0
10027,23,203,2,0,0,0
10027,23,207,2,0,0,0
10027,23,214,2,0,0,0
10027,23,240,2,0,0,0
10027,23,241,2,0,0,0
10027,23,244,2,0,0,0
10027,23,247,2,0,0,0
10027,23,253,1,55,0,0
10027,23,261,2,0,0,0
10027,23,263,2,0,0,0
10027,23,268,1,15,0,0
10027,23,271,1,45,0,0
10027,23,310,1,1,0,0
10027,23,351,1,30,0,0
10027,23,351,2,0,0,0
10027,23,399,2,0,0,0
10027,23,417,2,0,0,0
10027,23,435,1,50,0,0
10027,23,451,2,0,0,0
10027,23,486,1,20,0,0
10027,23,506,1,35,0,0
10027,23,521,2,0,0,0
10028,23,84,1,5,0,0
10028,23,85,2,0,0,0
10028,23,86,1,25,0,0
10028,23,86,2,0,0,0
10028,23,87,2,0,0,0
10028,23,104,1,1,0,1
10028,23,104,2,0,0,0
10028,23,109,1,10,0,0
10028,23,113,2,0,0,0
10028,23,115,2,0,0,0
10028,23,138,2,0,0,0
10028,23,148,2,0,0,0
10028,23,156,2,0,0,0
10028,23,164,1,40,0,0
10028,23,164,2,0,0,0
10028,23,168,2,0,0,0
10028,23,182,2,0,0,0
10028,23,203,2,0,0,0
10028,23,207,2,0,0,0
10028,23,214,2,0,0,0
10028,23,240,2,0,0,0
10028,23,241,2,0,0,0
10028,23,244,2,0,0,0
10028,23,247,2,0,0,0
10028,23,253,1,55,0,0
10028,23,261,2,0,0,0
10028,23,263,2,0,0,0
10028,23,268,1,15,0,0
10028,23,271,1,45,0,0
10028,23,310,1,1,0,0
10028,23,351,1,30,0,0
10028,23,351,2,0,0,0
10028,23,399,2,0,0,0
10028,23,403,7,0,0,0
10028,23,417,2,0,0,0
10028,23,435,1,50,0,0
10028,23,451,2,0,0,0
10028,23,486,1,20,0,0
10028,23,506,1,35,0,0
10028,23,521,2,0,0,0
10029,23,84,1,5,0,0
10029,23,85,2,0,0,0
10029,23,86,1,25,0,0
10029,23,86,2,0,0,0
10029,23,87,2,0,0,0
10029,23,104,1,1,0,1
10029,23,104,2,0,0,0
10029,23,109,1,10,0,0
10029,23,113,2,0,0,0
10029,23,115,2,0,0,0
10029,23,138,2,0,0,0
10029,23,148,2,0,0,0
10029,23,156,2,0,0,0
10029,23,164,1,40,0,0
10029,23,164,2,0,0,0
10029,23,168,2,0,0,0
10029,23,182,2,0,0,0
10029,23,203,2,0,0,0
10029,23,207,2,0,0,0
10029,23,214,2,0,0,0
10029,23,240,2,0,0,0
10029,23,241,2,0,0,0
10029,23,244,2,0,0,0
10029,23,247,2,0,0,0
10029,23,253,1,55,0,0
10029,23,261,2,0,0,0
10029,23,263,2,0,0,0
10029,23,268,1,15,0,0
10029,23,271,1,45,0,0
10029,23,310,1,1,0,0
10029,23,351,1,30,0,0
10029,23,351,2,0,0,0
10029,23,399,2,0,0,0
10029,23,417,2,0,0,0
10029,23,435,1,50,0,0
10029,23,437,7,0,0,0
10029,23,451,2,0,0,0
10029,23,486,1,20,0,0
10029,23,506,1,35,0,0
10029,23,521,2,0,0,0
10030,23,15,2,0,0,0
10030,23,19,2,0,0,0
10030,23,46,2,0,0,0
10030,23,63,2,0,0,0
10030,23,70,2,0,0,0
10030,23,85,2,0,0,0
10030,23,86,2,0,0,0
10030,23,87,2,0,0,0
10030,23,89,2,0,0,0
10030,23,94,2,0,0,0
10030,23,104,2,0,0,0
10030,23,138,2,0,0,0
10030,23,156,2,0,0,0
10030,23,163,1,28,0,0
10030,23,164,2,0,0,0
10030,23,182,2,0,0,0
10030,23,184,1,35,0,0
10030,23,194,1,84,0,0
10030,23,203,2,0,0,0
10030,23,207,2,0,0,0
10030,23,211,2,0,0,0
10030,23,214,2,0,0,0
10030,23,219,2,0,0,0
10030,23,220,1,56,0,0
10030,23,225,1,7,0,0
10030,23,231,2,0,0,0
10030,23,240,2,0,0,0
10030,23,241,2,0,0,0
10030,23,244,2,0,0,0
10030,23,246,1,14,0,0
10030,23,247,2,0,0,0
10030,23,249,2,0,0,0
10030,23,261,2,0,0,0
10030,23,263,2,0,0,0
10030,23,332,2,0,0,0
10030,23,337,1,70,0,0
10030,23,337,2,0,0,0
10030,23,347,2,0,0,0
10030,23,351,2,0,0,0
10030,23,371,2,0,0,0
10030,23,396,1,63,0,0
10030,23,399,2,0,0,0
10030,23,406,2,0,0,0
10030,23,412,2,0,0,0
10030,23,414,1,77,0,0
10030,23,416,2,0,0,0
10030,23,421,1,42,0,0
10030,23,421,2,0,0,0
10030,23,425,1,1,0,0
10030,23,431,2,0,0,0
10030,23,432,1,1,0,1
10030,23,432,2,0,0,0
10030,23,434,5,0,0,0
10030,23,444,2,0,0,0
10030,23,451,2,0,0,0
10030,23,467,1,49,0,0
10030,23,506,1,21,0,0
10030,23,523,2,0,0,0
10031,23,14,2,0,0,0
10031,23,63,2,0,0,0
10031,23,73,1,19,0,0
10031,23,74,1,1,0,0
10031,23,76,2,0,0,0
10031,23,94,2,0,0,0
10031,23,98,1,28,0,0
10031,23,104,2,0,0,0
10031,23,148,2,0,0,0
10031,23,156,2,0,0,0
10031,23,164,2,0,0,0
10031,23,182,2,0,0,0
10031,23,186,1,82,0,0
10031,23,202,2,0,0,0
10031,23,203,2,0,0,0
10031,23,207,2,0,0,0
10031,23,214,2,0,0,0
10031,23,219,2,0,0,0
10031,23,230,1,37,0,0
10031,23,241,2,0,0,0
10031,23,244,2,0,0,0
10031,23,263,2,0,0,0
10031,23,331,2,0,0,0
10031,23,345,1,10,0,0
10031,23,361,1,46,0,0
10031,23,388,1,55,0,0
10031,23,403,1,64,0,0
10031,23,412,1,73,0,0
10031,23,412,2,0,0,0
10031,23,416,2,0,0,0
10031,23,437,1,91,0,0
10031,23,447,2,0,0,0
10031,23,465,1,100,0,0
10031,23,605,2,0,0,0
10071,23,14,2,0,0,0
10071,23,15,2,0,0,0
10071,23,19,2,0,0,0
10071,23,46,2,0,0,0
10071,23,53,2,0,0,0
10071,23,57,2,0,0,0
10071,23,58,2,0,0,0
10071,23,59,2,0,0,0
10071,23,63,1,80,0,0
10071,23,63,2,0,0,0
10071,23,69,1,1,0,0
10071,23,70,2,0,0,0
10071,23,76,2,0,0,0
10071,23,85,2,0,0,0
10071,23,86,2,0,0,0
10071,23,87,2,0,0,0
10071,23,89,2,0,0,0
10071,23,94,2,0,0,0
10071,23,104,2,0,0,0
10071,23,105,1,70,0,0
10071,23,113,2,0,0,0
10071,23,115,2,0,0,0
10071,23,126,2,0,0,0
10071,23,127,2,0,0,0
10071,23,138,2,0,0,0
10071,23,148,2,0,0,0
10071,23,156,2,0,0,0
10071,23,157,2,0,0,0
10071,23,164,2,0,0,0
10071,23,182,2,0,0,0
10071,23,188,2,0,0,0
10071,23,195,1,90,0,0
10071,23,201,2,0,0,0
10071,23,202,2,0,0,0
10071,23,203,2,0,0,0
10071,23,207,2,0,0,0
10071,23,214,2,0,0,0
10071,23,219,2,0,0,0
10071,23,231,2,0,0,0
10071,23,240,2,0,0,0
10071,23,241,2,0,0,0
10071,23,244,2,0,0,0
10071,23,245,1,40,0,0
10071,23,247,2,0,0,0
10071,23,248,1,60,0,0
10071,23,249,2,0,0,0
10071,23,258,2,0,0,0
10071,23,261,2,0,0,0
10071,23,263,2,0,0,0
10071,23,278,2,0,0,0
10071,23,280,2,0,0,0
10071,23,304,1,30,0,0
10071,23,315,2,0,0,0
10071,23,317,2,0,0,0
10071,23,322,1,1,0,1
10071,23,331,2,0,0,0
10071,23,332,2,0,0,0
10071,23,337,2,0,0,0
10071,23,347,2,0,0,0
10071,23,351,2,0,0,0
10071,23,352,2,0,0,0
10071,23,356,1,10,0,0
10071,23,361,1,50,0,0
10071,23,362,2,0,0,0
10071,23,371,2,0,0,0
10071,23,398,2,0,0,0
10071,23,399,2,0,0,0
10071,23,404,2,0,0,0
10071,23,406,2,0,0,0
10071,23,411,2,0,0,0
10071,23,412,2,0,0,0
10071,23,414,1,20,0,0
10071,23,416,2,0,0,0
10071,23,419,2,0,0,0
10071,23,421,2,0,0,0
10071,23,430,2,0,0,0
10071,23,431,2,0,0,0
10071,23,432,2,0,0,0
10071,23,433,2,0,0,0
10071,23,434,5,0,0,0
10071,23,444,2,0,0,0
10071,23,446,2,0,0,0
10071,23,447,2,0,0,0
10071,23,449,1,100,0,0
10071,23,451,2,0,0,0
10071,23,523,2,0,0,0
10071,23,526,2,0,0,0
10071,23,555,2,0,0,0
