version_group_id,move_id,can_use_move,type_id,quality_id,category_id,power,accuracy,pp,priority,min_hits,max_hits,infliction_id,infliction_percent,duration_id,min_turns,max_turns,crit_stage,flinch_percent,effect,recoil_percent,heal_percent,target_id,affinity_id,max_move_id,max_power,z_move_id,z_base_power,z_power_effect,effect_percent
19,1,1,0,0,1,40,100,35,0,0,0,0,0,0,0,0,0,0,0,0,0,0,\N,\N,\N,622,100,\N,\N
19,2,1,1,0,1,50,100,25,0,0,0,0,0,0,0,0,1,0,43,0,0,0,\N,\N,\N,624,100,\N,\N
19,3,1,0,0,1,15,85,10,0,2,5,0,0,0,0,0,0,0,29,0,0,0,\N,\N,\N,622,100,\N,\N
19,4,1,0,0,1,18,85,15,0,2,5,0,0,0,0,0,0,0,29,0,0,0,\N,\N,\N,622,100,\N,\N
19,5,1,0,0,1,80,85,20,0,0,0,0,0,0,0,0,0,0,0,0,0,0,\N,\N,\N,622,160,\N,\N
19,6,1,0,0,1,40,100,20,0,0,0,0,0,0,0,0,0,0,34,0,0,0,\N,\N,\N,622,100,\N,\N
19,7,1,9,4,1,75,100,15,0,0,0,4,10,1,0,0,0,0,4,0,0,0,\N,\N,\N,640,140,\N,\N
19,8,1,14,4,1,75,100,15,0,0,0,3,10,1,0,0,0,0,5,0,0,0,\N,\N,\N,650,140,\N,\N
19,9,1,12,4,1,75,100,15,0,0,0,1,10,1,0,0,0,0,6,0,0,0,\N,\N,\N,646,140,\N,\N
19,10,1,0,0,1,40,100,35,0,0,0,0,0,0,0,0,0,0,0,0,0,0,\N,\N,\N,622,100,\N,\N
19,11,1,0,0,1,55,100,30,0,0,0,0,0,0,0,0,0,0,0,0,0,0,\N,\N,\N,622,100,\N,\N
19,12,1,0,9,1,1,30,5,0,0,0,0,0,0,0,0,0,0,38,0,0,0,\N,\N,\N,622,180,\N,\N
19,13,1,0,0,2,80,100,10,0,0,0,0,0,0,0,0,1,0,39,0,0,5,\N,\N,\N,622,160,\N,\N
19,14,1,0,2,0,0,101,20,0,0,0,0,0,0,0,0,0,0,50,0,0,7,\N,\N,\N,14,0,26,\N
19,15,1,0,0,1,50,95,30,0,0,0,0,0,0,0,0,0,0,0,0,0,0,\N,\N,\N,622,100,\N,\N
19,16,1,2,0,2,40,100,35,0,0,0,0,0,0,0,0,0,0,149,0,0,0,\N,\N,\N,626,100,\N,\N
19,17,1,2,0,1,60,100,35,0,0,0,0,0,0,0,0,0,0,0,0,0,0,\N,\N,\N,626,120,\N,\N
19,18,1,0,12,0,0,101,20,-6,0,0,0,0,0,0,0,0,0,28,0,0,0,\N,\N,\N,18,0,10,\N
19,19,1,2,0,1,90,95,15,0,0,0,0,0,0,0,0,0,0,155,0,0,0,\N,\N,\N,626,175,\N,\N
19,20,1,0,4,1,15,85,20,0,0,0,8,100,4,5,6,0,0,42,0,0,0,\N,\N,\N,622,100,\N,\N
19,21,1,0,0,1,80,75,20,0,0,0,0,0,0,0,0,0,0,0,0,0,0,\N,\N,\N,622,160,\N,\N
19,22,1,11,0,1,45,100,25,0,0,0,0,0,0,0,0,0,0,0,0,0,0,\N,\N,\N,644,100,\N,\N
19,23,1,0,0,1,65,100,20,0,0,0,0,0,0,0,0,0,30,150,0,0,0,\N,\N,\N,622,120,\N,\N
19,24,1,1,0,1,30,100,30,0,2,2,0,0,0,0,0,0,0,44,0,0,0,\N,\N,\N,624,100,\N,\N
19,25,1,0,0,1,120,75,5,0,0,0,0,0,0,0,0,0,0,0,0,0,0,\N,\N,\N,622,190,\N,\N
19,26,1,1,0,1,100,95,10,0,0,0,0,0,0,0,0,0,0,45,0,0,0,\N,\N,\N,624,180,\N,\N
19,27,1,1,0,1,60,85,15,0,0,0,0,0,0,0,0,0,30,31,0,0,0,\N,\N,\N,624,120,\N,\N
19,28,1,4,2,0,0,100,15,0,0,0,0,0,0,0,0,0,0,23,0,0,0,\N,\N,\N,28,0,19,\N
19,29,1,0,0,1,70,100,15,0,0,0,0,0,0,0,0,0,30,31,0,0,0,\N,\N,\N,622,140,\N,\N
19,30,1,0,0,1,65,100,25,0,0,0,0,0,0,0,0,0,0,0,0,0,0,\N,\N,\N,622,120,\N,\N
19,31,1,0,0,1,15,85,20,0,2,5,0,0,0,0,0,0,0,29,0,0,0,\N,\N,\N,622,100,\N,\N
19,32,1,0,9,1,1,30,5,0,0,0,0,0,0,0,0,0,0,38,0,0,0,\N,\N,\N,622,180,\N,\N
19,33,1,0,0,1,40,100,35,0,0,0,0,0,0,0,0,0,0,0,0,0,0,\N,\N,\N,622,100,\N,\N
19,34,1,0,4,1,85,100,15,0,0,0,1,30,1,0,0,0,0,6,0,0,0,\N,\N,\N,622,160,\N,\N
19,35,1,0,4,1,15,90,20,0,0,0,8,100,4,5,6,0,0,42,0,0,0,\N,\N,\N,622,100,\N,\N
19,36,1,0,0,1,90,85,20,0,0,0,0,0,0,0,0,0,0,48,-25,0,0,\N,\N,\N,622,175,\N,\N
19,37,1,0,0,1,120,100,10,0,0,0,0,0,0,0,0,0,0,27,0,0,9,\N,\N,\N,622,190,\N,\N
19,38,1,0,0,1,120,100,15,0,0,0,0,0,0,0,0,0,0,198,-33,0,0,\N,\N,\N,622,190,\N,\N
19,39,1,0,2,0,0,100,30,0,0,0,0,0,0,0,0,0,0,19,0,0,5,\N,\N,\N,39,0,1,\N
19,40,1,3,4,1,15,100,35,0,0,0,5,30,1,0,0,0,0,2,0,0,0,\N,\N,\N,628,100,\N,\N
19,41,1,6,4,1,25,100,20,0,2,2,5,20,1,0,0,0,0,77,0,0,0,\N,\N,\N,634,100,\N,\N
19,42,1,6,0,1,25,95,20,0,2,5,0,0,0,0,0,0,0,29,0,0,0,\N,\N,\N,634,140,\N,\N
19,43,1,0,2,0,0,100,30,0,0,0,0,0,0,0,0,0,0,19,0,0,5,\N,\N,\N,43,0,1,\N
19,44,1,16,0,1,60,100,25,0,0,0,0,0,0,0,0,0,30,31,0,0,0,\N,\N,\N,654,120,\N,\N
19,45,1,0,2,0,0,100,40,0,0,0,0,0,0,0,0,0,0,18,0,0,5,\N,\N,\N,45,0,4,\N
19,46,1,0,12,0,0,101,20,-6,0,0,0,0,0,0,0,0,0,28,0,0,0,\N,\N,\N,46,0,4,\N
19,47,1,0,1,0,0,55,15,0,0,0,2,0,2,2,4,0,0,1,0,0,0,\N,\N,\N,47,0,13,\N
19,48,1,0,1,0,0,55,20,0,0,0,6,0,2,2,5,0,0,49,0,0,0,\N,\N,\N,48,0,13,\N
19,49,1,0,0,2,1,90,20,0,0,0,0,0,0,0,0,0,0,130,0,0,0,\N,\N,\N,622,100,\N,\N
19,50,1,0,13,0,0,100,20,0,0,0,13,0,2,4,4,0,0,86,0,0,0,\N,\N,\N,50,0,26,\N
19,51,1,3,6,2,40,100,30,0,0,0,0,0,0,0,0,0,0,72,0,0,5,\N,\N,\N,628,100,\N,\N
19,52,1,9,4,2,40,100,25,0,0,0,4,10,1,0,0,0,0,4,0,0,0,\N,\N,\N,640,100,\N,\N
19,53,1,9,4,2,90,100,15,0,0,0,4,10,1,0,0,0,0,4,0,0,0,\N,\N,\N,640,175,\N,\N
19,54,1,14,11,0,0,101,30,0,0,0,0,0,0,0,0,0,0,46,0,0,12,\N,\N,\N,54,0,27,\N
19,55,1,10,0,2,40,100,25,0,0,0,0,0,0,0,0,0,0,0,0,0,0,\N,\N,\N,642,100,\N,\N
19,56,1,10,0,2,110,80,5,0,0,0,0,0,0,0,0,0,0,0,0,0,0,\N,\N,\N,642,185,\N,\N
19,57,1,10,0,2,90,100,15,0,0,0,0,0,0,0,0,0,0,257,0,0,4,\N,\N,\N,642,175,\N,\N
19,58,1,14,4,2,90,100,10,0,0,0,3,10,1,0,0,0,0,5,0,0,0,\N,\N,\N,650,175,\N,\N
19,59,1,14,4,2,110,70,5,0,0,0,3,10,1,0,0,0,0,260,0,0,5,\N,\N,\N,650,185,\N,\N
19,60,1,13,4,2,65,100,20,0,0,0,6,10,2,2,5,0,0,76,0,0,0,\N,\N,\N,648,120,\N,\N
19,61,1,10,6,2,65,100,20,0,0,0,0,0,0,0,0,0,0,70,0,0,0,\N,\N,\N,642,120,\N,\N
19,62,1,14,6,2,65,100,20,0,0,0,0,0,0,0,0,0,0,68,0,0,0,\N,\N,\N,650,120,\N,\N
19,63,1,0,0,2,150,90,5,0,0,0,0,0,0,0,0,0,0,80,0,0,0,\N,\N,\N,622,200,\N,\N
19,64,1,2,0,1,35,100,35,0,0,0,0,0,0,0,0,0,0,0,0,0,0,\N,\N,\N,626,100,\N,\N
19,65,1,2,0,1,80,100,20,0,0,0,0,0,0,0,0,0,0,0,0,0,0,\N,\N,\N,626,160,\N,\N
19,66,1,1,0,1,80,80,20,0,0,0,0,0,0,0,0,0,0,48,-25,0,0,\N,\N,\N,624,160,\N,\N
19,67,1,1,0,1,1,100,20,0,0,0,0,0,0,0,0,0,0,196,0,0,0,\N,\N,\N,624,160,\N,\N
19,68,1,1,0,1,1,100,20,-5,0,0,0,0,0,0,0,0,0,89,0,0,13,\N,\N,\N,624,100,\N,\N
19,69,1,1,0,1,1,100,20,0,0,0,0,0,0,0,0,0,0,87,0,0,0,\N,\N,\N,624,100,\N,\N
19,70,1,0,0,1,80,100,15,0,0,0,0,0,0,0,0,0,0,0,0,0,0,\N,\N,\N,622,160,\N,\N
19,71,1,11,8,2,20,100,25,0,0,0,0,0,0,0,0,0,0,3,50,0,0,\N,\N,\N,644,100,\N,\N
19,72,1,11,8,2,40,100,15,0,0,0,0,0,0,0,0,0,0,3,50,0,0,\N,\N,\N,644,120,\N,\N
19,73,1,11,1,0,0,90,10,0,0,0,18,0,1,0,0,0,0,84,0,0,0,\N,\N,\N,73,0,26,\N
19,74,1,0,2,0,0,101,20,0,0,0,0,0,0,0,0,0,0,316,0,0,7,\N,\N,\N,74,0,7,\N
19,75,1,11,0,1,55,95,25,0,0,0,0,0,0,0,0,1,0,43,0,0,5,\N,\N,\N,644,100,\N,\N
19,76,1,11,0,2,120,100,10,0,0,0,0,0,0,0,0,0,0,151,0,0,0,\N,\N,\N,644,190,\N,\N
19,77,1,3,1,0,0,75,35,0,0,0,5,0,1,0,0,0,0,66,0,0,0,\N,\N,\N,77,0,4,\N
19,78,1,11,1,0,0,75,30,0,0,0,1,0,1,0,0,0,0,67,0,0,0,\N,\N,\N,78,0,10,\N
19,79,1,11,1,0,0,75,15,0,0,0,2,0,2,2,4,0,0,1,0,0,0,\N,\N,\N,79,0,13,\N
19,80,1,11,0,2,120,100,10,0,0,0,0,0,0,0,0,0,0,27,0,0,9,\N,\N,\N,644,190,\N,\N
19,81,1,6,2,0,0,95,40,0,0,0,0,0,0,0,0,0,0,60,0,0,5,\N,\N,\N,81,0,13,\N
19,82,1,15,0,2,1,100,10,0,0,0,0,0,0,0,0,0,0,41,0,0,0,\N,\N,\N,652,100,\N,\N
19,83,1,9,4,2,35,85,15,0,0,0,8,100,4,5,6,0,0,42,0,0,0,\N,\N,\N,640,100,\N,\N
19,84,1,12,4,2,40,100,30,0,0,0,1,10,1,0,0,0,0,6,0,0,0,\N,\N,\N,646,100,\N,\N
19,85,1,12,4,2,90,100,15,0,0,0,1,10,1,0,0,0,0,6,0,0,0,\N,\N,\N,646,175,\N,\N
19,86,1,12,1,0,0,90,20,0,0,0,1,0,1,0,0,0,0,67,0,0,0,\N,\N,\N,86,0,10,\N
19,87,1,12,4,2,110,70,10,0,0,0,1,30,1,0,0,0,0,152,0,0,0,\N,\N,\N,646,185,\N,\N
19,88,1,5,0,1,50,90,15,0,0,0,0,0,0,0,0,0,0,0,0,0,0,\N,\N,\N,632,100,\N,\N
19,89,1,4,0,1,100,100,10,0,0,0,0,0,0,0,0,0,0,147,0,0,4,\N,\N,\N,630,180,\N,\N
19,90,1,4,9,1,1,30,5,0,0,0,0,0,0,0,0,0,0,38,0,0,0,\N,\N,\N,630,180,\N,\N
19,91,1,4,0,1,80,100,10,0,0,0,0,0,0,0,0,0,0,256,0,0,0,\N,\N,\N,630,160,\N,\N
19,92,1,3,1,0,0,90,10,0,0,0,5,0,1,15,15,0,0,33,0,0,0,\N,\N,\N,92,0,4,\N
19,93,1,13,4,2,50,100,25,0,0,0,6,10,2,2,5,0,0,76,0,0,0,\N,\N,\N,648,100,\N,\N
19,94,1,13,6,2,90,100,10,0,0,0,0,0,0,0,0,0,0,72,0,0,0,\N,\N,\N,648,175,\N,\N
19,95,1,13,1,0,0,60,20,0,0,0,2,0,2,2,4,0,0,1,0,0,0,\N,\N,\N,95,0,13,\N
19,96,1,13,2,0,0,101,40,0,0,0,0,0,0,0,0,0,0,10,0,0,7,\N,\N,\N,96,0,1,\N
19,97,1,13,2,0,0,101,30,0,0,0,0,0,0,0,0,0,0,52,0,0,7,\N,\N,\N,97,0,26,\N
19,98,1,0,0,1,40,100,30,1,0,0,0,0,0,0,0,0,0,103,0,0,0,\N,\N,\N,622,100,\N,\N
19,99,1,0,0,1,20,100,20,0,0,0,0,0,0,0,0,0,0,81,0,0,0,\N,\N,\N,622,100,\N,\N
19,100,1,13,13,0,0,101,20,0,0,0,0,0,0,0,0,0,0,153,0,0,7,\N,\N,\N,100,0,27,\N
19,101,1,7,0,2,1,100,15,0,0,0,0,0,0,0,0,0,0,87,0,0,0,\N,\N,\N,636,100,\N,\N
19,102,1,0,13,0,0,101,10,0,0,0,0,0,0,0,0,0,0,82,0,0,0,\N,\N,\N,102,0,16,\N
19,103,1,0,2,0,0,85,40,0,0,0,0,0,0,0,0,0,0,59,0,0,0,\N,\N,\N,103,0,1,\N
19,104,1,0,2,0,0,101,15,0,0,0,0,0,0,0,0,0,0,16,0,0,7,\N,\N,\N,104,0,26,\N
19,105,1,0,3,0,0,101,10,0,0,0,0,0,0,0,0,0,0,32,0,50,7,\N,\N,\N,105,0,26,\N
19,106,1,0,2,0,0,101,30,0,0,0,0,0,0,0,0,0,0,11,0,0,7,\N,\N,\N,106,0,4,\N
19,107,1,0,2,0,0,101,10,0,0,0,0,0,0,0,0,0,0,108,0,0,7,\N,\N,\N,107,0,26,\N
19,108,1,0,2,0,0,100,20,0,0,0,0,0,0,0,0,0,0,23,0,0,0,\N,\N,\N,108,0,19,\N
19,109,1,7,1,0,0,100,10,0,0,0,6,0,2,2,5,0,0,49,0,0,0,\N,\N,\N,109,0,7,\N
19,110,1,10,2,0,0,101,40,0,0,0,0,0,0,0,0,0,0,11,0,0,7,\N,\N,\N,110,0,4,\N
19,111,1,0,2,0,0,101,40,0,0,0,0,0,0,0,0,0,0,156,0,0,7,\N,\N,\N,111,0,16,\N
19,112,1,13,2,0,0,101,20,0,0,0,0,0,0,0,0,0,0,51,0,0,7,\N,\N,\N,112,0,26,\N
19,113,1,13,11,0,0,101,30,0,0,0,0,0,0,0,0,0,0,35,0,0,12,\N,\N,\N,113,0,10,\N
19,114,1,14,10,0,0,101,30,0,0,0,0,0,0,0,0,0,0,25,0,0,10,\N,\N,\N,114,0,27,\N
19,115,1,13,11,0,0,101,20,0,0,0,0,0,0,0,0,0,0,65,0,0,12,\N,\N,\N,115,0,4,\N
19,116,1,0,13,0,0,101,30,0,0,0,0,0,0,0,0,0,0,47,0,0,7,\N,\N,\N,116,0,16,\N
19,117,1,0,0,1,1,101,10,1,0,0,0,0,0,0,0,0,0,26,0,0,7,\N,\N,\N,622,100,\N,\N
19,118,1,0,13,0,0,101,10,0,0,0,0,0,0,0,0,0,0,83,0,0,7,\N,\N,\N,118,0,\N,\N
19,119,1,2,13,0,0,101,20,0,0,0,0,0,0,0,0,0,0,9,0,0,0,\N,\N,\N,119,0,2,\N
19,120,1,0,0,1,200,100,5,0,0,0,0,0,0,0,0,0,0,7,0,0,4,\N,\N,\N,622,200,\N,\N
19,121,1,0,0,1,100,75,10,0,0,0,0,0,0,0,0,0,0,0,0,0,0,\N,\N,\N,622,180,\N,\N
19,122,1,7,4,1,30,100,30,0,0,0,1,30,1,0,0,0,0,6,0,0,0,\N,\N,\N,636,100,\N,\N
19,123,1,3,4,2,30,70,20,0,0,0,5,40,1,0,0,0,0,2,0,0,0,\N,\N,\N,628,100,\N,\N
19,124,1,3,4,2,65,100,20,0,0,0,5,30,1,0,0,0,0,2,0,0,0,\N,\N,\N,628,120,\N,\N
19,125,1,4,0,1,65,85,20,0,0,0,0,0,0,0,0,0,10,31,0,0,0,\N,\N,\N,630,120,\N,\N
19,126,1,9,4,2,110,85,5,0,0,0,4,10,1,0,0,0,0,4,0,0,0,\N,\N,\N,640,185,\N,\N
19,127,1,10,0,1,80,100,15,0,0,0,0,0,0,0,0,0,20,31,0,0,0,\N,\N,\N,642,160,\N,\N
19,128,1,10,4,1,35,85,15,0,0,0,8,100,4,5,6,0,0,42,0,0,0,\N,\N,\N,642,100,\N,\N
19,129,1,0,0,2,60,101,20,0,0,0,0,0,0,0,0,0,0,17,0,0,5,\N,\N,\N,622,120,\N,\N
19,130,1,0,0,1,130,100,10,0,0,0,0,100,0,0,0,0,0,145,0,0,0,\N,\N,\N,622,195,\N,\N
19,131,1,0,0,1,20,100,15,0,2,5,0,0,0,0,0,0,0,29,0,0,0,\N,\N,\N,622,100,\N,\N
19,132,1,0,6,1,10,100,35,0,0,0,0,0,0,0,0,0,0,70,0,0,0,\N,\N,\N,622,100,\N,\N
19,133,1,13,2,0,0,101,20,0,0,0,0,0,0,0,0,0,0,54,0,0,7,\N,\N,\N,133,0,26,\N
19,134,1,13,2,0,0,80,15,0,0,0,0,0,0,0,0,0,0,23,0,0,0,\N,\N,\N,134,0,19,\N
19,135,1,0,3,0,0,101,10,0,0,0,0,0,0,0,0,0,0,32,0,50,7,\N,\N,\N,135,0,26,\N
19,136,1,1,0,1,130,90,10,0,0,0,0,0,0,0,0,0,0,45,0,0,0,\N,\N,\N,624,195,\N,\N
19,137,1,0,1,0,0,100,30,0,0,0,1,0,1,0,0,0,0,67,0,0,0,\N,\N,\N,137,0,10,\N
19,138,1,13,8,2,100,100,15,0,0,0,0,0,0,0,0,0,0,8,50,0,0,\N,\N,\N,648,180,\N,\N
19,139,1,3,1,0,0,90,40,0,0,0,5,0,1,0,0,0,0,66,0,0,5,\N,\N,\N,139,0,4,\N
19,140,1,0,0,1,15,85,20,0,2,5,0,0,0,0,0,0,0,29,0,0,0,\N,\N,\N,622,100,\N,\N
19,141,1,6,8,1,80,100,10,0,0,0,0,0,0,0,0,0,0,3,50,0,0,\N,\N,\N,634,160,\N,\N
19,142,1,0,1,0,0,75,10,0,0,0,2,0,2,2,4,0,0,1,0,0,0,\N,\N,\N,142,0,13,\N
19,143,1,2,0,1,140,90,5,0,0,0,0,0,0,0,0,1,30,75,0,0,0,\N,\N,\N,626,200,\N,\N
19,144,1,0,13,0,0,101,10,0,0,0,0,0,0,0,0,0,0,57,0,0,0,\N,\N,\N,144,0,27,\N
19,145,1,10,6,2,40,100,30,0,0,0,0,0,0,0,0,0,0,70,0,0,5,\N,\N,\N,642,100,\N,\N
19,146,1,0,4,1,70,100,10,0,0,0,6,20,2,2,5,0,0,76,0,0,0,\N,\N,\N,622,140,\N,\N
19,147,1,11,1,0,0,100,15,0,0,0,2,0,2,2,4,0,0,1,0,0,0,\N,\N,\N,147,0,26,\N
19,148,1,0,2,0,0,100,20,0,0,0,0,0,0,0,0,0,0,23,0,0,0,\N,\N,\N,148,0,19,\N
19,149,1,13,0,2,1,100,15,0,0,0,0,0,0,0,0,0,0,88,0,0,0,\N,\N,\N,648,100,\N,\N
19,150,1,0,13,0,0,101,40,0,0,0,0,0,0,0,0,0,0,85,0,0,7,\N,\N,\N,150,0,3,\N
19,151,1,3,2,0,0,101,20,0,0,0,0,0,0,0,0,0,0,51,0,0,7,\N,\N,\N,151,0,26,\N
19,152,1,10,0,1,100,90,10,0,0,0,0,0,0,0,0,1,0,43,0,0,0,\N,\N,\N,642,180,\N,\N
19,153,1,0,0,1,250,100,5,0,0,0,0,0,0,0,0,0,0,7,0,0,4,\N,\N,\N,622,200,\N,\N
19,154,1,0,0,1,18,80,15,0,2,5,0,0,0,0,0,0,0,29,0,0,0,\N,\N,\N,622,100,\N,\N
19,155,1,4,0,1,50,90,10,0,2,2,0,0,0,0,0,0,0,44,0,0,0,\N,\N,\N,630,100,\N,\N
19,156,1,13,13,0,0,101,10,0,0,0,0,0,0,0,0,0,0,37,0,0,7,\N,\N,\N,156,0,26,\N
19,157,1,5,0,1,75,90,10,0,0,0,0,0,0,0,0,0,30,31,0,0,5,\N,\N,\N,632,140,\N,\N
19,158,1,0,0,1,80,90,15,0,0,0,0,0,0,0,0,0,10,31,0,0,0,\N,\N,\N,622,160,\N,\N
19,159,1,0,2,0,0,101,30,0,0,0,0,0,0,0,0,0,0,10,0,0,7,\N,\N,\N,159,0,1,\N
19,160,1,0,13,0,0,101,30,0,0,0,0,0,0,0,0,0,0,30,0,0,7,\N,\N,\N,160,0,22,\N
19,161,1,0,4,2,80,100,10,0,0,0,101,20,1,0,0,0,0,36,0,0,0,\N,\N,\N,622,160,\N,\N
19,162,1,0,0,1,1,90,10,0,0,0,0,0,0,0,0,0,0,40,0,0,0,\N,\N,\N,622,100,\N,\N
19,163,1,0,0,1,70,100,20,0,0,0,0,0,0,0,0,1,0,43,0,0,0,\N,\N,\N,622,140,\N,\N
19,164,1,0,13,0,0,101,10,0,0,0,0,0,0,0,0,0,0,79,0,0,7,\N,\N,\N,164,0,26,\N
19,165,1,0,0,1,50,101,1,0,0,0,0,0,0,0,0,0,0,254,0,-25,9,\N,\N,\N,622,1,\N,\N
19,166,1,0,13,0,0,101,1,0,0,0,0,0,0,0,0,0,0,95,0,0,0,\N,\N,\N,166,0,22,\N
19,167,1,1,0,1,10,90,10,0,3,3,0,0,0,0,0,0,0,104,0,0,0,\N,\N,\N,624,120,\N,\N
19,168,1,16,0,1,60,100,25,0,0,0,0,0,0,0,0,0,0,105,0,0,0,\N,\N,\N,654,120,\N,\N
19,169,1,6,13,0,0,101,10,0,0,0,0,0,0,0,0,0,0,106,0,0,0,\N,\N,\N,169,0,4,\N
19,170,1,0,13,0,0,101,5,0,0,0,0,0,0,0,0,0,0,94,0,0,0,\N,\N,\N,170,0,7,\N
19,171,1,7,1,0,0,100,15,0,0,0,9,0,1,0,0,0,0,107,0,0,0,\N,\N,\N,171,0,7,\N
19,172,1,9,4,1,60,100,25,0,0,0,4,10,1,0,0,0,0,125,0,0,0,\N,\N,\N,640,120,\N,\N
19,173,1,0,0,2,50,100,15,0,0,0,0,0,0,0,0,0,30,92,0,0,0,\N,\N,\N,622,100,\N,\N
19,174,1,7,13,0,0,101,10,0,0,0,0,0,0,0,0,0,0,109,0,0,13,\N,\N,\N,174,0,30,\N
19,175,1,0,0,1,1,100,15,0,0,0,0,0,0,0,0,0,0,99,0,0,0,\N,\N,\N,622,160,\N,\N
19,176,1,0,13,0,0,101,30,0,0,0,0,0,0,0,0,0,0,93,0,0,0,\N,\N,\N,176,0,27,\N
19,177,1,2,0,2,100,95,5,0,0,0,0,0,0,0,0,1,0,43,0,0,0,\N,\N,\N,626,180,\N,\N
19,178,1,11,2,0,0,100,40,0,0,0,0,0,0,0,0,0,0,60,0,0,5,\N,\N,\N,178,0,26,\N
19,179,1,1,0,1,1,100,15,0,0,0,0,0,0,0,0,0,0,99,0,0,0,\N,\N,\N,624,160,\N,\N
19,180,1,7,13,0,0,100,10,0,0,0,0,0,0,0,0,0,0,100,0,0,0,\N,\N,\N,180,0,27,\N
19,181,1,14,4,2,40,100,25,0,0,0,3,10,1,0,0,0,0,5,0,0,5,\N,\N,\N,650,100,\N,\N
19,182,1,0,13,0,0,101,10,4,0,0,0,0,0,0,0,0,0,111,0,0,7,\N,\N,\N,182,0,26,\N
19,183,1,1,0,1,40,100,30,1,0,0,0,0,0,0,0,0,0,103,0,0,0,\N,\N,\N,624,100,\N,\N
19,184,1,0,2,0,0,100,10,0,0,0,0,0,0,0,0,0,0,60,0,0,0,\N,\N,\N,184,0,13,\N
19,185,1,16,0,1,60,101,20,0,0,0,0,0,0,0,0,0,0,17,0,0,0,\N,\N,\N,654,120,\N,\N
19,186,1,17,1,0,0,75,10,0,0,0,6,0,2,2,5,0,0,49,0,0,0,\N,\N,\N,186,0,7,\N
19,187,1,0,13,0,0,101,10,0,0,0,0,0,0,0,0,0,0,142,0,0,7,\N,\N,\N,187,0,27,\N
19,188,1,3,4,2,90,100,10,0,0,0,5,30,1,0,0,0,0,2,0,0,0,\N,\N,\N,628,175,\N,\N
19,189,1,4,6,2,20,100,10,0,0,0,0,0,0,0,0,0,0,73,0,0,0,\N,\N,\N,630,100,\N,\N
19,190,1,10,6,2,65,85,10,0,0,0,0,0,0,0,0,0,0,73,0,0,0,\N,\N,\N,642,120,\N,\N
19,191,1,4,11,0,0,101,20,0,0,0,0,0,0,0,0,0,0,112,0,0,11,\N,\N,\N,191,0,4,\N
19,192,1,12,4,2,120,50,5,0,0,0,1,100,1,0,0,0,0,6,0,0,0,\N,\N,\N,646,190,\N,\N
19,193,1,0,1,0,0,101,40,0,0,0,17,0,1,0,0,0,0,113,0,0,0,\N,\N,\N,193,0,25,\N
19,194,1,7,13,0,0,101,5,0,0,0,0,0,0,0,0,0,0,98,0,0,7,\N,\N,\N,194,0,29,\N
19,195,1,0,1,0,0,101,5,0,0,0,20,0,2,4,4,0,0,114,0,0,8,\N,\N,\N,195,0,26,\N
19,196,1,14,6,2,55,95,15,0,0,0,0,0,0,0,0,0,0,70,0,0,5,\N,\N,\N,650,100,\N,\N
19,197,1,1,13,0,0,101,5,4,0,0,0,0,0,0,0,0,0,111,0,0,7,\N,\N,\N,197,0,19,\N
19,198,1,4,0,1,25,90,10,0,2,5,0,0,0,0,0,0,0,29,0,0,0,\N,\N,\N,630,140,\N,\N
19,199,1,0,13,0,0,101,5,0,0,0,0,0,0,0,0,0,0,94,0,0,0,\N,\N,\N,199,0,13,\N
19,200,1,15,0,1,120,100,10,0,0,0,0,0,0,0,0,0,0,27,0,0,9,\N,\N,\N,652,190,\N,\N
19,201,1,5,10,0,0,101,10,0,0,0,0,0,0,0,0,0,0,115,0,0,10,\N,\N,\N,201,0,13,\N
19,202,1,11,8,2,75,100,10,0,0,0,0,0,0,0,0,0,0,3,50,0,0,\N,\N,\N,644,140,\N,\N
19,203,1,0,13,0,0,101,10,4,0,0,0,0,0,0,0,0,0,116,0,0,7,\N,\N,\N,203,0,26,\N
19,204,1,17,2,0,0,100,20,0,0,0,0,0,0,0,0,0,0,58,0,0,0,\N,\N,\N,204,0,4,\N
19,205,1,5,0,1,30,90,20,0,0,0,0,0,0,0,0,0,0,117,0,0,0,\N,\N,\N,632,100,\N,\N
19,206,1,0,0,1,40,100,40,0,0,0,0,0,0,0,0,0,0,101,0,0,0,\N,\N,\N,622,100,\N,\N
19,207,1,0,5,0,0,85,15,0,0,0,6,0,2,2,5,0,0,118,0,0,0,\N,\N,\N,207,0,26,\N
19,208,1,0,3,0,0,101,10,0,0,0,0,0,0,0,0,0,0,32,0,50,7,\N,\N,\N,208,0,26,\N
19,209,1,12,4,1,65,100,20,0,0,0,1,30,1,0,0,0,0,6,0,0,0,\N,\N,\N,646,120,\N,\N
19,210,1,6,0,1,40,95,20,0,0,0,0,0,0,0,0,0,0,119,0,0,0,\N,\N,\N,634,100,\N,\N
19,211,1,8,7,1,70,90,25,0,0,0,0,0,0,0,0,0,0,138,0,0,0,\N,\N,\N,638,140,\N,\N
19,212,1,0,13,0,0,101,5,0,0,0,0,0,0,0,0,0,0,106,0,0,0,\N,\N,\N,212,0,10,\N
19,213,1,0,1,0,0,100,15,0,0,0,7,0,3,0,0,0,0,120,0,0,0,\N,\N,\N,213,0,26,\N
19,214,1,0,13,0,0,101,10,0,0,0,0,0,0,0,0,0,0,97,0,0,7,\N,\N,\N,214,0,25,\N
19,215,1,0,13,0,0,101,5,0,0,0,0,0,0,0,0,0,0,102,0,0,6,\N,\N,\N,215,0,27,\N
19,216,1,0,0,1,1,100,20,0,0,0,0,0,0,0,0,0,0,121,0,0,0,\N,\N,\N,622,160,\N,\N
19,217,1,0,0,1,1,90,15,0,0,0,0,0,0,0,0,0,0,122,0,0,0,\N,\N,\N,622,100,\N,\N
19,218,1,0,0,1,1,100,20,0,0,0,0,0,0,0,0,0,0,123,0,0,0,\N,\N,\N,622,160,\N,\N
19,219,1,0,11,0,0,101,25,0,0,0,0,0,0,0,0,0,0,124,0,0,12,\N,\N,\N,219,0,13,\N
19,220,1,0,13,0,0,101,20,0,0,0,0,0,0,0,0,0,0,91,0,0,0,\N,\N,\N,220,0,4,\N
19,221,1,9,4,1,100,95,5,0,0,0,4,50,1,0,0,0,0,125,0,0,0,\N,\N,\N,640,180,\N,\N
19,222,1,4,0,1,1,100,30,0,0,0,0,0,0,0,0,0,0,126,0,0,4,\N,\N,\N,630,140,\N,\N
19,223,1,1,4,1,100,50,5,0,0,0,6,100,2,2,5,0,0,76,0,0,0,\N,\N,\N,624,180,\N,\N
19,224,1,6,0,1,120,85,10,0,0,0,0,0,0,0,0,0,0,0,0,0,0,\N,\N,\N,634,190,\N,\N
19,225,1,15,4,2,60,100,20,0,0,0,1,30,1,0,0,0,0,6,0,0,0,\N,\N,\N,652,120,\N,\N
19,226,1,0,13,0,0,101,40,0,0,0,0,0,0,0,0,0,0,127,0,0,7,\N,\N,\N,226,0,26,\N
19,227,1,0,13,0,0,100,5,0,0,0,0,0,0,0,0,0,0,90,0,0,0,\N,\N,\N,227,0,13,\N
19,228,1,16,0,1,40,100,20,0,0,0,0,0,0,0,0,0,0,128,0,0,0,\N,\N,\N,654,100,\N,\N
19,229,1,0,0,1,20,100,40,0,0,0,0,0,0,0,0,0,0,129,0,0,0,\N,\N,\N,622,100,\N,\N
19,230,1,0,2,0,0,100,20,0,0,0,0,0,0,0,0,0,0,24,0,0,5,\N,\N,\N,230,0,16,\N
19,231,1,8,6,1,100,75,15,0,0,0,0,0,0,0,0,0,0,69,0,0,0,\N,\N,\N,638,180,\N,\N
19,232,1,8,7,1,50,95,35,0,0,0,0,0,0,0,0,0,0,139,0,0,0,\N,\N,\N,638,100,\N,\N
19,233,1,1,0,1,70,101,10,-1,0,0,0,0,0,0,0,0,0,78,0,0,0,\N,\N,\N,624,140,\N,\N
19,234,1,0,3,0,0,101,5,0,0,0,0,0,0,0,0,0,0,132,0,50,7,\N,\N,\N,234,0,26,\N
19,235,1,11,3,0,0,101,5,0,0,0,0,0,0,0,0,0,0,132,0,50,7,\N,\N,\N,235,0,26,\N
19,236,1,17,3,0,0,101,5,0,0,0,0,0,0,0,0,0,0,132,0,50,7,\N,\N,\N,236,0,26,\N
19,237,1,0,0,2,60,100,15,0,0,0,0,0,0,0,0,0,0,135,0,0,0,\N,\N,\N,622,120,\N,\N
19,238,1,1,0,1,100,80,5,0,0,0,0,0,0,0,0,1,0,43,0,0,0,\N,\N,\N,624,180,\N,\N
19,239,1,15,0,2,40,100,20,0,0,0,0,0,0,0,0,0,20,146,0,0,5,\N,\N,\N,652,100,\N,\N
19,240,1,10,10,0,0,101,5,0,0,0,0,0,0,0,0,0,0,136,0,0,10,\N,\N,\N,240,0,13,\N
19,241,1,9,10,0,0,101,5,0,0,0,0,0,0,0,0,0,0,137,0,0,10,\N,\N,\N,241,0,13,\N
19,242,1,16,6,1,80,100,15,0,0,0,0,0,0,0,0,0,0,69,0,0,0,\N,\N,\N,654,160,\N,\N
19,243,1,13,0,2,1,100,20,-5,0,0,0,0,0,0,0,0,0,144,0,0,13,\N,\N,\N,648,100,\N,\N
19,244,1,0,13,0,0,101,10,0,0,0,0,0,0,0,0,0,0,143,0,0,0,\N,\N,\N,244,0,27,\N
19,245,1,0,0,1,80,100,5,2,0,0,0,0,0,0,0,0,0,103,0,0,0,\N,\N,\N,622,160,\N,\N
19,246,1,5,7,2,60,100,5,0,0,0,0,0,0,0,0,0,0,140,0,0,0,\N,\N,\N,632,120,\N,\N
19,247,1,7,6,2,80,100,15,0,0,0,0,0,0,0,0,0,0,72,0,0,0,\N,\N,\N,636,160,\N,\N
19,248,1,13,13,2,120,100,10,0,0,0,0,0,0,0,0,0,0,148,0,0,0,\N,\N,\N,648,190,\N,\N
19,249,1,1,6,1,40,100,15,0,0,0,0,0,0,0,0,0,0,69,0,0,0,\N,\N,\N,624,100,\N,\N
19,250,1,10,4,2,35,85,15,0,0,0,8,100,4,5,6,0,0,261,0,0,0,\N,\N,\N,642,100,\N,\N
19,251,1,16,0,1,1,100,10,0,6,6,0,0,0,0,0,0,0,154,0,0,0,\N,\N,\N,654,100,\N,\N
19,252,1,0,0,1,40,100,10,3,0,0,0,0,0,0,0,0,100,158,0,0,0,\N,\N,\N,622,100,\N,\N
19,253,1,0,0,2,90,100,10,0,0,0,0,0,0,0,0,0,0,159,0,0,9,\N,\N,\N,622,175,\N,\N
19,254,1,0,13,0,0,101,20,0,0,0,0,0,0,0,0,0,0,160,0,0,7,\N,\N,\N,254,0,27,\N
19,255,1,0,0,2,1,100,10,0,0,0,0,0,0,0,0,0,0,161,0,0,0,\N,\N,\N,622,100,\N,\N
19,256,1,0,3,0,0,101,10,0,0,0,0,0,0,0,0,0,0,162,0,25,7,\N,\N,\N,256,0,26,\N
19,257,1,9,4,2,95,90,10,0,0,0,4,10,1,0,0,0,0,4,0,0,5,\N,\N,\N,640,175,\N,\N
19,258,1,14,10,0,0,101,10,0,0,0,0,0,0,0,0,0,0,164,0,0,10,\N,\N,\N,258,0,13,\N
19,259,1,16,1,0,0,100,15,0,0,0,12,0,1,0,0,0,0,165,0,0,0,\N,\N,\N,259,0,4,\N
19,260,1,16,5,0,0,100,15,0,0,0,6,0,2,2,5,0,0,166,0,0,0,\N,\N,\N,260,0,10,\N
19,261,1,9,1,0,0,85,15,0,0,0,4,0,1,0,0,0,0,167,0,0,0,\N,\N,\N,261,0,1,\N
19,262,1,16,13,0,0,100,10,0,0,0,0,0,0,0,0,0,0,168,0,0,0,\N,\N,\N,262,0,28,\N
19,263,1,0,0,1,70,100,20,0,0,0,0,0,0,0,0,0,0,169,0,0,0,\N,\N,\N,622,140,\N,\N
19,264,1,1,0,1,150,100,20,-3,0,0,0,0,0,0,0,0,0,170,0,0,0,\N,\N,\N,624,200,\N,\N
19,265,1,0,0,1,70,100,10,0,0,0,0,0,0,0,0,0,0,171,0,0,0,\N,\N,\N,622,140,\N,\N
19,266,1,0,13,0,0,101,20,2,0,0,0,0,0,0,0,0,0,172,0,0,7,\N,\N,\N,266,0,26,\N
19,267,1,0,13,0,0,101,20,0,0,0,0,0,0,0,0,0,0,173,0,0,0,\N,\N,\N,267,0,\N,\N
19,268,1,12,2,0,0,101,20,0,0,0,0,0,0,0,0,0,0,174,0,0,7,\N,\N,\N,268,0,10,\N
19,269,1,16,13,0,0,100,20,0,0,0,0,0,0,0,0,0,0,175,0,0,0,\N,\N,\N,269,0,1,\N
19,270,1,0,13,0,0,101,20,5,0,0,0,0,0,0,0,0,0,176,0,0,2,\N,\N,\N,270,0,26,\N
19,271,1,13,13,0,0,100,10,0,0,0,0,0,0,0,0,0,0,177,0,0,0,\N,\N,\N,271,0,14,\N
19,272,1,13,13,0,0,101,10,0,0,0,0,0,0,0,0,0,0,178,0,0,0,\N,\N,\N,272,0,13,\N
19,273,1,0,13,0,0,101,10,0,0,0,0,0,0,0,0,0,0,179,0,0,7,\N,\N,\N,273,0,10,\N
19,274,1,0,13,0,0,101,20,0,0,0,0,0,0,0,0,0,0,180,0,0,7,\N,\N,\N,274,0,\N,\N
19,275,1,11,1,0,0,101,20,0,0,0,21,0,1,0,0,0,0,181,0,0,7,\N,\N,\N,275,0,10,\N
19,276,1,1,7,1,120,100,5,0,0,0,0,0,0,0,0,0,0,182,0,0,0,\N,\N,\N,624,190,\N,\N
19,277,1,13,13,0,0,101,15,4,0,0,0,0,0,0,0,0,0,183,0,0,7,\N,\N,\N,277,0,11,\N
19,278,1,0,13,0,0,101,10,0,0,0,0,0,0,0,0,0,0,184,0,0,7,\N,\N,\N,278,0,14,\N
19,279,1,1,0,1,60,100,10,-4,0,0,0,0,0,0,0,0,0,185,0,0,0,\N,\N,\N,624,120,\N,\N
19,280,1,1,0,1,75,100,15,0,0,0,0,0,0,0,0,0,0,186,0,0,0,\N,\N,\N,624,140,\N,\N
19,281,1,0,1,0,0,101,10,0,0,0,14,0,2,2,2,0,0,187,0,0,0,\N,\N,\N,281,0,13,\N
19,282,1,16,0,1,65,100,20,0,0,0,0,0,0,0,0,0,0,188,0,0,0,\N,\N,\N,654,120,\N,\N
19,283,1,0,0,1,1,100,5,0,0,0,0,0,0,0,0,0,0,189,0,0,0,\N,\N,\N,622,160,\N,\N
19,284,1,9,0,2,150,100,5,0,0,0,0,0,0,0,0,0,0,190,0,0,5,\N,\N,\N,640,200,\N,\N
19,285,1,13,13,0,0,101,10,0,0,0,0,0,0,0,0,0,0,191,0,0,0,\N,\N,\N,285,0,13,\N
19,286,1,13,13,0,0,101,10,0,0,0,0,0,0,0,0,0,0,192,0,0,7,\N,\N,\N,286,0,11,\N
19,287,1,0,13,0,0,101,20,0,0,0,0,0,0,0,0,0,0,193,0,0,7,\N,\N,\N,287,0,27,\N
19,288,1,7,13,0,0,101,5,0,0,0,0,0,0,0,0,0,0,194,0,0,7,\N,\N,\N,288,0,29,\N
19,289,1,16,13,0,0,101,10,4,0,0,0,0,0,0,0,0,0,195,0,0,7,\N,\N,\N,289,0,14,\N
19,290,1,0,0,1,70,100,20,0,0,0,0,30,0,0,0,0,0,197,0,0,0,\N,\N,\N,622,140,\N,\N
19,291,1,10,0,1,80,100,10,0,0,0,0,0,0,0,0,0,0,255,0,0,0,\N,\N,\N,642,160,\N,\N
19,292,1,1,0,1,15,100,20,0,2,5,0,0,0,0,0,0,0,29,0,0,0,\N,\N,\N,624,100,\N,\N
19,293,1,0,13,0,0,101,20,0,0,0,0,0,0,0,0,0,0,213,0,0,7,\N,\N,\N,293,0,19,\N
19,294,1,6,2,0,0,101,20,0,0,0,0,0,0,0,0,0,0,321,0,0,7,\N,\N,\N,294,0,26,\N
19,295,1,13,6,2,70,100,5,0,0,0,0,0,0,0,0,0,0,72,0,0,0,\N,\N,\N,648,140,\N,\N
19,296,1,13,6,2,70,100,5,0,0,0,0,0,0,0,0,0,0,71,0,0,0,\N,\N,\N,648,140,\N,\N
19,297,1,2,2,0,0,100,15,0,0,0,0,0,0,0,0,0,0,58,0,0,0,\N,\N,\N,297,0,4,\N
19,298,1,0,1,0,0,100,20,0,0,0,6,0,2,2,5,0,0,199,0,0,4,\N,\N,\N,298,0,7,\N
19,299,1,9,4,1,85,90,10,0,0,0,4,10,1,0,0,1,0,200,0,0,0,\N,\N,\N,640,160,\N,\N
19,300,1,4,10,0,0,101,15,0,0,0,0,0,0,0,0,0,0,201,0,0,10,\N,\N,\N,300,0,10,\N
19,301,1,14,0,1,30,90,20,0,0,0,0,0,0,0,0,0,0,117,0,0,0,\N,\N,\N,650,100,\N,\N
19,302,1,11,0,1,60,100,15,0,0,0,0,0,0,0,0,0,30,31,0,0,0,\N,\N,\N,644,120,\N,\N
19,303,1,0,3,0,0,101,10,0,0,0,0,0,0,0,0,0,0,32,0,50,7,\N,\N,\N,303,0,26,\N
19,304,1,0,0,2,90,100,10,0,0,0,0,0,0,0,0,0,0,0,0,0,5,\N,\N,\N,622,175,\N,\N
19,305,1,3,4,1,50,100,15,0,0,0,5,50,1,15,15,0,0,202,0,0,0,\N,\N,\N,628,100,\N,\N
19,306,1,0,6,1,75,95,10,0,0,0,0,0,0,0,0,0,0,69,0,0,0,\N,\N,\N,622,140,\N,\N
19,307,1,9,0,2,150,90,5,0,0,0,0,0,0,0,0,0,0,80,0,0,0,\N,\N,\N,640,200,\N,\N
19,308,1,10,0,2,150,90,5,0,0,0,0,0,0,0,0,0,0,80,0,0,0,\N,\N,\N,642,200,\N,\N
19,309,1,8,7,1,90,90,10,0,0,0,0,0,0,0,0,0,0,139,0,0,0,\N,\N,\N,638,175,\N,\N
19,310,1,7,0,1,30,100,15,0,0,0,0,0,0,0,0,0,30,31,0,0,0,\N,\N,\N,636,100,\N,\N
19,311,1,0,0,2,50,100,10,0,0,0,0,0,0,0,0,0,0,203,0,0,0,\N,\N,\N,622,160,\N,\N
19,312,1,11,13,0,0,101,5,0,0,0,0,0,0,0,0,0,0,102,0,0,6,\N,\N,\N,312,0,27,\N
19,313,1,16,2,0,0,100,20,0,0,0,0,0,0,0,0,0,0,62,0,0,0,\N,\N,\N,313,0,7,\N
19,314,1,2,0,2,60,95,25,0,0,0,0,0,0,0,0,1,0,43,0,0,5,\N,\N,\N,626,120,\N,\N
19,315,1,9,7,2,130,90,5,0,0,0,0,0,0,0,0,0,0,204,0,0,0,\N,\N,\N,640,195,\N,\N
19,316,1,0,1,0,0,101,40,0,0,0,17,0,1,0,0,0,0,113,0,0,0,\N,\N,\N,316,0,1,\N
19,317,1,5,6,1,60,95,15,0,0,0,0,0,0,0,0,0,0,70,0,0,0,\N,\N,\N,632,120,\N,\N
19,318,1,6,7,2,60,100,5,0,0,0,0,0,0,0,0,0,0,140,0,0,0,\N,\N,\N,634,120,\N,\N
19,319,1,8,2,0,0,85,40,0,0,0,0,0,0,0,0,0,0,62,0,0,0,\N,\N,\N,319,0,7,\N
19,320,1,11,1,0,0,55,15,0,0,0,2,0,2,2,4,0,0,1,0,0,0,\N,\N,\N,320,0,13,\N
19,321,1,0,2,0,0,100,20,0,0,0,0,0,0,0,0,0,0,205,0,0,0,\N,\N,\N,321,0,4,\N
19,322,1,13,2,0,0,101,20,0,0,0,0,0,0,0,0,0,0,206,0,0,7,\N,\N,\N,322,0,10,\N
19,323,1,10,0,2,150,100,5,0,0,0,0,0,0,0,0,0,0,190,0,0,5,\N,\N,\N,642,200,\N,\N
19,324,1,6,4,2,75,100,15,0,0,0,6,10,2,2,5,0,0,76,0,0,0,\N,\N,\N,634,140,\N,\N
19,325,1,7,0,1,60,101,20,0,0,0,0,0,0,0,0,0,0,17,0,0,0,\N,\N,\N,636,120,\N,\N
19,326,1,13,0,2,80,100,20,0,0,0,0,0,0,0,0,0,10,31,0,0,0,\N,\N,\N,648,160,\N,\N
19,327,1,1,0,1,85,90,15,0,0,0,0,0,0,0,0,0,0,207,0,0,0,\N,\N,\N,624,160,\N,\N
19,328,1,4,4,1,35,85,15,0,0,0,8,100,4,5,6,0,0,42,0,0,0,\N,\N,\N,630,100,\N,\N
19,329,1,14,9,2,1,30,5,0,0,0,0,0,0,0,0,0,0,38,0,0,0,\N,\N,\N,650,180,\N,\N
19,330,1,10,6,2,90,85,10,0,0,0,0,0,0,0,0,0,0,73,0,0,5,\N,\N,\N,642,175,\N,\N
19,331,1,11,0,1,25,100,30,0,2,5,0,0,0,0,0,0,0,29,0,0,0,\N,\N,\N,644,140,\N,\N
19,332,1,2,0,1,60,101,20,0,0,0,0,0,0,0,0,0,0,17,0,0,0,\N,\N,\N,626,120,\N,\N
19,333,1,14,0,1,25,100,30,0,2,5,0,0,0,0,0,0,0,29,0,0,0,\N,\N,\N,650,140,\N,\N
19,334,1,8,2,0,0,101,15,0,0,0,0,0,0,0,0,0,0,51,0,0,7,\N,\N,\N,334,0,26,\N
19,335,1,0,13,0,0,101,5,0,0,0,0,0,0,0,0,0,0,106,0,0,0,\N,\N,\N,335,0,4,\N
19,336,1,0,2,0,0,101,40,0,0,0,0,0,0,0,0,0,0,10,0,0,7,\N,\N,\N,336,0,1,\N
19,337,1,15,0,1,80,100,15,0,0,0,0,0,0,0,0,0,0,0,0,0,0,\N,\N,\N,652,160,\N,\N
19,338,1,11,0,2,150,90,5,0,0,0,0,0,0,0,0,0,0,80,0,0,0,\N,\N,\N,644,200,\N,\N
19,339,1,1,2,0,0,101,20,0,0,0,0,0,0,0,0,0,0,208,0,0,7,\N,\N,\N,339,0,1,\N
19,340,1,2,4,1,85,85,5,0,0,0,1,30,1,0,0,0,0,263,0,0,0,\N,\N,\N,626,160,\N,\N
19,341,1,4,6,2,55,95,15,0,0,0,0,0,0,0,0,0,0,70,0,0,0,\N,\N,\N,630,100,\N,\N
19,342,1,3,4,1,50,100,25,0,0,0,5,10,1,0,0,1,0,209,0,0,0,\N,\N,\N,628,100,\N,\N
19,343,1,0,0,1,60,100,25,0,0,0,0,0,0,0,0,0,0,105,0,0,0,\N,\N,\N,622,120,\N,\N
19,344,1,12,4,1,120,100,15,0,0,0,1,10,1,0,0,0,0,262,-33,0,0,\N,\N,\N,646,190,\N,\N
19,345,1,11,0,2,60,101,20,0,0,0,0,0,0,0,0,0,0,17,0,0,0,\N,\N,\N,644,120,\N,\N
19,346,1,10,10,0,0,101,15,0,0,0,0,0,0,0,0,0,0,210,0,0,10,\N,\N,\N,346,0,10,\N
19,347,1,13,2,0,0,101,20,0,0,0,0,0,0,0,0,0,0,211,0,0,7,\N,\N,\N,347,0,26,\N
19,348,1,11,0,1,90,100,15,0,0,0,0,0,0,0,0,1,0,43,0,0,0,\N,\N,\N,644,175,\N,\N
19,349,1,15,2,0,0,101,20,0,0,0,0,0,0,0,0,0,0,212,0,0,7,\N,\N,\N,349,0,26,\N
19,350,1,5,0,1,25,90,10,0,2,5,0,0,0,0,0,0,0,29,0,0,0,\N,\N,\N,632,140,\N,\N
19,351,1,12,0,2,60,101,20,0,0,0,0,0,0,0,0,0,0,17,0,0,0,\N,\N,\N,646,120,\N,\N
19,352,1,10,4,2,60,100,20,0,0,0,6,20,2,2,5,0,0,76,0,0,0,\N,\N,\N,642,120,\N,\N
19,353,1,8,13,2,140,100,5,0,0,0,0,0,0,0,0,0,0,148,0,0,0,\N,\N,\N,638,200,\N,\N
19,354,1,13,7,2,140,90,5,0,0,0,0,0,0,0,0,0,0,204,0,0,0,\N,\N,\N,648,200,\N,\N
19,355,1,2,3,0,0,101,10,0,0,0,0,0,0,0,0,0,0,214,0,50,7,\N,\N,\N,355,0,26,\N
19,356,1,13,10,0,0,101,5,0,0,0,0,0,0,0,0,0,0,215,0,0,10,\N,\N,\N,356,0,7,\N
19,357,1,13,1,0,0,101,40,0,0,0,17,0,1,0,0,0,0,216,0,0,0,\N,\N,\N,357,0,7,\N
19,358,1,1,0,1,70,100,10,0,0,0,0,0,0,0,0,0,0,217,0,0,0,\N,\N,\N,624,140,\N,\N
19,359,1,1,7,1,100,90,10,0,0,0,0,0,0,0,0,0,0,218,0,0,0,\N,\N,\N,624,180,\N,\N
19,360,1,8,0,1,1,100,5,0,0,0,0,0,0,0,0,0,0,219,0,0,0,\N,\N,\N,638,160,\N,\N
19,361,1,13,13,0,0,101,10,0,0,0,0,0,0,0,0,0,0,220,0,0,7,\N,\N,\N,361,0,\N,\N
19,362,1,10,0,2,65,100,10,0,0,0,0,0,0,0,0,0,0,221,0,0,0,\N,\N,\N,642,120,\N,\N
19,363,1,0,0,1,1,100,15,0,0,0,0,0,0,0,0,0,0,222,0,0,0,\N,\N,\N,622,160,\N,\N
19,364,1,0,0,1,30,100,10,2,0,0,0,0,0,0,0,0,0,223,0,0,0,\N,\N,\N,622,100,\N,\N
19,365,1,2,0,1,60,100,20,0,0,0,0,0,0,0,0,0,0,224,0,0,0,\N,\N,\N,626,120,\N,\N
19,366,1,2,11,0,0,101,15,0,0,0,0,0,0,0,0,0,0,225,0,0,12,\N,\N,\N,366,0,25,\N
19,367,1,0,13,0,0,101,30,0,0,0,0,0,0,0,0,0,0,226,0,0,1,\N,\N,\N,367,0,25,\N
19,368,1,8,0,1,1,100,10,0,0,0,0,0,0,0,0,0,0,227,0,0,13,\N,\N,\N,638,100,\N,\N
19,369,1,6,0,1,70,100,20,0,0,0,0,0,0,0,0,0,0,228,0,0,0,\N,\N,\N,634,140,\N,\N
19,370,1,1,7,1,120,100,5,0,0,0,0,0,0,0,0,0,0,229,0,0,0,\N,\N,\N,624,190,\N,\N
19,371,1,16,0,1,50,100,10,0,0,0,0,0,0,0,0,0,0,230,0,0,0,\N,\N,\N,654,100,\N,\N
19,372,1,16,0,1,60,100,10,0,0,0,0,0,0,0,0,0,0,231,0,0,0,\N,\N,\N,654,120,\N,\N
19,373,1,16,1,0,0,100,15,0,0,0,19,0,2,5,5,0,0,232,0,0,0,\N,\N,\N,373,0,7,\N
19,374,1,16,0,1,1,100,10,0,0,0,0,0,0,0,0,0,0,233,0,0,0,\N,\N,\N,654,100,\N,\N
19,375,1,13,13,0,0,100,10,0,0,0,0,0,0,0,0,0,0,234,0,0,0,\N,\N,\N,375,0,8,\N
19,376,1,0,0,2,1,101,5,0,0,0,0,0,0,0,0,0,0,235,0,0,0,\N,\N,\N,622,160,\N,\N
19,377,1,13,1,0,0,100,15,0,0,0,15,0,2,5,5,0,0,236,0,0,5,\N,\N,\N,377,0,8,\N
19,378,1,0,0,2,1,100,5,0,0,0,0,0,0,0,0,0,0,237,0,0,0,\N,\N,\N,622,190,\N,\N
19,379,1,13,13,0,0,101,10,0,0,0,0,0,0,0,0,0,0,238,0,0,7,\N,\N,\N,379,0,1,\N
19,380,1,3,13,0,0,100,10,0,0,0,0,0,0,0,0,0,0,239,0,0,0,\N,\N,\N,380,0,13,\N
19,381,1,0,11,0,0,101,30,0,0,0,0,0,0,0,0,0,0,240,0,0,12,\N,\N,\N,381,0,19,\N
19,382,1,0,0,0,1,101,20,0,0,0,0,0,0,0,0,0,0,241,0,0,3,\N,\N,\N,382,0,14,\N
19,383,1,0,13,0,0,101,20,0,0,0,0,0,0,0,0,0,0,242,0,0,7,\N,\N,\N,383,0,16,\N
19,384,1,13,13,0,0,101,10,0,0,0,0,0,0,0,0,0,0,243,0,0,0,\N,\N,\N,384,0,13,\N
19,385,1,13,13,0,0,101,10,0,0,0,0,0,0,0,0,0,0,244,0,0,0,\N,\N,\N,385,0,13,\N
19,386,1,16,0,1,1,100,5,0,0,0,0,0,0,0,0,0,0,245,0,0,0,\N,\N,\N,654,160,\N,\N
19,387,1,0,0,1,140,100,5,0,0,0,0,0,0,0,0,0,0,246,0,0,0,\N,\N,\N,622,200,\N,\N
19,388,1,11,13,0,0,100,10,0,0,0,0,0,0,0,0,0,0,247,0,0,0,\N,\N,\N,388,0,13,\N
19,389,1,16,0,1,70,100,5,1,0,0,0,0,0,0,0,0,0,248,0,0,0,\N,\N,\N,654,140,\N,\N
19,390,1,3,11,0,0,101,20,0,0,0,0,0,0,0,0,0,0,249,0,0,11,\N,\N,\N,390,0,4,\N
19,391,1,13,13,0,0,101,10,0,0,0,0,0,0,0,0,0,0,250,0,0,0,\N,\N,\N,391,0,25,\N
19,392,1,10,13,0,0,101,20,0,0,0,0,0,0,0,0,0,0,251,0,0,7,\N,\N,\N,392,0,4,\N
19,393,1,12,13,0,0,101,10,0,0,0,0,0,0,5,5,0,0,252,0,0,7,\N,\N,\N,393,0,19,\N
19,394,1,9,4,1,120,100,15,0,0,0,4,10,1,0,0,0,0,253,-33,0,0,\N,\N,\N,640,190,\N,\N
19,395,1,1,4,1,60,100,10,0,0,0,1,30,1,0,0,0,0,6,0,0,0,\N,\N,\N,624,120,\N,\N
19,396,1,1,0,2,80,101,20,0,0,0,0,0,0,0,0,0,0,17,0,0,0,\N,\N,\N,624,160,\N,\N
19,397,1,5,2,0,0,101,20,0,0,0,0,0,0,0,0,0,0,52,0,0,7,\N,\N,\N,397,0,26,\N
19,398,1,3,4,1,80,100,20,0,0,0,5,30,1,0,0,0,0,2,0,0,0,\N,\N,\N,628,160,\N,\N
19,399,1,16,0,2,80,100,15,0,0,0,0,0,0,0,0,0,20,31,0,0,0,\N,\N,\N,654,160,\N,\N
19,400,1,16,0,1,70,100,15,0,0,0,0,0,0,0,0,1,0,43,0,0,0,\N,\N,\N,654,140,\N,\N
19,401,1,10,0,1,90,90,10,0,0,0,0,0,0,0,0,0,0,0,0,0,0,\N,\N,\N,642,175,\N,\N
19,402,1,11,0,1,80,100,15,0,0,0,0,0,0,0,0,0,0,0,0,0,0,\N,\N,\N,644,160,\N,\N
19,403,1,2,0,2,75,95,15,0,0,0,0,0,0,0,0,0,30,31,0,0,0,\N,\N,\N,626,140,\N,\N
19,404,1,6,0,1,80,100,15,0,0,0,0,0,0,0,0,0,0,0,0,0,0,\N,\N,\N,634,160,\N,\N
19,405,1,6,6,2,90,100,10,0,0,0,0,0,0,0,0,0,0,72,0,0,0,\N,\N,\N,634,175,\N,\N
19,406,1,15,0,2,85,100,10,0,0,0,0,0,0,0,0,0,0,0,0,0,0,\N,\N,\N,652,160,\N,\N
19,407,1,15,0,1,100,75,10,0,0,0,0,0,0,0,0,0,20,31,0,0,0,\N,\N,\N,652,180,\N,\N
19,408,1,5,0,2,80,100,20,0,0,0,0,0,0,0,0,0,0,0,0,0,0,\N,\N,\N,632,160,\N,\N
19,409,1,1,8,1,75,100,10,0,0,0,0,0,0,0,0,0,0,3,50,0,0,\N,\N,\N,624,140,\N,\N
19,410,1,1,0,2,40,100,30,1,0,0,0,0,0,0,0,0,0,103,0,0,0,\N,\N,\N,624,100,\N,\N
19,411,1,1,6,2,120,70,5,0,0,0,0,0,0,0,0,0,0,72,0,0,0,\N,\N,\N,624,190,\N,\N
19,412,1,11,6,2,90,100,10,0,0,0,0,0,0,0,0,0,0,72,0,0,0,\N,\N,\N,644,175,\N,\N
19,413,1,2,0,1,120,100,15,0,0,0,0,0,0,0,0,0,0,198,-33,0,0,\N,\N,\N,626,190,\N,\N
19,414,1,4,6,2,90,100,10,0,0,0,0,0,0,0,0,0,0,72,0,0,0,\N,\N,\N,630,175,\N,\N
19,415,1,16,13,0,0,100,10,0,0,0,0,0,0,0,0,0,0,177,0,0,0,\N,\N,\N,415,0,14,\N
19,416,1,0,0,1,150,90,5,0,0,0,0,0,0,0,0,0,0,80,0,0,0,\N,\N,\N,622,200,\N,\N
19,417,1,16,2,0,0,101,20,0,0,0,0,0,0,0,0,0,0,53,0,0,7,\N,\N,\N,417,0,26,\N
19,418,1,8,0,1,40,100,30,1,0,0,0,0,0,0,0,0,0,103,0,0,0,\N,\N,\N,638,100,\N,\N
19,419,1,14,0,1,60,100,10,-4,0,0,0,0,0,0,0,0,0,185,0,0,0,\N,\N,\N,650,120,\N,\N
19,420,1,14,0,1,40,100,30,1,0,0,0,0,0,0,0,0,0,103,0,0,0,\N,\N,\N,650,100,\N,\N
19,421,1,7,0,1,70,100,15,0,0,0,0,0,0,0,0,1,0,43,0,0,0,\N,\N,\N,636,140,\N,\N
19,422,1,12,4,1,65,95,15,0,0,0,1,10,1,0,0,0,10,275,0,0,0,\N,\N,\N,646,120,\N,\N
19,423,1,14,4,1,65,95,15,0,0,0,3,10,1,0,0,0,10,274,0,0,0,\N,\N,\N,650,120,\N,\N
19,424,1,9,4,1,65,95,15,0,0,0,4,10,1,0,0,0,10,273,0,0,0,\N,\N,\N,640,120,\N,\N
19,425,1,7,0,1,40,100,30,1,0,0,0,0,0,0,0,0,0,103,0,0,0,\N,\N,\N,636,100,\N,\N
19,426,1,4,6,2,65,85,10,0,0,0,0,0,0,0,0,0,0,73,0,0,0,\N,\N,\N,630,120,\N,\N
19,427,1,13,0,1,70,100,20,0,0,0,0,0,0,0,0,1,0,43,0,0,0,\N,\N,\N,648,140,\N,\N
19,428,1,13,0,1,80,90,15,0,0,0,0,0,0,0,0,0,20,31,0,0,0,\N,\N,\N,648,160,\N,\N
19,429,1,8,6,2,65,85,10,0,0,0,0,0,0,0,0,0,0,73,0,0,0,\N,\N,\N,638,120,\N,\N
19,430,1,8,6,2,80,100,10,0,0,0,0,0,0,0,0,0,0,72,0,0,0,\N,\N,\N,638,160,\N,\N
19,431,1,0,4,1,90,85,20,0,0,0,6,20,2,2,5,0,0,76,0,0,0,\N,\N,\N,622,175,\N,\N
19,432,1,2,13,0,0,101,15,0,0,0,0,0,0,0,0,0,0,258,0,0,0,\N,\N,\N,432,0,16,\N
19,433,1,13,10,0,0,101,5,-7,0,0,0,0,0,0,0,0,0,259,0,0,10,\N,\N,\N,433,0,16,\N
19,434,1,15,7,2,130,90,5,0,0,0,0,0,0,0,0,0,0,204,0,0,0,\N,\N,\N,652,195,\N,\N
19,435,1,12,4,2,80,100,15,0,0,0,1,30,1,0,0,0,0,6,0,0,4,\N,\N,\N,646,160,\N,\N
19,436,1,9,4,2,80,100,15,0,0,0,4,30,1,0,0,0,0,4,0,0,4,\N,\N,\N,640,160,\N,\N
19,437,1,11,7,2,130,90,5,0,0,0,0,0,0,0,0,0,0,204,0,0,0,\N,\N,\N,644,195,\N,\N
19,438,1,11,0,1,120,85,10,0,0,0,0,0,0,0,0,0,0,0,0,0,0,\N,\N,\N,644,190,\N,\N
19,439,1,5,0,1,150,90,5,0,0,0,0,0,0,0,0,0,0,80,0,0,0,\N,\N,\N,632,200,\N,\N
19,440,1,3,4,1,70,100,20,0,0,0,5,10,1,0,0,1,0,209,0,0,0,\N,\N,\N,628,140,\N,\N
19,441,1,3,4,1,120,80,5,0,0,0,5,30,1,0,0,0,0,2,0,0,0,\N,\N,\N,628,190,\N,\N
19,442,1,8,0,1,80,100,15,0,0,0,0,0,0,0,0,0,30,31,0,0,0,\N,\N,\N,638,160,\N,\N
19,443,1,8,0,1,60,101,20,0,0,0,0,0,0,0,0,0,0,17,0,0,0,\N,\N,\N,638,120,\N,\N
19,444,1,5,0,1,100,80,5,0,0,0,0,0,0,0,0,1,0,43,0,0,0,\N,\N,\N,632,180,\N,\N
19,445,1,0,2,0,0,100,20,0,0,0,0,0,0,0,0,0,0,265,0,0,5,\N,\N,\N,445,0,11,\N
19,446,1,5,11,0,0,101,20,0,0,0,0,0,0,0,0,0,0,266,0,0,11,\N,\N,\N,446,0,4,\N
19,447,1,11,0,2,1,100,20,0,0,0,0,0,0,0,0,0,0,196,0,0,0,\N,\N,\N,644,160,\N,\N
19,448,1,2,4,2,65,100,20,0,0,0,6,100,2,2,5,0,0,267,0,0,0,\N,\N,\N,626,120,\N,\N
19,449,1,0,0,2,100,100,10,0,0,0,0,0,0,0,0,0,0,268,0,0,0,\N,\N,\N,622,180,\N,\N
19,450,1,6,0,1,60,100,20,0,0,0,0,0,0,0,0,0,0,224,0,0,0,\N,\N,\N,634,120,\N,\N
19,451,1,12,7,2,50,90,10,0,0,0,0,0,0,0,0,0,0,276,0,0,0,\N,\N,\N,646,100,\N,\N
19,452,1,11,0,1,120,100,15,0,0,0,0,0,0,0,0,0,0,198,-33,0,0,\N,\N,\N,644,190,\N,\N
19,453,1,10,0,1,40,100,20,1,0,0,0,0,0,0,0,0,0,103,0,0,0,\N,\N,\N,642,100,\N,\N
19,454,1,6,0,1,90,100,15,0,0,0,0,0,0,0,0,1,0,43,0,0,0,\N,\N,\N,634,175,\N,\N
19,455,1,6,2,0,0,101,10,0,0,0,0,0,0,0,0,0,0,206,0,0,7,\N,\N,\N,455,0,4,\N
19,456,1,6,3,0,0,101,10,0,0,0,0,0,0,0,0,0,0,32,0,50,7,\N,\N,\N,456,0,26,\N
19,457,1,5,0,1,150,80,5,0,0,0,0,0,0,0,0,0,0,269,-50,0,0,\N,\N,\N,632,200,\N,\N
19,458,1,0,0,1,35,90,10,0,2,2,0,0,0,0,0,0,0,44,0,0,0,\N,\N,\N,622,140,\N,\N
19,459,1,15,0,2,150,90,5,0,0,0,0,0,0,0,0,0,0,80,0,0,0,\N,\N,\N,652,200,\N,\N
19,460,1,15,0,2,100,95,5,0,0,0,0,0,0,0,0,1,0,43,0,0,0,\N,\N,\N,652,180,\N,\N
19,461,1,13,13,0,0,101,10,0,0,0,0,0,0,0,0,0,0,270,0,0,7,\N,\N,\N,461,0,\N,\N
19,462,1,0,0,1,1,100,5,0,0,0,0,0,0,0,0,0,0,237,0,0,0,\N,\N,\N,622,190,\N,\N
19,463,1,9,4,2,100,75,5,0,0,0,8,100,4,5,6,0,0,42,0,0,0,\N,\N,\N,640,180,\N,\N
19,464,1,16,1,0,0,50,10,0,0,0,2,0,2,2,4,0,0,1,0,0,5,\N,\N,\N,464,0,26,\N
19,465,1,11,6,2,120,85,5,0,0,0,0,0,0,0,0,0,0,271,0,0,0,\N,\N,\N,644,190,\N,\N
19,466,1,7,7,2,60,100,5,0,0,0,0,10,0,0,0,0,0,140,0,0,0,\N,\N,\N,636,120,\N,\N
19,467,1,7,0,1,120,100,5,0,0,0,0,0,0,0,0,0,0,272,0,0,0,\N,\N,\N,636,190,\N,\N
19,468,1,16,2,0,0,101,15,0,0,0,0,0,0,0,0,0,0,277,0,0,7,\N,\N,\N,468,0,1,\N
19,469,1,5,11,0,0,101,10,3,0,0,0,0,0,0,0,0,0,278,0,0,12,\N,\N,\N,469,0,4,\N
19,470,1,13,13,0,0,101,10,0,0,0,0,0,0,0,0,0,0,279,0,0,0,\N,\N,\N,470,0,13,\N
19,471,1,13,13,0,0,101,10,0,0,0,0,0,0,0,0,0,0,280,0,0,0,\N,\N,\N,471,0,13,\N
19,472,1,13,10,0,0,101,10,0,0,0,0,0,0,0,0,0,0,281,0,0,10,\N,\N,\N,472,0,10,\N
19,473,1,13,0,2,80,100,10,0,0,0,0,0,0,0,0,0,0,282,0,0,0,\N,\N,\N,648,160,\N,\N
19,474,1,3,0,2,65,100,10,0,0,0,0,0,0,0,0,0,0,283,0,0,0,\N,\N,\N,628,120,\N,\N
19,475,1,8,2,0,0,101,15,0,0,0,0,0,0,0,0,0,0,284,0,0,7,\N,\N,\N,475,0,26,\N
19,476,1,6,13,0,0,101,20,2,0,0,0,0,0,0,0,0,0,172,0,0,7,\N,\N,\N,476,0,26,\N
19,477,1,13,1,0,0,101,15,0,0,0,101,0,2,3,3,0,0,285,0,0,0,\N,\N,\N,477,0,7,\N
19,478,1,13,10,0,0,101,10,0,0,0,0,0,0,0,0,0,0,286,0,0,10,\N,\N,\N,478,0,10,\N
19,479,1,5,0,1,50,100,15,0,0,0,101,100,1,0,0,0,0,287,0,0,0,\N,\N,\N,632,100,\N,\N
19,480,1,1,0,1,60,100,10,0,0,0,0,0,0,0,0,6,0,288,0,0,0,\N,\N,\N,624,120,\N,\N
19,481,1,9,0,2,70,100,15,0,0,0,0,0,0,0,0,0,0,289,0,0,0,\N,\N,\N,640,140,\N,\N
19,482,1,3,4,2,95,100,10,0,0,0,5,10,1,0,0,0,0,2,0,0,4,\N,\N,\N,628,175,\N,\N
19,483,1,6,2,0,0,101,20,0,0,0,0,0,0,0,0,0,0,290,0,0,7,\N,\N,\N,483,0,26,\N
19,484,1,8,0,1,1,100,10,0,0,0,0,0,0,0,0,0,0,291,0,0,0,\N,\N,\N,638,160,\N,\N
19,485,1,13,0,2,120,100,10,0,0,0,0,0,0,0,0,0,0,292,0,0,4,\N,\N,\N,648,190,\N,\N
19,486,1,12,0,2,1,100,10,0,0,0,0,0,0,0,0,0,0,293,0,0,0,\N,\N,\N,646,160,\N,\N
19,487,1,10,13,0,0,100,20,0,0,0,0,0,0,0,0,0,0,294,0,0,0,\N,\N,\N,487,0,7,\N
19,488,1,9,7,1,50,100,20,0,0,0,0,0,0,0,0,0,0,295,0,0,0,\N,\N,\N,640,100,\N,\N
19,489,1,3,2,0,0,101,20,0,0,0,0,0,0,0,0,0,0,322,0,0,7,\N,\N,\N,489,0,26,\N
19,490,1,1,6,1,65,100,20,0,0,0,0,0,0,0,0,0,0,20,0,0,0,\N,\N,\N,624,120,\N,\N
19,491,1,3,6,2,40,100,20,0,0,0,0,0,0,0,0,0,0,296,0,0,0,\N,\N,\N,628,100,\N,\N
19,492,1,16,0,1,95,100,15,0,0,0,0,0,0,0,0,0,0,297,0,0,0,\N,\N,\N,654,175,\N,\N
19,493,1,0,13,0,0,100,15,0,0,0,0,0,0,0,0,0,0,298,0,0,0,\N,\N,\N,493,0,7,\N
19,494,1,0,13,0,0,100,15,0,0,0,0,0,0,0,0,0,0,299,0,0,0,\N,\N,\N,494,0,10,\N
19,495,1,0,13,0,0,101,15,0,0,0,0,0,0,0,0,0,0,300,0,0,0,\N,\N,\N,495,0,13,\N
19,496,1,0,0,2,60,100,15,0,0,0,0,0,0,0,0,0,0,301,0,0,0,\N,\N,\N,622,120,\N,\N
19,497,1,0,0,2,40,100,15,0,0,0,0,0,0,0,0,0,0,302,0,0,0,\N,\N,\N,622,100,\N,\N
19,498,1,0,0,1,70,100,20,0,0,0,0,0,0,0,0,0,0,303,0,0,0,\N,\N,\N,622,140,\N,\N
19,499,1,3,0,2,50,101,15,0,0,0,0,0,0,0,0,0,0,304,0,0,0,\N,\N,\N,628,100,\N,\N
19,500,1,13,0,2,20,100,10,0,0,0,0,0,0,0,0,0,0,305,0,0,0,\N,\N,\N,648,160,\N,\N
19,501,1,1,11,0,0,101,15,3,0,0,0,0,0,0,0,0,0,306,0,0,12,\N,\N,\N,501,0,4,\N
19,502,1,13,13,0,0,101,15,2,0,0,0,0,0,0,0,0,0,307,0,0,7,\N,\N,\N,502,0,14,\N
19,503,1,10,4,2,80,100,15,0,0,0,4,30,1,0,0,0,0,4,0,0,0,\N,\N,\N,642,160,\N,\N
19,504,1,0,13,0,0,101,15,0,0,0,0,0,0,0,0,0,0,308,0,0,7,\N,\N,\N,504,0,26,\N
19,505,1,13,3,0,0,101,10,0,0,0,0,0,0,0,0,0,0,309,0,50,0,\N,\N,\N,505,0,26,\N
19,506,1,7,0,2,65,100,10,0,0,0,0,0,0,0,0,0,0,310,0,0,0,\N,\N,\N,636,160,\N,\N
19,507,1,2,0,1,60,100,10,0,0,0,0,0,0,0,0,0,0,311,0,0,0,\N,\N,\N,626,120,\N,\N
19,508,1,8,2,0,0,101,10,0,0,0,0,0,0,0,0,0,0,312,0,0,7,\N,\N,\N,508,0,26,\N
19,509,1,1,0,1,60,90,10,-6,0,0,0,0,0,0,0,0,0,313,0,0,0,\N,\N,\N,624,120,\N,\N
19,510,1,9,0,2,60,100,15,0,0,0,0,0,0,0,0,0,0,314,0,0,5,\N,\N,\N,640,120,\N,\N
19,511,1,16,13,0,0,100,15,0,0,0,0,0,0,0,0,0,0,315,0,0,0,\N,\N,\N,511,0,13,\N
19,512,1,2,0,1,55,100,15,0,0,0,0,0,0,0,0,0,0,317,0,0,0,\N,\N,\N,626,100,\N,\N
19,513,1,0,13,0,0,101,15,0,0,0,0,0,0,0,0,0,0,318,0,0,0,\N,\N,\N,513,0,7,\N
19,514,1,0,0,1,70,100,5,0,0,0,0,0,0,0,0,0,0,319,0,0,0,\N,\N,\N,622,140,\N,\N
19,515,1,1,0,2,1,100,5,0,0,0,0,0,0,0,0,0,0,320,0,0,0,\N,\N,\N,624,180,\N,\N
19,516,1,0,13,0,0,101,15,0,0,0,0,0,0,0,0,0,0,323,0,0,0,\N,\N,\N,516,0,14,\N
19,517,1,9,4,2,100,50,5,0,0,0,4,100,1,0,0,0,0,4,0,0,0,\N,\N,\N,640,180,\N,\N
19,518,1,10,0,2,80,100,10,0,0,0,0,0,0,0,0,0,0,324,0,0,0,\N,\N,\N,642,160,\N,\N
19,519,1,9,0,2,80,100,10,0,0,0,0,0,0,0,0,0,0,325,0,0,0,\N,\N,\N,640,160,\N,\N
19,520,1,11,0,2,80,100,10,0,0,0,0,0,0,0,0,0,0,326,0,0,0,\N,\N,\N,644,160,\N,\N
19,521,1,12,0,2,70,100,20,0,0,0,0,0,0,0,0,0,0,228,0,0,0,\N,\N,\N,646,140,\N,\N
19,522,1,6,6,2,50,100,20,0,0,0,0,0,0,0,0,0,0,71,0,0,5,\N,\N,\N,634,100,\N,\N
19,523,1,4,6,1,60,100,20,0,0,0,0,0,0,0,0,0,0,70,0,0,4,\N,\N,\N,630,120,\N,\N
19,524,1,14,0,2,60,90,10,0,0,0,0,100,0,0,0,6,0,288,0,0,0,\N,\N,\N,650,120,\N,\N
19,525,1,15,0,1,60,90,10,-6,0,0,0,0,0,0,0,0,0,313,0,0,0,\N,\N,\N,652,120,\N,\N
19,526,1,0,2,0,0,101,30,0,0,0,0,0,0,0,0,0,0,327,0,0,7,\N,\N,\N,526,0,1,\N
19,527,1,12,6,2,55,95,15,0,0,0,0,0,0,0,0,0,0,20,0,0,5,\N,\N,\N,646,100,\N,\N
19,528,1,12,0,1,90,100,15,0,0,0,0,0,0,0,0,0,0,48,-25,0,0,\N,\N,\N,646,175,\N,\N
19,529,1,4,0,1,80,95,10,0,0,0,0,0,0,0,0,1,0,43,0,0,0,\N,\N,\N,630,160,\N,\N
19,530,1,15,0,1,40,90,15,0,2,2,0,0,0,0,0,0,0,44,0,0,0,\N,\N,\N,652,100,\N,\N
19,531,1,13,0,1,60,100,25,0,0,0,0,0,0,0,0,0,30,31,0,0,0,\N,\N,\N,648,120,\N,\N
19,532,1,11,8,1,75,100,10,0,0,0,0,0,0,0,0,0,0,3,50,0,0,\N,\N,\N,644,140,\N,\N
19,533,1,1,0,1,90,100,15,0,0,0,0,0,0,0,0,0,0,303,0,0,0,\N,\N,\N,624,175,\N,\N
19,534,1,10,6,1,75,95,10,0,0,0,0,0,0,0,0,0,0,69,0,0,0,\N,\N,\N,642,140,\N,\N
19,535,1,9,0,1,1,100,10,0,0,0,0,0,0,0,0,0,0,291,0,0,0,\N,\N,\N,640,160,\N,\N
19,536,1,11,6,2,65,90,10,0,0,0,0,0,0,0,0,0,0,73,0,0,0,\N,\N,\N,644,120,\N,\N
19,537,1,6,0,1,65,100,20,0,0,0,0,0,0,0,0,0,30,150,0,0,0,\N,\N,\N,634,120,\N,\N
19,538,1,11,2,0,0,101,10,0,0,0,0,0,0,0,0,0,0,328,0,0,7,\N,\N,\N,538,0,26,\N
19,539,1,16,6,2,85,95,10,0,0,0,0,0,0,0,0,0,0,73,0,0,0,\N,\N,\N,654,160,\N,\N
19,540,1,13,0,2,100,100,10,0,0,0,0,0,0,0,0,0,0,282,0,0,0,\N,\N,\N,648,180,\N,\N
19,541,1,0,0,1,25,85,10,0,2,5,0,0,0,0,0,0,0,29,0,0,0,\N,\N,\N,622,140,\N,\N
19,542,1,2,4,2,110,70,10,0,0,0,6,30,2,2,5,0,0,333,0,0,0,\N,\N,\N,626,185,\N,\N
19,543,1,0,0,1,120,100,15,0,0,0,0,0,0,0,0,0,0,48,-25,0,0,\N,\N,\N,622,190,\N,\N
19,544,1,8,0,1,50,85,15,0,2,2,0,0,0,0,0,0,0,44,0,0,0,\N,\N,\N,638,180,\N,\N
19,545,1,9,4,2,100,100,5,0,0,0,4,30,1,0,0,0,0,4,0,0,4,\N,\N,\N,640,180,\N,\N
19,546,1,0,0,2,120,100,5,0,0,0,0,0,0,0,0,0,0,268,0,0,0,\N,\N,\N,622,190,\N,\N
19,547,1,0,4,2,75,100,10,0,0,0,2,10,2,2,4,0,0,329,0,0,5,\N,\N,\N,622,140,\N,\N
19,548,1,1,0,2,85,100,10,0,0,0,0,0,0,0,0,0,0,282,0,0,0,\N,\N,\N,624,160,\N,\N
19,549,1,14,6,2,65,95,10,0,0,0,0,0,0,0,0,0,0,330,0,0,5,\N,\N,\N,650,120,\N,\N
19,550,1,12,4,1,130,85,5,0,0,0,1,20,1,0,0,0,0,6,0,0,0,\N,\N,\N,646,195,\N,\N
19,551,1,9,4,2,130,85,5,0,0,0,4,20,1,0,0,0,0,4,0,0,0,\N,\N,\N,640,195,\N,\N
19,552,1,9,7,2,80,100,10,0,0,0,0,0,0,0,0,0,0,276,0,0,0,\N,\N,\N,640,160,\N,\N
19,553,1,14,4,1,140,90,5,0,0,0,1,30,1,0,0,0,0,331,0,0,0,\N,\N,\N,650,200,\N,\N
19,554,1,14,4,2,140,90,5,0,0,0,4,30,1,0,0,0,0,332,0,0,0,\N,\N,\N,650,200,\N,\N
19,555,1,16,6,2,55,95,15,0,0,0,0,0,0,0,0,0,0,71,0,0,5,\N,\N,\N,654,100,\N,\N
19,556,1,14,0,1,85,90,10,0,0,0,0,0,0,0,0,0,30,31,0,0,0,\N,\N,\N,650,160,\N,\N
19,557,1,9,7,1,180,95,5,0,0,0,0,0,0,0,0,0,0,334,0,0,0,\N,\N,\N,640,220,\N,\N
19,558,1,9,0,2,100,100,5,0,0,0,0,0,0,0,0,0,0,335,0,0,0,\N,\N,\N,640,180,\N,\N
19,559,1,12,0,1,100,100,5,0,0,0,0,0,0,0,0,0,0,336,0,0,0,\N,\N,\N,646,180,\N,\N
19,560,1,1,0,1,100,95,10,0,0,0,0,0,0,0,0,0,0,337,0,0,0,\N,\N,\N,624,170,\N,\N
19,561,1,1,11,0,0,101,10,0,0,0,0,0,0,0,0,0,0,376,0,0,12,\N,\N,\N,561,0,4,\N
19,562,1,3,0,2,120,90,10,0,0,0,0,0,0,0,0,0,0,338,0,0,0,\N,\N,\N,628,190,\N,\N
19,563,1,4,2,0,0,101,10,0,0,0,0,0,0,0,0,0,0,339,0,0,8,\N,\N,\N,563,0,1,\N
19,564,1,6,11,0,0,101,20,0,0,0,0,0,0,0,0,0,0,340,0,0,11,\N,\N,\N,564,0,13,\N
19,565,1,6,0,1,50,100,25,0,0,0,0,0,0,0,0,0,0,341,0,0,0,\N,\N,\N,634,100,\N,\N
19,566,1,7,0,1,90,100,10,0,0,0,0,0,0,0,0,0,0,272,0,0,0,\N,\N,\N,636,175,\N,\N
19,567,1,7,13,0,0,100,20,0,0,0,0,0,0,0,0,0,0,342,0,0,0,\N,\N,\N,567,0,22,\N
19,568,1,0,2,0,0,100,30,0,0,0,0,0,0,0,0,0,0,343,0,0,0,\N,\N,\N,568,0,4,\N
19,569,1,12,10,0,0,101,25,1,0,0,0,0,0,0,0,0,0,344,0,0,10,\N,\N,\N,569,0,7,\N
19,570,1,12,8,2,65,100,20,0,0,0,0,0,0,0,0,0,0,345,50,0,4,\N,\N,\N,646,120,\N,\N
19,571,1,11,13,0,0,100,20,0,0,0,0,0,0,0,0,0,0,375,0,0,0,\N,\N,\N,571,0,22,\N
19,572,1,11,0,1,90,100,15,0,0,0,0,0,0,0,0,0,0,378,0,0,4,\N,\N,\N,644,175,\N,\N
19,573,1,14,4,2,70,100,20,0,0,0,3,10,1,0,0,0,0,379,0,0,0,\N,\N,\N,650,140,\N,\N
19,574,1,17,0,2,40,101,15,0,0,0,0,0,0,0,0,0,0,380,0,0,5,\N,\N,\N,656,100,\N,\N
19,575,1,16,2,0,0,100,20,0,0,0,0,0,0,0,0,0,0,346,0,0,0,\N,\N,\N,575,0,28,\N
19,576,1,16,13,0,0,101,20,0,0,0,0,0,0,0,0,0,0,347,0,0,0,\N,\N,\N,576,0,1,\N
19,577,1,17,8,2,50,100,10,0,0,0,0,0,0,0,0,0,0,348,75,0,0,\N,\N,\N,656,100,\N,\N
19,578,1,17,11,0,0,101,10,3,0,0,0,0,0,0,0,0,0,349,0,0,12,\N,\N,\N,578,0,10,\N
19,579,1,17,13,0,0,101,10,0,0,0,0,0,0,0,0,0,0,350,0,0,8,\N,\N,\N,579,0,4,\N
19,580,1,11,10,0,0,101,10,0,0,0,0,0,0,0,0,0,0,351,0,0,10,\N,\N,\N,580,0,4,\N
19,581,1,17,10,0,0,101,10,0,0,0,0,0,0,0,0,0,0,352,0,0,10,\N,\N,\N,581,0,10,\N
19,582,1,12,13,0,0,101,20,0,0,0,0,0,0,0,0,0,0,353,0,0,0,\N,\N,\N,582,0,7,\N
19,583,1,17,6,1,90,90,10,0,0,0,0,0,0,0,0,0,0,68,0,0,0,\N,\N,\N,656,175,\N,\N
19,584,1,17,0,2,40,100,30,0,0,0,0,0,0,0,0,0,0,0,0,0,0,\N,\N,\N,656,100,\N,\N
19,585,1,17,6,2,95,100,15,0,0,0,0,0,0,0,0,0,0,71,0,0,0,\N,\N,\N,656,175,\N,\N
19,586,1,0,0,2,140,100,10,0,0,0,0,0,0,0,0,0,0,378,0,0,4,\N,\N,\N,622,200,\N,\N
19,587,1,17,10,0,0,101,10,0,0,0,0,0,0,0,0,0,0,354,0,0,10,\N,\N,\N,587,0,4,\N
19,588,1,8,13,0,0,101,10,4,0,0,0,0,0,0,0,0,0,355,0,0,7,\N,\N,\N,588,0,26,\N
19,589,1,0,2,0,0,101,20,0,0,0,0,0,0,0,0,0,0,356,0,0,0,\N,\N,\N,589,0,4,\N
19,590,1,0,2,0,0,101,20,0,0,0,0,0,0,0,0,0,0,357,0,0,0,\N,\N,\N,590,0,10,\N
19,591,1,5,7,1,100,95,5,0,0,0,0,0,0,0,0,0,0,358,0,0,5,\N,\N,\N,632,180,\N,\N
19,592,1,10,4,2,110,95,5,0,0,0,4,30,1,0,0,0,0,4,0,0,0,\N,\N,\N,642,185,\N,\N
19,593,1,13,0,2,80,101,5,0,0,0,0,0,0,0,0,0,0,359,0,0,0,\N,\N,\N,648,160,\N,\N
19,594,1,10,0,2,15,100,20,1,2,5,0,0,0,0,0,0,0,360,0,0,0,\N,\N,\N,642,100,\N,\N
19,595,1,9,6,2,75,100,10,0,0,0,0,0,0,0,0,0,0,71,0,0,0,\N,\N,\N,640,140,\N,\N
19,596,1,11,13,0,0,101,10,4,0,0,0,0,0,0,0,0,0,361,0,0,7,\N,\N,\N,596,0,4,\N
19,597,1,17,2,0,0,101,20,0,0,0,0,0,0,0,0,0,0,362,0,0,2,\N,\N,\N,597,0,11,\N
19,598,1,12,2,0,0,100,15,0,0,0,0,0,0,0,0,0,0,61,0,0,0,\N,\N,\N,598,0,10,\N
19,599,1,3,2,0,0,100,20,0,0,0,0,0,0,0,0,0,0,363,0,0,5,\N,\N,\N,599,0,4,\N
19,600,1,6,13,0,0,100,20,1,0,0,0,0,0,0,0,0,0,377,0,0,0,\N,\N,\N,600,0,11,\N
19,601,1,17,2,0,0,101,10,0,0,0,0,0,0,0,0,0,0,365,0,0,7,\N,\N,\N,601,0,22,\N
19,602,1,12,2,0,0,101,20,0,0,0,0,0,0,0,0,0,0,366,0,0,6,\N,\N,\N,602,0,10,\N
19,603,1,0,13,0,0,101,30,0,0,0,0,0,0,0,0,0,0,367,0,0,12,\N,\N,\N,603,0,22,\N
19,604,1,12,10,0,0,101,10,0,0,0,0,0,0,0,0,0,0,368,0,0,10,\N,\N,\N,604,0,13,\N
19,605,1,17,0,2,80,100,10,0,0,0,0,0,0,0,0,0,0,0,0,0,5,\N,\N,\N,656,160,\N,\N
19,606,1,0,13,0,0,101,40,0,0,0,0,0,0,0,0,0,0,369,0,0,7,\N,\N,\N,606,0,22,\N
19,607,1,0,13,0,0,101,40,0,0,0,0,0,0,0,0,0,0,370,0,0,2,\N,\N,\N,607,0,22,\N
19,608,1,17,2,0,0,100,30,1,0,0,0,0,0,0,0,0,0,364,0,0,0,\N,\N,\N,608,0,4,\N
19,609,1,12,4,1,20,100,20,0,0,0,1,100,1,0,0,0,0,371,0,0,0,\N,\N,\N,646,100,\N,\N
19,610,1,0,0,1,40,100,40,0,0,0,0,0,0,0,0,0,0,101,0,0,0,\N,\N,\N,622,100,\N,\N
19,611,1,6,4,2,20,100,20,0,0,0,8,100,4,5,6,0,0,42,0,0,0,\N,\N,\N,634,100,\N,\N
19,612,1,1,7,1,40,100,20,0,0,0,0,0,0,0,0,0,0,374,0,0,0,\N,\N,\N,624,100,\N,\N
19,613,1,2,8,2,80,100,10,0,0,0,0,0,0,0,0,0,0,348,75,0,0,\N,\N,\N,626,160,\N,\N
19,614,1,4,0,1,90,100,10,0,0,0,101,100,1,0,0,0,0,372,0,0,5,\N,\N,\N,630,180,\N,\N
19,615,1,4,0,1,90,100,10,0,0,0,0,0,0,0,0,0,0,373,0,0,5,\N,\N,\N,630,175,\N,\N
19,616,1,4,0,1,90,100,10,0,0,0,0,0,0,0,0,0,0,0,0,0,5,\N,\N,\N,630,185,\N,\N
19,617,1,17,0,2,140,90,5,0,0,0,0,0,0,0,0,0,0,269,-50,0,0,\N,\N,\N,656,200,\N,\N
19,618,1,10,0,2,110,85,10,0,0,0,0,0,0,0,0,0,0,0,0,0,5,\N,\N,\N,642,185,\N,\N
19,619,1,4,0,1,120,85,10,0,0,0,0,0,0,0,0,0,0,0,0,0,5,\N,\N,\N,630,190,\N,\N
19,620,1,2,7,1,120,100,5,0,0,0,0,0,0,0,0,0,0,229,0,0,0,\N,\N,\N,626,190,\N,\N
19,621,1,16,7,1,100,101,5,0,0,0,0,0,0,0,0,0,0,359,0,0,0,\N,\N,\N,654,180,\N,\N
19,622,1,0,0,1,1,101,1,0,0,0,0,0,0,0,0,0,0,0,0,0,0,\N,\N,\N,622,0,\N,\N
19,623,1,0,0,2,1,101,1,0,0,0,0,0,0,0,0,0,0,0,0,0,0,\N,\N,\N,623,0,\N,\N
19,624,1,1,0,1,1,101,1,0,0,0,0,0,0,0,0,0,0,0,0,0,0,\N,\N,\N,624,0,\N,\N
19,625,1,1,0,2,1,101,1,0,0,0,0,0,0,0,0,0,0,0,0,0,0,\N,\N,\N,625,0,\N,\N
19,626,1,2,0,1,1,101,1,0,0,0,0,0,0,0,0,0,0,0,0,0,0,\N,\N,\N,626,0,\N,\N
19,627,1,2,0,2,1,101,1,0,0,0,0,0,0,0,0,0,0,0,0,0,0,\N,\N,\N,627,0,\N,\N
19,628,1,3,0,1,1,101,1,0,0,0,0,0,0,0,0,0,0,0,0,0,0,\N,\N,\N,628,0,\N,\N
19,629,1,3,0,2,1,101,1,0,0,0,0,0,0,0,0,0,0,0,0,0,0,\N,\N,\N,629,0,\N,\N
19,630,1,4,0,1,1,101,1,0,0,0,0,0,0,0,0,0,0,0,0,0,0,\N,\N,\N,630,0,\N,\N
19,631,1,4,0,2,1,101,1,0,0,0,0,0,0,0,0,0,0,0,0,0,0,\N,\N,\N,631,0,\N,\N
19,632,1,5,0,1,1,101,1,0,0,0,0,0,0,0,0,0,0,0,0,0,0,\N,\N,\N,632,0,\N,\N
19,633,1,5,0,2,1,101,1,0,0,0,0,0,0,0,0,0,0,0,0,0,0,\N,\N,\N,633,0,\N,\N
19,634,1,6,0,1,1,101,1,0,0,0,0,0,0,0,0,0,0,0,0,0,0,\N,\N,\N,634,0,\N,\N
19,635,1,6,0,2,1,101,1,0,0,0,0,0,0,0,0,0,0,0,0,0,0,\N,\N,\N,635,0,\N,\N
19,636,1,7,0,1,1,101,1,0,0,0,0,0,0,0,0,0,0,0,0,0,0,\N,\N,\N,636,0,\N,\N
19,637,1,7,0,2,1,101,1,0,0,0,0,0,0,0,0,0,0,0,0,0,0,\N,\N,\N,637,0,\N,\N
19,638,1,8,0,1,1,101,1,0,0,0,0,0,0,0,0,0,0,0,0,0,0,\N,\N,\N,638,0,\N,\N
19,639,1,8,0,2,1,101,1,0,0,0,0,0,0,0,0,0,0,0,0,0,0,\N,\N,\N,639,0,\N,\N
19,640,1,9,0,1,1,101,1,0,0,0,0,0,0,0,0,0,0,0,0,0,0,\N,\N,\N,640,0,\N,\N
19,641,1,9,0,2,1,101,1,0,0,0,0,0,0,0,0,0,0,0,0,0,0,\N,\N,\N,641,0,\N,\N
19,642,1,10,0,1,1,101,1,0,0,0,0,0,0,0,0,0,0,0,0,0,0,\N,\N,\N,642,0,\N,\N
19,643,1,10,0,2,1,101,1,0,0,0,0,0,0,0,0,0,0,0,0,0,0,\N,\N,\N,643,0,\N,\N
19,644,1,11,0,1,1,101,1,0,0,0,0,0,0,0,0,0,0,0,0,0,0,\N,\N,\N,644,0,\N,\N
19,645,1,11,0,2,1,101,1,0,0,0,0,0,0,0,0,0,0,0,0,0,0,\N,\N,\N,645,0,\N,\N
19,646,1,12,0,1,1,101,1,0,0,0,0,0,0,0,0,0,0,0,0,0,0,\N,\N,\N,646,0,\N,\N
19,647,1,12,0,2,1,101,1,0,0,0,0,0,0,0,0,0,0,0,0,0,0,\N,\N,\N,647,0,\N,\N
19,648,1,13,0,1,1,101,1,0,0,0,0,0,0,0,0,0,0,0,0,0,0,\N,\N,\N,648,0,\N,\N
19,649,1,13,0,2,1,101,1,0,0,0,0,0,0,0,0,0,0,0,0,0,0,\N,\N,\N,649,0,\N,\N
19,650,1,14,0,1,1,101,1,0,0,0,0,0,0,0,0,0,0,0,0,0,0,\N,\N,\N,650,0,\N,\N
19,651,1,14,0,2,1,101,1,0,0,0,0,0,0,0,0,0,0,0,0,0,0,\N,\N,\N,651,0,\N,\N
19,652,1,15,0,1,1,101,1,0,0,0,0,0,0,0,0,0,0,0,0,0,0,\N,\N,\N,652,0,\N,\N
19,653,1,15,0,2,1,101,1,0,0,0,0,0,0,0,0,0,0,0,0,0,0,\N,\N,\N,653,0,\N,\N
19,654,1,16,0,1,1,101,1,0,0,0,0,0,0,0,0,0,0,0,0,0,0,\N,\N,\N,654,0,\N,\N
19,655,1,16,0,2,1,101,1,0,0,0,0,0,0,0,0,0,0,0,0,0,0,\N,\N,\N,655,0,\N,\N
19,656,1,17,0,1,1,101,1,0,0,0,0,0,0,0,0,0,0,0,0,0,0,\N,\N,\N,656,0,\N,\N
19,657,1,17,0,2,1,101,1,0,0,0,0,0,0,0,0,0,0,0,0,0,0,\N,\N,\N,657,0,\N,\N
19,658,1,12,0,1,210,101,1,0,0,0,0,0,0,0,0,0,0,0,0,0,0,\N,\N,\N,658,0,\N,\N
19,659,1,4,3,0,0,101,10,0,0,0,0,0,0,0,0,0,0,381,0,50,7,\N,\N,\N,659,0,26,\N
19,660,1,6,0,1,90,100,10,2,0,0,0,0,0,0,0,0,0,382,0,0,0,\N,\N,\N,634,175,\N,\N
19,661,1,3,13,0,0,101,10,4,0,0,0,0,0,0,0,0,0,383,0,0,7,\N,\N,\N,661,0,4,\N
19,662,1,7,0,1,80,100,10,0,0,0,0,0,0,0,0,0,0,384,0,0,0,\N,\N,\N,636,160,\N,\N
19,663,1,16,0,1,85,100,10,0,0,0,0,0,0,0,0,0,0,303,0,0,0,\N,\N,\N,654,160,\N,\N
19,664,1,10,0,2,90,100,10,0,0,0,0,0,0,0,0,0,0,385,0,0,4,\N,\N,\N,642,175,\N,\N
19,665,1,14,7,1,100,90,10,0,0,0,0,0,0,0,0,0,0,218,0,0,0,\N,\N,\N,650,180,\N,\N
19,666,1,17,3,0,0,101,10,0,0,0,0,0,0,0,0,0,0,386,0,50,0,\N,\N,\N,666,0,26,\N
19,667,1,4,0,1,95,95,10,0,0,0,0,0,0,0,0,0,0,0,0,0,0,\N,\N,\N,630,175,\N,\N
19,668,1,11,13,0,0,100,10,0,0,0,0,0,0,0,0,0,0,387,0,0,0,\N,\N,\N,668,0,4,\N
19,669,1,11,0,1,125,100,10,0,0,0,0,0,0,0,0,0,0,151,0,0,0,\N,\N,\N,644,190,\N,\N
19,670,1,11,0,1,40,100,40,0,0,0,0,0,0,0,0,0,0,0,0,0,0,\N,\N,\N,644,100,\N,\N
19,671,1,0,13,0,0,101,15,3,0,0,0,0,0,0,0,0,0,388,0,0,0,\N,\N,\N,671,0,10,\N
19,672,1,3,5,0,0,100,20,0,0,0,5,100,1,0,0,0,0,389,0,0,0,\N,\N,\N,672,0,13,\N
19,673,1,0,13,0,0,101,30,0,0,0,0,0,0,0,0,0,0,390,0,0,7,\N,\N,\N,673,0,1,\N
19,674,1,8,2,0,0,101,20,0,0,0,0,0,0,0,0,0,0,391,0,0,6,\N,\N,\N,674,0,7,\N
19,675,1,16,4,1,80,100,15,0,0,0,24,100,2,2,2,0,0,392,0,0,0,\N,\N,\N,654,160,\N,\N
19,676,1,6,0,2,90,100,15,0,0,0,0,0,0,0,0,0,0,393,0,0,0,\N,\N,\N,634,175,\N,\N
19,677,1,8,0,1,80,100,20,0,0,0,0,0,0,0,0,0,0,384,0,0,0,\N,\N,\N,638,160,\N,\N
19,678,1,13,10,0,0,101,10,0,0,0,0,0,0,0,0,0,0,394,0,0,10,\N,\N,\N,678,0,7,\N
19,679,1,6,6,1,80,100,15,0,0,0,0,0,0,0,0,0,0,395,0,0,0,\N,\N,\N,634,160,\N,\N
19,680,1,9,6,1,80,100,15,0,0,0,0,0,0,0,0,0,0,396,0,0,0,\N,\N,\N,640,160,\N,\N
19,681,1,16,0,1,20,100,10,0,0,0,0,0,0,0,0,0,0,305,0,0,0,\N,\N,\N,654,160,\N,\N
19,682,1,9,0,2,130,100,5,0,0,0,0,0,0,0,0,0,0,397,0,0,0,\N,\N,\N,640,195,\N,\N
19,683,1,13,13,0,0,101,10,0,0,0,0,0,0,0,0,0,0,398,0,0,0,\N,\N,\N,683,0,13,\N
19,684,1,8,0,1,70,101,10,0,0,0,0,0,0,0,0,0,0,17,0,0,0,\N,\N,\N,638,140,\N,\N
19,685,1,3,13,0,0,101,20,0,0,0,0,0,0,0,0,0,0,399,0,50,0,\N,\N,\N,685,0,22,\N
19,686,1,0,0,2,90,100,15,0,0,0,0,0,0,0,0,0,0,400,0,0,0,\N,\N,\N,622,175,\N,\N
19,687,1,15,0,2,100,100,10,0,0,0,0,0,0,0,0,0,0,401,0,0,5,\N,\N,\N,652,140,\N,\N
19,688,1,11,6,1,70,100,15,0,0,0,0,0,0,0,0,0,0,395,0,0,0,\N,\N,\N,644,140,\N,\N
19,689,1,13,13,0,0,101,15,0,0,0,0,0,0,0,0,0,0,402,0,0,0,\N,\N,\N,689,0,7,\N
19,690,1,2,0,1,100,100,15,-3,0,0,0,0,0,0,0,0,0,403,0,0,0,\N,\N,\N,626,180,\N,\N
19,691,1,15,7,2,110,100,5,0,0,0,0,0,0,0,0,0,0,404,0,0,5,\N,\N,\N,652,185,\N,\N
19,692,1,15,0,1,90,100,15,0,0,0,0,0,0,0,0,0,0,0,0,0,0,\N,\N,\N,652,175,\N,\N
19,693,1,16,0,1,60,100,20,0,0,0,0,0,0,0,0,0,0,405,0,0,4,\N,\N,\N,654,120,\N,\N
19,694,1,14,11,0,0,101,20,0,0,0,0,0,0,0,0,0,0,406,0,0,12,\N,\N,\N,694,0,13,\N
19,695,1,7,0,1,180,101,1,0,0,0,0,0,0,0,0,0,0,0,0,0,0,\N,\N,\N,695,0,\N,\N
19,696,1,16,0,1,180,101,1,0,0,0,0,0,0,0,0,0,0,0,0,0,0,\N,\N,\N,696,0,\N,\N
19,697,1,10,0,2,195,101,1,0,0,0,0,0,0,0,0,0,0,0,0,0,0,\N,\N,\N,697,0,\N,\N
19,698,1,17,0,2,1,101,1,0,0,0,0,0,0,0,0,0,0,412,0,0,0,\N,\N,\N,698,0,\N,\N
19,699,1,7,0,1,195,101,1,0,0,0,0,0,0,0,0,0,0,0,0,0,0,\N,\N,\N,699,0,\N,\N
19,700,1,12,4,2,175,101,1,0,0,0,1,100,1,0,0,0,0,6,0,0,0,\N,\N,\N,700,0,\N,\N
19,701,1,0,0,1,210,101,1,0,0,0,0,0,0,0,0,0,0,0,0,0,0,\N,\N,\N,701,0,\N,\N
19,702,1,0,2,0,0,101,1,0,0,0,0,0,0,0,0,0,0,413,0,0,7,\N,\N,\N,702,0,\N,\N
19,703,1,13,0,2,185,101,1,0,0,0,0,0,0,0,0,0,0,414,0,0,0,\N,\N,\N,703,0,\N,\N
19,704,1,9,0,2,150,100,5,-3,0,0,0,0,0,0,0,0,0,407,0,0,5,\N,\N,\N,640,200,\N,\N
19,705,1,17,7,2,130,90,5,0,0,0,0,0,0,0,0,0,0,204,0,0,0,\N,\N,\N,656,195,\N,\N
19,706,1,13,0,1,85,100,10,0,0,0,0,0,0,0,0,0,0,186,0,0,0,\N,\N,\N,648,160,\N,\N
19,707,1,4,0,1,75,100,10,0,0,0,0,0,0,0,0,0,0,408,0,0,0,\N,\N,\N,630,140,\N,\N
19,708,1,7,6,1,85,100,10,0,0,0,0,0,0,0,0,0,0,69,0,0,0,\N,\N,\N,636,160,\N,\N
19,709,1,5,0,1,40,100,20,1,0,0,0,0,0,0,0,0,0,103,0,0,0,\N,\N,\N,632,100,\N,\N
19,710,1,10,6,1,85,100,10,0,0,0,0,0,0,0,0,0,0,69,0,0,0,\N,\N,\N,642,160,\N,\N
19,711,1,13,0,2,160,100,10,0,0,0,0,0,0,0,0,0,0,80,0,0,0,\N,\N,\N,648,200,\N,\N
19,712,1,7,0,1,90,100,10,0,0,0,0,0,0,0,0,0,0,409,0,0,0,\N,\N,\N,636,175,\N,\N
19,713,1,8,0,1,100,100,5,0,0,0,0,0,0,0,0,0,0,410,0,0,0,\N,\N,\N,638,180,\N,\N
19,714,1,7,0,2,100,100,5,0,0,0,0,0,0,0,0,0,0,410,0,0,0,\N,\N,\N,636,180,\N,\N
19,715,1,0,2,0,0,101,20,0,0,0,0,0,0,0,0,0,0,411,0,0,0,\N,\N,\N,715,0,4,\N
19,716,1,12,0,1,80,100,10,0,0,0,0,0,0,0,0,0,30,31,0,0,0,\N,\N,\N,646,160,\N,\N
19,717,1,17,0,2,1,90,10,0,0,0,0,0,0,0,0,0,0,40,0,0,0,\N,\N,\N,656,100,\N,\N
19,718,1,0,0,1,90,100,10,0,0,0,0,0,0,0,0,0,0,268,0,0,0,\N,\N,\N,622,185,\N,\N
19,719,1,12,0,2,195,101,1,0,0,0,0,0,0,0,0,2,0,0,0,0,0,\N,\N,\N,719,0,\N,\N
19,10001,1,1,0,2,60,100,15,0,0,0,0,0,0,0,0,0,0,135,0,0,0,\N,\N,\N,622,120,\N,\N
19,10002,1,2,0,2,60,100,15,0,0,0,0,0,0,0,0,0,0,135,0,0,0,\N,\N,\N,622,120,\N,\N
19,10003,1,3,0,2,60,100,15,0,0,0,0,0,0,0,0,0,0,135,0,0,0,\N,\N,\N,622,120,\N,\N
19,10004,1,4,0,2,60,100,15,0,0,0,0,0,0,0,0,0,0,135,0,0,0,\N,\N,\N,622,120,\N,\N
19,10005,1,5,0,2,60,100,15,0,0,0,0,0,0,0,0,0,0,135,0,0,0,\N,\N,\N,622,120,\N,\N
19,10006,1,6,0,2,60,100,15,0,0,0,0,0,0,0,0,0,0,135,0,0,0,\N,\N,\N,622,120,\N,\N
19,10007,1,7,0,2,60,100,15,0,0,0,0,0,0,0,0,0,0,135,0,0,0,\N,\N,\N,622,120,\N,\N
19,10008,1,8,0,2,60,100,15,0,0,0,0,0,0,0,0,0,0,135,0,0,0,\N,\N,\N,622,120,\N,\N
19,10009,1,9,0,2,60,100,15,0,0,0,0,0,0,0,0,0,0,135,0,0,0,\N,\N,\N,622,120,\N,\N
19,10010,1,10,0,2,60,100,15,0,0,0,0,0,0,0,0,0,0,135,0,0,0,\N,\N,\N,622,120,\N,\N
19,10011,1,11,0,2,60,100,15,0,0,0,0,0,0,0,0,0,0,135,0,0,0,\N,\N,\N,622,120,\N,\N
19,10012,1,12,0,2,60,100,15,0,0,0,0,0,0,0,0,0,0,135,0,0,0,\N,\N,\N,622,120,\N,\N
19,10013,1,13,0,2,60,100,15,0,0,0,0,0,0,0,0,0,0,135,0,0,0,\N,\N,\N,622,120,\N,\N
19,10014,1,14,0,2,60,100,15,0,0,0,0,0,0,0,0,0,0,135,0,0,0,\N,\N,\N,622,120,\N,\N
19,10015,1,15,0,2,60,100,15,0,0,0,0,0,0,0,0,0,0,135,0,0,0,\N,\N,\N,622,120,\N,\N
19,10016,1,16,0,2,60,100,15,0,0,0,0,0,0,0,0,0,0,135,0,0,0,\N,\N,\N,622,120,\N,\N
20,1,1,0,0,1,40,100,35,0,0,0,0,0,0,0,0,0,0,0,0,0,0,\N,\N,\N,622,100,\N,\N
20,2,1,1,0,1,50,100,25,0,0,0,0,0,0,0,0,1,0,43,0,0,0,\N,\N,\N,624,100,\N,\N
20,3,1,0,0,1,15,85,10,0,2,5,0,0,0,0,0,0,0,29,0,0,0,\N,\N,\N,622,100,\N,\N
20,4,1,0,0,1,18,85,15,0,2,5,0,0,0,0,0,0,0,29,0,0,0,\N,\N,\N,622,100,\N,\N
20,5,1,0,0,1,80,85,20,0,0,0,0,0,0,0,0,0,0,0,0,0,0,\N,\N,\N,622,160,\N,\N
20,6,1,0,0,1,40,100,20,0,0,0,0,0,0,0,0,0,0,34,0,0,0,\N,\N,\N,622,100,\N,\N
20,7,1,9,4,1,75,100,15,0,0,0,4,10,1,0,0,0,0,4,0,0,0,\N,\N,\N,640,140,\N,\N
20,8,1,14,4,1,75,100,15,0,0,0,3,10,1,0,0,0,0,5,0,0,0,\N,\N,\N,650,140,\N,\N
20,9,1,12,4,1,75,100,15,0,0,0,1,10,1,0,0,0,0,6,0,0,0,\N,\N,\N,646,140,\N,\N
20,10,1,0,0,1,40,100,35,0,0,0,0,0,0,0,0,0,0,0,0,0,0,\N,\N,\N,622,100,\N,\N
20,11,1,0,0,1,55,100,30,0,0,0,0,0,0,0,0,0,0,0,0,0,0,\N,\N,\N,622,100,\N,\N
20,12,1,0,9,1,1,30,5,0,0,0,0,0,0,0,0,0,0,38,0,0,0,\N,\N,\N,622,180,\N,\N
20,13,1,0,0,2,80,100,10,0,0,0,0,0,0,0,0,1,0,39,0,0,5,\N,\N,\N,622,160,\N,\N
20,14,1,0,2,0,0,101,20,0,0,0,0,0,0,0,0,0,0,50,0,0,7,\N,\N,\N,14,0,26,\N
20,15,1,0,0,1,50,95,30,0,0,0,0,0,0,0,0,0,0,0,0,0,0,\N,\N,\N,622,100,\N,\N
20,16,1,2,0,2,40,100,35,0,0,0,0,0,0,0,0,0,0,149,0,0,0,\N,\N,\N,626,100,\N,\N
20,17,1,2,0,1,60,100,35,0,0,0,0,0,0,0,0,0,0,0,0,0,0,\N,\N,\N,626,120,\N,\N
20,18,1,0,12,0,0,101,20,-6,0,0,0,0,0,0,0,0,0,28,0,0,0,\N,\N,\N,18,0,10,\N
20,19,1,2,0,1,90,95,15,0,0,0,0,0,0,0,0,0,0,155,0,0,0,\N,\N,\N,626,175,\N,\N
20,20,1,0,4,1,15,85,20,0,0,0,8,100,4,5,6,0,0,42,0,0,0,\N,\N,\N,622,100,\N,\N
20,21,1,0,0,1,80,75,20,0,0,0,0,0,0,0,0,0,0,0,0,0,0,\N,\N,\N,622,160,\N,\N
20,22,1,11,0,1,45,100,25,0,0,0,0,0,0,0,0,0,0,0,0,0,0,\N,\N,\N,644,100,\N,\N
20,23,1,0,0,1,65,100,20,0,0,0,0,0,0,0,0,0,30,150,0,0,0,\N,\N,\N,622,120,\N,\N
20,24,1,1,0,1,30,100,30,0,2,2,0,0,0,0,0,0,0,44,0,0,0,\N,\N,\N,624,100,\N,\N
20,25,1,0,0,1,120,75,5,0,0,0,0,0,0,0,0,0,0,0,0,0,0,\N,\N,\N,622,190,\N,\N
20,26,1,1,0,1,100,95,10,0,0,0,0,0,0,0,0,0,0,45,0,0,0,\N,\N,\N,624,180,\N,\N
20,27,1,1,0,1,60,85,15,0,0,0,0,0,0,0,0,0,30,31,0,0,0,\N,\N,\N,624,120,\N,\N
20,28,1,4,2,0,0,100,15,0,0,0,0,0,0,0,0,0,0,23,0,0,0,\N,\N,\N,28,0,19,\N
20,29,1,0,0,1,70,100,15,0,0,0,0,0,0,0,0,0,30,31,0,0,0,\N,\N,\N,622,140,\N,\N
20,30,1,0,0,1,65,100,25,0,0,0,0,0,0,0,0,0,0,0,0,0,0,\N,\N,\N,622,120,\N,\N
20,31,1,0,0,1,15,85,20,0,2,5,0,0,0,0,0,0,0,29,0,0,0,\N,\N,\N,622,100,\N,\N
20,32,1,0,9,1,1,30,5,0,0,0,0,0,0,0,0,0,0,38,0,0,0,\N,\N,\N,622,180,\N,\N
20,33,1,0,0,1,40,100,35,0,0,0,0,0,0,0,0,0,0,0,0,0,0,\N,\N,\N,622,100,\N,\N
20,34,1,0,4,1,85,100,15,0,0,0,1,30,1,0,0,0,0,6,0,0,0,\N,\N,\N,622,160,\N,\N
20,35,1,0,4,1,15,90,20,0,0,0,8,100,4,5,6,0,0,42,0,0,0,\N,\N,\N,622,100,\N,\N
20,36,1,0,0,1,90,85,20,0,0,0,0,0,0,0,0,0,0,48,-25,0,0,\N,\N,\N,622,175,\N,\N
20,37,1,0,0,1,120,100,10,0,0,0,0,0,0,0,0,0,0,27,0,0,9,\N,\N,\N,622,190,\N,\N
20,38,1,0,0,1,120,100,15,0,0,0,0,0,0,0,0,0,0,198,-33,0,0,\N,\N,\N,622,190,\N,\N
20,39,1,0,2,0,0,100,30,0,0,0,0,0,0,0,0,0,0,19,0,0,5,\N,\N,\N,39,0,1,\N
20,40,1,3,4,1,15,100,35,0,0,0,5,30,1,0,0,0,0,2,0,0,0,\N,\N,\N,628,100,\N,\N
20,41,1,6,4,1,25,100,20,0,2,2,5,20,1,0,0,0,0,77,0,0,0,\N,\N,\N,634,100,\N,\N
20,42,1,6,0,1,25,95,20,0,2,5,0,0,0,0,0,0,0,29,0,0,0,\N,\N,\N,634,140,\N,\N
20,43,1,0,2,0,0,100,30,0,0,0,0,0,0,0,0,0,0,19,0,0,5,\N,\N,\N,43,0,1,\N
20,44,1,16,0,1,60,100,25,0,0,0,0,0,0,0,0,0,30,31,0,0,0,\N,\N,\N,654,120,\N,\N
20,45,1,0,2,0,0,100,40,0,0,0,0,0,0,0,0,0,0,18,0,0,5,\N,\N,\N,45,0,4,\N
20,46,1,0,12,0,0,101,20,-6,0,0,0,0,0,0,0,0,0,28,0,0,0,\N,\N,\N,46,0,4,\N
20,47,1,0,1,0,0,55,15,0,0,0,2,0,2,2,4,0,0,1,0,0,0,\N,\N,\N,47,0,13,\N
20,48,1,0,1,0,0,55,20,0,0,0,6,0,2,2,5,0,0,49,0,0,0,\N,\N,\N,48,0,13,\N
20,49,1,0,0,2,1,90,20,0,0,0,0,0,0,0,0,0,0,130,0,0,0,\N,\N,\N,622,100,\N,\N
20,50,1,0,13,0,0,100,20,0,0,0,13,0,2,4,4,0,0,86,0,0,0,\N,\N,\N,50,0,26,\N
20,51,1,3,6,2,40,100,30,0,0,0,0,0,0,0,0,0,0,72,0,0,5,\N,\N,\N,628,100,\N,\N
20,52,1,9,4,2,40,100,25,0,0,0,4,10,1,0,0,0,0,4,0,0,0,\N,\N,\N,640,100,\N,\N
20,53,1,9,4,2,90,100,15,0,0,0,4,10,1,0,0,0,0,4,0,0,0,\N,\N,\N,640,175,\N,\N
20,54,1,14,11,0,0,101,30,0,0,0,0,0,0,0,0,0,0,46,0,0,12,\N,\N,\N,54,0,27,\N
20,55,1,10,0,2,40,100,25,0,0,0,0,0,0,0,0,0,0,0,0,0,0,\N,\N,\N,642,100,\N,\N
20,56,1,10,0,2,110,80,5,0,0,0,0,0,0,0,0,0,0,0,0,0,0,\N,\N,\N,642,185,\N,\N
20,57,1,10,0,2,90,100,15,0,0,0,0,0,0,0,0,0,0,257,0,0,4,\N,\N,\N,642,175,\N,\N
20,58,1,14,4,2,90,100,10,0,0,0,3,10,1,0,0,0,0,5,0,0,0,\N,\N,\N,650,175,\N,\N
20,59,1,14,4,2,110,70,5,0,0,0,3,10,1,0,0,0,0,260,0,0,5,\N,\N,\N,650,185,\N,\N
20,60,1,13,4,2,65,100,20,0,0,0,6,10,2,2,5,0,0,76,0,0,0,\N,\N,\N,648,120,\N,\N
20,61,1,10,6,2,65,100,20,0,0,0,0,0,0,0,0,0,0,70,0,0,0,\N,\N,\N,642,120,\N,\N
20,62,1,14,6,2,65,100,20,0,0,0,0,0,0,0,0,0,0,68,0,0,0,\N,\N,\N,650,120,\N,\N
20,63,1,0,0,2,150,90,5,0,0,0,0,0,0,0,0,0,0,80,0,0,0,\N,\N,\N,622,200,\N,\N
20,64,1,2,0,1,35,100,35,0,0,0,0,0,0,0,0,0,0,0,0,0,0,\N,\N,\N,626,100,\N,\N
20,65,1,2,0,1,80,100,20,0,0,0,0,0,0,0,0,0,0,0,0,0,0,\N,\N,\N,626,160,\N,\N
20,66,1,1,0,1,80,80,20,0,0,0,0,0,0,0,0,0,0,48,-25,0,0,\N,\N,\N,624,160,\N,\N
20,67,1,1,0,1,1,100,20,0,0,0,0,0,0,0,0,0,0,196,0,0,0,\N,\N,\N,624,160,\N,\N
20,68,1,1,0,1,1,100,20,-5,0,0,0,0,0,0,0,0,0,89,0,0,13,\N,\N,\N,624,100,\N,\N
20,69,1,1,0,1,1,100,20,0,0,0,0,0,0,0,0,0,0,87,0,0,0,\N,\N,\N,624,100,\N,\N
20,70,1,0,0,1,80,100,15,0,0,0,0,0,0,0,0,0,0,0,0,0,0,\N,\N,\N,622,160,\N,\N
20,71,1,11,8,2,20,100,25,0,0,0,0,0,0,0,0,0,0,3,50,0,0,\N,\N,\N,644,100,\N,\N
20,72,1,11,8,2,40,100,15,0,0,0,0,0,0,0,0,0,0,3,50,0,0,\N,\N,\N,644,120,\N,\N
20,73,1,11,1,0,0,90,10,0,0,0,18,0,1,0,0,0,0,84,0,0,0,\N,\N,\N,73,0,26,\N
20,74,1,0,2,0,0,101,20,0,0,0,0,0,0,0,0,0,0,316,0,0,7,\N,\N,\N,74,0,7,\N
20,75,1,11,0,1,55,95,25,0,0,0,0,0,0,0,0,1,0,43,0,0,5,\N,\N,\N,644,100,\N,\N
20,76,1,11,0,2,120,100,10,0,0,0,0,0,0,0,0,0,0,151,0,0,0,\N,\N,\N,644,190,\N,\N
20,77,1,3,1,0,0,75,35,0,0,0,5,0,1,0,0,0,0,66,0,0,0,\N,\N,\N,77,0,4,\N
20,78,1,11,1,0,0,75,30,0,0,0,1,0,1,0,0,0,0,67,0,0,0,\N,\N,\N,78,0,10,\N
20,79,1,11,1,0,0,75,15,0,0,0,2,0,2,2,4,0,0,1,0,0,0,\N,\N,\N,79,0,13,\N
20,80,1,11,0,2,120,100,10,0,0,0,0,0,0,0,0,0,0,27,0,0,9,\N,\N,\N,644,190,\N,\N
20,81,1,6,2,0,0,95,40,0,0,0,0,0,0,0,0,0,0,60,0,0,5,\N,\N,\N,81,0,13,\N
20,82,1,15,0,2,1,100,10,0,0,0,0,0,0,0,0,0,0,41,0,0,0,\N,\N,\N,652,100,\N,\N
20,83,1,9,4,2,35,85,15,0,0,0,8,100,4,5,6,0,0,42,0,0,0,\N,\N,\N,640,100,\N,\N
20,84,1,12,4,2,40,100,30,0,0,0,1,10,1,0,0,0,0,6,0,0,0,\N,\N,\N,646,100,\N,\N
20,85,1,12,4,2,90,100,15,0,0,0,1,10,1,0,0,0,0,6,0,0,0,\N,\N,\N,646,175,\N,\N
20,86,1,12,1,0,0,90,20,0,0,0,1,0,1,0,0,0,0,67,0,0,0,\N,\N,\N,86,0,10,\N
20,87,1,12,4,2,110,70,10,0,0,0,1,30,1,0,0,0,0,152,0,0,0,\N,\N,\N,646,185,\N,\N
20,88,1,5,0,1,50,90,15,0,0,0,0,0,0,0,0,0,0,0,0,0,0,\N,\N,\N,632,100,\N,\N
20,89,1,4,0,1,100,100,10,0,0,0,0,0,0,0,0,0,0,147,0,0,4,\N,\N,\N,630,180,\N,\N
20,90,1,4,9,1,1,30,5,0,0,0,0,0,0,0,0,0,0,38,0,0,0,\N,\N,\N,630,180,\N,\N
20,91,1,4,0,1,80,100,10,0,0,0,0,0,0,0,0,0,0,256,0,0,0,\N,\N,\N,630,160,\N,\N
20,92,1,3,1,0,0,90,10,0,0,0,5,0,1,15,15,0,0,33,0,0,0,\N,\N,\N,92,0,4,\N
20,93,1,13,4,2,50,100,25,0,0,0,6,10,2,2,5,0,0,76,0,0,0,\N,\N,\N,648,100,\N,\N
20,94,1,13,6,2,90,100,10,0,0,0,0,0,0,0,0,0,0,72,0,0,0,\N,\N,\N,648,175,\N,\N
20,95,1,13,1,0,0,60,20,0,0,0,2,0,2,2,4,0,0,1,0,0,0,\N,\N,\N,95,0,13,\N
20,96,1,13,2,0,0,101,40,0,0,0,0,0,0,0,0,0,0,10,0,0,7,\N,\N,\N,96,0,1,\N
20,97,1,13,2,0,0,101,30,0,0,0,0,0,0,0,0,0,0,52,0,0,7,\N,\N,\N,97,0,26,\N
20,98,1,0,0,1,40,100,30,1,0,0,0,0,0,0,0,0,0,103,0,0,0,\N,\N,\N,622,100,\N,\N
20,99,1,0,0,1,20,100,20,0,0,0,0,0,0,0,0,0,0,81,0,0,0,\N,\N,\N,622,100,\N,\N
20,100,1,13,13,0,0,101,20,0,0,0,0,0,0,0,0,0,0,153,0,0,7,\N,\N,\N,100,0,27,\N
20,101,1,7,0,2,1,100,15,0,0,0,0,0,0,0,0,0,0,87,0,0,0,\N,\N,\N,636,100,\N,\N
20,102,1,0,13,0,0,101,10,0,0,0,0,0,0,0,0,0,0,82,0,0,0,\N,\N,\N,102,0,16,\N
20,103,1,0,2,0,0,85,40,0,0,0,0,0,0,0,0,0,0,59,0,0,0,\N,\N,\N,103,0,1,\N
20,104,1,0,2,0,0,101,15,0,0,0,0,0,0,0,0,0,0,16,0,0,7,\N,\N,\N,104,0,26,\N
20,105,1,0,3,0,0,101,10,0,0,0,0,0,0,0,0,0,0,32,0,50,7,\N,\N,\N,105,0,26,\N
20,106,1,0,2,0,0,101,30,0,0,0,0,0,0,0,0,0,0,11,0,0,7,\N,\N,\N,106,0,4,\N
20,107,1,0,2,0,0,101,10,0,0,0,0,0,0,0,0,0,0,108,0,0,7,\N,\N,\N,107,0,26,\N
20,108,1,0,2,0,0,100,20,0,0,0,0,0,0,0,0,0,0,23,0,0,0,\N,\N,\N,108,0,19,\N
20,109,1,7,1,0,0,100,10,0,0,0,6,0,2,2,5,0,0,49,0,0,0,\N,\N,\N,109,0,7,\N
20,110,1,10,2,0,0,101,40,0,0,0,0,0,0,0,0,0,0,11,0,0,7,\N,\N,\N,110,0,4,\N
20,111,1,0,2,0,0,101,40,0,0,0,0,0,0,0,0,0,0,156,0,0,7,\N,\N,\N,111,0,16,\N
20,112,1,13,2,0,0,101,20,0,0,0,0,0,0,0,0,0,0,51,0,0,7,\N,\N,\N,112,0,26,\N
20,113,1,13,11,0,0,101,30,0,0,0,0,0,0,0,0,0,0,35,0,0,12,\N,\N,\N,113,0,10,\N
20,114,1,14,10,0,0,101,30,0,0,0,0,0,0,0,0,0,0,25,0,0,10,\N,\N,\N,114,0,27,\N
20,115,1,13,11,0,0,101,20,0,0,0,0,0,0,0,0,0,0,65,0,0,12,\N,\N,\N,115,0,4,\N
20,116,1,0,13,0,0,101,30,0,0,0,0,0,0,0,0,0,0,47,0,0,7,\N,\N,\N,116,0,16,\N
20,117,1,0,0,1,1,101,10,1,0,0,0,0,0,0,0,0,0,26,0,0,7,\N,\N,\N,622,100,\N,\N
20,118,1,0,13,0,0,101,10,0,0,0,0,0,0,0,0,0,0,83,0,0,7,\N,\N,\N,118,0,\N,\N
20,119,1,2,13,0,0,101,20,0,0,0,0,0,0,0,0,0,0,9,0,0,0,\N,\N,\N,119,0,2,\N
20,120,1,0,0,1,200,100,5,0,0,0,0,0,0,0,0,0,0,7,0,0,4,\N,\N,\N,622,200,\N,\N
20,121,1,0,0,1,100,75,10,0,0,0,0,0,0,0,0,0,0,0,0,0,0,\N,\N,\N,622,180,\N,\N
20,122,1,7,4,1,30,100,30,0,0,0,1,30,1,0,0,0,0,6,0,0,0,\N,\N,\N,636,100,\N,\N
20,123,1,3,4,2,30,70,20,0,0,0,5,40,1,0,0,0,0,2,0,0,0,\N,\N,\N,628,100,\N,\N
20,124,1,3,4,2,65,100,20,0,0,0,5,30,1,0,0,0,0,2,0,0,0,\N,\N,\N,628,120,\N,\N
20,125,1,4,0,1,65,85,20,0,0,0,0,0,0,0,0,0,10,31,0,0,0,\N,\N,\N,630,120,\N,\N
20,126,1,9,4,2,110,85,5,0,0,0,4,10,1,0,0,0,0,4,0,0,0,\N,\N,\N,640,185,\N,\N
20,127,1,10,0,1,80,100,15,0,0,0,0,0,0,0,0,0,20,31,0,0,0,\N,\N,\N,642,160,\N,\N
20,128,1,10,4,1,35,85,15,0,0,0,8,100,4,5,6,0,0,42,0,0,0,\N,\N,\N,642,100,\N,\N
20,129,1,0,0,2,60,101,20,0,0,0,0,0,0,0,0,0,0,17,0,0,5,\N,\N,\N,622,120,\N,\N
20,130,1,0,0,1,130,100,10,0,0,0,0,100,0,0,0,0,0,145,0,0,0,\N,\N,\N,622,195,\N,\N
20,131,1,0,0,1,20,100,15,0,2,5,0,0,0,0,0,0,0,29,0,0,0,\N,\N,\N,622,100,\N,\N
20,132,1,0,6,1,10,100,35,0,0,0,0,0,0,0,0,0,0,70,0,0,0,\N,\N,\N,622,100,\N,\N
20,133,1,13,2,0,0,101,20,0,0,0,0,0,0,0,0,0,0,54,0,0,7,\N,\N,\N,133,0,26,\N
20,134,1,13,2,0,0,80,15,0,0,0,0,0,0,0,0,0,0,23,0,0,0,\N,\N,\N,134,0,19,\N
20,135,1,0,3,0,0,101,10,0,0,0,0,0,0,0,0,0,0,32,0,50,7,\N,\N,\N,135,0,26,\N
20,136,1,1,0,1,130,90,10,0,0,0,0,0,0,0,0,0,0,45,0,0,0,\N,\N,\N,624,195,\N,\N
20,137,1,0,1,0,0,100,30,0,0,0,1,0,1,0,0,0,0,67,0,0,0,\N,\N,\N,137,0,10,\N
20,138,1,13,8,2,100,100,15,0,0,0,0,0,0,0,0,0,0,8,50,0,0,\N,\N,\N,648,180,\N,\N
20,139,1,3,1,0,0,90,40,0,0,0,5,0,1,0,0,0,0,66,0,0,5,\N,\N,\N,139,0,4,\N
20,140,1,0,0,1,15,85,20,0,2,5,0,0,0,0,0,0,0,29,0,0,0,\N,\N,\N,622,100,\N,\N
20,141,1,6,8,1,80,100,10,0,0,0,0,0,0,0,0,0,0,3,50,0,0,\N,\N,\N,634,160,\N,\N
20,142,1,0,1,0,0,75,10,0,0,0,2,0,2,2,4,0,0,1,0,0,0,\N,\N,\N,142,0,13,\N
20,143,1,2,0,1,140,90,5,0,0,0,0,0,0,0,0,1,30,75,0,0,0,\N,\N,\N,626,200,\N,\N
20,144,1,0,13,0,0,101,10,0,0,0,0,0,0,0,0,0,0,57,0,0,0,\N,\N,\N,144,0,27,\N
20,145,1,10,6,2,40,100,30,0,0,0,0,0,0,0,0,0,0,70,0,0,5,\N,\N,\N,642,100,\N,\N
20,146,1,0,4,1,70,100,10,0,0,0,6,20,2,2,5,0,0,76,0,0,0,\N,\N,\N,622,140,\N,\N
20,147,1,11,1,0,0,100,15,0,0,0,2,0,2,2,4,0,0,1,0,0,0,\N,\N,\N,147,0,26,\N
20,148,1,0,2,0,0,100,20,0,0,0,0,0,0,0,0,0,0,23,0,0,0,\N,\N,\N,148,0,19,\N
20,149,1,13,0,2,1,100,15,0,0,0,0,0,0,0,0,0,0,88,0,0,0,\N,\N,\N,648,100,\N,\N
20,150,1,0,13,0,0,101,40,0,0,0,0,0,0,0,0,0,0,85,0,0,7,\N,\N,\N,150,0,3,\N
20,151,1,3,2,0,0,101,20,0,0,0,0,0,0,0,0,0,0,51,0,0,7,\N,\N,\N,151,0,26,\N
20,152,1,10,0,1,100,90,10,0,0,0,0,0,0,0,0,1,0,43,0,0,0,\N,\N,\N,642,180,\N,\N
20,153,1,0,0,1,250,100,5,0,0,0,0,0,0,0,0,0,0,7,0,0,4,\N,\N,\N,622,200,\N,\N
20,154,1,0,0,1,18,80,15,0,2,5,0,0,0,0,0,0,0,29,0,0,0,\N,\N,\N,622,100,\N,\N
20,155,1,4,0,1,50,90,10,0,2,2,0,0,0,0,0,0,0,44,0,0,0,\N,\N,\N,630,100,\N,\N
20,156,1,13,13,0,0,101,10,0,0,0,0,0,0,0,0,0,0,37,0,0,7,\N,\N,\N,156,0,26,\N
20,157,1,5,0,1,75,90,10,0,0,0,0,0,0,0,0,0,30,31,0,0,5,\N,\N,\N,632,140,\N,\N
20,158,1,0,0,1,80,90,15,0,0,0,0,0,0,0,0,0,10,31,0,0,0,\N,\N,\N,622,160,\N,\N
20,159,1,0,2,0,0,101,30,0,0,0,0,0,0,0,0,0,0,10,0,0,7,\N,\N,\N,159,0,1,\N
20,160,1,0,13,0,0,101,30,0,0,0,0,0,0,0,0,0,0,30,0,0,7,\N,\N,\N,160,0,22,\N
20,161,1,0,4,2,80,100,10,0,0,0,101,20,1,0,0,0,0,36,0,0,0,\N,\N,\N,622,160,\N,\N
20,162,1,0,0,1,1,90,10,0,0,0,0,0,0,0,0,0,0,40,0,0,0,\N,\N,\N,622,100,\N,\N
20,163,1,0,0,1,70,100,20,0,0,0,0,0,0,0,0,1,0,43,0,0,0,\N,\N,\N,622,140,\N,\N
20,164,1,0,13,0,0,101,10,0,0,0,0,0,0,0,0,0,0,79,0,0,7,\N,\N,\N,164,0,26,\N
20,165,1,0,0,1,50,101,1,0,0,0,0,0,0,0,0,0,0,254,0,-25,9,\N,\N,\N,622,1,\N,\N
20,166,1,0,13,0,0,101,1,0,0,0,0,0,0,0,0,0,0,95,0,0,0,\N,\N,\N,166,0,22,\N
20,167,1,1,0,1,10,90,10,0,3,3,0,0,0,0,0,0,0,104,0,0,0,\N,\N,\N,624,120,\N,\N
20,168,1,16,0,1,60,100,25,0,0,0,0,0,0,0,0,0,0,105,0,0,0,\N,\N,\N,654,120,\N,\N
20,169,1,6,13,0,0,101,10,0,0,0,0,0,0,0,0,0,0,106,0,0,0,\N,\N,\N,169,0,4,\N
20,170,1,0,13,0,0,101,5,0,0,0,0,0,0,0,0,0,0,94,0,0,0,\N,\N,\N,170,0,7,\N
20,171,1,7,1,0,0,100,15,0,0,0,9,0,1,0,0,0,0,107,0,0,0,\N,\N,\N,171,0,7,\N
20,172,1,9,4,1,60,100,25,0,0,0,4,10,1,0,0,0,0,125,0,0,0,\N,\N,\N,640,120,\N,\N
20,173,1,0,0,2,50,100,15,0,0,0,0,0,0,0,0,0,30,92,0,0,0,\N,\N,\N,622,100,\N,\N
20,174,1,7,13,0,0,101,10,0,0,0,0,0,0,0,0,0,0,109,0,0,13,\N,\N,\N,174,0,30,\N
20,175,1,0,0,1,1,100,15,0,0,0,0,0,0,0,0,0,0,99,0,0,0,\N,\N,\N,622,160,\N,\N
20,176,1,0,13,0,0,101,30,0,0,0,0,0,0,0,0,0,0,93,0,0,0,\N,\N,\N,176,0,27,\N
20,177,1,2,0,2,100,95,5,0,0,0,0,0,0,0,0,1,0,43,0,0,0,\N,\N,\N,626,180,\N,\N
20,178,1,11,2,0,0,100,40,0,0,0,0,0,0,0,0,0,0,60,0,0,5,\N,\N,\N,178,0,26,\N
20,179,1,1,0,1,1,100,15,0,0,0,0,0,0,0,0,0,0,99,0,0,0,\N,\N,\N,624,160,\N,\N
20,180,1,7,13,0,0,100,10,0,0,0,0,0,0,0,0,0,0,100,0,0,0,\N,\N,\N,180,0,27,\N
20,181,1,14,4,2,40,100,25,0,0,0,3,10,1,0,0,0,0,5,0,0,5,\N,\N,\N,650,100,\N,\N
20,182,1,0,13,0,0,101,10,4,0,0,0,0,0,0,0,0,0,111,0,0,7,\N,\N,\N,182,0,26,\N
20,183,1,1,0,1,40,100,30,1,0,0,0,0,0,0,0,0,0,103,0,0,0,\N,\N,\N,624,100,\N,\N
20,184,1,0,2,0,0,100,10,0,0,0,0,0,0,0,0,0,0,60,0,0,0,\N,\N,\N,184,0,13,\N
20,185,1,16,0,1,60,101,20,0,0,0,0,0,0,0,0,0,0,17,0,0,0,\N,\N,\N,654,120,\N,\N
20,186,1,17,1,0,0,75,10,0,0,0,6,0,2,2,5,0,0,49,0,0,0,\N,\N,\N,186,0,7,\N
20,187,1,0,13,0,0,101,10,0,0,0,0,0,0,0,0,0,0,142,0,0,7,\N,\N,\N,187,0,27,\N
20,188,1,3,4,2,90,100,10,0,0,0,5,30,1,0,0,0,0,2,0,0,0,\N,\N,\N,628,175,\N,\N
20,189,1,4,6,2,20,100,10,0,0,0,0,0,0,0,0,0,0,73,0,0,0,\N,\N,\N,630,100,\N,\N
20,190,1,10,6,2,65,85,10,0,0,0,0,0,0,0,0,0,0,73,0,0,0,\N,\N,\N,642,120,\N,\N
20,191,1,4,11,0,0,101,20,0,0,0,0,0,0,0,0,0,0,112,0,0,11,\N,\N,\N,191,0,4,\N
20,192,1,12,4,2,120,50,5,0,0,0,1,100,1,0,0,0,0,6,0,0,0,\N,\N,\N,646,190,\N,\N
20,193,1,0,1,0,0,101,40,0,0,0,17,0,1,0,0,0,0,113,0,0,0,\N,\N,\N,193,0,25,\N
20,194,1,7,13,0,0,101,5,0,0,0,0,0,0,0,0,0,0,98,0,0,7,\N,\N,\N,194,0,29,\N
20,195,1,0,1,0,0,101,5,0,0,0,20,0,2,4,4,0,0,114,0,0,8,\N,\N,\N,195,0,26,\N
20,196,1,14,6,2,55,95,15,0,0,0,0,0,0,0,0,0,0,70,0,0,5,\N,\N,\N,650,100,\N,\N
20,197,1,1,13,0,0,101,5,4,0,0,0,0,0,0,0,0,0,111,0,0,7,\N,\N,\N,197,0,19,\N
20,198,1,4,0,1,25,90,10,0,2,5,0,0,0,0,0,0,0,29,0,0,0,\N,\N,\N,630,140,\N,\N
20,199,1,0,13,0,0,101,5,0,0,0,0,0,0,0,0,0,0,94,0,0,0,\N,\N,\N,199,0,13,\N
20,200,1,15,0,1,120,100,10,0,0,0,0,0,0,0,0,0,0,27,0,0,9,\N,\N,\N,652,190,\N,\N
20,201,1,5,10,0,0,101,10,0,0,0,0,0,0,0,0,0,0,115,0,0,10,\N,\N,\N,201,0,13,\N
20,202,1,11,8,2,75,100,10,0,0,0,0,0,0,0,0,0,0,3,50,0,0,\N,\N,\N,644,140,\N,\N
20,203,1,0,13,0,0,101,10,4,0,0,0,0,0,0,0,0,0,116,0,0,7,\N,\N,\N,203,0,26,\N
20,204,1,17,2,0,0,100,20,0,0,0,0,0,0,0,0,0,0,58,0,0,0,\N,\N,\N,204,0,4,\N
20,205,1,5,0,1,30,90,20,0,0,0,0,0,0,0,0,0,0,117,0,0,0,\N,\N,\N,632,100,\N,\N
20,206,1,0,0,1,40,100,40,0,0,0,0,0,0,0,0,0,0,101,0,0,0,\N,\N,\N,622,100,\N,\N
20,207,1,0,5,0,0,85,15,0,0,0,6,0,2,2,5,0,0,118,0,0,0,\N,\N,\N,207,0,26,\N
20,208,1,0,3,0,0,101,10,0,0,0,0,0,0,0,0,0,0,32,0,50,7,\N,\N,\N,208,0,26,\N
20,209,1,12,4,1,65,100,20,0,0,0,1,30,1,0,0,0,0,6,0,0,0,\N,\N,\N,646,120,\N,\N
20,210,1,6,0,1,40,95,20,0,0,0,0,0,0,0,0,0,0,119,0,0,0,\N,\N,\N,634,100,\N,\N
20,211,1,8,7,1,70,90,25,0,0,0,0,0,0,0,0,0,0,138,0,0,0,\N,\N,\N,638,140,\N,\N
20,212,1,0,13,0,0,101,5,0,0,0,0,0,0,0,0,0,0,106,0,0,0,\N,\N,\N,212,0,10,\N
20,213,1,0,1,0,0,100,15,0,0,0,7,0,3,0,0,0,0,120,0,0,0,\N,\N,\N,213,0,26,\N
20,214,1,0,13,0,0,101,10,0,0,0,0,0,0,0,0,0,0,97,0,0,7,\N,\N,\N,214,0,25,\N
20,215,1,0,13,0,0,101,5,0,0,0,0,0,0,0,0,0,0,102,0,0,6,\N,\N,\N,215,0,27,\N
20,216,1,0,0,1,1,100,20,0,0,0,0,0,0,0,0,0,0,121,0,0,0,\N,\N,\N,622,160,\N,\N
20,217,1,0,0,1,1,90,15,0,0,0,0,0,0,0,0,0,0,122,0,0,0,\N,\N,\N,622,100,\N,\N
20,218,1,0,0,1,1,100,20,0,0,0,0,0,0,0,0,0,0,123,0,0,0,\N,\N,\N,622,160,\N,\N
20,219,1,0,11,0,0,101,25,0,0,0,0,0,0,0,0,0,0,124,0,0,12,\N,\N,\N,219,0,13,\N
20,220,1,0,13,0,0,101,20,0,0,0,0,0,0,0,0,0,0,91,0,0,0,\N,\N,\N,220,0,4,\N
20,221,1,9,4,1,100,95,5,0,0,0,4,50,1,0,0,0,0,125,0,0,0,\N,\N,\N,640,180,\N,\N
20,222,1,4,0,1,1,100,30,0,0,0,0,0,0,0,0,0,0,126,0,0,4,\N,\N,\N,630,140,\N,\N
20,223,1,1,4,1,100,50,5,0,0,0,6,100,2,2,5,0,0,76,0,0,0,\N,\N,\N,624,180,\N,\N
20,224,1,6,0,1,120,85,10,0,0,0,0,0,0,0,0,0,0,0,0,0,0,\N,\N,\N,634,190,\N,\N
20,225,1,15,4,2,60,100,20,0,0,0,1,30,1,0,0,0,0,6,0,0,0,\N,\N,\N,652,120,\N,\N
20,226,1,0,13,0,0,101,40,0,0,0,0,0,0,0,0,0,0,127,0,0,7,\N,\N,\N,226,0,26,\N
20,227,1,0,13,0,0,100,5,0,0,0,0,0,0,0,0,0,0,90,0,0,0,\N,\N,\N,227,0,13,\N
20,228,1,16,0,1,40,100,20,0,0,0,0,0,0,0,0,0,0,128,0,0,0,\N,\N,\N,654,100,\N,\N
20,229,1,0,0,1,20,100,40,0,0,0,0,0,0,0,0,0,0,129,0,0,0,\N,\N,\N,622,100,\N,\N
20,230,1,0,2,0,0,100,20,0,0,0,0,0,0,0,0,0,0,24,0,0,5,\N,\N,\N,230,0,16,\N
20,231,1,8,6,1,100,75,15,0,0,0,0,0,0,0,0,0,0,69,0,0,0,\N,\N,\N,638,180,\N,\N
20,232,1,8,7,1,50,95,35,0,0,0,0,0,0,0,0,0,0,139,0,0,0,\N,\N,\N,638,100,\N,\N
20,233,1,1,0,1,70,101,10,-1,0,0,0,0,0,0,0,0,0,78,0,0,0,\N,\N,\N,624,140,\N,\N
20,234,1,0,3,0,0,101,5,0,0,0,0,0,0,0,0,0,0,132,0,50,7,\N,\N,\N,234,0,26,\N
20,235,1,11,3,0,0,101,5,0,0,0,0,0,0,0,0,0,0,132,0,50,7,\N,\N,\N,235,0,26,\N
20,236,1,17,3,0,0,101,5,0,0,0,0,0,0,0,0,0,0,132,0,50,7,\N,\N,\N,236,0,26,\N
20,237,1,0,0,2,60,100,15,0,0,0,0,0,0,0,0,0,0,135,0,0,0,\N,\N,\N,622,120,\N,\N
20,238,1,1,0,1,100,80,5,0,0,0,0,0,0,0,0,1,0,43,0,0,0,\N,\N,\N,624,180,\N,\N
20,239,1,15,0,2,40,100,20,0,0,0,0,0,0,0,0,0,20,146,0,0,5,\N,\N,\N,652,100,\N,\N
20,240,1,10,10,0,0,101,5,0,0,0,0,0,0,0,0,0,0,136,0,0,10,\N,\N,\N,240,0,13,\N
20,241,1,9,10,0,0,101,5,0,0,0,0,0,0,0,0,0,0,137,0,0,10,\N,\N,\N,241,0,13,\N
20,242,1,16,6,1,80,100,15,0,0,0,0,0,0,0,0,0,0,69,0,0,0,\N,\N,\N,654,160,\N,\N
20,243,1,13,0,2,1,100,20,-5,0,0,0,0,0,0,0,0,0,144,0,0,13,\N,\N,\N,648,100,\N,\N
20,244,1,0,13,0,0,101,10,0,0,0,0,0,0,0,0,0,0,143,0,0,0,\N,\N,\N,244,0,27,\N
20,245,1,0,0,1,80,100,5,2,0,0,0,0,0,0,0,0,0,103,0,0,0,\N,\N,\N,622,160,\N,\N
20,246,1,5,7,2,60,100,5,0,0,0,0,0,0,0,0,0,0,140,0,0,0,\N,\N,\N,632,120,\N,\N
20,247,1,7,6,2,80,100,15,0,0,0,0,0,0,0,0,0,0,72,0,0,0,\N,\N,\N,636,160,\N,\N
20,248,1,13,13,2,120,100,10,0,0,0,0,0,0,0,0,0,0,148,0,0,0,\N,\N,\N,648,190,\N,\N
20,249,1,1,6,1,40,100,15,0,0,0,0,0,0,0,0,0,0,69,0,0,0,\N,\N,\N,624,100,\N,\N
20,250,1,10,4,2,35,85,15,0,0,0,8,100,4,5,6,0,0,261,0,0,0,\N,\N,\N,642,100,\N,\N
20,251,1,16,0,1,1,100,10,0,6,6,0,0,0,0,0,0,0,154,0,0,0,\N,\N,\N,654,100,\N,\N
20,252,1,0,0,1,40,100,10,3,0,0,0,0,0,0,0,0,100,158,0,0,0,\N,\N,\N,622,100,\N,\N
20,253,1,0,0,2,90,100,10,0,0,0,0,0,0,0,0,0,0,159,0,0,9,\N,\N,\N,622,175,\N,\N
20,254,1,0,13,0,0,101,20,0,0,0,0,0,0,0,0,0,0,160,0,0,7,\N,\N,\N,254,0,27,\N
20,255,1,0,0,2,1,100,10,0,0,0,0,0,0,0,0,0,0,161,0,0,0,\N,\N,\N,622,100,\N,\N
20,256,1,0,3,0,0,101,10,0,0,0,0,0,0,0,0,0,0,162,0,25,7,\N,\N,\N,256,0,26,\N
20,257,1,9,4,2,95,90,10,0,0,0,4,10,1,0,0,0,0,4,0,0,5,\N,\N,\N,640,175,\N,\N
20,258,1,14,10,0,0,101,10,0,0,0,0,0,0,0,0,0,0,164,0,0,10,\N,\N,\N,258,0,13,\N
20,259,1,16,1,0,0,100,15,0,0,0,12,0,1,0,0,0,0,165,0,0,0,\N,\N,\N,259,0,4,\N
20,260,1,16,5,0,0,100,15,0,0,0,6,0,2,2,5,0,0,166,0,0,0,\N,\N,\N,260,0,10,\N
20,261,1,9,1,0,0,85,15,0,0,0,4,0,1,0,0,0,0,167,0,0,0,\N,\N,\N,261,0,1,\N
20,262,1,16,13,0,0,100,10,0,0,0,0,0,0,0,0,0,0,168,0,0,0,\N,\N,\N,262,0,28,\N
20,263,1,0,0,1,70,100,20,0,0,0,0,0,0,0,0,0,0,169,0,0,0,\N,\N,\N,622,140,\N,\N
20,264,1,1,0,1,150,100,20,-3,0,0,0,0,0,0,0,0,0,170,0,0,0,\N,\N,\N,624,200,\N,\N
20,265,1,0,0,1,70,100,10,0,0,0,0,0,0,0,0,0,0,171,0,0,0,\N,\N,\N,622,140,\N,\N
20,266,1,0,13,0,0,101,20,2,0,0,0,0,0,0,0,0,0,172,0,0,7,\N,\N,\N,266,0,26,\N
20,267,1,0,13,0,0,101,20,0,0,0,0,0,0,0,0,0,0,173,0,0,0,\N,\N,\N,267,0,\N,\N
20,268,1,12,2,0,0,101,20,0,0,0,0,0,0,0,0,0,0,174,0,0,7,\N,\N,\N,268,0,10,\N
20,269,1,16,13,0,0,100,20,0,0,0,0,0,0,0,0,0,0,175,0,0,0,\N,\N,\N,269,0,1,\N
20,270,1,0,13,0,0,101,20,5,0,0,0,0,0,0,0,0,0,176,0,0,2,\N,\N,\N,270,0,26,\N
20,271,1,13,13,0,0,100,10,0,0,0,0,0,0,0,0,0,0,177,0,0,0,\N,\N,\N,271,0,14,\N
20,272,1,13,13,0,0,101,10,0,0,0,0,0,0,0,0,0,0,178,0,0,0,\N,\N,\N,272,0,13,\N
20,273,1,0,13,0,0,101,10,0,0,0,0,0,0,0,0,0,0,179,0,0,7,\N,\N,\N,273,0,10,\N
20,274,1,0,13,0,0,101,20,0,0,0,0,0,0,0,0,0,0,180,0,0,7,\N,\N,\N,274,0,\N,\N
20,275,1,11,1,0,0,101,20,0,0,0,21,0,1,0,0,0,0,181,0,0,7,\N,\N,\N,275,0,10,\N
20,276,1,1,7,1,120,100,5,0,0,0,0,0,0,0,0,0,0,182,0,0,0,\N,\N,\N,624,190,\N,\N
20,277,1,13,13,0,0,101,15,4,0,0,0,0,0,0,0,0,0,183,0,0,7,\N,\N,\N,277,0,11,\N
20,278,1,0,13,0,0,101,10,0,0,0,0,0,0,0,0,0,0,184,0,0,7,\N,\N,\N,278,0,14,\N
20,279,1,1,0,1,60,100,10,-4,0,0,0,0,0,0,0,0,0,185,0,0,0,\N,\N,\N,624,120,\N,\N
20,280,1,1,0,1,75,100,15,0,0,0,0,0,0,0,0,0,0,186,0,0,0,\N,\N,\N,624,140,\N,\N
20,281,1,0,1,0,0,101,10,0,0,0,14,0,2,2,2,0,0,187,0,0,0,\N,\N,\N,281,0,13,\N
20,282,1,16,0,1,65,100,20,0,0,0,0,0,0,0,0,0,0,188,0,0,0,\N,\N,\N,654,120,\N,\N
20,283,1,0,0,1,1,100,5,0,0,0,0,0,0,0,0,0,0,189,0,0,0,\N,\N,\N,622,160,\N,\N
20,284,1,9,0,2,150,100,5,0,0,0,0,0,0,0,0,0,0,190,0,0,5,\N,\N,\N,640,200,\N,\N
20,285,1,13,13,0,0,101,10,0,0,0,0,0,0,0,0,0,0,191,0,0,0,\N,\N,\N,285,0,13,\N
20,286,1,13,13,0,0,101,10,0,0,0,0,0,0,0,0,0,0,192,0,0,7,\N,\N,\N,286,0,11,\N
20,287,1,0,13,0,0,101,20,0,0,0,0,0,0,0,0,0,0,193,0,0,7,\N,\N,\N,287,0,27,\N
20,288,1,7,13,0,0,101,5,0,0,0,0,0,0,0,0,0,0,194,0,0,7,\N,\N,\N,288,0,29,\N
20,289,1,16,13,0,0,101,10,4,0,0,0,0,0,0,0,0,0,195,0,0,7,\N,\N,\N,289,0,14,\N
20,290,1,0,0,1,70,100,20,0,0,0,0,30,0,0,0,0,0,197,0,0,0,\N,\N,\N,622,140,\N,\N
20,291,1,10,0,1,80,100,10,0,0,0,0,0,0,0,0,0,0,255,0,0,0,\N,\N,\N,642,160,\N,\N
20,292,1,1,0,1,15,100,20,0,2,5,0,0,0,0,0,0,0,29,0,0,0,\N,\N,\N,624,100,\N,\N
20,293,1,0,13,0,0,101,20,0,0,0,0,0,0,0,0,0,0,213,0,0,7,\N,\N,\N,293,0,19,\N
20,294,1,6,2,0,0,101,20,0,0,0,0,0,0,0,0,0,0,321,0,0,7,\N,\N,\N,294,0,26,\N
20,295,1,13,6,2,70,100,5,0,0,0,0,0,0,0,0,0,0,72,0,0,0,\N,\N,\N,648,140,\N,\N
20,296,1,13,6,2,70,100,5,0,0,0,0,0,0,0,0,0,0,71,0,0,0,\N,\N,\N,648,140,\N,\N
20,297,1,2,2,0,0,100,15,0,0,0,0,0,0,0,0,0,0,58,0,0,0,\N,\N,\N,297,0,4,\N
20,298,1,0,1,0,0,100,20,0,0,0,6,0,2,2,5,0,0,199,0,0,4,\N,\N,\N,298,0,7,\N
20,299,1,9,4,1,85,90,10,0,0,0,4,10,1,0,0,1,0,200,0,0,0,\N,\N,\N,640,160,\N,\N
20,300,1,4,10,0,0,101,15,0,0,0,0,0,0,0,0,0,0,201,0,0,10,\N,\N,\N,300,0,10,\N
20,301,1,14,0,1,30,90,20,0,0,0,0,0,0,0,0,0,0,117,0,0,0,\N,\N,\N,650,100,\N,\N
20,302,1,11,0,1,60,100,15,0,0,0,0,0,0,0,0,0,30,31,0,0,0,\N,\N,\N,644,120,\N,\N
20,303,1,0,3,0,0,101,10,0,0,0,0,0,0,0,0,0,0,32,0,50,7,\N,\N,\N,303,0,26,\N
20,304,1,0,0,2,90,100,10,0,0,0,0,0,0,0,0,0,0,0,0,0,5,\N,\N,\N,622,175,\N,\N
20,305,1,3,4,1,50,100,15,0,0,0,5,50,1,15,15,0,0,202,0,0,0,\N,\N,\N,628,100,\N,\N
20,306,1,0,6,1,75,95,10,0,0,0,0,0,0,0,0,0,0,69,0,0,0,\N,\N,\N,622,140,\N,\N
20,307,1,9,0,2,150,90,5,0,0,0,0,0,0,0,0,0,0,80,0,0,0,\N,\N,\N,640,200,\N,\N
20,308,1,10,0,2,150,90,5,0,0,0,0,0,0,0,0,0,0,80,0,0,0,\N,\N,\N,642,200,\N,\N
20,309,1,8,7,1,90,90,10,0,0,0,0,0,0,0,0,0,0,139,0,0,0,\N,\N,\N,638,175,\N,\N
20,310,1,7,0,1,30,100,15,0,0,0,0,0,0,0,0,0,30,31,0,0,0,\N,\N,\N,636,100,\N,\N
20,311,1,0,0,2,50,100,10,0,0,0,0,0,0,0,0,0,0,203,0,0,0,\N,\N,\N,622,160,\N,\N
20,312,1,11,13,0,0,101,5,0,0,0,0,0,0,0,0,0,0,102,0,0,6,\N,\N,\N,312,0,27,\N
20,313,1,16,2,0,0,100,20,0,0,0,0,0,0,0,0,0,0,62,0,0,0,\N,\N,\N,313,0,7,\N
20,314,1,2,0,2,60,95,25,0,0,0,0,0,0,0,0,1,0,43,0,0,5,\N,\N,\N,626,120,\N,\N
20,315,1,9,7,2,130,90,5,0,0,0,0,0,0,0,0,0,0,204,0,0,0,\N,\N,\N,640,195,\N,\N
20,316,1,0,1,0,0,101,40,0,0,0,17,0,1,0,0,0,0,113,0,0,0,\N,\N,\N,316,0,1,\N
20,317,1,5,6,1,60,95,15,0,0,0,0,0,0,0,0,0,0,70,0,0,0,\N,\N,\N,632,120,\N,\N
20,318,1,6,7,2,60,100,5,0,0,0,0,0,0,0,0,0,0,140,0,0,0,\N,\N,\N,634,120,\N,\N
20,319,1,8,2,0,0,85,40,0,0,0,0,0,0,0,0,0,0,62,0,0,0,\N,\N,\N,319,0,7,\N
20,320,1,11,1,0,0,55,15,0,0,0,2,0,2,2,4,0,0,1,0,0,0,\N,\N,\N,320,0,13,\N
20,321,1,0,2,0,0,100,20,0,0,0,0,0,0,0,0,0,0,205,0,0,0,\N,\N,\N,321,0,4,\N
20,322,1,13,2,0,0,101,20,0,0,0,0,0,0,0,0,0,0,206,0,0,7,\N,\N,\N,322,0,10,\N
20,323,1,10,0,2,150,100,5,0,0,0,0,0,0,0,0,0,0,190,0,0,5,\N,\N,\N,642,200,\N,\N
20,324,1,6,4,2,75,100,15,0,0,0,6,10,2,2,5,0,0,76,0,0,0,\N,\N,\N,634,140,\N,\N
20,325,1,7,0,1,60,101,20,0,0,0,0,0,0,0,0,0,0,17,0,0,0,\N,\N,\N,636,120,\N,\N
20,326,1,13,0,2,80,100,20,0,0,0,0,0,0,0,0,0,10,31,0,0,0,\N,\N,\N,648,160,\N,\N
20,327,1,1,0,1,85,90,15,0,0,0,0,0,0,0,0,0,0,207,0,0,0,\N,\N,\N,624,160,\N,\N
20,328,1,4,4,1,35,85,15,0,0,0,8,100,4,5,6,0,0,42,0,0,0,\N,\N,\N,630,100,\N,\N
20,329,1,14,9,2,1,30,5,0,0,0,0,0,0,0,0,0,0,38,0,0,0,\N,\N,\N,650,180,\N,\N
20,330,1,10,6,2,90,85,10,0,0,0,0,0,0,0,0,0,0,73,0,0,5,\N,\N,\N,642,175,\N,\N
20,331,1,11,0,1,25,100,30,0,2,5,0,0,0,0,0,0,0,29,0,0,0,\N,\N,\N,644,140,\N,\N
20,332,1,2,0,1,60,101,20,0,0,0,0,0,0,0,0,0,0,17,0,0,0,\N,\N,\N,626,120,\N,\N
20,333,1,14,0,1,25,100,30,0,2,5,0,0,0,0,0,0,0,29,0,0,0,\N,\N,\N,650,140,\N,\N
20,334,1,8,2,0,0,101,15,0,0,0,0,0,0,0,0,0,0,51,0,0,7,\N,\N,\N,334,0,26,\N
20,335,1,0,13,0,0,101,5,0,0,0,0,0,0,0,0,0,0,106,0,0,0,\N,\N,\N,335,0,4,\N
20,336,1,0,2,0,0,101,40,0,0,0,0,0,0,0,0,0,0,10,0,0,7,\N,\N,\N,336,0,1,\N
20,337,1,15,0,1,80,100,15,0,0,0,0,0,0,0,0,0,0,0,0,0,0,\N,\N,\N,652,160,\N,\N
20,338,1,11,0,2,150,90,5,0,0,0,0,0,0,0,0,0,0,80,0,0,0,\N,\N,\N,644,200,\N,\N
20,339,1,1,2,0,0,101,20,0,0,0,0,0,0,0,0,0,0,208,0,0,7,\N,\N,\N,339,0,1,\N
20,340,1,2,4,1,85,85,5,0,0,0,1,30,1,0,0,0,0,263,0,0,0,\N,\N,\N,626,160,\N,\N
20,341,1,4,6,2,55,95,15,0,0,0,0,0,0,0,0,0,0,70,0,0,0,\N,\N,\N,630,100,\N,\N
20,342,1,3,4,1,50,100,25,0,0,0,5,10,1,0,0,1,0,209,0,0,0,\N,\N,\N,628,100,\N,\N
20,343,1,0,0,1,60,100,25,0,0,0,0,0,0,0,0,0,0,105,0,0,0,\N,\N,\N,622,120,\N,\N
20,344,1,12,4,1,120,100,15,0,0,0,1,10,1,0,0,0,0,262,-33,0,0,\N,\N,\N,646,190,\N,\N
20,345,1,11,0,2,60,101,20,0,0,0,0,0,0,0,0,0,0,17,0,0,0,\N,\N,\N,644,120,\N,\N
20,346,1,10,10,0,0,101,15,0,0,0,0,0,0,0,0,0,0,210,0,0,10,\N,\N,\N,346,0,10,\N
20,347,1,13,2,0,0,101,20,0,0,0,0,0,0,0,0,0,0,211,0,0,7,\N,\N,\N,347,0,26,\N
20,348,1,11,0,1,90,100,15,0,0,0,0,0,0,0,0,1,0,43,0,0,0,\N,\N,\N,644,175,\N,\N
20,349,1,15,2,0,0,101,20,0,0,0,0,0,0,0,0,0,0,212,0,0,7,\N,\N,\N,349,0,26,\N
20,350,1,5,0,1,25,90,10,0,2,5,0,0,0,0,0,0,0,29,0,0,0,\N,\N,\N,632,140,\N,\N
20,351,1,12,0,2,60,101,20,0,0,0,0,0,0,0,0,0,0,17,0,0,0,\N,\N,\N,646,120,\N,\N
20,352,1,10,4,2,60,100,20,0,0,0,6,20,2,2,5,0,0,76,0,0,0,\N,\N,\N,642,120,\N,\N
20,353,1,8,13,2,140,100,5,0,0,0,0,0,0,0,0,0,0,148,0,0,0,\N,\N,\N,638,200,\N,\N
20,354,1,13,7,2,140,90,5,0,0,0,0,0,0,0,0,0,0,204,0,0,0,\N,\N,\N,648,200,\N,\N
20,355,1,2,3,0,0,101,10,0,0,0,0,0,0,0,0,0,0,214,0,50,7,\N,\N,\N,355,0,26,\N
20,356,1,13,10,0,0,101,5,0,0,0,0,0,0,0,0,0,0,215,0,0,10,\N,\N,\N,356,0,7,\N
20,357,1,13,1,0,0,101,40,0,0,0,17,0,1,0,0,0,0,216,0,0,0,\N,\N,\N,357,0,7,\N
20,358,1,1,0,1,70,100,10,0,0,0,0,0,0,0,0,0,0,217,0,0,0,\N,\N,\N,624,140,\N,\N
20,359,1,1,7,1,100,90,10,0,0,0,0,0,0,0,0,0,0,218,0,0,0,\N,\N,\N,624,180,\N,\N
20,360,1,8,0,1,1,100,5,0,0,0,0,0,0,0,0,0,0,219,0,0,0,\N,\N,\N,638,160,\N,\N
20,361,1,13,13,0,0,101,10,0,0,0,0,0,0,0,0,0,0,220,0,0,7,\N,\N,\N,361,0,\N,\N
20,362,1,10,0,2,65,100,10,0,0,0,0,0,0,0,0,0,0,221,0,0,0,\N,\N,\N,642,120,\N,\N
20,363,1,0,0,1,1,100,15,0,0,0,0,0,0,0,0,0,0,222,0,0,0,\N,\N,\N,622,160,\N,\N
20,364,1,0,0,1,30,100,10,2,0,0,0,0,0,0,0,0,0,223,0,0,0,\N,\N,\N,622,100,\N,\N
20,365,1,2,0,1,60,100,20,0,0,0,0,0,0,0,0,0,0,224,0,0,0,\N,\N,\N,626,120,\N,\N
20,366,1,2,11,0,0,101,15,0,0,0,0,0,0,0,0,0,0,225,0,0,12,\N,\N,\N,366,0,25,\N
20,367,1,0,13,0,0,101,30,0,0,0,0,0,0,0,0,0,0,226,0,0,1,\N,\N,\N,367,0,25,\N
20,368,1,8,0,1,1,100,10,0,0,0,0,0,0,0,0,0,0,227,0,0,13,\N,\N,\N,638,100,\N,\N
20,369,1,6,0,1,70,100,20,0,0,0,0,0,0,0,0,0,0,228,0,0,0,\N,\N,\N,634,140,\N,\N
20,370,1,1,7,1,120,100,5,0,0,0,0,0,0,0,0,0,0,229,0,0,0,\N,\N,\N,624,190,\N,\N
20,371,1,16,0,1,50,100,10,0,0,0,0,0,0,0,0,0,0,230,0,0,0,\N,\N,\N,654,100,\N,\N
20,372,1,16,0,1,60,100,10,0,0,0,0,0,0,0,0,0,0,231,0,0,0,\N,\N,\N,654,120,\N,\N
20,373,1,16,1,0,0,100,15,0,0,0,19,0,2,5,5,0,0,232,0,0,0,\N,\N,\N,373,0,7,\N
20,374,1,16,0,1,1,100,10,0,0,0,0,0,0,0,0,0,0,233,0,0,0,\N,\N,\N,654,100,\N,\N
20,375,1,13,13,0,0,100,10,0,0,0,0,0,0,0,0,0,0,234,0,0,0,\N,\N,\N,375,0,8,\N
20,376,1,0,0,2,1,101,5,0,0,0,0,0,0,0,0,0,0,235,0,0,0,\N,\N,\N,622,160,\N,\N
20,377,1,13,1,0,0,100,15,0,0,0,15,0,2,5,5,0,0,236,0,0,5,\N,\N,\N,377,0,8,\N
20,378,1,0,0,2,1,100,5,0,0,0,0,0,0,0,0,0,0,237,0,0,0,\N,\N,\N,622,190,\N,\N
20,379,1,13,13,0,0,101,10,0,0,0,0,0,0,0,0,0,0,238,0,0,7,\N,\N,\N,379,0,1,\N
20,380,1,3,13,0,0,100,10,0,0,0,0,0,0,0,0,0,0,239,0,0,0,\N,\N,\N,380,0,13,\N
20,381,1,0,11,0,0,101,30,0,0,0,0,0,0,0,0,0,0,240,0,0,12,\N,\N,\N,381,0,19,\N
20,382,1,0,0,0,1,101,20,0,0,0,0,0,0,0,0,0,0,241,0,0,3,\N,\N,\N,382,0,14,\N
20,383,1,0,13,0,0,101,20,0,0,0,0,0,0,0,0,0,0,242,0,0,7,\N,\N,\N,383,0,16,\N
20,384,1,13,13,0,0,101,10,0,0,0,0,0,0,0,0,0,0,243,0,0,0,\N,\N,\N,384,0,13,\N
20,385,1,13,13,0,0,101,10,0,0,0,0,0,0,0,0,0,0,244,0,0,0,\N,\N,\N,385,0,13,\N
20,386,1,16,0,1,1,100,5,0,0,0,0,0,0,0,0,0,0,245,0,0,0,\N,\N,\N,654,160,\N,\N
20,387,1,0,0,1,140,100,5,0,0,0,0,0,0,0,0,0,0,246,0,0,0,\N,\N,\N,622,200,\N,\N
20,388,1,11,13,0,0,100,10,0,0,0,0,0,0,0,0,0,0,247,0,0,0,\N,\N,\N,388,0,13,\N
20,389,1,16,0,1,70,100,5,1,0,0,0,0,0,0,0,0,0,248,0,0,0,\N,\N,\N,654,140,\N,\N
20,390,1,3,11,0,0,101,20,0,0,0,0,0,0,0,0,0,0,249,0,0,11,\N,\N,\N,390,0,4,\N
20,391,1,13,13,0,0,101,10,0,0,0,0,0,0,0,0,0,0,250,0,0,0,\N,\N,\N,391,0,25,\N
20,392,1,10,13,0,0,101,20,0,0,0,0,0,0,0,0,0,0,251,0,0,7,\N,\N,\N,392,0,4,\N
20,393,1,12,13,0,0,101,10,0,0,0,0,0,0,5,5,0,0,252,0,0,7,\N,\N,\N,393,0,19,\N
20,394,1,9,4,1,120,100,15,0,0,0,4,10,1,0,0,0,0,253,-33,0,0,\N,\N,\N,640,190,\N,\N
20,395,1,1,4,1,60,100,10,0,0,0,1,30,1,0,0,0,0,6,0,0,0,\N,\N,\N,624,120,\N,\N
20,396,1,1,0,2,80,101,20,0,0,0,0,0,0,0,0,0,0,17,0,0,0,\N,\N,\N,624,160,\N,\N
20,397,1,5,2,0,0,101,20,0,0,0,0,0,0,0,0,0,0,52,0,0,7,\N,\N,\N,397,0,26,\N
20,398,1,3,4,1,80,100,20,0,0,0,5,30,1,0,0,0,0,2,0,0,0,\N,\N,\N,628,160,\N,\N
20,399,1,16,0,2,80,100,15,0,0,0,0,0,0,0,0,0,20,31,0,0,0,\N,\N,\N,654,160,\N,\N
20,400,1,16,0,1,70,100,15,0,0,0,0,0,0,0,0,1,0,43,0,0,0,\N,\N,\N,654,140,\N,\N
20,401,1,10,0,1,90,90,10,0,0,0,0,0,0,0,0,0,0,0,0,0,0,\N,\N,\N,642,175,\N,\N
20,402,1,11,0,1,80,100,15,0,0,0,0,0,0,0,0,0,0,0,0,0,0,\N,\N,\N,644,160,\N,\N
20,403,1,2,0,2,75,95,15,0,0,0,0,0,0,0,0,0,30,31,0,0,0,\N,\N,\N,626,140,\N,\N
20,404,1,6,0,1,80,100,15,0,0,0,0,0,0,0,0,0,0,0,0,0,0,\N,\N,\N,634,160,\N,\N
20,405,1,6,6,2,90,100,10,0,0,0,0,0,0,0,0,0,0,72,0,0,0,\N,\N,\N,634,175,\N,\N
20,406,1,15,0,2,85,100,10,0,0,0,0,0,0,0,0,0,0,0,0,0,0,\N,\N,\N,652,160,\N,\N
20,407,1,15,0,1,100,75,10,0,0,0,0,0,0,0,0,0,20,31,0,0,0,\N,\N,\N,652,180,\N,\N
20,408,1,5,0,2,80,100,20,0,0,0,0,0,0,0,0,0,0,0,0,0,0,\N,\N,\N,632,160,\N,\N
20,409,1,1,8,1,75,100,10,0,0,0,0,0,0,0,0,0,0,3,50,0,0,\N,\N,\N,624,140,\N,\N
20,410,1,1,0,2,40,100,30,1,0,0,0,0,0,0,0,0,0,103,0,0,0,\N,\N,\N,624,100,\N,\N
20,411,1,1,6,2,120,70,5,0,0,0,0,0,0,0,0,0,0,72,0,0,0,\N,\N,\N,624,190,\N,\N
20,412,1,11,6,2,90,100,10,0,0,0,0,0,0,0,0,0,0,72,0,0,0,\N,\N,\N,644,175,\N,\N
20,413,1,2,0,1,120,100,15,0,0,0,0,0,0,0,0,0,0,198,-33,0,0,\N,\N,\N,626,190,\N,\N
20,414,1,4,6,2,90,100,10,0,0,0,0,0,0,0,0,0,0,72,0,0,0,\N,\N,\N,630,175,\N,\N
20,415,1,16,13,0,0,100,10,0,0,0,0,0,0,0,0,0,0,177,0,0,0,\N,\N,\N,415,0,14,\N
20,416,1,0,0,1,150,90,5,0,0,0,0,0,0,0,0,0,0,80,0,0,0,\N,\N,\N,622,200,\N,\N
20,417,1,16,2,0,0,101,20,0,0,0,0,0,0,0,0,0,0,53,0,0,7,\N,\N,\N,417,0,26,\N
20,418,1,8,0,1,40,100,30,1,0,0,0,0,0,0,0,0,0,103,0,0,0,\N,\N,\N,638,100,\N,\N
20,419,1,14,0,1,60,100,10,-4,0,0,0,0,0,0,0,0,0,185,0,0,0,\N,\N,\N,650,120,\N,\N
20,420,1,14,0,1,40,100,30,1,0,0,0,0,0,0,0,0,0,103,0,0,0,\N,\N,\N,650,100,\N,\N
20,421,1,7,0,1,70,100,15,0,0,0,0,0,0,0,0,1,0,43,0,0,0,\N,\N,\N,636,140,\N,\N
20,422,1,12,4,1,65,95,15,0,0,0,1,10,1,0,0,0,10,275,0,0,0,\N,\N,\N,646,120,\N,\N
20,423,1,14,4,1,65,95,15,0,0,0,3,10,1,0,0,0,10,274,0,0,0,\N,\N,\N,650,120,\N,\N
20,424,1,9,4,1,65,95,15,0,0,0,4,10,1,0,0,0,10,273,0,0,0,\N,\N,\N,640,120,\N,\N
20,425,1,7,0,1,40,100,30,1,0,0,0,0,0,0,0,0,0,103,0,0,0,\N,\N,\N,636,100,\N,\N
20,426,1,4,6,2,65,85,10,0,0,0,0,0,0,0,0,0,0,73,0,0,0,\N,\N,\N,630,120,\N,\N
20,427,1,13,0,1,70,100,20,0,0,0,0,0,0,0,0,1,0,43,0,0,0,\N,\N,\N,648,140,\N,\N
20,428,1,13,0,1,80,90,15,0,0,0,0,0,0,0,0,0,20,31,0,0,0,\N,\N,\N,648,160,\N,\N
20,429,1,8,6,2,65,85,10,0,0,0,0,0,0,0,0,0,0,73,0,0,0,\N,\N,\N,638,120,\N,\N
20,430,1,8,6,2,80,100,10,0,0,0,0,0,0,0,0,0,0,72,0,0,0,\N,\N,\N,638,160,\N,\N
20,431,1,0,4,1,90,85,20,0,0,0,6,20,2,2,5,0,0,76,0,0,0,\N,\N,\N,622,175,\N,\N
20,432,1,2,13,0,0,101,15,0,0,0,0,0,0,0,0,0,0,258,0,0,0,\N,\N,\N,432,0,16,\N
20,433,1,13,10,0,0,101,5,-7,0,0,0,0,0,0,0,0,0,259,0,0,10,\N,\N,\N,433,0,16,\N
20,434,1,15,7,2,130,90,5,0,0,0,0,0,0,0,0,0,0,204,0,0,0,\N,\N,\N,652,195,\N,\N
20,435,1,12,4,2,80,100,15,0,0,0,1,30,1,0,0,0,0,6,0,0,4,\N,\N,\N,646,160,\N,\N
20,436,1,9,4,2,80,100,15,0,0,0,4,30,1,0,0,0,0,4,0,0,4,\N,\N,\N,640,160,\N,\N
20,437,1,11,7,2,130,90,5,0,0,0,0,0,0,0,0,0,0,204,0,0,0,\N,\N,\N,644,195,\N,\N
20,438,1,11,0,1,120,85,10,0,0,0,0,0,0,0,0,0,0,0,0,0,0,\N,\N,\N,644,190,\N,\N
20,439,1,5,0,1,150,90,5,0,0,0,0,0,0,0,0,0,0,80,0,0,0,\N,\N,\N,632,200,\N,\N
20,440,1,3,4,1,70,100,20,0,0,0,5,10,1,0,0,1,0,209,0,0,0,\N,\N,\N,628,140,\N,\N
20,441,1,3,4,1,120,80,5,0,0,0,5,30,1,0,0,0,0,2,0,0,0,\N,\N,\N,628,190,\N,\N
20,442,1,8,0,1,80,100,15,0,0,0,0,0,0,0,0,0,30,31,0,0,0,\N,\N,\N,638,160,\N,\N
20,443,1,8,0,1,60,101,20,0,0,0,0,0,0,0,0,0,0,17,0,0,0,\N,\N,\N,638,120,\N,\N
20,444,1,5,0,1,100,80,5,0,0,0,0,0,0,0,0,1,0,43,0,0,0,\N,\N,\N,632,180,\N,\N
20,445,1,0,2,0,0,100,20,0,0,0,0,0,0,0,0,0,0,265,0,0,5,\N,\N,\N,445,0,11,\N
20,446,1,5,11,0,0,101,20,0,0,0,0,0,0,0,0,0,0,266,0,0,11,\N,\N,\N,446,0,4,\N
20,447,1,11,0,2,1,100,20,0,0,0,0,0,0,0,0,0,0,196,0,0,0,\N,\N,\N,644,160,\N,\N
20,448,1,2,4,2,65,100,20,0,0,0,6,100,2,2,5,0,0,267,0,0,0,\N,\N,\N,626,120,\N,\N
20,449,1,0,0,2,100,100,10,0,0,0,0,0,0,0,0,0,0,268,0,0,0,\N,\N,\N,622,180,\N,\N
20,450,1,6,0,1,60,100,20,0,0,0,0,0,0,0,0,0,0,224,0,0,0,\N,\N,\N,634,120,\N,\N
20,451,1,12,7,2,50,90,10,0,0,0,0,0,0,0,0,0,0,276,0,0,0,\N,\N,\N,646,100,\N,\N
20,452,1,11,0,1,120,100,15,0,0,0,0,0,0,0,0,0,0,198,-33,0,0,\N,\N,\N,644,190,\N,\N
20,453,1,10,0,1,40,100,20,1,0,0,0,0,0,0,0,0,0,103,0,0,0,\N,\N,\N,642,100,\N,\N
20,454,1,6,0,1,90,100,15,0,0,0,0,0,0,0,0,1,0,43,0,0,0,\N,\N,\N,634,175,\N,\N
20,455,1,6,2,0,0,101,10,0,0,0,0,0,0,0,0,0,0,206,0,0,7,\N,\N,\N,455,0,4,\N
20,456,1,6,3,0,0,101,10,0,0,0,0,0,0,0,0,0,0,32,0,50,7,\N,\N,\N,456,0,26,\N
20,457,1,5,0,1,150,80,5,0,0,0,0,0,0,0,0,0,0,269,-50,0,0,\N,\N,\N,632,200,\N,\N
20,458,1,0,0,1,35,90,10,0,2,2,0,0,0,0,0,0,0,44,0,0,0,\N,\N,\N,622,140,\N,\N
20,459,1,15,0,2,150,90,5,0,0,0,0,0,0,0,0,0,0,80,0,0,0,\N,\N,\N,652,200,\N,\N
20,460,1,15,0,2,100,95,5,0,0,0,0,0,0,0,0,1,0,43,0,0,0,\N,\N,\N,652,180,\N,\N
20,461,1,13,13,0,0,101,10,0,0,0,0,0,0,0,0,0,0,270,0,0,7,\N,\N,\N,461,0,\N,\N
20,462,1,0,0,1,1,100,5,0,0,0,0,0,0,0,0,0,0,237,0,0,0,\N,\N,\N,622,190,\N,\N
20,463,1,9,4,2,100,75,5,0,0,0,8,100,4,5,6,0,0,42,0,0,0,\N,\N,\N,640,180,\N,\N
20,464,1,16,1,0,0,50,10,0,0,0,2,0,2,2,4,0,0,1,0,0,5,\N,\N,\N,464,0,26,\N
20,465,1,11,6,2,120,85,5,0,0,0,0,0,0,0,0,0,0,271,0,0,0,\N,\N,\N,644,190,\N,\N
20,466,1,7,7,2,60,100,5,0,0,0,0,10,0,0,0,0,0,140,0,0,0,\N,\N,\N,636,120,\N,\N
20,467,1,7,0,1,120,100,5,0,0,0,0,0,0,0,0,0,0,272,0,0,0,\N,\N,\N,636,190,\N,\N
20,468,1,16,2,0,0,101,15,0,0,0,0,0,0,0,0,0,0,277,0,0,7,\N,\N,\N,468,0,1,\N
20,469,1,5,11,0,0,101,10,3,0,0,0,0,0,0,0,0,0,278,0,0,12,\N,\N,\N,469,0,4,\N
20,470,1,13,13,0,0,101,10,0,0,0,0,0,0,0,0,0,0,279,0,0,0,\N,\N,\N,470,0,13,\N
20,471,1,13,13,0,0,101,10,0,0,0,0,0,0,0,0,0,0,280,0,0,0,\N,\N,\N,471,0,13,\N
20,472,1,13,10,0,0,101,10,0,0,0,0,0,0,0,0,0,0,281,0,0,10,\N,\N,\N,472,0,10,\N
20,473,1,13,0,2,80,100,10,0,0,0,0,0,0,0,0,0,0,282,0,0,0,\N,\N,\N,648,160,\N,\N
20,474,1,3,0,2,65,100,10,0,0,0,0,0,0,0,0,0,0,283,0,0,0,\N,\N,\N,628,120,\N,\N
20,475,1,8,2,0,0,101,15,0,0,0,0,0,0,0,0,0,0,284,0,0,7,\N,\N,\N,475,0,26,\N
20,476,1,6,13,0,0,101,20,2,0,0,0,0,0,0,0,0,0,172,0,0,7,\N,\N,\N,476,0,26,\N
20,477,1,13,1,0,0,101,15,0,0,0,101,0,2,3,3,0,0,285,0,0,0,\N,\N,\N,477,0,7,\N
20,478,1,13,10,0,0,101,10,0,0,0,0,0,0,0,0,0,0,286,0,0,10,\N,\N,\N,478,0,10,\N
20,479,1,5,0,1,50,100,15,0,0,0,101,100,1,0,0,0,0,287,0,0,0,\N,\N,\N,632,100,\N,\N
20,480,1,1,0,1,60,100,10,0,0,0,0,0,0,0,0,6,0,288,0,0,0,\N,\N,\N,624,120,\N,\N
20,481,1,9,0,2,70,100,15,0,0,0,0,0,0,0,0,0,0,289,0,0,0,\N,\N,\N,640,140,\N,\N
20,482,1,3,4,2,95,100,10,0,0,0,5,10,1,0,0,0,0,2,0,0,4,\N,\N,\N,628,175,\N,\N
20,483,1,6,2,0,0,101,20,0,0,0,0,0,0,0,0,0,0,290,0,0,7,\N,\N,\N,483,0,26,\N
20,484,1,8,0,1,1,100,10,0,0,0,0,0,0,0,0,0,0,291,0,0,0,\N,\N,\N,638,160,\N,\N
20,485,1,13,0,2,120,100,10,0,0,0,0,0,0,0,0,0,0,292,0,0,4,\N,\N,\N,648,190,\N,\N
20,486,1,12,0,2,1,100,10,0,0,0,0,0,0,0,0,0,0,293,0,0,0,\N,\N,\N,646,160,\N,\N
20,487,1,10,13,0,0,100,20,0,0,0,0,0,0,0,0,0,0,294,0,0,0,\N,\N,\N,487,0,7,\N
20,488,1,9,7,1,50,100,20,0,0,0,0,0,0,0,0,0,0,295,0,0,0,\N,\N,\N,640,100,\N,\N
20,489,1,3,2,0,0,101,20,0,0,0,0,0,0,0,0,0,0,322,0,0,7,\N,\N,\N,489,0,26,\N
20,490,1,1,6,1,65,100,20,0,0,0,0,0,0,0,0,0,0,20,0,0,0,\N,\N,\N,624,120,\N,\N
20,491,1,3,6,2,40,100,20,0,0,0,0,0,0,0,0,0,0,296,0,0,0,\N,\N,\N,628,100,\N,\N
20,492,1,16,0,1,95,100,15,0,0,0,0,0,0,0,0,0,0,297,0,0,0,\N,\N,\N,654,175,\N,\N
20,493,1,0,13,0,0,100,15,0,0,0,0,0,0,0,0,0,0,298,0,0,0,\N,\N,\N,493,0,7,\N
20,494,1,0,13,0,0,100,15,0,0,0,0,0,0,0,0,0,0,299,0,0,0,\N,\N,\N,494,0,10,\N
20,495,1,0,13,0,0,101,15,0,0,0,0,0,0,0,0,0,0,300,0,0,0,\N,\N,\N,495,0,13,\N
20,496,1,0,0,2,60,100,15,0,0,0,0,0,0,0,0,0,0,301,0,0,0,\N,\N,\N,622,120,\N,\N
20,497,1,0,0,2,40,100,15,0,0,0,0,0,0,0,0,0,0,302,0,0,0,\N,\N,\N,622,100,\N,\N
20,498,1,0,0,1,70,100,20,0,0,0,0,0,0,0,0,0,0,303,0,0,0,\N,\N,\N,622,140,\N,\N
20,499,1,3,0,2,50,101,15,0,0,0,0,0,0,0,0,0,0,304,0,0,0,\N,\N,\N,628,100,\N,\N
20,500,1,13,0,2,20,100,10,0,0,0,0,0,0,0,0,0,0,305,0,0,0,\N,\N,\N,648,160,\N,\N
20,501,1,1,11,0,0,101,15,3,0,0,0,0,0,0,0,0,0,306,0,0,12,\N,\N,\N,501,0,4,\N
20,502,1,13,13,0,0,101,15,2,0,0,0,0,0,0,0,0,0,307,0,0,7,\N,\N,\N,502,0,14,\N
20,503,1,10,4,2,80,100,15,0,0,0,4,30,1,0,0,0,0,4,0,0,0,\N,\N,\N,642,160,\N,\N
20,504,1,0,13,0,0,101,15,0,0,0,0,0,0,0,0,0,0,308,0,0,7,\N,\N,\N,504,0,26,\N
20,505,1,13,3,0,0,101,10,0,0,0,0,0,0,0,0,0,0,309,0,50,0,\N,\N,\N,505,0,26,\N
20,506,1,7,0,2,65,100,10,0,0,0,0,0,0,0,0,0,0,310,0,0,0,\N,\N,\N,636,160,\N,\N
20,507,1,2,0,1,60,100,10,0,0,0,0,0,0,0,0,0,0,311,0,0,0,\N,\N,\N,626,120,\N,\N
20,508,1,8,2,0,0,101,10,0,0,0,0,0,0,0,0,0,0,312,0,0,7,\N,\N,\N,508,0,26,\N
20,509,1,1,0,1,60,90,10,-6,0,0,0,0,0,0,0,0,0,313,0,0,0,\N,\N,\N,624,120,\N,\N
20,510,1,9,0,2,60,100,15,0,0,0,0,0,0,0,0,0,0,314,0,0,5,\N,\N,\N,640,120,\N,\N
20,511,1,16,13,0,0,100,15,0,0,0,0,0,0,0,0,0,0,315,0,0,0,\N,\N,\N,511,0,13,\N
20,512,1,2,0,1,55,100,15,0,0,0,0,0,0,0,0,0,0,317,0,0,0,\N,\N,\N,626,100,\N,\N
20,513,1,0,13,0,0,101,15,0,0,0,0,0,0,0,0,0,0,318,0,0,0,\N,\N,\N,513,0,7,\N
20,514,1,0,0,1,70,100,5,0,0,0,0,0,0,0,0,0,0,319,0,0,0,\N,\N,\N,622,140,\N,\N
20,515,1,1,0,2,1,100,5,0,0,0,0,0,0,0,0,0,0,320,0,0,0,\N,\N,\N,624,180,\N,\N
20,516,1,0,13,0,0,101,15,0,0,0,0,0,0,0,0,0,0,323,0,0,0,\N,\N,\N,516,0,14,\N
20,517,1,9,4,2,100,50,5,0,0,0,4,100,1,0,0,0,0,4,0,0,0,\N,\N,\N,640,180,\N,\N
20,518,1,10,0,2,80,100,10,0,0,0,0,0,0,0,0,0,0,324,0,0,0,\N,\N,\N,642,160,\N,\N
20,519,1,9,0,2,80,100,10,0,0,0,0,0,0,0,0,0,0,325,0,0,0,\N,\N,\N,640,160,\N,\N
20,520,1,11,0,2,80,100,10,0,0,0,0,0,0,0,0,0,0,326,0,0,0,\N,\N,\N,644,160,\N,\N
20,521,1,12,0,2,70,100,20,0,0,0,0,0,0,0,0,0,0,228,0,0,0,\N,\N,\N,646,140,\N,\N
20,522,1,6,6,2,50,100,20,0,0,0,0,0,0,0,0,0,0,71,0,0,5,\N,\N,\N,634,100,\N,\N
20,523,1,4,6,1,60,100,20,0,0,0,0,0,0,0,0,0,0,70,0,0,4,\N,\N,\N,630,120,\N,\N
20,524,1,14,0,2,60,90,10,0,0,0,0,100,0,0,0,6,0,288,0,0,0,\N,\N,\N,650,120,\N,\N
20,525,1,15,0,1,60,90,10,-6,0,0,0,0,0,0,0,0,0,313,0,0,0,\N,\N,\N,652,120,\N,\N
20,526,1,0,2,0,0,101,30,0,0,0,0,0,0,0,0,0,0,327,0,0,7,\N,\N,\N,526,0,1,\N
20,527,1,12,6,2,55,95,15,0,0,0,0,0,0,0,0,0,0,20,0,0,5,\N,\N,\N,646,100,\N,\N
20,528,1,12,0,1,90,100,15,0,0,0,0,0,0,0,0,0,0,48,-25,0,0,\N,\N,\N,646,175,\N,\N
20,529,1,4,0,1,80,95,10,0,0,0,0,0,0,0,0,1,0,43,0,0,0,\N,\N,\N,630,160,\N,\N
20,530,1,15,0,1,40,90,15,0,2,2,0,0,0,0,0,0,0,44,0,0,0,\N,\N,\N,652,100,\N,\N
20,531,1,13,0,1,60,100,25,0,0,0,0,0,0,0,0,0,30,31,0,0,0,\N,\N,\N,648,120,\N,\N
20,532,1,11,8,1,75,100,10,0,0,0,0,0,0,0,0,0,0,3,50,0,0,\N,\N,\N,644,140,\N,\N
20,533,1,1,0,1,90,100,15,0,0,0,0,0,0,0,0,0,0,303,0,0,0,\N,\N,\N,624,175,\N,\N
20,534,1,10,6,1,75,95,10,0,0,0,0,0,0,0,0,0,0,69,0,0,0,\N,\N,\N,642,140,\N,\N
20,535,1,9,0,1,1,100,10,0,0,0,0,0,0,0,0,0,0,291,0,0,0,\N,\N,\N,640,160,\N,\N
20,536,1,11,6,2,65,90,10,0,0,0,0,0,0,0,0,0,0,73,0,0,0,\N,\N,\N,644,120,\N,\N
20,537,1,6,0,1,65,100,20,0,0,0,0,0,0,0,0,0,30,150,0,0,0,\N,\N,\N,634,120,\N,\N
20,538,1,11,2,0,0,101,10,0,0,0,0,0,0,0,0,0,0,328,0,0,7,\N,\N,\N,538,0,26,\N
20,539,1,16,6,2,85,95,10,0,0,0,0,0,0,0,0,0,0,73,0,0,0,\N,\N,\N,654,160,\N,\N
20,540,1,13,0,2,100,100,10,0,0,0,0,0,0,0,0,0,0,282,0,0,0,\N,\N,\N,648,180,\N,\N
20,541,1,0,0,1,25,85,10,0,2,5,0,0,0,0,0,0,0,29,0,0,0,\N,\N,\N,622,140,\N,\N
20,542,1,2,4,2,110,70,10,0,0,0,6,30,2,2,5,0,0,333,0,0,0,\N,\N,\N,626,185,\N,\N
20,543,1,0,0,1,120,100,15,0,0,0,0,0,0,0,0,0,0,48,-25,0,0,\N,\N,\N,622,190,\N,\N
20,544,1,8,0,1,50,85,15,0,2,2,0,0,0,0,0,0,0,44,0,0,0,\N,\N,\N,638,180,\N,\N
20,545,1,9,4,2,100,100,5,0,0,0,4,30,1,0,0,0,0,4,0,0,4,\N,\N,\N,640,180,\N,\N
20,546,1,0,0,2,120,100,5,0,0,0,0,0,0,0,0,0,0,268,0,0,0,\N,\N,\N,622,190,\N,\N
20,547,1,0,4,2,75,100,10,0,0,0,2,10,2,2,4,0,0,329,0,0,5,\N,\N,\N,622,140,\N,\N
20,548,1,1,0,2,85,100,10,0,0,0,0,0,0,0,0,0,0,282,0,0,0,\N,\N,\N,624,160,\N,\N
20,549,1,14,6,2,65,95,10,0,0,0,0,0,0,0,0,0,0,330,0,0,5,\N,\N,\N,650,120,\N,\N
20,550,1,12,4,1,130,85,5,0,0,0,1,20,1,0,0,0,0,6,0,0,0,\N,\N,\N,646,195,\N,\N
20,551,1,9,4,2,130,85,5,0,0,0,4,20,1,0,0,0,0,4,0,0,0,\N,\N,\N,640,195,\N,\N
20,552,1,9,7,2,80,100,10,0,0,0,0,0,0,0,0,0,0,276,0,0,0,\N,\N,\N,640,160,\N,\N
20,553,1,14,4,1,140,90,5,0,0,0,1,30,1,0,0,0,0,331,0,0,0,\N,\N,\N,650,200,\N,\N
20,554,1,14,4,2,140,90,5,0,0,0,4,30,1,0,0,0,0,332,0,0,0,\N,\N,\N,650,200,\N,\N
20,555,1,16,6,2,55,95,15,0,0,0,0,0,0,0,0,0,0,71,0,0,5,\N,\N,\N,654,100,\N,\N
20,556,1,14,0,1,85,90,10,0,0,0,0,0,0,0,0,0,30,31,0,0,0,\N,\N,\N,650,160,\N,\N
20,557,1,9,7,1,180,95,5,0,0,0,0,0,0,0,0,0,0,334,0,0,0,\N,\N,\N,640,220,\N,\N
20,558,1,9,0,2,100,100,5,0,0,0,0,0,0,0,0,0,0,335,0,0,0,\N,\N,\N,640,180,\N,\N
20,559,1,12,0,1,100,100,5,0,0,0,0,0,0,0,0,0,0,336,0,0,0,\N,\N,\N,646,180,\N,\N
20,560,1,1,0,1,100,95,10,0,0,0,0,0,0,0,0,0,0,337,0,0,0,\N,\N,\N,624,170,\N,\N
20,561,1,1,11,0,0,101,10,0,0,0,0,0,0,0,0,0,0,376,0,0,12,\N,\N,\N,561,0,4,\N
20,562,1,3,0,2,120,90,10,0,0,0,0,0,0,0,0,0,0,338,0,0,0,\N,\N,\N,628,190,\N,\N
20,563,1,4,2,0,0,101,10,0,0,0,0,0,0,0,0,0,0,339,0,0,8,\N,\N,\N,563,0,1,\N
20,564,1,6,11,0,0,101,20,0,0,0,0,0,0,0,0,0,0,340,0,0,11,\N,\N,\N,564,0,13,\N
20,565,1,6,0,1,50,100,25,0,0,0,0,0,0,0,0,0,0,341,0,0,0,\N,\N,\N,634,100,\N,\N
20,566,1,7,0,1,90,100,10,0,0,0,0,0,0,0,0,0,0,272,0,0,0,\N,\N,\N,636,175,\N,\N
20,567,1,7,13,0,0,100,20,0,0,0,0,0,0,0,0,0,0,342,0,0,0,\N,\N,\N,567,0,22,\N
20,568,1,0,2,0,0,100,30,0,0,0,0,0,0,0,0,0,0,343,0,0,0,\N,\N,\N,568,0,4,\N
20,569,1,12,10,0,0,101,25,1,0,0,0,0,0,0,0,0,0,344,0,0,10,\N,\N,\N,569,0,7,\N
20,570,1,12,8,2,65,100,20,0,0,0,0,0,0,0,0,0,0,345,50,0,4,\N,\N,\N,646,120,\N,\N
20,571,1,11,13,0,0,100,20,0,0,0,0,0,0,0,0,0,0,375,0,0,0,\N,\N,\N,571,0,22,\N
20,572,1,11,0,1,90,100,15,0,0,0,0,0,0,0,0,0,0,378,0,0,4,\N,\N,\N,644,175,\N,\N
20,573,1,14,4,2,70,100,20,0,0,0,3,10,1,0,0,0,0,379,0,0,0,\N,\N,\N,650,140,\N,\N
20,574,1,17,0,2,40,101,15,0,0,0,0,0,0,0,0,0,0,380,0,0,5,\N,\N,\N,656,100,\N,\N
20,575,1,16,2,0,0,100,20,0,0,0,0,0,0,0,0,0,0,346,0,0,0,\N,\N,\N,575,0,28,\N
20,576,1,16,13,0,0,101,20,0,0,0,0,0,0,0,0,0,0,347,0,0,0,\N,\N,\N,576,0,1,\N
20,577,1,17,8,2,50,100,10,0,0,0,0,0,0,0,0,0,0,348,75,0,0,\N,\N,\N,656,100,\N,\N
20,578,1,17,11,0,0,101,10,3,0,0,0,0,0,0,0,0,0,349,0,0,12,\N,\N,\N,578,0,10,\N
20,579,1,17,13,0,0,101,10,0,0,0,0,0,0,0,0,0,0,350,0,0,8,\N,\N,\N,579,0,4,\N
20,580,1,11,10,0,0,101,10,0,0,0,0,0,0,0,0,0,0,351,0,0,10,\N,\N,\N,580,0,4,\N
20,581,1,17,10,0,0,101,10,0,0,0,0,0,0,0,0,0,0,352,0,0,10,\N,\N,\N,581,0,10,\N
20,582,1,12,13,0,0,101,20,0,0,0,0,0,0,0,0,0,0,353,0,0,0,\N,\N,\N,582,0,7,\N
20,583,1,17,6,1,90,90,10,0,0,0,0,0,0,0,0,0,0,68,0,0,0,\N,\N,\N,656,175,\N,\N
20,584,1,17,0,2,40,100,30,0,0,0,0,0,0,0,0,0,0,0,0,0,0,\N,\N,\N,656,100,\N,\N
20,585,1,17,6,2,95,100,15,0,0,0,0,0,0,0,0,0,0,71,0,0,0,\N,\N,\N,656,175,\N,\N
20,586,1,0,0,2,140,100,10,0,0,0,0,0,0,0,0,0,0,378,0,0,4,\N,\N,\N,622,200,\N,\N
20,587,1,17,10,0,0,101,10,0,0,0,0,0,0,0,0,0,0,354,0,0,10,\N,\N,\N,587,0,4,\N
20,588,1,8,13,0,0,101,10,4,0,0,0,0,0,0,0,0,0,355,0,0,7,\N,\N,\N,588,0,26,\N
20,589,1,0,2,0,0,101,20,0,0,0,0,0,0,0,0,0,0,356,0,0,0,\N,\N,\N,589,0,4,\N
20,590,1,0,2,0,0,101,20,0,0,0,0,0,0,0,0,0,0,357,0,0,0,\N,\N,\N,590,0,10,\N
20,591,1,5,7,1,100,95,5,0,0,0,0,0,0,0,0,0,0,358,0,0,5,\N,\N,\N,632,180,\N,\N
20,592,1,10,4,2,110,95,5,0,0,0,4,30,1,0,0,0,0,4,0,0,0,\N,\N,\N,642,185,\N,\N
20,593,1,13,0,2,80,101,5,0,0,0,0,0,0,0,0,0,0,359,0,0,0,\N,\N,\N,648,160,\N,\N
20,594,1,10,0,2,15,100,20,1,2,5,0,0,0,0,0,0,0,360,0,0,0,\N,\N,\N,642,100,\N,\N
20,595,1,9,6,2,75,100,10,0,0,0,0,0,0,0,0,0,0,71,0,0,0,\N,\N,\N,640,140,\N,\N
20,596,1,11,13,0,0,101,10,4,0,0,0,0,0,0,0,0,0,361,0,0,7,\N,\N,\N,596,0,4,\N
20,597,1,17,2,0,0,101,20,0,0,0,0,0,0,0,0,0,0,362,0,0,2,\N,\N,\N,597,0,11,\N
20,598,1,12,2,0,0,100,15,0,0,0,0,0,0,0,0,0,0,61,0,0,0,\N,\N,\N,598,0,10,\N
20,599,1,3,2,0,0,100,20,0,0,0,0,0,0,0,0,0,0,363,0,0,5,\N,\N,\N,599,0,4,\N
20,600,1,6,13,0,0,100,20,1,0,0,0,0,0,0,0,0,0,377,0,0,0,\N,\N,\N,600,0,11,\N
20,601,1,17,2,0,0,101,10,0,0,0,0,0,0,0,0,0,0,365,0,0,7,\N,\N,\N,601,0,22,\N
20,602,1,12,2,0,0,101,20,0,0,0,0,0,0,0,0,0,0,366,0,0,6,\N,\N,\N,602,0,10,\N
20,603,1,0,13,0,0,101,30,0,0,0,0,0,0,0,0,0,0,367,0,0,12,\N,\N,\N,603,0,22,\N
20,604,1,12,10,0,0,101,10,0,0,0,0,0,0,0,0,0,0,368,0,0,10,\N,\N,\N,604,0,13,\N
20,605,1,17,0,2,80,100,10,0,0,0,0,0,0,0,0,0,0,0,0,0,5,\N,\N,\N,656,160,\N,\N
20,606,1,0,13,0,0,101,40,0,0,0,0,0,0,0,0,0,0,369,0,0,7,\N,\N,\N,606,0,22,\N
20,607,1,0,13,0,0,101,40,0,0,0,0,0,0,0,0,0,0,370,0,0,2,\N,\N,\N,607,0,22,\N
20,608,1,17,2,0,0,100,30,1,0,0,0,0,0,0,0,0,0,364,0,0,0,\N,\N,\N,608,0,4,\N
20,609,1,12,4,1,20,100,20,0,0,0,1,100,1,0,0,0,0,371,0,0,0,\N,\N,\N,646,100,\N,\N
20,610,1,0,0,1,40,100,40,0,0,0,0,0,0,0,0,0,0,101,0,0,0,\N,\N,\N,622,100,\N,\N
20,611,1,6,4,2,20,100,20,0,0,0,8,100,4,5,6,0,0,42,0,0,0,\N,\N,\N,634,100,\N,\N
20,612,1,1,7,1,40,100,20,0,0,0,0,0,0,0,0,0,0,374,0,0,0,\N,\N,\N,624,100,\N,\N
20,613,1,2,8,2,80,100,10,0,0,0,0,0,0,0,0,0,0,348,75,0,0,\N,\N,\N,626,160,\N,\N
20,614,1,4,0,1,90,100,10,0,0,0,101,100,1,0,0,0,0,372,0,0,5,\N,\N,\N,630,180,\N,\N
20,615,1,4,0,1,90,100,10,0,0,0,0,0,0,0,0,0,0,373,0,0,5,\N,\N,\N,630,175,\N,\N
20,616,1,4,0,1,90,100,10,0,0,0,0,0,0,0,0,0,0,0,0,0,5,\N,\N,\N,630,185,\N,\N
20,617,1,17,0,2,140,90,5,0,0,0,0,0,0,0,0,0,0,269,-50,0,0,\N,\N,\N,656,200,\N,\N
20,618,1,10,0,2,110,85,10,0,0,0,0,0,0,0,0,0,0,0,0,0,5,\N,\N,\N,642,185,\N,\N
20,619,1,4,0,1,120,85,10,0,0,0,0,0,0,0,0,0,0,0,0,0,5,\N,\N,\N,630,190,\N,\N
20,620,1,2,7,1,120,100,5,0,0,0,0,0,0,0,0,0,0,229,0,0,0,\N,\N,\N,626,190,\N,\N
20,621,1,16,7,1,100,101,5,0,0,0,0,0,0,0,0,0,0,359,0,0,0,\N,\N,\N,654,180,\N,\N
20,622,1,0,0,1,1,101,1,0,0,0,0,0,0,0,0,0,0,0,0,0,0,\N,\N,\N,622,0,\N,\N
20,623,1,0,0,2,1,101,1,0,0,0,0,0,0,0,0,0,0,0,0,0,0,\N,\N,\N,623,0,\N,\N
20,624,1,1,0,1,1,101,1,0,0,0,0,0,0,0,0,0,0,0,0,0,0,\N,\N,\N,624,0,\N,\N
20,625,1,1,0,2,1,101,1,0,0,0,0,0,0,0,0,0,0,0,0,0,0,\N,\N,\N,625,0,\N,\N
20,626,1,2,0,1,1,101,1,0,0,0,0,0,0,0,0,0,0,0,0,0,0,\N,\N,\N,626,0,\N,\N
20,627,1,2,0,2,1,101,1,0,0,0,0,0,0,0,0,0,0,0,0,0,0,\N,\N,\N,627,0,\N,\N
20,628,1,3,0,1,1,101,1,0,0,0,0,0,0,0,0,0,0,0,0,0,0,\N,\N,\N,628,0,\N,\N
20,629,1,3,0,2,1,101,1,0,0,0,0,0,0,0,0,0,0,0,0,0,0,\N,\N,\N,629,0,\N,\N
20,630,1,4,0,1,1,101,1,0,0,0,0,0,0,0,0,0,0,0,0,0,0,\N,\N,\N,630,0,\N,\N
20,631,1,4,0,2,1,101,1,0,0,0,0,0,0,0,0,0,0,0,0,0,0,\N,\N,\N,631,0,\N,\N
20,632,1,5,0,1,1,101,1,0,0,0,0,0,0,0,0,0,0,0,0,0,0,\N,\N,\N,632,0,\N,\N
20,633,1,5,0,2,1,101,1,0,0,0,0,0,0,0,0,0,0,0,0,0,0,\N,\N,\N,633,0,\N,\N
20,634,1,6,0,1,1,101,1,0,0,0,0,0,0,0,0,0,0,0,0,0,0,\N,\N,\N,634,0,\N,\N
20,635,1,6,0,2,1,101,1,0,0,0,0,0,0,0,0,0,0,0,0,0,0,\N,\N,\N,635,0,\N,\N
20,636,1,7,0,1,1,101,1,0,0,0,0,0,0,0,0,0,0,0,0,0,0,\N,\N,\N,636,0,\N,\N
20,637,1,7,0,2,1,101,1,0,0,0,0,0,0,0,0,0,0,0,0,0,0,\N,\N,\N,637,0,\N,\N
20,638,1,8,0,1,1,101,1,0,0,0,0,0,0,0,0,0,0,0,0,0,0,\N,\N,\N,638,0,\N,\N
20,639,1,8,0,2,1,101,1,0,0,0,0,0,0,0,0,0,0,0,0,0,0,\N,\N,\N,639,0,\N,\N
20,640,1,9,0,1,1,101,1,0,0,0,0,0,0,0,0,0,0,0,0,0,0,\N,\N,\N,640,0,\N,\N
20,641,1,9,0,2,1,101,1,0,0,0,0,0,0,0,0,0,0,0,0,0,0,\N,\N,\N,641,0,\N,\N
20,642,1,10,0,1,1,101,1,0,0,0,0,0,0,0,0,0,0,0,0,0,0,\N,\N,\N,642,0,\N,\N
20,643,1,10,0,2,1,101,1,0,0,0,0,0,0,0,0,0,0,0,0,0,0,\N,\N,\N,643,0,\N,\N
20,644,1,11,0,1,1,101,1,0,0,0,0,0,0,0,0,0,0,0,0,0,0,\N,\N,\N,644,0,\N,\N
20,645,1,11,0,2,1,101,1,0,0,0,0,0,0,0,0,0,0,0,0,0,0,\N,\N,\N,645,0,\N,\N
20,646,1,12,0,1,1,101,1,0,0,0,0,0,0,0,0,0,0,0,0,0,0,\N,\N,\N,646,0,\N,\N
20,647,1,12,0,2,1,101,1,0,0,0,0,0,0,0,0,0,0,0,0,0,0,\N,\N,\N,647,0,\N,\N
20,648,1,13,0,1,1,101,1,0,0,0,0,0,0,0,0,0,0,0,0,0,0,\N,\N,\N,648,0,\N,\N
20,649,1,13,0,2,1,101,1,0,0,0,0,0,0,0,0,0,0,0,0,0,0,\N,\N,\N,649,0,\N,\N
20,650,1,14,0,1,1,101,1,0,0,0,0,0,0,0,0,0,0,0,0,0,0,\N,\N,\N,650,0,\N,\N
20,651,1,14,0,2,1,101,1,0,0,0,0,0,0,0,0,0,0,0,0,0,0,\N,\N,\N,651,0,\N,\N
20,652,1,15,0,1,1,101,1,0,0,0,0,0,0,0,0,0,0,0,0,0,0,\N,\N,\N,652,0,\N,\N
20,653,1,15,0,2,1,101,1,0,0,0,0,0,0,0,0,0,0,0,0,0,0,\N,\N,\N,653,0,\N,\N
20,654,1,16,0,1,1,101,1,0,0,0,0,0,0,0,0,0,0,0,0,0,0,\N,\N,\N,654,0,\N,\N
20,655,1,16,0,2,1,101,1,0,0,0,0,0,0,0,0,0,0,0,0,0,0,\N,\N,\N,655,0,\N,\N
20,656,1,17,0,1,1,101,1,0,0,0,0,0,0,0,0,0,0,0,0,0,0,\N,\N,\N,656,0,\N,\N
20,657,1,17,0,2,1,101,1,0,0,0,0,0,0,0,0,0,0,0,0,0,0,\N,\N,\N,657,0,\N,\N
20,658,1,12,0,1,210,101,1,0,0,0,0,0,0,0,0,0,0,0,0,0,0,\N,\N,\N,658,0,\N,\N
20,659,1,4,3,0,0,101,10,0,0,0,0,0,0,0,0,0,0,381,0,50,7,\N,\N,\N,659,0,26,\N
20,660,1,6,0,1,90,100,10,2,0,0,0,0,0,0,0,0,0,382,0,0,0,\N,\N,\N,634,175,\N,\N
20,661,1,3,13,0,0,101,10,4,0,0,0,0,0,0,0,0,0,383,0,0,7,\N,\N,\N,661,0,4,\N
20,662,1,7,0,1,80,100,10,0,0,0,0,0,0,0,0,0,0,384,0,0,0,\N,\N,\N,636,160,\N,\N
20,663,1,16,0,1,85,100,10,0,0,0,0,0,0,0,0,0,0,303,0,0,0,\N,\N,\N,654,160,\N,\N
20,664,1,10,0,2,90,100,10,0,0,0,0,0,0,0,0,0,0,385,0,0,4,\N,\N,\N,642,175,\N,\N
20,665,1,14,7,1,100,90,10,0,0,0,0,0,0,0,0,0,0,218,0,0,0,\N,\N,\N,650,180,\N,\N
20,666,1,17,3,0,0,101,10,0,0,0,0,0,0,0,0,0,0,386,0,50,0,\N,\N,\N,666,0,26,\N
20,667,1,4,0,1,95,95,10,0,0,0,0,0,0,0,0,0,0,0,0,0,0,\N,\N,\N,630,175,\N,\N
20,668,1,11,13,0,0,100,10,0,0,0,0,0,0,0,0,0,0,387,0,0,0,\N,\N,\N,668,0,4,\N
20,669,1,11,0,1,125,100,10,0,0,0,0,0,0,0,0,0,0,151,0,0,0,\N,\N,\N,644,190,\N,\N
20,670,1,11,0,1,40,100,40,0,0,0,0,0,0,0,0,0,0,0,0,0,0,\N,\N,\N,644,100,\N,\N
20,671,1,0,13,0,0,101,15,3,0,0,0,0,0,0,0,0,0,388,0,0,0,\N,\N,\N,671,0,10,\N
20,672,1,3,5,0,0,100,20,0,0,0,5,100,1,0,0,0,0,389,0,0,0,\N,\N,\N,672,0,13,\N
20,673,1,0,13,0,0,101,30,0,0,0,0,0,0,0,0,0,0,390,0,0,7,\N,\N,\N,673,0,1,\N
20,674,1,8,2,0,0,101,20,0,0,0,0,0,0,0,0,0,0,391,0,0,6,\N,\N,\N,674,0,7,\N
20,675,1,16,4,1,80,100,15,0,0,0,24,100,2,2,2,0,0,392,0,0,0,\N,\N,\N,654,160,\N,\N
20,676,1,6,0,2,90,100,15,0,0,0,0,0,0,0,0,0,0,393,0,0,0,\N,\N,\N,634,175,\N,\N
20,677,1,8,0,1,80,100,20,0,0,0,0,0,0,0,0,0,0,384,0,0,0,\N,\N,\N,638,160,\N,\N
20,678,1,13,10,0,0,101,10,0,0,0,0,0,0,0,0,0,0,394,0,0,10,\N,\N,\N,678,0,7,\N
20,679,1,6,6,1,80,100,15,0,0,0,0,0,0,0,0,0,0,395,0,0,0,\N,\N,\N,634,160,\N,\N
20,680,1,9,6,1,80,100,15,0,0,0,0,0,0,0,0,0,0,396,0,0,0,\N,\N,\N,640,160,\N,\N
20,681,1,16,0,1,20,100,10,0,0,0,0,0,0,0,0,0,0,305,0,0,0,\N,\N,\N,654,160,\N,\N
20,682,1,9,0,2,130,100,5,0,0,0,0,0,0,0,0,0,0,397,0,0,0,\N,\N,\N,640,195,\N,\N
20,683,1,13,13,0,0,101,10,0,0,0,0,0,0,0,0,0,0,398,0,0,0,\N,\N,\N,683,0,13,\N
20,684,1,8,0,1,70,101,10,0,0,0,0,0,0,0,0,0,0,17,0,0,0,\N,\N,\N,638,140,\N,\N
20,685,1,3,13,0,0,101,20,0,0,0,0,0,0,0,0,0,0,399,0,50,0,\N,\N,\N,685,0,22,\N
20,686,1,0,0,2,90,100,15,0,0,0,0,0,0,0,0,0,0,400,0,0,0,\N,\N,\N,622,175,\N,\N
20,687,1,15,0,2,100,100,10,0,0,0,0,0,0,0,0,0,0,401,0,0,5,\N,\N,\N,652,140,\N,\N
20,688,1,11,6,1,70,100,15,0,0,0,0,0,0,0,0,0,0,395,0,0,0,\N,\N,\N,644,140,\N,\N
20,689,1,13,13,0,0,101,15,0,0,0,0,0,0,0,0,0,0,402,0,0,0,\N,\N,\N,689,0,7,\N
20,690,1,2,0,1,100,100,15,-3,0,0,0,0,0,0,0,0,0,403,0,0,0,\N,\N,\N,626,180,\N,\N
20,691,1,15,7,2,110,100,5,0,0,0,0,0,0,0,0,0,0,404,0,0,5,\N,\N,\N,652,185,\N,\N
20,692,1,15,0,1,90,100,15,0,0,0,0,0,0,0,0,0,0,0,0,0,0,\N,\N,\N,652,175,\N,\N
20,693,1,16,0,1,60,100,20,0,0,0,0,0,0,0,0,0,0,405,0,0,4,\N,\N,\N,654,120,\N,\N
20,694,1,14,11,0,0,101,20,0,0,0,0,0,0,0,0,0,0,406,0,0,12,\N,\N,\N,694,0,13,\N
20,695,1,7,0,1,180,101,1,0,0,0,0,0,0,0,0,0,0,0,0,0,0,\N,\N,\N,695,0,\N,\N
20,696,1,16,0,1,180,101,1,0,0,0,0,0,0,0,0,0,0,0,0,0,0,\N,\N,\N,696,0,\N,\N
20,697,1,10,0,2,195,101,1,0,0,0,0,0,0,0,0,0,0,0,0,0,0,\N,\N,\N,697,0,\N,\N
20,698,1,17,0,2,1,101,1,0,0,0,0,0,0,0,0,0,0,412,0,0,0,\N,\N,\N,698,0,\N,\N
20,699,1,7,0,1,195,101,1,0,0,0,0,0,0,0,0,0,0,0,0,0,0,\N,\N,\N,699,0,\N,\N
20,700,1,12,4,2,175,101,1,0,0,0,1,100,1,0,0,0,0,6,0,0,0,\N,\N,\N,700,0,\N,\N
20,701,1,0,0,1,210,101,1,0,0,0,0,0,0,0,0,0,0,0,0,0,0,\N,\N,\N,701,0,\N,\N
20,702,1,0,2,0,0,101,1,0,0,0,0,0,0,0,0,0,0,413,0,0,7,\N,\N,\N,702,0,\N,\N
20,703,1,13,0,2,185,101,1,0,0,0,0,0,0,0,0,0,0,414,0,0,0,\N,\N,\N,703,0,\N,\N
20,704,1,9,0,2,150,100,5,-3,0,0,0,0,0,0,0,0,0,407,0,0,5,\N,\N,\N,640,200,\N,\N
20,705,1,17,7,2,130,90,5,0,0,0,0,0,0,0,0,0,0,204,0,0,0,\N,\N,\N,656,195,\N,\N
20,706,1,13,0,1,85,100,10,0,0,0,0,0,0,0,0,0,0,186,0,0,0,\N,\N,\N,648,160,\N,\N
20,707,1,4,0,1,75,100,10,0,0,0,0,0,0,0,0,0,0,408,0,0,0,\N,\N,\N,630,140,\N,\N
20,708,1,7,6,1,85,100,10,0,0,0,0,0,0,0,0,0,0,69,0,0,0,\N,\N,\N,636,160,\N,\N
20,709,1,5,0,1,40,100,20,1,0,0,0,0,0,0,0,0,0,103,0,0,0,\N,\N,\N,632,100,\N,\N
20,710,1,10,6,1,85,100,10,0,0,0,0,0,0,0,0,0,0,69,0,0,0,\N,\N,\N,642,160,\N,\N
20,711,1,13,0,2,160,100,10,0,0,0,0,0,0,0,0,0,0,80,0,0,0,\N,\N,\N,648,200,\N,\N
20,712,1,7,0,1,90,100,10,0,0,0,0,0,0,0,0,0,0,409,0,0,0,\N,\N,\N,636,175,\N,\N
20,713,1,8,0,1,100,100,5,0,0,0,0,0,0,0,0,0,0,410,0,0,0,\N,\N,\N,638,180,\N,\N
20,714,1,7,0,2,100,100,5,0,0,0,0,0,0,0,0,0,0,410,0,0,0,\N,\N,\N,636,180,\N,\N
20,715,1,0,2,0,0,101,20,0,0,0,0,0,0,0,0,0,0,411,0,0,0,\N,\N,\N,715,0,4,\N
20,716,1,12,0,1,80,100,10,0,0,0,0,0,0,0,0,0,30,31,0,0,0,\N,\N,\N,646,160,\N,\N
20,717,1,17,0,2,1,90,10,0,0,0,0,0,0,0,0,0,0,40,0,0,0,\N,\N,\N,656,100,\N,\N
20,718,1,0,0,1,90,100,10,0,0,0,0,0,0,0,0,0,0,268,0,0,0,\N,\N,\N,622,185,\N,\N
20,719,1,12,0,2,195,101,1,0,0,0,0,0,0,0,0,2,0,0,0,0,0,\N,\N,\N,719,0,\N,\N
20,720,1,9,0,2,150,100,5,0,0,0,0,0,0,0,0,0,0,419,0,0,4,\N,\N,\N,641,200,\N,\N
20,721,1,12,0,1,100,100,15,0,0,0,0,0,0,0,0,0,0,0,0,0,0,\N,\N,\N,646,180,\N,\N
20,722,1,13,0,2,100,100,5,0,0,0,0,0,0,0,0,0,0,0,0,0,0,\N,\N,\N,649,180,\N,\N
20,723,1,13,0,2,200,101,1,0,0,0,0,0,0,0,0,0,0,415,0,0,0,\N,\N,\N,723,0,\N,\N
20,724,1,13,0,1,200,101,1,0,0,0,0,0,0,0,0,0,0,410,0,0,0,\N,\N,\N,724,0,\N,\N
20,725,1,7,0,2,200,101,1,0,0,0,0,0,0,0,0,0,0,410,0,0,0,\N,\N,\N,725,0,\N,\N
20,726,1,17,0,1,190,101,1,0,0,0,0,0,0,0,0,0,0,416,0,0,0,\N,\N,\N,726,0,\N,\N
20,727,1,5,0,1,190,101,1,0,0,0,0,0,0,0,0,0,0,417,0,0,0,\N,\N,\N,727,0,\N,\N
20,728,1,15,7,2,185,101,1,0,0,0,0,0,0,0,0,0,0,18,0,0,5,\N,\N,\N,728,0,\N,\N
20,10001,1,1,0,2,60,100,15,0,0,0,0,0,0,0,0,0,0,135,0,0,0,\N,\N,\N,622,120,\N,\N
20,10002,1,2,0,2,60,100,15,0,0,0,0,0,0,0,0,0,0,135,0,0,0,\N,\N,\N,622,120,\N,\N
20,10003,1,3,0,2,60,100,15,0,0,0,0,0,0,0,0,0,0,135,0,0,0,\N,\N,\N,622,120,\N,\N
20,10004,1,4,0,2,60,100,15,0,0,0,0,0,0,0,0,0,0,135,0,0,0,\N,\N,\N,622,120,\N,\N
20,10005,1,5,0,2,60,100,15,0,0,0,0,0,0,0,0,0,0,135,0,0,0,\N,\N,\N,622,120,\N,\N
20,10006,1,6,0,2,60,100,15,0,0,0,0,0,0,0,0,0,0,135,0,0,0,\N,\N,\N,622,120,\N,\N
20,10007,1,7,0,2,60,100,15,0,0,0,0,0,0,0,0,0,0,135,0,0,0,\N,\N,\N,622,120,\N,\N
20,10008,1,8,0,2,60,100,15,0,0,0,0,0,0,0,0,0,0,135,0,0,0,\N,\N,\N,622,120,\N,\N
20,10009,1,9,0,2,60,100,15,0,0,0,0,0,0,0,0,0,0,135,0,0,0,\N,\N,\N,622,120,\N,\N
20,10010,1,10,0,2,60,100,15,0,0,0,0,0,0,0,0,0,0,135,0,0,0,\N,\N,\N,622,120,\N,\N
20,10011,1,11,0,2,60,100,15,0,0,0,0,0,0,0,0,0,0,135,0,0,0,\N,\N,\N,622,120,\N,\N
20,10012,1,12,0,2,60,100,15,0,0,0,0,0,0,0,0,0,0,135,0,0,0,\N,\N,\N,622,120,\N,\N
20,10013,1,13,0,2,60,100,15,0,0,0,0,0,0,0,0,0,0,135,0,0,0,\N,\N,\N,622,120,\N,\N
20,10014,1,14,0,2,60,100,15,0,0,0,0,0,0,0,0,0,0,135,0,0,0,\N,\N,\N,622,120,\N,\N
20,10015,1,15,0,2,60,100,15,0,0,0,0,0,0,0,0,0,0,135,0,0,0,\N,\N,\N,622,120,\N,\N
20,10016,1,16,0,2,60,100,15,0,0,0,0,0,0,0,0,0,0,135,0,0,0,\N,\N,\N,622,120,\N,\N
21,1,1,0,0,1,40,100,35,0,0,0,0,0,0,0,0,0,0,0,0,0,0,\N,\N,\N,622,100,\N,\N
21,2,1,1,0,1,50,100,25,0,0,0,0,0,0,0,0,1,0,43,0,0,0,\N,\N,\N,624,100,\N,\N
21,3,1,0,0,1,15,85,10,0,2,5,0,0,0,0,0,0,0,29,0,0,0,\N,\N,\N,622,100,\N,\N
21,4,1,0,0,1,18,85,15,0,2,5,0,0,0,0,0,0,0,29,0,0,0,\N,\N,\N,622,100,\N,\N
21,5,1,0,0,1,80,85,20,0,0,0,0,0,0,0,0,0,0,0,0,0,0,\N,\N,\N,622,160,\N,\N
21,6,1,0,0,1,40,100,20,0,0,0,0,0,0,0,0,0,0,34,0,0,0,\N,\N,\N,622,100,\N,\N
21,7,1,9,4,1,75,100,15,0,0,0,4,10,1,0,0,0,0,4,0,0,0,\N,\N,\N,640,140,\N,\N
21,8,1,14,4,1,75,100,15,0,0,0,3,10,1,0,0,0,0,5,0,0,0,\N,\N,\N,650,140,\N,\N
21,9,1,12,4,1,75,100,15,0,0,0,1,10,1,0,0,0,0,6,0,0,0,\N,\N,\N,646,140,\N,\N
21,10,1,0,0,1,40,100,35,0,0,0,0,0,0,0,0,0,0,0,0,0,0,\N,\N,\N,622,100,\N,\N
21,11,1,0,0,1,55,100,30,0,0,0,0,0,0,0,0,0,0,0,0,0,0,\N,\N,\N,622,100,\N,\N
21,12,1,0,9,1,1,30,5,0,0,0,0,0,0,0,0,0,0,38,0,0,0,\N,\N,\N,622,180,\N,\N
21,13,1,0,0,2,80,100,10,0,0,0,0,0,0,0,0,1,0,39,0,0,5,\N,\N,\N,622,160,\N,\N
21,14,1,0,2,0,0,101,20,0,0,0,0,0,0,0,0,0,0,50,0,0,7,\N,\N,\N,\N,0,26,\N
21,15,1,0,0,1,50,95,30,0,0,0,0,0,0,0,0,0,0,0,0,0,0,\N,\N,\N,622,100,\N,\N
21,16,1,2,0,2,40,100,35,0,0,0,0,0,0,0,0,0,0,149,0,0,0,\N,\N,\N,626,100,\N,\N
21,17,1,2,0,1,60,100,35,0,0,0,0,0,0,0,0,0,0,0,0,0,0,\N,\N,\N,626,120,\N,\N
21,18,1,0,12,0,0,101,20,-6,0,0,0,0,0,0,0,0,0,28,0,0,0,\N,\N,\N,\N,0,1\N,\N
21,19,1,2,0,1,90,95,15,0,0,0,0,0,0,0,0,0,0,155,0,0,0,\N,\N,\N,626,175,\N,\N
21,20,1,0,4,1,15,85,20,0,0,0,8,100,2,5,6,0,0,42,0,0,0,\N,\N,\N,622,100,\N,\N
21,21,1,0,0,1,80,75,20,0,0,0,0,0,0,0,0,0,0,0,0,0,0,\N,\N,\N,622,160,\N,\N
21,22,1,11,0,1,45,100,25,0,0,0,0,0,0,0,0,0,0,0,0,0,0,\N,\N,\N,644,100,\N,\N
21,23,1,0,0,1,65,100,20,0,0,0,0,0,0,0,0,0,30,150,0,0,0,\N,\N,\N,622,120,\N,\N
21,24,1,1,0,1,30,100,30,0,2,2,0,0,0,0,0,0,0,44,0,0,0,\N,\N,\N,624,100,\N,\N
21,25,1,0,0,1,120,75,5,0,0,0,0,0,0,0,0,0,0,0,0,0,0,\N,\N,\N,622,190,\N,\N
21,26,1,1,0,1,100,95,10,0,0,0,0,0,0,0,0,0,0,45,0,0,0,\N,\N,\N,624,180,\N,\N
21,27,1,1,0,1,60,85,15,0,0,0,0,0,0,0,0,0,30,31,0,0,0,\N,\N,\N,624,120,\N,\N
21,28,1,4,2,0,0,100,15,0,0,0,0,0,0,0,0,0,0,23,0,0,0,\N,\N,\N,\N,0,19,\N
21,29,1,0,0,1,70,100,15,0,0,0,0,0,0,0,0,0,30,31,0,0,0,\N,\N,\N,622,140,\N,\N
21,30,1,0,0,1,65,100,25,0,0,0,0,0,0,0,0,0,0,0,0,0,0,\N,\N,\N,622,120,\N,\N
21,31,1,0,0,1,15,85,20,0,2,5,0,0,0,0,0,0,0,29,0,0,0,\N,\N,\N,622,100,\N,\N
21,32,1,0,9,1,1,30,5,0,0,0,0,0,0,0,0,0,0,38,0,0,0,\N,\N,\N,622,180,\N,\N
21,33,1,0,0,1,40,100,35,0,0,0,0,0,0,0,0,0,0,0,0,0,0,\N,\N,\N,622,100,\N,\N
21,34,1,0,4,1,85,100,15,0,0,0,1,30,1,0,0,0,0,6,0,0,0,\N,\N,\N,622,160,\N,\N
21,35,1,0,4,1,15,90,20,0,0,0,8,100,2,5,6,0,0,42,0,0,0,\N,\N,\N,622,100,\N,\N
21,36,1,0,0,1,90,85,20,0,0,0,0,0,0,0,0,0,0,48,-25,0,0,\N,\N,\N,622,175,\N,\N
21,37,1,0,0,1,120,100,10,0,0,0,0,0,0,0,0,0,0,27,0,0,9,\N,\N,\N,622,190,\N,\N
21,38,1,0,0,1,120,100,15,0,0,0,0,0,0,0,0,0,0,198,-33,0,0,\N,\N,\N,622,190,\N,\N
21,39,1,0,2,0,0,100,30,0,0,0,0,0,0,0,0,0,0,19,0,0,5,\N,\N,\N,\N,0,1,\N
21,40,1,3,4,1,15,100,35,0,0,0,5,30,1,0,0,0,0,2,0,0,0,\N,\N,\N,628,100,\N,\N
21,41,1,6,4,1,25,100,20,0,2,2,5,20,1,0,0,0,0,77,0,0,0,\N,\N,\N,634,100,\N,\N
21,42,1,6,0,1,25,95,20,0,2,5,0,0,0,0,0,0,0,29,0,0,0,\N,\N,\N,634,140,\N,\N
21,43,1,0,2,0,0,100,30,0,0,0,0,0,0,0,0,0,0,19,0,0,5,\N,\N,\N,\N,0,1,\N
21,44,1,16,0,1,60,100,25,0,0,0,0,0,0,0,0,0,30,31,0,0,0,\N,\N,\N,654,120,\N,\N
21,45,1,0,2,0,0,100,40,0,0,0,0,0,0,0,0,0,0,18,0,0,5,\N,\N,\N,\N,0,4,\N
21,46,1,0,12,0,0,101,20,-6,0,0,0,0,0,0,0,0,0,28,0,0,0,\N,\N,\N,\N,0,4,\N
21,47,1,0,1,0,0,55,15,0,0,0,2,0,3,2,4,0,0,1,0,0,0,\N,\N,\N,\N,0,13,\N
21,48,1,0,1,0,0,55,20,0,0,0,6,0,3,2,5,0,0,49,0,0,0,\N,\N,\N,\N,0,13,\N
21,49,1,0,0,2,1,90,20,0,0,0,0,0,0,0,0,0,0,130,0,0,0,\N,\N,\N,622,100,\N,\N
21,50,1,0,13,0,0,100,20,0,0,0,13,0,3,4,4,0,0,86,0,0,0,\N,\N,\N,\N,0,26,\N
21,51,1,3,6,2,40,100,30,0,0,0,0,0,0,0,0,0,0,72,0,0,5,\N,\N,\N,628,100,\N,\N
21,52,1,9,4,2,40,100,25,0,0,0,4,10,1,0,0,0,0,4,0,0,0,\N,\N,\N,640,100,\N,\N
21,53,1,9,4,2,90,100,15,0,0,0,4,10,1,0,0,0,0,4,0,0,0,\N,\N,\N,640,175,\N,\N
21,54,1,14,11,0,0,101,30,0,0,0,0,0,0,0,0,0,0,46,0,0,12,\N,\N,\N,\N,0,27,\N
21,55,1,10,0,2,40,100,25,0,0,0,0,0,0,0,0,0,0,0,0,0,0,\N,\N,\N,642,100,\N,\N
21,56,1,10,0,2,110,80,5,0,0,0,0,0,0,0,0,0,0,0,0,0,0,\N,\N,\N,642,185,\N,\N
21,57,1,10,0,2,90,100,15,0,0,0,0,0,0,0,0,0,0,257,0,0,4,\N,\N,\N,642,175,\N,\N
21,58,1,14,4,2,90,100,10,0,0,0,3,10,1,0,0,0,0,5,0,0,0,\N,\N,\N,650,175,\N,\N
21,59,1,14,4,2,110,70,5,0,0,0,3,10,1,0,0,0,0,260,0,0,5,\N,\N,\N,650,185,\N,\N
21,60,1,13,4,2,65,100,20,0,0,0,6,10,3,2,5,0,0,76,0,0,0,\N,\N,\N,648,120,\N,\N
21,61,1,10,6,2,65,100,20,0,0,0,0,0,0,0,0,0,0,70,0,0,0,\N,\N,\N,642,120,\N,\N
21,62,1,14,6,2,65,100,20,0,0,0,0,0,0,0,0,0,0,68,0,0,0,\N,\N,\N,650,120,\N,\N
21,63,1,0,0,2,150,90,5,0,0,0,0,0,0,0,0,0,0,80,0,0,0,\N,\N,\N,622,200,\N,\N
21,64,1,2,0,1,35,100,35,0,0,0,0,0,0,0,0,0,0,0,0,0,0,\N,\N,\N,626,100,\N,\N
21,65,1,2,0,1,80,100,20,0,0,0,0,0,0,0,0,0,0,0,0,0,0,\N,\N,\N,626,160,\N,\N
21,66,1,1,0,1,80,80,20,0,0,0,0,0,0,0,0,0,0,48,-25,0,0,\N,\N,\N,624,160,\N,\N
21,67,1,1,0,1,1,100,20,0,0,0,0,0,0,0,0,0,0,196,0,0,0,\N,\N,\N,624,160,\N,\N
21,68,1,1,0,1,1,100,20,-5,0,0,0,0,0,0,0,0,0,89,0,0,13,\N,\N,\N,624,100,\N,\N
21,69,1,1,0,1,1,100,20,0,0,0,0,0,0,0,0,0,0,87,0,0,0,\N,\N,\N,624,100,\N,\N
21,70,1,0,0,1,80,100,15,0,0,0,0,0,0,0,0,0,0,0,0,0,0,\N,\N,\N,622,160,\N,\N
21,71,1,11,8,2,40,100,15,0,0,0,0,0,0,0,0,0,0,3,50,0,0,\N,\N,\N,644,100,\N,\N
21,72,1,11,8,2,75,100,10,0,0,0,0,0,0,0,0,0,0,3,50,0,0,\N,\N,\N,644,120,\N,\N
21,73,1,11,1,0,0,90,10,0,0,0,18,0,1,0,0,0,0,84,0,0,0,\N,\N,\N,\N,0,26,\N
21,74,1,0,2,0,0,101,20,0,0,0,0,0,0,0,0,0,0,316,0,0,7,\N,\N,\N,\N,0,7,\N
21,75,1,11,0,1,55,95,25,0,0,0,0,0,0,0,0,1,0,43,0,0,5,\N,\N,\N,644,100,\N,\N
21,76,1,11,0,2,200,100,10,0,0,0,0,0,0,0,0,0,0,151,0,0,0,\N,\N,\N,644,190,\N,\N
21,77,1,3,1,0,0,75,35,0,0,0,5,0,1,0,0,0,0,66,0,0,0,\N,\N,\N,\N,0,4,\N
21,78,1,11,1,0,0,75,30,0,0,0,1,0,1,0,0,0,0,67,0,0,0,\N,\N,\N,\N,0,1\N,\N
21,79,1,11,1,0,0,75,15,0,0,0,2,0,3,2,4,0,0,1,0,0,0,\N,\N,\N,\N,0,13,\N
21,80,1,11,0,2,120,100,10,0,0,0,0,0,0,0,0,0,0,27,0,0,9,\N,\N,\N,644,190,\N,\N
21,81,1,6,2,0,0,95,40,0,0,0,0,0,0,0,0,0,0,60,0,0,5,\N,\N,\N,\N,0,13,\N
21,82,1,15,0,2,1,100,10,0,0,0,0,0,0,0,0,0,0,41,0,0,0,\N,\N,\N,652,100,\N,\N
21,83,1,9,4,2,35,85,15,0,0,0,8,100,2,5,6,0,0,42,0,0,0,\N,\N,\N,640,100,\N,\N
21,84,1,12,4,2,40,100,30,0,0,0,1,10,1,0,0,0,0,6,0,0,0,\N,\N,\N,646,100,\N,\N
21,85,1,12,4,2,90,100,15,0,0,0,1,10,1,0,0,0,0,6,0,0,0,\N,\N,\N,646,175,\N,\N
21,86,1,12,1,0,0,90,20,0,0,0,1,0,1,0,0,0,0,67,0,0,0,\N,\N,\N,\N,0,1\N,\N
21,87,1,12,4,2,110,70,10,0,0,0,1,30,1,0,0,0,0,152,0,0,0,\N,\N,\N,646,185,\N,\N
21,88,1,5,0,1,50,90,15,0,0,0,0,0,0,0,0,0,0,0,0,0,0,\N,\N,\N,632,100,\N,\N
21,89,1,4,0,1,100,100,10,0,0,0,0,0,0,0,0,0,0,147,0,0,4,\N,\N,\N,630,180,\N,\N
21,90,1,4,9,1,1,30,5,0,0,0,0,0,0,0,0,0,0,38,0,0,0,\N,\N,\N,630,180,\N,\N
21,91,1,4,0,1,80,100,10,0,0,0,0,0,0,0,0,0,0,256,0,0,0,\N,\N,\N,630,160,\N,\N
21,92,1,3,1,0,0,90,10,0,0,0,5,0,1,15,15,0,0,33,0,0,0,\N,\N,\N,\N,0,4,\N
21,93,1,13,4,2,50,100,25,0,0,0,6,10,3,2,5,0,0,76,0,0,0,\N,\N,\N,648,100,\N,\N
21,94,1,13,6,2,90,100,10,0,0,0,0,0,0,0,0,0,0,72,0,0,0,\N,\N,\N,648,175,\N,\N
21,95,1,13,1,0,0,60,20,0,0,0,2,0,3,2,4,0,0,1,0,0,0,\N,\N,\N,\N,0,13,\N
21,96,1,13,2,0,0,101,40,0,0,0,0,0,0,0,0,0,0,10,0,0,7,\N,\N,\N,\N,0,1,\N
21,97,1,13,2,0,0,101,30,0,0,0,0,0,0,0,0,0,0,52,0,0,7,\N,\N,\N,\N,0,26,\N
21,98,1,0,0,1,40,100,30,1,0,0,0,0,0,0,0,0,0,103,0,0,0,\N,\N,\N,622,100,\N,\N
21,99,1,0,0,1,20,100,20,0,0,0,0,0,0,0,0,0,0,81,0,0,0,\N,\N,\N,622,100,\N,\N
21,100,1,13,13,0,0,101,20,-6,0,0,0,0,0,0,0,0,0,153,0,0,7,\N,\N,\N,\N,0,27,\N
21,101,1,7,0,2,1,100,15,0,0,0,0,0,0,0,0,0,0,87,0,0,0,\N,\N,\N,636,100,\N,\N
21,102,1,0,13,0,0,101,10,0,0,0,0,0,0,0,0,0,0,82,0,0,0,\N,\N,\N,\N,0,16,\N
21,103,1,0,2,0,0,85,40,0,0,0,0,0,0,0,0,0,0,59,0,0,0,\N,\N,\N,\N,0,1,\N
21,104,1,0,2,0,0,101,15,0,0,0,0,0,0,0,0,0,0,16,0,0,7,\N,\N,\N,\N,0,26,\N
21,105,1,0,3,0,0,101,10,0,0,0,0,0,0,0,0,0,0,32,0,50,7,\N,\N,\N,\N,0,26,\N
21,106,1,0,2,0,0,101,30,0,0,0,0,0,0,0,0,0,0,11,0,0,7,\N,\N,\N,\N,0,4,\N
21,107,1,0,2,0,0,101,10,0,0,0,0,0,0,0,0,0,0,108,0,0,7,\N,\N,\N,\N,0,26,\N
21,108,1,0,2,0,0,100,20,0,0,0,0,0,0,0,0,0,0,23,0,0,0,\N,\N,\N,\N,0,19,\N
21,109,1,7,1,0,0,100,10,0,0,0,6,0,3,2,5,0,0,49,0,0,0,\N,\N,\N,\N,0,7,\N
21,110,1,10,2,0,0,101,40,0,0,0,0,0,0,0,0,0,0,11,0,0,7,\N,\N,\N,\N,0,4,\N
21,111,1,0,2,0,0,101,40,0,0,0,0,0,0,0,0,0,0,156,0,0,7,\N,\N,\N,\N,0,16,\N
21,112,1,13,2,0,0,101,20,0,0,0,0,0,0,0,0,0,0,51,0,0,7,\N,\N,\N,\N,0,26,\N
21,113,1,13,11,0,0,101,30,0,0,0,0,0,0,0,0,0,0,35,0,0,12,\N,\N,\N,\N,0,1\N,\N
21,114,1,14,10,0,0,101,30,0,0,0,0,0,0,0,0,0,0,25,0,0,10,\N,\N,\N,\N,0,27,\N
21,115,1,13,11,0,0,101,20,0,0,0,0,0,0,0,0,0,0,65,0,0,12,\N,\N,\N,\N,0,4,\N
21,116,1,0,13,0,0,101,30,0,0,0,0,0,0,0,0,0,0,47,0,0,7,\N,\N,\N,\N,0,16,\N
21,117,1,0,0,1,1,101,10,1,0,0,0,0,0,0,0,0,0,26,0,0,7,\N,\N,\N,622,100,\N,\N
21,118,1,0,13,0,0,101,10,0,0,0,0,0,0,0,0,0,0,83,0,0,7,\N,\N,\N,\N,0,\N,\N
21,119,1,2,13,0,0,101,20,0,0,0,0,0,0,0,0,0,0,9,0,0,0,\N,\N,\N,\N,0,2,\N
21,120,1,0,0,1,200,100,5,0,0,0,0,0,0,0,0,0,0,7,0,0,4,\N,\N,\N,622,200,\N,\N
21,121,1,0,0,1,100,75,10,0,0,0,0,0,0,0,0,0,0,0,0,0,0,\N,\N,\N,622,180,\N,\N
21,122,1,7,4,1,30,100,30,0,0,0,1,30,1,0,0,0,0,6,0,0,0,\N,\N,\N,636,100,\N,\N
21,123,1,3,4,2,30,70,20,0,0,0,5,40,1,0,0,0,0,2,0,0,0,\N,\N,\N,628,100,\N,\N
21,124,1,3,4,2,65,100,20,0,0,0,5,30,1,0,0,0,0,2,0,0,0,\N,\N,\N,628,120,\N,\N
21,125,1,4,0,1,65,85,20,0,0,0,0,0,0,0,0,0,10,31,0,0,0,\N,\N,\N,630,120,\N,\N
21,126,1,9,4,2,110,85,5,0,0,0,4,10,1,0,0,0,0,4,0,0,0,\N,\N,\N,640,185,\N,\N
21,127,1,10,0,1,80,100,15,0,0,0,0,0,0,0,0,0,20,31,0,0,0,\N,\N,\N,642,160,\N,\N
21,128,1,10,4,1,35,85,15,0,0,0,8,100,2,5,6,0,0,42,0,0,0,\N,\N,\N,642,100,\N,\N
21,129,1,0,0,2,60,101,20,0,0,0,0,0,0,0,0,0,0,17,0,0,5,\N,\N,\N,622,120,\N,\N
21,130,1,0,0,1,130,100,10,0,0,0,0,100,0,0,0,0,0,145,0,0,0,\N,\N,\N,622,195,\N,\N
21,131,1,0,0,1,20,100,15,0,2,5,0,0,0,0,0,0,0,29,0,0,0,\N,\N,\N,622,100,\N,\N
21,132,1,0,6,1,10,100,35,0,0,0,0,0,0,0,0,0,0,70,0,0,0,\N,\N,\N,622,100,\N,\N
21,133,1,13,2,0,0,101,20,0,0,0,0,0,0,0,0,0,0,54,0,0,7,\N,\N,\N,\N,0,26,\N
21,134,1,13,2,0,0,80,15,0,0,0,0,0,0,0,0,0,0,23,0,0,0,\N,\N,\N,\N,0,19,\N
21,135,1,0,3,0,0,101,10,0,0,0,0,0,0,0,0,0,0,32,0,50,7,\N,\N,\N,\N,0,26,\N
21,136,1,1,0,1,130,90,10,0,0,0,0,0,0,0,0,0,0,45,0,0,0,\N,\N,\N,624,195,\N,\N
21,137,1,0,1,0,0,100,30,0,0,0,1,0,1,0,0,0,0,67,0,0,0,\N,\N,\N,\N,0,1\N,\N
21,138,1,13,8,2,100,100,15,0,0,0,0,0,0,0,0,0,0,8,50,0,0,\N,\N,\N,648,180,\N,\N
21,139,1,3,1,0,0,90,40,0,0,0,5,0,1,0,0,0,0,66,0,0,5,\N,\N,\N,\N,0,4,\N
21,140,1,0,0,1,15,85,20,0,2,5,0,0,0,0,0,0,0,29,0,0,0,\N,\N,\N,622,100,\N,\N
21,141,1,6,8,1,80,100,10,0,0,0,0,0,0,0,0,0,0,3,50,0,0,\N,\N,\N,634,160,\N,\N
21,142,1,0,1,0,0,75,10,0,0,0,2,0,3,2,4,0,0,1,0,0,0,\N,\N,\N,\N,0,13,\N
21,143,1,2,0,1,200,90,5,0,0,0,0,0,0,0,0,1,30,75,0,0,0,\N,\N,\N,626,200,\N,\N
21,144,1,0,13,0,0,101,10,0,0,0,0,0,0,0,0,0,0,57,0,0,0,\N,\N,\N,\N,0,27,\N
21,145,1,10,6,2,40,100,30,0,0,0,0,0,0,0,0,0,0,70,0,0,5,\N,\N,\N,642,100,\N,\N
21,146,1,0,4,1,70,100,10,0,0,0,6,20,3,2,5,0,0,76,0,0,0,\N,\N,\N,622,140,\N,\N
21,147,1,11,1,0,0,100,15,0,0,0,2,0,3,2,4,0,0,1,0,0,0,\N,\N,\N,\N,0,26,\N
21,148,1,0,2,0,0,100,20,0,0,0,0,0,0,0,0,0,0,23,0,0,0,\N,\N,\N,\N,0,19,\N
21,149,1,13,0,2,1,100,15,0,0,0,0,0,0,0,0,0,0,88,0,0,0,\N,\N,\N,648,100,\N,\N
21,150,1,0,13,0,0,101,40,0,0,0,0,0,0,0,0,0,0,85,0,0,7,\N,\N,\N,\N,0,3,\N
21,151,1,3,2,0,0,101,20,0,0,0,0,0,0,0,0,0,0,51,0,0,7,\N,\N,\N,\N,0,26,\N
21,152,1,10,0,1,100,90,10,0,0,0,0,0,0,0,0,1,0,43,0,0,0,\N,\N,\N,642,180,\N,\N
21,153,1,0,0,1,250,100,5,0,0,0,0,0,0,0,0,0,0,7,0,0,4,\N,\N,\N,622,200,\N,\N
21,154,1,0,0,1,18,80,15,0,2,5,0,0,0,0,0,0,0,29,0,0,0,\N,\N,\N,622,100,\N,\N
21,155,1,4,0,1,50,90,10,0,2,2,0,0,0,0,0,0,0,44,0,0,0,\N,\N,\N,630,100,\N,\N
21,156,1,13,13,0,0,101,10,0,0,0,0,0,0,0,0,0,0,37,0,0,7,\N,\N,\N,\N,0,26,\N
21,157,1,5,0,1,75,90,10,0,0,0,0,0,0,0,0,0,30,31,0,0,5,\N,\N,\N,632,140,\N,\N
21,158,1,0,0,1,80,90,15,0,0,0,0,0,0,0,0,0,10,31,0,0,0,\N,\N,\N,622,160,\N,\N
21,159,1,0,2,0,0,101,30,0,0,0,0,0,0,0,0,0,0,10,0,0,7,\N,\N,\N,\N,0,1,\N
21,160,1,0,13,0,0,101,30,0,0,0,0,0,0,0,0,0,0,30,0,0,7,\N,\N,\N,\N,0,22,\N
21,161,1,0,4,2,80,100,10,0,0,0,101,20,1,0,0,0,0,36,0,0,0,\N,\N,\N,622,160,\N,\N
21,162,1,0,0,1,1,90,10,0,0,0,0,0,0,0,0,0,0,40,0,0,0,\N,\N,\N,622,100,\N,\N
21,163,1,0,0,1,70,100,20,0,0,0,0,0,0,0,0,1,0,43,0,0,0,\N,\N,\N,622,140,\N,\N
21,164,1,0,13,0,0,101,10,0,0,0,0,0,0,0,0,0,0,79,0,0,7,\N,\N,\N,\N,0,26,\N
21,165,1,0,0,1,50,101,1,0,0,0,0,0,0,0,0,0,0,254,0,-25,9,\N,\N,\N,622,1,\N,\N
21,166,0,0,13,0,0,101,1,0,0,0,0,0,0,0,0,0,0,95,0,0,0,\N,\N,\N,\N,0,22,\N
21,167,0,1,0,1,10,90,10,0,3,3,0,0,0,0,0,0,0,104,0,0,0,\N,\N,\N,624,120,\N,\N
21,168,0,16,0,1,60,100,25,0,0,0,0,0,0,0,0,0,0,105,0,0,0,\N,\N,\N,654,120,\N,\N
21,169,0,6,13,0,0,101,10,0,0,0,0,0,0,0,0,0,0,106,0,0,0,\N,\N,\N,\N,0,4,\N
21,170,0,0,13,0,0,101,5,0,0,0,0,0,0,0,0,0,0,94,0,0,0,\N,\N,\N,\N,0,7,\N
21,171,0,7,1,0,0,100,15,0,0,0,9,0,1,0,0,0,0,107,0,0,0,\N,\N,\N,\N,0,7,\N
21,172,0,9,4,1,60,100,25,0,0,0,4,10,1,0,0,0,0,125,0,0,0,\N,\N,\N,640,120,\N,\N
21,173,0,0,0,2,50,100,15,0,0,0,0,0,0,0,0,0,30,92,0,0,0,\N,\N,\N,622,100,\N,\N
21,174,0,7,13,0,0,101,10,0,0,0,0,0,0,0,0,0,0,109,0,0,13,\N,\N,\N,\N,0,3\N,\N
21,175,0,0,0,1,1,100,15,0,0,0,0,0,0,0,0,0,0,99,0,0,0,\N,\N,\N,622,160,\N,\N
21,176,0,0,13,0,0,101,30,0,0,0,0,0,0,0,0,0,0,93,0,0,0,\N,\N,\N,\N,0,27,\N
21,177,0,2,0,2,100,95,5,0,0,0,0,0,0,0,0,1,0,43,0,0,0,\N,\N,\N,626,180,\N,\N
21,178,0,11,2,0,0,100,40,0,0,0,0,0,0,0,0,0,0,60,0,0,5,\N,\N,\N,\N,0,26,\N
21,179,0,1,0,1,1,100,15,0,0,0,0,0,0,0,0,0,0,99,0,0,0,\N,\N,\N,624,160,\N,\N
21,180,0,7,13,0,0,100,10,0,0,0,0,0,0,0,0,0,0,100,0,0,0,\N,\N,\N,\N,0,27,\N
21,181,0,14,4,2,40,100,25,0,0,0,3,10,1,0,0,0,0,5,0,0,5,\N,\N,\N,650,100,\N,\N
21,182,1,0,13,0,0,101,10,4,0,0,0,0,0,0,0,0,0,111,0,0,7,\N,\N,\N,\N,0,26,\N
21,183,0,1,0,1,40,100,30,1,0,0,0,0,0,0,0,0,0,103,0,0,0,\N,\N,\N,624,100,\N,\N
21,184,0,0,2,0,0,100,10,0,0,0,0,0,0,0,0,0,0,60,0,0,0,\N,\N,\N,\N,0,13,\N
21,185,0,16,0,1,60,101,20,0,0,0,0,0,0,0,0,0,0,17,0,0,0,\N,\N,\N,654,120,\N,\N
21,186,0,17,1,0,0,75,10,0,0,0,6,0,3,2,5,0,0,49,0,0,0,\N,\N,\N,\N,0,7,\N
21,187,0,0,13,0,0,101,10,0,0,0,0,0,0,0,0,0,0,142,0,0,7,\N,\N,\N,\N,0,27,\N
21,188,1,3,4,2,90,100,10,0,0,0,5,30,1,0,0,0,0,2,0,0,0,\N,\N,\N,628,175,\N,\N
21,189,0,4,6,2,20,100,10,0,0,0,0,0,0,0,0,0,0,73,0,0,0,\N,\N,\N,630,100,\N,\N
21,190,0,10,6,2,65,85,10,0,0,0,0,0,0,0,0,0,0,73,0,0,0,\N,\N,\N,642,120,\N,\N
21,191,0,4,11,0,0,101,20,0,0,0,0,0,0,0,0,0,0,112,0,0,11,\N,\N,\N,\N,0,4,\N
21,192,0,12,4,2,120,50,5,0,0,0,1,100,1,0,0,0,0,6,0,0,0,\N,\N,\N,646,190,\N,\N
21,193,0,0,1,0,0,101,40,0,0,0,17,0,1,0,0,0,0,113,0,0,0,\N,\N,\N,\N,0,25,\N
21,194,0,7,13,0,0,101,5,0,0,0,0,0,0,0,0,0,0,98,0,0,7,\N,\N,\N,\N,0,29,\N
21,195,0,0,1,0,0,101,5,0,0,0,20,0,3,4,4,0,0,114,0,0,8,\N,\N,\N,\N,0,26,\N
21,196,0,14,6,2,55,95,15,0,0,0,0,0,0,0,0,0,0,70,0,0,5,\N,\N,\N,650,100,\N,\N
21,197,0,1,13,0,0,101,5,4,0,0,0,0,0,0,0,0,0,111,0,0,7,\N,\N,\N,\N,0,19,\N
21,198,0,4,0,1,25,90,10,0,2,5,0,0,0,0,0,0,0,29,0,0,0,\N,\N,\N,630,140,\N,\N
21,199,0,0,13,0,0,101,5,0,0,0,0,0,0,0,0,0,0,94,0,0,0,\N,\N,\N,\N,0,13,\N
21,200,1,15,0,1,120,100,10,0,0,0,0,0,0,0,0,0,0,27,0,0,9,\N,\N,\N,652,190,\N,\N
21,201,0,5,10,0,0,101,10,0,0,0,0,0,0,0,0,0,0,115,0,0,10,\N,\N,\N,\N,0,13,\N
21,202,0,11,8,2,75,100,10,0,0,0,0,0,0,0,0,0,0,3,50,0,0,\N,\N,\N,644,140,\N,\N
21,203,0,0,13,0,0,101,10,4,0,0,0,0,0,0,0,0,0,116,0,0,7,\N,\N,\N,\N,0,26,\N
21,204,0,17,2,0,0,100,20,0,0,0,0,0,0,0,0,0,0,58,0,0,0,\N,\N,\N,\N,0,4,\N
21,205,0,5,0,1,30,90,20,0,0,0,0,0,0,0,0,0,0,117,0,0,0,\N,\N,\N,632,100,\N,\N
21,206,0,0,0,1,40,100,40,0,0,0,0,0,0,0,0,0,0,101,0,0,0,\N,\N,\N,622,100,\N,\N
21,207,0,0,5,0,0,85,15,0,0,0,6,0,3,2,5,0,0,118,0,0,0,\N,\N,\N,\N,0,26,\N
21,208,0,0,3,0,0,101,10,0,0,0,0,0,0,0,0,0,0,32,0,50,7,\N,\N,\N,\N,0,26,\N
21,209,0,12,4,1,65,100,20,0,0,0,1,30,1,0,0,0,0,6,0,0,0,\N,\N,\N,646,120,\N,\N
21,210,0,6,0,1,40,95,20,0,0,0,0,0,0,0,0,0,0,119,0,0,0,\N,\N,\N,634,100,\N,\N
21,211,0,8,7,1,70,90,25,0,0,0,0,0,0,0,0,0,0,138,0,0,0,\N,\N,\N,638,140,\N,\N
21,212,0,0,13,0,0,101,5,0,0,0,0,0,0,0,0,0,0,106,0,0,0,\N,\N,\N,\N,0,1\N,\N
21,213,0,0,1,0,0,100,15,0,0,0,7,0,4,0,0,0,0,120,0,0,0,\N,\N,\N,\N,0,26,\N
21,214,0,0,13,0,0,101,10,0,0,0,0,0,0,0,0,0,0,97,0,0,7,\N,\N,\N,\N,0,25,\N
21,215,0,0,13,0,0,101,5,0,0,0,0,0,0,0,0,0,0,102,0,0,6,\N,\N,\N,\N,0,27,\N
21,216,0,0,0,1,1,100,20,0,0,0,0,0,0,0,0,0,0,121,0,0,0,\N,\N,\N,622,160,\N,\N
21,217,0,0,0,1,1,90,15,0,0,0,0,0,0,0,0,0,0,122,0,0,0,\N,\N,\N,622,100,\N,\N
21,218,0,0,0,1,1,100,20,0,0,0,0,0,0,0,0,0,0,123,0,0,0,\N,\N,\N,622,160,\N,\N
21,219,0,0,11,0,0,101,25,0,0,0,0,0,0,0,0,0,0,124,0,0,12,\N,\N,\N,\N,0,13,\N
21,220,0,0,13,0,0,101,20,0,0,0,0,0,0,0,0,0,0,91,0,0,0,\N,\N,\N,\N,0,4,\N
21,221,0,9,4,1,100,95,5,0,0,0,4,50,1,0,0,0,0,125,0,0,0,\N,\N,\N,640,180,\N,\N
21,222,0,4,0,1,1,100,30,0,0,0,0,0,0,0,0,0,0,126,0,0,4,\N,\N,\N,630,140,\N,\N
21,223,0,1,4,1,100,50,5,0,0,0,6,100,3,2,5,0,0,76,0,0,0,\N,\N,\N,624,180,\N,\N
21,224,1,6,0,1,120,85,10,0,0,0,0,0,0,0,0,0,0,0,0,0,0,\N,\N,\N,634,190,\N,\N
21,225,0,15,4,2,60,100,20,0,0,0,1,30,1,0,0,0,0,6,0,0,0,\N,\N,\N,652,120,\N,\N
21,226,0,0,13,0,0,101,40,0,0,0,0,0,0,0,0,0,0,127,0,0,7,\N,\N,\N,\N,0,26,\N
21,227,1,0,13,0,0,100,5,0,0,0,0,0,0,0,0,0,0,90,0,0,0,\N,\N,\N,\N,0,13,\N
21,228,0,16,0,1,40,100,20,0,0,0,0,0,0,0,0,0,0,128,0,0,0,\N,\N,\N,654,100,\N,\N
21,229,0,0,0,1,20,100,40,0,0,0,0,0,0,0,0,0,0,129,0,0,0,\N,\N,\N,622,100,\N,\N
21,230,0,0,2,0,0,100,20,0,0,0,0,0,0,0,0,0,0,24,0,0,5,\N,\N,\N,\N,0,16,\N
21,231,1,8,6,1,100,75,15,0,0,0,0,0,0,0,0,0,0,69,0,0,0,\N,\N,\N,638,180,\N,\N
21,232,0,8,7,1,50,95,35,0,0,0,0,0,0,0,0,0,0,139,0,0,0,\N,\N,\N,638,100,\N,\N
21,233,0,1,0,1,70,101,10,-1,0,0,0,0,0,0,0,0,0,78,0,0,0,\N,\N,\N,624,140,\N,\N
21,234,0,0,3,0,0,101,5,0,0,0,0,0,0,0,0,0,0,132,0,50,7,\N,\N,\N,\N,0,26,\N
21,235,0,11,3,0,0,101,5,0,0,0,0,0,0,0,0,0,0,132,0,50,7,\N,\N,\N,\N,0,26,\N
21,236,0,17,3,0,0,101,5,0,0,0,0,0,0,0,0,0,0,132,0,50,7,\N,\N,\N,\N,0,26,\N
21,237,0,0,0,2,60,100,15,0,0,0,0,0,0,0,0,0,0,135,0,0,0,\N,\N,\N,622,120,\N,\N
21,238,0,1,0,1,100,80,5,0,0,0,0,0,0,0,0,1,0,43,0,0,0,\N,\N,\N,624,180,\N,\N
21,239,0,15,0,2,40,100,20,0,0,0,0,0,0,0,0,0,20,146,0,0,5,\N,\N,\N,652,100,\N,\N
21,240,0,10,10,0,0,101,5,0,0,0,0,0,0,0,0,0,0,136,0,0,10,\N,\N,\N,\N,0,13,\N
21,241,0,9,10,0,0,101,5,0,0,0,0,0,0,0,0,0,0,137,0,0,10,\N,\N,\N,\N,0,13,\N
21,242,1,16,6,1,80,100,15,0,0,0,0,0,0,0,0,0,0,69,0,0,0,\N,\N,\N,654,160,\N,\N
21,243,1,13,0,2,1,100,20,-5,0,0,0,0,0,0,0,0,0,144,0,0,13,\N,\N,\N,648,100,\N,\N
21,244,0,0,13,0,0,101,10,0,0,0,0,0,0,0,0,0,0,143,0,0,0,\N,\N,\N,\N,0,27,\N
21,245,0,0,0,1,80,100,5,2,0,0,0,0,0,0,0,0,0,103,0,0,0,\N,\N,\N,622,160,\N,\N
21,246,0,5,7,2,60,100,5,0,0,0,0,0,0,0,0,0,0,140,0,0,0,\N,\N,\N,632,120,\N,\N
21,247,1,7,6,2,80,100,15,0,0,0,0,0,0,0,0,0,0,72,0,0,0,\N,\N,\N,636,160,\N,\N
21,248,0,13,13,2,120,100,10,0,0,0,0,0,0,0,0,0,0,148,0,0,0,\N,\N,\N,648,190,\N,\N
21,249,0,1,6,1,40,100,15,0,0,0,0,0,0,0,0,0,0,69,0,0,0,\N,\N,\N,624,100,\N,\N
21,250,0,10,4,2,35,85,15,0,0,0,8,100,2,5,6,0,0,261,0,0,0,\N,\N,\N,642,100,\N,\N
21,251,0,16,0,1,1,100,10,0,6,6,0,0,0,0,0,0,0,154,0,0,0,\N,\N,\N,654,100,\N,\N
21,252,1,0,0,1,40,100,10,3,0,0,0,0,0,0,0,0,100,158,0,0,0,\N,\N,\N,622,100,\N,\N
21,253,0,0,0,2,90,100,10,0,0,0,0,0,0,0,0,0,0,159,0,0,9,\N,\N,\N,622,175,\N,\N
21,254,0,0,13,0,0,101,20,0,0,0,0,0,0,0,0,0,0,160,0,0,7,\N,\N,\N,\N,0,27,\N
21,255,0,0,0,2,1,100,10,0,0,0,0,0,0,0,0,0,0,161,0,0,0,\N,\N,\N,622,100,\N,\N
21,256,0,0,3,0,0,101,10,0,0,0,0,0,0,0,0,0,0,162,0,25,7,\N,\N,\N,\N,0,26,\N
21,257,1,9,4,2,95,90,10,0,0,0,4,10,1,0,0,0,0,4,0,0,5,\N,\N,\N,640,175,\N,\N
21,258,0,14,10,0,0,101,10,0,0,0,0,0,0,0,0,0,0,164,0,0,10,\N,\N,\N,\N,0,13,\N
21,259,0,16,1,0,0,100,15,0,0,0,12,0,1,0,0,0,0,165,0,0,0,\N,\N,\N,\N,0,4,\N
21,260,0,16,5,0,0,100,15,0,0,0,6,0,3,2,5,0,0,166,0,0,0,\N,\N,\N,\N,0,1\N,\N
21,261,1,9,1,0,0,85,15,0,0,0,4,0,1,0,0,0,0,167,0,0,0,\N,\N,\N,\N,0,1,\N
21,262,0,16,13,0,0,100,10,0,0,0,0,0,0,0,0,0,0,168,0,0,0,\N,\N,\N,\N,0,28,\N
21,263,1,0,0,1,70,100,20,0,0,0,0,0,0,0,0,0,0,169,0,0,0,\N,\N,\N,622,140,\N,\N
21,264,0,1,0,1,150,100,20,-3,0,0,0,0,0,0,0,0,0,170,0,0,0,\N,\N,\N,624,200,\N,\N
21,265,0,0,0,1,70,100,10,0,0,0,0,0,0,0,0,0,0,171,0,0,0,\N,\N,\N,622,140,\N,\N
21,266,0,0,13,0,0,101,20,2,0,0,0,0,0,0,0,0,0,172,0,0,7,\N,\N,\N,\N,0,26,\N
21,267,0,0,13,0,0,101,20,0,0,0,0,0,0,0,0,0,0,173,0,0,0,\N,\N,\N,\N,0,\N,\N
21,268,0,12,2,0,0,101,20,0,0,0,0,0,0,0,0,0,0,174,0,0,7,\N,\N,\N,\N,0,1\N,\N
21,269,1,16,13,0,0,100,20,0,0,0,0,0,0,0,0,0,0,175,0,0,0,\N,\N,\N,\N,0,1,\N
21,270,1,0,13,0,0,101,20,5,0,0,0,0,0,0,0,0,0,176,0,0,2,\N,\N,\N,\N,0,26,\N
21,271,0,13,13,0,0,100,10,0,0,0,0,0,0,0,0,0,0,177,0,0,0,\N,\N,\N,\N,0,14,\N
21,272,0,13,13,0,0,101,10,0,0,0,0,0,0,0,0,0,0,178,0,0,0,\N,\N,\N,\N,0,13,\N
21,273,0,0,13,0,0,101,10,0,0,0,0,0,0,0,0,0,0,179,0,0,7,\N,\N,\N,\N,0,1\N,\N
21,274,0,0,13,0,0,101,20,0,0,0,0,0,0,0,0,0,0,180,0,0,7,\N,\N,\N,\N,0,\N,\N
21,275,0,11,1,0,0,101,20,0,0,0,21,0,1,0,0,0,0,181,0,0,7,\N,\N,\N,\N,0,1\N,\N
21,276,1,1,7,1,120,100,5,0,0,0,0,0,0,0,0,0,0,182,0,0,0,\N,\N,\N,624,190,\N,\N
21,277,0,13,13,0,0,101,15,4,0,0,0,0,0,0,0,0,0,183,0,0,7,\N,\N,\N,\N,0,11,\N
21,278,0,0,13,0,0,101,10,0,0,0,0,0,0,0,0,0,0,184,0,0,7,\N,\N,\N,\N,0,14,\N
21,279,0,1,0,1,60,100,10,-4,0,0,0,0,0,0,0,0,0,185,0,0,0,\N,\N,\N,624,120,\N,\N
21,280,1,1,0,1,75,100,15,0,0,0,0,0,0,0,0,0,0,186,0,0,0,\N,\N,\N,624,140,\N,\N
21,281,1,0,1,0,0,101,10,0,0,0,14,0,3,2,2,0,0,187,0,0,0,\N,\N,\N,\N,0,13,\N
21,282,0,16,0,1,65,100,20,0,0,0,0,0,0,0,0,0,0,188,0,0,0,\N,\N,\N,654,120,\N,\N
21,283,0,0,0,1,1,100,5,0,0,0,0,0,0,0,0,0,0,189,0,0,0,\N,\N,\N,622,160,\N,\N
21,284,0,9,0,2,150,100,5,0,0,0,0,0,0,0,0,0,0,190,0,0,5,\N,\N,\N,640,200,\N,\N
21,285,0,13,13,0,0,101,10,0,0,0,0,0,0,0,0,0,0,191,0,0,0,\N,\N,\N,\N,0,13,\N
21,286,0,13,13,0,0,101,10,0,0,0,0,0,0,0,0,0,0,192,0,0,7,\N,\N,\N,\N,0,11,\N
21,287,0,0,13,0,0,101,20,0,0,0,0,0,0,0,0,0,0,193,0,0,7,\N,\N,\N,\N,0,27,\N
21,288,0,7,13,0,0,101,5,0,0,0,0,0,0,0,0,0,0,194,0,0,7,\N,\N,\N,\N,0,29,\N
21,289,0,16,13,0,0,101,10,4,0,0,0,0,0,0,0,0,0,195,0,0,7,\N,\N,\N,\N,0,14,\N
21,290,0,0,0,1,70,100,20,0,0,0,0,30,0,0,0,0,0,197,0,0,0,\N,\N,\N,622,140,\N,\N
21,291,0,10,0,1,80,100,10,0,0,0,0,0,0,0,0,0,0,255,0,0,0,\N,\N,\N,642,160,\N,\N
21,292,0,1,0,1,15,100,20,0,2,5,0,0,0,0,0,0,0,29,0,0,0,\N,\N,\N,624,100,\N,\N
21,293,0,0,13,0,0,101,20,0,0,0,0,0,0,0,0,0,0,213,0,0,7,\N,\N,\N,\N,0,19,\N
21,294,0,6,2,0,0,101,20,0,0,0,0,0,0,0,0,0,0,321,0,0,7,\N,\N,\N,\N,0,26,\N
21,295,0,13,6,2,70,100,5,0,0,0,0,0,0,0,0,0,0,72,0,0,0,\N,\N,\N,648,140,\N,\N
21,296,0,13,6,2,70,100,5,0,0,0,0,0,0,0,0,0,0,71,0,0,0,\N,\N,\N,648,140,\N,\N
21,297,0,2,2,0,0,100,15,0,0,0,0,0,0,0,0,0,0,58,0,0,0,\N,\N,\N,\N,0,4,\N
21,298,0,0,1,0,0,100,20,0,0,0,6,0,3,2,5,0,0,199,0,0,4,\N,\N,\N,\N,0,7,\N
21,299,0,9,4,1,85,90,10,0,0,0,4,10,1,0,0,1,0,200,0,0,0,\N,\N,\N,640,160,\N,\N
21,300,0,4,10,0,0,101,15,0,0,0,0,0,0,0,0,0,0,201,0,0,10,\N,\N,\N,\N,0,1\N,\N
21,301,0,14,0,1,30,90,20,0,0,0,0,0,0,0,0,0,0,117,0,0,0,\N,\N,\N,650,100,\N,\N
21,302,0,11,0,1,60,100,15,0,0,0,0,0,0,0,0,0,30,31,0,0,0,\N,\N,\N,644,120,\N,\N
21,303,0,0,3,0,0,101,10,0,0,0,0,0,0,0,0,0,0,32,0,50,7,\N,\N,\N,\N,0,26,\N
21,304,0,0,0,2,90,100,10,0,0,0,0,0,0,0,0,0,0,0,0,0,5,\N,\N,\N,622,175,\N,\N
21,305,0,3,4,1,50,100,15,0,0,0,5,50,1,15,15,0,0,202,0,0,0,\N,\N,\N,628,100,\N,\N
21,306,0,0,6,1,75,95,10,0,0,0,0,0,0,0,0,0,0,69,0,0,0,\N,\N,\N,622,140,\N,\N
21,307,0,9,0,2,150,90,5,0,0,0,0,0,0,0,0,0,0,80,0,0,0,\N,\N,\N,640,200,\N,\N
21,308,0,10,0,2,150,90,5,0,0,0,0,0,0,0,0,0,0,80,0,0,0,\N,\N,\N,642,200,\N,\N
21,309,0,8,7,1,90,90,10,0,0,0,0,0,0,0,0,0,0,139,0,0,0,\N,\N,\N,638,175,\N,\N
21,310,0,7,0,1,30,100,15,0,0,0,0,0,0,0,0,0,30,31,0,0,0,\N,\N,\N,636,100,\N,\N
21,311,0,0,0,2,50,100,10,0,0,0,0,0,0,0,0,0,0,203,0,0,0,\N,\N,\N,622,160,\N,\N
21,312,0,11,13,0,0,101,5,0,0,0,0,0,0,0,0,0,0,102,0,0,6,\N,\N,\N,\N,0,27,\N
21,313,0,16,2,0,0,100,20,0,0,0,0,0,0,0,0,0,0,62,0,0,0,\N,\N,\N,\N,0,7,\N
21,314,0,2,0,2,60,95,25,0,0,0,0,0,0,0,0,1,0,43,0,0,5,\N,\N,\N,626,120,\N,\N
21,315,0,9,7,2,130,90,5,0,0,0,0,0,0,0,0,0,0,204,0,0,0,\N,\N,\N,640,195,\N,\N
21,316,0,0,1,0,0,101,40,0,0,0,17,0,1,0,0,0,0,113,0,0,0,\N,\N,\N,\N,0,1,\N
21,317,0,5,6,1,60,95,15,0,0,0,0,0,0,0,0,0,0,70,0,0,0,\N,\N,\N,632,120,\N,\N
21,318,0,6,7,2,60,100,5,0,0,0,0,0,0,0,0,0,0,140,0,0,0,\N,\N,\N,634,120,\N,\N
21,319,0,8,2,0,0,85,40,0,0,0,0,0,0,0,0,0,0,62,0,0,0,\N,\N,\N,\N,0,7,\N
21,320,0,11,1,0,0,55,15,0,0,0,2,0,3,2,4,0,0,1,0,0,0,\N,\N,\N,\N,0,13,\N
21,321,0,0,2,0,0,100,20,0,0,0,0,0,0,0,0,0,0,205,0,0,0,\N,\N,\N,\N,0,4,\N
21,322,0,13,2,0,0,101,20,0,0,0,0,0,0,0,0,0,0,206,0,0,7,\N,\N,\N,\N,0,1\N,\N
21,323,0,10,0,2,150,100,5,0,0,0,0,0,0,0,0,0,0,190,0,0,5,\N,\N,\N,642,200,\N,\N
21,324,0,6,4,2,75,100,15,0,0,0,6,10,3,2,5,0,0,76,0,0,0,\N,\N,\N,634,140,\N,\N
21,325,0,7,0,1,60,101,20,0,0,0,0,0,0,0,0,0,0,17,0,0,0,\N,\N,\N,636,120,\N,\N
21,326,0,13,0,2,80,100,20,0,0,0,0,0,0,0,0,0,10,31,0,0,0,\N,\N,\N,648,160,\N,\N
21,327,0,1,0,1,85,90,15,0,0,0,0,0,0,0,0,0,0,207,0,0,0,\N,\N,\N,624,160,\N,\N
21,328,0,4,4,1,35,85,15,0,0,0,8,100,2,5,6,0,0,42,0,0,0,\N,\N,\N,630,100,\N,\N
21,329,0,14,9,2,1,30,5,0,0,0,0,0,0,0,0,0,0,38,0,0,0,\N,\N,\N,650,180,\N,\N
21,330,0,10,6,2,90,85,10,0,0,0,0,0,0,0,0,0,0,73,0,0,5,\N,\N,\N,642,175,\N,\N
21,331,0,11,0,1,25,100,30,0,2,5,0,0,0,0,0,0,0,29,0,0,0,\N,\N,\N,644,140,\N,\N
21,332,0,2,0,1,60,101,20,0,0,0,0,0,0,0,0,0,0,17,0,0,0,\N,\N,\N,626,120,\N,\N
21,333,0,14,0,1,25,100,30,0,2,5,0,0,0,0,0,0,0,29,0,0,0,\N,\N,\N,650,140,\N,\N
21,334,0,8,2,0,0,101,15,0,0,0,0,0,0,0,0,0,0,51,0,0,7,\N,\N,\N,\N,0,26,\N
21,335,0,0,13,0,0,101,5,0,0,0,0,0,0,0,0,0,0,106,0,0,0,\N,\N,\N,\N,0,4,\N
21,336,0,0,2,0,0,101,40,0,0,0,0,0,0,0,0,0,0,10,0,0,7,\N,\N,\N,\N,0,1,\N
21,337,0,15,0,1,80,100,15,0,0,0,0,0,0,0,0,0,0,0,0,0,0,\N,\N,\N,652,160,\N,\N
21,338,0,11,0,2,150,90,5,0,0,0,0,0,0,0,0,0,0,80,0,0,0,\N,\N,\N,644,200,\N,\N
21,339,1,1,2,0,0,101,20,0,0,0,0,0,0,0,0,0,0,208,0,0,7,\N,\N,\N,\N,0,1,\N
21,340,0,2,4,1,85,85,5,0,0,0,1,30,1,0,0,0,0,263,0,0,0,\N,\N,\N,626,160,\N,\N
21,341,0,4,6,2,55,95,15,0,0,0,0,0,0,0,0,0,0,70,0,0,0,\N,\N,\N,630,100,\N,\N
21,342,0,3,4,1,50,100,25,0,0,0,5,10,1,0,0,1,0,209,0,0,0,\N,\N,\N,628,100,\N,\N
21,343,0,0,0,1,60,100,25,0,0,0,0,0,0,0,0,0,0,105,0,0,0,\N,\N,\N,622,120,\N,\N
21,344,0,12,4,1,120,100,15,0,0,0,1,10,1,0,0,0,0,262,-33,0,0,\N,\N,\N,646,190,\N,\N
21,345,0,11,0,2,60,101,20,0,0,0,0,0,0,0,0,0,0,17,0,0,0,\N,\N,\N,644,120,\N,\N
21,346,0,10,10,0,0,101,15,0,0,0,0,0,0,0,0,0,0,210,0,0,10,\N,\N,\N,\N,0,1\N,\N
21,347,1,13,2,0,0,101,20,0,0,0,0,0,0,0,0,0,0,211,0,0,7,\N,\N,\N,\N,0,26,\N
21,348,0,11,0,1,90,100,15,0,0,0,0,0,0,0,0,1,0,43,0,0,0,\N,\N,\N,644,175,\N,\N
21,349,0,15,2,0,0,101,20,0,0,0,0,0,0,0,0,0,0,212,0,0,7,\N,\N,\N,\N,0,26,\N
21,350,0,5,0,1,25,90,10,0,2,5,0,0,0,0,0,0,0,29,0,0,0,\N,\N,\N,632,140,\N,\N
21,351,0,12,0,2,60,101,20,0,0,0,0,0,0,0,0,0,0,17,0,0,0,\N,\N,\N,646,120,\N,\N
21,352,0,10,4,2,60,100,20,0,0,0,6,20,3,2,5,0,0,76,0,0,0,\N,\N,\N,642,120,\N,\N
21,353,0,8,13,2,140,100,5,0,0,0,0,0,0,0,0,0,0,148,0,0,0,\N,\N,\N,638,200,\N,\N
21,354,0,13,7,2,140,90,5,0,0,0,0,0,0,0,0,0,0,204,0,0,0,\N,\N,\N,648,200,\N,\N
21,355,1,2,3,0,0,101,10,0,0,0,0,0,0,0,0,0,0,214,0,50,7,\N,\N,\N,\N,0,26,\N
21,356,0,13,10,0,0,101,5,0,0,0,0,0,0,0,0,0,0,215,0,0,10,\N,\N,\N,\N,0,7,\N
21,357,0,13,1,0,0,101,40,0,0,0,17,0,1,0,0,0,0,216,0,0,0,\N,\N,\N,\N,0,7,\N
21,358,0,1,0,1,70,100,10,0,0,0,0,0,0,0,0,0,0,217,0,0,0,\N,\N,\N,624,140,\N,\N
21,359,0,1,7,1,100,90,10,0,0,0,0,0,0,0,0,0,0,218,0,0,0,\N,\N,\N,624,180,\N,\N
21,360,0,8,0,1,1,100,5,0,0,0,0,0,0,0,0,0,0,219,0,0,0,\N,\N,\N,638,160,\N,\N
21,361,0,13,13,0,0,101,10,0,0,0,0,0,0,0,0,0,0,220,0,0,7,\N,\N,\N,\N,0,\N,\N
21,362,0,10,0,2,65,100,10,0,0,0,0,0,0,0,0,0,0,221,0,0,0,\N,\N,\N,642,120,\N,\N
21,363,0,0,0,1,1,100,15,0,0,0,0,0,0,0,0,0,0,222,0,0,0,\N,\N,\N,622,160,\N,\N
21,364,1,0,0,1,30,100,10,2,0,0,0,0,0,0,0,0,0,223,0,0,0,\N,\N,\N,622,100,\N,\N
21,365,0,2,0,1,60,100,20,0,0,0,0,0,0,0,0,0,0,224,0,0,0,\N,\N,\N,626,120,\N,\N
21,366,0,2,11,0,0,101,15,0,0,0,0,0,0,0,0,0,0,225,0,0,12,\N,\N,\N,\N,0,25,\N
21,367,0,0,13,0,0,101,30,0,0,0,0,0,0,0,0,0,0,226,0,0,1,\N,\N,\N,\N,0,25,\N
21,368,0,8,0,1,1,100,10,0,0,0,0,0,0,0,0,0,0,227,0,0,13,\N,\N,\N,638,100,\N,\N
21,369,1,6,0,1,70,100,20,0,0,0,0,0,0,0,0,0,0,228,0,0,0,\N,\N,\N,634,140,\N,\N
21,370,0,1,7,1,120,100,5,0,0,0,0,0,0,0,0,0,0,229,0,0,0,\N,\N,\N,624,190,\N,\N
21,371,0,16,0,1,50,100,10,0,0,0,0,0,0,0,0,0,0,230,0,0,0,\N,\N,\N,654,100,\N,\N
21,372,0,16,0,1,60,100,10,0,0,0,0,0,0,0,0,0,0,231,0,0,0,\N,\N,\N,654,120,\N,\N
21,373,0,16,1,0,0,100,15,0,0,0,19,0,3,5,5,0,0,232,0,0,0,\N,\N,\N,\N,0,7,\N
21,374,0,16,0,1,1,100,10,0,0,0,0,0,0,0,0,0,0,233,0,0,0,\N,\N,\N,654,100,\N,\N
21,375,0,13,13,0,0,100,10,0,0,0,0,0,0,0,0,0,0,234,0,0,0,\N,\N,\N,\N,0,8,\N
21,376,0,0,0,2,1,101,5,0,0,0,0,0,0,0,0,0,0,235,0,0,0,\N,\N,\N,622,160,\N,\N
21,377,0,13,1,0,0,100,15,0,0,0,15,0,3,5,5,0,0,236,0,0,5,\N,\N,\N,\N,0,8,\N
21,378,0,0,0,2,1,100,5,0,0,0,0,0,0,0,0,0,0,237,0,0,0,\N,\N,\N,622,190,\N,\N
21,379,0,13,13,0,0,101,10,0,0,0,0,0,0,0,0,0,0,238,0,0,7,\N,\N,\N,\N,0,1,\N
21,380,0,3,13,0,0,100,10,0,0,0,0,0,0,0,0,0,0,239,0,0,0,\N,\N,\N,\N,0,13,\N
21,381,0,0,11,0,0,101,30,0,0,0,0,0,0,0,0,0,0,240,0,0,12,\N,\N,\N,\N,0,19,\N
21,382,0,0,0,0,1,101,20,0,0,0,0,0,0,0,0,0,0,241,0,0,3,\N,\N,\N,\N,0,14,\N
21,383,0,0,13,0,0,101,20,0,0,0,0,0,0,0,0,0,0,242,0,0,7,\N,\N,\N,\N,0,16,\N
21,384,0,13,13,0,0,101,10,0,0,0,0,0,0,0,0,0,0,243,0,0,0,\N,\N,\N,\N,0,13,\N
21,385,0,13,13,0,0,101,10,0,0,0,0,0,0,0,0,0,0,244,0,0,0,\N,\N,\N,\N,0,13,\N
21,386,0,16,0,1,1,100,5,0,0,0,0,0,0,0,0,0,0,245,0,0,0,\N,\N,\N,654,160,\N,\N
21,387,0,0,0,1,140,100,5,0,0,0,0,0,0,0,0,0,0,246,0,0,0,\N,\N,\N,622,200,\N,\N
21,388,0,11,13,0,0,100,10,0,0,0,0,0,0,0,0,0,0,247,0,0,0,\N,\N,\N,\N,0,13,\N
21,389,1,16,0,1,70,100,5,1,0,0,0,0,0,0,0,0,0,248,0,0,0,\N,\N,\N,654,140,\N,\N
21,390,0,3,11,0,0,101,20,0,0,0,0,0,0,0,0,0,0,249,0,0,11,\N,\N,\N,\N,0,4,\N
21,391,0,13,13,0,0,101,10,0,0,0,0,0,0,0,0,0,0,250,0,0,0,\N,\N,\N,\N,0,25,\N
21,392,0,10,13,0,0,101,20,0,0,0,0,0,0,0,0,0,0,251,0,0,7,\N,\N,\N,\N,0,4,\N
21,393,0,12,13,0,0,101,10,0,0,0,0,0,0,5,5,0,0,252,0,0,7,\N,\N,\N,\N,0,19,\N
21,394,1,9,4,1,120,100,15,0,0,0,4,10,1,0,0,0,0,253,-33,0,0,\N,\N,\N,640,190,\N,\N
21,395,0,1,4,1,60,100,10,0,0,0,1,30,1,0,0,0,0,6,0,0,0,\N,\N,\N,624,120,\N,\N
21,396,0,1,0,2,80,101,20,0,0,0,0,0,0,0,0,0,0,17,0,0,0,\N,\N,\N,624,160,\N,\N
21,397,0,5,2,0,0,101,20,0,0,0,0,0,0,0,0,0,0,52,0,0,7,\N,\N,\N,\N,0,26,\N
21,398,1,3,4,1,80,100,20,0,0,0,5,30,1,0,0,0,0,2,0,0,0,\N,\N,\N,628,160,\N,\N
21,399,1,16,0,2,80,100,15,0,0,0,0,0,0,0,0,0,20,31,0,0,0,\N,\N,\N,654,160,\N,\N
21,400,0,16,0,1,70,100,15,0,0,0,0,0,0,0,0,1,0,43,0,0,0,\N,\N,\N,654,140,\N,\N
21,401,0,10,0,1,90,90,10,0,0,0,0,0,0,0,0,0,0,0,0,0,0,\N,\N,\N,642,175,\N,\N
21,402,0,11,0,1,80,100,15,0,0,0,0,0,0,0,0,0,0,0,0,0,0,\N,\N,\N,644,160,\N,\N
21,403,1,2,0,2,75,95,15,0,0,0,0,0,0,0,0,0,30,31,0,0,0,\N,\N,\N,626,140,\N,\N
21,404,1,6,0,1,80,100,15,0,0,0,0,0,0,0,0,0,0,0,0,0,0,\N,\N,\N,634,160,\N,\N
21,405,1,6,6,2,90,100,10,0,0,0,0,0,0,0,0,0,0,72,0,0,0,\N,\N,\N,634,175,\N,\N
21,406,1,15,0,2,85,100,10,0,0,0,0,0,0,0,0,0,0,0,0,0,0,\N,\N,\N,652,160,\N,\N
21,407,0,15,0,1,100,75,10,0,0,0,0,0,0,0,0,0,20,31,0,0,0,\N,\N,\N,652,180,\N,\N
21,408,0,5,0,2,80,100,20,0,0,0,0,0,0,0,0,0,0,0,0,0,0,\N,\N,\N,632,160,\N,\N
21,409,0,1,8,1,75,100,10,0,0,0,0,0,0,0,0,0,0,3,50,0,0,\N,\N,\N,624,140,\N,\N
21,410,0,1,0,2,40,100,30,1,0,0,0,0,0,0,0,0,0,103,0,0,0,\N,\N,\N,624,100,\N,\N
21,411,0,1,6,2,120,70,5,0,0,0,0,0,0,0,0,0,0,72,0,0,0,\N,\N,\N,624,190,\N,\N
21,412,0,11,6,2,90,100,10,0,0,0,0,0,0,0,0,0,0,72,0,0,0,\N,\N,\N,644,175,\N,\N
21,413,0,2,0,1,120,100,15,0,0,0,0,0,0,0,0,0,0,198,-33,0,0,\N,\N,\N,626,190,\N,\N
21,414,0,4,6,2,90,100,10,0,0,0,0,0,0,0,0,0,0,72,0,0,0,\N,\N,\N,630,175,\N,\N
21,415,0,16,13,0,0,100,10,0,0,0,0,0,0,0,0,0,0,177,0,0,0,\N,\N,\N,\N,0,14,\N
21,416,0,0,0,1,150,90,5,0,0,0,0,0,0,0,0,0,0,80,0,0,0,\N,\N,\N,622,200,\N,\N
21,417,1,16,2,0,0,101,20,0,0,0,0,0,0,0,0,0,0,53,0,0,7,\N,\N,\N,\N,0,26,\N
21,418,0,8,0,1,40,100,30,1,0,0,0,0,0,0,0,0,0,103,0,0,0,\N,\N,\N,638,100,\N,\N
21,419,0,14,0,1,60,100,10,-4,0,0,0,0,0,0,0,0,0,185,0,0,0,\N,\N,\N,650,120,\N,\N
21,420,1,14,0,1,40,100,30,1,0,0,0,0,0,0,0,0,0,103,0,0,0,\N,\N,\N,650,100,\N,\N
21,421,0,7,0,1,70,100,15,0,0,0,0,0,0,0,0,1,0,43,0,0,0,\N,\N,\N,636,140,\N,\N
21,422,0,12,4,1,65,95,15,0,0,0,1,10,1,0,0,0,10,275,0,0,0,\N,\N,\N,646,120,\N,\N
21,423,0,14,4,1,65,95,15,0,0,0,3,10,1,0,0,0,10,274,0,0,0,\N,\N,\N,650,120,\N,\N
21,424,0,9,4,1,65,95,15,0,0,0,4,10,1,0,0,0,10,273,0,0,0,\N,\N,\N,640,120,\N,\N
21,425,0,7,0,1,40,100,30,1,0,0,0,0,0,0,0,0,0,103,0,0,0,\N,\N,\N,636,100,\N,\N
21,426,0,4,6,2,65,85,10,0,0,0,0,0,0,0,0,0,0,73,0,0,0,\N,\N,\N,630,120,\N,\N
21,427,0,13,0,1,70,100,20,0,0,0,0,0,0,0,0,1,0,43,0,0,0,\N,\N,\N,648,140,\N,\N
21,428,0,13,0,1,80,90,15,0,0,0,0,0,0,0,0,0,20,31,0,0,0,\N,\N,\N,648,160,\N,\N
21,429,0,8,6,2,65,85,10,0,0,0,0,0,0,0,0,0,0,73,0,0,0,\N,\N,\N,638,120,\N,\N
21,430,1,8,6,2,80,100,10,0,0,0,0,0,0,0,0,0,0,72,0,0,0,\N,\N,\N,638,160,\N,\N
21,431,0,0,4,1,90,85,20,0,0,0,6,20,3,2,5,0,0,76,0,0,0,\N,\N,\N,622,175,\N,\N
21,432,0,2,13,0,0,101,15,0,0,0,0,0,0,0,0,0,0,258,0,0,0,\N,\N,\N,\N,0,16,\N
21,433,0,13,10,0,0,101,5,-7,0,0,0,0,0,0,0,0,0,259,0,0,10,\N,\N,\N,\N,0,16,\N
21,434,0,15,7,2,130,90,5,0,0,0,0,0,0,0,0,0,0,204,0,0,0,\N,\N,\N,652,195,\N,\N
21,435,0,12,4,2,80,100,15,0,0,0,1,30,1,0,0,0,0,6,0,0,4,\N,\N,\N,646,160,\N,\N
21,436,0,9,4,2,80,100,15,0,0,0,4,30,1,0,0,0,0,4,0,0,4,\N,\N,\N,640,160,\N,\N
21,437,0,11,7,2,130,90,5,0,0,0,0,0,0,0,0,0,0,204,0,0,0,\N,\N,\N,644,195,\N,\N
21,438,1,11,0,1,120,85,10,0,0,0,0,0,0,0,0,0,0,0,0,0,0,\N,\N,\N,644,190,\N,\N
21,439,0,5,0,1,150,90,5,0,0,0,0,0,0,0,0,0,0,80,0,0,0,\N,\N,\N,632,200,\N,\N
21,440,0,3,4,1,70,100,20,0,0,0,5,10,1,0,0,1,0,209,0,0,0,\N,\N,\N,628,140,\N,\N
21,441,0,3,4,1,120,80,5,0,0,0,5,30,1,0,0,0,0,2,0,0,0,\N,\N,\N,628,190,\N,\N
21,442,0,8,0,1,80,100,15,0,0,0,0,0,0,0,0,0,30,31,0,0,0,\N,\N,\N,638,160,\N,\N
21,443,0,8,0,1,60,101,20,0,0,0,0,0,0,0,0,0,0,17,0,0,0,\N,\N,\N,638,120,\N,\N
21,444,0,5,0,1,100,80,5,0,0,0,0,0,0,0,0,1,0,43,0,0,0,\N,\N,\N,632,180,\N,\N
21,445,0,0,2,0,0,100,20,0,0,0,0,0,0,0,0,0,0,265,0,0,5,\N,\N,\N,\N,0,11,\N
21,446,1,5,11,0,0,101,20,0,0,0,0,0,0,0,0,0,0,266,0,0,11,\N,\N,\N,\N,0,4,\N
21,447,0,11,0,2,1,100,20,0,0,0,0,0,0,0,0,0,0,196,0,0,0,\N,\N,\N,644,160,\N,\N
21,448,0,2,4,2,65,100,20,0,0,0,6,100,3,2,5,0,0,267,0,0,0,\N,\N,\N,626,120,\N,\N
21,449,0,0,0,2,100,100,10,0,0,0,0,0,0,0,0,0,0,268,0,0,0,\N,\N,\N,622,180,\N,\N
21,450,0,6,0,1,60,100,20,0,0,0,0,0,0,0,0,0,0,224,0,0,0,\N,\N,\N,634,120,\N,\N
21,451,0,12,7,2,50,90,10,0,0,0,0,0,0,0,0,0,0,276,0,0,0,\N,\N,\N,646,100,\N,\N
21,452,0,11,0,1,120,100,15,0,0,0,0,0,0,0,0,0,0,198,-33,0,0,\N,\N,\N,644,190,\N,\N
21,453,1,10,0,1,40,100,20,1,0,0,0,0,0,0,0,0,0,103,0,0,0,\N,\N,\N,642,100,\N,\N
21,454,0,6,0,1,90,100,15,0,0,0,0,0,0,0,0,1,0,43,0,0,0,\N,\N,\N,634,175,\N,\N
21,455,0,6,2,0,0,101,10,0,0,0,0,0,0,0,0,0,0,206,0,0,7,\N,\N,\N,\N,0,4,\N
21,456,0,6,3,0,0,101,10,0,0,0,0,0,0,0,0,0,0,32,0,50,7,\N,\N,\N,\N,0,26,\N
21,457,0,5,0,1,150,80,5,0,0,0,0,0,0,0,0,0,0,269,-50,0,0,\N,\N,\N,632,200,\N,\N
21,458,0,0,0,1,35,90,10,0,2,2,0,0,0,0,0,0,0,44,0,0,0,\N,\N,\N,622,140,\N,\N
21,459,0,15,0,2,150,90,5,0,0,0,0,0,0,0,0,0,0,80,0,0,0,\N,\N,\N,652,200,\N,\N
21,460,0,15,0,2,100,95,5,0,0,0,0,0,0,0,0,1,0,43,0,0,0,\N,\N,\N,652,180,\N,\N
21,461,0,13,13,0,0,101,10,0,0,0,0,0,0,0,0,0,0,270,0,0,7,\N,\N,\N,\N,0,\N,\N
21,462,0,0,0,1,1,100,5,0,0,0,0,0,0,0,0,0,0,237,0,0,0,\N,\N,\N,622,190,\N,\N
21,463,0,9,4,2,100,75,5,0,0,0,8,100,2,5,6,0,0,42,0,0,0,\N,\N,\N,640,180,\N,\N
21,464,0,16,1,0,0,50,10,0,0,0,2,0,3,2,4,0,0,1,0,0,5,\N,\N,\N,\N,0,26,\N
21,465,0,11,6,2,120,85,5,0,0,0,0,0,0,0,0,0,0,271,0,0,0,\N,\N,\N,644,190,\N,\N
21,466,0,7,7,2,60,100,5,0,0,0,0,10,0,0,0,0,0,140,0,0,0,\N,\N,\N,636,120,\N,\N
21,467,0,7,0,1,120,100,5,0,0,0,0,0,0,0,0,0,0,272,0,0,0,\N,\N,\N,636,190,\N,\N
21,468,0,16,2,0,0,101,15,0,0,0,0,0,0,0,0,0,0,277,0,0,7,\N,\N,\N,\N,0,1,\N
21,469,0,5,11,0,0,101,10,3,0,0,0,0,0,0,0,0,0,278,0,0,12,\N,\N,\N,\N,0,4,\N
21,470,0,13,13,0,0,101,10,0,0,0,0,0,0,0,0,0,0,279,0,0,0,\N,\N,\N,\N,0,13,\N
21,471,0,13,13,0,0,101,10,0,0,0,0,0,0,0,0,0,0,280,0,0,0,\N,\N,\N,\N,0,13,\N
21,472,0,13,10,0,0,101,10,0,0,0,0,0,0,0,0,0,0,281,0,0,10,\N,\N,\N,\N,0,1\N,\N
21,473,0,13,0,2,80,100,10,0,0,0,0,0,0,0,0,0,0,282,0,0,0,\N,\N,\N,648,160,\N,\N
21,474,0,3,0,2,65,100,10,0,0,0,0,0,0,0,0,0,0,283,0,0,0,\N,\N,\N,628,120,\N,\N
21,475,0,8,2,0,0,101,15,0,0,0,0,0,0,0,0,0,0,284,0,0,7,\N,\N,\N,\N,0,26,\N
21,476,0,6,13,0,0,101,20,2,0,0,0,0,0,0,0,0,0,172,0,0,7,\N,\N,\N,\N,0,26,\N
21,477,0,13,1,0,0,101,15,0,0,0,101,0,3,3,3,0,0,285,0,0,0,\N,\N,\N,\N,0,7,\N
21,478,0,13,10,0,0,101,10,0,0,0,0,0,0,0,0,0,0,286,0,0,10,\N,\N,\N,\N,0,1\N,\N
21,479,0,5,0,1,50,100,15,0,0,0,101,100,1,0,0,0,0,287,0,0,0,\N,\N,\N,632,100,\N,\N
21,480,0,1,0,1,60,100,10,0,0,0,0,0,0,0,0,6,0,288,0,0,0,\N,\N,\N,624,120,\N,\N
21,481,0,9,0,2,70,100,15,0,0,0,0,0,0,0,0,0,0,289,0,0,0,\N,\N,\N,640,140,\N,\N
21,482,0,3,4,2,95,100,10,0,0,0,5,10,1,0,0,0,0,2,0,0,4,\N,\N,\N,628,175,\N,\N
21,483,1,6,2,0,0,101,20,0,0,0,0,0,0,0,0,0,0,290,0,0,7,\N,\N,\N,\N,0,26,\N
21,484,0,8,0,1,1,100,10,0,0,0,0,0,0,0,0,0,0,291,0,0,0,\N,\N,\N,638,160,\N,\N
21,485,0,13,0,2,120,100,10,0,0,0,0,0,0,0,0,0,0,292,0,0,4,\N,\N,\N,648,190,\N,\N
21,486,0,12,0,2,1,100,10,0,0,0,0,0,0,0,0,0,0,293,0,0,0,\N,\N,\N,646,160,\N,\N
21,487,0,10,13,0,0,100,20,0,0,0,0,0,0,0,0,0,0,294,0,0,0,\N,\N,\N,\N,0,7,\N
21,488,0,9,7,1,50,100,20,0,0,0,0,0,0,0,0,0,0,295,0,0,0,\N,\N,\N,640,100,\N,\N
21,489,0,3,2,0,0,101,20,0,0,0,0,0,0,0,0,0,0,322,0,0,7,\N,\N,\N,\N,0,26,\N
21,490,0,1,6,1,65,100,20,0,0,0,0,0,0,0,0,0,0,20,0,0,0,\N,\N,\N,624,120,\N,\N
21,491,0,3,6,2,40,100,20,0,0,0,0,0,0,0,0,0,0,296,0,0,0,\N,\N,\N,628,100,\N,\N
21,492,1,16,0,1,95,100,15,0,0,0,0,0,0,0,0,0,0,297,0,0,0,\N,\N,\N,654,175,\N,\N
21,493,0,0,13,0,0,100,15,0,0,0,0,0,0,0,0,0,0,298,0,0,0,\N,\N,\N,\N,0,7,\N
21,494,0,0,13,0,0,100,15,0,0,0,0,0,0,0,0,0,0,299,0,0,0,\N,\N,\N,\N,0,1\N,\N
21,495,0,0,13,0,0,101,15,0,0,0,0,0,0,0,0,0,0,300,0,0,0,\N,\N,\N,\N,0,13,\N
21,496,0,0,0,2,60,100,15,0,0,0,0,0,0,0,0,0,0,301,0,0,0,\N,\N,\N,622,120,\N,\N
21,497,0,0,0,2,40,100,15,0,0,0,0,0,0,0,0,0,0,302,0,0,0,\N,\N,\N,622,100,\N,\N
21,498,0,0,0,1,70,100,20,0,0,0,0,0,0,0,0,0,0,303,0,0,0,\N,\N,\N,622,140,\N,\N
21,499,1,3,0,2,50,101,15,0,0,0,0,0,0,0,0,0,0,304,0,0,0,\N,\N,\N,628,100,\N,\N
21,500,0,13,0,2,20,100,10,0,0,0,0,0,0,0,0,0,0,305,0,0,0,\N,\N,\N,648,160,\N,\N
21,501,0,1,11,0,0,101,15,3,0,0,0,0,0,0,0,0,0,306,0,0,12,\N,\N,\N,\N,0,4,\N
21,502,0,13,13,0,0,101,15,2,0,0,0,0,0,0,0,0,0,307,0,0,7,\N,\N,\N,\N,0,14,\N
21,503,1,10,4,2,80,100,15,0,0,0,4,30,1,0,0,0,0,4,0,0,0,\N,\N,\N,642,160,\N,\N
21,504,1,0,13,0,0,101,15,0,0,0,0,0,0,0,0,0,0,308,0,0,7,\N,\N,\N,\N,0,26,\N
21,505,0,13,3,0,0,101,10,0,0,0,0,0,0,0,0,0,0,309,0,50,0,\N,\N,\N,\N,0,26,\N
21,506,0,7,0,2,65,100,10,0,0,0,0,0,0,0,0,0,0,310,0,0,0,\N,\N,\N,636,160,\N,\N
21,507,0,2,0,1,60,100,10,0,0,0,0,0,0,0,0,0,0,311,0,0,0,\N,\N,\N,626,120,\N,\N
21,508,0,8,2,0,0,101,10,0,0,0,0,0,0,0,0,0,0,312,0,0,7,\N,\N,\N,\N,0,26,\N
21,509,0,1,0,1,60,90,10,-6,0,0,0,0,0,0,0,0,0,313,0,0,0,\N,\N,\N,624,120,\N,\N
21,510,0,9,0,2,60,100,15,0,0,0,0,0,0,0,0,0,0,314,0,0,5,\N,\N,\N,640,120,\N,\N
21,511,0,16,13,0,0,100,15,0,0,0,0,0,0,0,0,0,0,315,0,0,0,\N,\N,\N,\N,0,13,\N
21,512,0,2,0,1,55,100,15,0,0,0,0,0,0,0,0,0,0,317,0,0,0,\N,\N,\N,626,100,\N,\N
21,513,0,0,13,0,0,101,15,0,0,0,0,0,0,0,0,0,0,318,0,0,0,\N,\N,\N,\N,0,7,\N
21,514,0,0,0,1,70,100,5,0,0,0,0,0,0,0,0,0,0,319,0,0,0,\N,\N,\N,622,140,\N,\N
21,515,0,1,0,2,1,100,5,0,0,0,0,0,0,0,0,0,0,320,0,0,0,\N,\N,\N,624,180,\N,\N
21,516,0,0,13,0,0,101,15,0,0,0,0,0,0,0,0,0,0,323,0,0,0,\N,\N,\N,\N,0,14,\N
21,517,0,9,4,2,100,50,5,0,0,0,4,100,1,0,0,0,0,4,0,0,0,\N,\N,\N,640,180,\N,\N
21,518,0,10,0,2,80,100,10,0,0,0,0,0,0,0,0,0,0,324,0,0,0,\N,\N,\N,642,160,\N,\N
21,519,0,9,0,2,80,100,10,0,0,0,0,0,0,0,0,0,0,325,0,0,0,\N,\N,\N,640,160,\N,\N
21,520,0,11,0,2,80,100,10,0,0,0,0,0,0,0,0,0,0,326,0,0,0,\N,\N,\N,644,160,\N,\N
21,521,0,12,0,2,70,100,20,0,0,0,0,0,0,0,0,0,0,228,0,0,0,\N,\N,\N,646,140,\N,\N
21,522,0,6,6,2,50,100,20,0,0,0,0,0,0,0,0,0,0,71,0,0,5,\N,\N,\N,634,100,\N,\N
21,523,0,4,6,1,60,100,20,0,0,0,0,0,0,0,0,0,0,70,0,0,4,\N,\N,\N,630,120,\N,\N
21,524,0,14,0,2,60,90,10,0,0,0,0,100,0,0,0,6,0,288,0,0,0,\N,\N,\N,650,120,\N,\N
21,525,1,15,0,1,60,90,10,-6,0,0,0,0,0,0,0,0,0,313,0,0,0,\N,\N,\N,652,120,\N,\N
21,526,0,0,2,0,0,101,30,0,0,0,0,0,0,0,0,0,0,327,0,0,7,\N,\N,\N,\N,0,1,\N
21,527,0,12,6,2,55,95,15,0,0,0,0,0,0,0,0,0,0,20,0,0,5,\N,\N,\N,646,100,\N,\N
21,528,0,12,0,1,90,100,15,0,0,0,0,0,0,0,0,0,0,48,-25,0,0,\N,\N,\N,646,175,\N,\N
21,529,1,4,0,1,80,95,10,0,0,0,0,0,0,0,0,1,0,43,0,0,0,\N,\N,\N,630,160,\N,\N
21,530,0,15,0,1,40,90,15,0,2,2,0,0,0,0,0,0,0,44,0,0,0,\N,\N,\N,652,100,\N,\N
21,531,0,13,0,1,60,100,25,0,0,0,0,0,0,0,0,0,30,31,0,0,0,\N,\N,\N,648,120,\N,\N
21,532,0,11,8,1,75,100,10,0,0,0,0,0,0,0,0,0,0,3,50,0,0,\N,\N,\N,644,140,\N,\N
21,533,0,1,0,1,90,100,15,0,0,0,0,0,0,0,0,0,0,303,0,0,0,\N,\N,\N,624,175,\N,\N
21,534,0,10,6,1,75,95,10,0,0,0,0,0,0,0,0,0,0,69,0,0,0,\N,\N,\N,642,140,\N,\N
21,535,0,9,0,1,1,100,10,0,0,0,0,0,0,0,0,0,0,291,0,0,0,\N,\N,\N,640,160,\N,\N
21,536,0,11,6,2,65,90,10,0,0,0,0,0,0,0,0,0,0,73,0,0,0,\N,\N,\N,644,120,\N,\N
21,537,0,6,0,1,65,100,20,0,0,0,0,0,0,0,0,0,30,150,0,0,0,\N,\N,\N,634,120,\N,\N
21,538,0,11,2,0,0,101,10,0,0,0,0,0,0,0,0,0,0,328,0,0,7,\N,\N,\N,\N,0,26,\N
21,539,0,16,6,2,85,95,10,0,0,0,0,0,0,0,0,0,0,73,0,0,0,\N,\N,\N,654,160,\N,\N
21,540,0,13,0,2,100,100,10,0,0,0,0,0,0,0,0,0,0,282,0,0,0,\N,\N,\N,648,180,\N,\N
21,541,0,0,0,1,25,85,10,0,2,5,0,0,0,0,0,0,0,29,0,0,0,\N,\N,\N,622,140,\N,\N
21,542,0,2,4,2,110,70,10,0,0,0,6,30,3,2,5,0,0,333,0,0,0,\N,\N,\N,626,185,\N,\N
21,543,0,0,0,1,120,100,15,0,0,0,0,0,0,0,0,0,0,48,-25,0,0,\N,\N,\N,622,190,\N,\N
21,544,0,8,0,1,50,85,15,0,2,2,0,0,0,0,0,0,0,44,0,0,0,\N,\N,\N,638,180,\N,\N
21,545,0,9,4,2,100,100,5,0,0,0,4,30,1,0,0,0,0,4,0,0,4,\N,\N,\N,640,180,\N,\N
21,546,0,0,0,2,120,100,5,0,0,0,0,0,0,0,0,0,0,268,0,0,0,\N,\N,\N,622,190,\N,\N
21,547,0,0,4,2,75,100,10,0,0,0,2,10,3,2,4,0,0,329,0,0,5,\N,\N,\N,622,140,\N,\N
21,548,0,1,0,2,85,100,10,0,0,0,0,0,0,0,0,0,0,282,0,0,0,\N,\N,\N,624,160,\N,\N
21,549,0,14,6,2,65,95,10,0,0,0,0,0,0,0,0,0,0,330,0,0,5,\N,\N,\N,650,120,\N,\N
21,550,0,12,4,1,130,85,5,0,0,0,1,20,1,0,0,0,0,6,0,0,0,\N,\N,\N,646,195,\N,\N
21,551,0,9,4,2,130,85,5,0,0,0,4,20,1,0,0,0,0,4,0,0,0,\N,\N,\N,640,195,\N,\N
21,552,0,9,7,2,80,100,10,0,0,0,0,0,0,0,0,0,0,276,0,0,0,\N,\N,\N,640,160,\N,\N
21,553,0,14,4,1,140,90,5,0,0,0,1,30,1,0,0,0,0,331,0,0,0,\N,\N,\N,650,200,\N,\N
21,554,0,14,4,2,140,90,5,0,0,0,4,30,1,0,0,0,0,332,0,0,0,\N,\N,\N,650,200,\N,\N
21,555,0,16,6,2,55,95,15,0,0,0,0,0,0,0,0,0,0,71,0,0,5,\N,\N,\N,654,100,\N,\N
21,556,0,14,0,1,85,90,10,0,0,0,0,0,0,0,0,0,30,31,0,0,0,\N,\N,\N,650,160,\N,\N
21,557,0,9,7,1,180,95,5,0,0,0,0,0,0,0,0,0,0,334,0,0,0,\N,\N,\N,640,220,\N,\N
21,558,0,9,0,2,100,100,5,0,0,0,0,0,0,0,0,0,0,335,0,0,0,\N,\N,\N,640,180,\N,\N
21,559,0,12,0,1,100,100,5,0,0,0,0,0,0,0,0,0,0,336,0,0,0,\N,\N,\N,646,180,\N,\N
21,560,0,1,0,1,100,95,10,0,0,0,0,0,0,0,0,0,0,337,0,0,0,\N,\N,\N,624,170,\N,\N
21,561,0,1,11,0,0,101,10,0,0,0,0,0,0,0,0,0,0,376,0,0,12,\N,\N,\N,\N,0,4,\N
21,562,0,3,0,2,120,90,10,0,0,0,0,0,0,0,0,0,0,338,0,0,0,\N,\N,\N,628,190,\N,\N
21,563,0,4,2,0,0,101,10,0,0,0,0,0,0,0,0,0,0,339,0,0,8,\N,\N,\N,\N,0,1,\N
21,564,0,6,11,0,0,101,20,0,0,0,0,0,0,0,0,0,0,340,0,0,11,\N,\N,\N,\N,0,13,\N
21,565,0,6,0,1,50,100,25,0,0,0,0,0,0,0,0,0,0,341,0,0,0,\N,\N,\N,634,100,\N,\N
21,566,0,7,0,1,90,100,10,0,0,0,0,0,0,0,0,0,0,272,0,0,0,\N,\N,\N,636,175,\N,\N
21,567,0,7,13,0,0,100,20,0,0,0,0,0,0,0,0,0,0,342,0,0,0,\N,\N,\N,\N,0,22,\N
21,568,0,0,2,0,0,100,30,0,0,0,0,0,0,0,0,0,0,343,0,0,0,\N,\N,\N,\N,0,4,\N
21,569,0,12,10,0,0,101,25,1,0,0,0,0,0,0,0,0,0,344,0,0,10,\N,\N,\N,\N,0,7,\N
21,570,0,12,8,2,65,100,20,0,0,0,0,0,0,0,0,0,0,345,50,0,4,\N,\N,\N,646,120,\N,\N
21,571,0,11,13,0,0,100,20,0,0,0,0,0,0,0,0,0,0,375,0,0,0,\N,\N,\N,\N,0,22,\N
21,572,0,11,0,1,90,100,15,0,0,0,0,0,0,0,0,0,0,378,0,0,4,\N,\N,\N,644,175,\N,\N
21,573,0,14,4,2,70,100,20,0,0,0,3,10,1,0,0,0,0,379,0,0,0,\N,\N,\N,650,140,\N,\N
21,574,0,17,0,2,40,101,15,0,0,0,0,0,0,0,0,0,0,380,0,0,5,\N,\N,\N,656,100,\N,\N
21,575,0,16,2,0,0,100,20,0,0,0,0,0,0,0,0,0,0,346,0,0,0,\N,\N,\N,\N,0,28,\N
21,576,0,16,13,0,0,101,20,0,0,0,0,0,0,0,0,0,0,347,0,0,0,\N,\N,\N,\N,0,1,\N
21,577,0,17,8,2,50,100,10,0,0,0,0,0,0,0,0,0,0,348,75,0,0,\N,\N,\N,656,100,\N,\N
21,578,0,17,11,0,0,101,10,3,0,0,0,0,0,0,0,0,0,349,0,0,12,\N,\N,\N,\N,0,1\N,\N
21,579,0,17,13,0,0,101,10,0,0,0,0,0,0,0,0,0,0,350,0,0,8,\N,\N,\N,\N,0,4,\N
21,580,0,11,10,0,0,101,10,0,0,0,0,0,0,0,0,0,0,351,0,0,10,\N,\N,\N,\N,0,4,\N
21,581,0,17,10,0,0,101,10,0,0,0,0,0,0,0,0,0,0,352,0,0,10,\N,\N,\N,\N,0,1\N,\N
21,582,0,12,13,0,0,101,20,0,0,0,0,0,0,0,0,0,0,353,0,0,0,\N,\N,\N,\N,0,7,\N
21,583,1,17,6,1,90,90,10,0,0,0,0,0,0,0,0,0,0,68,0,0,0,\N,\N,\N,656,175,\N,\N
21,584,0,17,0,2,40,100,30,0,0,0,0,0,0,0,0,0,0,0,0,0,0,\N,\N,\N,656,100,\N,\N
21,585,1,17,6,2,95,100,15,0,0,0,0,0,0,0,0,0,0,71,0,0,0,\N,\N,\N,656,175,\N,\N
21,586,0,0,0,2,140,100,10,0,0,0,0,0,0,0,0,0,0,378,0,0,4,\N,\N,\N,622,200,\N,\N
21,587,0,17,10,0,0,101,10,0,0,0,0,0,0,0,0,0,0,354,0,0,10,\N,\N,\N,\N,0,4,\N
21,588,0,8,13,0,0,101,10,4,0,0,0,0,0,0,0,0,0,355,0,0,7,\N,\N,\N,\N,0,26,\N
21,589,0,0,2,0,0,101,20,0,0,0,0,0,0,0,0,0,0,356,0,0,0,\N,\N,\N,\N,0,4,\N
21,590,0,0,2,0,0,101,20,0,0,0,0,0,0,0,0,0,0,357,0,0,0,\N,\N,\N,\N,0,1\N,\N
21,591,0,5,7,1,100,95,5,0,0,0,0,0,0,0,0,0,0,358,0,0,5,\N,\N,\N,632,180,\N,\N
21,592,0,10,4,2,110,95,5,0,0,0,4,30,1,0,0,0,0,4,0,0,0,\N,\N,\N,642,185,\N,\N
21,593,0,13,0,2,80,101,5,0,0,0,0,0,0,0,0,0,0,359,0,0,0,\N,\N,\N,648,160,\N,\N
21,594,0,10,0,2,15,100,20,1,2,5,0,0,0,0,0,0,0,360,0,0,0,\N,\N,\N,642,100,\N,\N
21,595,0,9,6,2,75,100,10,0,0,0,0,0,0,0,0,0,0,71,0,0,0,\N,\N,\N,640,140,\N,\N
21,596,0,11,13,0,0,101,10,4,0,0,0,0,0,0,0,0,0,361,0,0,7,\N,\N,\N,\N,0,4,\N
21,597,0,17,2,0,0,101,20,0,0,0,0,0,0,0,0,0,0,362,0,0,2,\N,\N,\N,\N,0,11,\N
21,598,0,12,2,0,0,100,15,0,0,0,0,0,0,0,0,0,0,61,0,0,0,\N,\N,\N,\N,0,1\N,\N
21,599,0,3,2,0,0,100,20,0,0,0,0,0,0,0,0,0,0,363,0,0,5,\N,\N,\N,\N,0,4,\N
21,600,0,6,13,0,0,100,20,1,0,0,0,0,0,0,0,0,0,377,0,0,0,\N,\N,\N,\N,0,11,\N
21,601,0,17,2,0,0,101,10,0,0,0,0,0,0,0,0,0,0,365,0,0,7,\N,\N,\N,\N,0,22,\N
21,602,0,12,2,0,0,101,20,0,0,0,0,0,0,0,0,0,0,366,0,0,6,\N,\N,\N,\N,0,1\N,\N
21,603,0,0,13,0,0,101,30,0,0,0,0,0,0,0,0,0,0,367,0,0,12,\N,\N,\N,\N,0,22,\N
21,604,0,12,10,0,0,101,10,0,0,0,0,0,0,0,0,0,0,368,0,0,10,\N,\N,\N,\N,0,13,\N
21,605,1,17,0,2,80,100,10,0,0,0,0,0,0,0,0,0,0,0,0,0,5,\N,\N,\N,656,160,\N,\N
21,606,1,0,13,0,0,101,40,0,0,0,0,0,0,0,0,0,0,369,0,0,7,\N,\N,\N,\N,0,22,\N
21,607,0,0,13,0,0,101,40,0,0,0,0,0,0,0,0,0,0,370,0,0,2,\N,\N,\N,\N,0,22,\N
21,608,0,17,2,0,0,100,30,1,0,0,0,0,0,0,0,0,0,364,0,0,0,\N,\N,\N,\N,0,4,\N
21,609,0,12,4,1,20,100,20,0,0,0,1,100,1,0,0,0,0,371,0,0,0,\N,\N,\N,646,100,\N,\N
21,610,0,0,0,1,40,100,40,0,0,0,0,0,0,0,0,0,0,101,0,0,0,\N,\N,\N,622,100,\N,\N
21,611,0,6,4,2,20,100,20,0,0,0,8,100,2,5,6,0,0,42,0,0,0,\N,\N,\N,634,100,\N,\N
21,612,0,1,7,1,40,100,20,0,0,0,0,0,0,0,0,0,0,374,0,0,0,\N,\N,\N,624,100,\N,\N
21,613,0,2,8,2,80,100,10,0,0,0,0,0,0,0,0,0,0,348,75,0,0,\N,\N,\N,626,160,\N,\N
21,614,0,4,0,1,90,100,10,0,0,0,101,100,1,0,0,0,0,372,0,0,5,\N,\N,\N,630,180,\N,\N
21,615,0,4,0,1,90,100,10,0,0,0,0,0,0,0,0,0,0,373,0,0,5,\N,\N,\N,630,175,\N,\N
21,616,0,4,0,1,90,100,10,0,0,0,0,0,0,0,0,0,0,0,0,0,5,\N,\N,\N,630,185,\N,\N
21,617,0,17,0,2,140,90,5,0,0,0,0,0,0,0,0,0,0,269,-50,0,0,\N,\N,\N,656,200,\N,\N
21,618,0,10,0,2,110,85,10,0,0,0,0,0,0,0,0,0,0,0,0,0,5,\N,\N,\N,642,185,\N,\N
21,619,0,4,0,1,120,85,10,0,0,0,0,0,0,0,0,0,0,0,0,0,5,\N,\N,\N,630,190,\N,\N
21,620,0,2,7,1,120,100,5,0,0,0,0,0,0,0,0,0,0,229,0,0,0,\N,\N,\N,626,190,\N,\N
21,621,0,16,7,1,100,101,5,0,0,0,0,0,0,0,0,0,0,359,0,0,0,\N,\N,\N,654,180,\N,\N
21,622,0,0,0,1,1,101,1,0,0,0,0,0,0,0,0,0,0,0,0,0,0,\N,\N,\N,\N,0,\N,\N
21,623,0,0,0,2,1,101,1,0,0,0,0,0,0,0,0,0,0,0,0,0,0,\N,\N,\N,\N,0,\N,\N
21,624,0,1,0,1,1,101,1,0,0,0,0,0,0,0,0,0,0,0,0,0,0,\N,\N,\N,\N,0,\N,\N
21,625,0,1,0,2,1,101,1,0,0,0,0,0,0,0,0,0,0,0,0,0,0,\N,\N,\N,\N,0,\N,\N
21,626,0,2,0,1,1,101,1,0,0,0,0,0,0,0,0,0,0,0,0,0,0,\N,\N,\N,\N,0,\N,\N
21,627,0,2,0,2,1,101,1,0,0,0,0,0,0,0,0,0,0,0,0,0,0,\N,\N,\N,\N,0,\N,\N
21,628,0,3,0,1,1,101,1,0,0,0,0,0,0,0,0,0,0,0,0,0,0,\N,\N,\N,\N,0,\N,\N
21,629,0,3,0,2,1,101,1,0,0,0,0,0,0,0,0,0,0,0,0,0,0,\N,\N,\N,\N,0,\N,\N
21,630,0,4,0,1,1,101,1,0,0,0,0,0,0,0,0,0,0,0,0,0,0,\N,\N,\N,\N,0,\N,\N
21,631,0,4,0,2,1,101,1,0,0,0,0,0,0,0,0,0,0,0,0,0,0,\N,\N,\N,\N,0,\N,\N
21,632,0,5,0,1,1,101,1,0,0,0,0,0,0,0,0,0,0,0,0,0,0,\N,\N,\N,\N,0,\N,\N
21,633,0,5,0,2,1,101,1,0,0,0,0,0,0,0,0,0,0,0,0,0,0,\N,\N,\N,\N,0,\N,\N
21,634,0,6,0,1,1,101,1,0,0,0,0,0,0,0,0,0,0,0,0,0,0,\N,\N,\N,\N,0,\N,\N
21,635,0,6,0,2,1,101,1,0,0,0,0,0,0,0,0,0,0,0,0,0,0,\N,\N,\N,\N,0,\N,\N
21,636,0,7,0,1,1,101,1,0,0,0,0,0,0,0,0,0,0,0,0,0,0,\N,\N,\N,\N,0,\N,\N
21,637,0,7,0,2,1,101,1,0,0,0,0,0,0,0,0,0,0,0,0,0,0,\N,\N,\N,\N,0,\N,\N
21,638,0,8,0,1,1,101,1,0,0,0,0,0,0,0,0,0,0,0,0,0,0,\N,\N,\N,\N,0,\N,\N
21,639,0,8,0,2,1,101,1,0,0,0,0,0,0,0,0,0,0,0,0,0,0,\N,\N,\N,\N,0,\N,\N
21,640,0,9,0,1,1,101,1,0,0,0,0,0,0,0,0,0,0,0,0,0,0,\N,\N,\N,\N,0,\N,\N
21,641,0,9,0,2,1,101,1,0,0,0,0,0,0,0,0,0,0,0,0,0,0,\N,\N,\N,\N,0,\N,\N
21,642,0,10,0,1,1,101,1,0,0,0,0,0,0,0,0,0,0,0,0,0,0,\N,\N,\N,\N,0,\N,\N
21,643,0,10,0,2,1,101,1,0,0,0,0,0,0,0,0,0,0,0,0,0,0,\N,\N,\N,\N,0,\N,\N
21,644,0,11,0,1,1,101,1,0,0,0,0,0,0,0,0,0,0,0,0,0,0,\N,\N,\N,\N,0,\N,\N
21,645,0,11,0,2,1,101,1,0,0,0,0,0,0,0,0,0,0,0,0,0,0,\N,\N,\N,\N,0,\N,\N
21,646,0,12,0,1,1,101,1,0,0,0,0,0,0,0,0,0,0,0,0,0,0,\N,\N,\N,\N,0,\N,\N
21,647,0,12,0,2,1,101,1,0,0,0,0,0,0,0,0,0,0,0,0,0,0,\N,\N,\N,\N,0,\N,\N
21,648,0,13,0,1,1,101,1,0,0,0,0,0,0,0,0,0,0,0,0,0,0,\N,\N,\N,\N,0,\N,\N
21,649,0,13,0,2,1,101,1,0,0,0,0,0,0,0,0,0,0,0,0,0,0,\N,\N,\N,\N,0,\N,\N
21,650,0,14,0,1,1,101,1,0,0,0,0,0,0,0,0,0,0,0,0,0,0,\N,\N,\N,\N,0,\N,\N
21,651,0,14,0,2,1,101,1,0,0,0,0,0,0,0,0,0,0,0,0,0,0,\N,\N,\N,\N,0,\N,\N
21,652,0,15,0,1,1,101,1,0,0,0,0,0,0,0,0,0,0,0,0,0,0,\N,\N,\N,\N,0,\N,\N
21,653,0,15,0,2,1,101,1,0,0,0,0,0,0,0,0,0,0,0,0,0,0,\N,\N,\N,\N,0,\N,\N
21,654,0,16,0,1,1,101,1,0,0,0,0,0,0,0,0,0,0,0,0,0,0,\N,\N,\N,\N,0,\N,\N
21,655,0,16,0,2,1,101,1,0,0,0,0,0,0,0,0,0,0,0,0,0,0,\N,\N,\N,\N,0,\N,\N
21,656,0,17,0,1,1,101,1,0,0,0,0,0,0,0,0,0,0,0,0,0,0,\N,\N,\N,\N,0,\N,\N
21,657,0,17,0,2,1,101,1,0,0,0,0,0,0,0,0,0,0,0,0,0,0,\N,\N,\N,\N,0,\N,\N
21,658,0,12,0,1,210,101,1,0,0,0,0,0,0,0,0,0,0,0,0,0,0,\N,\N,\N,\N,0,\N,\N
21,659,0,4,3,0,0,101,10,0,0,0,0,0,0,0,0,0,0,381,0,50,7,\N,\N,\N,\N,0,26,\N
21,660,0,6,0,1,90,100,10,2,0,0,0,0,0,0,0,0,0,382,0,0,0,\N,\N,\N,634,175,\N,\N
21,661,0,3,13,0,0,101,10,4,0,0,0,0,0,0,0,0,0,383,0,0,7,\N,\N,\N,\N,0,4,\N
21,662,0,7,0,1,80,100,10,0,0,0,0,0,0,0,0,0,0,384,0,0,0,\N,\N,\N,636,160,\N,\N
21,663,0,16,0,1,85,100,10,0,0,0,0,0,0,0,0,0,0,303,0,0,0,\N,\N,\N,654,160,\N,\N
21,664,0,10,0,2,90,100,10,0,0,0,0,0,0,0,0,0,0,385,0,0,4,\N,\N,\N,642,175,\N,\N
21,665,0,14,7,1,100,90,10,0,0,0,0,0,0,0,0,0,0,218,0,0,0,\N,\N,\N,650,180,\N,\N
21,666,0,17,3,0,0,101,10,0,0,0,0,0,0,0,0,0,0,386,0,50,0,\N,\N,\N,\N,0,26,\N
21,667,0,4,0,1,95,95,10,0,0,0,0,0,0,0,0,0,0,0,0,0,0,\N,\N,\N,630,175,\N,\N
21,668,0,11,13,0,0,100,10,0,0,0,0,0,0,0,0,0,0,387,0,0,0,\N,\N,\N,\N,0,4,\N
21,669,0,11,0,1,125,100,10,0,0,0,0,0,0,0,0,0,0,151,0,0,0,\N,\N,\N,644,190,\N,\N
21,670,0,11,0,1,40,100,40,0,0,0,0,0,0,0,0,0,0,0,0,0,0,\N,\N,\N,644,100,\N,\N
21,671,0,0,13,0,0,101,15,3,0,0,0,0,0,0,0,0,0,388,0,0,0,\N,\N,\N,\N,0,1\N,\N
21,672,0,3,5,0,0,100,20,0,0,0,5,100,1,0,0,0,0,389,0,0,0,\N,\N,\N,\N,0,13,\N
21,673,0,0,13,0,0,101,30,0,0,0,0,0,0,0,0,0,0,390,0,0,7,\N,\N,\N,\N,0,1,\N
21,674,0,8,2,0,0,101,20,0,0,0,0,0,0,0,0,0,0,391,0,0,6,\N,\N,\N,\N,0,7,\N
21,675,0,16,4,1,80,100,15,0,0,0,24,100,3,2,2,0,0,392,0,0,0,\N,\N,\N,654,160,\N,\N
21,676,0,6,0,2,90,100,15,0,0,0,0,0,0,0,0,0,0,393,0,0,0,\N,\N,\N,634,175,\N,\N
21,677,0,8,0,1,80,100,20,0,0,0,0,0,0,0,0,0,0,384,0,0,0,\N,\N,\N,638,160,\N,\N
21,678,0,13,10,0,0,101,10,0,0,0,0,0,0,0,0,0,0,394,0,0,10,\N,\N,\N,\N,0,7,\N
21,679,0,6,6,1,80,100,15,0,0,0,0,0,0,0,0,0,0,395,0,0,0,\N,\N,\N,634,160,\N,\N
21,680,0,9,6,1,80,100,15,0,0,0,0,0,0,0,0,0,0,396,0,0,0,\N,\N,\N,640,160,\N,\N
21,681,0,16,0,1,20,100,10,0,0,0,0,0,0,0,0,0,0,305,0,0,0,\N,\N,\N,654,160,\N,\N
21,682,0,9,0,2,130,100,5,0,0,0,0,0,0,0,0,0,0,397,0,0,0,\N,\N,\N,640,195,\N,\N
21,683,0,13,13,0,0,101,10,0,0,0,0,0,0,0,0,0,0,398,0,0,0,\N,\N,\N,\N,0,13,\N
21,684,0,8,0,1,70,101,10,0,0,0,0,0,0,0,0,0,0,17,0,0,0,\N,\N,\N,638,140,\N,\N
21,685,0,3,13,0,0,101,20,0,0,0,0,0,0,0,0,0,0,399,0,50,0,\N,\N,\N,\N,0,22,\N
21,686,0,0,0,2,90,100,15,0,0,0,0,0,0,0,0,0,0,400,0,0,0,\N,\N,\N,622,175,\N,\N
21,687,0,15,0,2,100,100,10,0,0,0,0,0,0,0,0,0,0,401,0,0,5,\N,\N,\N,652,140,\N,\N
21,688,0,11,6,1,70,100,15,0,0,0,0,0,0,0,0,0,0,395,0,0,0,\N,\N,\N,644,140,\N,\N
21,689,0,13,13,0,0,101,15,0,0,0,0,0,0,0,0,0,0,402,0,0,0,\N,\N,\N,\N,0,7,\N
21,690,0,2,0,1,100,100,15,-3,0,0,0,0,0,0,0,0,0,403,0,0,0,\N,\N,\N,626,180,\N,\N
21,691,0,15,7,2,110,100,5,0,0,0,0,0,0,0,0,0,0,404,0,0,5,\N,\N,\N,652,185,\N,\N
21,692,0,15,0,1,90,100,15,0,0,0,0,0,0,0,0,0,0,0,0,0,0,\N,\N,\N,652,175,\N,\N
21,693,0,16,0,1,60,100,20,0,0,0,0,0,0,0,0,0,0,405,0,0,4,\N,\N,\N,654,120,\N,\N
21,694,0,14,11,0,0,101,20,0,0,0,0,0,0,0,0,0,0,406,0,0,12,\N,\N,\N,\N,0,13,\N
21,695,0,7,0,1,180,101,1,0,0,0,0,0,0,0,0,0,0,0,0,0,0,\N,\N,\N,\N,0,\N,\N
21,696,0,16,0,1,180,101,1,0,0,0,0,0,0,0,0,0,0,0,0,0,0,\N,\N,\N,\N,0,\N,\N
21,697,0,10,0,2,195,101,1,0,0,0,0,0,0,0,0,0,0,0,0,0,0,\N,\N,\N,\N,0,\N,\N
21,698,0,17,0,2,1,101,1,0,0,0,0,0,0,0,0,0,0,412,0,0,0,\N,\N,\N,\N,0,\N,\N
21,699,0,7,0,1,195,101,1,0,0,0,0,0,0,0,0,0,0,0,0,0,0,\N,\N,\N,\N,0,\N,\N
21,700,0,12,4,2,175,101,1,0,0,0,1,100,1,0,0,0,0,6,0,0,0,\N,\N,\N,\N,0,\N,\N
21,701,0,0,0,1,210,101,1,0,0,0,0,0,0,0,0,0,0,0,0,0,0,\N,\N,\N,\N,0,\N,\N
21,702,0,0,2,0,0,101,1,0,0,0,0,0,0,0,0,0,0,413,0,0,7,\N,\N,\N,\N,0,\N,\N
21,703,0,13,0,2,185,101,1,0,0,0,0,0,0,0,0,0,0,414,0,0,0,\N,\N,\N,\N,0,\N,\N
21,704,0,9,0,2,150,100,5,-3,0,0,0,0,0,0,0,0,0,407,0,0,5,\N,\N,\N,640,200,\N,\N
21,705,0,17,7,2,130,90,5,0,0,0,0,0,0,0,0,0,0,204,0,0,0,\N,\N,\N,656,195,\N,\N
21,706,0,13,0,1,85,100,10,0,0,0,0,0,0,0,0,0,0,186,0,0,0,\N,\N,\N,648,160,\N,\N
21,707,0,4,0,1,75,100,10,0,0,0,0,0,0,0,0,0,0,408,0,0,0,\N,\N,\N,630,140,\N,\N
21,708,0,7,6,1,85,100,10,0,0,0,0,0,0,0,0,0,0,69,0,0,0,\N,\N,\N,636,160,\N,\N
21,709,0,5,0,1,40,100,20,1,0,0,0,0,0,0,0,0,0,103,0,0,0,\N,\N,\N,632,100,\N,\N
21,710,0,10,6,1,85,100,10,0,0,0,0,0,0,0,0,0,0,69,0,0,0,\N,\N,\N,642,160,\N,\N
21,711,0,13,0,2,160,100,10,0,0,0,0,0,0,0,0,0,0,80,0,0,0,\N,\N,\N,648,200,\N,\N
21,712,0,7,0,1,90,100,10,0,0,0,0,0,0,0,0,0,0,409,0,0,0,\N,\N,\N,636,175,\N,\N
21,713,0,8,0,1,100,100,5,0,0,0,0,0,0,0,0,0,0,410,0,0,0,\N,\N,\N,638,180,\N,\N
21,714,0,7,0,2,100,100,5,0,0,0,0,0,0,0,0,0,0,410,0,0,0,\N,\N,\N,636,180,\N,\N
21,715,0,0,2,0,0,101,20,0,0,0,0,0,0,0,0,0,0,411,0,0,0,\N,\N,\N,\N,0,4,\N
21,716,0,12,0,1,80,100,10,0,0,0,0,0,0,0,0,0,30,31,0,0,0,\N,\N,\N,646,160,\N,\N
21,717,0,17,0,2,1,90,10,0,0,0,0,0,0,0,0,0,0,40,0,0,0,\N,\N,\N,656,100,\N,\N
21,718,0,0,0,1,90,100,10,0,0,0,0,0,0,0,0,0,0,268,0,0,0,\N,\N,\N,622,185,\N,\N
21,719,0,12,0,2,195,101,1,0,0,0,0,0,0,0,0,2,0,0,0,0,0,\N,\N,\N,\N,0,\N,\N
21,720,0,9,0,2,150,100,5,0,0,0,0,0,0,0,0,0,0,419,0,0,4,\N,\N,\N,640,200,\N,\N
21,721,0,12,0,1,100,100,15,0,0,0,0,0,0,0,0,0,0,0,0,0,0,\N,\N,\N,646,180,\N,\N
21,722,0,13,0,2,100,100,5,0,0,0,0,0,0,0,0,0,0,0,0,0,0,\N,\N,\N,648,180,\N,\N
21,723,0,13,0,2,200,101,1,0,0,0,0,0,0,0,0,0,0,415,0,0,0,\N,\N,\N,\N,0,\N,\N
21,724,0,8,0,1,200,101,1,0,0,0,0,0,0,0,0,0,0,410,0,0,0,\N,\N,\N,\N,0,\N,\N
21,725,0,7,0,2,200,101,1,0,0,0,0,0,0,0,0,0,0,410,0,0,0,\N,\N,\N,\N,0,\N,\N
21,726,0,17,0,1,190,101,1,0,0,0,0,0,0,0,0,0,0,416,0,0,0,\N,\N,\N,\N,0,\N,\N
21,727,0,5,0,1,190,101,1,0,0,0,0,0,0,0,0,0,0,417,0,0,0,\N,\N,\N,\N,0,\N,\N
21,728,0,15,7,2,185,101,1,0,0,0,0,0,0,0,0,0,0,418,0,0,5,\N,\N,\N,\N,0,\N,\N
21,729,1,12,0,1,50,100,15,2,0,0,0,0,0,0,0,6,0,0,0,0,0,\N,\N,\N,\N,0,\N,\N
21,730,1,10,4,2,90,100,15,0,0,0,1,30,1,0,0,0,0,0,0,0,5,\N,\N,\N,\N,0,\N,\N
21,731,1,2,0,1,90,95,15,0,0,0,0,0,0,0,0,0,30,0,0,0,0,\N,\N,\N,\N,0,\N,\N
21,732,1,12,0,2,1,101,20,0,0,0,0,0,0,0,0,0,0,0,0,0,0,\N,\N,\N,\N,0,\N,\N
21,733,1,10,8,2,90,100,15,0,0,0,0,0,0,0,0,0,0,0,50,0,0,\N,\N,\N,\N,0,\N,\N
21,734,1,12,4,2,90,100,15,0,0,0,1,100,1,0,0,0,0,0,0,0,0,\N,\N,\N,\N,0,\N,\N
21,735,1,9,4,1,90,100,15,0,0,0,4,100,1,0,0,0,0,0,0,0,0,\N,\N,\N,\N,0,\N,\N
21,736,1,13,0,2,90,100,15,0,0,0,0,0,0,0,0,0,0,0,0,0,0,\N,\N,\N,\N,0,\N,\N
21,737,1,16,0,2,90,100,15,0,0,0,0,0,0,0,0,0,0,0,0,0,0,\N,\N,\N,\N,0,\N,\N
21,738,1,11,4,1,90,100,15,0,0,0,18,100,1,0,0,0,0,0,0,0,0,\N,\N,\N,\N,0,\N,\N
21,739,1,14,0,2,90,100,15,0,0,0,0,0,0,0,0,0,0,0,0,0,0,\N,\N,\N,\N,0,\N,\N
21,740,1,17,0,2,90,100,15,0,0,0,0,0,0,0,0,0,0,0,0,0,0,\N,\N,\N,\N,0,\N,\N
21,741,1,0,0,1,1,101,20,0,0,0,0,0,0,0,0,0,0,0,0,0,0,\N,\N,\N,\N,0,\N,\N
21,742,1,8,0,1,60,100,5,0,2,2,0,0,0,0,0,0,30,44,0,0,0,\N,\N,\N,638,180,\N,\N
