version_group_id,move_id,can_use_move,type_id,quality_id,category_id,power,accuracy,pp,priority,min_hits,max_hits,infliction_id,infliction_percent,duration_id,min_turns,max_turns,crit_stage,flinch_percent,effect,recoil_percent,heal_percent,target_id,affinity_id,max_move_id,max_power,z_move_id,z_base_power,z_power_effect,effect_percent
12,1,1,0,\N,1,40,100,35,0,0,0,0,0,\N,0,0,0,0,0,0,0,0,\N,\N,\N,\N,\N,\N,0
12,2,1,1,\N,1,50,100,25,0,0,0,0,0,\N,0,0,1,0,43,0,0,0,\N,\N,\N,\N,\N,\N,0
12,3,1,0,\N,1,15,85,10,0,2,5,0,0,\N,0,0,0,0,29,0,0,0,\N,\N,\N,\N,\N,\N,0
12,4,1,0,\N,1,18,85,15,0,2,5,0,0,\N,0,0,0,0,29,0,0,0,\N,\N,\N,\N,\N,\N,0
12,5,1,0,\N,1,80,85,20,0,0,0,0,0,\N,0,0,0,0,0,0,0,0,\N,\N,\N,\N,\N,\N,0
12,6,1,0,\N,1,40,100,20,0,0,0,0,0,\N,0,0,0,0,34,0,0,0,\N,\N,\N,\N,\N,\N,0
12,7,1,9,\N,1,75,100,15,0,0,0,4,10,\N,0,0,0,0,4,0,0,0,\N,\N,\N,\N,\N,\N,10
12,8,1,14,\N,1,75,100,15,0,0,0,3,10,\N,0,0,0,0,5,0,0,0,\N,\N,\N,\N,\N,\N,10
12,9,1,12,\N,1,75,100,15,0,0,0,1,10,\N,0,0,0,0,6,0,0,0,\N,\N,\N,\N,\N,\N,10
12,10,1,0,\N,1,40,100,35,0,0,0,0,0,\N,0,0,0,0,0,0,0,0,\N,\N,\N,\N,\N,\N,0
12,11,1,0,\N,1,55,100,30,0,0,0,0,0,\N,0,0,0,0,0,0,0,0,\N,\N,\N,\N,\N,\N,0
12,12,1,0,\N,1,1,30,5,0,0,0,0,0,\N,0,0,0,0,38,0,0,0,\N,\N,\N,\N,\N,\N,0
12,13,1,0,\N,2,80,100,10,0,0,0,0,0,\N,0,0,1,0,39,0,0,5,\N,\N,\N,\N,\N,\N,0
12,14,1,0,\N,0,0,0,30,0,0,0,0,0,\N,0,0,0,0,50,0,0,7,\N,\N,\N,\N,\N,\N,0
12,15,1,0,\N,1,50,95,30,0,0,0,0,0,\N,0,0,0,0,0,0,0,0,\N,\N,\N,\N,\N,\N,0
12,16,1,2,\N,2,40,100,35,0,0,0,0,0,\N,0,0,0,0,149,0,0,0,\N,\N,\N,\N,\N,\N,0
12,17,1,2,\N,1,60,100,35,0,0,0,0,0,\N,0,0,0,0,0,0,0,0,\N,\N,\N,\N,\N,\N,0
12,18,1,0,\N,0,0,100,20,-6,0,0,0,0,\N,0,0,0,0,28,0,0,0,\N,\N,\N,\N,\N,\N,0
12,19,1,2,\N,1,90,95,15,0,0,0,0,0,\N,0,0,0,0,155,0,0,0,\N,\N,\N,\N,\N,\N,0
12,20,1,0,\N,1,15,75,20,0,0,0,8,100,\N,3,6,0,0,42,0,0,0,\N,\N,\N,\N,\N,\N,0
12,21,1,0,\N,1,80,75,20,0,0,0,0,0,\N,0,0,0,0,0,0,0,0,\N,\N,\N,\N,\N,\N,0
12,22,1,11,\N,1,35,100,15,0,0,0,0,0,\N,0,0,0,0,0,0,0,0,\N,\N,\N,\N,\N,\N,0
12,23,1,0,\N,1,65,100,20,0,0,0,0,0,\N,0,0,0,30,150,0,0,0,\N,\N,\N,\N,\N,\N,30
12,24,1,1,\N,1,30,100,30,0,2,2,0,0,\N,0,0,0,0,44,0,0,0,\N,\N,\N,\N,\N,\N,0
12,25,1,0,\N,1,120,75,5,0,0,0,0,0,\N,0,0,0,0,0,0,0,0,\N,\N,\N,\N,\N,\N,0
12,26,1,1,\N,1,85,95,25,0,0,0,0,0,\N,0,0,0,0,45,0,0,0,\N,\N,\N,\N,\N,\N,0
12,27,1,1,\N,1,60,85,15,0,0,0,0,0,\N,0,0,0,30,31,0,0,0,\N,\N,\N,\N,\N,\N,30
12,28,1,4,\N,0,0,100,15,0,0,0,0,0,\N,0,0,0,0,23,0,0,0,\N,\N,\N,\N,\N,\N,0
12,29,1,0,\N,1,70,100,15,0,0,0,0,0,\N,0,0,0,30,31,0,0,0,\N,\N,\N,\N,\N,\N,30
12,30,1,0,\N,1,65,100,25,0,0,0,0,0,\N,0,0,0,0,0,0,0,0,\N,\N,\N,\N,\N,\N,0
12,31,1,0,\N,1,15,85,20,0,2,5,0,0,\N,0,0,0,0,29,0,0,0,\N,\N,\N,\N,\N,\N,0
12,32,1,0,\N,1,1,30,5,0,0,0,0,0,\N,0,0,0,0,38,0,0,0,\N,\N,\N,\N,\N,\N,0
12,33,1,0,\N,1,35,95,35,0,0,0,0,0,\N,0,0,0,0,0,0,0,0,\N,\N,\N,\N,\N,\N,0
12,34,1,0,\N,1,85,100,15,0,0,0,1,30,\N,0,0,0,0,6,0,0,0,\N,\N,\N,\N,\N,\N,30
12,35,1,0,\N,1,15,85,20,0,0,0,8,100,\N,3,6,0,0,42,0,0,0,\N,\N,\N,\N,\N,\N,0
12,36,1,0,\N,1,90,85,20,0,0,0,0,0,\N,0,0,0,0,48,-25,0,0,\N,\N,\N,\N,\N,\N,0
12,37,1,0,\N,1,90,100,20,0,0,0,0,0,\N,0,0,0,0,27,0,0,9,\N,\N,\N,\N,\N,\N,0
12,38,1,0,\N,1,120,100,15,0,0,0,0,0,\N,0,0,0,0,198,-33,0,0,\N,\N,\N,\N,\N,\N,0
12,39,1,0,\N,0,0,100,30,0,0,0,0,0,\N,0,0,0,0,19,0,0,5,\N,\N,\N,\N,\N,\N,0
12,40,1,3,\N,1,15,100,35,0,0,0,5,30,\N,0,0,0,0,2,0,0,0,\N,\N,\N,\N,\N,\N,30
12,41,1,6,\N,1,25,100,20,0,2,2,5,20,\N,0,0,0,0,77,0,0,0,\N,\N,\N,\N,\N,\N,20
12,42,1,6,\N,1,14,85,20,0,2,5,0,0,\N,0,0,0,0,29,0,0,0,\N,\N,\N,\N,\N,\N,0
12,43,1,0,\N,0,0,100,30,0,0,0,0,0,\N,0,0,0,0,19,0,0,5,\N,\N,\N,\N,\N,\N,0
12,44,1,16,\N,1,60,100,25,0,0,0,0,0,\N,0,0,0,30,31,0,0,0,\N,\N,\N,\N,\N,\N,30
12,45,1,0,\N,0,0,100,40,0,0,0,0,0,\N,0,0,0,0,18,0,0,5,\N,\N,\N,\N,\N,\N,0
12,46,1,0,\N,0,0,100,20,-6,0,0,0,0,\N,0,0,0,0,28,0,0,0,\N,\N,\N,\N,\N,\N,0
12,47,1,0,\N,0,0,55,15,0,0,0,2,0,\N,2,7,0,0,1,0,0,0,\N,\N,\N,\N,\N,\N,0
12,48,1,0,\N,0,0,55,20,0,0,0,6,0,\N,2,5,0,0,49,0,0,0,\N,\N,\N,\N,\N,\N,0
12,49,1,0,\N,2,1,90,20,0,0,0,0,0,\N,0,0,0,0,130,0,0,0,\N,\N,\N,\N,\N,\N,0
12,50,1,0,\N,0,0,80,20,0,0,0,13,0,\N,4,7,0,0,86,0,0,0,\N,\N,\N,\N,\N,\N,0
12,51,1,3,\N,2,40,100,30,0,0,0,0,0,\N,0,0,0,0,72,0,0,5,\N,\N,\N,\N,\N,\N,10
12,52,1,9,\N,2,40,100,25,0,0,0,4,10,\N,0,0,0,0,4,0,0,0,\N,\N,\N,\N,\N,\N,10
12,53,1,9,\N,2,95,100,15,0,0,0,4,10,\N,0,0,0,0,4,0,0,0,\N,\N,\N,\N,\N,\N,10
12,54,1,14,\N,0,0,0,30,0,0,0,0,0,\N,0,0,0,0,46,0,0,12,\N,\N,\N,\N,\N,\N,0
12,55,1,10,\N,2,40,100,25,0,0,0,0,0,\N,0,0,0,0,0,0,0,0,\N,\N,\N,\N,\N,\N,0
12,56,1,10,\N,2,120,80,5,0,0,0,0,0,\N,0,0,0,0,0,0,0,0,\N,\N,\N,\N,\N,\N,0
12,57,1,10,\N,2,95,100,15,0,0,0,0,0,\N,0,0,0,0,257,0,0,4,\N,\N,\N,\N,\N,\N,0
12,58,1,14,\N,2,95,100,10,0,0,0,3,10,\N,0,0,0,0,5,0,0,0,\N,\N,\N,\N,\N,\N,10
12,59,1,14,\N,2,120,70,5,0,0,0,3,10,\N,0,0,0,0,260,0,0,5,\N,\N,\N,\N,\N,\N,10
12,60,1,13,\N,2,65,100,20,0,0,0,6,10,\N,2,5,0,0,76,0,0,0,\N,\N,\N,\N,\N,\N,10
12,61,1,10,\N,2,65,100,20,0,0,0,0,0,\N,0,0,0,0,70,0,0,0,\N,\N,\N,\N,\N,\N,10
12,62,1,14,\N,2,65,100,20,0,0,0,0,0,\N,0,0,0,0,68,0,0,0,\N,\N,\N,\N,\N,\N,10
12,63,1,0,\N,2,150,90,5,0,0,0,0,0,\N,0,0,0,0,80,0,0,0,\N,\N,\N,\N,\N,\N,0
12,64,1,2,\N,1,35,100,35,0,0,0,0,0,\N,0,0,0,0,0,0,0,0,\N,\N,\N,\N,\N,\N,0
12,65,1,2,\N,1,80,100,20,0,0,0,0,0,\N,0,0,0,0,0,0,0,0,\N,\N,\N,\N,\N,\N,0
12,66,1,1,\N,1,80,80,25,0,0,0,0,0,\N,0,0,0,0,48,-25,0,0,\N,\N,\N,\N,\N,\N,0
12,67,1,1,\N,1,1,100,20,0,0,0,0,0,\N,0,0,0,0,196,0,0,0,\N,\N,\N,\N,\N,\N,0
12,68,1,1,\N,1,1,100,20,-5,0,0,0,0,\N,0,0,0,0,89,0,0,13,\N,\N,\N,\N,\N,\N,0
12,69,1,1,\N,1,1,100,20,0,0,0,0,0,\N,0,0,0,0,87,0,0,0,\N,\N,\N,\N,\N,\N,0
12,70,1,0,\N,1,80,100,15,0,0,0,0,0,\N,0,0,0,0,0,0,0,0,\N,\N,\N,\N,\N,\N,0
12,71,1,11,\N,2,20,100,25,0,0,0,0,0,\N,0,0,0,0,3,50,0,0,\N,\N,\N,\N,\N,\N,0
12,72,1,11,\N,2,40,100,15,0,0,0,0,0,\N,0,0,0,0,3,50,0,0,\N,\N,\N,\N,\N,\N,0
12,73,1,11,\N,0,0,90,10,0,0,0,18,0,\N,0,0,0,0,84,0,0,0,\N,\N,\N,\N,\N,\N,0
12,74,1,0,\N,0,0,0,40,0,0,0,0,0,\N,0,0,0,0,13,0,0,7,\N,\N,\N,\N,\N,\N,0
12,75,1,11,\N,1,55,95,25,0,0,0,0,0,\N,0,0,1,0,43,0,0,5,\N,\N,\N,\N,\N,\N,0
12,76,1,11,\N,2,120,100,10,0,0,0,0,0,\N,0,0,0,0,151,0,0,0,\N,\N,\N,\N,\N,\N,0
12,77,1,3,\N,0,0,75,35,0,0,0,5,0,\N,0,0,0,0,66,0,0,0,\N,\N,\N,\N,\N,\N,0
12,78,1,11,\N,0,0,75,30,0,0,0,1,0,\N,0,0,0,0,67,0,0,0,\N,\N,\N,\N,\N,\N,0
12,79,1,11,\N,0,0,75,15,0,0,0,2,0,\N,2,7,0,0,1,0,0,0,\N,\N,\N,\N,\N,\N,0
12,80,1,11,\N,2,90,100,20,0,0,0,0,0,\N,0,0,0,0,27,0,0,9,\N,\N,\N,\N,\N,\N,0
12,81,1,6,\N,0,0,95,40,0,0,0,0,0,\N,0,0,0,0,20,0,0,5,\N,\N,\N,\N,\N,\N,0
12,82,1,15,\N,2,1,100,10,0,0,0,0,0,\N,0,0,0,0,41,0,0,0,\N,\N,\N,\N,\N,\N,0
12,83,1,9,\N,2,15,70,15,0,0,0,8,100,\N,3,6,0,0,42,0,0,0,\N,\N,\N,\N,\N,\N,0
12,84,1,12,\N,2,40,100,30,0,0,0,1,10,\N,0,0,0,0,6,0,0,0,\N,\N,\N,\N,\N,\N,10
12,85,1,12,\N,2,95,100,15,0,0,0,1,10,\N,0,0,0,0,6,0,0,0,\N,\N,\N,\N,\N,\N,10
12,86,1,12,\N,0,0,100,20,0,0,0,1,0,\N,0,0,0,0,67,0,0,0,\N,\N,\N,\N,\N,\N,0
12,87,1,12,\N,2,120,70,10,0,0,0,1,30,\N,0,0,0,0,152,0,0,0,\N,\N,\N,\N,\N,\N,30
12,88,1,5,\N,1,50,90,15,0,0,0,0,0,\N,0,0,0,0,0,0,0,0,\N,\N,\N,\N,\N,\N,0
12,89,1,4,\N,1,100,100,10,0,0,0,0,0,\N,0,0,0,0,147,0,0,4,\N,\N,\N,\N,\N,\N,0
12,90,1,4,\N,1,1,30,5,0,0,0,0,0,\N,0,0,0,0,38,0,0,0,\N,\N,\N,\N,\N,\N,0
12,91,1,4,\N,1,80,100,10,0,0,0,0,0,\N,0,0,0,0,256,0,0,0,\N,\N,\N,\N,\N,\N,0
12,92,1,3,\N,0,0,85,10,0,0,0,5,0,\N,15,15,0,0,33,0,0,0,\N,\N,\N,\N,\N,\N,0
12,93,1,13,\N,2,50,100,25,0,0,0,6,10,\N,2,5,0,0,76,0,0,0,\N,\N,\N,\N,\N,\N,10
12,94,1,13,\N,2,90,100,10,0,0,0,0,0,\N,0,0,0,0,72,0,0,0,\N,\N,\N,\N,\N,\N,10
12,95,1,13,\N,0,0,70,20,0,0,0,2,0,\N,2,7,0,0,1,0,0,0,\N,\N,\N,\N,\N,\N,0
12,96,1,13,\N,0,0,0,40,0,0,0,0,0,\N,0,0,0,0,10,0,0,7,\N,\N,\N,\N,\N,\N,0
12,97,1,13,\N,0,0,0,30,0,0,0,0,0,\N,0,0,0,0,52,0,0,7,\N,\N,\N,\N,\N,\N,0
12,98,1,0,\N,1,40,100,30,1,0,0,0,0,\N,0,0,0,0,103,0,0,0,\N,\N,\N,\N,\N,\N,0
12,99,1,0,\N,1,20,100,20,0,0,0,0,0,\N,0,0,0,0,81,0,0,0,\N,\N,\N,\N,\N,\N,0
12,100,1,13,\N,0,0,0,20,0,0,0,0,0,\N,0,0,0,0,153,0,0,7,\N,\N,\N,\N,\N,\N,0
12,101,1,7,\N,2,1,100,15,0,0,0,0,0,\N,0,0,0,0,87,0,0,0,\N,\N,\N,\N,\N,\N,0
12,102,1,0,\N,0,0,0,10,0,0,0,0,0,\N,0,0,0,0,82,0,0,0,\N,\N,\N,\N,\N,\N,0
12,103,1,0,\N,0,0,85,40,0,0,0,0,0,\N,0,0,0,0,59,0,0,0,\N,\N,\N,\N,\N,\N,0
12,104,1,0,\N,0,0,0,15,0,0,0,0,0,\N,0,0,0,0,16,0,0,7,\N,\N,\N,\N,\N,\N,0
12,105,1,0,\N,0,0,0,10,0,0,0,0,0,\N,0,0,0,0,32,0,50,7,\N,\N,\N,\N,\N,\N,0
12,106,1,0,\N,0,0,0,30,0,0,0,0,0,\N,0,0,0,0,11,0,0,7,\N,\N,\N,\N,\N,\N,0
12,107,1,0,\N,0,0,0,20,0,0,0,0,0,\N,0,0,0,0,108,0,0,7,\N,\N,\N,\N,\N,\N,0
12,108,1,0,\N,0,0,100,20,0,0,0,0,0,\N,0,0,0,0,23,0,0,0,\N,\N,\N,\N,\N,\N,0
12,109,1,7,\N,0,0,100,10,0,0,0,6,0,\N,2,5,0,0,49,0,0,0,\N,\N,\N,\N,\N,\N,0
12,110,1,10,\N,0,0,0,40,0,0,0,0,0,\N,0,0,0,0,11,0,0,7,\N,\N,\N,\N,\N,\N,0
12,111,1,0,\N,0,0,0,40,0,0,0,0,0,\N,0,0,0,0,156,0,0,7,\N,\N,\N,\N,\N,\N,0
12,112,1,13,\N,0,0,0,30,0,0,0,0,0,\N,0,0,0,0,51,0,0,7,\N,\N,\N,\N,\N,\N,0
12,113,1,13,\N,0,0,0,30,0,0,0,0,0,\N,0,0,0,0,35,0,0,12,\N,\N,\N,\N,\N,\N,0
12,114,1,14,\N,0,0,0,30,0,0,0,0,0,\N,0,0,0,0,25,0,0,10,\N,\N,\N,\N,\N,\N,0
12,115,1,13,\N,0,0,0,20,0,0,0,0,0,\N,0,0,0,0,65,0,0,12,\N,\N,\N,\N,\N,\N,0
12,116,1,0,\N,0,0,0,30,0,0,0,0,0,\N,0,0,0,0,47,0,0,7,\N,\N,\N,\N,\N,\N,0
12,117,1,0,\N,1,1,0,10,1,0,0,0,0,\N,0,0,0,0,26,0,0,7,\N,\N,\N,\N,\N,\N,0
12,118,1,0,\N,0,0,0,10,0,0,0,0,0,\N,0,0,0,0,83,0,0,13,\N,\N,\N,\N,\N,\N,0
12,119,1,2,\N,0,0,0,20,0,0,0,0,0,\N,0,0,0,0,9,0,0,13,\N,\N,\N,\N,\N,\N,0
12,120,1,0,\N,1,200,100,5,0,0,0,0,0,\N,0,0,0,0,7,0,0,4,\N,\N,\N,\N,\N,\N,0
12,121,1,0,\N,1,100,75,10,0,0,0,0,0,\N,0,0,0,0,0,0,0,0,\N,\N,\N,\N,\N,\N,0
12,122,1,7,\N,1,20,100,30,0,0,0,1,30,\N,0,0,0,0,6,0,0,0,\N,\N,\N,\N,\N,\N,30
12,123,1,3,\N,2,20,70,20,0,0,0,5,40,\N,0,0,0,0,2,0,0,0,\N,\N,\N,\N,\N,\N,40
12,124,1,3,\N,2,65,100,20,0,0,0,5,30,\N,0,0,0,0,2,0,0,0,\N,\N,\N,\N,\N,\N,30
12,125,1,4,\N,1,65,85,20,0,0,0,0,0,\N,0,0,0,10,31,0,0,0,\N,\N,\N,\N,\N,\N,10
12,126,1,9,\N,2,120,85,5,0,0,0,4,10,\N,0,0,0,0,4,0,0,0,\N,\N,\N,\N,\N,\N,10
12,127,1,10,\N,1,80,100,15,0,0,0,0,0,\N,0,0,0,20,31,0,0,0,\N,\N,\N,\N,\N,\N,20
12,128,1,10,\N,1,35,75,10,0,0,0,8,100,\N,3,6,0,0,42,0,0,0,\N,\N,\N,\N,\N,\N,0
12,129,1,0,\N,2,60,0,20,0,0,0,0,0,\N,0,0,0,0,17,0,0,5,\N,\N,\N,\N,\N,\N,0
12,130,1,0,\N,1,100,100,15,0,0,0,0,100,\N,0,0,0,0,145,0,0,0,\N,\N,\N,\N,\N,\N,100
12,131,1,0,\N,1,20,100,15,0,2,5,0,0,\N,0,0,0,0,29,0,0,0,\N,\N,\N,\N,\N,\N,0
12,132,1,0,\N,1,10,100,35,0,0,0,0,0,\N,0,0,0,0,70,0,0,0,\N,\N,\N,\N,\N,\N,10
12,133,1,13,\N,0,0,0,20,0,0,0,0,0,\N,0,0,0,0,54,0,0,7,\N,\N,\N,\N,\N,\N,0
12,134,1,13,\N,0,0,80,15,0,0,0,0,0,\N,0,0,0,0,23,0,0,0,\N,\N,\N,\N,\N,\N,0
12,135,1,0,\N,0,0,0,10,0,0,0,0,0,\N,0,0,0,0,32,0,50,7,\N,\N,\N,\N,\N,\N,0
12,136,1,1,\N,1,100,90,20,0,0,0,0,0,\N,0,0,0,0,45,0,0,0,\N,\N,\N,\N,\N,\N,0
12,137,1,0,\N,0,0,75,30,0,0,0,1,0,\N,0,0,0,0,67,0,0,0,\N,\N,\N,\N,\N,\N,0
12,138,1,13,\N,2,100,100,15,0,0,0,0,0,\N,0,0,0,0,8,50,0,0,\N,\N,\N,\N,\N,\N,0
12,139,1,3,\N,0,0,55,40,0,0,0,5,0,\N,0,0,0,0,66,0,0,0,\N,\N,\N,\N,\N,\N,0
12,140,1,0,\N,1,15,85,20,0,2,5,0,0,\N,0,0,0,0,29,0,0,0,\N,\N,\N,\N,\N,\N,0
12,141,1,6,\N,1,20,100,15,0,0,0,0,0,\N,0,0,0,0,3,50,0,0,\N,\N,\N,\N,\N,\N,0
12,142,1,0,\N,0,0,75,10,0,0,0,2,0,\N,2,7,0,0,1,0,0,0,\N,\N,\N,\N,\N,\N,0
12,143,1,2,\N,1,140,90,5,0,0,0,0,0,\N,0,0,1,30,75,0,0,0,\N,\N,\N,\N,\N,\N,30
12,144,1,0,\N,0,0,0,10,0,0,0,0,0,\N,0,0,0,0,57,0,0,0,\N,\N,\N,\N,\N,\N,0
12,145,1,10,\N,2,20,100,30,0,0,0,0,0,\N,0,0,0,0,70,0,0,5,\N,\N,\N,\N,\N,\N,10
12,146,1,0,\N,1,70,100,10,0,0,0,6,20,\N,2,5,0,0,76,0,0,0,\N,\N,\N,\N,\N,\N,20
12,147,1,11,\N,0,0,100,15,0,0,0,2,0,\N,2,7,0,0,1,0,0,0,\N,\N,\N,\N,\N,\N,0
12,148,1,0,\N,0,0,100,20,0,0,0,0,0,\N,0,0,0,0,23,0,0,0,\N,\N,\N,\N,\N,\N,0
12,149,1,13,\N,2,1,80,15,0,0,0,0,0,\N,0,0,0,0,88,0,0,0,\N,\N,\N,\N,\N,\N,0
12,150,1,0,\N,0,0,0,40,0,0,0,0,0,\N,0,0,0,0,85,0,0,7,\N,\N,\N,\N,\N,\N,0
12,151,1,3,\N,0,0,0,40,0,0,0,0,0,\N,0,0,0,0,51,0,0,7,\N,\N,\N,\N,\N,\N,0
12,152,1,10,\N,1,90,85,10,0,0,0,0,0,\N,0,0,1,0,43,0,0,0,\N,\N,\N,\N,\N,\N,0
12,153,1,0,\N,1,250,100,5,0,0,0,0,0,\N,0,0,0,0,7,0,0,4,\N,\N,\N,\N,\N,\N,0
12,154,1,0,\N,1,18,80,15,0,2,5,0,0,\N,0,0,0,0,29,0,0,0,\N,\N,\N,\N,\N,\N,0
12,155,1,4,\N,1,50,90,10,0,2,2,0,0,\N,0,0,0,0,44,0,0,0,\N,\N,\N,\N,\N,\N,0
12,156,1,13,\N,0,0,0,10,0,0,0,0,0,\N,0,0,0,0,37,0,0,7,\N,\N,\N,\N,\N,\N,0
12,157,1,5,\N,1,75,90,10,0,0,0,0,0,\N,0,0,0,30,31,0,0,5,\N,\N,\N,\N,\N,\N,30
12,158,1,0,\N,1,80,90,15,0,0,0,0,0,\N,0,0,0,10,31,0,0,0,\N,\N,\N,\N,\N,\N,10
12,159,1,0,\N,0,0,0,30,0,0,0,0,0,\N,0,0,0,0,10,0,0,7,\N,\N,\N,\N,\N,\N,0
12,160,1,0,\N,0,0,0,30,0,0,0,0,0,\N,0,0,0,0,30,0,0,7,\N,\N,\N,\N,\N,\N,0
12,161,1,0,\N,2,80,100,10,0,0,0,101,20,\N,0,0,0,0,36,0,0,0,\N,\N,\N,\N,\N,\N,20
12,162,1,0,\N,1,1,90,10,0,0,0,0,0,\N,0,0,0,0,40,0,0,0,\N,\N,\N,\N,\N,\N,0
12,163,1,0,\N,1,70,100,20,0,0,0,0,0,\N,0,0,1,0,43,0,0,0,\N,\N,\N,\N,\N,\N,0
12,164,1,0,\N,0,0,0,10,0,0,0,0,0,\N,0,0,0,0,79,0,0,7,\N,\N,\N,\N,\N,\N,0
12,165,1,0,\N,1,50,0,1,0,0,0,0,0,\N,0,0,0,0,254,0,-25,0,\N,\N,\N,\N,\N,\N,0
12,166,1,0,\N,0,0,0,1,0,0,0,0,0,\N,0,0,0,0,95,0,0,0,\N,\N,\N,\N,\N,\N,0
12,167,1,1,\N,1,10,90,10,0,3,3,0,0,\N,0,0,0,0,104,0,0,0,\N,\N,\N,\N,\N,\N,0
12,168,1,16,\N,1,40,100,10,0,0,0,0,0,\N,0,0,0,0,105,0,0,0,\N,\N,\N,\N,\N,\N,0
12,169,1,6,\N,0,0,0,10,0,0,0,0,0,\N,0,0,0,0,106,0,0,0,\N,\N,\N,\N,\N,\N,0
12,170,1,0,\N,0,0,0,5,0,0,0,0,0,\N,0,0,0,0,94,0,0,0,\N,\N,\N,\N,\N,\N,0
12,171,1,7,\N,0,0,100,15,0,0,0,9,0,\N,0,0,0,0,107,0,0,0,\N,\N,\N,\N,\N,\N,0
12,172,1,9,\N,1,60,100,25,0,0,0,4,10,\N,0,0,0,0,125,0,0,0,\N,\N,\N,\N,\N,\N,10
12,173,1,0,\N,2,40,100,15,0,0,0,0,0,\N,0,0,0,30,92,0,0,0,\N,\N,\N,\N,\N,\N,30
12,174,1,101,\N,0,0,0,10,0,0,0,0,0,\N,0,0,0,0,109,0,0,0,\N,\N,\N,\N,\N,\N,0
12,175,1,0,\N,1,1,100,15,0,0,0,0,0,\N,0,0,0,0,99,0,0,0,\N,\N,\N,\N,\N,\N,0
12,176,1,0,\N,0,0,0,30,0,0,0,0,0,\N,0,0,0,0,93,0,0,7,\N,\N,\N,\N,\N,\N,0
12,177,1,2,\N,2,100,95,5,0,0,0,0,0,\N,0,0,1,0,43,0,0,0,\N,\N,\N,\N,\N,\N,0
12,178,1,11,\N,0,0,85,40,0,0,0,0,0,\N,0,0,0,0,60,0,0,0,\N,\N,\N,\N,\N,\N,0
12,179,1,1,\N,1,1,100,15,0,0,0,0,0,\N,0,0,0,0,99,0,0,0,\N,\N,\N,\N,\N,\N,0
12,180,1,7,\N,0,0,100,10,0,0,0,0,0,\N,0,0,0,0,100,0,0,0,\N,\N,\N,\N,\N,\N,0
12,181,1,14,\N,2,40,100,25,0,0,0,3,10,\N,0,0,0,0,5,0,0,5,\N,\N,\N,\N,\N,\N,10
12,182,1,0,\N,0,0,0,10,3,0,0,0,0,\N,0,0,0,0,111,0,0,7,\N,\N,\N,\N,\N,\N,0
12,183,1,1,\N,1,40,100,30,1,0,0,0,0,\N,0,0,0,0,103,0,0,0,\N,\N,\N,\N,\N,\N,0
12,184,1,0,\N,0,0,90,10,0,0,0,0,0,\N,0,0,0,0,60,0,0,0,\N,\N,\N,\N,\N,\N,0
12,185,1,16,\N,1,60,0,20,0,0,0,0,0,\N,0,0,0,0,17,0,0,0,\N,\N,\N,\N,\N,\N,0
12,186,1,0,\N,0,0,75,10,0,0,0,6,0,\N,2,5,0,0,49,0,0,0,\N,\N,\N,\N,\N,\N,0
12,187,1,0,\N,0,0,0,10,0,0,0,0,0,\N,0,0,0,0,142,0,0,7,\N,\N,\N,\N,\N,\N,0
12,188,1,3,\N,2,90,100,10,0,0,0,5,30,\N,0,0,0,0,2,0,0,0,\N,\N,\N,\N,\N,\N,30
12,189,1,4,\N,2,20,100,10,0,0,0,0,0,\N,0,0,0,0,73,0,0,0,\N,\N,\N,\N,\N,\N,100
12,190,1,10,\N,2,65,85,10,0,0,0,0,0,\N,0,0,0,0,73,0,0,0,\N,\N,\N,\N,\N,\N,50
12,191,1,4,\N,0,0,0,20,0,0,0,0,0,\N,0,0,0,0,112,0,0,11,\N,\N,\N,\N,\N,\N,0
12,192,1,12,\N,2,120,50,5,0,0,0,1,100,\N,0,0,0,0,6,0,0,0,\N,\N,\N,\N,\N,\N,100
12,193,1,0,\N,0,0,0,40,0,0,0,17,0,\N,0,0,0,0,113,0,0,0,\N,\N,\N,\N,\N,\N,0
12,194,1,7,\N,0,0,0,5,0,0,0,0,0,\N,0,0,0,0,98,0,0,7,\N,\N,\N,\N,\N,\N,0
12,195,1,0,\N,0,0,0,5,0,0,0,20,0,\N,4,4,0,0,114,0,0,10,\N,\N,\N,\N,\N,\N,0
12,196,1,14,\N,2,55,95,15,0,0,0,0,0,\N,0,0,0,0,70,0,0,5,\N,\N,\N,\N,\N,\N,100
12,197,1,1,\N,0,0,0,5,3,0,0,0,0,\N,0,0,0,0,111,0,0,7,\N,\N,\N,\N,\N,\N,0
12,198,1,4,\N,1,25,80,10,0,2,5,0,0,\N,0,0,0,0,29,0,0,0,\N,\N,\N,\N,\N,\N,0
12,199,1,0,\N,0,0,0,5,0,0,0,0,0,\N,0,0,0,0,94,0,0,0,\N,\N,\N,\N,\N,\N,0
12,200,1,15,\N,1,120,100,15,0,0,0,0,0,\N,0,0,0,0,27,0,0,9,\N,\N,\N,\N,\N,\N,0
12,201,1,5,\N,0,0,0,10,0,0,0,0,0,\N,0,0,0,0,115,0,0,10,\N,\N,\N,\N,\N,\N,0
12,202,1,11,\N,2,60,100,10,0,0,0,0,0,\N,0,0,0,0,3,50,0,0,\N,\N,\N,\N,\N,\N,0
12,203,1,0,\N,0,0,0,10,3,0,0,0,0,\N,0,0,0,0,116,0,0,7,\N,\N,\N,\N,\N,\N,0
12,204,1,0,\N,0,0,100,20,0,0,0,0,0,\N,0,0,0,0,58,0,0,0,\N,\N,\N,\N,\N,\N,0
12,205,1,5,\N,1,30,90,20,0,0,0,0,0,\N,0,0,0,0,117,0,0,0,\N,\N,\N,\N,\N,\N,0
12,206,1,0,\N,1,40,100,40,0,0,0,0,0,\N,0,0,0,0,101,0,0,0,\N,\N,\N,\N,\N,\N,0
12,207,1,0,\N,0,0,90,15,0,0,0,6,0,\N,2,5,0,0,118,0,0,0,\N,\N,\N,\N,\N,\N,0
12,208,1,0,\N,0,0,0,10,0,0,0,0,0,\N,0,0,0,0,32,0,50,7,\N,\N,\N,\N,\N,\N,0
12,209,1,12,\N,1,65,100,20,0,0,0,1,30,\N,0,0,0,0,6,0,0,0,\N,\N,\N,\N,\N,\N,30
12,210,1,6,\N,1,10,95,20,0,0,0,0,0,\N,0,0,0,0,119,0,0,0,\N,\N,\N,\N,\N,\N,0
12,211,1,8,\N,1,70,90,25,0,0,0,0,0,\N,0,0,0,0,138,0,0,0,\N,\N,\N,\N,\N,\N,10
12,212,1,0,\N,0,0,0,5,0,0,0,0,0,\N,0,0,0,0,106,0,0,0,\N,\N,\N,\N,\N,\N,0
12,213,1,0,\N,0,0,100,15,0,0,0,7,0,\N,0,0,0,0,120,0,0,0,\N,\N,\N,\N,\N,\N,0
12,214,1,0,\N,0,0,0,10,0,0,0,0,0,\N,0,0,0,0,97,0,0,13,\N,\N,\N,\N,\N,\N,0
12,215,1,0,\N,0,0,0,5,0,0,0,0,0,\N,0,0,0,0,102,0,0,12,\N,\N,\N,\N,\N,\N,0
12,216,1,0,\N,1,1,100,20,0,0,0,0,0,\N,0,0,0,0,121,0,0,0,\N,\N,\N,\N,\N,\N,0
12,217,1,0,\N,1,1,90,15,0,0,0,0,0,\N,0,0,0,0,122,0,0,0,\N,\N,\N,\N,\N,\N,0
12,218,1,0,\N,1,1,100,20,0,0,0,0,0,\N,0,0,0,0,123,0,0,0,\N,\N,\N,\N,\N,\N,0
12,219,1,0,\N,0,0,0,25,0,0,0,0,0,\N,0,0,0,0,124,0,0,12,\N,\N,\N,\N,\N,\N,0
12,220,1,0,\N,0,0,0,20,0,0,0,0,0,\N,0,0,0,0,91,0,0,0,\N,\N,\N,\N,\N,\N,0
12,221,1,9,\N,1,100,95,5,0,0,0,4,50,\N,0,0,0,0,125,0,0,0,\N,\N,\N,\N,\N,\N,50
12,222,1,4,\N,1,1,100,30,0,0,0,0,0,\N,0,0,0,0,126,0,0,4,\N,\N,\N,\N,\N,\N,0
12,223,1,1,\N,1,100,50,5,0,0,0,6,100,\N,2,5,0,0,76,0,0,0,\N,\N,\N,\N,\N,\N,100
12,224,1,6,\N,1,120,85,10,0,0,0,0,0,\N,0,0,0,0,0,0,0,0,\N,\N,\N,\N,\N,\N,0
12,225,1,15,\N,2,60,100,20,0,0,0,1,30,\N,0,0,0,0,6,0,0,0,\N,\N,\N,\N,\N,\N,30
12,226,1,0,\N,0,0,0,40,0,0,0,0,0,\N,0,0,0,0,127,0,0,7,\N,\N,\N,\N,\N,\N,0
12,227,1,0,\N,0,0,100,5,0,0,0,0,0,\N,0,0,0,0,90,0,0,0,\N,\N,\N,\N,\N,\N,0
12,228,1,16,\N,1,40,100,20,0,0,0,0,0,\N,0,0,0,0,128,0,0,0,\N,\N,\N,\N,\N,\N,0
12,229,1,0,\N,1,20,100,40,0,0,0,0,0,\N,0,0,0,0,129,0,0,0,\N,\N,\N,\N,\N,\N,0
12,230,1,0,\N,0,0,100,20,0,0,0,0,0,\N,0,0,0,0,24,0,0,5,\N,\N,\N,\N,\N,\N,0
12,231,1,8,\N,1,100,75,15,0,0,0,0,0,\N,0,0,0,0,69,0,0,0,\N,\N,\N,\N,\N,\N,30
12,232,1,8,\N,1,50,95,35,0,0,0,0,0,\N,0,0,0,0,139,0,0,0,\N,\N,\N,\N,\N,\N,10
12,233,1,1,\N,1,70,0,10,-1,0,0,0,0,\N,0,0,0,0,78,0,0,0,\N,\N,\N,\N,\N,\N,0
12,234,1,0,\N,0,0,0,5,0,0,0,0,0,\N,0,0,0,0,132,0,50,7,\N,\N,\N,\N,\N,\N,0
12,235,1,11,\N,0,0,0,5,0,0,0,0,0,\N,0,0,0,0,132,0,50,7,\N,\N,\N,\N,\N,\N,0
12,236,1,0,\N,0,0,0,5,0,0,0,0,0,\N,0,0,0,0,132,0,50,7,\N,\N,\N,\N,\N,\N,0
12,237,1,0,\N,2,1,100,15,0,0,0,0,0,\N,0,0,0,0,135,0,0,0,\N,\N,\N,\N,\N,\N,0
12,238,1,1,\N,1,100,80,5,0,0,0,0,0,\N,0,0,1,0,43,0,0,0,\N,\N,\N,\N,\N,\N,0
12,239,1,15,\N,2,40,100,20,0,0,0,0,0,\N,0,0,0,20,146,0,0,5,\N,\N,\N,\N,\N,\N,20
12,240,1,10,\N,0,0,0,5,0,0,0,0,0,\N,0,0,0,0,136,0,0,10,\N,\N,\N,\N,\N,\N,0
12,241,1,9,\N,0,0,0,5,0,0,0,0,0,\N,0,0,0,0,137,0,0,10,\N,\N,\N,\N,\N,\N,0
12,242,1,16,\N,1,80,100,15,0,0,0,0,0,\N,0,0,0,0,69,0,0,0,\N,\N,\N,\N,\N,\N,20
12,243,1,13,\N,2,1,100,20,-5,0,0,0,0,\N,0,0,0,0,144,0,0,13,\N,\N,\N,\N,\N,\N,0
12,244,1,0,\N,0,0,0,10,0,0,0,0,0,\N,0,0,0,0,143,0,0,0,\N,\N,\N,\N,\N,\N,0
12,245,1,0,\N,1,80,100,5,1,0,0,0,0,\N,0,0,0,0,103,0,0,0,\N,\N,\N,\N,\N,\N,0
12,246,1,5,\N,2,60,100,5,0,0,0,0,0,\N,0,0,0,0,140,0,0,0,\N,\N,\N,\N,\N,\N,10
12,247,1,7,\N,2,80,100,15,0,0,0,0,0,\N,0,0,0,0,72,0,0,0,\N,\N,\N,\N,\N,\N,20
12,248,1,13,\N,2,80,90,15,0,0,0,0,0,\N,0,0,0,0,148,0,0,0,\N,\N,\N,\N,\N,\N,0
12,249,1,1,\N,1,40,100,15,0,0,0,0,0,\N,0,0,0,0,69,0,0,0,\N,\N,\N,\N,\N,\N,50
12,250,1,10,\N,2,15,70,15,0,0,0,8,100,\N,3,6,0,0,261,0,0,0,\N,\N,\N,\N,\N,\N,0
12,251,1,16,\N,1,10,100,10,0,6,6,0,0,\N,0,0,0,0,154,0,0,0,\N,\N,\N,\N,\N,\N,0
12,252,1,0,\N,1,40,100,10,1,0,0,0,0,\N,0,0,0,100,158,0,0,0,\N,\N,\N,\N,\N,\N,100
12,253,1,0,\N,2,50,100,10,0,0,0,0,0,\N,0,0,0,0,159,0,0,9,\N,\N,\N,\N,\N,\N,0
12,254,1,0,\N,0,0,0,20,0,0,0,0,0,\N,0,0,0,0,160,0,0,7,\N,\N,\N,\N,\N,\N,0
12,255,1,0,\N,2,1,100,10,0,0,0,0,0,\N,0,0,0,0,161,0,0,0,\N,\N,\N,\N,\N,\N,0
12,256,1,0,\N,0,0,0,10,0,0,0,0,0,\N,0,0,0,0,162,0,25,7,\N,\N,\N,\N,\N,\N,0
12,257,1,9,\N,2,100,90,10,0,0,0,4,10,\N,0,0,0,0,4,0,0,5,\N,\N,\N,\N,\N,\N,10
12,258,1,14,\N,0,0,0,10,0,0,0,0,0,\N,0,0,0,0,164,0,0,10,\N,\N,\N,\N,\N,\N,0
12,259,1,16,\N,0,0,100,15,0,0,0,12,0,\N,0,0,0,0,165,0,0,0,\N,\N,\N,\N,\N,\N,0
12,260,1,16,\N,0,0,100,15,0,0,0,6,0,\N,2,5,0,0,166,0,0,0,\N,\N,\N,\N,\N,\N,0
12,261,1,9,\N,0,0,75,15,0,0,0,4,0,\N,0,0,0,0,167,0,0,0,\N,\N,\N,\N,\N,\N,0
12,262,1,16,\N,0,0,100,10,0,0,0,0,0,\N,0,0,0,0,168,0,0,0,\N,\N,\N,\N,\N,\N,0
12,263,1,0,\N,1,70,100,20,0,0,0,0,0,\N,0,0,0,0,169,0,0,0,\N,\N,\N,\N,\N,\N,0
12,264,1,1,\N,1,150,100,20,-3,0,0,0,0,\N,0,0,0,0,170,0,0,0,\N,\N,\N,\N,\N,\N,0
12,265,1,0,\N,1,60,100,10,0,0,0,0,0,\N,0,0,0,0,171,0,0,0,\N,\N,\N,\N,\N,\N,0
12,266,1,0,\N,0,0,0,20,3,0,0,0,0,\N,0,0,0,0,172,0,0,7,\N,\N,\N,\N,\N,\N,0
12,267,1,0,\N,0,0,0,20,0,0,0,0,0,\N,0,0,0,0,173,0,0,13,\N,\N,\N,\N,\N,\N,0
12,268,1,12,\N,0,0,0,20,0,0,0,0,0,\N,0,0,0,0,174,0,0,7,\N,\N,\N,\N,\N,\N,0
12,269,1,16,\N,0,0,100,20,0,0,0,0,0,\N,0,0,0,0,175,0,0,0,\N,\N,\N,\N,\N,\N,0
12,270,1,0,\N,0,0,0,20,5,0,0,0,0,\N,0,0,0,0,176,0,0,2,\N,\N,\N,\N,\N,\N,0
12,271,1,13,\N,0,0,100,10,0,0,0,0,0,\N,0,0,0,0,177,0,0,0,\N,\N,\N,\N,\N,\N,0
12,272,1,13,\N,0,0,0,10,0,0,0,0,0,\N,0,0,0,0,178,0,0,0,\N,\N,\N,\N,\N,\N,0
12,273,1,0,\N,0,0,0,10,0,0,0,0,0,\N,0,0,0,0,179,0,0,7,\N,\N,\N,\N,\N,\N,0
12,274,1,0,\N,0,0,0,20,0,0,0,0,0,\N,0,0,0,0,180,0,0,13,\N,\N,\N,\N,\N,\N,0
12,275,1,11,\N,0,0,0,20,0,0,0,21,0,\N,0,0,0,0,181,0,0,7,\N,\N,\N,\N,\N,\N,0
12,276,1,1,\N,1,120,100,5,0,0,0,0,0,\N,0,0,0,0,182,0,0,0,\N,\N,\N,\N,\N,\N,0
12,277,1,13,\N,0,0,0,15,4,0,0,0,0,\N,0,0,0,0,183,0,0,13,\N,\N,\N,\N,\N,\N,0
12,278,1,0,\N,0,0,0,10,0,0,0,0,0,\N,0,0,0,0,184,0,0,7,\N,\N,\N,\N,\N,\N,0
12,279,1,1,\N,1,60,100,10,-4,0,0,0,0,\N,0,0,0,0,185,0,0,0,\N,\N,\N,\N,\N,\N,0
12,280,1,1,\N,1,75,100,15,0,0,0,0,0,\N,0,0,0,0,186,0,0,0,\N,\N,\N,\N,\N,\N,0
12,281,1,0,\N,0,0,0,10,0,0,0,14,0,\N,2,2,0,0,187,0,0,0,\N,\N,\N,\N,\N,\N,0
12,282,1,16,\N,1,20,100,20,0,0,0,0,0,\N,0,0,0,0,188,0,0,0,\N,\N,\N,\N,\N,\N,0
12,283,1,0,\N,1,1,100,5,0,0,0,0,0,\N,0,0,0,0,189,0,0,0,\N,\N,\N,\N,\N,\N,0
12,284,1,9,\N,2,150,100,5,0,0,0,0,0,\N,0,0,0,0,190,0,0,5,\N,\N,\N,\N,\N,\N,0
12,285,1,13,\N,0,0,0,10,0,0,0,0,0,\N,0,0,0,0,191,0,0,0,\N,\N,\N,\N,\N,\N,0
12,286,1,13,\N,0,0,0,10,0,0,0,0,0,\N,0,0,0,0,192,0,0,7,\N,\N,\N,\N,\N,\N,0
12,287,1,0,\N,0,0,0,20,0,0,0,0,0,\N,0,0,0,0,193,0,0,7,\N,\N,\N,\N,\N,\N,0
12,288,1,7,\N,0,0,0,5,0,0,0,0,0,\N,0,0,0,0,194,0,0,7,\N,\N,\N,\N,\N,\N,0
12,289,1,16,\N,0,0,0,10,4,0,0,0,0,\N,0,0,0,0,195,0,0,13,\N,\N,\N,\N,\N,\N,0
12,290,1,0,\N,1,70,100,20,0,0,0,0,30,\N,0,0,0,0,197,0,0,0,\N,\N,\N,\N,\N,\N,30
12,291,1,10,\N,1,80,100,10,0,0,0,0,0,\N,0,0,0,0,255,0,0,0,\N,\N,\N,\N,\N,\N,0
12,292,1,1,\N,1,15,100,20,0,2,5,0,0,\N,0,0,0,0,29,0,0,0,\N,\N,\N,\N,\N,\N,0
12,293,1,0,\N,0,0,0,20,0,0,0,0,0,\N,0,0,0,0,213,0,0,7,\N,\N,\N,\N,\N,\N,0
12,294,1,6,\N,0,0,0,20,0,0,0,0,0,\N,0,0,0,0,53,0,0,7,\N,\N,\N,\N,\N,\N,0
12,295,1,13,\N,2,70,100,5,0,0,0,0,0,\N,0,0,0,0,72,0,0,0,\N,\N,\N,\N,\N,\N,50
12,296,1,13,\N,2,70,100,5,0,0,0,0,0,\N,0,0,0,0,71,0,0,0,\N,\N,\N,\N,\N,\N,50
12,297,1,2,\N,0,0,100,15,0,0,0,0,0,\N,0,0,0,0,58,0,0,0,\N,\N,\N,\N,\N,\N,0
12,298,1,0,\N,0,0,100,20,0,0,0,6,0,\N,2,5,0,0,199,0,0,4,\N,\N,\N,\N,\N,\N,0
12,299,1,9,\N,1,85,90,10,0,0,0,4,10,\N,0,0,1,0,200,0,0,0,\N,\N,\N,\N,\N,\N,10
12,300,1,4,\N,0,0,0,15,0,0,0,0,0,\N,0,0,0,0,201,0,0,10,\N,\N,\N,\N,\N,\N,0
12,301,1,14,\N,1,30,90,20,0,0,0,0,0,\N,0,0,0,0,117,0,0,0,\N,\N,\N,\N,\N,\N,0
12,302,1,11,\N,1,60,100,15,0,0,0,0,0,\N,0,0,0,30,31,0,0,0,\N,\N,\N,\N,\N,\N,30
12,303,1,0,\N,0,0,0,10,0,0,0,0,0,\N,0,0,0,0,32,0,50,7,\N,\N,\N,\N,\N,\N,0
12,304,1,0,\N,2,90,100,10,0,0,0,0,0,\N,0,0,0,0,0,0,0,5,\N,\N,\N,\N,\N,\N,0
12,305,1,3,\N,1,50,100,15,0,0,0,5,30,\N,15,15,0,0,202,0,0,0,\N,\N,\N,\N,\N,\N,30
12,306,1,0,\N,1,75,95,10,0,0,0,0,0,\N,0,0,0,0,69,0,0,0,\N,\N,\N,\N,\N,\N,50
12,307,1,9,\N,2,150,90,5,0,0,0,0,0,\N,0,0,0,0,80,0,0,0,\N,\N,\N,\N,\N,\N,0
12,308,1,10,\N,2,150,90,5,0,0,0,0,0,\N,0,0,0,0,80,0,0,0,\N,\N,\N,\N,\N,\N,0
12,309,1,8,\N,1,100,85,10,0,0,0,0,0,\N,0,0,0,0,139,0,0,0,\N,\N,\N,\N,\N,\N,20
12,310,1,7,\N,1,30,100,15,0,0,0,0,0,\N,0,0,0,30,31,0,0,0,\N,\N,\N,\N,\N,\N,30
12,311,1,0,\N,2,50,100,10,0,0,0,0,0,\N,0,0,0,0,203,0,0,0,\N,\N,\N,\N,\N,\N,0
12,312,1,11,\N,0,0,0,5,0,0,0,0,0,\N,0,0,0,0,102,0,0,12,\N,\N,\N,\N,\N,\N,0
12,313,1,16,\N,0,0,100,20,0,0,0,0,0,\N,0,0,0,0,62,0,0,0,\N,\N,\N,\N,\N,\N,0
12,314,1,2,\N,2,55,95,25,0,0,0,0,0,\N,0,0,1,0,43,0,0,5,\N,\N,\N,\N,\N,\N,0
12,315,1,9,\N,2,140,90,5,0,0,0,0,0,\N,0,0,0,0,204,0,0,0,\N,\N,\N,\N,\N,\N,100
12,316,1,0,\N,0,0,0,40,0,0,0,17,0,\N,0,0,0,0,113,0,0,0,\N,\N,\N,\N,\N,\N,0
12,317,1,5,\N,1,50,80,10,0,0,0,0,0,\N,0,0,0,0,70,0,0,0,\N,\N,\N,\N,\N,\N,100
12,318,1,6,\N,2,60,100,5,0,0,0,0,0,\N,0,0,0,0,140,0,0,0,\N,\N,\N,\N,\N,\N,10
12,319,1,8,\N,0,0,85,40,0,0,0,0,0,\N,0,0,0,0,62,0,0,0,\N,\N,\N,\N,\N,\N,0
12,320,1,11,\N,0,0,55,15,0,0,0,2,0,\N,2,7,0,0,1,0,0,0,\N,\N,\N,\N,\N,\N,0
12,321,1,0,\N,0,0,100,20,0,0,0,0,0,\N,0,0,0,0,205,0,0,0,\N,\N,\N,\N,\N,\N,0
12,322,1,13,\N,0,0,0,20,0,0,0,0,0,\N,0,0,0,0,206,0,0,7,\N,\N,\N,\N,\N,\N,0
12,323,1,10,\N,2,150,100,5,0,0,0,0,0,\N,0,0,0,0,190,0,0,5,\N,\N,\N,\N,\N,\N,0
12,324,1,6,\N,2,75,100,15,0,0,0,6,10,\N,2,5,0,0,76,0,0,0,\N,\N,\N,\N,\N,\N,10
12,325,1,7,\N,1,60,0,20,0,0,0,0,0,\N,0,0,0,0,17,0,0,0,\N,\N,\N,\N,\N,\N,0
12,326,1,13,\N,2,80,100,30,0,0,0,0,0,\N,0,0,0,10,31,0,0,0,\N,\N,\N,\N,\N,\N,10
12,327,1,1,\N,1,85,90,15,0,0,0,0,0,\N,0,0,0,0,207,0,0,0,\N,\N,\N,\N,\N,\N,0
12,328,1,4,\N,1,15,70,15,0,0,0,8,100,\N,3,6,0,0,42,0,0,0,\N,\N,\N,\N,\N,\N,0
12,329,1,14,\N,2,1,30,5,0,0,0,0,0,\N,0,0,0,0,38,0,0,0,\N,\N,\N,\N,\N,\N,0
12,330,1,10,\N,2,95,85,10,0,0,0,0,0,\N,0,0,0,0,73,0,0,5,\N,\N,\N,\N,\N,\N,30
12,331,1,11,\N,1,10,100,30,0,2,5,0,0,\N,0,0,0,0,29,0,0,0,\N,\N,\N,\N,\N,\N,0
12,332,1,2,\N,1,60,0,20,0,0,0,0,0,\N,0,0,0,0,17,0,0,0,\N,\N,\N,\N,\N,\N,0
12,333,1,14,\N,1,10,100,30,0,2,5,0,0,\N,0,0,0,0,29,0,0,0,\N,\N,\N,\N,\N,\N,0
12,334,1,8,\N,0,0,0,15,0,0,0,0,0,\N,0,0,0,0,51,0,0,7,\N,\N,\N,\N,\N,\N,0
12,335,1,0,\N,0,0,0,5,0,0,0,0,0,\N,0,0,0,0,106,0,0,0,\N,\N,\N,\N,\N,\N,0
12,336,1,0,\N,0,0,0,40,0,0,0,0,0,\N,0,0,0,0,10,0,0,7,\N,\N,\N,\N,\N,\N,0
12,337,1,15,\N,1,80,100,15,0,0,0,0,0,\N,0,0,0,0,0,0,0,0,\N,\N,\N,\N,\N,\N,0
12,338,1,11,\N,2,150,90,5,0,0,0,0,0,\N,0,0,0,0,80,0,0,0,\N,\N,\N,\N,\N,\N,0
12,339,1,1,\N,0,0,0,20,0,0,0,0,0,\N,0,0,0,0,208,0,0,7,\N,\N,\N,\N,\N,\N,0
12,340,1,2,\N,1,85,85,5,0,0,0,1,30,\N,0,0,0,0,263,0,0,0,\N,\N,\N,\N,\N,\N,30
12,341,1,4,\N,2,55,95,15,0,0,0,0,0,\N,0,0,0,0,70,0,0,0,\N,\N,\N,\N,\N,\N,100
12,342,1,3,\N,1,50,100,25,0,0,0,5,10,\N,0,0,1,0,209,0,0,0,\N,\N,\N,\N,\N,\N,10
12,343,1,0,\N,1,40,100,40,0,0,0,0,0,\N,0,0,0,0,105,0,0,0,\N,\N,\N,\N,\N,\N,0
12,344,1,12,\N,1,120,100,15,0,0,0,1,10,\N,0,0,0,0,262,-33,0,0,\N,\N,\N,\N,\N,\N,10
12,345,1,11,\N,2,60,0,20,0,0,0,0,0,\N,0,0,0,0,17,0,0,0,\N,\N,\N,\N,\N,\N,0
12,346,1,10,\N,0,0,0,15,0,0,0,0,0,\N,0,0,0,0,210,0,0,10,\N,\N,\N,\N,\N,\N,0
12,347,1,13,\N,0,0,0,20,0,0,0,0,0,\N,0,0,0,0,211,0,0,7,\N,\N,\N,\N,\N,\N,0
12,348,1,11,\N,1,90,100,15,0,0,0,0,0,\N,0,0,1,0,43,0,0,0,\N,\N,\N,\N,\N,\N,0
12,349,1,15,\N,0,0,0,20,0,0,0,0,0,\N,0,0,0,0,212,0,0,7,\N,\N,\N,\N,\N,\N,0
12,350,1,5,\N,1,25,80,10,0,2,5,0,0,\N,0,0,0,0,29,0,0,0,\N,\N,\N,\N,\N,\N,0
12,351,1,12,\N,2,60,0,20,0,0,0,0,0,\N,0,0,0,0,17,0,0,0,\N,\N,\N,\N,\N,\N,0
12,352,1,10,\N,2,60,100,20,0,0,0,6,20,\N,2,5,0,0,76,0,0,0,\N,\N,\N,\N,\N,\N,20
12,353,1,8,\N,2,120,85,5,0,0,0,0,0,\N,0,0,0,0,148,0,0,0,\N,\N,\N,\N,\N,\N,0
12,354,1,13,\N,2,140,90,5,0,0,0,0,0,\N,0,0,0,0,204,0,0,0,\N,\N,\N,\N,\N,\N,100
12,355,1,2,\N,0,0,0,10,0,0,0,0,0,\N,0,0,0,0,214,0,50,7,\N,\N,\N,\N,\N,\N,0
12,356,1,13,\N,0,0,0,5,0,0,0,0,0,\N,0,0,0,0,215,0,0,10,\N,\N,\N,\N,\N,\N,0
12,357,1,13,\N,0,0,0,40,0,0,0,17,0,\N,0,0,0,0,216,0,0,0,\N,\N,\N,\N,\N,\N,0
12,358,1,1,\N,1,60,100,10,0,0,0,0,0,\N,0,0,0,0,217,0,0,0,\N,\N,\N,\N,\N,\N,0
12,359,1,1,\N,1,100,90,10,0,0,0,0,0,\N,0,0,0,0,218,0,0,0,\N,\N,\N,\N,\N,\N,0
12,360,1,8,\N,1,1,100,5,0,0,0,0,0,\N,0,0,0,0,219,0,0,0,\N,\N,\N,\N,\N,\N,0
12,361,1,13,\N,0,0,0,10,0,0,0,0,0,\N,0,0,0,0,220,0,0,7,\N,\N,\N,\N,\N,\N,0
12,362,1,10,\N,2,65,100,10,0,0,0,0,0,\N,0,0,0,0,221,0,0,0,\N,\N,\N,\N,\N,\N,0
12,363,1,0,\N,1,1,100,15,0,0,0,0,0,\N,0,0,0,0,222,0,0,0,\N,\N,\N,\N,\N,\N,0
12,364,1,0,\N,1,50,100,10,2,0,0,0,0,\N,0,0,0,0,223,0,0,0,\N,\N,\N,\N,\N,\N,0
12,365,1,2,\N,1,60,100,20,0,0,0,0,0,\N,0,0,0,0,224,0,0,0,\N,\N,\N,\N,\N,\N,0
12,366,1,2,\N,0,0,0,30,0,0,0,0,0,\N,0,0,0,0,225,0,0,12,\N,\N,\N,\N,\N,\N,0
12,367,1,0,\N,0,0,0,30,0,0,0,0,0,\N,0,0,0,0,226,0,0,1,\N,\N,\N,\N,\N,\N,0
12,368,1,8,\N,1,1,100,10,0,0,0,0,0,\N,0,0,0,0,227,0,0,13,\N,\N,\N,\N,\N,\N,0
12,369,1,6,\N,1,70,100,20,0,0,0,0,0,\N,0,0,0,0,228,0,0,0,\N,\N,\N,\N,\N,\N,0
12,370,1,1,\N,1,120,100,5,0,0,0,0,0,\N,0,0,0,0,229,0,0,0,\N,\N,\N,\N,\N,\N,0
12,371,1,16,\N,1,50,100,10,0,0,0,0,0,\N,0,0,0,0,230,0,0,0,\N,\N,\N,\N,\N,\N,0
12,372,1,16,\N,1,50,100,10,0,0,0,0,0,\N,0,0,0,0,231,0,0,0,\N,\N,\N,\N,\N,\N,0
12,373,1,16,\N,0,0,100,15,0,0,0,19,0,\N,5,5,0,0,232,0,0,0,\N,\N,\N,\N,\N,\N,0
12,374,1,16,\N,1,1,100,10,0,0,0,0,0,\N,0,0,0,0,233,0,0,0,\N,\N,\N,\N,\N,\N,0
12,375,1,13,\N,0,0,90,10,0,0,0,0,0,\N,0,0,0,0,234,0,0,0,\N,\N,\N,\N,\N,\N,0
12,376,1,0,\N,2,1,0,5,0,0,0,0,0,\N,0,0,0,0,235,0,0,0,\N,\N,\N,\N,\N,\N,0
12,377,1,13,\N,0,0,100,15,0,0,0,15,0,\N,5,5,0,0,236,0,0,5,\N,\N,\N,\N,\N,\N,0
12,378,1,0,\N,2,1,100,5,0,0,0,0,0,\N,0,0,0,0,237,0,0,0,\N,\N,\N,\N,\N,\N,0
12,379,1,13,\N,0,0,0,10,0,0,0,0,0,\N,0,0,0,0,238,0,0,7,\N,\N,\N,\N,\N,\N,0
12,380,1,3,\N,0,0,100,10,0,0,0,0,0,\N,0,0,0,0,239,0,0,0,\N,\N,\N,\N,\N,\N,0
12,381,1,0,\N,0,0,0,30,0,0,0,0,0,\N,0,0,0,0,240,0,0,12,\N,\N,\N,\N,\N,\N,0
12,382,1,0,\N,0,0,0,20,0,0,0,0,0,\N,0,0,0,0,241,0,0,3,\N,\N,\N,\N,\N,\N,0
12,383,1,0,\N,0,0,0,20,0,0,0,0,0,\N,0,0,0,0,242,0,0,13,\N,\N,\N,\N,\N,\N,0
12,384,1,13,\N,0,0,0,10,0,0,0,0,0,\N,0,0,0,0,243,0,0,0,\N,\N,\N,\N,\N,\N,0
12,385,1,13,\N,0,0,0,10,0,0,0,0,0,\N,0,0,0,0,244,0,0,0,\N,\N,\N,\N,\N,\N,0
12,386,1,16,\N,1,1,100,5,0,0,0,0,0,\N,0,0,0,0,245,0,0,0,\N,\N,\N,\N,\N,\N,0
12,387,1,0,\N,1,130,100,5,0,0,0,0,0,\N,0,0,0,0,246,0,0,0,\N,\N,\N,\N,\N,\N,0
12,388,1,11,\N,0,0,100,10,0,0,0,0,0,\N,0,0,0,0,247,0,0,0,\N,\N,\N,\N,\N,\N,0
12,389,1,16,\N,1,80,100,5,1,0,0,0,0,\N,0,0,0,0,248,0,0,0,\N,\N,\N,\N,\N,\N,0
12,390,1,3,\N,0,0,0,20,0,0,0,0,0,\N,0,0,0,0,249,0,0,11,\N,\N,\N,\N,\N,\N,0
12,391,1,13,\N,0,0,0,10,0,0,0,0,0,\N,0,0,0,0,250,0,0,0,\N,\N,\N,\N,\N,\N,0
12,392,1,10,\N,0,0,0,20,0,0,0,0,0,\N,0,0,0,0,251,0,0,7,\N,\N,\N,\N,\N,\N,0
12,393,1,12,\N,0,0,0,10,0,0,0,0,0,\N,5,5,0,0,252,0,0,7,\N,\N,\N,\N,\N,\N,0
12,394,1,9,\N,1,120,100,15,0,0,0,4,10,\N,0,0,0,0,253,-33,0,0,\N,\N,\N,\N,\N,\N,10
12,395,1,1,\N,1,60,100,10,0,0,0,1,30,\N,0,0,0,0,6,0,0,0,\N,\N,\N,\N,\N,\N,30
12,396,1,1,\N,2,90,0,20,0,0,0,0,0,\N,0,0,0,0,17,0,0,0,\N,\N,\N,\N,\N,\N,0
12,397,1,5,\N,0,0,0,20,0,0,0,0,0,\N,0,0,0,0,52,0,0,7,\N,\N,\N,\N,\N,\N,0
12,398,1,3,\N,1,80,100,20,0,0,0,5,30,\N,0,0,0,0,2,0,0,0,\N,\N,\N,\N,\N,\N,30
12,399,1,16,\N,2,80,100,15,0,0,0,0,0,\N,0,0,0,20,31,0,0,0,\N,\N,\N,\N,\N,\N,20
12,400,1,16,\N,1,70,100,15,0,0,0,0,0,\N,0,0,1,0,43,0,0,0,\N,\N,\N,\N,\N,\N,0
12,401,1,10,\N,1,90,90,10,0,0,0,0,0,\N,0,0,0,0,0,0,0,0,\N,\N,\N,\N,\N,\N,0
12,402,1,11,\N,1,80,100,15,0,0,0,0,0,\N,0,0,0,0,0,0,0,0,\N,\N,\N,\N,\N,\N,0
12,403,1,2,\N,2,75,95,20,0,0,0,0,0,\N,0,0,0,30,31,0,0,0,\N,\N,\N,\N,\N,\N,30
12,404,1,6,\N,1,80,100,15,0,0,0,0,0,\N,0,0,0,0,0,0,0,0,\N,\N,\N,\N,\N,\N,0
12,405,1,6,\N,2,90,100,10,0,0,0,0,0,\N,0,0,0,0,72,0,0,0,\N,\N,\N,\N,\N,\N,10
12,406,1,15,\N,2,90,100,10,0,0,0,0,0,\N,0,0,0,0,0,0,0,0,\N,\N,\N,\N,\N,\N,0
12,407,1,15,\N,1,100,75,10,0,0,0,0,0,\N,0,0,0,20,31,0,0,0,\N,\N,\N,\N,\N,\N,20
12,408,1,5,\N,2,70,100,20,0,0,0,0,0,\N,0,0,0,0,0,0,0,0,\N,\N,\N,\N,\N,\N,0
12,409,1,1,\N,1,60,100,5,0,0,0,0,0,\N,0,0,0,0,3,50,0,0,\N,\N,\N,\N,\N,\N,0
12,410,1,1,\N,2,40,100,30,1,0,0,0,0,\N,0,0,0,0,103,0,0,0,\N,\N,\N,\N,\N,\N,0
12,411,1,1,\N,2,120,70,5,0,0,0,0,0,\N,0,0,0,0,72,0,0,0,\N,\N,\N,\N,\N,\N,10
12,412,1,11,\N,2,80,100,10,0,0,0,0,0,\N,0,0,0,0,72,0,0,0,\N,\N,\N,\N,\N,\N,10
12,413,1,2,\N,1,120,100,15,0,0,0,0,0,\N,0,0,0,0,198,-33,0,0,\N,\N,\N,\N,\N,\N,0
12,414,1,4,\N,2,90,100,10,0,0,0,0,0,\N,0,0,0,0,72,0,0,0,\N,\N,\N,\N,\N,\N,10
12,415,1,16,\N,0,0,100,10,0,0,0,0,0,\N,0,0,0,0,177,0,0,0,\N,\N,\N,\N,\N,\N,0
12,416,1,0,\N,1,150,90,5,0,0,0,0,0,\N,0,0,0,0,80,0,0,0,\N,\N,\N,\N,\N,\N,0
12,417,1,16,\N,0,0,0,20,0,0,0,0,0,\N,0,0,0,0,53,0,0,7,\N,\N,\N,\N,\N,\N,0
12,418,1,8,\N,1,40,100,30,1,0,0,0,0,\N,0,0,0,0,103,0,0,0,\N,\N,\N,\N,\N,\N,0
12,419,1,14,\N,1,60,100,10,-4,0,0,0,0,\N,0,0,0,0,185,0,0,0,\N,\N,\N,\N,\N,\N,0
12,420,1,14,\N,1,40,100,30,1,0,0,0,0,\N,0,0,0,0,103,0,0,0,\N,\N,\N,\N,\N,\N,0
12,421,1,7,\N,1,70,100,15,0,0,0,0,0,\N,0,0,1,0,43,0,0,0,\N,\N,\N,\N,\N,\N,0
12,422,1,12,\N,1,65,95,15,0,0,0,1,10,\N,0,0,0,10,275,0,0,0,\N,\N,\N,\N,\N,\N,10
12,423,1,14,\N,1,65,95,15,0,0,0,3,10,\N,0,0,0,10,274,0,0,0,\N,\N,\N,\N,\N,\N,10
12,424,1,9,\N,1,65,95,15,0,0,0,4,10,\N,0,0,0,10,273,0,0,0,\N,\N,\N,\N,\N,\N,10
12,425,1,7,\N,1,40,100,30,1,0,0,0,0,\N,0,0,0,0,103,0,0,0,\N,\N,\N,\N,\N,\N,0
12,426,1,4,\N,2,65,85,10,0,0,0,0,0,\N,0,0,0,0,73,0,0,0,\N,\N,\N,\N,\N,\N,30
12,427,1,13,\N,1,70,100,20,0,0,0,0,0,\N,0,0,1,0,43,0,0,0,\N,\N,\N,\N,\N,\N,0
12,428,1,13,\N,1,80,90,15,0,0,0,0,0,\N,0,0,0,20,31,0,0,0,\N,\N,\N,\N,\N,\N,20
12,429,1,8,\N,2,65,85,10,0,0,0,0,0,\N,0,0,0,0,73,0,0,0,\N,\N,\N,\N,\N,\N,30
12,430,1,8,\N,2,80,100,10,0,0,0,0,0,\N,0,0,0,0,72,0,0,0,\N,\N,\N,\N,\N,\N,10
12,431,1,0,\N,1,90,85,20,0,0,0,6,20,\N,2,5,0,0,76,0,0,0,\N,\N,\N,\N,\N,\N,20
12,432,1,2,\N,0,0,0,15,0,0,0,0,0,\N,0,0,0,0,258,0,0,0,\N,\N,\N,\N,\N,\N,0
12,433,1,13,\N,0,0,0,5,-7,0,0,0,0,\N,0,0,0,0,259,0,0,10,\N,\N,\N,\N,\N,\N,0
12,434,1,15,\N,2,140,90,5,0,0,0,0,0,\N,0,0,0,0,204,0,0,0,\N,\N,\N,\N,\N,\N,100
12,435,1,12,\N,2,80,100,15,0,0,0,1,30,\N,0,0,0,0,6,0,0,4,\N,\N,\N,\N,\N,\N,30
12,436,1,9,\N,2,80,100,15,0,0,0,4,30,\N,0,0,0,0,4,0,0,4,\N,\N,\N,\N,\N,\N,30
12,437,1,11,\N,2,140,90,5,0,0,0,0,0,\N,0,0,0,0,204,0,0,0,\N,\N,\N,\N,\N,\N,100
12,438,1,11,\N,1,120,85,10,0,0,0,0,0,\N,0,0,0,0,0,0,0,0,\N,\N,\N,\N,\N,\N,0
12,439,1,5,\N,1,150,90,5,0,0,0,0,0,\N,0,0,0,0,80,0,0,0,\N,\N,\N,\N,\N,\N,0
12,440,1,3,\N,1,70,100,20,0,0,0,5,10,\N,0,0,1,0,209,0,0,0,\N,\N,\N,\N,\N,\N,10
12,441,1,3,\N,1,120,70,5,0,0,0,5,30,\N,0,0,0,0,2,0,0,0,\N,\N,\N,\N,\N,\N,30
12,442,1,8,\N,1,80,100,15,0,0,0,0,0,\N,0,0,0,30,31,0,0,0,\N,\N,\N,\N,\N,\N,30
12,443,1,8,\N,1,60,0,20,0,0,0,0,0,\N,0,0,0,0,17,0,0,0,\N,\N,\N,\N,\N,\N,0
12,444,1,5,\N,1,100,80,5,0,0,0,0,0,\N,0,0,1,0,43,0,0,0,\N,\N,\N,\N,\N,\N,0
12,445,1,0,\N,0,0,100,20,0,0,0,0,0,\N,0,0,0,0,265,0,0,5,\N,\N,\N,\N,\N,\N,0
12,446,1,5,\N,0,0,0,20,0,0,0,0,0,\N,0,0,0,0,266,0,0,11,\N,\N,\N,\N,\N,\N,0
12,447,1,11,\N,2,1,100,20,0,0,0,0,0,\N,0,0,0,0,196,0,0,0,\N,\N,\N,\N,\N,\N,0
12,448,1,2,\N,2,60,100,20,0,0,0,6,0,\N,2,5,0,0,267,0,0,0,\N,\N,\N,\N,\N,\N,0
12,449,1,0,\N,2,100,100,10,0,0,0,0,0,\N,0,0,0,0,268,0,0,0,\N,\N,\N,\N,\N,\N,0
12,450,1,6,\N,1,60,100,20,0,0,0,0,0,\N,0,0,0,0,224,0,0,0,\N,\N,\N,\N,\N,\N,0
12,451,1,12,\N,2,50,90,10,0,0,0,0,0,\N,0,0,0,0,276,0,0,0,\N,\N,\N,\N,\N,\N,70
12,452,1,11,\N,1,120,100,15,0,0,0,0,0,\N,0,0,0,0,198,-33,0,0,\N,\N,\N,\N,\N,\N,0
12,453,1,10,\N,1,40,100,20,1,0,0,0,0,\N,0,0,0,0,103,0,0,0,\N,\N,\N,\N,\N,\N,0
12,454,1,6,\N,1,90,100,15,0,0,0,0,0,\N,0,0,1,0,43,0,0,0,\N,\N,\N,\N,\N,\N,0
12,455,1,6,\N,0,0,0,10,0,0,0,0,0,\N,0,0,0,0,206,0,0,7,\N,\N,\N,\N,\N,\N,0
12,456,1,6,\N,0,0,0,10,0,0,0,0,0,\N,0,0,0,0,32,0,50,7,\N,\N,\N,\N,\N,\N,0
12,457,1,5,\N,1,150,80,5,0,0,0,0,0,\N,0,0,0,0,269,-50,0,0,\N,\N,\N,\N,\N,\N,0
12,458,1,0,\N,1,35,90,10,0,2,2,0,0,\N,0,0,0,0,44,0,0,0,\N,\N,\N,\N,\N,\N,0
12,459,1,15,\N,2,150,90,5,0,0,0,0,0,\N,0,0,0,0,80,0,0,0,\N,\N,\N,\N,\N,\N,0
12,460,1,15,\N,2,100,95,5,0,0,0,0,0,\N,0,0,1,0,43,0,0,0,\N,\N,\N,\N,\N,\N,0
12,461,1,13,\N,0,0,0,10,0,0,0,0,0,\N,0,0,0,0,270,0,0,7,\N,\N,\N,\N,\N,\N,0
12,462,1,0,\N,1,1,100,5,0,0,0,0,0,\N,0,0,0,0,237,0,0,0,\N,\N,\N,\N,\N,\N,0
12,463,1,9,\N,2,120,70,5,0,0,0,8,100,\N,3,6,0,0,42,0,0,0,\N,\N,\N,\N,\N,\N,0
12,464,1,16,\N,0,0,80,10,0,0,0,2,0,\N,2,7,0,0,1,0,0,5,\N,\N,\N,\N,\N,\N,0
12,465,1,11,\N,2,120,85,5,0,0,0,0,0,\N,0,0,0,0,271,0,0,0,\N,\N,\N,\N,\N,\N,40
12,466,1,7,\N,2,60,100,5,0,0,0,0,10,\N,0,0,0,0,140,0,0,0,\N,\N,\N,\N,\N,\N,10
12,467,1,7,\N,1,120,100,5,0,0,0,0,0,\N,0,0,0,0,272,0,0,0,\N,\N,\N,\N,\N,\N,0
12,10001,1,1,\N,2,1,100,15,0,0,0,0,0,\N,0,0,0,0,135,0,0,0,\N,\N,\N,\N,\N,\N,0
12,10002,1,2,\N,2,1,100,15,0,0,0,0,0,\N,0,0,0,0,135,0,0,0,\N,\N,\N,\N,\N,\N,0
12,10003,1,3,\N,2,1,100,15,0,0,0,0,0,\N,0,0,0,0,135,0,0,0,\N,\N,\N,\N,\N,\N,0
12,10004,1,4,\N,2,1,100,15,0,0,0,0,0,\N,0,0,0,0,135,0,0,0,\N,\N,\N,\N,\N,\N,0
12,10005,1,5,\N,2,1,100,15,0,0,0,0,0,\N,0,0,0,0,135,0,0,0,\N,\N,\N,\N,\N,\N,0
12,10006,1,6,\N,2,1,100,15,0,0,0,0,0,\N,0,0,0,0,135,0,0,0,\N,\N,\N,\N,\N,\N,0
12,10007,1,7,\N,2,1,100,15,0,0,0,0,0,\N,0,0,0,0,135,0,0,0,\N,\N,\N,\N,\N,\N,0
12,10008,1,8,\N,2,1,100,15,0,0,0,0,0,\N,0,0,0,0,135,0,0,0,\N,\N,\N,\N,\N,\N,0
12,10009,1,9,\N,2,1,100,15,0,0,0,0,0,\N,0,0,0,0,135,0,0,0,\N,\N,\N,\N,\N,\N,0
12,10010,1,10,\N,2,1,100,15,0,0,0,0,0,\N,0,0,0,0,135,0,0,0,\N,\N,\N,\N,\N,\N,0
12,10011,1,11,\N,2,1,100,15,0,0,0,0,0,\N,0,0,0,0,135,0,0,0,\N,\N,\N,\N,\N,\N,0
12,10012,1,12,\N,2,1,100,15,0,0,0,0,0,\N,0,0,0,0,135,0,0,0,\N,\N,\N,\N,\N,\N,0
12,10013,1,13,\N,2,1,100,15,0,0,0,0,0,\N,0,0,0,0,135,0,0,0,\N,\N,\N,\N,\N,\N,0
12,10014,1,14,\N,2,1,100,15,0,0,0,0,0,\N,0,0,0,0,135,0,0,0,\N,\N,\N,\N,\N,\N,0
12,10015,1,15,\N,2,1,100,15,0,0,0,0,0,\N,0,0,0,0,135,0,0,0,\N,\N,\N,\N,\N,\N,0
12,10016,1,16,\N,2,1,100,15,0,0,0,0,0,\N,0,0,0,0,135,0,0,0,\N,\N,\N,\N,\N,\N,0
13,1,1,0,\N,1,40,100,35,0,0,0,0,0,\N,0,0,0,0,0,0,0,0,\N,\N,\N,\N,\N,\N,0
13,2,1,1,\N,1,50,100,25,0,0,0,0,0,\N,0,0,1,0,43,0,0,0,\N,\N,\N,\N,\N,\N,0
13,3,1,0,\N,1,15,85,10,0,2,5,0,0,\N,0,0,0,0,29,0,0,0,\N,\N,\N,\N,\N,\N,0
13,4,1,0,\N,1,18,85,15,0,2,5,0,0,\N,0,0,0,0,29,0,0,0,\N,\N,\N,\N,\N,\N,0
13,5,1,0,\N,1,80,85,20,0,0,0,0,0,\N,0,0,0,0,0,0,0,0,\N,\N,\N,\N,\N,\N,0
13,6,1,0,\N,1,40,100,20,0,0,0,0,0,\N,0,0,0,0,34,0,0,0,\N,\N,\N,\N,\N,\N,0
13,7,1,9,\N,1,75,100,15,0,0,0,4,10,\N,0,0,0,0,4,0,0,0,\N,\N,\N,\N,\N,\N,10
13,8,1,14,\N,1,75,100,15,0,0,0,3,10,\N,0,0,0,0,5,0,0,0,\N,\N,\N,\N,\N,\N,10
13,9,1,12,\N,1,75,100,15,0,0,0,1,10,\N,0,0,0,0,6,0,0,0,\N,\N,\N,\N,\N,\N,10
13,10,1,0,\N,1,40,100,35,0,0,0,0,0,\N,0,0,0,0,0,0,0,0,\N,\N,\N,\N,\N,\N,0
13,11,1,0,\N,1,55,100,30,0,0,0,0,0,\N,0,0,0,0,0,0,0,0,\N,\N,\N,\N,\N,\N,0
13,12,1,0,\N,1,1,30,5,0,0,0,0,0,\N,0,0,0,0,38,0,0,0,\N,\N,\N,\N,\N,\N,0
13,13,1,0,\N,2,80,100,10,0,0,0,0,0,\N,0,0,1,0,39,0,0,5,\N,\N,\N,\N,\N,\N,0
13,14,1,0,\N,0,0,0,30,0,0,0,0,0,\N,0,0,0,0,50,0,0,7,\N,\N,\N,\N,\N,\N,0
13,15,1,0,\N,1,50,95,30,0,0,0,0,0,\N,0,0,0,0,0,0,0,0,\N,\N,\N,\N,\N,\N,0
13,16,1,2,\N,2,40,100,35,0,0,0,0,0,\N,0,0,0,0,149,0,0,0,\N,\N,\N,\N,\N,\N,0
13,17,1,2,\N,1,60,100,35,0,0,0,0,0,\N,0,0,0,0,0,0,0,0,\N,\N,\N,\N,\N,\N,0
13,18,1,0,\N,0,0,100,20,-6,0,0,0,0,\N,0,0,0,0,28,0,0,0,\N,\N,\N,\N,\N,\N,0
13,19,1,2,\N,1,90,95,15,0,0,0,0,0,\N,0,0,0,0,155,0,0,0,\N,\N,\N,\N,\N,\N,0
13,20,1,0,\N,1,15,75,20,0,0,0,8,100,\N,3,6,0,0,42,0,0,0,\N,\N,\N,\N,\N,\N,0
13,21,1,0,\N,1,80,75,20,0,0,0,0,0,\N,0,0,0,0,0,0,0,0,\N,\N,\N,\N,\N,\N,0
13,22,1,11,\N,1,35,100,15,0,0,0,0,0,\N,0,0,0,0,0,0,0,0,\N,\N,\N,\N,\N,\N,0
13,23,1,0,\N,1,65,100,20,0,0,0,0,0,\N,0,0,0,30,150,0,0,0,\N,\N,\N,\N,\N,\N,30
13,24,1,1,\N,1,30,100,30,0,2,2,0,0,\N,0,0,0,0,44,0,0,0,\N,\N,\N,\N,\N,\N,0
13,25,1,0,\N,1,120,75,5,0,0,0,0,0,\N,0,0,0,0,0,0,0,0,\N,\N,\N,\N,\N,\N,0
13,26,1,1,\N,1,85,95,25,0,0,0,0,0,\N,0,0,0,0,45,0,0,0,\N,\N,\N,\N,\N,\N,0
13,27,1,1,\N,1,60,85,15,0,0,0,0,0,\N,0,0,0,30,31,0,0,0,\N,\N,\N,\N,\N,\N,30
13,28,1,4,\N,0,0,100,15,0,0,0,0,0,\N,0,0,0,0,23,0,0,0,\N,\N,\N,\N,\N,\N,0
13,29,1,0,\N,1,70,100,15,0,0,0,0,0,\N,0,0,0,30,31,0,0,0,\N,\N,\N,\N,\N,\N,30
13,30,1,0,\N,1,65,100,25,0,0,0,0,0,\N,0,0,0,0,0,0,0,0,\N,\N,\N,\N,\N,\N,0
13,31,1,0,\N,1,15,85,20,0,2,5,0,0,\N,0,0,0,0,29,0,0,0,\N,\N,\N,\N,\N,\N,0
13,32,1,0,\N,1,1,30,5,0,0,0,0,0,\N,0,0,0,0,38,0,0,0,\N,\N,\N,\N,\N,\N,0
13,33,1,0,\N,1,35,95,35,0,0,0,0,0,\N,0,0,0,0,0,0,0,0,\N,\N,\N,\N,\N,\N,0
13,34,1,0,\N,1,85,100,15,0,0,0,1,30,\N,0,0,0,0,6,0,0,0,\N,\N,\N,\N,\N,\N,30
13,35,1,0,\N,1,15,85,20,0,0,0,8,100,\N,3,6,0,0,42,0,0,0,\N,\N,\N,\N,\N,\N,0
13,36,1,0,\N,1,90,85,20,0,0,0,0,0,\N,0,0,0,0,48,-25,0,0,\N,\N,\N,\N,\N,\N,0
13,37,1,0,\N,1,90,100,20,0,0,0,0,0,\N,0,0,0,0,27,0,0,9,\N,\N,\N,\N,\N,\N,0
13,38,1,0,\N,1,120,100,15,0,0,0,0,0,\N,0,0,0,0,198,-33,0,0,\N,\N,\N,\N,\N,\N,0
13,39,1,0,\N,0,0,100,30,0,0,0,0,0,\N,0,0,0,0,19,0,0,5,\N,\N,\N,\N,\N,\N,0
13,40,1,3,\N,1,15,100,35,0,0,0,5,30,\N,0,0,0,0,2,0,0,0,\N,\N,\N,\N,\N,\N,30
13,41,1,6,\N,1,25,100,20,0,2,2,5,20,\N,0,0,0,0,77,0,0,0,\N,\N,\N,\N,\N,\N,20
13,42,1,6,\N,1,14,85,20,0,2,5,0,0,\N,0,0,0,0,29,0,0,0,\N,\N,\N,\N,\N,\N,0
13,43,1,0,\N,0,0,100,30,0,0,0,0,0,\N,0,0,0,0,19,0,0,5,\N,\N,\N,\N,\N,\N,0
13,44,1,16,\N,1,60,100,25,0,0,0,0,0,\N,0,0,0,30,31,0,0,0,\N,\N,\N,\N,\N,\N,30
13,45,1,0,\N,0,0,100,40,0,0,0,0,0,\N,0,0,0,0,18,0,0,5,\N,\N,\N,\N,\N,\N,0
13,46,1,0,\N,0,0,100,20,-6,0,0,0,0,\N,0,0,0,0,28,0,0,0,\N,\N,\N,\N,\N,\N,0
13,47,1,0,\N,0,0,55,15,0,0,0,2,0,\N,2,7,0,0,1,0,0,0,\N,\N,\N,\N,\N,\N,0
13,48,1,0,\N,0,0,55,20,0,0,0,6,0,\N,2,5,0,0,49,0,0,0,\N,\N,\N,\N,\N,\N,0
13,49,1,0,\N,2,1,90,20,0,0,0,0,0,\N,0,0,0,0,130,0,0,0,\N,\N,\N,\N,\N,\N,0
13,50,1,0,\N,0,0,80,20,0,0,0,13,0,\N,4,7,0,0,86,0,0,0,\N,\N,\N,\N,\N,\N,0
13,51,1,3,\N,2,40,100,30,0,0,0,0,0,\N,0,0,0,0,72,0,0,5,\N,\N,\N,\N,\N,\N,10
13,52,1,9,\N,2,40,100,25,0,0,0,4,10,\N,0,0,0,0,4,0,0,0,\N,\N,\N,\N,\N,\N,10
13,53,1,9,\N,2,95,100,15,0,0,0,4,10,\N,0,0,0,0,4,0,0,0,\N,\N,\N,\N,\N,\N,10
13,54,1,14,\N,0,0,0,30,0,0,0,0,0,\N,0,0,0,0,46,0,0,12,\N,\N,\N,\N,\N,\N,0
13,55,1,10,\N,2,40,100,25,0,0,0,0,0,\N,0,0,0,0,0,0,0,0,\N,\N,\N,\N,\N,\N,0
13,56,1,10,\N,2,120,80,5,0,0,0,0,0,\N,0,0,0,0,0,0,0,0,\N,\N,\N,\N,\N,\N,0
13,57,1,10,\N,2,95,100,15,0,0,0,0,0,\N,0,0,0,0,257,0,0,4,\N,\N,\N,\N,\N,\N,0
13,58,1,14,\N,2,95,100,10,0,0,0,3,10,\N,0,0,0,0,5,0,0,0,\N,\N,\N,\N,\N,\N,10
13,59,1,14,\N,2,120,70,5,0,0,0,3,10,\N,0,0,0,0,260,0,0,5,\N,\N,\N,\N,\N,\N,10
13,60,1,13,\N,2,65,100,20,0,0,0,6,10,\N,2,5,0,0,76,0,0,0,\N,\N,\N,\N,\N,\N,10
13,61,1,10,\N,2,65,100,20,0,0,0,0,0,\N,0,0,0,0,70,0,0,0,\N,\N,\N,\N,\N,\N,10
13,62,1,14,\N,2,65,100,20,0,0,0,0,0,\N,0,0,0,0,68,0,0,0,\N,\N,\N,\N,\N,\N,10
13,63,1,0,\N,2,150,90,5,0,0,0,0,0,\N,0,0,0,0,80,0,0,0,\N,\N,\N,\N,\N,\N,0
13,64,1,2,\N,1,35,100,35,0,0,0,0,0,\N,0,0,0,0,0,0,0,0,\N,\N,\N,\N,\N,\N,0
13,65,1,2,\N,1,80,100,20,0,0,0,0,0,\N,0,0,0,0,0,0,0,0,\N,\N,\N,\N,\N,\N,0
13,66,1,1,\N,1,80,80,25,0,0,0,0,0,\N,0,0,0,0,48,-25,0,0,\N,\N,\N,\N,\N,\N,0
13,67,1,1,\N,1,1,100,20,0,0,0,0,0,\N,0,0,0,0,196,0,0,0,\N,\N,\N,\N,\N,\N,0
13,68,1,1,\N,1,1,100,20,-5,0,0,0,0,\N,0,0,0,0,89,0,0,13,\N,\N,\N,\N,\N,\N,0
13,69,1,1,\N,1,1,100,20,0,0,0,0,0,\N,0,0,0,0,87,0,0,0,\N,\N,\N,\N,\N,\N,0
13,70,1,0,\N,1,80,100,15,0,0,0,0,0,\N,0,0,0,0,0,0,0,0,\N,\N,\N,\N,\N,\N,0
13,71,1,11,\N,2,20,100,25,0,0,0,0,0,\N,0,0,0,0,3,50,0,0,\N,\N,\N,\N,\N,\N,0
13,72,1,11,\N,2,40,100,15,0,0,0,0,0,\N,0,0,0,0,3,50,0,0,\N,\N,\N,\N,\N,\N,0
13,73,1,11,\N,0,0,90,10,0,0,0,18,0,\N,0,0,0,0,84,0,0,0,\N,\N,\N,\N,\N,\N,0
13,74,1,0,\N,0,0,0,40,0,0,0,0,0,\N,0,0,0,0,13,0,0,7,\N,\N,\N,\N,\N,\N,0
13,75,1,11,\N,1,55,95,25,0,0,0,0,0,\N,0,0,1,0,43,0,0,5,\N,\N,\N,\N,\N,\N,0
13,76,1,11,\N,2,120,100,10,0,0,0,0,0,\N,0,0,0,0,151,0,0,0,\N,\N,\N,\N,\N,\N,0
13,77,1,3,\N,0,0,75,35,0,0,0,5,0,\N,0,0,0,0,66,0,0,0,\N,\N,\N,\N,\N,\N,0
13,78,1,11,\N,0,0,75,30,0,0,0,1,0,\N,0,0,0,0,67,0,0,0,\N,\N,\N,\N,\N,\N,0
13,79,1,11,\N,0,0,75,15,0,0,0,2,0,\N,2,7,0,0,1,0,0,0,\N,\N,\N,\N,\N,\N,0
13,80,1,11,\N,2,90,100,20,0,0,0,0,0,\N,0,0,0,0,27,0,0,9,\N,\N,\N,\N,\N,\N,0
13,81,1,6,\N,0,0,95,40,0,0,0,0,0,\N,0,0,0,0,20,0,0,5,\N,\N,\N,\N,\N,\N,0
13,82,1,15,\N,2,1,100,10,0,0,0,0,0,\N,0,0,0,0,41,0,0,0,\N,\N,\N,\N,\N,\N,0
13,83,1,9,\N,2,15,70,15,0,0,0,8,100,\N,3,6,0,0,42,0,0,0,\N,\N,\N,\N,\N,\N,0
13,84,1,12,\N,2,40,100,30,0,0,0,1,10,\N,0,0,0,0,6,0,0,0,\N,\N,\N,\N,\N,\N,10
13,85,1,12,\N,2,95,100,15,0,0,0,1,10,\N,0,0,0,0,6,0,0,0,\N,\N,\N,\N,\N,\N,10
13,86,1,12,\N,0,0,100,20,0,0,0,1,0,\N,0,0,0,0,67,0,0,0,\N,\N,\N,\N,\N,\N,0
13,87,1,12,\N,2,120,70,10,0,0,0,1,30,\N,0,0,0,0,152,0,0,0,\N,\N,\N,\N,\N,\N,30
13,88,1,5,\N,1,50,90,15,0,0,0,0,0,\N,0,0,0,0,0,0,0,0,\N,\N,\N,\N,\N,\N,0
13,89,1,4,\N,1,100,100,10,0,0,0,0,0,\N,0,0,0,0,147,0,0,4,\N,\N,\N,\N,\N,\N,0
13,90,1,4,\N,1,1,30,5,0,0,0,0,0,\N,0,0,0,0,38,0,0,0,\N,\N,\N,\N,\N,\N,0
13,91,1,4,\N,1,80,100,10,0,0,0,0,0,\N,0,0,0,0,256,0,0,0,\N,\N,\N,\N,\N,\N,0
13,92,1,3,\N,0,0,85,10,0,0,0,5,0,\N,15,15,0,0,33,0,0,0,\N,\N,\N,\N,\N,\N,0
13,93,1,13,\N,2,50,100,25,0,0,0,6,10,\N,2,5,0,0,76,0,0,0,\N,\N,\N,\N,\N,\N,10
13,94,1,13,\N,2,90,100,10,0,0,0,0,0,\N,0,0,0,0,72,0,0,0,\N,\N,\N,\N,\N,\N,10
13,95,1,13,\N,0,0,60,20,0,0,0,2,0,\N,2,7,0,0,1,0,0,0,\N,\N,\N,\N,\N,\N,0
13,96,1,13,\N,0,0,0,40,0,0,0,0,0,\N,0,0,0,0,10,0,0,7,\N,\N,\N,\N,\N,\N,0
13,97,1,13,\N,0,0,0,30,0,0,0,0,0,\N,0,0,0,0,52,0,0,7,\N,\N,\N,\N,\N,\N,0
13,98,1,0,\N,1,40,100,30,1,0,0,0,0,\N,0,0,0,0,103,0,0,0,\N,\N,\N,\N,\N,\N,0
13,99,1,0,\N,1,20,100,20,0,0,0,0,0,\N,0,0,0,0,81,0,0,0,\N,\N,\N,\N,\N,\N,0
13,100,1,13,\N,0,0,0,20,0,0,0,0,0,\N,0,0,0,0,153,0,0,7,\N,\N,\N,\N,\N,\N,0
13,101,1,7,\N,2,1,100,15,0,0,0,0,0,\N,0,0,0,0,87,0,0,0,\N,\N,\N,\N,\N,\N,0
13,102,1,0,\N,0,0,0,10,0,0,0,0,0,\N,0,0,0,0,82,0,0,0,\N,\N,\N,\N,\N,\N,0
13,103,1,0,\N,0,0,85,40,0,0,0,0,0,\N,0,0,0,0,59,0,0,0,\N,\N,\N,\N,\N,\N,0
13,104,1,0,\N,0,0,0,15,0,0,0,0,0,\N,0,0,0,0,16,0,0,7,\N,\N,\N,\N,\N,\N,0
13,105,1,0,\N,0,0,0,10,0,0,0,0,0,\N,0,0,0,0,32,0,50,7,\N,\N,\N,\N,\N,\N,0
13,106,1,0,\N,0,0,0,30,0,0,0,0,0,\N,0,0,0,0,11,0,0,7,\N,\N,\N,\N,\N,\N,0
13,107,1,0,\N,0,0,0,20,0,0,0,0,0,\N,0,0,0,0,108,0,0,7,\N,\N,\N,\N,\N,\N,0
13,108,1,0,\N,0,0,100,20,0,0,0,0,0,\N,0,0,0,0,23,0,0,0,\N,\N,\N,\N,\N,\N,0
13,109,1,7,\N,0,0,100,10,0,0,0,6,0,\N,2,5,0,0,49,0,0,0,\N,\N,\N,\N,\N,\N,0
13,110,1,10,\N,0,0,0,40,0,0,0,0,0,\N,0,0,0,0,11,0,0,7,\N,\N,\N,\N,\N,\N,0
13,111,1,0,\N,0,0,0,40,0,0,0,0,0,\N,0,0,0,0,156,0,0,7,\N,\N,\N,\N,\N,\N,0
13,112,1,13,\N,0,0,0,30,0,0,0,0,0,\N,0,0,0,0,51,0,0,7,\N,\N,\N,\N,\N,\N,0
13,113,1,13,\N,0,0,0,30,0,0,0,0,0,\N,0,0,0,0,35,0,0,12,\N,\N,\N,\N,\N,\N,0
13,114,1,14,\N,0,0,0,30,0,0,0,0,0,\N,0,0,0,0,25,0,0,10,\N,\N,\N,\N,\N,\N,0
13,115,1,13,\N,0,0,0,20,0,0,0,0,0,\N,0,0,0,0,65,0,0,12,\N,\N,\N,\N,\N,\N,0
13,116,1,0,\N,0,0,0,30,0,0,0,0,0,\N,0,0,0,0,47,0,0,7,\N,\N,\N,\N,\N,\N,0
13,117,1,0,\N,1,1,0,10,1,0,0,0,0,\N,0,0,0,0,26,0,0,7,\N,\N,\N,\N,\N,\N,0
13,118,1,0,\N,0,0,0,10,0,0,0,0,0,\N,0,0,0,0,83,0,0,13,\N,\N,\N,\N,\N,\N,0
13,119,1,2,\N,0,0,0,20,0,0,0,0,0,\N,0,0,0,0,9,0,0,13,\N,\N,\N,\N,\N,\N,0
13,120,1,0,\N,1,200,100,5,0,0,0,0,0,\N,0,0,0,0,7,0,0,4,\N,\N,\N,\N,\N,\N,0
13,121,1,0,\N,1,100,75,10,0,0,0,0,0,\N,0,0,0,0,0,0,0,0,\N,\N,\N,\N,\N,\N,0
13,122,1,7,\N,1,20,100,30,0,0,0,1,30,\N,0,0,0,0,6,0,0,0,\N,\N,\N,\N,\N,\N,30
13,123,1,3,\N,2,20,70,20,0,0,0,5,40,\N,0,0,0,0,2,0,0,0,\N,\N,\N,\N,\N,\N,40
13,124,1,3,\N,2,65,100,20,0,0,0,5,30,\N,0,0,0,0,2,0,0,0,\N,\N,\N,\N,\N,\N,30
13,125,1,4,\N,1,65,85,20,0,0,0,0,0,\N,0,0,0,10,31,0,0,0,\N,\N,\N,\N,\N,\N,10
13,126,1,9,\N,2,120,85,5,0,0,0,4,10,\N,0,0,0,0,4,0,0,0,\N,\N,\N,\N,\N,\N,10
13,127,1,10,\N,1,80,100,15,0,0,0,0,0,\N,0,0,0,20,31,0,0,0,\N,\N,\N,\N,\N,\N,20
13,128,1,10,\N,1,35,75,10,0,0,0,8,100,\N,3,6,0,0,42,0,0,0,\N,\N,\N,\N,\N,\N,0
13,129,1,0,\N,2,60,0,20,0,0,0,0,0,\N,0,0,0,0,17,0,0,5,\N,\N,\N,\N,\N,\N,0
13,130,1,0,\N,1,100,100,15,0,0,0,0,100,\N,0,0,0,0,145,0,0,0,\N,\N,\N,\N,\N,\N,100
13,131,1,0,\N,1,20,100,15,0,2,5,0,0,\N,0,0,0,0,29,0,0,0,\N,\N,\N,\N,\N,\N,0
13,132,1,0,\N,1,10,100,35,0,0,0,0,0,\N,0,0,0,0,70,0,0,0,\N,\N,\N,\N,\N,\N,10
13,133,1,13,\N,0,0,0,20,0,0,0,0,0,\N,0,0,0,0,54,0,0,7,\N,\N,\N,\N,\N,\N,0
13,134,1,13,\N,0,0,80,15,0,0,0,0,0,\N,0,0,0,0,23,0,0,0,\N,\N,\N,\N,\N,\N,0
13,135,1,0,\N,0,0,0,10,0,0,0,0,0,\N,0,0,0,0,32,0,50,7,\N,\N,\N,\N,\N,\N,0
13,136,1,1,\N,1,100,90,20,0,0,0,0,0,\N,0,0,0,0,45,0,0,0,\N,\N,\N,\N,\N,\N,0
13,137,1,0,\N,0,0,75,30,0,0,0,1,0,\N,0,0,0,0,67,0,0,0,\N,\N,\N,\N,\N,\N,0
13,138,1,13,\N,2,100,100,15,0,0,0,0,0,\N,0,0,0,0,8,50,0,0,\N,\N,\N,\N,\N,\N,0
13,139,1,3,\N,0,0,55,40,0,0,0,5,0,\N,0,0,0,0,66,0,0,0,\N,\N,\N,\N,\N,\N,0
13,140,1,0,\N,1,15,85,20,0,2,5,0,0,\N,0,0,0,0,29,0,0,0,\N,\N,\N,\N,\N,\N,0
13,141,1,6,\N,1,20,100,15,0,0,0,0,0,\N,0,0,0,0,3,50,0,0,\N,\N,\N,\N,\N,\N,0
13,142,1,0,\N,0,0,75,10,0,0,0,2,0,\N,2,7,0,0,1,0,0,0,\N,\N,\N,\N,\N,\N,0
13,143,1,2,\N,1,140,90,5,0,0,0,0,0,\N,0,0,1,30,75,0,0,0,\N,\N,\N,\N,\N,\N,30
13,144,1,0,\N,0,0,0,10,0,0,0,0,0,\N,0,0,0,0,57,0,0,0,\N,\N,\N,\N,\N,\N,0
13,145,1,10,\N,2,20,100,30,0,0,0,0,0,\N,0,0,0,0,70,0,0,5,\N,\N,\N,\N,\N,\N,10
13,146,1,0,\N,1,70,100,10,0,0,0,6,20,\N,2,5,0,0,76,0,0,0,\N,\N,\N,\N,\N,\N,20
13,147,1,11,\N,0,0,100,15,0,0,0,2,0,\N,2,7,0,0,1,0,0,0,\N,\N,\N,\N,\N,\N,0
13,148,1,0,\N,0,0,100,20,0,0,0,0,0,\N,0,0,0,0,23,0,0,0,\N,\N,\N,\N,\N,\N,0
13,149,1,13,\N,2,1,80,15,0,0,0,0,0,\N,0,0,0,0,88,0,0,0,\N,\N,\N,\N,\N,\N,0
13,150,1,0,\N,0,0,0,40,0,0,0,0,0,\N,0,0,0,0,85,0,0,7,\N,\N,\N,\N,\N,\N,0
13,151,1,3,\N,0,0,0,40,0,0,0,0,0,\N,0,0,0,0,51,0,0,7,\N,\N,\N,\N,\N,\N,0
13,152,1,10,\N,1,90,85,10,0,0,0,0,0,\N,0,0,1,0,43,0,0,0,\N,\N,\N,\N,\N,\N,0
13,153,1,0,\N,1,250,100,5,0,0,0,0,0,\N,0,0,0,0,7,0,0,4,\N,\N,\N,\N,\N,\N,0
13,154,1,0,\N,1,18,80,15,0,2,5,0,0,\N,0,0,0,0,29,0,0,0,\N,\N,\N,\N,\N,\N,0
13,155,1,4,\N,1,50,90,10,0,2,2,0,0,\N,0,0,0,0,44,0,0,0,\N,\N,\N,\N,\N,\N,0
13,156,1,13,\N,0,0,0,10,0,0,0,0,0,\N,0,0,0,0,37,0,0,7,\N,\N,\N,\N,\N,\N,0
13,157,1,5,\N,1,75,90,10,0,0,0,0,0,\N,0,0,0,30,31,0,0,5,\N,\N,\N,\N,\N,\N,30
13,158,1,0,\N,1,80,90,15,0,0,0,0,0,\N,0,0,0,10,31,0,0,0,\N,\N,\N,\N,\N,\N,10
13,159,1,0,\N,0,0,0,30,0,0,0,0,0,\N,0,0,0,0,10,0,0,7,\N,\N,\N,\N,\N,\N,0
13,160,1,0,\N,0,0,0,30,0,0,0,0,0,\N,0,0,0,0,30,0,0,7,\N,\N,\N,\N,\N,\N,0
13,161,1,0,\N,2,80,100,10,0,0,0,101,20,\N,0,0,0,0,36,0,0,0,\N,\N,\N,\N,\N,\N,20
13,162,1,0,\N,1,1,90,10,0,0,0,0,0,\N,0,0,0,0,40,0,0,0,\N,\N,\N,\N,\N,\N,0
13,163,1,0,\N,1,70,100,20,0,0,0,0,0,\N,0,0,1,0,43,0,0,0,\N,\N,\N,\N,\N,\N,0
13,164,1,0,\N,0,0,0,10,0,0,0,0,0,\N,0,0,0,0,79,0,0,7,\N,\N,\N,\N,\N,\N,0
13,165,1,0,\N,1,50,0,1,0,0,0,0,0,\N,0,0,0,0,254,0,-25,0,\N,\N,\N,\N,\N,\N,0
13,166,1,0,\N,0,0,0,1,0,0,0,0,0,\N,0,0,0,0,95,0,0,0,\N,\N,\N,\N,\N,\N,0
13,167,1,1,\N,1,10,90,10,0,3,3,0,0,\N,0,0,0,0,104,0,0,0,\N,\N,\N,\N,\N,\N,0
13,168,1,16,\N,1,40,100,10,0,0,0,0,0,\N,0,0,0,0,105,0,0,0,\N,\N,\N,\N,\N,\N,0
13,169,1,6,\N,0,0,0,10,0,0,0,0,0,\N,0,0,0,0,106,0,0,0,\N,\N,\N,\N,\N,\N,0
13,170,1,0,\N,0,0,0,5,0,0,0,0,0,\N,0,0,0,0,94,0,0,0,\N,\N,\N,\N,\N,\N,0
13,171,1,7,\N,0,0,100,15,0,0,0,9,0,\N,0,0,0,0,107,0,0,0,\N,\N,\N,\N,\N,\N,0
13,172,1,9,\N,1,60,100,25,0,0,0,4,10,\N,0,0,0,0,125,0,0,0,\N,\N,\N,\N,\N,\N,10
13,173,1,0,\N,2,40,100,15,0,0,0,0,0,\N,0,0,0,30,92,0,0,0,\N,\N,\N,\N,\N,\N,30
13,174,1,101,\N,0,0,0,10,0,0,0,0,0,\N,0,0,0,0,109,0,0,0,\N,\N,\N,\N,\N,\N,0
13,175,1,0,\N,1,1,100,15,0,0,0,0,0,\N,0,0,0,0,99,0,0,0,\N,\N,\N,\N,\N,\N,0
13,176,1,0,\N,0,0,0,30,0,0,0,0,0,\N,0,0,0,0,93,0,0,7,\N,\N,\N,\N,\N,\N,0
13,177,1,2,\N,2,100,95,5,0,0,0,0,0,\N,0,0,1,0,43,0,0,0,\N,\N,\N,\N,\N,\N,0
13,178,1,11,\N,0,0,85,40,0,0,0,0,0,\N,0,0,0,0,60,0,0,0,\N,\N,\N,\N,\N,\N,0
13,179,1,1,\N,1,1,100,15,0,0,0,0,0,\N,0,0,0,0,99,0,0,0,\N,\N,\N,\N,\N,\N,0
13,180,1,7,\N,0,0,100,10,0,0,0,0,0,\N,0,0,0,0,100,0,0,0,\N,\N,\N,\N,\N,\N,0
13,181,1,14,\N,2,40,100,25,0,0,0,3,10,\N,0,0,0,0,5,0,0,5,\N,\N,\N,\N,\N,\N,10
13,182,1,0,\N,0,0,0,10,3,0,0,0,0,\N,0,0,0,0,111,0,0,7,\N,\N,\N,\N,\N,\N,0
13,183,1,1,\N,1,40,100,30,1,0,0,0,0,\N,0,0,0,0,103,0,0,0,\N,\N,\N,\N,\N,\N,0
13,184,1,0,\N,0,0,90,10,0,0,0,0,0,\N,0,0,0,0,60,0,0,0,\N,\N,\N,\N,\N,\N,0
13,185,1,16,\N,1,60,0,20,0,0,0,0,0,\N,0,0,0,0,17,0,0,0,\N,\N,\N,\N,\N,\N,0
13,186,1,0,\N,0,0,75,10,0,0,0,6,0,\N,2,5,0,0,49,0,0,0,\N,\N,\N,\N,\N,\N,0
13,187,1,0,\N,0,0,0,10,0,0,0,0,0,\N,0,0,0,0,142,0,0,7,\N,\N,\N,\N,\N,\N,0
13,188,1,3,\N,2,90,100,10,0,0,0,5,30,\N,0,0,0,0,2,0,0,0,\N,\N,\N,\N,\N,\N,30
13,189,1,4,\N,2,20,100,10,0,0,0,0,0,\N,0,0,0,0,73,0,0,0,\N,\N,\N,\N,\N,\N,100
13,190,1,10,\N,2,65,85,10,0,0,0,0,0,\N,0,0,0,0,73,0,0,0,\N,\N,\N,\N,\N,\N,50
13,191,1,4,\N,0,0,0,20,0,0,0,0,0,\N,0,0,0,0,112,0,0,11,\N,\N,\N,\N,\N,\N,0
13,192,1,12,\N,2,120,50,5,0,0,0,1,100,\N,0,0,0,0,6,0,0,0,\N,\N,\N,\N,\N,\N,100
13,193,1,0,\N,0,0,0,40,0,0,0,17,0,\N,0,0,0,0,113,0,0,0,\N,\N,\N,\N,\N,\N,0
13,194,1,7,\N,0,0,0,5,0,0,0,0,0,\N,0,0,0,0,98,0,0,7,\N,\N,\N,\N,\N,\N,0
13,195,1,0,\N,0,0,0,5,0,0,0,20,0,\N,4,4,0,0,114,0,0,10,\N,\N,\N,\N,\N,\N,0
13,196,1,14,\N,2,55,95,15,0,0,0,0,0,\N,0,0,0,0,70,0,0,5,\N,\N,\N,\N,\N,\N,100
13,197,1,1,\N,0,0,0,5,3,0,0,0,0,\N,0,0,0,0,111,0,0,7,\N,\N,\N,\N,\N,\N,0
13,198,1,4,\N,1,25,80,10,0,2,5,0,0,\N,0,0,0,0,29,0,0,0,\N,\N,\N,\N,\N,\N,0
13,199,1,0,\N,0,0,0,5,0,0,0,0,0,\N,0,0,0,0,94,0,0,0,\N,\N,\N,\N,\N,\N,0
13,200,1,15,\N,1,120,100,15,0,0,0,0,0,\N,0,0,0,0,27,0,0,9,\N,\N,\N,\N,\N,\N,0
13,201,1,5,\N,0,0,0,10,0,0,0,0,0,\N,0,0,0,0,115,0,0,10,\N,\N,\N,\N,\N,\N,0
13,202,1,11,\N,2,60,100,10,0,0,0,0,0,\N,0,0,0,0,3,50,0,0,\N,\N,\N,\N,\N,\N,0
13,203,1,0,\N,0,0,0,10,3,0,0,0,0,\N,0,0,0,0,116,0,0,7,\N,\N,\N,\N,\N,\N,0
13,204,1,0,\N,0,0,100,20,0,0,0,0,0,\N,0,0,0,0,58,0,0,0,\N,\N,\N,\N,\N,\N,0
13,205,1,5,\N,1,30,90,20,0,0,0,0,0,\N,0,0,0,0,117,0,0,0,\N,\N,\N,\N,\N,\N,0
13,206,1,0,\N,1,40,100,40,0,0,0,0,0,\N,0,0,0,0,101,0,0,0,\N,\N,\N,\N,\N,\N,0
13,207,1,0,\N,0,0,90,15,0,0,0,6,0,\N,2,5,0,0,118,0,0,0,\N,\N,\N,\N,\N,\N,0
13,208,1,0,\N,0,0,0,10,0,0,0,0,0,\N,0,0,0,0,32,0,50,7,\N,\N,\N,\N,\N,\N,0
13,209,1,12,\N,1,65,100,20,0,0,0,1,30,\N,0,0,0,0,6,0,0,0,\N,\N,\N,\N,\N,\N,30
13,210,1,6,\N,1,10,95,20,0,0,0,0,0,\N,0,0,0,0,119,0,0,0,\N,\N,\N,\N,\N,\N,0
13,211,1,8,\N,1,70,90,25,0,0,0,0,0,\N,0,0,0,0,138,0,0,0,\N,\N,\N,\N,\N,\N,10
13,212,1,0,\N,0,0,0,5,0,0,0,0,0,\N,0,0,0,0,106,0,0,0,\N,\N,\N,\N,\N,\N,0
13,213,1,0,\N,0,0,100,15,0,0,0,7,0,\N,0,0,0,0,120,0,0,0,\N,\N,\N,\N,\N,\N,0
13,214,1,0,\N,0,0,0,10,0,0,0,0,0,\N,0,0,0,0,97,0,0,13,\N,\N,\N,\N,\N,\N,0
13,215,1,0,\N,0,0,0,5,0,0,0,0,0,\N,0,0,0,0,102,0,0,12,\N,\N,\N,\N,\N,\N,0
13,216,1,0,\N,1,1,100,20,0,0,0,0,0,\N,0,0,0,0,121,0,0,0,\N,\N,\N,\N,\N,\N,0
13,217,1,0,\N,1,1,90,15,0,0,0,0,0,\N,0,0,0,0,122,0,0,0,\N,\N,\N,\N,\N,\N,0
13,218,1,0,\N,1,1,100,20,0,0,0,0,0,\N,0,0,0,0,123,0,0,0,\N,\N,\N,\N,\N,\N,0
13,219,1,0,\N,0,0,0,25,0,0,0,0,0,\N,0,0,0,0,124,0,0,12,\N,\N,\N,\N,\N,\N,0
13,220,1,0,\N,0,0,0,20,0,0,0,0,0,\N,0,0,0,0,91,0,0,0,\N,\N,\N,\N,\N,\N,0
13,221,1,9,\N,1,100,95,5,0,0,0,4,50,\N,0,0,0,0,125,0,0,0,\N,\N,\N,\N,\N,\N,50
13,222,1,4,\N,1,1,100,30,0,0,0,0,0,\N,0,0,0,0,126,0,0,4,\N,\N,\N,\N,\N,\N,0
13,223,1,1,\N,1,100,50,5,0,0,0,6,100,\N,2,5,0,0,76,0,0,0,\N,\N,\N,\N,\N,\N,100
13,224,1,6,\N,1,120,85,10,0,0,0,0,0,\N,0,0,0,0,0,0,0,0,\N,\N,\N,\N,\N,\N,0
13,225,1,15,\N,2,60,100,20,0,0,0,1,30,\N,0,0,0,0,6,0,0,0,\N,\N,\N,\N,\N,\N,30
13,226,1,0,\N,0,0,0,40,0,0,0,0,0,\N,0,0,0,0,127,0,0,7,\N,\N,\N,\N,\N,\N,0
13,227,1,0,\N,0,0,100,5,0,0,0,0,0,\N,0,0,0,0,90,0,0,0,\N,\N,\N,\N,\N,\N,0
13,228,1,16,\N,1,40,100,20,0,0,0,0,0,\N,0,0,0,0,128,0,0,0,\N,\N,\N,\N,\N,\N,0
13,229,1,0,\N,1,20,100,40,0,0,0,0,0,\N,0,0,0,0,129,0,0,0,\N,\N,\N,\N,\N,\N,0
13,230,1,0,\N,0,0,100,20,0,0,0,0,0,\N,0,0,0,0,24,0,0,5,\N,\N,\N,\N,\N,\N,0
13,231,1,8,\N,1,100,75,15,0,0,0,0,0,\N,0,0,0,0,69,0,0,0,\N,\N,\N,\N,\N,\N,30
13,232,1,8,\N,1,50,95,35,0,0,0,0,0,\N,0,0,0,0,139,0,0,0,\N,\N,\N,\N,\N,\N,10
13,233,1,1,\N,1,70,0,10,-1,0,0,0,0,\N,0,0,0,0,78,0,0,0,\N,\N,\N,\N,\N,\N,0
13,234,1,0,\N,0,0,0,5,0,0,0,0,0,\N,0,0,0,0,132,0,50,7,\N,\N,\N,\N,\N,\N,0
13,235,1,11,\N,0,0,0,5,0,0,0,0,0,\N,0,0,0,0,132,0,50,7,\N,\N,\N,\N,\N,\N,0
13,236,1,0,\N,0,0,0,5,0,0,0,0,0,\N,0,0,0,0,132,0,50,7,\N,\N,\N,\N,\N,\N,0
13,237,1,0,\N,2,1,100,15,0,0,0,0,0,\N,0,0,0,0,135,0,0,0,\N,\N,\N,\N,\N,\N,0
13,238,1,1,\N,1,100,80,5,0,0,0,0,0,\N,0,0,1,0,43,0,0,0,\N,\N,\N,\N,\N,\N,0
13,239,1,15,\N,2,40,100,20,0,0,0,0,0,\N,0,0,0,20,146,0,0,5,\N,\N,\N,\N,\N,\N,20
13,240,1,10,\N,0,0,0,5,0,0,0,0,0,\N,0,0,0,0,136,0,0,10,\N,\N,\N,\N,\N,\N,0
13,241,1,9,\N,0,0,0,5,0,0,0,0,0,\N,0,0,0,0,137,0,0,10,\N,\N,\N,\N,\N,\N,0
13,242,1,16,\N,1,80,100,15,0,0,0,0,0,\N,0,0,0,0,69,0,0,0,\N,\N,\N,\N,\N,\N,20
13,243,1,13,\N,2,1,100,20,-5,0,0,0,0,\N,0,0,0,0,144,0,0,13,\N,\N,\N,\N,\N,\N,0
13,244,1,0,\N,0,0,0,10,0,0,0,0,0,\N,0,0,0,0,143,0,0,0,\N,\N,\N,\N,\N,\N,0
13,245,1,0,\N,1,80,100,5,1,0,0,0,0,\N,0,0,0,0,103,0,0,0,\N,\N,\N,\N,\N,\N,0
13,246,1,5,\N,2,60,100,5,0,0,0,0,0,\N,0,0,0,0,140,0,0,0,\N,\N,\N,\N,\N,\N,10
13,247,1,7,\N,2,80,100,15,0,0,0,0,0,\N,0,0,0,0,72,0,0,0,\N,\N,\N,\N,\N,\N,20
13,248,1,13,\N,2,80,90,15,0,0,0,0,0,\N,0,0,0,0,148,0,0,0,\N,\N,\N,\N,\N,\N,0
13,249,1,1,\N,1,40,100,15,0,0,0,0,0,\N,0,0,0,0,69,0,0,0,\N,\N,\N,\N,\N,\N,50
13,250,1,10,\N,2,15,70,15,0,0,0,8,100,\N,3,6,0,0,261,0,0,0,\N,\N,\N,\N,\N,\N,0
13,251,1,16,\N,1,10,100,10,0,6,6,0,0,\N,0,0,0,0,154,0,0,0,\N,\N,\N,\N,\N,\N,0
13,252,1,0,\N,1,40,100,10,1,0,0,0,0,\N,0,0,0,100,158,0,0,0,\N,\N,\N,\N,\N,\N,100
13,253,1,0,\N,2,50,100,10,0,0,0,0,0,\N,0,0,0,0,159,0,0,9,\N,\N,\N,\N,\N,\N,0
13,254,1,0,\N,0,0,0,20,0,0,0,0,0,\N,0,0,0,0,160,0,0,7,\N,\N,\N,\N,\N,\N,0
13,255,1,0,\N,2,1,100,10,0,0,0,0,0,\N,0,0,0,0,161,0,0,0,\N,\N,\N,\N,\N,\N,0
13,256,1,0,\N,0,0,0,10,0,0,0,0,0,\N,0,0,0,0,162,0,25,7,\N,\N,\N,\N,\N,\N,0
13,257,1,9,\N,2,100,90,10,0,0,0,4,10,\N,0,0,0,0,4,0,0,5,\N,\N,\N,\N,\N,\N,10
13,258,1,14,\N,0,0,0,10,0,0,0,0,0,\N,0,0,0,0,164,0,0,10,\N,\N,\N,\N,\N,\N,0
13,259,1,16,\N,0,0,100,15,0,0,0,12,0,\N,0,0,0,0,165,0,0,0,\N,\N,\N,\N,\N,\N,0
13,260,1,16,\N,0,0,100,15,0,0,0,6,0,\N,2,5,0,0,166,0,0,0,\N,\N,\N,\N,\N,\N,0
13,261,1,9,\N,0,0,75,15,0,0,0,4,0,\N,0,0,0,0,167,0,0,0,\N,\N,\N,\N,\N,\N,0
13,262,1,16,\N,0,0,100,10,0,0,0,0,0,\N,0,0,0,0,168,0,0,0,\N,\N,\N,\N,\N,\N,0
13,263,1,0,\N,1,70,100,20,0,0,0,0,0,\N,0,0,0,0,169,0,0,0,\N,\N,\N,\N,\N,\N,0
13,264,1,1,\N,1,150,100,20,-3,0,0,0,0,\N,0,0,0,0,170,0,0,0,\N,\N,\N,\N,\N,\N,0
13,265,1,0,\N,1,60,100,10,0,0,0,0,0,\N,0,0,0,0,171,0,0,0,\N,\N,\N,\N,\N,\N,0
13,266,1,0,\N,0,0,0,20,3,0,0,0,0,\N,0,0,0,0,172,0,0,7,\N,\N,\N,\N,\N,\N,0
13,267,1,0,\N,0,0,0,20,0,0,0,0,0,\N,0,0,0,0,173,0,0,13,\N,\N,\N,\N,\N,\N,0
13,268,1,12,\N,0,0,0,20,0,0,0,0,0,\N,0,0,0,0,174,0,0,7,\N,\N,\N,\N,\N,\N,0
13,269,1,16,\N,0,0,100,20,0,0,0,0,0,\N,0,0,0,0,175,0,0,0,\N,\N,\N,\N,\N,\N,0
13,270,1,0,\N,0,0,0,20,5,0,0,0,0,\N,0,0,0,0,176,0,0,2,\N,\N,\N,\N,\N,\N,0
13,271,1,13,\N,0,0,100,10,0,0,0,0,0,\N,0,0,0,0,177,0,0,0,\N,\N,\N,\N,\N,\N,0
13,272,1,13,\N,0,0,0,10,0,0,0,0,0,\N,0,0,0,0,178,0,0,0,\N,\N,\N,\N,\N,\N,0
13,273,1,0,\N,0,0,0,10,0,0,0,0,0,\N,0,0,0,0,179,0,0,7,\N,\N,\N,\N,\N,\N,0
13,274,1,0,\N,0,0,0,20,0,0,0,0,0,\N,0,0,0,0,180,0,0,13,\N,\N,\N,\N,\N,\N,0
13,275,1,11,\N,0,0,0,20,0,0,0,21,0,\N,0,0,0,0,181,0,0,7,\N,\N,\N,\N,\N,\N,0
13,276,1,1,\N,1,120,100,5,0,0,0,0,0,\N,0,0,0,0,182,0,0,0,\N,\N,\N,\N,\N,\N,0
13,277,1,13,\N,0,0,0,15,4,0,0,0,0,\N,0,0,0,0,183,0,0,13,\N,\N,\N,\N,\N,\N,0
13,278,1,0,\N,0,0,0,10,0,0,0,0,0,\N,0,0,0,0,184,0,0,7,\N,\N,\N,\N,\N,\N,0
13,279,1,1,\N,1,60,100,10,-4,0,0,0,0,\N,0,0,0,0,185,0,0,0,\N,\N,\N,\N,\N,\N,0
13,280,1,1,\N,1,75,100,15,0,0,0,0,0,\N,0,0,0,0,186,0,0,0,\N,\N,\N,\N,\N,\N,0
13,281,1,0,\N,0,0,0,10,0,0,0,14,0,\N,2,2,0,0,187,0,0,0,\N,\N,\N,\N,\N,\N,0
13,282,1,16,\N,1,20,100,20,0,0,0,0,0,\N,0,0,0,0,188,0,0,0,\N,\N,\N,\N,\N,\N,0
13,283,1,0,\N,1,1,100,5,0,0,0,0,0,\N,0,0,0,0,189,0,0,0,\N,\N,\N,\N,\N,\N,0
13,284,1,9,\N,2,150,100,5,0,0,0,0,0,\N,0,0,0,0,190,0,0,5,\N,\N,\N,\N,\N,\N,0
13,285,1,13,\N,0,0,0,10,0,0,0,0,0,\N,0,0,0,0,191,0,0,0,\N,\N,\N,\N,\N,\N,0
13,286,1,13,\N,0,0,0,10,0,0,0,0,0,\N,0,0,0,0,192,0,0,7,\N,\N,\N,\N,\N,\N,0
13,287,1,0,\N,0,0,0,20,0,0,0,0,0,\N,0,0,0,0,193,0,0,7,\N,\N,\N,\N,\N,\N,0
13,288,1,7,\N,0,0,0,5,0,0,0,0,0,\N,0,0,0,0,194,0,0,7,\N,\N,\N,\N,\N,\N,0
13,289,1,16,\N,0,0,0,10,4,0,0,0,0,\N,0,0,0,0,195,0,0,13,\N,\N,\N,\N,\N,\N,0
13,290,1,0,\N,1,70,100,20,0,0,0,0,30,\N,0,0,0,0,197,0,0,0,\N,\N,\N,\N,\N,\N,30
13,291,1,10,\N,1,80,100,10,0,0,0,0,0,\N,0,0,0,0,255,0,0,0,\N,\N,\N,\N,\N,\N,0
13,292,1,1,\N,1,15,100,20,0,2,5,0,0,\N,0,0,0,0,29,0,0,0,\N,\N,\N,\N,\N,\N,0
13,293,1,0,\N,0,0,0,20,0,0,0,0,0,\N,0,0,0,0,213,0,0,7,\N,\N,\N,\N,\N,\N,0
13,294,1,6,\N,0,0,0,20,0,0,0,0,0,\N,0,0,0,0,53,0,0,7,\N,\N,\N,\N,\N,\N,0
13,295,1,13,\N,2,70,100,5,0,0,0,0,0,\N,0,0,0,0,72,0,0,0,\N,\N,\N,\N,\N,\N,50
13,296,1,13,\N,2,70,100,5,0,0,0,0,0,\N,0,0,0,0,71,0,0,0,\N,\N,\N,\N,\N,\N,50
13,297,1,2,\N,0,0,100,15,0,0,0,0,0,\N,0,0,0,0,58,0,0,0,\N,\N,\N,\N,\N,\N,0
13,298,1,0,\N,0,0,100,20,0,0,0,6,0,\N,2,5,0,0,199,0,0,4,\N,\N,\N,\N,\N,\N,0
13,299,1,9,\N,1,85,90,10,0,0,0,4,10,\N,0,0,1,0,200,0,0,0,\N,\N,\N,\N,\N,\N,10
13,300,1,4,\N,0,0,0,15,0,0,0,0,0,\N,0,0,0,0,201,0,0,10,\N,\N,\N,\N,\N,\N,0
13,301,1,14,\N,1,30,90,20,0,0,0,0,0,\N,0,0,0,0,117,0,0,0,\N,\N,\N,\N,\N,\N,0
13,302,1,11,\N,1,60,100,15,0,0,0,0,0,\N,0,0,0,30,31,0,0,0,\N,\N,\N,\N,\N,\N,30
13,303,1,0,\N,0,0,0,10,0,0,0,0,0,\N,0,0,0,0,32,0,50,7,\N,\N,\N,\N,\N,\N,0
13,304,1,0,\N,2,90,100,10,0,0,0,0,0,\N,0,0,0,0,0,0,0,5,\N,\N,\N,\N,\N,\N,0
13,305,1,3,\N,1,50,100,15,0,0,0,5,30,\N,15,15,0,0,202,0,0,0,\N,\N,\N,\N,\N,\N,30
13,306,1,0,\N,1,75,95,10,0,0,0,0,0,\N,0,0,0,0,69,0,0,0,\N,\N,\N,\N,\N,\N,50
13,307,1,9,\N,2,150,90,5,0,0,0,0,0,\N,0,0,0,0,80,0,0,0,\N,\N,\N,\N,\N,\N,0
13,308,1,10,\N,2,150,90,5,0,0,0,0,0,\N,0,0,0,0,80,0,0,0,\N,\N,\N,\N,\N,\N,0
13,309,1,8,\N,1,100,85,10,0,0,0,0,0,\N,0,0,0,0,139,0,0,0,\N,\N,\N,\N,\N,\N,20
13,310,1,7,\N,1,30,100,15,0,0,0,0,0,\N,0,0,0,30,31,0,0,0,\N,\N,\N,\N,\N,\N,30
13,311,1,0,\N,2,50,100,10,0,0,0,0,0,\N,0,0,0,0,203,0,0,0,\N,\N,\N,\N,\N,\N,0
13,312,1,11,\N,0,0,0,5,0,0,0,0,0,\N,0,0,0,0,102,0,0,12,\N,\N,\N,\N,\N,\N,0
13,313,1,16,\N,0,0,100,20,0,0,0,0,0,\N,0,0,0,0,62,0,0,0,\N,\N,\N,\N,\N,\N,0
13,314,1,2,\N,2,55,95,25,0,0,0,0,0,\N,0,0,1,0,43,0,0,5,\N,\N,\N,\N,\N,\N,0
13,315,1,9,\N,2,140,90,5,0,0,0,0,0,\N,0,0,0,0,204,0,0,0,\N,\N,\N,\N,\N,\N,100
13,316,1,0,\N,0,0,0,40,0,0,0,17,0,\N,0,0,0,0,113,0,0,0,\N,\N,\N,\N,\N,\N,0
13,317,1,5,\N,1,50,80,10,0,0,0,0,0,\N,0,0,0,0,70,0,0,0,\N,\N,\N,\N,\N,\N,100
13,318,1,6,\N,2,60,100,5,0,0,0,0,0,\N,0,0,0,0,140,0,0,0,\N,\N,\N,\N,\N,\N,10
13,319,1,8,\N,0,0,85,40,0,0,0,0,0,\N,0,0,0,0,62,0,0,0,\N,\N,\N,\N,\N,\N,0
13,320,1,11,\N,0,0,55,15,0,0,0,2,0,\N,2,7,0,0,1,0,0,0,\N,\N,\N,\N,\N,\N,0
13,321,1,0,\N,0,0,100,20,0,0,0,0,0,\N,0,0,0,0,205,0,0,0,\N,\N,\N,\N,\N,\N,0
13,322,1,13,\N,0,0,0,20,0,0,0,0,0,\N,0,0,0,0,206,0,0,7,\N,\N,\N,\N,\N,\N,0
13,323,1,10,\N,2,150,100,5,0,0,0,0,0,\N,0,0,0,0,190,0,0,5,\N,\N,\N,\N,\N,\N,0
13,324,1,6,\N,2,75,100,15,0,0,0,6,10,\N,2,5,0,0,76,0,0,0,\N,\N,\N,\N,\N,\N,10
13,325,1,7,\N,1,60,0,20,0,0,0,0,0,\N,0,0,0,0,17,0,0,0,\N,\N,\N,\N,\N,\N,0
13,326,1,13,\N,2,80,100,30,0,0,0,0,0,\N,0,0,0,10,31,0,0,0,\N,\N,\N,\N,\N,\N,10
13,327,1,1,\N,1,85,90,15,0,0,0,0,0,\N,0,0,0,0,207,0,0,0,\N,\N,\N,\N,\N,\N,0
13,328,1,4,\N,1,15,70,15,0,0,0,8,100,\N,3,6,0,0,42,0,0,0,\N,\N,\N,\N,\N,\N,0
13,329,1,14,\N,2,1,30,5,0,0,0,0,0,\N,0,0,0,0,38,0,0,0,\N,\N,\N,\N,\N,\N,0
13,330,1,10,\N,2,95,85,10,0,0,0,0,0,\N,0,0,0,0,73,0,0,5,\N,\N,\N,\N,\N,\N,30
13,331,1,11,\N,1,10,100,30,0,2,5,0,0,\N,0,0,0,0,29,0,0,0,\N,\N,\N,\N,\N,\N,0
13,332,1,2,\N,1,60,0,20,0,0,0,0,0,\N,0,0,0,0,17,0,0,0,\N,\N,\N,\N,\N,\N,0
13,333,1,14,\N,1,10,100,30,0,2,5,0,0,\N,0,0,0,0,29,0,0,0,\N,\N,\N,\N,\N,\N,0
13,334,1,8,\N,0,0,0,15,0,0,0,0,0,\N,0,0,0,0,51,0,0,7,\N,\N,\N,\N,\N,\N,0
13,335,1,0,\N,0,0,0,5,0,0,0,0,0,\N,0,0,0,0,106,0,0,0,\N,\N,\N,\N,\N,\N,0
13,336,1,0,\N,0,0,0,40,0,0,0,0,0,\N,0,0,0,0,10,0,0,7,\N,\N,\N,\N,\N,\N,0
13,337,1,15,\N,1,80,100,15,0,0,0,0,0,\N,0,0,0,0,0,0,0,0,\N,\N,\N,\N,\N,\N,0
13,338,1,11,\N,2,150,90,5,0,0,0,0,0,\N,0,0,0,0,80,0,0,0,\N,\N,\N,\N,\N,\N,0
13,339,1,1,\N,0,0,0,20,0,0,0,0,0,\N,0,0,0,0,208,0,0,7,\N,\N,\N,\N,\N,\N,0
13,340,1,2,\N,1,85,85,5,0,0,0,1,30,\N,0,0,0,0,263,0,0,0,\N,\N,\N,\N,\N,\N,30
13,341,1,4,\N,2,55,95,15,0,0,0,0,0,\N,0,0,0,0,70,0,0,0,\N,\N,\N,\N,\N,\N,100
13,342,1,3,\N,1,50,100,25,0,0,0,5,10,\N,0,0,1,0,209,0,0,0,\N,\N,\N,\N,\N,\N,10
13,343,1,0,\N,1,40,100,40,0,0,0,0,0,\N,0,0,0,0,105,0,0,0,\N,\N,\N,\N,\N,\N,0
13,344,1,12,\N,1,120,100,15,0,0,0,1,10,\N,0,0,0,0,262,-33,0,0,\N,\N,\N,\N,\N,\N,10
13,345,1,11,\N,2,60,0,20,0,0,0,0,0,\N,0,0,0,0,17,0,0,0,\N,\N,\N,\N,\N,\N,0
13,346,1,10,\N,0,0,0,15,0,0,0,0,0,\N,0,0,0,0,210,0,0,10,\N,\N,\N,\N,\N,\N,0
13,347,1,13,\N,0,0,0,20,0,0,0,0,0,\N,0,0,0,0,211,0,0,7,\N,\N,\N,\N,\N,\N,0
13,348,1,11,\N,1,90,100,15,0,0,0,0,0,\N,0,0,1,0,43,0,0,0,\N,\N,\N,\N,\N,\N,0
13,349,1,15,\N,0,0,0,20,0,0,0,0,0,\N,0,0,0,0,212,0,0,7,\N,\N,\N,\N,\N,\N,0
13,350,1,5,\N,1,25,80,10,0,2,5,0,0,\N,0,0,0,0,29,0,0,0,\N,\N,\N,\N,\N,\N,0
13,351,1,12,\N,2,60,0,20,0,0,0,0,0,\N,0,0,0,0,17,0,0,0,\N,\N,\N,\N,\N,\N,0
13,352,1,10,\N,2,60,100,20,0,0,0,6,20,\N,2,5,0,0,76,0,0,0,\N,\N,\N,\N,\N,\N,20
13,353,1,8,\N,2,120,85,5,0,0,0,0,0,\N,0,0,0,0,148,0,0,0,\N,\N,\N,\N,\N,\N,0
13,354,1,13,\N,2,140,90,5,0,0,0,0,0,\N,0,0,0,0,204,0,0,0,\N,\N,\N,\N,\N,\N,100
13,355,1,2,\N,0,0,0,10,0,0,0,0,0,\N,0,0,0,0,214,0,50,7,\N,\N,\N,\N,\N,\N,0
13,356,1,13,\N,0,0,0,5,0,0,0,0,0,\N,0,0,0,0,215,0,0,10,\N,\N,\N,\N,\N,\N,0
13,357,1,13,\N,0,0,0,40,0,0,0,17,0,\N,0,0,0,0,216,0,0,0,\N,\N,\N,\N,\N,\N,0
13,358,1,1,\N,1,60,100,10,0,0,0,0,0,\N,0,0,0,0,217,0,0,0,\N,\N,\N,\N,\N,\N,0
13,359,1,1,\N,1,100,90,10,0,0,0,0,0,\N,0,0,0,0,218,0,0,0,\N,\N,\N,\N,\N,\N,0
13,360,1,8,\N,1,1,100,5,0,0,0,0,0,\N,0,0,0,0,219,0,0,0,\N,\N,\N,\N,\N,\N,0
13,361,1,13,\N,0,0,0,10,0,0,0,0,0,\N,0,0,0,0,220,0,0,7,\N,\N,\N,\N,\N,\N,0
13,362,1,10,\N,2,65,100,10,0,0,0,0,0,\N,0,0,0,0,221,0,0,0,\N,\N,\N,\N,\N,\N,0
13,363,1,0,\N,1,1,100,15,0,0,0,0,0,\N,0,0,0,0,222,0,0,0,\N,\N,\N,\N,\N,\N,0
13,364,1,0,\N,1,50,100,10,2,0,0,0,0,\N,0,0,0,0,223,0,0,0,\N,\N,\N,\N,\N,\N,0
13,365,1,2,\N,1,60,100,20,0,0,0,0,0,\N,0,0,0,0,224,0,0,0,\N,\N,\N,\N,\N,\N,0
13,366,1,2,\N,0,0,0,30,0,0,0,0,0,\N,0,0,0,0,225,0,0,12,\N,\N,\N,\N,\N,\N,0
13,367,1,0,\N,0,0,0,30,0,0,0,0,0,\N,0,0,0,0,226,0,0,1,\N,\N,\N,\N,\N,\N,0
13,368,1,8,\N,1,1,100,10,0,0,0,0,0,\N,0,0,0,0,227,0,0,13,\N,\N,\N,\N,\N,\N,0
13,369,1,6,\N,1,70,100,20,0,0,0,0,0,\N,0,0,0,0,228,0,0,0,\N,\N,\N,\N,\N,\N,0
13,370,1,1,\N,1,120,100,5,0,0,0,0,0,\N,0,0,0,0,229,0,0,0,\N,\N,\N,\N,\N,\N,0
13,371,1,16,\N,1,50,100,10,0,0,0,0,0,\N,0,0,0,0,230,0,0,0,\N,\N,\N,\N,\N,\N,0
13,372,1,16,\N,1,50,100,10,0,0,0,0,0,\N,0,0,0,0,231,0,0,0,\N,\N,\N,\N,\N,\N,0
13,373,1,16,\N,0,0,100,15,0,0,0,19,0,\N,5,5,0,0,232,0,0,0,\N,\N,\N,\N,\N,\N,0
13,374,1,16,\N,1,1,100,10,0,0,0,0,0,\N,0,0,0,0,233,0,0,0,\N,\N,\N,\N,\N,\N,0
13,375,1,13,\N,0,0,90,10,0,0,0,0,0,\N,0,0,0,0,234,0,0,0,\N,\N,\N,\N,\N,\N,0
13,376,1,0,\N,2,1,0,5,0,0,0,0,0,\N,0,0,0,0,235,0,0,0,\N,\N,\N,\N,\N,\N,0
13,377,1,13,\N,0,0,100,15,0,0,0,15,0,\N,5,5,0,0,236,0,0,5,\N,\N,\N,\N,\N,\N,0
13,378,1,0,\N,2,1,100,5,0,0,0,0,0,\N,0,0,0,0,237,0,0,0,\N,\N,\N,\N,\N,\N,0
13,379,1,13,\N,0,0,0,10,0,0,0,0,0,\N,0,0,0,0,238,0,0,7,\N,\N,\N,\N,\N,\N,0
13,380,1,3,\N,0,0,100,10,0,0,0,0,0,\N,0,0,0,0,239,0,0,0,\N,\N,\N,\N,\N,\N,0
13,381,1,0,\N,0,0,0,30,0,0,0,0,0,\N,0,0,0,0,240,0,0,12,\N,\N,\N,\N,\N,\N,0
13,382,1,0,\N,0,0,0,20,0,0,0,0,0,\N,0,0,0,0,241,0,0,3,\N,\N,\N,\N,\N,\N,0
13,383,1,0,\N,0,0,0,20,0,0,0,0,0,\N,0,0,0,0,242,0,0,13,\N,\N,\N,\N,\N,\N,0
13,384,1,13,\N,0,0,0,10,0,0,0,0,0,\N,0,0,0,0,243,0,0,0,\N,\N,\N,\N,\N,\N,0
13,385,1,13,\N,0,0,0,10,0,0,0,0,0,\N,0,0,0,0,244,0,0,0,\N,\N,\N,\N,\N,\N,0
13,386,1,16,\N,1,1,100,5,0,0,0,0,0,\N,0,0,0,0,245,0,0,0,\N,\N,\N,\N,\N,\N,0
13,387,1,0,\N,1,130,100,5,0,0,0,0,0,\N,0,0,0,0,246,0,0,0,\N,\N,\N,\N,\N,\N,0
13,388,1,11,\N,0,0,100,10,0,0,0,0,0,\N,0,0,0,0,247,0,0,0,\N,\N,\N,\N,\N,\N,0
13,389,1,16,\N,1,80,100,5,1,0,0,0,0,\N,0,0,0,0,248,0,0,0,\N,\N,\N,\N,\N,\N,0
13,390,1,3,\N,0,0,0,20,0,0,0,0,0,\N,0,0,0,0,249,0,0,11,\N,\N,\N,\N,\N,\N,0
13,391,1,13,\N,0,0,0,10,0,0,0,0,0,\N,0,0,0,0,250,0,0,0,\N,\N,\N,\N,\N,\N,0
13,392,1,10,\N,0,0,0,20,0,0,0,0,0,\N,0,0,0,0,251,0,0,7,\N,\N,\N,\N,\N,\N,0
13,393,1,12,\N,0,0,0,10,0,0,0,0,0,\N,5,5,0,0,252,0,0,7,\N,\N,\N,\N,\N,\N,0
13,394,1,9,\N,1,120,100,15,0,0,0,4,10,\N,0,0,0,0,253,-33,0,0,\N,\N,\N,\N,\N,\N,10
13,395,1,1,\N,1,60,100,10,0,0,0,1,30,\N,0,0,0,0,6,0,0,0,\N,\N,\N,\N,\N,\N,30
13,396,1,1,\N,2,90,0,20,0,0,0,0,0,\N,0,0,0,0,17,0,0,0,\N,\N,\N,\N,\N,\N,0
13,397,1,5,\N,0,0,0,20,0,0,0,0,0,\N,0,0,0,0,52,0,0,7,\N,\N,\N,\N,\N,\N,0
13,398,1,3,\N,1,80,100,20,0,0,0,5,30,\N,0,0,0,0,2,0,0,0,\N,\N,\N,\N,\N,\N,30
13,399,1,16,\N,2,80,100,15,0,0,0,0,0,\N,0,0,0,20,31,0,0,0,\N,\N,\N,\N,\N,\N,20
13,400,1,16,\N,1,70,100,15,0,0,0,0,0,\N,0,0,1,0,43,0,0,0,\N,\N,\N,\N,\N,\N,0
13,401,1,10,\N,1,90,90,10,0,0,0,0,0,\N,0,0,0,0,0,0,0,0,\N,\N,\N,\N,\N,\N,0
13,402,1,11,\N,1,80,100,15,0,0,0,0,0,\N,0,0,0,0,0,0,0,0,\N,\N,\N,\N,\N,\N,0
13,403,1,2,\N,2,75,95,20,0,0,0,0,0,\N,0,0,0,30,31,0,0,0,\N,\N,\N,\N,\N,\N,30
13,404,1,6,\N,1,80,100,15,0,0,0,0,0,\N,0,0,0,0,0,0,0,0,\N,\N,\N,\N,\N,\N,0
13,405,1,6,\N,2,90,100,10,0,0,0,0,0,\N,0,0,0,0,72,0,0,0,\N,\N,\N,\N,\N,\N,10
13,406,1,15,\N,2,90,100,10,0,0,0,0,0,\N,0,0,0,0,0,0,0,0,\N,\N,\N,\N,\N,\N,0
13,407,1,15,\N,1,100,75,10,0,0,0,0,0,\N,0,0,0,20,31,0,0,0,\N,\N,\N,\N,\N,\N,20
13,408,1,5,\N,2,70,100,20,0,0,0,0,0,\N,0,0,0,0,0,0,0,0,\N,\N,\N,\N,\N,\N,0
13,409,1,1,\N,1,60,100,5,0,0,0,0,0,\N,0,0,0,0,3,50,0,0,\N,\N,\N,\N,\N,\N,0
13,410,1,1,\N,2,40,100,30,1,0,0,0,0,\N,0,0,0,0,103,0,0,0,\N,\N,\N,\N,\N,\N,0
13,411,1,1,\N,2,120,70,5,0,0,0,0,0,\N,0,0,0,0,72,0,0,0,\N,\N,\N,\N,\N,\N,10
13,412,1,11,\N,2,80,100,10,0,0,0,0,0,\N,0,0,0,0,72,0,0,0,\N,\N,\N,\N,\N,\N,10
13,413,1,2,\N,1,120,100,15,0,0,0,0,0,\N,0,0,0,0,198,-33,0,0,\N,\N,\N,\N,\N,\N,0
13,414,1,4,\N,2,90,100,10,0,0,0,0,0,\N,0,0,0,0,72,0,0,0,\N,\N,\N,\N,\N,\N,10
13,415,1,16,\N,0,0,100,10,0,0,0,0,0,\N,0,0,0,0,177,0,0,0,\N,\N,\N,\N,\N,\N,0
13,416,1,0,\N,1,150,90,5,0,0,0,0,0,\N,0,0,0,0,80,0,0,0,\N,\N,\N,\N,\N,\N,0
13,417,1,16,\N,0,0,0,20,0,0,0,0,0,\N,0,0,0,0,53,0,0,7,\N,\N,\N,\N,\N,\N,0
13,418,1,8,\N,1,40,100,30,1,0,0,0,0,\N,0,0,0,0,103,0,0,0,\N,\N,\N,\N,\N,\N,0
13,419,1,14,\N,1,60,100,10,-4,0,0,0,0,\N,0,0,0,0,185,0,0,0,\N,\N,\N,\N,\N,\N,0
13,420,1,14,\N,1,40,100,30,1,0,0,0,0,\N,0,0,0,0,103,0,0,0,\N,\N,\N,\N,\N,\N,0
13,421,1,7,\N,1,70,100,15,0,0,0,0,0,\N,0,0,1,0,43,0,0,0,\N,\N,\N,\N,\N,\N,0
13,422,1,12,\N,1,65,95,15,0,0,0,1,10,\N,0,0,0,10,275,0,0,0,\N,\N,\N,\N,\N,\N,10
13,423,1,14,\N,1,65,95,15,0,0,0,3,10,\N,0,0,0,10,274,0,0,0,\N,\N,\N,\N,\N,\N,10
13,424,1,9,\N,1,65,95,15,0,0,0,4,10,\N,0,0,0,10,273,0,0,0,\N,\N,\N,\N,\N,\N,10
13,425,1,7,\N,1,40,100,30,1,0,0,0,0,\N,0,0,0,0,103,0,0,0,\N,\N,\N,\N,\N,\N,0
13,426,1,4,\N,2,65,85,10,0,0,0,0,0,\N,0,0,0,0,73,0,0,0,\N,\N,\N,\N,\N,\N,30
13,427,1,13,\N,1,70,100,20,0,0,0,0,0,\N,0,0,1,0,43,0,0,0,\N,\N,\N,\N,\N,\N,0
13,428,1,13,\N,1,80,90,15,0,0,0,0,0,\N,0,0,0,20,31,0,0,0,\N,\N,\N,\N,\N,\N,20
13,429,1,8,\N,2,65,85,10,0,0,0,0,0,\N,0,0,0,0,73,0,0,0,\N,\N,\N,\N,\N,\N,30
13,430,1,8,\N,2,80,100,10,0,0,0,0,0,\N,0,0,0,0,72,0,0,0,\N,\N,\N,\N,\N,\N,10
13,431,1,0,\N,1,90,85,20,0,0,0,6,20,\N,2,5,0,0,76,0,0,0,\N,\N,\N,\N,\N,\N,20
13,432,1,2,\N,0,0,0,15,0,0,0,0,0,\N,0,0,0,0,258,0,0,0,\N,\N,\N,\N,\N,\N,0
13,433,1,13,\N,0,0,0,5,-7,0,0,0,0,\N,0,0,0,0,259,0,0,10,\N,\N,\N,\N,\N,\N,0
13,434,1,15,\N,2,140,90,5,0,0,0,0,0,\N,0,0,0,0,204,0,0,0,\N,\N,\N,\N,\N,\N,100
13,435,1,12,\N,2,80,100,15,0,0,0,1,30,\N,0,0,0,0,6,0,0,4,\N,\N,\N,\N,\N,\N,30
13,436,1,9,\N,2,80,100,15,0,0,0,4,30,\N,0,0,0,0,4,0,0,4,\N,\N,\N,\N,\N,\N,30
13,437,1,11,\N,2,140,90,5,0,0,0,0,0,\N,0,0,0,0,204,0,0,0,\N,\N,\N,\N,\N,\N,100
13,438,1,11,\N,1,120,85,10,0,0,0,0,0,\N,0,0,0,0,0,0,0,0,\N,\N,\N,\N,\N,\N,0
13,439,1,5,\N,1,150,90,5,0,0,0,0,0,\N,0,0,0,0,80,0,0,0,\N,\N,\N,\N,\N,\N,0
13,440,1,3,\N,1,70,100,20,0,0,0,5,10,\N,0,0,1,0,209,0,0,0,\N,\N,\N,\N,\N,\N,10
13,441,1,3,\N,1,120,70,5,0,0,0,5,30,\N,0,0,0,0,2,0,0,0,\N,\N,\N,\N,\N,\N,30
13,442,1,8,\N,1,80,100,15,0,0,0,0,0,\N,0,0,0,30,31,0,0,0,\N,\N,\N,\N,\N,\N,30
13,443,1,8,\N,1,60,0,20,0,0,0,0,0,\N,0,0,0,0,17,0,0,0,\N,\N,\N,\N,\N,\N,0
13,444,1,5,\N,1,100,80,5,0,0,0,0,0,\N,0,0,1,0,43,0,0,0,\N,\N,\N,\N,\N,\N,0
13,445,1,0,\N,0,0,100,20,0,0,0,0,0,\N,0,0,0,0,265,0,0,5,\N,\N,\N,\N,\N,\N,0
13,446,1,5,\N,0,0,0,20,0,0,0,0,0,\N,0,0,0,0,266,0,0,11,\N,\N,\N,\N,\N,\N,0
13,447,1,11,\N,2,1,100,20,0,0,0,0,0,\N,0,0,0,0,196,0,0,0,\N,\N,\N,\N,\N,\N,0
13,448,1,2,\N,2,60,100,20,0,0,0,6,0,\N,2,5,0,0,267,0,0,0,\N,\N,\N,\N,\N,\N,0
13,449,1,0,\N,2,100,100,10,0,0,0,0,0,\N,0,0,0,0,268,0,0,0,\N,\N,\N,\N,\N,\N,0
13,450,1,6,\N,1,60,100,20,0,0,0,0,0,\N,0,0,0,0,224,0,0,0,\N,\N,\N,\N,\N,\N,0
13,451,1,12,\N,2,50,90,10,0,0,0,0,0,\N,0,0,0,0,276,0,0,0,\N,\N,\N,\N,\N,\N,70
13,452,1,11,\N,1,120,100,15,0,0,0,0,0,\N,0,0,0,0,198,-33,0,0,\N,\N,\N,\N,\N,\N,0
13,453,1,10,\N,1,40,100,20,1,0,0,0,0,\N,0,0,0,0,103,0,0,0,\N,\N,\N,\N,\N,\N,0
13,454,1,6,\N,1,90,100,15,0,0,0,0,0,\N,0,0,1,0,43,0,0,0,\N,\N,\N,\N,\N,\N,0
13,455,1,6,\N,0,0,0,10,0,0,0,0,0,\N,0,0,0,0,206,0,0,7,\N,\N,\N,\N,\N,\N,0
13,456,1,6,\N,0,0,0,10,0,0,0,0,0,\N,0,0,0,0,32,0,50,7,\N,\N,\N,\N,\N,\N,0
13,457,1,5,\N,1,150,80,5,0,0,0,0,0,\N,0,0,0,0,269,-50,0,0,\N,\N,\N,\N,\N,\N,0
13,458,1,0,\N,1,35,90,10,0,2,2,0,0,\N,0,0,0,0,44,0,0,0,\N,\N,\N,\N,\N,\N,0
13,459,1,15,\N,2,150,90,5,0,0,0,0,0,\N,0,0,0,0,80,0,0,0,\N,\N,\N,\N,\N,\N,0
13,460,1,15,\N,2,100,95,5,0,0,0,0,0,\N,0,0,1,0,43,0,0,0,\N,\N,\N,\N,\N,\N,0
13,461,1,13,\N,0,0,0,10,0,0,0,0,0,\N,0,0,0,0,270,0,0,7,\N,\N,\N,\N,\N,\N,0
13,462,1,0,\N,1,1,100,5,0,0,0,0,0,\N,0,0,0,0,237,0,0,0,\N,\N,\N,\N,\N,\N,0
13,463,1,9,\N,2,120,70,5,0,0,0,8,100,\N,3,6,0,0,42,0,0,0,\N,\N,\N,\N,\N,\N,0
13,464,1,16,\N,0,0,80,10,0,0,0,2,0,\N,2,7,0,0,1,0,0,5,\N,\N,\N,\N,\N,\N,0
13,465,1,11,\N,2,120,85,5,0,0,0,0,0,\N,0,0,0,0,271,0,0,0,\N,\N,\N,\N,\N,\N,40
13,466,1,7,\N,2,60,100,5,0,0,0,0,10,\N,0,0,0,0,140,0,0,0,\N,\N,\N,\N,\N,\N,10
13,467,1,7,\N,1,120,100,5,0,0,0,0,0,\N,0,0,0,0,272,0,0,0,\N,\N,\N,\N,\N,\N,0
13,10001,1,1,\N,2,1,100,15,0,0,0,0,0,\N,0,0,0,0,135,0,0,0,\N,\N,\N,\N,\N,\N,0
13,10002,1,2,\N,2,1,100,15,0,0,0,0,0,\N,0,0,0,0,135,0,0,0,\N,\N,\N,\N,\N,\N,0
13,10003,1,3,\N,2,1,100,15,0,0,0,0,0,\N,0,0,0,0,135,0,0,0,\N,\N,\N,\N,\N,\N,0
13,10004,1,4,\N,2,1,100,15,0,0,0,0,0,\N,0,0,0,0,135,0,0,0,\N,\N,\N,\N,\N,\N,0
13,10005,1,5,\N,2,1,100,15,0,0,0,0,0,\N,0,0,0,0,135,0,0,0,\N,\N,\N,\N,\N,\N,0
13,10006,1,6,\N,2,1,100,15,0,0,0,0,0,\N,0,0,0,0,135,0,0,0,\N,\N,\N,\N,\N,\N,0
13,10007,1,7,\N,2,1,100,15,0,0,0,0,0,\N,0,0,0,0,135,0,0,0,\N,\N,\N,\N,\N,\N,0
13,10008,1,8,\N,2,1,100,15,0,0,0,0,0,\N,0,0,0,0,135,0,0,0,\N,\N,\N,\N,\N,\N,0
13,10009,1,9,\N,2,1,100,15,0,0,0,0,0,\N,0,0,0,0,135,0,0,0,\N,\N,\N,\N,\N,\N,0
13,10010,1,10,\N,2,1,100,15,0,0,0,0,0,\N,0,0,0,0,135,0,0,0,\N,\N,\N,\N,\N,\N,0
13,10011,1,11,\N,2,1,100,15,0,0,0,0,0,\N,0,0,0,0,135,0,0,0,\N,\N,\N,\N,\N,\N,0
13,10012,1,12,\N,2,1,100,15,0,0,0,0,0,\N,0,0,0,0,135,0,0,0,\N,\N,\N,\N,\N,\N,0
13,10013,1,13,\N,2,1,100,15,0,0,0,0,0,\N,0,0,0,0,135,0,0,0,\N,\N,\N,\N,\N,\N,0
13,10014,1,14,\N,2,1,100,15,0,0,0,0,0,\N,0,0,0,0,135,0,0,0,\N,\N,\N,\N,\N,\N,0
13,10015,1,15,\N,2,1,100,15,0,0,0,0,0,\N,0,0,0,0,135,0,0,0,\N,\N,\N,\N,\N,\N,0
13,10016,1,16,\N,2,1,100,15,0,0,0,0,0,\N,0,0,0,0,135,0,0,0,\N,\N,\N,\N,\N,\N,0
14,1,1,0,\N,1,40,100,35,0,0,0,0,0,\N,0,0,0,0,0,0,0,0,\N,\N,\N,\N,\N,\N,0
14,2,1,1,\N,1,50,100,25,0,0,0,0,0,\N,0,0,1,0,43,0,0,0,\N,\N,\N,\N,\N,\N,0
14,3,1,0,\N,1,15,85,10,0,2,5,0,0,\N,0,0,0,0,29,0,0,0,\N,\N,\N,\N,\N,\N,0
14,4,1,0,\N,1,18,85,15,0,2,5,0,0,\N,0,0,0,0,29,0,0,0,\N,\N,\N,\N,\N,\N,0
14,5,1,0,\N,1,80,85,20,0,0,0,0,0,\N,0,0,0,0,0,0,0,0,\N,\N,\N,\N,\N,\N,0
14,6,1,0,\N,1,40,100,20,0,0,0,0,0,\N,0,0,0,0,34,0,0,0,\N,\N,\N,\N,\N,\N,0
14,7,1,9,\N,1,75,100,15,0,0,0,4,10,\N,0,0,0,0,4,0,0,0,\N,\N,\N,\N,\N,\N,10
14,8,1,14,\N,1,75,100,15,0,0,0,3,10,\N,0,0,0,0,5,0,0,0,\N,\N,\N,\N,\N,\N,10
14,9,1,12,\N,1,75,100,15,0,0,0,1,10,\N,0,0,0,0,6,0,0,0,\N,\N,\N,\N,\N,\N,10
14,10,1,0,\N,1,40,100,35,0,0,0,0,0,\N,0,0,0,0,0,0,0,0,\N,\N,\N,\N,\N,\N,0
14,11,1,0,\N,1,55,100,30,0,0,0,0,0,\N,0,0,0,0,0,0,0,0,\N,\N,\N,\N,\N,\N,0
14,12,1,0,\N,1,1,30,5,0,0,0,0,0,\N,0,0,0,0,38,0,0,0,\N,\N,\N,\N,\N,\N,0
14,13,1,0,\N,2,80,100,10,0,0,0,0,0,\N,0,0,1,0,39,0,0,5,\N,\N,\N,\N,\N,\N,0
14,14,1,0,\N,0,0,0,30,0,0,0,0,0,\N,0,0,0,0,50,0,0,7,\N,\N,\N,\N,\N,\N,0
14,15,1,0,\N,1,50,95,30,0,0,0,0,0,\N,0,0,0,0,0,0,0,0,\N,\N,\N,\N,\N,\N,0
14,16,1,2,\N,2,40,100,35,0,0,0,0,0,\N,0,0,0,0,149,0,0,0,\N,\N,\N,\N,\N,\N,0
14,17,1,2,\N,1,60,100,35,0,0,0,0,0,\N,0,0,0,0,0,0,0,0,\N,\N,\N,\N,\N,\N,0
14,18,1,0,\N,0,0,100,20,-6,0,0,0,0,\N,0,0,0,0,28,0,0,0,\N,\N,\N,\N,\N,\N,0
14,19,1,2,\N,1,90,95,15,0,0,0,0,0,\N,0,0,0,0,155,0,0,0,\N,\N,\N,\N,\N,\N,0
14,20,1,0,\N,1,15,75,20,0,0,0,8,100,\N,3,6,0,0,42,0,0,0,\N,\N,\N,\N,\N,\N,0
14,21,1,0,\N,1,80,75,20,0,0,0,0,0,\N,0,0,0,0,0,0,0,0,\N,\N,\N,\N,\N,\N,0
14,22,1,11,\N,1,35,100,15,0,0,0,0,0,\N,0,0,0,0,0,0,0,0,\N,\N,\N,\N,\N,\N,0
14,23,1,0,\N,1,65,100,20,0,0,0,0,0,\N,0,0,0,30,150,0,0,0,\N,\N,\N,\N,\N,\N,30
14,24,1,1,\N,1,30,100,30,0,2,2,0,0,\N,0,0,0,0,44,0,0,0,\N,\N,\N,\N,\N,\N,0
14,25,1,0,\N,1,120,75,5,0,0,0,0,0,\N,0,0,0,0,0,0,0,0,\N,\N,\N,\N,\N,\N,0
14,26,1,1,\N,1,85,95,25,0,0,0,0,0,\N,0,0,0,0,45,0,0,0,\N,\N,\N,\N,\N,\N,0
14,27,1,1,\N,1,60,85,15,0,0,0,0,0,\N,0,0,0,30,31,0,0,0,\N,\N,\N,\N,\N,\N,30
14,28,1,4,\N,0,0,100,15,0,0,0,0,0,\N,0,0,0,0,23,0,0,0,\N,\N,\N,\N,\N,\N,0
14,29,1,0,\N,1,70,100,15,0,0,0,0,0,\N,0,0,0,30,31,0,0,0,\N,\N,\N,\N,\N,\N,30
14,30,1,0,\N,1,65,100,25,0,0,0,0,0,\N,0,0,0,0,0,0,0,0,\N,\N,\N,\N,\N,\N,0
14,31,1,0,\N,1,15,85,20,0,2,5,0,0,\N,0,0,0,0,29,0,0,0,\N,\N,\N,\N,\N,\N,0
14,32,1,0,\N,1,1,30,5,0,0,0,0,0,\N,0,0,0,0,38,0,0,0,\N,\N,\N,\N,\N,\N,0
14,33,1,0,\N,1,35,95,35,0,0,0,0,0,\N,0,0,0,0,0,0,0,0,\N,\N,\N,\N,\N,\N,0
14,34,1,0,\N,1,85,100,15,0,0,0,1,30,\N,0,0,0,0,6,0,0,0,\N,\N,\N,\N,\N,\N,30
14,35,1,0,\N,1,15,85,20,0,0,0,8,100,\N,3,6,0,0,42,0,0,0,\N,\N,\N,\N,\N,\N,0
14,36,1,0,\N,1,90,85,20,0,0,0,0,0,\N,0,0,0,0,48,-25,0,0,\N,\N,\N,\N,\N,\N,0
14,37,1,0,\N,1,90,100,20,0,0,0,0,0,\N,0,0,0,0,27,0,0,9,\N,\N,\N,\N,\N,\N,0
14,38,1,0,\N,1,120,100,15,0,0,0,0,0,\N,0,0,0,0,198,-33,0,0,\N,\N,\N,\N,\N,\N,0
14,39,1,0,\N,0,0,100,30,0,0,0,0,0,\N,0,0,0,0,19,0,0,5,\N,\N,\N,\N,\N,\N,0
14,40,1,3,\N,1,15,100,35,0,0,0,5,30,\N,0,0,0,0,2,0,0,0,\N,\N,\N,\N,\N,\N,30
14,41,1,6,\N,1,25,100,20,0,2,2,5,20,\N,0,0,0,0,77,0,0,0,\N,\N,\N,\N,\N,\N,20
14,42,1,6,\N,1,14,85,20,0,2,5,0,0,\N,0,0,0,0,29,0,0,0,\N,\N,\N,\N,\N,\N,0
14,43,1,0,\N,0,0,100,30,0,0,0,0,0,\N,0,0,0,0,19,0,0,5,\N,\N,\N,\N,\N,\N,0
14,44,1,16,\N,1,60,100,25,0,0,0,0,0,\N,0,0,0,30,31,0,0,0,\N,\N,\N,\N,\N,\N,30
14,45,1,0,\N,0,0,100,40,0,0,0,0,0,\N,0,0,0,0,18,0,0,5,\N,\N,\N,\N,\N,\N,0
14,46,1,0,\N,0,0,100,20,-6,0,0,0,0,\N,0,0,0,0,28,0,0,0,\N,\N,\N,\N,\N,\N,0
14,47,1,0,\N,0,0,55,15,0,0,0,2,0,\N,2,7,0,0,1,0,0,0,\N,\N,\N,\N,\N,\N,0
14,48,1,0,\N,0,0,55,20,0,0,0,6,0,\N,2,5,0,0,49,0,0,0,\N,\N,\N,\N,\N,\N,0
14,49,1,0,\N,2,1,90,20,0,0,0,0,0,\N,0,0,0,0,130,0,0,0,\N,\N,\N,\N,\N,\N,0
14,50,1,0,\N,0,0,80,20,0,0,0,13,0,\N,4,7,0,0,86,0,0,0,\N,\N,\N,\N,\N,\N,0
14,51,1,3,\N,2,40,100,30,0,0,0,0,0,\N,0,0,0,0,72,0,0,5,\N,\N,\N,\N,\N,\N,10
14,52,1,9,\N,2,40,100,25,0,0,0,4,10,\N,0,0,0,0,4,0,0,0,\N,\N,\N,\N,\N,\N,10
14,53,1,9,\N,2,95,100,15,0,0,0,4,10,\N,0,0,0,0,4,0,0,0,\N,\N,\N,\N,\N,\N,10
14,54,1,14,\N,0,0,0,30,0,0,0,0,0,\N,0,0,0,0,46,0,0,12,\N,\N,\N,\N,\N,\N,0
14,55,1,10,\N,2,40,100,25,0,0,0,0,0,\N,0,0,0,0,0,0,0,0,\N,\N,\N,\N,\N,\N,0
14,56,1,10,\N,2,120,80,5,0,0,0,0,0,\N,0,0,0,0,0,0,0,0,\N,\N,\N,\N,\N,\N,0
14,57,1,10,\N,2,95,100,15,0,0,0,0,0,\N,0,0,0,0,257,0,0,4,\N,\N,\N,\N,\N,\N,0
14,58,1,14,\N,2,95,100,10,0,0,0,3,10,\N,0,0,0,0,5,0,0,0,\N,\N,\N,\N,\N,\N,10
14,59,1,14,\N,2,120,70,5,0,0,0,3,10,\N,0,0,0,0,260,0,0,5,\N,\N,\N,\N,\N,\N,10
14,60,1,13,\N,2,65,100,20,0,0,0,6,10,\N,2,5,0,0,76,0,0,0,\N,\N,\N,\N,\N,\N,10
14,61,1,10,\N,2,65,100,20,0,0,0,0,0,\N,0,0,0,0,70,0,0,0,\N,\N,\N,\N,\N,\N,10
14,62,1,14,\N,2,65,100,20,0,0,0,0,0,\N,0,0,0,0,68,0,0,0,\N,\N,\N,\N,\N,\N,10
14,63,1,0,\N,2,150,90,5,0,0,0,0,0,\N,0,0,0,0,80,0,0,0,\N,\N,\N,\N,\N,\N,0
14,64,1,2,\N,1,35,100,35,0,0,0,0,0,\N,0,0,0,0,0,0,0,0,\N,\N,\N,\N,\N,\N,0
14,65,1,2,\N,1,80,100,20,0,0,0,0,0,\N,0,0,0,0,0,0,0,0,\N,\N,\N,\N,\N,\N,0
14,66,1,1,\N,1,80,80,25,0,0,0,0,0,\N,0,0,0,0,48,-25,0,0,\N,\N,\N,\N,\N,\N,0
14,67,1,1,\N,1,1,100,20,0,0,0,0,0,\N,0,0,0,0,196,0,0,0,\N,\N,\N,\N,\N,\N,0
14,68,1,1,\N,1,1,100,20,-5,0,0,0,0,\N,0,0,0,0,89,0,0,13,\N,\N,\N,\N,\N,\N,0
14,69,1,1,\N,1,1,100,20,0,0,0,0,0,\N,0,0,0,0,87,0,0,0,\N,\N,\N,\N,\N,\N,0
14,70,1,0,\N,1,80,100,15,0,0,0,0,0,\N,0,0,0,0,0,0,0,0,\N,\N,\N,\N,\N,\N,0
14,71,1,11,\N,2,20,100,25,0,0,0,0,0,\N,0,0,0,0,3,50,0,0,\N,\N,\N,\N,\N,\N,0
14,72,1,11,\N,2,40,100,15,0,0,0,0,0,\N,0,0,0,0,3,50,0,0,\N,\N,\N,\N,\N,\N,0
14,73,1,11,\N,0,0,90,10,0,0,0,18,0,\N,0,0,0,0,84,0,0,0,\N,\N,\N,\N,\N,\N,0
14,74,1,0,\N,0,0,0,40,0,0,0,0,0,\N,0,0,0,0,13,0,0,7,\N,\N,\N,\N,\N,\N,0
14,75,1,11,\N,1,55,95,25,0,0,0,0,0,\N,0,0,1,0,43,0,0,5,\N,\N,\N,\N,\N,\N,0
14,76,1,11,\N,2,120,100,10,0,0,0,0,0,\N,0,0,0,0,151,0,0,0,\N,\N,\N,\N,\N,\N,0
14,77,1,3,\N,0,0,75,35,0,0,0,5,0,\N,0,0,0,0,66,0,0,0,\N,\N,\N,\N,\N,\N,0
14,78,1,11,\N,0,0,75,30,0,0,0,1,0,\N,0,0,0,0,67,0,0,0,\N,\N,\N,\N,\N,\N,0
14,79,1,11,\N,0,0,75,15,0,0,0,2,0,\N,2,7,0,0,1,0,0,0,\N,\N,\N,\N,\N,\N,0
14,80,1,11,\N,2,90,100,20,0,0,0,0,0,\N,0,0,0,0,27,0,0,9,\N,\N,\N,\N,\N,\N,0
14,81,1,6,\N,0,0,95,40,0,0,0,0,0,\N,0,0,0,0,20,0,0,5,\N,\N,\N,\N,\N,\N,0
14,82,1,15,\N,2,1,100,10,0,0,0,0,0,\N,0,0,0,0,41,0,0,0,\N,\N,\N,\N,\N,\N,0
14,83,1,9,\N,2,15,70,15,0,0,0,8,100,\N,3,6,0,0,42,0,0,0,\N,\N,\N,\N,\N,\N,0
14,84,1,12,\N,2,40,100,30,0,0,0,1,10,\N,0,0,0,0,6,0,0,0,\N,\N,\N,\N,\N,\N,10
14,85,1,12,\N,2,95,100,15,0,0,0,1,10,\N,0,0,0,0,6,0,0,0,\N,\N,\N,\N,\N,\N,10
14,86,1,12,\N,0,0,100,20,0,0,0,1,0,\N,0,0,0,0,67,0,0,0,\N,\N,\N,\N,\N,\N,0
14,87,1,12,\N,2,120,70,10,0,0,0,1,30,\N,0,0,0,0,152,0,0,0,\N,\N,\N,\N,\N,\N,30
14,88,1,5,\N,1,50,90,15,0,0,0,0,0,\N,0,0,0,0,0,0,0,0,\N,\N,\N,\N,\N,\N,0
14,89,1,4,\N,1,100,100,10,0,0,0,0,0,\N,0,0,0,0,147,0,0,4,\N,\N,\N,\N,\N,\N,0
14,90,1,4,\N,1,1,30,5,0,0,0,0,0,\N,0,0,0,0,38,0,0,0,\N,\N,\N,\N,\N,\N,0
14,91,1,4,\N,1,80,100,10,0,0,0,0,0,\N,0,0,0,0,256,0,0,0,\N,\N,\N,\N,\N,\N,0
14,92,1,3,\N,0,0,85,10,0,0,0,5,0,\N,15,15,0,0,33,0,0,0,\N,\N,\N,\N,\N,\N,0
14,93,1,13,\N,2,50,100,25,0,0,0,6,10,\N,2,5,0,0,76,0,0,0,\N,\N,\N,\N,\N,\N,10
14,94,1,13,\N,2,90,100,10,0,0,0,0,0,\N,0,0,0,0,72,0,0,0,\N,\N,\N,\N,\N,\N,10
14,95,1,13,\N,0,0,60,20,0,0,0,2,0,\N,2,7,0,0,1,0,0,0,\N,\N,\N,\N,\N,\N,0
14,96,1,13,\N,0,0,0,40,0,0,0,0,0,\N,0,0,0,0,10,0,0,7,\N,\N,\N,\N,\N,\N,0
14,97,1,13,\N,0,0,0,30,0,0,0,0,0,\N,0,0,0,0,52,0,0,7,\N,\N,\N,\N,\N,\N,0
14,98,1,0,\N,1,40,100,30,1,0,0,0,0,\N,0,0,0,0,103,0,0,0,\N,\N,\N,\N,\N,\N,0
14,99,1,0,\N,1,20,100,20,0,0,0,0,0,\N,0,0,0,0,81,0,0,0,\N,\N,\N,\N,\N,\N,0
14,100,1,13,\N,0,0,0,20,0,0,0,0,0,\N,0,0,0,0,153,0,0,7,\N,\N,\N,\N,\N,\N,0
14,101,1,7,\N,2,1,100,15,0,0,0,0,0,\N,0,0,0,0,87,0,0,0,\N,\N,\N,\N,\N,\N,0
14,102,1,0,\N,0,0,0,10,0,0,0,0,0,\N,0,0,0,0,82,0,0,0,\N,\N,\N,\N,\N,\N,0
14,103,1,0,\N,0,0,85,40,0,0,0,0,0,\N,0,0,0,0,59,0,0,0,\N,\N,\N,\N,\N,\N,0
14,104,1,0,\N,0,0,0,15,0,0,0,0,0,\N,0,0,0,0,16,0,0,7,\N,\N,\N,\N,\N,\N,0
14,105,1,0,\N,0,0,0,10,0,0,0,0,0,\N,0,0,0,0,32,0,50,7,\N,\N,\N,\N,\N,\N,0
14,106,1,0,\N,0,0,0,30,0,0,0,0,0,\N,0,0,0,0,11,0,0,7,\N,\N,\N,\N,\N,\N,0
14,107,1,0,\N,0,0,0,20,0,0,0,0,0,\N,0,0,0,0,108,0,0,7,\N,\N,\N,\N,\N,\N,0
14,108,1,0,\N,0,0,100,20,0,0,0,0,0,\N,0,0,0,0,23,0,0,0,\N,\N,\N,\N,\N,\N,0
14,109,1,7,\N,0,0,100,10,0,0,0,6,0,\N,2,5,0,0,49,0,0,0,\N,\N,\N,\N,\N,\N,0
14,110,1,10,\N,0,0,0,40,0,0,0,0,0,\N,0,0,0,0,11,0,0,7,\N,\N,\N,\N,\N,\N,0
14,111,1,0,\N,0,0,0,40,0,0,0,0,0,\N,0,0,0,0,156,0,0,7,\N,\N,\N,\N,\N,\N,0
14,112,1,13,\N,0,0,0,30,0,0,0,0,0,\N,0,0,0,0,51,0,0,7,\N,\N,\N,\N,\N,\N,0
14,113,1,13,\N,0,0,0,30,0,0,0,0,0,\N,0,0,0,0,35,0,0,12,\N,\N,\N,\N,\N,\N,0
14,114,1,14,\N,0,0,0,30,0,0,0,0,0,\N,0,0,0,0,25,0,0,10,\N,\N,\N,\N,\N,\N,0
14,115,1,13,\N,0,0,0,20,0,0,0,0,0,\N,0,0,0,0,65,0,0,12,\N,\N,\N,\N,\N,\N,0
14,116,1,0,\N,0,0,0,30,0,0,0,0,0,\N,0,0,0,0,47,0,0,7,\N,\N,\N,\N,\N,\N,0
14,117,1,0,\N,1,1,0,10,1,0,0,0,0,\N,0,0,0,0,26,0,0,7,\N,\N,\N,\N,\N,\N,0
14,118,1,0,\N,0,0,0,10,0,0,0,0,0,\N,0,0,0,0,83,0,0,13,\N,\N,\N,\N,\N,\N,0
14,119,1,2,\N,0,0,0,20,0,0,0,0,0,\N,0,0,0,0,9,0,0,13,\N,\N,\N,\N,\N,\N,0
14,120,1,0,\N,1,200,100,5,0,0,0,0,0,\N,0,0,0,0,7,0,0,4,\N,\N,\N,\N,\N,\N,0
14,121,1,0,\N,1,100,75,10,0,0,0,0,0,\N,0,0,0,0,0,0,0,0,\N,\N,\N,\N,\N,\N,0
14,122,1,7,\N,1,20,100,30,0,0,0,1,30,\N,0,0,0,0,6,0,0,0,\N,\N,\N,\N,\N,\N,30
14,123,1,3,\N,2,20,70,20,0,0,0,5,40,\N,0,0,0,0,2,0,0,0,\N,\N,\N,\N,\N,\N,40
14,124,1,3,\N,2,65,100,20,0,0,0,5,30,\N,0,0,0,0,2,0,0,0,\N,\N,\N,\N,\N,\N,30
14,125,1,4,\N,1,65,85,20,0,0,0,0,0,\N,0,0,0,10,31,0,0,0,\N,\N,\N,\N,\N,\N,10
14,126,1,9,\N,2,120,85,5,0,0,0,4,10,\N,0,0,0,0,4,0,0,0,\N,\N,\N,\N,\N,\N,10
14,127,1,10,\N,1,80,100,15,0,0,0,0,0,\N,0,0,0,20,31,0,0,0,\N,\N,\N,\N,\N,\N,20
14,128,1,10,\N,1,35,75,10,0,0,0,8,100,\N,3,6,0,0,42,0,0,0,\N,\N,\N,\N,\N,\N,0
14,129,1,0,\N,2,60,0,20,0,0,0,0,0,\N,0,0,0,0,17,0,0,5,\N,\N,\N,\N,\N,\N,0
14,130,1,0,\N,1,100,100,15,0,0,0,0,100,\N,0,0,0,0,145,0,0,0,\N,\N,\N,\N,\N,\N,100
14,131,1,0,\N,1,20,100,15,0,2,5,0,0,\N,0,0,0,0,29,0,0,0,\N,\N,\N,\N,\N,\N,0
14,132,1,0,\N,1,10,100,35,0,0,0,0,0,\N,0,0,0,0,70,0,0,0,\N,\N,\N,\N,\N,\N,10
14,133,1,13,\N,0,0,0,20,0,0,0,0,0,\N,0,0,0,0,54,0,0,7,\N,\N,\N,\N,\N,\N,0
14,134,1,13,\N,0,0,80,15,0,0,0,0,0,\N,0,0,0,0,23,0,0,0,\N,\N,\N,\N,\N,\N,0
14,135,1,0,\N,0,0,0,10,0,0,0,0,0,\N,0,0,0,0,32,0,50,7,\N,\N,\N,\N,\N,\N,0
14,136,1,1,\N,1,100,90,20,0,0,0,0,0,\N,0,0,0,0,45,0,0,0,\N,\N,\N,\N,\N,\N,0
14,137,1,0,\N,0,0,75,30,0,0,0,1,0,\N,0,0,0,0,67,0,0,0,\N,\N,\N,\N,\N,\N,0
14,138,1,13,\N,2,100,100,15,0,0,0,0,0,\N,0,0,0,0,8,50,0,0,\N,\N,\N,\N,\N,\N,0
14,139,1,3,\N,0,0,55,40,0,0,0,5,0,\N,0,0,0,0,66,0,0,0,\N,\N,\N,\N,\N,\N,0
14,140,1,0,\N,1,15,85,20,0,2,5,0,0,\N,0,0,0,0,29,0,0,0,\N,\N,\N,\N,\N,\N,0
14,141,1,6,\N,1,20,100,15,0,0,0,0,0,\N,0,0,0,0,3,50,0,0,\N,\N,\N,\N,\N,\N,0
14,142,1,0,\N,0,0,75,10,0,0,0,2,0,\N,2,7,0,0,1,0,0,0,\N,\N,\N,\N,\N,\N,0
14,143,1,2,\N,1,140,90,5,0,0,0,0,0,\N,0,0,1,30,75,0,0,0,\N,\N,\N,\N,\N,\N,30
14,144,1,0,\N,0,0,0,10,0,0,0,0,0,\N,0,0,0,0,57,0,0,0,\N,\N,\N,\N,\N,\N,0
14,145,1,10,\N,2,20,100,30,0,0,0,0,0,\N,0,0,0,0,70,0,0,5,\N,\N,\N,\N,\N,\N,10
14,146,1,0,\N,1,70,100,10,0,0,0,6,20,\N,2,5,0,0,76,0,0,0,\N,\N,\N,\N,\N,\N,20
14,147,1,11,\N,0,0,100,15,0,0,0,2,0,\N,2,7,0,0,1,0,0,0,\N,\N,\N,\N,\N,\N,0
14,148,1,0,\N,0,0,100,20,0,0,0,0,0,\N,0,0,0,0,23,0,0,0,\N,\N,\N,\N,\N,\N,0
14,149,1,13,\N,2,1,80,15,0,0,0,0,0,\N,0,0,0,0,88,0,0,0,\N,\N,\N,\N,\N,\N,0
14,150,1,0,\N,0,0,0,40,0,0,0,0,0,\N,0,0,0,0,85,0,0,7,\N,\N,\N,\N,\N,\N,0
14,151,1,3,\N,0,0,0,40,0,0,0,0,0,\N,0,0,0,0,51,0,0,7,\N,\N,\N,\N,\N,\N,0
14,152,1,10,\N,1,90,85,10,0,0,0,0,0,\N,0,0,1,0,43,0,0,0,\N,\N,\N,\N,\N,\N,0
14,153,1,0,\N,1,250,100,5,0,0,0,0,0,\N,0,0,0,0,7,0,0,4,\N,\N,\N,\N,\N,\N,0
14,154,1,0,\N,1,18,80,15,0,2,5,0,0,\N,0,0,0,0,29,0,0,0,\N,\N,\N,\N,\N,\N,0
14,155,1,4,\N,1,50,90,10,0,2,2,0,0,\N,0,0,0,0,44,0,0,0,\N,\N,\N,\N,\N,\N,0
14,156,1,13,\N,0,0,0,10,0,0,0,0,0,\N,0,0,0,0,37,0,0,7,\N,\N,\N,\N,\N,\N,0
14,157,1,5,\N,1,75,90,10,0,0,0,0,0,\N,0,0,0,30,31,0,0,5,\N,\N,\N,\N,\N,\N,30
14,158,1,0,\N,1,80,90,15,0,0,0,0,0,\N,0,0,0,10,31,0,0,0,\N,\N,\N,\N,\N,\N,10
14,159,1,0,\N,0,0,0,30,0,0,0,0,0,\N,0,0,0,0,10,0,0,7,\N,\N,\N,\N,\N,\N,0
14,160,1,0,\N,0,0,0,30,0,0,0,0,0,\N,0,0,0,0,30,0,0,7,\N,\N,\N,\N,\N,\N,0
14,161,1,0,\N,2,80,100,10,0,0,0,101,20,\N,0,0,0,0,36,0,0,0,\N,\N,\N,\N,\N,\N,20
14,162,1,0,\N,1,1,90,10,0,0,0,0,0,\N,0,0,0,0,40,0,0,0,\N,\N,\N,\N,\N,\N,0
14,163,1,0,\N,1,70,100,20,0,0,0,0,0,\N,0,0,1,0,43,0,0,0,\N,\N,\N,\N,\N,\N,0
14,164,1,0,\N,0,0,0,10,0,0,0,0,0,\N,0,0,0,0,79,0,0,7,\N,\N,\N,\N,\N,\N,0
14,165,1,0,\N,1,50,0,1,0,0,0,0,0,\N,0,0,0,0,254,0,-25,0,\N,\N,\N,\N,\N,\N,0
14,166,1,0,\N,0,0,0,1,0,0,0,0,0,\N,0,0,0,0,95,0,0,0,\N,\N,\N,\N,\N,\N,0
14,167,1,1,\N,1,10,90,10,0,3,3,0,0,\N,0,0,0,0,104,0,0,0,\N,\N,\N,\N,\N,\N,0
14,168,1,16,\N,1,40,100,10,0,0,0,0,0,\N,0,0,0,0,105,0,0,0,\N,\N,\N,\N,\N,\N,0
14,169,1,6,\N,0,0,0,10,0,0,0,0,0,\N,0,0,0,0,106,0,0,0,\N,\N,\N,\N,\N,\N,0
14,170,1,0,\N,0,0,0,5,0,0,0,0,0,\N,0,0,0,0,94,0,0,0,\N,\N,\N,\N,\N,\N,0
14,171,1,7,\N,0,0,100,15,0,0,0,9,0,\N,0,0,0,0,107,0,0,0,\N,\N,\N,\N,\N,\N,0
14,172,1,9,\N,1,60,100,25,0,0,0,4,10,\N,0,0,0,0,125,0,0,0,\N,\N,\N,\N,\N,\N,10
14,173,1,0,\N,2,40,100,15,0,0,0,0,0,\N,0,0,0,30,92,0,0,0,\N,\N,\N,\N,\N,\N,30
14,174,1,101,\N,0,0,0,10,0,0,0,0,0,\N,0,0,0,0,109,0,0,0,\N,\N,\N,\N,\N,\N,0
14,175,1,0,\N,1,1,100,15,0,0,0,0,0,\N,0,0,0,0,99,0,0,0,\N,\N,\N,\N,\N,\N,0
14,176,1,0,\N,0,0,0,30,0,0,0,0,0,\N,0,0,0,0,93,0,0,7,\N,\N,\N,\N,\N,\N,0
14,177,1,2,\N,2,100,95,5,0,0,0,0,0,\N,0,0,1,0,43,0,0,0,\N,\N,\N,\N,\N,\N,0
14,178,1,11,\N,0,0,85,40,0,0,0,0,0,\N,0,0,0,0,60,0,0,0,\N,\N,\N,\N,\N,\N,0
14,179,1,1,\N,1,1,100,15,0,0,0,0,0,\N,0,0,0,0,99,0,0,0,\N,\N,\N,\N,\N,\N,0
14,180,1,7,\N,0,0,100,10,0,0,0,0,0,\N,0,0,0,0,100,0,0,0,\N,\N,\N,\N,\N,\N,0
14,181,1,14,\N,2,40,100,25,0,0,0,3,10,\N,0,0,0,0,5,0,0,5,\N,\N,\N,\N,\N,\N,10
14,182,1,0,\N,0,0,0,10,3,0,0,0,0,\N,0,0,0,0,111,0,0,7,\N,\N,\N,\N,\N,\N,0
14,183,1,1,\N,1,40,100,30,1,0,0,0,0,\N,0,0,0,0,103,0,0,0,\N,\N,\N,\N,\N,\N,0
14,184,1,0,\N,0,0,90,10,0,0,0,0,0,\N,0,0,0,0,60,0,0,0,\N,\N,\N,\N,\N,\N,0
14,185,1,16,\N,1,60,0,20,0,0,0,0,0,\N,0,0,0,0,17,0,0,0,\N,\N,\N,\N,\N,\N,0
14,186,1,0,\N,0,0,75,10,0,0,0,6,0,\N,2,5,0,0,49,0,0,0,\N,\N,\N,\N,\N,\N,0
14,187,1,0,\N,0,0,0,10,0,0,0,0,0,\N,0,0,0,0,142,0,0,7,\N,\N,\N,\N,\N,\N,0
14,188,1,3,\N,2,90,100,10,0,0,0,5,30,\N,0,0,0,0,2,0,0,0,\N,\N,\N,\N,\N,\N,30
14,189,1,4,\N,2,20,100,10,0,0,0,0,0,\N,0,0,0,0,73,0,0,0,\N,\N,\N,\N,\N,\N,100
14,190,1,10,\N,2,65,85,10,0,0,0,0,0,\N,0,0,0,0,73,0,0,0,\N,\N,\N,\N,\N,\N,50
14,191,1,4,\N,0,0,0,20,0,0,0,0,0,\N,0,0,0,0,112,0,0,11,\N,\N,\N,\N,\N,\N,0
14,192,1,12,\N,2,120,50,5,0,0,0,1,100,\N,0,0,0,0,6,0,0,0,\N,\N,\N,\N,\N,\N,100
14,193,1,0,\N,0,0,0,40,0,0,0,17,0,\N,0,0,0,0,113,0,0,0,\N,\N,\N,\N,\N,\N,0
14,194,1,7,\N,0,0,0,5,0,0,0,0,0,\N,0,0,0,0,98,0,0,7,\N,\N,\N,\N,\N,\N,0
14,195,1,0,\N,0,0,0,5,0,0,0,20,0,\N,4,4,0,0,114,0,0,10,\N,\N,\N,\N,\N,\N,0
14,196,1,14,\N,2,55,95,15,0,0,0,0,0,\N,0,0,0,0,70,0,0,5,\N,\N,\N,\N,\N,\N,100
14,197,1,1,\N,0,0,0,5,3,0,0,0,0,\N,0,0,0,0,111,0,0,7,\N,\N,\N,\N,\N,\N,0
14,198,1,4,\N,1,25,80,10,0,2,5,0,0,\N,0,0,0,0,29,0,0,0,\N,\N,\N,\N,\N,\N,0
14,199,1,0,\N,0,0,0,5,0,0,0,0,0,\N,0,0,0,0,94,0,0,0,\N,\N,\N,\N,\N,\N,0
14,200,1,15,\N,1,120,100,15,0,0,0,0,0,\N,0,0,0,0,27,0,0,9,\N,\N,\N,\N,\N,\N,0
14,201,1,5,\N,0,0,0,10,0,0,0,0,0,\N,0,0,0,0,115,0,0,10,\N,\N,\N,\N,\N,\N,0
14,202,1,11,\N,2,60,100,10,0,0,0,0,0,\N,0,0,0,0,3,50,0,0,\N,\N,\N,\N,\N,\N,0
14,203,1,0,\N,0,0,0,10,3,0,0,0,0,\N,0,0,0,0,116,0,0,7,\N,\N,\N,\N,\N,\N,0
14,204,1,0,\N,0,0,100,20,0,0,0,0,0,\N,0,0,0,0,58,0,0,0,\N,\N,\N,\N,\N,\N,0
14,205,1,5,\N,1,30,90,20,0,0,0,0,0,\N,0,0,0,0,117,0,0,0,\N,\N,\N,\N,\N,\N,0
14,206,1,0,\N,1,40,100,40,0,0,0,0,0,\N,0,0,0,0,101,0,0,0,\N,\N,\N,\N,\N,\N,0
14,207,1,0,\N,0,0,90,15,0,0,0,6,0,\N,2,5,0,0,118,0,0,0,\N,\N,\N,\N,\N,\N,0
14,208,1,0,\N,0,0,0,10,0,0,0,0,0,\N,0,0,0,0,32,0,50,7,\N,\N,\N,\N,\N,\N,0
14,209,1,12,\N,1,65,100,20,0,0,0,1,30,\N,0,0,0,0,6,0,0,0,\N,\N,\N,\N,\N,\N,30
14,210,1,6,\N,1,10,95,20,0,0,0,0,0,\N,0,0,0,0,119,0,0,0,\N,\N,\N,\N,\N,\N,0
14,211,1,8,\N,1,70,90,25,0,0,0,0,0,\N,0,0,0,0,138,0,0,0,\N,\N,\N,\N,\N,\N,10
14,212,1,0,\N,0,0,0,5,0,0,0,0,0,\N,0,0,0,0,106,0,0,0,\N,\N,\N,\N,\N,\N,0
14,213,1,0,\N,0,0,100,15,0,0,0,7,0,\N,0,0,0,0,120,0,0,0,\N,\N,\N,\N,\N,\N,0
14,214,1,0,\N,0,0,0,10,0,0,0,0,0,\N,0,0,0,0,97,0,0,13,\N,\N,\N,\N,\N,\N,0
14,215,1,0,\N,0,0,0,5,0,0,0,0,0,\N,0,0,0,0,102,0,0,12,\N,\N,\N,\N,\N,\N,0
14,216,1,0,\N,1,1,100,20,0,0,0,0,0,\N,0,0,0,0,121,0,0,0,\N,\N,\N,\N,\N,\N,0
14,217,1,0,\N,1,1,90,15,0,0,0,0,0,\N,0,0,0,0,122,0,0,0,\N,\N,\N,\N,\N,\N,0
14,218,1,0,\N,1,1,100,20,0,0,0,0,0,\N,0,0,0,0,123,0,0,0,\N,\N,\N,\N,\N,\N,0
14,219,1,0,\N,0,0,0,25,0,0,0,0,0,\N,0,0,0,0,124,0,0,12,\N,\N,\N,\N,\N,\N,0
14,220,1,0,\N,0,0,0,20,0,0,0,0,0,\N,0,0,0,0,91,0,0,0,\N,\N,\N,\N,\N,\N,0
14,221,1,9,\N,1,100,95,5,0,0,0,4,50,\N,0,0,0,0,125,0,0,0,\N,\N,\N,\N,\N,\N,50
14,222,1,4,\N,1,1,100,30,0,0,0,0,0,\N,0,0,0,0,126,0,0,4,\N,\N,\N,\N,\N,\N,0
14,223,1,1,\N,1,100,50,5,0,0,0,6,100,\N,2,5,0,0,76,0,0,0,\N,\N,\N,\N,\N,\N,100
14,224,1,6,\N,1,120,85,10,0,0,0,0,0,\N,0,0,0,0,0,0,0,0,\N,\N,\N,\N,\N,\N,0
14,225,1,15,\N,2,60,100,20,0,0,0,1,30,\N,0,0,0,0,6,0,0,0,\N,\N,\N,\N,\N,\N,30
14,226,1,0,\N,0,0,0,40,0,0,0,0,0,\N,0,0,0,0,127,0,0,7,\N,\N,\N,\N,\N,\N,0
14,227,1,0,\N,0,0,100,5,0,0,0,0,0,\N,0,0,0,0,90,0,0,0,\N,\N,\N,\N,\N,\N,0
14,228,1,16,\N,1,40,100,20,0,0,0,0,0,\N,0,0,0,0,128,0,0,0,\N,\N,\N,\N,\N,\N,0
14,229,1,0,\N,1,20,100,40,0,0,0,0,0,\N,0,0,0,0,129,0,0,0,\N,\N,\N,\N,\N,\N,0
14,230,1,0,\N,0,0,100,20,0,0,0,0,0,\N,0,0,0,0,24,0,0,5,\N,\N,\N,\N,\N,\N,0
14,231,1,8,\N,1,100,75,15,0,0,0,0,0,\N,0,0,0,0,69,0,0,0,\N,\N,\N,\N,\N,\N,30
14,232,1,8,\N,1,50,95,35,0,0,0,0,0,\N,0,0,0,0,139,0,0,0,\N,\N,\N,\N,\N,\N,10
14,233,1,1,\N,1,70,0,10,-1,0,0,0,0,\N,0,0,0,0,78,0,0,0,\N,\N,\N,\N,\N,\N,0
14,234,1,0,\N,0,0,0,5,0,0,0,0,0,\N,0,0,0,0,132,0,50,7,\N,\N,\N,\N,\N,\N,0
14,235,1,11,\N,0,0,0,5,0,0,0,0,0,\N,0,0,0,0,132,0,50,7,\N,\N,\N,\N,\N,\N,0
14,236,1,0,\N,0,0,0,5,0,0,0,0,0,\N,0,0,0,0,132,0,50,7,\N,\N,\N,\N,\N,\N,0
14,237,1,0,\N,2,1,100,15,0,0,0,0,0,\N,0,0,0,0,135,0,0,0,\N,\N,\N,\N,\N,\N,0
14,238,1,1,\N,1,100,80,5,0,0,0,0,0,\N,0,0,1,0,43,0,0,0,\N,\N,\N,\N,\N,\N,0
14,239,1,15,\N,2,40,100,20,0,0,0,0,0,\N,0,0,0,20,146,0,0,5,\N,\N,\N,\N,\N,\N,20
14,240,1,10,\N,0,0,0,5,0,0,0,0,0,\N,0,0,0,0,136,0,0,10,\N,\N,\N,\N,\N,\N,0
14,241,1,9,\N,0,0,0,5,0,0,0,0,0,\N,0,0,0,0,137,0,0,10,\N,\N,\N,\N,\N,\N,0
14,242,1,16,\N,1,80,100,15,0,0,0,0,0,\N,0,0,0,0,69,0,0,0,\N,\N,\N,\N,\N,\N,20
14,243,1,13,\N,2,1,100,20,-5,0,0,0,0,\N,0,0,0,0,144,0,0,13,\N,\N,\N,\N,\N,\N,0
14,244,1,0,\N,0,0,0,10,0,0,0,0,0,\N,0,0,0,0,143,0,0,0,\N,\N,\N,\N,\N,\N,0
14,245,1,0,\N,1,80,100,5,1,0,0,0,0,\N,0,0,0,0,103,0,0,0,\N,\N,\N,\N,\N,\N,0
14,246,1,5,\N,2,60,100,5,0,0,0,0,0,\N,0,0,0,0,140,0,0,0,\N,\N,\N,\N,\N,\N,10
14,247,1,7,\N,2,80,100,15,0,0,0,0,0,\N,0,0,0,0,72,0,0,0,\N,\N,\N,\N,\N,\N,20
14,248,1,13,\N,2,80,90,15,0,0,0,0,0,\N,0,0,0,0,148,0,0,0,\N,\N,\N,\N,\N,\N,0
14,249,1,1,\N,1,40,100,15,0,0,0,0,0,\N,0,0,0,0,69,0,0,0,\N,\N,\N,\N,\N,\N,50
14,250,1,10,\N,2,15,70,15,0,0,0,8,100,\N,3,6,0,0,261,0,0,0,\N,\N,\N,\N,\N,\N,0
14,251,1,16,\N,1,10,100,10,0,6,6,0,0,\N,0,0,0,0,154,0,0,0,\N,\N,\N,\N,\N,\N,0
14,252,1,0,\N,1,40,100,10,1,0,0,0,0,\N,0,0,0,100,158,0,0,0,\N,\N,\N,\N,\N,\N,100
14,253,1,0,\N,2,50,100,10,0,0,0,0,0,\N,0,0,0,0,159,0,0,9,\N,\N,\N,\N,\N,\N,0
14,254,1,0,\N,0,0,0,20,0,0,0,0,0,\N,0,0,0,0,160,0,0,7,\N,\N,\N,\N,\N,\N,0
14,255,1,0,\N,2,1,100,10,0,0,0,0,0,\N,0,0,0,0,161,0,0,0,\N,\N,\N,\N,\N,\N,0
14,256,1,0,\N,0,0,0,10,0,0,0,0,0,\N,0,0,0,0,162,0,25,7,\N,\N,\N,\N,\N,\N,0
14,257,1,9,\N,2,100,90,10,0,0,0,4,10,\N,0,0,0,0,4,0,0,5,\N,\N,\N,\N,\N,\N,10
14,258,1,14,\N,0,0,0,10,0,0,0,0,0,\N,0,0,0,0,164,0,0,10,\N,\N,\N,\N,\N,\N,0
14,259,1,16,\N,0,0,100,15,0,0,0,12,0,\N,0,0,0,0,165,0,0,0,\N,\N,\N,\N,\N,\N,0
14,260,1,16,\N,0,0,100,15,0,0,0,6,0,\N,2,5,0,0,166,0,0,0,\N,\N,\N,\N,\N,\N,0
14,261,1,9,\N,0,0,75,15,0,0,0,4,0,\N,0,0,0,0,167,0,0,0,\N,\N,\N,\N,\N,\N,0
14,262,1,16,\N,0,0,100,10,0,0,0,0,0,\N,0,0,0,0,168,0,0,0,\N,\N,\N,\N,\N,\N,0
14,263,1,0,\N,1,70,100,20,0,0,0,0,0,\N,0,0,0,0,169,0,0,0,\N,\N,\N,\N,\N,\N,0
14,264,1,1,\N,1,150,100,20,-3,0,0,0,0,\N,0,0,0,0,170,0,0,0,\N,\N,\N,\N,\N,\N,0
14,265,1,0,\N,1,60,100,10,0,0,0,0,0,\N,0,0,0,0,171,0,0,0,\N,\N,\N,\N,\N,\N,0
14,266,1,0,\N,0,0,0,20,3,0,0,0,0,\N,0,0,0,0,172,0,0,7,\N,\N,\N,\N,\N,\N,0
14,267,1,0,\N,0,0,0,20,0,0,0,0,0,\N,0,0,0,0,173,0,0,13,\N,\N,\N,\N,\N,\N,0
14,268,1,12,\N,0,0,0,20,0,0,0,0,0,\N,0,0,0,0,174,0,0,7,\N,\N,\N,\N,\N,\N,0
14,269,1,16,\N,0,0,100,20,0,0,0,0,0,\N,0,0,0,0,175,0,0,0,\N,\N,\N,\N,\N,\N,0
14,270,1,0,\N,0,0,0,20,5,0,0,0,0,\N,0,0,0,0,176,0,0,2,\N,\N,\N,\N,\N,\N,0
14,271,1,13,\N,0,0,100,10,0,0,0,0,0,\N,0,0,0,0,177,0,0,0,\N,\N,\N,\N,\N,\N,0
14,272,1,13,\N,0,0,0,10,0,0,0,0,0,\N,0,0,0,0,178,0,0,0,\N,\N,\N,\N,\N,\N,0
14,273,1,0,\N,0,0,0,10,0,0,0,0,0,\N,0,0,0,0,179,0,0,7,\N,\N,\N,\N,\N,\N,0
14,274,1,0,\N,0,0,0,20,0,0,0,0,0,\N,0,0,0,0,180,0,0,13,\N,\N,\N,\N,\N,\N,0
14,275,1,11,\N,0,0,0,20,0,0,0,21,0,\N,0,0,0,0,181,0,0,7,\N,\N,\N,\N,\N,\N,0
14,276,1,1,\N,1,120,100,5,0,0,0,0,0,\N,0,0,0,0,182,0,0,0,\N,\N,\N,\N,\N,\N,0
14,277,1,13,\N,0,0,0,15,4,0,0,0,0,\N,0,0,0,0,183,0,0,13,\N,\N,\N,\N,\N,\N,0
14,278,1,0,\N,0,0,0,10,0,0,0,0,0,\N,0,0,0,0,184,0,0,7,\N,\N,\N,\N,\N,\N,0
14,279,1,1,\N,1,60,100,10,-4,0,0,0,0,\N,0,0,0,0,185,0,0,0,\N,\N,\N,\N,\N,\N,0
14,280,1,1,\N,1,75,100,15,0,0,0,0,0,\N,0,0,0,0,186,0,0,0,\N,\N,\N,\N,\N,\N,0
14,281,1,0,\N,0,0,0,10,0,0,0,14,0,\N,2,2,0,0,187,0,0,0,\N,\N,\N,\N,\N,\N,0
14,282,1,16,\N,1,20,100,20,0,0,0,0,0,\N,0,0,0,0,188,0,0,0,\N,\N,\N,\N,\N,\N,0
14,283,1,0,\N,1,1,100,5,0,0,0,0,0,\N,0,0,0,0,189,0,0,0,\N,\N,\N,\N,\N,\N,0
14,284,1,9,\N,2,150,100,5,0,0,0,0,0,\N,0,0,0,0,190,0,0,5,\N,\N,\N,\N,\N,\N,0
14,285,1,13,\N,0,0,0,10,0,0,0,0,0,\N,0,0,0,0,191,0,0,0,\N,\N,\N,\N,\N,\N,0
14,286,1,13,\N,0,0,0,10,0,0,0,0,0,\N,0,0,0,0,192,0,0,7,\N,\N,\N,\N,\N,\N,0
14,287,1,0,\N,0,0,0,20,0,0,0,0,0,\N,0,0,0,0,193,0,0,7,\N,\N,\N,\N,\N,\N,0
14,288,1,7,\N,0,0,0,5,0,0,0,0,0,\N,0,0,0,0,194,0,0,7,\N,\N,\N,\N,\N,\N,0
14,289,1,16,\N,0,0,0,10,4,0,0,0,0,\N,0,0,0,0,195,0,0,13,\N,\N,\N,\N,\N,\N,0
14,290,1,0,\N,1,70,100,20,0,0,0,0,30,\N,0,0,0,0,197,0,0,0,\N,\N,\N,\N,\N,\N,30
14,291,1,10,\N,1,80,100,10,0,0,0,0,0,\N,0,0,0,0,255,0,0,0,\N,\N,\N,\N,\N,\N,0
14,292,1,1,\N,1,15,100,20,0,2,5,0,0,\N,0,0,0,0,29,0,0,0,\N,\N,\N,\N,\N,\N,0
14,293,1,0,\N,0,0,0,20,0,0,0,0,0,\N,0,0,0,0,213,0,0,7,\N,\N,\N,\N,\N,\N,0
14,294,1,6,\N,0,0,0,20,0,0,0,0,0,\N,0,0,0,0,53,0,0,7,\N,\N,\N,\N,\N,\N,0
14,295,1,13,\N,2,70,100,5,0,0,0,0,0,\N,0,0,0,0,72,0,0,0,\N,\N,\N,\N,\N,\N,50
14,296,1,13,\N,2,70,100,5,0,0,0,0,0,\N,0,0,0,0,71,0,0,0,\N,\N,\N,\N,\N,\N,50
14,297,1,2,\N,0,0,100,15,0,0,0,0,0,\N,0,0,0,0,58,0,0,0,\N,\N,\N,\N,\N,\N,0
14,298,1,0,\N,0,0,100,20,0,0,0,6,0,\N,2,5,0,0,199,0,0,4,\N,\N,\N,\N,\N,\N,0
14,299,1,9,\N,1,85,90,10,0,0,0,4,10,\N,0,0,1,0,200,0,0,0,\N,\N,\N,\N,\N,\N,10
14,300,1,4,\N,0,0,0,15,0,0,0,0,0,\N,0,0,0,0,201,0,0,10,\N,\N,\N,\N,\N,\N,0
14,301,1,14,\N,1,30,90,20,0,0,0,0,0,\N,0,0,0,0,117,0,0,0,\N,\N,\N,\N,\N,\N,0
14,302,1,11,\N,1,60,100,15,0,0,0,0,0,\N,0,0,0,30,31,0,0,0,\N,\N,\N,\N,\N,\N,30
14,303,1,0,\N,0,0,0,10,0,0,0,0,0,\N,0,0,0,0,32,0,50,7,\N,\N,\N,\N,\N,\N,0
14,304,1,0,\N,2,90,100,10,0,0,0,0,0,\N,0,0,0,0,0,0,0,5,\N,\N,\N,\N,\N,\N,0
14,305,1,3,\N,1,50,100,15,0,0,0,5,30,\N,15,15,0,0,202,0,0,0,\N,\N,\N,\N,\N,\N,30
14,306,1,0,\N,1,75,95,10,0,0,0,0,0,\N,0,0,0,0,69,0,0,0,\N,\N,\N,\N,\N,\N,50
14,307,1,9,\N,2,150,90,5,0,0,0,0,0,\N,0,0,0,0,80,0,0,0,\N,\N,\N,\N,\N,\N,0
14,308,1,10,\N,2,150,90,5,0,0,0,0,0,\N,0,0,0,0,80,0,0,0,\N,\N,\N,\N,\N,\N,0
14,309,1,8,\N,1,100,85,10,0,0,0,0,0,\N,0,0,0,0,139,0,0,0,\N,\N,\N,\N,\N,\N,20
14,310,1,7,\N,1,30,100,15,0,0,0,0,0,\N,0,0,0,30,31,0,0,0,\N,\N,\N,\N,\N,\N,30
14,311,1,0,\N,2,50,100,10,0,0,0,0,0,\N,0,0,0,0,203,0,0,0,\N,\N,\N,\N,\N,\N,0
14,312,1,11,\N,0,0,0,5,0,0,0,0,0,\N,0,0,0,0,102,0,0,12,\N,\N,\N,\N,\N,\N,0
14,313,1,16,\N,0,0,100,20,0,0,0,0,0,\N,0,0,0,0,62,0,0,0,\N,\N,\N,\N,\N,\N,0
14,314,1,2,\N,2,55,95,25,0,0,0,0,0,\N,0,0,1,0,43,0,0,5,\N,\N,\N,\N,\N,\N,0
14,315,1,9,\N,2,140,90,5,0,0,0,0,0,\N,0,0,0,0,204,0,0,0,\N,\N,\N,\N,\N,\N,100
14,316,1,0,\N,0,0,0,40,0,0,0,17,0,\N,0,0,0,0,113,0,0,0,\N,\N,\N,\N,\N,\N,0
14,317,1,5,\N,1,50,80,10,0,0,0,0,0,\N,0,0,0,0,70,0,0,0,\N,\N,\N,\N,\N,\N,100
14,318,1,6,\N,2,60,100,5,0,0,0,0,0,\N,0,0,0,0,140,0,0,0,\N,\N,\N,\N,\N,\N,10
14,319,1,8,\N,0,0,85,40,0,0,0,0,0,\N,0,0,0,0,62,0,0,0,\N,\N,\N,\N,\N,\N,0
14,320,1,11,\N,0,0,55,15,0,0,0,2,0,\N,2,7,0,0,1,0,0,0,\N,\N,\N,\N,\N,\N,0
14,321,1,0,\N,0,0,100,20,0,0,0,0,0,\N,0,0,0,0,205,0,0,0,\N,\N,\N,\N,\N,\N,0
14,322,1,13,\N,0,0,0,20,0,0,0,0,0,\N,0,0,0,0,206,0,0,7,\N,\N,\N,\N,\N,\N,0
14,323,1,10,\N,2,150,100,5,0,0,0,0,0,\N,0,0,0,0,190,0,0,5,\N,\N,\N,\N,\N,\N,0
14,324,1,6,\N,2,75,100,15,0,0,0,6,10,\N,2,5,0,0,76,0,0,0,\N,\N,\N,\N,\N,\N,10
14,325,1,7,\N,1,60,0,20,0,0,0,0,0,\N,0,0,0,0,17,0,0,0,\N,\N,\N,\N,\N,\N,0
14,326,1,13,\N,2,80,100,30,0,0,0,0,0,\N,0,0,0,10,31,0,0,0,\N,\N,\N,\N,\N,\N,10
14,327,1,1,\N,1,85,90,15,0,0,0,0,0,\N,0,0,0,0,207,0,0,0,\N,\N,\N,\N,\N,\N,0
14,328,1,4,\N,1,15,70,15,0,0,0,8,100,\N,3,6,0,0,42,0,0,0,\N,\N,\N,\N,\N,\N,0
14,329,1,14,\N,2,1,30,5,0,0,0,0,0,\N,0,0,0,0,38,0,0,0,\N,\N,\N,\N,\N,\N,0
14,330,1,10,\N,2,95,85,10,0,0,0,0,0,\N,0,0,0,0,73,0,0,5,\N,\N,\N,\N,\N,\N,30
14,331,1,11,\N,1,10,100,30,0,2,5,0,0,\N,0,0,0,0,29,0,0,0,\N,\N,\N,\N,\N,\N,0
14,332,1,2,\N,1,60,0,20,0,0,0,0,0,\N,0,0,0,0,17,0,0,0,\N,\N,\N,\N,\N,\N,0
14,333,1,14,\N,1,10,100,30,0,2,5,0,0,\N,0,0,0,0,29,0,0,0,\N,\N,\N,\N,\N,\N,0
14,334,1,8,\N,0,0,0,15,0,0,0,0,0,\N,0,0,0,0,51,0,0,7,\N,\N,\N,\N,\N,\N,0
14,335,1,0,\N,0,0,0,5,0,0,0,0,0,\N,0,0,0,0,106,0,0,0,\N,\N,\N,\N,\N,\N,0
14,336,1,0,\N,0,0,0,40,0,0,0,0,0,\N,0,0,0,0,10,0,0,7,\N,\N,\N,\N,\N,\N,0
14,337,1,15,\N,1,80,100,15,0,0,0,0,0,\N,0,0,0,0,0,0,0,0,\N,\N,\N,\N,\N,\N,0
14,338,1,11,\N,2,150,90,5,0,0,0,0,0,\N,0,0,0,0,80,0,0,0,\N,\N,\N,\N,\N,\N,0
14,339,1,1,\N,0,0,0,20,0,0,0,0,0,\N,0,0,0,0,208,0,0,7,\N,\N,\N,\N,\N,\N,0
14,340,1,2,\N,1,85,85,5,0,0,0,1,30,\N,0,0,0,0,263,0,0,0,\N,\N,\N,\N,\N,\N,30
14,341,1,4,\N,2,55,95,15,0,0,0,0,0,\N,0,0,0,0,70,0,0,0,\N,\N,\N,\N,\N,\N,100
14,342,1,3,\N,1,50,100,25,0,0,0,5,10,\N,0,0,1,0,209,0,0,0,\N,\N,\N,\N,\N,\N,10
14,343,1,0,\N,1,40,100,40,0,0,0,0,0,\N,0,0,0,0,105,0,0,0,\N,\N,\N,\N,\N,\N,0
14,344,1,12,\N,1,120,100,15,0,0,0,1,10,\N,0,0,0,0,262,-33,0,0,\N,\N,\N,\N,\N,\N,10
14,345,1,11,\N,2,60,0,20,0,0,0,0,0,\N,0,0,0,0,17,0,0,0,\N,\N,\N,\N,\N,\N,0
14,346,1,10,\N,0,0,0,15,0,0,0,0,0,\N,0,0,0,0,210,0,0,10,\N,\N,\N,\N,\N,\N,0
14,347,1,13,\N,0,0,0,20,0,0,0,0,0,\N,0,0,0,0,211,0,0,7,\N,\N,\N,\N,\N,\N,0
14,348,1,11,\N,1,90,100,15,0,0,0,0,0,\N,0,0,1,0,43,0,0,0,\N,\N,\N,\N,\N,\N,0
14,349,1,15,\N,0,0,0,20,0,0,0,0,0,\N,0,0,0,0,212,0,0,7,\N,\N,\N,\N,\N,\N,0
14,350,1,5,\N,1,25,80,10,0,2,5,0,0,\N,0,0,0,0,29,0,0,0,\N,\N,\N,\N,\N,\N,0
14,351,1,12,\N,2,60,0,20,0,0,0,0,0,\N,0,0,0,0,17,0,0,0,\N,\N,\N,\N,\N,\N,0
14,352,1,10,\N,2,60,100,20,0,0,0,6,20,\N,2,5,0,0,76,0,0,0,\N,\N,\N,\N,\N,\N,20
14,353,1,8,\N,2,120,85,5,0,0,0,0,0,\N,0,0,0,0,148,0,0,0,\N,\N,\N,\N,\N,\N,0
14,354,1,13,\N,2,140,90,5,0,0,0,0,0,\N,0,0,0,0,204,0,0,0,\N,\N,\N,\N,\N,\N,100
14,355,1,2,\N,0,0,0,10,0,0,0,0,0,\N,0,0,0,0,214,0,50,7,\N,\N,\N,\N,\N,\N,0
14,356,1,13,\N,0,0,0,5,0,0,0,0,0,\N,0,0,0,0,215,0,0,10,\N,\N,\N,\N,\N,\N,0
14,357,1,13,\N,0,0,0,40,0,0,0,17,0,\N,0,0,0,0,216,0,0,0,\N,\N,\N,\N,\N,\N,0
14,358,1,1,\N,1,60,100,10,0,0,0,0,0,\N,0,0,0,0,217,0,0,0,\N,\N,\N,\N,\N,\N,0
14,359,1,1,\N,1,100,90,10,0,0,0,0,0,\N,0,0,0,0,218,0,0,0,\N,\N,\N,\N,\N,\N,0
14,360,1,8,\N,1,1,100,5,0,0,0,0,0,\N,0,0,0,0,219,0,0,0,\N,\N,\N,\N,\N,\N,0
14,361,1,13,\N,0,0,0,10,0,0,0,0,0,\N,0,0,0,0,220,0,0,7,\N,\N,\N,\N,\N,\N,0
14,362,1,10,\N,2,65,100,10,0,0,0,0,0,\N,0,0,0,0,221,0,0,0,\N,\N,\N,\N,\N,\N,0
14,363,1,0,\N,1,1,100,15,0,0,0,0,0,\N,0,0,0,0,222,0,0,0,\N,\N,\N,\N,\N,\N,0
14,364,1,0,\N,1,50,100,10,2,0,0,0,0,\N,0,0,0,0,223,0,0,0,\N,\N,\N,\N,\N,\N,0
14,365,1,2,\N,1,60,100,20,0,0,0,0,0,\N,0,0,0,0,224,0,0,0,\N,\N,\N,\N,\N,\N,0
14,366,1,2,\N,0,0,0,30,0,0,0,0,0,\N,0,0,0,0,225,0,0,12,\N,\N,\N,\N,\N,\N,0
14,367,1,0,\N,0,0,0,30,0,0,0,0,0,\N,0,0,0,0,226,0,0,1,\N,\N,\N,\N,\N,\N,0
14,368,1,8,\N,1,1,100,10,0,0,0,0,0,\N,0,0,0,0,227,0,0,13,\N,\N,\N,\N,\N,\N,0
14,369,1,6,\N,1,70,100,20,0,0,0,0,0,\N,0,0,0,0,228,0,0,0,\N,\N,\N,\N,\N,\N,0
14,370,1,1,\N,1,120,100,5,0,0,0,0,0,\N,0,0,0,0,229,0,0,0,\N,\N,\N,\N,\N,\N,0
14,371,1,16,\N,1,50,100,10,0,0,0,0,0,\N,0,0,0,0,230,0,0,0,\N,\N,\N,\N,\N,\N,0
14,372,1,16,\N,1,50,100,10,0,0,0,0,0,\N,0,0,0,0,231,0,0,0,\N,\N,\N,\N,\N,\N,0
14,373,1,16,\N,0,0,100,15,0,0,0,19,0,\N,5,5,0,0,232,0,0,0,\N,\N,\N,\N,\N,\N,0
14,374,1,16,\N,1,1,100,10,0,0,0,0,0,\N,0,0,0,0,233,0,0,0,\N,\N,\N,\N,\N,\N,0
14,375,1,13,\N,0,0,90,10,0,0,0,0,0,\N,0,0,0,0,234,0,0,0,\N,\N,\N,\N,\N,\N,0
14,376,1,0,\N,2,1,0,5,0,0,0,0,0,\N,0,0,0,0,235,0,0,0,\N,\N,\N,\N,\N,\N,0
14,377,1,13,\N,0,0,100,15,0,0,0,15,0,\N,5,5,0,0,236,0,0,5,\N,\N,\N,\N,\N,\N,0
14,378,1,0,\N,2,1,100,5,0,0,0,0,0,\N,0,0,0,0,237,0,0,0,\N,\N,\N,\N,\N,\N,0
14,379,1,13,\N,0,0,0,10,0,0,0,0,0,\N,0,0,0,0,238,0,0,7,\N,\N,\N,\N,\N,\N,0
14,380,1,3,\N,0,0,100,10,0,0,0,0,0,\N,0,0,0,0,239,0,0,0,\N,\N,\N,\N,\N,\N,0
14,381,1,0,\N,0,0,0,30,0,0,0,0,0,\N,0,0,0,0,240,0,0,12,\N,\N,\N,\N,\N,\N,0
14,382,1,0,\N,0,0,0,20,0,0,0,0,0,\N,0,0,0,0,241,0,0,3,\N,\N,\N,\N,\N,\N,0
14,383,1,0,\N,0,0,0,20,0,0,0,0,0,\N,0,0,0,0,242,0,0,13,\N,\N,\N,\N,\N,\N,0
14,384,1,13,\N,0,0,0,10,0,0,0,0,0,\N,0,0,0,0,243,0,0,0,\N,\N,\N,\N,\N,\N,0
14,385,1,13,\N,0,0,0,10,0,0,0,0,0,\N,0,0,0,0,244,0,0,0,\N,\N,\N,\N,\N,\N,0
14,386,1,16,\N,1,1,100,5,0,0,0,0,0,\N,0,0,0,0,245,0,0,0,\N,\N,\N,\N,\N,\N,0
14,387,1,0,\N,1,130,100,5,0,0,0,0,0,\N,0,0,0,0,246,0,0,0,\N,\N,\N,\N,\N,\N,0
14,388,1,11,\N,0,0,100,10,0,0,0,0,0,\N,0,0,0,0,247,0,0,0,\N,\N,\N,\N,\N,\N,0
14,389,1,16,\N,1,80,100,5,1,0,0,0,0,\N,0,0,0,0,248,0,0,0,\N,\N,\N,\N,\N,\N,0
14,390,1,3,\N,0,0,0,20,0,0,0,0,0,\N,0,0,0,0,249,0,0,11,\N,\N,\N,\N,\N,\N,0
14,391,1,13,\N,0,0,0,10,0,0,0,0,0,\N,0,0,0,0,250,0,0,0,\N,\N,\N,\N,\N,\N,0
14,392,1,10,\N,0,0,0,20,0,0,0,0,0,\N,0,0,0,0,251,0,0,7,\N,\N,\N,\N,\N,\N,0
14,393,1,12,\N,0,0,0,10,0,0,0,0,0,\N,5,5,0,0,252,0,0,7,\N,\N,\N,\N,\N,\N,0
14,394,1,9,\N,1,120,100,15,0,0,0,4,10,\N,0,0,0,0,253,-33,0,0,\N,\N,\N,\N,\N,\N,10
14,395,1,1,\N,1,60,100,10,0,0,0,1,30,\N,0,0,0,0,6,0,0,0,\N,\N,\N,\N,\N,\N,30
14,396,1,1,\N,2,90,0,20,0,0,0,0,0,\N,0,0,0,0,17,0,0,0,\N,\N,\N,\N,\N,\N,0
14,397,1,5,\N,0,0,0,20,0,0,0,0,0,\N,0,0,0,0,52,0,0,7,\N,\N,\N,\N,\N,\N,0
14,398,1,3,\N,1,80,100,20,0,0,0,5,30,\N,0,0,0,0,2,0,0,0,\N,\N,\N,\N,\N,\N,30
14,399,1,16,\N,2,80,100,15,0,0,0,0,0,\N,0,0,0,20,31,0,0,0,\N,\N,\N,\N,\N,\N,20
14,400,1,16,\N,1,70,100,15,0,0,0,0,0,\N,0,0,1,0,43,0,0,0,\N,\N,\N,\N,\N,\N,0
14,401,1,10,\N,1,90,90,10,0,0,0,0,0,\N,0,0,0,0,0,0,0,0,\N,\N,\N,\N,\N,\N,0
14,402,1,11,\N,1,80,100,15,0,0,0,0,0,\N,0,0,0,0,0,0,0,0,\N,\N,\N,\N,\N,\N,0
14,403,1,2,\N,2,75,95,20,0,0,0,0,0,\N,0,0,0,30,31,0,0,0,\N,\N,\N,\N,\N,\N,30
14,404,1,6,\N,1,80,100,15,0,0,0,0,0,\N,0,0,0,0,0,0,0,0,\N,\N,\N,\N,\N,\N,0
14,405,1,6,\N,2,90,100,10,0,0,0,0,0,\N,0,0,0,0,72,0,0,0,\N,\N,\N,\N,\N,\N,10
14,406,1,15,\N,2,90,100,10,0,0,0,0,0,\N,0,0,0,0,0,0,0,0,\N,\N,\N,\N,\N,\N,0
14,407,1,15,\N,1,100,75,10,0,0,0,0,0,\N,0,0,0,20,31,0,0,0,\N,\N,\N,\N,\N,\N,20
14,408,1,5,\N,2,70,100,20,0,0,0,0,0,\N,0,0,0,0,0,0,0,0,\N,\N,\N,\N,\N,\N,0
14,409,1,1,\N,1,60,100,5,0,0,0,0,0,\N,0,0,0,0,3,50,0,0,\N,\N,\N,\N,\N,\N,0
14,410,1,1,\N,2,40,100,30,1,0,0,0,0,\N,0,0,0,0,103,0,0,0,\N,\N,\N,\N,\N,\N,0
14,411,1,1,\N,2,120,70,5,0,0,0,0,0,\N,0,0,0,0,72,0,0,0,\N,\N,\N,\N,\N,\N,10
14,412,1,11,\N,2,80,100,10,0,0,0,0,0,\N,0,0,0,0,72,0,0,0,\N,\N,\N,\N,\N,\N,10
14,413,1,2,\N,1,120,100,15,0,0,0,0,0,\N,0,0,0,0,198,-33,0,0,\N,\N,\N,\N,\N,\N,0
14,414,1,4,\N,2,90,100,10,0,0,0,0,0,\N,0,0,0,0,72,0,0,0,\N,\N,\N,\N,\N,\N,10
14,415,1,16,\N,0,0,100,10,0,0,0,0,0,\N,0,0,0,0,177,0,0,0,\N,\N,\N,\N,\N,\N,0
14,416,1,0,\N,1,150,90,5,0,0,0,0,0,\N,0,0,0,0,80,0,0,0,\N,\N,\N,\N,\N,\N,0
14,417,1,16,\N,0,0,0,20,0,0,0,0,0,\N,0,0,0,0,53,0,0,7,\N,\N,\N,\N,\N,\N,0
14,418,1,8,\N,1,40,100,30,1,0,0,0,0,\N,0,0,0,0,103,0,0,0,\N,\N,\N,\N,\N,\N,0
14,419,1,14,\N,1,60,100,10,-4,0,0,0,0,\N,0,0,0,0,185,0,0,0,\N,\N,\N,\N,\N,\N,0
14,420,1,14,\N,1,40,100,30,1,0,0,0,0,\N,0,0,0,0,103,0,0,0,\N,\N,\N,\N,\N,\N,0
14,421,1,7,\N,1,70,100,15,0,0,0,0,0,\N,0,0,1,0,43,0,0,0,\N,\N,\N,\N,\N,\N,0
14,422,1,12,\N,1,65,95,15,0,0,0,1,10,\N,0,0,0,10,275,0,0,0,\N,\N,\N,\N,\N,\N,10
14,423,1,14,\N,1,65,95,15,0,0,0,3,10,\N,0,0,0,10,274,0,0,0,\N,\N,\N,\N,\N,\N,10
14,424,1,9,\N,1,65,95,15,0,0,0,4,10,\N,0,0,0,10,273,0,0,0,\N,\N,\N,\N,\N,\N,10
14,425,1,7,\N,1,40,100,30,1,0,0,0,0,\N,0,0,0,0,103,0,0,0,\N,\N,\N,\N,\N,\N,0
14,426,1,4,\N,2,65,85,10,0,0,0,0,0,\N,0,0,0,0,73,0,0,0,\N,\N,\N,\N,\N,\N,30
14,427,1,13,\N,1,70,100,20,0,0,0,0,0,\N,0,0,1,0,43,0,0,0,\N,\N,\N,\N,\N,\N,0
14,428,1,13,\N,1,80,90,15,0,0,0,0,0,\N,0,0,0,20,31,0,0,0,\N,\N,\N,\N,\N,\N,20
14,429,1,8,\N,2,65,85,10,0,0,0,0,0,\N,0,0,0,0,73,0,0,0,\N,\N,\N,\N,\N,\N,30
14,430,1,8,\N,2,80,100,10,0,0,0,0,0,\N,0,0,0,0,72,0,0,0,\N,\N,\N,\N,\N,\N,10
14,431,1,0,\N,1,90,85,20,0,0,0,6,20,\N,2,5,0,0,76,0,0,0,\N,\N,\N,\N,\N,\N,20
14,432,1,2,\N,0,0,0,15,0,0,0,0,0,\N,0,0,0,0,258,0,0,0,\N,\N,\N,\N,\N,\N,0
14,433,1,13,\N,0,0,0,5,-7,0,0,0,0,\N,0,0,0,0,259,0,0,10,\N,\N,\N,\N,\N,\N,0
14,434,1,15,\N,2,140,90,5,0,0,0,0,0,\N,0,0,0,0,204,0,0,0,\N,\N,\N,\N,\N,\N,100
14,435,1,12,\N,2,80,100,15,0,0,0,1,30,\N,0,0,0,0,6,0,0,4,\N,\N,\N,\N,\N,\N,30
14,436,1,9,\N,2,80,100,15,0,0,0,4,30,\N,0,0,0,0,4,0,0,4,\N,\N,\N,\N,\N,\N,30
14,437,1,11,\N,2,140,90,5,0,0,0,0,0,\N,0,0,0,0,204,0,0,0,\N,\N,\N,\N,\N,\N,100
14,438,1,11,\N,1,120,85,10,0,0,0,0,0,\N,0,0,0,0,0,0,0,0,\N,\N,\N,\N,\N,\N,0
14,439,1,5,\N,1,150,90,5,0,0,0,0,0,\N,0,0,0,0,80,0,0,0,\N,\N,\N,\N,\N,\N,0
14,440,1,3,\N,1,70,100,20,0,0,0,5,10,\N,0,0,1,0,209,0,0,0,\N,\N,\N,\N,\N,\N,10
14,441,1,3,\N,1,120,70,5,0,0,0,5,30,\N,0,0,0,0,2,0,0,0,\N,\N,\N,\N,\N,\N,30
14,442,1,8,\N,1,80,100,15,0,0,0,0,0,\N,0,0,0,30,31,0,0,0,\N,\N,\N,\N,\N,\N,30
14,443,1,8,\N,1,60,0,20,0,0,0,0,0,\N,0,0,0,0,17,0,0,0,\N,\N,\N,\N,\N,\N,0
14,444,1,5,\N,1,100,80,5,0,0,0,0,0,\N,0,0,1,0,43,0,0,0,\N,\N,\N,\N,\N,\N,0
14,445,1,0,\N,0,0,100,20,0,0,0,0,0,\N,0,0,0,0,265,0,0,5,\N,\N,\N,\N,\N,\N,0
14,446,1,5,\N,0,0,0,20,0,0,0,0,0,\N,0,0,0,0,266,0,0,11,\N,\N,\N,\N,\N,\N,0
14,447,1,11,\N,2,1,100,20,0,0,0,0,0,\N,0,0,0,0,196,0,0,0,\N,\N,\N,\N,\N,\N,0
14,448,1,2,\N,2,60,100,20,0,0,0,6,0,\N,2,5,0,0,267,0,0,0,\N,\N,\N,\N,\N,\N,0
14,449,1,0,\N,2,100,100,10,0,0,0,0,0,\N,0,0,0,0,268,0,0,0,\N,\N,\N,\N,\N,\N,0
14,450,1,6,\N,1,60,100,20,0,0,0,0,0,\N,0,0,0,0,224,0,0,0,\N,\N,\N,\N,\N,\N,0
14,451,1,12,\N,2,50,90,10,0,0,0,0,0,\N,0,0,0,0,276,0,0,0,\N,\N,\N,\N,\N,\N,70
14,452,1,11,\N,1,120,100,15,0,0,0,0,0,\N,0,0,0,0,198,-33,0,0,\N,\N,\N,\N,\N,\N,0
14,453,1,10,\N,1,40,100,20,1,0,0,0,0,\N,0,0,0,0,103,0,0,0,\N,\N,\N,\N,\N,\N,0
14,454,1,6,\N,1,90,100,15,0,0,0,0,0,\N,0,0,1,0,43,0,0,0,\N,\N,\N,\N,\N,\N,0
14,455,1,6,\N,0,0,0,10,0,0,0,0,0,\N,0,0,0,0,206,0,0,7,\N,\N,\N,\N,\N,\N,0
14,456,1,6,\N,0,0,0,10,0,0,0,0,0,\N,0,0,0,0,32,0,50,7,\N,\N,\N,\N,\N,\N,0
14,457,1,5,\N,1,150,80,5,0,0,0,0,0,\N,0,0,0,0,269,-50,0,0,\N,\N,\N,\N,\N,\N,0
14,458,1,0,\N,1,35,90,10,0,2,2,0,0,\N,0,0,0,0,44,0,0,0,\N,\N,\N,\N,\N,\N,0
14,459,1,15,\N,2,150,90,5,0,0,0,0,0,\N,0,0,0,0,80,0,0,0,\N,\N,\N,\N,\N,\N,0
14,460,1,15,\N,2,100,95,5,0,0,0,0,0,\N,0,0,1,0,43,0,0,0,\N,\N,\N,\N,\N,\N,0
14,461,1,13,\N,0,0,0,10,0,0,0,0,0,\N,0,0,0,0,270,0,0,7,\N,\N,\N,\N,\N,\N,0
14,462,1,0,\N,1,1,100,5,0,0,0,0,0,\N,0,0,0,0,237,0,0,0,\N,\N,\N,\N,\N,\N,0
14,463,1,9,\N,2,120,70,5,0,0,0,8,100,\N,3,6,0,0,42,0,0,0,\N,\N,\N,\N,\N,\N,0
14,464,1,16,\N,0,0,80,10,0,0,0,2,0,\N,2,7,0,0,1,0,0,5,\N,\N,\N,\N,\N,\N,0
14,465,1,11,\N,2,120,85,5,0,0,0,0,0,\N,0,0,0,0,271,0,0,0,\N,\N,\N,\N,\N,\N,40
14,466,1,7,\N,2,60,100,5,0,0,0,0,10,\N,0,0,0,0,140,0,0,0,\N,\N,\N,\N,\N,\N,10
14,467,1,7,\N,1,120,100,5,0,0,0,0,0,\N,0,0,0,0,272,0,0,0,\N,\N,\N,\N,\N,\N,0
14,10001,1,1,\N,2,1,100,15,0,0,0,0,0,\N,0,0,0,0,135,0,0,0,\N,\N,\N,\N,\N,\N,0
14,10002,1,2,\N,2,1,100,15,0,0,0,0,0,\N,0,0,0,0,135,0,0,0,\N,\N,\N,\N,\N,\N,0
14,10003,1,3,\N,2,1,100,15,0,0,0,0,0,\N,0,0,0,0,135,0,0,0,\N,\N,\N,\N,\N,\N,0
14,10004,1,4,\N,2,1,100,15,0,0,0,0,0,\N,0,0,0,0,135,0,0,0,\N,\N,\N,\N,\N,\N,0
14,10005,1,5,\N,2,1,100,15,0,0,0,0,0,\N,0,0,0,0,135,0,0,0,\N,\N,\N,\N,\N,\N,0
14,10006,1,6,\N,2,1,100,15,0,0,0,0,0,\N,0,0,0,0,135,0,0,0,\N,\N,\N,\N,\N,\N,0
14,10007,1,7,\N,2,1,100,15,0,0,0,0,0,\N,0,0,0,0,135,0,0,0,\N,\N,\N,\N,\N,\N,0
14,10008,1,8,\N,2,1,100,15,0,0,0,0,0,\N,0,0,0,0,135,0,0,0,\N,\N,\N,\N,\N,\N,0
14,10009,1,9,\N,2,1,100,15,0,0,0,0,0,\N,0,0,0,0,135,0,0,0,\N,\N,\N,\N,\N,\N,0
14,10010,1,10,\N,2,1,100,15,0,0,0,0,0,\N,0,0,0,0,135,0,0,0,\N,\N,\N,\N,\N,\N,0
14,10011,1,11,\N,2,1,100,15,0,0,0,0,0,\N,0,0,0,0,135,0,0,0,\N,\N,\N,\N,\N,\N,0
14,10012,1,12,\N,2,1,100,15,0,0,0,0,0,\N,0,0,0,0,135,0,0,0,\N,\N,\N,\N,\N,\N,0
14,10013,1,13,\N,2,1,100,15,0,0,0,0,0,\N,0,0,0,0,135,0,0,0,\N,\N,\N,\N,\N,\N,0
14,10014,1,14,\N,2,1,100,15,0,0,0,0,0,\N,0,0,0,0,135,0,0,0,\N,\N,\N,\N,\N,\N,0
14,10015,1,15,\N,2,1,100,15,0,0,0,0,0,\N,0,0,0,0,135,0,0,0,\N,\N,\N,\N,\N,\N,0
14,10016,1,16,\N,2,1,100,15,0,0,0,0,0,\N,0,0,0,0,135,0,0,0,\N,\N,\N,\N,\N,\N,0
